time,open,high,low,close,Volume
921076200,51.125,51.15625,50.28125,51.0625,5232202
921162600,51.4375,51.734375,50.3125,51.3125,9688602
921249000,51.125,51.15625,49.65625,50.0625,8743602
921508200,50.4375,51.5625,49.90625,51.5,6369000
921594600,51.71875,52.15625,51.15625,51.9375,4905800
921681000,51.9375,52,51.40625,51.5625,3965000
921767400,51.5,52.59375,51.484375,52.5625,4848400
921853800,53.25,53.25,51.1875,51.21875,7160400
922113000,51.4375,51.5625,50.5,50.59375,5024800
922199400,50.3125,50.5,48.71875,48.8125,10962398
922285800,49.25,50.5,48.5,50.46875,8447000
922372200,51.25,52.3125,50.91406,52.3125,8133800
922458600,51.875,52.46875,51.53125,51.75,8256204
922717800,52.375,53.65625,52.0625,53.625,5113800
922804200,53.5625,54,53.03125,53.25,4940600
922890600,54.125,54.1875,52.3125,52.46875,8256602
922977000,54,54.0625,52.6875,53.5625,8715796
923319000,54.429685,55.578125,54.09375,55.5,5697200
923405400,55.4375,56.21875,54.96875,55.609375,7522400
923491800,56.125,56.25,53.84375,55.03125,11923602
923578200,54.9375,55.734375,53.8125,55.46875,7952400
923664600,55.375,55.9375,55.21875,55.8125,4946800
923923800,54.5,55.8125,54.4375,55.4375,10934000
924010200,55.78125,55.90625,54.25,54.6875,9962204
924096600,55.375,55.4375,52.50781,52.8125,21253796
924183000,53,53.617185,51.125,53.53125,17650602
924269400,53.40625,53.40625,51.6875,51.96875,17274000
924528600,52.3125,52.75,49.00781,49.53125,19460602
924615000,49.3125,51.0625,48.84375,50.65625,17413602
924701400,51.125,53.1875,50.4375,53.15625,10940398
924787800,53.65625,54.75,53.304685,54.59375,13630602
924874200,54.3125,55.71875,53.75,55.3125,7064400
925133400,55.6875,57,55.50781,56.585935,5421000
925219800,57,57.28125,55.00781,55.71875,16482796
925306200,55.25,55.4375,53.57031,53.8125,7676800
925392600,53.5625,53.875,52.25,53.375,19148204
925479000,54.125,54.40625,51.8125,53.71875,15295204
925738200,53.5625,53.78125,52.53906,53.4375,11109796
925824600,53.53125,54.375,52.28125,52.59375,15428398
925911000,52.625,54.1875,51.03125,54.1875,12642602
925997400,53.6875,54.15625,51.71875,52.21875,15173398
926083800,52.6875,53.125,51.5625,52.96875,16430398
926343000,53.3125,53.859375,52.6875,53.5,10604204
926429400,53.9375,54.625,53.625,54.34375,8800796
926515800,54.59375,55.65625,53,55.46875,12507398
926602200,55.90625,56,54.1875,54.4375,9864000
926688600,53.375,54,53,53.40625,12205398
926947800,52.9375,54.53125,52.41406,54.367185,9906796
927034200,54.3125,54.625,53.5,54.125,9267796
927120600,54.34375,54.90625,53.5,54.875,7985600
927207000,54.992185,54.992185,53.28125,53.367185,5997200
927293400,53.53125,53.6875,52.59375,52.875,10471602
927552600,52.96875,53.0625,51.1875,51.53125,9569796
927639000,51.46875,52.21875,49.625,49.84375,17771204
927725400,50.5,51.4375,48.9375,51.234375,26772000
927811800,51.03125,51.929685,50.375,51.1875,23334796
927898200,51.5,52.3125,50.84375,52.03125,12969796
928243800,51.9375,52.1875,50.59375,50.875,6960200
928330200,50.84375,52,49.57031,51.734375,11996602
928416600,52.125,52.125,50.6875,51,11147796
928503000,51.375,52.742185,51.375,52.5625,12987204
928762200,52.929685,53.992185,52.8125,53.65625,11491796
928848600,53.78125,54.03125,52.03906,52.3125,8134800
928935000,52.5,53.335935,52.46875,53.1875,8384398
929021400,52.625,52.9375,51.94531,52.578125,9392398
929107800,52.9375,52.992185,51.3125,51.78125,16567602
929367000,51.96875,51.96875,50.6875,50.804685,14136796
929453400,50.929685,51.867185,50.78125,51.5625,9147796
929539800,52.84375,54.210935,52.78125,54.210935,15060204
929626200,53.5,55.0625,53.5,54.8125,16278204
929712600,54.3125,55.21875,54.21875,55.0625,5392800
929971800,55.4375,56.742185,55.34375,56.710935,10565204
930058200,56.375,57.09375,55,55,10862796
930144600,55.00781,56,54.65625,55.867185,9607000
930231000,55.84375,55.875,54.5,54.75781,14988796
930317400,55.125,55.5625,54.1875,54.6875,8635602
930576600,55.15625,56.0625,54.703125,55.984375,7666200
930663000,55.9375,56.96875,55.65625,56.75,9000398
930749400,56.804685,59.9375,56.13281,57.625,19467602
930835800,57.8125,58.34375,56.8125,58.015625,6822600
930922200,58,58.8125,58,58.75,3302000
931267800,59.0625,59.65625,58.0625,58.375,8794796
931354200,58.34375,58.71875,57.9375,58.46875,10520000
931440600,58.46875,59.492185,58.1875,59.25,11225000
931527000,59.46875,59.90625,59.03125,59.84375,4191200
931786200,60.0625,60.375,59.1875,59.53125,7816200
931872600,59.25,59.46875,58.78125,59.25,6230000
931959000,59.84375,60.375,59,60.25781,6909400
932045400,60.46875,60.8125,60.13281,60.8125,6539800
932131800,60.84375,61.71875,60.82031,61.375,4913800
932391000,61.625,61.625,60.50781,60.75,6833000
932477400,60.00781,60.09375,58.25,58.40625,14837398
932563800,58.53125,59.19531,58.0625,58.6875,10980398
932650200,58.6875,58.6875,57.03125,57.19531,15148398
932736600,57.625,57.867185,56.6875,57.28125,12115000
932995800,56.5,57.125,55.78125,55.875,10720000
933082200,57,57.875,56.515625,57,13732796
933168600,57.6875,58.4375,56.94531,58.117185,10161796
933255000,57.03125,57.5,56.3125,56.875,13033796
933341400,57.125,57.75,56.50781,56.59375,10947398
933600600,56.6875,57.8125,56.21875,56.4375,9642398
933687000,57.210935,57.21875,55.25,56.07031,13005000
933773400,56.07031,56.492185,55.00781,55.054685,13227602
933859800,55.0625,55.929685,53.75,55.929685,18695204
933946200,55.53125,56.5625,54.9375,55.328125,12392204
934205400,55.53125,55.6875,54.50781,54.617185,7983400
934291800,54.46875,54.867185,52.9375,54.125,16767204
934378200,55.09375,56,54.265625,55.90625,13101398
934464600,56.125,56.5,55.125,55.25,12715000
934551000,56.40625,57.71875,56.3125,57.65625,14342602
934810200,57.625,58.3125,57.25,58.117185,11470602
934896600,58.625,58.6875,57.34375,58.40625,11408398
934983000,58.125,58.84375,57.53125,57.75,7035200
935069400,57.21875,57.625,56.69531,57.0625,10157796
935155800,57.125,57.96875,56.8125,57.96875,6920800
935415000,58.5,59.8125,58.367185,59.8125,9652000
935501400,59.375,60.875,59.25781,60.21875,13891398
935587800,60.59375,61.75,59.9375,61.5,11352000
935674200,61.5,61.71875,60.38281,60.47656,9753000
935760600,60.929685,60.9375,59.71875,59.875,9635398
936019800,60.125,60.3125,58.875,59.03125,10141602
936106200,59.4375,60.0625,58.125,59.6875,14590398
936192600,60.0625,60.625,59.6875,60.117185,10752000
936279000,59,60.21875,58.875,59.90625,14583204
936365400,61.625,62.679685,61.40625,62.65625,14195398
936711000,62.53125,63.15625,62.28125,62.375,9009000
936797400,62,62.625,61.03125,61.53125,14303398
936883800,61.5625,62.5625,61.25,62.40625,12677602
936970200,63.25,63.742185,62.53125,63.125,10251000
937229400,63.0625,63.1875,62.03125,62.367185,7240800
937315800,62.125,63.148435,62,62.710935,10022602
937402200,63.492185,63.492185,61.4375,61.5,16096000
937488600,61.46875,62.03125,60.19531,61.46875,15371000
937575000,62.03125,63.4375,61.9375,63.3125,14506398
937834200,63.5,63.75,63.03125,63.460935,6187200
937920600,62.90625,63.03125,61.75781,61.9375,12265796
938007000,62.03125,62.921875,61.28125,62.59375,12441796
938093400,63.25,63.375,59.63281,60,19766000
938179800,59.625,60.3125,58.625,60.078125,23570796
938439000,60.9375,61.375,60.3125,60.5,12608796
938525400,60.19531,61,58.90625,60.78125,20622000
938611800,60.78125,61.21875,59.5625,59.5625,15557000
938698200,60.125,60.8125,59.375,60.1875,17604204
938784600,59.375,60.210935,58.75,60.210935,19607398
939043800,60.53125,61.78125,60.1875,61.5625,12434204
939130200,61.78125,62.75,60.6875,62,19526398
939216600,62.375,63.335935,61.429685,63.242185,19098204
939303000,63.59375,63.898435,62.625,63.09375,22013602
939389400,62.84375,63.9375,62,63.75781,22523204
939648600,63.9375,64.6875,63.78125,64.65625,13016000
939735000,64.4375,64.5,63,63.1875,20182796
939821400,62.46875,63.21875,61.0625,61.3125,22570602
939907800,61.53125,62.125,60.53125,61.69531,22130398
939994200,60.125,61,59.50781,59.875,33703008
940253400,59.9375,60.15625,57.41406,59.117185,24714796
940339800,59.75781,60.0625,58.4375,59.4375,26657204
940426200,60.34375,61.742185,59.75,61.25,22486398
940512600,60.25,62.25,59.8125,62.25,22454796
940599000,62.617185,63.25,61.75,61.96875,16589398
940858200,61.6875,62.679685,61.4375,62,13855398
940944600,62.75,63.09375,61.375,61.5,13542398
941031000,61.34375,61.625,60.44531,61.40625,15225204
941117400,62.375,63.75,61.8125,63.53125,14103796
941203800,65,66.25,64.78125,65.75,18998000
941466600,65.75,66.53125,65.32031,65.40625,9681796
941553000,65.75,66.5625,65.19531,65.44531,12834796
941639400,66.375,67.125,66.1875,66.75,18752602
941725800,67.679685,67.8125,66.78125,67.5,20048602
941812200,68.875,69.21875,68.1875,68.1875,15134602
942071400,68.4375,69.804685,68.21875,69.5625,10890796
942157800,70.125,70.25,68.5,69.09375,14629796
942244200,69.125,70.59375,68.8125,70,16561000
942330600,70.75,71.34375,70.125,71.25,18501398
942417000,71.625,72.25,69.375,72.1875,28646602
942676200,72.25,72.5,71.6875,72.046875,10909398
942762600,72.3125,74.21875,72,73.875,19126398
942849000,73.875,74.19531,72.5,72.875,21683602
942935400,73.375,75.109375,72.9375,75.109375,17738398
943021800,74.78125,75.90625,70.15625,75.78125,17939796
943281000,75.9375,77.5,75.125,77.5,18841602
943367400,76.4375,76.5,74.25,74.96875,24047602
943453800,75.1875,77.742185,74.40625,77.4375,18617796
943626600,78.40625,78.78125,77.375,77.6875,8045200
943885800,77.53125,78.1875,76.3125,76.40625,20485204
943972200,76.5625,76.6875,73.9375,74,23697796
944058600,74.3125,75.46875,73.75,75.09375,23205796
944145000,75.375,77.625,75.328125,77.47656,17229204
944231400,79.3125,80.1875,78.90625,79.125,21444602
944490600,79.429685,80.5,78.6875,79.84375,16018398
944577000,80.09375,80.40625,78.835935,79.84375,23397000
944663400,79.867185,80.492185,78.6875,78.875,19563000
944749800,80,80.4375,77.25,79,28444398
944836200,79.90625,80.1875,78.125,79.5,20427602
945095400,79.63281,81.335935,79.28125,80.992185,16209204
945181800,80.75,81.21875,79,79.53125,27760000
945268200,78.625,81,77.9375,81,31796602
945354600,82.125,83.25,81.75,83.125,27217602
945441000,84.5,84.875,83.429685,83.78125,23892398
945700200,84.40625,85.25,83.6875,84.875,15391398
945786600,85.125,88.75,84.640625,88.6875,26003398
945873000,89.1875,89.3125,87.4375,89.15625,22313602
945959400,89.867185,90.75,89,89.65625,17542000
946305000,90.3125,93.57031,87.90625,89.6875,19282796
946391400,89.75,90.5,88.5625,89.1875,15345398
946477800,90,92.5,89.875,92.5,16512398
946564200,93.625,93.75,91.5,91.5,21887000
946650600,92.625,93.1875,91.375,91.375,14453204
946909800,96.1875,96.1875,90,94.75,36358016
946996200,92,93.5,87.9375,88.00781,33782784
947082600,87.5,90.03125,84.25,86.1875,42498400
947169000,86.875,88,80,80.75,37009408
947255400,82.9375,88.5,82.5,88.5,28129398
947514600,91,93.9375,89.9375,92.25,29672204
947601000,91.75,92.875,87,88.25,32512602
947687400,89,89.242185,86,86.5625,29047204
947773800,88.5,91.5,87.078125,91.25,25163204
947860200,93,93.625,92,92.6875,21898000
948205800,92.0625,94.4375,91.4375,94,16749000
948292200,93.492185,96,92.429685,95.28125,18995602
948378600,95.5,96.875,94.00781,95.5,25955602
948465000,96.5,96.5625,95.0625,96.25,18696204
948724200,97.4375,97.625,90.96875,91.25,28337204
948810600,91.875,94.117185,89.40625,93.15625,33273398
948897000,93.25,93.3125,89,89.5,23090000
948983400,91.75,92.5,87.625,90.5,30730204
949069800,90,90.46875,84.75,85.75,35313600
949329000,85.875,90,83.5,90,36012192
949415400,89.53125,92.5,88.4375,92.5,26416602
949501800,92.25,94.71875,92.09375,92.875,26169204
949588200,94.3125,96.625,92.28125,96.125,30578602
949674600,97,98.242185,96.21875,96.90625,26636204
949933800,97.25,98.5,96.25,98.40625,17760000
950020200,99.375,102.25,99.375,102.25,21984796
950106600,102.0625,102.19531,98.75,99,27294204
950193000,99.8125,102.25,98.554685,102.1875,26340204
950279400,102.0625,102.0625,98,99,24875000
950538600,99.992185,100,97.75,99.359375,22813796
950625000,98.9375,100.625,95.875,100.25,30571796
950711400,99.90625,101.6875,99.3125,100,25309398
950797800,101.1875,103.25,99.625,101.875,30076602
950884200,102.625,103,98.4375,98.8125,25269000
951229800,99,99.9375,96.25,98.65625,37227008
951316200,99.679685,105,99.15625,104.125,32167602
951402600,104.875,106.804685,102,106.5,48862400
951489000,106.1875,107.5,103.875,104.1875,32615796
951748200,103.25,105.6875,100.5,103.75,38215808
951834600,105.75,107.09375,104.9375,107,23975000
951921000,107.25,108.5625,106.5,107.625,24466398
952007400,108.0625,108.1875,104.75,105.13281,32739204
952093800,108,111.125,107,109.523435,32014796
952353000,111.75,113.21875,110.25,111.5,23269000
952439400,113.8125,113.875,108.75,109.75,39467392
952525800,111,112,106.28125,111.5625,43508384
952612200,111.21875,115,109.09375,115,30096796
952698600,114.875,116.4375,113.50781,114.6875,29668398
952957800,110,114.125,109.53125,111.1875,37543808
953044200,112.75,113.375,105,107,39103808
953130600,106.5,107,101.875,102.96875,51199616
953217000,105.375,109.25,101,108.5,55280384
953303400,108,111.0625,107.9375,110.8125,31422204
953562600,111,111.5,106.25,107.25,21164400
953649000,106.125,111.875,103.5625,111.5,33431296
953735400,113.5,115.96875,111.125,114,24334192
953821800,114.48437,117.75,113.5625,116.375,19226896
953908200,117.48437,120.5,115.01562,117.875,22062400
954167400,118,119.5,117.125,117.35937,11752199
954253800,116.98437,117.8125,114.375,115,18334096
954340200,115.375,115.4375,110,110.5,27189296
954426600,107.25,112.75,103.5,107.25,42319696
954513000,108.14062,110.625,104,109.5,31348896
954768600,107.76562,109.125,100.75,103.5,31536608
954855000,103.625,103.9375,88.3125,100.75,66194128
954941400,97.5,103.9375,96.25,99,37005104
955027800,102.375,103.875,99.75,102.3125,30496896
955114200,104.125,107.375,102.625,106,20645296
955373400,107.625,107.6875,99.25,100,26985200
955459800,97.125,101.5,95.75,97.73437,34495600
955546200,97.625,98.75,63.125,92,34824896
955632600,92.8125,96,88.25,89,46323808
955719000,86.0625,88.5,78,79.75,60840400
955978200,78.01562,90,78,89,55386192
956064600,89.48437,93,87.375,91.75,36252608
956151000,92.5,93.625,89.0625,89.0625,28077904
956237400,90.375,90.96875,86.1875,86.875,21252000
956583000,83.4375,85.25,79.875,85,31245600
956669400,86.5,90.5,86,90.4375,28614304
956755800,90.625,92.42187,87.125,87.375,25679696
956842200,83.5,92.48437,82.25,91.375,37032896
956928600,93.5625,94.75,92.125,94.5,24826704
957187800,95.75,96.875,94.25,95.75,23203392
957274200,94.875,95.625,89.75,90,20304608
957360600,89.5,90.25,85.51562,89.375,26587296
957447000,89,90.75,87.625,89.125,17749296
957533400,88.125,92.3125,88.03125,91.5,20569200
957792600,90.5,90.75,87.75,88.25,13901102
957879000,88.5,89.125,84.75,85.5,19796800
957965400,84.375,85.4375,79.5,80,34814400
958051800,82.75,85.25,80.875,84.75,24707008
958138200,85.375,87.5625,84,84.6875,17830800
958397400,84.8125,88.625,82.625,88.625,17946496
958483800,90,91.5,88.0625,91.0625,23826896
958570200,89.25,90.5,87.75,89.1875,20336800
958656600,89,89.35937,85.375,85.6875,19061104
958743000,83.75,85,81.3125,81.6875,28178096
959002200,81.625,82.25,75.57812,82,43876896
959088600,81.375,82.625,74.625,75.125,31906896
959175000,75,79.875,72.25,79.75,49469600
959261400,80.25,82.25,76.5,77.5,29631504
959347800,77.75,79.25,75.75,77.6875,18199504
959693400,80,85.9375,80,85.5,30882400
959779800,84.46875,86.67187,82.75,83,29666800
959866200,85.1875,88.375,84,87.5,28987808
959952600,92.625,94.10937,91.875,93.25,32238704
960211800,92.25,95.3125,91.875,93.625,23780608
960298200,93.1875,95,90.875,91.375,23199008
960384600,91.5625,93.4375,89.5625,93.4375,22520896
960471000,94.625,94.875,91.625,93,19308800
960557400,94.75,94.75,93,93.5625,17013008
960816600,94.3125,94.3125,90.8125,91,16421301
960903000,90.5,94.1875,89.35937,94.1875,25039392
960989400,94.875,94.875,91.5625,92.15625,20239600
961075800,91.875,93.8125,90.875,93.79687,18676496
961162200,94.75,95.3125,93.0625,94.17187,21158496
961421400,94.01562,98.25,92.6875,97.8125,19986496
961507800,98.25,99.6875,97.1875,98.39062,20876192
961594200,96.8125,99.71875,96.6875,98.6875,20841008
961680600,98.625,99,94.76562,94.76562,21406608
961767000,95,95.5,91.4375,91.64062,24801104
962026200,93.0625,94.42187,92,94.1875,22073104
962112600,93.76562,95.0625,92.39062,92.71875,14741500
962199000,92.98437,95.5,92.5,93.89062,19233808
962285400,92.9375,93.375,90.625,91.70312,21258400
962371800,91.8125,93.95312,91.3125,93.1875,15065602
962631000,93.5,95.25,93.25,95.125,5186000
962803800,93.625,93.96875,90.875,91.25,16069500
962890200,91.5625,94.75,90.0625,94.5625,23457600
962976600,95,97,94.4375,95.40625,16488500
963235800,94.6875,95.875,94,94.25,12591102
963322200,94.0625,95.75,92.8125,93.20312,14316398
963408600,95.4375,97.75,94.625,96.96875,18217696
963495000,97.9375,99.75,97.125,98.9375,19404304
963581400,100.25,101.125,98.8125,100.625,17140192
963840600,100.9375,102.0625,99.875,101.4375,12857898
963927000,100.375,100.78125,98.35937,99.25,20473904
964013400,98.3125,98.9375,95.65625,96.625,21262096
964099800,97.875,100.1875,97.26562,100.1875,19338096
964186200,98.4375,99.51562,97.14062,97.3125,14369398
964445400,97.9375,99,94.3125,94.3125,18449904
964531800,95.625,96.73437,93.8125,96.07812,18997200
964618200,95.5,96.125,93.25,95.625,20236896
964704600,93.9375,95.0625,91.5625,91.5625,25756608
964791000,92.1875,92.875,86,86.8125,36359504
965050200,87.625,90.125,85.71875,89.5,27316000
965136600,89.8125,89.98437,87.48437,88.40625,15711898
965223000,87.875,90.39062,86.6875,86.85937,23445200
965309400,84.25,90.8125,83.3125,90.8125,35590096
965395800,92,92.76562,89.125,90,22236192
965655000,90.875,93.03125,90.25,92.26562,15046102
965741400,92.0625,93.4375,91.5,92,14368301
965827800,93.6875,94.4375,91.39062,91.60937,18466400
965914200,91.8125,92.23437,89.6875,89.9375,15270801
966000600,89.25,91.10937,87.875,90.875,20825008
966259800,91.375,93,90.20312,92.9375,12466398
966346200,92.75,93.98437,92,93.0625,14048801
966432600,93.4375,94.6875,92,93.42187,15163398
966519000,92.9375,95.875,92.875,95.4375,14370199
966605400,95.9375,96.625,94.6875,95.14062,14637102
966864600,96,96.85937,94.375,95.75,13507102
966951000,96,97.35937,95.26562,95.4375,14828301
967037400,94.6875,97.4375,93.82812,97,21311808
967123800,97.4375,98.6875,96.0625,98.5625,13514398
967210200,98.48437,99.95312,97.625,98.375,11697898
967469400,98.25,99.84375,97.9375,98.4375,12272102
967555800,98.625,99.17187,97.85937,98.82812,11142301
967642200,98.3125,99.5,97.76562,98.89062,10505699
967728600,99.625,101.875,99.5625,101.875,15469398
967815000,103,103.51562,101.1875,102.5,14007699
968160600,101.625,101.75,99.42187,99.51562,16286801
968247000,99.25,99.48437,95.75,96.0625,20829600
968333400,96.8125,99.42187,96.5625,98.25,16529801
968419800,97.76562,98,94.82812,94.875,22961104
968679000,94.5,96.125,92,92.78125,27175392
968765400,93.5,94.6875,90.84375,91.3125,23873808
968851800,90.25,93.75,90,93.4375,33706496
968938200,95.25,95.9375,92.64062,93.375,28446896
969024600,93.125,93.625,90.6875,91.375,24538704
969283800,91.8125,93,88.51562,89.8125,28948608
969370200,90.75,93.78125,89.875,93.5,27517696
969456600,93.375,95.23437,91.3125,94.6875,33083008
969543000,93.75,94.48437,92.0625,92.39062,24138704
969629400,87.625,93,87.5,92.9375,33577392
969888600,93.625,94.25,90.0625,90.1875,20393104
969975000,90.76562,92.5,88.9375,88.9375,25511008
970061400,90.625,91.1875,88,89.5,28388800
970147800,88.71875,93,88.71875,92.45312,28755104
970234200,92,92.125,88.6875,88.6875,27018000
970493400,90.25,90.25,86,86.75,24968096
970579800,88.0625,88.5,83.26562,83.375,35725808
970666200,83.5,86.85937,82.125,85.625,37675600
970752600,85.25,87.1875,84.5625,85.875,23442896
970839000,85.5625,86.5625,81.25391,83,36335504
971098200,82.5625,83.8125,79.375,82.625,28834400
971184600,81.8125,83.3125,77.875,78.3125,35269600
971271000,76.875,80.45312,76.0625,77.0625,48462800
971357400,79.25,79.5625,74.3125,75.125,53223696
971443800,74.6875,81.625,74.625,81.25,42410096
971703000,81.125,82.3125,79.75,81.625,27634000
971789400,83.125,83.17187,78,78.25,52082400
971875800,76.75,81.1875,74.5625,78,64770608
971962200,82.39062,85.10937,81.4375,85.0625,42443696
972048600,84.5,87.875,84.39062,86.3125,40690896
972307800,86.1875,87.5,84.125,86.1875,28988192
972394200,86.4375,87,82.375,82.4375,31457200
972480600,81.25,82,76.89062,77.875,48633200
972567000,78.1875,80,73.625,79.875,69995120
972653400,80.85937,81.85937,77.48437,79.71875,51045392
972916200,78.1875,79.875,75.70312,76.76562,35494096
973002600,78,82.5625,77.875,81.70312,43862400
973089000,80.3125,82.8125,79.1875,81,45185104
973175400,82.1875,83.25,81.0625,82,26594000
973261800,82.875,83.9375,81.64062,83.0625,29836496
973521000,83.625,84.125,82,82.4375,23478608
973607400,81.4375,82.46875,80.25,82.125,24339200
973693800,82.125,82.25,75.625,75.70312,40330096
973780200,74.75,76.9375,73,75.6875,64953696
973866600,74.25,75.6875,71.75,71.75,49227008
974125800,70.95312,74.1875,68.26562,70.0625,75015504
974212200,73,76,72.75,75.84375,44828000
974298600,75.5625,78.0625,74.79687,77.375,37757104
974385000,75.375,77,72.875,72.875,33888000
974471400,73.1875,75.1875,71,72.82812,49911296
974730600,70.9375,72.0625,69.25,69.85937,46860192
974817000,70.1875,71.125,68.4375,69.75,42124192
974903400,68.4375,70.125,66.5,66.625,56618800
975076200,68.375,70.625,68.17187,70.4375,19980000
975335400,72.5625,72.9375,68.75,69.5625,35415600
975421800,68.9375,69.9375,65.3125,65.45312,48807392
975508200,65.8125,66.75,62.5,62.9375,66173872
975594600,61.75,64.25,60.5,62.98437,74865504
975681000,64.0625,66.76562,62.125,64,57110400
975940200,64.125,65.35937,61.75,63.6875,49076000
976026600,66.0625,71,65.5,70.6875,76517184
976113000,70.59375,72.29687,67.75,68,63346800
976199400,67,68.98437,65.5,66.5,41471296
976285800,71.09375,74,67.625,68,65840496
976545000,72.05859,74.78125,70.95312,74.375,51822800
976631400,73.5,73.875,71.3125,71.65625,31047696
976717800,73.4375,73.5,68.3125,68.73437,51659104
976804200,68.51562,69.6875,65.25,65.375,41511600
976890600,64.25,65.625,62.5625,63.875,59023600
977149800,65.15625,65.96875,62.5625,64,42734496
977236200,63.45312,65.85937,58.75,59.125,80489680
977322600,57.3125,58.375,54.75,55.73437,81399376
977409000,55.01562,58.75,54.25,56.0625,85869120
977495400,57.625,60.75,57.625,60.5,57243008
977841000,60.59375,61.92187,58,60.875,37078896
977927400,59.6875,62.1875,58.9375,61.5625,33952496
978013800,60.78125,62.48437,60.25,61.4375,30996304
978100200,61.5625,62.23437,58,58.375,49190608
978445800,58.5625,58.6875,52.4375,53.4375,62512896
978532200,52.1875,65.25,52.15625,62.4375,118227184
978618600,61.625,63.625,60.23437,61.3125,58452608
978705000,61.3125,61.3125,56,56.625,68776368
978964200,56.3125,57.5,53.51562,57.25,55546608
979050600,57.75,59.125,56.625,57.25,53307904
979137000,56.125,60.375,55.75,60.1875,74232496
979223400,59.26562,63.6875,59.1875,61.9375,65401296
979309800,62.75391,64.625,61.5,62.73437,60792704
979655400,62.5625,62.92187,60.5625,61.98437,32137200
979741800,64.5,65.60937,63.14062,63.875,61377904
979828200,64.125,66.75,62.6875,66.5625,54874192
979914600,68.14062,68.3125,65.5625,66.3125,56280400
980173800,65.875,67,64.75,66.375,35771392
980260200,65.90625,68.40625,65.3125,67.76562,49829200
980346600,68.0625,69.125,66.75,67.125,53866608
980433000,66.875,67.67187,64.39062,64.5,57076192
980519400,63.5625,65.9375,63,65.54687,45679808
980778600,64.75,67.25,64.25,67,31507808
980865000,67.14999,67.74001,66,66.75,42830000
980951400,67.25,68,64.3,64.3,59310496
981037800,64.55,65.61,63.60001,65.14999,45153808
981124200,64.94,65.3,60,61.55,47438304
981383400,61.19,61.89999,60.12,61.5,36015200
981469800,61.49001,63.12,61.16,61.60001,42399008
981556200,60.50999,61.2,58.58,60.60001,61951808
981642600,60.89999,61.5,58.58,58.78999,48146608
981729000,58.25,58.60001,56,56.39999,55403104
981988200,56.25,57.94,55.62,57.08,50540304
982074600,57.64999,59.17999,54.98,55.3,58908800
982161000,55.39999,57.75,54.125,57.45,63039600
982247400,58.8,60.49001,58.3,58.39999,67767808
982333800,55.96001,56.87,54.53,55.13,66756192
982679400,55.74001,55.84,52.3,52.99001,55293008
982765800,51.55,54.07001,50.92,51.5,72319632
982852200,51.45,52.16,48.89,51,103867184
982938600,50.09,51.60001,48.23,51.17999,93314320
983197800,52.08099,52.60001,50.25,52.14999,78335008
983284200,51.53999,52.08,48.89999,49,66727312
983370600,49.45,50.21001,46.86,47.45,102211680
983457000,46.97,49.2,45.75,48.8,101703184
983543400,47.2,49.63,45.64999,46.7,95924368
983802600,47.5,48.36,47.09,47.55,43869104
983889000,49.3,50.66,49.10001,49.39999,60815296
983975400,50.39999,50.42999,48.97,49.42,55187600
984061800,49.35001,49.81,48.10001,48.5,48927392
984148200,47.25,47.37,44.95,45.10001,79986816
984407400,44,44.95,41.8,42.3,80650000
984493800,42.78,44.74001,42.13,44.45,80001376
984580200,42.7,45.19,42.31,43.75,97182880
984666600,45.2,45.319,42.05,42.14999,74099808
984753000,41.88,42.8,40.56,41.10001,77770816
985012200,41.44,43.25999,40.75,43.25999,53233808
985098600,43.44,43.81,40.2,40.35001,104988192
985185000,40.52,41.8,39.71001,40.35001,96083008
985271400,40.60001,42.8,39.49001,42.8,130194192
985357800,43.55,43.83,41.5,42.8,95267632
985617000,43.47,43.5,41.55,41.81,57662704
985703400,41.8,43.72,41.42,43.25,69925184
985789800,41.89999,42.2,39.67999,39.7,77963008
985876200,39.38,40.61,38.45,38.95,79633008
985962600,39.3,39.98,38,39.14999,63658304
986218200,39.17,39.85001,37.3,37.39999,69702192
986304600,37.2,37.75,34.62,34.66,88979312
986391000,34.711,35.81,33.60001,34.05,76426192
986477400,36,37.96001,35.71001,37.31,86971808
986563800,36.89999,37.10001,35.5,36.3,86117632
986823000,36.78999,37.39,35.85001,37.05,51630192
986909400,37.89999,40.46001,37.78,39.8,94167872
986995800,42.16,42.5,40.45,41,92773376
987082200,40.3,42.8,40,42.8,79520816
987427800,41.94099,42.42999,40.06,40.25,65200704
987514200,39.951,42.7,39.89999,41.25,94431632
987600600,43.72099,51,43.2,45.55,129098880
987687000,46.10001,48.75,45.58,48.3,109699120
987773400,48.17999,49.44,47.31,48.39999,80571120
988032600,46.99001,47.72,44.89,45.14999,79313008
988119000,45.10001,46.42,43.75,44.3,88875184
988205400,43.89999,45.58,43.10001,45.10001,68399312
988291800,45.89999,46.25,43.87,43.95,71105312
988378200,45.14999,45.47,44.241,45.14999,56462000
988637400,46.25,47.57001,45.3,46.14999,73852000
988723800,46.2,48.08,45.39999,48.05,54476896
988810200,48.8,49.39999,47.5,48.98,77552192
988896600,47.89999,47.901,46.2,46.8,67121120
988983000,45.3,48.2,45.11,48.2,72670880
989242200,48,48.60001,47.10001,47.2,45558192
989328600,48.3,48.35001,46.99001,48.2,56891200
989415000,47.05,47.95,46.44,46.55,60981008
989501400,47.92,48.05,45.72,45.77,61115808
989587800,45.84,46.42,45.09,45.55,48757392
989847000,45.3,45.36,44.11,44.82001,43047392
989933400,44.89999,46.3,44.58,45.14999,69004128
990019800,44.31,47.52,44.06,47.14999,80090368
990106200,47.45,48.78999,47.25999,47.89999,73781808
990192600,47.64,48.38,47.09,48.03999,41091392
990451800,48.17,51.14999,47.64999,51.05,85420496
990538200,51.31,51.95,50.17999,50.89999,77228816
990624600,50.44901,50.45,48.64,48.64999,65610368
990711000,48.97,49.99001,48.27,49.89999,61738000
990797400,49.96001,50.02,48.64999,48.99001,36188496
991143000,48.5,48.5,46.10001,46.12,66603312
991229400,45.438,45.85001,44.08,44.42999,81392000
991315800,44.53999,45.85001,44.3,44.73,67973184
991402200,45.53999,46.23,44.33,46.05,61868800
991661400,46.338,46.89999,45.28999,45.83,41679504
991747800,46.30099,48.36,46.2,47.85001,68143120
991834200,48.08,48.89,47.07001,47.48,61160896
991920600,47.138,49.49001,47.075,48.7,65357200
992007000,48.72,48.77,46.95,47.35001,56389392
992266200,46.89999,48.47,45.49001,46.05,48870096
992352600,44.87,46.8,44.23,45.8,78444368
992439000,46.274,46.75,44.52,44.55,68526688
992525400,44.02499,44.39999,42,42.25,91025504
992611800,41.8,43.10001,41.28101,42.60001,84583872
992871000,42.64,43.17,41.39999,42.03,63415392
992957400,43.32001,43.56,41.25999,41.82001,73378688
993043800,41.3,42.97,41.28,42.77,83583680
993130200,42.67,44.23,42.3,43.35001,67204128
993216600,43.621,44.2,42.59,43.25,51868608
993475800,43.61,43.8,42.64999,43.36,39194400
993562200,42.53999,43.89,42.481,43.50999,55150800
993648600,43.681,44.14999,43,43.78999,53286496
993735000,44.40199,46.36,44.35001,44.35001,89940624
993821400,45.09,46.52,44.7,45.7,59719600
994080600,45.65199,46.48,45.19,45.45,50873008
994167000,45.25,45.69,44.8,45.64,24758304
994339800,44.87,45.189,43.45,43.45,44376304
994426200,43.00999,43.11,41.49001,41.64999,53427696
994685400,41.89799,42.69,41.5,42.00999,45536704
994771800,42.75999,42.88,40.39999,40.5,58598400
994858200,40.42,41.10001,39.87,41,77386496
994944600,42.63,43.83,42.3,43.60001,70337008
995031000,43.38,44.42999,42.89999,43.14999,62472800
995290200,43.37,43.86,41.89999,42.35001,53371392
995376600,41.82899,43.39999,41.53999,43.3,59775504
995463000,42.27901,42.85001,41.14,41.64999,64711296
995549400,42.46001,43.35001,41.75,42.64,76495504
995635800,41.49001,42.14,41.36,41.64999,49006400
995895000,42.24001,42.39999,40.55,40.61,55316608
995981400,40.381,40.89999,39.31,40.14999,70420368
996067800,40.14101,40.72,39.39999,40.5,68844880
996154200,40.45,41.89,39.98,41.10001,69152688
996240600,41.64,42.25999,40.89999,41.95,47484896
996499800,42.13,42.3,41.39999,41.7,39455200
996586200,41.84,42.78,41.5,41.75999,55701904
996672600,42.63699,43.5,42.41,43.10001,53861104
996759000,43.799,44.004,42.82001,43.91,53163392
996845400,43.53,43.53,42.56,43.17999,51510000
997104600,42.539,42.85001,42.35001,42.5,31099104
997191000,42.10001,42.82001,41.94,42.28,38353600
997277400,41.85001,42.64999,40.3,40.5,76057312
997363800,40.41,40.88,39.98,40.67,66830688
997450200,40.429,40.75,39.23,40.28,68480880
997709400,40.59,41.34,40.2,41.10001,48420608
997795800,41.49001,41.7,40.53999,40.60001,51157104
997882200,40.62,40.92999,39.07001,39.10001,58797904
997968600,38.649,39.59,38.041,39.56,68197376
998055000,38.44099,38.8,37.71001,37.75999,56641808
998314200,37.85001,38.64999,37.52,38.28,49921296
998400600,38.28999,38.64999,36.64999,36.69,56401600
998487000,37.45,37.84,36.53999,37.69,65213200
998573400,37.679,38.46001,37.299,37.32001,54614000
998659800,37.86,39.39,37.75,39.3,58447392
998919000,39.28,39.89999,38.83,39.35001,50918800
999005400,39.32001,39.44,38.011,38.12,65266800
999091800,38.37,38.45,37.13,37.56,59040496
999178200,36.8,37.31,35.75,36.17,76090496
999264600,36.03799,37.03,35.94,36.63,54299696
999610200,36.51801,37.5,35.35001,35.47,74060320
999696600,35.49001,35.91,34.14999,35.33,95447120
999783000,34.74001,35.52,33.78,33.89999,88601008
999869400,33.621,35.10001,33.35001,33.7,95522496
1000128600,33.49001,34.32001,33.342,34.10001,80367872
1000733400,31.25,32.8,31.09,31.2,97736880
1000819800,31.53,32.5,30.37,30.5,66274192
1000906200,30.64,31,28.25999,29.97,116627504
1000992600,29.3,30.09,28.8,28.97,90830688
1001079000,27.41,28.97,27.2,28.19,112285184
1001338200,29.08,30,28.59,29.61,85674496
1001424600,29.71001,30.42999,28.95,29.7,83856000
1001511000,29.95,30,28.41,28.67,59735600
1001597400,28.39999,28.78999,27.42,28.48,70034000
1001683800,28.84,29.92,28.31,28.98,84805120
1001943000,28.85001,28.98,27.85001,28.73,53450704
1002029400,28.64999,29.41,28.39999,28.82001,74170880
1002115800,28.429,31.61,28.33,31,136211872
1002202200,31.64999,33.2,30.94,31.3,127386880
1002288600,31,31.89999,30.25999,31.75999,96560192
1002547800,31.13,32.35001,30.96001,31.86,67779632
1002634200,31.86,32.02,30.87,31.09,57547504
1002720600,30.871,32.53999,30.75101,32.5,73838880
1002807000,33.192,35.25,33.14,34.7,117223008
1002893400,34.33,34.8,33.14,34.55,111900688
1003152600,34.12,34.55,33.66,34.39999,78295680
1003239000,34.66901,35.10001,34.07001,34.96001,81141808
1003325400,35.87,36,32.3,32.45,141490128
1003411800,32.7,33.53999,32.39999,33.33,94346128
1003498200,32.869,33.75,32,33.55,73418496
1003757400,33.44,34.5,33.22,34.45,74105504
1003843800,34.82201,35.401,34,34.63,104050816
1003930200,34.60001,35.67999,34.32001,35.38,90165008
1004016600,34.705,36.82001,34.23,36.8,118522688
1004103000,36.5,37.06,36.00999,36.00999,93816880
1004365800,36,36.158,34.03999,34.03999,92131504
1004452200,33.71001,34.09,32.84,33.38,96075872
1004538600,34.03999,34.96001,33.67999,33.89999,106165008
1004625000,34.44,35.563,33.782,35.34,92676192
1004711400,35.271,35.85001,34.89,35.60001,64913104
1004970600,36.25999,37.16,36.16,36.75999,64281504
1005057000,36.60899,38.2,36.39,38.19,107185312
1005143400,37.61,38.84,37.5,38.14,92542368
1005229800,38.55099,39.39999,37.25,37.75,105882192
1005316200,37.59801,38.08,37.12,37.73,74112688
1005575400,37,38.35001,36.3,38,112981312
1005661800,39.03,39.5,38.63,39.36,97911376
1005748200,39.96001,40.24001,38.74001,39.64,88629504
1005834600,39.162,40.11,38.95,39.48,86342624
1005921000,39.48,39.67999,38.92,39.37,64034096
1006180200,39.78999,40.49001,39.49001,40.49001,69180320
1006266600,40.08,40.23,38.48,38.62,85209312
1006353000,38.47,38.95,37.98,38.64,60827104
1006525800,38.75999,39.42999,38.57001,39.28,27042800
1006785000,39.58,40.36,39.00999,40.25,75256128
1006871400,40.05,40.97,39.2,40.2,100259120
1006957800,39.73,40.37,38.69,38.75,101523504
1007044200,39.035,40,36.74001,39.95,83820192
1007130600,39.73,40.03999,39.36,39.64999,66020816
1007389800,39.28999,39.60001,38.87,38.97,60391904
1007476200,39.34,40.84,38.44,40.83,79390368
1007562600,41.20799,43.14999,41.12,42.85001,115730192
1007649000,42.709,43.24001,42.36,42.91,77684320
1007735400,42.48801,42.60001,41.14,41.73,81629184
1007994600,41.325,42.23,40.88,41,69086000
1008081000,41.46001,42.25999,41.13,41.23,66045120
1008167400,41.5,41.94,40.60001,41.56,76091120
1008253800,40.71001,41,39.75999,39.75999,79566320
1008340200,39.87199,40.46001,39.57001,40.11,69999008
1008599400,40.02,41.24001,40.02,40.8,62448800
1008685800,41.16,41.5,40.16,41.25999,50841200
1008772200,40.56,41.32001,40.32001,40.50999,79590688
1008858600,40.10001,40.3,38.67999,38.78999,83034816
1008945000,39.422,39.71001,39.14999,39.48,56203904
1009204200,39.53999,39.63,39.14999,39.32001,13660398
1009377000,39.37399,40.3,39.16,39.69,37693504
1009463400,39.85001,40.202,39.60001,40.00999,34249808
1009549800,40.29201,40.802,40.23,40.33,38242896
1009809000,40.31,40.45,38.91,38.91,46173008
1009981800,39.57001,40.14999,38.92999,40.11,61704304
1010068200,40.31,41.55,40.25999,41.5,85762816
1010154600,41.95,42.28999,40.92999,41.67,86868368
1010413800,42.118,42.22,40.11,41.21001,75096192
1010500200,41.108,41.77,40.84,41.49001,66932320
1010586600,42.03999,42.60001,40.89999,41.11,85104368
1010673000,41.174,41.53999,40.67999,41.38,75530816
1010759400,41.35699,41.60001,40.47,40.85001,60821808
1011018600,40.49001,40.67999,39.7,39.96001,71298880
1011105000,40.036,40.75,39.56,40.34,66891008
1011191400,39.53799,39.94,38.77,38.78,90940816
1011277800,39.48,39.97701,39.00999,39.64999,74828880
1011364200,38.83,39.45,38.22,38.59,81983504
1011709800,39,39.02,37.33,37.39999,81764816
1011796200,37.64999,38.69,37.35001,38.42999,74961008
1011882600,38.94,39.51401,38.35001,38.94,77212624
1011969000,38.472,39.14999,38.36,38.83,58828192
1012228200,39.15401,39.39,38.42,39.05,47785392
1012314600,39.132,39.408,37.515,37.98,83329312
1012401000,38.00101,38.85001,36.85001,38.27,101371808
1012487400,38.578,38.75,38.02,38.50999,69653008
1012573800,38.401,38.88,37.7,38.14,61202192
1012833000,37.961,38.07001,36.61,36.92,82754624
1012919400,36.59,37.33,36.19,36.31,86839312
1013005800,36.84,36.89,35.7,36.06,98524320
1013092200,35.996,36.55,35,35.19,97704880
1013178600,35.46001,36.24001,34.97,36.17,80470368
1013437800,36.14,39.17,35.98,36.63,57618800
1013524200,36.312,36.98,36.03999,36.33,51465392
1013610600,36.722,37.14999,36.61,36.95,60978096
1013697000,37.14999,37.57001,36,36.88,77498496
1013783400,36.838,36.91,35.64,35.78,79829632
1014129000,35.375,35.46001,34.32001,34.67999,72417120
1014215400,34.908,35.17,33.92999,35.14999,106536320
1014301800,34.78999,34.95,33.48,33.48,109293184
1014388200,33.619,34.2,33.09,33.64999,99812688
1014647400,34.008,35.25,33.955,35.00999,88992320
1014733800,35.23199,35.42999,34.37,34.88,94679808
1014820200,35.397,35.50999,34.06,34.39999,95150880
1014906600,34.51401,34.97,33.75,33.78,95705120
1014993000,34.15401,35.75,34.09,35.74001,85998320
1015252200,35.702,37.23,32.74001,37.14999,105721312
1015338600,36.938,37.87,36.81,37.42,91438192
1015425000,37.08,37.95,36.60001,37.60001,86833504
1015511400,38.12,38.33,37.00999,37.67999,85502192
1015597800,38.231,39.03,38.13,38.67,84446880
1015857000,38.35001,39.19,38.06,38.53,71055184
1015943400,37.57899,38,37.32001,38,82664816
1016029800,37.41,37.66,36,37.08,71383008
1016116200,37.069,37.39999,36.72,36.86,70726192
1016202600,36.899,37.33,36.59599,37.23,63973296
1016461800,37.63499,37.94,37.05,37.44,78950368
1016548200,37.60899,37.88,37.22,37.38,58947600
1016634600,36.879,37.08,36.03999,36.06,61823296
1016721000,36.14999,37.14,35.89999,37.02,92291872
1016807400,36.944,37.14,36.47,36.67999,58930192
1017066600,36.69,36.901,35.52,35.56,87435184
1017153000,35.427,36.42,35.39999,35.89,92457504
1017239400,35.63699,36,35.39999,35.61,64537008
1017325800,36.02,36.37,35.89999,36.06,59573392
1017671400,35.8,36.89999,35.3,36.75,70732688
1017757800,35.98599,36.14999,35,35.09,77764000
1017844200,35.3,35.45,34.3,35.03,85768496
1017930600,34.508,35.16,34.28,34.75999,90533808
1018017000,35.00999,35.175,34.17999,34.37,68433312
1018272600,33.479,34.8,33.425,34.8,74959872
1018359000,34.78,34.98,33.498,33.59,80925008
1018445400,33.75999,34.25,33.13,33.84,85758192
1018531800,33.66,33.85001,32.88901,33,90671184
1018618200,33.325,33.8,32.95,33.52,78359808
1018877400,33.80299,33.96001,33.2,33.78999,69329120
1018963800,34.431,35.22,34.41701,35.2,72092320
1019050200,35.39999,35.5,34.45,35.02,69130128
1019136600,34.785,35.14999,34,34.35001,91120000
1019223000,35.058,35.06,34.38,34.46001,62431696
1019482200,34.00999,34.02,33.256,33.59,64641600
1019568600,33.59801,33.94,32.7,33.00999,73101376
1019655000,33.213,33.31,32.2,32.5,68965120
1019741400,32.308,32.73,32,32.42,103085632
1019827800,32.662,34,31.00999,31.03999,100194624
1020087000,31.244,31.55,30.56799,31.12,85336368
1020173400,31.032,32.19501,30.942,31.73,95421120
1020259800,31.67,31.84,30.58,31.56,109968368
1020346200,31.39799,31.99001,30.46001,30.50999,85858368
1020432600,30.47,30.51401,23.88,29.74001,92128128
1020691800,29.63699,29.98399,28.85001,28.97,96519184
1020778200,29.27,29.35001,28.42,28.7,102059808
1020864600,30.13,31.88,30,31.77,129922816
1020951000,31.578,31.89,30.8,30.95,106527120
1021037400,31.01401,31.099,29.5,29.56,112373808
1021296600,29.87,30.98,29.675,30.75999,93973808
1021383000,32.05499,32.64999,31.87,32.57001,107841680
1021469400,32.082,33.63,31.85001,32.81,204584496
1021555800,32.54201,33.05,32.22,32.86,89899184
1021642200,33.28999,33.411,32.47,32.92999,82720128
1021901400,32.60001,32.7,31.94,32.21001,78157376
1021987800,32.369,32.59,31.092,31.33,104169872
1022074200,30.99001,31.59,30.41,31.39999,89542496
1022160600,31.63,32.10001,30.8,32.03,94453808
1022247000,31.592,31.69,31.00999,31.24001,55876896
1022592600,31.47099,31.52699,30.49001,31.10001,68838624
1022679000,30.66499,30.89999,30.24001,30.28,73479312
1022765400,30.013,30.72,29.89999,30.53999,92089680
1022851800,30.75999,31.03999,30,30.03999,79907680
1023111000,30.008,30.25,28.78999,28.98,77072624
1023197400,28.75101,29.67999,28.61,29.36,98375680
1023283800,29.42101,29.8,28.97,29.66,95370192
1023370200,29.511,29.51801,27.89999,28.88,93207504
1023456600,27.63,28.78999,27.52,28.3,106055312
1023715800,28.36,28.75,28.14,28.25,73149808
1023802200,28.60001,28.69,27.36301,27.46001,84609504
1023888600,27.24899,27.96001,26.834,27.86,152986368
1023975000,27.765,28.21001,27.353,27.67999,97610368
1024061400,26.862,27.72,26.2,27.62,122091632
1024320600,28.002,28.75,27.91,28.56,87635872
1024407000,28.317,29.14999,28.28,29.02,100205680
1024493400,28.104,28.3239,27.25,27.34,93516128
1024579800,27.27,27.45,25.67,26.46001,99923184
1024666200,26.367,26.78,25.64999,25.82001,101815808
1024925400,25.457,26.8,25.21001,26.33,139673120
1025011800,26.584,26.72,25.3,25.46001,136737872
1025098200,24.438,25.78,24.39,25.45,149032320
1025184600,26,26.25,20.59,26.21001,121381008
1025271000,26.05,26.75,25.85001,26.10001,87860000
1025530200,25.978,26.14,24.78,24.85001,64782400
1025616600,24.608,24.75,23.09,23.95,111611008
1025703000,23.85201,24.75,23.62,24.75,101076320
1025875800,25.26401,26.39,25.05,26.34,56771104
1026135000,26.2,26.55,25.08,25.38,97348192
1026221400,25.25101,25.48,24.59,24.66,91053008
1026307800,24.998,25.03,23.83,23.89999,115303376
1026394200,23.767,24.89,23.53,24.8,170214320
1026480600,25.25,25.526,24.55,24.8,130025632
1026739800,24.688,25.64,23.75,25.57001,140525312
1026826200,25.252,26.02699,24.89999,25.19,148231376
1026912600,26.077,26.44,24.89,25.64999,157983376
1026999000,25.38901,25.57001,24.52,24.73,113974192
1027085400,24.332,24.71001,23.8,23.99001,124783008
1027344600,23.855,24.5,23.09,23.39999,150017312
1027431000,23.453,23.75,22.28,22.39999,150829008
1027517400,21.81599,23.66,21.64,23.62,186473872
1027603800,23.258,23.39999,21.8,22.25,153921680
1027690200,22.569,22.84399,22.00999,22.67,96037376
1027949400,23.27699,24.12,23.08,23.83,96715872
1028035800,23.731,24.69,23.59,24.31,117358368
1028122200,24.00301,24.19,23.36,23.85001,93840128
1028208600,23.74001,23.89999,22.66,22.73,85188496
1028295000,22.78,22.84,21.82001,22.25,86720688
1028554200,22.11,22.32401,21.3,21.44,84911120
1028640600,21.804,23.00999,21.78999,22.5,114818496
1028727000,23.201,23.37,21.96001,22.8,126214368
1028813400,22.757,23.60001,22.3,23.57001,111674000
1028899800,23.207,23.717,22.88,23.33,93577808
1029159000,23.05,23.48,22.89999,23.39999,62889504
1029245400,23.23,23.87,22.55,22.60001,88333680
1029331800,22.67,24.2,22.47,24.03999,102656880
1029418200,24.243,24.55,23.72,24.53,120286688
1029504600,24.13,25,23.731,24.7,95853008
1029763800,24.77,25.59,24.67999,25.3,76021504
1029850200,25.188,25.42999,24.85001,25.19,89981808
1029936600,25.396,25.85001,25,25.75,101371120
1030023000,25.748,26.21001,25.42,26.16,80359312
1030109400,25.802,25.81,24.95,25.14999,75212880
1030368600,25.3,25.39,24.61,25.25,83341808
1030455000,25.431,25.51801,24.14999,24.37,92351808
1030541400,24.026,24.093,23.39,23.48,115697120
1030627800,23.2,24.22,23.02,23.78999,97065120
1030714200,23.62,24.007,23.38,23.49001,59501808
1031059800,23.06,23.42999,22.34,22.64,81871504
1031146200,22.5,23.02,22.24001,22.73,82711872
1031232600,22.39999,22.5,21.92999,22.17,92293120
1031319000,22.66,23.22,22.60001,22.85001,86010880
1031578200,22.677,23.37,22.39,23.08,72684320
1031664600,23.23,23.67,23.03,23.64999,74622128
1031751000,24.12,24.35001,23.42,23.45,73908496
1031837400,23.237,23.26401,22.71001,22.81,70772496
1031923800,22.60001,23.08,22.52,22.99001,79653632
1032183000,22.86,23.005,22.37,22.66,58853600
1032269400,23.05,23.21001,22.17999,22.17999,89176320
1032355800,22.00999,22.55,21.78,21.92999,92396192
1032442200,21.7,22.13,21.55,21.58,86253120
1032528600,21.83099,21.89999,21.48,21.67,78120192
1032787800,21.45,21.52,20.81,21.02,72763312
1032874200,20.687,21.45,20.64999,21.03,91502128
1032960600,21.35001,22.03999,21.10001,21.87,98052368
1033047000,22.16,22.33,21.37,21.60001,104434320
1033133400,21.55,22.21001,21.31,21.31,92254624
1033392600,21.07001,21.24001,20.49001,20.72,91527008
1033479000,20.91,21.99001,20.47,21.98,102096192
1033565400,21.50999,21.97,20.97,21.25,94883504
1033651800,21.06,21.39999,20.67999,20.74001,74364624
1033738200,20.94,21.02,20.11011,20.35001,81850368
1033997400,20.25999,20.59,19.85001,20.16,79871312
1034083800,20.28,20.61,19.75999,20.2,94102624
1034170200,19.94,20.53,19.84,20.06,103305632
1034256600,20.10001,21.21001,19.91,21.08,109583008
1034343000,21.55,22.38,21.42,22.22,124799504
1034602200,21.87,22.5,21.78,22.48,78913376
1034688600,23.44,23.634,23.17999,23.56,118106128
1034775000,22.718,23.16,22.07001,22.78,97493632
1034861400,23.60001,23.81,22.58,23.55,95857184
1034947800,23.28,23.85001,22.92999,23.81,85208000
1035207000,23.52,24.45,23.3,24.28999,85705312
1035293400,23.73801,24.34,23.64999,24.14,90275184
1035379800,23.85001,24.63,23.67,24.60001,88296880
1035466200,24.67999,24.86,23.92,23.98,88944000
1035552600,23.99001,24.75101,23.99001,24.62,71738688
1035815400,25,25.03999,24.17,24.49001,90285680
1035901800,24.31,24.47,23.37,23.92,90364128
1035988200,24.06799,24.78999,23.85001,24.56,103512000
1036074600,24.66,25.03999,24.36,24.55,81518624
1036161000,24.37801,25.39999,24.14,25.25,86668816
1036420200,26.05,26.82001,25.8,25.89999,110564816
1036506600,25.71001,26.17,25.56,26.10001,79619184
1036593000,26.28999,26.61,25.64,26.47,116768000
1036679400,25.99001,26.10001,25.31,25.53999,82741376
1036765800,25.49001,25.87,24.96001,25.07001,77013632
1037025000,24.95,25.02,24.14999,24.31,74621504
1037111400,24.39999,25.39999,24.39999,24.92999,88867632
1037197800,24.7,25.45,24.493,25.23,119372624
1037284200,25.58,26.42,25.52,26.10001,86195872
1037370600,25.90199,26.45,25.75,26.44,69316128
1037629800,26.715,26.77,25.99001,26.05,76934816
1037716200,25.8,26.05,25.3,25.64999,88217872
1037802600,25.56,26.75,25.53999,26.74001,75625504
1037889000,26.92999,29.7,26.75,27.73,105595376
1037975400,27.37,27.94,27.32001,27.72,73821632
1038234600,27.75999,28.205,27.53999,27.99001,72711008
1038321000,27.78,27.92999,26.89999,27.05,80053632
1038407400,27.53,28.2,27.487,27.91,73686816
1038580200,28.21001,28.28999,27.22,27.72,34652096
1038839400,28.42,28.78999,27.57001,28,85998624
1038925800,27.55,27.58,26.92999,27.17,76699120
1039012200,26.56,26.95,26.21001,26.57001,130339872
1039098600,26.95,27,26.13,26.2,85192496
1039185000,25.81,26.72,25.74001,26.47,81765008
1039444200,26.22,26.55,25.2,25.22,75950496
1039530600,25.42,25.95,25.35001,25.60001,69645504
1039617000,25.44,26.07001,25.32001,25.72,64276704
1039703400,26,26.17,25.56,25.86,62382400
1039789800,25.52,25.57001,25.00999,25.03999,72695632
1040049000,25.22,25.96001,25.07001,25.85001,60359200
1040135400,25.81,26.2,25.66,25.92999,62797104
1040221800,25.55,25.60001,25.05,25.38,67548496
1040308200,25.17101,25.78,24.81,25.06,96176496
1040394600,25.33,25.45,25.07001,25.32001,65596624
1040653800,25.17999,25.75999,25.13,25.67,46003808
1040740200,25.5,25.73,25.32001,25.35001,16773102
1040913000,25.53,25.91,25.17,25.28,33816800
1040999400,25.17999,25.85001,24.75,24.82001,42540608
1041258600,24.84,24.97,24.36,24.63,57458704
1041345000,24.53999,24.71001,24.28,24.37,46028000
1041517800,24.72,25.55,24.45,25.39999,66305120
1041604200,25.46001,25.71001,25.28,25.67999,39091296
1041863400,25.71001,26.59,25.2,26.32001,67359312
1041949800,26.41,26.92999,26.25,26.64999,88784000
1042036200,26.39,26.97,25.84,25.89999,75091008
1042122600,26.24001,26.98,26.224,26.7,75427872
1042209000,26.35001,27.25999,26.22,27.10001,82638000
1042468200,27.33,27.47,26.73,26.94,72945184
1042554600,26.91,27.32001,26.85001,27.08,47262496
1042641000,27.24001,27.353,26.58,26.74001,55450400
1042727400,26.78999,26.98,26.25,26.44,69707504
1042813800,25.90401,25.94,25.27,25.31,77452128
1043159400,25.41,25.55,25.02,25.03,68031184
1043245800,24.968,25.53,24.87,24.92999,80967008
1043332200,25.39999,25.84,25.11,25.50999,78658816
1043418600,25.53,25.53101,24.64,24.82001,74576320
1043677800,24.45,25.03,24.37,24.53,76589632
1043764200,24.77,25.05,24.42,24.78,65295104
1043850600,24.75999,25.45,24.34,25.14999,95805120
1043937000,25.32001,25.42,24.49001,24.53999,70503120
1044023400,24.06,24.75999,24.00999,24.44,90548000
1044282600,24.528,24.79601,24.38,24.49001,53194496
1044369000,24.17999,24.3,23.82001,24.19,69504128
1044455400,24.33,24.86,24.00999,24.08,80168128
1044541800,24.03999,24.35001,23.86,24.21001,103594688
1044628200,24.36,24.45,23.64999,23.81,72338880
1044887400,23.899,24.25,23.62,24.02,67603312
1044973800,24.25,24.61,23.92,24.14999,78007312
1045060200,24.07001,24.33,23.78,23.82001,51815008
1045146600,23.85001,23.98,23.32001,23.94,77763008
1045233000,23.83,24.5,23.62,24.49001,67562000
1045578600,24.7,25.34,24.67999,25.25,74026496
1045665000,25.2,25.24001,24.71001,25.08,45608800
1045751400,25.14999,25.27,24.84,24.98,59952896
1045837800,24.92999,25.37,24.50999,25.17,70344688
1046097000,25.13,25.21201,24.71001,24.74001,56709200
1046183400,24.45,24.95,24.08,24.77,74635184
1046269800,24.67999,24.94,24.2,24.22,60143696
1046356200,24.42,24.92,24.27,24.77,66519184
1046442600,24.81,25.22,24.72,25.16,50595200
1046701800,25.27,25.48,24.56,24.64999,60441200
1046788200,24.66,24.77,24.42,24.5,56092608
1046874600,24.39999,24.78,24.32001,24.55,69205504
1046961000,24.42999,24.67999,24.23,24.49001,59550304
1047047400,24.08,24.95,23.96001,24.53999,73329808
1047306600,24.33,24.457,23.91,24.00999,55990496
1047393000,24.06,24.24001,23.78,23.8,54945104
1047479400,23.75999,24.24001,23.53999,24.23,77964128
1047565800,24.64,25.64999,24.39999,25.62,128537632
1047652200,25.73,25.98,25.36,25.72,89832320
1047911400,25.42999,26.8,25.35001,26.60001,141198368
1047997800,26.8,26.97,26.42,26.92999,97193008
1048084200,26.85001,27.75999,26.33,26.7,91369808
1048170600,26.53999,27.14,26.17,26.8,93099808
1048257000,27.21001,27.38,26.2,27.17,93395184
1048516200,26.47,26.60001,25.97,26.03999,85300688
1048602600,26.158,26.75999,26.00999,26.41,78789184
1048689000,26.5,26.77,26.36,26.56,68026624
1048775400,26.27,26.64999,26.10001,26.37,64201392
1048861800,26.14,26.42999,25.95,26.08,45395696
1049121000,25.60001,25.73,25.21001,25.25,89399184
1049207400,25.44,25.67,25.25,25.45,73423504
1049293800,26.06,26.56,26.03,26.36,75971008
1049380200,26.64,26.85001,26.31,26.48,71118320
1049466600,26.57001,26.60001,25.97,26.05,65743872
1049722200,27.11,27.2,26.07001,26.09,83879376
1049808600,26.14999,26.28999,25.88,26.06,54282608
1049895000,26.10001,26.28,25.41,25.46001,76543632
1049981400,25.46001,25.77,25.3,25.77,57234704
1050067800,26.02,26.168,25.36,25.50999,67992368
1050327000,25.60001,26.14,25.491,26.03,53422608
1050413400,25.97,26.46001,25.849,26.28,64621296
1050499800,26.64999,26.83,26.12,26.22,70747184
1050586200,26.162,26.98,26.14999,26.82001,70275008
1050931800,26.948,27.106,26.62,26.92,52750096
1051018200,26.737,27.46001,26.64999,27.42999,70905808
1051104600,27.5,27.75,27.25999,27.63,70578320
1051191000,27.36,27.75,27.27,27.48,72510816
1051277400,27.32001,27.42,26.86,26.95,63355808
1051536600,27.05,27.63,26.95,27.48,59685008
1051623000,27.64,28.06,27.41,27.73,80373376
1051709400,27.64999,27.78999,27.42999,27.45,60413104
1051795800,27.44,27.87,27.19,27.69,66057504
1051882200,27.60699,28.28999,27.57001,28.28,85039632
1052141400,28.325,28.71001,28.17,28.25,80670688
1052227800,28.22,28.89999,28.21001,28.61,77620880
1052314200,28.41,28.69,28.12,28.28999,70379680
1052400600,27.855,28.19,27.75999,27.77,80333808
1052487000,28.03999,28.48,27.995,28.41,58580496
1052746200,28.36,28.96001,28.17,28.84,67597120
1052832600,28.63,28.99001,28.53999,28.66,65188000
1052919000,28.87399,28.97,28.36,28.60001,62228304
1053005400,28.75,28.98,28.56,28.92,62485104
1053091800,28.73,28.94,28.48,28.7,70645872
1053351000,28.52,28.67999,27.61,27.69,91762880
1053437400,27.75999,27.96001,27.41,27.77,72017376
1053523800,27.64999,27.75,27.44,27.69,64102800
1053610200,27.75999,28.32001,27.62,28.09,62474096
1053696600,28.041,28.25,27.95,28.10001,37940608
1054042200,27.92999,29.22,27.89999,29.10001,101570320
1054128600,29.16,29.39999,28.96001,29.19,76399008
1054215000,29.23,29.8,29.16,29.31,97637312
1054301400,29.53,29.87,29.45,29.78999,78160880
1054560600,30.08,30.2,29.31,29.58,103101312
1054647000,29.44,29.88,28.66,29.86,82208000
1054733400,29.81,30.58,29.72,30.42,87114880
1054819800,30.13,30.67999,29.97,30.64,89486624
1054906200,31.17,31.47,30.02,30.13,157178128
1055165400,30,30.22,29.53,29.73,94981120
1055251800,29.86,30.2,29.67999,30.17999,69923632
1055338200,30.07001,30.64,29.8,30.52,87395872
1055424600,30.638,30.75,30.25999,30.64999,79562128
1055511000,30.655,30.73,29.86,29.96001,83365872
1055770200,30.17,30.89999,30,30.88,71592816
1055856600,31.02,31.11,30.56,30.75999,67724624
1055943000,30.66,31.22501,30.45,30.92,80241008
1056029400,30.98,31.24001,30.38,30.42,79539632
1056115800,30.69,30.78,30.25,30.38,71569184
1056375000,30.33,30.371,29.56,29.91,86598496
1056461400,29.73,30.13,29.53,29.67999,83041120
1056547800,29.67,30.17999,29.47,29.52,94353120
1056634200,29.71001,30.28,29.61,30.22,79266688
1056720600,30.25,30.57001,29.772,29.83,82545504
1056979800,30.16,30.34,29.8,29.95,72086000
1057066200,29.7,30.38,29.25999,30.35001,105918192
1057152600,30.412,30.99001,30.38,30.97,81992000
1057239000,30.7,31.10001,30.47,30.58,50050800
1057584600,30.97,31.89999,30.96201,31.89,88708192
1057671000,31.78,32.31,31.62,32.28,82302496
1057757400,32.17999,32.49001,31.92999,32.2,89848496
1057843800,31.85001,31.99001,31.33,31.60001,103214816
1057930200,31.65199,31.99001,31.61,31.84,67778368
1058189400,32.34399,32.75,32.07001,32.22,84558128
1058275800,32.53,32.64999,31.94,32.25999,76114688
1058362200,32.46001,32.5,31.73,32.16,81709632
1058448600,31.67,31.84,31.043,31.17999,110496688
1058535000,31.39999,31.96001,30.92,31.28,80587632
1058794200,31.24001,31.3,30.61,30.88,111931680
1058880600,31.11,31.5,30.86,31.34,91610688
1058967000,31.39,31.64,30.99001,31.60001,69189632
1059053400,31.85001,32.02,31.08,31.17999,83615504
1059139800,31.13,31.84,30.769,31.8,83055632
1059399000,31.86,31.98801,31.60001,31.89,56219008
1059485400,31.92999,32.02,31.23,31.64999,80601632
1059571800,31.71001,31.74001,31.33,31.42,56642304
1059658200,31.78999,32.33,31.52,31.8,85711120
1059744600,31.69,31.78999,31.3,31.46001,73569632
1060003800,31.42,31.92,30.84,31.45,96430320
1060090200,31.41,31.48,30.17999,30.21001,111179680
1060176600,30.36,30.77,30.10001,30.19,96848128
1060263000,30.22,30.50999,30.02,30.31,67364320
1060349400,30.42999,30.55,29.92999,30.07001,66706624
1060608600,30.08,30.60001,30.03,30.39999,63737296
1060695000,30.50999,30.89999,30.326,30.86,59770000
1060781400,30.98,31.06599,30.64999,30.87,58071600
1060867800,30.88,31.19,30.67,30.89999,51191200
1060954200,31,31.28999,30.92999,31.17,28131296
1061213400,31.31,32.00999,31.05,31.97,67352688
1061299800,32.11,32.38,31.84599,32.37,68390816
1061386200,32.10001,32.52,32.02,32.28999,58280304
1061472600,32.59,32.82001,32.27,32.64,77253808
1061559000,33.25999,33.37,32.33,32.44,93034368
1061818200,32.36,32.50999,32.21001,32.50999,43082304
1061904600,32.28,32.59,31.81,32.53999,79913312
1061991000,32.49001,32.83,32.37,32.8,47272000
1062077400,32.94,33.12,32.52,33.09,55356800
1062163800,33.03999,33.46001,32.98,33.39,53194608
1062509400,33.49001,33.89,33.13,33.87,80504320
1062595800,34.10001,34.2,33.64999,33.85001,85258000
1062682200,33.83,34.22,33.7,34.16,63903104
1062768600,33.966,34.34,33.67,33.94,91046688
1063027800,34,34.53,33.95,34.5,69355008
1063114200,34.33,34.386,33.92,34.09,88014688
1063200600,33.75,33.89,33.11,33.27,111708880
1063287000,33.278,33.78,33.00999,33.64,96963120
1063373400,33.34,33.84,33.05,33.82001,105031504
1063632600,33.84,33.91,33.444,33.49001,54625008
1063719000,33.52,34.42999,33.52,34.39999,87608880
1063805400,34.33,34.50101,34.03,34.25999,79821680
1063891800,34.17,34.86,34,34.78,91633312
1063978200,34.78999,34.86,34.36,34.58,69834496
1064237400,34.13,34.2,33.77,33.92,97494688
1064323800,33.97,34.56,33.91,34.52,77858320
1064410200,34.50999,34.8,33.17,33.22,115575808
1064496600,33.38,33.98,32.75999,32.78999,117989120
1064583000,32.89,33.17,32.52,32.58,106691680
1064842200,32.75999,33.17,32.45,33.14,97110320
1064928600,32.92,32.96001,32.35699,32.42,119186320
1065015000,32.61,33.23,32.42,33.14999,106833680
1065101400,33.10001,33.42999,32.92999,33.25999,83940688
1065187800,33.85001,34.47,33.82001,34.19,112935872
1065447000,34.28,34.45,34.06,34.44,49243904
1065533400,34.16,34.64999,34.00999,34.64999,80178624
1065619800,34.81,34.84,34.22,34.42999,71430496
1065706200,34.91,35.27,34.42999,34.69,118275120
1065792600,34.77,35.03,34.64,35.00999,68398192
1066051800,35.14,35.37,34.92,35.24001,60980608
1066138200,35.10001,35.42999,34.96001,35.33,64216896
1066224600,35.8,35.85001,35.03,35.17999,97791120
1066311000,35.10001,35.53,35,35.46001,74087632
1066397400,35.41299,35.49001,34.60001,34.61,98011008
1066656600,34.64999,35.67999,34.08,35.03999,76162192
1066743000,35.14,35.45,34.939,35.25,75015184
1066829400,34.89,34.92999,34.44,34.57001,88815184
1066915800,34.14999,34.507,34.05,34.17,99351376
1067002200,33.78999,34.23,33.49001,34.2,101828496
1067265000,34.28,34.45,34.03999,34.21001,63646096
1067351400,34.42999,35.41,34.37,35.36,107497376
1067437800,35.2,35.41,35.07001,35.32001,74110880
1067524200,35.81,36,35.14,35.39,95149632
1067610600,35.44,35.49001,35.06,35.17999,55497200
1067869800,35.42999,35.98,35.36,35.75999,71175248
1067956200,35.69,35.87,35.446,35.52,60072512
1068042600,35.52,35.89,35.14999,35.84,68430496
1068129000,35.78999,35.966,35.34,35.939,90631632
1068215400,36.08,36.17999,35.60001,35.63,63605808
1068474600,35.7,35.743,35.09,35.19,68950496
1068561000,35.149,35.3,34.85001,35.06,75928496
1068647400,35.17,35.963,35.14,35.81,81156192
1068733800,35.71001,35.89999,35.55,35.77,64326000
1068820200,35.811,36.02,34.95,35.03999,91047872
1069079400,34.84,34.91,34.256,34.67999,108519312
1069165800,34.87,34.97,33.82001,33.88,108732000
1069252200,34.00999,34.39999,33.88,34.21001,86402496
1069338600,33.89,34.67999,33.81,33.882,117403184
1069425000,34.08,34.265,33.73,34.23199,81824368
1069684200,34.52,35.25,34.47,35.17999,92188496
1069770600,35.28999,35.45,35.09,35.17999,72575008
1069857000,35.39999,35.52,34.81,35.34,72865632
1070029800,35.25999,35.5,35.20799,35.38,24809104
1070289000,35.71001,36.00999,35.47,35.89999,82815872
1070375400,35.82001,36.05,35.58,35.7,65084608
1070461800,35.84,36.12,35.25,35.25,107817184
1070548200,35.38,35.71001,35.08,35.63,102447184
1070634600,35.27,35.5,34.95799,35.03999,87631184
1070893800,35.02,35.33,34.78,35.235,87125680
1070980200,35.45,35.46001,34.35001,34.42999,109997120
1071066600,34.53,34.7,34.13,34.56,103567376
1071153000,34.5,35.39,34.493,35.3,108425376
1071239400,35.28999,35.34,34.89999,35.24001,72224624
1071498600,35.92999,35.99001,34.64999,34.78,106241808
1071585000,34.78999,35.02299,34.42,34.85001,89884880
1071671400,34.81,35,34.57401,34.91,68579808
1071757800,34.95,35.64,34.94901,35.56,90025632
1071844200,35.61,35.64999,35.2,35.46001,89768368
1072103400,35.35001,35.67999,35.28999,35.57001,63610608
1072189800,35.60001,36.02,35.53,35.84,67049184
1072276200,35.84,36.02,35.8,35.89999,44840304
1072449000,35.96001,36.09,35.82001,35.85001,25499008
1072708200,36.03,36.53,36.02,36.44,63368096
1072794600,36.53,36.58,36.3,36.56,48266896
1072881000,36.62,36.64,36.25,36.46001,60522608
1073053800,36.66,36.78999,36.22,36.36,55259008
1073313000,36.58,37.158,36.56,37.09,69748000
1073399400,37.08,37.42,36.95,37.34,60068800
1073485800,37.28,37.67999,37.07001,37.67999,71864816
1073572200,37.85001,38,37.60001,37.979,78254816
1073658600,37.71001,38.35001,37.59,37.73,94320000
1073917800,37.85001,38.35001,37.67999,38.33,77691632
1074004200,38.27,38.36,37.60001,37.94901,93054688
1074090600,38.11,38.25,37.75,38.08,69028624
1074177000,37.92999,38.46001,37.63,38.17999,104554128
1074263400,38.38,38.63,38.17,38.57001,77353680
1074609000,38.73,39,38.30701,38.53999,82061872
1074695400,38.39,38.66,38,38.38,112286624
1074781800,38.55,38.69,38.06,38.14999,90937504
1074868200,38.21001,38.46001,37.78,38.00999,88798000
1075127400,37.98,38.64999,37.84,38.59,84668128
1075213800,38.50999,38.63,37.69,37.74001,97342192
1075300200,37.94,38.06,37.004,37.10001,128136128
1075386600,37.23,37.31,36.66,37.24001,144018816
1075473000,37.2,37.44,36.97,37.07001,84304880
1075732200,37.2,37.48,36.82001,36.97,94528320
1075818600,36.91,37.24001,36.72,36.92999,73805504
1075905000,36.62,37.75999,36.32899,36.33,110027680
1075991400,36.50999,36.71001,36.33,36.47,96939872
1076077800,36.60001,37.28,36.53,37.131,107239008
1076337000,37.34,37.38,37.05,37.12,58882496
1076423400,37.05,37.41,37.03,37.17999,65095808
1076509800,37.237,37.67,37,37.58,92485680
1076596200,37.52,37.7,37.24001,37.24001,70728496
1076682600,37.39,37.58,36.75999,36.94,90596880
1077028200,37.28,37.62,37.22,37.44,69765184
1077114600,37.50999,37.67,37.32001,37.55,71116128
1077201000,37.83,37.89999,36.82001,36.98,100889376
1077287400,36.97,37.14,36.55,36.86,132369376
1077546600,37,37.03,35.89999,36.45,125298128
1077633000,36.27,36.67,36,36.36,124564624
1077719400,36.42999,36.67,36.33,36.58,74520624
1077805800,36.47,36.84,36.30499,36.67,71463376
1077892200,36.75999,36.94,36.27,36.57001,99452128
1078151400,36.67999,37.07001,36.47,37.05,79781008
1078237800,36.983,37.17999,36.61,36.62,91604880
1078324200,36.50999,36.63,36.21001,36.42,84023184
1078410600,36.44,36.83,36.39,36.75999,66033632
1078497000,36.41,37.14999,36.36,36.63,118130816
1078756200,36.69,36.82001,35.73,35.77,112721872
1078842600,35.83,35.98,35.52,35.66,126229184
1078929000,35.75,35.99899,35.13,35.19,134315632
1079015400,35.07001,35.53,34.8,34.87,152504688
1079101800,35.2,35.59,35.14999,35.50999,118398816
1079361000,35.36,35.39999,34.81,34.89,115887632
1079447400,35.11,35.25,34.63,34.95,123745376
1079533800,35.21001,35.62,35.17999,35.5,91960128
1079620200,35.37,35.46001,34.97,35.34,111342368
1079706600,35.28,35.45599,34.72501,34.75,100132624
1079965800,34.53,34.55,34.03,34.31,134556320
1080052200,34.59,34.64999,34.006,34.03,126105008
1080138600,34.14999,34.63,34.00999,34.42,118985312
1080225000,34.64999,35.46001,34.62,35.343,142146624
1080311400,35.3,35.584,35.2,35.22,78444128
1080570600,35.50999,35.96001,35.49001,35.78999,103919632
1080657000,35.67,35.94299,35.517,35.91,95854496
1080743400,35.92,36,35.61,35.84,86058000
1080829800,35.81,36.25,35.78,36.16,93091872
1080916200,36.89,37.16,36.52,37.10001,146006624
1081171800,37.03999,37.5,36.97,37.45,67379376
1081258200,37.16,37.39999,36.92,36.98,98707680
1081344600,36.994,37.11,36.66,36.94,91091680
1081431000,37.35001,37.39,36.74001,36.94,77246688
1081776600,37.07001,37.24001,36.98,37.17,55325504
1081863000,37.34,37.36,36.46001,36.63,100740688
1081949400,36.41,36.95,36.36,36.81,113763808
1082035800,36.75,36.86,36.02,36.14999,123788496
1082122200,36.2,36.32001,35.78999,36.09,110813680
1082381400,36.00999,36.59,35.98,36.53,85887376
1082467800,36.61,36.78999,35.64,35.67999,119746688
1082554200,35.89999,36.11,35.45,35.99001,119168320
1082640600,36,37.00999,35.98,36.92,137853008
1082727000,37.08,37.25999,36.89999,37.21001,92016624
1082986200,37.17999,37.28999,36.64999,36.94,74493184
1083072600,36.95,37.19,36.69,36.87,87639504
1083159000,36.71001,36.72,36.019,36.2,111768688
1083245400,36.09,36.34,35.3,35.64,156988816
1083331800,35.66,35.8,34.72,34.77,150908880
1083591000,35,35.52,34.89,35.10001,117051376
1083677400,35.21001,35.75,35.03,35.25,126233312
1083763800,35.42,35.7,35.2,35.53,97566816
1083850200,35.2,35.52299,34.85001,35.25999,102722496
1083936600,35.09,35.64,34.91,34.97,137713120
1084195800,34.67,34.89999,34.42,34.67101,157122880
1084282200,34.97,35.38,34.92,35.19,120803632
1084368600,35.12,35.3495,34.27,35.25999,197861312
1084455000,35.06,35.45,34.92,35.00999,138093312
1084541400,35.2,35.314,34.64,34.75,133742880
1084800600,34.38,34.61501,34.11,34.42,150694880
1084887000,34.66,34.89999,34.60001,34.73,96712000
1084973400,35.16,35.511,34.63499,34.69,141760496
1085059800,34.78,35.02,34.56,34.85001,95036000
1085146200,35.02,35.17,34.73801,35.019,111482368
1085405400,35.3,35.46001,35,35.25999,100146496
1085491800,35.14999,36.08,34.94901,35.96001,146419680
1085578200,35.86,36.19099,35.81,36.19,93840880
1085664600,36.28999,36.5,36,36.42,110216816
1085751000,36.38,36.55,36.21001,36.55,56403296
1086096600,36.25999,36.55,36.11,36.5,90659120
1086183000,36.56,36.66,36.17,36.42,103543808
1086269400,36.3,36.36099,35.82001,35.98,97710688
1086355800,36.35001,36.62,36.17,36.19,91290192
1086615000,36.44,37.10001,36.34,37.05,107680000
1086701400,36.89999,37.19,36.85001,37.10201,72579312
1086787800,36.98,37.05099,36.37,36.57899,98242368
1086874200,36.69,36.84,36.55,36.84,57137008
1087219800,36.61,36.61,36.10001,36.32001,85281184
1087306200,36.56,36.99001,36.56,36.78999,91983504
1087392600,36.75,36.89999,36.64999,36.73,65478608
1087479000,36.64999,36.65601,36.25,36.39,77857376
1087565400,36.3,36.84,36.25999,36.44,78778192
1087824600,36.52,36.63,36.06,36.14999,65453808
1087911000,36.16,36.7,36.015,36.67999,101630496
1087997400,36.57001,37.19,36.50999,37.12,95323312
1088083800,37.02,37.35001,36.92,37.05,92382880
1088170200,37,37.39,36.98,37.33,81028368
1088429400,37.49001,37.52,36.89999,37.021,94237872
1088515800,37.10001,37.59,37.08,37.37,68362368
1088602200,37.45,37.89999,37.35001,37.74001,97879376
1088688600,37.66,37.66,36.77,37.03999,122182816
1088775000,37.03999,37.19,36.63,36.82001,74089872
1089120600,36.60001,36.60001,35.83,36.03,130381184
1089207000,35.96001,36.28999,35.92,36.09599,96161632
1089293400,35.81,36.13,35.55,35.7,108939504
1089379800,35.84,36.03999,35.63,35.75,86044880
1089639000,35.57001,35.69,34.71001,35.60001,81863808
1089725400,35.69,35.81,35.41,35.55,81627872
1089811800,35.2,35.64999,35.05,35.19,119867680
1089898200,35.32001,35.49001,35.06,35.07001,90553504
1089984600,35.44,35.45,34.619,34.67,120434128
1090243800,34.78,34.97,34.47,34.60001,106431632
1090330200,34.74001,35.58701,34.71001,35.42999,120053872
1090416600,35.59,35.64999,34.34,34.39999,136156320
1090503000,34.48,35.11,34.25,34.87,132842496
1090589400,34.64,34.66,34.03,34.21001,107145184
1090848600,34.24001,34.41,33.7,34.06,113051312
1090935000,34.19,34.71001,34.03999,34.53,103529376
1091021400,34.41,34.62601,33.81,34.38,155066192
1091107800,34.71001,34.92,34.5,34.78,99079184
1091194200,34.75999,35.10001,34.64999,34.89,83039808
1091453400,34.61,35.02,34.46001,34.96001,81363008
1091539800,34.84,34.92999,34.188,34.23,85839184
1091626200,34.14999,34.461,34.00999,34.24001,86875312
1091712600,34.35001,34.39999,33.59801,33.60001,109939184
1091799000,33.39999,33.41,32,32.72,148859808
1092058200,32.81,32.96001,32.64999,32.8,78649008
1092144600,32.97,33.48199,32.92,33.21001,106347120
1092231000,32.85001,33.03999,32.55,32.92,121295680
1092317400,32.69,32.85699,32.37,32.47,114044000
1092403800,32.64999,32.74001,32.35001,32.52,91431184
1092663000,32.61,33.19,32.586,32.88699,77887120
1092749400,33.12,33.44,32.98779,33.25999,89590000
1092835800,33.06,33.91,33.00999,33.85001,107996368
1092922200,33.73,33.85001,33.41,33.672,106839008
1093008600,33.57001,34.14101,33.50999,34.00999,92054880
1093267800,34.05,34.27,33.91,34.09,83583872
1093354200,34.25,34.31,33.81,34.08,86881184
1093440600,34.06,34.60001,33.89999,34.55,88421184
1093527000,34.46001,34.55,34.31,34.39999,57789200
1093613400,34.46001,34.67999,34.44,34.56,58623104
1093872600,34.41,34.42999,33.944,33.98,62423200
1093959000,34.02,34.121,33.64999,34.02,81401184
1094045400,33.92999,34.47,33.8,34.27,96703008
1094131800,34.17999,34.88,34.16,34.78,83288624
1094218200,34.44,34.67,34.05,34.14101,90264816
1094563800,34.39999,34.61,34.12,34.42999,96621808
1094650200,34.31,34.67999,34.17999,34.299,101706816
1094736600,34.45,34.75,34.13,34.59,104577008
1094823000,34.62,35.19,34.47,35.12,108640192
1095082200,35.25,35.72,35.14,35.58,109452816
1095168600,35.45,35.73,35.36,35.63,76928624
1095255000,35.42,35.45,35.10001,35.25301,90500000
1095341400,35.25999,35.57001,35.13,35.32001,67154320
1095427800,35.23,35.52,35.16,35.42999,84071184
1095687000,35.28999,35.77,35.17999,35.433,111328816
1095773400,35.543,35.85001,35.42,35.57001,93737008
1095859800,35.44,35.46001,34.87,34.95,101516192
1095946200,34.98,35.14999,34.877,34.91901,92599184
1096032600,34.99001,35.19,34.75,34.799,103282000
1096291800,34.62,34.74001,34.38,34.5,86108880
1096378200,34.55,34.69,34.23,34.57001,87265184
1096464600,34.56,35.12,34.53,35.08,95886128
1096551000,35.05,35.27,34.89,35.14,74676816
1096637400,35.45,36.14999,35.36,36.10001,118325680
1096896600,36.36,36.62,36.25,36.313,108512624
1096983000,36.23,36.49001,36.16,36.36,89827184
1097069400,36.31,36.95,36.11,36.64999,88007808
1097155800,36.53999,36.67,36.17,36.24001,82456128
1097242200,36.08,36.24001,35.5,35.58,115122624
1097501400,35.69,35.86,35.60001,35.75,51312096
1097587800,35.42999,35.84,35.2,35.69,98308192
1097674200,36.06,36.14,35.42999,35.61,132823120
1097760600,35.69,35.78,35.33,35.45,99445632
1097847000,35.49001,35.856,35.28,35.63,129195008
1098106200,35.50999,36.25,35.39999,36.14,109313312
1098192600,36.38,36.57001,35.78999,35.88,130141504
1098279000,35.83,36.23,35.64999,36.048,106851808
1098365400,36.24001,36.78999,36.10001,36.60001,124414320
1098451800,36.61,36.64999,35.74001,35.8,114377632
1098711000,35.73,35.81,35.49001,35.625,102980000
1098797400,35.64999,35.84,35.41,35.82001,98245184
1098883800,35.84,36.89999,35.71001,36.73,152572880
1098970200,36.67999,37.12,36.57001,36.96001,111151184
1099056600,36.91,37.24001,36.67,36.89999,100828496
1099319400,36.98,37.17999,36.8,37.03799,72528496
1099405800,37.09,37.55,37.00999,37.161,109171680
1099492200,37.77,37.89999,37.14999,37.41,141197632
1099578600,37.25999,37.78,37.11,37.62,112608496
1099665000,38.02,38.16,37.61,37.96001,117078368
1099924200,37.95,38.10001,37.85001,38,66505680
1100010600,37.92999,38.14999,37.81,37.92,85250192
1100097000,37.92999,38.06,37.64,37.78999,95167008
1100183400,37.91,38.38,37.86,38.28999,99805808
1100269800,38.34,38.75999,38.17,38.66,102697504
1100529000,38.64,38.86,38.5,38.83,82736368
1100615400,38.66,38.67999,38.32001,38.593,97452624
1100701800,38.83,39.32001,38.83,39.11,125450128
1100788200,38.98,39.36,38.88699,39.28999,94980192
1100874600,39.24001,39.28999,38.59,38.67999,118558368
1101133800,38.61,39.07001,38.48,39.05,79973120
1101220200,39.00999,39.14999,38.61,38.99001,91926496
1101306600,39.09,39.39,39.07001,39.33,74091008
1101479400,39.37,39.48,39.17,39.21001,31303200
1101738600,39.46001,39.64,38.97,39.203,94786880
1101825000,39.3,39.39,39.06,39.12199,87703872
1101911400,39.27,39.961,39.27,39.92,102435008
1101997800,39.82001,40.39,39.75999,40.07001,122306128
1102084200,40.31,40.59,40.08,40.13,114276496
1102343400,40.12,40.42599,39.91,40.27,70505184
1102429800,40.33,40.5,39.53,39.58,121669504
1102516200,39.66,39.98,38.81,39.81,96436624
1102602600,39.5,40.19,39.24001,40.05,134422560
1102689000,39.85001,40.07001,39.74001,39.92999,86252368
1102948200,40.22,40.34,39.98,40.28,74339248
1103034600,40.25999,40.59,40.25,40.47701,92019744
1103121000,40.49001,40.67999,40.155,40.33,95230000
1103207400,40.32001,40.45,39.82001,39.95,86265056
1103293800,39.64999,39.81,37.21001,39.47501,102214000
1103553000,39.57001,39.771,39.09,39.2,106719872
1103639400,39.38,39.71001,39.278,39.67999,83240688
1103725800,39.535,39.92999,39.48801,39.73,75507440
1103812200,39.61,39.91,39.53999,39.758,45816384
1104157800,39.98,40.02,39.39999,39.59,67278368
1104244200,39.67,40.00101,39.61,39.97,62616688
1104330600,39.92,40.16,39.89999,40.02,50112176
1104417000,40.07001,40.123,39.92999,39.99001,41728208
1104503400,40.03,40.121,39.89999,39.91499,44145568
1104762600,40.08,40.29201,39.37,39.49899,101052192
1104849000,39.69,39.74001,38.55,38.78,136759312
1104935400,38.67999,38.96001,38.47,38.53999,128424256
1105021800,38.63,38.71001,38.34,38.347,103981120
1105108200,38.57001,38.873,38.21001,38.55,123159248
1105367400,38.44,38.87,38.38901,38.53,88824624
1105453800,38.37,38.496,38.069,38.259,107283376
1105540200,38.44,38.60001,38.00999,38.58,127885808
1105626600,38.60001,38.85001,38.00999,38.07001,102117504
1105713000,38.2,38.52,38.19,38.42999,93530064
1106058600,38.28,38.78999,38.22,38.72,92042128
1106145000,38.73,38.75,38.06,38.08,105302880
1106231400,37.64999,37.811,37.32001,37.35001,121107312
1106317800,37.49001,37.55,36.99001,37.05,115496688
1106577000,37.12,37.2,36.46001,36.53,137586432
1106663400,36.77,37.09,36.66,36.71001,120045504
1106749800,36.96001,37.28999,36.82401,37.14999,107711312
1106836200,37.09,37.27,36.87,37.10001,109788752
1106922600,37.21001,37.27,36.62,36.92,111793312
1107181800,37.36,37.53,37.25999,37.39999,89381312
1107268200,37.47,37.64819,37.37,37.52,76815312
1107354600,37.64999,37.73,37.31,37.58,101911120
1107441000,37.38,37.41299,37,37.15401,90926368
1107527400,37.14999,37.82001,37.14999,37.75,99370368
1107786600,37.8,37.91,37.52,37.674,71633056
1107873000,37.64999,38.00999,37.62,37.74001,73225184
1107959400,37.77,37.8,37.065,37.11,93432496
1108045800,37.25999,37.32001,36.88,37.14999,110426560
1108132200,37.06,37.85001,36.927,37.7,108768880
1108391400,37.71001,37.94,37.688,37.869,55056976
1108477800,37.89,38.48,37.82001,38.12,133212256
1108564200,38.03,38.16,37.83,37.98,80616368
1108650600,38.05,38.14,37.42999,37.47,116323056
1108737000,37.48,37.57001,37.25999,37.35001,69387120
1109082600,37.03,37.5482,36.78999,36.89,122635008
1109169000,37.03999,37.07001,36.69701,36.94,95421056
1109255400,36.85001,37.44,36.75999,37.41,99841008
1109341800,37.38,37.7,37.28999,37.62,80143680
1109601000,37.46001,37.60001,36.923,37.22,96018816
1109687400,37.37,37.7,37.33,37.63,79293568
1109773800,37.42999,38.02,37.356,37.61,107985184
1109860200,37.71001,37.73,37.02,37.3,90101312
1109946600,37.59,37.75,37.39999,37.52,86649872
1110205800,37.61,38.28999,37.56,38.06,94886368
1110292200,37.97,38.21001,37.64999,37.67999,89618432
1110378600,37.67,37.92999,37.47,37.57001,98090880
1110465000,37.61,37.67,37.08,37.52,98047632
1110551400,37.69,37.82201,37.0199,37.17,102865440
1110810600,37.24001,37.36,37.0305,37.34,71602368
1110897000,37.44,37.48,36.99001,37.03999,93917504
1110983400,36.92,37.17999,36.53,36.61501,159757440
1111069800,36.60001,36.89,36.53999,36.71001,101801120
1111156200,36.74001,36.785,36.35001,36.50999,109185312
1111415400,36.61,36.75,36.25,36.58,92838624
1111501800,36.63,36.75,36.11,36.13,114134320
1111588200,36.09,36.494,36.07001,36.25999,97524000
1111674600,36.39,36.64999,36.27,36.27,77711680
1112020200,36.41,36.61099,36.31,36.34,59773984
1112106600,36.27,36.58,35.94,36.05,119633312
1112193000,36.23,36.78,36.22,36.73,115019568
1112279400,36.75,36.75,36.44,36.57001,86651184
1112365800,36.82001,36.884,36.13,36.2,143853504
1112621400,36.25999,36.60001,36.03,36.46001,100153680
1112707800,36.5,36.66901,36.41499,36.56,66463056
1112794200,36.66,36.905,36.42,36.5,82219312
1112880600,36.52,36.952,36.50999,36.94,88708944
1112967000,37.02,37.07001,36.60001,36.64,92409808
1113226200,36.75,36.78,36.39999,36.48,71013440
1113312600,36.44,36.74001,35.91,36.66,145341312
1113399000,36.56,36.60001,35.98,36.06,109071056
1113485400,36.08,36.10001,35.5,35.55,158933936
1113571800,35.23,35.37,34.67999,34.74001,170274368
1113831000,34.72,35.10001,34.64,34.75,110713936
1113917400,35.02,35.10001,34.75,34.99001,97511440
1114003800,35.21001,35.28999,34.59,34.70399,140456064
1114090200,35.09,35.71001,34.96001,35.62,125000944
1114176600,35.47,35.47,34.817,35.09,115150752
1114435800,35.3,35.463,35.149,35.375,72220000
1114522200,35.28,35.7,35.03999,35.05,108099440
1114608600,34.87,35.25,34.73,35.10001,112639744
1114695000,34.92999,35.14999,34.72,34.75,98661312
1114781400,35,35.064,34.35001,34.98,144508368
1115040600,35.07001,35.2636,34.886,35.12,68205376
1115127000,35.05,35.60001,35.03,35.3,104075312
1115213400,35.28999,35.832,35.24001,35.728,90934880
1115299800,35.75999,35.924,35.53,35.75999,79625248
1115386200,35.97,36.02,35.72301,35.85699,77397632
1115645400,35.87,36.06,35.657,36.03,66371680
1115731800,35.85001,35.96001,35.619,35.76601,77475632
1115818200,35.83,36.026,35.3,35.95,132093936
1115904600,36.00999,36.2,35.65601,35.85001,116671440
1115991000,35.99001,36.47,35.888,36.24001,133310000
1116250200,36.24001,36.53799,36.13,36.48399,79136944
1116336600,36.349,36.74001,36.21001,36.7,91709008
1116423000,36.8,37.36,36.71001,37.2,128146752
1116509400,37.3,37.52,37.2,37.51199,93998432
1116595800,37.45,37.69,37.35001,37.66,66708496
1116855000,37.66,37.98599,37.60001,37.85001,93084816
1116941400,37.75,38,37.7,37.97,100988432
1117027800,37.83,37.881,37.59,37.81,76490880
1117114200,37.98,38.27,37.98,38.19,84087872
1117200600,38.14999,38.25,38.02,38.21001,50134128
1117546200,38.19,38.24001,37.92,38.08,75294944
1117632600,38.03,38.67999,38.02,38.41,110985248
1117719000,38.33,38.66,38.3,38.66,76148752
1117805400,38.63,38.64,38.02,38.10001,97066496
1118064600,38.12,38.19,37.96001,38.11,53078544
1118151000,38.14999,38.47099,37.73801,37.78999,109623120
1118237400,37.88,37.95,37.56,37.71001,79250432
1118323800,37.66,38.06,37.5,37.95,99440624
1118410200,37.89999,37.89999,37.38,37.547,86005680
1118669400,37.48,37.95,37.46001,37.73,82360368
1118755800,37.69,37.84,37.5,37.58,62764608
1118842200,37.83,37.87,37.25,37.7,104082256
1118928600,37.74001,38,37.66,37.89999,90509312
1119015000,38.12,38.21001,37.75,37.87,89171248
1119274200,37.72,38.08,37.58,37.87,68165248
1119360600,37.83,38.011,37.7,37.85001,97916256
1119447000,38.00999,38.10001,37.63,37.81,75517504
1119533400,37.88,38.17999,37.33,37.39,122223744
1119619800,37.38,37.41,36.95799,36.97,142330000
1119879000,36.95,37.06,36.7,36.8,72888192
1119965400,36.95,37.25999,36.89999,37.14999,73382064
1120051800,37.25,37.25999,36.97,37.06799,71580368
1120138200,37.14,37.21001,36.75,36.78,87963248
1120224600,36.86,37.00101,36.67999,36.72501,55292736
1120570200,36.64,37.19,36.60001,37.11,79288688
1120656600,37.03,37.28,36.864,36.92999,79331936
1120743000,36.58,37.09,36.5498,37.06,120216320
1120829400,37.08,37.81,36.993,37.77,101469248
1121088600,37.87,38.16,37.8,38.12,96455504
1121175000,38.12,38.46001,38.00999,38.3,86105568
1121261400,38.33,38.42999,38.17,38.39,72552496
1121347800,38.64999,38.88,38.52,38.77,103210944
1121434200,38.85001,39,38.649,38.89,67732880
1121693400,38.75999,38.89,38.688,38.733,59117168
1121779800,38.92,39.196,38.84,39.17999,78687504
1121866200,38.94,39.57001,38.89999,39.46001,91982320
1121952600,39.56,39.69299,39.21001,39.47,127792688
1122039000,39.46001,39.59,39.22,39.42,71717376
1122298200,39.44,39.62601,39.2,39.27,52058528
1122384600,39.36,39.53,39.19,39.42,69662880
1122471000,39.44,39.75999,39.226,39.72,83631440
1122557400,39.75,39.92101,39.64,39.91,67122752
1122643800,39.87,39.92,39.52,39.575,74758624
1122903000,39.64,39.83,39.52,39.64999,59877296
1122989400,39.69,40.14,39.65401,40.08,79724688
1123075800,39.89,40.13,39.88,40.06,61975632
1123162200,39.88,39.94,39.57001,39.673,72061744
1123248600,39.61,39.78999,39.427,39.48,71262816
1123507800,39.52,39.61,39.14,39.19,64634752
1123594200,39.37,39.59,39.306,39.45,64615440
1123680600,39.55,39.685,38.97,39.11,104471008
1123767000,39.13,39.541,39.10001,39.43201,93638064
1123853400,39.12,39.32001,38.97,39.21001,86470128
1124112600,39.14,39.63,39.077,39.446,63066320
1124199000,39.3,39.33,38.74001,38.81,94913008
1124285400,38.92,39.17,38.78999,39.03999,75633808
1124371800,38.87,39.10001,38.77,38.843,72727120
1124458200,38.89,39.00101,38.78999,38.82001,52177680
1124717400,38.88,39.17999,38.597,38.84,93266688
1124803800,38.84,38.92,38.61,38.73,57532048
1124890200,38.649,39.17999,38.46001,38.5,95038000
1124976600,38.53,38.692,38.49001,38.588,52338688
1125063000,38.53,38.60001,38.27,38.4599,63884160
1125322200,38.25999,38.85001,38.25999,38.75999,74971184
1125408600,38.56,38.655,38.32001,38.62,87506256
1125495000,38.64,39.00999,38.478,38.98,93452000
1125581400,38.99001,39.14999,38.78,38.92,74917184
1125667800,38.98,39.03101,38.74001,38.77,53270336
1126013400,38.94,39.41,38.89999,39.34,78129744
1126099800,39.3,39.479,39.21001,39.409,57470400
1126186200,39.28999,39.57001,39.27,39.39999,73544560
1126272600,39.41,39.69,39.31,39.619,75389936
1126531800,39.63,39.86301,39.58,39.73,51700992
1126618200,39.679,39.91,39.53999,39.63,66186128
1126704600,39.64999,39.67999,39.14999,39.17999,98671680
1126791000,39.25999,39.34,39.05,39.16,80476192
1126877400,39.25,39.46001,39.10899,39.39999,71052752
1127136600,39.32001,39.38,38.91,39.09,73395504
1127223000,39.16,39.541,38.80901,38.92999,115514320
1127309400,38.82001,38.87,38.47,38.5,116424064
1127395800,38.44,38.73,38.24001,38.64,119165184
1127482200,38.5,38.88,38.41,38.75,70170128
1127741400,38.97,39.03,38.55,38.75999,69345120
1127827800,38.8,38.89999,38.50999,38.67,64094336
1127914200,38.77,38.95,38.558,38.67999,72059504
1128000600,38.63,39.211,38.44501,39.2,117774064
1128087000,39.16,39.48,39.13,39.46001,79260128
1128346200,39.55,39.75,39.50999,39.56,81694192
1128432600,39.62,39.88,39.28999,39.3,85379632
1128519000,39.31,39.34,38.73,38.75999,106227376
1128605400,38.73,38.86,37.92,38.25,162273376
1128691800,38.41,38.57001,38.179,38.34,91132560
1128951000,38.28999,38.461,38.06,38.13,64031808
1129037400,38.21001,38.24001,37.8,37.94,114769632
1129123800,37.75999,38.056,37.42999,37.487,146123808
1129210200,37.47,37.91,37.33,37.78,138583632
1129296600,37.87,38.07001,37.64,38.06,131480624
1129555800,38.06,38.19,37.82001,38.17999,64214160
1129642200,38.14,38.17999,37.91,37.91,88096064
1129728600,37.74001,38.672,37.61,38.67,132942256
1129815000,38.67,38.85001,38.10001,38.306,132676944
1129901400,38.69901,38.86,38.3288,38.55,110053008
1130160600,38.71201,39.181,38.467,39.16,111785120
1130247000,39.08,39.19009,38.77,39.00999,86963936
1130333400,38.96001,39.274,38.75999,38.81,90028064
1130419800,38.78,38.8,38.03,38.03,135443120
1130506200,38.17,38.392,37.92,38.32201,95367504
1130769000,38.42999,39.05,38.42,38.87,115431008
1130855400,38.75999,39.00999,38.71001,38.84,73633504
1130941800,38.72501,39.46001,38.71001,39.347,101555808
1131028200,39.74001,40.0901,39.67999,39.94,137054000
1131114600,39.994,40.23,39.84,40.08,100944432
1131373800,40.2,40.28999,39.95,40.13,65366512
1131460200,40.064,40.35001,39.99001,40.14,78859632
1131546600,40.13,40.33,40.03,40.159,72458752
1131633000,40.17999,40.69,39.92,40.60001,120763056
1131719400,40.77,40.918,40.67999,40.71001,80107120
1131978600,40.75999,40.86,40.603,40.714,53652320
1132065000,40.73,40.89999,40.38,40.52,79543440
1132151400,40.64999,40.78,40.46001,40.76801,65912624
1132237800,40.91,41.32001,40.85001,41.30701,94448320
1132324200,41.5,41.651,41.0253,41.45,108820128
1132583400,41.397,41.58099,41.24001,41.549,69731376
1132669800,41.45,41.87,41.36,41.7,88819184
1132756200,41.73,42.02,41.71001,41.8,64101104
1132929000,41.84,41.94,41.73,41.89,22930176
1133188200,41.96001,42,41.5,41.53999,74716192
1133274600,41.75999,41.85001,41.34,41.343,77444752
1133361000,41.28999,41.49001,41.189,41.24001,88044368
1133447400,41.50999,42.05,41.5,42.007,91914064
1133533800,41.94,42.133,41.87,42.10699,72929184
1133793000,42.05,42.06,41.629,41.8,61585504
1133879400,42.03999,42.31,41.89999,41.936,81509376
1133965800,42.00999,42.03,41.629,41.86,83885440
1134052200,41.96001,42,41.27,41.561,112043184
1134138600,41.571,41.77,41.3799,41.715,56531744
1134397800,41.87,41.94,41.67999,41.867,44869984
1134484200,41.83,42.211,41.75999,42.045,76611632
1134570600,41.97,42.09599,41.70799,41.899,73581568
1134657000,42,42.07001,41.608,41.97,72678256
1134743400,41.87,41.94,41.549,41.58,63742944
1135002600,41.69,41.71001,40.89999,40.92,75415008
1135089000,40.94,41.14999,40.75,40.95,70257632
1135175400,41.02,41.41,40.95,41.13,68934944
1135261800,41.11,41.46201,40.98,41.397,59156976
1135348200,41.50999,41.59,41.299,41.403,38000400
1135693800,41.5,41.67999,40.97,41.03799,55669200
1135780200,41.06,41.23,40.87,40.99001,50315392
1135866600,41.03,41.12,40.64999,40.72,47308160
1135953000,40.55,40.58,40.36,40.412,60052832
1136298600,40.64,41.49001,40.16,41.31,109422192
1136385000,41.39999,41.74001,41.3158,41.74001,92780128
1136471400,41.75,42,41.7065,41.92,77692064
1136557800,42.25999,42.7,42.06,42.67999,110120944
1136817000,42.64999,42.9201,42.52,42.8499,80775248
1136903400,42.64,42.92,42.55,42.88,84420432
1136989800,43.00999,43.31,42.87,43.21001,100777632
1137076200,43.14999,43.28999,42.85001,43,82429120
1137162600,42.94,43.05,42.73,42.98,64586064
1137508200,42.67,42.78999,42.5,42.7,78109632
1137594600,42.03999,42.46001,42.02,42.21001,122426496
1137681000,42.39999,42.82001,42.28999,42.52,111105184
1137767400,42.45,42.49001,41.14999,41.25,188671120
1138026600,41.36,41.45,41.08,41.25999,111432064
1138113000,41.36,41.7,41.31,41.44,77967248
1138199400,41.64,41.67,41.08,41.25999,99830944
1138285800,41.52,41.69,41.23,41.55,112779808
1138372200,41.81,42.39,41.74001,42.11,110836128
1138631400,42.14,42.32001,42.07001,42.19,53942768
1138717800,42.14,42.27,41.81,42,101424256
1138804200,41.75999,42.17,41.7,42.14999,89240256
1138890600,42.03,42.08,41.41,41.42999,94051504
1138977000,41.11,41.23,40.78,40.92,121104000
1139236200,40.89,41.00999,40.59,40.81,58171408
1139322600,40.74001,40.92999,40.44,40.63,87377376
1139409000,40.925,41.14999,40.69,41.10001,89928256
1139495400,41.2,41.37,40.63,40.71001,78220256
1139581800,40.69,41.06,40.25999,40.96001,102575872
1139841000,40.72,40.74001,40.3,40.49001,70656000
1139927400,40.55,41.02,40.41,40.89999,94758496
1140013800,40.77,41.25999,40.73,41.16,92268320
1140100200,41.31,41.55,41.14999,41.53999,103879184
1140186600,41.46001,41.46001,41.2,41.21001,81770128
1140532200,41.22,41.27,40.61,40.75,85106064
1140618600,40.81,41.53999,40.67999,41.25999,90997680
1140705000,41.22,41.53999,41.08,41.14999,66530560
1140791400,41.14999,41.28999,41.00999,41.25999,57087920
1141050600,41.37,41.87,41.33,41.72,64960240
1141137000,41.59,41.72,40.97,41.10001,117638944
1141223400,41.22,41.7701,41.14999,41.66,80979376
1141309800,41.55,41.84,41.41,41.69,69878128
1141396200,41.44,42.00999,41.39,41.45,112081680
1141655400,41.53,41.63,40.96001,41.09,99593632
1141741800,41.03,41.07001,40.64999,40.85001,96498128
1141828200,40.77,41.09,40.5,40.87,104013376
1141914600,41,41.1501,40.47,40.52,108641568
1142001000,40.48,40.78999,40.19,40.56,124486256
1142260200,40.75999,40.94,40.62,40.67999,69171056
1142346600,40.64999,41.42,40.64,41.37,118215312
1142433000,41.53,41.72,41.32001,41.72,84396128
1142519400,41.85001,41.9201,41.33,41.37,101385936
1142605800,41.32001,41.59,41.23,41.45,78228432
1142865000,41.58,41.67999,41.39999,41.55,60240176
1142951400,41.50999,42.00999,41.08,41.11,136566000
1143037800,40.88,41.28,40.86,41.21001,112323504
1143124200,41.09,41.22,40.82001,41.09,75220688
1143210600,41.23,41.50011,41.02,41.3,81809184
1143469800,41.28,41.50999,41.24001,41.31,54405616
1143556200,41.37,41.67,40.99001,41.14,100534368
1143642600,41.2,42.10001,41.17,41.92,130733504
1143729000,42,42.30009,41.78999,42.05,115943440
1143815400,42.14,42.19,41.84,41.92999,71090432
1144071000,42.14999,42.37,41.89999,41.98,80733312
1144157400,42.035,42.31,41.92999,42.21001,90039808
1144243800,42.3,42.67,42.21001,42.61,91662256
1144330200,42.58,42.94,42.4404,42.73,91713008
1144416600,42.895,43.05,42.3,42.32001,116609376
1144675800,42.39999,42.5,42.09,42.25999,58988048
1144762200,42.39999,42.42999,41.71001,41.92,91488624
1144848600,41.95,42.08,41.8,41.92999,58884688
1144935000,41.89999,42.33,41.78999,42.10001,63482400
1145280600,42.03999,42.21001,41.39,41.66,104085120
1145367000,41.785,42.56,41.77,42.46001,124333376
1145453400,42.53999,42.64999,42.3,42.64999,79128320
1145539800,42.62,42.82001,42.38,42.5,81413008
1145626200,42.67,42.86,41.82001,42,130187008
1145885400,41.96001,42.07001,41.72,41.96001,78556496
1145971800,42.08,42.10001,41.64999,41.87,77660816
1146058200,41.87,42.06,41.7,41.86,82566688
1146144600,41.67,42.49001,41.5,42.25999,174122000
1146231000,42,42.22,41.78,41.85001,88883248
1146490200,41.92999,42.3,41.31,41.44,92933680
1146576600,41.61,41.73,41.39999,41.55,85173568
1146663000,41.58,41.64,41.28,41.49001,74982432
1146749400,41.53,41.99001,41.53,41.83,88713504
1146835800,42.11,42.2101,41.94,42.16,80394368
1147095000,42.08,42.28,42.07001,42.2,45093328
1147181400,42.10001,42.1801,41.97,42.03999,48566784
1147267800,41.92999,41.98,41.55,41.67,92440496
1147354200,41.63,41.64999,40.63,40.74001,141027568
1147440600,40.57001,40.75999,39.96001,40.19,153954432
1147699800,40.03,40.34,39.78999,40.16,127902496
1147786200,40.16,40.25999,39.77,39.86,132405504
1147872600,39.67999,39.81,39.23,39.32001,207927808
1147959000,39.49001,39.66,39,39.05,139722880
1148045400,39.17999,39.47,38.75,39.35001,194311808
1148304600,39.02,39.24001,38.62,38.97,169606624
1148391000,39.25999,39.3801,38.57001,38.59,142649440
1148477400,38.53,39.03999,38.23,38.85001,234998192
1148563800,39.08,39.38,38.82001,39.36,123529872
1148650200,39.45,39.58,39.23,39.49001,91329312
1148995800,39.31,39.33,38.61,38.64,105610192
1149082200,38.72,39.06,38.53999,38.82001,137104496
1149168600,38.91,39.74001,38.84,39.74001,119438752
1149255000,39.97,40,39.31,39.642,128865504
1149514200,39.55,39.56,38.78,38.78,103300560
1149600600,38.85001,38.95,38.35001,38.75,127304192
1149687000,38.8,39.17,38.45,38.46001,130867568
1149773400,38.27,38.56,37.49001,38.39999,280562176
1149859800,38.53999,38.74001,38.11,38.14999,144146192
1150119000,38.2,38.25999,37.39,37.39999,145634496
1150205400,37.52499,37.8,37.16,37.25,207140256
1150291800,37.36,37.71001,37.2,37.63,201888256
1150378200,37.84,38.78999,37.8,38.64999,200727632
1150464600,38.55,38.67999,38.2,38.34,120017376
1150723800,38.5,38.53999,37.91,38.03,129464816
1150810200,38.09,38.48,37.94,38.08,102888560
1150896600,38.14,38.99001,38.13,38.67999,129566320
1150983000,38.60001,38.67999,37.99001,38.19,143831504
1151069400,38.16,38.53,37.92999,38.14999,88050192
1151328600,38.17,38.39,38.07001,38.25,65157616
1151415000,38.28,38.33,37.49001,37.53,128227504
1151501400,37.63499,37.84,37.38,37.81,91578368
1151587800,37.96001,38.96001,37.89999,38.96001,182431056
1151674200,39.12,39.14,38.67999,38.77,82721248
1151933400,38.88,39,38.81,39,21598544
1152106200,38.64,38.67999,38.09,38.14999,93732128
1152192600,38.25999,38.48,38.00999,38.11,70634560
1152279000,37.89,38.17,37.57001,37.69,108071632
1152538200,37.78999,37.92999,37.17,37.36,105125936
1152624600,37.28,37.74001,37.08,37.64,136121568
1152711000,37.56,37.64,36.84,36.92999,154458880
1152797400,36.66,37.03999,36.31,36.31,177745440
1152883800,36.31,36.38,35.78999,35.94,172448496
1153143000,35.955,36.25,35.87,36.03,134358064
1153229400,36.22,36.33,35.53999,36.14999,207274688
1153315800,36.10001,36.83,36.09,36.62,193014688
1153402200,36.745,36.8,36.03999,36.08,152346624
1153488600,35.88,35.96001,35.62,35.7,119379872
1153747800,35.85001,36.4301,35.8,36.41,130301504
1153834200,36.47,36.74001,36.24001,36.62,108869568
1153920600,36.5,36.87,36.23,36.59,107193120
1154007000,36.73,37.03999,36.25,36.35001,99707248
1154093400,36.55499,37.14,36.5,37.11,93570320
1154352600,37.08,37.32001,36.89,37.10001,78096496
1154439000,36.78999,36.8,36.25999,36.48,98573504
1154525400,36.61,37.13,36.61,36.89,87399008
1154611800,36.53999,37.34,36.48,37.12,99296000
1154698200,37.425,37.63,36.62,36.95,123504688
1154957400,36.92,36.94,36.53,36.71001,69670944
1155043800,36.81,36.89999,36.25999,36.48,124510752
1155130200,37.00999,37.31,36.42999,36.53,145388256
1155216600,36.455,36.88,36.31,36.78999,102511936
1155303000,36.64999,36.69,36.37,36.53,86930496
1155562200,36.86,37.27,36.7,36.77,109350752
1155648600,37.22,37.75,37.09,37.7,133719808
1155735000,37.99001,38.61,37.84,38.58,135470064
1155821400,38.47,38.98,38.44,38.73,129697872
1155907800,38.64999,38.83,38.28,38.78999,97774816
1156167000,38.47,38.56,38.25999,38.42,66671680
1156253400,38.36501,38.81,38.2,38.42999,102133248
1156339800,38.47,38.67,37.92,38.14,96067504
1156426200,38.25999,38.35001,37.92,38.25,79002000
1156512600,38.17,38.64,38.06,38.32001,73588192
1156771800,38.28,38.78999,38.24001,38.61,80085872
1156858200,38.58,38.75999,38.17999,38.73,104869184
1156944600,38.74001,39.03,38.60001,38.91,75714752
1157031000,38.94,39.03,38.75999,38.87,61215488
1157117400,39.07001,39.21001,38.89999,39.08,69390560
1157463000,39.11,39.48,38.85001,39.46001,85588624
1157549400,39.08,39.19,38.61,38.67,97898560
1157635800,38.57001,38.89999,38.36,38.4799,115901248
1157722200,38.53999,38.82001,38.46001,38.72,96630000
1157981400,38.41,39.14999,38.3199,38.96001,142377744
1158067800,38.95,39.8,38.95,39.67999,124108432
1158154200,39.73,39.98199,39.63,39.96001,116096192
1158240600,39.85001,40.22,39.75999,39.99001,98116000
1158327000,40.35001,40.46001,40,40.11,137846000
1158586200,40.12,40.39999,39.94,40.11011,117821632
1158672600,40.24001,40.25,39.52,39.85001,159077184
1158759000,40.2,40.53999,40.19,40.42999,116644064
1158845400,40.52,40.67,40.08,40.17999,126895936
1158931800,40.14999,40.16,39.7,39.87,101036320
1159191000,40.05,40.66,39.67999,40.57001,136551744
1159277400,40.52,40.8,40.39999,40.77,113548944
1159363800,40.705,40.95,40.5,40.72,113144192
1159450200,40.77,40.89,40.42999,40.83,86020000
1159536600,40.89,40.92999,40.62,40.64999,85447808
1159795800,40.60001,40.7,40.08,40.14,97139184
1159882200,40.05,40.48,39.88,40.31,116268368
1159968600,40.22,41.31,40.14,41.3,149487184
1160055000,41.28,41.56,41.17999,41.5,92177184
1160141400,41.38,41.56,41.24001,41.41,85451568
1160400600,41.375,41.74001,41.32001,41.55,62817040
1160487000,41.61,41.75,41.31,41.62,98189568
1160573400,41.42999,41.83,41.17,41.53999,136568064
1160659800,41.75999,42.25,41.7,42.23,95322560
1160746200,42.22,42.52,42.14,42.42999,80470128
1161005400,42.42999,42.62,42.39999,42.45,62026736
1161091800,42.17,42.2,41.75999,42,146149120
1161178200,42.22,42.31,41.64999,41.8,121156320
1161264600,41.69,42.11011,41.59,41.89999,108220432
1161351000,42.05,42.084,41.64,42,105456128
1161610200,41.92,42.58,41.82001,42.42999,126988944
1161696600,42.28999,42.45,41.92,42.13,103668368
1161783000,42.14,42.52,42.05,42.42999,125404000
1161869400,42.57001,42.92,42.22,42.82001,130818368
1161955800,42.73,42.82001,42.08,42.21001,129374944
1162218600,42.17,42.64999,42.06,42.48,103951248
1162305000,42.56,42.75999,42.31,42.58,135825504
1162391400,42.73,42.77,41.82001,42,148966624
1162477800,41.815,42.14,41.74001,42.03999,100228064
1162564200,42.10001,42.19,41.61,41.92999,119295808
1162823400,42.06,42.71001,42.06,42.53999,101354944
1162909800,42.53,43.09,42.47,42.83,139877120
1162996200,42.58,43.2,42.47,43.03,180439312
1163082600,43.27,43.35001,42.67,42.8,124279936
1163169000,42.825,43.03999,42.67,43.03,82421680
1163428200,43.06,43.53999,43,43.46001,89165312
1163514600,43.5,43.97,43.24001,43.92999,121965248
1163601000,43.985,44.39999,43.92,44.11,116575808
1163687400,44.25,44.42,44.02,44.3,113541056
1163773800,44.06,44.3,43.95,44.3,95171632
1164033000,44.16,44.48,44.00999,44.39,107197504
1164119400,44.42,44.50999,44.25,44.45,68135312
1164205800,44.58,44.75,44.25999,44.73,69867632
1164378600,44.39999,44.86,44.38,44.64999,51794512
1164637800,44.52,44.61,43.64,43.66,159521248
1164724200,43.52,43.84,43.34,43.77,118270432
1164810600,44,44.17999,43.66,44.07001,139546192
1164897000,44.05,44.28,43.78999,44.03999,124969936
1164983400,44,44.35001,43.25999,43.66,144574944
1165242600,43.78999,44.48,43.78999,44.25999,89957504
1165329000,44.39,44.55,44.19,44.42,84708496
1165415400,44.28999,44.39999,44.07001,44.25999,78243936
1165501800,44.34,44.48,43.7,43.7,124961632
1165588200,43.57001,44.25999,43.47,43.89999,133805504
1165847400,43.83501,44.37,43.75,44.06,72938752
1165933800,44.03,44.13,43.56,43.8,111239632
1166020200,44.105,44.11,43.62,43.88,79035312
1166106600,43.97,44.57001,43.94,44.37,109111120
1166193000,44.66,44.75999,44.35001,44.42999,99944432
1166452200,44.58,44.75,43.8,43.99001,121593056
1166538600,43.64999,44.06,43.38,43.85001,136540256
1166625000,43.89,44.11,43.67,43.69,67318560
1166711400,43.75999,43.78999,43.21001,43.38,102955376
1166797800,43.39,43.41,42.92999,42.92999,92861872
1167143400,42.92999,43.12,42.88,43.11,50857344
1167229800,43.19,43.39999,43.10001,43.33,54128640
1167316200,43.2,43.38,43.05,43.12,69024256
1167402600,43.21001,43.61,43.12,43.16,75163504
1167834600,43.46001,44.06,42.52,43.24001,167740256
1167921000,43.3,44.21001,43.14999,44.06,136881936
1168007400,43.92999,43.95,43.48,43.85001,138981632
1168266600,43.88,44.12,43.64,43.88,106445680
1168353000,44,44.28999,43.63,44.10001,121616368
1168439400,43.96001,44.66,43.82001,44.62,121114816
1168525800,44.71001,45.24001,44.64999,45.08,174062256
1168612200,45.02,45.35001,44.97,45.31,104220432
1168957800,45.33,45.39999,45.13,45.28,95896432
1169044200,45.09,45.28999,44.83,44.91,127569936
1169130600,44.78999,44.84,43.95,44.08,189062560
1169217000,43.98,44.28011,43.91,44.17,127558064
1169476200,44.21001,44.23,43.50999,43.69,123465248
1169562600,43.64,43.9801,43.5,43.58,133213744
1169649000,43.87,44.32001,43.77,44.3,117660688
1169735400,44.37,44.47,43.58,43.73,158405312
1169821800,43.81,43.83,43.28999,43.57001,146284256
1170081000,43.45,43.91,43.39999,43.61,104197008
1170167400,43.67999,43.78999,43.52,43.63,69951248
1170253800,43.60001,44.19,43.33,44.07001,157934880
1170340200,44.27,44.39999,43.85001,44.02,147389440
1170426600,44.11,44.25,43.94,44.16,98188880
1170685800,44.14,44.36,43.96001,44.12,96371504
1170772200,44.2,44.23,43.64,44.05,121128496
1170858600,44.28999,44.64999,44.12,44.46001,117932944
1170945000,44.39,44.60001,44.23,44.45,89539008
1171031400,44.57001,44.72,43.73,43.84,133482752
1171290600,43.88,43.89,43.59,43.7,126940000
1171377000,43.78999,44,43.7,43.86,93679632
1171463400,44.05,44.71001,44.03999,44.60001,133439008
1171549800,44.63,44.86,44.55,44.86,110463568
1171636200,44.67999,44.83,44.57001,44.71001,72352432
1171981800,44.64999,45.12,44.42999,45.05,93673936
1172068200,44.92,45.21001,44.83,45.19,95875568
1172154600,45.36,45.55,45.07001,45.42,116330064
1172241000,45.41499,45.46001,45.06,45.25999,113475808
1172500200,45.48,45.5,44.75999,45.03999,102242624
1172586600,44.36,44.48,43.06,43.19,317927936
1172673000,43.16,43.75999,42.92999,43.33,217497056
1172759400,42.55,43.53999,42.24001,43.13,231931936
1172845800,42.78,43.14,42.47,42.48,183383248
1173105000,42.16,42.8,42.06,42.14999,172004192
1173191400,42.56,42.99001,42.5,42.85001,155643568
1173277800,42.86,42.98,42.64999,42.67999,116592880
1173364200,43.13,43.24001,42.84,42.97,121036816
1173450600,43.33,43.34,42.64999,42.92999,128609312
1173706200,42.88,43.28,42.83,43.21001,81347808
1173792600,43,43.24001,42.36,42.37,171185376
1173879000,42.42999,43,42.10001,42.99001,192476944
1173965400,42.89999,43.06,42.72,42.89,111608432
1174051800,42.94,43.03999,42.61,42.83,108331312
1174311000,43.06,43.39,42.95,43.27,95920064
1174397400,43.25999,43.59,43.21001,43.58,81025056
1174483800,43.63,44.44,43.35001,44.42,173902320
1174570200,44.44,44.45,44.09,44.25999,114877056
1174656600,44.25999,44.37,44.07001,44.12,68602688
1174915800,44.14,44.32001,43.63,44.3,114239440
1175002200,44.23,44.24001,43.95,43.99001,76552064
1175088600,43.785,44.03,43.50999,43.52,144630256
1175175000,43.84,43.85001,43.10001,43.57001,124430560
1175261400,43.56,43.87,43.2215,43.53,120431744
1175520600,43.67,43.75999,43.3,43.59,89618064
1175607000,43.82001,44.31,43.78999,44.16,105852944
1175693400,44.2,44.38,44.13,44.34,85167056
1175779800,44.28999,44.58,44.23,44.56,54245328
1176125400,44.71001,44.75,44.38,44.45,63054144
1176211800,44.44,44.67999,44.41,44.67999,76420192
1176298200,44.64,44.66,44.07001,44.21001,116874432
1176384600,44.13499,44.62,43.95,44.56,114810496
1176471000,44.57001,44.72,44.28999,44.64999,94573440
1176730200,44.83,45.14999,44.83,45.06,73009632
1176816600,45.14,45.2,44.96001,45.16,81867808
1176903000,44.92999,45.23,44.83,45.00999,82028560
1176989400,44.81,45.25,44.72,45.14999,95458496
1177075800,45.52,45.67,45.2,45.39999,122425312
1177335000,45.44,45.60001,45.34,45.47,85394192
1177421400,45.63,45.83,45.33,45.7,108180320
1177507800,45.85001,46.32001,45.7,46.31,106889872
1177594200,46.42,46.64999,46.33,46.55,99400752
1177680600,46.37,46.7,46.28999,46.57001,96556880
1177939800,46.5,46.53,45.92,45.96001,93433808
1178026200,45.97,46.14,45.66,46.11,135060560
1178112600,46.09,46.58,46.05,46.42,91980944
1178199000,46.53,46.72,46.42999,46.59,98013808
1178285400,46.77,46.89,46.42,46.63,93601568
1178544600,46.64999,46.78,46.57001,46.63,47671504
1178631000,46.47,46.77,46.3,46.73,95182560
1178717400,46.49001,46.97,46.46001,46.83,116026560
1178803800,46.67,46.78,46.07001,46.19,171249008
1178890200,46.24001,46.78,46.17999,46.78,102189248
1179149400,46.77,46.88,46.19,46.46001,118943632
1179235800,46.41,46.7,45.99001,46.10001,179469632
1179322200,46.21001,46.56,45.91,46.55,144717440
1179408600,46.5,46.57001,46.28999,46.33,110221872
1179495000,46.48,46.71001,46.38,46.71001,104965936
1179754200,46.74001,47.24001,46.67,47.00999,112880752
1179840600,47.03999,47.28,46.87,47.05,98131008
1179927000,47.19,47.37,46.8,46.83,119406368
1180013400,46.855,47.03999,45.97,46.16,206285184
1180099800,46.25999,46.56,46.17999,46.45,87143120
1180445400,46.49001,46.86,46.41,46.81,99706000
1180531800,46.48,47.2,46.35001,47.19,134470560
1180618200,47.32001,47.52,47.21001,47.41,110695248
1180704600,47.58,47.77,47.37,47.44,125090688
1180963800,47.27,47.64,47.24001,47.58009,65379888
1181050200,47.42999,47.58,47,47.58,151167632
1181136600,47.37,47.38,46.9614,47.07001,183196944
1181223000,46.91,47.21001,46.32001,46.3399,221448496
1181309400,46.33,46.92999,46.16,46.91,177603376
1181568600,46.89,47.19,46.75999,46.82001,97135184
1181655000,46.57001,47.03999,46.45,46.53999,154028000
1181741400,46.74001,47.09,46.53999,47.05,147994432
1181827800,47.10001,47.49001,47.09,47.36,101547440
1181914200,47.75,47.87,47.64999,47.73,100395248
1182173400,47.85001,47.87,47.67,47.77,75748192
1182259800,47.63,47.86,47.50999,47.75999,109648624
1182346200,47.83,47.92,47.24001,47.31,161910128
1182432600,47.30499,47.78999,47.08,47.74001,143186256
1182519000,47.64,47.71001,47.14,47.28999,153411744
1182778200,47.31,47.58,46.82001,47.09,136607440
1182864600,47.32001,47.32001,46.74001,46.82001,128146496
1182951000,46.74001,47.56,46.7,47.53999,141226256
1183037400,47.52,47.85001,47.47,47.52,116577568
1183123800,47.78999,47.88,47.21001,47.60001,124789248
1183383000,47.71001,48.048,47.67999,48.00999,80904816
1183469400,48.10001,48.32001,48.03999,48.31,34793232
1183642200,48.35001,48.77,48.28999,48.66,73578192
1183728600,48.71001,48.91,48.5,48.86,65805504
1183987800,48.89999,48.98,48.72,48.89,66769120
1184074200,48.62,48.89999,48.42999,48.48,104391312
1184160600,48.37,48.81,48.32001,48.81,99583568
1184247000,49.05,49.67,48.92,49.56,107659248
1184333400,49.62,49.97,49.5699,49.89999,74212688
1184592600,49.89999,50.08,49.75999,49.85001,77664624
1184679000,49.97,50.3,49.92,50.23,124721504
1184765400,49.94,50.17,49.64,50.17,144849440
1184851800,50.41,50.66,50.31,50.32001,116498624
1184938200,50.28999,50.36,49.74001,50.05,163696368
1185197400,50.21001,50.31,49.92,50.07001,107449872
1185283800,49.71001,50.10001,49.05,49.33,175521568
1185370200,49.57001,49.67,49.06,49.39999,170786432
1185456600,49.07001,49.47,48.05,48.98,318571264
1185543000,48.89,49.12,47.99001,47.99001,246373056
1185802200,48.21001,48.73,47.95,48.55,165934496
1185888600,48.97,48.99001,47.42999,47.53,260235008
1185975000,47.39,47.92999,46.98,47.89999,301155840
1186061400,47.94,48.42999,47.78999,48.34,177369936
1186147800,48.25,48.31,47.14999,47.42,166029056
1186407000,47.46001,48.02,47.03,47.97,190869056
1186493400,47.88,48.62,47.48,48.31,167364128
1186579800,48.50999,49.06,48.39999,48.84,164838432
1186666200,48.19,48.97,47.69,47.71001,242420688
1186752600,47.21001,47.83,46.63,47.28,246994496
1187011800,47.67999,47.88,47.48,47.60001,116937312
1187098200,47.69,47.74001,46.73,46.78999,153528064
1187184600,46.67999,47.09,45.813,45.89999,214791008
1187271000,45.53999,45.91,40.55,45.45,362401280
1187357400,46.31,46.58949,45.589,46.31,223226560
1187616600,46.48,46.72,46.08,46.53,144675632
1187703000,46.48,47.1272,46.39,47.02,115016816
1187789400,47.375,47.7,47.27,47.66,115399680
1187875800,47.82001,47.85001,47.23,47.53,118647680
1187962200,47.38,48.24001,47.32001,48.2,88181936
1188221400,48.05,48.2,47.84,47.88,72472256
1188307800,47.60001,47.7,46.71001,46.74001,105748624
1188394200,47.05,48.12,47.05,48.08,113164000
1188480600,47.83,48.74001,47.75,48.33,138910432
1188567000,48.86,49.06,48.61,48.87,94645184
1188912600,48.92,50,48.91,49.67999,98453632
1188999000,49.55,49.64999,48.87,49.17999,113989680
1189085400,49.23,49.36,48.81,49.14,99211056
1189171800,48.53,48.60001,47.95,48.23,152405808
1189431000,48.62,48.75,47.81,48.2,125186320
1189517400,48.50999,48.98849,48.42999,48.92999,103033056
1189603800,48.84,49.37,48.78,48.94,93994816
1189690200,49.28999,49.35001,48.94,49.17999,80732688
1189776600,48.8,49.31,48.73,49.22,99782624
1190035800,48.99001,49.10001,48.59,48.81,84877184
1190122200,49.09,52.77,48.83,50.03999,151412192
1190208600,50.28999,50.59,49.98,50.17,126863120
1190295000,50.06,50.25999,49.92,50.03,109953008
1190381400,50.28,50.52,50.0143,50.36,86835632
1190640600,50.49001,50.96001,50.33,50.59,107181184
1190727000,50.42,51.07001,50.36,51.07001,101038064
1190813400,51.36,51.50999,51.12,51.32001,96099936
1190899800,51.62,51.64999,51.36,51.58,73419680
1190986200,51.53999,51.67999,51.17999,51.41,75434560
1191245400,51.45,52.16,51.38,52,100370624
1191331800,52.03999,52.06,51.72,52.00999,71035936
1191418200,51.84,52.07001,51.5,51.64999,106743440
1191504600,51.75,51.83,51.34,51.77,84114320
1191591000,52.17,52.89999,52.06,52.81799,115667680
1191850200,52.8,53.16,52.71001,53.14999,63004256
1191936600,53.27,53.45,53.03,53.3801,94197056
1192023000,53.39,53.57001,53.21001,53.50999,91766560
1192109400,53.78999,53.94,52.28,52.66,239746880
1192195800,52.89999,53.53999,52.8,53.53,131652880
1192455000,53.61,53.71001,52.7,53.12,121523440
1192541400,52.78999,53.28,52.67999,52.87,193617376
1192627800,53.62,53.66,52.67999,53.55,183967872
1192714200,53.33,53.89,53.12,53.78,144491120
1192800600,53.77,53.77,52.39,52.44,245090256
1193059800,52.16,53.1185,52.02,53.07001,206904944
1193146200,53.61,54.21001,53.34,54.17999,162288688
1193232600,53.74001,53.94,52,53.77,298323712
1193319000,53.88,53.98,52.75,53.05,233618128
1193405400,54.08,54.2,53.44,53.92999,146681056
1193664600,54.19,54.33,53.84,54.16,101883568
1193751000,53.94,54.56,53.89999,54.25999,114600944
1193837400,54.47,55.07001,54.03999,55.03,148405680
1193923800,54.67999,54.77,53.97,54,181936816
1194010200,54.42,54.55009,53.60001,54.42,217867184
1194273000,53.86,54.39999,53.59,54.07001,150572944
1194359400,54.33,54.69,53.78,54.67999,131861248
1194445800,54.22,54.58,53.31,53.35001,197763744
1194532200,53.14,53.33,50.8,51.73,380564736
1194618600,50.73,51.12,50,50,309385728
1194877800,49.92,50.24001,48.64999,48.73,283136768
1194964200,49.39,50.78999,49.35001,50.74001,255280688
1195050600,51.39,51.44,49.89999,50.09,263213632
1195137000,50,50.53999,49.37,49.82001,251009008
1195223400,50.14,50.49001,49.34,50.28,263611376
1195482600,50.17,50.45,49.41,49.7,197784816
1195569000,49.95,50.78,48.92999,49.89999,300708096
1195655400,49.42999,50.17,48.85001,49.31,212547680
1195828200,49.63,49.97,49.37241,49.84,46464848
1196087400,49.98,50.37,48.89999,48.98,150190880
1196173800,49.39,50.05,49.10001,49.96001,211323440
1196260200,50.63,51.7,50.60001,51.48,214679056
1196346600,51.27,51.89,51.2,51.7,171648256
1196433000,52.21001,52.25,50.95,51.31,171404000
1196692200,51.14,51.53,50.82001,50.88,108386256
1196778600,50.46001,50.94,50.38,50.67,113341312
1196865000,51.2,52,51.16,51.57001,137521680
1196951400,51.63,52.37,51.61,52.32001,99763568
1197037800,52.28999,52.53999,52.08,52.33,88992320
1197297000,52.44,52.69,52.32001,52.53999,75657872
1197383400,52.61,52.84,51.21001,51.32001,167064688
1197469800,52.25,52.42999,50.89,51.78,162975120
1197556200,51.33,51.63,50.98,51.5,153682064
1197642600,51.09,51.60001,50.92,50.97,128407936
1197901800,50.78,50.9881,49.71001,49.73,134377504
1197988200,50.24001,50.27,49.17999,49.89,154251632
1198074600,49.89,50.2,49.61,49.88,137971808
1198161000,50.67,50.96001,50.2,50.89999,167342320
1198247400,51.71001,51.89999,51.48,51.85001,107613120
1198506600,52.00999,52.39999,51.9501,52.24001,34499888
1198679400,52.14999,52.63,52,52.5,58492080
1198765800,52.33,52.5,51.71001,51.92999,65778880
1198852200,52.03999,52.16,51.42999,51.86,67559872
1199111400,51.56,51.67999,51.21001,51.22,70137744
1199284200,51.27,51.47,50.13,50.45,152344496
1199370600,50.39999,50.75999,50.14999,50.62,114105504
1199457000,49.78999,49.83,48.21001,48.39999,212658560
1199716200,48.41,48.60001,47.42999,48.17,235083568
1199802600,48.28999,48.75999,46.92,46.92,261700000
1199889000,47.09,47.96001,46.46001,47.92,254110752
1199975400,47.42,48.41,47.28999,47.99001,249963632
1200061800,47.72,47.77,46.7,47.05,211685120
1200321000,47.69,48.00999,47.31,47.87,168048432
1200407400,47.38,47.52,46.35001,46.55,241791936
1200493800,46.19,46.91,45.46001,46.05,265725120
1200580200,46.24001,46.58,45.2,45.41,254456000
1200666600,45.64,46.14,44.75999,45.35001,273063168
1201012200,42.83,44.77,42.73,44.17999,325732352
1201098600,42.53999,44.14999,41.61,44.02,390156544
1201185000,44.19,44.92999,44.06,44.91,250249056
1201271400,45.86,45.87,43.94,43.99001,199299056
1201530600,44.02,44.44,43.57001,44.33,163711184
1201617000,44.56,44.67999,44.03999,44.41,138520000
1201703400,44.24001,45.32001,44.17999,44.37,220824368
1201789800,43.87,45.59,43.82001,45.13,246824000
1201876200,45.52,45.88,44.88,45.5899,161920256
1202135400,45.58,45.61,44.94,44.95,100209808
1202221800,44.12,44.60001,43.64,43.66991,188990368
1202308200,43.92,44.17,42.77,42.81,178284944
1202394600,42.35001,43.78999,42.14999,43.11,286342144
1202481000,43.17999,43.77,42.94,43.60001,173781248
1202740200,43.78,44.22,43.53999,44.07001,119562320
1202826600,44.33,44.67999,43.50999,43.82001,145412368
1202913000,44.39,44.88,44.16,44.78,148685808
1202999400,44.84,44.85001,43.89,43.97,170868880
1203085800,43.77,43.98,43.45,43.82001,100053248
1203431400,44.39,44.5,43.27,43.74001,110507568
1203517800,43.25,44.09,43.24001,43.94,137338752
1203604200,44.36,44.47,43.34,43.52,127857008
1203690600,43.67,43.69,42.60001,43.67999,157364624
1203949800,43.62,44.07001,43.34,43.89999,121444256
1204036200,43.64999,44.48,43.37,44.07001,148375808
1204122600,43.77,44.46001,43.67,44.28999,125682560
1204209000,44.11,44.53,43.95,44.12,129196624
1204295400,43.64999,43.77,42.85001,42.95,188724560
1204554600,42.92999,42.99001,42.24001,42.67,133641936
1204641000,42.41,43.03999,42.02,42.91,183850944
1204727400,42.99001,43.53999,42.75,43.1199,183208192
1204813800,43.09,43.27,42.10001,42.17,152752192
1204900200,41.91,42.64,41.38,42.07001,242552368
1205155800,42.00999,42.14,41.17,41.25999,146964128
1205242200,41.86,42.85001,41.50999,42.83009,196888192
1205328600,43.02,43.44,42.60001,42.71001,155566000
1205415000,42.21001,43.33,41.81,43.03999,208991744
1205501400,43.36,43.38,41.74001,42.25,309589760
1205760600,41.25999,42.00999,41.05,41.48,193130560
1205847000,42.24001,43.34,42.11,43.33,216300368
1205933400,43.50999,43.60001,42.23,42.25999,216157184
1206019800,42.35001,43.10001,42.10001,43.09,128397008
1206365400,43.28,44.75999,43.28,44.5799,125075632
1206451800,44.67999,45.07001,44.28,44.83,118219632
1206538200,44.69,44.85001,44.28,44.7,124824560
1206624600,44.44,44.50999,43.71001,43.71001,143868560
1206711000,44.03,44.34,43.33,43.49001,111838128
1206970200,43.64999,44.02,43.45,43.72,113644752
1207056600,44.45,45.61,44.41,45.59,137494368
1207143000,45.69,46.02,45.17,45.49001,132486752
1207229400,45.28999,45.91,45.14,45.59,140033744
1207315800,45.78,46.35001,45.39999,45.86,139275808
1207575000,46.14999,46.41,45.64999,45.75999,102610752
1207661400,45.41,45.72,45.17999,45.41,97565936
1207747800,45.47,45.49001,44.63,44.89999,127256944
1207834200,44.92999,45.84,44.92999,45.53999,112800432
1207920600,45.02,45.10001,44.12,44.28,120135376
1208179800,44.21001,44.48,43.95,44.08,89274560
1208266200,44.24001,44.35001,43.67999,44.14,124232256
1208352600,44.69,45.48,44.64999,45.37,134027872
1208439000,45.42,45.75,44.98,45.27,125056816
1208525400,46.50999,46.92999,46.22,46.71001,133022432
1208784600,46.61,47.08,46.49001,47.03999,83303184
1208871000,46.73,46.77,45.92999,46.34,104689504
1208957400,46.67999,47.06,46.27361,46.85001,131086192
1209043800,46.87,47.78999,46.39,47.27,166694560
1209130200,47.31,47.35001,46.57001,47.14999,121945376
1209389400,47.25,47.62,47.13,47.24001,71243936
1209475800,47.14999,47.75999,47.06,47.60001,91270624
1209562200,47.69,48.06,47.03,47.21001,132152688
1209648600,47.24001,48.72,47.22,48.7,143596880
1209735000,49.19,49.19,48.34,48.77,124989936
1209994200,48.73,49.03,48.39999,48.63,75624624
1210080600,48.49001,49.13,48.14,48.92999,139582496
1210167000,48.92999,49.23,47.87199,48.03999,140008256
1210253400,48.24001,48.7,48.06,48.39999,128058688
1210339800,48.03,48.46001,47.89999,48.21001,97062000
1210599000,48.28,49.19,48.2,49.09,89636000
1210685400,49.13,49.33,48.75999,49.22,85448000
1210771800,49.42,49.92999,49.03999,49.11,143598128
1210858200,49.11,50.02,48.98,49.97,157248816
1210944600,50.09,50.11,49.45,50.0099,146563184
1211203800,50.05,50.47,49.34,49.64999,140179632
1211290200,49.45,49.47,48.89,49.27,137163632
1211376600,49.31,49.60001,48.02,48.17999,192807632
1211463000,48.3,48.69,48.11,48.35001,153198192
1211549400,48.17999,48.35049,47.82001,48.2,121708064
1211895000,48.32001,49.11,48.28999,49.05,106987744
1211981400,49.28,49.36,48.75,49.25,121369120
1212067800,49.27,49.97,49.25,49.69,143993008
1212154200,49.89,50.24001,49.75,50.00999,94163568
1212413400,49.92,49.92,48.96001,49.39999,144359872
1212499800,49.59,49.89999,48.67,49.13,167679872
1212586200,48.97,50.10001,48.94,49.75999,174967376
1212672600,49.87,50.61,49.7,50.55,126653632
1212759000,50.11,50.21001,49.02,49.03,189135936
1213018200,49.11,49.19,47.95,48.77,208897248
1213104600,48.28,48.94,48.16,48.53999,162798496
1213191000,48.45,48.52,47.35001,47.38,170367248
1213277400,47.71001,48.11,47,47.42,189917120
1213363800,47.7,48.47,47.46001,48.37,167855008
1213623000,48.12,49.02,48.07001,48.8,136343808
1213709400,48.95,49.06,48.47,48.53999,122952560
1213795800,48.25999,48.45,47.83,48.02,169338064
1213882200,47.92,49.00999,47.61,48.77,221366496
1213968600,48.34,48.35001,47.21001,47.42,197434128
1214227800,47.62,47.74001,46.98,47.05,131548496
1214314200,46.83,47.37,46.41,46.81,178293680
1214400600,47.00999,48,46.94,47.57001,179023376
1214487000,46.7,46.7,45.64,45.64999,190028256
1214573400,45.58,45.89999,44.97,45.64999,181351744
1214832600,45.53,45.83,45.14999,45.17,132929376
1214919000,44.86,45.86,44.67999,45.81,245494256
1215005400,45.96001,46.13,44.64,44.71001,199725504
1215091800,44.98,45.08,44.28,44.63,123118192
1215437400,45.05,45.46001,44.24001,44.89999,181011248
1215523800,44.95,46.00999,44.77,45.97,206255312
1215610200,45.96001,46.03,44.73,44.75,168576320
1215696600,44.82001,45.42,44.38,45.28,238811440
1215783000,44.81,45.27,43.85001,44.56,265514624
1216042200,45.13,45.17999,44.07001,44.23,177389808
1216128600,44.00999,44.92999,43.3,44.24001,283890944
1216215000,44.3,45.38,43.92,45.34,186047808
1216301400,45.56,45.82001,44.9799,45.64,197555056
1216387800,45.17,45.17,44.59,44.59,160661008
1216647000,45,45.19,44.49001,44.78,128107744
1216733400,44.02,44.81,43.86,44.78,152524432
1216819800,44.84,45.89,44.72,45.37,169259056
1216906200,45.59,45.61,44.64999,44.69,145560944
1216992600,44.98,45.48,44.75999,45.27,111616688
1217251800,45.27,45.52,44.21001,44.42,124028432
1217338200,44.63,45.53999,44.57001,45.34,142291440
1217424600,45.46001,45.82001,44.88,45.57001,165679872
1217511000,45.11,46.14999,45.02,45.46001,180730816
1217597400,45.52,45.55,44.39999,44.88,180377376
1217856600,44.87,44.92,44.3,44.42999,116306816
1217943000,44.89999,45.97,44.84,45.92999,151727008
1218029400,45.92999,46.81,45.58,46.63,133463680
1218115800,46.35001,46.85001,46.08,46.27,152805744
1218202200,46.25,47.44,46.14999,47.32001,143121440
1218461400,47.3,48.28,47.14,47.75,157291120
1218547800,47.75999,48.16,47.50999,47.8,140596944
1218634200,47.74001,48.12,47.25,47.7,169664496
1218720600,47.53999,48.46001,47.49001,48.25,158069120
1218807000,48.35001,48.57001,47.96001,48.16,123116000
1219066200,48.28999,48.31,47.25999,47.60001,151399008
1219152600,47.36,47.59,46.75,47.00999,155418560
1219239000,47.36,47.56,46.74001,47.09,155466688
1219325400,46.73,47.08,46.38,46.87,118920944
1219411800,47.12,47.67999,47.08,47.49001,96525440
1219671000,47.14999,47.21001,46.37,46.49001,128076432
1219757400,46.50999,46.77,46.12,46.42999,107233872
1219843800,46.45,47.09,46.28999,46.73,108489872
1219930200,46.92,47.28,46.83,47.11,112808560
1220016600,46.61,47.1217,45.92,46.12,133272128
1220362200,46.86,47.08,45.34,45.55,162403184
1220448600,45.44501,45.63811,44.78999,45.12,161682816
1220535000,44.85001,44.91,43.66,43.66,219363680
1220621400,43.3,43.78,42.81,43.45,247977440
1220880600,44.03999,44.22,42.67999,43.31,311074048
1220967000,43.35001,43.78999,42.35001,42.45,214180560
1221053400,42.87,43.17999,42.45,42.8,160658064
1221139800,42.17,43.69,42.17,43.60001,203440944
1221226200,43.23,43.71001,42.89999,43.42999,172094256
1221485400,42.39999,43.28999,42.03,42.08,616795136
1221571800,41.47,42.84,41.42999,42.41,349551360
1221658200,41.84,42.42191,40.19,40.21001,340088064
1221744600,41.12,41.97,39.5,41.57001,423934464
1221831000,43.82001,43.83,42.10001,42.89999,263401440
1222090200,42.75,42.84,40.8,40.88,164698192
1222176600,41.17999,41.75,40.44,40.57001,185954496
1222263000,40.85001,41.25999,40.52,40.85001,159305184
1222349400,41.2112,42.02,41.03,41.5,148587008
1222435800,40.3,41.4902,40.22,41.08,182678560
1222695000,40.25999,40.38,37.17999,37.82001,307954432
1222781400,37.74001,39.3,37.60001,38.91,195512752
1222867800,38.83,38.97,38.03,38.5,174122944
1222954200,38.25,38.25,36.64,36.75,192185808
1223040600,37.25999,38.17999,36.10001,36.17999,272144128
1223299800,35.25999,35.53,32.91,34.86,394158080
1223386200,35.14,35.2,32.27,32.64999,329540096
1223472600,31.95,34.12,31.84,32.39,452568320
1223559000,33.14999,33.67999,30.97,31.52,352617216
1223645400,30.52,32.48,29.38,31.32001,472453120
1223904600,32.86,35.25,32.39999,35.13,277347072
1223991000,36.10001,36.14999,33.19,33.61,342311680
1224077400,33.23,33.35001,30.53999,30.60001,312088320
1224163800,30.82001,32.27,29.25,32.25999,494913280
1224250200,31.62,33.64999,31.41,32.3,326593024
1224509400,32.78999,33.25999,31.7,33.2,232783312
1224595800,32.66,33.2572,31.48,31.48,239932368
1224682200,31.39,31.60001,29.71001,30.61,289993472
1224768600,30.46001,31.09,28.89999,30.49001,377966848
1224855000,28.13,30.25,28.09,29.50999,322129408
1225114200,29.14,30.2,28.66,28.69,239493680
1225200600,29.67999,31.88,28.85001,31.86,327367680
1225287000,31.95,33.08,31.25,31.78,341390848
1225373400,32.67,33.06,31.98,32.84,255292064
1225459800,32.36,33.42999,32.09,32.89,224280320
1225722600,32.81,33.2941,32.50999,32.82001,128502432
1225809000,33.49001,34.00999,32.98,33.75,182533008
1225895400,33.49001,33.60001,31.92,31.99001,184147872
1225981800,31.5,31.87,30.3999,30.56,220780432
1226068200,30.92,31.48,30.59,31.19,176977632
1226327400,31.94,31.97,30.39999,30.77,142737872
1226413800,30.47,30.75999,29.72,30.10001,162921184
1226500200,29.64999,29.8,28.64999,28.71001,184936256
1226586600,28.63,30.53,27.28,30.46001,318269184
1226673000,29.8,30.42,28.87,28.98,259407120
1226932200,28.49001,29.23,28.25999,28.37,202894880
1227018600,28.56,28.75,27.39,28.34,252794192
1227105000,28.39999,28.78,26.78999,26.86,244288944
1227191400,26.53999,27.45,25.47,25.56,342471424
1227277800,25.96001,26.67999,25.05,26.67,282766336
1227537000,27.22,28.64,26.98,28.3,225212496
1227623400,28.62,28.64,27.52,28.17,203052496
1227709800,27.88,29.36,27.81,29.35001,165061312
1227882600,29.03999,29.19,28.83,29.12,41242832
1228141800,28.5,28.50999,26.89,26.92999,149331056
1228228200,27.28,27.89,26.84039,27.83,181779312
1228314600,27.13,28.71001,27.07001,28.62,231010688
1228401000,28.14999,28.78,27.32001,27.81,188924192
1228487400,27.5,29.07001,26.95,28.94,212310880
1228746600,29.55,30.46001,29.44,30.08,185853312
1228833000,29.67999,30.83,29.57001,30.00999,178390064
1228919400,30.09,30.46001,29.62,29.91,162457568
1229005800,29.8,30.27,28.94,29.09,167448880
1229092200,28.69,29.86,28.47,29.67999,158613808
1229351400,29.73,29.75999,28.74001,29.16,107938944
1229437800,29.42,30.66,29.0993,30.56,172053680
1229524200,30.23,30.60001,29.82001,30.19,159965376
1229610600,30.19,30.39999,29.36,29.66,142773808
1229697000,29.98,30.37,29.66,29.86,118332944
1229956200,29.86,29.92,28.74001,29.21001,95416320
1230042600,29.28,29.62,28.89,29.06,68804624
1230129000,29.2,29.21001,28.98,29.14,27210320
1230301800,29.19,29.23,28.97,29.13,20946304
1230561000,29.23,29.24001,28.46001,28.89,52742528
1230647400,28.98,29.59,28.94,29.49001,77131120
1230733800,29.48,30.08,29.45,29.74001,89221184
1230906600,29.77,31.13,29.69,31.03,107920256
1231165800,30.82001,31.33,30.59,31.02,91816624
1231252200,31.28,31.63,31.11,31.33,136820000
1231338600,30.81,30.89999,30.19,30.44,134061872
1231425000,30.34,30.8,30.08,30.75999,131926064
1231511400,30.78999,30.78999,29.92,30.07001,117168320
1231770600,30.12,30.14999,29.2,29.52,102778880
1231857000,29.52,29.98,29.17999,29.53,186387376
1231943400,29.17,29.28,28.47,28.63,137103248
1232029800,28.55,29.34,28.07001,29.099,192790752
1232116200,29.53,29.60001,28.7,29.42,175490368
1232461800,29.28999,29.42999,27.96001,27.96001,135251008
1232548200,28.42999,29.19,28.10001,29.14999,149242688
1232634600,28.52,29.23,28.25999,28.75999,200602624
1232721000,28.31,29.35001,28.14,28.89999,170164064
1232980200,28.96001,29.59,28.75,29.11,140481008
1233066600,29.14,29.57001,29.12,29.32001,110914816
1233153000,29.83,30.64999,29.81,30.35001,139797248
1233239400,29.97,30.4008,29.48,29.58,130772816
1233325800,29.82001,29.92999,28.94,29.06,140355184
1233585000,28.77,29.61,28.74001,29.41,126883376
1233671400,29.46001,30.42709,29.03,29.87,120609312
1233757800,29.92999,30.8667,29.78999,29.91,175780816
1233844200,29.47,30.77,29.46001,30.57001,217569568
1233930600,30.71001,31.50999,30.58,31.37,164509632
1234189800,31.39,31.67,31.19,31.5,98853872
1234276200,31.3,31.67999,30.10001,30.34,232790560
1234362600,30.34,30.53,29.73,30.2,169172560
1234449000,29.83,30.61,29.64,30.57001,201151376
1234535400,30.46001,30.78,30.28999,30.42999,145060560
1234881000,29.47,29.67,29.06,29.22,157782496
1234967400,29.41,29.66991,28.87,29.24001,161268256
1235053800,29.42999,29.61,28.72,28.78999,155322368
1235140200,28.46001,29.14999,28.39,28.87,210752368
1235399400,29.03,29.05,27.73,27.86,169469872
1235485800,28,28.98,27.96001,28.78,181335808
1235572200,28.62,29.17,28.14,28.59,220223008
1235658600,28.78,28.95,27.7,27.78999,211282816
1235745000,27.49001,27.98,27.39,27.53,204492560
1236004200,27.12,27.50999,26.47,26.64,188175936
1236090600,26.85001,27.16,26.42,26.62,158739936
1236177000,27.00999,27.71001,26.92,27.33,164906128
1236263400,27.03,27.24001,26.42,26.50999,199616432
1236349800,26.63,26.81,25.71001,26.3,218421568
1236605400,26.05,26.81,25.6301,25.74001,181154000
1236691800,26.25999,27.39,26.16,27.33,175068128
1236778200,27.63,27.99001,27.25999,27.75,173147936
1236864600,27.72,28.75999,27.44,28.67,184511056
1236951000,28.67999,28.84,28.32001,28.74001,156783504
1237210200,28.89999,28.98,28.19,28.25999,190329440
1237296600,28.41,29.33,28.3,29.33,169852368
1237383000,29.23,30.2,29.08,29.7,208146880
1237469400,30.12,30.13,29.46001,29.67999,146766496
1237555800,29.66,30.03,28.98,29.17999,149437376
1237815000,29.86,30.94,29.19839,30.89999,179642560
1237901400,30.64999,30.88,30.31,30.33099,120849440
1237987800,30.58,31.05,29.66,30.47,190601568
1238074200,30.88,31.46001,30.41701,31.41,182459440
1238160600,31.07001,31.17999,30.71001,30.82001,156108000
1238419800,30.28999,30.32001,29.62,30.06,162919632
1238506200,30.31,30.95,30.27,30.32001,150243808
1238592600,29.94,30.88,29.78999,30.77,137949936
1238679000,31.34,32.27,31.23,31.75999,212272320
1238765400,32.05,32.39999,31.83,32.35001,134577248
1239024600,31.97,32.33,31.64999,32.27,160413632
1239111000,31.89999,31.92,31.21001,31.42,147531184
1239197400,31.72,32.14999,31.49001,31.95,126126000
1239283800,32.53,33.00999,32.42999,32.94,131871440
1239629400,32.8,33.07001,32.53,32.89,119310432
1239715800,32.69,32.88,32.27,32.49001,124068944
1239802200,32.24001,32.42999,31.85001,32.39999,124808128
1239888600,32.83,33.42999,32.50999,33.24001,171168000
1239975000,33.16,33.5,32.92999,33.31,129835376
1240234200,32.7,32.82001,32.06,32.24001,123080496
1240320600,32.09,32.74001,32.08,32.69,145490128
1240407000,32.5,33.53,32.39,32.78999,165040496
1240493400,33.00999,33.14,32.49001,33.11,181848816
1240579800,33.35001,33.92999,33.07001,33.69,141169936
1240839000,33.42,34.06,33.35001,33.73,120749056
1240925400,33.52,33.91,33.36,33.48,108967936
1241011800,33.75,34.39999,33.64,33.94,141413568
1241098200,34.37,34.89999,34.03999,34.28,144120368
1241184600,34.28,34.53999,34.00999,34.37,100112000
1241443800,34.67,35.09,34.52,35.05,119317312
1241530200,34.99001,35.06,34.63,35.02,113638128
1241616600,35.32001,35.34,34.46001,35.03,178840496
1241703000,35.25,35.27,33.88,34.21001,216484624
1241789400,34.35001,34.74001,33.88,34.23,183507312
1242048600,33.78,34.72,33.67999,34.35001,142775872
1242135000,34.42,34.48,33.52,33.92999,147842128
1242221400,33.63,33.64999,32.96001,33.02,175548192
1242307800,33.10001,33.7,33.08,33.39,140021632
1242394200,33.36,33.82001,33.23,33.37,121326320
1242653400,33.59,34.28,33.39011,34.24001,114333376
1242739800,34.14,34.74001,33.95,34.39999,129086368
1242826200,34.53999,35.03999,34.17999,34.28,131873680
1242912600,34.02,34.25999,33.31,33.64999,139253120
1242999000,33.78,33.97,33.32001,33.53999,83520320
1243344600,33.19,34.83,33.17999,34.78999,144857120
1243431000,34.67999,35.19,34.42999,34.55,121393120
1243517400,34.77,35.07001,34.21001,34.95,118931248
1243603800,34.98,35.5,34.75999,35.38,111535632
1243863000,35.73,36.5,35.61,36.39,119192192
1243949400,36.19,36.78999,36.11,36.44,126858560
1244035800,36.28,36.37,35.92999,36.33,93329680
1244122200,36.39999,36.78999,36.34,36.74001,89280560
1244208600,36.96001,37.08,36.42,36.78,121963056
1244467800,36.53,36.95,36.12,36.67,89194128
1244554200,36.84,37.17,36.67,36.95,109187744
1244640600,37.17,37.17999,36.28999,36.82001,133404624
1244727000,36.75999,37.23,36.75,36.82001,147909744
1244813400,36.67,36.71899,36.2,36.64999,109452432
1245072600,36.28,36.33,35.58,35.89999,112152880
1245159000,36.06,36.19,35.52,35.55,110550192
1245245400,35.67,36.21001,35.45,35.88901,153421744
1245331800,35.83,36.06,35.57001,35.82001,126266688
1245418200,36.03999,36.36,35.9101,36.16,122050128
1245677400,35.8,35.89,35.02,35.08,137714816
1245763800,35.2,35.25999,34.77,35,114903008
1245850200,35.3,35.87,35.28,35.59,103314560
1245936600,35.38,36.36,35.28,36.28999,112538128
1246023000,36.13,36.5,36.05,36.37,87677312
1246282200,36.44,36.75,36.12,36.45,93817568
1246368600,36.55,36.73,36.11,36.38,97843008
1246455000,36.53999,36.84,36.39,36.39999,85975872
1246541400,36.09,36.10001,35.5,35.60001,113309744
1246887000,35.38,35.53999,35.03999,35.41,107632496
1246973400,35.42,35.49001,34.50999,34.53,149773008
1247059800,34.73,34.87,34.3,34.71001,152776368
1247146200,34.84,35.00999,34.64999,34.77,97851440
1247232600,34.66,35.14,34.56261,34.92,108481936
1247491800,34.95,35.60001,34.48,35.59,127140320
1247578200,35.52,35.78999,35.39999,35.72,115631632
1247664600,36.31,36.92999,36.14,36.92,160869680
1247751000,36.74001,37.44,36.72,37.36,119842432
1247837400,37.36,37.57001,37.17,37.56,104906368
1248096600,37.75,38,37.61,37.92,97168752
1248183000,38.07001,38.17999,37.64,38.17999,130587632
1248269400,38.2,38.69,38.13,38.5,113808560
1248355800,38.45,39.49001,38.39,39.35001,160566432
1248442200,38.92999,39.37,38.77991,39.05,109312256
1248701400,39.28999,39.41,38.87,39.35001,94718560
1248787800,39.17999,39.59,38.92999,39.08,111564256
1248874200,39.32001,39.42999,39,39.34,126538192
1248960600,39.74001,40.17999,39.50999,39.57001,108969808
1249047000,39.56,39.8522,39.41,39.45,78208320
1249306200,39.85001,40.06,39.64,40.03999,111722688
1249392600,39.86,40.19,39.77,40.03999,100690752
1249479000,40.13,40.14,39.46001,39.73,118093008
1249565400,39.78999,39.92999,39.24001,39.38,116937440
1249651800,39.91,40.07001,39.59,39.88,107512256
1249911000,39.73,39.85001,39.34,39.60001,87163120
1249997400,39.42,39.5,39.05,39.25999,91922688
1250083800,39.21001,40.22,39.2,39.87,147239936
1250170200,40.10001,40.16,39.64,40.09,110107008
1250256600,39.89,39.96001,39.28,39.63,124480128
1250515800,38.97,39.00999,38.46001,38.48,131797184
1250602200,38.72,39.98,38.61,39.03,84607808
1250688600,38.59,39.39999,38.53999,39.3,88036256
1250775000,39.28,39.84,39.2,39.75999,81473504
1250861400,40.00999,40.36,39.74001,40.28999,114660192
1251120600,40.36,40.57001,40.10001,40.25,109904880
1251207000,40.34,40.75999,40.25,40.37,92900320
1251293400,40.28999,40.601,40.08,40.3,96407504
1251379800,40.32001,40.47,39.67,40.39999,121957744
1251466200,40.89,41.08,40.16,40.44,114310192
1251725400,40.16,40.2,39.78999,40.03,96415312
1251811800,39.87,40.59,39.16,39.28,162958880
1251898200,39.09,39.47,39.03999,39.25,92757120
1251984600,39.44,39.57021,39.02,39.50999,76783056
1252071000,39.58,40.38,39.52,40.36,74866560
1252416600,40.64999,40.78,40.46001,40.74001,71024320
1252503000,40.75999,41.28999,40.59,41.09,99290000
1252589400,41.11,41.53,41,41.48,99289056
1252675800,41.5,41.62,41.22,41.52,93869376
1252935000,41.23,41.71001,41.21001,41.67999,90560496
1253021400,41.66,41.95,41.57001,41.81,91594560
1253107800,41.98,42.48,41.84,42.42,96888432
1253194200,42.32001,42.66,42.21001,42.41,102169568
1253280600,42.56,42.62,42.21001,42.44,87453056
1253539800,42.22,42.7,42.16,42.57001,71351312
1253626200,42.82001,42.83,42.4398,42.64999,75638368
1253712600,42.83,43.17,42.377,42.45,143924064
1253799000,42.61,42.69,41.77,42.07001,111016320
1253885400,41.78,42.09,41.58,41.7,109215936
1254144600,41.92,42.66,41.89,42.41,84484128
1254231000,42.41,42.6201,42.03,42.22,106686368
1254317400,42.39,42.6024,41.60001,42.25,173102624
1254403800,42.11,42.13,41,41,140119056
1254490200,40.72,41.25,40.72,40.88,145291248
1254749400,41.09,41.39999,40.83,41.21001,97054128
1254835800,41.42999,42.14,41.2206,41.94,124627936
1254922200,41.88,42.08,41.77,42.06,93787504
1255008600,42.31,42.62,42.14,42.24001,107850368
1255095000,42.14999,42.55,42.06,42.48,62828000
1255354200,42.63,42.87,42.28,42.57001,53221872
1255440600,42.53999,42.75,42.37,42.58,70939184
1255527000,43.10001,43.293,42.85001,43.16,91004880
1255613400,42.92999,43.12,42.87,43.06,85772688
1255699800,42.92,42.99001,42.48,42.78,111859632
1255959000,42.81,43.27,42.59,43.21001,83511936
1256045400,43.45,43.46001,42.94,43.22,89847808
1256131800,43.2,43.82001,43.06,43.14,110397312
1256218200,43.07001,43.49001,42.78999,43.31,85871744
1256304600,43.69,43.73,43.02,43.13,117029872
1256563800,43.17,43.75999,42.78999,42.99001,107068496
1256650200,42.95,43.11,42.17999,42.34,121438192
1256736600,42.19,42.32001,41.3,41.39,143553504
1256823000,41.67999,42.19,41.53999,42.09,85207504
1256909400,42.06,42.14999,40.92,40.96001,162796432
1257172200,41.00999,41.57001,40.64,41.13,142520624
1257258600,40.97,41.32001,40.84,41.25999,95107008
1257345000,41.50999,41.87,41.28,41.33,107970624
1257431400,41.81,42.39999,41.78,42.35001,135204816
1257517800,42.16,42.64999,42.08,42.60001,96312192
1257777000,42.92,43.52,42.88,43.50999,101620752
1257863400,43.45,43.77139,43.39999,43.62,72846432
1257949800,43.94,44.14,43.61,43.89999,84676128
1258036200,43.92,44.16,43.55,43.64999,92426064
1258122600,43.78,44.14,43.63,44.00999,87959504
1258381800,44.19,44.64999,44.12,44.46001,87776064
1258468200,44.34,44.60001,44.25,44.60001,81884000
1258554600,44.47,44.49001,44.05,44.353,100240816
1258641000,44.06,44.08,43.35001,43.66,114557936
1258727400,43.41,43.55,43.28,43.44,70912064
1258986600,43.87,44.39999,43.86,44.14,91621440
1259073000,44.14,44.14999,43.73,43.99001,60669936
1259159400,44.14,44.22,44.00999,44.17999,37630048
1259332200,43,43.83,42.89999,43.50999,61229936
1259591400,43.41,43.62,43.11,43.56,84819376
1259677800,43.88,44.3,43.88,44.00999,81817808
1259764200,44.16,44.49001,43.98,44.07001,81653504
1259850600,44.24001,44.5,43.88,43.89,72460368
1259937000,44.45,44.73,43.66,44.12,125062496
1260196200,44.08,44.28999,43.82001,43.91,67471808
1260282600,43.67999,44,43.36,43.642,86621376
1260369000,43.61,44.12,43.32001,44.08,78820432
1260455400,44.25,44.53999,44.24001,44.3,76722320
1260541800,44.52,44.59,43.95,44.13,66643632
1260801000,44.42999,44.60001,44.19,44.55,47965472
1260887400,44.41,44.67,44.17,44.3,61171040
1260973800,44.47,44.7,44.28999,44.36,61629616
1261060200,44.17,44.21001,43.75999,43.82001,90440880
1261146600,44.14,44.48,44,44.46001,96442560
1261405800,44.67,45.13,44.67,44.96001,82381376
1261492200,45.08,45.28999,45.03,45.23,51569040
1261578600,45.34,45.57001,45.21001,45.56,73932192
1261665000,45.61,45.98,45.60001,45.98,31770352
1262010600,46.08,46.3,45.94,46.22,49381392
1262097000,46.22,46.25,45.99001,46.03,32410160
1262183400,46,46.25999,45.96001,46.17,57612656
1262269800,46.25,46.27499,45.75,45.75,50079168
1262615400,46.32001,46.485,46.27,46.42,62822800
1262701800,46.38,46.5,46.16,46.42,62935584
1262788200,46.39,46.55,46.07001,46.14,96033008
1262874600,46.2,46.27,45.92,46.17,77094064
1262961000,46.03999,46.55,45.92999,46.55,88886624
1263220200,46.60001,46.64,46.12,46.36,104673312
1263306600,46.08,46.14,45.53,45.78,90673808
1263393000,45.92999,46.49001,45.61,46.35001,100660944
1263479400,46.25999,46.52,46.22,46.39,75812688
1263565800,46.46001,46.55,45.64999,45.85001,126866064
1263911400,45.96001,46.64,45.95,46.59,84388128
1263997800,46.27,46.604,45.42999,45.92,145679936
1264084200,46.06,46.35001,45.3,45.49001,204939568
1264170600,45.34,45.48,44.03999,44.16,171098624
1264429800,44.39,44.60001,44.12,44.31,154218624
1264516200,44.28,44.89,44.05,44.35001,140816432
1264602600,44.28999,44.85001,44.00999,44.7,161632624
1264689000,44.39999,44.42999,43.32001,43.55,221439808
1264775400,43.89999,44.02,42.63,42.78999,212126000
1265034600,42.91,43.2807,42.88,43.25999,136827056
1265121000,43.31,43.78,43.03,43.64999,110727632
1265207400,43.45,43.97,43.42,43.89,93581632
1265293800,43.58,43.66,42.62,42.62,151652368
1265380200,42.75,43.02,42.12,42.98,213618496
1265639400,42.92,43.17999,42.64,42.67,94354368
1265725800,43.17,43.50999,42.75999,43.11,118955936
1265812200,43.10001,43.31,42.75,43.02,94102816
1265898600,43.00999,43.78999,42.75999,43.67,93050816
1265985000,43.27,43.88,43.16,43.75999,93944000
1266330600,44.08,44.35001,43.85001,44.32001,83861376
1266417000,44.5,44.57001,44.25999,44.57001,82691632
1266503400,44.53999,44.92999,44.45,44.85001,65752560
1266589800,44.75999,45.05,44.62,44.83,80416432
1266849000,45.00999,45.03,44.56,44.74001,72054880
1266935400,44.69,44.74001,43.95,44.16,95814320
1267021800,44.4099,44.78999,44.32001,44.61,86591008
1267108200,44.11,44.7,43.83,44.60001,97961312
1267194600,44.60001,44.86,44.39999,44.75999,66222368
1267453800,44.95,45.49001,44.95,45.41,77290000
1267540200,45.53999,45.85001,45.45,45.55,76368432
1267626600,45.67,45.82001,45.42999,45.60001,65744944
1267713000,45.64,45.81,45.39999,45.75,54470832
1267799400,46.10001,46.53999,45.99001,46.44,68136256
1268058600,46.46001,46.64,46.44,46.53,58712352
1268145000,46.39999,47.05,46.39999,46.78999,98002752
1268231400,46.8,47.28,46.8,47.17,102578880
1268317800,47.07001,47.35001,46.98,47.35001,67510320
1268404200,47.5,47.53,47.10001,47.36,64068256
1268659800,47.25999,47.38,46.91,47.24001,60150416
1268746200,47.39,47.61,47.23,47.53999,74950624
1268832600,47.60001,47.89999,47.53,47.67,75643440
1268919000,47.72,47.88,47.60001,47.83,77829376
1269005400,47.95,47.95,47.32001,47.49001,86337056
1269264600,47.31,48.11,47.25,47.92,71902752
1269351000,48,48.3,47.77,48.2525,59182592
1269437400,48.14,48.17,47.91,48.02,63030096
1269523800,48.42,48.60001,47.89999,47.95,76350064
1269610200,48.14,48.33,47.74001,48,78067808
1269869400,48.23,48.39999,48.10001,48.23,57993216
1269955800,48.36,48.55,48.06,48.39,49455024
1270042200,48.23,48.45,48.07001,48.16,59947392
1270128600,48.34,48.7,47.78999,48.16,83728560
1270474200,48.25999,48.72,48.14,48.61,56220256
1270560600,48.49001,48.89999,48.39,48.75,54097056
1270647000,48.69,48.87,48.37,48.63,77211440
1270733400,48.50999,48.82001,48.24001,48.74001,68323872
1270819800,48.77,49.05,48.63499,49.03,54227216
1271079000,49.05,49.2,48.94,49.07001,44280592
1271165400,49.02,49.35001,48.86,49.32001,59375920
1271251800,49.57001,49.92,49.5,49.91,69004752
1271338200,49.88,50.19,49.87,50.13,72254128
1271424600,49.95,50.12,49.2,49.53,127387936
1271683800,49.36,49.66,48.89999,49.5,98251680
1271770200,49.755,49.88,49.42999,49.75,69543632
1271856600,50.09,50.19,49.72501,50.03,74748624
1271943000,49.5697,50.36,49.25999,50.31,110477120
1272029400,50.28999,50.57001,50.09,50.52,77205120
1272288600,50.53,50.64999,50.3,50.41,67360944
1272375000,50.22,50.42999,49.21001,49.34,112608000
1272461400,49.60001,49.63,48.98,49.37,130082064
1272547800,49.61,50.33,49.61,50.23,84180128
1272634200,50.21001,50.28999,49.2,49.2375,110896944
1272893400,49.42999,50.17,49.42999,49.92999,74169632
1272979800,49.31,49.32001,48.08,48.42999,141136432
1273066200,47.98,48.5,47.64,48.17999,128560192
1273152600,47.85001,48.3201,41.55,46.57001,274356736
1273239000,46.22,46.8,44.28329,45.41,288200448
1273498200,47.42,47.8,47.31,47.77,136041568
1273584600,47.31,48.39,47.2,47.72,113196944
1273671000,47.98,48.66,47.89999,48.62,85462320
1273757400,48.42999,48.78999,47.7301,47.85001,102844256
1273843800,47.49001,47.52,46.38,46.92999,147386000
1274103000,47.03999,47.27,46.07001,47.08,120969504
1274189400,47.47,47.58,46.22,46.42999,153072064
1274275800,46.25999,46.63,45.55,46.06,159000256
1274362200,45.17,45.28,44.25,44.35001,189289744
1274448600,43.64,45.64,43.49001,44.84,190631120
1274707800,44.81,45.325,44.64,44.66,113386000
1274794200,43.67,44.75999,43.23,44.7,155642944
1274880600,44.92999,45.57001,44.12,44.2,140203120
1274967000,45.22,45.89,45.09,45.87,110736064
1275053400,45.94,45.99001,45.2,45.60001,128535248
1275399000,45.45,46.25,45.13,45.17999,104242624
1275485400,45.45,46.28,45.13,46.25,97249312
1275571800,46.36,46.77,46.08,46.69,98928368
1275658200,45.71001,46.28999,44.9375,45.0925,112849872
1275917400,45.34,45.46001,44.22,44.27,88436560
1276003800,44.37,44.48,43.59,44.19,133990000
1276090200,44.48,44.91,43.69,43.82001,102077312
1276176600,44.39,45.12,44.24001,45.07001,76892320
1276263000,44.63,45.53999,44.61,45.5,74347744
1276522200,45.91,46.24001,45.41,45.49001,68084944
1276608600,45.71001,46.77,45.4532,46.71001,76332560
1276695000,46.58,47.14,46.5,46.89999,78399632
1276781400,47.16,47.17999,46.64,47.05,77111808
1276867800,47.06,47.34,46.86,47,75921376
1277127000,47.60001,47.67999,46.33,46.60001,95488064
1277213400,46.78999,47.14,46.14999,46.24001,94493376
1277299800,46.28999,46.47,45.69,46.05,92397504
1277386200,45.84,45.99001,45.2,45.35001,114714320
1277472600,45.50999,45.66,44.95,45.27,89040256
1277731800,45.28999,45.55,44.81,45.11,71378688
1277818200,44.42,44.46001,43.07001,43.37,136384128
1277904600,43.23,43.67,42.64,42.71001,101313184
1277991000,42.82001,42.96001,41.77,42.59,158694880
1278077400,42.67,42.8215,42.09,42.47,78565248
1278423000,43.09,43.37,42.25,42.60001,88591808
1278509400,42.74001,44.00999,42.7,43.96001,72448368
1278595800,44.30969,44.38,43.67999,44.2,78264560
1278682200,44.17999,44.63,44.08,44.62,47861056
1278941400,44.58,45.03,44.46001,44.75,60934832
1279027800,45.13,45.5,44.8,45.33,93310496
1279114200,45.42,45.81,45.24001,45.56,87694688
1279200600,45.46001,45.74001,44.99001,45.60001,95992432
1279287000,45.44,45.6281,44.3,44.34,98831872
1279546200,44.48,44.81,44.10001,44.72,81800752
1279632600,43.99001,45.25999,43.86,45.25999,89061184
1279719000,45.75,45.75999,44.56,44.64,83576816
1279805400,45.25999,45.98,45.24001,45.77,82890256
1279891800,45.46001,46.10001,45.38,46.06,81056064
1280151000,46.12,46.46001,45.91,46.44,64850816
1280237400,46.69,46.72,46.21001,46.42,67655568
1280323800,46.38,46.58,45.88,46.05,51988112
1280410200,46.3,46.41,45.25,45.71001,85693936
1280496600,45.36,46.09,45.07001,45.81,98958064
1280755800,46.38,46.78999,46.2101,46.67,68706688
1280842200,46.63,46.7,46.25,46.47,60863376
1280928600,46.69,46.99001,46.5,46.938,43817792
1281015000,46.72,46.92,46.52,46.83,39150160
1281101400,46.32001,46.85001,46.05,46.75999,71339440
1281360600,47.00999,47.19,46.78999,47.08,26937008
1281447000,46.72,46.95,46.28,46.6725,86694432
1281533400,45.91,45.92,45.21001,45.39999,92219632
1281619800,44.56,45.24001,44.45,45.03999,66000432
1281706200,44.87,45.06,44.71001,44.72,46387264
1281965400,44.48,45.11,44.3,44.8,55472848
1282051800,45.11,45.78,45.03,45.37199,56927056
1282138200,45.28999,45.82001,45.11,45.55,61836480
1282224600,45.28999,45.46001,44.56,44.86,82969504
1282311000,44.78999,45.03,44.53999,44.92,66806624
1282570200,45.25,45.34,44.46001,44.48,69612128
1282656600,44.00999,44.12,43.465,43.64999,79095744
1282743000,43.35001,44.25999,43.27,44.07001,87347872
1282829400,44.24001,44.32001,43.5,43.53999,91223008
1282915800,43.86,44.16,42.97,44.07001,109595936
1283175000,43.87,44.25,43.60001,43.61,49373120
1283261400,43.39,43.85001,43.17999,43.46001,72066816
1283347800,44.10001,44.91,44.07001,44.75999,83523120
1283434200,44.84,45.28,44.73,45.25999,41816720
1283520600,45.73,46.02,45.55,46.00999,64041072
1283866200,45.82001,46.03,45.625,45.7,51195136
1283952600,45.84,46.45,45.82001,46.25,66883936
1284039000,46.67,46.7,46.32001,46.42999,61476384
1284125400,46.49001,46.67,46.25,46.60001,66995680
1284384600,46.95,47.37,46.94,47.25,64523296
1284471000,47.17,47.7,47.08,47.45,91405808
1284557400,47.35001,47.8,47.19,47.75,67108128
1284643800,47.67999,47.98,47.53999,47.94,66885744
1284730200,48.14,48.14,47.75,47.995,76372560
1284989400,48.17999,48.92999,48.11011,48.8299,84536560
1285075800,48.84,49.17,48.61,48.82001,82352624
1285162200,48.61,49.021,48.42,48.69,88315872
1285248600,48.39,49.16,48.32001,48.67,85039936
1285335000,49.22,49.69,49.14999,49.66,79495872
1285594200,49.64999,49.75,49.35001,49.39,43883408
1285680600,49.50999,49.53999,48.59,49.37,104922880
1285767000,49.3,49.53,49.11,49.28999,81679184
1285853400,49.53999,49.84,48.75,49.07001,122458560
1285939800,49.46001,49.53,48.78101,49.00999,77682368
1286199000,48.86,49.05,48.2,48.48,71359504
1286285400,49.03,49.75999,49,49.66,99301248
1286371800,49.59,49.71001,48.91,49.23,81831120
1286458200,49.52,49.53999,49,49.41,75693248
1286544600,49.45,49.87,49.08,49.75,83223808
1286803800,49.78,50.02,49.62,49.77,46879920
1286890200,49.69,50.21001,49.25999,50.11,88571632
1286976600,50.39999,50.75,50.28,50.52,71122752
1287063000,50.53999,50.64,50.17,50.42,68463744
1287149400,51.03999,51.5,50.63,51.49001,104653936
1287408600,51.52,51.72,51.3,51.3,72505184
1287495000,50.81,51.3,50.42,50.82001,105739680
1287581400,50.96001,51.57001,50.87,51.19,80861056
1287667800,51.50999,51.7101,50.78999,51.28999,85885312
1287754200,51.3,51.69,51.21001,51.64,47409152
1288013400,51.85001,52.23,51.85001,51.89,51413632
1288099800,51.62,52.14999,51.42,52.03,60498256
1288186200,51.77,52.23,51.66,52.19,57483184
1288272600,52.42,52.45,51.84,52.3,61220000
1288359000,52.28999,52.49001,52.1698,52.17999,46668688
1288618200,52.38,52.75,51.98,52.22,60555552
1288704600,52.66,52.92999,52.575,52.78,48137408
1288791000,52.84,53.03999,52.36,53.02,126225808
1288877400,53.63,53.8614,53.5,53.67,84201008
1288963800,53.7,53.81,53.50999,53.67,77937056
1289226600,53.57001,53.83,53.44991,53.7375,39623424
1289313000,53.97,54.0401,53.21001,53.45,66969744
1289399400,53.53,53.77,53.10001,53.715,83553632
1289485800,52.89999,53.48,52.66,53.38499,85163504
1289572200,53.10001,53.3672,52.11,52.50999,99164256
1289831400,52.78,52.88,52.28999,52.315,56723376
1289917800,51.92999,52.2462,50.85001,51.45,101096624
1290004200,51.49001,51.87,51.35001,51.60001,77836128
1290090600,52.14999,52.78999,52.13,52.42999,71488256
1290177000,52.34,52.59,52.14,52.47,54512704
1290436200,52.25,52.91,52.17,52.91,69918816
1290522600,52.39,52.45,51.77,52.07001,76900944
1290609000,52.58,53.25,52.56,53.12,53455536
1290781800,52.8,53.13,52.67,52.968,23640288
1291041000,52.7,52.89999,52.10001,52.73,89265936
1291127400,52.17999,52.7355,51.88,52.08501,118861504
1291213800,52.87,53.46001,52.84,53.19,81758064
1291300200,53.27,53.81,53.21001,53.73,56883984
1291386600,53.5,53.94,53.5,53.87,38014160
1291645800,53.86,53.95,53.67999,53.845,39311536
1291732200,54.49001,54.52,53.82001,53.88,59067232
1291818600,54.02,54.14999,53.6899,54.08,48066848
1291905000,54.41,54.44,53.95,54.13499,51679728
1291991400,54.28999,54.55,54.09,54.495,44696144
1292250600,54.71001,54.74001,54.27,54.3,53110160
1292337000,54.42,54.62,54.23,54.395,69944000
1292423400,54.37,54.7,54.03,54.16,76951808
1292509800,54.21001,54.66,54.06,54.58,65519392
1292596200,54.53999,54.67999,54.41,54.52,36849552
1292855400,54.59,54.75999,54.16,54.56,48159600
1292941800,54.76019,54.89,54.62,54.89,35775344
1293028200,54.86,54.96001,54.78999,54.88499,35766432
1293114600,54.78,54.87,54.61,54.742,21668240
1293460200,54.62,54.86,54.21001,54.77,29263424
1293546600,54.88,54.92,54.55,54.67,24168608
1293633000,54.82001,54.89999,54.73,54.78999,24132688
1293719400,54.78999,54.8,54.55,54.66,27562160
1293805800,54.60001,54.62,54.21001,54.46001,38565920
1294065000,54.959,55.69,54.95,55.31,90994320
1294151400,55.53,55.55,54.92,55.265,43851456
1294237800,55.11,55.75999,55.07001,55.74001,43787168
1294324200,55.78999,55.96001,55.67999,55.92,46139536
1294410600,56.02,56.05,55.32001,55.87,72261632
1294669800,55.72,56.17999,55.58,56.08,55551760
1294756200,56.28999,56.36,55.95,56.16,56663776
1294842600,56.42,56.56,56.2,56.55499,51978976
1294929000,56.59,56.73,56.41,56.575,47430384
1295015400,56.59,57.02,56.46001,57,43867392
1295361000,56.52,57.23,56.49001,57.16,65803008
1295447400,57.24001,57.25999,56.32001,56.50999,67767184
1295533800,56.3,56.35001,55.67999,56.11,92357744
1295620200,56.39,56.49001,55.64999,55.67999,59673280
1295879400,55.78999,56.46001,55.67999,56.45,64103248
1295965800,56.17999,56.55,56.05,56.5325,55305024
1296052200,56.63,56.98,56.45,56.83,60547616
1296138600,57.00999,57.35001,56.92,57.17999,53656080
1296225000,57.16,57.22,55.47,55.73,123359808
1296484200,55.81,56.16,55.39,56,70570560
1296570600,56.4194,57.17999,56.36,57.05,76952816
1296657000,56.92,57.17,56.84,56.955,48660944
1296743400,56.85001,57.14,56.39999,57.0575,45341872
1296829800,57.05,57.42,56.89999,57.375,47647712
1297089000,57.49001,57.97,57.39999,57.64999,45626800
1297175400,57.64999,58.07001,57.56,58.02499,38099824
1297261800,57.94,58.12,57.75,57.92999,62540768
1297348200,57.61,58.10001,57.49001,58.021,70194688
1297434600,57.87,58.48,57.77,58.44,47853472
1297693800,58.42999,58.66,58.38,58.58,48506032
1297780200,58.44,58.57001,58.23,58.5,39723760
1297866600,58.64,59.03999,58.63,58.881,53061312
1297953000,58.60001,58.97501,58.55,58.86,38361840
1298039400,58.88,58.97,58.50999,58.73,44341728
1298385000,58,58.13,56.94,57.03,92596880
1298471400,57,57.23,56.13,56.56,97842880
1298557800,56.7,57.03,56.14,56.855,98715936
1298644200,57.16,57.72,57.12,57.64999,54094576
1298903400,57.87,58.05,57.42999,57.76891,51402736
1298989800,57.99001,58.02,56.69501,56.84,91992496
1299076200,56.82001,57.511,56.78999,57.14,61552880
1299162600,57.67999,58.36501,57.67,58.265,64249920
1299249000,58.25,58.25999,57.59,57.9675,62328320
1299508200,58.21001,58.2599,56.67,57.19,98469936
1299594600,57.10001,57.67999,56.77,57.42,62399104
1299681000,57.21001,57.27,56.72,57.03,84764128
1299767400,56.39,56.52,55.91,56.14,102991504
1299853800,55.83,56.66,55.82001,56.49001,81679376
1300109400,56.17999,56.59,55.86,56.28999,73621744
1300195800,54.64,55.82001,54.47,55.49001,101275312
1300282200,55.03,55.34,53.77,54.14999,176506624
1300368600,55.00999,55.24001,54.12939,54.64999,94434320
1300455000,55.2,55.22,54.41,54.45,94887120
1300714200,55.28999,55.78,54.49561,55.5,57419952
1300800600,55.57001,55.61,55.28,55.395,36251280
1300887000,55.19,55.87,54.82001,55.71001,60365088
1300973400,56.12,56.82001,55.82001,56.7,69502320
1301059800,56.89,57.22,56.7299,56.84,74133872
1301319000,57.09,57.10001,56.5,56.53,37823728
1301405400,56.39999,57.08,56.23,57.08,47994656
1301491800,57.36,57.42999,57.08,57.35001,44935856
1301578200,57.25,57.48,57.14999,57.42999,50143328
1301664600,57.72,57.89999,57.28999,57.46001,68031744
1301923800,57.62,57.67999,57.02,57.27,48659040
1302010200,57.16,57.49001,57,57.12,55384928
1302096600,57.53999,57.73,56.92999,57.25999,49532048
1302183000,57.23,57.60001,56.81,57.22,60705856
1302269400,57.48,57.57001,56.64999,56.95,42782112
1302528600,57.16,57.28999,56.56,56.75999,42451616
1302615000,56.52,56.64,56.14999,56.37,50642848
1302701400,56.77,57,56.39999,56.85001,49979728
1302787800,56.45,56.83,56.23,56.75,53544096
1302874200,56.53,56.87,56.28,56.64999,68529936
1303133400,56.09,56.27,55.32001,56.25,69073440
1303219800,56.39,56.60001,56.10001,56.60001,38608384
1303306200,57.59,57.94,56.6051,57.875,67397440
1303392600,58.47,58.47,58.16,58.34,43666768
1303738200,58.39999,58.52,58.28,58.49001,25376720
1303824600,58.64999,59.03,58.50999,58.82001,49392736
1303911000,58.89999,59.28999,58.66,59.22,56465488
1303997400,59.06,59.23,58.88,59.13,48138336
1304083800,59.03999,59.28999,58.98,59.08,44831152
1304343000,59.19,59.34,58.82001,58.97,48149392
1304429400,58.95,59,58.33,58.69,38143408
1304515800,58.72,58.87,58.11,58.60001,53105008
1304602200,58.32001,58.97,58.08,58.28,72153312
1304688600,58.86,59.2,58.31,58.47,72506752
1304947800,58.56,58.92,58.34,58.69,40028976
1305034200,58.87,59.28,58.77499,59.19,38053600
1305120600,59.10001,59.31,58.36,58.755,61908944
1305207000,58.56,59.19,58.24001,59.11,66128192
1305293400,58.98,59.07001,58.39,58.41,63506560
1305552600,58.16,58.32001,57.27,57.399,73140256
1305639000,57.12,57.57001,56.98,57.56,63176064
1305725400,57.48,58.14,57.41,58.03999,42351088
1305811800,58.23,58.34,57.85001,58.21001,35024240
1305898200,58.14999,58.21001,57.69,57.765,44703168
1306157400,56.99001,57.14999,56.64999,56.92,43678432
1306243800,57.07001,57.07001,56.56,56.57001,39314208
1306330200,56.49001,57.06,56.47,56.78999,41368976
1306416600,56.62,57.3,56.61,57.14149,40564080
1306503000,57.24001,57.49001,57.19,57.42999,30132080
1306848600,57.97,58.36,57.67,58.36,47588064
1306935000,58.22,58.36,57.03999,57.09,51792336
1307021400,57.21001,57.41,56.89,57.21001,50198048
1307107800,56.56,56.99001,56.27,56.35001,57773680
1307367000,56.24001,56.53,55.86,55.89,50175536
1307453400,56.05,56.25999,55.75,55.78999,46311056
1307539800,55.67,55.77,55.23,55.39,46426384
1307626200,55.37,55.75999,55.23,55.485,45307504
1307712600,55.23,55.34,54.59,54.64,53740544
1307971800,54.71001,54.92999,54.45,54.64,37745776
1308058200,55.05,55.47,55.03,55.34,40565264
1308144600,54.83,55.14999,54.17999,54.28999,59022336
1308231000,54.33,54.5,53.61501,54.08,66316192
1308317400,54.45,54.59801,53.631,53.78999,70353120
1308576600,53.66,54.23,53.64,54.07001,37402832
1308663000,54.25999,55.28999,54.03,55.23,55892704
1308749400,55,55.32001,54.82001,54.83099,36833216
1308835800,54.28,55.37,54.06,55.34,80743312
1308922200,55.07001,55.13,54.27,54.38,56298240
1309181400,54.42999,55.53,54.32001,55.245,49968848
1309267800,55.38,56.08,55.28999,56.07001,47028640
1309354200,56.23,56.41,55.89999,56.3,65417184
1309440600,56.5,57.09,56.47,57.05,50483920
1309527000,57.10001,57.985,56.92,57.91,53203808
1309872600,57.95,58.25999,57.83,58.2,43128656
1309959000,58.14,58.49001,57.94,58.39,49282640
1310045400,58.82001,59.36,58.74001,59.19,54799760
1310131800,58.7,59.03999,58.37,59.03,69533568
1310391000,58.41,58.71001,57.75999,57.96001,52080768
1310477400,57.94,58.07001,57.46001,57.52,84000624
1310563800,57.94,58.34,57.55,57.75999,82374496
1310650200,57.92999,58.17999,56.87,57.09,98773872
1310736600,57.72,57.85001,57.31,57.85001,68287680
1310995800,57.535,57.78999,56.98,57.53999,59512192
1311082200,58.13,58.89999,58.09,58.85001,73904256
1311168600,59.17999,59.19,58.5,58.60001,57084224
1311255000,58.64999,59.32001,58.34,58.99001,70148752
1311341400,58.97,59.7,58.92,59.60001,43620352
1311600600,59.13,59.81,59.02,59.48,48916064
1311687000,59.44,59.83,59.32001,59.625,40918832
1311773400,59.25,59.28999,57.94,58.09,83969504
1311859800,58.10001,58.92999,57.89,58.19,61031808
1311946200,57.73,58.61,57.44,58,82860432
1312205400,58.67,58.82001,57.03,57.73,85421008
1312291800,57.46001,57.72,56.21001,56.27,90851312
1312378200,56.37,56.88,55.35001,56.81,103612320
1312464600,55.98,56.09,54.17,54.17,132829936
1312551000,54.78999,55.03,52.32001,53.83,214111680
1312810200,52.21001,53.12,50.59,50.59,204804064
1312896600,51.31,53.08,49.92999,53.03,193707056
1312983000,51.82001,53.04379,50.8,50.86,205917872
1313069400,51.58,53.69,51.34,53.10001,143824496
1313155800,53.42,53.89999,52.88,53.57001,90483248
1313415000,53.77,54.36,53.53,54.36,73554256
1313501400,53.82001,54.35001,53.17999,53.89999,89219184
1313587800,53.98,54.42,53.02,53.58,84416496
1313674200,52.13,52.14,50.48,50.95,130016432
1313760600,50.42999,51.67,49.99001,50.03,96674496
1314019800,51.21001,51.24001,50.06,50.21001,77107680
1314106200,50.56,52.28,50.34,52.28,75688368
1314192600,52.17999,53.42,51.71001,52.69,80197632
1314279000,52.64,52.905,51.64999,51.83,93623632
1314365400,51.67999,53.31,51.14999,53.13,91573248
1314624600,53.64,54.67,53.64,54.61,45985744
1314711000,54.39,55.3,54.11,54.97,61617824
1314797400,55.28999,55.74001,54.60001,55.06,60899248
1314883800,55.21001,55.64,54.46001,54.56,57158368
1314970200,53.58,54.6143,52.99001,53.28,58185104
1315315800,52.03999,53.366,51.91,53.28999,52992176
1315402200,54.03,54.64999,53.89999,54.64,48952112
1315488600,54.37,55.1684,54.21001,54.39,61422784
1315575000,54.00999,54.2399,52.85001,53.17999,63663488
1315834200,52.61,53.89999,52.57001,53.86,65973008
1315920600,54.08,54.69,53.8,54.58,59019984
1316007000,54.85001,55.98,54.32001,55.36,90757312
1316093400,55.97,56.28,55.39,56.17999,83536064
1316179800,56.25,56.64999,56.09,56.59,91901936
1316439000,55.89999,56.91,55.42999,56.61,73042816
1316525400,56.89999,57.35001,56.23,56.36,66570064
1316611800,56.64999,56.92999,55.37,55.38,79938000
1316698200,53.92999,54.46001,52.75,53.58,151885440
1316784600,53.14,54.38,53.091,54.14999,85940560
1317043800,54.42,54.88,53.21001,54.78,96260944
1317130200,55.7,56.2,54.98,55.35001,81148496
1317216600,55.57001,55.97,54.39999,54.53,76757056
1317303000,55.36,55.42999,52.97,53.88,116900128
1317389400,53.17999,53.61,52.46001,52.49001,104957936
1317648600,52.03999,52.85001,51.11,51.14,99147936
1317735000,50.595,52.28999,50.095,52.19,137011440
1317821400,52.07001,53.6787,51.66,53.53,108825680
1317907800,53.47,54.44,53.21001,54.42999,71939120
1317994200,54.41,54.66,53.72,54.07001,72525184
1318253400,54.98,55.94,54.89,55.94,48229040
1318339800,55.81,56.46001,55.7,56.32001,66449056
1318426200,56.87,57.23,56.56,56.60001,85627568
1318512600,56.49001,57.19,56.42999,57.12,63443632
1318599000,57.84,58.19,57.50999,58.17999,65643504
1318858200,57.89999,58.09,56.9716,57.28,65161280
1318944600,57.19,58.28999,56.66,57.99001,91434320
1319031000,57.71001,57.85001,56.67999,56.87,67639312
1319117400,56.81,56.92,55.78999,56.59,80378256
1319203800,57.17,57.66,56.78,57.3,60455680
1319463000,57.52,58.64999,57.3105,58.49001,61449360
1319549400,58.27,58.32001,57.22,57.34,65299184
1319635800,57.64999,57.78,56.2126,57.27,98193744
1319722200,58.64,59.2,58.03,58.85001,104455440
1319808600,58.5,59.00999,58.5,58.94,42949952
1320067800,58.41,58.64,57.91,57.95,60520128
1320154200,56.56,57.9064,56.12,56.44,99932816
1320240600,57.00999,57.16,56.38499,56.92,65178768
1320327000,57.36,58.175,56.71001,58.10001,78994192
1320413400,57.78999,58.05,57.22,57.8,61527712
1320676200,57.75,58.25,57.17,58.21001,65558624
1320762600,58.63,58.98,57.97,58.88,62906880
1320849000,57.72,57.83,56.63,56.81,69538752
1320935400,57.39999,57.42,56.23,56.78,66052368
1321021800,57.28,58.02,57.2,57.85001,54470944
1321281000,57.69,58.00999,57.28,57.49001,44617600
1321367400,57.34,58.36,57.25999,58.13,52203872
1321453800,57.73,58.15739,57.06,57.17,68342560
1321540200,57.02,57.03999,55.48,55.83,101706816
1321626600,55.85001,55.89999,55.3,55.39999,60416976
1321885800,54.67999,54.73,53.78,54.34,52289440
1321972200,54.2,54.67999,53.87,54.52,51940096
1322058600,54.11,54.17,53.25999,53.28999,48467328
1322231400,53.09,53.67,52.87,52.88,25447856
1322490600,54.16,54.78999,54.14,54.72,46710688
1322577000,54.64999,55.10001,54.22,54.38,52056608
1322663400,55.84,56.44,55.67,56.39,66918496
1322749800,56.37,56.925,56.35001,56.78,45361472
1322836200,57.33,57.34,56.57001,56.62,36938336
1323095400,57.49001,57.62,56.91499,57.24001,40501888
1323181800,57.28999,57.45,56.89,57.08,38669472
1323268200,56.89999,57.34,56.35001,57.08,44576160
1323354600,56.74001,57.14999,56.00999,56.12,51692560
1323441000,56.25999,57.19,56.24001,57.02,55757856
1323700200,56.42,57.0087,55.89999,56.38,55411696
1323786600,56.75999,56.98,55.53,55.75999,68557680
1323873000,55.52,55.59,54.58,54.89,63682704
1323959400,55.36,55.42,54.66,54.74001,58732816
1324045800,54.88,55.61,54.77,54.86,60978704
1324305000,55.06,55.2,54.17,54.32001,46733808
1324391400,55.2,56,55.17,55.92999,81758752
1324477800,55.64,55.64,54.4875,55.13,78552000
1324564200,55.22,55.6261,55.17,55.60001,40334016
1324650600,55.67999,56.08,55.58099,56.08,26594528
1324996200,56.00999,56.42,55.92999,56.24001,21443440
1325082600,56.17,56.25999,55.44,55.59,38189536
1325169000,55.67999,56.03,55.5,55.99001,28077808
1325255400,55.86,56.12,55.82001,55.83,21832336
1325601000,56.91,57.19,56.75,56.89999,39512880
1325687400,56.8,57.22,56.56,57.14,29403360
1325773800,57.02,57.66,56.8,57.61,41260528
1325860200,57.64999,57.94,57.39999,57.81,46325168
1326119400,57.95,57.98,57.431,57.62,39195456
1326205800,58.25999,58.405,57.6398,58.03999,35949856
1326292200,58.02,58.28999,57.81,58.16,37144048
1326378600,58.28999,58.47,57.86,58.39,26188208
1326465000,58.10001,58.2,57.67999,58.17999,35985088
1326810600,58.71001,58.96001,58.49001,58.71001,41790752
1326897000,58.84,59.49001,58.68221,59.49001,48692624
1326983400,59.75999,59.97,59.64999,59.86,47774416
1327069800,59.61,59.8,59.56,59.77,41050560
1327329000,59.8,60.21001,59.44,59.78999,40964624
1327415400,59.53999,59.84,59.41,59.67999,38440192
1327501800,60.28,60.58,59.8335,60.42999,61591776
1327588200,60.67,60.8,59.92999,60.22,37852656
1327674600,60.09,60.50999,60.06,60.39999,45540384
1327933800,59.88,60.53999,59.66,60.45,42797536
1328020200,60.75,60.86,60.14,60.53,51449600
1328106600,60.85001,61.24001,60.66,61.02,46146672
1328193000,61.2,61.41,60.97,61.21001,46373504
1328279400,61.78,62.12,61.6799,62.05,36453760
1328538600,61.82001,62.02,61.66,62,28541040
1328625000,61.95,62.25,61.67,62.13,37935696
1328711400,62.14,62.46001,61.91,62.46001,41171072
1328797800,62.67,62.98,62.32001,62.91,46856288
1328884200,62.47,62.64,62.25,62.47501,58093568
1329143400,62.92999,63.13,62.64999,63.05,36810176
1329229800,62.89999,63.22,62.69,63.21001,51685264
1329316200,63.52,63.86,62.67,62.77,105708880
1329402600,62.78999,63.7,62.63,63.63,83642256
1329489000,63.64,63.69,63.14999,63.42999,76112256
1329834600,63.50999,63.89,63.21001,63.61,38141232
1329921000,63.49001,63.67999,63.23,63.32001,43174688
1330007400,63.39999,63.81,63.09,63.74001,54249248
1330093800,63.92,64.07001,63.8,63.96001,41369696
1330353000,63.60001,64.25999,63.33,64.05,42678416
1330439400,64.10001,64.7,64.03,64.7,43727280
1330525800,64.74001,64.96001,64.2,64.41,59784400
1330612200,64.66,64.98,64.46001,64.92,67558816
1330698600,64.83,65.0784,64.66,64.87,33358160
1330957800,64.83,64.91,63.99001,64.2,45788688
1331044200,63.59,63.72,63.23,63.57001,54638576
1331130600,63.86,64.21001,63.77,64.06,42741792
1331217000,64.42,64.94,64.3,64.75,43711008
1331303400,64.85001,65.14,64.82001,65.02,43117168
1331559000,64.97,65.11,64.72,65.05,32687296
1331645400,65.42,66.25999,65.27,66.25999,61558512
1331731800,66.31,66.74001,66.08,66.49001,59926896
1331818200,66.69,66.82001,66.35001,66.67999,65531136
1331904600,66.64999,66.67,66.36,66.52,53023024
1332163800,66.62,67.14999,66.45,66.99001,60966112
1332250200,66.66,67.185,66.46001,67.11,47290544
1332336600,67.13,67.49001,67.03,67.12,39648096
1332423000,66.71001,67.14,66.67999,66.98,56960464
1332509400,67.06,67.08,66.56,66.939,45547680
1332768600,67.37,68.11,67.33,68.11,40855232
1332855000,68.145,68.49001,68.13,68.21001,37278176
1332941400,68.25,68.50999,67.53999,67.938,44421856
1333027800,67.61,67.92999,67.2,67.67999,53975296
1333114200,67.99001,68.02,67.28,67.55,39480224
1333373400,67.46001,68.34,67.36,68.25,40031536
1333459800,68.31,68.55,67.85001,68.23,45539664
1333546200,67.73,67.75999,66.91,67.3,54087968
1333632600,67.19,67.78,67.13,67.72,42938464
1333978200,66.88,67.48,66.75999,67.21001,36908144
1334064600,67.19,67.44,65.92,66.13,69254192
1334151000,66.705,66.89,66.28,66.45,62949952
1334237400,66.58,67.28,66.4807,67.205,57407344
1334323800,66.96001,67.20219,66.16,66.19,55227424
1334583000,66.53,66.56,65.24001,65.45,57587264
1334669400,65.75,66.99001,65.63,66.78,47362400
1334755800,66.59,67,66.41,66.61,42536000
1334842200,66.38,67.17,65.62,65.86,81110256
1334928600,66.22,66.50999,65.58,65.67999,59906832
1335187800,65.08,65.17999,64.49001,65.08,70514128
1335274200,64.97,65.23,64.45,64.73,49661440
1335360600,66.06,66.49001,65.97,66.45,57526768
1335447000,66.42,66.99001,66.35001,66.84,41799488
1335533400,67.12,67.45,66.77,67.24001,46012480
1335792600,67.02,67.17,66.71001,66.75999,37787616
1335879000,66.67999,67.63,66.59,66.87,37643728
1335965400,66.5,67.11,66.38,67.06,38299216
1336051800,67.10001,67.14999,66.175,66.35001,51307360
1336138200,65.75,66.3524,64.69,64.7,107553936
1336397400,64.31,65.07001,64.28999,64.75999,50266736
1336483800,64.34,64.74001,63.48,64.52,72659680
1336570200,63.77,64.67999,63.50999,64.321,85715248
1336656600,64.61,64.63,63.95,64.19,49448864
1336743000,63.94,64.86,63.91,64.17999,47106688
1337002200,63.63,64.08,63.48,63.58,46359984
1337088600,63.78999,64.27,63.25999,63.37,66908432
1337175000,63.62,63.78,62.81,62.94,52825904
1337261400,62.94,63.06,61.60001,61.61,62253440
1337347800,61.78999,61.96001,60.75999,60.81,79496432
1337607000,60.92,62.57001,60.85001,62.50999,61471328
1337693400,62.66,62.95,61.989,62.44,62954720
1337779800,61.92999,62.71001,61.37,62.56,56951072
1337866200,62.66,62.71001,61.69,62.14999,83129568
1337952600,62.21001,62.3201,61.88989,62.07001,32082832
1338298200,62.63,63.14999,62.28,62.86,44221456
1338384600,62.28999,62.55,61.67731,62.33,56431792
1338471000,62.25,62.41,61.59,62.06,55260016
1338557400,60.97,61.32001,60.39,60.409,71430752
1338816600,60.57001,60.96001,60.03999,60.87,74119312
1338903000,60.64999,61.24001,60.63,61.12,47916880
1338989400,61.60001,62.57001,61.52,62.52,58781184
1339075800,63.16,63.17999,62.22,62.27,38414784
1339162200,62.16,62.95,61.96001,62.87,39737104
1339421400,63.35001,63.38,61.77,61.80499,51008832
1339507800,62.09,62.59,61.67999,62.56,48802592
1339594200,62.38,62.85001,61.92,62.13,50841088
1339680600,62.14,62.61,61.8,62.36,65170496
1339767000,62.37,63.08,62.36,62.99001,41536032
1340026200,62.75,63.74001,62.63,63.58,32191120
1340112600,63.89999,64.50999,63.85001,64.239,36476480
1340199000,64.36,64.57001,63.81,64.28999,51389680
1340285400,64.21001,64.31,62.62,62.69,42492624
1340371800,62.88,63.42999,62.731,63.35001,29513104
1340631000,62.84,62.85001,61.95,62.13,33136336
1340717400,62.33,62.7,62.0575,62.52,30610736
1340803800,62.75999,63.17999,62.6899,62.89999,35705776
1340890200,62.42,62.47,61.53999,62.2,49793376
1340976600,63.37,64.16,63.21001,64.16,44765808
1341235800,64.23,64.38,63.87,64.35001,33432704
1341322200,64.38,64.89,64.28999,64.89,15895086
1341495000,64.78,65.25,64.48,64.92999,37025568
1341581400,64.64999,64.69,63.64999,64.12,40684064
1341840600,64.03,64.25999,63.67999,64,35636976
1341927000,64.33,64.50999,63.12,63.37,47365648
1342013400,63.28999,63.46001,62.5,63.02,43431952
1342099800,62.55,62.69,61.86,62.42999,57680384
1342186200,62.56,63.52,62.56,63.38,32358944
1342445400,63.24001,63.52,62.95,63.2,27623184
1342531800,63.58,63.74001,62.63,63.53,42476976
1342618200,63.39999,64.58,63.39,64.39,44489600
1342704600,64.84,65.31,64.72,65.10001,53017696
1342791000,65.09,65.10001,64.21001,64.235,40572544
1343050200,63,63.67999,62.50999,63.46001,48657616
1343136600,63.58,63.66,62.55,62.96001,57269680
1343223000,62.49001,62.95,62.14999,62.53999,46267408
1343309400,63.44,63.73,62.97,63.37,41934256
1343395800,63.83,64.99001,63.64,64.87,42623488
1343655000,65.00999,65.31,64.60001,64.82001,37821200
1343741400,64.91,65.17999,64.74001,64.8,34595376
1343827800,65.25,65.27991,64.35001,64.61,30919776
1343914200,64.10001,65.02,63.91,64.38,40544544
1344000600,65.38,65.88,65.19,65.60001,42122944
1344259800,65.94,66.39,65.8,66.10001,23529616
1344346200,66.38,66.92,66.28,66.64999,28222368
1344432600,66.48,66.76199,66.37,66.62,20723504
1344519000,66.62,66.91,66.49001,66.82001,20726176
1344605400,66.59,66.88,66.41,66.86,20320928
1344864600,66.84,67.03,66.5,67.02,19890256
1344951000,67.28,67.41,66.86,67.05,24218672
1345037400,67,67.3199,66.99001,67.22,29110352
1345123800,67.47,68.17,67.39,68.02,35706448
1345210200,68.17,68.33,68.00999,68.32001,22584720
1345469400,68.27,68.42999,68,68.42,26923936
1345555800,68.63,68.88,67.88,68.14999,41390944
1345642200,67.99001,68.5601,67.81,68.42999,44555648
1345728600,68.14,68.34,67.69051,67.87,28802208
1345815000,67.72,68.45,67.60001,68.28999,38384752
1346074200,68.60001,68.67,68.25,68.39999,20671328
1346160600,68.34,68.58501,68.11,68.39999,27337856
1346247000,68.41,68.57001,68.11,68.39999,26674512
1346333400,68.11,68.13,67.60001,67.71001,24430944
1346419800,68.2,68.45,67.47,68.16,42127920
1346765400,68.03,68.35001,67.42,68.09,32017184
1346851800,68.03999,68.35001,67.84,68.02,26133792
1346938200,68.42,69.55,68.42,69.53,43099504
1347024600,69.37,69.55,69.23,69.42999,32966128
1347283800,69.25999,69.39999,68.49001,68.53999,25489968
1347370200,68.53999,68.82001,68.32001,68.42999,29810080
1347456600,68.67999,68.81,68.21001,68.632,42212160
1347543000,68.71001,69.86,68.62,69.56,45417792
1347629400,69.84,70.42999,69.78999,70.17999,38888048
1347888600,70.2,70.24001,69.96001,70.21001,31798336
1347975000,70.03999,70.3,70.02,70.27,27169760
1348061400,70.28999,70.58,70.06,70.39999,36484576
1348147800,70.07001,70.39999,69.87,70.33,42523440
1348234200,70.47,70.53999,70.08,70.14999,23681200
1348493400,69.56,69.86,69.42,69.735,32341552
1348579800,69.92,70.08,68.73,68.75999,41308848
1348666200,68.67,68.71001,67.85001,68.2,32770368
1348752600,68.35001,69.3,68.25,69.14,25334736
1348839000,68.92,69.12,68.50999,68.57001,30116096
1349098200,68.89999,69.33,68.25,68.47,37715200
1349184600,68.78999,68.98,68.13,68.67,33254272
1349271000,68.88,69.24001,68.59,69.11,38235968
1349357400,69.24001,69.53999,69,69.35001,26128544
1349443800,69.67999,69.8,68.8,68.98,25207824
1349703000,68.58,68.72,68.19,68.35001,30911408
1349789400,68.17,68.33949,67.10001,67.2592,67973936
1349875800,67.25,67.42999,66.8,66.92,45134288
1349962200,67.44,67.47,66.67,66.71001,30476080
1350048600,66.73,67.06,66.55,66.67999,24894928
1350307800,66.94,67.25999,66.53,67.17,22220000
1350394200,67.28999,68.2,67.25,68.12,33960304
1350480600,67.75,68.3,67.67999,68.08,33439360
1350567000,67.87,68.08,67.03999,67.28999,61706320
1350653400,67.21001,67.27,65.60001,65.67999,75362624
1350912600,65.62,66.19,65.5,66.02,38621408
1350999000,65.49001,65.95,65.19,65.39,52598736
1351085400,65.75999,65.87,65.06,65.164,39872368
1351171800,65.61,65.72,64.97,65.16,52688672
1351258200,65.17999,65.623,64.64999,65.35001,54222192
1351690200,65.31,65.39,64.73,64.95,38524480
1351776600,65.32001,66,65.17,65.87289,26944928
1351863000,66.21001,66.21001,65.11,65.17,44082992
1352125800,65.19501,65.73,65.03999,65.60001,28104128
1352212200,65.71001,66.17,65.46001,65.72,29608304
1352298600,65.03999,65.10001,63.89999,64.17,70737632
1352385000,64.33,64.495,63.16,63.16,58585728
1352471400,63.19,64.11,63.16,63.42999,51549536
1352730600,63.78999,63.87,63.25,63.42,32663664
1352817000,62.92,63.58,62.78011,62.98,43287632
1352903400,63.27,63.36,62.14,62.24001,82655184
1352989800,62.28999,62.49001,61.8,62.02991,55124160
1353076200,62.08,62.48,61.31,62.3,70868000
1353335400,62.97,63.83,62.96001,63.78059,55306384
1353421800,63.77,63.89,63.19,63.8,52012656
1353508200,63.83,64.02,63.60001,63.92999,19620064
1353681000,64.32001,64.92,64.25011,64.89999,16462832
1353940200,64.77,65.22,64.53999,65.181,26430880
1354026600,65.16,65.39999,64.85001,64.96001,25828576
1354113000,64.66,65.57001,64.25,65.52,37295776
1354199400,65.82001,66.13499,65.58,65.91,41135808
1354285800,65.92,65.97,65.61,65.8,33502048
1354545000,66.32001,66.37,65.64,65.67,28239968
1354631400,65.69,65.77,65.2,65.63,49671696
1354717800,65.53,65.53999,64.55,64.9032,54076128
1354804200,64.71001,65.4801,64.53,65.32001,47519072
1354890600,65.64999,65.71001,64.71001,64.92999,30092672
1355149800,64.75,65.455,64.75,65.12,33219552
1355236200,65.58,66.34,65.515,65.97,40750800
1355322600,66.28999,66.32001,65.64999,65.83,45917680
1355409000,65.71001,66.16,65.03,65.3111,45467648
1355495400,64.89999,65.08,64.47,64.69,39630256
1355754600,64.73,65.57001,64.66,65.55,42302832
1355841000,65.85001,66.64999,65.7,66.5472,55596000
1355927400,66.72,66.75999,66.22,66.2605,34832448
1356013800,66.38,66.41,65.92999,66.25999,40754272
1356100200,64.89,65.28,64.60001,65.2,51144544
1356359400,65.06,65.14,64.92,65.07001,11418230
1356532200,65.08,65.17999,64.28999,64.5,21760848
1356618600,64.56,64.64,63.60001,64.39999,52943136
1356705000,63.92999,64.42999,63.75,63.78,33082048
1356964200,63.67999,65.25211,63.58,65.1301,57553104
1357137000,66.69,67.23,66.48,67.2,70695872
1357223400,67.2,67.34,66.64999,66.8521,47366432
1357309800,66.87,66.88,66.47,66.63,33973328
1357569000,66.46001,66.75999,66.25,66.65041,26766192
1357655400,66.64,66.815,66.17,66.52,28743936
1357741800,66.62,66.95,66.55,66.77,25609168
1357828200,67.21001,67.27,66.55,67.17,37534256
1357914600,67.14,67.28999,67,67.25999,21160464
1358173800,66.89999,67.14999,66.67,66.96001,36777296
1358260200,66.63,66.729,66.33211,66.63,31675280
1358346600,66.75,67.13,66.60001,66.89999,33828112
1358433000,67.17999,67.48,67.06,67.22,32030736
1358519400,67.00999,67.14,66.77,67.07001,31991952
1358865000,67.14999,67.23,66.73,67.17999,32123008
1358951400,67.56,67.78999,67.46001,67.59,31977408
1359037800,66.69,67.28,66.56,66.66,42603376
1359124200,66.89,67.19,66.74001,67,39248720
1359383400,67.00999,67.38,66.92999,67.14999,32933920
1359469800,67.06,67.31,66.63,67.16,35554608
1359556200,67.28,67.48,66.87,67.02,34444960
1359642600,66.99001,67.35001,66.81,66.87,34870432
1359729000,67.34,67.78,67.07001,67.66,53124512
1359988200,67.25,67.4599,66.46001,66.48,48483696
1360074600,66.75999,67.67,66.61,67.46001,35129984
1360161000,67.22,67.55,67.03999,67.24001,43595136
1360247400,67.33,67.371,66.56,67.3,46011200
1360333800,67.64,68.13,67.63,67.99001,39845728
1360593000,68.02,68.06,67.78,68.00999,17650352
1360679400,67.92,68.05,67.66,67.73,22061312
1360765800,67.92999,68.23,67.765,67.97,23497136
1360852200,67.64,68.05,67.62,67.95,24482416
1360938600,67.95,68.11,67.56,67.75,25334048
1361284200,67.89,68.25999,67.86,68.24001,23433248
1361370600,68.24001,68.25,67.17999,67.19,38200240
1361457000,66.96001,67.00999,66.23,66.47,45855568
1361543400,66.84,67.14999,66.59,67.13901,21969536
1361802600,67.60001,67.81,66.25,66.31,40927520
1361889000,66.42,66.67999,65.96001,66.56,42088736
1361975400,66.57001,67.64999,66.47,67.239,36339456
1362061800,67.24001,67.74001,67.09,67.10001,28557152
1362148200,66.86,67.5,66.53999,67.38,31617696
1362407400,67.19,67.69,67.07001,67.67999,19380448
1362493800,68.10001,68.77,68.08,68.67999,35589440
1362580200,68.88989,68.908,68.42,68.50999,29070976
1362666600,68.57001,68.8,68.45,68.69,21775872
1362753000,68.92999,69.02,68.5,68.77,26162112
1363008600,68.67999,68.99001,68.47,68.97,23194128
1363095000,68.78999,68.9299,68.39,68.72,27579248
1363181400,68.8,68.89,68.39,68.63,34297264
1363267800,68.87,69.00999,68.711,68.86,31537680
1363354200,68.75,68.78999,68.34,68.50999,30743664
1363613400,67.88499,68.6367,67.73,68.36,36164496
1363699800,68.53999,68.7,67.62,68.23,33134576
1363786200,68.74001,68.86,68.39,68.709,28035344
1363872600,68.09,68.25,67.77,67.92999,30050784
1363959000,68.21001,68.64,68.13,68.59,28838416
1364218200,68.81,68.96001,68.00999,68.34,24909760
1364304600,68.60001,68.73,68.45,68.71001,19734752
1364391000,68.25,68.85001,68.14,68.80099,22539424
1364477400,68.81,69.06,68.64,68.97,23669808
1364823000,69.00999,69.09,68.31,68.5,28118832
1364909400,68.81,69.27,68.77,69.03999,29431872
1364995800,69.08,69.17999,68.24001,68.41,35131104
1365082200,68.41,68.60001,68.06,68.42999,32287360
1365168600,67.35001,67.96001,67.19,67.86099,55613280
1365427800,67.88,68.24001,67.69,68.22,17898512
1365514200,68.42,68.96001,68.09,68.67999,30931360
1365600600,68.89,70.17,68.88,70.015,55271264
1365687000,69.84,70.14999,69.77,69.99001,37238272
1365773400,69.85001,69.99001,69.41,69.94,32791328
1366032600,69.67999,69.78999,68.48,68.56,48795792
1366119000,68.99001,69.55,68.81,69.47,27682576
1366205400,68.84,68.88901,67.71001,68.11501,60204800
1366291800,68.33,68.33,66.88,67.16901,56798112
1366378200,67.31,68.231,67.2,68.09,43066864
1366637400,68.33,69.03999,68.08,68.78999,34412096
1366723800,69.2,69.7,68.82001,69.45,53078208
1366810200,69.25999,69.67,69.12,69.42,44500624
1366896600,69.63,70.05,69.59,69.78999,26437040
1366983000,69.62,69.77,69.27,69.57001,24083904
1367242200,69.78,70.48,69.75999,70.21001,31663920
1367328600,70.28999,70.73,70.03999,70.72,30146320
1367415000,70.71001,70.85001,70.25,70.39,28539536
1367501400,70.50999,71.42999,70.45,71.28,31744160
1367587800,71.94,72.34,71.91,72.12,34061648
1367847000,72.25,72.50999,72.19,72.39999,19244272
1367933400,72.5,72.57001,72.09,72.36,25838016
1368019800,72.31,72.77,72.2,72.71001,24257984
1368106200,72.55,73.099,72.47,72.60651,29344432
1368192600,72.73,73.08,72.63,73.05,20663680
1368451800,72.92999,73.32001,72.86,73.14,29730016
1368538200,73.13,73.74001,73.13,73.52,36017632
1368624600,73.38,73.74001,73.2,73.67,27214320
1368711000,73.77,74.095,73.55,73.59,27253360
1368797400,73.95,74.33,73.7301,74.3,31117104
1369056600,74.09,74.425,73.89,74.19,25135776
1369143000,74.17999,74.53999,73.89,74.27,25899968
1369229400,74.36,74.95,73.24001,73.619,59843168
1369315800,72.95,73.7,72.83,73.45,48229440
1369402200,72.96001,73.42999,72.75999,73.41,26435952
1369747800,74.25,74.53999,73.66,73.89,27065808
1369834200,73.59,73.8,73.12,73.53999,32095600
1369920600,73.57001,74.27499,73.55,73.92999,32390464
1370007000,73.64999,74.21001,73.17,73.25,38354672
1370266200,73.31,73.39999,72.42999,73.38,47613024
1370352600,73.52,73.82001,72.7,73,35256032
1370439000,72.77,73.03999,71.99001,72.05,48654176
1370525400,72.14999,72.41,71.47,72.39999,62524016
1370611800,72.73,73.47,72.52,73.39,31971152
1370871000,73.55,73.75999,73.25999,73.42,25393168
1370957400,72.67,73.34,72.44,72.69,40281424
1371043800,73.12,73.14,71.74001,71.85001,42081840
1371130200,71.75999,72.92,71.55,72.75999,28230368
1371216600,72.75999,72.84,72.17101,72.28,27697008
1371475800,72.88,73.39999,72.60001,72.98,32443504
1371562200,73.07001,73.72,73.06,73.58,24861264
1371648600,73.57001,73.67999,72.67999,72.75999,43145072
1371735000,71.92,72.16,70.78999,71.02499,60908384
1371821400,70.78,70.97,69.84,70.42999,51565552
1372080600,69.84,70.27,69.14999,69.73,41492208
1372167000,70.41,70.52,69.81,70.24001,28897392
1372253400,70.82001,71,70.59,70.87,23746656
1372339800,71.22,71.62,71.13,71.17,23546416
1372426200,70.92,71.69,70.78999,71.27,28301072
1372685400,71.75999,72.3,71.64,71.71001,24951296
1372771800,71.67999,72.1796,71.35001,71.74001,23069568
1372858200,71.48,72.37,71.42,72.03101,18847424
1373031000,72.45,72.61,71.86,72.58,28796000
1373290200,72.94,72.99001,72.38,72.64999,20563728
1373376600,72.98,73.25,72.64999,73.09,26115184
1373463000,73,73.62,72.98,73.50999,25598896
1373549400,74.28999,75.03,74.25,74.97,47777680
1373635800,75.02,75.35001,74.82001,75.3,31417856
1373895000,75.36,75.52,75.17,75.47,19790960
1373981400,75.53999,75.59,75.17999,75.37,31747088
1374067800,75.60001,75.74001,75.35001,75.56,24631504
1374154200,75.53999,75.74001,75.25,75.37,36278800
1374240600,74.72,74.74001,74.37,74.59,37734064
1374499800,74.87,74.98,74.58,74.81,21135856
1374586200,74.95,74.96001,74.2,74.25999,24748784
1374672600,74.99001,75.02,74.33,74.5,24426800
1374759000,74.89,75.06,74.46001,74.97,23167344
1374845400,74.67,75.38,74.55,75.37,20885520
1375104600,75.22,75.53999,75.02991,75.23,20970304
1375191000,75.5,75.95,75.35001,75.63,24104512
1375277400,75.77,76.2099,75.63,75.77,25007600
1375363800,76.3,76.64999,76.21001,76.53999,16879936
1375450200,76.56,76.99001,76.3801,76.97,18105232
1375709400,76.89,77.08,76.78,77.02,15462781
1375795800,76.92,76.99001,76.25,76.56,23680560
1375882200,76.36,76.56799,75.87,76.42,20281120
1375968600,76.84,76.98,76.3,76.8,19993952
1376055000,76.7,76.94,76.27,76.49001,18569824
1376314200,76.2,76.80991,76.19,76.67,20515856
1376400600,76.77,77.27,76.22,77.10001,23916976
1376487000,77.07001,77.17999,76.7,76.81,29920960
1376573400,75.98,75.99001,75.28999,75.50999,39406560
1376659800,75.53999,75.87,75.35001,75.485,23824928
1376919000,75.5,76.13,75.33,75.35001,29586816
1377005400,75.49001,76.03,75.42999,75.67999,18842752
1377091800,75.46001,76.09,75.14,75.42,30705088
1377178200,75.73,76.21001,75.71001,76.16,17269472
1377264600,76.73,76.77,76.39999,76.67,20697264
1377523800,76.72,77.28,76.55,76.71001,27525408
1377610200,75.82001,76.17999,74.96001,75.14,40068864
1377696600,75.08,75.75,75.05,75.42999,20490384
1377783000,75.39999,76.34,75.3,75.96001,27287904
1377869400,76.03999,76.03999,75.2,75.47,26228464
1378215000,76.10001,76.44,75.53999,75.89999,27241424
1378301400,76.14,76.84,75.92999,76.71001,27142880
1378387800,76.75,77.05499,76.73,76.84,17815360
1378474200,77.09,77.34,76.05,76.92999,27724528
1378733400,77.23,77.96001,77.23,77.83,25161872
1378819800,78.27,78.32001,77.92,78.21001,27619376
1378906200,77.69,78.11,77.59,78.06,28138592
1378992600,78.06,78.25,77.85001,78.00999,18332688
1379079000,78.11,78.145,77.64,78.06,16932448
1379338200,78.69,78.72,77.67,77.85001,25909888
1379424600,77.99001,78.47,77.98,78.37,27182208
1379511000,78.49001,79.47,78.33,79.31,31714656
1379597400,79.53999,79.685,79.36,79.5,26435616
1379683800,79.47,79.53999,78.95,78.985,26328832
1379943000,79.34,79.41,78.455,78.83,30319392
1380029400,79,79.25,78.57001,78.83,21875696
1380115800,78.88,79,78.39999,78.56,22746400
1380202200,78.87,79.36,78.85001,79.17,22421664
1380288600,78.74001,79.21001,78.59,79.07001,25151520
1380547800,78.27,79.09,78,78.88,28031856
1380634200,78.87,79.72,78.8456,79.67999,33129744
1380720600,79.13,79.75999,79.06,79.64999,25503760
1380807000,79.55,79.72,78.3,78.72,42998192
1380893400,78.72,79.50999,78.64999,79.39999,22854272
1381152600,78.72,79.35001,78.67,78.74001,20234688
1381239000,78.75999,78.81,77.19,77.22,43660688
1381325400,77.39999,77.44,76.35001,76.98,64526688
1381411800,77.8,78.78999,77.78999,78.61,48062720
1381498200,78.41,79.28999,78.39999,79.23,25214128
1381757400,78.74001,79.78999,78.67999,79.78999,31471888
1381843800,79.73,80.11,79.38,79.48,38684000
1381930200,79.83,80.42,79.78999,80.38,46735856
1382016600,80,80.87,79.95,80.84,32193536
1382103000,81.56,82.17999,81.35001,82.14999,39628224
1382362200,82.31,82.53999,82.07001,82.33,31176944
1382448600,82.62,82.89999,81.92999,82.45,43944816
1382535000,82.03999,82.2,81.55,81.95,38021280
1382621400,81.99001,82.48,81.88,82.31,23155088
1382707800,83.10001,83.28,82.5,82.89999,35832384
1382967000,82.9,83.05,82.55,82.92,28618375
1383053400,83.1601,83.26,82.7,83.06,36878062
1383139800,83.36,83.485,82.58,82.98,33535470
1383226200,82.77,83.3,82.48,82.79,31309909
1383312600,83.04,83.169,82.4,82.81,30873163
1383575400,83.05,83.07,82.64,82.93,16843634
1383661800,82.59,83.22,82.37,83.02,27975601
1383748200,83.35,83.4,82.73,83,25576806
1383834600,82.99,83.13,81.37,81.44,52173216
1383921000,81.73,82.56,81.51,82.54,31480519
1384180200,82.39,82.64,82.14,82.41,24822945
1384266600,82.16,82.66,82.1199,82.54,20108526
1384353000,82.01,83.55,82,83.54,31345887
1384439400,83.29,83.86,83.14,83.8,31101157
1384525800,83.83,83.96,83.61,83.96,20515761
1384785000,83.94,84.105,82.98,83.14,31679608
1384871400,83.09,83.49,82.76,82.9,25545292
1384957800,83.14,83.4301,82.455,82.7,32177418
1385044200,83.03,83.61,82.98,83.54,28125025
1385130600,83.69,84.02,83.62,83.99,25361273
1385389800,84.29,84.38,83.98,84.19,21699975
1385476200,84.22,84.84,84.025,84.63,26629288
1385562600,84.79,85.24,84.73,85.22,21638074
1385735400,85.54,85.84,85.4737,85.73,16708898
1385994600,85.83,85.96,85.35,85.48,26354619
1386081000,85.42,85.64,85.08,85.41,37154262
1386167400,85.06,85.77,84.78,85.49,37193220
1386253800,85.57,85.66,85.17,85.38,39829338
1386340200,86.105,86.18,85.59,86,36842888
1386599400,86.35,86.53,86.2,86.35,22599903
1386685800,86.19,86.45,86.12,86.29,26965928
1386772200,86.27,86.401,85.06,85.18,36830565
1386858600,85.24,85.4201,84.9,84.96,33662597
1386945000,85.36,85.4,84.709,84.85,34075415
1387204200,85.27,85.81,85.21,85.32,24908324
1387290600,85.32,85.53,84.99,85.15,24454893
1387377000,85.22,86.22,84.05,86.14,68387235
1387463400,85.99,86.01,85.52,85.9,46489555
1387549800,85.75,86.68,85.73,86.5,40475437
1387809000,87.19,87.41,86.95,87.41,28181764
1387895400,87.43,87.51,87.27,87.45,13852475
1388068200,87.6,87.81,87.44,87.74,15241096
1388154600,87.83,87.9,87.412,87.52,15831962
1388413800,87.4,87.51,87.14,87.39,18985622
1388500200,87.54,87.96,87.52,87.96,24896065
1388673000,87.55,87.58,87.02,87.27,29190009
1388759400,87.27,87.35,86.62,86.64,35727317
1389018600,86.65,86.76,86,86.32,32092437
1389105000,86.7,87.25,86.56,87.12,25913225
1389191400,87.11,87.55,86.945,87.31,27209991
1389277800,87.62,87.64,86.72,87.02,23695690
1389364200,87.24,87.4,86.58,87.3,38012069
1389623400,87.18,87.48,85.675,86.01,48855231
1389709800,86.3,87.72,86.3,87.65,37194076
1389796200,88,88.54,87.94,88.37,39859705
1389882600,88.28,88.51,88.16,88.38,34260219
1389969000,88.12,88.3701,87.67,87.88,36908236
1390314600,88.43,88.59,87.81,88.55,26432336
1390401000,88.75,89,88.52,88.78,29425432
1390487400,88.5,88.52,87.86,88.48,35077428
1390573800,88.06,88.18,86.71,86.74,64334902
1390833000,86.77,86.89,85.25,85.9,63676475
1390919400,85.42,85.94,85.31,85.85,44439554
1391005800,85.1,85.74,84.76,84.93,52064566
1391092200,85.99,86.8,85.88,86.5,66863622
1391178600,85.54,86.68,85.45,86.27,45196915
1391437800,86.14,86.5,84.07,84.29,65617206
1391524200,84.7,85.25,84.46,84.91,37801215
1391610600,84.64,84.9901,83.74,84.69,41969204
1391697000,84.94,85.88,84.92,85.77,32338053
1391783400,86.27,87.359,86,87.3,38467242
1392042600,87.23,87.84,87.21,87.8,30225157
1392129000,87.94,88.97,87.89,88.8,38682035
1392215400,88.97,89.1695,88.7,88.97,32533008
1392301800,88.31,89.7,88.3,89.63,40492842
1392388200,89.56,90.01,89.33,89.81,34086390
1392733800,89.93,90.4172,89.74,90.25,29614391
1392820200,90.07,90.285,89.45,89.63,41775267
1392906600,89.7,90.22,89.31,90.05,41833212
1392993000,90.33,90.465,89.82,89.93,31221745
1393252200,90.1,90.82,90.04,90.41,31517522
1393338600,90.52,90.72,90.02,90.31,27464711
1393425000,90.57,90.84,89.87,90.23,42968334
1393511400,89.87,90.53,89.73,90.44,28750313
1393597800,90.41,90.96,89.54,90.34,48623159
1393857000,89.48,89.91,88.87,89.67,38946845
1393943400,90.63,90.98,90.56,90.81,33213909
1394029800,90.9698,91.22,90.77,91.06,27220604
1394116200,91.25,91.335,90.65,90.98,24086220
1394202600,91.27,91.36,90.071,90.53,31174837
1394458200,90.48,90.655,90.03,90.61,18138198
1394544600,90.83,91.055,89.95,90.22,27505046
1394631000,89.82,90.61,89.48,90.56,27997215
1394717400,90.9,90.93,88.87,89.28,48541951
1394803800,88.99,89.38,88.63,88.67,38738769
1395063000,89.24,89.91,89.19,89.45,28476800
1395149400,89.55,90.64,89.53,90.53,31250235
1395235800,90.56,90.66,89.45,90.04,40869371
1395322200,89.78,90.56,89.58,90.29,31634538
1395408600,90.61,90.65,88.825,89,62812715
1395667800,89.32,89.39,87.41,88.22,77735313
1395754200,88.69,89.25,87.7701,88.51,41723335
1395840600,88.96,89.15,87.36,87.37,40930442
1395927000,87.27,87.64,86.4,86.879,64784488
1396013400,87.15,88.01,86.81,87.05,39895065
1396272600,87.73,88.26,87.62,87.67,33924297
1396359000,88.1,89.27,87.7106,89.21,38683837
1396445400,89.59,89.68,89.035,89.44,34631615
1396531800,89.55,89.679,88.22,88.73,30319074
1396618200,89.29,89.41,86.14,86.37,131213229
1396877400,85.84,86.63,84.951,85.55,83995771
1396963800,85.65,86.46,85.35,86.34,51495650
1397050200,86.67,87.87,86.43,87.82,45685231
1397136600,87.87,87.88,84.86,85.1,73659615
1397223000,84.34,85.44,83.91,84.11,93657425
1397482200,84.85,85.22,83.99,84.77,46500747
1397568600,85.06,85.54,83.28,85.0501,84631517
1397655000,85.83,86.18,85.091,86.18,46970899
1397741400,85.89,86.63,85.63,86.2,53719454
1398087000,86.41,86.84,86,86.84,25947923
1398173400,87.1,87.745,86.9898,87.53,38593408
1398259800,87.55,87.56,86.71,86.76,34376729
1398346200,88.2,88.21,86.65,87.59,48926264
1398432600,87.08,87.17,85.98,86.19,44341588
1398691800,86.58,87.11,85.11,86.47,58623796
1398778200,86.75,87.32,86.31,87.16,36742661
1398864600,86.79,87.48,86.54,87.39,38689408
1398951000,87.53,88.15,87.31,87.65,37127219
1399037400,87.94,88.11,87.28,87.49,40074150
1399296600,86.98,87.97,86.76,87.95,27924376
1399383000,87.83,87.86,86.77,86.81,33698549
1399469400,87,87.08,85.53,86.56,67489143
1399555800,86.26,87.53,86.05,86.48,46556871
1399642200,86.41,86.86,85.85,86.8,35081529
1399901400,87.31,88.26,87.24,88.23,38951060
1399987800,88.32,88.61,88.12,88.29,30311862
1400074200,88.03,88.35,87.62,87.83,26483571
1400160600,87.81,87.96,86.58,87.135,59680284
1400247000,87.24,87.76,86.64,87.71,66807315
1400506200,87.47,88.46,87.3,88.32,32017036
1400592600,88.28,88.6,87.64,88,33715953
1400679000,88.16,88.89,88.11,88.84,36837678
1400765400,88.94,89.48,88.8,89.23,30617089
1400851800,89.33,89.9,89.12,89.88,22691254
1401197400,90.28,91.02,90.2,91.001,29725231
1401283800,90.97,91.1,90.645,90.72,30478074
1401370200,91.05,91.31,90.86,91.3,33036099
1401456600,91.33,91.45,90.83,91.31,29916899
1401715800,91.43,91.44,90.64,91.22,30415405
1401802200,90.91,91.33,90.8,91.18,21783686
1401888600,90.96,91.67,90.81,91.52,20128261
1401975000,91.61,92.46,91.29,92.29,35583055
1402061400,92.66,92.82,92.45,92.82,22680643
1402320600,92.85,92.98,92.495,92.75,23402469
1402407000,92.67,92.96,92.56,92.91,20635286
1402493400,92.59,93.02,92.5,92.89,22884331
1402579800,92.69,92.79,91.73,92.05,35275853
1402666200,92.47,92.55,91.92,92.32,39449997
1402925400,92.16,92.67,91.96,92.4,25218557
1403011800,92.34,92.7,92.18,92.45,19984787
1403098200,92.55,93.1,91.98,92.97,34514013
1403184600,93.1,93.17,92.49,92.91,38427402
1403271000,92.7,92.87,92.53,92.77,25897494
1403530200,92.735,92.82,92.51,92.79,20837926
1403616600,92.79,93.57,92.43,92.7,31945762
1403703000,92.49,93.45,92.48,93.29,32818591
1403789400,93.35,93.36,92.62,93.34,22572172
1403875800,93.21,93.765,93.19,93.75,22881506
1404135000,93.71,94.14,93.67,93.91,19764915
1404221400,94.21,95.19,94.2,94.94,31862487
1404307800,94.98,95.24,94.91,95.1,18784391
1404394200,95.41,95.7,95.15,95.7,15291700
1404739800,95.59,95.71,95.23,95.41,23266428
1404826200,95.24,95.3,93.87,94.26,40612448
1404912600,94.51,95.065,94.24,94.96,29928322
1404999000,93.78,95.05,93.63,94.66,44250020
1405085400,94.87,95.27,94.61,95.27,19570393
1405344600,95.7,96.055,95.535,95.84,19579041
1405431000,95.98,96.13,94.83,95.51,39480119
1405517400,96.19,96.3,95.785,95.89,22061998
1405603800,95.63,95.97,94.32,94.619,43111514
1405690200,95.14,96.17,95,96.12,36690832
1405949400,95.92,96.16,95.55,96,29754810
1406035800,96.44,96.76,96.345,96.61,25770404
1406122200,96.94,97.34,96.77,97.227,28947464
1406208600,97.4,97.51,96.98,97.12,24707180
1406295000,96.65,96.87,96.23,96.74,29903633
1406554200,96.8,97.02,96.02,96.77,25603360
1406640600,96.97,97.2,96.52,96.6,27022232
1406727000,97.13,97.32,96.6,96.98,35348519
1406813400,96.2,96.34,94.88,95.02,50047926
1406899800,94.83,95.34,94.04,94.67,60707990
1407159000,94.9,95.69,94.52,95.32,33230537
1407245400,94.94,95.21,94.15,94.59,50331066
1407331800,93.99,95.11,93.92,94.52,34431913
1407418200,94.95,95.139,93.885,94.22,33274669
1407504600,94.38,95.01,93.97,94.9,40238383
1407763800,95.25,95.76,95.2,95.46,28283279
1407850200,95.38,95.67,94.93,95.42,28158723
1407936600,95.81,96.47,95.76,96.43,27996489
1408023000,96.54,96.95,96.43,96.93,25006602
1408109400,97.46,97.63,96.48,97.4,55205490
1408368600,97.89,98.24,97.77,98.15,38938349
1408455000,98.38,98.76,98.32,98.7,21363394
1408541400,98.61,98.9,98.53,98.7,23435596
1408627800,98.76,98.95,98.6,98.9,19339477
1408714200,98.94,99.25,98.72,99.05,24699453
1408973400,99.52,99.68,99.16,99.4,24124718
1409059800,99.53,99.61,99.27,99.5,20100350
1409146200,99.53,99.64,99.31,99.52,15595925
1409232600,99.2,99.53,99.08,99.41,23563850
1409319000,99.65,99.9141,99.2701,99.78,17912339
1409664600,100.04,100.1,99.6601,100.07,18331922
1409751000,100.32,100.34,99.3,99.48,25950656
1409837400,99.73,100.22,99.14,99.39,24663511
1409923800,99.58,99.95,99.03,99.89,30805767
1410183000,99.89,100.33,99.62,100.08,25581202
1410269400,100.06,100.46,99.0645,99.25,36449189
1410355800,99.38,100.11,99.1,100.07,31080115
1410442200,99.65,100.04,99.24,99.99,28761940
1410528600,99.9,99.93,99.17,99.48,30445999
1410787800,99.59,99.6,98.215,98.52,32972159
1410874200,98.16,99.57,98.05,99.38,38166920
1410960600,99.37,100,98.93,99.53,37206375
1411047000,99.83,100.29,99.73,100.28,30196722
1411133400,100.46,100.5646,99.58,99.98,46923054
1411392600,99.74,99.75,98.62,99.05,48658049
1411479000,98.67,99.22,98.58,98.78,33989583
1411565400,98.87,99.8868,98.54,99.84,35958950
1411651800,99.53,99.65,97.7,97.74,68642547
1411738200,98.05,98.96,97.89,98.78,56109106
1411997400,97.8,98.92,97.75,98.65,33342673
1412083800,98.92,99.3,98.32,98.79,41834324
1412170200,98.54,98.61,96.9,97.21,58164861
1412256600,97.19,97.51,95.97,97.21,54501347
1412343000,97.76,98.57,97.44,98.17,41627772
1412602200,98.47,98.72,97.6587,97.96,36038687
1412688600,97.485,97.7799,96.56,96.57,45153968
1412775000,96.66,98.76,96.06,98.45,64931636
1412861400,98.33,98.57,96.71,96.86,62497086
1412947800,96.29,96.83,94.42,94.44,77579425
1413207000,94.29,94.99,92.88,92.96,80835922
1413293400,93.6,94.1699,92.71,92.97,71814456
1413379800,91.55,92.76,90.24,92.37,108847755
1413466200,90.43,92.58,90.39,91.79,93165782
1413552600,92.99,93.89,92.46,93,69546720
1413811800,92.96,94.47,92.8,94.39,41479253
1413898200,95.54,96.87,95.32,96.87,53609758
1413984600,97.16,97.3,96.305,96.37,39178048
1414071000,97.32,98.36,97.17,97.82,48123778
1414157400,97.965,98.69,97.64,98.62,43161724
1414416600,98.4,98.87,98.02,98.69,29545673
1414503000,99.1,100.2,99.08,100.18,34495077
1414589400,99.84,100.12,99.1,99.81,40552803
1414675800,99.37,100.26,99.14,100.02,35935794
1414762200,101.67,101.75,101.07,101.4,54254141
1415025000,101.53,101.9701,101.43,101.7,33480951
1415111400,101.36,101.6244,100.67,101.36,22773298
1415197800,102.01,102.03,101.015,101.37,25818604
1415284200,101.32,101.72,100.921,101.69,24671900
1415370600,101.87,101.91,101.07,101.6,20931734
1415629800,101.65,102.09,101.38,101.96,20360007
1415716200,101.98,102.28,101.7,102.28,15454012
1415802600,101.87,102.57,101.87,102.46,22050317
1415889000,102.65,103.28,102.42,102.9,28027776
1415975400,102.87,103.22,102.53,103.22,19251346
1416234600,102.98,103.21,102.42,102.91,23361634
1416321000,103,103.82,102.991,103.68,26336812
1416407400,103.57,103.57,102.73,103.21,23760243
1416493800,102.77,103.76,102.69,103.67,22874018
1416580200,104.59,104.69,103.54,103.87,34049128
1416839400,104.15,104.73,104.06,104.68,17928289
1416925800,104.84,105.15,104.57,104.84,17525991
1417012200,104.94,105.58,104.834,105.52,18973804
1417185000,105.795,106.245,105.73,106.01,17360420
1417444200,105.72,105.9199,104.42,104.81,35969494
1417530600,104.92,105.4168,104.7,105.23,26031291
1417617000,105.39,105.565,104.7626,105.42,32974322
1417703400,105.32,105.78,104.93,105.37,31008791
1417789800,105.54,105.7,105.145,105.38,25622236
1418049000,105.11,105.57,104.075,104.63,32685756
1418135400,103.41,105.04,103.0401,104.96,46035139
1418221800,104.77,105.03,103.12,103.31,39330116
1418308200,103.61,105.04,103.59,103.8,47576022
1418394600,102.81,103.99,102.66,102.67,46889391
1418653800,103.2,103.58,101.315,101.61,52968448
1418740200,100.97,102.47,99.96,99.98,65348626
1418826600,100.05,102.09,99.92,101.8,79715318
1418913000,103.26,104.26,102.98,104.25,49840942
1418999400,103.97,104.74,103.71,104.32,51419912
1419258600,104.15,104.61,104.0999,104.58,33869167
1419345000,104.96,104.97,104.09,104.21,30156929
1419431400,104.34,104.7,104.2699,104.3,14291333
1419604200,104.6,105.26,104.57,105.04,13924332
1419863400,104.94,105.25,104.875,105.02,17073772
1419949800,104.72,104.96,104.175,104.32,18603989
1420036200,104.5,104.91,103.1,103.25,24367121
1420209000,103.76,104.2,102.44,102.94,31314599
1420468200,102.49,102.61,101.14,101.43,36521270
1420554600,101.58,101.75,99.62,100.07,66205451
1420641000,100.73,101.6,100.485,101.36,37577361
1420727400,102.22,103.5,102.111,103.3,40212640
1420813800,103.62,103.65,102.02,102.62,41410071
1421073000,102.82,102.93,101.285,101.55,34129751
1421159400,102.54,103.62,100.7,101.52,56162334
1421245800,100.5,101.4829,100.07,100.96,51354217
1421332200,101.43,101.59,99.525,99.65,51005416
1421418600,99.52,100.95,99.36,100.82,35362210
1421764200,101.43,101.88,100.29,101.62,30964056
1421850600,101.32,102.619,100.9648,102.14,40128772
1421937000,102.54,104.14,101.64,104.03,40887168
1422023400,104.02,104.58,103.72,104.26,34782992
1422282600,104.14,104.33,103.61,104.14,19960870
1422369000,102.5,102.56,101.1,101.44,45253205
1422455400,103.07,103.18,100.9,100.92,43591675
1422541800,100.84,102.0779,99.96,101.89,46539734
1422628200,101.8,102.58,100.96,101.1,42927638
1422887400,101.33,102.07,99.75,101.98,43624654
1422973800,102.35,103.03,101.68,102.96,30750360
1423060200,102.54,103.55,102.31,102.87,34073211
1423146600,103.13,103.83,102.87,103.76,23605516
1423233000,103.92,104.17,102.76,103.13,34169256
1423492200,102.73,103.285,102.55,102.8,22604655
1423578600,103.37,104.54,103.21,104.4,23686531
1423665000,104.52,105.02,104.32,104.78,20303617
1423751400,105.46,106.04,105.3,106,22520295
1423837800,106.3,106.93,106.101,106.91,29030249
1424183400,106.91,107.08,106.6432,107.01,17675344
1424269800,106.88,107.2199,106.74,107.16,15149619
1424356200,107.09,107.76,107.06,107.69,19828113
1424442600,107.62,108.47,107.28,108.41,28336710
1424701800,108.35,108.55,108.11,108.52,17867968
1424788200,108.38,108.73,108.05,108.6,19745011
1424874600,108.44,108.86,108.09,108.33,19472341
1424961000,108.44,108.94,108.135,108.88,22255476
1425047400,108.84,108.91,108.23,108.4,27757584
1425306600,108.61,109.42,108.59,109.38,22988645
1425393000,109.05,109.16,108.18,108.87,20788924
1425479400,108.51,108.67,107.86,108.45,21007420
1425565800,108.73,108.965,108.19,108.64,15381039
1425652200,108.5,108.71,107.14,107.41,30990366
1425907800,107.63,107.9857,107.19,107.72,26237101
1425994200,106.95,106.98,105.72,105.72,34234496
1426080600,105.875,106.01,105.07,105.11,25459733
1426167000,105.03,105.92,104.96,105.8,21473171
1426253400,105.7,106.12,104.68,105.34,42021103
1426512600,105.73,106.74,105.62,106.7,25674085
1426599000,106.405,107.04,106.16,106.87,19603813
1426685400,106.58,108.41,106.03,107.92,40622188
1426771800,108.03,108.38,107.87,108.08,31314035
1426858200,108.72,109.07,108.51,108.53,31761404
1427117400,108.47,108.77,108.28,108.32,17268507
1427203800,108.31,108.81,107.91,107.93,22445280
1427290200,108.1,108.2,105.42,105.46,41581435
1427376600,104.59,105.7,104.24,105.1,47846276
1427463000,105.08,105.77,104.92,105.52,33878385
1427722200,106.16,106.82,106.16,106.73,30570196
1427808600,106.43,106.65,105.57,105.6,30488101
1427895000,105.6,105.62,104.37,105.05,32970452
1427981400,105.15,105.46,104.78,105.12,19164241
1428327000,104.5,106.27,104.34,105.98,24451142
1428413400,105.92,106.7,105.8,105.8,19379381
1428499800,105.84,106.79,105.83,106.64,25866907
1428586200,106.59,107.35,106.23,107.31,23114727
1428672600,107.27,107.76,107.03,107.75,17164343
1428931800,107.83,108.38,107.36,107.48,17783465
1429018200,107.37,107.68,106.56,107.17,23755747
1429104600,107.45,108.07,107.321,107.84,21128576
1429191000,107.55,107.88,107.4,107.69,16195279
1429277400,106.66,106.95,105.55,106.01,46513964
1429536600,106.54,107.79,106.5,107.6,28945909
1429623000,108.22,108.41,107.93,108.06,22759772
1429709400,108.34,108.83,107.64,108.65,21429190
1429795800,108.28,109.55,108.26,109.06,29473221
1429882200,110.21,110.69,110.03,110.54,32508127
1430141400,110.95,111.16,110.02,110.26,31121321
1430227800,110.34,110.55,109.11,110.04,36849221
1430314200,109.43,110.07,108.75,109.35,34043905
1430400600,108.73,109.17,107.06,107.63,44080546
1430487000,108.05,109.12,108.03,109.05,32874307
1430746200,109.4,109.91,109.17,109.23,23507259
1430832600,108.8,109,107.4,107.45,47843265
1430919000,107.64,107.95,105.995,106.71,42687150
1431005400,106.68,107.65,106.6,107.35,29335806
1431091800,108.46,108.92,108.3,108.69,33023337
1431351000,108.76,108.98,108.19,108.27,19679255
1431437400,107.63,108.33,106.8,107.78,33665017
1431523800,108.25,108.81,107.84,108,20738434
1431610200,108.88,109.67,108.48,109.58,23904233
1431696600,109.86,110.01,109.31,109.58,23937442
1431955800,109.4,110.28,109.32,110.06,17631135
1432042200,110.18,110.35,109.76,109.94,14212896
1432128600,110.02,110.67,109.425,110.01,21131892
1432215000,109.82,110.73,109.66,110.58,16771801
1432301400,110.45,110.87,110.38,110.47,13543774
1432647000,110.23,110.38,108.76,109.2,25488437
1432733400,109.53,111.08,109.29,110.96,30572695
1432819800,110.75,111.01,110.37,110.71,17302408
1432906200,110.64,110.79,109.79,110.05,30382987
1433165400,110.64,110.72,109.52,110.42,24570186
1433251800,110.01,110.61,109.47,110.07,19449634
1433338200,110.57,110.81,110.13,110.4,20507208
1433424600,109.78,110.48,109.21,109.56,31374588
1433511000,109.43,109.69,108.63,109.3,22641732
1433770200,109.25,109.33,107.97,108.19,24549204
1433856600,107.93,108.4,107.2,108.01,27554599
1433943000,108.38,109.81,108.26,109.49,30297862
1434029400,109.86,110.15,109.46,109.65,17593463
1434115800,109.07,109.3,108.6,108.75,27201768
1434375000,107.94,108.38,107.31,108.21,31238798
1434461400,108.1,108.9799,108.05,108.8,16456867
1434547800,108.98,109.45,108.43,109.1,23296738
1434634200,109.5,110.88,109.44,110.69,43032384
1434720600,110.49,110.575,109.81,109.89,27877574
1434979800,110.7,111.03,110.45,110.7,19120898
1435066200,110.82,110.89,110.33,110.79,18127916
1435152600,110.66,111.13,110.19,110.22,15815914
1435239000,110.65,110.76,109.815,110,18326654
1435325400,109.98,110.23,108.86,109.27,32311679
1435584600,108.06,108.66,106.64,106.69,50874901
1435671000,107.49,107.72,106.74,107.07,34809920
1435757400,108.13,108.3464,107.42,107.92,21292958
1435843800,108.23,108.32,107.62,107.95,20499447
1436189400,107.27,108.32,107.04,107.7,24311020
1436275800,107.82,108.07,105.83,107.97,44230772
1436362200,107.2,107.33,105.8942,106.09,39691475
1436448600,107.5,107.5955,106.02,106.03,28381041
1436535000,107.44,108.05,107.05,107.65,26415825
1436794200,108.58,109.63,108.57,109.54,25780733
1436880600,109.69,110.56,109.63,110.26,21977167
1436967000,110.47,110.81,110.07,110.38,28631537
1437053400,111.29,111.96,111.07,111.94,29838948
1437139800,112.84,113.59,112.65,113.59,35926804
1437399000,113.83,114.39,113.48,113.98,26539045
1437485400,114.02,114.2,113.58,113.91,35468865
1437571800,112.17,113.169,112.165,112.62,35574962
1437658200,112.73,113.1,111.91,112.2,25698255
1437744600,112.8,113.003,110.93,111.1,30844714
1438003800,110.47,110.946,109.94,110.18,35994837
1438090200,110.67,111.35,109.785,111.13,33553494
1438176600,111.37,111.79,110.94,111.55,26714068
1438263000,111.29,112.2663,110.621,112.08,25438057
1438349400,112.43,112.49,111.72,111.95,22081731
1438608600,111.97,112.28,110.861,111.6,25001780
1438695000,111.55,111.745,110.93,111.39,22132319
1438781400,112.01,113,111.88,112.25,28989897
1438867800,112.35,112.5,109.95,110.45,42125401
1438954200,110.18,110.57,109.4,110.31,30006846
1439213400,111.01,111.81,111,111.57,21500780
1439299800,110.98,111.4101,109.53,110.14,36123270
1439386200,109.38,110.735,108.22,110.52,41888960
1439472600,110.63,111.16,110.1,110.34,22510520
1439559000,110.08,110.67,109.86,110.51,17924931
1439818200,110.24,111.46,109.96,111.43,21224913
1439904600,111.275,111.37,110.71,110.86,13984363
1439991000,110.52,111.105,109.49,110.13,42511384
1440077400,109.11,109.46,107.07,107.08,57747349
1440163800,105.57,106.47,102.4,102.4,97763445
1440423000,94.23,102.53,84.74,98.46,150829863
1440509400,102.07,102.74,98.01,98.09,75088278
1440595800,100.96,103.23,98.93,103.03,104103817
1440682200,104.52,105.71,103.2799,105.64,69377690
1440768600,105.08,106,104.85,105.62,49919628
1441027800,105.03,105.61,104.05,104.31,39549380
1441114200,101.71,103.29,100.63,101.05,73155538
1441200600,102.88,103.92,101.7,103.9,43963563
1441287000,104.31,105.02,103.1,103.39,45131794
1441373400,101.97,102.845,101.59,102.16,49379643
1441719000,104.12,105.165,103.69,105.04,37343527
1441805400,106.28,106.31,103.59,103.86,47146743
1441891800,103.74,105.68,103.62,104.99,47686714
1441978200,104.51,105.57,104.21,105.57,29106088
1442237400,105.96,105.98,104.85,105.25,19718804
1442323800,105.5,106.82,105.11,106.49,30020216
1442410200,106.51,107.19,106.14,107.09,31329146
1442496600,106.98,108.725,106.64,107.13,56139806
1442583000,105.23,106.6,105.17,105.35,48383995
1442842200,105.93,106.55,104.73,105.68,35772624
1442928600,104.06,104.4225,103.13,104.1,47359654
1443015000,104.38,104.66,103.64,104.18,21775134
1443101400,103.17,104.19,102.27,103.8,38284331
1443187800,104.91,105.01,102.28,102.92,44700006
1443447000,102.48,102.55,99.69,99.99,44077490
1443533400,100.24,101.26,98.75,99.47,49315527
1443619800,100.89,101.87,100.5,101.76,41411432
1443706200,101.94,102.23,100.59,102.22,39339134
1443792600,100.8,104.01,100.48,104.01,59370859
1444051800,104.78,105.78,104.55,105.5,32853533
1444138200,105.25,105.6,104.18,105,33051534
1444224600,105.66,105.86,104.29,105.63,37389334
1444311000,105.23,106.23,104.21,106.05,50188873
1444397400,106.1,106.73,105.81,106.53,23916227
1444656600,106.73,106.9899,106.35,106.79,16161955
1444743000,106.18,107.26,106,106.1,26999613
1444829400,106.1,106.63,105.49,105.93,30902637
1444915800,106.32,107.675,106.18,107.67,38393838
1445002200,107.9,108.18,107.3794,108.12,27091100
1445261400,107.98,108.81,107.74,108.74,23776270
1445347800,108.545,108.78,107.81,108.18,23404691
1445434200,108.73,108.84,107.48,107.52,30195241
1445520600,108.48,109.8,108.171,109.71,42778702
1445607000,112.66,113.24,112.07,112.78,53170910
1445866200,112.7,113.07,112.27,112.85,25918004
1445952600,112.55,113.24,112.52,113.08,31390511
1446039000,113.25,114.02,112.34,114.02,42221867
1446125400,113.5,114.03,113.38,113.84,24913340
1446211800,113.89,114.08,113.3,113.33,27199231
1446474600,113.63,114.745,113.39,114.61,22176916
1446561000,114.38,115.42,114.21,115.01,20418387
1446647400,115.39,115.47,114.54,115.02,28633048
1446733800,115.12,115.395,114.11,114.71,25004080
1446820200,114.49,114.92,113.76,114.79,29924901
1447079400,114.36,114.51,112.865,113.57,33479755
1447165800,112.97,113.39,112.63,113.28,35452127
1447252200,113.59,114.14,112.95,113.14,22748808
1447338600,112.65,113.23,111.96,112.04,31196876
1447425000,111.57,111.69,109.78,109.84,52836036
1447684200,109.74,111.44,109.48,111.42,33980633
1447770600,111.61,112.29,111.2099,111.49,30579457
1447857000,111.94,113.74,111.83,113.63,32966463
1447943400,113.68,114.23,113.49,113.71,26188119
1448029800,114.24,114.57,114.14,114.48,22727591
1448289000,114.53,114.94,113.66,114.15,20696175
1448375400,113.42,114.32,112.8377,114.05,26374412
1448461800,114.19,114.36,113.91,114.15,14159935
1448634600,114.395,114.541,113.92,114.31,8827991
1448893800,114.6,114.65,113.65,114.02,25041649
1448980200,114.475,115.16,114.34,115.16,28639445
1449066600,115.23,115.75,114.28,114.45,22395483
1449153000,114.76,114.96,111.8432,112.51,42754345
1449239400,112.84,115.33,112.62,115.14,40037322
1449498600,115.22,115.29,114.07,114.62,25892101
1449585000,113.44,114.995,113.38,114.63,30792648
1449671400,114.11,114.76,112.2,112.89,48509199
1449757800,113.15,114.16,112.811,113.4,30154621
1449844200,112.09,112.39,110.72,110.79,56022221
1450103400,110.98,111.68,109.38,111.63,53098514
1450189800,112.6,113.28,112.17,112.31,48428014
1450276200,113.07,114.17,111.89,113.98,44944106
1450362600,114.46,114.48,112.3,112.32,45668795
1450449000,111.58,111.88,109.83,109.83,53746061
1450708200,110.87,111.07,110.05,111.05,26432807
1450794600,111.65,111.94,111.05,111.78,26540310
1450881000,112.34,112.69,112.16,112.61,25656928
1450967400,112.57,112.9,112.54,112.59,11480244
1451313000,112.32,112.55,111.51,112.53,19183637
1451399400,113.215,114.545,113.13,114.3,27725673
1451485800,114.16,114.24,113.25,113.27,19520081
1451572200,112.87,113.08,111.84,111.86,29886849
1451917800,109.43,109.6,108.12,109.5,50807643
1452004200,110.04,110.18,108.8,109.31,38795182
1452090600,107.43,108.89,107.41,108.26,41891091
1452177000,105.96,107.29,104.81,104.87,61386300
1452263400,105.67,106.29,103.9,104.01,69344012
1452522600,104.79,105.06,102.73,104.33,50024094
1452609000,105.31,106.08,104.08,105.54,46734241
1452695400,106,106.23,101.74,101.9,69870673
1452781800,102.3,104.98,100.67,104.07,78445735
1452868200,100.57,101.94,99.51,100.84,91443918
1453213800,102.2,102.37,99.88,101.06,56563845
1453300200,99.48,101.83,97.25,100.75,86674981
1453386600,101.19,102.349,99.82,100.85,61660101
1453473000,102.84,103.81,102.5305,103.77,42229803
1453732200,103.46,103.99,102.14,102.23,38881485
1453818600,102.65,103.59,101.76,103.15,36143916
1453905000,102.55,102.99,100.15,100.58,54524736
1453991400,102.19,102.29,100.26,102,47641532
1454077800,102,104.17,101.94,104.13,54245067
1454337000,103.62,104.8,103.23,104.41,32750348
1454423400,103.97,103.97,101.84,102.15,44928088
1454509800,102.8,102.83,99.88,101.66,61572882
1454596200,101.35,102.455,100.44,101.65,49321638
1454682600,101.29,101.33,97.72,98.12,70749932
1454941800,96.33,97.05,94.84,96.62,91673063
1455028200,95.36,97.78,95.18,96.32,73778426
1455114600,97.5,98.69,96.62,96.69,59421699
1455201000,95.45,97.32,95.19,96.55,76839183
1455287400,97.68,98.12,96.73,98.02,49186494
1455633000,99.44,100.23,98.85,100.23,40565911
1455719400,101.01,102.64,100.7,102.5,41766451
1455805800,102.81,102.84,101.2,101.33,38991469
1455892200,100.91,101.94,100.615,101.63,28257915
1456151400,102.54,103.38,102.48,103.28,23979113
1456237800,102.67,102.96,101.51,101.58,29869660
1456324200,100.44,102.68,99.77,102.55,40739103
1456410600,102.76,103.56,101.84,103.56,29389315
1456497000,104.28,104.3659,103.1835,103.43,30925045
1456756200,103.31,104.1,102.5,102.5,27553937
1456842600,103.45,105.79,103.16,105.79,37699779
1456929000,105.63,105.85,105.01,105.83,29209756
1457015400,105.71,105.75,104.87,105.63,25474625
1457101800,105.76,106.35,104.97,105.67,31655424
1457361000,105.12,105.74,104.27,105.02,25861160
1457447400,104.3,105.2138,103.97,104.15,28898525
1457533800,104.57,104.84,103.96,104.82,31047351
1457620200,105.31,105.86,103.31,104.66,44997649
1457706600,105.8,106.49,105.46,106.49,31453958
1457962200,106.08,106.92,106.06,106.67,25374912
1458048600,106.27,106.75,105.95,106.63,26524632
1458135000,106.37,107.86,106.34,107.58,31693050
1458221400,107.26,107.77,106.87,107.52,29623740
1458307800,107.46,107.635,106.8,107.37,37682293
1458567000,107.16,107.89,107.12,107.79,17288559
1458653400,107.18,108.37,107.16,108.12,18840278
1458739800,107.91,107.99,106.99,107.23,20912873
1458826200,106.67,107.29,106.53,107.26,19017258
1459171800,107.56,107.58,106.92,107.11,13892303
1459258200,106.93,108.9,106.73,108.83,29963923
1459344600,109.48,110.04,109.13,109.36,23807235
1459431000,109.3,109.69,109.03,109.2,21447236
1459517400,108.58,110.4,108.39,110.36,26389045
1459776600,110.31,110.435,109.68,109.94,17162988
1459863000,109.08,109.5,108.74,108.88,20107915
1459949400,109,110.71,108.99,110.67,25056031
1460035800,110.04,110.225,108.61,109.08,28567202
1460122200,109.77,110.02,108.615,109,22897951
1460381400,109.48,110.02,108.585,108.6,25772058
1460467800,108.66,109.72,108.015,109.51,28564087
1460554200,110.32,111.08,110.21,110.91,25356728
1460640600,110,111.33,110,110.92,17199671
1460727000,110.83,111.055,110.36,110.64,21353343
1460986200,110.33,111.265,110.25,111.23,17126086
1461072600,111.44,111.44,109.88,110.55,42481435
1461159000,110.54,111.15,110.17,110.64,18078307
1461245400,110.58,111.05,110.15,110.65,20215983
1461331800,109.21,109.72,108.12,108.98,39073996
1461591000,108.62,108.99,108.45,108.98,14351890
1461677400,109.2,109.39,108.12,108.45,19118334
1461763800,107.34,107.83,106.69,107.58,33059790
1461850200,107.69,108.3335,106.0705,106.28,29818155
1461936600,106.22,106.495,104.88,105.72,67502786
1462195800,105.97,106.87,105.5525,106.72,24813813
1462282200,105.96,106.4399,105.45,105.73,38569433
1462368600,105.12,105.4811,104.7902,105.05,27474504
1462455000,105.43,105.66,104.81,105.02,20788119
1462541400,104.51,105.6,104.4,105.58,30758516
1462800600,105.61,106.37,105.54,105.88,19289615
1462887000,106.26,107.38,106.07,107.33,21178851
1462973400,107.16,107.49,106.33,106.36,20966257
1463059800,106.68,106.735,105.14,105.89,29196323
1463146200,105.85,106.449,105.29,105.5,21059255
1463405400,105.67,107.21,105.56,106.82,18311860
1463491800,106.74,107.04,105.2,105.48,29932711
1463578200,105.29,106.43,105.04,105.86,28177911
1463664600,105.45,105.705,104.54,105.31,27334610
1463751000,105.74,106.9,105.67,106.47,29549578
1464010200,106.55,106.97,106.23,106.33,15729764
1464096600,106.92,108.59,106.885,108.46,29931309
1464183000,108.86,109.57,108.684,109.24,38464750
1464269400,109.35,109.7,109.09,109.56,21885871
1464355800,109.65,110.14,109.61,110.13,19870010
1464701400,110.28,110.51,109.7837,110.34,24366106
1464787800,110,110.6,109.91,110.35,19571528
1464874200,110.13,110.59,109.53,110.58,15696618
1464960600,110.37,110.42,109.34,110.06,20269923
1465219800,110.25,110.75,110.07,110.46,12502365
1465306200,110.53,110.63,110.13,110.18,12184296
1465392600,110.37,110.6,109.96,110.37,14568699
1465479000,109.93,110.31,109.71,110.19,17571631
1465565400,109.2,109.4,108.56,108.94,32965003
1465824600,108.34,108.93,107.89,108.03,25412177
1465911000,107.78,108.415,107.24,108.03,24588506
1465997400,108.32,108.44,107.54,107.72,24605701
1466083800,107.17,108.14,106.5,108.04,32079929
1466170200,107.53,107.6819,106.24,106.49,29208832
1466429400,107.73,108.24,107.08,107.16,20562769
1466515800,107.33,107.715,107.1,107.5,22804112
1466602200,107.58,108.19,107.15,107.24,22724174
1466688600,108.09,108.79,107.62,108.77,18714227
1466775000,104.81,106.5,104.06,104.29,68012733
1467034200,103.6,103.6,101.75,102.22,50044303
1467120600,103.33,104.51,103.3,104.46,28260604
1467207000,105.26,106.53,105.231,106.31,31356723
1467293400,106.52,107.61,106.13,107.54,36300819
1467379800,107.49,108.48,107.45,108.08,19902803
1467725400,107.58,107.66,106.84,107.42,21167903
1467811800,106.92,108.35,106.57,108.3,24579270
1467898200,108.39,108.86,108.11,108.62,19161748
1467984600,109.17,110.36,109.02,110.3,29457871
1468243800,110.68,111.335,110.66,110.93,20218504
1468330200,111.59,111.79,111.34,111.49,21906145
1468416600,111.79,111.82,111.21,111.22,21107762
1468503000,111.96,112.19,111.7,111.98,20870986
1468589400,112.22,112.3,111.55,111.8,17999312
1468848600,111.86,112.74,111.85,112.54,20713924
1468935000,112.17,112.48,111.93,112.13,18936702
1469021400,112.75,113.65,112.6,113.44,24997929
1469107800,113.52,113.74,112.87,113.18,18885367
1469194200,113.28,113.78,112.911,113.65,20003363
1469453400,113.56,113.69,113.28,113.66,12968085
1469539800,113.63,114.2,113.22,113.79,21223845
1469626200,114.76,114.88,114.1,114.58,27646113
1469712600,114.76,115.11,114.4,114.98,16939662
1469799000,115.24,115.54,114.87,115.23,22385320
1470058200,115.31,116.13,115.17,115.84,13990077
1470144600,115.68,115.77,114.22,114.96,21278383
1470231000,114.88,115.35,114.8005,115.34,15011273
1470317400,115.32,115.78,115.03,115.67,12835296
1470403800,116.28,117.04,116.13,116.78,23196570
1470663000,116.82,116.87,116.28,116.65,12358181
1470749400,116.73,117.29,116.67,116.92,13276458
1470835800,116.96,117.02,116.31,116.62,14688405
1470922200,117.01,117.37,116.78,117.12,12969799
1471008600,116.91,117.21,116.79,117.2,19379036
1471267800,117.33,117.97,117.31,117.7,11777762
1471354200,117.47,117.49,117.03,117.05,14161446
1471440600,117.08,117.3,116.43,117.26,15980334
1471527000,117.15,117.46,116.945,117.29,10036285
1471613400,117.1,117.52,116.76,117.26,18742961
1471872600,117.09,117.55,116.87,117.35,14500622
1471959000,117.79,118.0095,117.51,117.56,11997927
1472045400,117.49,117.64,116.41,116.8,17728656
1472131800,116.48,116.97,116.36,116.61,24266264
1472218200,116.66,117.54,116.08,116.78,23895963
1472477400,116.81,117.251,116.79,116.94,11184872
1472563800,116.73,117.09,116.16,116.56,19843301
1472650200,116.38,116.56,115.95,116.44,16169794
1472736600,116.48,116.88,115.91,116.74,20944727
1472823000,117.32,117.56,116.68,117.12,18088215
1473168600,117.29,117.85,117.06,117.85,18525231
1473255000,117.95,118.12,117.47,117.92,17546872
1473341400,117.57,117.6,116.92,117.23,20125319
1473427800,116.23,116.51,114.26,114.28,50813287
1473687000,113.64,116.49,113.63,116.33,39645960
1473773400,115.73,116.09,114.73,115.29,45863935
1473859800,115.43,116.47,115.38,115.84,28221762
1473946200,115.89,117.815,115.86,117.64,39466531
1474032600,117.22,117.412,116.71,117.29,27596527
1474291800,117.57,117.95,116.55,116.78,16222870
1474378200,117.19,117.48,116.8,117,18078584
1474464600,117.48,118.32,116.81,118.15,31546776
1474551000,118.85,119.22,118.7177,119.09,22614422
1474637400,118.92,119,118.16,118.33,22213394
1474896600,117.66,117.8,117.17,117.34,16403881
1474983000,117.31,118.5552,117.15,118.5,20238432
1475069400,118.62,118.77,118.09,118.7,14794330
1475155800,118.51,118.72,117.3338,117.84,27207499
1475242200,118.145,119.07,118.03,118.72,25543200
1475501400,118.53,118.7,118.09,118.55,19216438
1475587800,118.86,119.16,117.92,118.37,21239742
1475674200,118.7,119.17,118.67,118.79,14481285
1475760600,118.63,118.981,118.15,118.73,11987056
1475847000,118.86,119.01,117.89,118.47,19984158
1476106200,119.06,119.48,119.03,119.22,19687341
1476192600,119.1,119.14,117,117.52,27774426
1476279000,117.575,117.82,117.06,117.42,14267824
1476365400,116.635,117.32,115.94,117,22821011
1476451800,117.58,118.05,117.07,117.14,21313321
1476711000,117.1,117.3,116.672,116.82,14182694
1476797400,118.18,118.41,117.8,117.86,19276656
1476883800,117.77,118.02,117.64,117.85,13702918
1476970200,117.68,117.97,117.03,117.71,18132245
1477056600,117.8,118.22,117.41,118.15,15707804
1477315800,118.93,119.65,118.8918,119.57,19142985
1477402200,119.62,119.66,119.01,119.19,20341835
1477488600,118.41,119.03,118.03,118.38,20463696
1477575000,118.9,118.99,117.67,117.84,19099790
1477661400,117.47,118.11,116.74,117.1,35369254
1477920600,117.53,117.53,116.93,116.99,18749357
1478007000,117.19,117.21,115.1047,116.11,23498712
1478093400,116.05,116.3,114.89,115.18,26960093
1478179800,115.02,115.37,113.92,114.05,36205193
1478266200,113.72,114.54,113.45,113.65,26997454
1478529000,115.45,116.47,115.3,116.35,26591245
1478615400,116.21,117.64,115.96,117.11,20777919
1478701800,115.71,117.84,115.6,117.65,70234393
1478788200,118.14,118.38,114.195,115.75,72825446
1478874600,115.21,116.05,114.84,115.8,41115166
1479133800,115.84,115.94,114.03,114.63,35905979
1479220200,115.47,116.62,115.33,116.22,31796602
1479306600,115.7,116.9932,115.67,116.91,16538132
1479393000,116.86,117.78,116.61,117.76,20598553
1479479400,117.83,118.1,117.21,117.32,16428659
1479738600,117.6,118.65,117.57,118.54,20268547
1479825000,118.97,119.19,118.61,118.9,18850641
1479911400,118.51,118.64,117.9,118.42,22925954
1480084200,118.56,118.85,118.42,118.8,7162785
1480343400,118.64,119.08,118.4101,118.53,13479045
1480429800,118.63,119.51,118.3,118.94,18552957
1480516200,119.06,119.1335,117.46,117.5,30405342
1480602600,117.46,117.47,115.29,115.47,39796590
1480689000,115.57,116.16,115.22,115.7,32876845
1480948200,116.32,117.06,115.77,116.6,21419667
1481034600,116.88,117.08,116.39,116.88,27293348
1481121000,116.64,118.51,116.2919,118.36,26622442
1481207400,118.4,118.87,118.18,118.57,18578433
1481293800,119.03,119.5402,119,119.5,21863133
1481553000,118.95,119.21,118.47,118.96,23259310
1481639400,119.35,121.11,119.32,120.46,54477889
1481725800,120.56,121,119.86,120.21,28745991
1481812200,120.37,121.11,120.08,120.4,22762305
1481898600,120.28,120.5817,119.36,119.6,26283907
1482157800,119.74,120.83,119.55,120.09,21138658
1482244200,120.43,120.77,120.33,120.55,11461799
1482330600,120.57,120.68,120.19,120.46,7079300
1482417000,120.46,120.5,119.65,120.12,16644996
1482503400,119.96,120.25,119.81,120.2,9007470
1482849000,120.44,121.52,120.41,120.82,16110554
1482935400,121.06,121.19,119.795,119.88,17975235
1483021800,119.86,120.13,119.33,119.71,13267519
1483108200,119.93,119.95,118.14,118.48,41749028
1483453800,119.31,119.99,118.89,119.54,22307608
1483540200,119.67,120.41,119.6561,120.19,19749074
1483626600,120.16,120.95,120.1,120.87,20644254
1483713000,120.99,122.25,120.685,121.93,24074305
1483972200,122.03,122.55,121.95,122.33,18909234
1484058600,122.37,122.97,122.1,122.6,16176631
1484145000,122.63,122.93,122.02,122.93,20685983
1484231400,122.49,122.819,121.6,122.74,19622511
1484317800,122.81,123.37,122.8,123.16,16930803
1484663400,122.79,123.03,122.4342,122.79,14538484
1484749800,122.96,123.16,122.66,123.04,12499663
1484836200,123.19,123.65,122.72,122.98,12710659
1484922600,123.51,123.83,122.92,123.25,22091039
1485181800,123.16,123.53,122.57,123.35,17434167
1485268200,123.59,124.37,123.3847,124.18,17640869
1485354600,124.94,125.46,124.85,125.43,15036221
1485441000,125.59,125.82,125.3438,125.56,16052150
1485527400,125.8,125.9211,125.39,125.8,15052983
1485786600,125.37,125.38,124.13,124.82,25006715
1485873000,124.4,124.6,123.85,124.57,19091133
1485959400,125.42,125.68,124.86,125.43,22861876
1486045800,125.21,125.7,124.86,125.32,15101363
1486132200,125.49,125.81,125.33,125.68,16957154
1486391400,125.42,125.85,125.35,125.83,11630139
1486477800,126.06,126.55,125.97,126.29,17541101
1486564200,126.12,126.68,125.88,126.5,12569147
1486650600,126.63,127.24,126.56,126.96,17542726
1486737000,127.2,127.56,127.02,127.38,13915697
1486996200,127.76,128.26,127.7199,128.1,19120150
1487082600,128.15,128.535,127.74,128.53,16333480
1487169000,128.44,129.35,128.37,129.29,17891355
1487255400,129.36,129.63,128.92,129.25,15098286
1487341800,129.09,129.82,129.04,129.81,15563730
1487687400,130.03,130.53,129.99,130.45,18479628
1487773800,130.32,130.59,130.111,130.5,12110876
1487860200,130.7,130.7,129.49,130.01,17489023
1487946600,129.47,130.26,129.38,130.26,18624489
1488205800,130.02,130.43,129.8,130.42,12008672
1488292200,130.39,130.45,129.66,130.02,16598581
1488378600,130.81,131.68,130.6,131.44,25813827
1488465000,131.43,131.43,130.62,130.78,19951386
1488551400,130.65,131.06,130.341,131.02,13722749
1488810600,130.56,130.95,130.21,130.73,12026151
1488897000,130.45,131.08,130.28,130.51,15500945
1488983400,130.57,131.15,130.46,130.74,15776027
1489069800,130.71,131.02,130.14,130.84,20855253
1489156200,131.42,131.6,130.82,131.39,21922601
1489411800,131.34,131.64,131.27,131.61,10731575
1489498200,131.31,131.36,130.76,131.29,14019689
1489584600,131.58,132.405,131.14,132.1,22709139
1489671000,132.33,132.35,131.71,132.01,18457291
1489757400,131.86,132.04,131.62,131.69,21234529
1490016600,131.65,132.11,131.4601,131.81,10105210
1490103000,132.31,132.43,129.73,129.81,35841897
1490189400,129.89,130.82,129.68,130.69,29177883
1490275800,130.52,130.88,130.14,130.36,20311655
1490362200,130.78,131.29,130.13,130.63,22967566
1490621400,129.73,131.07,129.4,130.84,18472445
1490707800,130.81,132.03,130.55,131.64,23721947
1490794200,131.73,132.3,131.59,132.25,13168901
1490880600,132.22,132.61,132.08,132.47,16092374
1490967000,132.27,132.74,132.125,132.38,19841411
1491226200,132.48,132.81,131.56,132.3,23700310
1491312600,131.9,132.53,131.87,132.51,13400022
1491399000,132.68,133.48,131.72,131.97,32011155
1491485400,132.12,132.39,131.7,132.04,18832193
1491571800,131.99,132.37,131.5,131.97,16743064
1491831000,132.11,132.565,131.6564,132.02,15619276
1491917400,131.86,132.095,130.5,131.45,33778359
1492003800,131.45,131.54,130.78,130.92,15955195
1492090200,130.75,131.51,130.38,130.4,23683020
1492435800,130.8,131.5,130.72,131.48,13325508
1492522200,131.01,131.66,130.95,131.28,12841087
1492608600,131.85,132.29,131.31,131.49,17764817
1492695000,132.04,132.88,131.82,132.59,21977910
1492781400,132.7,132.76,132.22,132.56,22454948
1493040600,134.02,134.285,133.8042,134.16,22469948
1493127000,134.58,135.3664,134.48,135.13,19339384
1493213400,135.17,135.51,134.86,134.94,25398542
1493299800,135.28,135.75,135.19,135.75,16136538
1493386200,136.28,136.34,135.77,135.99,22771946
1493645400,136.46,137.38,136.38,137.2,24815525
1493731800,137.38,137.49,137.02,137.43,18345071
1493818200,137.14,137.17,136.615,136.99,23827550
1493904600,137.01,137.43,136.56,137.04,14630063
1493991000,137.39,137.54,136.88,137.54,19330652
1494250200,137.61,137.84,137.33,137.84,13279931
1494336600,138.05,138.628,137.93,138.32,28426109
1494423000,138.4,138.45,137.91,138.4,20499363
1494509400,138.03,138.33,137.38,138.29,27232074
1494595800,138.37,138.63,138.23,138.6,19738629
1494855000,138.63,139.12,138.53,139.04,20481327
1494941400,139.36,139.64,138.99,139.62,21785994
1495027800,138.55,138.77,136.05,136.07,55642178
1495114200,136.06,137.72,135.87,137.26,41319882
1495200600,137.71,138.42,137.66,137.84,36730112
1495459800,138.14,139.075,138.0967,139,19509659
1495546200,139.42,139.42,138.7801,139.14,19687534
1495632600,139.56,139.85,139.17,139.78,18323864
1495719000,140.315,141.33,140.01,140.97,23928591
1495805400,141,141.28,140.81,141.22,13851582
1496151000,141.13,141.505,141.06,141.34,20306409
1496237400,141.8,141.84,140.57,141.29,33229404
1496323800,141.57,141.9,140.98,141.84,20120741
1496410200,142.34,143.49,142.11,143.46,37222881
1496669400,143.44,143.68,143.23,143.43,15727526
1496755800,143.28,143.73,142.65,142.86,22393024
1496842200,143.23,143.54,142.6,143.42,18842408
1496928600,143.74,143.8,142.79,143.57,25417408
1497015000,143.73,143.9,138.11,139.98,109783737
1497274200,138.84,139.48,137.47,139.23,104453977
1497360600,140.01,140.56,139.28,140.36,51193010
1497447000,140.92,140.93,138.62,139.75,60093764
1497533400,138.35,139.28,137.49,139.13,55145160
1497619800,138.72,138.777,137.638,138.15,48087413
1497879000,139.45,140.59,139.28,140.46,39626533
1497965400,140.31,140.5,139.31,139.36,40935078
1498051800,139.66,140.81,139.59,140.74,35743366
1498138200,140.94,141.22,140.34,140.7,24099115
1498224600,140.53,141.42,140.15,141.24,21654314
1498483800,142,142.29,140.27,140.58,34411094
1498570200,140.07,140.22,138.02,138.03,65957819
1498656600,138.54,140.14,137.74,140.02,57427180
1498743000,139.4,139.44,136.25,137.59,88769351
1498829400,138,138.6687,137.19,137.64,68898255
1499088600,138.25,138.43,136.1,136.19,32797005
1499261400,136.57,137.9,136.16,137.53,42116584
1499347800,136.47,137.06,135.8,136.29,48430476
1499434200,136.74,138.13,136.74,137.76,36970402
1499693400,137.84,138.985,137.5,138.66,24853545
1499779800,138.44,139.22,137.94,139.05,31517660
1499866200,140.21,140.86,139.955,140.7,36045799
1499952600,140.85,141.35,140.6,141.01,31073595
1500039000,141.57,142.3,141.19,142.12,34544847
1500298200,142.25,142.69,141.92,142.19,25343155
1500384600,142.06,143.17,141.64,143.14,25748527
1500471000,143.53,144.19,143.5,143.98,33752309
1500557400,144.31,144.44,143.52,144.17,36139449
1500643800,143.62,144.11,143.35,144.11,39697094
1500903000,144.07,144.87,143.92,144.77,26712732
1500989400,144.29,144.74,144.01,144.4,28120884
1501075800,144.74,144.95,144.53,144.87,18610634
1501162200,145.86,145.96,142.3,143.96,80665866
1501248600,143.14,144.0752,142.87,143.84,38013176
1501507800,144.22,144.43,142.92,143.23,33848645
1501594200,143.7,143.76,143.12,143.56,20149421
1501680600,144.45,144.52,142.61,143.95,41769667
1501767000,144.17,144.17,143.13,143.39,27112799
1501853400,143.65,143.97,143.06,143.65,29472909
1502112600,143.89,144.56,143.71,144.56,17933942
1502199000,144.27,145.47,143.9,144.31,30810364
1502285400,143.14,144.19,142.795,144.12,36169473
1502371800,143.33,143.4,140.89,141.03,63331663
1502458200,141.24,142.41,140.9,142.1,45862488
1502717400,143.23,144.15,143.19,143.93,34161024
1502803800,144.22,144.302,143.64,144.03,25509181
1502890200,144.37,144.96,143.8007,144.28,31913002
1502976600,143.73,143.94,141.33,141.33,70190975
1503063000,141.43,142.2,140.65,141.23,60751940
1503322200,141.23,141.53,140.18,141.05,37111487
1503408600,141.8,143.35,141.76,143.2,36294232
1503495000,142.5,143.01,142.38,142.69,25702324
1503581400,143.03,143.17,141.47,142.27,38160803
1503667800,142.8,143.18,141.78,141.97,26380436
1503927000,142.41,142.74,141.9501,142.41,15362141
1504013400,141.18,143.21,141.06,142.97,24498333
1504099800,143.11,144.89,143,144.65,33642716
1504186200,145.03,146.21,144.98,146.2,38480747
1504272600,146.36,146.585,145.61,146,22293553
1504618200,145.55,145.88,143.6,144.69,45480562
1504704600,145.06,145.46,144.08,145.13,30722723
1504791000,145.4,145.84,144.94,145.47,22721131
1504877400,145.28,145.35,144.06,144.21,27890115
1505136600,145.3,146.12,145.3,145.87,27126332
1505223000,146.25,146.41,145.53,146.22,30256661
1505309400,145.95,146.44,145.73,146.42,28450864
1505395800,145.85,146.2869,145.47,145.56,35296413
1505482200,145.56,146.59,145.29,146.06,46422402
1505741400,145.88,146.37,145.11,145.55,24858157
1505827800,145.81,146.01,145.31,145.8,20871237
1505914200,145.75,145.91,144.23,145.35,34236155
1506000600,145.25,145.26,143.95,144.46,28841835
1506087000,144,144.53,143.855,144.32,21702401
1506346200,143.75,143.8299,142.1,142.8,54947712
1506432600,143.51,143.8,142.67,143.17,29628806
1506519000,143.93,145,143.57,144.46,33249403
1506605400,144.14,144.5566,143.78,144.41,24149422
1506691800,144.7,145.555,144.32,145.45,43102366
1506951000,145.67,146.17,144.93,145.58,27351260
1507037400,145.74,146.06,145.45,145.89,19715152
1507123800,145.6,146.34,145.47,146.03,26381099
1507210200,146.54,147.54,146.4063,147.46,31562353
1507296600,146.97,147.66,146.96,147.66,23561069
1507555800,147.86,148.0093,147.3,147.49,13704835
1507642200,147.98,148.14,146.95,147.6,19223092
1507728600,147.53,148.07,147.34,148.04,12439051
1507815000,147.84,148.355,147.615,147.77,14513477
1507901400,148.4,148.51,147.7772,148.34,18409888
1508160600,148.7,148.89,148.3928,148.85,21809410
1508247000,148.79,149.06,148.57,149.04,13138157
1508333400,149.21,149.21,148.64,148.86,17218243
1508419800,148.02,148.33,147.27,148.31,27680285
1508506200,148.91,149.04,148.53,148.71,30173268
1508765400,149.01,149.03,147.53,147.74,29297126
1508851800,148,148.3,147.44,147.99,20289467
1508938200,147.7,148.18,146.33,147.43,36179124
1509024600,147.36,147.705,146.92,146.96,28230199
1509111000,149.33,151.52,149.2,151.24,60165127
1509370200,151.08,152.19,150.9899,151.58,31733386
1509456600,152.04,152.37,151.63,152.15,26319327
1509543000,152.75,152.83,151.5,152.1,29481569
1509629400,151.92,151.99,150.77,151.81,31017426
1509715800,152.39,153.29,151.84,153.27,26199249
1509978600,153.13,153.85,153.1,153.79,28693919
1510065000,153.67,154.0823,153.34,153.88,21333062
1510151400,153.81,154.54,153.62,154.5,17373517
1510237800,153.26,153.77,152.11,153.69,40594482
1510324200,153.36,153.8,153.06,153.68,20150762
1510583400,153.12,154.0693,153.1,153.87,12522399
1510669800,153.31,153.5,152.57,153.31,25173763
1510756200,152.61,153,151.78,152.59,24808004
1510842600,153.38,154.89,153.33,154.54,34790570
1510929000,154.58,154.69,153.8,153.95,28725800
1511188200,154.08,154.2,153.61,153.83,21143944
1511274600,154.56,155.57,154.485,155.5,20147763
1511361000,155.63,155.84,155.341,155.69,17299040
1511533800,155.86,156.31,155.76,156.26,8209832
1511793000,156.2,156.56,155.83,156.19,22653389
1511879400,156.52,156.69,155.7,156.59,25227320
1511965800,156.45,156.45,153.12,153.86,71986338
1512052200,154.46,155.45,154.145,155.15,56595465
1512138600,154.19,155.24,152.26,154.49,59015828
1512397800,155.47,155.625,152.56,152.71,51319146
1512484200,152.64,154.55,152.1,152.81,40604211
1512570600,152.26,153.735,152.06,153.5,28647769
1512657000,153.49,154.46,153.33,154.02,32666207
1512743400,155.1,155.53,154.46,154.7,28081666
1513002600,154.76,155.95,154.76,155.9,20821528
1513089000,155.81,156.15,155.36,155.69,20310252
1513175400,156.28,156.49,155.76,155.99,24418479
1513261800,156.28,156.66,155.71,155.88,24594682
1513348200,156.49,157.82,156.23,157.65,49816151
1513607400,158.29,158.77,158.07,158.64,26844519
1513693800,158.34,158.5,157.26,157.7,31414968
1513780200,158.25,158.28,156.91,157.53,38972602
1513866600,157.73,158.25,157.37,157.55,18638679
1513953000,157.31,157.432,156.95,157.37,23330440
1514298600,156.53,156.72,155.95,156.52,21918720
1514385000,156.52,156.96,156.39,156.54,22388186
1514471400,157.05,157.0653,156.54,156.73,25393825
1514557800,156.9,156.9,155.7,155.76,33185962
1514903400,156.5,158.525,156.17,158.49,32573272
1514989800,158.61,160.17,158.61,160.03,29383557
1515076200,160.59,160.79,160.0825,160.31,24776125
1515162600,161.04,162.03,160.77,161.92,26992340
1515421800,161.9,162.63,161.86,162.55,23159061
1515508200,162.85,163.04,162.07,162.56,24782448
1515594600,161.8,162.21,161.12,162.18,34004028
1515681000,162.48,163.3,162.21,163.29,20473518
1515767400,163.03,164.66,162.94,164.49,37762708
1516113000,165.55,166.415,163.53,164.02,41231849
1516199400,164.77,166.04,163.9982,165.79,33849879
1516285800,165.55,166.1999,165.135,165.82,26432166
1516372200,166.32,166.61,165.535,166.34,38937588
1516631400,166.27,168.12,166.09,168.12,26081388
1516717800,168.64,169.66,168.555,169.51,37989650
1516804200,169.81,170.24,167.44,168.41,54287377
1516890600,169.55,169.63,167.81,168.35,28924956
1516977000,169.27,170.952,168.96,170.93,32038184
1517236200,170.52,170.91,169.74,170.1,37277849
1517322600,168.55,169.42,167.82,168.7,44987688
1517409000,169.67,169.9899,168.34,169.4,42449199
1517495400,168.12,169.73,167.42,167.96,38037875
1517581800,167.34,167.7,164.47,164.61,68478082
1517841000,163.13,165.75,158,158.12,105372224
1517927400,155.96,162.51,155.1,162.31,118537891
1518013800,161.79,163.55,160.2,160.21,91028328
1518100200,160.69,160.8,153.45,153.45,94184831
1518186600,155.66,157.24,150.125,156.1,113836554
1518445800,157.67,159.95,156.46,158.87,63050637
1518532200,157.98,160.01,157.7197,159.69,31785595
1518618600,158.79,162.93,158,162.68,52107431
1518705000,164.14,165.7,162.44,165.7,51633887
1518791400,165.18,166.755,164.6799,164.96,62256291
1519137000,164.39,166.68,164.31,165.29,36785626
1519223400,166.06,167.72,164.72,164.82,41161779
1519309800,165.54,166.42,164.3769,164.8,37074413
1519396200,166.06,168.17,165.45,168.17,50096916
1519655400,168.93,170.4,168.82,170.4,39266658
1519741800,170.42,170.73,168.21,168.29,42209873
1519828200,169.25,169.8,167.1,167.21,42936334
1519914600,167.29,168.07,163.001,164.48,76809904
1520001000,162.59,166.28,161.96,165.99,57445063
1520260200,165.26,168.26,164.59,167.83,38540207
1520346600,168.61,169.11,167.48,168.54,29480927
1520433000,167.26,169.07,166.96,168.93,34609407
1520519400,169.54,169.98,168.95,169.86,25828371
1520605800,171.1,173.16,170.82,173.16,38310546
1520861400,173.65,174.48,173.28,174.08,37634971
1520947800,174.8,175.21,171.2666,171.71,55638925
1521034200,172.58,172.74,170.93,171.68,40536383
1521120600,171.83,172.53,170.9,171.53,28810366
1521207000,171.78,172.2,170.935,171.02,31176742
1521466200,169.16,169.22,165.6393,167.1,71395061
1521552600,167.1,168.04,166.61,167.65,34075664
1521639000,167.23,168.76,166.19,166.92,43863543
1521725400,164.7,165.77,162.59,162.8,66607288
1521811800,162.6,163.3,158.43,158.51,80110392
1522071000,161.68,164.6,159.16,164.4,57481503
1522157400,165.6,165.62,157.68,159.08,78889105
1522243800,158.25,159.78,156.04,157.25,89369655
1522330200,158.13,161.71,156.6338,160.13,68692566
1522675800,159,159.74,153.88,155.51,85549443
1522762200,156.92,157.92,154.44,157.26,64090049
1522848600,154.27,160.23,154.04,159.74,65768692
1522935000,161.33,161.58,159.48,160.65,43054868
1523021400,158.94,160.4601,155.88,156.63,59870865
1523280600,158.01,160.88,157.46,157.73,41810380
1523367000,160.13,161.73,159.07,161.21,48601323
1523453400,160.2,162,160.1,160.28,41622139
1523539800,161.3,162.77,161.16,162.21,30467889
1523626200,163.01,163.26,160.67,161.37,44604892
1523885400,162.45,163.19,161.48,162.6,28180780
1523971800,164.19,166.4592,163.91,166.1,35536087
1524058200,166.12,167,165.31,166.44,29573880
1524144600,165.65,165.99,164.34,164.91,34705692
1524231000,164.49,164.61,161.73,162.3,49197140
1524490200,163.08,163.73,161.02,161.89,33040646
1524576600,162.62,162.905,157.39,158.46,70256751
1524663000,158.8,159.31,156.47,158.65,52089323
1524749400,160.72,162.53,160.18,161.99,43005532
1524835800,164.35,164.41,161.17,162.09,51043406
1525095000,162.48,163.48,160.54,160.94,35615273
1525181400,160.52,162.8,160.14,162.78,36513529
1525267800,163.1,163.57,161.63,161.82,38646842
1525354200,161.08,162.4,159.22,161.8,60337134
1525440600,161.11,165.25,160.98,164.87,41543243
1525699800,165.64,166.78,165.51,166.24,32500152
1525786200,165.83,166.43,164.86,166.07,26040170
1525872600,166.4,168,165.78,167.88,29122718
1525959000,168.43,169.74,168.29,169.62,27067597
1526045400,169.35,169.86,168.72,169.46,24688847
1526304600,169.8398,170.82,169.47,169.75,21821749
1526391000,168.4,168.5,166.98,167.87,49361638
1526477400,168.1,169.37,168.01,168.98,22941159
1526563800,168.4,169.61,167.51,168.33,27480164
1526650200,167.71,168.26,167.21,167.46,26217939
1526909400,168.73,169.5,167.68,168.4,22954565
1526995800,169.15,169.45,167.88,168.18,19477721
1527082200,166.9,169.62,166.88,169.6,26557835
1527168600,169.56,169.85,167.84,169.55,27696539
1527255000,169.54,170.33,169.21,169.72,27460536
1527600600,168.91,169.92,167.96,168.97,41220468
1527687000,169.63,170.48,169.22,170.18,22665836
1527773400,170.13,171.2,169.63,170.07,35670946
1527859800,170.88,172.84,170.87,172.74,45543331
1528119000,173.16,174.34,173.07,174.3,20459634
1528205400,174.69,175.13,174.065,174.84,24779284
1528291800,175.0248,175.89,174.14,175.86,25036647
1528378200,175.91,175.93,173.55,174.43,39600316
1528464600,173.57,174.8803,173.18,174.44,31780348
1528723800,174.3,175.34,174.28,174.91,22319709
1528810200,175.15,176,174.96,175.83,22511832
1528896600,176.09,177.14,175.43,175.82,37858584
1528983000,176.62,177.89,176.5,177.6,35915978
1529069400,176.98,177.325,176.11,176.98,49615730
1529328600,175.53,176.65,174.94,176.5,31633192
1529415000,174.26,176.04,173.71,176,38235994
1529501400,176.79,177.98,176.65,177.25,33038042
1529587800,177.69,177.88,175.37,175.71,43469439
1529674200,176.31,176.369,174.69,175.32,30073187
1529933400,173.76,173.99,169.81,171.37,77799725
1530019800,171.99,173.0585,171.37,172.07,39008146
1530106200,172.77,173.58,169.61,169.73,52843497
1530192600,169.52,171.77,169.17,171.19,46407708
1530279000,172,172.92,171.395,171.65,36408464
1530538200,170.04,172.85,169.67,172.8,31770026
1530624600,173.41,173.45,170.63,170.8,25512707
1530797400,171.91,173.06,171.03,172.92,31626198
1530883800,173.31,175.74,173,175.61,37005574
1531143000,176.49,177.23,175.82,177.19,27362061
1531229400,177.41,177.72,176.71,177.32,23902488
1531315800,175.96,177.07,175.8,176.42,30280553
1531402200,177.21,179.46,177.08,179.46,27930119
1531488600,179.42,179.9,178.95,179.61,28067961
1531747800,179.64,179.95,178.88,179.18,21405310
1531834200,177.3,180.65,177.28,180.27,31034075
1531920600,180.28,180.44,179.38,179.93,23220839
1532007000,179.34,179.88,178.82,179.03,31094145
1532093400,179.57,180.17,178.79,178.99,35907619
1532352600,178.45,179.64,177.74,179.56,22184720
1532439000,181.39,182.05,179.56,180.3,36900281
1532525400,180.36,182.93,180.29,182.82,36022078
1532611800,180.35,180.92,179.81,180.05,40873485
1532698200,181.26,181.31,176.6,177.62,59456093
1532957400,177.66,177.73,174.27,175.11,60192990
1533043800,175.75,177.13,174.82,176.45,47285135
1533130200,176.87,177.65,176.0967,177.12,37101925
1533216600,175.87,179.74,175.79,179.53,47178229
1533303000,179.8,180.09,179.08,180.08,28934445
1533562200,179.97,181.19,179.74,181.14,24808763
1533648600,181.63,182.14,181.26,181.8,29895664
1533735000,181.55,182.35,181.06,182.02,22680749
1533821400,181.94,182.63,181.64,181.91,18852898
1533907800,180.68,181.22,179.84,180.52,33818464
1534167000,180.85,182.01,180.241,180.32,26089195
1534253400,181.01,181.66,180.04,181.45,20913021
1534339800,180.09,180.58,178.12,179.23,58528016
1534426200,180.57,180.99,179.47,179.82,27711761
1534512600,179.36,180.31,178.2679,179.86,36092641
1534771800,180.28,180.3251,179,179.7,24938956
1534858200,180.26,181.44,180.13,180.36,26258657
1534944600,179.96,181.27,179.75,181.06,18042380
1535031000,180.77,182.045,180.5,180.8,25776166
1535117400,181.4,182.63,181.36,182.48,23136113
1535376600,183.43,184.34,183.11,184.34,29343552
1535463000,184.8,185.02,184.22,184.61,20277036
1535549400,184.91,186.84,184.86,186.74,29175591
1535635800,186.41,187.5199,185.79,186.41,29315453
1535722200,186.18,187.18,185.98,186.65,28653248
1536067800,186.1,186.4,184.85,185.85,29063537
1536154200,185.55,185.55,182.82,183.45,42623326
1536240600,183.54,183.75,180.58,181.81,46091403
1536327000,180.53,182.67,180.44,181.11,46629495
1536586200,182.12,182.25,180.725,181.72,26131977
1536672600,180.97,183.42,180.52,183.12,30116460
1536759000,182.87,182.98,181.01,182.58,36203973
1536845400,183.67,184.88,183.6401,184.53,31133188
1536931800,184.66,184.945,183.26,183.99,31224132
1537191000,183.66,183.81,181.17,181.34,33071197
1537277400,181.52,183.73,181.4,182.84,31877347
1537363800,182.86,183.3,181.51,182.7,31843377
1537450200,183.95,184.97,183.5199,184.72,33295820
1537536600,185.27,185.48,183.48,183.71,38605353
1537795800,182.05,183.96,181.3,183.89,34945602
1537882200,183.78,184.28,183.18,184.14,25277520
1537968600,184.25,185.99,183.905,184.27,36210571
1538055000,185.04,186.49,184.92,185.83,33113269
1538141400,185.25,186.28,184.97,185.79,28076843
1538400600,186.82,187.53,185.7,186.17,27371297
1538487000,185.95,187.175,185.32,185.75,25618608
1538573400,186.52,186.97,185.66,185.95,29128683
1538659800,185.22,185.32,181.06,182.38,80557283
1538746200,182.39,182.97,178.43,180.15,83325630
1539005400,179.37,180.6427,176.93,179.05,66864481
1539091800,179.2,181.02,178.75,179.63,49097949
1539178200,178.53,178.62,171.5,171.73,114471052
1539264600,171.04,173.4,167.81,169.6,143084463
1539351000,173.99,174.86,170.9328,174.32,102078388
1539610200,173.69,174.04,171.56,172.21,64885255
1539696600,174.02,177.65,173.7,177.22,71979688
1539783000,178.14,178.2585,175.47,177.29,66987639
1539869400,176.6,176.68,172.44,173.18,82486208
1539955800,174.39,176.07,172.39,173.02,82923733
1540215000,174.06,175.2485,172.59,173.91,52909281
1540301400,170.79,174.13,168.82,173.27,77566972
1540387800,173.12,173.36,165.04,165.34,102997449
1540474200,167.99,172.08,167.16,171.06,83481070
1540560600,165.24,169.96,164.23,166.66,130970908
1540819800,169.16,169.86,160.09,163.23,111871933
1540906200,162.8,166.035,162.015,165.92,92583965
1540992600,168.55,171.25,168.54,169.82,73828635
1541079000,170.08,172.24,168.78,172.06,52706823
1541165400,171.53,172.55,168.22,169.38,75966781
1541428200,169.61,169.66,167.08,168.96,39573533
1541514600,168.93,171.19,168.72,170.24,34410390
1541601000,172.25,175.58,171.87,175.58,51169614
1541687400,174.76,175.302,173.63,174.46,40296538
1541773800,172.83,173.25,170.16,171.52,50602710
1542033000,170.33,170.64,166.18,166.33,62578371
1542119400,167.15,169.48,166,166.47,64128079
1542205800,168.09,168.7,164.25,165.2,75270714
1542292200,164.84,168.54,163.46,168.09,73254349
1542378600,166.49,168.31,165.78,167.5,65390675
1542637800,166.74,166.9,161.54,162.06,67280478
1542724200,158.37,161.38,157.13,159.16,102652794
1542810600,161.29,161.97,159.2323,160.37,42965839
1542983400,159.09,160.84,159.09,159.21,23503729
1543242600,161.44,162.97,160.76,162.89,42012633
1543329000,162,163.85,161.18,163.44,36608063
1543415400,164.62,168.7,163.4719,168.7,70140986
1543501800,168,169.26,166.82,168.15,44885711
1543588200,168.38,169.47,167.54,169.37,36722760
1543847400,173.1,173.31,169.5101,172.33,50771695
1543933800,171.38,171.91,165.52,165.72,70594743
1544106600,162.46,166.91,161.77,166.89,71715526
1544193000,166.13,167.12,160.86,161.38,80432176
1544452200,161.11,163.78,159.41,163.07,73960758
1544538600,165.66,165.77,162.23,163.61,59058296
1544625000,166.06,167.6,164.96,165.05,53779992
1544711400,166.06,166.82,164.03,165.1,46377864
1544797800,163.19,163.81,160.7,161.08,56547419
1545057000,160.41,161.67,156.17,157.43,74834076
1545143400,158.67,159.95,157.04,158.42,63642120
1545229800,158.24,160.72,153.34,154.53,81856456
1545316200,154.16,155.87,150.39,152.29,99002139
1545402600,153.06,154.09,146.72,147.57,141129408
1545661800,146.14,147.98,143.46,143.5,56163290
1545834600,145.12,152.54,144.09,152.46,98982064
1545921000,150.57,153.18,147.08,153.05,85824343
1546007400,154.01,155.59,151.72,152.97,77856625
1546266600,154.47,154.98,152.71,154.26,53015313
1546439400,150.99,155.75,150.88,154.88,58576672
1546525800,152.6,153.26,149.49,149.82,74820225
1546612200,152.18,157,151.74,156.23,74709320
1546871400,156.54,158.86,156.11,158.09,52059331
1546957800,159.56,160.11,157.2,159.52,49388694
1547044200,160.15,161.5229,159.47,160.82,46491747
1547130600,159.59,161.37,158.7,161.28,38943414
1547217000,160.32,160.86,159.79,160.69,30176643
1547476200,159.32,159.96,158.59,159.27,30710234
1547562600,159.97,162.6,159.9096,162.38,40874224
1547649000,162.63,163.78,162.29,162.35,33812190
1547735400,161.84,164.36,161.57,163.63,39328959
1547821800,164.84,166.02,163.82,165.25,57183243
1548167400,164.05,164.14,160.76,161.94,56711694
1548253800,162.77,163.51,160.32,162.15,38106062
1548340200,162.66,163.44,162.0626,163.2,32413351
1548426600,164.48,165.65,163.95,165.15,36466069
1548685800,163.03,163.12,161.75,163.11,33491216
1548772200,163.2,163.24,160.99,161.57,30784175
1548858600,163.39,166.28,162.89,165.68,41346533
1548945000,166.65,168.99,166.4701,168.16,37258361
1549031400,167.37,168.6,166.99,167.45,32143672
1549290600,167.51,169.53,167.33,169.53,26718781
1549377000,169.75,171.23,169.69,171.03,28156368
1549463400,171.06,171.37,169.75,170.52,27970006
1549549800,169.03,169.4499,166.95,168.23,42036193
1549636200,166.73,168.59,166.57,168.56,29020747
1549895400,169.14,169.58,167.98,168.4,21434088
1549981800,169.59,171.14,169.33,170.89,29722073
1550068200,171.62,172.16,170.82,171.01,26094136
1550154600,170.38,171.83,169.83,171.22,30326830
1550241000,172.51,172.5623,171.1392,171.94,32521685
1550586600,171.39,172.8,171.38,172.28,19487679
1550673000,172.43,173.08,171.32,172.25,32592995
1550759400,171.77,172.26,170.71,171.62,25207401
1550845800,171.98,173.01,171.9,172.89,27735358
1551105000,174.2,174.66,173.4,173.52,32608754
1551191400,173.04,174.25,172.81,173.7,21939717
1551277800,172.92,173.8,171.76,173.59,25162014
1551364200,173.04,173.81,172.7,173.19,25085470
1551450600,174.41,174.65,173.18,174.39,31431156
1551709800,175.37,175.79,172.47,174.42,38063458
1551796200,174.52,175.085,173.685,174.55,22319863
1551882600,174.68,174.75,173.28,173.56,27194581
1551969000,173.09,173.18,170.79,171.43,39407443
1552055400,169.51,171.26,169.3375,171.17,39303225
1552311000,171.86,174.85,171.85,174.73,30518408
1552397400,175.17,176.14,174.7715,175.69,33953500
1552483800,176.6,177.93,176.35,177.01,42426135
1552570200,177.115,177.34,176.66,176.71,23751477
1552656600,177.43,178.88,177.28,178.35,38191958
1552915800,177.95,178.99,177.5915,178.45,32935125
1553002200,179.16,180,178.29,179.05,36893341
1553088600,179.06,180.86,178.24,179.76,50104996
1553175000,179.24,182.83,179.2,182.57,42428481
1553261400,181.76,182.27,178.37,178.56,70794543
1553520600,177.92,178.84,176.93,178.22,46336524
1553607000,179.58,180.69,178.14,179.05,33248121
1553693400,179.27,179.72,176.6,177.9,37096697
1553779800,178.36,178.98,177.24,178.31,30368235
1553866200,179.63,179.83,178.59,179.66,35205511
1554125400,181.42,182.26,180.77,182.04,30969472
1554211800,182.23,182.905,181.78,182.73,22645151
1554298200,183.74,184.92,183.2089,183.78,31633476
1554384600,183.81,184.5,182.65,183.71,28530828
1554471000,184.3,184.77,184.0183,184.66,25674660
1554730200,184.37,185.28,183.63,185.13,22697543
1554816600,184.5,185.11,184.09,184.48,25631886
1554903000,184.75,185.53,184.52,185.47,24562958
1554989400,185.77,185.78,184.6899,185.03,20654094
1555075800,185.86,185.95,185.0601,185.83,24989136
1555335000,185.81,186.07,184.62,185.86,21073046
1555421400,186.51,186.91,185.93,186.5,27195709
1555507800,187.75,187.93,186.6,187.15,29651575
1555594200,187.48,187.7905,186.29,187.39,28580864
1555939800,186.54,187.99,186.43,187.92,17936033
1556026200,188.37,190.54,188.13,190.31,33665561
1556112600,190.44,190.71,189.65,189.71,24977108
1556199000,191.15,191.22,189.45,190.48,29517497
1556285400,190.2,190.69,188.59,190.65,26359537
1556544600,190.62,191.32,190.34,191.02,21716242
1556631000,189.48,189.85,188.21,189.54,31495277
1556717400,190.76,191.32,188.795,188.93,34797109
1556803800,188.88,189.85,186.87,188.11,44110122
1556890200,189.69,191.25,189.33,191.11,30386180
1557149400,187.1,190.2,186.76,189.94,38371777
1557235800,187.86,188.67,184.51,186.24,58818134
1557322200,185.68,187.17,184.96,185.77,37165319
1557408600,183.76,185.4121,182.09,184.77,55351668
1557495000,184.06,185.89,181.0302,185,58526402
1557754200,180.3,181.26,178.06,178.58,67185766
1557840600,179.51,181.63,178.86,180.54,43360636
1557927000,179.39,183.55,179.31,183.09,40944547
1558013400,183.11,186.07,182.95,184.93,39281157
1558099800,183.1,185.5813,182.88,183.04,44702276
1558359000,180.51,181.1799,179.34,179.95,38608294
1558445400,181.5,182.33,180.92,181.83,31613790
1558531800,180.81,182.07,180.75,181.02,24332550
1558618200,179,179.023,177.14,178.25,45351309
1558704600,179.3,179.85,177.94,178.16,25903267
1559050200,178.67,179.66,177.47,177.49,24763823
1559136600,176.45,177,175.09,176.03,42178772
1559223000,176.54,177.27,175.77,176.77,30354790
1559309400,174.71,175.29,173.87,173.95,45446206
1559568600,173.52,173.95,169.27,170.12,75842290
1559655000,171.98,174.97,171.37,174.91,47797848
1559741400,176.6,176.61,174.38,176.21,34412697
1559827800,176.52,178.04,175.73,177.61,29913205
1559914200,178.5,181.7666,178.33,181.04,45888345
1560173400,182.23,184.85,182.21,183.15,41385280
1560259800,185.07,185.4,182.78,183.4,41260320
1560346200,182.88,183.28,182,182.34,27758120
1560432600,183.12,183.87,182.74,183.42,23715829
1560519000,182.44,183.11,181.94,182.64,22844089
1560778200,183.01,184.25,182.835,183.74,20379476
1560864600,185.88,187.72,185.4291,186.41,48177301
1560951000,186.73,187.53,185.57,187.11,31672855
1561037400,189.72,189.76,187.1585,188.85,40921964
1561123800,188.57,189.77,188.1736,188.57,39980418
1561383000,188.52,188.72,188.06,188.16,19375205
1561469400,188.06,188.14,184.65,184.93,33921112
1561555800,186.13,187.33,185.49,185.79,22595721
1561642200,186.47,186.94,185.99,186.5,19709228
1561728600,186.95,187.15,186.07,186.74,21179248
1561987800,190.3,190.5699,188.38,189.26,31193393
1562074200,189.19,190.03,188.66,190.01,18035768
1562160600,190.45,191.44,190.29,191.44,15792067
1562333400,190.15,191.4,189.39,191.05,21415620
1562592600,189.86,189.87,188.93,189.71,17598826
1562679000,188.79,190.9,188.65,190.66,19193497
1562765400,191.79,193.09,191.47,192.56,28374513
1562851800,192.88,193.34,191.81,192.42,23736122
1562938200,192.63,193.54,192.45,193.53,20211883
1563197400,193.97,194.19,193.44,194.15,15606074
1563283800,193.86,194.09,192.56,193.15,20190891
1563370200,193.2,193.49,192.18,192.2,16765069
1563456600,191.3,192.79,190.69,192.42,29066336
1563543000,193.82,193.83,190.81,191.01,29387945
1563802200,191.5,192.94,191.44,192.53,18953596
1563888600,193.58,193.81,192.29,193.79,23786726
1563975000,193.07,195.16,193.03,195.15,20422872
1564061400,194.48,194.52,192.93,193.3,23434744
1564147800,194.52,195.55,194.43,195.29,20431243
1564407000,195.18,195.18,193.39,194.62,20451652
1564493400,193.16,194.54,192.99,193.78,18705006
1564579800,194.31,194.43,189.32,191.1,41627473
1564666200,191.51,194.98,189.23,190.15,63251648
1564752600,188.82,188.99,186.21,187.35,55214006
1565011800,183.51,183.51,179.2,180.73,75039971
1565098200,182.38,183.8,181.07,183.26,41897249
1565184600,181.32,184.51,179.89,184.25,49990586
1565271000,185.15,188.32,184.57,188.26,38418084
1565357400,187.32,188,185.03,186.49,33608926
1565616600,185.34,185.9,183.5,184.35,24642870
1565703000,184.27,189.68,184.02,188.39,40473043
1565789400,185.31,185.95,182.42,182.76,51000548
1565875800,183.11,183.59,181.16,182.55,36848178
1565962200,184.11,185.95,184.1,185.48,34785006
1566221400,188.03,188.83,187.5,188.43,22568634
1566307800,188,188.635,186.92,186.97,19939552
1566394200,188.66,189.23,187.96,188.63,20745478
1566480600,188.98,189.46,186.54,188.02,24270520
1566567000,186.76,188.45,181.56,182.07,55442893
1566826200,184.19,184.87,183.08,184.82,27689838
1566912600,186.08,186.42,183.71,184.43,28080093
1566999000,183.84,185.4,182.91,185.09,21848789
1567085400,187.37,188.4562,186.675,187.92,25427207
1567171800,188.94,188.97,186.41,187.47,26332749
1567517400,186.26,187.18,185.03,185.65,28026617
1567603800,187.43,188.49,186.9,188.33,21676335
1567690200,190.39,192.325,190.34,191.78,34060994
1567776600,192.03,192.17,191.17,191.59,19487821
1568035800,192.18,192.27,190.215,191.19,24407580
1568122200,190.19,190.74,188.91,190.64,23744687
1568208600,190.98,192.53,190.56,192.43,25063617
1568295000,193.64,194.71,192.97,193.23,28689878
1568381400,192.95,193.4,192.29,192.54,27669795
1568640600,191.3,192.08,191.11,191.68,20318987
1568727000,191.7,192.6,191.29,192.6,21113675
1568813400,192.2,192.6,190.11,192.52,31173056
1568899800,192.86,194.035,192.47,192.84,26214873
1568986200,193.11,193.31,190.16,190.8,30131528
1569245400,190.36,191.07,189.72,190.5,22917563
1569331800,191.37,191.79,187.151,187.97,41096614
1569418200,187.79,190.58,186.21,190.08,36499191
1569504600,189.87,190,187.98,189.38,27030029
1569591000,189.7,189.83,185.75,187.03,40804222
1569850200,187.75,189.11,187.4,188.81,26559841
1569936600,189.54,190.5898,186.955,187.27,32665025
1570023000,186.01,187.204,183.02,184.05,48931982
1570109400,184.07,186.2065,181.82,186.07,39612315
1570195800,186.99,189.08,186.88,188.81,32752668
1570455000,188.23,189.74,187.91,188.24,21404580
1570541400,187.01,187.8562,185.27,185.42,33201939
1570627800,186.96,188.08,186.43,187.23,20829012
1570714200,187.25,189.43,187.12,188.68,26693780
1570800600,190.8,192.63,190.72,191.11,41428907
1571059800,190.82,191.7,190.645,191.09,15372774
1571146200,191.65,193.97,191.56,193.52,23735826
1571232600,192.88,193.53,192.43,193.04,20689207
1571319000,194.18,194.5,192.81,193.55,19161821
1571405400,193.26,193.67,190.705,191.69,27719069
1571664600,192.65,193.52,192.14,193.39,15868946
1571751000,194.06,194.42,191.79,191.85,22988988
1571837400,191.43,192.2582,191.15,192.22,15198327
1571923800,193.62,194.21,192.74,194.09,19264220
1572010200,193.09,195.74,193.05,195.64,21507115
1572269400,196.57,197.83,196.55,197.57,18842303
1572355800,197.24,197.535,196.01,196.04,18569675
1572442200,196.42,197.32,195.29,196.99,21764311
1572528600,197.56,197.65,195.94,197.08,26801803
1572615000,197.93,198.88,197.63,198.87,22131875
1572877800,200.19,200.5251,198.8658,200.1,19015855
1572964200,200.35,200.55,199.55,200.21,15048864
1573050600,199.98,200,198.785,199.76,19725486
1573137000,200.76,201.72,199.85,200.43,17832355
1573223400,200.02,201.25,199.54,201.23,15272516
1573482600,200.23,201.0363,199.94,200.96,10187222
1573569000,201.13,202.21,200.82,201.54,14778283
1573655400,200.84,201.775,200.71,201.59,16110341
1573741800,200.83,201.56,200.22,201.43,17055686
1573828200,202.61,202.91,202,202.91,18434519
1574087400,202.61,203.39,201.77,203.07,18408797
1574173800,203.84,203.84,202.59,203.37,16997568
1574260200,202.85,203.45,200.62,202.15,36706275
1574346600,201.94,202.07,201.07,201.7,17934353
1574433000,202.17,202.32,200.74,201.83,17197019
1574692200,202.67,204.26,202.67,204.22,17794718
1574778600,204.32,204.87,204.05,204.61,14812921
1574865000,205.13,206.05,204.89,206.04,17060233
1575037800,205.59,205.83,205,205.1,9854553
1575297000,205.11,205.18,201.78,203,28121020
1575383400,200.32,201.49,199.23,201.41,31425404
1575469800,202.49,202.91,202.14,202.43,15336754
1575556200,203.15,203.15,201.84,202.83,15038785
1575642600,204.25,205.145,204.1501,205,16562247
1575901800,204.63,205.5937,203.98,204.07,14032175
1575988200,204.17,204.88,203.44,203.9,21849714
1576074600,204.37,205.19,204.04,204.98,18897759
1576161000,204.77,207.32,204.491,206.51,32704625
1576247400,206.36,207.91,205.96,207.19,32534393
1576506600,208.5,209.53,208.48,209.27,21366177
1576593000,209.5,209.71,209.04,209.39,16034647
1576679400,209.6,210.13,209.33,209.55,15490828
1576765800,209.64,210.93,209.62,210.86,17892062
1576852200,211.81,212.5186,211.27,211.71,27690934
1577111400,212.03,212.15,211.63,211.81,23798671
1577197800,211.97,212.09,211.44,211.92,7089020
1577370600,212.26,213.81,212.23,213.79,17159310
1577457000,214.55,214.56,213.04,213.61,18142239
1577716200,213.51,213.63,211.16,212.21,21829913
1577802600,211.62,212.76,211.2,212.61,18201585
1577975400,214.4,216.16,213.98,216.16,31014904
1578061800,213.29,215.47,213.28,214.18,27532657
1578321000,212.49,215.59,212.24,215.56,21726989
1578407400,215.64,216.14,214.85,215.53,23120994
1578493800,215.47,218.14,215.16,217.15,26464212
1578580200,218.91,219.41,217.7125,218.99,23641291
1578666600,219.76,219.87,218.04,218.43,21914631
1578925800,219.31,220.98,218.98,220.95,22846102
1579012200,220.75,221.21,219.74,220.08,24573340
1579098600,220.18,221.2,219.45,220.17,25742084
1579185000,221.24,222.32,220.8,222.28,18804959
1579271400,223.24,223.56,222.1221,223.38,24325167
1579617000,222.73,223.84,222.66,223.28,21146264
1579703400,224.38,225.15,223.59,223.87,20736403
1579789800,223.71,224.69,222.7,224.59,26496113
1579876200,225.62,225.88,221.6701,222.7,37436483
1580135400,217.72,219.2845,217.18,218.1,42264418
1580221800,219.6,221.96,219.06,221.45,26731876
1580308200,222.66,222.93,220.83,221.81,29063128
1580394600,220.37,222.7,219.6891,222.6,39568093
1580481000,223.5,223.56,218.285,219.07,52015832
1580740200,220.14,222.885,219.99,222.38,25468307
1580826600,225.39,227.86,224.6523,227.47,30691211
1580913000,230.22,230.25,226.85,228.22,38534817
1580999400,228.77,230.25,227.98,230.19,22467077
1581085800,229.16,230.44,228.54,229.2,25884933
1581345000,228.43,231.98,228.38,231.97,21478925
1581431400,233.21,234.02,231.3999,232.01,30197983
1581517800,233.34,234.38,232.8,234.27,24471275
1581604200,232.62,234.93,232.36,233.97,22773159
1581690600,234.28,234.86,233.5501,234.64,23438530
1582036200,233.47,235.17,233.25,234.73,24521242
1582122600,236.07,237.47,235.85,236.98,22230464
1582209000,236.46,236.95,231.88,234.78,42604016
1582295400,233.64,234.01,229.3211,230.27,66058611
1582554600,221.84,224.25,220.26,221.39,84522551
1582641000,223.19,223.9879,214.74,215.37,97742982
1582727400,216.67,220.28,214.9,216.48,80400053
1582813800,211.05,216.4235,205.5,205.64,121822562
1582900200,198.92,207.17,198.17,205.8,149247073
1583159400,208.88,216.57,205.94,216.42,112933945
1583245800,217.11,219.61,207.62,209.48,131953546
1583332200,213.32,218.33,211.37,218.22,73086209
1583418600,212.69,216.36,210.1,211.59,78705458
1583505000,204.67,209.15,202.91,208.02,89828392
1583760600,193.48,201.16,192.11,193.57,116423986
1583847000,201.11,204.3,193.6802,204.11,100599233
1583933400,199.35,200.75,192.73,195.22,89168783
1584019800,182.09,190.78,176.94,177.32,137820698
1584106200,187.07,194.48,178.13,192.34,134881981
1584365400,174.15,184.68,169.16,169.3,92054386
1584451800,175.47,184.39,169.78,182.14,121257108
1584538200,171.605,179.22,166.8,176.6,114156320
1584624600,175.69,183.49,171.63,177.66,120896481
1584711000,181.74,182.87,170.1,170.7,118983891
1584970200,170.92,174.21,164.93,170.46,124639782
1585056600,179.91,183.83,177.95,183.66,94881785
1585143000,184.42,189.51,179.98,182.3,88754909
1585229400,183.87,192.72,183.61,191.9,79887564
1585315800,186.93,190.5149,184.66,185.3,58844975
1585575000,187.1,192.49,186.3406,192.04,49356936
1585661400,191.53,195.25,189.2,190.4,62659265
1585747800,184.81,187.66,180.86,182.31,53715375
1585834200,181.59,190.1,180.97,186.01,56465348
1585920600,185.5,187.0716,181.29,183.37,47487621
1586179800,190.38,197.65,189.19,196.48,64763518
1586266200,202.14,202.66,196,196.4,69904478
1586352600,198.0835,201.17,196.1733,200.57,45940439
1586439000,202.27,203.22,199.0281,200.86,68323929
1586784600,199.92,203.42,198.75,203.03,42853948
1586871000,207.17,212.5,206.42,211.86,63959563
1586957400,208.48,211.8338,207.12,209.43,47035953
1587043800,211.78,214.369,209.69,213.25,64657362
1587130200,215.96,216.51,212.0801,215.29,62863223
1587389400,213.27,215.88,212.57,212.74,38249128
1587475800,210.63,211.16,203.63,204.89,72932771
1587562200,209.14,212.35,208.33,210.97,40188772
1587648600,211.8,214.435,210.095,210.52,43278542
1587735000,210.94,214.3,209.5,213.84,34303365
1587994200,216.18,216.63,214.5,215.56,36451698
1588080600,217.27,217.32,211.21,211.5,46862816
1588167000,216.21,219.97,215.14,219,48716406
1588253400,220.01,220.04,217.35,218.91,43359476
1588339800,214.54,216.67,211.68,212.74,48794968
1588599000,211.61,215.45,211.12,215.22,32841020
1588685400,217.4,220.14,216.85,217.66,37783075
1588771800,219.37,221.04,218.11,219,36455218
1588858200,221.75,222.73,220.42,221.82,38624836
1588944600,223.55,225,222.48,224.86,31964416
1589203800,223.5,227.93,223.25,226.87,35714128
1589290200,227.48,228.095,222.09,222.12,41054123
1589376600,222.65,224.61,216.71,219.34,65521208
1589463000,218.12,221.87,215.99,221.83,51549345
1589549400,218.77,223.33,218.33,223.27,55747208
1589808600,226.28,228.68,225.47,227.43,42597551
1589895000,227.66,229.85,226.71,226.86,36237303
1589981400,229.48,231.76,229.48,231.39,37417000
1590067800,231.49,232.135,228.34,228.87,43642908
1590154200,228.46,229.87,227.5,229.66,28762389
1590499800,233.44,233.57,228.79,229.04,33055346
1590586200,228.51,230.41,223.94,230.29,55665565
1590672600,229.05,233.47,229.05,229.99,43008478
1590759000,230.43,233.6,228.76,233.36,50878596
1591018200,232.4,234.45,232,234.06,26140125
1591104600,234.42,235.69,232.01,235.63,33383415
1591191000,236.23,237.47,235.35,236.69,37228701
1591277400,236.32,237.79,233.68,235.03,38716097
1591363800,236.06,240.297,235.63,239.69,47365569
1591623000,239.54,241.68,237.91,241.55,32937305
1591709400,240.66,244.18,240.47,243.3,35046254
1591795800,245,247.815,244.51,246.22,58084410
1591882200,242.29,243.59,233.96,234.02,72919442
1591968600,239.09,240.4,231.74,235.88,72034787
1592227800,232.44,239.45,231.47,238.75,45307371
1592314200,243.78,244.39,239.1,242.85,48890095
1592400600,244.4,245.5,242.73,243.62,34749268
1592487000,243.29,244.53,242.49,244.28,30578648
1592573400,246.74,247,242.45,244.24,49422112
1592832600,243.77,246.87,243.38,246.74,24068676
1592919000,248.39,251.15,247.82,248.84,32767370
1593005400,247.99,249.325,242.16,243.71,46032376
1593091800,243.91,246.34,241.14,246.03,36940811
1593178200,245.75,245.96,239.68,240.22,52824554
1593437400,239.98,242.85,237.35,242.84,34377800
1593523800,242.77,248.16,242.58,247.6,38909219
1593610200,247.66,251.52,247.0802,250.49,34689213
1593696600,252.97,254.27,251.71,252.19,31956497
1594042200,255.46,258.928,255.43,258.39,34589049
1594128600,258.1,260.88,256.3,256.61,36578191
1594215000,258,260.02,256.5,259.99,30426273
1594301400,261.89,262.87,257.63,262.18,40312906
1594387800,262,264.23,259.26,263.97,32885298
1594647000,266.87,269.79,257.69,258.54,64108090
1594733400,256.07,260.79,252.76,260.37,72230512
1594819800,261.68,262.69,257.49,260.9,54523869
1594906200,257.97,259.78,255.62,259.12,47594111
1594992600,259.71,260.31,257.17,259.42,35137871
1595251800,260.12,267.43,258.79,266.78,40610128
1595338200,268.41,268.41,263.125,264,43442967
1595424600,264.46,265.89,262.55,264.93,29865519
1595511000,264.55,265.24,256.55,258.01,51363538
1595597400,254.12,256.93,251.32,255.56,54054536
1595856600,257.36,260.52,256.445,260.12,36445741
1595943000,259.33,259.85,256.51,256.81,31302390
1596029400,258.33,260.66,257.91,259.77,27556884
1596115800,257.78,261.71,256.55,261.13,41774456
1596202200,265.83,265.95,260.85,265.79,53756159
1596461400,268.05,270.15,267.87,269.38,32081566
1596547800,268.74,270.48,268.09,270.38,24911286
1596634200,270.83,271.52,269.96,271.05,21685921
1596720600,270.78,274.98,270.19,274.64,28048224
1596807000,274.04,274.8818,269.245,271.47,44969356
1597066200,271.74,271.98,266.67,270.31,35088373
1597152600,269.1,270.44,264.63,265.19,43104323
1597239000,267.37,272.84,267.37,271.86,38894272
1597325400,272.64,274.83,271.51,272.48,31895717
1597411800,273.01,273.4,270.72,272.16,30799494
1597671000,273.91,275.84,272.1978,275.32,24802966
1597757400,276.41,278.465,274.91,277.97,23529498
1597843800,277.93,279.02,275.57,276.1,31999359
1597930200,275.3,280.43,274.86,279.93,27723379
1598016600,280.07,282.34,279.461,281.87,34748934
1598275800,285.06,286,281.27,283.63,36418533
1598362200,282.78,286.06,282.37,285.86,34866586
1598448600,287.11,292.22,285.829,291.96,42216690
1598535000,293.08,293.851,288.705,291.05,49482715
1598621400,292.27,293.18,290.93,292.53,28021022
1598880600,293.16,296.745,292.62,294.88,36321027
1598967000,297.6,300.04,295.79,299.92,36395774
1599053400,303.26,303.5,296.89,302.76,50836767
1599139800,298.2,298.62,284.41,287.41,110083282
1599226200,285.76,288.93,271.8,283.58,123958978
1599571800,272.27,278.22,269.66,269.95,99568645
1599658200,275.54,280.045,273,277.88,64837872
1599744600,280.97,282.195,270.56,272.34,69667462
1599831000,274.33,275.22,266.9,270.45,71809014
1600090200,274.28,277.22,272.96,275.16,38525194
1600176600,278.9,280.45,275.1332,279.06,41849926
1600263000,279.77,280.36,274.25,274.61,42435626
1600349400,267.52,274.3955,266.68,270.32,81570844
1600435800,271.62,272.09,262.63,266.87,86251117
1600695000,262.52,267.65,260.11,267.51,57168570
1600781400,270.05,273.08,266.54,272.48,41128886
1600867800,272.15,272.34,263.2502,264.16,48837270
1600954200,261.58,268.7,261.22,265.39,70631704
1601040600,265.82,272.395,264.2999,271.56,55242376
1601299800,276.615,277.2,271.674,277.2,58438286
1601386200,276.72,277.71,275.3719,275.95,27178921
1601472600,276.09,281.09,275.8717,277.84,49380802
1601559000,281.79,282.8794,279.84,282.25,50020223
1601645400,276.01,282.2412,273.44,274.31,75497391
1601904600,276.34,280.49,276.23,280.16,28184581
1601991000,279.29,281.19,274.25,275.16,49704236
1602077400,277.83,280.74,277.28,279.92,27539663
1602163800,282.32,282.47,280.31,281.41,25443287
1602250200,283.09,285.79,282.71,285.71,30201144
1602509400,290.6,297.46,289.47,294.53,79370657
1602595800,296.34,297.0496,293.11,294.52,64240031
1602682200,295.32,296.35,290.26,292.06,37181227
1602768600,287.25,290.71,286.54,290.1,42514177
1602855000,291.8,293.269,288.15,288.51,40570702
1603114200,290.49,291.48,282.79,283.8,36756754
1603200600,284.56,287.62,282.95,284.41,32195361
1603287000,284.67,287.32,283.69,284.19,29306137
1603373400,285.05,285.98,280.82,284.18,32196162
1603459800,284.79,284.91,281.7818,284.74,24658542
1603719000,282.32,285.3,276.76,280.47,38421094
1603805400,281.42,283.505,280.2,282.66,30559123
1603891800,278.13,278.6401,271.38,271.64,53413523
1603978200,273.04,279.49,272.52,276.39,43246302
1604064600,274.375,275.24,267.07,269.38,65935893
1604327400,271.73,273.52,266.97,269.98,39987409
1604413800,271.86,276.82,270.84,274.65,43604145
1604500200,283.56,288.77,281.87,286.91,75728206
1604586600,293.41,295.39,292,294.39,52054186
1604673000,293.58,295.36,289.83,294.61,40959764
1604932200,297.31,299.14,288.12,288.59,86537071
1605018600,285.26,286.6599,280.62,283.42,69024878
1605105000,285.92,290.25,283.38,289.76,36102931
1605191400,290.72,292.074,287.25,288.4,34516826
1605277800,290.01,291.57,287.8701,290.93,24880582
1605537000,290.68,293.51,289.99,293.2,30168361
1605623400,293.4,293.74,291.61,292.27,21843463
1605709800,291.7,293.37,290.02,290.11,28069619
1605796200,289.48,292.7,288.85,292.38,22718422
1605882600,292.3,293.065,290.29,290.38,25907308
1606141800,291.41,292.75,288.07,290.39,26875588
1606228200,291.49,294.98,289.63,294.47,24516791
1606314600,295.44,296.94,294.59,296.28,23326826
1606487400,298.29,300.17,297.9,299.01,17163115
1606746600,299.3,299.97,294.78,299.62,27836232
1606833000,301.87,305.14,300.83,303.46,27642640
1606919400,302.22,304.195,300.35,303.85,23620003
1607005800,304.07,305.88,303.531,304.28,22828727
1607092200,304.33,305.67,303.63,305.52,19332081
1607351400,305.71,307.63,305.52,307.25,20850969
1607437800,306.76,308.6,304.95,308.29,18341464
1607524200,308.07,308.36,300.21,301.31,48839306
1607610600,299.21,303.68,298.09,302.52,27519544
1607697000,300.81,301.98,298.47,301.85,26760416
1607956200,303.08,306.05,303.01,304.04,28804832
1608042600,306.37,307.29,304.11,307.29,25790455
1608129000,307.7,309.785,306.621,308.98,25461890
1608215400,310.63,311.24,309.39,311,23730524
1608301800,311.66,311.98,307.61,310.06,41173392
1608561000,306.46,309.47,303.6,308.92,37095480
1608647400,309.85,310.7105,306.845,309.76,26378343
1608733800,309.81,310.18,308.035,308.2,21201280
1608820200,308.47,310.02,308.39,309.56,16784997
1609165800,312.25,313.17,310.36,312.68,22497745
1609252200,314.05,314.685,312.03,312.96,25871925
1609338600,314.16,314.49,312.33,312.97,18138071
1609425000,312.87,314.24,311.76,313.74,21611412
1609770600,315.11,315.29,305.18,309.31,45305898
1609857000,308.29,312.14,308.29,311.86,29323409
1609943400,307,311.88,305.98,307.54,52809622
1610029800,310.28,315.84,310.25,314.98,30394826
1610116200,317.34,319.39,315.0814,319.03,33955847
1610375400,315.98,317.19,313.75,314.42,32869095
1610461800,314.46,315.58,311.2,313.92,29266762
1610548200,314.19,316.86,313.57,316.04,22898417
1610634600,316.5,317.53,313.8616,314.35,23500129
1610721000,314.13,315.12,310.58,311.86,35118718
1611066600,314.25,316.93,313.12,316.41,24537049
1611153000,320.14,324.74,316.509,323.77,30728096
1611239400,325.15,327.13,323.73,326.36,25316935
1611325800,325.29,326.46,324.71,325.42,21609444
1611585000,328.91,330.32,321.41,328.11,39080644
1611671400,328.85,329.76,327.22,328.59,25498112
1611757800,326.26,326.27,317.36,319.43,55263985
1611844200,320.67,326.42,320.03,321.32,42836324
1611930600,319.58,320.7193,312.76,314.56,55259018
1612189800,318.11,323.54,316.02,322.42,35646008
1612276200,325.48,328.87,325.31,327.68,33930844
1612362600,329.82,330.195,326.32,326.38,24824518
1612449000,327.82,330.33,326.46,330.24,22350947
1612535400,331.22,332.4025,329.53,331.36,22731960
1612794600,333.1,333.74,331.41,333.58,20462812
1612881000,332.62,334.81,332.61,333.51,17597478
1612967400,334.99,335.46,329.5,332.75,28068700
1613053800,334.33,335,332.12,334.58,22046071
1613140200,333.71,336.62,332.63,336.45,20346819
1613485800,337.27,338.19,334.34,335.54,27080777
1613572200,332.47,335.657,330.17,333.93,31467456
1613658600,330.23,333.8661,328.36,332.47,32236240
1613745000,333.86,333.99,329.97,331.02,39157677
1614004200,326.5,327.8,322.23,322.44,47256944
1614090600,317,323.2,311,321.48,97241936
1614177000,318.74,324.45,315.96,324.13,58206272
1614263400,321.39,324.03,311.24,312.83,110182582
1614349800,315.85,319.11,310.88,314.14,104739841
1614609000,319.27,323.94,317.935,323.59,49164518
1614695400,324.25,324.33,318.14,318.4,48370034
1614781800,317.27,318.24,309.1,309.16,86301073
1614868200,308.78,312.04,300.11,304.1,139131582
1614954600,306.795,309.609,297.45,308.68,121523726
1615213800,308.12,310.06,299.51,299.94,88409781
1615300200,307.47,313.73,306.92,311.77,80391114
1615386600,316.16,316.47,310.17,310.88,76798065
1615473000,315.77,319.86,314.85,318.04,53484804
1615559400,313.86,318.2302,311.391,315.46,69315601
1615815000,315.79,319,314.095,318.83,43123176
1615901400,321.09,324.2,319.1,320.58,54925896
1615987800,317.45,323.85,315.68,321.9,78258729
1616074200,316.87,317.8801,311.57,312.04,82942269
1616160600,311.87,314.73,309.6601,313.14,78446204
1616419800,315.21,320.74,315.21,318.61,56194755
1616506200,319.73,321.09,316.375,317.22,53455411
1616592600,318.63,318.67,311.72,311.87,64803729
1616679000,309.968,312.885,307.3899,311.33,78729008
1616765400,311.11,316.33,309.67,316,63519634
1617024600,315.45,316.99,312.47,315.91,54607963
1617111000,313.89,314.91,311.54,314.32,44635676
1617197400,316.16,320.74,315.81,319.13,55032535
1617283800,323.07,324.71,322.81,324.57,55685602
1617629400,327.13,331.84,324.6375,331.05,42172475
1617715800,330.73,332.83,330.02,330.82,33537210
1617802200,330.33,332.48,329.37,331.62,32046381
1617888600,334.56,335.27,333.7399,335.08,29940799
1617975000,333.68,337.32,332.92,337.11,36664892
1618234200,336.04,337.1,334.73,336.67,25833013
1618320600,338.24,341.08,338.02,340.6,30374033
1618407000,340.85,340.98,335.67,336.51,42564337
1618493400,339.47,342.01,336.2153,341.61,36342821
1618579800,342.15,342.23,340.08,342.01,40860099
1618839000,340.39,341.58,336.9016,338.88,34533129
1618925400,338.2,339.52,334.3816,336.41,38081818
1619011800,335.09,339.48,333.97,339.29,36598082
1619098200,338.89,339.9,334.01,335.2,45936143
1619184600,335.85,340.767,335.85,339.42,36414916
1619443800,339.67,341.92,338.9,341.63,30811968
1619530200,341.93,342.15,339.17,340.15,33187183
1619616600,339.81,340.85,338.3301,339,33615696
1619703000,342.37,342.8,336.9001,340.22,37708884
1619789400,337.7,340.26,337.05,337.99,38263421
1620048600,339.23,340,335.73,336.19,29729730
1620135000,333.56,333.89,326.21,330.14,65146972
1620221400,332.25,333.14,328.23,329.03,46219307
1620307800,328.76,331.67,326.45,331.51,46814283
1620394200,334.37,336.65,331.6914,334.2,53324460
1620653400,332.78,332.96,325.55,325.76,60700462
1620739800,319.7,326.1299,319.02,325.31,71963612
1620826200,320.23,322.62,316,316.89,91164855
1620912600,319.92,322.4,316.9,319.34,69877765
1620999000,322.6,327.33,322.08,326.39,44370015
1621258200,324.63,326.3721,321.45,324.41,39394997
1621344600,325.39,326.65,321.94,322.22,36528454
1621431000,316.66,322.9,316.3,322.59,66319108
1621517400,324.12,329.71,323.89,328.83,46466135
1621603800,330.43,330.86,326.64,327.01,50330449
1621863000,329.37,333.67,326.9032,332.51,32475771
1621949400,334.07,334.81,331.755,332.97,31280314
1622035800,333.66,334.61,332.95,334.13,25444932
1622122200,333.67,334.54,332.67,332.88,27931747
1622208600,334.12,335.5699,333.6,333.93,29927449
1622554200,335.3,335.785,331.43,332.82,31145424
1622640600,333.25,334.34,331.695,333.47,22047940
1622727000,330.55,331.86,328.28,330,37057825
1622813400,331.85,336.0582,331.78,335.6,38736545
1623072600,335.05,336.66,334.34,336.6,32611852
1623159000,338.395,339.29,335.03,336.76,27282819
1623245400,338.17,338.97,336.651,336.84,21485319
1623331800,337.19,340.46,336.73,340.35,33702067
1623418200,340.36,341.25,339.69,341.24,21222830
1623677400,341.68,344.52,340.46,344.51,27827716
1623763800,344.15,344.47,341.52,342.26,35963780
1623850200,342.74,343.84,337.45,341.01,55399538
1623936600,339.97,346.38,339.92,345.34,59722700
1624023000,343.63,344.8082,341.86,342.63,55414862
1624282200,342.43,344.69,340.15,344.36,32992649
1624368600,344.15,348.03,343.84,347.57,28941626
1624455000,347.51,348.92,346.88,347.74,27188454
1624541400,349.73,351.46,349.17,349.89,32581605
1624627800,350.47,350.72,348.84,349.46,28682801
1624887000,350.78,353.85,350.72,353.71,39130305
1624973400,353.53,355.0199,352.67,354.99,29426039
1625059800,354.83,355.23,353.83,354.43,32723964
1625146200,354.07,355.09,352.68,354.57,29289978
1625232600,356.52,358.97,356.28,358.64,32727244
1625578200,359.26,360.48,356.49,360.19,38842397
1625664600,362.45,362.76,358.94,360.95,35265242
1625751000,355.74,359.65,354.42,358.77,50890021
1625837400,358.17,361.5,357.57,361.01,35184534
1626096600,362.45,362.89,360.83,362.42,25717677
1626183000,362.03,365.465,361.54,362.42,39723015
1626269400,364.83,365.49,362.22,363.07,35336350
1626355800,362.98,363.19,358.46,360.52,53391557
1626442200,361.4,362.41,357.24,357.6,47261961
1626701400,354.05,355.18,352.04,354.67,64404625
1626787800,355.63,360.28,353.8,358.79,42183702
1626874200,358.35,361.56,358.12,361.56,30259860
1626960600,361.77,363.96,361.77,363.95,30252240
1627047000,365.31,368.485,363.9157,368.2,31960799
1627306200,367.49,368.89,366.601,368.49,28438126
1627392600,368.22,368.22,360.16,364.43,57933148
1627479000,365.6,367.45,363.24,365.83,42066195
1627565400,365.25,367.6794,365.25,366.48,25672533
1627651800,362.44,365.17,362.41,364.57,36484649
1627911000,366.28,366.88,363.87,364.6,27334097
1627997400,365.28,366.93,362,366.81,35558511
1628083800,366.77,368.32,365.63,367.34,29602236
1628170200,368.18,369.91,367.45,369.67,21443925
1628256600,368.37,369.37,366.905,368.05,33332107
1628515800,368.52,369.27,367.39,368.73,25960245
1628602200,369.26,369.56,365.62,366.84,35130796
1628688600,368.14,368.65,364.84,366.21,34249812
1628775000,365.69,367.9,364.295,367.53,26003877
1628861400,367.89,369.16,367.38,368.82,19336190
1629120600,367.67,369.02,363.7,368.98,35044107
1629207000,366.15,367.15,363.23,365.73,44793902
1629293400,365.18,366.62,361.865,362.21,38541940
1629379800,360.22,365.68,359.96,363.96,48499368
1629466200,365.06,368.14,364.74,367.73,39486034
1629725400,368.8,373.935,368.79,373.23,34034744
1629811800,373.84,374.99,373.36,374.37,21732913
1629898200,374.63,375.39,373.855,374.8,20441880
1629984600,373.92,374.62,371.97,372.42,29133325
1630071000,373.07,376.56,372.57,376.04,27104749
1630330200,376.85,380.76,376.83,380.26,27295665
1630416600,380.51,380.579,378.36,379.95,29628175
1630503000,381.04,382.71,380.37,380.58,28138311
1630589400,381.97,382.31,379.15,380.4,25503535
1630675800,379.22,381.98,379.2003,381.57,24624937
1631021400,381.68,382.778,380.4882,382.11,23970203
1631107800,381.93,381.93,378.45,380.78,32949159
1631194200,381.01,382.15,379.22,379.47,29398978
1631280600,381.23,381.97,376.245,376.59,40249405
1631539800,378.99,379.43,374.22,376.33,48741781
1631626200,377.86,378.61,374.28,375.26,41826624
1631712600,375.73,378.41,373.37,378.05,34097865
1631799000,376.68,378.9,374.695,378.31,35193083
1631885400,377.82,377.87,372.76,373.83,60912267
1632144600,367.46,369.25,360.93,365.7,76203202
1632231000,367.58,368.81,364.99,366.15,41927483
1632317400,367.09,371.07,365.9584,369.57,46972920
1632403800,370.76,374.04,370.099,372.98,44652002
1632490200,370.65,373.76,370.27,373.33,36056800
1632749400,370.2,371.2516,367.73,370.35,43338079
1632835800,365.67,370.302,359.35,359.87,97701632
1632922200,361.17,363.37,358.635,359.28,58076621
1633008600,360.97,362.68,357.1,357.96,61384577
1633095000,358.6,361.25,354.38,360.18,56375488
1633354200,358.52,358.86,350.32,352.62,76766005
1633440600,353.71,359.69,353.48,357.38,47232904
1633527000,354.08,359.95,353.15,359.67,56806536
1633613400,362.8,365.69,362.25,362.97,39411172
1633699800,364.08,364.3166,360.61,361.16,41822309
1633959000,359.58,363.2,358.3,358.39,34847182
1634045400,359.88,360.33,356.48,357.14,43905101
1634131800,359.51,360.69,357.43,360,40120795
1634218200,363.69,366.85,363.01,366.63,43433867
1634304600,367.88,369.06,366.82,368.94,40419878
1634563800,367.61,372.87,366.99,372.65,34513514
1634650200,373.75,375.52,372.6974,375.47,29090963
1634736600,375.94,376.565,373.46,374.98,31390338
1634823000,374.16,377.47,373.85,377.27,25469277
1634909400,375.98,376.97,372.385,374.1,36275822
1635168600,375.56,378.87,373.56,377.93,32597804
1635255000,380.23,382.71,377.905,379.12,47191279
1635341400,379.58,383.15,379.31,380,45760496
1635427800,381.95,384.48,381.155,384.22,38007005
1635514200,381.06,386.28,380.7,386.11,37310116
1635773400,386.56,387.56,384.42,387.43,30765303
1635859800,386.8,389.54,386.75,389.05,25135292
1635946200,389.55,393.61,388.48,393.18,33748901
1636032600,394.48,399.2,393.92,398.22,40265313
1636119000,400.04,400.99,397.16,398.6,43383802
1636381800,398.57,399.62,397.4,398.06,29256270
1636468200,399.16,399.57,393.92,395.32,50490720
1636554600,392.47,395.36,387.53,389.51,54937385
1636641000,392.57,392.75,390.24,390.59,32242983
1636727400,391.77,395.25,390.13,394.7,34730564
1636986600,395.91,396.24,392.095,394.61,33716861
1637073000,393.86,397.93,393.66,397.42,27872940
1637159400,397.75,399.7196,396.64,397.63,28703263
1637245800,399.73,402.27,397.45,401.75,45721515
1637332200,403.43,405.3,402.58,403.99,45191721
1637591400,405.57,408.71,399.19,399.3,61715370
1637677800,398.11,400.23,392.92,397.48,70098736
1637764200,394.93,399.05,392.54,398.76,46954382
1637937000,396.11,397.54,389.77,391.2,51533314
1638196200,395.89,400.73,395.14,399.69,54447106
1638282600,398.78,401.19,391.75,393.82,81332693
1638369000,398.28,400.48,386.64,387.12,78379245
1638455400,385.8,391.74,384.34,389.91,84416623
1638541800,391.31,392.34,378.9,383.13,105349104
1638801000,383.63,387.6,379.3,386.2,67588801
1638887400,393.03,398.46,392.99,397.83,56005264
1638973800,398.17,399.82,396.22,399.61,39204041
1639060200,398.35,400.2,393.5299,393.73,49973714
1639146600,396.62,398.28,393.36,398.01,52545767
1639405800,398,398.325,391.88,392.26,50166410
1639492200,387.3,390.09,383.63,388.2,75199181
1639578600,387.94,397.4198,383.88,397.05,73858028
1639665000,398.04,398.475,385.21,386.84,82591368
1639751400,383.33,389.19,381.77,384.91,81642848
1640010600,379.565,381.5,377.47,380.69,65336827
1640097000,384.05,389.53,380.201,389.21,48899477
1640183400,388.91,394.16,388.23,393.95,37042200
1640269800,394.31,398.425,394.14,396.92,29595536
1640615400,398.25,403.48,398.2194,403.48,32820705
1640701800,404.4,404.58,400.71,401.61,33113728
1640788200,401.75,403.05,399.11,401.55,32248484
1640874600,401.33,403.5699,399.75,400.35,23850065
1640961000,399.66,401.0589,397.34,397.85,34752884
1641220200,399.05,401.94,396.88,401.68,40575854
1641306600,402.24,402.28,393.288,396.47,58027206
1641393000,394.74,395.89,384.03,384.29,75739847
1641479400,382.42,387.35,380.13,384.02,70814324
1641565800,384.03,385.76,378.04,379.86,72652304
1641825000,374.82,380.64,369.31,380.11,91770497
1641911400,379.355,385.9899,377.2182,385.82,68295698
1641997800,388.46,390.2,385.01,387.35,54576366
1642084200,388.77,389.47,376.7,377.66,77993962
1642170600,375.07,380.35,374.86,380.01,80121210
1642516200,374.04,376.22,369.7704,370.55,75812296
1642602600,372.15,374.69,366.21,366.48,81791482
1642689000,369.79,373.87,361.17,361.72,88610680
1642775400,359.47,362.18,351.4,351.69,143388920
1643034600,345.905,353.98,334.15,353.3,199448109
1643121000,346.67,351.0295,341.68,345.11,124398394
1643207400,352.91,356.88,340.78,344.57,146559524
1643293800,349.4,351.27,340.05,341.1,95255656
1643380200,343.03,352.02,337.95,351.8,108167897
1643639400,353.2,363.65,351.52,363.05,94326389
1643725800,364.43,366.19,359.14,365.52,74433023
1643812200,369.76,370.1,364.285,368.49,78777135
1643898600,358.53,361.93,352.46,353.55,95384771
1643985000,354.08,361.4,351.97,358.01,86318301
1644244200,358.62,361.05,353.84,355.13,58198087
1644330600,353.96,360.24,352.8,359.12,64720897
1644417000,363.76,366.81,362.12,366.73,55766422
1644503400,359.52,366.4885,356.54,358.43,112468483
1644589800,358.43,360.07,345.8,347.06,101569102
1644849000,346.49,350.98,343.89,347.49,80254439
1644935400,352.91,356.37,351.82,356.13,55390805
1645021800,353.82,357.0896,350.71,356.04,58947086
1645108200,352.74,353.46,345.02,345.45,61801353
1645194600,346.41,346.81,339.14,341.51,80001513
1645540200,338.49,344.04,334.35,338.08,85967095
1645626600,341.32,342.183,329.1,329.42,86215371
1645713000,318.84,341.04,318.26,340.49,130614053
1645799400,341.31,345.98,337.39,345.77,78842088
1646058600,342.51,348.54,341.32,346.8,77515544
1646145000,345.75,348.078,338.9,341.49,67407000
1646231400,343.08,348.59,340.24,347.22,70609015
1646317800,349.93,350.04,340.35,342.26,71089385
1646404200,339.84,341.31,334.92,337.3,77009763
1646663400,337.29,338.48,324.65,324.86,89933794
1646749800,324.05,333.21,319.94,323.35,116153921
1646836200,331.75,336.38,329.09,334.99,64723366
1646922600,330.82,332.51,326.71,331.27,69362714
1647009000,334.32,334.64,323.9,324.4,66228432
1647264600,323.13,326.59,317.45,318.17,79802606
1647351000,320.88,328.95,319.23,328.15,76470991
1647437400,332.17,340.44,328.401,340.32,105242954
1647523800,338.37,344.5,337.0406,344.44,67809951
1647610200,342.74,351.79,341.55,351.49,85446347
1647869400,350.2,352.48,345.575,350.08,73799072
1647955800,350.59,357.85,350.2,356.96,63345928
1648042200,354.01,357.66,351.77,351.83,70615457
1648128600,353.8,359.7,351.5939,359.65,53555251
1648215000,359.59,360.67,354.9438,359.35,57584158
1648474200,359.34,365.01,358.07,364.91,56833866
1648560600,368.9,371.83,366.06,371.19,68072955
1648647000,369.275,370.98,365.57,367.09,68757710
1648733400,367.24,367.6,361.68,362.54,67011405
1648819800,362.81,363.61,358.59,361.85,54527761
1649079000,362.71,369.31,362.44,369.3,45950171
1649165400,367.81,368.54,359.93,361.1,62738661
1649251800,355.65,356.78,350.56,353.26,90077072
1649338200,352.24,356.35,348.69,354.1,63777373
1649424600,352.32,353.09,348.5,349.15,61956094
1649683800,344.81,345.75,340.535,340.89,66107401
1649770200,345.76,347.69,338.035,339.45,72790215
1649856600,339.8,347.43,339.06,346.35,61367755
1649943000,346.44,346.97,338.21,338.43,73519367
1650288600,337.35,341.04,335.791,338.69,58560555
1650375000,338.03,346.85,336.98,346.26,56515684
1650461400,347.09,347.56,339.96,341.21,65500022
1650547800,345.19,347.87,333.2,334.15,75801008
1650634200,334.31,335.56,324.96,325.4,82562145
1650893400,323.73,329.9,322.43,329.58,101755856
1650979800,327.47,327.66,316.855,317.14,105819629
1651066200,317.24,322.88,315,316.76,111204164
1651152600,321.85,329.89,317.52,328.01,99449957
1651239000,323.7,327.225,312.6,313.25,91977859
1651498200,312.83,318.72,309.645,318.48,115511770
1651584600,318.5,321.17,315.98,318.82,78185527
1651671000,319.31,330.29,313.891,329.6,116083395
1651757400,325.17,325.25,309.62,313,154607447
1651843800,310.95,315.09,305.105,309.25,139572805
1652103000,303.48,309.3487,295.72,297.15,113387342
1652189400,304.51,305.76,296.57,300.76,124124550
1652275800,298.44,304.09,290.95,291.84,140326148
1652362200,287.45,295.75,284.94,291.15,120910850
1652448600,295.72,302.999,294.0825,301.94,83684931
1652707800,300.15,302.26,297.13,298.44,59190432
1652794200,304.45,306.56,300.55,306.17,62715293
1652880600,301.54,302.25,289.85,291.14,79477109
1652967000,289.29,294.39,287.58,289.58,79920709
1653053400,293.13,293.8,280.21,288.68,91764174
1653312600,289.75,293.87,287.29,293.48,63648400
1653399000,288.125,288.86,282.25,287.24,73491124
1653485400,285.71,293.39,285.5,291.26,67144548
1653571800,290.44,300.92,290.15,299.33,59462231
1653658200,302.54,309.25,302.42,309.1,66985596
1654003800,309.07,311.33,304.33,308.28,60968330
1654090200,310.47,312.65,303.73,306,65341653
1654176600,304.85,314.56,303.4001,314.38,59291333
1654263000,309.03,310.47,304.92,306.2,60914684
1654522200,310.75,312.35,305.62,307.22,51785013
1654608600,303.81,310.67,302.6886,309.87,44900292
1654695000,309.05,311.72,306.77,307.64,38342062
1654781400,305.91,309.05,299.23,299.4,55900475
1654867800,293.65,294.87,288.384,288.84,85963456
1655127000,279.75,282.34,274.53,275.41,94442009
1655213400,277.66,278.66,273.3375,275.91,64697521
1655299800,279.415,286.83,276.61,282.8,86051428
1655386200,275.59,276.06,269.28,271.39,81910297
1655472600,272.18,277.19,270.5119,274.69,82703402
1655818200,278.75,283.45,278.64,281.08,51633741
1655904600,278.52,285.18,277.91,280.67,67472924
1655991000,283.21,285.72,280.31,284.85,57457796
1656077400,287.74,295.04,287.5001,294.61,58422262
1656336600,296,296.5799,291.29,292.45,54151452
1656423000,293,295.65,283.35,283.54,61867060
1656509400,283.4,285.34,280.84,283.8,57302726
1656595800,280.75,283.9441,275.78,280.28,79313580
1656682200,278.95,282.53,277.03,282.13,56675107
1657027800,278.31,287.08,276.7501,286.96,61829272
1657114200,287.35,290.95,285.59,288.8,63194715
1657200600,289.63,295.7,289.63,294.98,56620114
1657287000,292.08,296.75,291.12,295.35,59895478
1657546200,292.88,293.11,288.14,289.04,55273920
1657632600,290.32,292.28,284.61,286.24,55797088
1657719000,280.6,288.05,280.02,285.65,73939418
1657805400,282.99,287.56,279.8,286.67,63741837
1657891800,289.73,291.98,288.08,291.87,63818149
1658151000,294.72,296.16,288.2,289.4,59519581
1658237400,293.11,298.6,291.47,298.3,55172640
1658323800,298.73,304.24,297.9329,303.03,67769430
1658410200,303.5,307.435,300.78,307.38,55049363
1658496600,306.43,308.55,300.115,301.99,57127715
1658755800,302.02,302.5,298.22,300.27,40582381
1658842200,298.53,298.79,293.54,294.37,50074122
1658928600,299.04,308.54,298.46,306.81,69304364
1659015000,306.59,310.3965,302.745,309.81,55139941
1659101400,311.385,316.39,309.931,315.46,57501043
1659360600,313.65,318.81,312.53,315.27,46358833
1659447000,312.92,318.545,311.8401,314.33,48676501
1659533400,316.05,323.7291,315.99,322.89,53735729
1659619800,322.97,324.72,320.77,324.4,38973659
1659706200,319.19,323.83,318.39,321.75,53893972
1659965400,322.69,326.47,319.21,320.71,44066297
1660051800,318.77,319.03,315.42,317.08,39764220
1660138200,324.59,326.23,322.0601,325.93,51459564
1660224600,328.305,330.36,323.36,324.08,45897650
1660311000,326.175,330.585,325.1001,330.39,40928379
1660570200,329.42,333.5652,329.4,333.06,38266614
1660656600,332.055,334.4209,329.16,332.28,41186864
1660743000,329.07,331.43,326.36,328.49,47842155
1660829400,328.44,330.49,326.79,329.28,41937172
1660915800,326.17,326.84,322.08,322.86,51770570
1661175000,318.5,318.74,313.53,314.36,51098890
1661261400,314.12,317,313.33,314.1,39497074
1661347800,313.61,316.87,312.99,315.01,38057059
1661434200,316.83,320.6,315.7577,320.58,38098255
1661520600,320.28,321.51,307.35,307.44,69047740
1661779800,304.62,307.22,303.28,304.41,48321851
1661866200,306.1,306.73,298.44,301.02,51184500
1661952600,303.99,304.91,299.16,299.27,50044041
1662039000,296.72,299.78,292.95,299.4,57990745
1662125400,302.34,303.75,293.52,295.17,64666839
1662471000,295.66,296.6,290.87,293.05,57005444
1662557400,293.54,299.99,293.27,298.97,49260381
1662643800,296.85,301.87,295.45,300.52,55649821
1662730200,302.83,307.6,300.5209,307.09,56125215
1662989400,308.5,311.08,308.18,310.74,45905737
1663075800,301.8,303.02,292.785,293.7,79562172
1663162200,294.865,296.93,293.06,296.03,54907198
1663248600,294.07,296.53,289.46,291.1,65299411
1663335000,287.72,289.72,285.62,289.32,79920391
1663594200,286.1,291.21,286.04,291.05,52613831
1663680600,288.49,291.07,286.38,288.73,51271117
1663767000,289.59,293.95,283.42,283.56,82930963
1663853400,282,283.03,278.815,280.07,62757073
1663939800,277.55,277.85,272.02,275.51,74815189
1664199000,275.03,279.49,273.56,274.37,71176694
1664285400,277.81,280.21,272.11,274.48,69780115
1664371800,274.46,281.25,272.945,279.94,79652140
1664458200,275.86,276.25,268.84,271.87,81215957
1664544600,271.03,275.19,267.1,267.26,78482378
1664803800,269.07,275.16,267.53,273.53,61267449
1664890200,278.99,282.85,278.99,282.13,66696931
1664976600,278.28,283.81,275.42,281.98,55766318
1665063000,280.96,284.18,279.43,279.76,53489411
1665149400,275.02,275.15,267.74,269.1,71354674
1665408600,269.3,269.7,263.64,266.41,60392990
1665495000,264.7,267.63,261.03,262.75,66522509
1665581400,263.4,265.36,261.95,262.66,50580179
1665667800,255.16,270.17,254.26,268.82,112894068
1665754200,271.2,271.81,260.14,260.74,77244302
1666013400,266.84,270.24,266.74,269.35,64576452
1666099800,276.53,277.21,268.74,271.48,69780995
1666186200,269.93,273.68,268.07,270.49,53115405
1666272600,269.58,274.84,267.92,269.11,60605496
1666359000,267.98,275.969,266.8236,275.42,77897694
1666618200,275.69,279.4,271.97,278.45,63963569
1666704600,279.41,284.6,277.9,284.21,59014494
1666791000,278.46,283.98,277.43,277.93,63898246
1666877400,276.79,278.2795,272.34,272.87,57760302
1666963800,272.23,281.698,272.06,281.22,62651312
1667223000,278.92,279.76,275.99,277.95,47741952
1667309400,281.495,282.07,274.74,275.11,45895897
1667395800,275.08,278.21,265.61,265.68,79803142
1667482200,263.01,264.5,260.1,260.49,70038903
1667568600,265.53,266.61,259.08,264.68,78313213
1667831400,265.75,268.14,263.57,267.59,47333828
1667917800,269.14,272.85,265.52,269.54,63213785
1668004200,267.76,268.56,263.03,263.32,64862129
1668090600,276.01,283.05,273.85,282.75,99256693
1668177000,282.56,288.64,281.19,287.96,66961751
1668436200,285.86,289.215,284.44,285.44,55080048
1668522600,292.21,293.26,285.97,289.39,73985372
1668609000,287.39,289.4838,284.6,285.44,48859804
1668695400,280.88,286.3189,280.72,284.81,55462076
1668781800,287.89,287.99,282.3211,284.82,53588631
1669041000,283.4,284.58,281.04,281.89,40083527
1669127400,282.64,286.11,280.46,285.95,41873444
1669213800,285.97,289.46,285.79,288.82,46389967
1669386600,287.19,287.91,286.42,286.92,15498797
1669645800,284.9,286.96,281.76,282.71,38877045
1669732200,282.94,283.35,279.17,280.57,35618878
1669818600,280.84,293.47,279.97,293.36,74718088
1669905000,293.69,295.75,290.88,293.72,51547332
1669991400,288.54,293.45,288.36,292.55,53583172
1670250600,290.38,291.68,286.15,287.64,41482121
1670337000,287.48,287.62,280.255,281.68,53937605
1670423400,280.47,282.57,278.7801,280.53,45614254
1670509800,281.91,284.84,279.79,283.85,42594913
1670596200,282.81,285.64,281.59,282.04,47860487
1670855400,282.22,285.64,281.16,285.58,35732518
1670941800,296.65,296.875,285.91,288.65,80667675
1671028200,288.05,291.41,283.19,286.51,64984432
1671114600,282.33,283.01,275.67,276.89,60554119
1671201000,276.2,277.77,272.61,274.25,68300351
1671460200,273.87,273.96,268.49,269.75,44167920
1671546600,268.56,271.32,266.95,269.54,51064199
1671633000,270.6,274.78,269.74,273.45,46394694
1671719400,270.38,270.5149,262.455,266.76,60278377
1671805800,265.47,268.04,263.53,267.36,39373584
1672151400,266.74,266.85,263.03,263.58,38009005
1672237800,263.17,265.47,259.73,260.1,47139043
1672324200,262.96,267.405,262.25,266.44,45893567
1672410600,263.62,266.41,262.29,266.28,37858277
1672756200,268.65,270.155,262.13,264.48,42335325
1672842600,266.64,267.45,262.53,265.74,47754861
1672929000,264.04,264.21,261.26,261.58,45396744
1673015400,263.35,269.94,260.34,268.8,54659739
1673274600,270.83,275.29,269.92,270.54,45568676
1673361000,269.49,272.94,268.97,272.83,35247763
1673447400,273.92,277.66,273.12,277.55,44077036
1673533800,278.12,280.1,273.74,279.05,60599953
1673620200,276.5,281.219,276.16,280.97,44802936
1673965800,280.77,282.85,279.581,281.54,36269738
1674052200,283.11,284.69,277.67,277.88,47754549
1674138600,276.22,277.375,273.89,275.15,44150436
1674225000,276.79,283.02,275.71,282.68,60613606
1674484200,283.54,290.21,282.73,288.96,52799905
1674570600,287.31,289.55,286.78,288.37,44875146
1674657000,283.77,288.36,281.18,287.73,50872022
1674743400,291.22,293.52,288.519,293.34,51596335
1674829800,292,298.26,291.88,296.26,56441939
1675089000,292.93,294.38,289.89,290.27,49405833
1675175400,290.31,294.72,290.2,294.62,46705106
1675261800,294.41,303.43,292.3,300.92,67562173
1675348200,307.57,313.68,306.73,311.72,83070628
1675434600,304.94,312.39,304.54,306.18,76170804
1675693800,303.51,305.91,302.22,303.59,40802348
1675780200,303.46,311.03,302.32,309.88,67583981
1675866600,308.54,309.5,303.67,304.37,56720860
1675953000,308.84,308.99,300.2,301.68,49137818
1676039400,299.48,301.57,297.25,299.7,50050104
1676298600,301.13,305.1,299.93,304.5,39636720
1676385000,302.89,307.72,300.91,306.75,64079057
1676471400,304.9,309.27,304.2,309.1,43427298
1676557800,304.38,308.43,303.15,303.3,59498630
1676644200,301.07,301.93,298.1,301.16,58230729
1676989800,297.26,298.73,293.89,294.03,46526708
1677076200,294.62,296.3599,292.56,294.25,51389237
1677162600,297.97,298.13,292.55,296.82,69294443
1677249000,291.76,292.97,290.05,291.85,74331958
1677508200,295.07,296.49,293.34,293.94,48995009
1677594600,293.3,296.124,292.96,293.56,48243141
1677681000,293.26,293.93,290.2,291.2,58286972
1677767400,288.66,294.43,288.37,293.61,53738557
1677853800,295.39,299.92,294.87,299.68,60511540
1678113000,300.94,304,299.82,300.02,56736294
1678199400,300.07,301.01,295.72,296.34,65955756
1678285800,296.77,298.43,294.88,297.82,50876265
1678372200,298.33,300.98,291.8299,292.66,71456691
1678458600,292.83,294.35,287.38,288.55,98593561
1678714200,286.73,294.47,285.19,290.69,97123603
1678800600,294.31,297.93,293.45,297.37,73602545
1678887000,294.71,299.27,293.24,298.93,83631535
1678973400,298,307.18,297.19,306.81,98556824
1679059800,306.72,309.15,303.37,305.36,89923732
1679319000,304.26,306.3,302.01,305.97,56359491
1679405400,307.94,310.8,306.395,310.34,49757048
1679491800,310.27,315.25,305.95,306.12,75791914
1679578200,309.92,314.15,307.01,309.75,74575981
1679664600,309.32,310.99,306.95,310.89,57245803
1679923800,311.6,312.7,307.89,308.76,50287407
1680010200,308.17,308.2,304.774,307.12,48585917
1680096600,310.88,313.35,310.05,312.72,53274266
1680183000,315.24,316.32,312.8088,315.68,58354808
1680269400,315.91,321.17,315.6,320.93,62138097
1680528600,318.77,320.42,317.4201,320.15,47126839
1680615000,320.6,321.63,317.8251,319.07,45875384
1680701400,318.1,319.06,314.07,315.92,62795706
1680787800,314.24,318.55,312.82,318.05,46916496
1681133400,315.07,317.92,313.25,317.87,45134736
1681219800,317.83,317.89,315.31,315.83,40113594
1681306200,317.82,318.42,312.565,313.04,62813305
1681392600,314.83,319.65,313.63,319.17,54613792
1681479000,317.59,320.36,315.61,318.57,56278284
1681738200,318.15,319.1999,316.04,318.84,43007023
1681824600,320.99,321.42,317.64,318.86,46746940
1681911000,316.41,319.79,316.28,318.71,38960127
1681997400,315.69,319.27,314.97,316.28,62462142
1682083800,315.91,317.4,314.1,316.61,59002285
1682343000,316.38,317.7391,313.74,315.95,44043063
1682429400,314.29,314.97,309.89,309.99,57121644
1682515800,313.44,314.935,311.34,311.87,55400496
1682602200,315.7,320.86,315.05,320.35,65430392
1682688600,320.11,322.65,318.96,322.56,59712635
1682947800,322.09,323.63,321.09,322.19,41013386
1683034200,322.12,322.45,317.61,319.38,56519407
1683120600,319.75,322.47,317.18,317.29,59882070
1683207000,317.06,318.23,315.115,316.17,50224520
1683293400,318.47,323.76,316.2116,322.89,51806098
1683552600,322.42,324.04,321.315,323.69,36465796
1683639000,322,322.88,321.32,321.64,31768800
1683725400,324.12,326.01,321.6,325.14,60446623
1683811800,325.7,326.75,324.12,326.2,44278548
1683898200,326.74,327.17,322.94,325.03,48432836
1684157400,325.51,327.03,323.96,326.79,33375559
1684243800,326.06,328.9025,326.02,327.16,40019151
1684330200,328.24,331.71,327.04,331.12,47486124
1684416600,331.52,337.49,331.5,337.27,64213466
1684503000,337.49,338.205,335.43,336.51,61554926
1684762200,336.25,338.67,336.24,337.64,43015948
1684848600,335.89,337.06,333,333.36,48216663
1684935000,331.37,332.905,329.56,331.65,62891169
1685021400,339.14,341.01,336.665,339.72,66862773
1685107800,340.76,349.245,340.66,348.4,63006952
1685453400,352.71,353.93,348.53,349.98,72652156
1685539800,348.37,350.6,346.51,347.99,65105378
1685626200,347.73,353.36,346.66,352.01,50488601
1685712600,353.8,355.83,352.01,354.65,53372113
1685971800,354.43,357.495,353.85,354.9,47266228
1686058200,354.28,355.82,352.93,354.84,41390400
1686144600,355.13,357.12,348.18,348.82,69225936
1686231000,349.12,353.62,348.89,353.15,47153922
1686317400,354.63,357.66,353.03,354.5,53196927
1686576600,356.19,360.59,355.2,360.49,44817646
1686663000,363.29,364.11,360.03,363.26,57097804
1686749400,363.27,366.19,360.42,365.9,69525642
1686835800,364.61,371.77,363.98,370.26,71138823
1686922200,372.72,372.85,367.48,367.93,80931971
1687267800,365.95,368.32,363.8899,366.9,49204722
1687354200,365.74,366.18,360.96,361.9,53378256
1687440600,360.63,366.33,360.22,366.17,47603043
1687527000,362.21,364.88,360.8227,362.54,48922911
1687786200,362,364.84,357.59,357.68,52685478
1687872600,359.25,364.57,358.51,363.83,49428091
1687959000,361.98,366.52,361.9038,364.54,46498031
1688045400,364.24,364.89,362.14,363.81,46150967
1688131800,367.55,370.49,367.23,369.42,58712501
1688391000,370.07,370.93,368.97,370.29,19432862
1688563800,368.695,372.01,368.66,370.28,34460883
1688650200,366.51,367.91,364.52,367.46,49374728
1688736600,367.23,370.48,366.01,366.24,47133749
1688995800,365.96,367.05,363.41,366.36,48498800
1689082200,366.79,368.632,364.62,368.17,38214146
1689168600,372.34,374.19,370.3,372.82,61703696
1689255000,376.05,379.99,375.46,379.15,46960012
1689341400,379.585,382.86,378.18,379.07,55148500
1689600600,379.8,383.5,379.31,382.61,40868915
1689687000,381.96,387.13,380,385.74,55343438
1689773400,386.82,387.98,384.3,385.65,54092958
1689859800,382.61,384.095,375.72,376.76,71941674
1689946200,379.18,379.92,375.191,375.63,60499643
1690205400,376.62,377.58,374.34,376.23,40380056
1690291800,376.95,380.47,376.93,378.78,38894384
1690378200,377.72,379.24,375.18,377.52,47075710
1690464600,383.07,384.71,375.31,376.62,63940225
1690551000,380.74,384.52,380.22,383.48,56902926
1690810200,383.79,384.88,382.34,383.68,44019905
1690896600,382.31,383.56,380.69,382.79,41308457
1690983000,379.26,379.26,373.13,374.39,72687107
1691069400,371.94,375.95,371.77,373.79,47855381
1691155800,375.75,378.1,371.53,372.04,61702759
1691415000,373.88,375.29,371.51,375.19,37230444
1691501400,372.64,372.66,368.82,372,44726453
1691587800,372.29,372.45,367.14,367.91,51150900
1691674200,370.97,374.36,367.035,368.59,72035265
1691760600,365.99,368,364.69,366.24,48707187
1692019800,365.43,370.47,364.7,370.35,42130802
1692106200,369.36,370.169,365.74,366.42,45539891
1692192600,365.87,367.43,362.44,362.54,53190525
1692279000,363.96,364.31,358.16,358.58,62604338
1692365400,355.26,359.41,354.71,358.13,61191389
1692624600,359.62,364.59,359.15,363.9,50696518
1692711000,366.55,366.56,362.68,363.38,44613509
1692797400,364.58,370.22,364.36,369.11,51770603
1692883800,372.64,372.74,361.01,361.22,66842491
1692970200,362.07,365.74,358.58,364.02,69960465
1693229400,366.99,367.71,364.25,366.76,40910019
1693315800,366.56,375.13,366.231,374.77,58492371
1693402200,374.88,377.4467,373.86,376.86,41731511
1693488600,376.94,379.719,376.87,377.99,35730701
1693575000,380.4,380.83,376.0801,377.59,39801177
1693920600,376.77,379.3093,375.83,378.07,32344222
1694007000,377.28,377.63,372.7,374.74,42998735
1694093400,370.21,372.85,369.15,372.06,52060716
1694179800,372.01,374.85,371.6,372.58,35847359
1694439000,375.66,377.49,373.66,376.97,39936634
1694525400,375.27,376.9517,372.5,372.79,41391024
1694611800,373.03,375.84,371.88,374.21,46300677
1694698200,375.99,378.27,373.89,377.27,48039388
1694784600,375.91,376.32,369.86,370.81,69811206
1695043800,369.32,371.79,369.03,370.66,36903545
1695130200,369.32,370.6826,366.8,369.87,37621734
1695216600,370.95,371.31,364.46,364.54,45514189
1695303000,360.8,361.6,357.69,357.86,69734845
1695389400,359.63,361.8,357.59,357.91,51589689
1695648600,356.93,359.7,355.93,359.61,39167985
1695735000,356.99,357.54,353.2101,354.21,53657748
1695821400,355.38,356.98,351.36,355.04,56065972
1695907800,354.11,360.17,353.24,358.01,56453312
1695994200,361.54,362.95,357.02,358.27,64829616
1696253400,358.54,362.68,357.92,361.26,51625054
1696339800,358.78,361.01,353.275,354.92,60478489
1696426200,355.77,360.61,355.3,359.75,54786686
1696512600,359.74,360.15,355.14,358.69,45897390
1696599000,355.65,365.91,354.85,364.7,75049119
1696858200,362.3,367.11,360.78,366.56,45304766
1696944600,366.9,371.28,366.39,368.59,46968806
1697031000,369.94,371.412,368.19,371.22,38215088
1697117400,371.73,373.74,367.5,369.93,49587942
1697203800,370.57,371.16,363.86,365.28,52519876
1697463000,366.62,370.48,366.47,369.41,44201059
1697549400,365.81,369.92,363.66,368.2,50999102
1697635800,365.67,367.91,362.02,363.37,54280490
1697722200,364.81,366.02,359.16,359.97,72274238
1697808600,359.46,360.04,354.37,354.6,72559723
1698067800,353.26,359.26,351.1199,355.67,60665185
1698154200,357.51,359.91,355.79,359.13,47082078
1698240600,356.7,356.88,349.75,350.34,71190536
1698327000,349.12,350.07,342.35,343.66,78621425
1698413400,346.43,348.84,344.08,345.31,63476707
1698672600,347.83,350.54,346.45,349.2,55298536
1698759000,349.23,351.25,346.62,350.87,47671906
1698845400,351.72,357.5298,351.62,356.96,58992666
1698931800,361.54,363.68,360.3,363.44,58162442
1699018200,364.75,369.02,364.52,367.71,53280457
1699281000,368.49,369.78,366.91,369.21,38848743
1699367400,370.27,373.58,369.045,372.7,50777398
1699453800,373.08,373.79,370.62,372.94,35663373
1699540200,373.64,374.8,369.57,370.07,53859421
1699626600,371.82,378.54,371.28,378.39,58368439
1699885800,376.79,378.28,375.24,377.21,40733505
1699972200,383.71,386.26,383.18,385.33,67792634
1700058600,387.25,387.75,384.235,385.62,54141385
1700145000,384.84,386.19,383.56,385.95,45343544
1700231400,385.21,387.07,384.29,386.04,46622745
1700490600,386.05,391.41,386.05,390.74,44536669
1700577000,389.01,389.23,386.7,388.47,43336989
1700663400,390.57,393.07,389.04,390.06,44178572
1700836200,389.65,390.25,388.5,389.51,15718832
1701095400,389.01,391.1499,388.28,389.17,34139656
1701181800,388.41,390.78,388.05,390.19,35491123
1701268200,392.69,394.14,389.46,389.81,38811745
1701354600,390.08,390.55,385.82,388.83,52834381
1701441000,387.75,390.54,386.0726,389.94,40490068
1701700200,386.09,386.595,382.66,386.32,51186944
1701786600,384.39,388.5,384.21,387.29,42932956
1701873000,390.27,390.37,384.7,385.05,41994072
1701959400,388.07,391.27,386.96,390.43,49593545
1702045800,388.67,392.62,388.4801,392.17,46687525
1702305000,391.74,395.79,391.53,395.52,41198021
1702391400,395.56,398.79,394.41,398.67,39221152
1702477800,399.62,404.36,398.8399,403.74,55408129
1702564200,404.98,406.3,400.34,403.39,55447808
1702650600,404.18,406.5399,403.57,405.34,62896645
1702909800,404.93,407.99,404.6,407.08,46609985
1702996200,407.54,409.28,407.345,409.16,35711855
1703082600,408.35,410.4699,402.9,403.08,54042443
1703169000,407.06,408.14,404.47,407.77,45568914
1703255400,409,409.97,406.4787,408.38,34314003
1703601000,409.25,411.56,409.15,410.88,22722545
1703687400,410.95,411.7875,410.08,411.5,31980481
1703773800,412.67,412.92,410.94,411.3,27029152
1703860200,411.28,411.64,407.58,409.52,42662120
1704205800,405.84,406.09,400.24,402.59,58026946
1704292200,399.93,401,397.89,398.33,47002803
1704378600,396.44,399.59,396.06,396.28,39432797
1704465000,396.45,399.56,395.34,396.75,44922810
1704724200,397.99,405.24,397.8399,404.95,42473796
1704810600,401.91,406.69,401.71,405.75,39132860
1704897000,406.07,409.515,405.17,408.5,33962774
1704983400,409.79,411.2004,404.242,409.35,54536198
1705069800,410.4,411.25,408.15,409.56,39594952
1705415400,408.31,411.12,406.83,409.52,43903027
1705501800,406.17,407.585,402.92,407.21,54385974
1705588200,410.52,413.575,409.1601,412.99,59562505
1705674600,415.22,421.34,414.625,421.18,70325123
1705933800,423.41,424.7275,421.12,421.73,44880639
1706020200,422.43,423.7,420.57,423.48,33003806
1706106600,427.44,429.85,425.33,425.83,46948016
1706193000,428.36,429.04,423.98,426.35,44367205
1706279400,424.44,426.21,423.15,423.81,37137028
1706538600,424.27,428.35,423.61,428.15,38694724
1706625000,427.1,427.68,424.38,425.3,36738956
1706711400,420.85,422.8699,416.79,416.97,64010649
1706797800,418.79,422.375,417.81,421.88,51008622
1706884200,423.8,430.24,422.79,429.01,59602435
1707143400,429.07,429.61,425,428.45,39889209
1707229800,429.61,430.22,425.22,427.59,35846134
1707316200,430.41,432.83,429.09,431.99,37712661
1707402600,432.11,433.56,431.42,432.79,29889892
1707489000,433.94,437.845,433.1401,437.05,36943905
1707748200,436.94,439.14,434.65,435.34,33203305
1707834600,427.28,431.27,425.3305,428.55,64491669
1707921000,431.26,433.65,428.8799,433.22,45092722
1708007400,433.92,434.98,431.33,434.51,38796137
1708093800,434.89,434.99,429.85,430.57,53716475
1708439400,428.55,430.08,423.5,427.32,53999452
1708525800,424.55,425.7,421.63,425.61,50179697
1708612200,434.49,439.12,433.71,438.07,53887751
1708698600,439.65,440.59,435.79,436.78,39853861
1708957800,437.6,438.6,436.355,436.55,33043238
1709044200,437.67,437.99,435.025,437.6,33713220
1709130600,435.43,436.67,434.3,435.27,32938821
1709217000,438.23,440.09,435.02,439,42495152
1709303400,439.9,446.58,439.84,445.61,43853029
1709562600,445.61,446.04,443.77,444.02,34325687
1709649000,440.94,440.95,433.65,436.05,57917135
1709735400,440.32,441.99,436.89,438.79,46234460
1709821800,442.42,446.72,440.86,445.45,44526666
1709908200,445.81,448.64,438.34,439.02,72095957
1710163800,437.51,438.66,435.44,437.39,45859992
1710250200,439.73,444.02,436.46,443.66,55300909
1710336600,442.65,442.67,439.12,440.25,37928691
1710423000,441.5,442.03,436.39,439.14,52195208
1710509400,436.07,438.8733,432.7417,433.92,73069824
1710768600,438.73,441.04,437.24,437.48,47323802
1710855000,435.45,438.98,433.33,438.57,43004105
1710941400,439.78,444.11,438.06,443.77,43653490
1711027800,448.88,449.34,445.67,445.87,39345652
1711114200,445.35,447.49,444.49,446.38,28253899
1711373400,443.55,446.26,442.54,444.76,27789154
1711459800,446.3,447.225,443.09,443.32,34142043
1711546200,446.44,446.54,441.93,444.83,41359240
1711632600,444.78,445.64,443.65,444.01,36839641
1711978200,444.97,447.53,443.02,444.95,38728951
1712064600,440.08,441.43,438.03,441.11,44259665
1712151000,438.96,444,438.95,442.1,39949750
1712237400,446.33,446.95,435.11,435.34,57267660
1712323800,436.78,443.17,435.96,440.47,54744634
1712583000,441.41,442.5,439.2,440.6,28144944
1712669400,442.96,443.24,437.44,442.23,39521568
1712755800,437,439.24,436.28,438.37,61502191
1712842200,440.26,446.33,437.96,445.37,45474550
1712928600,441.1,442.24,436.88,438.27,53664995
1713187800,442.06,442.15,430.21,431.06,63453622
1713274200,430.9,433.76,429.7,431.1,47618961
1713360600,433.1,433.12,424.9,425.84,56880536
1713447000,426.49,428.24,422.83,423.41,46549363
1713533400,422.22,422.75,413.07,414.65,75230990
1713792600,417.31,421.18,413.94,418.82,47807663
1713879000,420.77,426.28,418.8715,425.07,44384741
1713965400,428.2,429.73,424.2,426.51,48440305
1714051800,419.24,425.32,418.14,424.45,57392169
1714138200,427.62,432.55,426.92,431,41874907
1714397400,433.13,433.76,429.98,432.75,30022161
1714483800,431.15,432.56,424.51,424.59,43665934
1714570200,423.15,430.14,420.66,421.52,52251707
1714656600,425.3,427.81,420.63,426.9,36559007
1714743000,434.44,436.48,432.62,435.48,48515252
1715002200,437.3,440.34,436.52,440.25,30227200
1715088600,440.7,441.97,439.58,440.32,30996094
1715175000,437.67,441.48,437.55,440.06,24896723
1715261400,440.33,441.6,438.46,441.02,24580121
1715347800,442.54,444.31,440.499,442.06,27116566
1715607000,443.99,444.09,441.65,443.08,22994192
1715693400,442.65,446.465,442.46,445.93,34478321
1715779800,448.43,453.15,446.9,452.9,41464651
1715866200,452.71,454.69,451.81,451.98,34780412
1715952600,452.11,452.72,449.5399,451.76,35803719
1716211800,451.98,455.58,451.785,454.91,24474226
1716298200,453.04,455.99,452.84,455.8,23167720
1716384600,456.06,456.82,453.08,455.71,25120040
1716471000,460.55,460.58,451.8503,453.66,40899230
1716557400,455.29,459.23,453.5674,457.95,29669461
1716903000,459.18,459.74,456.69,459.68,26216815
1716989400,455.48,458.24,455.34,456.44,29739238
1717075800,455.5,455.64,450.21,451.55,30714121
1717162200,451.78,452.48,443.055,450.71,55941301
1717421400,454.57,455.58,447.9,453.13,32997467
1717507800,452.87,455.575,451.1311,454.37,23767436
1717594200,457.98,463.61,454.408,463.53,33817409
1717680600,464.22,464.54,462.19,463.37,21966820
1717767000,463,465.74,461.84,462.96,25829720
1718026200,461.82,465.19,461.53,464.83,20719771
1718112600,463.54,468.14,462.03,468.02,22053281
1718199000,471.99,476.5,471.29,474.15,34532585
1718285400,477.72,478.39,474.42,476.72,25859014
1718371800,476.52,479.26,476.05,479.19,23372620
1718631000,479.46,486.86,478.14,485.06,37054504
1718717400,485.01,485.9,483.43,485.21,24438565
1718890200,486.42,486.8387,479.62,481.47,33918683
1718976600,481.19,482.535,478.67,480.18,39432913
1719235800,478.18,479.93,473.82,473.96,37750969
1719322200,476.07,479.68,475.12,479.38,29250209
1719408600,478.55,480.92,478.13,480.37,22737105
1719495000,480.12,483.1,479.3,481.61,26222135
1719581400,482.41,487.2,478.46,479.11,34881581
1719840600,480.04,482.49,476.255,481.92,24898336
1719927000,480.41,487.04,480.28,486.98,26723559
1720013400,486.22,491.17,486.22,491.04,18064880
1720186200,491.89,496.6,491.59,496.16,28495936
1720445400,496.53,497.895,495.5,497.34,22109420
1720531800,498.87,500,496.24,497.77,25701253
1720618200,499.71,503.52,498.39,502.96,28046901
1720704600,503.07,503.28,490.725,491.93,49966590
1720791000,492.51,499.62,492.04,494.82,37109399
1721050200,496.61,501.01,494.09,496.15,31151386
1721136600,497.62,498.44,493.15,496.34,25950622
1721223000,488.28,488.7984,481.7,481.77,56268768
1721309400,485.53,485.71,476.27,479.49,49347361
1721395800,479.15,481.69,473.94,475.24,42042856
1721655000,481.16,483.35,477.7068,482.32,40299999
1721741400,481.41,484.43,480.14,480.62,23282454
1721827800,473.82,474.19,462.51,463.38,58818629
1721914200,463.72,467.94,455.63,458.27,59256759
1722000600,462.65,465.93,459.77,462.97,39992132
1722259800,465.71,467.91,461.615,463.9,28218476
1722346200,465.85,466.561,454.15,457.53,41317210
1722432600,467.87,472.79,466.41,471.07,44552134
1722519000,471.76,475.55,455.98,459.66,56653900
1722605400,450.89,453.57,444.47,448.75,66323244
1722864600,424.71,442.29,423.45,435.37,87483452
1722951000,437.23,447.07,434.56,439.53,63164429
1723037400,446.49,449,434.37,434.77,54929163
1723123800,441.06,448.99,437.15,448.07,47890071
1723210200,446.74,452.06,445.61,450.41,33573976
1723469400,451.39,454.37,448.5546,451.38,27795006
1723555800,455.82,462.85,455.68,462.58,40084457
1723642200,463.51,465.1093,458.4,462.73,34733746
1723728600,468.76,474.82,468.38,474.42,38280565
1723815000,472.62,476.41,471.65,475.03,38383623
1724074200,475.17,481.31,473.37,481.27,23737674
1724160600,480.35,482.94,478.55,480.26,29209340
1724247000,481.05,484.37,479.32,482.5,25658787
1724333400,484.84,485.54,473.81,474.85,37739576
1724419800,479.24,482.74,475.28,480,36061508
1724679000,479.45,480.38,473.24,475.34,27452641
1724765400,473.69,477.84,471.71,476.76,27510003
1724851800,476.29,477.02,467.89,471.35,37372436
1724938200,473.28,477.93,469.372,470.66,41081465
1725024600,475.04,476.9,470.51,476.27,33466473
1725370200,473.2,473.33,459.4101,461.81,44985219
1725456600,458.67,464.45,457.73,460.61,32505102
1725543000,458.97,465.36,457.939,461.04,34452385
1725629400,460.33,461.22,448.19,448.69,50624385
1725888600,453.06,455.46,449.823428,454.46,32981169
1725975000,456.24,459.17,452.23,458.66,29680319
1726061400,459.91,469.37,451.28,468.62,57842992
1726147800,468.65,474.04,466.8491,473.22,40175456
1726234200,472.48,476.53,472.25,475.34,29111849
1726493400,473.19,473.8599,469.89,473.24,22585596
1726579800,476.29,477.6,470.97,473.49,30084438
1726666200,474.7,478.83,470.83,471.44,39909215
1726752600,482.61,486.23,480.49,483.36,52782523
1726839000,482.49,483.69,478.3,482.44,34577663
1727098200,482.95,484.14,481.6,483.04,24842972
1727184600,484.46,486.33,480.17,485.37,25952637
1727271000,484.74,487.79,484.56,485.82,26549866
1727357400,493.37,493.7,485.8,489.47,32020206
1727443800,490.5,490.64,485.56,486.75,22851120
1727703000,485.78,488.41,482.92,488.07,30330605
1727789400,487.7,488,477.4,481.27,42735424
1727875800,480.36,483.88,477.72,481.95,23744049
1727962200,479.74,484.545,478.99,481.59,25337220
1728048600,487.45,487.88,482.385,487.32,30744909
1728307800,485.39,486.57,480.87,482.1,24975119
1728394200,484.66,489.99,483.845,489.3,28272017
1728480600,489,493.73,487.95,493.15,24994950
1728567000,490.85,494.47,489.53,492.59,25750446
1728653400,490.74,494.39,490.17,493.36,20644497
1728912600,495.77,498.83,495.26,497.5,26060145
1728999000,497.83,498.5,488.68,490.85,34784506
1729085400,491.18,491.69,487.57,490.91,22996776
1729171800,496.44,496.49,491.1901,491.25,27210658
1729258200,494.06,495.57,493.3,494.47,25335030
1729517400,493.25,496.23,491.31,495.42,30336549
1729603800,492.73,497.445,491.97,495.96,26685841
1729690200,493.59,494.25,485.05,488.36,39346565
1729776600,492.11,493,489.44,492.32,22024930
1729863000,495.14,500.28,494.43,495.32,38762143
1730122200,498.46,498.52,495.1,495.4,20477778
1730208600,495.72,501.35,493.85,500.16,28014059
1730295000,499.39,500.35,495.89,496.38,29755960
1730381400,492.38,492.43,483.75,483.85,41245248
1730467800,485.5,490.7507,485.2,487.43,33655757
1730730600,486.82,489.38,484.2545,486.01,23291580
1730817000,487.61,492.88,487.52,492.21,24353615
1730903400,500.56,506.41,499.6,505.58,43082198
1730989800,508.4,514.33,508.34,513.54,32853120
1731076200,513.035,514.9175,512.41,514.14,22924483
1731335400,515.37,515.58,510.92,513.84,24167479
1731421800,513.77,514.66,509.83,512.91,25835288
1731508200,512.4,514.98,509.95,512.25,24567416
1731594600,511.91,512.79,507.77,508.69,28679519
1731681000,502.94,503.33,494.49,496.57,51461054
1731940200,498.13,502.14,496.73,500.02,27192662
1732026600,497.42,503.9536,497.08,503.46,24523020
1732113000,503.16,503.48,496.555,503.17,29565491
1732199400,506.24,506.96,497.56,504.98,34526738
1732285800,504.42,506.53,502.78,505.79,23826644
1732545000,509.9,511.4525,504.2625,506.59,26375166
1732631400,508.08,510.14,507.23,509.31,26557061
1732717800,508.17,508.24,501.93,505.3,24957441
1732890600,505.93,510.34,505.31,509.74,15333968
1733149800,511.01,516.26,510.62,515.29,25147165
1733236200,513.95,517.15,513.37,516.87,18597900
1733322600,520.32,523.52,519.6,523.26,26086222
1733409000,523.31,524.0399,521.42,521.81,18169632
1733495400,522.48,526.72,522.35,526.48,23762611
1733754600,525.55,526.35,521.22,522.38,20674405
1733841000,523.62,525.38,519.16,520.6,24350040
1733927400,525,530.61,524.59,529.92,32168579
1734013800,527.68,528.96,526.02,526.5,23577504
1734100200,530.46,533.1661,527.3001,530.53,28780405
1734359400,533.08,539.15,533,538.17,31979863
1734445800,536.36,537.48,534.13,535.8,28579070
1734532200,535.15,536.8799,515.01,516.47,54703155
1734618600,521.19,521.7599,513.83,514.17,46441754
1734705000,510.44,524.82,509.29,518.66,60529961
1734964200,519.55,523.25,516.13,522.87,29672800
1735050600,524.83,530.05,524.19,529.96,17558215
1735223400,528.32,531.24,526.31,529.6,19141494
1735309800,526.01,526.45,517.86,522.56,33839555
1735569000,515.51,519.36,511.83,515.61,34584028
1735655400,516.9,517.66,510.26,511.23,29117028
1735828200,514.3,516.64,505.71,510.23,36389783
1735914600,513.35,519.6454,512.53,518.58,29059520
1736173800,524.02,527.92,522.03,524.54,36109734
1736260200,525.59,525.99,513.28,515.18,36690272
1736346600,515.08,516.9199,510.57,515.27,30777777
1736519400,511.48,511.58,503.92,507.19,40532495
1736778600,501.2,506.02,499.7,505.56,31694210
1736865000,508.74,510.155,501.59,505.08,33737237
1736951400,513.03,517.85,511.46,516.7,34957554
1737037800,518.98,519.0599,512.95,513.08,28229037
1737124200,522.85,524.0733,513.1086,521.74,51837941
1737469800,524.48,525.97,520.06,524.8,23627971
1737556200,529.57,533.82,529.26,531.51,33592988
1737642600,529.04,532.76,528.45,532.64,23096588
1737729000,533.02,533.79,528.15,529.63,19878251
1737988200,511,517.99,510.15,514.21,60771695
1738074600,515.22,523,511.78,521.81,33194214
1738161000,522.46,522.59,516.8988,520.83,26649011
1738247400,523.71,526.095,518.21,523.05,27431302
1738333800,526.92,531.5178,521.19,522.29,38845467
1738593000,513.47,520.8496,511.05,518.11,40580835
1738679400,518.63,525.11,518.23,524.47,26046753
1738765800,521.82,527.01,520.62,526.85,21134070
1738852200,527.36,529.81,525.7413,529.6,19434454
1738938600,530.14,532.1,522.19,522.92,29605470
1739197800,527.22,530.3571,526.75,529.25,20852784
1739284200,525.96,529.92,525.83,527.99,19325500
1739370600,522.3,529.19,521.95,528.3,25009362
1739457000,529.98,536.22,529.19,535.9,28714799
1739543400,536.005,538.84,535.67,538.15,17862572
1739889000,539.73,540,536.04,539.37,20565028
1739975400,538.57,540.81,536.46,539.52,19666861
1740061800,538.73,539.1,532.46,537.23,26550753
1740148200,538.38,538.4,525.71,526.08,47093750
1740407400,527.88,529.069,519.53,519.87,39268392
1740493800,519.24,519.32,509.44,513.32,48940025
1740580200,515.53,519.66,511.37,514.56,34457618
1740666600,518.13,519.0699,500.05,500.27,52447966
1740753000,500.13,508.78,496.93,508.17,47654043
1741012200,511.52,513.04,493.58,497.05,44587204
1741098600,494.18,503.74,487.735,495.55,67875402
1741185000,496.2,503.63,491.26,502.01,46323725
1741271400,493.69,498.58,486.2,488.2,57574332
1741357800,487.16,493.28,480.53,491.79,54714726
1741613400,483.45,483.97,468.66,472.73,76668029
1741699800,472.35,478.805,467.01,471.6,68760771
1741786200,479.16,481.06,471.79,476.92,46971082
1741872600,476.25,476.2801,466.43,468.34,46563349
1741959000,473.73,480.56,473.12,479.66,43563010
1742218200,479.61,485.84,477.8,482.77,41744354
1742304600,479.41,479.61,472.41,474.54,39072265
1742391000,476.81,485.33,474.87,480.89,40430334
1742477400,476.88,484.55,476.18,479.26,36780549
1742563800,474.08,481.61,472.905,480.84,42234874
1742823000,487.74,491.51,484.4,490.66,34567186
1742909400,491.39,493.62,490.42,493.46,26035241
1742995800,492.3,493.16,482.82,484.38,35043357
1743082200,482.41,486.5799,480.25,481.62,33469817
1743168600,479.81,480.52,468.05,468.94,46363797
1743427800,461.92,469.86,457.33,468.92,53000303
1743514200,467.3,473.63,464.42,472.7,41156226
1743600600,466.12,479.56,465.86,476.15,49894489
1743687000,456.44,460.07,450.14,450.66,70456338
1743773400,438.14,440.37,422.67,422.67,117088441
1744032600,408.66,443.14,402.39,423.69,161556970
1744119000,438.16,443.1384,409.79,416.06,101248060
1744205400,415.57,467.83,415.43,466,142876878
1744291800,453.56,455.59,432.63,446.18,108384092
1744378200,444.65,455.79,441.33,454.4,52483779
1744637400,464.46,465.05,452.63,457.48,43941179
1744723800,458.54,462.38,456.15,457.99,35404210
1744810200,449.03,452.62,437.76,444.18,48980552
1744896600,447.17,447.75,441.36,444.1,44837047
1745242200,438.23,439.08,427.93,433.11,44149313
1745328600,438.82,447.58,437.62,444.48,52304388
1745415000,458.17,463.38,452.88,454.56,55801136
1745501400,456.48,467.66,455.83,467.35,45956136
1745587800,466.97,473.09,465.39,472.56,38697063
1745847000,473.03,474.808,466.03,472.41,33550778
1745933400,470.17,476.4243,469.59,475.53,30613120
1746019800,467.13,477.2,462.43,475.47,46810610
1746106200,483.41,487.18,480.74,481.68,43316539
1746192600,486.54,490.91,484.83,488.83,39218082
1746451800,484.6,489.03,484.1,485.93,28309490
1746538200,479.56,485.05,478.19,481.41,32786310
1746624600,482.08,485.8,476.782,483.3,38109864
1746711000,488.53,492.7,484.17,488.29,39577592
1746797400,490.21,491.54,486.195,487.97,27767416
1747056600,506.99,507.89,501.48,507.85,45090616
1747143000,509.16,517.39,508.42,515.59,53269573
1747229400,516.77,519.2279,515.75,518.68,47014516
1747315800,516.52,521.93,515.17,519.25,50153275
1747402200,520.66,521.7,517.1,521.51,48394603
1747661400,514.24,522.53,514.24,522.01,52536154
1747747800,519.47,520.93,516.66,520.27,42517561
1747834200,516.27,523,511.24,513.04,71292831
1747920600,513.66,517.71,512.3,514,55607169
1748007000,506.18,511.84,505.58,509.24,58368075
1748352600,516.15,521.71,514.59,521.22,47226323
1748439000,522.18,523.68,518.39,518.91,46637175
1748525400,526.33,526.48,517.32,519.93,58724069
1748611800,519.44,520.68,511.93,519.11,67662836
1748871000,517.24,523.45,515.97,523.21,44762817
1748957400,523.56,528.74,522.69,527.3,44070330
1749043800,528.01,529.84,525.9694,528.77,41359322
1749130200,530.18,533.05,522.66,524.79,61286623
1749216600,530,531.8,528.21,529.92,42467021
1749475800,530.14,532.35,529.01,530.7,33688671
1749562200,531.17,534.9,528.89,534.21,40664795
1749648600,535.62,536.78,530.11,532.41,53701033
1749735000,531.09,534.6438,530.84,533.66,34104887
1749821400,527.68,531.87,525.73,526.96,55814443
1750080600,530.5,535.37,530.45,534.29,37622051
1750167000,531.71,533.325,527.91,529.08,42180866
1750253400,530.1,532.55,527.4,528.99,43983522
1750426200,532.26,533.56,524.88,526.83,61643519
1750685400,526.81,532.17,523.65,531.65,50666146
1750771800,536.89,540.7,536.27,539.78,45441982
1750858200,542.06,543.31,539.38,541.16,44804168
1750944600,543.35,546.67,541.52,546.22,43811432
1751031000,547.26,549.99,544.545,548.09,57577147
1751290200,551.26,552.8,549.01,551.64,45548742
1751376600,549.73,550.71,544.66,546.99,56166736
1751463000,546.16,551,546.12,550.8,36538281
1751549400,553.18,557.2,553.18,556.22,26443524
1751895000,553.52,554.34,549.58,552.03,45349323
1751981400,553.38,554.01,551.1,552.34,36153258
1752067800,554.48,557.63,553.1,556.25,43045534
1752154200,556.89,557.3,552.75,555.45,34710913
1752240600,553.3,555.79,552.05,554.2,39618635
1752499800,553.99,556.945,551.63,556.21,36453314
1752586200,560.25,560.8,556.66,556.72,43277661
1752672600,557.28,560.21,551.56,557.29,52314711
1752759000,558.02,562.31,557.21,561.8,40423778
1752845400,563.12,564.7262,559.98,561.26,50484704
1753104600,562.09,566.06,562.06,564.17,39595214
1753191000,564.3,564.35,558.61,561.25,43270647
1753277400,562.34,563.85,559.58,563.81,40215259
1753363800,565.13,566.24,563.295,565.01,42275541
1753450200,564.93,567.695,564.27,566.37,30630813
1753709400,567.74,569.04,566.87,568.14,31498739
1753795800,570.76,572.11,566.53,567.26,45463317
1753882200,568.18,570.62,565.05,568.02,43433777
1753968600,574.54,574.63,563.87,565.01,64613590
1754055000,558.83,559.02,551.68,553.88,69400789
1754314200,559.05,564.315,558.95,564.1,47669751
1754400600,565.39,566.5607,559.73,560.27,48666640
1754487000,561.11,567.76,560.63,567.32,41823677
1754573400,571.67,573.32,565.11,569.24,44462972
1754659800,570.45,574.77,570.15,574.55,35255472
1754919000,574.69,576.8,571.57,572.85,33112917
1755005400,575.16,580.35,572.485,580.05,42271441
1755091800,582.76,583.3199,578.94,580.34,41209294
1755178200,578.28,581.88,577.91,579.89,45425043
1755264600,579.8,579.84,575.5743,577.34,49480161
1755523800,576.44,577.765,575.2412,577.11,29830957
1755610200,576.39,576.56,568.25,569.28,53752635
1755696600,568.33,568.45,558.84,565.9,76781087
1755783000,564.35,566.49,560.98,563.28,46436899
1755869400,564.67,573.99,563.27,571.97,51502129
1756128600,570.4,573.2871,569.16,570.32,34044749
1756215000,569.83,572.92,568.8,572.61,34103014
1756301400,571.59,574.405,570.37,573.49,36927144
1756387800,574.11,578,572.46,577.08,46787857
1756474200,574.655,575.03,568.54,570.4,56030409
1756819800,561.31,565.965,559.535,565.62,65876765
1756906200,569.23,571.695,566.725,570.07,54230213
1756992600,570.74,575.6,569.025,575.23,47526280
1757079000,580.49,581.12,571.53,576.06,68342532
1757338200,578.37,580.84,577.77,578.87,46371354
1757424600,579.67,580.94,577.04,580.51,44007592
1757511000,583.74,583.77,578.55,580.7,49307959
1757597400,583.24,584.88,581.62,584.08,44745766
1757683800,585.04,587.86,584.1,586.66,50745886
1757943000,588.44,591.79,588.295,591.68,44360315
1758029400,592.61,592.86,590.49,591.18,36942130
1758115800,591.1,591.75,584.365,590,69384820
1758202200,594.91,598.14,592.96,595.32,61069294
1758288600,597.33,600.05,595.85,599.35,58196109
1758547800,597.74,602.87,597.72,602.2,57154769
1758634200,602.37,602.57,596.98,598.2,64635486
1758720600,599.58,599.9,593.36,596.1,49850301
1758807000,592.2,595.115,588.5,593.53,70920209
1758893400,594.35,596.3,591.06,595.97,54337416
1759152600,599.11,602.05,597.41,598.73,48332934
1759239000,598.43,600.71,596.1,600.37,46533814
1759325400,597.17,603.79,596.34,603.25,46899612
1759411800,607.06,607.16,602.93,605.73,43765410
1759498200,606.51,607.3255,601.385,603.18,46482098
1759757400,608.45,609.36,605.97,607.71,41962115
1759843800,609.02,609.71,603.03,604.51,58209463
1759930200,605.41,611.75,605.26,611.44,50629754
1760016600,611.48,611.61,607.48,610.7,45550958
1760103000,611.4,613.18,589.05,589.5,97614783
1760362200,599.68,602.95,597.23,602.01,65872584
1760448600,595.31,602.69,590.13,598,69203187
1760535000,604.01,606.7,595.93,602.22,62805456
1760621400,605.11,608.31,595.5,599.99,70981963
1760707800,597.95,605.51,596.37,603.93,72024872
1760967000,607.14,612.8,607.065,611.54,45761697
1761053400,611.64,612.7213,609.32,611.38,44538161
1761139800,610.82,611.41,599.74,605.49,61478802
1761226200,604.91,611.37,604.52,610.58,42844298
1761312600,615.99,618.42,615.13,617.1,47632473
1761571800,624.52,628.55,624.03,628.09,54098611
1761658200,630.36,634.68,629.25,632.92,61195733
1761744600,635.59,637.01,630.25,635.77,67422806
1761831000,632.17,633.5,625.94,626.05,61628621
1761917400,634.17,634.2,626.69,629.07,66305147
1762180200,635.11,635.82,629.85,632.08,37154307
1762266600,623.28,626.95,618.455,619.25,63830768
1762353000,618.49,626.6,617.21,623.28,48688484
1762439400,621.79,622.04,610.3,611.67,72115128
1762525800,608.31,609.95,598.67,609.74,81835388
1762785000,618.92,624.31,616.89,623.23,55919931
1762871400,620.57,622.72,617.52,621.57,44868841
1762957800,624.84,624.86,617.81,621.08,47444384
1763044200,617.54,618.12,606.08,608.4,71333634
1763130600,599.55,613.35,597.17,608.86,80087291
1763389800,606.3,612.48,599.87,603.66,63850367
1763476200,599.62,602.31,591.34,596.31,83327279
1763562600,597.07,606.16,594.59,599.87,73111487
1763649000,611.62,614.03,584.75,585.67,117743195
1763735400,587.47,596.98,580.74,590.07,103344155
1763994600,595.28,606.68,595.16,605.16,60168149
1764081000,603.51,610.2601,597.32,608.89,57560867
1764167400,612.51,616.19,610.39,614.27,42393598
1764340200,616.11,619.32,615.4174,619.25,23034394
1764599400,613.63,619.4401,612.52,617.17,40957588
1764685800,619.46,623.75,617.59,622,54541834
1764772200,619.62,624.22,618.03,623.52,47841627
1764858600,624.93,624.94,619.54,622.94,47067751
1764945000,624.38,628.92,623.71,625.48,53614169
1765204200,627.21,628.84,621.69,624.28,43462406
1765290600,623.01,625.87,621,625.05,37155999
1765377000,623.85,629.21,620.99,627.61,55031384
1765463400,623.82,625.78,617.72,625.58,58272844
1765549800,622.08,623.54,611.36,613.62,75158726
1765809000,618.37,618.42,609.32,610.54,49538197
1765895400,608.26,613.51,606.9101,611.75,55152819
1765981800,613.06,613.65,600.28,600.41,70654327
1766068200,609.8,612.93,606.92,609.11,78875824
1766154600,611.95,617.62,611.87,617.05,60369829
1766413800,621.35,621.65,617.77,619.21,43703101
1766500200,618.2,622.41,617.78,622.11,41120445
1766586600,621.99,624.28,621.72,623.93,18468707
1766759400,624.66,625.515,623.14,623.89,28959778
1767018600,620.1,622.78,618.73,620.87,32458308
1767105000,619.84,622.18,619.215,619.43,31226754
1767191400,619.65,619.96,614.05,614.31,40746527
1767364200,620.06,622.85,610.15,613.12,61859163
1767623400,619.32,620.81,616.72,617.99,46828359
1767709800,619.23,624.0213,618.54,623.42,43137520
1767796200,623.04,627.94,622.56,624.02,44880339
1767882600,623.03,623.42,617.8,620.47,50435941
1767969000,621.41,627.89,619.06,626.65,49688734
1768228200,622.31,628.845,622.26,627.17,37388651
1768314600,627.27,629.47,623.695,626.24,44481380
1768401000,622.24,623.45,614.56,619.55,72598700
1768487400,626.6,630,620.75,621.78,53934892
1768573800,625.5,626.08,618.88,621.26,61058094
1768919400,610.53,615.055,607.05,608.06,81988898
1769005800,609.47,620.42,607.8635,616.28,79837881
1769092200,622.35,622.46,617.78,620.76,42254757
1769178600,619.73,625.3999,618.65,622.72,43645825
1769437800,623.21,627.61,622.12,625.46,35983008
1769524200,628.91,632.0427,627.34,631.13,38997212
1769610600,635.46,636.6,631.81,633.22,50691691
1769697000,632.65,633.67,618.27,629.43,79944047
1769783400,625.71,628.256,619.2975,621.87,65650714
1770042600,618.7,628.49,618.66,626.14,49020292
1770129000,628.3,629.98,610.96,616.52,81233969
1770215400,615.02,615.1,600.47,605.75,81850748
1770301800,600.21,604.81,594.76,597.03,89354492
1770388200,600.19,611.41,598.77,609.65,78019338
1770647400,607.54,616.46,605.07,614.32,56797557
1770733800,615.305,617.02,611.01,611.47,53938859
1770820200,616.38,617.52,607.69,613.11,58575101
1770906600,614.71,615.81,599.5699,600.64,81378903
1770993000,600.43,606.48,596.42,601.92,69237547
1771338600,598.375,603.95,593.34,601.3,69013763
1771425000,602.11,609.771,600.72,605.79,64250668
1771511400,602.81,605.815,600.75,603.47,60960839
1771597800,600.12,610.35,599.23,608.81,74127323
1771857000,606.605,608.01,599.05,601.41,63859111
1771943400,602.4,608.99,599.73,607.87,55023732
1772029800,611.07,616.83,611,616.68,55710653
1772116200,615.59,615.59,603.98,609.24,96178870
1772202600,602.98,608.32,602.19,607.29,68125197
1772461800,598.86,609.92,597.99,608.09,75264644
1772548200,596.33,603.96,591.87,601.58,97015532
1772634600,604.16,612.88,603.43,610.75,70943888
1772721000,607.4,612.76,602.26,608.91,89602407
1772807400,600.31,606,598.33,599.75,86302307
1773063000,594.225,609.27,591.33,607.76,93068170
1773149400,607.78,613.29,605.42,607.77,64078867
1773235800,608.95,612.43,605.03,607.69,60114800
1773322200,602.76,604.14,597.05,597.26,71836629
1773408600,599.73,603.5999,592.57,593.72,63145490
1773667800,600.04,603.86,599.11,600.38,49077155
1773754200,603.14,605.9,601.87,603.31,47106607
1773840600,601.49,603.16,594.56,594.9,56127962
1773927000,589.51,595.8,587.08,593.02,75597578
1774013400,591.06,591.17,578.54,582.06,91964677
1774272600,590.52,595.08,585.96,588,89936118
1774359000,584.81,587.93,581.93,583.98,57750895
1774445400,589.14,591.37,585.69,587.82,60475491
1774531800,582.6,584.63,573.43,573.79,81492124
1774618200,570.81,571.02,561.57,562.58,82702240
1774877400,567.38,568.05,555.6,558.28,70602622
1774963800,564.29,578.64,564.21,577.18,95877997
1775050200,581.48,587.739,580.42,584.31,79435132
1775136600,573.97,586.05,571.92,584.98,50941709
1775482200,586.23,590.61,584.69,588.5,35108496
1775568600,585.64,588.98,578.4001,588.59,49948195
1775655000,608.71,609.9,602.12,606.09,63085996
1775741400,605.93,610.5,603.03,610.19,37837538
1775827800,611.84,613.67,609.58,611.07,34038533
1776087000,609.48,626.74,608.11,617.39,32972110
1776173400,620.22,628.6,620.1,628.6,49921081
1776259800,629.08,637.83,628.2,637.4,50102386
1776346200,639.21,642.18,635.255,640.47,42320581
1776432600,645.59,650,644.07,648.85,53488871
1776691800,648.04,648.76,642.52,646.79,37138511
1776778200,648.41,650.2,642.21,644.33,39580523
1776864600,650.15,655.33,648.52,655.11,37368402
1776951000,653.55,656.92,645.52,651.42,40099827
1777037400,658.51,664.51,656.5301,663.88,45563050