DateTime,Open,High,Low,Close,Volume
2015-01-01 23:00:00,2057.5,2057.5,2056.25,2057.0,1138.0
2015-01-01 23:05:00,2057.0,2057.5,2056.75,2057.5,502.0
2015-01-01 23:10:00,2057.5,2057.5,2056.75,2057.5,741.0
2015-01-01 23:15:00,2057.5,2058.75,2057.25,2058.75,1294.0
2015-01-01 23:20:00,2058.75,2059.0,2058.5,2058.75,649.0
2015-01-01 23:25:00,2058.75,2059.0,2058.25,2058.25,342.0
2015-01-01 23:30:00,2058.25,2059.0,2058.0,2058.75,819.0
2015-01-01 23:35:00,2058.75,2059.0,2058.0,2058.25,523.0
2015-01-01 23:40:00,2058.25,2058.25,2057.75,2058.25,352.0
2015-01-01 23:45:00,2058.25,2059.0,2058.25,2059.0,219.0
2015-01-01 23:50:00,2059.0,2059.25,2058.75,2059.25,341.0
2015-01-01 23:55:00,2059.25,2059.25,2059.0,2059.0,308.0
2015-01-02 00:00:00,2059.0,2059.25,2058.75,2059.25,378.0
2015-01-02 00:05:00,2059.25,2059.25,2058.5,2058.75,399.0
2015-01-02 00:10:00,2058.75,2058.75,2058.25,2058.5,264.0
2015-01-02 00:15:00,2058.5,2058.5,2057.5,2057.75,458.0
2015-01-02 00:20:00,2057.5,2058.5,2057.5,2058.25,254.0
2015-01-02 00:25:00,2058.5,2058.5,2058.25,2058.5,131.0
2015-01-02 00:30:00,2058.5,2058.75,2058.25,2058.5,113.0
2015-01-02 00:35:00,2058.5,2058.75,2058.0,2058.25,262.0
2015-01-02 00:40:00,2058.0,2058.5,2058.0,2058.25,166.0
2015-01-02 00:45:00,2058.5,2058.75,2058.25,2058.75,247.0
2015-01-02 00:50:00,2058.75,2058.75,2058.25,2058.75,352.0
2015-01-02 00:55:00,2058.75,2059.0,2058.5,2059.0,364.0
2015-01-02 01:00:00,2059.0,2059.25,2058.75,2059.25,557.0
2015-01-02 01:05:00,2059.0,2059.5,2059.0,2059.5,371.0
2015-01-02 01:10:00,2059.25,2059.75,2059.25,2059.75,643.0
2015-01-02 01:15:00,2059.75,2060.0,2059.25,2059.5,364.0
2015-01-02 01:20:00,2059.5,2060.0,2059.25,2059.75,418.0
2015-01-02 01:25:00,2059.75,2060.5,2059.25,2060.5,1186.0
2015-01-02 01:30:00,2060.25,2061.0,2060.25,2061.0,557.0
2015-01-02 01:35:00,2060.75,2060.75,2060.25,2060.75,318.0
2015-01-02 01:40:00,2060.5,2061.75,2060.5,2061.25,605.0
2015-01-02 01:45:00,2061.5,2061.5,2061.0,2061.0,325.0
2015-01-02 01:50:00,2061.0,2061.25,2060.75,2061.0,219.0
2015-01-02 01:55:00,2061.25,2061.25,2060.75,2061.0,341.0
2015-01-02 02:00:00,2060.75,2061.0,2060.75,2060.75,87.0
2015-01-02 02:05:00,2060.75,2060.75,2060.5,2060.75,222.0
2015-01-02 02:10:00,2061.0,2061.0,2060.75,2061.0,237.0
2015-01-02 02:15:00,2061.0,2061.75,2061.0,2061.75,495.0
2015-01-02 02:20:00,2061.5,2062.25,2061.5,2061.75,580.0
2015-01-02 02:25:00,2061.75,2061.75,2061.5,2061.5,213.0
2015-01-02 02:30:00,2061.5,2061.5,2061.25,2061.5,135.0
2015-01-02 02:35:00,2061.5,2061.75,2061.25,2061.5,97.0
2015-01-02 02:40:00,2061.75,2061.75,2061.5,2061.75,156.0
2015-01-02 02:45:00,2061.5,2061.75,2061.5,2061.75,94.0
2015-01-02 02:50:00,2061.75,2062.75,2061.5,2062.0,823.0
2015-01-02 02:55:00,2062.0,2062.25,2061.75,2062.0,230.0
2015-01-02 03:00:00,2061.75,2062.25,2061.75,2062.25,160.0
2015-01-02 03:05:00,2062.25,2062.25,2061.75,2062.0,154.0
2015-01-02 03:10:00,2062.0,2062.0,2061.75,2062.0,212.0
2015-01-02 03:15:00,2062.0,2062.25,2061.75,2062.0,89.0
2015-01-02 03:20:00,2062.0,2062.0,2061.75,2061.75,111.0
2015-01-02 03:25:00,2062.0,2062.0,2061.75,2062.0,148.0
2015-01-02 03:30:00,2061.75,2062.0,2061.75,2062.0,193.0
2015-01-02 03:35:00,2062.0,2062.25,2061.75,2062.0,207.0
2015-01-02 03:40:00,2062.0,2062.0,2061.5,2061.75,313.0
2015-01-02 03:45:00,2061.75,2062.0,2061.75,2062.0,66.0
2015-01-02 03:50:00,2062.0,2062.0,2061.75,2061.75,54.0
2015-01-02 03:55:00,2061.75,2061.75,2061.5,2061.75,253.0
2015-01-02 04:00:00,2061.75,2062.0,2061.5,2061.75,221.0
2015-01-02 04:05:00,2061.5,2062.0,2061.5,2062.0,161.0
2015-01-02 04:10:00,2062.0,2062.25,2062.0,2062.25,66.0
2015-01-02 04:15:00,2062.25,2062.25,2062.0,2062.25,36.0
2015-01-02 04:20:00,2062.25,2062.25,2062.0,2062.25,136.0
2015-01-02 04:25:00,2062.5,2063.0,2062.25,2062.75,254.0
2015-01-02 04:30:00,2063.0,2063.25,2062.75,2063.0,453.0
2015-01-02 04:35:00,2063.25,2063.25,2063.0,2063.0,194.0
2015-01-02 04:40:00,2063.0,2063.25,2063.0,2063.0,59.0
2015-01-02 04:45:00,2063.0,2063.5,2063.0,2063.25,443.0
2015-01-02 04:50:00,2063.25,2063.5,2063.0,2063.25,632.0
2015-01-02 04:55:00,2063.25,2063.5,2063.0,2063.0,187.0
2015-01-02 05:00:00,2063.0,2063.25,2063.0,2063.0,121.0
2015-01-02 05:05:00,2063.0,2063.5,2063.0,2063.5,182.0
2015-01-02 05:10:00,2063.25,2063.75,2063.25,2063.5,578.0
2015-01-02 05:15:00,2063.75,2064.0,2063.75,2064.0,177.0
2015-01-02 05:20:00,2063.75,2064.0,2063.25,2063.5,223.0
2015-01-02 05:25:00,2063.25,2063.75,2063.25,2063.5,101.0
2015-01-02 05:30:00,2063.75,2063.75,2063.25,2063.5,199.0
2015-01-02 05:35:00,2063.25,2063.5,2063.25,2063.5,60.0
2015-01-02 05:40:00,2063.5,2063.5,2063.0,2063.0,92.0
2015-01-02 05:45:00,2063.0,2063.25,2062.0,2062.0,483.0
2015-01-02 05:50:00,2062.0,2062.5,2062.0,2062.5,108.0
2015-01-02 05:55:00,2062.25,2062.5,2062.25,2062.5,88.0
2015-01-02 06:00:00,2062.5,2062.5,2061.75,2062.0,237.0
2015-01-02 06:05:00,2061.75,2061.75,2061.25,2061.75,303.0
2015-01-02 06:10:00,2061.75,2061.75,2061.75,2061.75,24.0
2015-01-02 06:15:00,2061.75,2062.25,2061.5,2062.25,76.0
2015-01-02 06:20:00,2062.25,2062.5,2062.0,2062.5,102.0
2015-01-02 06:25:00,2062.25,2062.75,2062.25,2062.25,112.0
2015-01-02 06:30:00,2062.25,2063.0,2062.25,2062.5,241.0
2015-01-02 06:35:00,2062.5,2063.0,2062.25,2062.5,240.0
2015-01-02 06:40:00,2062.5,2062.75,2062.5,2062.5,15.0
2015-01-02 06:45:00,2062.75,2062.75,2062.25,2062.5,29.0
2015-01-02 06:50:00,2062.25,2062.75,2062.25,2062.75,67.0
2015-01-02 06:55:00,2062.75,2063.25,2062.75,2063.25,282.0
2015-01-02 07:00:00,2063.5,2067.25,2063.5,2066.0,3856.0
2015-01-02 07:05:00,2066.0,2066.25,2063.5,2063.75,1042.0
2015-01-02 07:10:00,2064.0,2064.75,2063.75,2064.75,437.0
2015-01-02 07:15:00,2064.75,2065.25,2064.5,2064.75,262.0
2015-01-02 07:20:00,2064.75,2066.5,2064.5,2065.5,805.0
2015-01-02 07:25:00,2065.5,2066.0,2065.25,2065.5,295.0
2015-01-02 07:30:00,2065.25,2065.5,2064.75,2065.25,318.0
2015-01-02 07:35:00,2065.0,2065.5,2064.5,2065.0,412.0
2015-01-02 07:40:00,2065.0,2065.25,2064.0,2064.0,232.0
2015-01-02 07:45:00,2064.0,2064.75,2064.0,2064.75,197.0
2015-01-02 07:50:00,2064.75,2065.5,2064.5,2065.25,363.0
2015-01-02 07:55:00,2065.25,2065.5,2064.5,2064.5,476.0
2015-01-02 08:00:00,2064.5,2067.25,2064.5,2065.5,3989.0
2015-01-02 08:05:00,2065.5,2067.0,2065.5,2066.5,2000.0
2015-01-02 08:10:00,2066.5,2066.75,2064.75,2065.5,2104.0
2015-01-02 08:15:00,2065.5,2066.0,2065.0,2065.25,792.0
2015-01-02 08:20:00,2065.5,2065.75,2063.5,2064.0,1268.0
2015-01-02 08:25:00,2063.75,2064.25,2063.0,2063.5,1260.0
2015-01-02 08:30:00,2063.5,2064.0,2062.75,2064.0,839.0
2015-01-02 08:35:00,2064.0,2064.25,2063.5,2063.5,447.0
2015-01-02 08:40:00,2063.5,2063.5,2062.25,2063.25,812.0
2015-01-02 08:45:00,2063.5,2063.5,2062.25,2062.75,989.0
2015-01-02 08:50:00,2062.75,2063.5,2061.75,2063.5,1640.0
2015-01-02 08:55:00,2063.75,2064.0,2061.25,2061.25,1113.0
2015-01-02 09:00:00,2061.25,2061.5,2059.75,2060.0,3990.0
2015-01-02 09:05:00,2060.0,2060.5,2058.75,2059.75,2547.0
2015-01-02 09:10:00,2059.75,2061.75,2059.5,2061.5,2076.0
2015-01-02 09:15:00,2061.75,2061.75,2059.75,2061.0,943.0
2015-01-02 09:20:00,2060.75,2060.75,2060.0,2060.5,765.0
2015-01-02 09:25:00,2060.75,2060.75,2059.0,2060.0,1033.0
2015-01-02 09:30:00,2060.0,2060.0,2059.25,2059.5,836.0
2015-01-02 09:35:00,2059.5,2060.75,2059.5,2060.0,1012.0
2015-01-02 09:40:00,2059.75,2059.75,2059.25,2059.25,624.0
2015-01-02 09:45:00,2059.25,2060.0,2059.25,2059.5,1867.0
2015-01-02 09:50:00,2059.5,2060.25,2059.25,2059.5,1030.0
2015-01-02 09:55:00,2059.5,2059.75,2059.0,2059.75,597.0
2015-01-02 10:00:00,2059.75,2060.75,2059.75,2060.5,1311.0
2015-01-02 10:05:00,2060.5,2061.0,2060.0,2060.25,669.0
2015-01-02 10:10:00,2060.5,2061.0,2059.5,2059.5,889.0
2015-01-02 10:15:00,2059.5,2059.75,2057.75,2058.0,1911.0
2015-01-02 10:20:00,2058.0,2060.0,2058.0,2059.5,1480.0
2015-01-02 10:25:00,2059.5,2059.75,2059.0,2059.5,551.0
2015-01-02 10:30:00,2059.5,2060.25,2059.25,2059.75,669.0
2015-01-02 10:35:00,2060.0,2060.25,2059.75,2060.0,634.0
2015-01-02 10:40:00,2060.0,2061.75,2060.0,2061.75,1203.0
2015-01-02 10:45:00,2061.75,2062.0,2060.75,2061.0,656.0
2015-01-02 10:50:00,2061.0,2061.0,2060.0,2060.25,590.0
2015-01-02 10:55:00,2060.25,2061.0,2060.25,2060.5,402.0
2015-01-02 11:00:00,2060.25,2061.25,2060.25,2061.25,529.0
2015-01-02 11:05:00,2061.25,2061.5,2061.0,2061.25,452.0
2015-01-02 11:10:00,2061.25,2061.25,2060.0,2060.25,995.0
2015-01-02 11:15:00,2060.25,2060.75,2059.75,2060.0,664.0
2015-01-02 11:20:00,2059.75,2060.25,2059.5,2060.0,751.0
2015-01-02 11:25:00,2060.0,2060.0,2058.75,2059.25,711.0
2015-01-02 11:30:00,2059.0,2059.75,2058.75,2059.75,702.0
2015-01-02 11:35:00,2059.75,2060.0,2059.0,2059.25,598.0
2015-01-02 11:40:00,2059.25,2059.75,2058.5,2059.25,1097.0
2015-01-02 11:45:00,2059.25,2059.25,2057.75,2058.75,1091.0
2015-01-02 11:50:00,2058.75,2059.5,2058.5,2058.75,598.0
2015-01-02 11:55:00,2058.75,2059.25,2058.75,2058.75,442.0
2015-01-02 12:00:00,2058.75,2060.25,2058.25,2060.25,1309.0
2015-01-02 12:05:00,2060.0,2060.75,2060.0,2060.0,778.0
2015-01-02 12:10:00,2060.0,2060.25,2059.5,2060.25,597.0
2015-01-02 12:15:00,2060.25,2060.25,2059.75,2060.0,336.0
2015-01-02 12:20:00,2060.0,2060.0,2059.5,2059.75,390.0
2015-01-02 12:25:00,2059.75,2060.0,2059.5,2059.75,416.0
2015-01-02 12:30:00,2059.75,2059.75,2059.25,2059.25,598.0
2015-01-02 12:35:00,2059.5,2061.75,2059.5,2061.25,2069.0
2015-01-02 12:40:00,2061.25,2061.25,2060.75,2061.25,866.0
2015-01-02 12:45:00,2061.5,2061.75,2060.25,2060.75,1078.0
2015-01-02 12:50:00,2060.75,2061.0,2060.25,2060.5,733.0
2015-01-02 12:55:00,2060.5,2061.0,2060.25,2060.75,415.0
2015-01-02 13:00:00,2060.5,2061.5,2059.25,2059.25,2213.0
2015-01-02 13:05:00,2059.5,2060.0,2059.5,2059.5,580.0
2015-01-02 13:10:00,2059.75,2060.0,2058.75,2059.5,1403.0
2015-01-02 13:15:00,2059.5,2060.5,2059.25,2059.5,2170.0
2015-01-02 13:20:00,2059.5,2059.75,2059.0,2059.5,1154.0
2015-01-02 13:25:00,2059.5,2061.5,2059.0,2061.25,2631.0
2015-01-02 13:30:00,2061.0,2061.25,2059.75,2060.5,1587.0
2015-01-02 13:35:00,2060.75,2061.25,2060.5,2061.0,841.0
2015-01-02 13:40:00,2060.75,2061.25,2060.5,2060.5,752.0
2015-01-02 13:45:00,2060.75,2061.0,2060.0,2060.25,3178.0
2015-01-02 13:50:00,2060.25,2060.5,2059.75,2060.25,1135.0
2015-01-02 13:55:00,2060.25,2061.75,2060.25,2061.75,2488.0
2015-01-02 14:00:00,2061.75,2062.0,2061.0,2061.0,2189.0
2015-01-02 14:05:00,2061.0,2063.25,2061.0,2063.0,4433.0
2015-01-02 14:10:00,2063.0,2064.0,2062.75,2063.75,4295.0
2015-01-02 14:15:00,2064.0,2064.25,2063.25,2064.0,2688.0
2015-01-02 14:20:00,2064.0,2064.25,2061.5,2062.0,4169.0
2015-01-02 14:25:00,2062.25,2063.0,2061.5,2061.75,2806.0
2015-01-02 14:30:00,2061.75,2064.75,2060.0,2064.5,29527.0
2015-01-02 14:35:00,2064.5,2066.0,2063.25,2066.0,20202.0
2015-01-02 14:40:00,2065.75,2066.5,2065.25,2065.5,15690.0
2015-01-02 14:45:00,2065.25,2065.5,2062.25,2063.0,21947.0
2015-01-02 14:50:00,2063.0,2064.0,2062.5,2062.75,14749.0
2015-01-02 14:55:00,2062.75,2063.25,2060.75,2062.25,15145.0
2015-01-02 15:00:00,2062.0,2063.0,2056.75,2061.75,30324.0
2015-01-02 15:05:00,2061.75,2061.75,2057.0,2057.5,26393.0
2015-01-02 15:10:00,2057.5,2060.25,2056.5,2059.75,20506.0
2015-01-02 15:15:00,2059.75,2061.5,2055.5,2057.0,23676.0
2015-01-02 15:20:00,2057.0,2057.5,2055.0,2056.0,18235.0
2015-01-02 15:25:00,2055.75,2058.0,2055.5,2057.5,15263.0
2015-01-02 15:30:00,2057.75,2058.5,2054.0,2054.5,20103.0
2015-01-02 15:35:00,2054.5,2055.0,2051.25,2051.5,26545.0
2015-01-02 15:40:00,2051.5,2052.0,2046.0,2047.0,41535.0
2015-01-02 15:45:00,2047.0,2049.5,2045.5,2048.5,28292.0
2015-01-02 15:50:00,2048.5,2049.75,2047.5,2049.0,15585.0
2015-01-02 15:55:00,2048.75,2051.75,2048.5,2050.25,23640.0
2015-01-02 16:00:00,2050.25,2050.5,2047.0,2047.5,15230.0
2015-01-02 16:05:00,2047.5,2047.75,2045.5,2045.75,17650.0
2015-01-02 16:10:00,2046.0,2047.25,2041.75,2043.0,32913.0
2015-01-02 16:15:00,2043.0,2045.5,2042.5,2044.75,21347.0
2015-01-02 16:20:00,2044.75,2045.0,2042.25,2045.0,13593.0
2015-01-02 16:25:00,2044.75,2047.75,2044.5,2047.25,21728.0
2015-01-02 16:30:00,2047.25,2048.5,2046.25,2047.5,19759.0
2015-01-02 16:35:00,2047.5,2048.75,2045.75,2046.25,15151.0
2015-01-02 16:40:00,2046.25,2047.25,2044.5,2045.0,8736.0
2015-01-02 16:45:00,2045.0,2046.75,2043.75,2045.75,11494.0
2015-01-02 16:50:00,2045.75,2046.25,2043.75,2045.75,9796.0
2015-01-02 16:55:00,2045.75,2047.75,2045.5,2047.25,9246.0
2015-01-02 17:00:00,2047.25,2049.25,2046.0,2048.75,14482.0
2015-01-02 17:05:00,2049.0,2051.25,2048.25,2050.25,17883.0
2015-01-02 17:10:00,2050.25,2051.0,2049.0,2050.0,11418.0
2015-01-02 17:15:00,2050.25,2050.25,2047.5,2048.25,10418.0
2015-01-02 17:20:00,2048.25,2049.0,2048.0,2048.5,7572.0
2015-01-02 17:25:00,2048.5,2049.5,2047.75,2047.75,5285.0
2015-01-02 17:30:00,2048.0,2050.25,2047.0,2049.5,9709.0
2015-01-02 17:35:00,2049.5,2049.75,2048.25,2049.0,6513.0
2015-01-02 17:40:00,2049.0,2050.5,2048.25,2048.75,11822.0
2015-01-02 17:45:00,2048.75,2048.75,2044.75,2045.75,12887.0
2015-01-02 17:50:00,2045.75,2046.75,2044.5,2046.5,11866.0
2015-01-02 17:55:00,2046.5,2047.5,2045.25,2045.5,6689.0
2015-01-02 18:00:00,2045.5,2046.25,2045.0,2046.0,4775.0
2015-01-02 18:05:00,2045.75,2047.0,2045.5,2045.75,5567.0
2015-01-02 18:10:00,2045.75,2046.0,2044.25,2044.5,5026.0
2015-01-02 18:15:00,2044.75,2045.5,2044.0,2044.25,5661.0
2015-01-02 18:20:00,2044.5,2046.0,2044.0,2046.0,5090.0
2015-01-02 18:25:00,2045.75,2046.5,2043.0,2043.0,9354.0
2015-01-02 18:30:00,2043.25,2043.25,2038.75,2040.0,22354.0
2015-01-02 18:35:00,2040.0,2041.75,2040.0,2041.0,6768.0
2015-01-02 18:40:00,2041.0,2042.0,2040.25,2041.25,6274.0
2015-01-02 18:45:00,2041.0,2042.0,2040.25,2041.0,5326.0
2015-01-02 18:50:00,2041.25,2043.25,2040.25,2043.25,8143.0
2015-01-02 18:55:00,2043.0,2045.0,2043.0,2043.5,13616.0
2015-01-02 19:00:00,2043.5,2044.75,2042.75,2044.5,6737.0
2015-01-02 19:05:00,2044.25,2046.5,2042.75,2046.25,12146.0
2015-01-02 19:10:00,2046.5,2047.5,2045.5,2047.0,10965.0
2015-01-02 19:15:00,2046.75,2047.0,2044.5,2045.75,6442.0
2015-01-02 19:20:00,2045.5,2045.75,2044.5,2045.25,4159.0
2015-01-02 19:25:00,2045.0,2049.25,2045.0,2047.25,10038.0
2015-01-02 19:30:00,2047.25,2047.25,2045.5,2045.5,7461.0
2015-01-02 19:35:00,2045.5,2048.5,2045.5,2047.75,10805.0
2015-01-02 19:40:00,2047.75,2049.75,2047.75,2047.75,11071.0
2015-01-02 19:45:00,2047.75,2049.0,2047.0,2047.75,7724.0
2015-01-02 19:50:00,2047.75,2050.25,2047.5,2049.0,10338.0
2015-01-02 19:55:00,2049.0,2049.75,2047.75,2047.75,7297.0
2015-01-02 20:00:00,2047.75,2048.25,2046.0,2047.5,11494.0
2015-01-02 20:05:00,2047.5,2048.0,2046.0,2047.75,10753.0
2015-01-02 20:10:00,2047.75,2047.75,2043.25,2044.25,14393.0
2015-01-02 20:15:00,2044.25,2046.5,2044.0,2045.5,9400.0
2015-01-02 20:20:00,2045.25,2048.25,2044.25,2047.5,10009.0
2015-01-02 20:25:00,2047.5,2049.25,2047.25,2047.75,9800.0
2015-01-02 20:30:00,2047.5,2049.0,2047.5,2048.75,9744.0
2015-01-02 20:35:00,2049.0,2051.0,2047.75,2049.75,13716.0
2015-01-02 20:40:00,2049.75,2052.5,2049.25,2052.25,14865.0
2015-01-02 20:45:00,2052.25,2054.5,2051.25,2054.25,18558.0
2015-01-02 20:50:00,2054.0,2055.75,2053.25,2054.5,20224.0
2015-01-02 20:55:00,2054.25,2054.5,2051.5,2052.5,21229.0
2015-01-02 21:00:00,2052.5,2053.25,2045.25,2047.5,84669.0
2015-01-02 21:05:00,2047.5,2048.75,2047.0,2047.25,9559.0
2015-01-02 21:10:00,2047.25,2047.5,2046.25,2046.25,7830.0
2015-01-02 21:15:00,2046.25,2047.5,2045.5,2046.75,6304.0
2015-01-02 21:30:00,2047.25,2048.75,2047.25,2048.75,2884.0
2015-01-02 21:35:00,2048.75,2049.0,2048.25,2048.5,855.0
2015-01-02 21:40:00,2048.75,2048.75,2048.0,2048.0,835.0
2015-01-02 21:45:00,2048.0,2048.0,2046.75,2047.0,517.0
2015-01-02 21:50:00,2047.25,2047.25,2047.0,2047.0,306.0
2015-01-02 21:55:00,2047.25,2047.5,2047.0,2047.25,328.0
2015-01-02 22:00:00,2047.25,2047.5,2046.75,2047.25,268.0
2015-01-02 22:05:00,2047.0,2047.25,2046.75,2046.75,198.0
2015-01-02 22:10:00,2047.0,2047.0,2046.25,2046.5,325.0
2015-01-02 22:15:00,2046.5,2046.5,2046.25,2046.25,308.0
2015-01-04 23:00:00,2045.75,2046.25,2042.0,2043.25,3807.0
2015-01-04 23:05:00,2043.25,2044.0,2042.25,2042.25,1991.0
2015-01-04 23:10:00,2042.25,2042.5,2040.5,2040.75,1989.0
2015-01-04 23:15:00,2040.75,2041.0,2039.5,2040.75,1778.0
2015-01-04 23:20:00,2040.5,2041.25,2039.25,2039.75,1649.0
2015-01-04 23:25:00,2039.75,2040.5,2039.25,2040.5,804.0
2015-01-04 23:30:00,2040.25,2040.75,2040.0,2040.5,760.0
2015-01-04 23:35:00,2040.75,2042.0,2040.5,2042.0,555.0
2015-01-04 23:40:00,2041.75,2042.5,2041.5,2042.0,698.0
2015-01-04 23:45:00,2041.75,2042.0,2040.5,2041.75,1170.0
2015-01-04 23:50:00,2041.75,2041.75,2040.0,2040.0,645.0
2015-01-04 23:55:00,2040.0,2040.5,2039.0,2040.5,969.0
2015-01-05 00:00:00,2040.5,2041.5,2039.75,2040.75,1504.0
2015-01-05 00:05:00,2040.5,2040.5,2039.5,2039.75,579.0
2015-01-05 00:10:00,2039.75,2040.0,2039.25,2039.75,500.0
2015-01-05 00:15:00,2039.75,2040.0,2039.0,2039.75,981.0
2015-01-05 00:20:00,2039.75,2041.0,2039.75,2041.0,846.0
2015-01-05 00:25:00,2041.0,2041.25,2040.0,2040.0,607.0
2015-01-05 00:30:00,2040.0,2040.5,2038.5,2038.75,1161.0
2015-01-05 00:35:00,2038.75,2039.25,2036.5,2038.25,3333.0
2015-01-05 00:40:00,2038.0,2038.25,2037.5,2037.75,339.0
2015-01-05 00:45:00,2037.75,2038.75,2037.75,2038.75,330.0
2015-01-05 00:50:00,2038.75,2039.0,2038.0,2038.5,407.0
2015-01-05 00:55:00,2038.75,2040.0,2038.5,2039.25,787.0
2015-01-05 01:00:00,2039.0,2040.25,2038.5,2040.0,1055.0
2015-01-05 01:05:00,2040.0,2041.0,2040.0,2041.0,662.0
2015-01-05 01:10:00,2041.0,2041.0,2039.5,2039.75,568.0
2015-01-05 01:15:00,2039.75,2040.75,2039.75,2040.75,583.0
2015-01-05 01:20:00,2041.0,2043.0,2041.0,2042.75,1975.0
2015-01-05 01:25:00,2042.75,2043.0,2040.25,2042.5,1207.0
2015-01-05 01:30:00,2042.25,2043.0,2042.0,2042.25,617.0
2015-01-05 01:35:00,2042.25,2043.25,2042.25,2043.25,325.0
2015-01-05 01:40:00,2043.0,2043.5,2043.0,2043.5,598.0
2015-01-05 01:45:00,2043.25,2044.0,2043.25,2043.75,412.0
2015-01-05 01:50:00,2043.75,2043.75,2043.0,2043.0,307.0
2015-01-05 01:55:00,2043.0,2043.5,2043.0,2043.5,253.0
2015-01-05 02:00:00,2043.5,2043.75,2043.25,2043.75,454.0
2015-01-05 02:05:00,2043.75,2043.75,2043.25,2043.5,368.0
2015-01-05 02:10:00,2043.25,2043.25,2042.5,2042.75,615.0
2015-01-05 02:15:00,2042.5,2043.0,2042.5,2042.75,288.0
2015-01-05 02:20:00,2042.5,2043.0,2042.0,2042.25,431.0
2015-01-05 02:25:00,2042.25,2042.5,2042.0,2042.5,369.0
2015-01-05 02:30:00,2042.5,2042.5,2042.0,2042.25,338.0
2015-01-05 02:35:00,2042.5,2043.0,2041.75,2042.25,411.0
2015-01-05 02:40:00,2042.25,2042.5,2042.0,2042.0,179.0
2015-01-05 02:45:00,2042.25,2042.25,2041.75,2042.0,231.0
2015-01-05 02:50:00,2042.25,2042.75,2042.25,2042.5,211.0
2015-01-05 02:55:00,2042.5,2042.5,2042.25,2042.25,81.0
2015-01-05 03:00:00,2042.25,2043.25,2042.25,2043.25,230.0
2015-01-05 03:05:00,2043.0,2043.25,2042.75,2042.75,300.0
2015-01-05 03:10:00,2042.5,2042.75,2042.5,2042.75,73.0
2015-01-05 03:15:00,2042.75,2043.0,2042.5,2043.0,95.0
2015-01-05 03:20:00,2042.75,2043.0,2042.25,2042.25,188.0
2015-01-05 03:25:00,2042.5,2042.75,2042.25,2042.5,628.0
2015-01-05 03:30:00,2042.5,2043.25,2042.25,2043.0,1232.0
2015-01-05 03:35:00,2043.0,2044.75,2043.0,2044.75,1257.0
2015-01-05 03:40:00,2044.75,2045.75,2044.5,2045.25,1091.0
2015-01-05 03:45:00,2045.25,2046.25,2045.0,2046.25,1312.0
2015-01-05 03:50:00,2046.5,2047.0,2046.0,2046.25,955.0
2015-01-05 03:55:00,2046.25,2047.0,2046.25,2046.75,395.0
2015-01-05 04:00:00,2046.75,2047.0,2046.25,2046.25,533.0
2015-01-05 04:05:00,2046.25,2046.5,2045.5,2045.75,462.0
2015-01-05 04:10:00,2046.0,2046.0,2044.75,2045.25,415.0
2015-01-05 04:15:00,2045.0,2045.25,2044.5,2045.0,305.0
2015-01-05 04:20:00,2045.0,2045.5,2044.75,2045.5,233.0
2015-01-05 04:25:00,2045.5,2046.25,2045.5,2046.25,240.0
2015-01-05 04:30:00,2046.25,2047.0,2046.0,2046.5,298.0
2015-01-05 04:35:00,2046.5,2046.5,2046.25,2046.5,82.0
2015-01-05 04:40:00,2046.5,2047.5,2046.5,2047.25,619.0
2015-01-05 04:45:00,2047.0,2047.25,2046.75,2046.75,377.0
2015-01-05 04:50:00,2046.75,2047.25,2046.75,2047.25,215.0
2015-01-05 04:55:00,2047.0,2047.75,2047.0,2047.5,532.0
2015-01-05 05:00:00,2047.5,2047.75,2047.25,2047.5,137.0
2015-01-05 05:05:00,2047.5,2047.5,2046.75,2047.0,179.0
2015-01-05 05:10:00,2047.0,2047.75,2047.0,2047.25,253.0
2015-01-05 05:15:00,2047.5,2047.75,2046.5,2046.75,459.0
2015-01-05 05:20:00,2046.75,2046.75,2046.25,2046.5,297.0
2015-01-05 05:25:00,2046.5,2046.5,2045.75,2046.5,325.0
2015-01-05 05:30:00,2046.5,2046.75,2046.25,2046.25,356.0
2015-01-05 05:35:00,2046.0,2046.5,2046.0,2046.25,332.0
2015-01-05 05:40:00,2046.25,2046.25,2045.5,2046.0,227.0
2015-01-05 05:45:00,2045.75,2045.75,2045.25,2045.5,370.0
2015-01-05 05:50:00,2045.5,2045.75,2045.0,2045.75,342.0
2015-01-05 05:55:00,2045.5,2045.75,2045.0,2045.25,347.0
2015-01-05 06:00:00,2045.25,2045.5,2044.75,2045.0,353.0
2015-01-05 06:05:00,2045.0,2045.25,2044.5,2045.0,235.0
2015-01-05 06:10:00,2045.25,2046.0,2045.25,2046.0,309.0
2015-01-05 06:15:00,2046.0,2046.0,2045.25,2045.5,127.0
2015-01-05 06:20:00,2045.5,2045.5,2045.25,2045.5,44.0
2015-01-05 06:25:00,2045.5,2045.75,2045.5,2045.75,37.0
2015-01-05 06:30:00,2045.75,2045.75,2045.5,2045.75,126.0
2015-01-05 06:35:00,2045.75,2046.0,2045.75,2045.75,59.0
2015-01-05 06:40:00,2045.75,2046.0,2045.75,2045.75,87.0
2015-01-05 06:45:00,2045.75,2045.75,2045.75,2045.75,39.0
2015-01-05 06:50:00,2045.75,2045.75,2045.25,2045.25,115.0
2015-01-05 06:55:00,2045.25,2045.25,2043.25,2043.5,1358.0
2015-01-05 07:00:00,2043.5,2044.0,2042.5,2043.0,1152.0
2015-01-05 07:05:00,2043.0,2043.25,2042.25,2042.75,873.0
2015-01-05 07:10:00,2042.75,2043.0,2042.0,2042.0,606.0
2015-01-05 07:15:00,2042.0,2043.25,2042.0,2043.0,633.0
2015-01-05 07:20:00,2043.0,2043.75,2043.0,2043.25,616.0
2015-01-05 07:25:00,2043.25,2043.25,2043.0,2043.0,113.0
2015-01-05 07:30:00,2043.0,2043.25,2041.0,2041.75,2821.0
2015-01-05 07:35:00,2041.5,2042.0,2041.25,2041.75,653.0
2015-01-05 07:40:00,2041.75,2043.5,2041.75,2043.25,745.0
2015-01-05 07:45:00,2043.25,2043.25,2041.25,2041.25,1011.0
2015-01-05 07:50:00,2041.0,2042.0,2040.75,2041.75,1012.0
2015-01-05 07:55:00,2041.5,2041.75,2041.25,2041.25,603.0
2015-01-05 08:00:00,2041.0,2043.5,2041.0,2041.5,2101.0
2015-01-05 08:05:00,2041.5,2043.75,2041.5,2043.0,1361.0
2015-01-05 08:10:00,2043.0,2043.5,2042.0,2043.0,1664.0
2015-01-05 08:15:00,2043.0,2044.0,2042.75,2043.75,1815.0
2015-01-05 08:20:00,2043.75,2045.5,2043.75,2044.75,3290.0
2015-01-05 08:25:00,2044.75,2046.25,2044.75,2045.75,3493.0
2015-01-05 08:30:00,2045.5,2045.75,2044.75,2044.75,1896.0
2015-01-05 08:35:00,2045.0,2045.25,2044.5,2045.25,538.0
2015-01-05 08:40:00,2045.25,2046.5,2045.25,2046.25,1486.0
2015-01-05 08:45:00,2046.5,2048.25,2046.25,2047.5,4287.0
2015-01-05 08:50:00,2047.5,2047.75,2046.75,2046.75,1189.0
2015-01-05 08:55:00,2046.5,2048.0,2046.25,2047.5,996.0
2015-01-05 09:00:00,2047.75,2048.0,2046.25,2046.25,1559.0
2015-01-05 09:05:00,2046.25,2046.5,2044.75,2045.75,1822.0
2015-01-05 09:10:00,2045.75,2046.25,2045.0,2045.5,943.0
2015-01-05 09:15:00,2045.5,2045.5,2043.5,2044.0,2237.0
2015-01-05 09:20:00,2044.0,2044.75,2043.75,2044.75,887.0
2015-01-05 09:25:00,2044.75,2044.75,2044.25,2044.25,571.0
2015-01-05 09:30:00,2044.5,2044.75,2043.0,2043.0,1194.0
2015-01-05 09:35:00,2043.25,2043.75,2043.0,2043.75,1093.0
2015-01-05 09:40:00,2043.5,2043.75,2043.25,2043.5,790.0
2015-01-05 09:45:00,2043.5,2044.25,2043.5,2044.0,559.0
2015-01-05 09:50:00,2043.75,2044.0,2043.0,2043.0,737.0
2015-01-05 09:55:00,2043.0,2043.5,2042.5,2043.25,859.0
2015-01-05 10:00:00,2043.25,2043.75,2042.75,2043.5,1112.0
2015-01-05 10:05:00,2043.5,2043.5,2043.0,2043.25,644.0
2015-01-05 10:10:00,2043.25,2043.25,2042.5,2043.0,735.0
2015-01-05 10:15:00,2043.25,2044.0,2043.0,2043.75,942.0
2015-01-05 10:20:00,2043.75,2044.25,2043.25,2044.0,452.0
2015-01-05 10:25:00,2043.75,2044.5,2042.5,2042.5,1313.0
2015-01-05 10:30:00,2042.75,2042.75,2041.25,2041.25,1701.0
2015-01-05 10:35:00,2041.5,2041.75,2041.25,2041.5,658.0
2015-01-05 10:40:00,2041.25,2042.25,2041.0,2041.5,1313.0
2015-01-05 10:45:00,2041.25,2041.75,2041.0,2041.25,404.0
2015-01-05 10:50:00,2041.25,2042.0,2041.25,2042.0,294.0
2015-01-05 10:55:00,2041.75,2042.0,2040.25,2040.5,1989.0
2015-01-05 11:00:00,2040.25,2041.5,2040.0,2041.25,2173.0
2015-01-05 11:05:00,2041.0,2042.0,2040.5,2041.5,952.0
2015-01-05 11:10:00,2041.5,2042.75,2041.25,2042.0,1036.0
2015-01-05 11:15:00,2042.0,2042.5,2041.5,2042.0,672.0
2015-01-05 11:20:00,2041.75,2043.25,2041.5,2043.0,1350.0
2015-01-05 11:25:00,2043.0,2044.0,2042.75,2043.5,1955.0
2015-01-05 11:30:00,2043.5,2043.75,2042.0,2042.0,935.0
2015-01-05 11:35:00,2042.0,2042.25,2041.0,2041.25,1983.0
2015-01-05 11:40:00,2041.25,2042.0,2041.0,2041.5,1698.0
2015-01-05 11:45:00,2041.25,2042.0,2040.75,2041.25,930.0
2015-01-05 11:50:00,2041.0,2041.75,2040.75,2041.0,979.0
2015-01-05 11:55:00,2041.0,2042.0,2040.25,2041.75,1737.0
2015-01-05 12:00:00,2041.5,2042.25,2041.25,2041.5,1731.0
2015-01-05 12:05:00,2041.25,2042.25,2040.75,2041.25,1383.0
2015-01-05 12:10:00,2041.25,2042.0,2040.5,2041.25,1466.0
2015-01-05 12:15:00,2041.0,2041.75,2040.75,2041.25,1205.0
2015-01-05 12:20:00,2041.5,2041.75,2041.0,2041.5,972.0
2015-01-05 12:25:00,2041.75,2042.25,2041.25,2042.25,405.0
2015-01-05 12:30:00,2042.0,2043.5,2042.0,2043.25,2138.0
2015-01-05 12:35:00,2043.25,2043.25,2042.5,2042.75,1013.0
2015-01-05 12:40:00,2042.5,2043.5,2042.25,2042.5,1721.0
2015-01-05 12:45:00,2042.5,2043.5,2042.5,2043.25,934.0
2015-01-05 12:50:00,2043.25,2043.75,2043.0,2043.0,403.0
2015-01-05 12:55:00,2043.0,2043.25,2042.0,2042.0,1572.0
2015-01-05 13:00:00,2041.75,2043.5,2041.75,2042.75,2107.0
2015-01-05 13:05:00,2042.75,2043.75,2042.75,2043.5,1243.0
2015-01-05 13:10:00,2043.5,2043.75,2042.25,2043.25,2308.0
2015-01-05 13:15:00,2043.0,2043.0,2041.0,2042.25,2783.0
2015-01-05 13:20:00,2042.25,2043.0,2040.25,2041.25,4030.0
2015-01-05 13:25:00,2041.25,2041.75,2040.25,2040.25,1358.0
2015-01-05 13:30:00,2040.5,2040.5,2039.0,2039.25,5935.0
2015-01-05 13:35:00,2039.25,2039.25,2038.0,2038.25,6414.0
2015-01-05 13:40:00,2038.25,2038.5,2036.75,2037.5,6157.0
2015-01-05 13:45:00,2037.5,2038.0,2036.5,2038.0,7667.0
2015-01-05 13:50:00,2038.0,2038.0,2037.25,2037.25,3616.0
2015-01-05 13:55:00,2037.5,2037.5,2034.75,2036.0,8470.0
2015-01-05 14:00:00,2036.0,2037.25,2035.5,2036.75,4629.0
2015-01-05 14:05:00,2037.0,2037.5,2036.25,2036.25,5565.0
2015-01-05 14:10:00,2036.25,2037.5,2036.0,2037.5,4983.0
2015-01-05 14:15:00,2037.5,2038.75,2037.25,2038.5,6090.0
2015-01-05 14:20:00,2038.5,2038.75,2038.0,2038.5,3464.0
2015-01-05 14:25:00,2038.25,2038.75,2037.75,2038.0,2867.0
2015-01-05 14:30:00,2038.0,2040.5,2037.5,2038.25,36453.0
2015-01-05 14:35:00,2038.25,2040.0,2035.25,2036.0,32196.0
2015-01-05 14:40:00,2036.0,2036.0,2032.5,2035.0,46751.0
2015-01-05 14:45:00,2034.75,2036.75,2031.75,2033.0,37540.0
2015-01-05 14:50:00,2033.0,2033.25,2030.0,2030.75,35978.0
2015-01-05 14:55:00,2030.5,2031.0,2027.25,2029.5,47088.0
2015-01-05 15:00:00,2029.5,2029.5,2025.5,2028.0,38827.0
2015-01-05 15:05:00,2027.75,2031.25,2027.5,2030.5,31562.0
2015-01-05 15:10:00,2030.25,2030.5,2027.25,2028.0,27081.0
2015-01-05 15:15:00,2028.0,2030.25,2027.25,2027.25,19556.0
2015-01-05 15:20:00,2027.25,2029.25,2026.75,2027.75,18466.0
2015-01-05 15:25:00,2027.5,2031.5,2027.5,2029.25,26701.0
2015-01-05 15:30:00,2029.25,2029.5,2025.25,2025.75,24159.0
2015-01-05 15:35:00,2025.75,2026.75,2023.5,2025.25,36775.0
2015-01-05 15:40:00,2025.0,2025.75,2021.5,2022.75,31018.0
2015-01-05 15:45:00,2023.0,2024.5,2021.25,2024.0,25051.0
2015-01-05 15:50:00,2024.25,2027.0,2024.0,2026.5,34914.0
2015-01-05 15:55:00,2026.5,2027.25,2025.25,2025.25,15615.0
2015-01-05 16:00:00,2025.5,2025.5,2023.0,2023.75,16669.0
2015-01-05 16:05:00,2023.75,2024.5,2021.75,2023.75,17833.0
2015-01-05 16:10:00,2023.75,2024.0,2019.75,2022.5,33569.0
2015-01-05 16:15:00,2022.5,2023.25,2019.25,2019.5,21671.0
2015-01-05 16:20:00,2019.5,2020.75,2017.75,2020.25,35186.0
2015-01-05 16:25:00,2020.0,2021.25,2018.5,2019.0,29875.0
2015-01-05 16:30:00,2019.0,2020.5,2018.0,2019.5,26067.0
2015-01-05 16:35:00,2019.5,2021.5,2018.75,2020.75,20936.0
2015-01-05 16:40:00,2020.5,2024.5,2020.25,2023.5,26141.0
2015-01-05 16:45:00,2023.5,2025.25,2023.0,2024.5,18231.0
2015-01-05 16:50:00,2024.25,2025.25,2023.0,2024.25,13357.0
2015-01-05 16:55:00,2024.5,2025.0,2023.0,2023.5,14665.0
2015-01-05 17:00:00,2023.25,2024.25,2022.0,2023.25,11831.0
2015-01-05 17:05:00,2023.25,2023.5,2022.0,2023.0,8515.0
2015-01-05 17:10:00,2023.0,2023.25,2020.0,2020.75,17009.0
2015-01-05 17:15:00,2020.75,2021.0,2019.0,2019.5,11038.0
2015-01-05 17:20:00,2019.25,2020.75,2017.25,2018.25,21775.0
2015-01-05 17:25:00,2018.0,2018.75,2016.5,2017.25,15776.0
2015-01-05 17:30:00,2017.0,2017.25,2013.75,2015.5,35290.0
2015-01-05 17:35:00,2015.75,2017.75,2014.0,2017.25,23946.0
2015-01-05 17:40:00,2017.25,2018.25,2016.5,2017.5,10680.0
2015-01-05 17:45:00,2017.25,2018.75,2016.5,2017.0,10027.0
2015-01-05 17:50:00,2017.0,2017.25,2015.5,2016.25,10226.0
2015-01-05 17:55:00,2016.0,2016.25,2012.75,2014.5,18911.0
2015-01-05 18:00:00,2014.25,2015.75,2014.0,2014.75,13654.0
2015-01-05 18:05:00,2015.0,2016.75,2013.5,2016.0,15083.0
2015-01-05 18:10:00,2016.0,2016.5,2013.25,2013.5,13053.0
2015-01-05 18:15:00,2013.75,2014.0,2012.0,2013.25,17013.0
2015-01-05 18:20:00,2013.5,2014.75,2012.25,2014.25,12161.0
2015-01-05 18:25:00,2014.0,2014.25,2011.5,2013.25,16541.0
2015-01-05 18:30:00,2013.25,2016.5,2012.5,2016.0,19301.0
2015-01-05 18:35:00,2016.0,2017.5,2015.25,2016.25,12539.0
2015-01-05 18:40:00,2016.25,2017.0,2013.75,2013.75,10980.0
2015-01-05 18:45:00,2013.75,2015.75,2013.5,2015.75,11390.0
2015-01-05 18:50:00,2015.75,2017.75,2015.25,2015.75,12735.0
2015-01-05 18:55:00,2015.5,2017.5,2014.5,2016.75,15885.0
2015-01-05 19:00:00,2016.5,2017.0,2013.0,2013.25,11769.0
2015-01-05 19:05:00,2013.25,2016.25,2013.0,2014.5,14626.0
2015-01-05 19:10:00,2014.5,2015.25,2012.5,2013.0,11955.0
2015-01-05 19:15:00,2013.0,2015.75,2011.75,2013.75,21879.0
2015-01-05 19:20:00,2013.75,2016.25,2012.5,2015.25,18168.0
2015-01-05 19:25:00,2015.25,2015.75,2012.5,2013.5,13616.0
2015-01-05 19:30:00,2013.25,2014.25,2011.25,2012.0,19803.0
2015-01-05 19:35:00,2011.75,2014.25,2011.75,2012.25,13038.0
2015-01-05 19:40:00,2012.25,2014.5,2011.75,2012.0,12413.0
2015-01-05 19:45:00,2012.0,2012.0,2010.25,2011.25,17547.0
2015-01-05 19:50:00,2011.25,2012.0,2009.75,2010.75,11560.0
2015-01-05 19:55:00,2011.0,2013.25,2010.75,2011.75,18025.0
2015-01-05 20:00:00,2011.75,2012.0,2009.5,2011.0,17760.0
2015-01-05 20:05:00,2010.75,2013.0,2009.75,2012.25,15531.0
2015-01-05 20:10:00,2012.25,2015.25,2011.5,2013.25,21841.0
2015-01-05 20:15:00,2013.25,2014.75,2012.75,2013.25,10894.0
2015-01-05 20:20:00,2013.25,2014.5,2011.75,2013.0,15169.0
2015-01-05 20:25:00,2012.75,2015.75,2012.75,2014.0,20210.0
2015-01-05 20:30:00,2014.25,2014.75,2012.5,2014.0,10748.0
2015-01-05 20:35:00,2014.25,2014.5,2012.25,2014.0,14315.0
2015-01-05 20:40:00,2013.75,2017.5,2013.75,2014.5,28043.0
2015-01-05 20:45:00,2014.5,2015.75,2014.0,2015.0,24026.0
2015-01-05 20:50:00,2015.0,2018.5,2014.75,2018.25,33698.0
2015-01-05 20:55:00,2018.25,2019.75,2014.0,2014.5,51872.0
2015-01-05 21:00:00,2014.25,2015.5,2012.25,2014.0,98209.0
2015-01-05 21:05:00,2014.0,2017.25,2013.5,2016.75,17446.0
2015-01-05 21:10:00,2016.75,2018.5,2016.75,2018.0,12187.0
2015-01-05 21:15:00,2018.0,2018.25,2015.0,2016.0,13583.0
2015-01-05 21:30:00,2016.5,2017.5,2016.5,2017.25,2354.0
2015-01-05 21:35:00,2017.25,2017.5,2016.75,2017.0,1046.0
2015-01-05 21:40:00,2017.0,2017.5,2017.0,2017.25,531.0
2015-01-05 21:45:00,2017.25,2017.5,2017.0,2017.0,423.0
2015-01-05 21:50:00,2017.0,2017.25,2017.0,2017.25,358.0
2015-01-05 21:55:00,2017.25,2018.5,2017.25,2018.0,937.0
2015-01-05 22:00:00,2018.0,2018.5,2018.0,2018.25,230.0
2015-01-05 22:05:00,2018.25,2018.5,2018.0,2018.0,244.0
2015-01-05 22:10:00,2018.25,2018.25,2017.75,2017.75,358.0
2015-01-05 22:15:00,2017.75,2018.0,2017.5,2018.0,248.0
2015-01-05 23:00:00,2019.0,2019.75,2018.75,2019.0,1179.0
2015-01-05 23:05:00,2018.75,2019.0,2018.75,2019.0,349.0
2015-01-05 23:10:00,2019.0,2019.5,2018.75,2019.25,510.0
2015-01-05 23:15:00,2019.25,2020.0,2019.25,2019.75,619.0
2015-01-05 23:20:00,2019.75,2020.0,2019.5,2019.75,370.0
2015-01-05 23:25:00,2019.75,2019.75,2019.0,2019.25,556.0
2015-01-05 23:30:00,2019.25,2019.25,2018.5,2019.25,538.0
2015-01-05 23:35:00,2019.25,2019.5,2018.5,2018.75,553.0
2015-01-05 23:40:00,2018.75,2019.0,2018.0,2018.75,466.0
2015-01-05 23:45:00,2018.75,2019.0,2018.5,2019.0,295.0
2015-01-05 23:50:00,2019.0,2019.75,2018.75,2019.75,464.0
2015-01-05 23:55:00,2019.75,2020.0,2019.5,2020.0,541.0
2015-01-06 00:00:00,2020.0,2020.5,2019.25,2019.25,909.0
2015-01-06 00:05:00,2019.25,2019.5,2018.5,2019.25,648.0
2015-01-06 00:10:00,2019.25,2019.5,2019.0,2019.25,426.0
2015-01-06 00:15:00,2019.25,2019.75,2019.25,2019.75,123.0
2015-01-06 00:20:00,2019.75,2019.75,2018.75,2019.0,519.0
2015-01-06 00:25:00,2019.0,2019.0,2018.5,2018.5,300.0
2015-01-06 00:30:00,2018.75,2019.0,2018.5,2018.5,224.0
2015-01-06 00:35:00,2018.5,2018.75,2018.25,2018.25,238.0
2015-01-06 00:40:00,2018.25,2018.25,2016.75,2016.75,1194.0
2015-01-06 00:45:00,2017.0,2017.5,2016.0,2016.25,1402.0
2015-01-06 00:50:00,2016.25,2016.5,2015.5,2016.25,961.0
2015-01-06 00:55:00,2016.25,2016.5,2015.5,2016.0,708.0
2015-01-06 01:00:00,2016.25,2017.5,2015.75,2017.25,719.0
2015-01-06 01:05:00,2017.25,2018.0,2017.25,2017.25,466.0
2015-01-06 01:10:00,2017.5,2017.5,2016.5,2016.75,473.0
2015-01-06 01:15:00,2017.0,2017.5,2016.75,2017.25,614.0
2015-01-06 01:20:00,2017.0,2017.75,2017.0,2017.5,377.0
2015-01-06 01:25:00,2017.75,2018.0,2017.5,2017.75,136.0
2015-01-06 01:30:00,2018.0,2018.0,2017.0,2017.0,394.0
2015-01-06 01:35:00,2017.0,2017.5,2016.75,2016.75,155.0
2015-01-06 01:40:00,2016.75,2017.0,2016.5,2016.5,291.0
2015-01-06 01:45:00,2016.75,2017.75,2016.5,2017.75,636.0
2015-01-06 01:50:00,2017.5,2017.75,2016.75,2016.75,278.0
2015-01-06 01:55:00,2017.0,2017.25,2016.75,2017.0,134.0
2015-01-06 02:00:00,2017.0,2017.0,2016.25,2016.25,443.0
2015-01-06 02:05:00,2016.5,2016.75,2016.25,2016.5,259.0
2015-01-06 02:10:00,2016.5,2016.5,2016.0,2016.0,187.0
2015-01-06 02:15:00,2016.25,2016.25,2015.5,2015.75,476.0
2015-01-06 02:20:00,2016.0,2016.0,2015.75,2015.75,114.0
2015-01-06 02:25:00,2015.75,2016.0,2015.0,2015.75,1338.0
2015-01-06 02:30:00,2015.5,2016.0,2015.25,2016.0,309.0
2015-01-06 02:35:00,2015.75,2018.25,2015.75,2017.5,1325.0
2015-01-06 02:40:00,2017.5,2017.75,2017.25,2017.25,210.0
2015-01-06 02:45:00,2017.25,2018.75,2017.0,2017.75,746.0
2015-01-06 02:50:00,2017.5,2017.75,2017.25,2017.25,307.0
2015-01-06 02:55:00,2017.5,2017.75,2017.25,2017.5,189.0
2015-01-06 03:00:00,2017.5,2017.75,2017.25,2017.25,212.0
2015-01-06 03:05:00,2017.25,2017.25,2016.75,2017.0,402.0
2015-01-06 03:10:00,2017.25,2017.25,2016.0,2016.25,235.0
2015-01-06 03:15:00,2016.25,2016.25,2015.25,2015.75,593.0
2015-01-06 03:20:00,2015.75,2016.0,2015.75,2015.75,145.0
2015-01-06 03:25:00,2015.75,2016.5,2015.5,2016.25,375.0
2015-01-06 03:30:00,2016.5,2016.5,2015.75,2015.75,537.0
2015-01-06 03:35:00,2015.75,2016.0,2015.5,2015.5,247.0
2015-01-06 03:40:00,2015.5,2015.75,2015.0,2015.5,869.0
2015-01-06 03:45:00,2015.25,2015.5,2014.75,2015.5,854.0
2015-01-06 03:50:00,2015.25,2016.25,2015.25,2015.5,293.0
2015-01-06 03:55:00,2015.5,2016.0,2014.75,2015.0,544.0
2015-01-06 04:00:00,2015.25,2015.25,2014.5,2014.75,449.0
2015-01-06 04:05:00,2014.75,2015.0,2014.5,2014.75,85.0
2015-01-06 04:10:00,2014.75,2015.0,2014.25,2014.25,469.0
2015-01-06 04:15:00,2014.25,2014.5,2014.0,2014.0,566.0
2015-01-06 04:20:00,2014.0,2014.0,2013.25,2014.0,679.0
2015-01-06 04:25:00,2014.0,2014.5,2014.0,2014.25,273.0
2015-01-06 04:30:00,2014.0,2014.25,2014.0,2014.0,151.0
2015-01-06 04:35:00,2013.75,2014.25,2013.5,2013.75,203.0
2015-01-06 04:40:00,2013.75,2014.0,2013.5,2013.75,121.0
2015-01-06 04:45:00,2013.75,2014.5,2013.5,2014.5,250.0
2015-01-06 04:50:00,2014.5,2015.0,2014.5,2014.5,223.0
2015-01-06 04:55:00,2014.5,2014.5,2013.5,2014.0,363.0
2015-01-06 05:00:00,2014.0,2015.0,2014.0,2014.75,283.0
2015-01-06 05:05:00,2014.75,2015.0,2014.25,2014.5,158.0
2015-01-06 05:10:00,2014.25,2014.5,2014.0,2014.5,104.0
2015-01-06 05:15:00,2014.25,2014.25,2013.25,2013.5,290.0
2015-01-06 05:20:00,2013.5,2013.75,2013.5,2013.5,58.0
2015-01-06 05:25:00,2013.5,2013.75,2013.0,2013.5,593.0
2015-01-06 05:30:00,2013.25,2014.25,2013.25,2013.75,582.0
2015-01-06 05:35:00,2013.75,2014.0,2013.5,2014.0,481.0
2015-01-06 05:40:00,2014.0,2014.5,2013.75,2014.5,241.0
2015-01-06 05:45:00,2014.5,2015.25,2014.5,2015.25,299.0
2015-01-06 05:50:00,2015.25,2015.25,2014.75,2015.0,138.0
2015-01-06 05:55:00,2014.75,2015.25,2014.75,2015.0,251.0
2015-01-06 06:00:00,2015.0,2015.25,2014.25,2014.75,267.0
2015-01-06 06:05:00,2014.75,2015.0,2014.5,2014.75,132.0
2015-01-06 06:10:00,2014.75,2015.0,2014.25,2014.25,135.0
2015-01-06 06:15:00,2014.5,2014.75,2013.75,2014.0,493.0
2015-01-06 06:20:00,2014.0,2014.25,2013.75,2014.25,131.0
2015-01-06 06:25:00,2014.25,2014.25,2014.0,2014.0,39.0
2015-01-06 06:30:00,2014.25,2014.25,2013.75,2014.0,190.0
2015-01-06 06:35:00,2014.0,2014.0,2013.75,2014.0,193.0
2015-01-06 06:40:00,2014.0,2014.25,2013.75,2014.0,168.0
2015-01-06 06:45:00,2014.0,2014.25,2013.75,2013.75,177.0
2015-01-06 06:50:00,2014.0,2014.25,2014.0,2014.25,79.0
2015-01-06 06:55:00,2014.25,2015.25,2014.25,2015.0,286.0
2015-01-06 07:00:00,2015.0,2016.0,2014.5,2014.75,1568.0
2015-01-06 07:05:00,2014.75,2016.0,2014.75,2016.0,633.0
2015-01-06 07:10:00,2015.75,2017.25,2015.5,2015.75,1600.0
2015-01-06 07:15:00,2015.75,2016.0,2014.75,2015.0,877.0
2015-01-06 07:20:00,2015.25,2015.75,2014.5,2015.5,1040.0
2015-01-06 07:25:00,2015.25,2016.75,2015.25,2016.75,1007.0
2015-01-06 07:30:00,2016.75,2018.0,2016.5,2017.5,1079.0
2015-01-06 07:35:00,2017.5,2018.25,2017.0,2017.75,625.0
2015-01-06 07:40:00,2018.0,2018.0,2017.5,2017.5,942.0
2015-01-06 07:45:00,2017.5,2017.75,2016.75,2017.75,670.0
2015-01-06 07:50:00,2017.75,2018.5,2017.5,2018.5,920.0
2015-01-06 07:55:00,2018.5,2018.5,2017.75,2017.75,892.0
2015-01-06 08:00:00,2017.75,2019.5,2017.75,2018.5,3468.0
2015-01-06 08:05:00,2018.5,2018.75,2017.25,2018.25,2171.0
2015-01-06 08:10:00,2018.0,2018.0,2015.25,2015.5,2988.0
2015-01-06 08:15:00,2015.5,2017.25,2015.5,2016.5,2003.0
2015-01-06 08:20:00,2016.5,2018.25,2016.5,2018.0,1773.0
2015-01-06 08:25:00,2018.0,2018.0,2016.75,2016.75,1268.0
2015-01-06 08:30:00,2016.75,2017.5,2016.0,2016.0,2183.0
2015-01-06 08:35:00,2016.0,2016.75,2014.0,2014.0,2985.0
2015-01-06 08:40:00,2014.0,2014.25,2012.0,2013.25,5952.0
2015-01-06 08:45:00,2013.0,2013.5,2011.5,2012.25,3540.0
2015-01-06 08:50:00,2012.25,2013.5,2012.0,2012.5,1819.0
2015-01-06 08:55:00,2012.5,2013.5,2012.0,2013.25,1871.0
2015-01-06 09:00:00,2013.25,2013.5,2012.5,2012.75,1844.0
2015-01-06 09:05:00,2012.75,2013.5,2011.5,2011.75,1761.0
2015-01-06 09:10:00,2011.75,2013.25,2011.5,2013.0,2030.0
2015-01-06 09:15:00,2012.75,2014.0,2012.75,2012.75,2134.0
2015-01-06 09:20:00,2013.0,2015.5,2013.0,2015.25,2510.0
2015-01-06 09:25:00,2015.0,2015.25,2014.25,2014.75,1448.0
2015-01-06 09:30:00,2014.5,2015.0,2014.25,2014.5,2259.0
2015-01-06 09:35:00,2014.5,2014.75,2013.75,2014.0,1438.0
2015-01-06 09:40:00,2014.25,2014.25,2013.25,2014.0,1572.0
2015-01-06 09:45:00,2014.0,2014.25,2013.0,2013.75,1351.0
2015-01-06 09:50:00,2013.75,2014.75,2013.5,2014.0,1062.0
2015-01-06 09:55:00,2014.0,2014.0,2012.25,2012.25,1631.0
2015-01-06 10:00:00,2012.25,2013.75,2012.0,2012.25,1488.0
2015-01-06 10:05:00,2012.25,2012.5,2011.5,2012.25,1504.0
2015-01-06 10:10:00,2012.25,2012.25,2011.5,2012.25,1150.0
2015-01-06 10:15:00,2012.0,2012.75,2012.0,2012.25,874.0
2015-01-06 10:20:00,2012.5,2013.5,2012.0,2013.5,959.0
2015-01-06 10:25:00,2013.25,2013.75,2013.0,2013.5,1599.0
2015-01-06 10:30:00,2013.75,2013.75,2012.25,2012.25,710.0
2015-01-06 10:35:00,2012.5,2013.25,2012.25,2013.0,890.0
2015-01-06 10:40:00,2012.75,2013.5,2012.5,2013.0,848.0
2015-01-06 10:45:00,2013.0,2013.0,2012.0,2012.75,996.0
2015-01-06 10:50:00,2013.0,2013.25,2012.5,2013.0,610.0
2015-01-06 10:55:00,2013.25,2013.25,2012.25,2013.0,613.0
2015-01-06 11:00:00,2013.0,2014.0,2013.0,2013.75,641.0
2015-01-06 11:05:00,2013.75,2014.25,2013.75,2014.0,1363.0
2015-01-06 11:10:00,2014.0,2015.5,2014.0,2015.5,1774.0
2015-01-06 11:15:00,2015.5,2016.75,2015.25,2016.5,4151.0
2015-01-06 11:20:00,2016.5,2018.25,2016.0,2018.0,4915.0
2015-01-06 11:25:00,2017.75,2018.5,2016.75,2018.25,3621.0
2015-01-06 11:30:00,2018.25,2018.75,2017.0,2018.5,2816.0
2015-01-06 11:35:00,2018.5,2018.5,2017.75,2018.0,1036.0
2015-01-06 11:40:00,2017.75,2018.75,2017.5,2018.0,2491.0
2015-01-06 11:45:00,2018.0,2019.25,2017.75,2019.0,2016.0
2015-01-06 11:50:00,2018.75,2022.25,2018.75,2021.5,8554.0
2015-01-06 11:55:00,2021.5,2022.5,2021.0,2022.0,3200.0
2015-01-06 12:00:00,2022.0,2022.5,2021.0,2021.25,4381.0
2015-01-06 12:05:00,2021.25,2021.25,2019.25,2020.25,4691.0
2015-01-06 12:10:00,2020.25,2021.25,2020.0,2020.25,2562.0
2015-01-06 12:15:00,2020.25,2020.25,2019.0,2019.25,1162.0
2015-01-06 12:20:00,2019.25,2019.75,2018.5,2019.75,1863.0
2015-01-06 12:25:00,2019.75,2021.5,2019.5,2021.25,2430.0
2015-01-06 12:30:00,2021.25,2021.5,2020.5,2020.5,1782.0
2015-01-06 12:35:00,2020.5,2020.75,2019.25,2019.75,3468.0
2015-01-06 12:40:00,2019.75,2019.75,2017.25,2018.0,5682.0
2015-01-06 12:45:00,2018.0,2018.5,2017.25,2017.5,2175.0
2015-01-06 12:50:00,2017.5,2020.0,2017.5,2020.0,2194.0
2015-01-06 12:55:00,2020.0,2020.25,2018.75,2019.0,2568.0
2015-01-06 13:00:00,2019.0,2019.75,2018.75,2019.25,2644.0
2015-01-06 13:05:00,2019.0,2020.5,2019.0,2020.0,3843.0
2015-01-06 13:10:00,2020.0,2021.0,2017.25,2017.75,5785.0
2015-01-06 13:15:00,2017.75,2018.25,2016.25,2016.75,5608.0
2015-01-06 13:20:00,2016.75,2016.75,2013.5,2015.25,7789.0
2015-01-06 13:25:00,2015.25,2017.25,2015.0,2016.5,3442.0
2015-01-06 13:30:00,2016.75,2016.75,2015.0,2015.25,3460.0
2015-01-06 13:35:00,2015.25,2016.25,2014.5,2015.75,4087.0
2015-01-06 13:40:00,2015.5,2016.75,2015.5,2016.5,1803.0
2015-01-06 13:45:00,2016.5,2017.0,2015.25,2017.0,2058.0
2015-01-06 13:50:00,2017.0,2017.25,2014.5,2014.75,3556.0
2015-01-06 13:55:00,2015.0,2017.0,2014.5,2016.25,2774.0
2015-01-06 14:00:00,2016.25,2016.75,2015.25,2016.0,3633.0
2015-01-06 14:05:00,2016.25,2018.0,2016.0,2017.75,4074.0
2015-01-06 14:10:00,2017.5,2018.5,2017.25,2017.5,3705.0
2015-01-06 14:15:00,2017.5,2018.0,2016.25,2017.5,5524.0
2015-01-06 14:20:00,2017.5,2017.75,2016.5,2017.5,2904.0
2015-01-06 14:25:00,2017.5,2018.0,2017.25,2017.75,2822.0
2015-01-06 14:30:00,2017.75,2019.25,2014.75,2016.75,35327.0
2015-01-06 14:35:00,2016.5,2020.25,2016.5,2018.0,31220.0
2015-01-06 14:40:00,2017.75,2018.0,2013.5,2013.5,35540.0
2015-01-06 14:45:00,2013.75,2017.25,2013.25,2015.5,27350.0
2015-01-06 14:50:00,2015.5,2019.25,2015.5,2019.0,22246.0
2015-01-06 14:55:00,2019.25,2019.5,2016.0,2016.75,15600.0
2015-01-06 15:00:00,2016.75,2017.5,2013.5,2014.75,35576.0
2015-01-06 15:05:00,2014.75,2016.5,2012.75,2013.75,28158.0
2015-01-06 15:10:00,2013.5,2020.75,2013.0,2020.0,32303.0
2015-01-06 15:15:00,2019.75,2022.0,2019.0,2020.75,35067.0
2015-01-06 15:20:00,2020.75,2023.5,2020.75,2022.25,27792.0
2015-01-06 15:25:00,2022.25,2023.5,2021.0,2023.0,19556.0
2015-01-06 15:30:00,2022.75,2023.25,2019.0,2020.5,21465.0
2015-01-06 15:35:00,2020.5,2020.75,2017.5,2018.25,20849.0
2015-01-06 15:40:00,2018.0,2018.75,2015.5,2015.5,18044.0
2015-01-06 15:45:00,2015.5,2015.75,2013.0,2013.75,28347.0
2015-01-06 15:50:00,2013.5,2013.75,2010.25,2013.0,36175.0
2015-01-06 15:55:00,2013.0,2013.25,2010.0,2011.0,23882.0
2015-01-06 16:00:00,2011.0,2011.5,2004.0,2005.25,61115.0
2015-01-06 16:05:00,2005.5,2008.25,2005.25,2008.0,29426.0
2015-01-06 16:10:00,2007.75,2008.0,2005.5,2007.25,20469.0
2015-01-06 16:15:00,2007.25,2008.25,2004.5,2004.75,21339.0
2015-01-06 16:20:00,2004.75,2005.0,2001.5,2002.5,40954.0
2015-01-06 16:25:00,2002.5,2003.75,2001.0,2002.25,23072.0
2015-01-06 16:30:00,2002.5,2002.75,1999.0,1999.25,34063.0
2015-01-06 16:35:00,1999.0,2000.5,1996.75,1997.0,37975.0
2015-01-06 16:40:00,1997.0,1998.5,1995.5,1996.0,34086.0
2015-01-06 16:45:00,1996.0,1997.0,1994.25,1996.75,33063.0
2015-01-06 16:50:00,1996.5,1997.75,1996.0,1996.25,19521.0
2015-01-06 16:55:00,1996.0,1998.0,1994.5,1997.5,22685.0
2015-01-06 17:00:00,1997.5,1997.75,1992.5,1993.0,35000.0
2015-01-06 17:05:00,1993.0,1993.5,1989.25,1990.0,36441.0
2015-01-06 17:10:00,1990.25,1993.75,1989.25,1993.25,35015.0
2015-01-06 17:15:00,1993.25,1994.0,1990.75,1992.0,21016.0
2015-01-06 17:20:00,1992.0,1992.25,1987.75,1988.5,27277.0
2015-01-06 17:25:00,1988.75,1992.75,1988.0,1992.0,20928.0
2015-01-06 17:30:00,1992.25,1992.75,1990.5,1992.0,15585.0
2015-01-06 17:35:00,1992.25,1996.5,1991.75,1996.0,31454.0
2015-01-06 17:40:00,1996.0,1997.25,1995.5,1996.25,28934.0
2015-01-06 17:45:00,1996.0,1996.25,1992.75,1993.0,21192.0
2015-01-06 17:50:00,1993.25,1997.0,1993.0,1997.0,17788.0
2015-01-06 17:55:00,1997.0,1998.0,1996.0,1997.5,15380.0
2015-01-06 18:00:00,1997.5,1997.75,1994.5,1994.75,14469.0
2015-01-06 18:05:00,1994.75,1995.0,1990.5,1991.25,21543.0
2015-01-06 18:10:00,1991.0,1992.0,1989.25,1990.25,22026.0
2015-01-06 18:15:00,1990.25,1991.0,1987.75,1988.5,17812.0
2015-01-06 18:20:00,1988.75,1989.0,1985.25,1986.75,27763.0
2015-01-06 18:25:00,1987.0,1989.75,1984.25,1988.5,30641.0
2015-01-06 18:30:00,1988.5,1990.5,1987.25,1989.0,23692.0
2015-01-06 18:35:00,1988.75,1991.25,1986.5,1991.0,19464.0
2015-01-06 18:40:00,1991.25,1991.5,1987.0,1987.25,16471.0
2015-01-06 18:45:00,1987.25,1990.25,1987.0,1990.25,10575.0
2015-01-06 18:50:00,1990.25,1992.75,1989.75,1991.75,16145.0
2015-01-06 18:55:00,1991.75,1993.25,1989.25,1992.75,20723.0
2015-01-06 19:00:00,1992.75,1996.5,1992.75,1995.5,21643.0
2015-01-06 19:05:00,1995.5,1996.0,1993.5,1994.25,14676.0
2015-01-06 19:10:00,1994.0,1994.25,1989.75,1990.25,18916.0
2015-01-06 19:15:00,1990.25,1991.0,1988.75,1990.5,15969.0
2015-01-06 19:20:00,1990.5,1994.5,1990.5,1994.0,16584.0
2015-01-06 19:25:00,1993.75,1996.5,1992.5,1995.75,16618.0
2015-01-06 19:30:00,1995.5,1998.5,1995.25,1995.25,25094.0
2015-01-06 19:35:00,1995.5,1999.25,1995.25,1998.0,19811.0
2015-01-06 19:40:00,1998.0,2001.0,1997.5,2001.0,18331.0
2015-01-06 19:45:00,2000.75,2004.0,2000.75,2004.0,33085.0
2015-01-06 19:50:00,2003.75,2006.0,2002.25,2005.25,28760.0
2015-01-06 19:55:00,2005.25,2005.25,2000.75,2001.0,22420.0
2015-01-06 20:00:00,2001.0,2003.25,1999.75,2001.0,21193.0
2015-01-06 20:05:00,2001.0,2002.25,1999.5,2000.25,16203.0
2015-01-06 20:10:00,2000.25,2004.5,1999.0,2003.25,20432.0
2015-01-06 20:15:00,2003.0,2005.5,2002.75,2005.5,14778.0
2015-01-06 20:20:00,2005.25,2010.0,2003.75,2007.0,35334.0
2015-01-06 20:25:00,2007.0,2008.75,2004.75,2008.75,23986.0
2015-01-06 20:30:00,2008.75,2009.25,2005.75,2006.75,20204.0
2015-01-06 20:35:00,2006.75,2007.25,2002.0,2003.5,27139.0
2015-01-06 20:40:00,2003.5,2003.5,2000.5,2001.75,20166.0
2015-01-06 20:45:00,2001.5,2006.25,2001.5,2005.0,32909.0
2015-01-06 20:50:00,2005.0,2005.0,1999.25,1999.75,28673.0
2015-01-06 20:55:00,1999.75,2000.75,1994.75,1996.0,44064.0
2015-01-06 21:00:00,1995.75,1996.25,1992.0,1994.0,67066.0
2015-01-06 21:05:00,1994.0,1995.5,1993.75,1994.0,11631.0
2015-01-06 21:10:00,1994.25,1995.5,1993.25,1995.5,10805.0
2015-01-06 21:15:00,1995.25,1995.75,1993.75,1995.0,9704.0
2015-01-06 21:30:00,1995.5,1996.25,1995.25,1995.75,4258.0
2015-01-06 21:35:00,1996.0,1996.0,1995.0,1995.25,833.0
2015-01-06 21:40:00,1995.0,1995.5,1995.0,1995.25,557.0
2015-01-06 21:45:00,1995.25,1995.75,1995.25,1995.25,490.0
2015-01-06 21:50:00,1995.5,1996.0,1995.0,1996.0,872.0
2015-01-06 21:55:00,1996.0,1996.0,1994.75,1994.75,958.0
2015-01-06 22:00:00,1994.75,1995.0,1994.75,1994.75,319.0
2015-01-06 22:05:00,1995.0,1995.0,1994.5,1995.0,461.0
2015-01-06 22:10:00,1994.75,1994.75,1994.5,1994.75,286.0
2015-01-06 22:15:00,1994.75,1995.5,1994.5,1995.25,450.0
2015-01-06 23:00:00,1996.5,1997.5,1996.25,1997.0,2043.0
2015-01-06 23:05:00,1996.75,1997.5,1996.75,1997.0,471.0
2015-01-06 23:10:00,1997.25,1997.25,1996.75,1997.0,258.0
2015-01-06 23:15:00,1997.0,1997.0,1995.75,1996.25,603.0
2015-01-06 23:20:00,1996.25,1996.75,1996.0,1996.75,203.0
2015-01-06 23:25:00,1996.75,1996.75,1995.75,1996.0,223.0
2015-01-06 23:30:00,1996.0,1996.75,1995.75,1996.75,325.0
2015-01-06 23:35:00,1996.75,1997.25,1996.75,1997.25,363.0
2015-01-06 23:40:00,1997.0,1998.25,1996.75,1998.25,1430.0
2015-01-06 23:45:00,1998.0,1998.75,1998.0,1998.75,1323.0
2015-01-06 23:50:00,1998.75,1998.75,1997.25,1997.25,910.0
2015-01-06 23:55:00,1997.25,1997.25,1997.0,1997.0,219.0
2015-01-07 00:00:00,1997.0,1998.75,1996.75,1998.0,2039.0
2015-01-07 00:05:00,1998.25,1998.25,1997.5,1997.75,865.0
2015-01-07 00:10:00,1997.75,1998.25,1997.5,1998.25,630.0
2015-01-07 00:15:00,1998.25,1998.5,1997.75,1998.25,471.0
2015-01-07 00:20:00,1998.25,1998.25,1997.75,1998.0,299.0
2015-01-07 00:25:00,1998.0,1998.25,1997.75,1998.0,288.0
2015-01-07 00:30:00,1998.0,1998.5,1997.75,1998.5,270.0
2015-01-07 00:35:00,1998.5,1998.5,1998.25,1998.25,58.0
2015-01-07 00:40:00,1998.25,1998.5,1998.0,1998.0,125.0
2015-01-07 00:45:00,1998.25,1998.25,1998.0,1998.25,332.0
2015-01-07 00:50:00,1998.25,1998.5,1998.0,1998.5,320.0
2015-01-07 00:55:00,1998.5,1998.5,1998.0,1998.25,360.0
2015-01-07 01:00:00,1998.25,1998.75,1998.0,1998.5,588.0
2015-01-07 01:05:00,1998.5,1999.0,1998.5,1999.0,380.0
2015-01-07 01:10:00,1999.0,1999.25,1998.75,1999.0,543.0
2015-01-07 01:15:00,1999.0,1999.0,1998.5,1999.0,307.0
2015-01-07 01:20:00,1999.0,1999.25,1998.5,1999.0,766.0
2015-01-07 01:25:00,1999.0,2000.25,1999.0,1999.5,1417.0
2015-01-07 01:30:00,1999.5,2000.0,1999.25,1999.75,453.0
2015-01-07 01:35:00,2000.0,2000.0,1999.0,1999.25,496.0
2015-01-07 01:40:00,1999.5,2000.0,1999.25,1999.75,212.0
2015-01-07 01:45:00,2000.0,2001.0,1999.5,2000.5,1593.0
2015-01-07 01:50:00,2000.25,2000.25,1999.75,2000.25,208.0
2015-01-07 01:55:00,2000.25,2000.5,2000.0,2000.25,366.0
2015-01-07 02:00:00,2000.0,2001.0,2000.0,2000.5,475.0
2015-01-07 02:05:00,2000.5,2000.5,1999.5,2000.25,766.0
2015-01-07 02:10:00,2000.25,2000.25,1999.25,1999.75,579.0
2015-01-07 02:15:00,1999.5,2000.25,1999.0,2000.25,421.0
2015-01-07 02:20:00,2000.25,2000.5,2000.0,2000.5,140.0
2015-01-07 02:25:00,2000.5,2000.75,2000.25,2000.5,277.0
2015-01-07 02:30:00,2000.75,2001.0,2000.25,2000.5,297.0
2015-01-07 02:35:00,2000.75,2000.75,1999.75,2000.0,250.0
2015-01-07 02:40:00,2000.0,2000.25,1999.75,2000.0,51.0
2015-01-07 02:45:00,2000.0,2000.25,1999.75,2000.0,140.0
2015-01-07 02:50:00,2000.0,2000.25,1999.75,2000.0,245.0
2015-01-07 02:55:00,2000.0,2000.0,1999.75,2000.0,74.0
2015-01-07 03:00:00,2000.0,2000.25,2000.0,2000.25,33.0
2015-01-07 03:05:00,2000.25,2000.25,2000.0,2000.0,168.0
2015-01-07 03:10:00,2000.0,2000.25,1999.75,2000.0,189.0
2015-01-07 03:15:00,2000.25,2000.5,2000.0,2000.25,290.0
2015-01-07 03:20:00,2000.25,2000.25,1999.25,2000.0,563.0
2015-01-07 03:25:00,2000.0,2000.5,2000.0,2000.5,359.0
2015-01-07 03:30:00,2000.5,2000.5,1999.75,2000.0,215.0
2015-01-07 03:35:00,1999.75,2000.25,1999.75,1999.75,293.0
2015-01-07 03:40:00,1999.75,1999.75,1999.0,1999.0,246.0
2015-01-07 03:45:00,1999.25,2000.0,1999.25,2000.0,409.0
2015-01-07 03:50:00,2000.0,2000.5,2000.0,2000.25,299.0
2015-01-07 03:55:00,2000.25,2001.0,2000.25,2000.75,424.0
2015-01-07 04:00:00,2000.75,2000.75,2000.5,2000.5,102.0
2015-01-07 04:05:00,2000.5,2000.75,2000.25,2000.5,110.0
2015-01-07 04:10:00,2000.75,2001.0,2000.5,2000.75,116.0
2015-01-07 04:15:00,2000.75,2000.75,2000.5,2000.5,65.0
2015-01-07 04:20:00,2000.5,2000.75,2000.5,2000.5,72.0
2015-01-07 04:25:00,2000.5,2000.5,2000.25,2000.5,154.0
2015-01-07 04:30:00,2000.25,2000.5,2000.0,2000.5,145.0
2015-01-07 04:35:00,2000.5,2000.5,2000.25,2000.25,124.0
2015-01-07 04:40:00,2000.25,2000.5,2000.0,2000.25,41.0
2015-01-07 04:45:00,2000.25,2000.5,2000.0,2000.25,40.0
2015-01-07 04:50:00,2000.5,2000.5,2000.0,2000.5,55.0
2015-01-07 04:55:00,2000.25,2000.5,2000.25,2000.5,187.0
2015-01-07 05:00:00,2000.25,2000.5,2000.25,2000.25,184.0
2015-01-07 05:05:00,2000.5,2000.75,2000.25,2000.25,140.0
2015-01-07 05:10:00,2000.0,2000.0,1999.5,1999.75,377.0
2015-01-07 05:15:00,1999.75,2000.0,1999.75,1999.75,114.0
2015-01-07 05:20:00,2000.0,2000.25,2000.0,2000.0,178.0
2015-01-07 05:25:00,2000.0,2000.25,2000.0,2000.25,76.0
2015-01-07 05:30:00,2000.0,2000.75,2000.0,2000.75,314.0
2015-01-07 05:35:00,2000.5,2000.75,1999.75,1999.75,332.0
2015-01-07 05:40:00,2000.0,2000.0,1998.25,1998.5,845.0
2015-01-07 05:45:00,1998.5,1999.0,1998.0,1998.25,649.0
2015-01-07 05:50:00,1998.5,1998.5,1998.0,1998.5,173.0
2015-01-07 05:55:00,1998.5,1998.75,1998.25,1998.5,201.0
2015-01-07 06:00:00,1998.5,1999.25,1998.5,1999.25,173.0
2015-01-07 06:05:00,1999.0,1999.75,1999.0,1999.25,310.0
2015-01-07 06:10:00,1999.25,1999.5,1998.75,1999.25,221.0
2015-01-07 06:15:00,1999.5,2000.25,1999.25,1999.75,382.0
2015-01-07 06:20:00,1999.75,2000.0,1999.5,1999.5,58.0
2015-01-07 06:25:00,1999.75,1999.75,1999.5,1999.75,48.0
2015-01-07 06:30:00,1999.75,2000.0,1999.75,1999.75,48.0
2015-01-07 06:35:00,1999.75,2000.0,1999.5,1999.75,148.0
2015-01-07 06:40:00,1999.75,2000.0,1999.75,1999.75,100.0
2015-01-07 06:45:00,1999.75,2000.0,1999.5,1999.5,324.0
2015-01-07 06:50:00,1999.75,2000.0,1999.5,1999.75,76.0
2015-01-07 06:55:00,1999.75,2000.5,1999.75,2000.25,250.0
2015-01-07 07:00:00,2000.5,2001.75,2000.25,2001.25,1287.0
2015-01-07 07:05:00,2001.25,2001.25,1999.75,2000.75,646.0
2015-01-07 07:10:00,2000.75,2001.25,2000.5,2001.0,762.0
2015-01-07 07:15:00,2001.25,2001.5,2000.75,2000.75,1010.0
2015-01-07 07:20:00,2000.75,2000.75,1999.75,2000.25,445.0
2015-01-07 07:25:00,2000.25,2001.0,1999.75,1999.75,323.0
2015-01-07 07:30:00,2000.0,2002.0,1999.75,2000.5,1932.0
2015-01-07 07:35:00,2000.5,2001.0,2000.25,2000.25,713.0
2015-01-07 07:40:00,2000.25,2001.75,2000.0,2001.5,646.0
2015-01-07 07:45:00,2001.75,2002.25,2001.25,2001.5,1195.0
2015-01-07 07:50:00,2001.25,2002.25,2001.0,2002.0,1096.0
2015-01-07 07:55:00,2002.25,2002.5,2001.0,2001.75,1620.0
2015-01-07 08:00:00,2002.0,2002.75,2001.0,2002.25,3325.0
2015-01-07 08:05:00,2002.0,2002.5,2001.5,2001.5,2601.0
2015-01-07 08:10:00,2001.75,2001.75,2000.25,2000.5,3478.0
2015-01-07 08:15:00,2000.5,2000.75,1999.25,2000.25,3412.0
2015-01-07 08:20:00,2000.25,2002.75,2000.25,2002.5,3392.0
2015-01-07 08:25:00,2002.75,2002.75,2000.25,2001.0,2260.0
2015-01-07 08:30:00,2001.0,2002.75,2001.0,2002.5,1996.0
2015-01-07 08:35:00,2002.75,2003.0,2001.5,2001.75,1743.0
2015-01-07 08:40:00,2001.5,2002.5,2001.25,2002.0,1009.0
2015-01-07 08:45:00,2001.75,2002.5,2001.5,2001.75,718.0
2015-01-07 08:50:00,2002.0,2002.25,2001.25,2001.75,751.0
2015-01-07 08:55:00,2002.0,2002.25,2000.75,2001.0,1088.0
2015-01-07 09:00:00,2001.0,2002.25,2000.75,2001.5,2092.0
2015-01-07 09:05:00,2001.5,2002.25,2001.25,2001.5,1202.0
2015-01-07 09:10:00,2001.25,2001.25,2000.0,2000.25,2843.0
2015-01-07 09:15:00,2000.25,2002.0,2000.0,2002.0,1835.0
2015-01-07 09:20:00,2002.0,2002.0,2000.75,2001.0,1643.0
2015-01-07 09:25:00,2001.0,2001.0,1999.5,1999.75,2810.0
2015-01-07 09:30:00,2000.0,2000.0,1997.0,1999.25,5572.0
2015-01-07 09:35:00,1999.5,2002.25,1999.5,2001.5,3872.0
2015-01-07 09:40:00,2001.25,2003.0,2001.0,2002.75,2239.0
2015-01-07 09:45:00,2003.0,2003.25,2001.5,2002.0,1648.0
2015-01-07 09:50:00,2002.0,2002.25,2001.25,2001.25,973.0
2015-01-07 09:55:00,2001.5,2001.75,2001.25,2001.75,417.0
2015-01-07 10:00:00,2001.5,2003.0,2001.5,2002.25,1950.0
2015-01-07 10:05:00,2002.25,2003.25,2002.0,2002.75,2197.0
2015-01-07 10:10:00,2002.75,2003.0,2001.75,2002.25,1023.0
2015-01-07 10:15:00,2002.25,2003.25,2002.0,2003.0,869.0
2015-01-07 10:20:00,2003.0,2003.5,2002.75,2003.0,1076.0
2015-01-07 10:25:00,2003.0,2005.0,2003.0,2005.0,3747.0
2015-01-07 10:30:00,2005.0,2005.25,2004.25,2004.75,2115.0
2015-01-07 10:35:00,2004.75,2005.75,2004.5,2005.25,2154.0
2015-01-07 10:40:00,2005.25,2006.25,2005.0,2005.5,2472.0
2015-01-07 10:45:00,2005.5,2006.75,2005.5,2006.5,1877.0
2015-01-07 10:50:00,2006.25,2007.5,2006.25,2007.5,2837.0
2015-01-07 10:55:00,2007.5,2008.5,2007.5,2008.0,3167.0
2015-01-07 11:00:00,2008.0,2008.5,2006.75,2007.5,2379.0
2015-01-07 11:05:00,2007.5,2007.75,2007.0,2007.75,986.0
2015-01-07 11:10:00,2007.75,2009.0,2007.5,2008.25,1967.0
2015-01-07 11:15:00,2008.25,2008.5,2007.5,2008.25,2041.0
2015-01-07 11:20:00,2008.25,2008.5,2007.5,2007.5,1494.0
2015-01-07 11:25:00,2007.75,2007.75,2006.5,2007.25,2542.0
2015-01-07 11:30:00,2007.25,2007.5,2006.0,2006.25,2443.0
2015-01-07 11:35:00,2006.25,2007.25,2005.75,2007.0,1752.0
2015-01-07 11:40:00,2007.0,2007.5,2006.25,2006.75,1830.0
2015-01-07 11:45:00,2006.75,2008.0,2006.25,2007.75,1653.0
2015-01-07 11:50:00,2007.5,2008.0,2006.25,2007.0,1903.0
2015-01-07 11:55:00,2007.0,2007.5,2006.0,2006.25,2621.0
2015-01-07 12:00:00,2006.25,2007.75,2006.0,2007.5,4182.0
2015-01-07 12:05:00,2007.5,2009.5,2007.0,2009.25,4157.0
2015-01-07 12:10:00,2009.25,2009.5,2007.25,2007.5,2749.0
2015-01-07 12:15:00,2007.5,2008.5,2006.75,2008.0,2207.0
2015-01-07 12:20:00,2008.0,2008.25,2006.75,2006.75,3076.0
2015-01-07 12:25:00,2007.0,2007.75,2006.5,2007.25,2188.0
2015-01-07 12:30:00,2007.0,2007.5,2006.0,2006.25,2541.0
2015-01-07 12:35:00,2006.25,2007.75,2006.25,2007.75,1009.0
2015-01-07 12:40:00,2007.75,2008.75,2007.0,2008.5,2285.0
2015-01-07 12:45:00,2008.5,2009.25,2008.0,2008.5,3710.0
2015-01-07 12:50:00,2008.75,2009.0,2007.5,2008.5,2516.0
2015-01-07 12:55:00,2008.75,2009.5,2008.25,2009.25,2278.0
2015-01-07 13:00:00,2009.5,2011.75,2009.25,2010.25,7812.0
2015-01-07 13:05:00,2010.25,2011.0,2009.5,2011.0,4072.0
2015-01-07 13:10:00,2010.75,2013.0,2010.5,2012.25,3916.0
2015-01-07 13:15:00,2012.0,2014.25,2010.0,2011.0,11220.0
2015-01-07 13:20:00,2010.75,2012.0,2010.25,2011.75,4433.0
2015-01-07 13:25:00,2011.75,2011.75,2010.75,2011.5,1893.0
2015-01-07 13:30:00,2011.5,2012.0,2009.75,2010.25,4362.0
2015-01-07 13:35:00,2010.25,2010.5,2009.0,2009.75,4838.0
2015-01-07 13:40:00,2009.75,2010.25,2008.75,2009.0,2630.0
2015-01-07 13:45:00,2009.0,2010.0,2008.5,2009.25,4134.0
2015-01-07 13:50:00,2009.0,2009.75,2008.5,2009.5,3511.0
2015-01-07 13:55:00,2009.5,2010.25,2009.0,2010.0,3364.0
2015-01-07 14:00:00,2010.25,2011.75,2009.75,2011.0,5030.0
2015-01-07 14:05:00,2011.0,2011.5,2010.25,2011.0,3701.0
2015-01-07 14:10:00,2011.0,2011.5,2010.0,2011.25,5490.0
2015-01-07 14:15:00,2011.25,2012.0,2011.0,2011.5,2366.0
2015-01-07 14:20:00,2011.5,2012.0,2011.0,2011.75,2171.0
2015-01-07 14:25:00,2011.75,2012.0,2010.75,2010.75,3724.0
2015-01-07 14:30:00,2011.0,2012.0,2007.5,2007.75,44621.0
2015-01-07 14:35:00,2007.75,2013.5,2007.75,2012.75,35671.0
2015-01-07 14:40:00,2012.75,2012.75,2009.5,2011.25,29073.0
2015-01-07 14:45:00,2011.5,2013.5,2010.25,2012.75,26460.0
2015-01-07 14:50:00,2012.75,2015.75,2011.5,2015.25,31493.0
2015-01-07 14:55:00,2015.5,2015.75,2013.75,2015.0,21241.0
2015-01-07 15:00:00,2015.25,2018.25,2015.0,2016.25,31808.0
2015-01-07 15:05:00,2016.25,2017.5,2015.25,2015.5,16972.0
2015-01-07 15:10:00,2015.5,2016.5,2012.75,2012.75,24754.0
2015-01-07 15:15:00,2012.75,2015.25,2012.75,2014.5,19723.0
2015-01-07 15:20:00,2014.25,2016.0,2014.0,2014.25,16354.0
2015-01-07 15:25:00,2014.25,2014.5,2010.75,2012.75,28191.0
2015-01-07 15:30:00,2012.75,2013.0,2009.0,2010.5,28515.0
2015-01-07 15:35:00,2010.75,2013.25,2010.5,2011.25,16457.0
2015-01-07 15:40:00,2011.25,2011.5,2005.75,2009.25,34731.0
2015-01-07 15:45:00,2009.25,2012.5,2008.5,2012.0,15020.0
2015-01-07 15:50:00,2011.75,2014.75,2011.75,2013.75,20405.0
2015-01-07 15:55:00,2013.75,2015.0,2011.5,2011.75,13998.0
2015-01-07 16:00:00,2012.0,2014.25,2010.25,2011.0,16983.0
2015-01-07 16:05:00,2010.75,2012.5,2008.5,2010.0,18793.0
2015-01-07 16:10:00,2010.0,2010.75,2007.5,2007.75,17211.0
2015-01-07 16:15:00,2007.75,2008.5,2006.0,2008.25,22757.0
2015-01-07 16:20:00,2008.25,2009.0,2006.0,2007.75,17560.0
2015-01-07 16:25:00,2007.75,2008.0,2004.75,2006.75,27870.0
2015-01-07 16:30:00,2006.5,2010.75,2006.25,2010.5,32783.0
2015-01-07 16:35:00,2010.25,2011.25,2009.0,2009.25,19810.0
2015-01-07 16:40:00,2009.5,2011.75,2009.25,2011.25,15132.0
2015-01-07 16:45:00,2011.25,2012.75,2010.75,2011.75,15622.0
2015-01-07 16:50:00,2011.75,2015.75,2011.25,2015.75,24848.0
2015-01-07 16:55:00,2015.5,2019.25,2015.25,2017.75,42679.0
2015-01-07 17:00:00,2017.75,2021.75,2017.25,2019.5,36550.0
2015-01-07 17:05:00,2019.75,2023.75,2017.5,2023.75,40993.0
2015-01-07 17:10:00,2023.75,2023.75,2017.0,2017.25,34165.0
2015-01-07 17:15:00,2017.25,2019.0,2016.75,2018.75,16930.0
2015-01-07 17:20:00,2018.75,2020.75,2018.5,2019.25,19571.0
2015-01-07 17:25:00,2019.25,2021.25,2019.0,2020.0,12389.0
2015-01-07 17:30:00,2020.0,2021.75,2017.75,2018.5,15451.0
2015-01-07 17:35:00,2018.5,2020.0,2018.25,2019.0,7890.0
2015-01-07 17:40:00,2019.25,2020.5,2018.25,2019.0,9787.0
2015-01-07 17:45:00,2019.0,2019.25,2017.5,2018.25,9723.0
2015-01-07 17:50:00,2018.25,2019.5,2018.0,2019.0,6497.0
2015-01-07 17:55:00,2018.75,2019.0,2018.0,2018.25,4225.0
2015-01-07 18:00:00,2018.25,2020.0,2017.5,2019.25,8855.0
2015-01-07 18:05:00,2019.0,2019.25,2017.0,2017.25,10690.0
2015-01-07 18:10:00,2017.25,2017.5,2015.5,2017.5,8813.0
2015-01-07 18:15:00,2017.25,2019.0,2016.75,2018.25,4023.0
2015-01-07 18:20:00,2018.25,2018.5,2016.0,2016.25,5954.0
2015-01-07 18:25:00,2016.25,2016.75,2013.5,2015.25,18264.0
2015-01-07 18:30:00,2015.0,2015.75,2014.0,2015.25,8364.0
2015-01-07 18:35:00,2015.25,2017.25,2015.25,2016.0,6942.0
2015-01-07 18:40:00,2016.0,2017.25,2015.5,2017.25,4363.0
2015-01-07 18:45:00,2017.25,2019.5,2016.0,2019.25,9092.0
2015-01-07 18:50:00,2019.5,2020.0,2017.75,2018.0,8643.0
2015-01-07 18:55:00,2018.0,2019.0,2017.75,2018.75,4078.0
2015-01-07 19:00:00,2018.75,2021.25,2014.25,2020.5,32071.0
2015-01-07 19:05:00,2020.5,2021.0,2016.5,2019.5,22071.0
2015-01-07 19:10:00,2019.75,2021.75,2017.75,2018.5,19397.0
2015-01-07 19:15:00,2018.25,2019.75,2016.25,2017.25,12282.0
2015-01-07 19:20:00,2017.0,2020.0,2016.5,2016.75,12091.0
2015-01-07 19:25:00,2016.5,2018.5,2015.25,2017.75,15207.0
2015-01-07 19:30:00,2017.75,2019.5,2017.25,2019.0,10437.0
2015-01-07 19:35:00,2019.0,2021.5,2018.5,2019.5,17168.0
2015-01-07 19:40:00,2019.75,2020.5,2017.0,2017.75,11959.0
2015-01-07 19:45:00,2018.0,2019.75,2016.75,2018.75,9066.0
2015-01-07 19:50:00,2018.75,2019.5,2014.5,2015.75,12873.0
2015-01-07 19:55:00,2015.75,2017.0,2014.25,2015.0,11263.0
2015-01-07 20:00:00,2015.0,2017.0,2013.75,2016.0,10862.0
2015-01-07 20:05:00,2016.0,2018.5,2014.0,2017.25,11958.0
2015-01-07 20:10:00,2017.25,2018.75,2016.25,2016.75,6599.0
2015-01-07 20:15:00,2016.75,2017.25,2013.75,2016.75,13518.0
2015-01-07 20:20:00,2016.75,2018.25,2015.75,2016.75,8071.0
2015-01-07 20:25:00,2016.5,2017.0,2014.25,2016.5,9518.0
2015-01-07 20:30:00,2016.25,2018.0,2015.25,2016.75,10569.0
2015-01-07 20:35:00,2016.75,2018.25,2015.5,2016.5,9642.0
2015-01-07 20:40:00,2016.25,2018.0,2016.25,2016.75,6712.0
2015-01-07 20:45:00,2016.75,2019.25,2016.0,2018.0,15750.0
2015-01-07 20:50:00,2018.0,2018.75,2016.75,2018.25,13903.0
2015-01-07 20:55:00,2018.25,2019.0,2016.75,2019.0,26607.0
2015-01-07 21:00:00,2018.75,2020.5,2017.0,2018.25,84632.0
2015-01-07 21:05:00,2018.25,2019.0,2017.75,2019.0,8833.0
2015-01-07 21:10:00,2018.75,2019.5,2018.25,2019.25,7264.0
2015-01-07 21:15:00,2019.0,2020.25,2017.75,2020.0,11645.0
2015-01-07 21:30:00,2020.0,2020.5,2019.75,2020.5,1917.0
2015-01-07 21:35:00,2020.5,2020.5,2020.0,2020.25,528.0
2015-01-07 21:40:00,2020.25,2021.0,2020.25,2020.75,973.0
2015-01-07 21:45:00,2020.75,2021.25,2020.75,2021.25,1094.0
2015-01-07 21:50:00,2021.25,2021.5,2021.0,2021.0,548.0
2015-01-07 21:55:00,2021.0,2021.25,2020.5,2020.75,319.0
2015-01-07 22:00:00,2020.75,2020.75,2020.5,2020.75,406.0
2015-01-07 22:05:00,2020.75,2021.0,2020.5,2020.5,425.0
2015-01-07 22:10:00,2020.5,2020.75,2020.25,2020.25,254.0
2015-01-07 22:15:00,2020.5,2020.5,2020.25,2020.25,342.0
2015-01-07 23:00:00,2020.5,2021.5,2020.25,2021.25,1094.0
2015-01-07 23:05:00,2021.0,2021.5,2021.0,2021.25,150.0
2015-01-07 23:10:00,2021.25,2021.75,2021.0,2021.25,381.0
2015-01-07 23:15:00,2021.0,2021.25,2020.75,2021.0,198.0
2015-01-07 23:20:00,2021.25,2021.75,2021.0,2021.75,230.0
2015-01-07 23:25:00,2021.5,2021.75,2021.25,2021.75,141.0
2015-01-07 23:30:00,2021.75,2022.25,2021.75,2022.0,501.0
2015-01-07 23:35:00,2022.25,2022.25,2021.5,2022.0,212.0
2015-01-07 23:40:00,2022.0,2022.0,2021.5,2021.5,89.0
2015-01-07 23:45:00,2021.5,2022.0,2021.5,2022.0,234.0
2015-01-07 23:50:00,2021.75,2021.75,2021.25,2021.25,506.0
2015-01-07 23:55:00,2021.25,2021.5,2020.75,2021.0,207.0
2015-01-08 00:00:00,2021.25,2022.0,2021.0,2021.5,471.0
2015-01-08 00:05:00,2021.75,2022.0,2021.25,2021.75,190.0
2015-01-08 00:10:00,2021.75,2021.75,2021.25,2021.75,260.0
2015-01-08 00:15:00,2021.5,2021.75,2020.75,2021.0,364.0
2015-01-08 00:20:00,2021.0,2021.5,2021.0,2021.0,105.0
2015-01-08 00:25:00,2021.0,2021.25,2020.75,2021.25,231.0
2015-01-08 00:30:00,2021.0,2021.25,2020.25,2020.75,426.0
2015-01-08 00:35:00,2020.5,2021.0,2020.25,2020.25,159.0
2015-01-08 00:40:00,2020.25,2021.0,2020.25,2020.5,198.0
2015-01-08 00:45:00,2020.5,2021.25,2020.5,2021.25,266.0
2015-01-08 00:50:00,2021.25,2021.75,2021.0,2021.5,424.0
2015-01-08 00:55:00,2021.5,2021.5,2021.0,2021.25,178.0
2015-01-08 01:00:00,2021.25,2022.5,2021.0,2022.0,936.0
2015-01-08 01:05:00,2022.25,2022.5,2022.0,2022.25,309.0
2015-01-08 01:10:00,2022.25,2022.5,2022.0,2022.25,468.0
2015-01-08 01:15:00,2022.0,2023.75,2022.0,2023.75,1440.0
2015-01-08 01:20:00,2023.5,2028.0,2023.25,2027.75,9311.0
2015-01-08 01:25:00,2027.75,2029.25,2027.0,2029.0,2608.0
2015-01-08 01:30:00,2029.0,2030.75,2028.0,2029.75,3106.0
2015-01-08 01:35:00,2029.75,2032.5,2029.75,2031.75,5229.0
2015-01-08 01:40:00,2031.75,2032.5,2030.5,2032.5,2606.0
2015-01-08 01:45:00,2032.5,2038.25,2032.25,2037.5,8419.0
2015-01-08 01:50:00,2037.25,2038.5,2034.5,2035.75,4974.0
2015-01-08 01:55:00,2035.75,2035.75,2033.75,2035.5,2217.0
2015-01-08 02:00:00,2035.5,2035.75,2033.5,2034.0,1239.0
2015-01-08 02:05:00,2034.0,2034.0,2031.25,2033.25,3834.0
2015-01-08 02:10:00,2033.0,2033.5,2032.5,2033.5,593.0
2015-01-08 02:15:00,2033.5,2034.75,2032.5,2033.25,1692.0
2015-01-08 02:20:00,2033.25,2033.25,2032.5,2033.0,471.0
2015-01-08 02:25:00,2033.0,2033.75,2033.0,2033.5,362.0
2015-01-08 02:30:00,2033.5,2034.5,2033.5,2033.75,638.0
2015-01-08 02:35:00,2033.75,2034.5,2033.75,2034.5,418.0
2015-01-08 02:40:00,2034.5,2035.25,2034.25,2034.25,1456.0
2015-01-08 02:45:00,2034.25,2034.5,2033.5,2034.0,490.0
2015-01-08 02:50:00,2033.75,2035.0,2033.75,2034.75,383.0
2015-01-08 02:55:00,2034.75,2035.25,2033.5,2033.75,593.0
2015-01-08 03:00:00,2033.75,2033.75,2032.75,2033.25,945.0
2015-01-08 03:05:00,2033.0,2034.75,2033.0,2033.25,570.0
2015-01-08 03:10:00,2033.25,2033.5,2033.0,2033.25,98.0
2015-01-08 03:15:00,2033.5,2033.5,2032.5,2032.75,568.0
2015-01-08 03:20:00,2033.0,2033.0,2031.75,2032.0,791.0
2015-01-08 03:25:00,2032.0,2032.5,2031.75,2032.0,772.0
2015-01-08 03:30:00,2032.25,2033.25,2031.75,2032.5,831.0
2015-01-08 03:35:00,2032.25,2033.5,2032.25,2032.75,668.0
2015-01-08 03:40:00,2032.5,2033.25,2032.25,2032.5,245.0
2015-01-08 03:45:00,2032.5,2032.5,2032.0,2032.25,256.0
2015-01-08 03:50:00,2032.25,2032.5,2031.5,2031.75,483.0
2015-01-08 03:55:00,2032.0,2032.25,2031.75,2032.0,315.0
2015-01-08 04:00:00,2032.0,2032.0,2031.75,2032.0,42.0
2015-01-08 04:05:00,2031.75,2032.25,2031.75,2032.0,148.0
2015-01-08 04:10:00,2032.0,2033.25,2032.0,2032.75,490.0
2015-01-08 04:15:00,2032.75,2033.75,2032.5,2033.75,368.0
2015-01-08 04:20:00,2033.5,2034.25,2033.25,2034.25,710.0
2015-01-08 04:25:00,2034.25,2034.5,2033.75,2034.0,402.0
2015-01-08 04:30:00,2034.0,2034.5,2033.75,2034.0,269.0
2015-01-08 04:35:00,2034.25,2034.5,2034.0,2034.25,150.0
2015-01-08 04:40:00,2034.25,2034.5,2034.25,2034.5,38.0
2015-01-08 04:45:00,2034.5,2035.5,2034.5,2035.0,1905.0
2015-01-08 04:50:00,2034.75,2035.0,2033.5,2033.75,584.0
2015-01-08 04:55:00,2033.75,2034.0,2033.5,2033.5,212.0
2015-01-08 05:00:00,2033.5,2034.25,2033.25,2034.0,241.0
2015-01-08 05:05:00,2034.0,2034.25,2033.25,2033.25,243.0
2015-01-08 05:10:00,2033.5,2033.5,2032.25,2032.25,485.0
2015-01-08 05:15:00,2032.25,2032.75,2032.0,2032.5,397.0
2015-01-08 05:20:00,2032.25,2033.25,2032.25,2033.0,336.0
2015-01-08 05:25:00,2032.75,2033.25,2032.25,2033.0,306.0
2015-01-08 05:30:00,2033.0,2033.5,2032.5,2033.5,421.0
2015-01-08 05:35:00,2033.5,2033.75,2033.0,2033.25,217.0
2015-01-08 05:40:00,2033.25,2033.5,2033.0,2033.25,186.0
2015-01-08 05:45:00,2033.25,2033.5,2032.5,2032.75,492.0
2015-01-08 05:50:00,2032.75,2033.0,2032.75,2033.0,101.0
2015-01-08 05:55:00,2032.75,2033.25,2032.25,2032.5,644.0
2015-01-08 06:00:00,2032.5,2034.0,2032.5,2033.75,483.0
2015-01-08 06:05:00,2033.75,2034.0,2033.25,2033.25,192.0
2015-01-08 06:10:00,2033.5,2034.5,2033.5,2034.5,289.0
2015-01-08 06:15:00,2034.5,2035.5,2034.25,2034.75,1085.0
2015-01-08 06:20:00,2034.5,2034.5,2033.75,2034.0,363.0
2015-01-08 06:25:00,2034.0,2034.25,2034.0,2034.0,66.0
2015-01-08 06:30:00,2033.75,2034.0,2033.5,2033.75,159.0
2015-01-08 06:35:00,2034.0,2034.0,2033.75,2033.75,138.0
2015-01-08 06:40:00,2033.5,2033.75,2033.25,2033.5,234.0
2015-01-08 06:45:00,2033.5,2033.5,2033.25,2033.25,158.0
2015-01-08 06:50:00,2033.25,2034.0,2033.25,2033.75,93.0
2015-01-08 06:55:00,2033.75,2034.25,2033.5,2034.0,325.0
2015-01-08 07:00:00,2034.0,2034.0,2032.0,2033.0,1920.0
2015-01-08 07:05:00,2033.0,2033.25,2031.5,2032.0,1034.0
2015-01-08 07:10:00,2032.25,2032.5,2032.0,2032.0,465.0
2015-01-08 07:15:00,2032.0,2033.25,2032.0,2032.75,758.0
2015-01-08 07:20:00,2032.75,2034.0,2032.75,2033.5,994.0
2015-01-08 07:25:00,2033.5,2034.0,2033.5,2034.0,493.0
2015-01-08 07:30:00,2033.75,2034.5,2032.75,2033.0,1328.0
2015-01-08 07:35:00,2033.0,2033.5,2032.75,2033.0,1026.0
2015-01-08 07:40:00,2032.75,2033.25,2032.5,2032.5,424.0
2015-01-08 07:45:00,2032.75,2034.0,2032.0,2033.5,1312.0
2015-01-08 07:50:00,2033.25,2033.75,2032.5,2032.75,372.0
2015-01-08 07:55:00,2033.0,2033.25,2032.5,2033.25,721.0
2015-01-08 08:00:00,2033.25,2033.5,2031.5,2032.0,2575.0
2015-01-08 08:05:00,2032.0,2032.25,2030.75,2031.25,2284.0
2015-01-08 08:10:00,2031.5,2032.0,2030.5,2031.25,2285.0
2015-01-08 08:15:00,2031.0,2032.5,2030.5,2032.5,1693.0
2015-01-08 08:20:00,2032.75,2033.5,2031.75,2033.25,2499.0
2015-01-08 08:25:00,2033.0,2033.5,2032.75,2032.75,1189.0
2015-01-08 08:30:00,2032.75,2034.75,2032.5,2034.75,2224.0
2015-01-08 08:35:00,2034.75,2034.75,2033.75,2034.0,2019.0
2015-01-08 08:40:00,2034.0,2034.25,2033.5,2033.75,1111.0
2015-01-08 08:45:00,2033.75,2034.25,2033.5,2033.5,927.0
2015-01-08 08:50:00,2033.5,2033.75,2032.75,2033.0,968.0
2015-01-08 08:55:00,2033.25,2033.5,2032.25,2032.75,1288.0
2015-01-08 09:00:00,2033.0,2033.0,2032.0,2033.0,976.0
2015-01-08 09:05:00,2033.0,2033.75,2032.75,2033.5,1239.0
2015-01-08 09:10:00,2033.5,2033.5,2033.0,2033.5,888.0
2015-01-08 09:15:00,2033.5,2033.75,2033.0,2033.75,517.0
2015-01-08 09:20:00,2033.5,2033.5,2032.5,2032.75,730.0
2015-01-08 09:25:00,2032.75,2033.5,2032.75,2032.75,1897.0
2015-01-08 09:30:00,2032.75,2033.0,2032.0,2032.25,1083.0
2015-01-08 09:35:00,2032.5,2032.75,2032.25,2032.75,896.0
2015-01-08 09:40:00,2032.5,2033.25,2032.5,2033.0,814.0
2015-01-08 09:45:00,2032.75,2033.25,2032.25,2033.0,907.0
2015-01-08 09:50:00,2033.0,2033.25,2032.75,2033.0,710.0
2015-01-08 09:55:00,2032.75,2033.0,2032.25,2032.5,845.0
2015-01-08 10:00:00,2032.5,2033.0,2032.5,2032.75,514.0
2015-01-08 10:05:00,2032.75,2033.5,2032.5,2033.5,758.0
2015-01-08 10:10:00,2033.5,2034.0,2033.25,2033.5,1975.0
2015-01-08 10:15:00,2033.5,2033.5,2032.5,2032.75,777.0
2015-01-08 10:20:00,2032.75,2032.75,2032.0,2032.25,1421.0
2015-01-08 10:25:00,2032.25,2032.25,2031.5,2031.75,1279.0
2015-01-08 10:30:00,2032.0,2032.0,2031.75,2031.75,412.0
2015-01-08 10:35:00,2031.75,2032.25,2031.75,2032.0,796.0
2015-01-08 10:40:00,2032.25,2032.75,2031.5,2031.75,870.0
2015-01-08 10:45:00,2031.75,2032.75,2031.75,2032.0,922.0
2015-01-08 10:50:00,2032.0,2033.0,2031.5,2032.75,894.0
2015-01-08 10:55:00,2032.75,2033.5,2032.75,2033.5,1024.0
2015-01-08 11:00:00,2033.5,2033.75,2033.0,2033.0,706.0
2015-01-08 11:05:00,2033.25,2033.5,2032.25,2032.75,1666.0
2015-01-08 11:10:00,2032.5,2034.25,2032.5,2034.25,2150.0
2015-01-08 11:15:00,2034.25,2036.0,2034.25,2035.75,2979.0
2015-01-08 11:20:00,2035.75,2037.75,2035.75,2037.25,3354.0
2015-01-08 11:25:00,2037.25,2037.5,2035.75,2036.5,2035.0
2015-01-08 11:30:00,2036.75,2037.5,2036.25,2037.0,1236.0
2015-01-08 11:35:00,2037.0,2038.75,2037.0,2038.0,2821.0
2015-01-08 11:40:00,2037.75,2038.75,2037.75,2038.5,2661.0
2015-01-08 11:45:00,2038.25,2039.0,2037.25,2037.25,3000.0
2015-01-08 11:50:00,2037.25,2037.75,2035.75,2037.0,2808.0
2015-01-08 11:55:00,2036.75,2037.75,2036.5,2037.0,1881.0
2015-01-08 12:00:00,2037.25,2038.25,2037.0,2037.25,2032.0
2015-01-08 12:05:00,2037.0,2039.0,2036.5,2038.75,4200.0
2015-01-08 12:10:00,2038.75,2041.0,2038.5,2040.0,6490.0
2015-01-08 12:15:00,2040.0,2040.5,2039.25,2039.5,1600.0
2015-01-08 12:20:00,2039.5,2039.75,2038.75,2039.25,2126.0
2015-01-08 12:25:00,2039.25,2039.75,2038.5,2039.25,2874.0
2015-01-08 12:30:00,2039.0,2039.25,2038.25,2039.0,1580.0
2015-01-08 12:35:00,2039.0,2039.75,2038.75,2039.0,2284.0
2015-01-08 12:40:00,2039.0,2039.0,2038.25,2038.5,1292.0
2015-01-08 12:45:00,2038.5,2038.5,2037.75,2038.0,1866.0
2015-01-08 12:50:00,2038.25,2038.5,2037.25,2038.5,2769.0
2015-01-08 12:55:00,2038.5,2038.75,2035.75,2036.0,5286.0
2015-01-08 13:00:00,2036.25,2037.0,2035.25,2036.75,4072.0
2015-01-08 13:05:00,2036.75,2037.5,2036.75,2037.0,2131.0
2015-01-08 13:10:00,2037.25,2037.75,2036.75,2037.25,1441.0
2015-01-08 13:15:00,2037.25,2038.5,2036.75,2037.25,4291.0
2015-01-08 13:20:00,2037.0,2037.25,2035.25,2035.75,4239.0
2015-01-08 13:25:00,2035.5,2036.0,2035.0,2035.5,1945.0
2015-01-08 13:30:00,2035.25,2037.5,2035.0,2035.25,4555.0
2015-01-08 13:35:00,2035.25,2036.5,2034.75,2035.5,5402.0
2015-01-08 13:40:00,2035.5,2036.0,2033.75,2034.5,5766.0
2015-01-08 13:45:00,2034.75,2036.5,2034.5,2036.25,3033.0
2015-01-08 13:50:00,2036.25,2036.5,2035.25,2035.75,1773.0
2015-01-08 13:55:00,2035.75,2036.25,2034.75,2034.75,1935.0
2015-01-08 14:00:00,2034.75,2035.75,2034.5,2035.5,2076.0
2015-01-08 14:05:00,2035.5,2035.75,2034.5,2035.5,1398.0
2015-01-08 14:10:00,2035.75,2037.0,2035.5,2036.0,2558.0
2015-01-08 14:15:00,2035.75,2036.75,2035.5,2036.25,1698.0
2015-01-08 14:20:00,2036.0,2036.25,2035.25,2035.75,1593.0
2015-01-08 14:25:00,2035.75,2036.5,2035.25,2036.0,3358.0
2015-01-08 14:30:00,2036.0,2038.25,2035.75,2038.25,34759.0
2015-01-08 14:35:00,2038.25,2040.25,2037.0,2039.75,35511.0
2015-01-08 14:40:00,2039.75,2042.5,2039.25,2042.0,40386.0
2015-01-08 14:45:00,2042.25,2043.75,2041.5,2043.0,30593.0
2015-01-08 14:50:00,2043.0,2043.75,2042.25,2043.0,25330.0
2015-01-08 14:55:00,2043.0,2044.0,2042.5,2043.75,21355.0
2015-01-08 15:00:00,2044.0,2046.75,2043.25,2045.5,41301.0
2015-01-08 15:05:00,2045.5,2046.5,2044.75,2046.0,27188.0
2015-01-08 15:10:00,2046.0,2048.0,2045.75,2047.5,30006.0
2015-01-08 15:15:00,2047.25,2049.0,2047.25,2047.5,25684.0
2015-01-08 15:20:00,2047.75,2048.25,2046.25,2047.0,17748.0
2015-01-08 15:25:00,2047.0,2048.25,2046.75,2046.75,14632.0
2015-01-08 15:30:00,2047.0,2048.25,2046.5,2046.75,16024.0
2015-01-08 15:35:00,2046.75,2048.0,2046.0,2048.0,16792.0
2015-01-08 15:40:00,2048.0,2048.25,2046.75,2047.75,15587.0
2015-01-08 15:45:00,2047.75,2050.75,2047.75,2049.25,46108.0
2015-01-08 15:50:00,2049.25,2049.75,2048.0,2048.75,17906.0
2015-01-08 15:55:00,2048.75,2051.5,2048.25,2051.25,19826.0
2015-01-08 16:00:00,2051.25,2053.75,2050.5,2053.0,44876.0
2015-01-08 16:05:00,2052.75,2054.75,2052.25,2053.5,28208.0
2015-01-08 16:10:00,2053.5,2053.75,2052.25,2053.25,20124.0
2015-01-08 16:15:00,2053.25,2054.0,2052.25,2053.5,13942.0
2015-01-08 16:20:00,2053.5,2054.5,2053.0,2053.25,11425.0
2015-01-08 16:25:00,2053.25,2053.5,2051.25,2051.5,16439.0
2015-01-08 16:30:00,2051.5,2052.5,2051.25,2052.5,14802.0
2015-01-08 16:35:00,2052.5,2052.5,2051.0,2051.25,12909.0
2015-01-08 16:40:00,2051.5,2052.5,2051.0,2051.25,13549.0
2015-01-08 16:45:00,2051.5,2053.5,2051.5,2053.5,10766.0
2015-01-08 16:50:00,2053.5,2053.5,2052.0,2052.0,9564.0
2015-01-08 16:55:00,2052.0,2053.0,2052.0,2053.0,7080.0
2015-01-08 17:00:00,2052.75,2053.25,2052.0,2052.25,4796.0
2015-01-08 17:05:00,2052.0,2052.75,2051.0,2051.0,11627.0
2015-01-08 17:10:00,2051.0,2051.5,2048.75,2049.0,18261.0
2015-01-08 17:15:00,2048.75,2050.0,2048.75,2049.75,7987.0
2015-01-08 17:20:00,2049.75,2050.25,2048.75,2049.0,6500.0
2015-01-08 17:25:00,2048.75,2051.0,2048.75,2050.5,8692.0
2015-01-08 17:30:00,2050.75,2052.0,2050.5,2051.25,8691.0
2015-01-08 17:35:00,2051.25,2052.0,2050.75,2051.5,5133.0
2015-01-08 17:40:00,2051.5,2053.5,2051.25,2052.75,9258.0
2015-01-08 17:45:00,2052.75,2053.0,2052.0,2052.25,8182.0
2015-01-08 17:50:00,2052.25,2053.25,2052.25,2052.75,6562.0
2015-01-08 17:55:00,2052.75,2053.0,2052.0,2053.0,5411.0
2015-01-08 18:00:00,2053.25,2054.25,2052.25,2053.0,14944.0
2015-01-08 18:05:00,2053.0,2056.0,2052.75,2055.0,15481.0
2015-01-08 18:10:00,2055.25,2056.0,2054.75,2055.25,11903.0
2015-01-08 18:15:00,2055.25,2055.5,2054.5,2054.75,6362.0
2015-01-08 18:20:00,2054.75,2055.25,2054.25,2055.0,8714.0
2015-01-08 18:25:00,2054.75,2056.25,2054.75,2055.25,11363.0
2015-01-08 18:30:00,2055.25,2056.0,2054.75,2055.0,5701.0
2015-01-08 18:35:00,2055.0,2055.25,2054.25,2054.5,5954.0
2015-01-08 18:40:00,2054.25,2054.5,2053.75,2054.0,3583.0
2015-01-08 18:45:00,2053.75,2054.5,2053.0,2053.25,7929.0
2015-01-08 18:50:00,2053.0,2054.25,2052.75,2054.0,6317.0
2015-01-08 18:55:00,2054.0,2054.0,2050.25,2050.5,17795.0
2015-01-08 19:00:00,2050.5,2051.5,2050.25,2050.5,9551.0
2015-01-08 19:05:00,2050.5,2052.25,2050.25,2052.0,10735.0
2015-01-08 19:10:00,2051.75,2052.5,2050.75,2050.75,6849.0
2015-01-08 19:15:00,2050.5,2052.5,2050.25,2052.25,7719.0
2015-01-08 19:20:00,2052.25,2054.25,2051.5,2053.25,14677.0
2015-01-08 19:25:00,2053.25,2055.25,2053.0,2055.25,11024.0
2015-01-08 19:30:00,2055.25,2057.0,2054.75,2055.75,17213.0
2015-01-08 19:35:00,2055.75,2056.75,2055.75,2056.5,11091.0
2015-01-08 19:40:00,2056.5,2058.5,2056.25,2058.0,19674.0
2015-01-08 19:45:00,2058.25,2058.25,2056.5,2056.5,7921.0
2015-01-08 19:50:00,2056.75,2057.0,2056.0,2056.75,5200.0
2015-01-08 19:55:00,2056.75,2057.5,2056.25,2056.5,6855.0
2015-01-08 20:00:00,2056.5,2057.25,2055.75,2056.5,8658.0
2015-01-08 20:05:00,2056.5,2057.25,2055.25,2056.0,8168.0
2015-01-08 20:10:00,2056.0,2057.0,2055.0,2056.0,11385.0
2015-01-08 20:15:00,2056.25,2057.0,2055.75,2057.0,7524.0
2015-01-08 20:20:00,2057.0,2058.0,2056.5,2057.25,17147.0
2015-01-08 20:25:00,2057.25,2057.75,2055.75,2056.75,7222.0
2015-01-08 20:30:00,2057.0,2057.5,2055.0,2055.75,13108.0
2015-01-08 20:35:00,2055.75,2056.75,2055.25,2055.5,9899.0
2015-01-08 20:40:00,2055.25,2055.75,2053.5,2053.75,15366.0
2015-01-08 20:45:00,2053.75,2054.5,2052.75,2054.25,16081.0
2015-01-08 20:50:00,2054.25,2054.5,2053.5,2053.75,11171.0
2015-01-08 20:55:00,2053.75,2055.75,2053.75,2055.25,30827.0
2015-01-08 21:00:00,2055.0,2056.5,2054.75,2055.25,70183.0
2015-01-08 21:05:00,2055.5,2055.5,2054.25,2055.0,15901.0
2015-01-08 21:10:00,2054.75,2055.0,2053.0,2054.25,11557.0
2015-01-08 21:15:00,2054.25,2055.75,2054.0,2054.5,11075.0
2015-01-08 21:30:00,2054.25,2054.25,2053.25,2054.0,2471.0
2015-01-08 21:35:00,2053.75,2054.5,2053.75,2054.25,1190.0
2015-01-08 21:40:00,2054.25,2055.0,2054.0,2054.5,752.0
2015-01-08 21:45:00,2054.5,2054.75,2054.25,2054.25,804.0
2015-01-08 21:50:00,2054.25,2054.25,2053.75,2054.0,281.0
2015-01-08 21:55:00,2053.75,2054.0,2053.5,2053.5,475.0
2015-01-08 22:00:00,2053.25,2054.0,2053.25,2054.0,540.0
2015-01-08 22:05:00,2053.75,2054.25,2053.5,2053.5,596.0
2015-01-08 22:10:00,2053.5,2054.75,2053.5,2054.5,745.0
2015-01-08 22:15:00,2054.5,2054.75,2053.75,2054.0,510.0
2015-01-08 23:00:00,2053.75,2054.75,2053.5,2054.25,1184.0
2015-01-08 23:05:00,2054.5,2054.5,2054.0,2054.0,376.0
2015-01-08 23:10:00,2054.25,2054.25,2053.5,2053.75,264.0
2015-01-08 23:15:00,2053.5,2053.75,2053.0,2053.5,294.0
2015-01-08 23:20:00,2053.5,2053.5,2053.0,2053.5,294.0
2015-01-08 23:25:00,2053.5,2053.5,2053.0,2053.0,176.0
2015-01-08 23:30:00,2053.0,2053.75,2053.0,2053.5,202.0
2015-01-08 23:35:00,2053.75,2054.0,2053.75,2053.75,151.0
2015-01-08 23:40:00,2054.0,2054.25,2053.75,2054.0,178.0
2015-01-08 23:45:00,2054.25,2054.25,2054.0,2054.25,119.0
2015-01-08 23:50:00,2054.25,2054.25,2053.25,2053.25,317.0
2015-01-08 23:55:00,2053.25,2053.75,2053.25,2053.75,258.0
2015-01-09 00:00:00,2053.5,2054.0,2053.25,2053.5,435.0
2015-01-09 00:05:00,2053.5,2053.5,2053.0,2053.5,438.0
2015-01-09 00:10:00,2053.5,2053.5,2052.75,2053.25,499.0
2015-01-09 00:15:00,2053.0,2053.0,2052.75,2053.0,297.0
2015-01-09 00:20:00,2053.0,2053.5,2052.75,2053.5,385.0
2015-01-09 00:25:00,2053.25,2053.5,2052.75,2053.0,211.0
2015-01-09 00:30:00,2053.25,2053.5,2053.0,2053.5,188.0
2015-01-09 00:35:00,2053.25,2054.0,2053.25,2053.5,355.0
2015-01-09 00:40:00,2053.5,2053.75,2053.25,2053.5,162.0
2015-01-09 00:45:00,2053.5,2053.75,2053.25,2053.75,103.0
2015-01-09 00:50:00,2053.5,2053.5,2053.0,2053.5,561.0
2015-01-09 00:55:00,2053.5,2053.5,2053.25,2053.5,88.0
2015-01-09 01:00:00,2053.5,2053.75,2052.5,2052.75,590.0
2015-01-09 01:05:00,2052.75,2053.25,2051.25,2051.5,1254.0
2015-01-09 01:10:00,2051.5,2052.0,2051.25,2051.75,537.0
2015-01-09 01:15:00,2052.0,2052.25,2052.0,2052.0,283.0
2015-01-09 01:20:00,2052.25,2052.25,2051.5,2051.75,512.0
2015-01-09 01:25:00,2051.75,2052.0,2051.5,2051.5,284.0
2015-01-09 01:30:00,2051.75,2051.75,2051.5,2051.75,481.0
2015-01-09 01:35:00,2051.5,2052.0,2051.5,2051.75,489.0
2015-01-09 01:40:00,2052.0,2052.25,2051.25,2051.5,487.0
2015-01-09 01:45:00,2051.5,2052.0,2051.0,2052.0,488.0
2015-01-09 01:50:00,2052.0,2052.5,2051.75,2052.0,402.0
2015-01-09 01:55:00,2052.0,2052.0,2051.75,2052.0,146.0
2015-01-09 02:00:00,2052.0,2052.5,2051.75,2052.5,318.0
2015-01-09 02:05:00,2052.5,2053.0,2052.25,2053.0,203.0
2015-01-09 02:10:00,2052.75,2053.5,2052.75,2053.25,253.0
2015-01-09 02:15:00,2053.5,2053.5,2052.5,2052.5,438.0
2015-01-09 02:20:00,2052.75,2053.0,2052.5,2053.0,118.0
2015-01-09 02:25:00,2053.0,2053.0,2052.5,2052.75,87.0
2015-01-09 02:30:00,2052.75,2053.0,2052.5,2053.0,128.0
2015-01-09 02:35:00,2053.0,2053.0,2052.75,2052.75,53.0
2015-01-09 02:40:00,2053.0,2053.25,2053.0,2053.25,169.0
2015-01-09 02:45:00,2053.25,2053.5,2053.0,2053.5,74.0
2015-01-09 02:50:00,2053.5,2053.5,2052.75,2053.25,175.0
2015-01-09 02:55:00,2053.25,2053.25,2052.75,2053.0,203.0
2015-01-09 03:00:00,2053.0,2053.0,2052.75,2053.0,46.0
2015-01-09 03:05:00,2052.75,2053.0,2052.75,2053.0,130.0
2015-01-09 03:10:00,2053.0,2053.0,2052.5,2052.75,222.0
2015-01-09 03:15:00,2053.0,2053.0,2052.75,2052.75,60.0
2015-01-09 03:20:00,2052.75,2053.0,2052.5,2053.0,248.0
2015-01-09 03:25:00,2053.0,2053.25,2052.75,2053.0,318.0
2015-01-09 03:30:00,2053.25,2053.5,2052.5,2053.25,388.0
2015-01-09 03:35:00,2053.25,2053.5,2053.0,2053.0,324.0
2015-01-09 03:40:00,2053.0,2053.25,2053.0,2053.25,129.0
2015-01-09 03:45:00,2053.25,2053.5,2053.25,2053.5,199.0
2015-01-09 03:50:00,2053.5,2053.5,2053.25,2053.5,168.0
2015-01-09 03:55:00,2053.5,2053.5,2052.75,2052.75,451.0
2015-01-09 04:00:00,2052.75,2053.0,2052.75,2052.75,413.0
2015-01-09 04:05:00,2052.75,2052.75,2052.25,2052.25,219.0
2015-01-09 04:10:00,2052.25,2052.5,2052.0,2052.0,327.0
2015-01-09 04:15:00,2052.0,2052.0,2051.25,2051.25,645.0
2015-01-09 04:20:00,2051.5,2051.75,2051.5,2051.5,125.0
2015-01-09 04:25:00,2051.75,2052.0,2051.5,2051.75,87.0
2015-01-09 04:30:00,2051.75,2051.75,2051.25,2051.25,165.0
2015-01-09 04:35:00,2051.5,2051.5,2051.0,2051.25,181.0
2015-01-09 04:40:00,2051.5,2052.0,2051.25,2052.0,199.0
2015-01-09 04:45:00,2052.0,2052.0,2051.75,2052.0,186.0
2015-01-09 04:50:00,2052.0,2052.25,2052.0,2052.25,170.0
2015-01-09 04:55:00,2052.25,2052.25,2052.0,2052.0,85.0
2015-01-09 05:00:00,2052.25,2052.25,2051.0,2051.25,291.0
2015-01-09 05:05:00,2051.25,2051.75,2051.0,2051.5,248.0
2015-01-09 05:10:00,2051.5,2051.75,2051.25,2051.5,122.0
2015-01-09 05:15:00,2051.5,2052.0,2051.5,2051.75,115.0
2015-01-09 05:20:00,2052.0,2052.0,2051.75,2052.0,102.0
2015-01-09 05:25:00,2052.0,2052.25,2051.75,2052.0,299.0
2015-01-09 05:30:00,2052.0,2052.5,2051.75,2052.5,196.0
2015-01-09 05:35:00,2052.5,2052.75,2052.25,2052.75,154.0
2015-01-09 05:40:00,2052.75,2052.75,2052.5,2052.75,417.0
2015-01-09 05:45:00,2052.5,2052.5,2052.0,2052.25,165.0
2015-01-09 05:50:00,2052.5,2052.5,2052.0,2052.25,54.0
2015-01-09 05:55:00,2052.25,2052.5,2052.0,2052.5,79.0
2015-01-09 06:00:00,2052.5,2053.0,2052.5,2052.75,283.0
2015-01-09 06:05:00,2052.75,2053.0,2052.5,2052.5,154.0
2015-01-09 06:10:00,2052.75,2053.0,2052.0,2053.0,189.0
2015-01-09 06:15:00,2052.75,2053.0,2052.75,2052.75,119.0
2015-01-09 06:20:00,2052.5,2052.75,2052.25,2052.5,100.0
2015-01-09 06:25:00,2052.5,2052.5,2052.0,2052.25,98.0
2015-01-09 06:30:00,2052.25,2052.5,2052.25,2052.5,83.0
2015-01-09 06:35:00,2052.25,2052.25,2051.5,2051.5,283.0
2015-01-09 06:40:00,2051.75,2051.75,2051.25,2051.5,327.0
2015-01-09 06:45:00,2051.5,2051.5,2051.25,2051.5,58.0
2015-01-09 06:50:00,2051.5,2051.75,2051.25,2051.5,199.0
2015-01-09 06:55:00,2051.5,2052.0,2051.25,2051.5,265.0
2015-01-09 07:00:00,2051.5,2052.25,2051.5,2052.0,636.0
2015-01-09 07:05:00,2051.75,2052.75,2051.5,2052.75,966.0
2015-01-09 07:10:00,2052.75,2053.0,2052.25,2052.75,357.0
2015-01-09 07:15:00,2052.5,2053.0,2052.25,2052.5,558.0
2015-01-09 07:20:00,2052.25,2052.5,2051.5,2052.0,647.0
2015-01-09 07:25:00,2051.75,2051.75,2051.25,2051.25,462.0
2015-01-09 07:30:00,2051.5,2051.75,2050.5,2050.5,1676.0
2015-01-09 07:35:00,2050.75,2051.0,2050.25,2050.75,1139.0
2015-01-09 07:40:00,2050.75,2050.75,2050.25,2050.75,501.0
2015-01-09 07:45:00,2050.5,2050.75,2049.75,2050.25,2303.0
2015-01-09 07:50:00,2050.25,2051.25,2050.0,2051.0,407.0
2015-01-09 07:55:00,2051.0,2051.25,2050.5,2051.0,1015.0
2015-01-09 08:00:00,2051.0,2051.25,2049.75,2051.0,2607.0
2015-01-09 08:05:00,2050.75,2051.0,2050.0,2050.75,2255.0
2015-01-09 08:10:00,2050.5,2051.75,2050.25,2051.5,1852.0
2015-01-09 08:15:00,2051.75,2052.5,2051.5,2051.75,2667.0
2015-01-09 08:20:00,2051.75,2052.0,2051.25,2051.5,1284.0
2015-01-09 08:25:00,2051.5,2052.25,2051.25,2051.5,752.0
2015-01-09 08:30:00,2051.5,2052.75,2051.5,2052.5,1713.0
2015-01-09 08:35:00,2052.75,2053.5,2052.75,2053.0,1546.0
2015-01-09 08:40:00,2053.0,2053.25,2052.25,2052.5,649.0
2015-01-09 08:45:00,2052.25,2052.75,2051.75,2052.75,1065.0
2015-01-09 08:50:00,2052.75,2053.0,2052.0,2052.5,905.0
2015-01-09 08:55:00,2052.5,2053.0,2052.25,2053.0,1547.0
2015-01-09 09:00:00,2053.0,2053.75,2052.75,2053.0,1119.0
2015-01-09 09:05:00,2053.0,2055.0,2053.0,2054.75,2122.0
2015-01-09 09:10:00,2054.5,2055.0,2053.75,2054.25,1467.0
2015-01-09 09:15:00,2054.25,2054.75,2053.75,2053.75,818.0
2015-01-09 09:20:00,2053.75,2054.25,2053.25,2054.25,1031.0
2015-01-09 09:25:00,2054.25,2054.25,2053.5,2053.5,553.0
2015-01-09 09:30:00,2053.5,2054.0,2053.0,2053.25,920.0
2015-01-09 09:35:00,2053.25,2054.0,2053.25,2054.0,541.0
2015-01-09 09:40:00,2054.0,2054.0,2053.25,2053.5,386.0
2015-01-09 09:45:00,2053.25,2053.75,2052.25,2052.5,1756.0
2015-01-09 09:50:00,2052.5,2052.5,2051.0,2051.0,2316.0
2015-01-09 09:55:00,2051.0,2052.25,2050.5,2051.0,2546.0
2015-01-09 10:00:00,2051.0,2052.5,2050.75,2052.0,1440.0
2015-01-09 10:05:00,2052.0,2052.25,2051.5,2052.0,989.0
2015-01-09 10:10:00,2052.0,2052.25,2051.75,2052.25,390.0
2015-01-09 10:15:00,2052.25,2052.75,2051.5,2051.75,883.0
2015-01-09 10:20:00,2051.5,2052.0,2051.25,2051.75,632.0
2015-01-09 10:25:00,2051.75,2051.75,2051.0,2051.5,819.0
2015-01-09 10:30:00,2051.5,2052.0,2051.25,2052.0,320.0
2015-01-09 10:35:00,2052.0,2052.5,2052.0,2052.25,1234.0
2015-01-09 10:40:00,2052.25,2052.75,2052.0,2052.5,689.0
2015-01-09 10:45:00,2052.25,2052.5,2051.25,2051.5,1446.0
2015-01-09 10:50:00,2051.5,2051.75,2050.75,2050.75,1611.0
2015-01-09 10:55:00,2050.75,2051.5,2050.5,2051.25,624.0
2015-01-09 11:00:00,2051.0,2052.25,2051.0,2052.0,845.0
2015-01-09 11:05:00,2052.25,2052.5,2051.75,2052.0,493.0
2015-01-09 11:10:00,2052.25,2052.25,2051.75,2052.0,604.0
2015-01-09 11:15:00,2052.0,2053.0,2051.5,2052.0,2523.0
2015-01-09 11:20:00,2052.0,2053.0,2052.0,2052.25,668.0
2015-01-09 11:25:00,2052.25,2053.5,2052.25,2053.0,1480.0
2015-01-09 11:30:00,2052.75,2053.0,2051.5,2051.5,798.0
2015-01-09 11:35:00,2051.5,2052.5,2050.25,2050.5,3317.0
2015-01-09 11:40:00,2050.5,2050.75,2050.0,2050.25,1068.0
2015-01-09 11:45:00,2050.25,2050.75,2047.25,2048.0,6657.0
2015-01-09 11:50:00,2048.0,2049.25,2048.0,2049.0,1112.0
2015-01-09 11:55:00,2049.0,2049.0,2048.25,2048.75,1350.0
2015-01-09 12:00:00,2048.5,2049.25,2048.25,2049.25,1143.0
2015-01-09 12:05:00,2049.25,2050.25,2049.0,2050.0,2010.0
2015-01-09 12:10:00,2050.0,2050.5,2050.0,2050.5,839.0
2015-01-09 12:15:00,2050.5,2050.5,2049.5,2049.75,993.0
2015-01-09 12:20:00,2049.5,2050.0,2048.75,2049.0,2058.0
2015-01-09 12:25:00,2049.0,2049.0,2047.5,2048.25,3612.0
2015-01-09 12:30:00,2048.25,2048.75,2047.75,2047.75,2312.0
2015-01-09 12:35:00,2048.0,2048.25,2047.25,2048.0,1843.0
2015-01-09 12:40:00,2048.0,2049.0,2047.5,2048.25,4146.0
2015-01-09 12:45:00,2048.25,2048.5,2047.0,2047.75,2927.0
2015-01-09 12:50:00,2047.75,2048.75,2047.75,2048.5,1712.0
2015-01-09 12:55:00,2048.5,2048.5,2047.5,2047.75,1378.0
2015-01-09 13:00:00,2047.75,2049.25,2047.25,2049.25,2361.0
2015-01-09 13:05:00,2049.25,2049.25,2048.75,2049.0,2465.0
2015-01-09 13:10:00,2049.0,2049.25,2047.25,2047.5,2003.0
2015-01-09 13:15:00,2047.5,2048.25,2047.25,2048.0,1850.0
2015-01-09 13:20:00,2048.0,2048.5,2047.25,2047.5,3347.0
2015-01-09 13:25:00,2047.75,2047.75,2046.25,2047.0,4845.0
2015-01-09 13:30:00,2046.75,2060.0,2046.25,2054.75,48862.0
2015-01-09 13:35:00,2054.75,2061.75,2054.0,2061.5,30693.0
2015-01-09 13:40:00,2061.5,2062.0,2057.5,2058.0,18697.0
2015-01-09 13:45:00,2058.25,2059.75,2056.0,2056.25,12240.0
2015-01-09 13:50:00,2056.25,2056.75,2054.5,2056.0,12044.0
2015-01-09 13:55:00,2055.75,2057.75,2054.75,2057.25,6530.0
2015-01-09 14:00:00,2057.25,2057.5,2055.5,2056.75,4073.0
2015-01-09 14:05:00,2057.0,2058.75,2056.5,2057.75,5985.0
2015-01-09 14:10:00,2058.0,2058.5,2057.0,2057.5,3563.0
2015-01-09 14:15:00,2057.75,2058.5,2057.5,2057.75,3663.0
2015-01-09 14:20:00,2057.5,2058.25,2057.0,2057.75,3202.0
2015-01-09 14:25:00,2057.75,2058.75,2057.25,2058.25,4883.0
2015-01-09 14:30:00,2058.5,2061.0,2055.25,2055.75,49697.0
2015-01-09 14:35:00,2055.5,2056.0,2050.5,2053.0,56727.0
2015-01-09 14:40:00,2053.0,2056.0,2053.0,2055.25,31559.0
2015-01-09 14:45:00,2055.0,2056.25,2049.0,2049.25,40753.0
2015-01-09 14:50:00,2049.25,2050.75,2047.75,2049.0,33347.0
2015-01-09 14:55:00,2049.0,2050.75,2044.75,2047.25,43637.0
2015-01-09 15:00:00,2047.25,2049.75,2045.75,2049.25,25109.0
2015-01-09 15:05:00,2049.25,2049.5,2046.75,2049.0,24968.0
2015-01-09 15:10:00,2049.0,2052.25,2048.5,2049.25,26583.0
2015-01-09 15:15:00,2049.25,2050.75,2046.75,2049.0,21607.0
2015-01-09 15:20:00,2049.0,2049.75,2046.5,2047.75,16755.0
2015-01-09 15:25:00,2047.75,2048.0,2042.75,2043.0,30077.0
2015-01-09 15:30:00,2043.0,2043.75,2037.25,2038.25,60305.0
2015-01-09 15:35:00,2038.25,2041.5,2037.5,2039.0,32022.0
2015-01-09 15:40:00,2039.0,2039.5,2036.0,2038.5,33443.0
2015-01-09 15:45:00,2038.25,2041.25,2037.0,2041.0,25525.0
2015-01-09 15:50:00,2041.0,2042.75,2038.75,2041.75,20855.0
2015-01-09 15:55:00,2042.0,2042.75,2039.75,2042.0,16807.0
2015-01-09 16:00:00,2042.0,2042.0,2037.0,2038.0,23786.0
2015-01-09 16:05:00,2037.75,2039.75,2037.0,2038.75,16577.0
2015-01-09 16:10:00,2039.0,2039.25,2033.0,2033.25,39627.0
2015-01-09 16:15:00,2033.25,2034.25,2032.25,2034.25,28307.0
2015-01-09 16:20:00,2034.25,2034.5,2031.25,2033.25,31801.0
2015-01-09 16:25:00,2033.25,2035.5,2033.0,2033.75,27646.0
2015-01-09 16:30:00,2034.0,2036.5,2031.25,2036.0,29399.0
2015-01-09 16:35:00,2035.75,2037.75,2035.5,2037.5,19542.0
2015-01-09 16:40:00,2037.25,2037.75,2035.5,2037.0,14000.0
2015-01-09 16:45:00,2037.0,2040.25,2036.75,2040.25,19324.0
2015-01-09 16:50:00,2040.0,2040.5,2038.0,2039.75,20656.0
2015-01-09 16:55:00,2040.0,2040.25,2038.0,2039.75,10305.0
2015-01-09 17:00:00,2039.75,2042.0,2039.75,2042.0,19228.0
2015-01-09 17:05:00,2041.75,2043.75,2041.0,2043.75,22732.0
2015-01-09 17:10:00,2043.5,2044.5,2042.75,2044.0,16537.0
2015-01-09 17:15:00,2044.25,2044.5,2043.0,2044.0,9532.0
2015-01-09 17:20:00,2044.25,2045.0,2041.25,2041.25,17375.0
2015-01-09 17:25:00,2041.25,2041.75,2039.25,2040.25,15625.0
2015-01-09 17:30:00,2040.25,2042.5,2039.75,2040.0,15484.0
2015-01-09 17:35:00,2040.25,2040.25,2038.25,2039.5,12537.0
2015-01-09 17:40:00,2039.5,2040.75,2039.25,2040.5,6707.0
2015-01-09 17:45:00,2040.5,2041.75,2040.0,2041.0,6516.0
2015-01-09 17:50:00,2041.0,2041.0,2038.25,2039.0,7382.0
2015-01-09 17:55:00,2039.0,2040.0,2036.5,2036.75,9587.0
2015-01-09 18:00:00,2037.0,2037.5,2035.5,2037.25,13597.0
2015-01-09 18:05:00,2037.25,2038.75,2037.0,2038.25,8176.0
2015-01-09 18:10:00,2038.25,2040.75,2037.25,2040.5,12546.0
2015-01-09 18:15:00,2040.75,2042.75,2040.5,2041.75,13599.0
2015-01-09 18:20:00,2042.0,2043.0,2040.5,2040.75,8981.0
2015-01-09 18:25:00,2040.75,2041.25,2039.25,2039.75,6544.0
2015-01-09 18:30:00,2039.5,2042.5,2039.0,2041.75,9437.0
2015-01-09 18:35:00,2041.75,2042.25,2040.25,2040.25,8135.0
2015-01-09 18:40:00,2040.5,2041.75,2037.75,2038.0,11006.0
2015-01-09 18:45:00,2038.25,2040.25,2037.75,2038.5,6866.0
2015-01-09 18:50:00,2038.5,2042.75,2038.25,2041.5,19518.0
2015-01-09 18:55:00,2041.75,2041.75,2039.5,2040.0,9366.0
2015-01-09 19:00:00,2040.25,2040.5,2037.75,2039.0,11421.0
2015-01-09 19:05:00,2039.0,2040.75,2038.0,2039.75,9236.0
2015-01-09 19:10:00,2039.5,2040.75,2039.5,2040.25,6473.0
2015-01-09 19:15:00,2040.0,2040.75,2038.75,2039.5,7737.0
2015-01-09 19:20:00,2039.5,2040.5,2038.5,2039.5,10034.0
2015-01-09 19:25:00,2039.5,2040.5,2038.5,2040.0,8836.0
2015-01-09 19:30:00,2040.0,2040.5,2037.25,2038.5,15488.0
2015-01-09 19:35:00,2038.5,2041.5,2038.25,2040.75,10452.0
2015-01-09 19:40:00,2041.0,2042.75,2040.75,2040.75,13307.0
2015-01-09 19:45:00,2041.0,2041.75,2038.75,2039.0,11878.0
2015-01-09 19:50:00,2039.0,2041.75,2039.0,2041.75,12768.0
2015-01-09 19:55:00,2041.75,2041.75,2039.5,2041.0,9507.0
2015-01-09 20:00:00,2041.0,2041.75,2040.5,2041.25,6323.0
2015-01-09 20:05:00,2041.25,2044.75,2041.25,2044.0,18220.0
2015-01-09 20:10:00,2044.0,2047.0,2043.5,2045.75,25651.0
2015-01-09 20:15:00,2046.0,2047.0,2045.0,2045.25,12196.0
2015-01-09 20:20:00,2045.25,2046.0,2044.5,2044.5,7121.0
2015-01-09 20:25:00,2044.75,2045.5,2042.0,2042.25,14411.0
2015-01-09 20:30:00,2042.0,2042.75,2039.5,2041.25,19770.0
2015-01-09 20:35:00,2041.25,2042.5,2040.25,2040.25,7703.0
2015-01-09 20:40:00,2040.25,2044.0,2040.25,2042.75,15588.0
2015-01-09 20:45:00,2042.75,2043.0,2040.5,2041.75,16328.0
2015-01-09 20:50:00,2041.5,2043.0,2039.0,2040.0,32131.0
2015-01-09 20:55:00,2040.0,2040.25,2037.75,2038.5,25610.0
2015-01-09 21:00:00,2038.25,2039.0,2035.75,2036.0,72889.0
2015-01-09 21:05:00,2036.25,2036.75,2035.25,2036.25,13155.0
2015-01-09 21:10:00,2036.25,2037.0,2035.5,2035.5,13918.0
2015-01-09 21:15:00,2035.5,2036.5,2034.75,2035.0,10079.0
2015-01-09 21:30:00,2035.25,2036.25,2035.25,2036.25,5042.0
2015-01-09 21:35:00,2036.25,2036.5,2035.25,2035.5,2819.0
2015-01-09 21:40:00,2035.75,2035.75,2035.0,2035.0,547.0
2015-01-09 21:45:00,2035.0,2035.25,2034.75,2035.25,693.0
2015-01-09 21:50:00,2035.0,2035.25,2034.75,2034.75,642.0
2015-01-09 21:55:00,2035.0,2035.0,2034.5,2035.0,265.0
2015-01-09 22:00:00,2034.75,2035.0,2034.25,2034.25,417.0
2015-01-09 22:05:00,2034.5,2034.5,2034.0,2034.0,448.0
2015-01-09 22:10:00,2034.0,2034.25,2033.75,2034.0,437.0
2015-01-09 22:15:00,2033.75,2033.75,2033.5,2033.5,316.0
2015-01-11 23:00:00,2034.5,2036.75,2034.5,2035.25,2209.0
2015-01-11 23:05:00,2035.5,2037.25,2035.25,2037.25,890.0
2015-01-11 23:10:00,2037.0,2038.5,2037.0,2038.5,1217.0
2015-01-11 23:15:00,2038.5,2038.75,2037.5,2038.0,980.0
2015-01-11 23:20:00,2038.0,2038.25,2037.25,2037.25,493.0
2015-01-11 23:25:00,2037.5,2038.0,2036.0,2036.25,794.0
2015-01-11 23:30:00,2036.0,2036.0,2034.25,2035.0,1376.0
2015-01-11 23:35:00,2035.0,2035.0,2033.5,2033.75,1099.0
2015-01-11 23:40:00,2033.75,2034.75,2033.25,2034.75,1450.0
2015-01-11 23:45:00,2034.75,2034.75,2034.0,2034.25,483.0
2015-01-11 23:50:00,2034.25,2034.25,2032.75,2032.75,917.0
2015-01-11 23:55:00,2032.75,2033.5,2032.5,2033.25,1139.0
2015-01-12 00:00:00,2033.5,2034.25,2033.25,2034.25,426.0
2015-01-12 00:05:00,2034.25,2034.5,2033.5,2033.5,431.0
2015-01-12 00:10:00,2033.75,2034.25,2033.5,2034.0,547.0
2015-01-12 00:15:00,2034.0,2034.0,2033.5,2033.5,207.0
2015-01-12 00:20:00,2033.5,2034.5,2033.5,2034.0,349.0
2015-01-12 00:25:00,2034.0,2034.0,2032.5,2033.0,982.0
2015-01-12 00:30:00,2033.0,2033.75,2032.75,2033.25,425.0
2015-01-12 00:35:00,2033.25,2034.25,2033.25,2034.0,440.0
2015-01-12 00:40:00,2034.0,2034.25,2033.75,2033.75,823.0
2015-01-12 00:45:00,2034.0,2034.0,2033.75,2034.0,202.0
2015-01-12 00:50:00,2034.0,2034.0,2033.5,2033.75,126.0
2015-01-12 00:55:00,2033.75,2033.75,2033.5,2033.5,141.0
2015-01-12 01:00:00,2033.5,2034.25,2033.5,2034.25,446.0
2015-01-12 01:05:00,2034.25,2034.25,2033.75,2033.75,297.0
2015-01-12 01:10:00,2033.5,2033.75,2033.5,2033.5,61.0
2015-01-12 01:15:00,2033.75,2034.0,2033.5,2033.75,124.0
2015-01-12 01:20:00,2033.75,2034.0,2033.5,2033.5,616.0
2015-01-12 01:25:00,2033.5,2034.25,2033.25,2034.0,545.0
2015-01-12 01:30:00,2034.0,2034.25,2033.25,2033.5,291.0
2015-01-12 01:35:00,2033.5,2033.5,2033.0,2033.5,206.0
2015-01-12 01:40:00,2033.5,2034.0,2033.5,2033.75,306.0
2015-01-12 01:45:00,2033.75,2034.0,2033.75,2034.0,113.0
2015-01-12 01:50:00,2034.0,2035.0,2033.75,2035.0,593.0
2015-01-12 01:55:00,2035.0,2035.75,2035.0,2035.75,544.0
2015-01-12 02:00:00,2035.75,2036.25,2035.5,2036.0,585.0
2015-01-12 02:05:00,2036.0,2036.0,2035.5,2035.5,232.0
2015-01-12 02:10:00,2035.5,2036.0,2035.5,2035.75,61.0
2015-01-12 02:15:00,2036.0,2036.25,2035.75,2036.25,167.0
2015-01-12 02:20:00,2036.25,2037.0,2036.25,2037.0,534.0
2015-01-12 02:25:00,2037.0,2037.5,2036.75,2036.75,328.0
2015-01-12 02:30:00,2036.75,2036.75,2036.5,2036.5,181.0
2015-01-12 02:35:00,2036.5,2036.75,2036.5,2036.75,94.0
2015-01-12 02:40:00,2036.75,2036.75,2036.5,2036.75,19.0
2015-01-12 02:45:00,2036.75,2036.75,2036.25,2036.25,85.0
2015-01-12 02:50:00,2036.25,2036.5,2036.25,2036.25,89.0
2015-01-12 02:55:00,2036.25,2036.25,2036.0,2036.0,68.0
2015-01-12 03:00:00,2036.0,2036.5,2036.0,2036.5,127.0
2015-01-12 03:05:00,2036.5,2036.5,2036.0,2036.25,113.0
2015-01-12 03:10:00,2036.25,2036.25,2035.75,2036.0,103.0
2015-01-12 03:15:00,2035.75,2036.0,2035.0,2035.25,174.0
2015-01-12 03:20:00,2035.25,2035.5,2035.25,2035.25,71.0
2015-01-12 03:25:00,2035.5,2035.75,2034.25,2034.25,650.0
2015-01-12 03:30:00,2034.25,2034.25,2033.5,2033.75,390.0
2015-01-12 03:35:00,2033.5,2034.0,2033.25,2033.5,259.0
2015-01-12 03:40:00,2033.5,2033.5,2032.75,2033.25,407.0
2015-01-12 03:45:00,2033.0,2033.75,2033.0,2033.75,154.0
2015-01-12 03:50:00,2033.75,2034.0,2033.5,2033.75,90.0
2015-01-12 03:55:00,2033.75,2034.0,2033.5,2033.75,56.0
2015-01-12 04:00:00,2033.75,2034.0,2033.75,2034.0,65.0
2015-01-12 04:05:00,2034.0,2034.5,2033.75,2033.75,193.0
2015-01-12 04:10:00,2033.75,2033.75,2033.5,2033.75,44.0
2015-01-12 04:15:00,2033.75,2033.75,2033.5,2033.75,34.0
2015-01-12 04:20:00,2033.75,2034.0,2033.75,2033.75,78.0
2015-01-12 04:25:00,2033.75,2034.0,2033.75,2033.75,31.0
2015-01-12 04:30:00,2034.0,2034.25,2033.75,2034.0,72.0
2015-01-12 04:35:00,2033.75,2034.25,2033.75,2034.0,45.0
2015-01-12 04:40:00,2034.25,2034.5,2034.0,2034.5,59.0
2015-01-12 04:45:00,2034.5,2034.75,2034.25,2034.75,172.0
2015-01-12 04:50:00,2034.75,2035.0,2034.5,2034.5,67.0
2015-01-12 04:55:00,2034.5,2034.75,2034.5,2034.75,86.0
2015-01-12 05:00:00,2034.75,2034.75,2034.5,2034.75,32.0
2015-01-12 05:05:00,2034.75,2034.75,2033.5,2033.5,151.0
2015-01-12 05:10:00,2033.75,2034.0,2033.5,2033.5,129.0
2015-01-12 05:15:00,2033.5,2034.0,2033.0,2033.25,240.0
2015-01-12 05:20:00,2033.25,2033.75,2033.0,2033.75,121.0
2015-01-12 05:25:00,2033.75,2033.75,2032.75,2033.0,194.0
2015-01-12 05:30:00,2033.0,2033.25,2032.75,2033.25,133.0
2015-01-12 05:35:00,2033.0,2033.75,2033.0,2033.75,121.0
2015-01-12 05:40:00,2033.75,2034.75,2033.5,2034.5,428.0
2015-01-12 05:45:00,2034.5,2034.75,2034.25,2034.75,224.0
2015-01-12 05:50:00,2034.75,2034.75,2033.25,2033.25,350.0
2015-01-12 05:55:00,2033.5,2033.75,2033.25,2033.75,66.0
2015-01-12 06:00:00,2033.5,2033.75,2033.25,2033.25,128.0
2015-01-12 06:05:00,2033.5,2033.75,2033.5,2033.75,16.0
2015-01-12 06:10:00,2033.5,2034.0,2033.5,2033.75,116.0
2015-01-12 06:15:00,2033.75,2034.25,2033.75,2034.25,49.0
2015-01-12 06:20:00,2034.25,2034.5,2034.25,2034.5,55.0
2015-01-12 06:25:00,2034.75,2034.75,2034.0,2034.25,75.0
2015-01-12 06:30:00,2034.0,2034.25,2034.0,2034.25,37.0
2015-01-12 06:35:00,2034.0,2034.25,2034.0,2034.25,82.0
2015-01-12 06:40:00,2034.5,2034.5,2034.25,2034.25,32.0
2015-01-12 06:45:00,2034.25,2034.5,2034.0,2034.0,146.0
2015-01-12 06:50:00,2034.0,2034.25,2033.75,2034.0,166.0
2015-01-12 06:55:00,2034.0,2034.25,2033.75,2034.25,88.0
2015-01-12 07:00:00,2034.0,2035.75,2034.0,2035.5,705.0
2015-01-12 07:05:00,2035.5,2036.75,2035.5,2036.25,647.0
2015-01-12 07:10:00,2036.25,2037.0,2036.0,2036.0,373.0
2015-01-12 07:15:00,2036.0,2036.5,2036.0,2036.25,298.0
2015-01-12 07:20:00,2036.25,2036.25,2036.0,2036.0,108.0
2015-01-12 07:25:00,2036.0,2036.5,2036.0,2036.5,125.0
2015-01-12 07:30:00,2036.75,2037.25,2036.5,2037.0,800.0
2015-01-12 07:35:00,2037.0,2037.25,2036.75,2037.0,333.0
2015-01-12 07:40:00,2037.0,2037.5,2036.75,2037.5,470.0
2015-01-12 07:45:00,2037.5,2037.5,2037.0,2037.25,544.0
2015-01-12 07:50:00,2037.25,2037.5,2037.25,2037.25,296.0
2015-01-12 07:55:00,2037.5,2037.5,2036.75,2037.0,653.0
2015-01-12 08:00:00,2037.0,2038.75,2037.0,2038.25,2458.0
2015-01-12 08:05:00,2038.25,2039.75,2038.0,2039.5,2701.0
2015-01-12 08:10:00,2039.5,2040.25,2039.0,2040.0,2768.0
2015-01-12 08:15:00,2040.0,2041.5,2039.75,2040.0,2689.0
2015-01-12 08:20:00,2040.0,2041.25,2039.75,2041.25,1091.0
2015-01-12 08:25:00,2041.0,2042.25,2040.75,2041.5,1701.0
2015-01-12 08:30:00,2041.5,2044.25,2041.5,2044.25,2445.0
2015-01-12 08:35:00,2044.25,2045.25,2043.75,2044.0,2713.0
2015-01-12 08:40:00,2044.0,2044.5,2043.25,2043.75,1024.0
2015-01-12 08:45:00,2043.75,2044.0,2043.25,2044.0,1468.0
2015-01-12 08:50:00,2044.0,2044.0,2042.5,2042.75,1081.0
2015-01-12 08:55:00,2042.75,2043.25,2042.5,2042.5,872.0
2015-01-12 09:00:00,2042.5,2043.0,2041.75,2042.0,1461.0
2015-01-12 09:05:00,2042.0,2042.5,2041.75,2042.0,617.0
2015-01-12 09:10:00,2042.0,2042.25,2041.5,2041.5,923.0
2015-01-12 09:15:00,2041.5,2041.5,2038.5,2038.75,2172.0
2015-01-12 09:20:00,2038.75,2039.0,2037.25,2038.25,3246.0
2015-01-12 09:25:00,2038.0,2039.75,2038.0,2039.5,1522.0
2015-01-12 09:30:00,2039.5,2041.5,2039.5,2041.25,1092.0
2015-01-12 09:35:00,2041.25,2041.25,2039.0,2039.5,1012.0
2015-01-12 09:40:00,2039.5,2042.5,2039.5,2042.5,1647.0
2015-01-12 09:45:00,2042.5,2045.25,2042.25,2045.0,2911.0
2015-01-12 09:50:00,2045.25,2046.25,2044.5,2045.0,2844.0
2015-01-12 09:55:00,2045.25,2045.5,2044.25,2045.25,1256.0
2015-01-12 10:00:00,2045.25,2046.75,2045.25,2046.25,2025.0
2015-01-12 10:05:00,2046.25,2046.75,2045.5,2045.75,1148.0
2015-01-12 10:10:00,2045.5,2046.0,2045.25,2045.75,492.0
2015-01-12 10:15:00,2045.75,2046.25,2045.25,2046.25,653.0
2015-01-12 10:20:00,2046.0,2046.25,2045.75,2045.75,701.0
2015-01-12 10:25:00,2045.75,2046.0,2045.25,2045.5,894.0
2015-01-12 10:30:00,2045.5,2045.5,2044.5,2045.0,1474.0
2015-01-12 10:35:00,2045.25,2045.75,2044.5,2045.75,959.0
2015-01-12 10:40:00,2046.0,2046.0,2045.5,2046.0,692.0
2015-01-12 10:45:00,2046.0,2047.75,2045.5,2047.5,2387.0
2015-01-12 10:50:00,2047.25,2047.5,2047.0,2047.0,519.0
2015-01-12 10:55:00,2047.0,2047.0,2045.75,2046.0,486.0
2015-01-12 11:00:00,2045.75,2046.5,2045.75,2045.75,589.0
2015-01-12 11:05:00,2045.75,2046.25,2045.0,2045.75,1707.0
2015-01-12 11:10:00,2046.0,2047.5,2045.75,2047.25,1491.0
2015-01-12 11:15:00,2047.5,2048.25,2046.75,2047.0,1564.0
2015-01-12 11:20:00,2047.0,2048.0,2046.75,2047.25,1117.0
2015-01-12 11:25:00,2047.25,2047.25,2046.5,2046.5,682.0
2015-01-12 11:30:00,2046.75,2047.0,2046.25,2047.0,627.0
2015-01-12 11:35:00,2046.75,2046.75,2046.0,2046.25,601.0
2015-01-12 11:40:00,2046.0,2046.75,2046.0,2046.0,1326.0
2015-01-12 11:45:00,2046.25,2047.0,2046.0,2047.0,1020.0
2015-01-12 11:50:00,2047.0,2047.75,2046.5,2046.5,1671.0
2015-01-12 11:55:00,2046.75,2047.5,2046.75,2047.25,807.0
2015-01-12 12:00:00,2047.25,2047.75,2046.5,2046.5,1007.0
2015-01-12 12:05:00,2046.75,2046.75,2045.75,2046.0,1006.0
2015-01-12 12:10:00,2046.0,2046.75,2045.75,2046.5,447.0
2015-01-12 12:15:00,2046.5,2046.5,2044.75,2045.25,1760.0
2015-01-12 12:20:00,2045.25,2046.25,2045.25,2045.5,769.0
2015-01-12 12:25:00,2045.5,2046.25,2045.5,2046.0,416.0
2015-01-12 12:30:00,2046.0,2046.75,2046.0,2046.25,494.0
2015-01-12 12:35:00,2046.5,2047.25,2046.25,2047.25,572.0
2015-01-12 12:40:00,2047.25,2047.25,2046.25,2046.5,935.0
2015-01-12 12:45:00,2046.75,2046.75,2045.75,2045.75,469.0
2015-01-12 12:50:00,2045.75,2045.75,2044.5,2044.5,1605.0
2015-01-12 12:55:00,2044.5,2045.0,2043.5,2043.5,2884.0
2015-01-12 13:00:00,2043.75,2044.75,2042.75,2043.0,3799.0
2015-01-12 13:05:00,2042.75,2044.0,2042.0,2043.5,3598.0
2015-01-12 13:10:00,2043.75,2044.25,2043.0,2043.25,1496.0
2015-01-12 13:15:00,2043.0,2043.5,2041.75,2042.5,2214.0
2015-01-12 13:20:00,2042.25,2043.25,2041.25,2041.75,3410.0
2015-01-12 13:25:00,2041.75,2041.75,2038.25,2038.5,7399.0
2015-01-12 13:30:00,2038.5,2039.5,2037.25,2037.5,7097.0
2015-01-12 13:35:00,2037.5,2038.5,2036.5,2037.5,3707.0
2015-01-12 13:40:00,2037.75,2038.5,2036.5,2037.75,3283.0
2015-01-12 13:45:00,2037.75,2039.25,2037.5,2039.0,2829.0
2015-01-12 13:50:00,2039.0,2039.0,2037.5,2038.5,1457.0
2015-01-12 13:55:00,2038.5,2039.0,2037.5,2038.25,1938.0
2015-01-12 14:00:00,2038.25,2040.5,2038.25,2040.5,5929.0
2015-01-12 14:05:00,2040.5,2040.75,2040.0,2040.75,3729.0
2015-01-12 14:10:00,2040.5,2041.25,2039.5,2039.75,2438.0
2015-01-12 14:15:00,2040.0,2040.25,2039.25,2040.0,1490.0
2015-01-12 14:20:00,2039.75,2039.75,2038.0,2039.0,2690.0
2015-01-12 14:25:00,2039.25,2040.5,2038.75,2040.25,2118.0
2015-01-12 14:30:00,2040.0,2042.25,2037.25,2037.5,33791.0
2015-01-12 14:35:00,2037.5,2037.75,2026.5,2028.5,68280.0
2015-01-12 14:40:00,2028.5,2028.75,2023.75,2025.75,50862.0
2015-01-12 14:45:00,2025.75,2027.75,2022.75,2023.0,48219.0
2015-01-12 14:50:00,2022.75,2023.5,2020.5,2023.25,48196.0
2015-01-12 14:55:00,2023.0,2023.25,2016.75,2019.5,49355.0
2015-01-12 15:00:00,2019.25,2020.5,2015.25,2018.5,41453.0
2015-01-12 15:05:00,2018.75,2020.5,2017.75,2020.0,31484.0
2015-01-12 15:10:00,2019.75,2021.5,2018.25,2019.25,29437.0
2015-01-12 15:15:00,2019.0,2022.25,2017.5,2021.5,26520.0
2015-01-12 15:20:00,2021.5,2022.5,2019.0,2019.5,19870.0
2015-01-12 15:25:00,2019.25,2023.25,2019.0,2019.25,30481.0
2015-01-12 15:30:00,2019.25,2021.0,2017.75,2019.75,26898.0
2015-01-12 15:35:00,2019.5,2022.0,2018.0,2020.75,19309.0
2015-01-12 15:40:00,2020.75,2024.5,2020.0,2024.5,25196.0
2015-01-12 15:45:00,2024.5,2024.75,2023.0,2024.25,18278.0
2015-01-12 15:50:00,2024.25,2024.75,2022.25,2022.5,15690.0
2015-01-12 15:55:00,2022.5,2025.25,2021.75,2025.25,14988.0
2015-01-12 16:00:00,2025.0,2028.5,2024.75,2028.0,30660.0
2015-01-12 16:05:00,2027.75,2029.0,2027.0,2027.75,16831.0
2015-01-12 16:10:00,2027.75,2029.25,2026.5,2026.75,16557.0
2015-01-12 16:15:00,2026.75,2027.0,2024.75,2026.0,17941.0
2015-01-12 16:20:00,2026.0,2028.5,2025.0,2028.5,18073.0
2015-01-12 16:25:00,2028.25,2028.25,2025.75,2026.0,12169.0
2015-01-12 16:30:00,2026.0,2027.75,2025.0,2025.75,15590.0
2015-01-12 16:35:00,2025.5,2028.5,2024.5,2027.0,17718.0
2015-01-12 16:40:00,2027.25,2027.5,2026.0,2026.25,12456.0
2015-01-12 16:45:00,2026.5,2027.25,2023.5,2023.75,13835.0
2015-01-12 16:50:00,2023.5,2024.0,2021.25,2023.0,26517.0
2015-01-12 16:55:00,2023.0,2024.0,2021.75,2023.5,9419.0
2015-01-12 17:00:00,2023.5,2026.75,2023.0,2025.0,11692.0
2015-01-12 17:05:00,2025.25,2026.25,2024.75,2025.25,5625.0
2015-01-12 17:10:00,2025.0,2026.5,2023.25,2023.5,6382.0
2015-01-12 17:15:00,2023.5,2025.25,2022.5,2025.0,11778.0
2015-01-12 17:20:00,2025.0,2027.0,2023.5,2026.75,10840.0
2015-01-12 17:25:00,2027.0,2028.0,2025.0,2025.5,10733.0
2015-01-12 17:30:00,2025.5,2027.5,2025.25,2026.25,7717.0
2015-01-12 17:35:00,2026.5,2027.5,2026.0,2026.75,4992.0
2015-01-12 17:40:00,2026.75,2027.25,2023.5,2025.25,9210.0
2015-01-12 17:45:00,2025.25,2025.25,2023.25,2024.0,7951.0
2015-01-12 17:50:00,2024.25,2024.5,2022.0,2022.75,9614.0
2015-01-12 17:55:00,2022.5,2024.0,2022.25,2022.5,7555.0
2015-01-12 18:00:00,2022.25,2024.0,2021.5,2023.75,8884.0
2015-01-12 18:05:00,2023.75,2024.5,2020.75,2021.25,12617.0
2015-01-12 18:10:00,2021.25,2023.0,2020.75,2022.25,9522.0
2015-01-12 18:15:00,2022.5,2023.25,2021.5,2022.0,5090.0
2015-01-12 18:20:00,2022.25,2022.25,2019.25,2020.0,13170.0
2015-01-12 18:25:00,2020.25,2020.75,2019.0,2020.0,6062.0
2015-01-12 18:30:00,2020.0,2020.5,2019.0,2019.75,6968.0
2015-01-12 18:35:00,2020.0,2021.5,2019.75,2021.25,5125.0
2015-01-12 18:40:00,2021.25,2022.25,2020.75,2021.25,6076.0
2015-01-12 18:45:00,2021.5,2023.75,2021.25,2023.5,9744.0
2015-01-12 18:50:00,2023.5,2024.0,2022.75,2023.75,7209.0
2015-01-12 18:55:00,2023.75,2023.75,2022.0,2022.75,3852.0
2015-01-12 19:00:00,2023.0,2024.0,2022.25,2023.0,4476.0
2015-01-12 19:05:00,2023.0,2023.25,2021.75,2022.5,7078.0
2015-01-12 19:10:00,2022.75,2025.0,2022.75,2023.25,7137.0
2015-01-12 19:15:00,2023.5,2024.0,2021.25,2022.0,9138.0
2015-01-12 19:20:00,2022.25,2022.25,2019.5,2019.75,10763.0
2015-01-12 19:25:00,2019.75,2021.25,2019.5,2019.5,8702.0
2015-01-12 19:30:00,2019.25,2019.75,2017.5,2018.0,16705.0
2015-01-12 19:35:00,2018.0,2019.5,2016.5,2017.0,15967.0
2015-01-12 19:40:00,2017.0,2018.5,2016.5,2017.75,11828.0
2015-01-12 19:45:00,2017.75,2019.0,2016.5,2018.5,14235.0
2015-01-12 19:50:00,2018.5,2019.5,2017.5,2018.75,15627.0
2015-01-12 19:55:00,2018.75,2021.0,2018.0,2020.5,14747.0
2015-01-12 20:00:00,2020.25,2022.25,2019.5,2021.5,18931.0
2015-01-12 20:05:00,2021.5,2022.0,2019.25,2019.5,13279.0
2015-01-12 20:10:00,2019.5,2021.75,2019.5,2020.75,7329.0
2015-01-12 20:15:00,2021.0,2023.25,2020.25,2022.75,10336.0
2015-01-12 20:20:00,2023.0,2023.5,2019.0,2019.25,13784.0
2015-01-12 20:25:00,2019.5,2020.5,2018.5,2019.25,10296.0
2015-01-12 20:30:00,2019.5,2021.25,2018.0,2019.0,12138.0
2015-01-12 20:35:00,2019.0,2019.5,2015.75,2017.75,15947.0
2015-01-12 20:40:00,2017.75,2021.5,2017.5,2020.25,12268.0
2015-01-12 20:45:00,2020.5,2026.5,2020.25,2025.75,28881.0
2015-01-12 20:50:00,2026.0,2026.0,2022.0,2022.5,19102.0
2015-01-12 20:55:00,2022.75,2024.75,2020.75,2021.75,33019.0
2015-01-12 21:00:00,2022.0,2023.5,2020.75,2023.25,60986.0
2015-01-12 21:05:00,2023.25,2024.5,2022.5,2024.25,15335.0
2015-01-12 21:10:00,2024.5,2025.0,2023.25,2023.5,10457.0
2015-01-12 21:15:00,2023.5,2023.5,2022.0,2022.5,6675.0
2015-01-12 21:30:00,2023.25,2023.75,2022.5,2023.75,2606.0
2015-01-12 21:35:00,2023.5,2024.0,2023.5,2023.5,529.0
2015-01-12 21:40:00,2023.75,2023.75,2023.25,2023.5,867.0
2015-01-12 21:45:00,2023.75,2023.75,2023.5,2023.5,302.0
2015-01-12 21:50:00,2023.75,2023.75,2023.5,2023.75,405.0
2015-01-12 21:55:00,2023.5,2023.75,2023.5,2023.5,124.0
2015-01-12 22:00:00,2023.5,2023.75,2023.5,2023.5,104.0
2015-01-12 22:05:00,2023.5,2023.75,2023.5,2023.5,325.0
2015-01-12 22:10:00,2023.5,2023.75,2023.5,2023.5,167.0
2015-01-12 22:15:00,2023.75,2023.75,2023.5,2023.75,297.0
2015-01-12 23:00:00,2023.75,2023.75,2023.5,2023.5,751.0
2015-01-12 23:05:00,2023.75,2023.75,2023.5,2023.75,185.0
2015-01-12 23:10:00,2023.75,2025.0,2023.5,2024.75,1443.0
2015-01-12 23:15:00,2024.75,2025.75,2024.75,2025.25,867.0
2015-01-12 23:20:00,2025.5,2025.75,2025.0,2025.0,541.0
2015-01-12 23:25:00,2024.75,2025.0,2024.0,2024.0,413.0
2015-01-12 23:30:00,2024.0,2024.25,2023.75,2023.75,191.0
2015-01-12 23:35:00,2023.75,2024.25,2023.75,2024.0,126.0
2015-01-12 23:40:00,2024.0,2024.0,2023.75,2024.0,86.0
2015-01-12 23:45:00,2024.0,2024.0,2023.75,2023.75,66.0
2015-01-12 23:50:00,2024.0,2024.25,2023.75,2024.0,232.0
2015-01-12 23:55:00,2024.25,2024.5,2024.0,2024.5,129.0
2015-01-13 00:00:00,2024.5,2024.75,2023.5,2024.0,653.0
2015-01-13 00:05:00,2024.0,2024.25,2023.5,2024.0,297.0
2015-01-13 00:10:00,2024.0,2024.25,2023.5,2023.75,318.0
2015-01-13 00:15:00,2023.75,2024.0,2023.5,2024.0,332.0
2015-01-13 00:20:00,2024.0,2024.25,2023.75,2024.0,257.0
2015-01-13 00:25:00,2024.25,2024.75,2024.0,2024.75,175.0
2015-01-13 00:30:00,2024.75,2024.75,2023.5,2023.75,453.0
2015-01-13 00:35:00,2023.75,2023.75,2022.75,2023.5,665.0
2015-01-13 00:40:00,2023.5,2023.75,2023.25,2023.5,199.0
2015-01-13 00:45:00,2023.75,2024.0,2023.5,2023.75,361.0
2015-01-13 00:50:00,2023.5,2023.5,2023.0,2023.25,497.0
2015-01-13 00:55:00,2023.0,2023.5,2022.75,2023.0,293.0
2015-01-13 01:00:00,2023.0,2023.5,2022.75,2023.25,353.0
2015-01-13 01:05:00,2023.25,2023.25,2022.5,2023.0,698.0
2015-01-13 01:10:00,2023.25,2023.25,2022.75,2023.25,230.0
2015-01-13 01:15:00,2023.25,2023.25,2022.5,2022.5,481.0
2015-01-13 01:20:00,2022.5,2023.0,2022.5,2022.5,585.0
2015-01-13 01:25:00,2022.75,2023.0,2022.5,2023.0,187.0
2015-01-13 01:30:00,2023.0,2023.75,2022.75,2023.5,418.0
2015-01-13 01:35:00,2023.5,2023.5,2023.25,2023.25,90.0
2015-01-13 01:40:00,2023.25,2023.25,2023.25,2023.25,88.0
2015-01-13 01:45:00,2023.25,2023.5,2023.25,2023.5,94.0
2015-01-13 01:50:00,2023.25,2023.5,2023.25,2023.5,21.0
2015-01-13 01:55:00,2023.5,2023.5,2023.25,2023.5,164.0
2015-01-13 02:00:00,2023.25,2024.25,2022.75,2024.25,740.0
2015-01-13 02:05:00,2024.25,2025.0,2024.0,2024.75,1001.0
2015-01-13 02:10:00,2024.75,2025.5,2024.5,2024.75,829.0
2015-01-13 02:15:00,2024.75,2024.75,2024.0,2024.0,506.0
2015-01-13 02:20:00,2024.25,2024.25,2023.75,2023.75,253.0
2015-01-13 02:25:00,2023.5,2024.25,2023.5,2024.25,137.0
2015-01-13 02:30:00,2024.25,2024.25,2023.25,2023.25,499.0
2015-01-13 02:35:00,2023.5,2024.0,2023.5,2023.75,181.0
2015-01-13 02:40:00,2023.75,2025.0,2023.75,2024.5,600.0
2015-01-13 02:45:00,2024.5,2024.75,2024.25,2024.5,137.0
2015-01-13 02:50:00,2024.5,2024.5,2024.0,2024.0,34.0
2015-01-13 02:55:00,2024.25,2024.25,2023.75,2024.0,227.0
2015-01-13 03:00:00,2023.75,2024.0,2023.5,2024.0,139.0
2015-01-13 03:05:00,2024.0,2024.0,2023.5,2024.0,159.0
2015-01-13 03:10:00,2023.75,2024.0,2023.75,2024.0,100.0
2015-01-13 03:15:00,2023.75,2024.0,2023.5,2023.75,180.0
2015-01-13 03:20:00,2023.5,2023.75,2023.5,2023.75,127.0
2015-01-13 03:25:00,2023.75,2024.25,2023.75,2024.0,69.0
2015-01-13 03:30:00,2024.0,2024.0,2023.5,2023.5,463.0
2015-01-13 03:35:00,2023.5,2023.5,2023.25,2023.5,45.0
2015-01-13 03:40:00,2023.5,2023.75,2023.25,2023.25,331.0
2015-01-13 03:45:00,2023.25,2023.25,2022.25,2022.5,1043.0
2015-01-13 03:50:00,2022.5,2023.5,2022.25,2023.5,443.0
2015-01-13 03:55:00,2023.5,2023.75,2023.25,2023.25,99.0
2015-01-13 04:00:00,2023.5,2024.75,2023.5,2024.5,625.0
2015-01-13 04:05:00,2024.5,2024.75,2024.5,2024.75,205.0
2015-01-13 04:10:00,2024.5,2024.5,2024.0,2024.25,169.0
2015-01-13 04:15:00,2024.25,2024.25,2024.0,2024.25,97.0
2015-01-13 04:20:00,2024.25,2025.5,2024.25,2025.5,752.0
2015-01-13 04:25:00,2025.5,2026.75,2025.0,2025.5,1495.0
2015-01-13 04:30:00,2025.25,2025.5,2024.75,2025.5,541.0
2015-01-13 04:35:00,2025.5,2025.5,2024.75,2024.75,210.0
2015-01-13 04:40:00,2024.5,2025.25,2024.5,2025.25,294.0
2015-01-13 04:45:00,2025.25,2025.25,2024.75,2024.75,87.0
2015-01-13 04:50:00,2024.75,2025.0,2024.5,2024.75,181.0
2015-01-13 04:55:00,2024.75,2024.75,2024.5,2024.75,208.0
2015-01-13 05:00:00,2024.75,2025.0,2024.25,2024.5,410.0
2015-01-13 05:05:00,2024.25,2024.5,2024.25,2024.25,153.0
2015-01-13 05:10:00,2024.25,2024.75,2024.25,2024.75,243.0
2015-01-13 05:15:00,2024.75,2025.25,2024.5,2025.0,292.0
2015-01-13 05:20:00,2025.25,2025.5,2025.0,2025.0,322.0
2015-01-13 05:25:00,2024.75,2025.25,2024.75,2025.25,135.0
2015-01-13 05:30:00,2025.25,2025.25,2024.75,2025.25,134.0
2015-01-13 05:35:00,2025.25,2025.5,2025.0,2025.25,498.0
2015-01-13 05:40:00,2025.25,2026.0,2025.0,2026.0,764.0
2015-01-13 05:45:00,2025.75,2026.25,2025.25,2026.0,356.0
2015-01-13 05:50:00,2026.0,2026.0,2025.5,2025.75,253.0
2015-01-13 05:55:00,2025.75,2026.25,2025.5,2026.25,182.0
2015-01-13 06:00:00,2026.25,2027.0,2026.0,2026.0,777.0
2015-01-13 06:05:00,2026.0,2026.5,2025.75,2026.25,381.0
2015-01-13 06:10:00,2026.25,2027.5,2026.0,2027.0,711.0
2015-01-13 06:15:00,2026.75,2027.25,2025.75,2025.75,560.0
2015-01-13 06:20:00,2026.0,2026.0,2025.5,2025.75,178.0
2015-01-13 06:25:00,2025.5,2025.5,2025.0,2025.25,408.0
2015-01-13 06:30:00,2025.25,2025.25,2024.5,2025.0,264.0
2015-01-13 06:35:00,2024.75,2025.0,2024.75,2024.75,104.0
2015-01-13 06:40:00,2024.75,2024.75,2024.25,2024.25,209.0
2015-01-13 06:45:00,2024.0,2024.75,2024.0,2024.75,275.0
2015-01-13 06:50:00,2024.75,2024.75,2024.5,2024.5,104.0
2015-01-13 06:55:00,2024.75,2024.75,2024.5,2024.75,272.0
2015-01-13 07:00:00,2024.75,2025.25,2024.25,2025.25,716.0
2015-01-13 07:05:00,2025.25,2027.25,2025.25,2025.5,1655.0
2015-01-13 07:10:00,2025.5,2025.5,2024.5,2024.75,1344.0
2015-01-13 07:15:00,2024.75,2025.0,2024.0,2024.0,1286.0
2015-01-13 07:20:00,2024.25,2024.25,2023.0,2023.5,1322.0
2015-01-13 07:25:00,2023.5,2023.75,2023.0,2023.5,1029.0
2015-01-13 07:30:00,2023.75,2024.0,2022.75,2022.75,854.0
2015-01-13 07:35:00,2022.75,2023.5,2022.5,2023.0,1062.0
2015-01-13 07:40:00,2023.0,2023.25,2022.75,2023.0,464.0
2015-01-13 07:45:00,2023.0,2023.5,2023.0,2023.25,678.0
2015-01-13 07:50:00,2023.25,2023.25,2022.25,2022.5,865.0
2015-01-13 07:55:00,2022.5,2022.5,2021.5,2021.5,2067.0
2015-01-13 08:00:00,2021.5,2021.75,2020.0,2021.25,4957.0
2015-01-13 08:05:00,2021.25,2023.75,2021.25,2023.25,4661.0
2015-01-13 08:10:00,2023.0,2024.75,2023.0,2024.75,3147.0
2015-01-13 08:15:00,2024.75,2025.75,2024.0,2025.0,2628.0
2015-01-13 08:20:00,2024.75,2025.5,2024.25,2024.75,3631.0
2015-01-13 08:25:00,2025.0,2026.25,2025.0,2026.25,2591.0
2015-01-13 08:30:00,2026.0,2026.0,2025.25,2026.0,1004.0
2015-01-13 08:35:00,2026.0,2027.25,2025.5,2025.75,1577.0
2015-01-13 08:40:00,2025.75,2025.75,2024.5,2024.75,2071.0
2015-01-13 08:45:00,2024.75,2025.5,2024.5,2024.75,1404.0
2015-01-13 08:50:00,2024.75,2025.0,2024.0,2024.25,1146.0
2015-01-13 08:55:00,2024.25,2024.75,2024.0,2024.5,545.0
2015-01-13 09:00:00,2024.25,2024.75,2024.0,2024.25,1078.0
2015-01-13 09:05:00,2024.25,2024.5,2023.5,2024.5,1415.0
2015-01-13 09:10:00,2024.5,2025.25,2024.25,2025.25,686.0
2015-01-13 09:15:00,2025.25,2026.25,2025.0,2025.25,1414.0
2015-01-13 09:20:00,2025.5,2026.0,2025.0,2025.75,533.0
2015-01-13 09:25:00,2026.0,2026.75,2025.5,2025.75,821.0
2015-01-13 09:30:00,2025.5,2026.0,2025.0,2026.0,1058.0
2015-01-13 09:35:00,2026.0,2029.0,2025.25,2029.0,3063.0
2015-01-13 09:40:00,2029.0,2031.75,2029.0,2029.75,8154.0
2015-01-13 09:45:00,2030.0,2031.25,2029.75,2030.75,2222.0
2015-01-13 09:50:00,2030.75,2032.25,2030.75,2031.0,2627.0
2015-01-13 09:55:00,2031.25,2032.0,2030.25,2030.25,1671.0
2015-01-13 10:00:00,2030.25,2031.0,2029.75,2030.75,1121.0
2015-01-13 10:05:00,2030.75,2031.5,2030.25,2030.5,905.0
2015-01-13 10:10:00,2030.25,2031.0,2030.0,2030.25,720.0
2015-01-13 10:15:00,2030.25,2030.5,2030.0,2030.0,756.0
2015-01-13 10:20:00,2030.0,2030.5,2028.0,2028.25,3117.0
2015-01-13 10:25:00,2028.25,2028.25,2026.75,2026.75,2009.0
2015-01-13 10:30:00,2026.75,2028.5,2026.75,2028.25,987.0
2015-01-13 10:35:00,2028.25,2028.75,2027.5,2028.75,799.0
2015-01-13 10:40:00,2028.75,2029.25,2028.5,2029.25,496.0
2015-01-13 10:45:00,2029.25,2029.75,2029.0,2029.5,1019.0
2015-01-13 10:50:00,2029.5,2030.25,2029.25,2030.0,855.0
2015-01-13 10:55:00,2030.0,2030.25,2028.0,2028.0,1683.0
2015-01-13 11:00:00,2028.25,2029.0,2027.75,2028.0,1255.0
2015-01-13 11:05:00,2028.0,2028.5,2027.75,2028.25,932.0
2015-01-13 11:10:00,2028.5,2029.75,2028.0,2029.25,1242.0
2015-01-13 11:15:00,2029.25,2030.75,2029.25,2030.0,1716.0
2015-01-13 11:20:00,2030.0,2030.5,2028.5,2029.75,1340.0
2015-01-13 11:25:00,2029.75,2030.75,2029.5,2029.75,1305.0
2015-01-13 11:30:00,2029.5,2030.5,2029.0,2030.5,1851.0
2015-01-13 11:35:00,2030.25,2032.0,2030.25,2031.75,3015.0
2015-01-13 11:40:00,2031.75,2032.0,2030.5,2030.75,1838.0
2015-01-13 11:45:00,2030.75,2031.75,2030.5,2031.75,1554.0
2015-01-13 11:50:00,2031.75,2033.75,2031.75,2033.5,3966.0
2015-01-13 11:55:00,2033.5,2035.5,2033.25,2035.25,3512.0
2015-01-13 12:00:00,2035.0,2035.75,2034.75,2035.0,2256.0
2015-01-13 12:05:00,2034.75,2035.25,2034.25,2034.5,2344.0
2015-01-13 12:10:00,2034.5,2034.75,2034.0,2034.75,1092.0
2015-01-13 12:15:00,2035.0,2035.5,2034.25,2034.25,1147.0
2015-01-13 12:20:00,2034.25,2034.5,2032.75,2033.75,3603.0
2015-01-13 12:25:00,2033.5,2034.0,2032.25,2032.5,2462.0
2015-01-13 12:30:00,2032.5,2033.5,2032.0,2033.25,1724.0
2015-01-13 12:35:00,2033.25,2033.75,2032.75,2032.75,1676.0
2015-01-13 12:40:00,2032.75,2034.0,2032.75,2033.25,1188.0
2015-01-13 12:45:00,2033.5,2033.5,2032.0,2032.5,2240.0
2015-01-13 12:50:00,2032.25,2033.0,2031.25,2031.5,3712.0
2015-01-13 12:55:00,2031.5,2032.0,2031.0,2031.5,3577.0
2015-01-13 13:00:00,2031.5,2032.25,2030.5,2031.5,3393.0
2015-01-13 13:05:00,2031.25,2031.5,2030.25,2030.75,1946.0
2015-01-13 13:10:00,2030.75,2031.5,2030.5,2031.25,948.0
2015-01-13 13:15:00,2031.25,2031.5,2030.5,2030.5,1862.0
2015-01-13 13:20:00,2030.5,2030.75,2029.0,2029.5,2790.0
2015-01-13 13:25:00,2029.75,2029.75,2028.5,2029.0,2060.0
2015-01-13 13:30:00,2029.25,2031.5,2029.25,2030.75,3556.0
2015-01-13 13:35:00,2030.75,2031.0,2030.5,2030.75,839.0
2015-01-13 13:40:00,2030.75,2031.0,2030.25,2031.0,1256.0
2015-01-13 13:45:00,2030.75,2032.25,2030.75,2032.25,2672.0
2015-01-13 13:50:00,2032.25,2032.5,2031.0,2032.25,3264.0
2015-01-13 13:55:00,2032.25,2032.75,2031.25,2032.75,3916.0
2015-01-13 14:00:00,2032.75,2034.0,2031.75,2034.0,5190.0
2015-01-13 14:05:00,2034.0,2037.25,2033.5,2037.0,16726.0
2015-01-13 14:10:00,2037.0,2037.75,2035.75,2035.75,7140.0
2015-01-13 14:15:00,2036.0,2036.5,2035.75,2036.0,2156.0
2015-01-13 14:20:00,2036.0,2038.25,2035.75,2038.0,5600.0
2015-01-13 14:25:00,2038.25,2039.25,2037.5,2038.0,5557.0
2015-01-13 14:30:00,2038.0,2044.75,2037.25,2044.75,54305.0
2015-01-13 14:35:00,2044.5,2046.5,2043.5,2044.0,40156.0
2015-01-13 14:40:00,2043.75,2049.25,2043.25,2046.75,61705.0
2015-01-13 14:45:00,2046.5,2049.75,2046.25,2047.75,38250.0
2015-01-13 14:50:00,2047.75,2050.0,2046.25,2047.5,37708.0
2015-01-13 14:55:00,2047.5,2049.75,2047.5,2048.75,29935.0
2015-01-13 15:00:00,2049.0,2051.75,2048.75,2048.75,42953.0
2015-01-13 15:05:00,2048.75,2049.75,2047.5,2048.5,26092.0
2015-01-13 15:10:00,2048.25,2049.0,2047.5,2048.25,26302.0
2015-01-13 15:15:00,2048.5,2048.5,2046.0,2047.0,22599.0
2015-01-13 15:20:00,2047.0,2047.75,2045.75,2047.25,16178.0
2015-01-13 15:25:00,2047.0,2047.75,2046.25,2046.75,15387.0
2015-01-13 15:30:00,2046.75,2047.0,2045.25,2046.25,16152.0
2015-01-13 15:35:00,2046.25,2048.0,2046.0,2046.75,15431.0
2015-01-13 15:40:00,2047.0,2049.0,2046.5,2047.5,19186.0
2015-01-13 15:45:00,2047.25,2049.25,2047.0,2048.75,16706.0
2015-01-13 15:50:00,2048.75,2050.75,2047.5,2049.75,22584.0
2015-01-13 15:55:00,2049.75,2050.0,2047.5,2047.75,14153.0
2015-01-13 16:00:00,2047.5,2048.5,2046.0,2047.5,34597.0
2015-01-13 16:05:00,2047.25,2047.75,2046.5,2047.0,11102.0
2015-01-13 16:10:00,2047.25,2047.25,2045.75,2046.25,14440.0
2015-01-13 16:15:00,2046.5,2047.25,2045.25,2046.0,15009.0
2015-01-13 16:20:00,2046.0,2046.0,2043.0,2043.5,24583.0
2015-01-13 16:25:00,2043.5,2044.75,2043.25,2044.25,13837.0
2015-01-13 16:30:00,2044.5,2046.0,2043.0,2043.5,34177.0
2015-01-13 16:35:00,2043.5,2045.0,2043.0,2044.0,18821.0
2015-01-13 16:40:00,2044.0,2044.5,2041.5,2042.25,23713.0
2015-01-13 16:45:00,2042.25,2045.5,2042.25,2045.0,16220.0
2015-01-13 16:50:00,2045.25,2045.25,2043.75,2044.25,12900.0
2015-01-13 16:55:00,2044.25,2044.5,2041.75,2042.0,21524.0
2015-01-13 17:00:00,2042.0,2042.75,2039.25,2040.75,25956.0
2015-01-13 17:05:00,2040.75,2040.75,2038.5,2039.25,20310.0
2015-01-13 17:10:00,2039.0,2040.5,2038.5,2039.75,21137.0
2015-01-13 17:15:00,2039.75,2040.25,2038.25,2039.0,19037.0
2015-01-13 17:20:00,2039.0,2039.25,2034.0,2034.75,27975.0
2015-01-13 17:25:00,2034.5,2036.25,2034.25,2036.0,23114.0
2015-01-13 17:30:00,2036.0,2036.0,2032.25,2033.75,17403.0
2015-01-13 17:35:00,2033.75,2034.5,2033.0,2034.0,11136.0
2015-01-13 17:40:00,2034.0,2034.25,2030.75,2031.25,24626.0
2015-01-13 17:45:00,2031.25,2034.0,2031.0,2033.75,23135.0
2015-01-13 17:50:00,2033.75,2035.5,2033.5,2034.0,13065.0
2015-01-13 17:55:00,2034.0,2034.75,2033.25,2034.5,5267.0
2015-01-13 18:00:00,2034.5,2036.25,2034.25,2035.0,10284.0
2015-01-13 18:05:00,2035.25,2036.5,2035.0,2035.75,5231.0
2015-01-13 18:10:00,2035.75,2035.75,2034.5,2035.25,9302.0
2015-01-13 18:15:00,2035.25,2035.75,2034.0,2034.0,6767.0
2015-01-13 18:20:00,2034.25,2034.25,2027.25,2028.25,32546.0
2015-01-13 18:25:00,2028.25,2028.25,2022.75,2024.5,41711.0
2015-01-13 18:30:00,2024.5,2024.75,2019.25,2021.75,40464.0
2015-01-13 18:35:00,2021.75,2023.0,2019.0,2021.25,29804.0
2015-01-13 18:40:00,2021.25,2021.75,2016.5,2019.0,40572.0
2015-01-13 18:45:00,2018.75,2020.5,2017.75,2020.25,22533.0
2015-01-13 18:50:00,2020.0,2020.75,2008.25,2008.25,65497.0
2015-01-13 18:55:00,2008.5,2013.25,2006.5,2012.0,61731.0
2015-01-13 19:00:00,2012.0,2012.5,2008.25,2010.5,41850.0
2015-01-13 19:05:00,2010.75,2011.0,2004.25,2008.0,53779.0
2015-01-13 19:10:00,2008.25,2008.25,2001.5,2002.25,50344.0
2015-01-13 19:15:00,2002.0,2007.0,2001.0,2006.25,45815.0
2015-01-13 19:20:00,2006.25,2006.5,2004.5,2005.75,19172.0
2015-01-13 19:25:00,2005.75,2010.25,2004.5,2010.25,43201.0
2015-01-13 19:30:00,2010.25,2012.5,2009.5,2012.0,47004.0
2015-01-13 19:35:00,2012.0,2014.0,2010.75,2013.0,24160.0
2015-01-13 19:40:00,2013.25,2013.5,2010.5,2013.0,32784.0
2015-01-13 19:45:00,2013.0,2013.5,2011.0,2011.25,19091.0
2015-01-13 19:50:00,2011.25,2014.0,2011.0,2012.75,13403.0
2015-01-13 19:55:00,2012.75,2013.0,2007.75,2007.75,22127.0
2015-01-13 20:00:00,2007.75,2008.25,2004.5,2006.75,32670.0
2015-01-13 20:05:00,2006.5,2006.75,2003.25,2004.0,36393.0
2015-01-13 20:10:00,2004.25,2008.5,2003.0,2008.5,22315.0
2015-01-13 20:15:00,2008.5,2013.5,2008.5,2012.75,23917.0
2015-01-13 20:20:00,2012.5,2013.25,2009.5,2013.0,25867.0
2015-01-13 20:25:00,2013.0,2013.5,2010.5,2011.25,16479.0
2015-01-13 20:30:00,2011.25,2015.5,2008.0,2013.75,31921.0
2015-01-13 20:35:00,2013.75,2019.5,2013.25,2018.75,38091.0
2015-01-13 20:40:00,2018.75,2022.75,2018.5,2019.75,45333.0
2015-01-13 20:45:00,2019.75,2021.5,2015.5,2016.75,43889.0
2015-01-13 20:50:00,2016.75,2017.25,2012.5,2014.5,32092.0
2015-01-13 20:55:00,2014.5,2016.75,2013.75,2015.5,34392.0
2015-01-13 21:00:00,2015.5,2017.5,2015.0,2016.5,57451.0
2015-01-13 21:05:00,2016.25,2019.5,2016.25,2019.5,18949.0
2015-01-13 21:10:00,2019.25,2019.75,2017.0,2017.25,9460.0
2015-01-13 21:15:00,2017.0,2017.25,2015.75,2016.0,6500.0
2015-01-13 21:30:00,2017.0,2018.75,2016.75,2017.75,3574.0
2015-01-13 21:35:00,2017.75,2018.0,2017.0,2017.0,631.0
2015-01-13 21:40:00,2017.25,2018.25,2017.0,2018.25,1038.0
2015-01-13 21:45:00,2018.25,2018.5,2018.0,2018.25,475.0
2015-01-13 21:50:00,2018.5,2018.5,2018.25,2018.25,112.0
2015-01-13 21:55:00,2018.5,2018.75,2018.25,2018.5,336.0
2015-01-13 22:00:00,2018.75,2019.0,2018.5,2019.0,264.0
2015-01-13 22:05:00,2018.75,2019.0,2018.5,2018.5,357.0
2015-01-13 22:10:00,2018.5,2018.75,2017.5,2017.5,686.0
2015-01-13 22:15:00,2017.75,2018.0,2017.25,2017.5,371.0
2015-01-13 23:00:00,2017.25,2018.0,2015.25,2015.25,1697.0
2015-01-13 23:05:00,2015.25,2016.25,2014.75,2016.0,682.0
2015-01-13 23:10:00,2015.75,2016.0,2014.75,2015.25,709.0
2015-01-13 23:15:00,2015.25,2015.5,2014.25,2015.25,595.0
2015-01-13 23:20:00,2015.25,2017.5,2015.25,2017.25,853.0
2015-01-13 23:25:00,2017.25,2018.0,2017.25,2017.5,353.0
2015-01-13 23:30:00,2017.75,2018.75,2017.5,2018.25,374.0
2015-01-13 23:35:00,2018.5,2019.25,2017.5,2017.75,426.0
2015-01-13 23:40:00,2017.75,2017.75,2016.75,2017.5,217.0
2015-01-13 23:45:00,2017.25,2017.5,2016.75,2017.0,122.0
2015-01-13 23:50:00,2016.75,2017.25,2016.75,2017.0,176.0
2015-01-13 23:55:00,2017.0,2017.0,2016.5,2017.0,94.0
2015-01-14 00:00:00,2016.75,2017.0,2016.0,2016.75,363.0
2015-01-14 00:05:00,2017.0,2018.75,2017.0,2018.75,1016.0
2015-01-14 00:10:00,2018.75,2019.5,2018.0,2018.0,1028.0
2015-01-14 00:15:00,2018.0,2018.25,2017.25,2017.75,273.0
2015-01-14 00:20:00,2017.75,2018.0,2016.5,2017.5,366.0
2015-01-14 00:25:00,2017.5,2017.5,2015.75,2016.25,1008.0
2015-01-14 00:30:00,2016.5,2017.0,2015.25,2015.5,497.0
2015-01-14 00:35:00,2015.5,2015.75,2015.0,2015.25,398.0
2015-01-14 00:40:00,2015.25,2015.75,2015.0,2015.25,355.0
2015-01-14 00:45:00,2015.25,2016.0,2015.25,2015.5,1228.0
2015-01-14 00:50:00,2015.5,2015.5,2015.0,2015.5,214.0
2015-01-14 00:55:00,2015.75,2016.0,2015.25,2015.5,252.0
2015-01-14 01:00:00,2015.5,2015.75,2014.75,2014.75,566.0
2015-01-14 01:05:00,2015.0,2015.75,2015.0,2015.75,254.0
2015-01-14 01:10:00,2015.5,2015.75,2015.25,2015.5,230.0
2015-01-14 01:15:00,2015.75,2015.75,2015.0,2015.5,202.0
2015-01-14 01:20:00,2015.5,2015.5,2015.25,2015.5,125.0
2015-01-14 01:25:00,2015.5,2015.75,2015.0,2015.25,345.0
2015-01-14 01:30:00,2015.25,2015.25,2014.0,2014.0,711.0
2015-01-14 01:35:00,2014.0,2014.0,2008.5,2008.75,5315.0
2015-01-14 01:40:00,2008.75,2010.25,2007.5,2008.5,1881.0
2015-01-14 01:45:00,2008.25,2008.75,2006.5,2008.75,2395.0
2015-01-14 01:50:00,2008.75,2011.25,2007.75,2011.0,1834.0
2015-01-14 01:55:00,2011.25,2014.25,2010.75,2011.75,3669.0
2015-01-14 02:00:00,2011.75,2012.25,2010.25,2011.25,1009.0
2015-01-14 02:05:00,2011.25,2011.75,2010.25,2011.75,633.0
2015-01-14 02:10:00,2011.75,2012.5,2011.25,2011.5,490.0
2015-01-14 02:15:00,2011.5,2011.5,2009.75,2010.75,935.0
2015-01-14 02:20:00,2010.75,2011.5,2010.5,2011.25,1093.0
2015-01-14 02:25:00,2011.25,2013.5,2011.25,2012.75,1355.0
2015-01-14 02:30:00,2013.0,2013.5,2012.5,2013.25,754.0
2015-01-14 02:35:00,2013.25,2013.25,2012.5,2013.0,336.0
2015-01-14 02:40:00,2013.0,2013.75,2012.5,2012.75,397.0
2015-01-14 02:45:00,2012.75,2013.0,2012.75,2013.0,262.0
2015-01-14 02:50:00,2013.0,2013.75,2012.75,2013.25,301.0
2015-01-14 02:55:00,2013.5,2013.5,2010.25,2011.25,1996.0
2015-01-14 03:00:00,2011.5,2011.5,2010.0,2010.75,354.0
2015-01-14 03:05:00,2010.75,2010.75,2009.25,2009.75,519.0
2015-01-14 03:10:00,2010.0,2010.0,2009.5,2009.5,320.0
2015-01-14 03:15:00,2009.5,2010.0,2008.75,2010.0,447.0
2015-01-14 03:20:00,2010.0,2010.5,2009.5,2009.75,366.0
2015-01-14 03:25:00,2009.75,2010.0,2009.25,2009.5,212.0
2015-01-14 03:30:00,2009.5,2009.5,2007.5,2007.5,1354.0
2015-01-14 03:35:00,2007.75,2008.0,2005.75,2007.25,1735.0
2015-01-14 03:40:00,2007.0,2008.5,2007.0,2008.25,756.0
2015-01-14 03:45:00,2008.0,2009.5,2008.0,2008.75,456.0
2015-01-14 03:50:00,2009.0,2009.25,2008.75,2009.0,334.0
2015-01-14 03:55:00,2008.75,2009.0,2008.75,2009.0,165.0
2015-01-14 04:00:00,2008.75,2009.25,2008.75,2008.75,204.0
2015-01-14 04:05:00,2008.75,2009.0,2008.0,2008.75,733.0
2015-01-14 04:10:00,2008.75,2009.0,2008.75,2009.0,239.0
2015-01-14 04:15:00,2009.0,2010.0,2009.0,2009.5,462.0
2015-01-14 04:20:00,2009.75,2010.5,2009.5,2010.5,693.0
2015-01-14 04:25:00,2010.5,2010.75,2009.25,2009.5,287.0
2015-01-14 04:30:00,2009.5,2009.5,2008.5,2009.0,657.0
2015-01-14 04:35:00,2009.0,2010.0,2009.0,2009.5,234.0
2015-01-14 04:40:00,2009.5,2009.5,2009.0,2009.5,140.0
2015-01-14 04:45:00,2009.5,2009.5,2008.75,2009.0,169.0
2015-01-14 04:50:00,2009.0,2009.25,2008.75,2009.0,344.0
2015-01-14 04:55:00,2009.0,2009.5,2008.75,2009.25,66.0
2015-01-14 05:00:00,2009.5,2009.75,2009.25,2009.75,161.0
2015-01-14 05:05:00,2009.75,2010.0,2009.5,2009.75,83.0
2015-01-14 05:10:00,2009.75,2009.75,2008.75,2009.0,126.0
2015-01-14 05:15:00,2009.0,2009.25,2008.75,2009.0,228.0
2015-01-14 05:20:00,2009.0,2009.25,2008.5,2008.75,177.0
2015-01-14 05:25:00,2008.5,2008.75,2007.5,2008.5,459.0
2015-01-14 05:30:00,2008.5,2008.5,2007.5,2007.75,394.0
2015-01-14 05:35:00,2007.75,2009.0,2007.5,2008.5,353.0
2015-01-14 05:40:00,2008.5,2008.5,2008.0,2008.0,132.0
2015-01-14 05:45:00,2008.0,2008.0,2006.0,2006.25,585.0
2015-01-14 05:50:00,2006.25,2006.75,2005.0,2006.0,1462.0
2015-01-14 05:55:00,2006.25,2008.0,2006.25,2007.75,693.0
2015-01-14 06:00:00,2007.75,2008.0,2006.75,2008.0,298.0
2015-01-14 06:05:00,2007.75,2009.5,2007.75,2008.5,726.0
2015-01-14 06:10:00,2008.75,2009.5,2008.5,2009.5,91.0
2015-01-14 06:15:00,2009.25,2009.5,2007.75,2007.75,386.0
2015-01-14 06:20:00,2007.75,2007.75,2006.25,2007.0,481.0
2015-01-14 06:25:00,2007.25,2007.25,2002.0,2002.75,4357.0
2015-01-14 06:30:00,2002.5,2003.5,1998.25,1998.5,4574.0
2015-01-14 06:35:00,1998.5,2001.0,1997.0,1999.5,2949.0
2015-01-14 06:40:00,1999.5,2001.0,1999.0,2000.0,1156.0
2015-01-14 06:45:00,2000.0,2000.5,1997.0,1997.5,1595.0
2015-01-14 06:50:00,1997.75,1999.5,1996.25,1996.75,2356.0
2015-01-14 06:55:00,1996.5,1999.0,1996.5,1998.75,1411.0
2015-01-14 07:00:00,1998.75,2000.5,1997.25,2000.5,2523.0
2015-01-14 07:05:00,2000.5,2000.5,1998.75,2000.0,1143.0
2015-01-14 07:10:00,2000.0,2001.0,1999.5,2000.75,1008.0
2015-01-14 07:15:00,2000.75,2001.75,2000.0,2001.5,2396.0
2015-01-14 07:20:00,2001.25,2002.25,2001.0,2002.25,856.0
2015-01-14 07:25:00,2002.25,2002.75,2002.25,2002.5,1386.0
2015-01-14 07:30:00,2002.25,2002.5,2000.5,2001.25,1280.0
2015-01-14 07:35:00,2001.25,2002.75,2001.25,2002.75,614.0
2015-01-14 07:40:00,2002.5,2003.0,2002.0,2002.5,935.0
2015-01-14 07:45:00,2002.75,2003.5,2001.5,2001.75,803.0
2015-01-14 07:50:00,2001.75,2004.5,2001.5,2004.5,1494.0
2015-01-14 07:55:00,2004.5,2004.75,2002.75,2003.5,1771.0
2015-01-14 08:00:00,2003.75,2005.5,2003.25,2004.0,3908.0
2015-01-14 08:05:00,2004.25,2007.0,2003.25,2005.75,4912.0
2015-01-14 08:10:00,2005.75,2006.75,2004.75,2005.75,3332.0
2015-01-14 08:15:00,2005.5,2006.0,2002.75,2003.0,5317.0
2015-01-14 08:20:00,2002.75,2004.0,2001.25,2004.0,3278.0
2015-01-14 08:25:00,2004.0,2004.0,2001.75,2002.0,1463.0
2015-01-14 08:30:00,2002.0,2003.0,2001.25,2002.0,815.0
2015-01-14 08:35:00,2002.25,2007.75,2002.0,2007.0,6566.0
2015-01-14 08:40:00,2006.75,2011.75,2005.5,2010.0,12046.0
2015-01-14 08:45:00,2010.25,2010.25,2004.25,2006.75,7711.0
2015-01-14 08:50:00,2007.0,2009.25,2006.25,2008.0,2719.0
2015-01-14 08:55:00,2008.0,2008.25,2005.25,2006.25,1858.0
2015-01-14 09:00:00,2006.25,2006.5,2003.75,2006.0,2873.0
2015-01-14 09:05:00,2006.0,2006.5,2005.25,2005.5,1047.0
2015-01-14 09:10:00,2005.25,2006.5,2004.75,2004.75,1440.0
2015-01-14 09:15:00,2004.75,2004.75,2003.0,2003.25,2149.0
2015-01-14 09:20:00,2003.5,2006.25,2002.75,2006.25,2971.0
2015-01-14 09:25:00,2006.25,2007.25,2004.75,2005.75,2351.0
2015-01-14 09:30:00,2006.0,2007.0,2006.0,2006.75,1488.0
2015-01-14 09:35:00,2006.75,2008.5,2006.25,2008.0,1785.0
2015-01-14 09:40:00,2008.0,2008.75,2007.0,2007.25,1326.0
2015-01-14 09:45:00,2007.0,2008.75,2006.5,2008.5,902.0
2015-01-14 09:50:00,2008.75,2013.25,2008.5,2012.75,5457.0
2015-01-14 09:55:00,2012.75,2014.25,2011.0,2014.25,3552.0
2015-01-14 10:00:00,2014.25,2016.0,2013.75,2014.5,4834.0
2015-01-14 10:05:00,2014.5,2019.5,2014.5,2017.0,6583.0
2015-01-14 10:10:00,2016.75,2017.0,2014.25,2014.75,2322.0
2015-01-14 10:15:00,2014.75,2015.25,2013.5,2014.25,1189.0
2015-01-14 10:20:00,2014.25,2015.25,2013.5,2014.0,1482.0
2015-01-14 10:25:00,2014.0,2014.0,2011.75,2011.75,2029.0
2015-01-14 10:30:00,2011.75,2012.0,2009.75,2011.75,2591.0
2015-01-14 10:35:00,2011.75,2013.5,2011.0,2013.25,1812.0
2015-01-14 10:40:00,2013.25,2013.75,2012.5,2013.25,933.0
2015-01-14 10:45:00,2013.25,2013.75,2011.5,2012.25,926.0
2015-01-14 10:50:00,2012.0,2012.25,2011.25,2012.25,718.0
2015-01-14 10:55:00,2012.0,2012.25,2009.25,2009.75,1826.0
2015-01-14 11:00:00,2009.5,2011.25,2009.25,2010.0,1639.0
2015-01-14 11:05:00,2010.0,2011.0,2009.25,2009.75,2630.0
2015-01-14 11:10:00,2009.5,2011.0,2008.25,2010.75,2687.0
2015-01-14 11:15:00,2010.75,2011.75,2010.5,2011.25,2180.0
2015-01-14 11:20:00,2011.25,2012.0,2010.25,2011.0,2662.0
2015-01-14 11:25:00,2011.0,2012.0,2010.5,2011.25,593.0
2015-01-14 11:30:00,2011.5,2013.0,2010.25,2012.0,1693.0
2015-01-14 11:35:00,2012.0,2012.25,2009.75,2010.0,1904.0
2015-01-14 11:40:00,2009.75,2010.75,2008.75,2009.5,2144.0
2015-01-14 11:45:00,2009.5,2011.25,2009.5,2010.0,1378.0
2015-01-14 11:50:00,2010.0,2011.0,2009.0,2009.25,1322.0
2015-01-14 11:55:00,2009.5,2010.0,2009.0,2009.25,685.0
2015-01-14 12:00:00,2009.0,2009.0,2005.5,2007.75,7936.0
2015-01-14 12:05:00,2007.75,2008.75,2007.0,2007.75,2041.0
2015-01-14 12:10:00,2007.75,2009.75,2006.75,2009.5,1752.0
2015-01-14 12:15:00,2009.75,2010.25,2008.5,2008.75,3637.0
2015-01-14 12:20:00,2008.75,2009.75,2008.0,2009.25,1780.0
2015-01-14 12:25:00,2009.25,2009.25,2007.0,2008.25,1157.0
2015-01-14 12:30:00,2008.0,2008.25,2004.25,2004.75,6617.0
2015-01-14 12:35:00,2005.0,2005.75,2004.5,2004.75,1816.0
2015-01-14 12:40:00,2004.75,2006.75,2004.5,2006.75,2864.0
2015-01-14 12:45:00,2006.5,2007.0,2006.25,2006.5,1239.0
2015-01-14 12:50:00,2006.5,2006.75,2003.5,2004.0,5218.0
2015-01-14 12:55:00,2004.0,2004.25,2003.25,2003.75,3545.0
2015-01-14 13:00:00,2003.75,2003.75,2001.5,2002.5,5850.0
2015-01-14 13:05:00,2002.5,2004.25,2002.0,2004.25,3090.0
2015-01-14 13:10:00,2004.5,2005.0,2003.0,2004.5,2542.0
2015-01-14 13:15:00,2004.5,2005.75,2001.25,2001.75,7065.0
2015-01-14 13:20:00,2001.5,2002.25,2001.0,2001.25,2530.0
2015-01-14 13:25:00,2001.25,2002.25,1999.75,2001.75,5550.0
2015-01-14 13:30:00,2001.75,2001.75,1990.5,1991.75,43295.0
2015-01-14 13:35:00,1991.75,1993.0,1985.25,1991.5,42015.0
2015-01-14 13:40:00,1991.75,1992.25,1988.75,1990.75,14762.0
2015-01-14 13:45:00,1990.75,1992.5,1988.5,1990.75,10698.0
2015-01-14 13:50:00,1990.75,1993.25,1988.75,1991.5,12035.0
2015-01-14 13:55:00,1991.5,1992.0,1990.25,1991.75,9074.0
2015-01-14 14:00:00,1992.0,1992.5,1988.5,1989.0,8337.0
2015-01-14 14:05:00,1988.75,1991.75,1988.25,1991.25,9629.0
2015-01-14 14:10:00,1991.5,1993.0,1990.5,1992.75,5548.0
2015-01-14 14:15:00,1992.75,1994.25,1990.75,1991.75,10549.0
2015-01-14 14:20:00,1991.75,1992.75,1991.0,1992.5,3739.0
2015-01-14 14:25:00,1992.25,1993.25,1991.5,1991.75,5230.0
2015-01-14 14:30:00,1992.0,1997.5,1990.25,1997.5,55323.0
2015-01-14 14:35:00,1997.5,2000.25,1994.75,1995.0,48244.0
2015-01-14 14:40:00,1995.25,1998.5,1994.25,1997.25,40730.0
2015-01-14 14:45:00,1997.25,1999.25,1994.25,1998.75,39606.0
2015-01-14 14:50:00,1999.0,1999.5,1996.0,1996.25,42558.0
2015-01-14 14:55:00,1996.25,1999.5,1995.5,1997.75,36297.0
2015-01-14 15:00:00,1997.75,2001.25,1996.75,1998.0,44451.0
2015-01-14 15:05:00,1998.0,2005.5,1997.25,2004.25,49839.0
2015-01-14 15:10:00,2004.25,2007.0,2003.5,2004.0,47787.0
2015-01-14 15:15:00,2004.0,2004.5,2001.75,2001.75,30090.0
2015-01-14 15:20:00,2001.75,2003.75,2001.25,2002.5,35027.0
2015-01-14 15:25:00,2002.5,2004.25,2001.25,2004.25,31625.0
2015-01-14 15:30:00,2004.25,2004.5,1997.75,2000.0,43898.0
2015-01-14 15:35:00,1999.75,2001.75,1998.75,1999.0,37910.0
2015-01-14 15:40:00,1999.0,2000.25,1996.75,2000.25,45883.0
2015-01-14 15:45:00,2000.0,2003.75,1999.5,2002.5,29136.0
2015-01-14 15:50:00,2002.25,2003.5,2000.25,2000.75,22598.0
2015-01-14 15:55:00,2000.75,2002.5,1998.5,2002.0,27455.0
2015-01-14 16:00:00,2002.0,2002.0,1996.25,1996.5,21393.0
2015-01-14 16:05:00,1996.5,1998.25,1994.25,1995.0,33527.0
2015-01-14 16:10:00,1995.0,1997.0,1993.5,1995.25,37929.0
2015-01-14 16:15:00,1995.25,1995.5,1992.75,1994.0,21613.0
2015-01-14 16:20:00,1994.0,1996.25,1992.5,1995.0,28669.0
2015-01-14 16:25:00,1995.0,1996.0,1993.5,1995.0,11778.0
2015-01-14 16:30:00,1995.0,1995.5,1992.0,1993.0,23242.0
2015-01-14 16:35:00,1993.0,1995.5,1992.0,1994.5,18887.0
2015-01-14 16:40:00,1994.5,1999.75,1994.25,1997.25,29240.0
2015-01-14 16:45:00,1997.5,1999.25,1996.75,1998.5,17894.0
2015-01-14 16:50:00,1998.25,1999.5,1994.25,1994.5,21232.0
2015-01-14 16:55:00,1994.5,1995.75,1993.75,1994.5,13207.0
2015-01-14 17:00:00,1994.25,1995.25,1993.0,1993.75,18415.0
2015-01-14 17:05:00,1993.75,1995.75,1992.5,1993.25,20421.0
2015-01-14 17:10:00,1993.5,1993.5,1989.25,1990.25,19501.0
2015-01-14 17:15:00,1990.25,1991.75,1990.0,1991.0,14880.0
2015-01-14 17:20:00,1991.0,1993.25,1989.25,1992.75,19133.0
2015-01-14 17:25:00,1992.75,1993.0,1991.25,1992.5,14198.0
2015-01-14 17:30:00,1992.5,1994.0,1991.25,1991.75,21471.0
2015-01-14 17:35:00,1991.75,1994.5,1991.5,1993.75,18055.0
2015-01-14 17:40:00,1993.75,1995.5,1993.25,1993.5,12779.0
2015-01-14 17:45:00,1993.25,1994.0,1990.5,1991.0,13795.0
2015-01-14 17:50:00,1991.0,1992.0,1988.75,1989.0,11908.0
2015-01-14 17:55:00,1989.0,1993.0,1988.75,1992.5,14239.0
2015-01-14 18:00:00,1992.25,1994.25,1991.5,1992.0,13899.0
2015-01-14 18:05:00,1992.25,1993.0,1989.5,1989.75,10160.0
2015-01-14 18:10:00,1989.75,1990.75,1987.75,1988.25,15715.0
2015-01-14 18:15:00,1988.25,1989.0,1987.25,1988.75,10283.0
2015-01-14 18:20:00,1988.75,1990.5,1988.0,1988.75,10534.0
2015-01-14 18:25:00,1988.75,1989.75,1987.25,1988.5,8304.0
2015-01-14 18:30:00,1988.5,1989.0,1986.25,1987.25,16335.0
2015-01-14 18:35:00,1987.25,1987.75,1986.25,1987.0,8578.0
2015-01-14 18:40:00,1987.0,1987.25,1983.25,1984.0,28312.0
2015-01-14 18:45:00,1984.0,1986.25,1981.25,1985.25,30711.0
2015-01-14 18:50:00,1985.25,1986.0,1982.75,1984.0,11923.0
2015-01-14 18:55:00,1984.0,1986.75,1983.0,1985.5,14466.0
2015-01-14 19:00:00,1985.25,1989.25,1985.0,1989.25,18543.0
2015-01-14 19:05:00,1989.25,1989.5,1987.0,1988.0,21625.0
2015-01-14 19:10:00,1988.0,1991.5,1986.75,1991.25,33926.0
2015-01-14 19:15:00,1991.0,1995.5,1991.0,1994.25,38651.0
2015-01-14 19:20:00,1994.25,1997.75,1994.25,1995.25,28395.0
2015-01-14 19:25:00,1995.25,1999.5,1993.75,1998.5,29453.0
2015-01-14 19:30:00,1998.5,2003.25,1997.5,2000.75,35569.0
2015-01-14 19:35:00,2000.75,2001.5,1997.5,1998.25,22383.0
2015-01-14 19:40:00,1998.0,2001.25,1996.5,1996.75,15127.0
2015-01-14 19:45:00,1996.75,1998.5,1996.0,1997.0,15525.0
2015-01-14 19:50:00,1997.0,1997.0,1993.25,1994.0,20106.0
2015-01-14 19:55:00,1993.75,1995.25,1992.75,1995.0,13734.0
2015-01-14 20:00:00,1995.0,1997.5,1993.25,1997.5,15493.0
2015-01-14 20:05:00,1997.5,1998.5,1995.25,1998.0,16206.0
2015-01-14 20:10:00,1998.0,1999.25,1994.0,1997.5,18753.0
2015-01-14 20:15:00,1997.5,2004.75,1996.5,2004.25,27274.0
2015-01-14 20:20:00,2004.0,2006.5,2002.25,2002.75,24941.0
2015-01-14 20:25:00,2003.0,2004.75,2000.75,2001.0,22134.0
2015-01-14 20:30:00,2000.75,2006.25,1999.25,1999.25,30445.0
2015-01-14 20:35:00,1999.25,2002.5,1998.75,2000.5,17682.0
2015-01-14 20:40:00,2000.5,2005.25,2000.0,2004.0,17913.0
2015-01-14 20:45:00,2003.75,2006.5,2002.0,2003.25,25821.0
2015-01-14 20:50:00,2003.5,2006.25,2003.25,2004.25,26552.0
2015-01-14 20:55:00,2004.5,2005.5,2003.0,2003.0,23700.0
2015-01-14 21:00:00,2003.0,2005.75,2002.5,2005.75,66159.0
2015-01-14 21:05:00,2005.5,2007.75,2005.5,2007.25,18571.0
2015-01-14 21:10:00,2007.25,2008.75,2007.0,2008.25,10447.0
2015-01-14 21:15:00,2008.5,2008.5,2006.75,2008.25,8487.0
2015-01-14 21:30:00,2008.25,2010.0,2007.75,2010.0,4559.0
2015-01-14 21:35:00,2009.75,2010.5,2009.5,2010.5,1443.0
2015-01-14 21:40:00,2010.25,2010.75,2009.5,2010.0,1030.0
2015-01-14 21:45:00,2010.0,2010.25,2009.5,2010.0,640.0
2015-01-14 21:50:00,2010.0,2010.25,2009.75,2010.25,758.0
2015-01-14 21:55:00,2010.0,2011.0,2010.0,2010.25,1023.0
2015-01-14 22:00:00,2010.5,2010.5,2010.0,2010.5,428.0
2015-01-14 22:05:00,2010.25,2010.75,2010.25,2010.5,695.0
2015-01-14 22:10:00,2010.5,2011.0,2010.0,2010.5,1417.0
2015-01-14 22:15:00,2010.5,2010.75,2010.0,2010.25,470.0
2015-01-14 23:00:00,2009.75,2011.25,2008.75,2011.25,1748.0
2015-01-14 23:05:00,2011.0,2011.25,2010.5,2010.75,491.0
2015-01-14 23:10:00,2010.75,2011.0,2010.5,2010.75,202.0
2015-01-14 23:15:00,2010.75,2011.25,2010.5,2011.25,424.0
2015-01-14 23:20:00,2011.25,2011.5,2010.25,2010.25,318.0
2015-01-14 23:25:00,2010.25,2010.25,2009.25,2009.5,308.0
2015-01-14 23:30:00,2009.25,2010.0,2009.0,2009.25,350.0
2015-01-14 23:35:00,2009.25,2009.75,2009.0,2009.5,152.0
2015-01-14 23:40:00,2009.5,2010.0,2009.5,2009.5,302.0
2015-01-14 23:45:00,2009.75,2010.0,2009.5,2009.75,224.0
2015-01-14 23:50:00,2009.75,2010.5,2009.25,2010.25,361.0
2015-01-14 23:55:00,2010.5,2010.75,2009.75,2009.75,360.0
2015-01-15 00:00:00,2009.75,2011.0,2009.5,2010.0,674.0
2015-01-15 00:05:00,2010.0,2010.5,2009.5,2010.0,487.0
2015-01-15 00:10:00,2010.0,2011.5,2010.0,2011.25,1083.0
2015-01-15 00:15:00,2011.5,2012.0,2010.5,2010.75,538.0
2015-01-15 00:20:00,2010.75,2011.0,2009.75,2009.75,266.0
2015-01-15 00:25:00,2009.75,2010.5,2009.75,2010.0,277.0
2015-01-15 00:30:00,2010.0,2011.0,2010.0,2010.75,414.0
2015-01-15 00:35:00,2010.75,2010.75,2009.5,2009.5,626.0
2015-01-15 00:40:00,2009.5,2009.75,2008.25,2008.25,573.0
2015-01-15 00:45:00,2008.25,2008.75,2008.25,2008.25,678.0
2015-01-15 00:50:00,2008.25,2008.75,2007.75,2007.75,883.0
2015-01-15 00:55:00,2007.75,2008.5,2007.5,2008.25,543.0
2015-01-15 01:00:00,2008.25,2009.25,2008.25,2008.75,678.0
2015-01-15 01:05:00,2009.0,2010.0,2008.75,2009.25,557.0
2015-01-15 01:10:00,2009.5,2009.5,2008.75,2009.0,327.0
2015-01-15 01:15:00,2009.0,2010.0,2009.0,2010.0,480.0
2015-01-15 01:20:00,2010.0,2010.5,2009.75,2010.5,301.0
2015-01-15 01:25:00,2010.5,2011.0,2009.75,2010.0,461.0
2015-01-15 01:30:00,2010.0,2010.0,2008.75,2008.75,407.0
2015-01-15 01:35:00,2009.0,2009.0,2007.5,2008.0,600.0
2015-01-15 01:40:00,2008.0,2008.0,2007.25,2008.0,916.0
2015-01-15 01:45:00,2008.0,2008.75,2007.5,2008.5,595.0
2015-01-15 01:50:00,2008.75,2009.0,2008.0,2008.5,392.0
2015-01-15 01:55:00,2008.5,2008.75,2008.25,2008.75,209.0
2015-01-15 02:00:00,2008.5,2010.5,2008.5,2010.5,741.0
2015-01-15 02:05:00,2010.5,2010.75,2009.75,2010.0,229.0
2015-01-15 02:10:00,2010.0,2010.5,2009.75,2010.25,680.0
2015-01-15 02:15:00,2010.0,2010.25,2009.75,2010.0,221.0
2015-01-15 02:20:00,2009.75,2010.0,2009.25,2010.0,345.0
2015-01-15 02:25:00,2009.75,2010.25,2009.25,2010.25,319.0
2015-01-15 02:30:00,2010.25,2010.25,2009.75,2009.75,125.0
2015-01-15 02:35:00,2010.0,2010.0,2009.5,2009.5,143.0
2015-01-15 02:40:00,2009.5,2010.0,2009.5,2009.5,164.0
2015-01-15 02:45:00,2009.5,2010.0,2009.5,2009.75,101.0
2015-01-15 02:50:00,2009.75,2010.0,2009.5,2009.5,154.0
2015-01-15 02:55:00,2009.5,2010.5,2009.5,2010.25,317.0
2015-01-15 03:00:00,2010.25,2010.75,2010.0,2010.5,345.0
2015-01-15 03:05:00,2010.5,2010.75,2009.5,2009.5,417.0
2015-01-15 03:10:00,2009.5,2009.5,2009.0,2009.0,242.0
2015-01-15 03:15:00,2009.25,2009.5,2009.0,2009.25,121.0
2015-01-15 03:20:00,2009.25,2009.5,2009.25,2009.25,73.0
2015-01-15 03:25:00,2009.25,2009.5,2009.0,2009.5,193.0
2015-01-15 03:30:00,2009.5,2009.5,2008.75,2008.75,193.0
2015-01-15 03:35:00,2008.75,2009.0,2008.5,2009.0,201.0
2015-01-15 03:40:00,2008.75,2008.75,2008.0,2008.25,216.0
2015-01-15 03:45:00,2008.25,2009.0,2008.0,2008.0,338.0
2015-01-15 03:50:00,2008.0,2008.25,2007.25,2007.5,658.0
2015-01-15 03:55:00,2007.75,2008.5,2007.5,2008.25,335.0
2015-01-15 04:00:00,2008.25,2008.75,2008.25,2008.25,131.0
2015-01-15 04:05:00,2008.0,2008.75,2007.75,2008.75,341.0
2015-01-15 04:10:00,2008.75,2009.5,2008.5,2009.25,138.0
2015-01-15 04:15:00,2009.25,2009.25,2008.75,2009.0,186.0
2015-01-15 04:20:00,2009.0,2009.0,2008.25,2008.5,116.0
2015-01-15 04:25:00,2008.25,2008.5,2008.0,2008.0,78.0
2015-01-15 04:30:00,2008.25,2008.25,2008.0,2008.25,77.0
2015-01-15 04:35:00,2008.25,2008.75,2008.25,2008.5,155.0
2015-01-15 04:40:00,2008.5,2008.75,2008.25,2008.5,100.0
2015-01-15 04:45:00,2008.5,2009.75,2008.5,2009.75,367.0
2015-01-15 04:50:00,2009.75,2010.25,2009.25,2010.0,343.0
2015-01-15 04:55:00,2010.25,2010.25,2009.75,2009.75,101.0
2015-01-15 05:00:00,2010.0,2010.0,2009.75,2009.75,54.0
2015-01-15 05:05:00,2009.75,2010.25,2009.5,2010.0,313.0
2015-01-15 05:10:00,2010.0,2010.75,2010.0,2010.5,207.0
2015-01-15 05:15:00,2010.5,2011.0,2010.25,2010.25,408.0
2015-01-15 05:20:00,2010.25,2010.5,2010.25,2010.25,60.0
2015-01-15 05:25:00,2010.25,2011.5,2010.25,2011.25,540.0
2015-01-15 05:30:00,2011.5,2015.25,2011.5,2015.25,3227.0
2015-01-15 05:35:00,2015.25,2018.25,2015.25,2017.25,2352.0
2015-01-15 05:40:00,2017.25,2018.75,2017.0,2017.0,1642.0
2015-01-15 05:45:00,2017.0,2017.75,2016.5,2017.0,998.0
2015-01-15 05:50:00,2017.0,2018.25,2017.0,2017.5,682.0
2015-01-15 05:55:00,2017.5,2017.75,2016.75,2017.75,328.0
2015-01-15 06:00:00,2017.75,2020.75,2017.25,2020.5,2254.0
2015-01-15 06:05:00,2020.5,2024.5,2020.5,2023.0,3336.0
2015-01-15 06:10:00,2023.25,2026.25,2023.0,2024.75,2203.0
2015-01-15 06:15:00,2024.75,2025.25,2024.0,2025.0,1086.0
2015-01-15 06:20:00,2025.0,2025.0,2022.75,2023.0,1253.0
2015-01-15 06:25:00,2022.75,2023.5,2022.5,2023.25,452.0
2015-01-15 06:30:00,2023.25,2025.0,2023.25,2024.5,654.0
2015-01-15 06:35:00,2024.25,2025.0,2024.0,2024.75,403.0
2015-01-15 06:40:00,2024.5,2027.0,2024.5,2026.25,1068.0
2015-01-15 06:45:00,2026.25,2027.0,2025.75,2026.5,555.0
2015-01-15 06:50:00,2026.5,2027.25,2025.75,2025.75,1366.0
2015-01-15 06:55:00,2025.5,2026.25,2024.25,2025.75,759.0
2015-01-15 07:00:00,2025.75,2026.0,2023.75,2023.75,1773.0
2015-01-15 07:05:00,2023.75,2024.0,2023.0,2023.0,1591.0
2015-01-15 07:10:00,2023.0,2023.75,2023.0,2023.25,764.0
2015-01-15 07:15:00,2023.25,2023.75,2023.0,2023.0,726.0
2015-01-15 07:20:00,2023.0,2024.75,2023.0,2024.5,1179.0
2015-01-15 07:25:00,2024.5,2025.5,2023.5,2023.75,1953.0
2015-01-15 07:30:00,2023.75,2023.75,2021.75,2023.0,2488.0
2015-01-15 07:35:00,2022.75,2023.0,2019.5,2021.0,2907.0
2015-01-15 07:40:00,2021.0,2021.25,2019.25,2019.5,1800.0
2015-01-15 07:45:00,2019.25,2020.5,2019.0,2020.25,726.0
2015-01-15 07:50:00,2020.5,2020.5,2017.5,2017.5,2976.0
2015-01-15 07:55:00,2017.75,2019.75,2017.5,2019.5,1387.0
2015-01-15 08:00:00,2019.25,2021.5,2019.0,2021.0,2505.0
2015-01-15 08:05:00,2021.0,2023.25,2020.25,2022.75,3463.0
2015-01-15 08:10:00,2022.75,2024.5,2021.25,2021.75,3499.0
2015-01-15 08:15:00,2022.0,2022.0,2019.75,2021.25,2185.0
2015-01-15 08:20:00,2021.25,2022.75,2021.25,2021.75,1022.0
2015-01-15 08:25:00,2021.75,2022.0,2021.0,2021.0,1349.0
2015-01-15 08:30:00,2021.0,2021.0,2019.0,2020.25,1661.0
2015-01-15 08:35:00,2020.0,2021.5,2019.0,2020.75,1396.0
2015-01-15 08:40:00,2020.75,2022.25,2020.75,2022.0,1299.0
2015-01-15 08:45:00,2021.75,2022.5,2020.75,2021.0,1383.0
2015-01-15 08:50:00,2020.75,2021.25,2019.75,2020.25,1151.0
2015-01-15 08:55:00,2020.25,2020.5,2019.25,2019.75,1346.0
2015-01-15 09:00:00,2020.0,2021.0,2019.25,2019.5,1098.0
2015-01-15 09:05:00,2019.5,2019.75,2018.25,2019.75,1392.0
2015-01-15 09:10:00,2019.5,2020.0,2018.25,2019.5,1402.0
2015-01-15 09:15:00,2019.5,2020.25,2019.25,2019.75,829.0
2015-01-15 09:20:00,2019.75,2020.25,2019.5,2020.0,664.0
2015-01-15 09:25:00,2020.0,2020.0,2018.75,2019.25,1213.0
2015-01-15 09:30:00,2019.0,2019.25,2015.75,2016.5,5015.0
2015-01-15 09:35:00,2016.25,2016.5,2013.0,2013.25,6198.0
2015-01-15 09:40:00,2013.25,2017.0,2012.5,2016.75,4152.0
2015-01-15 09:45:00,2016.75,2017.5,2004.5,2004.5,10583.0
2015-01-15 09:50:00,2004.75,2004.75,1986.0,1994.25,23753.0
2015-01-15 09:55:00,1994.5,2007.5,1994.25,1999.75,17345.0
2015-01-15 10:00:00,1999.5,2001.75,1992.25,1997.5,11000.0
2015-01-15 10:05:00,1998.0,2000.25,1995.5,1997.75,7306.0
2015-01-15 10:10:00,1998.0,2010.75,1998.0,2005.75,16713.0
2015-01-15 10:15:00,2005.75,2007.25,1999.25,2004.5,10730.0
2015-01-15 10:20:00,2004.25,2006.0,2001.75,2004.25,3796.0
2015-01-15 10:25:00,2004.5,2007.5,2004.0,2005.0,4744.0
2015-01-15 10:30:00,2005.0,2006.75,2003.0,2003.25,2562.0
2015-01-15 10:35:00,2003.25,2003.75,1994.25,2000.75,7211.0
2015-01-15 10:40:00,2000.75,2000.75,1994.25,1997.0,6080.0
2015-01-15 10:45:00,1997.25,1998.0,1993.5,1995.75,4160.0
2015-01-15 10:50:00,1995.5,2000.0,1994.0,1999.75,4254.0
2015-01-15 10:55:00,1999.75,1999.75,1996.25,1998.0,3677.0
2015-01-15 11:00:00,1998.0,1998.75,1996.5,1997.5,2454.0
2015-01-15 11:05:00,1997.5,1998.0,1995.25,1996.75,2652.0
2015-01-15 11:10:00,1996.75,1997.0,1994.5,1995.5,2481.0
2015-01-15 11:15:00,1995.25,1996.25,1991.5,1995.0,5321.0
2015-01-15 11:20:00,1995.0,1996.25,1991.25,1992.5,3718.0
2015-01-15 11:25:00,1992.5,1993.75,1988.5,1988.75,5580.0
2015-01-15 11:30:00,1988.75,1993.25,1988.75,1993.25,3890.0
2015-01-15 11:35:00,1993.5,1994.75,1990.75,1993.0,3159.0
2015-01-15 11:40:00,1993.0,1996.5,1991.5,1996.5,3210.0
2015-01-15 11:45:00,1996.25,1997.75,1994.25,1997.25,3631.0
2015-01-15 11:50:00,1997.25,1998.25,1995.25,1996.0,3973.0
2015-01-15 11:55:00,1995.75,1997.0,1995.0,1996.25,2278.0
2015-01-15 12:00:00,1996.5,1996.75,1992.75,1994.0,3698.0
2015-01-15 12:05:00,1994.0,1997.0,1992.5,1996.75,4413.0
2015-01-15 12:10:00,1996.5,1999.0,1996.5,1998.25,2685.0
2015-01-15 12:15:00,1998.25,2007.5,1998.25,2005.5,8980.0
2015-01-15 12:20:00,2005.5,2005.75,2001.5,2003.25,4704.0
2015-01-15 12:25:00,2003.25,2006.25,2002.75,2005.5,3246.0
2015-01-15 12:30:00,2005.5,2010.25,2005.25,2008.25,7906.0
2015-01-15 12:35:00,2008.0,2013.25,2008.0,2009.25,6432.0
2015-01-15 12:40:00,2009.25,2010.75,2007.0,2007.25,4109.0
2015-01-15 12:45:00,2007.25,2007.75,2002.5,2003.0,7422.0
2015-01-15 12:50:00,2003.0,2003.5,1999.5,2002.0,7392.0
2015-01-15 12:55:00,2002.0,2005.25,2002.0,2005.25,2931.0
2015-01-15 13:00:00,2005.0,2005.5,2001.75,2003.25,4689.0
2015-01-15 13:05:00,2003.25,2005.0,2001.5,2004.75,2899.0
2015-01-15 13:10:00,2004.75,2006.0,2003.5,2004.0,3091.0
2015-01-15 13:15:00,2004.0,2005.5,2002.5,2005.25,2429.0
2015-01-15 13:20:00,2005.5,2006.0,2003.75,2005.0,3071.0
2015-01-15 13:25:00,2005.0,2006.0,2003.75,2004.0,1601.0
2015-01-15 13:30:00,2004.0,2009.5,2003.25,2006.5,11930.0
2015-01-15 13:35:00,2006.5,2012.25,2005.25,2011.75,9786.0
2015-01-15 13:40:00,2011.5,2013.0,2009.5,2011.75,9422.0
2015-01-15 13:45:00,2011.75,2018.0,2011.75,2016.0,17979.0
2015-01-15 13:50:00,2016.25,2016.5,2012.0,2012.75,10283.0
2015-01-15 13:55:00,2013.0,2016.0,2012.5,2014.75,6629.0
2015-01-15 14:00:00,2014.75,2015.0,2011.25,2011.5,5763.0
2015-01-15 14:05:00,2011.25,2011.75,2008.5,2009.75,7510.0
2015-01-15 14:10:00,2009.75,2012.25,2008.0,2012.0,6479.0
2015-01-15 14:15:00,2012.0,2013.75,2011.25,2012.25,5693.0
2015-01-15 14:20:00,2012.25,2013.75,2010.25,2012.0,5932.0
2015-01-15 14:25:00,2011.75,2012.0,2009.75,2010.75,5921.0
2015-01-15 14:30:00,2011.0,2016.0,2009.75,2013.25,48616.0
2015-01-15 14:35:00,2013.25,2013.25,2002.0,2002.75,57319.0
2015-01-15 14:40:00,2002.75,2004.0,1997.5,2000.5,59954.0
2015-01-15 14:45:00,2000.5,2001.0,1997.0,1997.25,52803.0
2015-01-15 14:50:00,1997.25,1999.75,1994.5,1999.5,45191.0
2015-01-15 14:55:00,1999.5,1999.5,1991.75,1993.5,34844.0
2015-01-15 15:00:00,1993.5,1996.5,1991.25,1994.5,47384.0
2015-01-15 15:05:00,1994.25,1999.0,1992.5,1998.25,44055.0
2015-01-15 15:10:00,1998.5,1999.25,1994.0,1997.0,38111.0
2015-01-15 15:15:00,1996.75,2002.25,1996.75,2000.5,39579.0
2015-01-15 15:20:00,2000.5,2004.0,2000.5,2003.5,26870.0
2015-01-15 15:25:00,2003.5,2006.0,2002.5,2003.0,29941.0
2015-01-15 15:30:00,2003.0,2010.75,2003.0,2009.5,35356.0
2015-01-15 15:35:00,2009.75,2009.75,2004.75,2005.5,23127.0
2015-01-15 15:40:00,2005.5,2006.5,2003.0,2004.0,24966.0
2015-01-15 15:45:00,2004.0,2005.75,2001.75,2002.5,18859.0
2015-01-15 15:50:00,2002.75,2004.25,2001.5,2002.25,22521.0
2015-01-15 15:55:00,2002.5,2003.25,1998.25,1999.25,23652.0
2015-01-15 16:00:00,1999.5,2001.25,1998.25,1998.75,19836.0
2015-01-15 16:05:00,1998.75,1999.25,1996.0,1997.25,21981.0
2015-01-15 16:10:00,1997.25,2000.75,1997.25,1998.75,13797.0
2015-01-15 16:15:00,1998.75,2000.5,1998.0,1998.25,10011.0
2015-01-15 16:20:00,1998.5,1998.5,1994.25,1994.75,22123.0
2015-01-15 16:25:00,1994.75,1995.0,1992.5,1993.25,17355.0
2015-01-15 16:30:00,1993.25,1997.25,1992.0,1996.75,23129.0
2015-01-15 16:35:00,1996.75,1997.25,1990.75,1991.25,28815.0
2015-01-15 16:40:00,1991.5,1996.0,1991.0,1995.75,21302.0
2015-01-15 16:45:00,1995.75,2000.0,1995.75,1998.25,22735.0
2015-01-15 16:50:00,1998.25,1998.5,1994.25,1995.5,18435.0
2015-01-15 16:55:00,1995.5,1997.25,1994.0,1995.25,10989.0
2015-01-15 17:00:00,1995.0,1997.25,1994.25,1995.25,13232.0
2015-01-15 17:05:00,1995.25,1997.0,1994.0,1996.75,9742.0
2015-01-15 17:10:00,1996.75,1997.75,1995.0,1996.0,21435.0
2015-01-15 17:15:00,1995.75,1996.0,1992.5,1992.75,11417.0
2015-01-15 17:20:00,1992.75,1994.0,1991.75,1992.5,10062.0
2015-01-15 17:25:00,1992.5,1995.5,1991.5,1994.5,11254.0
2015-01-15 17:30:00,1994.25,1994.5,1991.0,1992.75,14925.0
2015-01-15 17:35:00,1992.5,1993.75,1989.0,1989.5,22530.0
2015-01-15 17:40:00,1989.75,1991.25,1988.75,1989.5,11484.0
2015-01-15 17:45:00,1989.5,1989.5,1985.25,1986.75,25871.0
2015-01-15 17:50:00,1986.75,1989.25,1986.0,1988.25,17121.0
2015-01-15 17:55:00,1988.25,1990.75,1988.0,1990.0,11354.0
2015-01-15 18:00:00,1989.75,1993.0,1987.75,1992.75,15006.0
2015-01-15 18:05:00,1992.75,1994.75,1992.25,1992.5,25595.0
2015-01-15 18:10:00,1992.25,1995.25,1992.0,1995.0,18013.0
2015-01-15 18:15:00,1995.0,1996.25,1994.0,1994.25,17536.0
2015-01-15 18:20:00,1994.0,1995.75,1992.75,1993.0,12459.0
2015-01-15 18:25:00,1993.0,1993.25,1990.75,1991.25,7957.0
2015-01-15 18:30:00,1991.0,1991.25,1988.0,1989.5,9809.0
2015-01-15 18:35:00,1989.75,1990.5,1988.25,1988.75,6706.0
2015-01-15 18:40:00,1988.5,1988.75,1987.0,1987.25,8501.0
2015-01-15 18:45:00,1987.25,1989.25,1986.5,1988.75,11162.0
2015-01-15 18:50:00,1988.75,1994.0,1988.25,1993.75,19814.0
2015-01-15 18:55:00,1994.0,1994.5,1991.0,1991.25,12360.0
2015-01-15 19:00:00,1991.25,1991.25,1988.25,1991.0,10381.0
2015-01-15 19:05:00,1991.0,1993.5,1989.0,1993.5,15441.0
2015-01-15 19:10:00,1993.25,1993.5,1990.25,1992.5,10606.0
2015-01-15 19:15:00,1992.5,1994.75,1991.5,1992.25,12566.0
2015-01-15 19:20:00,1992.25,1994.0,1990.75,1991.75,11146.0
2015-01-15 19:25:00,1991.75,1992.75,1990.5,1991.0,11457.0
2015-01-15 19:30:00,1991.25,1993.5,1989.75,1992.25,10206.0
2015-01-15 19:35:00,1992.25,1995.5,1992.25,1992.25,13250.0
2015-01-15 19:40:00,1992.25,1995.25,1992.25,1994.25,11099.0
2015-01-15 19:45:00,1994.25,1995.5,1992.25,1994.75,8503.0
2015-01-15 19:50:00,1994.5,1995.0,1991.75,1993.0,11199.0
2015-01-15 19:55:00,1993.25,1997.75,1993.0,1997.25,15096.0
2015-01-15 20:00:00,1997.25,1998.25,1995.5,1995.5,16010.0
2015-01-15 20:05:00,1995.75,1996.25,1993.25,1993.5,12725.0
2015-01-15 20:10:00,1993.5,1995.0,1989.5,1990.5,20688.0
2015-01-15 20:15:00,1990.5,1991.5,1988.75,1990.5,12880.0
2015-01-15 20:20:00,1990.5,1991.75,1989.0,1990.75,9639.0
2015-01-15 20:25:00,1990.75,1994.5,1990.0,1993.0,12564.0
2015-01-15 20:30:00,1993.0,1995.75,1991.0,1994.75,15690.0
2015-01-15 20:35:00,1994.75,1995.0,1991.25,1992.0,10755.0
2015-01-15 20:40:00,1992.0,1994.0,1990.75,1993.0,12072.0
2015-01-15 20:45:00,1993.0,1993.25,1989.5,1991.0,22789.0
2015-01-15 20:50:00,1991.25,1992.0,1986.5,1987.25,39024.0
2015-01-15 20:55:00,1987.25,1987.75,1984.75,1986.75,46707.0
2015-01-15 21:00:00,1986.75,1992.5,1985.5,1992.5,82012.0
2015-01-15 21:05:00,1992.5,1993.0,1991.0,1992.0,18609.0
2015-01-15 21:10:00,1992.0,1992.75,1990.5,1990.75,16813.0
2015-01-15 21:15:00,1990.5,1990.75,1988.5,1989.0,10102.0
2015-01-15 21:30:00,1988.5,1988.75,1986.75,1987.25,4522.0
2015-01-15 21:35:00,1987.0,1987.75,1986.0,1986.25,2313.0
2015-01-15 21:40:00,1986.5,1987.0,1986.0,1986.25,1427.0
2015-01-15 21:45:00,1986.25,1986.25,1985.5,1985.75,2292.0
2015-01-15 21:50:00,1985.75,1986.0,1983.5,1985.25,2912.0
2015-01-15 21:55:00,1985.25,1985.75,1983.75,1983.75,2006.0
2015-01-15 22:00:00,1984.0,1984.25,1983.0,1983.5,1638.0
2015-01-15 22:05:00,1983.75,1983.75,1980.25,1980.5,5531.0
2015-01-15 22:10:00,1980.5,1981.75,1978.5,1978.5,4399.0
2015-01-15 22:15:00,1978.25,1980.0,1978.25,1979.75,1140.0
2015-01-15 23:00:00,1980.75,1982.5,1980.25,1980.5,3394.0
2015-01-15 23:05:00,1980.5,1980.75,1978.75,1980.25,1955.0
2015-01-15 23:10:00,1980.0,1983.0,1980.0,1982.25,1658.0
2015-01-15 23:15:00,1982.25,1983.0,1981.75,1982.5,703.0
2015-01-15 23:20:00,1982.75,1982.75,1981.25,1981.5,439.0
2015-01-15 23:25:00,1981.5,1983.5,1981.25,1982.75,781.0
2015-01-15 23:30:00,1982.5,1982.75,1980.5,1980.5,842.0
2015-01-15 23:35:00,1980.5,1981.25,1979.75,1980.0,716.0
2015-01-15 23:40:00,1979.75,1980.5,1979.5,1979.75,550.0
2015-01-15 23:45:00,1979.75,1980.25,1979.5,1979.5,551.0
2015-01-15 23:50:00,1979.5,1981.0,1979.0,1979.25,560.0
2015-01-15 23:55:00,1979.25,1979.5,1978.5,1979.0,955.0
2015-01-16 00:00:00,1979.25,1980.25,1978.5,1979.5,1074.0
2015-01-16 00:05:00,1979.5,1980.25,1979.0,1979.0,599.0
2015-01-16 00:10:00,1979.0,1979.25,1975.25,1975.75,3558.0
2015-01-16 00:15:00,1975.75,1976.25,1972.25,1974.0,6770.0
2015-01-16 00:20:00,1973.75,1974.75,1973.25,1973.75,1481.0
2015-01-16 00:25:00,1973.5,1974.25,1972.5,1973.5,1367.0
2015-01-16 00:30:00,1973.5,1977.25,1973.0,1975.25,2381.0
2015-01-16 00:35:00,1975.25,1975.75,1974.25,1975.0,1231.0
2015-01-16 00:40:00,1975.0,1975.5,1974.25,1975.25,800.0
2015-01-16 00:45:00,1975.25,1976.25,1974.75,1976.0,1153.0
2015-01-16 00:50:00,1976.0,1976.75,1975.75,1976.25,714.0
2015-01-16 00:55:00,1976.5,1976.75,1975.0,1975.25,709.0
2015-01-16 01:00:00,1975.5,1977.25,1975.25,1977.25,1609.0
2015-01-16 01:05:00,1977.25,1978.5,1976.75,1977.5,706.0
2015-01-16 01:10:00,1977.25,1977.75,1976.75,1977.25,439.0
2015-01-16 01:15:00,1977.5,1979.25,1977.25,1977.5,754.0
2015-01-16 01:20:00,1977.5,1977.5,1976.0,1976.75,492.0
2015-01-16 01:25:00,1976.75,1977.25,1976.25,1977.0,327.0
2015-01-16 01:30:00,1977.0,1978.0,1976.75,1976.75,684.0
2015-01-16 01:35:00,1977.0,1977.25,1975.5,1975.75,377.0
2015-01-16 01:40:00,1976.0,1978.0,1976.0,1977.75,484.0
2015-01-16 01:45:00,1977.75,1977.75,1975.5,1975.5,550.0
2015-01-16 01:50:00,1975.75,1976.0,1974.75,1975.0,675.0
2015-01-16 01:55:00,1974.75,1976.0,1974.5,1975.0,584.0
2015-01-16 02:00:00,1974.75,1974.75,1973.75,1974.75,915.0
2015-01-16 02:05:00,1974.75,1975.25,1974.0,1974.25,590.0
2015-01-16 02:10:00,1974.25,1974.25,1972.5,1973.0,1589.0
2015-01-16 02:15:00,1973.0,1973.75,1972.25,1972.75,1069.0
2015-01-16 02:20:00,1972.5,1974.5,1972.5,1973.5,936.0
2015-01-16 02:25:00,1973.5,1974.25,1972.25,1972.5,694.0
2015-01-16 02:30:00,1972.75,1972.75,1971.0,1971.5,2778.0
2015-01-16 02:35:00,1971.5,1974.0,1971.5,1973.25,1006.0
2015-01-16 02:40:00,1973.25,1973.75,1971.5,1971.75,504.0
2015-01-16 02:45:00,1972.0,1972.5,1970.25,1971.5,2433.0
2015-01-16 02:50:00,1971.75,1972.25,1971.25,1971.5,633.0
2015-01-16 02:55:00,1971.5,1973.0,1971.25,1972.5,519.0
2015-01-16 03:00:00,1972.5,1973.75,1972.0,1973.5,399.0
2015-01-16 03:05:00,1973.25,1975.75,1972.75,1975.75,1333.0
2015-01-16 03:10:00,1975.75,1976.0,1974.75,1975.25,546.0
2015-01-16 03:15:00,1975.0,1975.75,1974.75,1975.5,198.0
2015-01-16 03:20:00,1975.5,1976.0,1975.0,1976.0,392.0
2015-01-16 03:25:00,1976.0,1976.5,1975.0,1975.0,514.0
2015-01-16 03:30:00,1975.0,1976.0,1973.5,1976.0,759.0
2015-01-16 03:35:00,1976.0,1976.5,1974.25,1975.0,577.0
2015-01-16 03:40:00,1975.0,1975.0,1973.75,1974.5,301.0
2015-01-16 03:45:00,1974.5,1974.75,1972.75,1973.0,362.0
2015-01-16 03:50:00,1973.25,1974.5,1972.75,1974.0,455.0
2015-01-16 03:55:00,1974.0,1974.5,1974.0,1974.25,209.0
2015-01-16 04:00:00,1974.0,1974.25,1973.0,1974.25,456.0
2015-01-16 04:05:00,1974.25,1974.75,1973.75,1973.75,432.0
2015-01-16 04:10:00,1974.0,1974.25,1973.0,1973.5,361.0
2015-01-16 04:15:00,1973.5,1973.75,1972.5,1973.75,738.0
2015-01-16 04:20:00,1973.75,1974.5,1973.25,1974.25,368.0
2015-01-16 04:25:00,1974.25,1975.25,1974.25,1975.25,352.0
2015-01-16 04:30:00,1975.25,1976.75,1975.0,1976.25,711.0
2015-01-16 04:35:00,1976.5,1976.75,1976.0,1976.0,578.0
2015-01-16 04:40:00,1975.75,1976.25,1975.25,1975.5,219.0
2015-01-16 04:45:00,1975.5,1976.0,1975.25,1976.0,70.0
2015-01-16 04:50:00,1975.75,1976.75,1975.75,1976.25,324.0
2015-01-16 04:55:00,1976.5,1978.0,1976.25,1977.5,857.0
2015-01-16 05:00:00,1977.5,1978.25,1977.25,1978.25,668.0
2015-01-16 05:05:00,1978.0,1979.25,1977.75,1978.5,883.0
2015-01-16 05:10:00,1978.5,1978.75,1978.0,1978.25,257.0
2015-01-16 05:15:00,1978.25,1978.5,1977.75,1978.5,196.0
2015-01-16 05:20:00,1978.25,1978.25,1975.25,1976.0,954.0
2015-01-16 05:25:00,1976.0,1976.75,1973.5,1974.5,1357.0
2015-01-16 05:30:00,1974.5,1975.75,1974.0,1975.5,647.0
2015-01-16 05:35:00,1975.75,1977.0,1975.75,1976.5,286.0
2015-01-16 05:40:00,1976.5,1977.25,1976.0,1977.25,423.0
2015-01-16 05:45:00,1977.0,1978.5,1976.75,1977.25,970.0
2015-01-16 05:50:00,1977.25,1977.25,1975.75,1976.5,633.0
2015-01-16 05:55:00,1976.5,1976.75,1973.75,1974.75,1240.0
2015-01-16 06:00:00,1974.75,1978.25,1974.25,1977.75,1424.0
2015-01-16 06:05:00,1977.75,1980.0,1977.5,1979.5,1309.0
2015-01-16 06:10:00,1979.25,1979.75,1977.75,1977.75,1061.0
2015-01-16 06:15:00,1977.75,1977.75,1975.5,1976.75,1485.0
2015-01-16 06:20:00,1976.5,1976.5,1974.25,1975.0,755.0
2015-01-16 06:25:00,1975.25,1976.5,1975.25,1975.5,408.0
2015-01-16 06:30:00,1975.25,1976.75,1975.25,1976.0,537.0
2015-01-16 06:35:00,1975.5,1976.0,1975.5,1976.0,249.0
2015-01-16 06:40:00,1976.0,1976.5,1975.5,1976.0,368.0
2015-01-16 06:45:00,1975.75,1976.0,1975.25,1975.75,284.0
2015-01-16 06:50:00,1975.75,1978.5,1975.5,1978.5,804.0
2015-01-16 06:55:00,1978.5,1980.0,1978.0,1978.0,833.0
2015-01-16 07:00:00,1978.0,1980.0,1977.25,1980.0,1506.0
2015-01-16 07:05:00,1979.75,1980.5,1979.25,1979.25,1491.0
2015-01-16 07:10:00,1979.25,1981.0,1979.0,1980.75,1036.0
2015-01-16 07:15:00,1980.75,1981.5,1979.25,1980.75,981.0
2015-01-16 07:20:00,1980.5,1981.25,1979.75,1979.75,1038.0
2015-01-16 07:25:00,1979.75,1980.75,1979.75,1979.75,808.0
2015-01-16 07:30:00,1979.75,1982.0,1979.75,1982.0,965.0
2015-01-16 07:35:00,1982.0,1982.75,1980.25,1980.25,1849.0
2015-01-16 07:40:00,1980.25,1984.0,1980.25,1983.25,2156.0
2015-01-16 07:45:00,1983.0,1984.5,1982.5,1983.5,1959.0
2015-01-16 07:50:00,1983.75,1984.0,1981.25,1981.75,1801.0
2015-01-16 07:55:00,1981.5,1982.75,1980.25,1980.5,1904.0
2015-01-16 08:00:00,1980.5,1983.25,1979.5,1983.25,4038.0
2015-01-16 08:05:00,1983.25,1984.5,1982.5,1983.5,4523.0
2015-01-16 08:10:00,1983.25,1986.75,1983.25,1985.5,7361.0
2015-01-16 08:15:00,1985.5,1988.0,1985.5,1987.25,5070.0
2015-01-16 08:20:00,1987.25,1988.75,1986.5,1987.25,4263.0
2015-01-16 08:25:00,1987.25,1987.5,1985.75,1986.5,3762.0
2015-01-16 08:30:00,1986.5,1987.0,1985.5,1986.0,1822.0
2015-01-16 08:35:00,1986.0,1986.0,1983.5,1983.75,2432.0
2015-01-16 08:40:00,1983.75,1984.0,1981.5,1981.75,1955.0
2015-01-16 08:45:00,1981.75,1983.5,1981.0,1983.25,2459.0
2015-01-16 08:50:00,1983.25,1983.5,1982.0,1982.25,1513.0
2015-01-16 08:55:00,1982.25,1983.25,1982.0,1982.5,1219.0
2015-01-16 09:00:00,1982.75,1983.0,1981.0,1981.25,1375.0
2015-01-16 09:05:00,1981.25,1982.75,1981.0,1981.25,957.0
2015-01-16 09:10:00,1981.5,1982.0,1980.25,1980.75,1644.0
2015-01-16 09:15:00,1980.75,1981.25,1978.5,1979.5,2977.0
2015-01-16 09:20:00,1979.5,1980.25,1979.0,1979.0,1324.0
2015-01-16 09:25:00,1979.0,1980.0,1978.75,1979.5,1137.0
2015-01-16 09:30:00,1979.5,1979.75,1976.5,1977.75,2797.0
2015-01-16 09:35:00,1977.75,1978.0,1975.0,1976.5,2795.0
2015-01-16 09:40:00,1976.5,1977.5,1975.25,1976.25,2140.0
2015-01-16 09:45:00,1976.25,1976.25,1973.25,1973.75,4018.0
2015-01-16 09:50:00,1974.0,1976.5,1973.75,1976.25,2546.0
2015-01-16 09:55:00,1976.25,1978.75,1975.75,1978.5,3398.0
2015-01-16 10:00:00,1978.25,1978.5,1977.0,1977.0,1912.0
2015-01-16 10:05:00,1977.0,1977.25,1975.25,1976.5,2132.0
2015-01-16 10:10:00,1976.5,1976.75,1974.75,1975.5,1953.0
2015-01-16 10:15:00,1975.75,1977.0,1974.5,1977.0,1631.0
2015-01-16 10:20:00,1977.0,1977.5,1976.25,1977.0,1095.0
2015-01-16 10:25:00,1976.75,1977.25,1976.5,1976.75,1605.0
2015-01-16 10:30:00,1976.75,1980.75,1976.5,1980.25,2727.0
2015-01-16 10:35:00,1980.5,1982.0,1980.25,1982.0,1298.0
2015-01-16 10:40:00,1982.0,1982.0,1980.5,1981.25,1643.0
2015-01-16 10:45:00,1981.25,1981.75,1978.5,1979.75,1510.0
2015-01-16 10:50:00,1980.0,1981.5,1979.0,1979.5,2933.0
2015-01-16 10:55:00,1979.5,1980.5,1977.75,1979.25,2149.0
2015-01-16 11:00:00,1979.25,1981.25,1978.75,1980.75,1663.0
2015-01-16 11:05:00,1980.75,1980.75,1979.25,1979.75,898.0
2015-01-16 11:10:00,1979.75,1981.25,1979.25,1981.0,1972.0
2015-01-16 11:15:00,1981.0,1982.0,1980.25,1982.0,1106.0
2015-01-16 11:20:00,1982.0,1986.0,1981.5,1984.5,4708.0
2015-01-16 11:25:00,1984.25,1986.0,1983.75,1985.5,3255.0
2015-01-16 11:30:00,1985.5,1988.0,1984.5,1986.5,5430.0
2015-01-16 11:35:00,1986.5,1988.0,1984.75,1985.5,2461.0
2015-01-16 11:40:00,1985.25,1986.25,1984.0,1984.25,1108.0
2015-01-16 11:45:00,1984.5,1986.0,1984.25,1985.25,1112.0
2015-01-16 11:50:00,1985.0,1986.0,1984.75,1985.75,895.0
2015-01-16 11:55:00,1985.5,1986.0,1984.75,1985.25,839.0
2015-01-16 12:00:00,1985.25,1986.25,1982.25,1983.25,3102.0
2015-01-16 12:05:00,1983.0,1983.5,1981.25,1982.25,2922.0
2015-01-16 12:10:00,1982.25,1982.5,1981.25,1982.5,2651.0
2015-01-16 12:15:00,1982.25,1982.5,1980.25,1981.5,2492.0
2015-01-16 12:20:00,1981.25,1982.0,1980.25,1980.5,1515.0
2015-01-16 12:25:00,1980.5,1980.75,1977.75,1979.5,4285.0
2015-01-16 12:30:00,1979.5,1979.75,1977.5,1978.75,2758.0
2015-01-16 12:35:00,1978.75,1979.75,1978.0,1978.25,2857.0
2015-01-16 12:40:00,1978.5,1979.5,1976.75,1978.5,3051.0
2015-01-16 12:45:00,1978.75,1979.0,1977.5,1978.75,1202.0
2015-01-16 12:50:00,1978.5,1978.75,1977.25,1978.5,1879.0
2015-01-16 12:55:00,1978.75,1979.0,1976.25,1976.5,3179.0
2015-01-16 13:00:00,1976.5,1980.0,1976.5,1978.5,4394.0
2015-01-16 13:05:00,1978.5,1979.25,1978.0,1978.25,2051.0
2015-01-16 13:10:00,1978.25,1978.75,1977.75,1978.25,2554.0
2015-01-16 13:15:00,1978.25,1979.0,1977.5,1978.25,2144.0
2015-01-16 13:20:00,1978.5,1979.0,1978.0,1978.0,1477.0
2015-01-16 13:25:00,1978.25,1980.0,1978.0,1980.0,3499.0
2015-01-16 13:30:00,1979.75,1985.5,1978.25,1984.0,14348.0
2015-01-16 13:35:00,1984.0,1985.0,1981.25,1983.25,7634.0
2015-01-16 13:40:00,1983.25,1986.25,1983.25,1985.5,7411.0
2015-01-16 13:45:00,1985.75,1988.0,1985.75,1986.25,6916.0
2015-01-16 13:50:00,1986.25,1986.5,1983.5,1984.25,5414.0
2015-01-16 13:55:00,1984.0,1984.5,1982.75,1983.25,4875.0
2015-01-16 14:00:00,1983.25,1985.75,1983.0,1983.75,4275.0
2015-01-16 14:05:00,1984.0,1984.25,1981.75,1983.75,6412.0
2015-01-16 14:10:00,1983.75,1983.75,1982.5,1982.75,2927.0
2015-01-16 14:15:00,1982.5,1984.75,1982.5,1983.0,5232.0
2015-01-16 14:20:00,1983.25,1984.0,1982.5,1984.0,4202.0
2015-01-16 14:25:00,1984.0,1985.75,1982.0,1982.0,14728.0
2015-01-16 14:30:00,1982.25,1988.25,1982.0,1987.25,54739.0
2015-01-16 14:35:00,1987.25,1993.75,1986.75,1993.5,66775.0
2015-01-16 14:40:00,1993.25,1994.5,1991.25,1993.0,39190.0
2015-01-16 14:45:00,1993.0,1993.75,1988.0,1989.5,36961.0
2015-01-16 14:50:00,1989.25,1991.75,1986.25,1987.25,30051.0
2015-01-16 14:55:00,1987.0,1988.0,1984.75,1985.0,19218.0
2015-01-16 15:00:00,1984.75,1992.5,1983.5,1984.0,56393.0
2015-01-16 15:05:00,1983.75,1987.75,1983.5,1987.0,39173.0
2015-01-16 15:10:00,1987.0,1987.25,1982.25,1982.5,32531.0
2015-01-16 15:15:00,1982.5,1984.75,1981.25,1984.25,28132.0
2015-01-16 15:20:00,1984.0,1988.0,1984.0,1987.25,29949.0
2015-01-16 15:25:00,1987.0,1993.0,1986.75,1992.25,39068.0
2015-01-16 15:30:00,1992.0,1995.25,1990.25,1993.0,31699.0
2015-01-16 15:35:00,1993.0,1994.0,1990.25,1990.5,25319.0
2015-01-16 15:40:00,1990.25,1993.5,1990.0,1991.5,26852.0
2015-01-16 15:45:00,1991.25,1993.5,1989.25,1990.5,30477.0
2015-01-16 15:50:00,1990.25,1993.25,1990.0,1992.5,17669.0
2015-01-16 15:55:00,1992.25,1999.75,1992.25,1998.25,49358.0
2015-01-16 16:00:00,1998.25,2000.75,1997.75,1999.0,24769.0
2015-01-16 16:05:00,1999.0,1999.5,1996.25,1997.5,28128.0
2015-01-16 16:10:00,1997.25,1998.5,1994.5,1995.75,31437.0
2015-01-16 16:15:00,1995.75,1999.5,1994.75,1999.25,20832.0
2015-01-16 16:20:00,1999.0,1999.25,1995.5,1996.5,13476.0
2015-01-16 16:25:00,1996.25,1996.5,1992.75,1993.75,17351.0
2015-01-16 16:30:00,1993.75,1995.5,1993.0,1995.5,21393.0
2015-01-16 16:35:00,1995.25,1997.5,1994.25,1997.0,16434.0
2015-01-16 16:40:00,1997.0,1999.5,1997.0,1999.25,22093.0
2015-01-16 16:45:00,1999.0,1999.0,1995.25,1996.0,17034.0
2015-01-16 16:50:00,1996.0,1996.75,1993.25,1994.25,19512.0
2015-01-16 16:55:00,1994.0,1995.75,1993.25,1995.25,13119.0
2015-01-16 17:00:00,1995.0,1998.0,1994.25,1997.25,16931.0
2015-01-16 17:05:00,1997.0,1998.0,1994.75,1994.75,13718.0
2015-01-16 17:10:00,1994.75,1997.0,1994.25,1996.0,16867.0
2015-01-16 17:15:00,1995.75,1997.0,1995.5,1996.25,6955.0
2015-01-16 17:20:00,1996.25,1996.5,1994.75,1996.0,10318.0
2015-01-16 17:25:00,1996.0,1998.0,1995.0,1997.5,12915.0
2015-01-16 17:30:00,1997.25,1998.0,1996.75,1998.0,9744.0
2015-01-16 17:35:00,1997.75,1998.75,1997.0,1997.25,12696.0
2015-01-16 17:40:00,1997.25,1999.75,1997.25,1999.75,8425.0
2015-01-16 17:45:00,1999.5,2002.75,1999.5,2002.25,23999.0
2015-01-16 17:50:00,2002.0,2006.25,2001.75,2004.5,22545.0
2015-01-16 17:55:00,2004.5,2004.75,2002.5,2002.75,20693.0
2015-01-16 18:00:00,2002.5,2003.75,2001.25,2001.5,15199.0
2015-01-16 18:05:00,2001.5,2003.75,2000.5,2003.5,15415.0
2015-01-16 18:10:00,2003.25,2003.75,2001.5,2001.75,8607.0
2015-01-16 18:15:00,2001.75,2002.0,2001.0,2001.25,7236.0
2015-01-16 18:20:00,2001.0,2001.25,1998.5,1999.75,18416.0
2015-01-16 18:25:00,1999.75,2000.0,1997.0,1998.25,14320.0
2015-01-16 18:30:00,1998.0,2000.75,1998.0,2000.5,10316.0
2015-01-16 18:35:00,2000.25,2002.25,2000.0,2002.0,10675.0
2015-01-16 18:40:00,2001.75,2002.25,2000.25,2001.5,7881.0
2015-01-16 18:45:00,2001.25,2002.75,2000.0,2002.5,11922.0
2015-01-16 18:50:00,2002.5,2003.5,2001.75,2003.0,9474.0
2015-01-16 18:55:00,2003.0,2003.75,2002.5,2003.0,6039.0
2015-01-16 19:00:00,2003.0,2004.5,2002.5,2002.5,8617.0
2015-01-16 19:05:00,2002.5,2004.0,2002.25,2002.5,6445.0
2015-01-16 19:10:00,2002.25,2003.25,2000.75,2001.5,9556.0
2015-01-16 19:15:00,2001.5,2003.0,2001.0,2002.5,8942.0
2015-01-16 19:20:00,2002.25,2002.5,2001.5,2002.25,4626.0
2015-01-16 19:25:00,2002.0,2003.5,2000.75,2001.75,11392.0
2015-01-16 19:30:00,2001.75,2002.25,1999.5,2001.0,9952.0
2015-01-16 19:35:00,2001.0,2001.5,1999.5,2000.25,6985.0
2015-01-16 19:40:00,2000.25,2002.75,1999.75,2001.75,11558.0
2015-01-16 19:45:00,2001.5,2002.0,2001.0,2001.0,4106.0
2015-01-16 19:50:00,2000.75,2004.0,2000.75,2003.5,12432.0
2015-01-16 19:55:00,2003.25,2003.75,2002.5,2003.5,5451.0
2015-01-16 20:00:00,2003.25,2004.25,2001.75,2002.75,12158.0
2015-01-16 20:05:00,2002.75,2004.0,2002.0,2003.0,5269.0
2015-01-16 20:10:00,2003.0,2003.5,2001.0,2002.25,5997.0
2015-01-16 20:15:00,2002.25,2003.75,2001.5,2003.0,5293.0
2015-01-16 20:20:00,2002.75,2005.75,2002.5,2005.5,11949.0
2015-01-16 20:25:00,2005.25,2006.0,2004.25,2005.0,10197.0
2015-01-16 20:30:00,2004.75,2005.75,2004.25,2005.25,9202.0
2015-01-16 20:35:00,2005.0,2009.0,2004.75,2009.0,16763.0
2015-01-16 20:40:00,2008.75,2010.75,2008.75,2010.75,21799.0
2015-01-16 20:45:00,2010.5,2013.0,2010.0,2013.0,30591.0
2015-01-16 20:50:00,2012.75,2013.75,2012.0,2013.0,35514.0
2015-01-16 20:55:00,2012.75,2014.25,2012.75,2013.75,31077.0
2015-01-16 21:00:00,2013.75,2014.25,2011.25,2012.25,92119.0
2015-01-16 21:05:00,2012.25,2013.5,2011.25,2011.75,19745.0
2015-01-16 21:10:00,2012.0,2012.5,2010.75,2011.75,14425.0
2015-01-16 21:15:00,2011.75,2013.5,2011.75,2013.0,12823.0
2015-01-16 21:30:00,2013.0,2013.25,2012.5,2012.5,3684.0
2015-01-16 21:35:00,2012.75,2013.0,2012.25,2012.75,743.0
2015-01-16 21:40:00,2013.0,2014.0,2012.75,2013.5,1958.0
2015-01-16 21:45:00,2013.5,2014.0,2013.5,2014.0,1135.0
2015-01-16 21:50:00,2013.75,2013.75,2013.25,2013.25,566.0
2015-01-16 21:55:00,2013.25,2013.5,2012.75,2012.75,631.0
2015-01-16 22:00:00,2013.0,2013.5,2012.75,2013.25,510.0
2015-01-16 22:05:00,2013.5,2013.5,2012.75,2013.0,470.0
2015-01-16 22:10:00,2012.75,2014.0,2012.75,2013.75,466.0
2015-01-16 22:15:00,2014.0,2014.25,2013.5,2014.0,440.0
2015-01-18 23:00:00,2013.5,2014.0,2009.5,2009.5,1802.0
2015-01-18 23:05:00,2009.5,2011.0,2008.75,2010.25,1189.0
2015-01-18 23:10:00,2010.5,2010.75,2009.75,2010.25,336.0
2015-01-18 23:15:00,2010.5,2011.0,2010.5,2011.0,254.0
2015-01-18 23:20:00,2011.25,2011.5,2009.5,2009.5,457.0
2015-01-18 23:25:00,2009.5,2009.5,2008.25,2009.25,458.0
2015-01-18 23:30:00,2009.0,2010.75,2009.0,2010.5,224.0
2015-01-18 23:35:00,2010.75,2010.75,2010.0,2010.0,220.0
2015-01-18 23:40:00,2010.0,2010.25,2009.75,2009.75,183.0
2015-01-18 23:45:00,2009.75,2010.0,2009.5,2010.0,342.0
2015-01-18 23:50:00,2010.0,2011.0,2010.0,2010.75,736.0
2015-01-18 23:55:00,2010.75,2011.5,2010.25,2010.75,951.0
2015-01-19 00:00:00,2010.75,2012.75,2010.25,2012.75,1269.0
2015-01-19 00:05:00,2012.75,2013.0,2011.5,2012.75,1768.0
2015-01-19 00:10:00,2012.75,2018.5,2012.75,2018.5,3290.0
2015-01-19 00:15:00,2018.25,2018.5,2016.75,2017.0,1099.0
2015-01-19 00:20:00,2017.0,2017.5,2016.75,2016.75,534.0
2015-01-19 00:25:00,2017.0,2022.25,2016.5,2021.5,2842.0
2015-01-19 00:30:00,2021.75,2023.75,2021.0,2021.75,2529.0
2015-01-19 00:35:00,2022.0,2022.25,2018.25,2019.0,2553.0
2015-01-19 00:40:00,2019.0,2019.25,2018.75,2018.75,294.0
2015-01-19 00:45:00,2018.75,2019.0,2017.5,2018.25,683.0
2015-01-19 00:50:00,2018.25,2018.5,2016.5,2017.25,545.0
2015-01-19 00:55:00,2017.0,2019.0,2016.75,2018.5,573.0
2015-01-19 01:00:00,2018.5,2019.5,2017.0,2018.25,734.0
2015-01-19 01:05:00,2018.0,2019.25,2017.75,2018.0,976.0
2015-01-19 01:10:00,2018.0,2019.0,2018.0,2019.0,248.0
2015-01-19 01:15:00,2019.0,2019.75,2017.75,2018.0,726.0
2015-01-19 01:20:00,2017.75,2018.0,2016.5,2017.25,1238.0
2015-01-19 01:25:00,2017.0,2017.0,2015.75,2016.5,814.0
2015-01-19 01:30:00,2016.75,2017.75,2015.5,2017.5,1440.0
2015-01-19 01:35:00,2017.5,2018.0,2015.5,2015.5,450.0
2015-01-19 01:40:00,2015.5,2016.25,2015.25,2015.5,432.0
2015-01-19 01:45:00,2015.75,2016.25,2014.75,2015.25,673.0
2015-01-19 01:50:00,2015.25,2015.25,2010.0,2011.25,3266.0
2015-01-19 01:55:00,2011.25,2014.0,2010.5,2013.5,1203.0
2015-01-19 02:00:00,2013.75,2014.0,2011.5,2012.0,603.0
2015-01-19 02:05:00,2012.0,2014.0,2011.75,2014.0,512.0
2015-01-19 02:10:00,2014.0,2014.25,2013.5,2014.0,423.0
2015-01-19 02:15:00,2014.25,2015.25,2014.25,2015.25,284.0
2015-01-19 02:20:00,2015.25,2015.5,2013.5,2014.25,276.0
2015-01-19 02:25:00,2014.25,2014.5,2013.25,2014.5,189.0
2015-01-19 02:30:00,2014.5,2014.75,2013.5,2014.0,181.0
2015-01-19 02:35:00,2014.0,2014.5,2013.5,2013.75,103.0
2015-01-19 02:40:00,2013.5,2013.5,2012.25,2012.75,186.0
2015-01-19 02:45:00,2012.75,2014.0,2012.75,2013.5,121.0
2015-01-19 02:50:00,2013.75,2016.25,2013.5,2016.0,475.0
2015-01-19 02:55:00,2015.75,2016.0,2014.5,2014.5,250.0
2015-01-19 03:00:00,2014.5,2014.5,2013.25,2013.5,303.0
2015-01-19 03:05:00,2013.25,2013.5,2012.0,2012.5,283.0
2015-01-19 03:10:00,2012.25,2013.5,2011.75,2011.75,244.0
2015-01-19 03:15:00,2012.0,2012.5,2011.75,2012.0,289.0
2015-01-19 03:20:00,2012.0,2012.25,2010.75,2010.75,666.0
2015-01-19 03:25:00,2010.75,2012.0,2010.5,2012.0,352.0
2015-01-19 03:30:00,2012.0,2012.5,2011.25,2011.75,443.0
2015-01-19 03:35:00,2011.75,2012.0,2010.75,2011.75,280.0
2015-01-19 03:40:00,2011.75,2012.5,2011.75,2012.0,148.0
2015-01-19 03:45:00,2012.25,2013.25,2012.0,2012.0,229.0
2015-01-19 03:50:00,2012.0,2012.25,2009.0,2009.0,1124.0
2015-01-19 03:55:00,2009.25,2011.25,2009.25,2011.0,409.0
2015-01-19 04:00:00,2011.0,2012.25,2011.0,2011.5,252.0
2015-01-19 04:05:00,2011.25,2011.25,2010.25,2011.25,209.0
2015-01-19 04:10:00,2011.25,2011.5,2011.0,2011.0,73.0
2015-01-19 04:15:00,2011.25,2012.75,2011.25,2012.0,209.0
2015-01-19 04:20:00,2012.0,2013.0,2011.5,2012.5,352.0
2015-01-19 04:25:00,2012.5,2012.75,2011.5,2011.5,162.0
2015-01-19 04:30:00,2011.75,2011.75,2010.0,2010.0,328.0
2015-01-19 04:35:00,2010.25,2011.5,2010.25,2011.5,99.0
2015-01-19 04:40:00,2011.5,2011.5,2010.75,2011.0,82.0
2015-01-19 04:45:00,2010.75,2011.0,2010.5,2010.5,83.0
2015-01-19 04:50:00,2010.25,2010.75,2010.0,2010.5,247.0
2015-01-19 04:55:00,2010.5,2013.5,2010.5,2013.25,758.0
2015-01-19 05:00:00,2013.0,2013.25,2012.5,2012.5,107.0
2015-01-19 05:05:00,2012.5,2012.75,2010.75,2011.0,109.0
2015-01-19 05:10:00,2011.0,2011.5,2011.0,2011.5,113.0
2015-01-19 05:15:00,2011.5,2011.5,2010.25,2011.0,186.0
2015-01-19 05:20:00,2011.0,2012.0,2011.0,2011.75,303.0
2015-01-19 05:25:00,2012.0,2012.5,2011.75,2012.5,69.0
2015-01-19 05:30:00,2012.75,2013.75,2012.5,2013.0,458.0
2015-01-19 05:35:00,2013.0,2013.0,2012.25,2012.5,96.0
2015-01-19 05:40:00,2012.25,2012.5,2011.75,2011.75,193.0
2015-01-19 05:45:00,2012.0,2012.25,2011.75,2011.75,106.0
2015-01-19 05:50:00,2011.5,2012.5,2011.0,2012.5,211.0
2015-01-19 05:55:00,2012.5,2012.5,2011.5,2011.75,91.0
2015-01-19 06:00:00,2011.75,2013.0,2011.5,2013.0,301.0
2015-01-19 06:05:00,2012.75,2012.75,2012.0,2012.0,107.0
2015-01-19 06:10:00,2011.75,2012.25,2010.25,2011.5,330.0
2015-01-19 06:15:00,2011.75,2012.0,2011.5,2011.5,94.0
2015-01-19 06:20:00,2011.5,2011.5,2010.75,2011.5,61.0
2015-01-19 06:25:00,2011.75,2011.75,2011.25,2011.5,33.0
2015-01-19 06:30:00,2011.5,2012.25,2011.5,2011.5,175.0
2015-01-19 06:35:00,2011.25,2011.5,2011.0,2011.25,226.0
2015-01-19 06:40:00,2011.25,2011.25,2010.25,2010.5,272.0
2015-01-19 06:45:00,2010.25,2010.5,2009.0,2009.25,460.0
2015-01-19 06:50:00,2009.25,2010.0,2009.0,2009.75,353.0
2015-01-19 06:55:00,2009.75,2010.25,2009.0,2009.0,381.0
2015-01-19 07:00:00,2009.25,2009.25,2007.0,2007.5,1732.0
2015-01-19 07:05:00,2007.5,2008.75,2007.25,2007.5,575.0
2015-01-19 07:10:00,2007.5,2008.0,2007.25,2008.0,307.0
2015-01-19 07:15:00,2007.75,2010.75,2007.75,2010.25,925.0
2015-01-19 07:20:00,2010.25,2011.0,2009.75,2010.0,628.0
2015-01-19 07:25:00,2009.75,2009.75,2008.75,2009.25,212.0
2015-01-19 07:30:00,2009.5,2010.25,2009.25,2009.75,173.0
2015-01-19 07:35:00,2009.75,2009.75,2008.75,2009.0,271.0
2015-01-19 07:40:00,2009.0,2009.5,2008.0,2008.75,988.0
2015-01-19 07:45:00,2008.75,2009.25,2008.25,2008.75,398.0
2015-01-19 07:50:00,2008.75,2009.0,2008.0,2008.25,269.0
2015-01-19 07:55:00,2008.25,2009.5,2008.25,2009.25,387.0
2015-01-19 08:00:00,2009.5,2010.5,2007.5,2008.5,1964.0
2015-01-19 08:05:00,2008.75,2008.75,2005.75,2008.0,2485.0
2015-01-19 08:10:00,2007.75,2007.75,2005.75,2006.0,1427.0
2015-01-19 08:15:00,2006.0,2007.0,2005.0,2006.25,2146.0
2015-01-19 08:20:00,2006.0,2009.25,2006.0,2009.0,1722.0
2015-01-19 08:25:00,2009.0,2009.25,2007.25,2008.5,1286.0
2015-01-19 08:30:00,2008.75,2009.25,2007.75,2007.75,662.0
2015-01-19 08:35:00,2007.75,2010.25,2007.0,2010.0,1225.0
2015-01-19 08:40:00,2010.25,2010.75,2008.5,2009.25,898.0
2015-01-19 08:45:00,2009.25,2010.25,2008.75,2008.75,836.0
2015-01-19 08:50:00,2008.75,2009.25,2007.75,2008.0,1131.0
2015-01-19 08:55:00,2007.75,2008.0,2006.5,2007.25,920.0
2015-01-19 09:00:00,2007.5,2008.5,2006.5,2007.5,1113.0
2015-01-19 09:05:00,2007.5,2008.25,2007.0,2007.5,597.0
2015-01-19 09:10:00,2007.5,2008.25,2007.25,2008.0,643.0
2015-01-19 09:15:00,2008.0,2008.75,2007.5,2007.5,590.0
2015-01-19 09:20:00,2007.75,2008.5,2007.5,2007.75,612.0
2015-01-19 09:25:00,2008.0,2008.0,2005.5,2006.5,1367.0
2015-01-19 09:30:00,2006.5,2007.0,2005.75,2006.25,1101.0
2015-01-19 09:35:00,2006.0,2006.5,2005.25,2006.0,461.0
2015-01-19 09:40:00,2006.0,2006.0,2004.5,2004.5,618.0
2015-01-19 09:45:00,2004.5,2005.75,2004.5,2005.75,857.0
2015-01-19 09:50:00,2006.0,2006.0,2005.0,2005.0,273.0
2015-01-19 09:55:00,2005.0,2006.0,2004.5,2004.75,1041.0
2015-01-19 10:00:00,2005.0,2005.75,2003.75,2003.75,767.0
2015-01-19 10:05:00,2003.75,2004.75,2003.5,2004.75,686.0
2015-01-19 10:10:00,2004.75,2005.5,2004.75,2005.5,375.0
2015-01-19 10:15:00,2005.25,2006.0,2005.0,2005.25,311.0
2015-01-19 10:20:00,2005.25,2006.5,2005.25,2006.5,460.0
2015-01-19 10:25:00,2006.5,2007.0,2005.75,2006.0,237.0
2015-01-19 10:30:00,2005.75,2006.0,2005.25,2005.25,325.0
2015-01-19 10:35:00,2005.25,2005.75,2005.25,2005.5,240.0
2015-01-19 10:40:00,2005.5,2006.75,2005.25,2006.75,604.0
2015-01-19 10:45:00,2006.75,2007.0,2005.25,2005.5,737.0
2015-01-19 10:50:00,2005.25,2005.5,2004.0,2004.0,644.0
2015-01-19 10:55:00,2004.0,2004.25,2003.0,2003.75,964.0
2015-01-19 11:00:00,2003.75,2005.25,2003.5,2004.75,562.0
2015-01-19 11:05:00,2004.75,2007.75,2004.5,2007.5,999.0
2015-01-19 11:10:00,2007.75,2008.25,2006.25,2006.25,506.0
2015-01-19 11:15:00,2006.5,2007.75,2006.25,2007.25,299.0
2015-01-19 11:20:00,2007.25,2007.5,2006.25,2006.75,182.0
2015-01-19 11:25:00,2006.75,2006.75,2005.5,2005.75,301.0
2015-01-19 11:30:00,2005.75,2006.0,2004.25,2005.25,790.0
2015-01-19 11:35:00,2005.25,2005.25,2004.5,2005.0,427.0
2015-01-19 11:40:00,2005.0,2005.5,2004.75,2005.25,177.0
2015-01-19 11:45:00,2005.25,2005.5,2005.0,2005.25,112.0
2015-01-19 11:50:00,2005.0,2005.5,2004.75,2005.0,529.0
2015-01-19 11:55:00,2005.0,2005.5,2005.0,2005.0,115.0
2015-01-19 12:00:00,2005.0,2005.75,2004.5,2005.5,465.0
2015-01-19 12:05:00,2005.5,2006.25,2005.5,2005.75,277.0
2015-01-19 12:10:00,2005.75,2006.25,2005.5,2006.25,208.0
2015-01-19 12:15:00,2006.0,2007.0,2006.0,2007.0,198.0
2015-01-19 12:20:00,2007.0,2007.0,2006.25,2006.75,302.0
2015-01-19 12:25:00,2006.75,2007.75,2006.75,2007.5,273.0
2015-01-19 12:30:00,2007.5,2008.0,2007.25,2008.0,295.0
2015-01-19 12:35:00,2007.75,2008.25,2007.0,2007.0,253.0
2015-01-19 12:40:00,2007.25,2007.5,2006.75,2007.25,334.0
2015-01-19 12:45:00,2007.25,2007.5,2006.0,2006.25,301.0
2015-01-19 12:50:00,2006.0,2006.75,2005.75,2006.5,422.0
2015-01-19 12:55:00,2006.75,2007.5,2006.75,2007.0,348.0
2015-01-19 13:00:00,2007.0,2007.25,2006.25,2006.5,348.0
2015-01-19 13:05:00,2006.25,2006.75,2006.0,2006.5,437.0
2015-01-19 13:10:00,2006.25,2008.0,2006.25,2007.75,546.0
2015-01-19 13:15:00,2007.5,2009.25,2007.5,2008.5,1139.0
2015-01-19 13:20:00,2008.5,2008.75,2007.75,2008.75,506.0
2015-01-19 13:25:00,2008.5,2009.5,2008.0,2008.0,818.0
2015-01-19 13:30:00,2008.25,2008.75,2007.75,2008.0,261.0
2015-01-19 13:35:00,2008.0,2008.25,2007.5,2008.0,373.0
2015-01-19 13:40:00,2008.0,2008.25,2007.5,2008.0,616.0
2015-01-19 13:45:00,2008.25,2008.5,2007.0,2008.0,784.0
2015-01-19 13:50:00,2008.0,2011.0,2008.0,2010.5,1781.0
2015-01-19 13:55:00,2010.5,2011.75,2010.25,2011.0,1293.0
2015-01-19 14:00:00,2011.0,2013.75,2010.75,2013.0,2972.0
2015-01-19 14:05:00,2013.25,2013.75,2012.75,2013.25,1540.0
2015-01-19 14:10:00,2013.0,2015.0,2013.0,2014.75,2463.0
2015-01-19 14:15:00,2014.75,2016.5,2014.5,2016.0,2242.0
2015-01-19 14:20:00,2016.0,2016.75,2015.0,2015.75,2342.0
2015-01-19 14:25:00,2015.75,2019.5,2015.75,2018.25,4059.0
2015-01-19 14:30:00,2018.25,2018.75,2017.0,2018.25,2538.0
2015-01-19 14:35:00,2018.25,2018.5,2016.75,2017.75,3361.0
2015-01-19 14:40:00,2017.75,2018.25,2017.0,2018.25,1821.0
2015-01-19 14:45:00,2018.25,2018.25,2017.0,2017.25,1419.0
2015-01-19 14:50:00,2017.25,2018.25,2016.5,2017.5,1904.0
2015-01-19 14:55:00,2017.75,2018.0,2017.25,2017.5,735.0
2015-01-19 15:00:00,2017.5,2018.0,2017.0,2017.75,859.0
2015-01-19 15:05:00,2017.75,2018.0,2017.5,2018.0,496.0
2015-01-19 15:10:00,2018.0,2018.0,2015.25,2015.5,2452.0
2015-01-19 15:15:00,2015.5,2015.75,2014.5,2015.0,2640.0
2015-01-19 15:20:00,2015.0,2015.25,2014.0,2015.25,1547.0
2015-01-19 15:25:00,2015.0,2015.25,2014.25,2015.0,1530.0
2015-01-19 15:30:00,2014.75,2016.5,2014.75,2016.5,1551.0
2015-01-19 15:35:00,2016.5,2016.75,2015.0,2015.25,1079.0
2015-01-19 15:40:00,2015.25,2016.25,2015.25,2016.0,579.0
2015-01-19 15:45:00,2016.0,2016.5,2015.5,2015.5,479.0
2015-01-19 15:50:00,2015.5,2015.5,2013.5,2013.75,1713.0
2015-01-19 15:55:00,2013.75,2014.25,2013.25,2014.0,1083.0
2015-01-19 16:00:00,2013.75,2015.0,2013.5,2014.5,1785.0
2015-01-19 16:05:00,2014.75,2014.75,2013.75,2014.5,617.0
2015-01-19 16:10:00,2014.5,2014.75,2013.0,2013.75,856.0
2015-01-19 16:15:00,2013.75,2014.0,2010.75,2011.0,2336.0
2015-01-19 16:20:00,2011.0,2011.75,2009.25,2010.5,3032.0
2015-01-19 16:25:00,2010.25,2012.0,2010.0,2011.75,1714.0
2015-01-19 16:30:00,2011.75,2012.75,2011.0,2012.0,1729.0
2015-01-19 16:35:00,2012.0,2012.5,2011.25,2012.5,886.0
2015-01-19 16:40:00,2012.25,2012.5,2011.0,2011.5,494.0
2015-01-19 16:45:00,2011.5,2012.0,2011.25,2011.75,424.0
2015-01-19 16:50:00,2012.0,2012.25,2011.25,2011.25,862.0
2015-01-19 16:55:00,2011.25,2011.75,2010.75,2011.25,342.0
2015-01-19 17:00:00,2011.25,2011.75,2011.25,2011.25,275.0
2015-01-19 17:05:00,2011.25,2011.5,2011.0,2011.25,213.0
2015-01-19 17:10:00,2011.5,2011.5,2010.5,2010.5,212.0
2015-01-19 17:15:00,2010.25,2010.75,2010.0,2010.5,461.0
2015-01-19 17:20:00,2010.25,2010.5,2010.25,2010.25,276.0
2015-01-19 17:25:00,2010.5,2010.5,2007.5,2008.0,1400.0
2015-01-19 17:30:00,2008.0,2008.25,2006.75,2007.25,1529.0
2015-01-19 17:35:00,2007.25,2008.75,2007.0,2008.25,878.0
2015-01-19 17:40:00,2008.0,2008.75,2007.75,2008.5,312.0
2015-01-19 17:45:00,2008.5,2009.5,2008.5,2008.75,612.0
2015-01-19 17:50:00,2008.75,2008.75,2008.0,2008.25,562.0
2015-01-19 17:55:00,2008.0,2008.75,2008.0,2008.5,522.0
2015-01-19 18:00:00,2008.5,2009.25,2007.75,2008.5,626.0
2015-01-19 23:00:00,2009.0,2009.5,2008.75,2009.0,863.0
2015-01-19 23:05:00,2009.0,2009.0,2007.25,2008.0,898.0
2015-01-19 23:10:00,2008.0,2008.25,2007.5,2007.75,255.0
2015-01-19 23:15:00,2008.0,2009.0,2008.0,2008.75,239.0
2015-01-19 23:20:00,2009.0,2010.0,2009.0,2009.5,287.0
2015-01-19 23:25:00,2009.5,2009.75,2009.5,2009.5,39.0
2015-01-19 23:30:00,2009.75,2010.5,2009.5,2010.25,209.0
2015-01-19 23:35:00,2010.25,2010.5,2010.0,2010.0,174.0
2015-01-19 23:40:00,2010.0,2010.5,2010.0,2010.0,188.0
2015-01-19 23:45:00,2010.0,2010.25,2007.75,2008.25,358.0
2015-01-19 23:50:00,2008.0,2008.75,2008.0,2008.75,88.0
2015-01-19 23:55:00,2008.5,2009.75,2008.25,2009.75,291.0
2015-01-20 00:00:00,2009.75,2010.0,2009.5,2009.75,366.0
2015-01-20 00:05:00,2009.75,2010.0,2009.75,2009.75,30.0
2015-01-20 00:10:00,2009.75,2010.0,2009.75,2009.75,59.0
2015-01-20 00:15:00,2009.75,2010.75,2009.75,2010.75,531.0
2015-01-20 00:20:00,2010.75,2011.5,2010.5,2011.0,662.0
2015-01-20 00:25:00,2011.0,2011.75,2011.0,2011.25,222.0
2015-01-20 00:30:00,2011.5,2012.75,2011.5,2012.75,651.0
2015-01-20 00:35:00,2012.75,2013.5,2009.25,2010.25,1562.0
2015-01-20 00:40:00,2010.25,2010.5,2008.75,2010.25,1190.0
2015-01-20 00:45:00,2010.25,2011.75,2010.25,2010.5,652.0
2015-01-20 00:50:00,2010.5,2011.25,2010.25,2011.0,149.0
2015-01-20 00:55:00,2010.75,2011.25,2010.5,2011.0,127.0
2015-01-20 01:00:00,2011.0,2011.25,2009.5,2009.75,567.0
2015-01-20 01:05:00,2009.75,2010.75,2009.5,2010.5,199.0
2015-01-20 01:10:00,2010.25,2013.0,2010.0,2011.75,721.0
2015-01-20 01:15:00,2011.75,2013.75,2011.5,2013.75,987.0
2015-01-20 01:20:00,2013.5,2013.5,2012.0,2013.25,448.0
2015-01-20 01:25:00,2013.25,2014.0,2013.0,2013.0,380.0
2015-01-20 01:30:00,2013.0,2013.5,2012.75,2013.25,213.0
2015-01-20 01:35:00,2013.25,2013.5,2012.25,2013.0,717.0
2015-01-20 01:40:00,2013.25,2013.25,2012.75,2013.0,147.0
2015-01-20 01:45:00,2013.0,2015.25,2013.0,2014.5,1285.0
2015-01-20 01:50:00,2014.5,2016.0,2014.0,2015.75,790.0
2015-01-20 01:55:00,2015.5,2016.75,2015.0,2015.5,606.0
2015-01-20 02:00:00,2015.5,2017.0,2015.5,2016.75,675.0
2015-01-20 02:05:00,2017.0,2018.25,2016.5,2017.75,1726.0
2015-01-20 02:10:00,2017.75,2018.25,2016.25,2016.75,605.0
2015-01-20 02:15:00,2016.75,2017.25,2016.5,2017.0,214.0
2015-01-20 02:20:00,2017.0,2017.25,2015.25,2015.25,542.0
2015-01-20 02:25:00,2015.25,2016.0,2015.0,2016.0,526.0
2015-01-20 02:30:00,2016.0,2016.5,2015.75,2016.0,290.0
2015-01-20 02:35:00,2016.0,2016.0,2015.5,2015.75,240.0
2015-01-20 02:40:00,2016.0,2016.5,2015.5,2015.75,288.0
2015-01-20 02:45:00,2015.75,2015.75,2013.25,2013.75,929.0
2015-01-20 02:50:00,2013.75,2014.25,2012.5,2014.0,622.0
2015-01-20 02:55:00,2014.0,2014.75,2013.5,2014.0,218.0
2015-01-20 03:00:00,2014.25,2014.5,2012.75,2013.75,542.0
2015-01-20 03:05:00,2013.75,2014.25,2012.75,2013.25,272.0
2015-01-20 03:10:00,2013.0,2013.5,2012.25,2013.0,506.0
2015-01-20 03:15:00,2012.75,2013.25,2012.75,2013.0,371.0
2015-01-20 03:20:00,2013.0,2013.25,2012.75,2013.25,727.0
2015-01-20 03:25:00,2013.25,2013.5,2012.5,2013.0,334.0
2015-01-20 03:30:00,2013.0,2016.75,2013.0,2016.5,1542.0
2015-01-20 03:35:00,2016.25,2016.5,2015.5,2015.75,287.0
2015-01-20 03:40:00,2015.5,2015.75,2015.25,2015.5,78.0
2015-01-20 03:45:00,2015.5,2015.5,2015.25,2015.5,71.0
2015-01-20 03:50:00,2015.5,2015.5,2014.75,2015.0,225.0
2015-01-20 03:55:00,2015.0,2015.5,2015.0,2015.5,51.0
2015-01-20 04:00:00,2015.5,2015.5,2014.75,2015.0,167.0
2015-01-20 04:05:00,2015.0,2015.75,2015.0,2015.5,134.0
2015-01-20 04:10:00,2015.5,2016.25,2015.25,2016.0,250.0
2015-01-20 04:15:00,2016.0,2016.0,2015.25,2015.25,203.0
2015-01-20 04:20:00,2015.25,2015.25,2013.75,2014.25,543.0
2015-01-20 04:25:00,2014.25,2014.75,2014.0,2014.25,152.0
2015-01-20 04:30:00,2014.0,2015.0,2013.75,2014.0,303.0
2015-01-20 04:35:00,2014.25,2014.25,2013.5,2013.75,121.0
2015-01-20 04:40:00,2013.75,2015.25,2013.75,2015.25,132.0
2015-01-20 04:45:00,2015.25,2015.75,2015.0,2015.5,353.0
2015-01-20 04:50:00,2015.5,2015.5,2015.25,2015.25,65.0
2015-01-20 04:55:00,2015.25,2016.75,2015.25,2015.75,434.0
2015-01-20 05:00:00,2015.5,2016.5,2015.0,2016.25,374.0
2015-01-20 05:05:00,2016.0,2016.75,2016.0,2016.5,219.0
2015-01-20 05:10:00,2016.5,2016.5,2015.75,2015.75,166.0
2015-01-20 05:15:00,2015.5,2016.5,2015.5,2016.5,283.0
2015-01-20 05:20:00,2016.5,2016.5,2015.5,2016.0,335.0
2015-01-20 05:25:00,2016.0,2016.75,2016.0,2016.5,169.0
2015-01-20 05:30:00,2016.5,2019.25,2016.25,2018.5,1600.0
2015-01-20 05:35:00,2018.5,2018.5,2017.25,2018.0,352.0
2015-01-20 05:40:00,2018.0,2018.75,2018.0,2018.0,400.0
2015-01-20 05:45:00,2017.75,2017.75,2016.0,2017.75,485.0
2015-01-20 05:50:00,2017.75,2017.75,2016.75,2017.0,116.0
2015-01-20 05:55:00,2016.75,2017.25,2016.5,2017.0,116.0
2015-01-20 06:00:00,2017.0,2018.25,2017.0,2017.75,261.0
2015-01-20 06:05:00,2018.0,2018.5,2017.5,2018.0,148.0
2015-01-20 06:10:00,2018.0,2018.25,2017.75,2018.0,136.0
2015-01-20 06:15:00,2018.0,2018.75,2017.5,2018.0,248.0
2015-01-20 06:20:00,2018.25,2018.5,2018.0,2018.25,232.0
2015-01-20 06:25:00,2018.5,2018.75,2018.5,2018.75,110.0
2015-01-20 06:30:00,2019.0,2020.0,2018.5,2019.0,758.0
2015-01-20 06:35:00,2018.75,2019.0,2018.25,2019.0,335.0
2015-01-20 06:40:00,2019.0,2019.75,2019.0,2019.5,412.0
2015-01-20 06:45:00,2019.75,2019.75,2019.25,2019.25,86.0
2015-01-20 06:50:00,2019.25,2019.5,2019.0,2019.25,92.0
2015-01-20 06:55:00,2019.25,2019.5,2019.0,2019.25,78.0
2015-01-20 07:00:00,2019.25,2019.5,2018.0,2018.25,691.0
2015-01-20 07:05:00,2018.0,2018.25,2017.5,2018.0,466.0
2015-01-20 07:10:00,2018.0,2018.25,2017.25,2017.5,307.0
2015-01-20 07:15:00,2017.5,2017.5,2016.75,2017.5,350.0
2015-01-20 07:20:00,2017.5,2018.0,2017.25,2018.0,486.0
2015-01-20 07:25:00,2017.75,2020.0,2017.75,2019.75,1247.0
2015-01-20 07:30:00,2019.75,2020.25,2018.75,2019.0,941.0
2015-01-20 07:35:00,2019.0,2019.75,2018.75,2019.0,356.0
2015-01-20 07:40:00,2019.0,2019.25,2018.5,2018.75,313.0
2015-01-20 07:45:00,2018.75,2018.75,2017.5,2018.0,459.0
2015-01-20 07:50:00,2018.0,2018.25,2017.25,2018.0,403.0
2015-01-20 07:55:00,2018.0,2019.75,2017.5,2019.5,1594.0
2015-01-20 08:00:00,2019.5,2019.75,2018.25,2018.75,1491.0
2015-01-20 08:05:00,2019.0,2021.0,2017.75,2020.25,2126.0
2015-01-20 08:10:00,2020.25,2022.0,2020.25,2021.75,2931.0
2015-01-20 08:15:00,2022.0,2022.0,2021.0,2021.5,957.0
2015-01-20 08:20:00,2021.5,2021.5,2018.5,2018.75,1402.0
2015-01-20 08:25:00,2019.0,2019.75,2018.25,2019.5,1259.0
2015-01-20 08:30:00,2019.5,2021.0,2019.5,2019.75,1303.0
2015-01-20 08:35:00,2019.75,2019.75,2019.0,2019.25,1214.0
2015-01-20 08:40:00,2019.25,2019.5,2018.75,2019.25,852.0
2015-01-20 08:45:00,2019.5,2020.0,2019.25,2019.5,388.0
2015-01-20 08:50:00,2019.25,2019.5,2018.5,2018.75,867.0
2015-01-20 08:55:00,2018.75,2018.75,2016.25,2017.25,2177.0
2015-01-20 09:00:00,2017.25,2018.0,2016.5,2018.0,775.0
2015-01-20 09:05:00,2018.0,2018.5,2017.5,2018.25,694.0
2015-01-20 09:10:00,2018.25,2018.5,2018.0,2018.25,731.0
2015-01-20 09:15:00,2018.25,2018.5,2017.5,2018.25,635.0
2015-01-20 09:20:00,2018.25,2019.25,2018.0,2018.25,959.0
2015-01-20 09:25:00,2018.25,2019.0,2018.0,2019.0,379.0
2015-01-20 09:30:00,2019.0,2019.5,2018.25,2018.75,843.0
2015-01-20 09:35:00,2018.75,2019.0,2017.75,2017.75,413.0
2015-01-20 09:40:00,2018.0,2018.5,2016.75,2016.75,1057.0
2015-01-20 09:45:00,2016.75,2016.75,2015.5,2016.25,1993.0
2015-01-20 09:50:00,2016.25,2016.5,2015.25,2015.75,640.0
2015-01-20 09:55:00,2015.75,2017.0,2015.75,2017.0,450.0
2015-01-20 10:00:00,2016.75,2019.25,2016.75,2017.25,2154.0
2015-01-20 10:05:00,2017.25,2018.0,2016.25,2017.75,1578.0
2015-01-20 10:10:00,2017.75,2019.25,2017.75,2018.75,1006.0
2015-01-20 10:15:00,2018.75,2019.0,2018.0,2018.25,463.0
2015-01-20 10:20:00,2018.5,2020.25,2018.0,2019.75,1478.0
2015-01-20 10:25:00,2019.75,2020.0,2019.25,2019.75,1022.0
2015-01-20 10:30:00,2019.5,2020.5,2018.5,2020.25,1750.0
2015-01-20 10:35:00,2020.25,2021.25,2020.0,2020.5,1003.0
2015-01-20 10:40:00,2020.5,2020.75,2019.75,2020.0,345.0
2015-01-20 10:45:00,2020.0,2020.5,2020.0,2020.5,442.0
2015-01-20 10:50:00,2020.5,2020.5,2019.75,2020.25,501.0
2015-01-20 10:55:00,2020.5,2021.25,2020.25,2020.5,702.0
2015-01-20 11:00:00,2020.5,2021.0,2020.0,2020.25,840.0
2015-01-20 11:05:00,2020.25,2020.25,2018.75,2019.25,960.0
2015-01-20 11:10:00,2019.25,2019.75,2019.0,2019.0,762.0
2015-01-20 11:15:00,2018.75,2020.25,2018.0,2020.25,2760.0
2015-01-20 11:20:00,2020.0,2020.5,2019.0,2019.75,2613.0
2015-01-20 11:25:00,2020.0,2020.75,2019.25,2019.5,1556.0
2015-01-20 11:30:00,2019.5,2020.0,2018.75,2019.25,1778.0
2015-01-20 11:35:00,2019.25,2020.0,2018.5,2019.75,1061.0
2015-01-20 11:40:00,2019.75,2020.75,2019.5,2020.5,911.0
2015-01-20 11:45:00,2020.5,2022.0,2020.25,2021.75,1565.0
2015-01-20 11:50:00,2022.0,2023.75,2021.5,2023.25,3793.0
2015-01-20 11:55:00,2023.5,2023.5,2022.75,2023.5,1746.0
2015-01-20 12:00:00,2023.25,2023.5,2022.25,2022.75,1551.0
2015-01-20 12:05:00,2022.75,2024.0,2022.75,2022.75,2204.0
2015-01-20 12:10:00,2022.75,2023.25,2021.75,2022.5,1397.0
2015-01-20 12:15:00,2022.25,2024.75,2022.25,2024.5,2014.0
2015-01-20 12:20:00,2024.5,2024.75,2023.75,2024.25,1899.0
2015-01-20 12:25:00,2024.0,2025.0,2024.0,2025.0,2339.0
2015-01-20 12:30:00,2024.75,2025.5,2024.0,2024.5,3700.0
2015-01-20 12:35:00,2024.5,2025.5,2024.0,2025.25,1437.0
2015-01-20 12:40:00,2025.5,2025.5,2023.0,2023.75,1897.0
2015-01-20 12:45:00,2023.5,2026.5,2023.25,2026.0,4430.0
2015-01-20 12:50:00,2026.0,2026.0,2024.0,2024.25,1558.0
2015-01-20 12:55:00,2024.5,2025.0,2024.5,2024.75,1365.0
2015-01-20 13:00:00,2024.75,2025.25,2024.5,2024.75,1974.0
2015-01-20 13:05:00,2024.75,2025.0,2023.75,2024.5,2401.0
2015-01-20 13:10:00,2024.25,2024.25,2022.75,2023.5,3642.0
2015-01-20 13:15:00,2023.5,2024.5,2023.0,2024.5,2051.0
2015-01-20 13:20:00,2024.5,2025.5,2024.25,2025.0,3352.0
2015-01-20 13:25:00,2024.75,2025.0,2024.0,2024.25,2533.0
2015-01-20 13:30:00,2024.25,2024.5,2024.0,2024.5,1838.0
2015-01-20 13:35:00,2024.25,2024.75,2023.75,2023.75,2267.0
2015-01-20 13:40:00,2024.0,2024.25,2023.75,2023.75,924.0
2015-01-20 13:45:00,2023.5,2023.75,2022.25,2023.0,3414.0
2015-01-20 13:50:00,2023.0,2023.5,2022.5,2023.0,1669.0
2015-01-20 13:55:00,2023.0,2023.75,2022.0,2022.0,3963.0
2015-01-20 14:00:00,2022.25,2022.5,2020.25,2020.5,4877.0
2015-01-20 14:05:00,2020.5,2021.0,2017.5,2018.75,7470.0
2015-01-20 14:10:00,2018.75,2019.0,2017.25,2018.5,5185.0
2015-01-20 14:15:00,2018.25,2019.25,2017.75,2019.0,3797.0
2015-01-20 14:20:00,2019.0,2020.5,2019.0,2019.75,6622.0
2015-01-20 14:25:00,2020.0,2021.25,2019.5,2019.75,4638.0
2015-01-20 14:30:00,2019.5,2023.25,2018.25,2022.5,42846.0
2015-01-20 14:35:00,2022.5,2022.75,2016.0,2016.5,53022.0
2015-01-20 14:40:00,2016.5,2017.5,2012.0,2013.25,50601.0
2015-01-20 14:45:00,2013.0,2015.5,2007.75,2009.0,44046.0
2015-01-20 14:50:00,2008.75,2009.0,2004.25,2007.25,47458.0
2015-01-20 14:55:00,2007.0,2007.25,2003.5,2006.75,29058.0
2015-01-20 15:00:00,2006.75,2007.25,2003.75,2005.75,28011.0
2015-01-20 15:05:00,2005.5,2009.75,2004.0,2009.0,29612.0
2015-01-20 15:10:00,2009.0,2010.5,2008.5,2009.5,20963.0
2015-01-20 15:15:00,2009.75,2010.25,2005.25,2005.75,27061.0
2015-01-20 15:20:00,2005.75,2010.25,2004.5,2010.25,27266.0
2015-01-20 15:25:00,2010.25,2011.75,2009.25,2010.75,21994.0
2015-01-20 15:30:00,2010.75,2011.75,2006.75,2007.0,21485.0
2015-01-20 15:35:00,2007.0,2008.0,2005.25,2007.0,20342.0
2015-01-20 15:40:00,2006.75,2007.0,2001.25,2003.5,35960.0
2015-01-20 15:45:00,2003.25,2006.5,2002.5,2005.5,17013.0
2015-01-20 15:50:00,2005.75,2006.75,2003.25,2003.5,17329.0
2015-01-20 15:55:00,2003.5,2005.5,2002.25,2003.25,20736.0
2015-01-20 16:00:00,2003.25,2004.5,2001.0,2002.25,25357.0
2015-01-20 16:05:00,2002.0,2006.5,2002.0,2006.0,17425.0
2015-01-20 16:10:00,2006.25,2006.25,2003.5,2003.75,15099.0
2015-01-20 16:15:00,2003.75,2005.5,2002.25,2005.0,11646.0
2015-01-20 16:20:00,2004.75,2007.0,2004.75,2006.25,18772.0
2015-01-20 16:25:00,2006.25,2007.0,2003.75,2004.75,35000.0
2015-01-20 16:30:00,2004.75,2007.0,2004.25,2005.75,24628.0
2015-01-20 16:35:00,2005.75,2006.5,2003.75,2004.25,23501.0
2015-01-20 16:40:00,2004.0,2005.0,2001.25,2002.0,18050.0
2015-01-20 16:45:00,2002.0,2003.25,1997.5,1998.5,41289.0
2015-01-20 16:50:00,1998.75,2000.0,1997.5,1998.5,31082.0
2015-01-20 16:55:00,1998.75,2001.0,1998.5,2000.25,23600.0
2015-01-20 17:00:00,2000.0,2001.25,1999.75,2000.25,10889.0
2015-01-20 17:05:00,2000.5,2002.25,1999.0,2002.0,13368.0
2015-01-20 17:10:00,2002.0,2003.5,2001.75,2002.5,15289.0
2015-01-20 17:15:00,2002.75,2003.75,2001.0,2002.25,10291.0
2015-01-20 17:20:00,2002.25,2003.5,2002.0,2003.0,8153.0
2015-01-20 17:25:00,2003.0,2004.25,2002.0,2003.75,7350.0
2015-01-20 17:30:00,2003.75,2004.5,2002.5,2002.75,6274.0
2015-01-20 17:35:00,2002.75,2002.75,2001.25,2002.25,7951.0
2015-01-20 17:40:00,2002.25,2005.25,2002.25,2004.75,9430.0
2015-01-20 17:45:00,2005.0,2006.75,2004.25,2005.5,9855.0
2015-01-20 17:50:00,2005.5,2006.5,2004.75,2005.0,5760.0
2015-01-20 17:55:00,2004.75,2005.0,2003.75,2004.75,5171.0
2015-01-20 18:00:00,2005.0,2006.25,2004.5,2005.75,6637.0
2015-01-20 18:05:00,2005.75,2006.0,2002.25,2002.75,8859.0
2015-01-20 18:10:00,2002.75,2004.75,2001.5,2003.75,11090.0
2015-01-20 18:15:00,2004.0,2005.0,2002.75,2004.0,7888.0
2015-01-20 18:20:00,2004.0,2009.75,2004.0,2008.75,20112.0
2015-01-20 18:25:00,2008.75,2009.75,2007.5,2008.0,16316.0
2015-01-20 18:30:00,2008.0,2010.25,2008.0,2009.75,9680.0
2015-01-20 18:35:00,2010.0,2010.0,2008.0,2008.75,9726.0
2015-01-20 18:40:00,2009.0,2009.25,2006.5,2007.5,10807.0
2015-01-20 18:45:00,2007.25,2009.0,2007.25,2008.5,7389.0
2015-01-20 18:50:00,2008.75,2009.0,2007.0,2007.25,6854.0
2015-01-20 18:55:00,2007.0,2008.75,2007.0,2008.0,6736.0
2015-01-20 19:00:00,2008.0,2011.25,2007.25,2010.75,13300.0
2015-01-20 19:05:00,2011.0,2011.25,2009.75,2009.75,10331.0
2015-01-20 19:10:00,2009.5,2011.25,2009.25,2009.75,9713.0
2015-01-20 19:15:00,2009.75,2010.5,2008.25,2009.0,6398.0
2015-01-20 19:20:00,2009.0,2010.25,2008.5,2008.5,6572.0
2015-01-20 19:25:00,2008.5,2010.25,2007.5,2008.75,8063.0
2015-01-20 19:30:00,2009.0,2013.0,2008.75,2012.25,18247.0
2015-01-20 19:35:00,2012.25,2014.75,2012.0,2014.25,11820.0
2015-01-20 19:40:00,2014.25,2017.0,2013.75,2017.0,11593.0
2015-01-20 19:45:00,2017.0,2017.0,2015.5,2016.5,11244.0
2015-01-20 19:50:00,2016.5,2017.5,2016.25,2016.25,8299.0
2015-01-20 19:55:00,2016.5,2017.0,2015.5,2016.25,8610.0
2015-01-20 20:00:00,2016.5,2018.25,2015.75,2016.5,16721.0
2015-01-20 20:05:00,2016.5,2018.5,2016.25,2018.0,10980.0
2015-01-20 20:10:00,2018.25,2018.75,2017.0,2018.25,8087.0
2015-01-20 20:15:00,2018.0,2019.75,2017.25,2018.5,10993.0
2015-01-20 20:20:00,2018.5,2019.75,2016.75,2017.75,11607.0
2015-01-20 20:25:00,2017.5,2019.75,2017.0,2018.75,10978.0
2015-01-20 20:30:00,2018.75,2018.75,2014.25,2015.5,18804.0
2015-01-20 20:35:00,2015.25,2017.0,2015.0,2016.0,10423.0
2015-01-20 20:40:00,2016.25,2018.75,2015.5,2017.25,10859.0
2015-01-20 20:45:00,2017.25,2017.75,2016.5,2016.75,7347.0
2015-01-20 20:50:00,2017.0,2017.25,2014.5,2015.5,12954.0
2015-01-20 20:55:00,2015.25,2016.5,2013.75,2015.5,23507.0
2015-01-20 21:00:00,2015.5,2017.0,2014.25,2016.0,46941.0
2015-01-20 21:05:00,2016.0,2017.25,2015.75,2016.5,13915.0
2015-01-20 21:10:00,2016.5,2017.25,2015.75,2017.0,6994.0
2015-01-20 21:15:00,2017.0,2017.5,2016.5,2016.75,7169.0
2015-01-20 21:30:00,2016.5,2016.5,2016.0,2016.25,3178.0
2015-01-20 21:35:00,2016.5,2016.5,2015.25,2015.25,1659.0
2015-01-20 21:40:00,2015.25,2015.75,2015.25,2015.25,1151.0
2015-01-20 21:45:00,2015.25,2015.75,2015.25,2015.75,306.0
2015-01-20 21:50:00,2015.5,2015.75,2015.5,2015.75,204.0
2015-01-20 21:55:00,2015.5,2015.75,2015.25,2015.25,215.0
2015-01-20 22:00:00,2015.25,2016.5,2015.25,2016.0,1027.0
2015-01-20 22:05:00,2016.0,2016.5,2015.5,2015.75,837.0
2015-01-20 22:10:00,2015.75,2016.0,2015.5,2016.0,284.0
2015-01-20 22:15:00,2016.0,2016.25,2015.75,2016.25,258.0
2015-01-20 23:00:00,2015.75,2016.25,2015.0,2016.0,1333.0
2015-01-20 23:05:00,2016.0,2016.75,2015.75,2016.75,604.0
2015-01-20 23:10:00,2016.75,2016.75,2016.25,2016.5,80.0
2015-01-20 23:15:00,2016.5,2016.75,2016.0,2016.25,337.0
2015-01-20 23:20:00,2016.25,2016.25,2015.75,2016.25,159.0
2015-01-20 23:25:00,2016.0,2016.5,2016.0,2016.25,33.0
2015-01-20 23:30:00,2016.25,2016.5,2016.0,2016.0,80.0
2015-01-20 23:35:00,2016.5,2017.0,2016.25,2016.75,354.0
2015-01-20 23:40:00,2016.75,2017.25,2016.75,2017.25,69.0
2015-01-20 23:45:00,2017.25,2017.25,2016.75,2017.0,252.0
2015-01-20 23:50:00,2017.0,2018.0,2016.75,2017.75,603.0
2015-01-20 23:55:00,2017.5,2018.0,2017.0,2017.25,336.0
2015-01-21 00:00:00,2017.0,2017.25,2015.5,2015.5,641.0
2015-01-21 00:05:00,2015.75,2016.5,2015.5,2016.0,617.0
2015-01-21 00:10:00,2015.75,2016.25,2015.5,2016.0,323.0
2015-01-21 00:15:00,2016.0,2016.0,2015.25,2015.25,160.0
2015-01-21 00:20:00,2015.25,2015.75,2015.0,2015.5,415.0
2015-01-21 00:25:00,2015.5,2016.0,2015.5,2015.75,229.0
2015-01-21 00:30:00,2015.75,2016.0,2015.25,2015.75,253.0
2015-01-21 00:35:00,2015.5,2016.0,2015.5,2015.75,204.0
2015-01-21 00:40:00,2015.75,2016.25,2015.25,2015.5,252.0
2015-01-21 00:45:00,2015.25,2015.75,2015.25,2015.5,200.0
2015-01-21 00:50:00,2015.5,2015.75,2015.5,2015.75,70.0
2015-01-21 00:55:00,2015.5,2015.5,2015.25,2015.5,218.0
2015-01-21 01:00:00,2015.5,2015.75,2015.5,2015.5,97.0
2015-01-21 01:05:00,2015.75,2016.25,2015.5,2016.25,364.0
2015-01-21 01:10:00,2016.25,2016.25,2016.0,2016.0,90.0
2015-01-21 01:15:00,2016.0,2016.0,2015.75,2015.75,281.0
2015-01-21 01:20:00,2015.75,2016.0,2015.5,2015.75,86.0
2015-01-21 01:25:00,2015.75,2016.0,2015.5,2015.75,68.0
2015-01-21 01:30:00,2015.75,2016.0,2014.25,2014.25,904.0
2015-01-21 01:35:00,2014.25,2014.5,2013.25,2013.25,940.0
2015-01-21 01:40:00,2013.5,2014.0,2013.5,2013.75,278.0
2015-01-21 01:45:00,2013.75,2014.0,2013.5,2014.0,459.0
2015-01-21 01:50:00,2014.0,2014.5,2013.75,2014.25,307.0
2015-01-21 01:55:00,2014.25,2014.75,2014.25,2014.5,142.0
2015-01-21 02:00:00,2014.5,2014.75,2014.25,2014.75,119.0
2015-01-21 02:05:00,2014.75,2015.5,2014.5,2014.5,356.0
2015-01-21 02:10:00,2014.5,2014.75,2014.0,2014.75,328.0
2015-01-21 02:15:00,2014.5,2014.75,2014.5,2014.75,78.0
2015-01-21 02:20:00,2014.75,2015.5,2014.5,2015.5,236.0
2015-01-21 02:25:00,2015.5,2015.5,2015.25,2015.5,109.0
2015-01-21 02:30:00,2015.25,2016.0,2014.5,2014.75,535.0
2015-01-21 02:35:00,2014.75,2015.0,2014.0,2014.25,345.0
2015-01-21 02:40:00,2014.25,2015.25,2014.25,2015.0,178.0
2015-01-21 02:45:00,2015.0,2015.75,2015.0,2015.5,117.0
2015-01-21 02:50:00,2015.5,2016.5,2015.25,2016.25,288.0
2015-01-21 02:55:00,2016.25,2017.0,2016.25,2016.5,464.0
2015-01-21 03:00:00,2016.5,2017.25,2016.5,2017.25,442.0
2015-01-21 03:05:00,2017.0,2019.0,2017.0,2018.5,1169.0
2015-01-21 03:10:00,2018.25,2018.5,2017.5,2018.0,267.0
2015-01-21 03:15:00,2018.25,2019.25,2018.0,2018.75,632.0
2015-01-21 03:20:00,2018.75,2019.75,2018.75,2019.75,431.0
2015-01-21 03:25:00,2019.75,2021.5,2019.25,2019.25,1512.0
2015-01-21 03:30:00,2019.25,2019.25,2017.5,2017.5,1606.0
2015-01-21 03:35:00,2017.5,2018.0,2017.25,2017.5,302.0
2015-01-21 03:40:00,2017.5,2017.5,2016.25,2017.25,767.0
2015-01-21 03:45:00,2017.5,2017.5,2016.25,2016.25,571.0
2015-01-21 03:50:00,2016.5,2017.5,2016.25,2017.0,453.0
2015-01-21 03:55:00,2016.75,2016.75,2014.5,2015.5,1073.0
2015-01-21 04:00:00,2015.25,2015.5,2014.75,2015.5,435.0
2015-01-21 04:05:00,2015.75,2017.5,2015.75,2017.25,372.0
2015-01-21 04:10:00,2017.25,2018.0,2016.75,2017.0,492.0
2015-01-21 04:15:00,2017.0,2017.5,2016.5,2017.5,310.0
2015-01-21 04:20:00,2017.5,2018.0,2017.5,2017.75,144.0
2015-01-21 04:25:00,2017.75,2019.5,2017.75,2019.25,689.0
2015-01-21 04:30:00,2019.0,2019.75,2018.5,2019.5,531.0
2015-01-21 04:35:00,2019.5,2019.5,2019.25,2019.5,256.0
2015-01-21 04:40:00,2019.25,2019.75,2019.0,2019.25,512.0
2015-01-21 04:45:00,2019.25,2021.0,2019.25,2020.5,776.0
2015-01-21 04:50:00,2020.5,2020.5,2020.25,2020.25,290.0
2015-01-21 04:55:00,2020.25,2020.25,2019.0,2019.25,215.0
2015-01-21 05:00:00,2019.25,2019.5,2018.25,2018.5,386.0
2015-01-21 05:05:00,2018.75,2019.75,2018.25,2019.75,175.0
2015-01-21 05:10:00,2019.75,2020.25,2019.75,2020.0,233.0
2015-01-21 05:15:00,2020.0,2020.75,2020.0,2020.0,278.0
2015-01-21 05:20:00,2020.0,2020.0,2019.25,2019.75,183.0
2015-01-21 05:25:00,2020.0,2020.25,2020.0,2020.25,95.0
2015-01-21 05:30:00,2020.25,2020.25,2019.0,2019.25,113.0
2015-01-21 05:35:00,2019.25,2019.5,2018.75,2018.75,99.0
2015-01-21 05:40:00,2018.75,2019.5,2018.75,2019.5,152.0
2015-01-21 05:45:00,2019.5,2020.5,2019.5,2020.0,138.0
2015-01-21 05:50:00,2020.0,2020.25,2019.0,2019.0,135.0
2015-01-21 05:55:00,2019.0,2020.0,2019.0,2019.25,202.0
2015-01-21 06:00:00,2019.25,2019.25,2018.25,2018.5,197.0
2015-01-21 06:05:00,2018.75,2018.75,2018.5,2018.75,151.0
2015-01-21 06:10:00,2018.5,2018.75,2018.0,2018.25,316.0
2015-01-21 06:15:00,2018.25,2019.25,2018.0,2019.25,205.0
2015-01-21 06:20:00,2019.25,2019.25,2018.75,2019.0,93.0
2015-01-21 06:25:00,2019.25,2019.75,2019.25,2019.75,48.0
2015-01-21 06:30:00,2019.5,2020.0,2018.25,2019.0,204.0
2015-01-21 06:35:00,2019.0,2019.25,2018.5,2018.75,82.0
2015-01-21 06:40:00,2018.75,2018.75,2018.25,2018.25,42.0
2015-01-21 06:45:00,2018.25,2018.75,2018.25,2018.75,120.0
2015-01-21 06:50:00,2018.75,2019.0,2017.5,2017.75,284.0
2015-01-21 06:55:00,2017.75,2018.0,2016.5,2017.25,649.0
2015-01-21 07:00:00,2017.25,2017.75,2016.5,2016.75,372.0
2015-01-21 07:05:00,2016.75,2017.25,2016.5,2017.0,222.0
2015-01-21 07:10:00,2017.25,2017.25,2016.25,2016.25,301.0
2015-01-21 07:15:00,2016.25,2017.0,2015.75,2016.25,856.0
2015-01-21 07:20:00,2016.5,2016.5,2016.0,2016.25,202.0
2015-01-21 07:25:00,2016.25,2016.25,2014.75,2015.25,1021.0
2015-01-21 07:30:00,2015.0,2016.0,2014.5,2015.25,684.0
2015-01-21 07:35:00,2015.5,2016.25,2014.75,2015.25,538.0
2015-01-21 07:40:00,2015.5,2015.75,2014.75,2014.75,404.0
2015-01-21 07:45:00,2014.75,2015.0,2014.25,2014.75,504.0
2015-01-21 07:50:00,2014.5,2015.0,2013.25,2014.75,872.0
2015-01-21 07:55:00,2014.5,2016.25,2014.5,2016.0,659.0
2015-01-21 08:00:00,2016.0,2017.75,2015.25,2016.75,2117.0
2015-01-21 08:05:00,2016.75,2017.0,2015.5,2015.75,1345.0
2015-01-21 08:10:00,2016.0,2016.75,2015.0,2015.75,1266.0
2015-01-21 08:15:00,2015.5,2016.25,2014.75,2015.75,1427.0
2015-01-21 08:20:00,2015.75,2016.0,2013.75,2015.5,1573.0
2015-01-21 08:25:00,2015.75,2016.0,2013.75,2013.75,1274.0
2015-01-21 08:30:00,2013.75,2015.25,2013.75,2014.5,893.0
2015-01-21 08:35:00,2014.75,2014.75,2012.75,2014.25,1331.0
2015-01-21 08:40:00,2014.25,2014.75,2013.5,2014.25,969.0
2015-01-21 08:45:00,2014.25,2014.25,2012.5,2013.5,1253.0
2015-01-21 08:50:00,2013.5,2014.25,2013.0,2014.25,1287.0
2015-01-21 08:55:00,2014.25,2014.5,2012.5,2014.5,1199.0
2015-01-21 09:00:00,2014.25,2015.75,2013.75,2015.5,1601.0
2015-01-21 09:05:00,2015.5,2018.0,2015.5,2017.0,1711.0
2015-01-21 09:10:00,2017.25,2018.25,2016.75,2017.0,1401.0
2015-01-21 09:15:00,2017.0,2017.25,2016.5,2016.75,567.0
2015-01-21 09:20:00,2016.75,2017.5,2016.5,2017.5,639.0
2015-01-21 09:25:00,2017.25,2017.75,2016.75,2016.75,437.0
2015-01-21 09:30:00,2017.0,2017.0,2015.25,2015.5,923.0
2015-01-21 09:35:00,2015.5,2016.5,2015.25,2016.25,524.0
2015-01-21 09:40:00,2016.0,2016.25,2014.75,2015.75,1058.0
2015-01-21 09:45:00,2015.75,2016.25,2014.75,2016.25,723.0
2015-01-21 09:50:00,2016.25,2016.25,2015.25,2015.75,492.0
2015-01-21 09:55:00,2015.75,2015.75,2015.25,2015.75,602.0
2015-01-21 10:00:00,2015.75,2015.75,2014.75,2015.25,822.0
2015-01-21 10:05:00,2015.5,2015.75,2015.25,2015.5,609.0
2015-01-21 10:10:00,2015.75,2016.0,2015.0,2015.5,419.0
2015-01-21 10:15:00,2015.5,2016.75,2015.25,2016.75,823.0
2015-01-21 10:20:00,2016.75,2017.75,2016.25,2017.75,1093.0
2015-01-21 10:25:00,2017.75,2017.75,2016.25,2017.0,797.0
2015-01-21 10:30:00,2017.0,2017.5,2016.5,2017.25,608.0
2015-01-21 10:35:00,2017.25,2017.75,2016.75,2017.5,466.0
2015-01-21 10:40:00,2017.25,2017.75,2016.25,2016.25,510.0
2015-01-21 10:45:00,2016.25,2018.25,2016.25,2017.75,512.0
2015-01-21 10:50:00,2018.0,2018.25,2017.0,2017.0,545.0
2015-01-21 10:55:00,2017.25,2018.0,2016.75,2017.0,890.0
2015-01-21 11:00:00,2017.0,2017.25,2016.25,2016.5,721.0
2015-01-21 11:05:00,2016.5,2016.5,2015.5,2016.0,677.0
2015-01-21 11:10:00,2016.0,2016.25,2015.0,2015.25,705.0
2015-01-21 11:15:00,2015.5,2015.5,2013.5,2014.5,1995.0
2015-01-21 11:20:00,2014.5,2016.5,2014.25,2015.75,2049.0
2015-01-21 11:25:00,2015.75,2015.75,2014.0,2014.25,1619.0
2015-01-21 11:30:00,2014.25,2014.5,2013.0,2013.5,878.0
2015-01-21 11:35:00,2013.5,2013.5,2012.5,2013.0,1968.0
2015-01-21 11:40:00,2013.0,2014.25,2012.0,2014.0,1538.0
2015-01-21 11:45:00,2014.25,2014.25,2012.75,2013.25,1364.0
2015-01-21 11:50:00,2013.25,2014.25,2013.0,2013.5,682.0
2015-01-21 11:55:00,2013.25,2013.75,2011.75,2012.75,1609.0
2015-01-21 12:00:00,2012.5,2013.5,2011.5,2012.75,2274.0
2015-01-21 12:05:00,2012.75,2013.25,2011.25,2011.75,1609.0
2015-01-21 12:10:00,2011.75,2012.0,2011.25,2011.25,791.0
2015-01-21 12:15:00,2011.25,2011.5,2009.25,2010.5,3383.0
2015-01-21 12:20:00,2010.5,2010.5,2008.0,2009.0,2329.0
2015-01-21 12:25:00,2009.0,2010.0,2008.0,2009.0,2288.0
2015-01-21 12:30:00,2009.0,2011.0,2008.75,2011.0,1889.0
2015-01-21 12:35:00,2011.0,2011.25,2009.75,2010.25,1159.0
2015-01-21 12:40:00,2010.25,2011.0,2010.0,2010.75,1094.0
2015-01-21 12:45:00,2011.0,2011.5,2010.5,2011.5,606.0
2015-01-21 12:50:00,2011.25,2011.25,2009.5,2010.25,1868.0
2015-01-21 12:55:00,2010.25,2010.5,2008.25,2009.0,2148.0
2015-01-21 13:00:00,2008.75,2010.5,2008.5,2009.75,2019.0
2015-01-21 13:05:00,2009.75,2010.75,2008.5,2010.5,1940.0
2015-01-21 13:10:00,2010.5,2010.75,2008.75,2009.25,2637.0
2015-01-21 13:15:00,2009.5,2011.25,2009.0,2011.0,2794.0
2015-01-21 13:20:00,2011.0,2011.5,2010.25,2011.25,2396.0
2015-01-21 13:25:00,2011.25,2013.25,2011.25,2013.0,3995.0
2015-01-21 13:30:00,2013.0,2014.25,2011.25,2012.25,5249.0
2015-01-21 13:35:00,2012.25,2012.75,2010.25,2011.5,5497.0
2015-01-21 13:40:00,2011.25,2012.5,2010.0,2010.0,3124.0
2015-01-21 13:45:00,2010.0,2012.75,2010.0,2012.0,4400.0
2015-01-21 13:50:00,2012.0,2012.0,2010.75,2011.0,2442.0
2015-01-21 13:55:00,2011.25,2012.75,2010.75,2011.75,2855.0
2015-01-21 14:00:00,2011.5,2011.75,2010.25,2011.25,4508.0
2015-01-21 14:05:00,2011.25,2012.5,2010.75,2012.25,3538.0
2015-01-21 14:10:00,2012.5,2013.5,2011.5,2012.0,5127.0
2015-01-21 14:15:00,2011.75,2012.0,2009.5,2010.0,6894.0
2015-01-21 14:20:00,2010.25,2011.5,2009.5,2010.75,6297.0
2015-01-21 14:25:00,2010.75,2011.75,2010.5,2011.5,4197.0
2015-01-21 14:30:00,2011.5,2011.75,2005.75,2005.75,53872.0
2015-01-21 14:35:00,2005.75,2017.75,2005.25,2017.5,85803.0
2015-01-21 14:40:00,2017.5,2024.25,2016.5,2018.75,90985.0
2015-01-21 14:45:00,2019.0,2019.75,2012.0,2014.0,67240.0
2015-01-21 14:50:00,2014.0,2019.25,2013.0,2018.0,46307.0
2015-01-21 14:55:00,2017.75,2019.5,2015.25,2016.5,34614.0
2015-01-21 15:00:00,2016.25,2021.0,2016.25,2017.75,39402.0
2015-01-21 15:05:00,2018.0,2020.5,2017.0,2018.75,41581.0
2015-01-21 15:10:00,2019.0,2019.0,2013.25,2015.75,32887.0
2015-01-21 15:15:00,2015.75,2021.0,2015.75,2020.5,23224.0
2015-01-21 15:20:00,2020.5,2021.75,2018.5,2019.75,20880.0
2015-01-21 15:25:00,2019.75,2022.75,2019.0,2021.0,23796.0
2015-01-21 15:30:00,2021.25,2022.5,2020.25,2022.25,17574.0
2015-01-21 15:35:00,2022.25,2023.0,2019.25,2020.0,16242.0
2015-01-21 15:40:00,2020.0,2022.0,2019.0,2021.25,11828.0
2015-01-21 15:45:00,2021.0,2023.75,2020.5,2023.25,15486.0
2015-01-21 15:50:00,2023.25,2029.5,2023.25,2029.25,42303.0
2015-01-21 15:55:00,2029.5,2031.25,2028.75,2030.0,26354.0
2015-01-21 16:00:00,2030.0,2032.75,2029.25,2030.0,26033.0
2015-01-21 16:05:00,2029.75,2030.5,2028.0,2028.25,21038.0
2015-01-21 16:10:00,2028.0,2029.75,2027.5,2029.0,19750.0
2015-01-21 16:15:00,2029.0,2029.75,2027.0,2027.5,15358.0
2015-01-21 16:20:00,2027.5,2028.0,2025.0,2026.25,16534.0
2015-01-21 16:25:00,2026.25,2027.0,2025.25,2026.0,14544.0
2015-01-21 16:30:00,2026.0,2028.5,2025.75,2028.25,15968.0
2015-01-21 16:35:00,2028.25,2028.75,2026.75,2027.0,13812.0
2015-01-21 16:40:00,2026.75,2027.0,2025.5,2026.0,15954.0
2015-01-21 16:45:00,2025.75,2028.5,2025.75,2027.75,13580.0
2015-01-21 16:50:00,2027.75,2029.75,2027.75,2029.0,10494.0
2015-01-21 16:55:00,2029.0,2030.5,2028.5,2029.0,8657.0
2015-01-21 17:00:00,2029.0,2029.75,2028.0,2029.25,7096.0
2015-01-21 17:05:00,2029.5,2030.0,2027.5,2027.75,7441.0
2015-01-21 17:10:00,2027.75,2029.25,2027.0,2029.0,7472.0
2015-01-21 17:15:00,2029.0,2030.25,2028.75,2029.25,7235.0
2015-01-21 17:20:00,2029.5,2030.0,2028.25,2028.75,7404.0
2015-01-21 17:25:00,2028.75,2029.75,2028.25,2029.5,5425.0
2015-01-21 17:30:00,2029.5,2031.0,2028.0,2028.75,10729.0
2015-01-21 17:35:00,2028.75,2029.0,2026.5,2026.75,8907.0
2015-01-21 17:40:00,2026.75,2028.0,2026.25,2028.0,6778.0
2015-01-21 17:45:00,2027.75,2029.25,2027.25,2028.5,4981.0
2015-01-21 17:50:00,2028.5,2029.0,2022.5,2023.0,26857.0
2015-01-21 17:55:00,2023.0,2025.25,2022.75,2025.25,9821.0
2015-01-21 18:00:00,2025.0,2026.25,2023.5,2026.0,11934.0
2015-01-21 18:05:00,2026.25,2026.5,2024.5,2025.25,4885.0
2015-01-21 18:10:00,2025.0,2027.0,2024.25,2024.75,10713.0
2015-01-21 18:15:00,2024.75,2026.75,2024.5,2025.75,5859.0
2015-01-21 18:20:00,2025.75,2026.75,2024.75,2025.5,5215.0
2015-01-21 18:25:00,2025.75,2026.25,2021.25,2022.25,14646.0
2015-01-21 18:30:00,2022.25,2022.5,2019.75,2020.75,17493.0
2015-01-21 18:35:00,2021.0,2021.5,2019.0,2021.0,13041.0
2015-01-21 18:40:00,2021.25,2022.0,2020.5,2021.75,5987.0
2015-01-21 18:45:00,2021.75,2022.5,2020.75,2021.5,8122.0
2015-01-21 18:50:00,2021.5,2022.0,2020.75,2021.5,4549.0
2015-01-21 18:55:00,2021.25,2021.25,2017.75,2018.5,18034.0
2015-01-21 19:00:00,2018.25,2019.0,2016.25,2018.25,16269.0
2015-01-21 19:05:00,2018.0,2019.0,2017.25,2018.5,10973.0
2015-01-21 19:10:00,2018.25,2019.0,2016.25,2018.5,9454.0
2015-01-21 19:15:00,2018.5,2021.25,2018.5,2020.0,15030.0
2015-01-21 19:20:00,2020.0,2022.0,2019.25,2022.0,8910.0
2015-01-21 19:25:00,2021.75,2022.5,2020.0,2020.75,11817.0
2015-01-21 19:30:00,2020.5,2022.0,2020.25,2021.5,7763.0
2015-01-21 19:35:00,2021.5,2021.5,2019.5,2020.25,7108.0
2015-01-21 19:40:00,2020.0,2021.75,2018.25,2021.5,11516.0
2015-01-21 19:45:00,2021.75,2023.75,2021.0,2023.75,11617.0
2015-01-21 19:50:00,2023.5,2025.25,2023.25,2023.5,10263.0
2015-01-21 19:55:00,2023.5,2025.25,2023.25,2024.5,7280.0
2015-01-21 20:00:00,2024.75,2025.75,2023.5,2024.5,12533.0
2015-01-21 20:05:00,2024.5,2024.75,2022.75,2022.75,5918.0
2015-01-21 20:10:00,2023.0,2023.25,2020.5,2022.25,12569.0
2015-01-21 20:15:00,2022.0,2025.0,2022.0,2024.75,13108.0
2015-01-21 20:20:00,2024.5,2026.5,2024.5,2025.25,12521.0
2015-01-21 20:25:00,2025.5,2027.0,2025.0,2025.25,7470.0
2015-01-21 20:30:00,2025.25,2027.5,2024.75,2026.25,14453.0
2015-01-21 20:35:00,2026.5,2027.5,2026.0,2027.5,9511.0
2015-01-21 20:40:00,2027.5,2028.25,2026.0,2026.25,13889.0
2015-01-21 20:45:00,2026.5,2027.5,2026.25,2027.0,10382.0
2015-01-21 20:50:00,2027.25,2027.5,2026.0,2026.75,11580.0
2015-01-21 20:55:00,2027.0,2027.5,2026.5,2026.75,15781.0
2015-01-21 21:00:00,2026.75,2027.25,2025.5,2026.5,44363.0
2015-01-21 21:05:00,2026.25,2026.5,2025.75,2026.0,7395.0
2015-01-21 21:10:00,2026.0,2027.0,2025.5,2026.5,5741.0
2015-01-21 21:15:00,2026.75,2027.25,2026.0,2027.25,7635.0
2015-01-21 21:30:00,2027.0,2027.75,2026.25,2026.75,3103.0
2015-01-21 21:35:00,2026.75,2027.75,2026.75,2027.5,842.0
2015-01-21 21:40:00,2027.5,2027.75,2027.0,2027.0,371.0
2015-01-21 21:45:00,2027.25,2027.25,2026.75,2027.0,577.0
2015-01-21 21:50:00,2027.0,2027.75,2026.75,2027.75,499.0
2015-01-21 21:55:00,2027.75,2028.0,2027.0,2027.0,773.0
2015-01-21 22:00:00,2027.0,2027.25,2026.25,2027.0,672.0
2015-01-21 22:05:00,2027.0,2027.5,2026.75,2026.75,416.0
2015-01-21 22:10:00,2026.75,2028.0,2026.75,2027.5,908.0
2015-01-21 22:15:00,2027.5,2027.75,2027.0,2027.25,309.0
2015-01-21 23:00:00,2026.75,2027.25,2026.0,2027.25,1463.0
2015-01-21 23:05:00,2027.25,2027.5,2026.5,2026.5,498.0
2015-01-21 23:10:00,2026.75,2027.0,2026.0,2026.0,285.0
2015-01-21 23:15:00,2026.0,2026.5,2025.5,2026.0,624.0
2015-01-21 23:20:00,2026.0,2026.5,2025.75,2026.5,286.0
2015-01-21 23:25:00,2026.5,2026.5,2025.75,2026.25,141.0
2015-01-21 23:30:00,2026.0,2026.75,2026.0,2026.75,145.0
2015-01-21 23:35:00,2026.75,2027.25,2026.25,2027.25,220.0
2015-01-21 23:40:00,2027.0,2028.0,2027.0,2027.75,280.0
2015-01-21 23:45:00,2027.75,2028.0,2026.75,2027.5,264.0
2015-01-21 23:50:00,2027.5,2027.5,2026.75,2027.0,265.0
2015-01-21 23:55:00,2027.0,2027.5,2026.75,2027.25,176.0
2015-01-22 00:00:00,2027.25,2027.25,2025.75,2025.75,646.0
2015-01-22 00:05:00,2026.0,2026.5,2025.75,2026.25,365.0
2015-01-22 00:10:00,2026.5,2026.75,2025.75,2026.75,366.0
2015-01-22 00:15:00,2026.5,2027.25,2026.25,2026.25,552.0
2015-01-22 00:20:00,2026.25,2027.0,2026.0,2027.0,321.0
2015-01-22 00:25:00,2027.0,2027.0,2026.5,2026.75,290.0
2015-01-22 00:30:00,2026.75,2027.0,2026.5,2026.5,257.0
2015-01-22 00:35:00,2026.5,2026.75,2026.25,2026.75,98.0
2015-01-22 00:40:00,2026.75,2027.0,2026.5,2027.0,136.0
2015-01-22 00:45:00,2027.0,2027.0,2026.25,2026.5,185.0
2015-01-22 00:50:00,2026.5,2026.75,2026.0,2026.5,287.0
2015-01-22 00:55:00,2026.5,2026.75,2026.25,2026.75,158.0
2015-01-22 01:00:00,2026.75,2027.0,2026.25,2027.0,372.0
2015-01-22 01:05:00,2026.75,2027.5,2026.75,2027.25,241.0
2015-01-22 01:10:00,2027.25,2027.25,2027.0,2027.25,67.0
2015-01-22 01:15:00,2027.0,2027.75,2027.0,2027.75,272.0
2015-01-22 01:20:00,2027.5,2029.25,2027.5,2028.5,623.0
2015-01-22 01:25:00,2028.5,2029.25,2028.25,2028.75,424.0
2015-01-22 01:30:00,2029.0,2029.5,2028.75,2029.5,402.0
2015-01-22 01:35:00,2029.5,2029.5,2028.5,2029.25,361.0
2015-01-22 01:40:00,2029.0,2029.25,2028.5,2029.0,296.0
2015-01-22 01:45:00,2029.0,2029.25,2028.75,2029.0,256.0
2015-01-22 01:50:00,2029.0,2029.5,2029.0,2029.25,195.0
2015-01-22 01:55:00,2029.25,2030.5,2029.0,2030.25,1114.0
2015-01-22 02:00:00,2030.25,2030.5,2029.75,2029.75,248.0
2015-01-22 02:05:00,2029.75,2029.75,2029.25,2029.5,202.0
2015-01-22 02:10:00,2029.25,2029.5,2029.25,2029.5,154.0
2015-01-22 02:15:00,2029.5,2029.75,2029.25,2029.25,151.0
2015-01-22 02:20:00,2029.25,2029.25,2028.75,2029.0,299.0
2015-01-22 02:25:00,2029.0,2029.25,2029.0,2029.25,103.0
2015-01-22 02:30:00,2029.25,2029.5,2029.0,2029.25,170.0
2015-01-22 02:35:00,2029.25,2029.5,2029.0,2029.5,53.0
2015-01-22 02:40:00,2029.5,2029.5,2029.0,2029.25,90.0
2015-01-22 02:45:00,2029.0,2029.25,2028.75,2029.0,135.0
2015-01-22 02:50:00,2028.75,2029.5,2028.75,2029.25,231.0
2015-01-22 02:55:00,2029.25,2029.5,2029.0,2029.25,55.0
2015-01-22 03:00:00,2029.5,2029.75,2029.5,2029.75,100.0
2015-01-22 03:05:00,2029.75,2029.75,2029.25,2029.25,130.0
2015-01-22 03:10:00,2029.25,2029.5,2029.25,2029.5,59.0
2015-01-22 03:15:00,2029.5,2029.5,2029.0,2029.0,64.0
2015-01-22 03:20:00,2029.25,2029.5,2029.0,2029.5,138.0
2015-01-22 03:25:00,2029.5,2029.5,2029.0,2029.5,454.0
2015-01-22 03:30:00,2029.25,2029.5,2029.0,2029.0,107.0
2015-01-22 03:35:00,2029.25,2029.25,2028.5,2028.75,226.0
2015-01-22 03:40:00,2028.75,2029.25,2028.5,2028.75,196.0
2015-01-22 03:45:00,2029.0,2029.75,2029.0,2029.5,265.0
2015-01-22 03:50:00,2029.75,2030.25,2029.75,2029.75,369.0
2015-01-22 03:55:00,2030.0,2030.25,2029.25,2029.25,283.0
2015-01-22 04:00:00,2029.25,2029.5,2029.25,2029.5,77.0
2015-01-22 04:05:00,2029.5,2029.75,2029.25,2029.75,71.0
2015-01-22 04:10:00,2029.75,2029.75,2029.25,2029.5,88.0
2015-01-22 04:15:00,2029.5,2029.75,2029.5,2029.75,74.0
2015-01-22 04:20:00,2029.75,2030.25,2029.75,2030.0,156.0
2015-01-22 04:25:00,2030.0,2030.25,2029.75,2030.0,105.0
2015-01-22 04:30:00,2030.0,2030.0,2029.5,2029.5,170.0
2015-01-22 04:35:00,2029.5,2029.75,2029.25,2029.25,70.0
2015-01-22 04:40:00,2029.5,2029.75,2029.25,2029.5,140.0
2015-01-22 04:45:00,2029.5,2029.5,2029.0,2029.25,203.0
2015-01-22 04:50:00,2029.25,2029.5,2029.25,2029.5,155.0
2015-01-22 04:55:00,2029.75,2029.75,2029.25,2029.75,108.0
2015-01-22 05:00:00,2029.5,2029.75,2029.25,2029.5,162.0
2015-01-22 05:05:00,2029.5,2029.75,2029.5,2029.5,27.0
2015-01-22 05:10:00,2029.75,2029.75,2029.0,2029.0,219.0
2015-01-22 05:15:00,2029.0,2030.0,2029.0,2029.75,183.0
2015-01-22 05:20:00,2029.75,2030.5,2029.75,2030.25,460.0
2015-01-22 05:25:00,2030.25,2030.25,2029.5,2030.0,104.0
2015-01-22 05:30:00,2030.0,2030.0,2029.5,2029.5,142.0
2015-01-22 05:35:00,2029.25,2030.0,2029.25,2029.75,151.0
2015-01-22 05:40:00,2029.75,2030.0,2029.5,2029.75,116.0
2015-01-22 05:45:00,2029.75,2030.0,2029.5,2029.5,128.0
2015-01-22 05:50:00,2029.25,2029.75,2029.25,2029.5,233.0
2015-01-22 05:55:00,2029.5,2029.75,2029.25,2029.75,111.0
2015-01-22 06:00:00,2029.5,2030.25,2029.5,2030.0,404.0
2015-01-22 06:05:00,2030.0,2031.0,2029.75,2030.75,323.0
2015-01-22 06:10:00,2031.0,2031.25,2030.75,2031.0,260.0
2015-01-22 06:15:00,2031.0,2031.0,2030.75,2031.0,303.0
2015-01-22 06:20:00,2031.0,2031.0,2030.75,2031.0,89.0
2015-01-22 06:25:00,2031.0,2031.0,2030.75,2030.75,123.0
2015-01-22 06:30:00,2031.0,2031.25,2030.75,2031.25,437.0
2015-01-22 06:35:00,2031.0,2032.0,2031.0,2032.0,342.0
2015-01-22 06:40:00,2031.75,2032.5,2031.5,2032.0,343.0
2015-01-22 06:45:00,2032.25,2032.25,2031.75,2032.0,149.0
2015-01-22 06:50:00,2032.0,2032.25,2031.75,2032.25,97.0
2015-01-22 06:55:00,2032.25,2032.25,2031.5,2031.5,136.0
2015-01-22 07:00:00,2031.75,2031.75,2030.0,2030.5,1004.0
2015-01-22 07:05:00,2030.5,2030.5,2029.75,2030.25,423.0
2015-01-22 07:10:00,2030.0,2030.25,2029.25,2029.75,445.0
2015-01-22 07:15:00,2030.0,2030.0,2029.5,2029.75,338.0
2015-01-22 07:20:00,2030.0,2030.25,2029.25,2029.75,445.0
2015-01-22 07:25:00,2029.75,2031.25,2029.5,2031.0,438.0
2015-01-22 07:30:00,2031.0,2031.0,2030.25,2030.25,244.0
2015-01-22 07:35:00,2030.25,2031.0,2029.75,2031.0,411.0
2015-01-22 07:40:00,2030.75,2030.75,2030.0,2030.5,388.0
2015-01-22 07:45:00,2030.75,2031.0,2030.5,2031.0,131.0
2015-01-22 07:50:00,2031.0,2031.25,2030.0,2030.0,578.0
2015-01-22 07:55:00,2030.25,2034.5,2030.25,2033.5,2838.0
2015-01-22 08:00:00,2033.5,2034.75,2032.75,2033.0,2421.0
2015-01-22 08:05:00,2033.0,2034.0,2032.5,2033.25,1906.0
2015-01-22 08:10:00,2033.25,2033.75,2032.75,2033.5,1211.0
2015-01-22 08:15:00,2033.75,2034.0,2032.75,2033.0,2080.0
2015-01-22 08:20:00,2032.75,2033.5,2032.5,2032.5,1258.0
2015-01-22 08:25:00,2032.75,2033.0,2031.75,2032.75,1709.0
2015-01-22 08:30:00,2032.75,2032.75,2032.0,2032.5,687.0
2015-01-22 08:35:00,2032.5,2033.0,2031.75,2032.0,1039.0
2015-01-22 08:40:00,2032.25,2032.75,2032.0,2032.5,428.0
2015-01-22 08:45:00,2032.75,2033.75,2032.75,2033.75,773.0
2015-01-22 08:50:00,2033.75,2034.0,2033.0,2033.0,655.0
2015-01-22 08:55:00,2033.0,2034.25,2033.0,2034.0,714.0
2015-01-22 09:00:00,2033.75,2034.25,2033.25,2033.5,592.0
2015-01-22 09:05:00,2033.5,2033.5,2032.75,2033.0,779.0
2015-01-22 09:10:00,2033.25,2034.0,2033.25,2033.25,559.0
2015-01-22 09:15:00,2033.25,2033.75,2033.25,2033.25,580.0
2015-01-22 09:20:00,2033.5,2033.5,2032.5,2032.75,477.0
2015-01-22 09:25:00,2033.0,2033.75,2032.5,2033.0,495.0
2015-01-22 09:30:00,2032.75,2035.0,2032.75,2035.0,1253.0
2015-01-22 09:35:00,2035.0,2035.75,2034.5,2035.0,1534.0
2015-01-22 09:40:00,2034.75,2035.0,2032.25,2033.0,2537.0
2015-01-22 09:45:00,2033.0,2033.25,2031.75,2032.75,1560.0
2015-01-22 09:50:00,2032.75,2033.0,2032.25,2033.0,562.0
2015-01-22 09:55:00,2033.0,2033.25,2031.75,2032.0,978.0
2015-01-22 10:00:00,2032.25,2032.5,2031.75,2031.75,1204.0
2015-01-22 10:05:00,2031.75,2032.0,2030.75,2031.75,1786.0
2015-01-22 10:10:00,2031.5,2032.75,2031.25,2032.5,941.0
2015-01-22 10:15:00,2032.5,2033.5,2032.5,2033.0,628.0
2015-01-22 10:20:00,2033.25,2033.25,2031.5,2032.0,1317.0
2015-01-22 10:25:00,2032.25,2032.25,2030.75,2031.75,1186.0
2015-01-22 10:30:00,2031.75,2032.75,2031.25,2032.75,670.0
2015-01-22 10:35:00,2032.75,2033.0,2032.0,2032.5,778.0
2015-01-22 10:40:00,2032.25,2032.25,2030.75,2031.0,887.0
2015-01-22 10:45:00,2031.0,2031.5,2030.75,2031.0,691.0
2015-01-22 10:50:00,2031.0,2031.25,2030.25,2030.25,901.0
2015-01-22 10:55:00,2030.5,2030.75,2030.25,2030.5,607.0
2015-01-22 11:00:00,2030.5,2030.75,2029.5,2029.75,1434.0
2015-01-22 11:05:00,2030.0,2030.0,2029.25,2029.5,509.0
2015-01-22 11:10:00,2029.5,2030.25,2028.75,2028.75,1285.0
2015-01-22 11:15:00,2028.75,2030.5,2028.0,2030.25,2161.0
2015-01-22 11:20:00,2030.25,2031.0,2029.25,2029.25,2362.0
2015-01-22 11:25:00,2029.25,2031.0,2028.25,2030.25,2941.0
2015-01-22 11:30:00,2030.5,2030.5,2029.0,2030.0,1193.0
2015-01-22 11:35:00,2030.0,2030.25,2028.5,2029.25,2004.0
2015-01-22 11:40:00,2029.0,2031.5,2029.0,2030.75,1713.0
2015-01-22 11:45:00,2030.75,2031.5,2030.0,2031.25,1252.0
2015-01-22 11:50:00,2031.25,2031.25,2030.0,2031.0,950.0
2015-01-22 11:55:00,2031.0,2031.5,2029.75,2030.75,1638.0
2015-01-22 12:00:00,2030.75,2031.5,2030.5,2031.25,1320.0
2015-01-22 12:05:00,2031.25,2031.25,2029.0,2029.0,1785.0
2015-01-22 12:10:00,2029.0,2030.75,2029.0,2029.75,1934.0
2015-01-22 12:15:00,2029.5,2030.25,2029.25,2029.5,1121.0
2015-01-22 12:20:00,2029.25,2031.0,2029.0,2030.75,1464.0
2015-01-22 12:25:00,2030.5,2031.25,2029.75,2030.5,1596.0
2015-01-22 12:30:00,2030.5,2031.5,2029.75,2031.5,1549.0
2015-01-22 12:35:00,2031.25,2032.25,2030.5,2032.0,2257.0
2015-01-22 12:40:00,2032.0,2033.25,2031.75,2032.75,2104.0
2015-01-22 12:45:00,2032.75,2035.25,2030.25,2034.5,6548.0
2015-01-22 12:50:00,2034.5,2035.5,2034.0,2034.5,4238.0
2015-01-22 12:55:00,2034.5,2038.75,2034.5,2037.25,9411.0
2015-01-22 13:00:00,2037.25,2038.75,2036.5,2037.25,4686.0
2015-01-22 13:05:00,2037.0,2037.5,2036.5,2037.0,2112.0
2015-01-22 13:10:00,2036.75,2037.0,2035.5,2036.0,2437.0
2015-01-22 13:15:00,2036.25,2037.25,2036.0,2036.75,2289.0
2015-01-22 13:20:00,2037.0,2037.5,2036.25,2036.75,1627.0
2015-01-22 13:25:00,2036.5,2037.75,2036.25,2037.5,3311.0
2015-01-22 13:30:00,2037.5,2038.0,2033.75,2034.75,4483.0
2015-01-22 13:35:00,2035.0,2036.5,2034.25,2036.25,2120.0
2015-01-22 13:40:00,2036.0,2047.0,2036.0,2041.75,60106.0
2015-01-22 13:45:00,2041.5,2043.0,2037.25,2042.25,31388.0
2015-01-22 13:50:00,2042.25,2043.25,2034.5,2035.0,20447.0
2015-01-22 13:55:00,2035.0,2037.0,2030.0,2036.5,26531.0
2015-01-22 14:00:00,2036.25,2039.0,2035.0,2036.25,13464.0
2015-01-22 14:05:00,2036.25,2040.0,2035.25,2039.0,14140.0
2015-01-22 14:10:00,2039.25,2042.0,2039.0,2040.0,16785.0
2015-01-22 14:15:00,2040.0,2040.75,2037.25,2039.75,7757.0
2015-01-22 14:20:00,2040.0,2040.0,2036.5,2036.5,6344.0
2015-01-22 14:25:00,2036.25,2037.5,2035.0,2037.0,10053.0
2015-01-22 14:30:00,2037.0,2041.0,2034.25,2034.25,51580.0
2015-01-22 14:35:00,2034.25,2035.0,2030.0,2031.0,51838.0
2015-01-22 14:40:00,2031.25,2032.0,2024.5,2029.5,58069.0
2015-01-22 14:45:00,2029.75,2030.25,2019.25,2022.0,62838.0
2015-01-22 14:50:00,2022.0,2026.75,2020.75,2025.0,34409.0
2015-01-22 14:55:00,2025.0,2026.5,2021.75,2025.25,28692.0
2015-01-22 15:00:00,2025.5,2029.5,2024.75,2028.75,28646.0
2015-01-22 15:05:00,2028.5,2030.25,2025.5,2027.25,26137.0
2015-01-22 15:10:00,2027.0,2031.5,2026.5,2031.25,22075.0
2015-01-22 15:15:00,2031.0,2036.25,2030.25,2035.25,34978.0
2015-01-22 15:20:00,2035.25,2037.0,2034.5,2036.25,28510.0
2015-01-22 15:25:00,2036.25,2037.25,2034.0,2035.75,27447.0
2015-01-22 15:30:00,2035.75,2037.25,2034.5,2036.25,17476.0
2015-01-22 15:35:00,2036.25,2038.0,2035.25,2036.5,17056.0
2015-01-22 15:40:00,2036.5,2038.5,2036.25,2038.25,15270.0
2015-01-22 15:45:00,2038.25,2041.75,2038.0,2040.5,27250.0
2015-01-22 15:50:00,2040.25,2042.75,2040.0,2041.25,20392.0
2015-01-22 15:55:00,2041.25,2045.5,2041.0,2044.5,30386.0
2015-01-22 16:00:00,2044.25,2046.0,2041.0,2042.0,36675.0
2015-01-22 16:05:00,2042.25,2043.25,2039.25,2040.25,17740.0
2015-01-22 16:10:00,2040.0,2040.75,2037.75,2039.25,19786.0
2015-01-22 16:15:00,2039.25,2040.5,2038.75,2039.25,19878.0
2015-01-22 16:20:00,2039.25,2041.75,2038.75,2041.75,12529.0
2015-01-22 16:25:00,2041.75,2044.0,2041.75,2042.5,15662.0
2015-01-22 16:30:00,2042.5,2043.25,2039.25,2041.25,18914.0
2015-01-22 16:35:00,2041.0,2041.5,2038.75,2039.75,16399.0
2015-01-22 16:40:00,2039.75,2041.5,2039.0,2039.25,10351.0
2015-01-22 16:45:00,2039.5,2039.75,2038.5,2038.75,7077.0
2015-01-22 16:50:00,2038.5,2039.0,2036.5,2037.25,13627.0
2015-01-22 16:55:00,2037.25,2039.0,2037.0,2038.5,8966.0
2015-01-22 17:00:00,2038.5,2040.5,2038.25,2038.75,11353.0
2015-01-22 17:05:00,2038.75,2039.5,2036.75,2037.5,19638.0
2015-01-22 17:10:00,2037.5,2039.75,2036.75,2039.5,9672.0
2015-01-22 17:15:00,2039.75,2040.25,2038.25,2039.25,8516.0
2015-01-22 17:20:00,2039.5,2041.25,2038.75,2040.75,10620.0
2015-01-22 17:25:00,2041.0,2042.0,2040.25,2041.0,9279.0
2015-01-22 17:30:00,2041.25,2041.75,2039.25,2040.0,7759.0
2015-01-22 17:35:00,2039.75,2040.5,2038.5,2039.5,6764.0
2015-01-22 17:40:00,2039.5,2040.5,2038.25,2040.0,6109.0
2015-01-22 17:45:00,2040.0,2041.0,2039.25,2040.5,7044.0
2015-01-22 17:50:00,2040.5,2041.25,2038.75,2038.75,6259.0
2015-01-22 17:55:00,2038.75,2039.0,2037.5,2038.0,9779.0
2015-01-22 18:00:00,2038.0,2040.75,2037.75,2040.5,6354.0
2015-01-22 18:05:00,2040.5,2042.25,2040.5,2041.0,12540.0
2015-01-22 18:10:00,2041.0,2042.25,2040.5,2041.0,6672.0
2015-01-22 18:15:00,2040.75,2041.25,2038.0,2038.75,9819.0
2015-01-22 18:20:00,2038.5,2039.5,2037.5,2039.25,6562.0
2015-01-22 18:25:00,2039.25,2039.75,2037.75,2038.25,7078.0
2015-01-22 18:30:00,2038.5,2040.75,2038.25,2039.75,7127.0
2015-01-22 18:35:00,2040.0,2040.75,2039.0,2040.5,5642.0
2015-01-22 18:40:00,2040.5,2043.5,2040.0,2042.25,14475.0
2015-01-22 18:45:00,2042.25,2043.25,2041.75,2042.25,6605.0
2015-01-22 18:50:00,2042.25,2043.5,2042.0,2043.0,7177.0
2015-01-22 18:55:00,2043.0,2043.25,2041.5,2042.25,6009.0
2015-01-22 19:00:00,2042.25,2044.5,2042.25,2044.25,10691.0
2015-01-22 19:05:00,2044.5,2044.5,2041.75,2042.25,10374.0
2015-01-22 19:10:00,2042.25,2044.0,2042.25,2043.5,7076.0
2015-01-22 19:15:00,2043.5,2046.25,2043.5,2045.5,18698.0
2015-01-22 19:20:00,2045.5,2046.0,2044.5,2045.75,7805.0
2015-01-22 19:25:00,2045.5,2046.5,2045.0,2046.0,12475.0
2015-01-22 19:30:00,2045.75,2050.25,2045.0,2049.5,30198.0
2015-01-22 19:35:00,2049.25,2050.5,2048.75,2050.0,14385.0
2015-01-22 19:40:00,2050.0,2050.5,2048.5,2049.5,12032.0
2015-01-22 19:45:00,2049.25,2053.0,2049.0,2052.5,20362.0
2015-01-22 19:50:00,2052.5,2053.75,2051.25,2053.25,13527.0
2015-01-22 19:55:00,2053.5,2055.75,2053.0,2055.25,22484.0
2015-01-22 20:00:00,2055.0,2058.0,2054.5,2057.25,32120.0
2015-01-22 20:05:00,2057.25,2058.0,2056.25,2057.0,15641.0
2015-01-22 20:10:00,2057.0,2058.25,2056.0,2056.5,14151.0
2015-01-22 20:15:00,2056.75,2058.75,2056.5,2058.0,13804.0
2015-01-22 20:20:00,2058.25,2059.25,2056.5,2056.5,11666.0
2015-01-22 20:25:00,2056.75,2056.75,2055.0,2056.0,17106.0
2015-01-22 20:30:00,2056.0,2058.25,2055.75,2057.5,14492.0
2015-01-22 20:35:00,2057.5,2058.0,2056.25,2056.75,10738.0
2015-01-22 20:40:00,2057.0,2058.0,2056.0,2056.75,16212.0
2015-01-22 20:45:00,2056.75,2057.25,2056.0,2056.75,14661.0
2015-01-22 20:50:00,2057.0,2057.0,2055.0,2056.25,22462.0
2015-01-22 20:55:00,2056.25,2056.75,2055.75,2056.75,20960.0
2015-01-22 21:00:00,2056.75,2058.0,2055.25,2055.5,61564.0
2015-01-22 21:05:00,2055.5,2056.0,2054.75,2055.75,15680.0
2015-01-22 21:10:00,2055.75,2056.0,2054.5,2055.5,11609.0
2015-01-22 21:15:00,2055.5,2056.75,2055.5,2056.5,7004.0
2015-01-22 21:30:00,2056.5,2057.5,2056.25,2057.0,4490.0
2015-01-22 21:35:00,2057.0,2057.5,2056.75,2056.75,841.0
2015-01-22 21:40:00,2056.75,2057.25,2056.75,2057.25,435.0
2015-01-22 21:45:00,2057.25,2057.5,2056.75,2057.25,586.0
2015-01-22 21:50:00,2057.25,2057.75,2057.25,2057.5,597.0
2015-01-22 21:55:00,2057.75,2057.75,2057.25,2057.25,344.0
2015-01-22 22:00:00,2057.25,2057.75,2057.25,2057.5,526.0
2015-01-22 22:05:00,2057.25,2057.75,2057.25,2057.25,284.0
2015-01-22 22:10:00,2057.5,2057.5,2056.75,2056.75,538.0
2015-01-22 22:15:00,2056.75,2057.0,2056.5,2056.75,495.0
2015-01-22 23:00:00,2056.5,2056.75,2056.25,2056.25,1094.0
2015-01-22 23:05:00,2056.25,2056.5,2055.0,2055.5,960.0
2015-01-22 23:10:00,2055.5,2055.75,2055.25,2055.5,635.0
2015-01-22 23:15:00,2055.5,2056.25,2055.5,2056.25,299.0
2015-01-22 23:20:00,2056.0,2057.25,2055.75,2057.0,710.0
2015-01-22 23:25:00,2057.25,2057.25,2056.75,2057.0,352.0
2015-01-22 23:30:00,2057.25,2057.75,2057.0,2057.25,397.0
2015-01-22 23:35:00,2057.0,2057.25,2056.5,2057.0,182.0
2015-01-22 23:40:00,2057.0,2057.25,2056.0,2056.0,462.0
2015-01-22 23:45:00,2056.0,2056.25,2056.0,2056.25,109.0
2015-01-22 23:50:00,2056.0,2056.75,2055.75,2056.5,352.0
2015-01-22 23:55:00,2056.5,2057.0,2056.0,2056.25,270.0
2015-01-23 00:00:00,2056.25,2056.25,2055.0,2055.25,874.0
2015-01-23 00:05:00,2055.25,2055.5,2053.75,2054.25,1950.0
2015-01-23 00:10:00,2054.25,2055.0,2054.0,2054.75,431.0
2015-01-23 00:15:00,2054.75,2055.0,2054.5,2055.0,234.0
2015-01-23 00:20:00,2055.0,2055.0,2054.25,2054.75,480.0
2015-01-23 00:25:00,2054.75,2054.75,2054.0,2054.5,618.0
2015-01-23 00:30:00,2054.5,2054.5,2053.75,2054.5,905.0
2015-01-23 00:35:00,2054.5,2054.75,2054.0,2054.25,627.0
2015-01-23 00:40:00,2054.25,2054.5,2054.0,2054.5,320.0
2015-01-23 00:45:00,2054.25,2054.5,2054.0,2054.5,580.0
2015-01-23 00:50:00,2054.25,2054.75,2054.0,2054.5,316.0
2015-01-23 00:55:00,2054.5,2054.75,2054.25,2054.75,136.0
2015-01-23 01:00:00,2054.75,2055.0,2054.5,2054.5,234.0
2015-01-23 01:05:00,2054.25,2054.75,2054.25,2054.5,128.0
2015-01-23 01:10:00,2054.5,2054.5,2054.0,2054.5,226.0
2015-01-23 01:15:00,2054.25,2054.75,2054.0,2054.0,397.0
2015-01-23 01:20:00,2054.0,2054.25,2053.5,2053.75,455.0
2015-01-23 01:25:00,2053.75,2054.25,2053.5,2054.0,302.0
2015-01-23 01:30:00,2054.0,2054.25,2053.25,2054.25,572.0
2015-01-23 01:35:00,2054.25,2054.5,2053.75,2053.75,183.0
2015-01-23 01:40:00,2054.0,2054.5,2053.75,2054.0,248.0
2015-01-23 01:45:00,2054.0,2054.75,2054.0,2054.25,241.0
2015-01-23 01:50:00,2054.5,2054.5,2054.25,2054.25,99.0
2015-01-23 01:55:00,2054.0,2054.5,2054.0,2054.25,247.0
2015-01-23 02:00:00,2054.5,2054.5,2053.75,2054.0,313.0
2015-01-23 02:05:00,2054.0,2054.0,2053.25,2053.75,324.0
2015-01-23 02:10:00,2053.75,2054.0,2053.5,2053.75,99.0
2015-01-23 02:15:00,2053.75,2054.0,2053.5,2053.75,193.0
2015-01-23 02:20:00,2054.0,2054.0,2053.5,2053.5,170.0
2015-01-23 02:25:00,2053.5,2053.5,2053.25,2053.25,297.0
2015-01-23 02:30:00,2053.25,2053.5,2053.0,2053.25,331.0
2015-01-23 02:35:00,2053.0,2053.25,2053.0,2053.0,87.0
2015-01-23 02:40:00,2053.0,2053.25,2052.75,2052.75,302.0
2015-01-23 02:45:00,2052.75,2053.25,2052.75,2053.25,574.0
2015-01-23 02:50:00,2053.5,2053.75,2053.25,2053.5,143.0
2015-01-23 02:55:00,2053.5,2054.0,2053.5,2053.5,290.0
2015-01-23 03:00:00,2053.5,2053.75,2053.5,2053.5,136.0
2015-01-23 03:05:00,2053.75,2054.0,2053.5,2053.5,246.0
2015-01-23 03:10:00,2053.5,2054.0,2053.5,2053.5,120.0
2015-01-23 03:15:00,2053.5,2053.75,2053.0,2053.25,429.0
2015-01-23 03:20:00,2053.25,2054.0,2053.25,2054.0,292.0
2015-01-23 03:25:00,2054.0,2055.0,2053.75,2054.75,322.0
2015-01-23 03:30:00,2054.75,2055.0,2054.5,2055.0,175.0
2015-01-23 03:35:00,2055.0,2055.0,2054.75,2054.75,144.0
2015-01-23 03:40:00,2055.0,2055.0,2054.75,2054.75,63.0
2015-01-23 03:45:00,2054.75,2055.25,2054.75,2055.0,366.0
2015-01-23 03:50:00,2054.75,2055.0,2053.75,2054.25,211.0
2015-01-23 03:55:00,2054.25,2054.75,2054.0,2054.5,272.0
2015-01-23 04:00:00,2054.75,2054.75,2054.0,2054.25,102.0
2015-01-23 04:05:00,2054.25,2054.5,2054.0,2054.5,58.0
2015-01-23 04:10:00,2054.5,2054.5,2054.0,2054.0,166.0
2015-01-23 04:15:00,2054.0,2054.25,2053.75,2054.25,74.0
2015-01-23 04:20:00,2054.25,2054.25,2053.5,2054.0,222.0
2015-01-23 04:25:00,2054.0,2054.0,2053.75,2054.0,116.0
2015-01-23 04:30:00,2053.75,2054.0,2053.75,2054.0,61.0
2015-01-23 04:35:00,2054.0,2054.0,2053.75,2054.0,174.0
2015-01-23 04:40:00,2054.0,2054.0,2053.5,2053.5,80.0
2015-01-23 04:45:00,2053.5,2054.25,2053.5,2054.25,95.0
2015-01-23 04:50:00,2054.25,2054.5,2053.75,2054.0,283.0
2015-01-23 04:55:00,2054.25,2054.25,2053.75,2054.0,116.0
2015-01-23 05:00:00,2054.0,2054.25,2053.75,2053.75,177.0
2015-01-23 05:05:00,2054.0,2054.25,2053.75,2054.25,94.0
2015-01-23 05:10:00,2054.0,2054.25,2054.0,2054.25,176.0
2015-01-23 05:15:00,2054.0,2054.25,2053.75,2054.0,150.0
2015-01-23 05:20:00,2054.0,2054.25,2053.75,2054.0,99.0
2015-01-23 05:25:00,2054.0,2054.25,2053.5,2053.5,213.0
2015-01-23 05:30:00,2053.5,2053.75,2053.25,2053.5,322.0
2015-01-23 05:35:00,2053.25,2054.0,2053.25,2053.75,234.0
2015-01-23 05:40:00,2053.75,2054.25,2053.75,2054.0,73.0
2015-01-23 05:45:00,2053.75,2054.5,2053.75,2054.0,244.0
2015-01-23 05:50:00,2054.0,2054.0,2053.0,2053.25,340.0
2015-01-23 05:55:00,2053.5,2054.0,2053.25,2053.5,242.0
2015-01-23 06:00:00,2053.5,2054.25,2053.0,2054.25,455.0
2015-01-23 06:05:00,2054.25,2054.5,2053.75,2053.75,171.0
2015-01-23 06:10:00,2053.75,2054.75,2053.75,2054.5,267.0
2015-01-23 06:15:00,2054.75,2055.75,2054.5,2055.75,447.0
2015-01-23 06:20:00,2055.75,2055.75,2055.25,2055.5,232.0
2015-01-23 06:25:00,2055.5,2055.5,2054.75,2055.0,184.0
2015-01-23 06:30:00,2055.25,2055.5,2054.75,2055.0,103.0
2015-01-23 06:35:00,2055.0,2055.25,2055.0,2055.0,27.0
2015-01-23 06:40:00,2055.0,2055.0,2054.5,2054.5,63.0
2015-01-23 06:45:00,2054.5,2054.75,2053.75,2053.75,199.0
2015-01-23 06:50:00,2053.75,2054.0,2053.75,2054.0,73.0
2015-01-23 06:55:00,2054.0,2054.5,2054.0,2054.5,58.0
2015-01-23 07:00:00,2054.25,2055.5,2054.25,2055.5,944.0
2015-01-23 07:05:00,2055.5,2056.5,2055.25,2056.0,918.0
2015-01-23 07:10:00,2056.0,2056.75,2055.5,2055.75,939.0
2015-01-23 07:15:00,2056.0,2056.5,2055.25,2055.75,418.0
2015-01-23 07:20:00,2055.75,2056.5,2055.75,2056.5,287.0
2015-01-23 07:25:00,2056.25,2056.5,2056.0,2056.25,483.0
2015-01-23 07:30:00,2056.0,2056.5,2055.75,2056.25,372.0
2015-01-23 07:35:00,2056.0,2056.5,2056.0,2056.0,606.0
2015-01-23 07:40:00,2056.0,2056.5,2056.0,2056.25,743.0
2015-01-23 07:45:00,2056.25,2057.0,2056.0,2056.75,566.0
2015-01-23 07:50:00,2056.5,2057.0,2056.0,2056.0,847.0
2015-01-23 07:55:00,2056.25,2056.5,2055.5,2056.0,1846.0
2015-01-23 08:00:00,2056.0,2056.25,2055.0,2055.5,1876.0
2015-01-23 08:05:00,2055.75,2055.75,2054.0,2054.25,2527.0
2015-01-23 08:10:00,2054.25,2056.75,2054.0,2056.75,3416.0
2015-01-23 08:15:00,2056.5,2057.0,2056.25,2056.5,2666.0
2015-01-23 08:20:00,2056.75,2058.25,2056.25,2057.5,3590.0
2015-01-23 08:25:00,2057.75,2060.25,2057.0,2059.75,4784.0
2015-01-23 08:30:00,2059.75,2062.0,2059.5,2060.75,5355.0
2015-01-23 08:35:00,2060.75,2060.75,2059.25,2060.5,3081.0
2015-01-23 08:40:00,2060.25,2061.25,2060.0,2061.25,1500.0
2015-01-23 08:45:00,2061.25,2061.25,2059.25,2059.75,1344.0
2015-01-23 08:50:00,2059.75,2061.0,2059.0,2059.5,2086.0
2015-01-23 08:55:00,2059.5,2061.25,2059.5,2060.75,1924.0
2015-01-23 09:00:00,2060.75,2061.0,2059.75,2060.25,1743.0
2015-01-23 09:05:00,2060.25,2060.25,2058.25,2058.75,2236.0
2015-01-23 09:10:00,2058.75,2058.75,2056.5,2057.25,2645.0
2015-01-23 09:15:00,2057.25,2058.25,2057.25,2058.0,1646.0
2015-01-23 09:20:00,2057.75,2057.75,2055.25,2055.75,2395.0
2015-01-23 09:25:00,2055.75,2057.25,2055.5,2056.75,1621.0
2015-01-23 09:30:00,2056.75,2058.0,2056.75,2057.75,1353.0
2015-01-23 09:35:00,2057.75,2058.25,2056.5,2056.5,1288.0
2015-01-23 09:40:00,2056.75,2057.5,2056.5,2057.5,1005.0
2015-01-23 09:45:00,2057.25,2058.5,2057.25,2057.75,1119.0
2015-01-23 09:50:00,2057.75,2058.0,2056.75,2057.5,664.0
2015-01-23 09:55:00,2057.25,2058.0,2057.0,2057.75,823.0
2015-01-23 10:00:00,2058.0,2058.75,2057.75,2057.75,1663.0
2015-01-23 10:05:00,2058.0,2058.5,2057.25,2058.5,652.0
2015-01-23 10:10:00,2058.5,2058.75,2057.75,2058.0,744.0
2015-01-23 10:15:00,2057.75,2058.25,2057.0,2058.0,856.0
2015-01-23 10:20:00,2057.75,2058.0,2057.25,2057.5,337.0
2015-01-23 10:25:00,2057.75,2058.0,2057.5,2057.5,603.0
2015-01-23 10:30:00,2057.5,2057.5,2056.0,2056.0,920.0
2015-01-23 10:35:00,2056.25,2056.5,2055.5,2056.25,1125.0
2015-01-23 10:40:00,2056.25,2056.25,2055.0,2055.5,921.0
2015-01-23 10:45:00,2055.5,2056.25,2055.5,2055.75,645.0
2015-01-23 10:50:00,2056.0,2056.75,2055.75,2056.25,982.0
2015-01-23 10:55:00,2056.25,2057.0,2055.0,2056.75,1148.0
2015-01-23 11:00:00,2056.75,2056.75,2056.5,2056.75,706.0
2015-01-23 11:05:00,2056.75,2057.0,2056.25,2056.5,1028.0
2015-01-23 11:10:00,2056.5,2057.0,2056.25,2056.5,780.0
2015-01-23 11:15:00,2056.5,2056.5,2056.0,2056.25,959.0
2015-01-23 11:20:00,2056.25,2057.75,2056.0,2057.5,681.0
2015-01-23 11:25:00,2057.5,2058.25,2057.5,2058.25,1338.0
2015-01-23 11:30:00,2058.25,2058.75,2057.75,2057.75,1025.0
2015-01-23 11:35:00,2058.0,2058.0,2057.5,2057.75,458.0
2015-01-23 11:40:00,2058.0,2058.75,2057.5,2058.5,793.0
2015-01-23 11:45:00,2058.5,2059.5,2058.5,2059.5,1020.0
2015-01-23 11:50:00,2059.25,2059.75,2057.75,2058.25,1437.0
2015-01-23 11:55:00,2058.25,2058.75,2057.75,2058.25,1160.0
2015-01-23 12:00:00,2058.5,2058.75,2056.75,2057.25,1786.0
2015-01-23 12:05:00,2057.25,2057.5,2057.0,2057.25,846.0
2015-01-23 12:10:00,2057.25,2058.5,2057.0,2057.25,1698.0
2015-01-23 12:15:00,2057.25,2057.75,2056.5,2057.25,1209.0
2015-01-23 12:20:00,2057.25,2058.25,2057.0,2058.0,1899.0
2015-01-23 12:25:00,2058.0,2059.75,2058.0,2058.75,3488.0
2015-01-23 12:30:00,2058.75,2059.5,2058.0,2059.25,2162.0
2015-01-23 12:35:00,2059.25,2062.0,2059.25,2061.5,3245.0
2015-01-23 12:40:00,2061.75,2062.5,2060.75,2061.5,4433.0
2015-01-23 12:45:00,2061.5,2061.75,2060.25,2060.5,2091.0
2015-01-23 12:50:00,2060.5,2060.5,2059.25,2059.75,1285.0
2015-01-23 12:55:00,2059.5,2061.0,2059.5,2060.5,2301.0
2015-01-23 13:00:00,2060.75,2061.0,2059.5,2060.5,3376.0
2015-01-23 13:05:00,2060.5,2060.75,2059.5,2059.75,2079.0
2015-01-23 13:10:00,2059.5,2060.25,2059.0,2059.75,2761.0
2015-01-23 13:15:00,2059.75,2061.0,2059.75,2060.5,3239.0
2015-01-23 13:20:00,2060.25,2060.25,2059.0,2059.5,2531.0
2015-01-23 13:25:00,2059.5,2061.5,2059.25,2060.5,2220.0
2015-01-23 13:30:00,2060.5,2060.5,2057.5,2058.0,6730.0
2015-01-23 13:35:00,2057.75,2058.0,2054.5,2055.0,7781.0
2015-01-23 13:40:00,2055.0,2056.5,2054.0,2055.75,7094.0
2015-01-23 13:45:00,2055.75,2056.25,2054.25,2054.75,3735.0
2015-01-23 13:50:00,2054.75,2055.75,2053.5,2055.25,4960.0
2015-01-23 13:55:00,2055.25,2056.0,2055.0,2055.5,2352.0
2015-01-23 14:00:00,2055.25,2055.5,2053.0,2053.75,6650.0
2015-01-23 14:05:00,2054.0,2054.0,2051.75,2052.75,7875.0
2015-01-23 14:10:00,2052.75,2053.0,2051.0,2052.0,5229.0
2015-01-23 14:15:00,2052.0,2053.0,2050.5,2052.25,4697.0
2015-01-23 14:20:00,2052.25,2053.75,2051.75,2052.0,6177.0
2015-01-23 14:25:00,2052.0,2053.5,2052.0,2053.25,2060.0
2015-01-23 14:30:00,2053.0,2054.75,2050.0,2052.0,50442.0
2015-01-23 14:35:00,2052.0,2055.25,2050.75,2053.25,45839.0
2015-01-23 14:40:00,2053.5,2053.5,2049.25,2050.75,32271.0
2015-01-23 14:45:00,2050.75,2053.5,2049.5,2051.25,33256.0
2015-01-23 14:50:00,2051.25,2052.5,2049.75,2051.75,26094.0
2015-01-23 14:55:00,2051.5,2052.0,2048.5,2051.25,18838.0
2015-01-23 15:00:00,2051.5,2054.5,2051.0,2054.25,24871.0
2015-01-23 15:05:00,2054.5,2055.0,2052.0,2052.75,21409.0
2015-01-23 15:10:00,2052.75,2054.0,2051.0,2052.25,15702.0
2015-01-23 15:15:00,2052.25,2052.25,2050.0,2051.0,17086.0
2015-01-23 15:20:00,2051.25,2053.25,2050.25,2052.5,18926.0
2015-01-23 15:25:00,2052.5,2053.0,2050.75,2052.25,13482.0
2015-01-23 15:30:00,2052.5,2053.5,2051.75,2052.5,11368.0
2015-01-23 15:35:00,2052.25,2052.25,2049.5,2051.0,19519.0
2015-01-23 15:40:00,2050.75,2051.0,2048.5,2050.0,16488.0
2015-01-23 15:45:00,2050.0,2050.0,2046.25,2047.5,23983.0
2015-01-23 15:50:00,2047.5,2051.5,2047.25,2051.5,22716.0
2015-01-23 15:55:00,2051.5,2055.25,2051.0,2053.75,36470.0
2015-01-23 16:00:00,2054.0,2054.0,2052.5,2053.25,14826.0
2015-01-23 16:05:00,2053.0,2054.0,2051.75,2052.5,14907.0
2015-01-23 16:10:00,2052.5,2053.25,2050.0,2050.75,14588.0
2015-01-23 16:15:00,2050.75,2053.0,2050.25,2052.5,13376.0
2015-01-23 16:20:00,2052.5,2054.0,2052.25,2054.0,11471.0
2015-01-23 16:25:00,2054.0,2055.0,2053.25,2054.5,12177.0
2015-01-23 16:30:00,2054.5,2055.25,2053.0,2053.75,17546.0
2015-01-23 16:35:00,2053.75,2054.5,2052.75,2053.75,10022.0
2015-01-23 16:40:00,2053.75,2054.25,2052.75,2053.0,4890.0
2015-01-23 16:45:00,2053.0,2054.5,2052.75,2054.25,6601.0
2015-01-23 16:50:00,2054.5,2054.5,2051.5,2052.0,11011.0
2015-01-23 16:55:00,2052.25,2052.75,2051.5,2051.75,7108.0
2015-01-23 17:00:00,2051.75,2053.25,2051.5,2052.25,8840.0
2015-01-23 17:05:00,2052.5,2053.25,2052.0,2052.75,5681.0
2015-01-23 17:10:00,2053.0,2056.0,2052.75,2055.25,14299.0
2015-01-23 17:15:00,2055.25,2055.5,2053.25,2053.5,10997.0
2015-01-23 17:20:00,2053.5,2053.75,2051.25,2052.5,13144.0
2015-01-23 17:25:00,2052.5,2054.75,2052.5,2054.0,11268.0
2015-01-23 17:30:00,2054.0,2055.5,2053.75,2055.0,8498.0
2015-01-23 17:35:00,2055.0,2057.25,2054.75,2056.0,11882.0
2015-01-23 17:40:00,2056.0,2056.5,2055.0,2055.25,7233.0
2015-01-23 17:45:00,2055.5,2056.0,2054.75,2055.0,5372.0
2015-01-23 17:50:00,2055.0,2056.5,2054.5,2055.5,7536.0
2015-01-23 17:55:00,2055.5,2055.75,2054.0,2054.75,6124.0
2015-01-23 18:00:00,2055.0,2055.75,2053.5,2054.25,8277.0
2015-01-23 18:05:00,2054.0,2055.25,2054.0,2054.75,6204.0
2015-01-23 18:10:00,2054.75,2056.0,2054.0,2055.5,4810.0
2015-01-23 18:15:00,2055.75,2055.75,2052.0,2052.75,9021.0
2015-01-23 18:20:00,2052.75,2053.75,2052.25,2053.5,5879.0
2015-01-23 18:25:00,2053.25,2054.5,2052.75,2053.5,6127.0
2015-01-23 18:30:00,2053.25,2054.5,2053.0,2053.75,5347.0
2015-01-23 18:35:00,2053.5,2054.75,2053.25,2054.25,6379.0
2015-01-23 18:40:00,2054.5,2057.25,2054.5,2056.25,13362.0
2015-01-23 18:45:00,2056.0,2056.75,2055.25,2056.0,9693.0
2015-01-23 18:50:00,2055.75,2057.0,2055.75,2056.25,5812.0
2015-01-23 18:55:00,2056.5,2057.0,2055.0,2055.75,6251.0
2015-01-23 19:00:00,2055.75,2056.5,2054.75,2055.5,5687.0
2015-01-23 19:05:00,2055.5,2055.75,2054.0,2055.25,7442.0
2015-01-23 19:10:00,2055.5,2055.5,2054.0,2054.75,4539.0
2015-01-23 19:15:00,2054.75,2054.75,2052.5,2053.75,7362.0
2015-01-23 19:20:00,2053.75,2054.25,2053.0,2053.75,4735.0
2015-01-23 19:25:00,2053.5,2055.0,2053.25,2054.75,7810.0
2015-01-23 19:30:00,2054.75,2055.25,2053.0,2053.25,6477.0
2015-01-23 19:35:00,2053.25,2054.0,2051.5,2052.25,14251.0
2015-01-23 19:40:00,2052.5,2053.0,2052.0,2052.0,5760.0
2015-01-23 19:45:00,2052.0,2052.5,2050.25,2050.5,8289.0
2015-01-23 19:50:00,2050.75,2051.75,2050.0,2051.25,7678.0
2015-01-23 19:55:00,2051.25,2051.75,2050.5,2050.5,5563.0
2015-01-23 20:00:00,2050.75,2051.0,2048.5,2049.5,13315.0
2015-01-23 20:05:00,2049.25,2050.0,2047.75,2048.75,17131.0
2015-01-23 20:10:00,2048.75,2051.0,2048.75,2050.0,12624.0
2015-01-23 20:15:00,2049.75,2050.75,2048.25,2050.0,11933.0
2015-01-23 20:20:00,2050.0,2050.25,2048.5,2049.75,8066.0
2015-01-23 20:25:00,2049.75,2050.25,2049.25,2049.75,4367.0
2015-01-23 20:30:00,2049.5,2050.75,2047.5,2048.0,13199.0
2015-01-23 20:35:00,2047.75,2049.0,2047.75,2048.75,8463.0
2015-01-23 20:40:00,2048.75,2049.0,2046.75,2048.5,14047.0
2015-01-23 20:45:00,2048.25,2048.5,2046.25,2047.75,17514.0
2015-01-23 20:50:00,2047.75,2048.0,2045.75,2046.25,15436.0
2015-01-23 20:55:00,2046.25,2046.5,2044.0,2045.25,28015.0
2015-01-23 21:00:00,2045.0,2046.25,2044.75,2045.75,60351.0
2015-01-23 21:05:00,2045.5,2046.0,2044.5,2045.0,10044.0
2015-01-23 21:10:00,2045.0,2045.25,2044.25,2044.5,8769.0
2015-01-23 21:15:00,2044.5,2044.75,2043.5,2043.5,6963.0
2015-01-23 21:30:00,2044.0,2044.75,2043.75,2044.0,2405.0
2015-01-23 21:35:00,2044.0,2044.25,2043.75,2044.0,1087.0
2015-01-23 21:40:00,2043.75,2044.0,2043.0,2043.25,2219.0
2015-01-23 21:45:00,2043.5,2043.5,2042.75,2043.25,651.0
2015-01-23 21:50:00,2043.25,2043.75,2043.0,2043.5,1198.0
2015-01-23 21:55:00,2043.5,2044.0,2043.25,2043.75,572.0
2015-01-23 22:00:00,2043.5,2043.5,2043.25,2043.5,285.0
2015-01-23 22:05:00,2043.5,2043.5,2043.0,2043.5,412.0
2015-01-23 22:10:00,2043.25,2043.5,2042.75,2042.75,571.0
2015-01-23 22:15:00,2042.5,2043.25,2042.25,2043.25,661.0
2015-01-25 23:00:00,2035.0,2036.0,2028.25,2033.5,12868.0
2015-01-25 23:05:00,2033.5,2034.25,2032.25,2033.25,1623.0
2015-01-25 23:10:00,2033.5,2033.75,2032.25,2032.75,1087.0
2015-01-25 23:15:00,2032.75,2033.25,2032.25,2033.25,587.0
2015-01-25 23:20:00,2033.0,2033.75,2032.75,2033.25,428.0
2015-01-25 23:25:00,2033.5,2033.75,2032.25,2032.5,514.0
2015-01-25 23:30:00,2032.5,2033.25,2031.5,2033.0,886.0
2015-01-25 23:35:00,2032.75,2033.75,2032.5,2032.5,509.0
2015-01-25 23:40:00,2032.25,2032.75,2031.25,2031.25,836.0
2015-01-25 23:45:00,2031.25,2031.75,2027.5,2027.5,3459.0
2015-01-25 23:50:00,2027.5,2029.0,2027.25,2028.75,1778.0
2015-01-25 23:55:00,2029.0,2029.0,2025.5,2026.25,3767.0
2015-01-26 00:00:00,2026.5,2029.75,2026.25,2029.75,2624.0
2015-01-26 00:05:00,2030.0,2030.25,2027.75,2027.75,890.0
2015-01-26 00:10:00,2028.0,2028.5,2027.25,2027.5,1308.0
2015-01-26 00:15:00,2027.5,2031.0,2027.5,2030.75,2129.0
2015-01-26 00:20:00,2030.75,2032.0,2030.25,2031.0,1435.0
2015-01-26 00:25:00,2031.25,2032.0,2030.25,2030.75,818.0
2015-01-26 00:30:00,2030.5,2031.5,2030.25,2030.25,608.0
2015-01-26 00:35:00,2030.5,2032.25,2029.5,2031.75,1750.0
2015-01-26 00:40:00,2032.0,2033.25,2031.75,2033.0,819.0
2015-01-26 00:45:00,2033.0,2034.25,2033.0,2033.75,1035.0
2015-01-26 00:50:00,2033.75,2033.75,2033.0,2033.25,361.0
2015-01-26 00:55:00,2033.0,2033.0,2032.0,2032.5,378.0
2015-01-26 01:00:00,2032.25,2032.5,2031.25,2031.5,673.0
2015-01-26 01:05:00,2031.5,2032.0,2030.75,2030.75,484.0
2015-01-26 01:10:00,2030.5,2030.75,2029.5,2030.5,790.0
2015-01-26 01:15:00,2030.5,2031.0,2030.0,2030.75,460.0
2015-01-26 01:20:00,2030.75,2031.25,2030.5,2031.25,562.0
2015-01-26 01:25:00,2031.0,2031.25,2030.25,2030.5,188.0
2015-01-26 01:30:00,2030.75,2031.0,2030.5,2030.75,268.0
2015-01-26 01:35:00,2030.5,2031.0,2030.5,2030.75,443.0
2015-01-26 01:40:00,2030.75,2031.75,2030.75,2031.75,469.0
2015-01-26 01:45:00,2031.75,2032.75,2031.75,2032.75,598.0
2015-01-26 01:50:00,2032.75,2033.75,2032.75,2033.75,779.0
2015-01-26 01:55:00,2033.5,2033.5,2032.5,2033.0,422.0
2015-01-26 02:00:00,2033.0,2033.5,2032.5,2032.75,223.0
2015-01-26 02:05:00,2032.75,2033.0,2032.5,2032.75,92.0
2015-01-26 02:10:00,2032.75,2033.5,2032.5,2033.5,313.0
2015-01-26 02:15:00,2033.5,2033.75,2033.25,2033.25,319.0
2015-01-26 02:20:00,2033.25,2033.75,2033.0,2033.5,211.0
2015-01-26 02:25:00,2033.5,2034.0,2033.5,2033.75,436.0
2015-01-26 02:30:00,2033.5,2033.75,2033.0,2033.25,283.0
2015-01-26 02:35:00,2033.25,2033.5,2032.75,2033.25,249.0
2015-01-26 02:40:00,2033.25,2033.5,2033.25,2033.25,107.0
2015-01-26 02:45:00,2033.5,2033.5,2032.5,2032.5,399.0
2015-01-26 02:50:00,2032.75,2032.75,2031.5,2031.75,564.0
2015-01-26 02:55:00,2031.5,2031.75,2031.25,2031.25,345.0
2015-01-26 03:00:00,2031.25,2031.75,2031.0,2031.5,216.0
2015-01-26 03:05:00,2031.5,2032.25,2031.5,2032.0,261.0
2015-01-26 03:10:00,2032.25,2032.75,2032.25,2032.5,176.0
2015-01-26 03:15:00,2032.5,2032.5,2031.75,2032.0,180.0
2015-01-26 03:20:00,2032.0,2032.25,2032.0,2032.25,39.0
2015-01-26 03:25:00,2032.25,2032.75,2032.0,2032.75,152.0
2015-01-26 03:30:00,2032.75,2032.75,2031.5,2031.5,420.0
2015-01-26 03:35:00,2031.5,2031.5,2031.0,2031.0,318.0
2015-01-26 03:40:00,2031.0,2031.75,2031.0,2031.25,138.0
2015-01-26 03:45:00,2031.25,2031.5,2031.0,2031.25,99.0
2015-01-26 03:50:00,2031.0,2031.25,2031.0,2031.0,137.0
2015-01-26 03:55:00,2031.0,2031.0,2030.5,2030.75,230.0
2015-01-26 04:00:00,2030.75,2031.0,2030.5,2031.0,47.0
2015-01-26 04:05:00,2031.0,2031.25,2030.75,2031.25,123.0
2015-01-26 04:10:00,2031.25,2031.5,2031.0,2031.25,73.0
2015-01-26 04:15:00,2031.25,2031.5,2031.0,2031.5,96.0
2015-01-26 04:20:00,2031.5,2031.5,2031.25,2031.25,83.0
2015-01-26 04:25:00,2031.25,2031.75,2031.25,2031.5,93.0
2015-01-26 04:30:00,2031.5,2031.75,2030.75,2031.5,647.0
2015-01-26 04:35:00,2031.25,2031.25,2030.75,2031.25,126.0
2015-01-26 04:40:00,2031.25,2031.5,2030.5,2030.75,288.0
2015-01-26 04:45:00,2030.75,2031.25,2030.5,2031.25,368.0
2015-01-26 04:50:00,2031.25,2032.25,2031.25,2032.25,170.0
2015-01-26 04:55:00,2032.25,2033.25,2032.25,2033.25,326.0
2015-01-26 05:00:00,2033.25,2033.5,2033.0,2033.5,389.0
2015-01-26 05:05:00,2033.5,2033.75,2032.75,2033.75,265.0
2015-01-26 05:10:00,2033.75,2033.75,2032.75,2033.0,137.0
2015-01-26 05:15:00,2032.75,2033.25,2032.75,2033.0,126.0
2015-01-26 05:20:00,2033.0,2033.0,2032.25,2032.5,164.0
2015-01-26 05:25:00,2032.5,2033.0,2032.25,2032.5,98.0
2015-01-26 05:30:00,2032.5,2033.0,2031.5,2033.0,336.0
2015-01-26 05:35:00,2033.0,2033.0,2031.75,2032.5,380.0
2015-01-26 05:40:00,2032.25,2032.5,2032.0,2032.25,99.0
2015-01-26 05:45:00,2032.25,2032.25,2031.75,2032.0,139.0
2015-01-26 05:50:00,2032.0,2033.25,2032.0,2032.75,241.0
2015-01-26 05:55:00,2032.75,2033.75,2032.75,2033.5,240.0
2015-01-26 06:00:00,2033.5,2033.75,2033.25,2033.5,544.0
2015-01-26 06:05:00,2033.25,2033.5,2031.75,2031.75,422.0
2015-01-26 06:10:00,2031.75,2033.25,2031.75,2032.25,279.0
2015-01-26 06:15:00,2032.75,2033.75,2032.5,2033.5,171.0
2015-01-26 06:20:00,2033.75,2033.75,2033.25,2033.75,184.0
2015-01-26 06:25:00,2033.75,2033.75,2033.25,2033.5,146.0
2015-01-26 06:30:00,2033.5,2033.5,2032.0,2032.5,221.0
2015-01-26 06:35:00,2032.5,2032.5,2032.25,2032.5,100.0
2015-01-26 06:40:00,2032.25,2033.25,2032.0,2033.0,245.0
2015-01-26 06:45:00,2033.0,2034.0,2033.0,2033.5,341.0
2015-01-26 06:50:00,2033.75,2035.25,2033.5,2035.25,747.0
2015-01-26 06:55:00,2035.0,2035.75,2034.25,2034.75,510.0
2015-01-26 07:00:00,2034.75,2037.0,2034.5,2036.5,1983.0
2015-01-26 07:05:00,2036.5,2036.75,2035.75,2036.25,973.0
2015-01-26 07:10:00,2036.0,2036.5,2034.75,2036.25,668.0
2015-01-26 07:15:00,2036.25,2036.75,2034.25,2036.0,1040.0
2015-01-26 07:20:00,2036.25,2036.5,2034.25,2035.25,932.0
2015-01-26 07:25:00,2035.25,2036.0,2035.25,2035.5,650.0
2015-01-26 07:30:00,2035.25,2035.5,2034.75,2034.75,431.0
2015-01-26 07:35:00,2034.75,2035.5,2034.5,2034.5,452.0
2015-01-26 07:40:00,2034.75,2035.5,2034.5,2035.25,263.0
2015-01-26 07:45:00,2035.25,2036.0,2035.0,2035.25,361.0
2015-01-26 07:50:00,2035.5,2037.5,2035.5,2037.0,1479.0
2015-01-26 07:55:00,2036.75,2038.5,2036.75,2038.5,1139.0
2015-01-26 08:00:00,2038.5,2038.75,2037.5,2038.25,2246.0
2015-01-26 08:05:00,2038.0,2039.75,2037.75,2039.25,3388.0
2015-01-26 08:10:00,2039.25,2039.75,2038.0,2038.75,2233.0
2015-01-26 08:15:00,2038.75,2039.0,2037.0,2037.25,2406.0
2015-01-26 08:20:00,2037.0,2037.25,2035.25,2036.5,2544.0
2015-01-26 08:25:00,2036.5,2037.25,2035.75,2036.5,2237.0
2015-01-26 08:30:00,2036.5,2037.75,2035.25,2036.5,2803.0
2015-01-26 08:35:00,2036.25,2037.25,2036.0,2037.25,1697.0
2015-01-26 08:40:00,2037.25,2039.0,2037.0,2038.75,2848.0
2015-01-26 08:45:00,2038.75,2039.5,2038.25,2039.0,2395.0
2015-01-26 08:50:00,2039.25,2039.5,2036.75,2038.0,2343.0
2015-01-26 08:55:00,2038.0,2038.0,2036.0,2036.5,1521.0
2015-01-26 09:00:00,2036.5,2038.25,2036.25,2038.0,1495.0
2015-01-26 09:05:00,2038.0,2038.5,2037.25,2038.5,1476.0
2015-01-26 09:10:00,2038.75,2041.25,2038.5,2040.5,3538.0
2015-01-26 09:15:00,2040.75,2042.0,2039.5,2039.75,3593.0
2015-01-26 09:20:00,2039.75,2041.25,2038.75,2040.0,1727.0
2015-01-26 09:25:00,2039.75,2040.25,2039.0,2039.0,1372.0
2015-01-26 09:30:00,2039.25,2039.75,2036.25,2038.25,1998.0
2015-01-26 09:35:00,2038.25,2038.25,2035.5,2036.25,1636.0
2015-01-26 09:40:00,2036.0,2036.25,2035.5,2036.25,1278.0
2015-01-26 09:45:00,2036.25,2039.5,2036.0,2038.0,2806.0
2015-01-26 09:50:00,2038.0,2039.25,2038.0,2038.75,1034.0
2015-01-26 09:55:00,2039.0,2039.5,2038.0,2038.25,1050.0
2015-01-26 10:00:00,2038.25,2040.0,2038.25,2039.75,1366.0
2015-01-26 10:05:00,2039.75,2040.75,2039.5,2040.5,1458.0
2015-01-26 10:10:00,2040.5,2041.25,2039.75,2040.0,1383.0
2015-01-26 10:15:00,2039.75,2040.0,2038.75,2038.75,1327.0
2015-01-26 10:20:00,2038.75,2039.25,2038.0,2038.5,591.0
2015-01-26 10:25:00,2038.25,2038.75,2037.5,2037.75,737.0
2015-01-26 10:30:00,2037.5,2037.75,2036.75,2036.75,660.0
2015-01-26 10:35:00,2037.0,2038.75,2036.75,2038.5,1669.0
2015-01-26 10:40:00,2038.5,2039.5,2038.25,2038.75,896.0
2015-01-26 10:45:00,2039.0,2039.25,2038.75,2038.75,554.0
2015-01-26 10:50:00,2038.75,2038.75,2037.25,2037.25,866.0
2015-01-26 10:55:00,2037.5,2037.75,2037.25,2037.75,680.0
2015-01-26 11:00:00,2037.75,2038.75,2037.5,2038.0,1160.0
2015-01-26 11:05:00,2038.0,2038.25,2037.25,2037.5,873.0
2015-01-26 11:10:00,2037.25,2037.5,2036.75,2037.5,1409.0
2015-01-26 11:15:00,2037.75,2038.25,2036.75,2037.75,1323.0
2015-01-26 11:20:00,2037.5,2037.75,2035.75,2036.0,1248.0
2015-01-26 11:25:00,2036.25,2037.25,2036.0,2037.25,858.0
2015-01-26 11:30:00,2037.25,2037.25,2036.5,2036.75,687.0
2015-01-26 11:35:00,2036.5,2037.25,2036.25,2037.25,802.0
2015-01-26 11:40:00,2037.25,2037.5,2036.75,2037.25,598.0
2015-01-26 11:45:00,2037.0,2038.25,2037.0,2037.5,1096.0
2015-01-26 11:50:00,2037.75,2037.75,2036.75,2037.25,571.0
2015-01-26 11:55:00,2037.25,2037.75,2037.0,2037.25,997.0
2015-01-26 12:00:00,2037.25,2039.25,2037.25,2039.0,2035.0
2015-01-26 12:05:00,2039.25,2039.75,2038.5,2038.75,984.0
2015-01-26 12:10:00,2038.5,2038.75,2037.75,2038.0,958.0
2015-01-26 12:15:00,2038.25,2038.5,2037.5,2038.25,1053.0
2015-01-26 12:20:00,2038.25,2038.5,2038.0,2038.25,359.0
2015-01-26 12:25:00,2038.0,2039.25,2038.0,2038.0,1977.0
2015-01-26 12:30:00,2038.0,2039.0,2038.0,2038.25,718.0
2015-01-26 12:35:00,2038.5,2039.25,2038.25,2038.25,823.0
2015-01-26 12:40:00,2038.5,2040.5,2038.25,2040.5,1262.0
2015-01-26 12:45:00,2040.25,2041.5,2040.0,2041.25,2609.0
2015-01-26 12:50:00,2041.25,2042.5,2040.75,2040.75,2705.0
2015-01-26 12:55:00,2040.75,2043.25,2040.75,2042.75,2473.0
2015-01-26 13:00:00,2042.75,2043.25,2041.75,2042.5,2559.0
2015-01-26 13:05:00,2042.5,2043.5,2042.25,2042.5,1525.0
2015-01-26 13:10:00,2042.5,2042.5,2041.5,2042.0,1505.0
2015-01-26 13:15:00,2042.25,2042.5,2040.75,2040.75,2545.0
2015-01-26 13:20:00,2040.75,2042.0,2040.5,2041.75,2337.0
2015-01-26 13:25:00,2042.0,2042.25,2041.5,2042.25,929.0
2015-01-26 13:30:00,2042.25,2043.0,2041.5,2042.5,2982.0
2015-01-26 13:35:00,2042.75,2044.0,2042.5,2043.5,3838.0
2015-01-26 13:40:00,2043.75,2046.75,2043.75,2046.5,9491.0
2015-01-26 13:45:00,2046.5,2046.75,2045.75,2046.0,2871.0
2015-01-26 13:50:00,2046.25,2046.25,2044.75,2045.0,2980.0
2015-01-26 13:55:00,2045.0,2046.0,2044.75,2045.75,1947.0
2015-01-26 14:00:00,2045.75,2046.0,2045.25,2045.25,1828.0
2015-01-26 14:05:00,2045.25,2045.75,2044.0,2044.25,2407.0
2015-01-26 14:10:00,2044.25,2044.25,2043.0,2043.75,3775.0
2015-01-26 14:15:00,2043.5,2044.5,2043.5,2043.75,1646.0
2015-01-26 14:20:00,2043.5,2044.0,2042.5,2043.25,2549.0
2015-01-26 14:25:00,2043.25,2044.25,2043.0,2043.5,3471.0
2015-01-26 14:30:00,2043.25,2043.75,2038.25,2040.0,45790.0
2015-01-26 14:35:00,2040.0,2041.5,2037.5,2038.25,35316.0
2015-01-26 14:40:00,2038.25,2039.5,2036.75,2036.75,26452.0
2015-01-26 14:45:00,2036.75,2037.25,2034.5,2035.0,38755.0
2015-01-26 14:50:00,2035.25,2039.5,2034.75,2039.5,29346.0
2015-01-26 14:55:00,2039.25,2040.0,2037.0,2038.0,22843.0
2015-01-26 15:00:00,2037.75,2040.5,2037.75,2040.25,22755.0
2015-01-26 15:05:00,2040.0,2043.5,2039.75,2042.5,25216.0
2015-01-26 15:10:00,2042.75,2043.0,2040.5,2041.75,16703.0
2015-01-26 15:15:00,2041.75,2042.5,2039.25,2039.5,15175.0
2015-01-26 15:20:00,2039.5,2041.0,2039.25,2039.75,12044.0
2015-01-26 15:25:00,2040.0,2042.0,2039.5,2041.5,8801.0
2015-01-26 15:30:00,2041.5,2042.0,2039.75,2040.0,11890.0
2015-01-26 15:35:00,2040.0,2043.0,2039.75,2042.5,12834.0
2015-01-26 15:40:00,2042.5,2045.25,2041.75,2044.0,21536.0
2015-01-26 15:45:00,2044.25,2047.25,2044.0,2045.75,18308.0
2015-01-26 15:50:00,2046.0,2047.75,2045.75,2046.0,14702.0
2015-01-26 15:55:00,2046.25,2046.75,2045.25,2045.75,13769.0
2015-01-26 16:00:00,2045.75,2046.5,2044.75,2045.25,12728.0
2015-01-26 16:05:00,2045.25,2047.25,2044.5,2045.75,16615.0
2015-01-26 16:10:00,2045.5,2046.0,2044.5,2045.25,11611.0
2015-01-26 16:15:00,2045.25,2046.25,2044.0,2045.0,12575.0
2015-01-26 16:20:00,2044.75,2046.25,2044.25,2045.5,9619.0
2015-01-26 16:25:00,2045.5,2046.0,2042.75,2043.5,16802.0
2015-01-26 16:30:00,2043.5,2045.25,2043.25,2044.0,16020.0
2015-01-26 16:35:00,2044.0,2044.5,2042.25,2044.0,13594.0
2015-01-26 16:40:00,2043.75,2045.0,2043.0,2045.0,8338.0
2015-01-26 16:45:00,2044.75,2045.75,2044.5,2045.0,7981.0
2015-01-26 16:50:00,2045.0,2046.25,2045.0,2045.25,9551.0
2015-01-26 16:55:00,2045.5,2048.0,2045.5,2047.25,17288.0
2015-01-26 17:00:00,2047.25,2047.75,2046.25,2046.75,12077.0
2015-01-26 17:05:00,2046.75,2048.75,2046.5,2048.5,10354.0
2015-01-26 17:10:00,2048.5,2049.25,2048.0,2048.0,8540.0
2015-01-26 17:15:00,2048.0,2048.5,2047.5,2048.0,7971.0
2015-01-26 17:20:00,2048.25,2048.75,2047.0,2047.25,6827.0
2015-01-26 17:25:00,2047.5,2048.0,2046.75,2047.75,6541.0
2015-01-26 17:30:00,2047.5,2048.25,2047.0,2047.0,5190.0
2015-01-26 17:35:00,2047.0,2047.25,2044.25,2045.5,13557.0
2015-01-26 17:40:00,2045.25,2046.5,2045.25,2045.75,9830.0
2015-01-26 17:45:00,2045.75,2046.5,2044.75,2045.0,5101.0
2015-01-26 17:50:00,2045.0,2046.0,2044.75,2045.25,5380.0
2015-01-26 17:55:00,2045.5,2046.5,2045.5,2046.25,6865.0
2015-01-26 18:00:00,2046.25,2046.25,2044.75,2045.5,4938.0
2015-01-26 18:05:00,2045.75,2046.0,2044.75,2044.75,5810.0
2015-01-26 18:10:00,2044.75,2046.25,2044.25,2045.5,7782.0
2015-01-26 18:15:00,2045.5,2047.75,2045.5,2047.5,8266.0
2015-01-26 18:20:00,2047.5,2047.75,2046.5,2046.75,3997.0
2015-01-26 18:25:00,2046.75,2047.25,2046.25,2047.0,4566.0
2015-01-26 18:30:00,2047.0,2048.5,2046.25,2048.25,5880.0
2015-01-26 18:35:00,2048.0,2048.25,2047.0,2047.0,3882.0
2015-01-26 18:40:00,2047.25,2049.0,2047.0,2048.25,7955.0
2015-01-26 18:45:00,2048.5,2051.75,2047.75,2051.0,20812.0
2015-01-26 18:50:00,2051.0,2051.75,2050.75,2051.0,10828.0
2015-01-26 18:55:00,2051.25,2051.25,2050.0,2051.0,9642.0
2015-01-26 19:00:00,2051.0,2051.25,2050.0,2050.5,8044.0
2015-01-26 19:05:00,2050.5,2050.5,2049.0,2049.5,7994.0
2015-01-26 19:10:00,2049.5,2050.0,2047.25,2047.75,10107.0
2015-01-26 19:15:00,2047.75,2048.75,2047.5,2048.5,6640.0
2015-01-26 19:20:00,2048.5,2048.5,2047.25,2047.5,6173.0
2015-01-26 19:25:00,2047.5,2048.25,2047.0,2048.25,7765.0
2015-01-26 19:30:00,2048.25,2049.0,2048.0,2048.75,4944.0
2015-01-26 19:35:00,2048.75,2049.25,2048.25,2049.0,5698.0
2015-01-26 19:40:00,2049.0,2050.0,2048.75,2048.75,7694.0
2015-01-26 19:45:00,2048.75,2048.75,2046.25,2047.25,10617.0
2015-01-26 19:50:00,2047.25,2047.75,2046.5,2047.5,6548.0
2015-01-26 19:55:00,2047.25,2048.25,2047.0,2048.0,2769.0
2015-01-26 20:00:00,2048.0,2048.0,2046.25,2046.5,4970.0
2015-01-26 20:05:00,2046.5,2048.0,2046.25,2047.75,5574.0
2015-01-26 20:10:00,2047.5,2049.0,2047.25,2048.5,5082.0
2015-01-26 20:15:00,2048.5,2048.5,2045.25,2046.0,12896.0
2015-01-26 20:20:00,2046.0,2048.0,2046.0,2048.0,10392.0
2015-01-26 20:25:00,2048.0,2048.0,2046.75,2047.5,4334.0
2015-01-26 20:30:00,2047.5,2047.5,2046.25,2047.5,6210.0
2015-01-26 20:35:00,2047.25,2049.75,2046.5,2049.25,10065.0
2015-01-26 20:40:00,2049.0,2049.5,2047.75,2048.0,8041.0
2015-01-26 20:45:00,2048.0,2049.0,2047.5,2048.5,7369.0
2015-01-26 20:50:00,2048.75,2050.25,2048.25,2050.0,18297.0
2015-01-26 20:55:00,2050.0,2051.0,2049.25,2051.0,19265.0
2015-01-26 21:00:00,2050.75,2053.25,2050.0,2052.75,70194.0
2015-01-26 21:05:00,2052.5,2053.0,2051.75,2053.0,8877.0
2015-01-26 21:10:00,2052.75,2054.0,2052.5,2053.5,10803.0
2015-01-26 21:15:00,2053.5,2054.0,2053.25,2053.5,5674.0
2015-01-26 21:30:00,2053.75,2055.0,2053.5,2054.5,3569.0
2015-01-26 21:35:00,2054.5,2054.75,2054.0,2054.25,1349.0
2015-01-26 21:40:00,2054.25,2054.5,2054.0,2054.5,731.0
2015-01-26 21:45:00,2054.25,2054.5,2054.0,2054.25,392.0
2015-01-26 21:50:00,2054.0,2054.25,2053.75,2054.0,604.0
2015-01-26 21:55:00,2053.75,2054.75,2053.75,2054.5,845.0
2015-01-26 22:00:00,2054.5,2054.75,2054.25,2054.5,588.0
2015-01-26 22:05:00,2054.5,2054.75,2054.5,2054.75,193.0
2015-01-26 22:10:00,2054.75,2054.75,2054.25,2054.5,296.0
2015-01-26 22:15:00,2054.5,2054.75,2054.25,2054.5,213.0
2015-01-26 23:00:00,2054.0,2054.5,2053.75,2054.0,1237.0
2015-01-26 23:05:00,2054.0,2054.25,2053.75,2053.75,621.0
2015-01-26 23:10:00,2053.75,2054.25,2053.75,2053.75,329.0
2015-01-26 23:15:00,2053.75,2054.0,2053.75,2053.75,262.0
2015-01-26 23:20:00,2053.75,2054.0,2053.5,2053.75,222.0
2015-01-26 23:25:00,2053.75,2053.75,2053.5,2053.75,69.0
2015-01-26 23:30:00,2053.75,2054.0,2053.75,2053.75,86.0
2015-01-26 23:35:00,2053.75,2054.0,2053.75,2053.75,71.0
2015-01-26 23:40:00,2053.75,2054.0,2053.5,2053.75,106.0
2015-01-26 23:45:00,2053.75,2053.75,2053.5,2053.5,113.0
2015-01-26 23:50:00,2053.5,2053.75,2053.5,2053.5,169.0
2015-01-26 23:55:00,2053.5,2053.75,2053.5,2053.75,110.0
2015-01-27 00:00:00,2053.5,2053.75,2053.5,2053.5,608.0
2015-01-27 00:05:00,2053.5,2054.0,2053.5,2053.75,387.0
2015-01-27 00:10:00,2053.75,2054.0,2053.5,2053.5,178.0
2015-01-27 00:15:00,2053.5,2053.75,2053.25,2053.5,398.0
2015-01-27 00:20:00,2053.5,2053.75,2053.25,2053.75,94.0
2015-01-27 00:25:00,2053.5,2053.75,2053.25,2053.25,284.0
2015-01-27 00:30:00,2053.25,2053.75,2053.25,2053.5,285.0
2015-01-27 00:35:00,2053.5,2053.5,2053.25,2053.5,361.0
2015-01-27 00:40:00,2053.25,2053.5,2053.25,2053.25,158.0
2015-01-27 00:45:00,2053.25,2053.5,2053.25,2053.5,302.0
2015-01-27 00:50:00,2053.25,2053.5,2053.25,2053.25,173.0
2015-01-27 00:55:00,2053.25,2053.75,2053.25,2053.75,191.0
2015-01-27 01:00:00,2053.75,2054.0,2053.25,2053.25,402.0
2015-01-27 01:05:00,2053.5,2053.5,2053.25,2053.25,106.0
2015-01-27 01:10:00,2053.25,2053.75,2053.25,2053.5,71.0
2015-01-27 01:15:00,2053.5,2053.75,2053.5,2053.75,76.0
2015-01-27 01:20:00,2053.75,2053.75,2053.5,2053.75,31.0
2015-01-27 01:25:00,2053.75,2053.75,2053.5,2053.75,49.0
2015-01-27 01:30:00,2053.75,2053.75,2053.25,2053.25,162.0
2015-01-27 01:35:00,2053.5,2053.5,2053.25,2053.5,36.0
2015-01-27 01:40:00,2053.5,2053.5,2053.25,2053.25,387.0
2015-01-27 01:45:00,2053.5,2053.5,2053.25,2053.5,474.0
2015-01-27 01:50:00,2053.5,2053.5,2053.5,2053.5,29.0
2015-01-27 01:55:00,2053.25,2053.5,2053.25,2053.5,346.0
2015-01-27 02:00:00,2053.5,2053.5,2053.25,2053.5,35.0
2015-01-27 02:05:00,2053.5,2053.5,2053.0,2053.0,246.0
2015-01-27 02:10:00,2053.0,2053.25,2052.75,2053.0,1223.0
2015-01-27 02:15:00,2053.0,2053.25,2052.75,2053.0,214.0
2015-01-27 02:20:00,2053.0,2053.0,2052.75,2052.75,575.0
2015-01-27 02:25:00,2052.75,2053.0,2052.75,2053.0,31.0
2015-01-27 02:30:00,2053.0,2053.0,2052.75,2053.0,26.0
2015-01-27 02:35:00,2053.0,2053.0,2052.75,2053.0,41.0
2015-01-27 02:40:00,2052.75,2053.0,2052.75,2052.75,84.0
2015-01-27 02:45:00,2053.0,2053.0,2052.75,2053.0,179.0
2015-01-27 02:50:00,2053.0,2053.25,2053.0,2053.0,121.0
2015-01-27 02:55:00,2053.0,2053.25,2053.0,2053.0,27.0
2015-01-27 03:00:00,2053.0,2053.25,2053.0,2053.0,9.0
2015-01-27 03:05:00,2053.25,2053.25,2053.0,2053.0,91.0
2015-01-27 03:10:00,2053.25,2053.25,2053.25,2053.25,78.0
2015-01-27 03:15:00,2053.0,2053.5,2053.0,2053.25,44.0
2015-01-27 03:20:00,2053.25,2053.5,2053.25,2053.25,141.0
2015-01-27 03:25:00,2053.25,2053.5,2052.75,2052.75,661.0
2015-01-27 03:30:00,2053.0,2053.25,2052.75,2053.0,306.0
2015-01-27 03:35:00,2053.0,2053.25,2052.75,2053.0,73.0
2015-01-27 03:40:00,2053.0,2053.0,2052.75,2053.0,88.0
2015-01-27 03:45:00,2052.75,2053.0,2052.75,2053.0,408.0
2015-01-27 03:50:00,2052.75,2053.0,2052.75,2053.0,63.0
2015-01-27 03:55:00,2052.75,2053.0,2052.5,2052.5,573.0
2015-01-27 04:00:00,2052.5,2052.75,2052.5,2052.75,111.0
2015-01-27 04:05:00,2052.5,2052.75,2052.25,2052.25,129.0
2015-01-27 04:10:00,2052.25,2052.5,2052.25,2052.5,73.0
2015-01-27 04:15:00,2052.5,2052.5,2052.0,2052.0,672.0
2015-01-27 04:20:00,2052.0,2052.5,2052.0,2052.25,75.0
2015-01-27 04:25:00,2052.5,2052.75,2052.25,2052.5,137.0
2015-01-27 04:30:00,2052.75,2052.75,2052.25,2052.25,40.0
2015-01-27 04:35:00,2052.5,2052.5,2052.25,2052.5,60.0
2015-01-27 04:40:00,2052.5,2052.75,2052.25,2052.5,230.0
2015-01-27 04:45:00,2052.5,2053.5,2052.5,2053.5,449.0
2015-01-27 04:50:00,2053.5,2053.5,2053.25,2053.25,251.0
2015-01-27 04:55:00,2053.25,2053.5,2053.0,2053.0,72.0
2015-01-27 05:00:00,2053.0,2053.25,2052.75,2052.75,88.0
2015-01-27 05:05:00,2052.75,2053.25,2052.75,2052.75,87.0
2015-01-27 05:10:00,2052.75,2053.25,2052.5,2052.75,244.0
2015-01-27 05:15:00,2052.75,2053.0,2052.5,2052.75,920.0
2015-01-27 05:20:00,2053.0,2053.25,2052.75,2053.0,215.0
2015-01-27 05:25:00,2052.75,2053.25,2052.75,2052.75,262.0
2015-01-27 05:30:00,2052.5,2052.75,2052.25,2052.25,317.0
2015-01-27 05:35:00,2052.25,2052.75,2052.25,2052.5,115.0
2015-01-27 05:40:00,2052.5,2052.75,2052.5,2052.5,15.0
2015-01-27 05:45:00,2052.75,2052.75,2052.5,2052.5,151.0
2015-01-27 05:50:00,2052.75,2053.25,2052.75,2053.0,75.0
2015-01-27 05:55:00,2053.25,2054.75,2053.0,2054.5,898.0
2015-01-27 06:00:00,2054.5,2054.75,2054.25,2054.5,393.0
2015-01-27 06:05:00,2054.5,2054.5,2054.25,2054.25,133.0
2015-01-27 06:10:00,2054.25,2054.5,2054.0,2054.25,214.0
2015-01-27 06:15:00,2054.0,2054.0,2053.75,2054.0,220.0
2015-01-27 06:20:00,2054.0,2054.5,2054.0,2054.5,221.0
2015-01-27 06:25:00,2054.25,2054.5,2053.75,2054.0,196.0
2015-01-27 06:30:00,2053.75,2054.0,2053.5,2053.75,198.0
2015-01-27 06:35:00,2053.75,2054.0,2053.5,2054.0,92.0
2015-01-27 06:40:00,2054.0,2054.0,2052.5,2052.75,958.0
2015-01-27 06:45:00,2052.75,2052.75,2052.25,2052.75,526.0
2015-01-27 06:50:00,2052.5,2053.0,2052.25,2053.0,490.0
2015-01-27 06:55:00,2053.25,2053.75,2053.0,2053.5,262.0
2015-01-27 07:00:00,2053.25,2053.25,2051.75,2052.5,1078.0
2015-01-27 07:05:00,2052.25,2052.5,2051.75,2052.0,442.0
2015-01-27 07:10:00,2052.0,2052.0,2051.5,2051.75,566.0
2015-01-27 07:15:00,2052.0,2052.0,2051.5,2051.5,718.0
2015-01-27 07:20:00,2051.75,2052.5,2051.5,2051.75,496.0
2015-01-27 07:25:00,2051.75,2052.5,2051.5,2052.5,687.0
2015-01-27 07:30:00,2052.5,2052.5,2051.5,2051.5,227.0
2015-01-27 07:35:00,2051.75,2051.75,2051.25,2051.5,707.0
2015-01-27 07:40:00,2051.75,2052.0,2051.25,2051.75,550.0
2015-01-27 07:45:00,2051.75,2052.0,2051.5,2051.5,396.0
2015-01-27 07:50:00,2051.75,2051.75,2051.25,2051.75,276.0
2015-01-27 07:55:00,2051.75,2051.75,2051.0,2051.0,464.0
2015-01-27 08:00:00,2051.0,2051.25,2050.0,2051.0,2120.0
2015-01-27 08:05:00,2051.0,2051.25,2050.0,2050.25,1713.0
2015-01-27 08:10:00,2050.25,2050.25,2048.5,2049.25,3199.0
2015-01-27 08:15:00,2049.25,2050.25,2049.25,2049.5,1636.0
2015-01-27 08:20:00,2049.75,2051.25,2049.5,2051.25,1311.0
2015-01-27 08:25:00,2051.25,2053.75,2051.25,2053.0,2495.0
2015-01-27 08:30:00,2053.0,2053.5,2052.0,2052.25,1027.0
2015-01-27 08:35:00,2052.0,2052.25,2050.75,2051.0,1282.0
2015-01-27 08:40:00,2051.0,2051.5,2050.75,2050.75,1000.0
2015-01-27 08:45:00,2050.75,2051.25,2050.0,2050.5,1317.0
2015-01-27 08:50:00,2050.75,2050.75,2047.0,2048.25,3888.0
2015-01-27 08:55:00,2048.5,2049.0,2048.25,2048.75,969.0
2015-01-27 09:00:00,2048.75,2048.75,2046.75,2047.75,2478.0
2015-01-27 09:05:00,2047.5,2047.5,2046.0,2046.75,1880.0
2015-01-27 09:10:00,2046.75,2047.5,2046.25,2046.75,1049.0
2015-01-27 09:15:00,2046.75,2048.25,2046.75,2048.0,813.0
2015-01-27 09:20:00,2048.0,2048.25,2047.0,2048.0,864.0
2015-01-27 09:25:00,2048.0,2048.0,2046.5,2046.75,642.0
2015-01-27 09:30:00,2046.75,2047.75,2046.5,2047.5,891.0
2015-01-27 09:35:00,2047.5,2047.75,2047.25,2047.5,475.0
2015-01-27 09:40:00,2047.5,2048.0,2047.0,2047.25,472.0
2015-01-27 09:45:00,2047.25,2047.25,2045.25,2045.25,1189.0
2015-01-27 09:50:00,2045.5,2046.25,2045.25,2046.25,1069.0
2015-01-27 09:55:00,2046.0,2046.25,2045.25,2045.25,589.0
2015-01-27 10:00:00,2045.5,2046.25,2045.5,2046.0,658.0
2015-01-27 10:05:00,2046.0,2047.75,2046.0,2047.25,1073.0
2015-01-27 10:10:00,2047.25,2047.5,2046.75,2047.25,477.0
2015-01-27 10:15:00,2047.25,2047.25,2046.25,2046.5,351.0
2015-01-27 10:20:00,2046.25,2046.5,2045.75,2046.5,489.0
2015-01-27 10:25:00,2046.25,2046.75,2046.0,2046.5,750.0
2015-01-27 10:30:00,2046.5,2047.0,2046.5,2046.75,503.0
2015-01-27 10:35:00,2046.75,2047.0,2046.25,2046.75,382.0
2015-01-27 10:40:00,2046.75,2047.25,2046.5,2047.0,593.0
2015-01-27 10:45:00,2046.75,2047.0,2046.0,2046.25,498.0
2015-01-27 10:50:00,2046.25,2046.25,2045.5,2045.5,546.0
2015-01-27 10:55:00,2045.25,2045.5,2044.5,2044.75,1759.0
2015-01-27 11:00:00,2045.0,2045.25,2043.5,2044.25,1604.0
2015-01-27 11:05:00,2044.5,2046.0,2044.5,2045.75,1325.0
2015-01-27 11:10:00,2045.75,2045.75,2045.0,2045.5,262.0
2015-01-27 11:15:00,2045.25,2045.5,2044.25,2044.25,1070.0
2015-01-27 11:20:00,2044.5,2044.5,2043.5,2044.0,1031.0
2015-01-27 11:25:00,2044.0,2044.25,2042.25,2042.25,2020.0
2015-01-27 11:30:00,2042.25,2043.0,2042.0,2042.25,2494.0
2015-01-27 11:35:00,2042.25,2043.5,2042.0,2043.25,1193.0
2015-01-27 11:40:00,2043.5,2044.25,2043.25,2043.5,1029.0
2015-01-27 11:45:00,2043.5,2044.0,2042.0,2042.75,1712.0
2015-01-27 11:50:00,2042.75,2043.75,2042.25,2042.25,1741.0
2015-01-27 11:55:00,2042.25,2043.75,2042.0,2043.5,880.0
2015-01-27 12:00:00,2043.75,2044.25,2041.0,2041.0,3023.0
2015-01-27 12:05:00,2041.0,2042.5,2040.0,2042.25,4457.0
2015-01-27 12:10:00,2042.5,2043.0,2041.5,2043.0,1278.0
2015-01-27 12:15:00,2042.75,2043.0,2041.75,2042.5,851.0
2015-01-27 12:20:00,2042.5,2043.5,2042.25,2042.75,1198.0
2015-01-27 12:25:00,2043.0,2043.5,2042.75,2043.0,1092.0
2015-01-27 12:30:00,2042.75,2043.0,2040.25,2041.0,5063.0
2015-01-27 12:35:00,2040.75,2042.0,2040.75,2041.5,1796.0
2015-01-27 12:40:00,2041.75,2041.75,2038.0,2038.5,5437.0
2015-01-27 12:45:00,2038.25,2039.0,2036.75,2037.0,6142.0
2015-01-27 12:50:00,2036.75,2037.75,2036.75,2037.5,2216.0
2015-01-27 12:55:00,2037.5,2038.5,2037.5,2038.25,2246.0
2015-01-27 13:00:00,2038.0,2038.5,2036.0,2036.5,6153.0
2015-01-27 13:05:00,2036.5,2036.5,2033.25,2034.0,8518.0
2015-01-27 13:10:00,2033.75,2034.25,2031.5,2033.5,8141.0
2015-01-27 13:15:00,2033.5,2033.75,2032.5,2033.0,3414.0
2015-01-27 13:20:00,2033.25,2034.25,2032.5,2034.0,3820.0
2015-01-27 13:25:00,2034.0,2034.0,2031.25,2032.0,6107.0
2015-01-27 13:30:00,2032.0,2033.0,2027.5,2028.25,12935.0
2015-01-27 13:35:00,2028.25,2029.25,2025.25,2027.5,15171.0
2015-01-27 13:40:00,2027.5,2030.0,2027.0,2028.5,10643.0
2015-01-27 13:45:00,2028.5,2029.5,2027.5,2028.75,7823.0
2015-01-27 13:50:00,2028.75,2030.75,2028.5,2029.25,7568.0
2015-01-27 13:55:00,2029.25,2030.0,2028.5,2028.75,3379.0
2015-01-27 14:00:00,2029.0,2029.25,2027.25,2027.25,6946.0
2015-01-27 14:05:00,2027.5,2029.0,2027.25,2028.5,8564.0
2015-01-27 14:10:00,2028.5,2030.25,2028.0,2029.0,12736.0
2015-01-27 14:15:00,2029.0,2029.25,2026.5,2027.0,6423.0
2015-01-27 14:20:00,2027.25,2027.5,2025.75,2026.0,8503.0
2015-01-27 14:25:00,2025.75,2026.75,2025.0,2025.75,7911.0
2015-01-27 14:30:00,2025.75,2027.25,2023.5,2026.75,55463.0
2015-01-27 14:35:00,2026.75,2027.75,2021.5,2027.75,59685.0
2015-01-27 14:40:00,2027.5,2029.75,2025.5,2027.25,38530.0
2015-01-27 14:45:00,2027.0,2028.75,2025.0,2028.5,28851.0
2015-01-27 14:50:00,2028.5,2028.5,2022.75,2024.0,38776.0
2015-01-27 14:55:00,2023.75,2025.25,2022.75,2024.25,26525.0
2015-01-27 15:00:00,2024.0,2027.25,2022.25,2023.25,50875.0
2015-01-27 15:05:00,2023.25,2028.25,2023.0,2026.5,31189.0
2015-01-27 15:10:00,2026.5,2028.0,2023.75,2025.5,37620.0
2015-01-27 15:15:00,2025.5,2025.75,2022.75,2024.25,21871.0
2015-01-27 15:20:00,2024.25,2025.5,2021.75,2023.5,31349.0
2015-01-27 15:25:00,2023.75,2026.25,2021.75,2024.25,23658.0
2015-01-27 15:30:00,2024.25,2024.75,2018.75,2019.75,36932.0
2015-01-27 15:35:00,2020.0,2020.0,2016.5,2018.25,32954.0
2015-01-27 15:40:00,2018.25,2019.0,2014.25,2015.0,42835.0
2015-01-27 15:45:00,2015.0,2015.5,2013.25,2015.5,30873.0
2015-01-27 15:50:00,2015.5,2016.5,2014.75,2016.25,23962.0
2015-01-27 15:55:00,2016.25,2018.25,2016.0,2017.5,23249.0
2015-01-27 16:00:00,2017.5,2018.75,2016.5,2016.75,24359.0
2015-01-27 16:05:00,2016.75,2018.75,2016.5,2018.25,17493.0
2015-01-27 16:10:00,2018.5,2020.0,2017.75,2018.5,24396.0
2015-01-27 16:15:00,2018.5,2020.5,2018.25,2019.25,22002.0
2015-01-27 16:20:00,2019.25,2020.75,2018.75,2019.5,15517.0
2015-01-27 16:25:00,2019.5,2020.0,2017.0,2019.75,16910.0
2015-01-27 16:30:00,2019.75,2023.5,2019.5,2022.0,32617.0
2015-01-27 16:35:00,2021.75,2024.0,2021.5,2023.0,17362.0
2015-01-27 16:40:00,2023.0,2023.0,2021.25,2021.75,14150.0
2015-01-27 16:45:00,2021.5,2023.0,2021.0,2023.0,11305.0
2015-01-27 16:50:00,2023.0,2025.25,2022.75,2023.5,18149.0
2015-01-27 16:55:00,2023.5,2023.75,2021.0,2021.5,14565.0
2015-01-27 17:00:00,2021.5,2021.75,2020.0,2020.75,13749.0
2015-01-27 17:05:00,2021.0,2021.75,2019.75,2021.5,14229.0
2015-01-27 17:10:00,2021.5,2022.25,2021.0,2021.75,10761.0
2015-01-27 17:15:00,2021.75,2022.75,2020.25,2022.25,11227.0
2015-01-27 17:20:00,2022.25,2022.5,2021.0,2022.0,11464.0
2015-01-27 17:25:00,2022.0,2026.5,2021.5,2026.0,18605.0
2015-01-27 17:30:00,2026.25,2027.25,2025.75,2026.5,20152.0
2015-01-27 17:35:00,2026.5,2027.75,2025.75,2026.25,13920.0
2015-01-27 17:40:00,2026.25,2027.5,2026.0,2027.25,11036.0
2015-01-27 17:45:00,2027.0,2027.25,2025.25,2025.25,6624.0
2015-01-27 17:50:00,2025.5,2026.0,2024.75,2026.0,10521.0
2015-01-27 17:55:00,2026.0,2027.5,2026.0,2027.25,9315.0
2015-01-27 18:00:00,2027.25,2029.5,2026.5,2026.75,18337.0
2015-01-27 18:05:00,2026.75,2027.5,2026.25,2026.75,7609.0
2015-01-27 18:10:00,2027.0,2028.25,2027.0,2027.5,6854.0
2015-01-27 18:15:00,2027.75,2031.75,2027.5,2031.25,18736.0
2015-01-27 18:20:00,2031.5,2033.0,2030.25,2032.0,21432.0
2015-01-27 18:25:00,2032.0,2032.25,2031.0,2031.75,8801.0
2015-01-27 18:30:00,2031.75,2033.5,2031.75,2032.0,13816.0
2015-01-27 18:35:00,2032.0,2032.5,2030.75,2032.0,17400.0
2015-01-27 18:40:00,2032.25,2032.75,2029.75,2030.0,15845.0
2015-01-27 18:45:00,2030.0,2030.5,2028.75,2029.75,13161.0
2015-01-27 18:50:00,2029.75,2030.25,2028.75,2029.5,6339.0
2015-01-27 18:55:00,2029.5,2029.75,2027.75,2029.5,9506.0
2015-01-27 19:00:00,2029.25,2031.0,2028.75,2029.75,9937.0
2015-01-27 19:05:00,2029.75,2031.75,2029.5,2030.75,8688.0
2015-01-27 19:10:00,2031.0,2032.0,2029.5,2031.0,10607.0
2015-01-27 19:15:00,2030.75,2033.5,2030.5,2033.0,11763.0
2015-01-27 19:20:00,2033.25,2036.5,2032.75,2035.75,23087.0
2015-01-27 19:25:00,2035.5,2037.0,2034.75,2036.0,15614.0
2015-01-27 19:30:00,2036.0,2036.5,2034.25,2035.0,14726.0
2015-01-27 19:35:00,2035.0,2035.25,2033.25,2035.25,11056.0
2015-01-27 19:40:00,2035.25,2036.0,2033.5,2034.5,9442.0
2015-01-27 19:45:00,2034.5,2035.5,2033.25,2033.75,6937.0
2015-01-27 19:50:00,2033.75,2036.25,2033.5,2034.75,9403.0
2015-01-27 19:55:00,2034.75,2034.75,2030.0,2030.5,20536.0
2015-01-27 20:00:00,2030.5,2032.0,2029.75,2031.5,12171.0
2015-01-27 20:05:00,2031.5,2031.75,2029.0,2030.75,16284.0
2015-01-27 20:10:00,2030.5,2032.0,2030.25,2031.0,6804.0
2015-01-27 20:15:00,2031.0,2031.25,2029.25,2029.75,12532.0
2015-01-27 20:20:00,2029.75,2029.75,2026.25,2026.75,21398.0
2015-01-27 20:25:00,2026.75,2027.75,2025.75,2026.0,10257.0
2015-01-27 20:30:00,2025.75,2027.25,2024.25,2026.75,18264.0
2015-01-27 20:35:00,2026.5,2027.25,2023.5,2024.75,20274.0
2015-01-27 20:40:00,2024.75,2027.75,2024.75,2026.75,15919.0
2015-01-27 20:45:00,2027.0,2028.0,2025.5,2025.75,12921.0
2015-01-27 20:50:00,2025.75,2026.0,2022.25,2022.5,23774.0
2015-01-27 20:55:00,2022.5,2025.0,2022.25,2023.25,27846.0
2015-01-27 21:00:00,2023.0,2026.75,2022.0,2026.0,77075.0
2015-01-27 21:05:00,2026.0,2029.0,2026.0,2029.0,22145.0
2015-01-27 21:10:00,2029.0,2031.25,2028.5,2031.0,14927.0
2015-01-27 21:15:00,2030.75,2031.25,2028.75,2029.0,10656.0
2015-01-27 21:30:00,2030.0,2035.75,2030.0,2035.25,9251.0
2015-01-27 21:35:00,2035.25,2037.25,2034.5,2037.25,5903.0
2015-01-27 21:40:00,2037.25,2039.0,2036.75,2037.5,6445.0
2015-01-27 21:45:00,2037.25,2037.5,2035.5,2036.0,2311.0
2015-01-27 21:50:00,2036.0,2037.25,2035.75,2037.0,980.0
2015-01-27 21:55:00,2037.0,2038.75,2037.0,2037.75,2554.0
2015-01-27 22:00:00,2037.5,2037.75,2036.25,2036.5,702.0
2015-01-27 22:05:00,2036.5,2036.75,2035.75,2035.75,739.0
2015-01-27 22:10:00,2035.75,2036.5,2035.5,2035.75,480.0
2015-01-27 22:15:00,2035.75,2037.0,2035.75,2036.5,455.0
2015-01-27 23:00:00,2036.5,2037.5,2034.5,2034.75,2053.0
2015-01-27 23:05:00,2035.0,2035.5,2034.0,2035.25,837.0
2015-01-27 23:10:00,2035.5,2035.75,2035.0,2035.0,311.0
2015-01-27 23:15:00,2035.0,2035.0,2034.5,2034.75,409.0
2015-01-27 23:20:00,2034.75,2035.0,2034.5,2034.75,117.0
2015-01-27 23:25:00,2034.75,2035.75,2034.75,2035.5,311.0
2015-01-27 23:30:00,2035.5,2035.5,2034.5,2035.25,301.0
2015-01-27 23:35:00,2035.25,2036.5,2035.25,2036.25,623.0
2015-01-27 23:40:00,2036.0,2036.5,2036.0,2036.25,156.0
2015-01-27 23:45:00,2036.0,2036.25,2035.0,2035.25,283.0
2015-01-27 23:50:00,2035.25,2035.25,2034.5,2035.0,248.0
2015-01-27 23:55:00,2035.25,2035.5,2034.75,2034.75,463.0
2015-01-28 00:00:00,2034.5,2035.5,2034.25,2034.5,921.0
2015-01-28 00:05:00,2034.75,2035.25,2034.25,2034.5,707.0
2015-01-28 00:10:00,2034.5,2034.75,2033.5,2033.5,959.0
2015-01-28 00:15:00,2033.5,2033.75,2032.75,2033.25,650.0
2015-01-28 00:20:00,2033.25,2034.5,2033.25,2034.25,635.0
2015-01-28 00:25:00,2034.25,2034.5,2034.0,2034.25,169.0
2015-01-28 00:30:00,2034.25,2034.5,2033.75,2033.75,215.0
2015-01-28 00:35:00,2033.5,2034.0,2033.5,2033.75,536.0
2015-01-28 00:40:00,2033.75,2034.0,2033.25,2033.5,289.0
2015-01-28 00:45:00,2033.5,2034.0,2033.5,2034.0,211.0
2015-01-28 00:50:00,2034.0,2035.0,2034.0,2034.75,826.0
2015-01-28 00:55:00,2034.75,2035.25,2034.25,2035.0,227.0
2015-01-28 01:00:00,2035.0,2036.75,2035.0,2036.5,878.0
2015-01-28 01:05:00,2036.5,2037.25,2036.25,2036.25,763.0
2015-01-28 01:10:00,2036.5,2036.75,2036.25,2036.5,492.0
2015-01-28 01:15:00,2036.5,2036.75,2036.0,2036.5,324.0
2015-01-28 01:20:00,2036.5,2036.75,2036.0,2036.0,198.0
2015-01-28 01:25:00,2036.0,2036.25,2035.5,2036.0,519.0
2015-01-28 01:30:00,2036.0,2036.75,2035.75,2036.5,335.0
2015-01-28 01:35:00,2036.75,2037.25,2036.25,2037.0,458.0
2015-01-28 01:40:00,2037.0,2037.25,2036.25,2036.5,250.0
2015-01-28 01:45:00,2036.25,2036.5,2035.25,2035.25,522.0
2015-01-28 01:50:00,2035.5,2035.5,2034.75,2035.0,357.0
2015-01-28 01:55:00,2035.0,2036.0,2035.0,2036.0,290.0
2015-01-28 02:00:00,2035.75,2036.0,2035.25,2035.5,158.0
2015-01-28 02:05:00,2035.5,2035.5,2035.0,2035.25,266.0
2015-01-28 02:10:00,2035.25,2035.25,2035.0,2035.25,211.0
2015-01-28 02:15:00,2035.25,2035.25,2035.0,2035.0,123.0
2015-01-28 02:20:00,2035.0,2035.75,2034.5,2035.75,388.0
2015-01-28 02:25:00,2035.5,2036.25,2035.25,2036.0,399.0
2015-01-28 02:30:00,2036.0,2036.25,2035.75,2035.75,65.0
2015-01-28 02:35:00,2036.0,2036.0,2035.5,2035.75,79.0
2015-01-28 02:40:00,2035.75,2036.0,2035.5,2035.75,60.0
2015-01-28 02:45:00,2035.75,2036.0,2035.0,2035.75,369.0
2015-01-28 02:50:00,2035.75,2036.0,2035.75,2036.0,79.0
2015-01-28 02:55:00,2036.0,2036.75,2035.75,2036.5,304.0
2015-01-28 03:00:00,2036.75,2037.0,2036.25,2036.25,167.0
2015-01-28 03:05:00,2036.0,2037.0,2035.75,2037.0,234.0
2015-01-28 03:10:00,2037.0,2038.0,2036.75,2037.75,492.0
2015-01-28 03:15:00,2037.75,2038.0,2037.25,2037.25,159.0
2015-01-28 03:20:00,2037.5,2037.75,2037.25,2037.5,144.0
2015-01-28 03:25:00,2037.75,2038.25,2037.5,2037.75,437.0
2015-01-28 03:30:00,2037.75,2040.5,2037.5,2040.5,2062.0
2015-01-28 03:35:00,2040.5,2041.25,2040.0,2040.75,1128.0
2015-01-28 03:40:00,2040.75,2042.0,2040.75,2041.5,1828.0
2015-01-28 03:45:00,2041.25,2042.25,2041.25,2042.0,758.0
2015-01-28 03:50:00,2042.0,2043.25,2041.75,2043.0,1029.0
2015-01-28 03:55:00,2043.25,2045.5,2043.25,2045.25,2838.0
2015-01-28 04:00:00,2045.5,2045.75,2043.75,2044.0,1184.0
2015-01-28 04:05:00,2044.25,2046.25,2044.0,2045.25,1066.0
2015-01-28 04:10:00,2045.25,2046.5,2045.25,2046.0,1140.0
2015-01-28 04:15:00,2046.25,2046.25,2044.75,2044.75,1003.0
2015-01-28 04:20:00,2045.0,2045.25,2044.5,2044.75,609.0
2015-01-28 04:25:00,2044.75,2044.75,2044.25,2044.5,490.0
2015-01-28 04:30:00,2044.75,2045.0,2044.5,2044.75,543.0
2015-01-28 04:35:00,2044.5,2045.0,2044.5,2044.5,114.0
2015-01-28 04:40:00,2044.5,2045.0,2044.5,2044.75,195.0
2015-01-28 04:45:00,2044.75,2045.0,2043.75,2044.5,367.0
2015-01-28 04:50:00,2044.5,2045.0,2043.5,2043.5,621.0
2015-01-28 04:55:00,2043.5,2043.75,2043.25,2043.25,509.0
2015-01-28 05:00:00,2043.5,2044.25,2043.5,2044.25,477.0
2015-01-28 05:05:00,2044.25,2044.75,2044.25,2044.75,370.0
2015-01-28 05:10:00,2044.5,2044.75,2044.25,2044.5,137.0
2015-01-28 05:15:00,2044.25,2044.5,2043.75,2044.25,343.0
2015-01-28 05:20:00,2044.25,2044.5,2043.75,2043.75,201.0
2015-01-28 05:25:00,2043.75,2044.75,2043.5,2044.75,208.0
2015-01-28 05:30:00,2044.75,2044.75,2044.25,2044.75,230.0
2015-01-28 05:35:00,2044.75,2044.75,2044.25,2044.25,176.0
2015-01-28 05:40:00,2044.25,2044.5,2044.0,2044.25,128.0
2015-01-28 05:45:00,2044.25,2044.5,2044.0,2044.25,324.0
2015-01-28 05:50:00,2044.25,2044.25,2043.25,2043.5,346.0
2015-01-28 05:55:00,2043.5,2043.75,2042.75,2043.5,367.0
2015-01-28 06:00:00,2043.5,2043.75,2042.0,2042.0,645.0
2015-01-28 06:05:00,2042.25,2042.25,2042.0,2042.0,221.0
2015-01-28 06:10:00,2042.25,2042.5,2042.0,2042.0,133.0
2015-01-28 06:15:00,2042.0,2044.25,2042.0,2043.75,584.0
2015-01-28 06:20:00,2043.75,2044.0,2043.25,2043.5,126.0
2015-01-28 06:25:00,2043.5,2043.75,2043.0,2043.25,98.0
2015-01-28 06:30:00,2043.25,2043.5,2042.5,2042.5,290.0
2015-01-28 06:35:00,2042.5,2042.5,2041.5,2042.0,467.0
2015-01-28 06:40:00,2041.75,2042.0,2041.75,2042.0,121.0
2015-01-28 06:45:00,2042.0,2042.25,2041.75,2042.0,156.0
2015-01-28 06:50:00,2042.0,2043.0,2042.0,2043.0,202.0
2015-01-28 06:55:00,2043.0,2043.0,2042.5,2042.5,200.0
2015-01-28 07:00:00,2042.5,2043.25,2041.75,2042.5,1051.0
2015-01-28 07:05:00,2042.5,2043.5,2042.5,2043.5,484.0
2015-01-28 07:10:00,2043.75,2044.0,2043.25,2043.75,585.0
2015-01-28 07:15:00,2044.0,2044.25,2042.75,2043.0,608.0
2015-01-28 07:20:00,2043.0,2043.25,2042.75,2042.75,329.0
2015-01-28 07:25:00,2042.75,2043.25,2042.5,2043.0,470.0
2015-01-28 07:30:00,2043.0,2044.5,2042.5,2044.5,723.0
2015-01-28 07:35:00,2044.5,2045.25,2044.25,2044.25,1169.0
2015-01-28 07:40:00,2044.0,2044.0,2042.75,2043.25,628.0
2015-01-28 07:45:00,2043.5,2043.75,2043.0,2043.5,434.0
2015-01-28 07:50:00,2043.5,2044.0,2043.5,2043.75,516.0
2015-01-28 07:55:00,2043.75,2043.75,2041.75,2042.75,981.0
2015-01-28 08:00:00,2042.5,2042.5,2041.0,2042.0,2412.0
2015-01-28 08:05:00,2042.25,2043.5,2040.0,2040.25,2513.0
2015-01-28 08:10:00,2040.25,2041.25,2039.75,2040.5,2052.0
2015-01-28 08:15:00,2040.5,2040.75,2038.75,2038.75,2960.0
2015-01-28 08:20:00,2038.75,2038.75,2037.5,2038.5,2324.0
2015-01-28 08:25:00,2038.75,2040.5,2038.25,2039.25,2039.0
2015-01-28 08:30:00,2039.25,2040.25,2039.0,2040.0,606.0
2015-01-28 08:35:00,2039.75,2039.75,2037.75,2038.5,1367.0
2015-01-28 08:40:00,2038.5,2038.75,2037.5,2038.0,1064.0
2015-01-28 08:45:00,2038.0,2038.0,2036.75,2038.0,1206.0
2015-01-28 08:50:00,2038.0,2038.75,2037.0,2037.25,1033.0
2015-01-28 08:55:00,2037.25,2037.25,2036.25,2036.25,1356.0
2015-01-28 09:00:00,2036.25,2036.5,2034.0,2035.25,3008.0
2015-01-28 09:05:00,2035.25,2035.75,2033.25,2033.75,2781.0
2015-01-28 09:10:00,2033.5,2034.75,2033.25,2033.5,2486.0
2015-01-28 09:15:00,2033.75,2034.75,2032.75,2033.75,3083.0
2015-01-28 09:20:00,2033.5,2036.0,2033.25,2035.0,2478.0
2015-01-28 09:25:00,2034.75,2035.75,2034.5,2035.0,840.0
2015-01-28 09:30:00,2035.0,2035.5,2034.5,2034.75,739.0
2015-01-28 09:35:00,2034.75,2035.25,2034.5,2035.25,718.0
2015-01-28 09:40:00,2035.25,2037.75,2035.0,2037.25,1690.0
2015-01-28 09:45:00,2037.5,2038.25,2037.0,2037.25,1732.0
2015-01-28 09:50:00,2037.25,2040.75,2037.25,2039.0,3445.0
2015-01-28 09:55:00,2039.0,2040.0,2038.5,2039.75,742.0
2015-01-28 10:00:00,2039.5,2039.75,2037.5,2037.5,1058.0
2015-01-28 10:05:00,2037.5,2038.0,2036.0,2036.0,693.0
2015-01-28 10:10:00,2035.75,2036.0,2034.0,2035.25,1917.0
2015-01-28 10:15:00,2035.0,2035.0,2031.0,2031.25,3583.0
2015-01-28 10:20:00,2031.25,2032.5,2030.25,2030.5,2824.0
2015-01-28 10:25:00,2030.5,2032.25,2028.5,2031.0,6885.0
2015-01-28 10:30:00,2031.25,2031.5,2028.75,2031.0,2197.0
2015-01-28 10:35:00,2031.0,2032.5,2030.25,2032.5,1745.0
2015-01-28 10:40:00,2032.75,2032.75,2030.25,2030.5,1663.0
2015-01-28 10:45:00,2030.5,2030.75,2029.5,2030.5,1095.0
2015-01-28 10:50:00,2030.5,2031.0,2030.0,2030.25,604.0
2015-01-28 10:55:00,2030.0,2030.75,2029.5,2029.5,1217.0
2015-01-28 11:00:00,2029.75,2030.25,2028.75,2029.75,1178.0
2015-01-28 11:05:00,2030.0,2031.75,2029.75,2031.75,1511.0
2015-01-28 11:10:00,2031.75,2032.5,2031.75,2032.0,1073.0
2015-01-28 11:15:00,2032.0,2033.0,2031.75,2033.0,1573.0
2015-01-28 11:20:00,2033.0,2033.0,2032.0,2032.25,1652.0
2015-01-28 11:25:00,2032.25,2033.0,2032.0,2032.5,745.0
2015-01-28 11:30:00,2032.5,2034.0,2032.5,2034.0,1418.0
2015-01-28 11:35:00,2034.0,2034.0,2032.25,2032.25,1369.0
2015-01-28 11:40:00,2032.0,2034.25,2031.5,2033.75,2012.0
2015-01-28 11:45:00,2033.75,2034.75,2033.25,2034.25,1307.0
2015-01-28 11:50:00,2034.25,2034.75,2033.75,2034.5,836.0
2015-01-28 11:55:00,2034.5,2034.75,2032.75,2033.25,949.0
2015-01-28 12:00:00,2033.25,2034.0,2032.0,2033.75,1349.0
2015-01-28 12:05:00,2033.75,2033.75,2031.75,2032.5,3201.0
2015-01-28 12:10:00,2032.5,2033.75,2032.5,2033.5,920.0
2015-01-28 12:15:00,2033.5,2034.0,2031.75,2032.5,1012.0
2015-01-28 12:20:00,2032.5,2034.0,2032.25,2032.75,1517.0
2015-01-28 12:25:00,2032.5,2034.0,2032.5,2034.0,863.0
2015-01-28 12:30:00,2034.0,2037.5,2034.0,2037.0,4246.0
2015-01-28 12:35:00,2037.25,2039.0,2037.0,2038.5,2507.0
2015-01-28 12:40:00,2038.75,2038.75,2037.0,2037.75,1331.0
2015-01-28 12:45:00,2037.5,2039.25,2037.0,2039.0,1444.0
2015-01-28 12:50:00,2039.25,2039.5,2038.0,2038.5,1502.0
2015-01-28 12:55:00,2038.5,2040.0,2038.5,2039.25,2655.0
2015-01-28 13:00:00,2039.5,2039.5,2037.75,2038.0,2370.0
2015-01-28 13:05:00,2038.0,2038.0,2037.0,2037.5,1539.0
2015-01-28 13:10:00,2037.5,2038.5,2036.5,2036.5,2579.0
2015-01-28 13:15:00,2036.5,2037.25,2036.0,2036.75,1772.0
2015-01-28 13:20:00,2037.0,2039.25,2036.75,2038.25,2592.0
2015-01-28 13:25:00,2038.25,2038.5,2036.75,2036.75,4086.0
2015-01-28 13:30:00,2036.5,2037.0,2035.75,2036.0,2827.0
2015-01-28 13:35:00,2036.0,2036.5,2034.75,2036.5,4453.0
2015-01-28 13:40:00,2036.5,2037.25,2035.75,2036.5,2181.0
2015-01-28 13:45:00,2036.5,2036.5,2035.75,2036.25,1034.0
2015-01-28 13:50:00,2036.5,2036.75,2035.5,2035.5,1589.0
2015-01-28 13:55:00,2035.75,2036.5,2034.75,2035.5,2106.0
2015-01-28 14:00:00,2035.25,2035.75,2034.25,2035.0,2010.0
2015-01-28 14:05:00,2035.0,2036.25,2034.5,2036.0,2325.0
2015-01-28 14:10:00,2036.0,2036.25,2035.0,2036.0,1846.0
2015-01-28 14:15:00,2036.0,2036.5,2035.5,2036.25,2146.0
2015-01-28 14:20:00,2036.25,2036.25,2035.5,2035.75,1915.0
2015-01-28 14:25:00,2035.75,2037.75,2035.25,2037.5,3403.0
2015-01-28 14:30:00,2037.5,2038.75,2034.5,2035.5,45387.0
2015-01-28 14:35:00,2035.25,2035.5,2030.0,2032.75,42481.0
2015-01-28 14:40:00,2033.0,2035.0,2031.25,2033.75,36934.0
2015-01-28 14:45:00,2033.5,2034.75,2031.0,2033.25,34677.0
2015-01-28 14:50:00,2033.25,2036.0,2032.25,2034.75,23139.0
2015-01-28 14:55:00,2034.75,2035.75,2033.75,2034.5,21002.0
2015-01-28 15:00:00,2034.25,2034.5,2032.0,2033.25,23882.0
2015-01-28 15:05:00,2033.5,2035.5,2032.75,2034.75,19971.0
2015-01-28 15:10:00,2035.0,2035.75,2033.0,2034.0,22344.0
2015-01-28 15:15:00,2034.0,2034.25,2029.75,2031.25,25799.0
2015-01-28 15:20:00,2031.25,2032.0,2029.75,2031.0,22310.0
2015-01-28 15:25:00,2030.75,2032.25,2030.0,2031.25,13159.0
2015-01-28 15:30:00,2031.25,2032.0,2027.5,2027.5,26639.0
2015-01-28 15:35:00,2027.5,2028.0,2024.75,2025.0,26463.0
2015-01-28 15:40:00,2025.25,2026.75,2023.75,2024.0,24934.0
2015-01-28 15:45:00,2024.0,2024.0,2020.5,2022.5,38210.0
2015-01-28 15:50:00,2022.5,2023.5,2021.25,2022.5,22674.0
2015-01-28 15:55:00,2022.5,2022.75,2018.0,2019.5,32207.0
2015-01-28 16:00:00,2019.5,2021.25,2018.75,2021.0,15993.0
2015-01-28 16:05:00,2021.25,2023.5,2021.0,2022.5,21989.0
2015-01-28 16:10:00,2022.5,2024.0,2020.75,2020.75,22561.0
2015-01-28 16:15:00,2020.75,2021.0,2016.75,2018.25,30297.0
2015-01-28 16:20:00,2018.25,2020.0,2016.0,2020.0,27846.0
2015-01-28 16:25:00,2019.75,2021.0,2017.75,2020.75,17123.0
2015-01-28 16:30:00,2020.75,2022.5,2019.5,2022.25,25794.0
2015-01-28 16:35:00,2022.5,2024.5,2021.75,2023.5,26690.0
2015-01-28 16:40:00,2023.5,2023.75,2022.0,2022.0,15171.0
2015-01-28 16:45:00,2022.25,2025.75,2022.0,2025.25,22070.0
2015-01-28 16:50:00,2025.25,2026.25,2023.5,2024.0,15494.0
2015-01-28 16:55:00,2023.75,2024.25,2022.25,2024.0,14135.0
2015-01-28 17:00:00,2024.0,2027.0,2023.75,2026.75,14799.0
2015-01-28 17:05:00,2026.75,2027.25,2025.75,2027.0,12254.0
2015-01-28 17:10:00,2027.0,2027.25,2025.5,2026.0,9262.0
2015-01-28 17:15:00,2026.0,2028.25,2025.5,2028.0,11173.0
2015-01-28 17:20:00,2028.0,2029.5,2028.0,2028.5,13777.0
2015-01-28 17:25:00,2028.5,2030.5,2028.0,2029.0,14632.0
2015-01-28 17:30:00,2029.0,2030.25,2028.75,2029.5,6647.0
2015-01-28 17:35:00,2029.75,2029.75,2027.0,2027.0,8518.0
2015-01-28 17:40:00,2027.0,2028.5,2026.75,2027.75,7914.0
2015-01-28 17:45:00,2028.0,2029.0,2027.5,2028.5,4984.0
2015-01-28 17:50:00,2028.25,2029.5,2028.0,2028.0,4184.0
2015-01-28 17:55:00,2028.0,2028.75,2027.0,2027.0,6556.0
2015-01-28 18:00:00,2027.0,2027.25,2025.25,2026.25,7601.0
2015-01-28 18:05:00,2026.25,2027.0,2025.5,2026.75,6030.0
2015-01-28 18:10:00,2026.75,2026.75,2024.0,2024.5,6946.0
2015-01-28 18:15:00,2024.25,2025.75,2023.75,2024.5,6971.0
2015-01-28 18:20:00,2024.5,2025.75,2024.25,2025.0,5082.0
2015-01-28 18:25:00,2025.0,2025.5,2023.75,2024.25,4968.0
2015-01-28 18:30:00,2024.0,2027.0,2023.75,2026.75,7056.0
2015-01-28 18:35:00,2026.5,2027.0,2025.75,2026.5,4296.0
2015-01-28 18:40:00,2026.5,2026.75,2024.75,2025.0,8213.0
2015-01-28 18:45:00,2025.0,2027.0,2025.0,2026.75,5253.0
2015-01-28 18:50:00,2026.75,2028.0,2026.0,2026.75,8026.0
2015-01-28 18:55:00,2026.75,2026.75,2023.0,2023.0,5684.0
2015-01-28 19:00:00,2023.25,2031.5,2022.25,2028.75,43584.0
2015-01-28 19:05:00,2028.75,2030.5,2022.75,2024.25,30182.0
2015-01-28 19:10:00,2024.25,2024.5,2017.25,2018.75,44636.0
2015-01-28 19:15:00,2018.75,2023.5,2018.75,2021.75,30374.0
2015-01-28 19:20:00,2021.5,2023.25,2019.25,2020.25,22413.0
2015-01-28 19:25:00,2020.0,2021.0,2014.5,2015.25,30731.0
2015-01-28 19:30:00,2015.25,2016.5,2010.5,2011.5,30973.0
2015-01-28 19:35:00,2011.5,2016.75,2011.25,2015.5,29384.0
2015-01-28 19:40:00,2015.5,2017.75,2013.0,2017.0,22411.0
2015-01-28 19:45:00,2017.0,2019.0,2015.5,2017.25,20232.0
2015-01-28 19:50:00,2017.5,2020.75,2015.25,2020.5,20941.0
2015-01-28 19:55:00,2020.5,2020.75,2017.5,2017.75,16645.0
2015-01-28 20:00:00,2017.75,2020.75,2016.75,2020.0,12432.0
2015-01-28 20:05:00,2020.0,2020.0,2014.0,2015.25,17260.0
2015-01-28 20:10:00,2015.25,2016.75,2012.75,2013.25,20942.0
2015-01-28 20:15:00,2013.25,2013.5,2007.5,2008.0,30294.0
2015-01-28 20:20:00,2008.0,2011.25,2007.5,2010.0,33816.0
2015-01-28 20:25:00,2009.75,2010.5,2005.25,2006.0,43317.0
2015-01-28 20:30:00,2006.0,2008.0,2003.5,2005.25,36289.0
2015-01-28 20:35:00,2005.25,2005.25,2000.5,2003.0,33503.0
2015-01-28 20:40:00,2003.0,2003.0,1995.75,1996.25,50784.0
2015-01-28 20:45:00,1996.0,1999.75,1994.5,1999.25,62000.0
2015-01-28 20:50:00,1999.5,2000.5,1997.0,1999.5,45857.0
2015-01-28 20:55:00,1999.5,1999.5,1996.0,1996.0,36111.0
2015-01-28 21:00:00,1996.0,1997.75,1994.0,1994.0,92045.0
2015-01-28 21:05:00,1994.25,1994.75,1991.75,1992.0,22142.0
2015-01-28 21:10:00,1992.0,1993.5,1991.25,1993.25,16420.0
2015-01-28 21:15:00,1993.5,1993.5,1991.25,1991.5,13564.0
2015-01-28 21:30:00,1992.5,1994.0,1991.75,1993.75,7910.0
2015-01-28 21:35:00,1993.5,1994.25,1992.25,1994.0,3383.0
2015-01-28 21:40:00,1994.0,1994.25,1991.25,1993.0,3547.0
2015-01-28 21:45:00,1993.0,1994.0,1992.75,1993.5,1441.0
2015-01-28 21:50:00,1993.75,1994.75,1993.5,1994.25,1689.0
2015-01-28 21:55:00,1994.25,1994.25,1993.25,1993.75,668.0
2015-01-28 22:00:00,1993.5,1994.75,1993.5,1993.75,791.0
2015-01-28 22:05:00,1993.5,1994.5,1993.25,1994.0,881.0
2015-01-28 22:10:00,1993.75,1993.75,1992.5,1992.75,2569.0
2015-01-28 22:15:00,1992.5,1993.0,1992.5,1992.5,780.0
2015-01-28 23:00:00,1993.5,1994.75,1993.0,1994.5,2007.0
2015-01-28 23:05:00,1994.25,1995.25,1994.25,1994.75,808.0
2015-01-28 23:10:00,1994.75,1995.5,1994.5,1994.5,818.0
2015-01-28 23:15:00,1994.75,1995.0,1993.75,1993.75,814.0
2015-01-28 23:20:00,1993.75,1994.25,1993.75,1994.25,230.0
2015-01-28 23:25:00,1994.25,1994.5,1993.5,1993.75,454.0
2015-01-28 23:30:00,1993.75,1994.5,1993.5,1994.5,456.0
2015-01-28 23:35:00,1994.25,1994.5,1993.75,1994.25,412.0
2015-01-28 23:40:00,1994.25,1995.0,1994.0,1994.75,738.0
2015-01-28 23:45:00,1995.0,1995.0,1994.5,1995.0,557.0
2015-01-28 23:50:00,1995.0,1995.5,1995.0,1995.25,1086.0
2015-01-28 23:55:00,1995.25,1996.0,1994.75,1996.0,1532.0
2015-01-29 00:00:00,1996.0,1997.0,1995.5,1995.75,1367.0
2015-01-29 00:05:00,1996.0,1996.75,1995.75,1995.75,1393.0
2015-01-29 00:10:00,1996.0,1996.5,1995.5,1996.25,1069.0
2015-01-29 00:15:00,1996.0,1996.5,1995.75,1996.0,1081.0
2015-01-29 00:20:00,1996.0,1996.5,1995.75,1996.25,484.0
2015-01-29 00:25:00,1996.0,1996.25,1995.0,1995.5,696.0
2015-01-29 00:30:00,1995.75,1995.75,1995.25,1995.5,595.0
2015-01-29 00:35:00,1995.75,1996.0,1995.5,1995.75,455.0
2015-01-29 00:40:00,1996.0,1996.0,1995.5,1996.0,663.0
2015-01-29 00:45:00,1996.0,1996.5,1995.5,1995.75,1494.0
2015-01-29 00:50:00,1995.5,1996.5,1995.5,1996.5,1159.0
2015-01-29 00:55:00,1996.5,1996.75,1996.25,1996.5,329.0
2015-01-29 01:00:00,1996.75,1996.75,1996.25,1996.75,799.0
2015-01-29 01:05:00,1996.5,1997.0,1996.0,1996.25,531.0
2015-01-29 01:10:00,1996.5,1996.5,1995.75,1996.0,484.0
2015-01-29 01:15:00,1996.25,1996.5,1995.75,1996.0,268.0
2015-01-29 01:20:00,1996.0,1996.25,1995.75,1995.75,357.0
2015-01-29 01:25:00,1996.0,1996.0,1995.0,1995.75,573.0
2015-01-29 01:30:00,1995.75,1995.75,1994.5,1995.0,520.0
2015-01-29 01:35:00,1994.75,1995.75,1994.75,1995.75,337.0
2015-01-29 01:40:00,1995.75,1996.0,1995.0,1995.75,491.0
2015-01-29 01:45:00,1995.5,1996.75,1995.5,1996.25,545.0
2015-01-29 01:50:00,1996.25,1996.5,1995.75,1996.0,262.0
2015-01-29 01:55:00,1996.25,1996.5,1995.75,1996.5,283.0
2015-01-29 02:00:00,1996.5,1996.75,1996.25,1996.75,217.0
2015-01-29 02:05:00,1996.75,1996.75,1995.75,1996.5,342.0
2015-01-29 02:10:00,1996.25,1996.75,1996.25,1996.75,316.0
2015-01-29 02:15:00,1996.75,1996.75,1996.0,1996.0,490.0
2015-01-29 02:20:00,1996.0,1996.75,1996.0,1996.75,274.0
2015-01-29 02:25:00,1996.5,1997.0,1996.5,1996.75,278.0
2015-01-29 02:30:00,1997.0,1997.5,1996.5,1996.5,913.0
2015-01-29 02:35:00,1996.75,1996.75,1996.25,1996.5,235.0
2015-01-29 02:40:00,1996.5,1996.5,1995.5,1995.5,425.0
2015-01-29 02:45:00,1995.75,1996.0,1995.5,1995.75,262.0
2015-01-29 02:50:00,1995.75,1996.75,1995.75,1996.25,257.0
2015-01-29 02:55:00,1996.5,1997.25,1996.25,1997.0,252.0
2015-01-29 03:00:00,1997.0,1997.25,1996.75,1996.75,313.0
2015-01-29 03:05:00,1996.75,1997.25,1996.25,1996.75,375.0
2015-01-29 03:10:00,1997.0,1997.0,1995.5,1995.75,459.0
2015-01-29 03:15:00,1995.75,1996.25,1995.5,1995.5,278.0
2015-01-29 03:20:00,1995.5,1996.0,1995.5,1996.0,178.0
2015-01-29 03:25:00,1996.25,1996.25,1995.75,1996.0,113.0
2015-01-29 03:30:00,1995.75,1996.0,1994.5,1995.25,1115.0
2015-01-29 03:35:00,1995.25,1995.5,1995.0,1995.5,81.0
2015-01-29 03:40:00,1995.5,1995.75,1995.25,1995.25,255.0
2015-01-29 03:45:00,1995.5,1995.5,1995.0,1995.25,256.0
2015-01-29 03:50:00,1995.0,1995.5,1995.0,1995.25,226.0
2015-01-29 03:55:00,1995.0,1995.5,1995.0,1995.5,210.0
2015-01-29 04:00:00,1995.5,1996.25,1995.5,1995.75,306.0
2015-01-29 04:05:00,1995.75,1995.75,1995.5,1995.5,85.0
2015-01-29 04:10:00,1995.5,1995.75,1995.25,1995.5,150.0
2015-01-29 04:15:00,1995.75,1996.25,1995.5,1996.0,158.0
2015-01-29 04:20:00,1996.0,1996.5,1995.75,1996.25,251.0
2015-01-29 04:25:00,1996.25,1996.25,1996.0,1996.25,47.0
2015-01-29 04:30:00,1996.25,1997.0,1996.25,1996.25,188.0
2015-01-29 04:35:00,1996.25,1996.5,1996.0,1996.5,44.0
2015-01-29 04:40:00,1996.25,1996.5,1995.75,1996.5,155.0
2015-01-29 04:45:00,1996.5,1996.5,1995.5,1996.0,300.0
2015-01-29 04:50:00,1996.0,1996.0,1995.75,1996.0,99.0
2015-01-29 04:55:00,1995.75,1996.0,1995.75,1995.75,48.0
2015-01-29 05:00:00,1995.75,1996.25,1995.5,1996.0,143.0
2015-01-29 05:05:00,1996.0,1996.25,1995.75,1996.0,93.0
2015-01-29 05:10:00,1996.0,1996.25,1995.25,1995.5,284.0
2015-01-29 05:15:00,1995.5,1995.5,1992.25,1993.0,2594.0
2015-01-29 05:20:00,1993.25,1993.25,1992.0,1992.5,491.0
2015-01-29 05:25:00,1992.75,1993.5,1992.25,1992.75,572.0
2015-01-29 05:30:00,1993.0,1993.0,1992.0,1992.0,444.0
2015-01-29 05:35:00,1992.0,1992.25,1991.75,1992.0,441.0
2015-01-29 05:40:00,1992.0,1992.0,1988.5,1989.0,3772.0
2015-01-29 05:45:00,1989.0,1989.0,1987.75,1988.25,1675.0
2015-01-29 05:50:00,1988.0,1989.75,1988.0,1989.5,406.0
2015-01-29 05:55:00,1989.5,1990.75,1989.25,1990.75,459.0
2015-01-29 06:00:00,1990.75,1990.75,1990.0,1990.5,429.0
2015-01-29 06:05:00,1990.75,1992.0,1990.5,1991.5,459.0
2015-01-29 06:10:00,1991.5,1991.75,1990.75,1991.25,304.0
2015-01-29 06:15:00,1991.25,1992.0,1991.0,1991.5,150.0
2015-01-29 06:20:00,1991.75,1992.5,1991.5,1992.5,321.0
2015-01-29 06:25:00,1992.5,1993.0,1992.25,1992.75,296.0
2015-01-29 06:30:00,1993.0,1994.0,1992.75,1993.75,456.0
2015-01-29 06:35:00,1993.75,1994.0,1993.0,1993.25,236.0
2015-01-29 06:40:00,1993.25,1993.5,1993.0,1993.5,118.0
2015-01-29 06:45:00,1993.5,1993.5,1993.0,1993.0,166.0
2015-01-29 06:50:00,1992.75,1993.25,1992.75,1993.25,101.0
2015-01-29 06:55:00,1993.25,1993.5,1992.75,1993.25,182.0
2015-01-29 07:00:00,1993.5,1994.5,1993.0,1993.5,1093.0
2015-01-29 07:05:00,1993.25,1994.0,1992.75,1993.75,497.0
2015-01-29 07:10:00,1994.0,1994.75,1994.0,1994.75,860.0
2015-01-29 07:15:00,1994.75,1996.75,1994.0,1996.5,1310.0
2015-01-29 07:20:00,1996.5,1998.0,1996.5,1997.5,2353.0
2015-01-29 07:25:00,1997.5,1998.25,1997.0,1998.0,1367.0
2015-01-29 07:30:00,1998.0,1998.25,1997.0,1997.0,1146.0
2015-01-29 07:35:00,1997.0,1997.25,1995.75,1997.0,1501.0
2015-01-29 07:40:00,1997.0,1997.75,1996.5,1996.75,951.0
2015-01-29 07:45:00,1996.75,1996.75,1996.25,1996.75,390.0
2015-01-29 07:50:00,1996.75,1998.0,1996.0,1997.25,1131.0
2015-01-29 07:55:00,1997.25,1999.0,1996.75,1997.5,1753.0
2015-01-29 08:00:00,1997.25,1999.0,1997.0,1999.0,3161.0
2015-01-29 08:05:00,1999.0,1999.25,1998.0,1998.75,3000.0
2015-01-29 08:10:00,1998.75,1999.0,1996.5,1996.5,2655.0
2015-01-29 08:15:00,1996.75,1997.0,1995.0,1996.5,3195.0
2015-01-29 08:20:00,1996.75,1997.0,1994.75,1995.5,2150.0
2015-01-29 08:25:00,1995.5,1996.25,1994.75,1996.0,2829.0
2015-01-29 08:30:00,1996.0,1996.75,1993.75,1994.0,2730.0
2015-01-29 08:35:00,1994.0,1994.0,1993.0,1993.5,2462.0
2015-01-29 08:40:00,1993.75,1993.75,1991.75,1992.0,2205.0
2015-01-29 08:45:00,1992.25,1993.25,1991.75,1992.75,1053.0
2015-01-29 08:50:00,1992.75,1993.5,1992.5,1993.5,699.0
2015-01-29 08:55:00,1993.5,1993.5,1992.0,1992.75,1650.0
2015-01-29 09:00:00,1992.75,1994.0,1992.5,1993.5,1708.0
2015-01-29 09:05:00,1993.5,1993.75,1993.0,1993.0,2245.0
2015-01-29 09:10:00,1993.25,1993.25,1991.75,1992.5,1339.0
2015-01-29 09:15:00,1992.5,1993.0,1992.0,1992.5,1069.0
2015-01-29 09:20:00,1992.5,1992.75,1991.5,1992.25,2562.0
2015-01-29 09:25:00,1992.25,1992.75,1991.75,1992.75,1052.0
2015-01-29 09:30:00,1992.75,1994.25,1992.5,1993.5,1693.0
2015-01-29 09:35:00,1993.25,1993.5,1993.0,1993.5,845.0
2015-01-29 09:40:00,1993.5,1994.75,1993.5,1994.5,1255.0
2015-01-29 09:45:00,1994.5,1996.75,1994.25,1996.5,2912.0
2015-01-29 09:50:00,1996.75,1997.5,1996.0,1996.25,2568.0
2015-01-29 09:55:00,1996.0,1996.5,1995.25,1995.25,1050.0
2015-01-29 10:00:00,1995.25,1995.75,1994.75,1995.75,1502.0
2015-01-29 10:05:00,1995.5,1996.25,1995.25,1996.25,796.0
2015-01-29 10:10:00,1996.0,1997.25,1995.0,1995.0,1622.0
2015-01-29 10:15:00,1995.0,1996.0,1994.75,1996.0,834.0
2015-01-29 10:20:00,1996.0,1997.75,1995.75,1996.75,1850.0
2015-01-29 10:25:00,1996.75,1998.25,1996.5,1998.0,1562.0
2015-01-29 10:30:00,1998.0,2000.0,1998.0,1998.75,4051.0
2015-01-29 10:35:00,1998.75,1999.0,1998.0,1998.0,1067.0
2015-01-29 10:40:00,1998.25,1999.25,1998.0,1999.0,1903.0
2015-01-29 10:45:00,1999.0,2000.5,1999.0,1999.25,2438.0
2015-01-29 10:50:00,1999.25,1999.75,1998.0,1998.0,1743.0
2015-01-29 10:55:00,1998.0,1998.25,1996.75,1997.75,1077.0
2015-01-29 11:00:00,1997.75,1998.0,1997.0,1997.5,859.0
2015-01-29 11:05:00,1997.25,1997.75,1996.75,1997.5,1495.0
2015-01-29 11:10:00,1997.5,1997.75,1996.75,1997.0,1549.0
2015-01-29 11:15:00,1997.0,1997.5,1996.0,1996.25,1144.0
2015-01-29 11:20:00,1996.0,1997.0,1995.75,1996.0,1403.0
2015-01-29 11:25:00,1996.0,1997.25,1996.0,1997.0,638.0
2015-01-29 11:30:00,1996.75,1998.0,1996.5,1998.0,1217.0
2015-01-29 11:35:00,1997.75,1999.5,1997.5,1998.25,1629.0
2015-01-29 11:40:00,1998.25,1999.25,1998.25,1999.0,598.0
2015-01-29 11:45:00,1999.0,2000.75,1999.0,1999.75,2643.0
2015-01-29 11:50:00,1999.75,2002.25,1999.75,2001.5,4012.0
2015-01-29 11:55:00,2001.25,2003.0,2001.25,2002.0,4092.0
2015-01-29 12:00:00,2002.0,2002.75,2001.5,2002.0,1841.0
2015-01-29 12:05:00,2002.25,2002.25,2000.25,2000.5,3141.0
2015-01-29 12:10:00,2000.5,2002.0,1999.5,2001.75,3452.0
2015-01-29 12:15:00,2002.0,2002.0,1999.5,2000.25,1779.0
2015-01-29 12:20:00,2000.5,2002.0,2000.25,2001.75,1197.0
2015-01-29 12:25:00,2001.75,2002.5,2000.75,2000.75,1621.0
2015-01-29 12:30:00,2000.5,2002.5,2000.0,2001.0,2622.0
2015-01-29 12:35:00,2001.0,2001.25,1998.5,1999.0,3136.0
2015-01-29 12:40:00,1999.0,2000.0,1998.75,1999.25,1711.0
2015-01-29 12:45:00,1999.25,1999.25,1997.5,1998.0,2724.0
2015-01-29 12:50:00,1998.25,1998.25,1996.5,1997.75,2894.0
2015-01-29 12:55:00,1997.5,1998.75,1997.0,1997.75,1876.0
2015-01-29 13:00:00,1997.5,1997.75,1993.25,1994.5,7872.0
2015-01-29 13:05:00,1994.25,1995.0,1993.25,1993.75,9971.0
2015-01-29 13:10:00,1994.0,1994.0,1992.0,1992.5,5484.0
2015-01-29 13:15:00,1992.5,1993.0,1992.0,1992.5,2788.0
2015-01-29 13:20:00,1992.5,1994.0,1992.25,1993.5,4084.0
2015-01-29 13:25:00,1993.5,1994.25,1993.5,1994.25,2956.0
2015-01-29 13:30:00,1994.0,1997.5,1993.75,1996.5,10431.0
2015-01-29 13:35:00,1996.5,1999.5,1996.25,1998.25,8547.0
2015-01-29 13:40:00,1998.25,1998.25,1996.75,1996.75,3578.0
2015-01-29 13:45:00,1996.75,1998.25,1996.75,1997.25,3182.0
2015-01-29 13:50:00,1997.25,1998.5,1996.5,1997.5,2752.0
2015-01-29 13:55:00,1997.5,1998.25,1997.25,1997.25,2251.0
2015-01-29 14:00:00,1997.5,1999.0,1995.5,1996.5,7322.0
2015-01-29 14:05:00,1996.5,1997.25,1996.0,1996.75,4445.0
2015-01-29 14:10:00,1996.75,1996.75,1994.5,1996.0,4765.0
2015-01-29 14:15:00,1996.0,1998.25,1995.75,1997.75,4350.0
2015-01-29 14:20:00,1997.75,1999.0,1997.0,1998.25,6448.0
2015-01-29 14:25:00,1998.0,1999.0,1998.0,1998.5,3637.0
2015-01-29 14:30:00,1998.25,2000.0,1995.0,1999.75,53477.0
2015-01-29 14:35:00,1999.75,2001.25,1994.75,1995.0,48148.0
2015-01-29 14:40:00,1994.75,1995.5,1990.5,1990.5,56861.0
2015-01-29 14:45:00,1990.75,1991.5,1985.5,1987.75,61178.0
2015-01-29 14:50:00,1987.5,1991.0,1986.75,1990.0,57619.0
2015-01-29 14:55:00,1990.0,1995.25,1989.25,1994.75,35421.0
2015-01-29 15:00:00,1994.75,1997.5,1991.75,1996.75,52238.0
2015-01-29 15:05:00,1996.5,1997.0,1993.25,1993.25,33795.0
2015-01-29 15:10:00,1993.25,1994.0,1990.5,1993.0,38319.0
2015-01-29 15:15:00,1993.25,1994.0,1989.25,1993.5,28511.0
2015-01-29 15:20:00,1993.5,1994.5,1989.5,1990.25,26953.0
2015-01-29 15:25:00,1990.5,1994.75,1988.0,1994.75,29929.0
2015-01-29 15:30:00,1994.75,1994.75,1991.0,1991.75,26881.0
2015-01-29 15:35:00,1991.75,1992.0,1986.5,1987.25,30020.0
2015-01-29 15:40:00,1987.25,1989.5,1983.0,1984.25,47722.0
2015-01-29 15:45:00,1984.25,1985.0,1982.0,1984.75,34308.0
2015-01-29 15:50:00,1984.5,1987.0,1983.25,1983.5,29674.0
2015-01-29 15:55:00,1983.5,1988.5,1983.0,1988.25,20618.0
2015-01-29 16:00:00,1988.25,1988.75,1985.25,1985.5,18604.0
2015-01-29 16:05:00,1985.5,1986.75,1983.5,1984.5,23286.0
2015-01-29 16:10:00,1984.75,1989.5,1984.75,1988.75,28284.0
2015-01-29 16:15:00,1988.5,1991.5,1987.25,1988.5,27187.0
2015-01-29 16:20:00,1988.25,1991.5,1986.75,1989.75,20247.0
2015-01-29 16:25:00,1989.75,1990.5,1986.0,1988.25,21513.0
2015-01-29 16:30:00,1988.25,1992.75,1987.5,1991.25,24663.0
2015-01-29 16:35:00,1991.5,1993.5,1990.25,1993.25,22298.0
2015-01-29 16:40:00,1993.25,1994.75,1992.25,1993.0,17221.0
2015-01-29 16:45:00,1993.25,1994.0,1991.5,1993.75,15097.0
2015-01-29 16:50:00,1993.75,1997.5,1993.25,1996.0,22606.0
2015-01-29 16:55:00,1996.0,1996.5,1993.75,1994.5,17300.0
2015-01-29 17:00:00,1994.5,1997.25,1993.75,1996.75,21118.0
2015-01-29 17:05:00,1996.75,1999.25,1996.25,1996.5,17421.0
2015-01-29 17:10:00,1996.75,1998.75,1995.75,1995.75,14113.0
2015-01-29 17:15:00,1995.75,1997.75,1995.75,1997.25,10480.0
2015-01-29 17:20:00,1997.5,1997.5,1993.5,1995.0,14454.0
2015-01-29 17:25:00,1995.25,1996.5,1993.75,1995.0,10444.0
2015-01-29 17:30:00,1995.25,1996.75,1994.25,1996.25,12497.0
2015-01-29 17:35:00,1996.25,1996.5,1994.0,1994.25,11082.0
2015-01-29 17:40:00,1994.5,1995.25,1992.25,1993.0,16719.0
2015-01-29 17:45:00,1993.25,1994.0,1990.5,1993.75,14700.0
2015-01-29 17:50:00,1994.0,1994.0,1990.75,1991.5,9734.0
2015-01-29 17:55:00,1991.75,1995.75,1991.25,1994.75,9601.0
2015-01-29 18:00:00,1995.0,1995.75,1993.25,1993.75,8780.0
2015-01-29 18:05:00,1994.0,1995.5,1992.0,1993.5,13571.0
2015-01-29 18:10:00,1993.25,1996.0,1992.5,1995.75,12356.0
2015-01-29 18:15:00,1995.75,1997.75,1994.25,1997.0,11401.0
2015-01-29 18:20:00,1997.0,1998.75,1996.0,1998.75,10150.0
2015-01-29 18:25:00,1998.5,2000.25,1998.0,1999.75,17781.0
2015-01-29 18:30:00,1999.5,2001.0,1999.25,1999.5,13103.0
2015-01-29 18:35:00,1999.25,2002.5,1998.75,2002.0,15944.0
2015-01-29 18:40:00,2002.25,2004.5,2001.5,2004.5,18346.0
2015-01-29 18:45:00,2004.5,2005.75,2002.5,2005.5,17105.0
2015-01-29 18:50:00,2005.5,2007.75,2004.75,2005.75,21955.0
2015-01-29 18:55:00,2006.0,2006.25,2005.25,2005.5,12324.0
2015-01-29 19:00:00,2005.5,2005.75,2003.75,2004.25,15345.0
2015-01-29 19:05:00,2004.25,2005.75,2003.5,2004.0,11444.0
2015-01-29 19:10:00,2004.0,2004.25,2001.75,2003.25,15208.0
2015-01-29 19:15:00,2003.0,2004.5,2002.5,2003.0,9198.0
2015-01-29 19:20:00,2002.75,2005.75,2002.25,2004.75,10714.0
2015-01-29 19:25:00,2004.75,2007.25,2004.5,2007.0,15030.0
2015-01-29 19:30:00,2007.0,2010.0,2006.75,2009.0,23066.0
2015-01-29 19:35:00,2008.75,2010.0,2007.75,2009.25,9989.0
2015-01-29 19:40:00,2009.0,2009.5,2006.75,2006.75,11470.0
2015-01-29 19:45:00,2006.75,2007.75,2006.0,2006.75,10838.0
2015-01-29 19:50:00,2006.75,2007.0,2004.5,2005.25,12417.0
2015-01-29 19:55:00,2005.25,2007.0,2004.5,2006.5,7952.0
2015-01-29 20:00:00,2006.75,2008.25,2006.0,2006.25,9376.0
2015-01-29 20:05:00,2006.25,2009.0,2005.75,2008.75,9813.0
2015-01-29 20:10:00,2009.0,2010.75,2007.5,2008.75,18880.0
2015-01-29 20:15:00,2008.75,2010.25,2006.75,2010.25,14420.0
2015-01-29 20:20:00,2010.25,2013.75,2009.5,2013.5,34154.0
2015-01-29 20:25:00,2013.25,2015.75,2013.0,2014.0,34355.0
2015-01-29 20:30:00,2013.75,2015.25,2013.25,2013.25,14174.0
2015-01-29 20:35:00,2013.5,2017.5,2013.0,2017.0,17934.0
2015-01-29 20:40:00,2017.0,2018.75,2015.75,2015.75,26857.0
2015-01-29 20:45:00,2016.0,2016.25,2013.5,2014.5,20860.0
2015-01-29 20:50:00,2014.5,2015.5,2013.25,2014.25,18626.0
2015-01-29 20:55:00,2014.25,2015.75,2013.0,2013.5,31613.0
2015-01-29 21:00:00,2013.75,2016.5,2013.5,2014.5,82437.0
2015-01-29 21:05:00,2014.5,2015.25,2012.75,2015.0,16502.0
2015-01-29 21:10:00,2015.0,2017.75,2015.0,2017.25,12148.0
2015-01-29 21:15:00,2017.25,2019.5,2016.5,2019.0,9058.0
2015-01-29 21:30:00,2018.25,2018.25,2016.75,2017.25,2993.0
2015-01-29 21:35:00,2017.25,2018.0,2017.25,2017.75,1137.0
2015-01-29 21:40:00,2017.75,2018.25,2017.0,2018.0,938.0
2015-01-29 21:45:00,2018.0,2019.25,2017.75,2019.25,982.0
2015-01-29 21:50:00,2019.25,2020.0,2019.0,2019.5,1494.0
2015-01-29 21:55:00,2019.75,2019.75,2019.0,2019.25,863.0
2015-01-29 22:00:00,2019.25,2019.5,2018.75,2019.0,390.0
2015-01-29 22:05:00,2019.0,2019.25,2018.75,2018.75,293.0
2015-01-29 22:10:00,2018.75,2019.5,2018.75,2019.25,925.0
2015-01-29 22:15:00,2019.25,2019.25,2018.75,2019.0,477.0
2015-01-29 23:00:00,2019.25,2020.0,2018.0,2019.0,2669.0
2015-01-29 23:05:00,2019.0,2019.5,2018.5,2018.5,1007.0
2015-01-29 23:10:00,2018.5,2019.0,2018.5,2018.75,199.0
2015-01-29 23:15:00,2018.75,2019.5,2018.75,2019.5,412.0
2015-01-29 23:20:00,2019.25,2020.5,2019.25,2020.25,949.0
2015-01-29 23:25:00,2020.25,2020.5,2018.75,2019.0,659.0
2015-01-29 23:30:00,2019.0,2019.25,2018.5,2018.75,351.0
2015-01-29 23:35:00,2018.75,2019.0,2018.25,2018.5,327.0
2015-01-29 23:40:00,2018.5,2018.75,2018.0,2018.75,344.0
2015-01-29 23:45:00,2018.75,2018.75,2017.5,2018.0,453.0
2015-01-29 23:50:00,2018.0,2018.25,2017.5,2017.5,436.0
2015-01-29 23:55:00,2017.5,2018.5,2017.25,2017.5,636.0
2015-01-30 00:00:00,2017.5,2018.0,2017.25,2017.5,394.0
2015-01-30 00:05:00,2017.5,2017.75,2016.25,2016.5,678.0
2015-01-30 00:10:00,2016.75,2017.5,2015.75,2016.75,728.0
2015-01-30 00:15:00,2016.75,2016.75,2015.75,2015.75,454.0
2015-01-30 00:20:00,2015.75,2016.25,2015.25,2016.25,717.0
2015-01-30 00:25:00,2016.25,2016.5,2015.75,2016.0,174.0
2015-01-30 00:30:00,2015.75,2016.0,2015.25,2015.25,378.0
2015-01-30 00:35:00,2015.25,2016.0,2015.25,2016.0,257.0
2015-01-30 00:40:00,2016.0,2016.5,2015.75,2016.5,254.0
2015-01-30 00:45:00,2016.5,2016.5,2016.25,2016.5,231.0
2015-01-30 00:50:00,2016.5,2016.5,2015.75,2016.0,230.0
2015-01-30 00:55:00,2015.75,2015.75,2015.25,2015.5,158.0
2015-01-30 01:00:00,2015.75,2016.25,2015.5,2016.25,286.0
2015-01-30 01:05:00,2016.0,2016.0,2015.5,2015.75,115.0
2015-01-30 01:10:00,2015.75,2016.0,2015.5,2015.75,147.0
2015-01-30 01:15:00,2015.5,2015.75,2014.75,2014.75,875.0
2015-01-30 01:20:00,2014.75,2015.5,2014.75,2015.5,286.0
2015-01-30 01:25:00,2015.5,2015.5,2015.0,2015.25,323.0
2015-01-30 01:30:00,2015.5,2016.5,2015.25,2016.5,213.0
2015-01-30 01:35:00,2016.5,2016.5,2015.5,2015.75,316.0
2015-01-30 01:40:00,2015.5,2015.75,2014.0,2014.5,806.0
2015-01-30 01:45:00,2014.25,2014.5,2013.25,2013.75,1202.0
2015-01-30 01:50:00,2013.75,2014.0,2013.5,2013.5,154.0
2015-01-30 01:55:00,2013.5,2014.0,2013.5,2013.5,208.0
2015-01-30 02:00:00,2013.5,2013.75,2013.5,2013.5,111.0
2015-01-30 02:05:00,2013.5,2013.75,2013.25,2013.75,232.0
2015-01-30 02:10:00,2013.75,2014.0,2012.75,2013.25,487.0
2015-01-30 02:15:00,2013.25,2013.75,2013.25,2013.75,188.0
2015-01-30 02:20:00,2013.5,2014.0,2013.5,2014.0,105.0
2015-01-30 02:25:00,2013.75,2015.0,2013.75,2014.75,369.0
2015-01-30 02:30:00,2014.75,2014.75,2014.25,2014.5,90.0
2015-01-30 02:35:00,2014.25,2014.5,2014.0,2014.0,89.0
2015-01-30 02:40:00,2014.0,2014.25,2014.0,2014.0,200.0
2015-01-30 02:45:00,2014.0,2014.5,2014.0,2014.25,210.0
2015-01-30 02:50:00,2014.25,2014.5,2013.75,2014.0,142.0
2015-01-30 02:55:00,2014.0,2014.0,2013.0,2013.0,472.0
2015-01-30 03:00:00,2013.0,2013.5,2012.75,2013.5,457.0
2015-01-30 03:05:00,2013.25,2013.5,2013.0,2013.25,291.0
2015-01-30 03:10:00,2013.25,2013.5,2013.0,2013.0,232.0
2015-01-30 03:15:00,2013.25,2013.5,2013.0,2013.25,133.0
2015-01-30 03:20:00,2013.25,2013.5,2013.25,2013.5,125.0
2015-01-30 03:25:00,2013.25,2013.5,2013.25,2013.25,79.0
2015-01-30 03:30:00,2013.5,2014.75,2013.5,2014.25,732.0
2015-01-30 03:35:00,2014.25,2014.75,2014.25,2014.25,128.0
2015-01-30 03:40:00,2014.25,2014.75,2013.75,2014.25,178.0
2015-01-30 03:45:00,2014.25,2014.5,2013.75,2013.75,91.0
2015-01-30 03:50:00,2013.75,2014.25,2013.5,2013.5,249.0
2015-01-30 03:55:00,2013.75,2013.75,2013.25,2013.25,179.0
2015-01-30 04:00:00,2013.25,2013.25,2012.0,2012.25,838.0
2015-01-30 04:05:00,2012.25,2012.5,2012.25,2012.25,45.0
2015-01-30 04:10:00,2012.25,2013.0,2012.25,2012.5,139.0
2015-01-30 04:15:00,2012.75,2012.75,2011.75,2011.75,514.0
2015-01-30 04:20:00,2011.75,2012.5,2011.75,2012.25,453.0
2015-01-30 04:25:00,2012.0,2012.25,2012.0,2012.0,176.0
2015-01-30 04:30:00,2012.0,2012.5,2012.0,2012.5,124.0
2015-01-30 04:35:00,2012.25,2012.5,2012.0,2012.25,217.0
2015-01-30 04:40:00,2012.25,2012.5,2012.0,2012.5,148.0
2015-01-30 04:45:00,2012.5,2013.0,2012.5,2012.5,226.0
2015-01-30 04:50:00,2012.5,2013.0,2012.5,2012.5,85.0
2015-01-30 04:55:00,2012.5,2013.5,2012.5,2013.25,355.0
2015-01-30 05:00:00,2013.25,2014.75,2012.75,2012.75,978.0
2015-01-30 05:05:00,2012.75,2013.0,2012.0,2013.0,358.0
2015-01-30 05:10:00,2012.75,2013.25,2012.5,2013.0,301.0
2015-01-30 05:15:00,2013.0,2013.0,2012.75,2013.0,116.0
2015-01-30 05:20:00,2013.0,2013.25,2012.75,2012.75,204.0
2015-01-30 05:25:00,2013.0,2013.25,2012.75,2013.0,270.0
2015-01-30 05:30:00,2013.0,2014.25,2012.75,2014.25,390.0
2015-01-30 05:35:00,2014.25,2014.75,2013.75,2014.0,341.0
2015-01-30 05:40:00,2014.0,2014.0,2013.25,2013.25,177.0
2015-01-30 05:45:00,2013.25,2013.25,2012.5,2012.75,204.0
2015-01-30 05:50:00,2012.75,2013.0,2012.5,2013.0,172.0
2015-01-30 05:55:00,2013.0,2013.5,2012.75,2013.0,211.0
2015-01-30 06:00:00,2013.25,2014.5,2013.25,2013.75,687.0
2015-01-30 06:05:00,2013.5,2013.75,2013.5,2013.75,67.0
2015-01-30 06:10:00,2013.75,2013.75,2013.5,2013.75,169.0
2015-01-30 06:15:00,2013.75,2014.0,2013.25,2013.75,399.0
2015-01-30 06:20:00,2014.0,2014.0,2013.75,2014.0,195.0
2015-01-30 06:25:00,2014.0,2014.25,2013.75,2014.25,448.0
2015-01-30 06:30:00,2014.25,2014.25,2013.5,2014.0,73.0
2015-01-30 06:35:00,2014.0,2014.0,2013.75,2014.0,25.0
2015-01-30 06:40:00,2014.0,2014.5,2014.0,2014.5,213.0
2015-01-30 06:45:00,2014.75,2015.0,2014.5,2014.75,443.0
2015-01-30 06:50:00,2015.0,2015.0,2014.5,2015.0,64.0
2015-01-30 06:55:00,2014.75,2015.5,2014.75,2014.75,254.0
2015-01-30 07:00:00,2015.0,2015.0,2013.25,2014.0,1814.0
2015-01-30 07:05:00,2014.25,2014.5,2013.5,2014.5,602.0
2015-01-30 07:10:00,2014.5,2014.5,2013.75,2014.25,413.0
2015-01-30 07:15:00,2014.25,2014.25,2013.5,2013.5,201.0
2015-01-30 07:20:00,2013.5,2014.25,2013.25,2014.25,293.0
2015-01-30 07:25:00,2014.25,2014.25,2013.25,2013.75,258.0
2015-01-30 07:30:00,2013.75,2014.0,2013.5,2013.5,179.0
2015-01-30 07:35:00,2013.5,2014.5,2013.5,2014.5,423.0
2015-01-30 07:40:00,2014.25,2015.0,2014.25,2014.75,473.0
2015-01-30 07:45:00,2014.75,2015.0,2014.5,2014.5,501.0
2015-01-30 07:50:00,2014.75,2015.0,2013.75,2013.75,426.0
2015-01-30 07:55:00,2013.75,2014.0,2013.25,2013.5,372.0
2015-01-30 08:00:00,2013.25,2013.5,2010.25,2011.25,4018.0
2015-01-30 08:05:00,2011.5,2013.5,2011.5,2012.75,2679.0
2015-01-30 08:10:00,2012.5,2013.5,2012.25,2013.0,1005.0
2015-01-30 08:15:00,2013.0,2013.0,2011.5,2012.0,2392.0
2015-01-30 08:20:00,2011.75,2012.0,2011.25,2011.5,855.0
2015-01-30 08:25:00,2011.5,2011.75,2009.5,2009.75,2455.0
2015-01-30 08:30:00,2010.0,2010.5,2007.5,2007.5,2383.0
2015-01-30 08:35:00,2007.75,2009.25,2007.5,2009.25,2739.0
2015-01-30 08:40:00,2009.0,2011.25,2008.5,2011.25,2257.0
2015-01-30 08:45:00,2011.0,2011.5,2009.25,2009.25,1635.0
2015-01-30 08:50:00,2009.25,2009.75,2008.5,2009.0,1180.0
2015-01-30 08:55:00,2009.25,2009.25,2007.5,2008.5,1546.0
2015-01-30 09:00:00,2008.5,2009.75,2008.25,2009.25,931.0
2015-01-30 09:05:00,2009.25,2009.25,2005.5,2006.75,3001.0
2015-01-30 09:10:00,2006.5,2008.0,2005.25,2007.5,1346.0
2015-01-30 09:15:00,2007.75,2007.75,2005.0,2005.25,2107.0
2015-01-30 09:20:00,2005.0,2005.25,2002.0,2003.25,4555.0
2015-01-30 09:25:00,2003.25,2004.25,2003.0,2003.0,2561.0
2015-01-30 09:30:00,2003.0,2004.5,2003.0,2003.5,1571.0
2015-01-30 09:35:00,2003.75,2004.25,2002.5,2002.75,1203.0
2015-01-30 09:40:00,2002.5,2004.5,2002.25,2004.5,1809.0
2015-01-30 09:45:00,2004.5,2007.0,2004.25,2006.75,2489.0
2015-01-30 09:50:00,2006.5,2007.25,2005.75,2006.0,837.0
2015-01-30 09:55:00,2006.0,2006.25,2003.75,2003.75,1428.0
2015-01-30 10:00:00,2003.75,2004.0,2002.5,2003.25,1846.0
2015-01-30 10:05:00,2003.25,2004.5,2002.75,2003.25,1296.0
2015-01-30 10:10:00,2003.0,2003.5,2002.75,2003.5,690.0
2015-01-30 10:15:00,2003.5,2005.5,2003.5,2005.5,1124.0
2015-01-30 10:20:00,2005.5,2005.5,2003.25,2003.25,918.0
2015-01-30 10:25:00,2003.5,2004.25,2002.75,2004.25,1256.0
2015-01-30 10:30:00,2004.0,2004.25,2002.5,2002.75,895.0
2015-01-30 10:35:00,2002.75,2002.75,2001.25,2002.5,4247.0
2015-01-30 10:40:00,2002.75,2003.0,2001.5,2001.5,812.0
2015-01-30 10:45:00,2001.5,2002.25,2001.0,2001.75,1785.0
2015-01-30 10:50:00,2001.5,2003.0,2000.75,2002.75,1560.0
2015-01-30 10:55:00,2002.75,2003.75,2002.25,2003.25,1337.0
2015-01-30 11:00:00,2003.5,2005.25,2003.0,2004.0,2672.0
2015-01-30 11:05:00,2003.75,2004.5,2003.5,2003.5,891.0
2015-01-30 11:10:00,2003.5,2004.5,2003.0,2004.5,956.0
2015-01-30 11:15:00,2004.5,2006.25,2004.5,2006.0,2871.0
2015-01-30 11:20:00,2006.25,2007.5,2005.25,2007.5,2296.0
2015-01-30 11:25:00,2007.5,2007.75,2007.0,2007.0,960.0
2015-01-30 11:30:00,2007.0,2007.25,2005.0,2006.5,1533.0
2015-01-30 11:35:00,2006.75,2007.0,2006.25,2006.75,1109.0
2015-01-30 11:40:00,2006.5,2007.75,2006.5,2006.5,1344.0
2015-01-30 11:45:00,2006.25,2007.0,2005.25,2007.0,1176.0
2015-01-30 11:50:00,2007.0,2007.0,2005.75,2005.75,1062.0
2015-01-30 11:55:00,2005.75,2007.0,2005.5,2006.0,913.0
2015-01-30 12:00:00,2006.0,2006.75,2005.25,2005.25,1293.0
2015-01-30 12:05:00,2005.25,2005.75,2005.0,2005.0,945.0
2015-01-30 12:10:00,2005.25,2005.25,2003.25,2004.25,2515.0
2015-01-30 12:15:00,2004.5,2005.5,2004.0,2004.5,1960.0
2015-01-30 12:20:00,2004.75,2005.75,2004.5,2005.0,1406.0
2015-01-30 12:25:00,2005.0,2005.25,2004.0,2004.5,1189.0
2015-01-30 12:30:00,2004.75,2006.25,2004.5,2005.5,1416.0
2015-01-30 12:35:00,2005.75,2006.0,2005.0,2006.0,1812.0
2015-01-30 12:40:00,2005.75,2006.0,2004.25,2004.75,1147.0
2015-01-30 12:45:00,2004.75,2005.75,2004.25,2004.75,1551.0
2015-01-30 12:50:00,2005.0,2005.5,2004.0,2004.25,2287.0
2015-01-30 12:55:00,2004.0,2004.0,2002.25,2003.25,2963.0
2015-01-30 13:00:00,2003.0,2003.5,2001.25,2001.5,3808.0
2015-01-30 13:05:00,2001.25,2002.25,2000.0,2002.0,8053.0
2015-01-30 13:10:00,2002.0,2002.5,2001.25,2002.25,3578.0
2015-01-30 13:15:00,2002.5,2002.75,2001.0,2001.25,3661.0
2015-01-30 13:20:00,2001.0,2002.0,2001.0,2001.5,1729.0
2015-01-30 13:25:00,2001.25,2001.5,1997.25,1999.25,6653.0
2015-01-30 13:30:00,1998.75,2002.75,1995.25,2002.0,20353.0
2015-01-30 13:35:00,2002.0,2002.75,1999.5,2000.5,8666.0
2015-01-30 13:40:00,2000.5,2001.75,1999.5,2000.25,4058.0
2015-01-30 13:45:00,2000.25,2001.5,1999.5,1999.5,3606.0
2015-01-30 13:50:00,1999.75,2000.5,1996.0,1997.25,12220.0
2015-01-30 13:55:00,1997.5,1998.5,1997.0,1997.5,3675.0
2015-01-30 14:00:00,1997.5,1999.25,1996.25,1998.75,5556.0
2015-01-30 14:05:00,1998.75,1999.25,1998.0,1999.0,2727.0
2015-01-30 14:10:00,1999.0,2000.75,1997.75,1998.5,7253.0
2015-01-30 14:15:00,1998.75,1999.25,1997.5,1998.5,3553.0
2015-01-30 14:20:00,1998.5,2000.25,1998.25,2000.25,4192.0
2015-01-30 14:25:00,2000.25,2000.25,1998.25,1999.5,5728.0
2015-01-30 14:30:00,1999.5,2007.75,1999.25,2006.75,62180.0
2015-01-30 14:35:00,2006.75,2008.25,2005.0,2006.75,51179.0
2015-01-30 14:40:00,2007.0,2009.75,2005.75,2009.5,29454.0
2015-01-30 14:45:00,2009.75,2012.5,2008.0,2009.75,49019.0
2015-01-30 14:50:00,2009.5,2011.25,2008.0,2009.0,40053.0
2015-01-30 14:55:00,2009.0,2011.5,2008.25,2008.25,25002.0
2015-01-30 15:00:00,2008.5,2009.5,2006.25,2007.5,30232.0
2015-01-30 15:05:00,2007.5,2009.5,2003.5,2004.0,26846.0
2015-01-30 15:10:00,2004.0,2005.5,2002.25,2003.0,21443.0
2015-01-30 15:15:00,2003.0,2005.75,2002.5,2004.5,18941.0
2015-01-30 15:20:00,2004.5,2005.0,2001.0,2002.5,22066.0
2015-01-30 15:25:00,2002.5,2003.75,2000.25,2002.25,19642.0
2015-01-30 15:30:00,2002.25,2002.75,1996.5,1997.0,34450.0
2015-01-30 15:35:00,1997.0,1999.0,1995.75,1998.75,27003.0
2015-01-30 15:40:00,1998.75,2002.0,1998.0,2001.5,22039.0
2015-01-30 15:45:00,2001.25,2004.0,2000.5,2002.75,22283.0
2015-01-30 15:50:00,2002.5,2003.5,2000.0,2001.5,20203.0
2015-01-30 15:55:00,2001.5,2001.5,1997.0,1999.75,20463.0
2015-01-30 16:00:00,1999.75,2002.75,1999.25,2002.5,19788.0
2015-01-30 16:05:00,2002.25,2003.5,1998.25,1998.75,21733.0
2015-01-30 16:10:00,1998.75,1999.75,1994.0,1994.75,31449.0
2015-01-30 16:15:00,1995.0,1995.75,1993.25,1995.25,26945.0
2015-01-30 16:20:00,1995.0,1996.25,1994.0,1995.75,16135.0
2015-01-30 16:25:00,1995.5,1999.0,1994.5,1997.75,20147.0
2015-01-30 16:30:00,1998.0,2001.0,1997.75,1999.75,25523.0
2015-01-30 16:35:00,1999.75,2000.0,1997.5,1998.0,20245.0
2015-01-30 16:40:00,1998.0,1998.75,1994.0,1995.5,20175.0
2015-01-30 16:45:00,1995.25,1998.5,1995.0,1998.25,15091.0
2015-01-30 16:50:00,1998.25,1998.5,1995.5,1995.75,12863.0
2015-01-30 16:55:00,1995.75,2001.25,1994.25,2001.25,20516.0
2015-01-30 17:00:00,2001.5,2005.75,2000.5,2003.5,33879.0
2015-01-30 17:05:00,2003.5,2004.5,2002.5,2003.0,13126.0
2015-01-30 17:10:00,2003.0,2004.75,2002.75,2004.0,12104.0
2015-01-30 17:15:00,2004.0,2008.75,2004.0,2007.75,27712.0
2015-01-30 17:20:00,2007.75,2009.0,2006.5,2009.0,14625.0
2015-01-30 17:25:00,2009.0,2010.0,2007.25,2007.25,14746.0
2015-01-30 17:30:00,2007.5,2008.5,2006.75,2006.75,11470.0
2015-01-30 17:35:00,2006.75,2007.5,2004.5,2004.75,13529.0
2015-01-30 17:40:00,2005.0,2006.0,2004.75,2005.75,10183.0
2015-01-30 17:45:00,2005.75,2005.75,2003.0,2004.25,12224.0
2015-01-30 17:50:00,2004.25,2005.25,2003.25,2004.25,9807.0
2015-01-30 17:55:00,2004.25,2004.25,2000.25,2001.5,16350.0
2015-01-30 18:00:00,2001.25,2004.5,2001.0,2003.75,13042.0
2015-01-30 18:05:00,2004.0,2004.25,2001.75,2003.0,7330.0
2015-01-30 18:10:00,2003.0,2003.5,2001.0,2001.25,7633.0
2015-01-30 18:15:00,2001.25,2001.75,1998.0,1999.75,16830.0
2015-01-30 18:20:00,2000.0,2002.0,1999.0,2001.5,7944.0
2015-01-30 18:25:00,2001.5,2002.75,1999.25,2002.25,11426.0
2015-01-30 18:30:00,2002.5,2004.5,2001.25,2004.0,12918.0
2015-01-30 18:35:00,2004.0,2005.0,2002.75,2003.75,8949.0
2015-01-30 18:40:00,2003.75,2004.0,2001.75,2003.0,10222.0
2015-01-30 18:45:00,2003.0,2007.75,2003.0,2007.75,21204.0
2015-01-30 18:50:00,2007.5,2008.75,2006.75,2007.0,15589.0
2015-01-30 18:55:00,2007.25,2009.75,2006.0,2009.0,20550.0
2015-01-30 19:00:00,2008.75,2009.75,2006.75,2007.5,11752.0
2015-01-30 19:05:00,2007.75,2009.0,2007.0,2008.5,12479.0
2015-01-30 19:10:00,2008.25,2010.25,2006.5,2006.75,18942.0
2015-01-30 19:15:00,2006.5,2010.25,2006.5,2010.0,19587.0
2015-01-30 19:20:00,2010.0,2013.5,2010.0,2012.75,31624.0
2015-01-30 19:25:00,2012.75,2015.5,2012.5,2015.0,25423.0
2015-01-30 19:30:00,2015.0,2017.25,2013.5,2013.75,31355.0
2015-01-30 19:35:00,2013.75,2014.5,2011.25,2011.5,25306.0
2015-01-30 19:40:00,2011.25,2012.25,2009.25,2010.25,18114.0
2015-01-30 19:45:00,2010.25,2010.5,2006.0,2006.25,20163.0
2015-01-30 19:50:00,2006.25,2006.25,2002.5,2005.0,28868.0
2015-01-30 19:55:00,2005.0,2005.25,2000.5,2002.5,21094.0
2015-01-30 20:00:00,2002.5,2005.0,2001.5,2003.0,21275.0
2015-01-30 20:05:00,2003.0,2003.0,1996.75,1999.25,36393.0
2015-01-30 20:10:00,1999.25,2002.0,1997.25,2001.5,20104.0
2015-01-30 20:15:00,2001.5,2001.75,1998.0,1998.25,19739.0
2015-01-30 20:20:00,1998.25,1998.25,1992.0,1997.5,45846.0
2015-01-30 20:25:00,1997.25,1998.75,1994.0,1998.5,31841.0
2015-01-30 20:30:00,1998.5,1999.5,1994.5,1995.25,33340.0
2015-01-30 20:35:00,1995.25,1999.25,1995.0,1996.25,34532.0
2015-01-30 20:40:00,1996.25,1996.5,1989.75,1990.25,46693.0
2015-01-30 20:45:00,1990.5,1994.5,1989.5,1992.0,43360.0
2015-01-30 20:50:00,1992.0,1992.25,1988.75,1989.25,53720.0
2015-01-30 20:55:00,1989.25,1990.25,1986.5,1986.75,53422.0
2015-01-30 21:00:00,1986.75,1990.75,1986.25,1990.25,188101.0
2015-01-30 21:05:00,1990.25,1991.5,1989.75,1990.0,24935.0
2015-01-30 21:10:00,1990.25,1991.75,1990.0,1990.0,16274.0
2015-01-30 21:15:00,1990.25,1991.25,1989.75,1991.25,12645.0
2015-01-30 21:30:00,1990.75,1991.0,1988.5,1989.0,5758.0
2015-01-30 21:35:00,1988.75,1989.5,1988.25,1989.0,2083.0
2015-01-30 21:40:00,1988.75,1989.25,1988.75,1989.0,1026.0
2015-01-30 21:45:00,1989.0,1989.25,1988.25,1988.5,1712.0
2015-01-30 21:50:00,1988.5,1989.0,1988.5,1989.0,317.0
2015-01-30 21:55:00,1989.0,1989.25,1988.75,1989.0,805.0
2015-01-30 22:00:00,1989.25,1989.5,1989.0,1989.25,439.0
2015-01-30 22:05:00,1989.25,1989.5,1989.0,1989.25,153.0
2015-01-30 22:10:00,1989.0,1989.75,1988.75,1989.5,824.0
2015-01-30 22:15:00,1989.75,1990.0,1989.5,1989.75,554.0
2015-02-01 23:00:00,1990.5,1993.0,1990.5,1991.75,4796.0
2015-02-01 23:05:00,1991.75,1993.0,1991.0,1991.0,2767.0
2015-02-01 23:10:00,1991.0,1992.75,1990.5,1991.0,2550.0
2015-02-01 23:15:00,1991.0,1993.5,1991.0,1991.0,1970.0
2015-02-01 23:20:00,1991.0,1991.25,1988.75,1989.25,2981.0
2015-02-01 23:25:00,1989.25,1990.75,1988.25,1988.25,2078.0
2015-02-01 23:30:00,1988.25,1988.5,1986.5,1988.25,2987.0
2015-02-01 23:35:00,1988.0,1988.25,1984.25,1984.75,3889.0
2015-02-01 23:40:00,1985.0,1986.5,1984.0,1985.25,2150.0
2015-02-01 23:45:00,1985.5,1988.5,1985.5,1987.25,847.0
2015-02-01 23:50:00,1987.25,1987.5,1985.75,1986.5,558.0
2015-02-01 23:55:00,1986.25,1987.25,1985.75,1987.0,682.0
2015-02-02 00:00:00,1987.25,1989.0,1986.75,1989.0,938.0
2015-02-02 00:05:00,1989.25,1989.5,1988.75,1989.5,549.0
2015-02-02 00:10:00,1989.25,1989.5,1989.0,1989.0,308.0
2015-02-02 00:15:00,1989.25,1990.25,1989.25,1990.0,431.0
2015-02-02 00:20:00,1990.0,1990.25,1989.5,1990.0,469.0
2015-02-02 00:25:00,1989.75,1989.75,1989.25,1989.5,631.0
2015-02-02 00:30:00,1989.25,1989.5,1988.0,1989.0,605.0
2015-02-02 00:35:00,1989.0,1991.0,1988.75,1990.5,1084.0
2015-02-02 00:40:00,1990.75,1991.5,1990.25,1991.25,646.0
2015-02-02 00:45:00,1991.0,1991.25,1990.5,1990.75,236.0
2015-02-02 00:50:00,1990.75,1991.25,1990.5,1991.0,417.0
2015-02-02 00:55:00,1991.0,1991.5,1991.0,1991.25,331.0
2015-02-02 01:00:00,1991.5,1991.75,1991.0,1991.5,351.0
2015-02-02 01:05:00,1991.75,1992.0,1991.5,1991.75,276.0
2015-02-02 01:10:00,1991.75,1992.0,1991.0,1991.0,235.0
2015-02-02 01:15:00,1991.25,1991.5,1991.0,1991.0,316.0
2015-02-02 01:20:00,1990.75,1992.5,1990.75,1992.5,560.0
2015-02-02 01:25:00,1992.25,1992.75,1990.0,1990.25,736.0
2015-02-02 01:30:00,1990.5,1991.5,1990.0,1991.0,453.0
2015-02-02 01:35:00,1991.0,1991.25,1990.75,1991.25,154.0
2015-02-02 01:40:00,1991.25,1993.0,1991.25,1993.0,627.0
2015-02-02 01:45:00,1992.75,1993.0,1992.0,1992.0,527.0
2015-02-02 01:50:00,1991.75,1992.5,1991.25,1992.0,382.0
2015-02-02 01:55:00,1992.0,1993.5,1992.0,1993.25,470.0
2015-02-02 02:00:00,1993.25,1993.5,1993.0,1993.0,420.0
2015-02-02 02:05:00,1993.0,1993.5,1993.0,1993.5,229.0
2015-02-02 02:10:00,1993.25,1993.5,1993.25,1993.25,163.0
2015-02-02 02:15:00,1993.25,1995.0,1993.25,1993.25,1344.0
2015-02-02 02:20:00,1993.25,1993.5,1993.0,1993.0,113.0
2015-02-02 02:25:00,1993.25,1993.5,1993.0,1993.0,317.0
2015-02-02 02:30:00,1993.25,1993.5,1993.25,1993.25,186.0
2015-02-02 02:35:00,1993.25,1993.5,1991.25,1991.25,440.0
2015-02-02 02:40:00,1991.25,1991.5,1990.5,1991.0,358.0
2015-02-02 02:45:00,1991.25,1991.5,1990.75,1991.5,268.0
2015-02-02 02:50:00,1991.25,1991.5,1991.0,1991.0,88.0
2015-02-02 02:55:00,1991.25,1991.5,1990.75,1991.5,132.0
2015-02-02 03:00:00,1991.5,1992.75,1991.5,1992.25,393.0
2015-02-02 03:05:00,1992.25,1993.25,1992.25,1993.0,209.0
2015-02-02 03:10:00,1993.0,1993.25,1992.75,1993.25,268.0
2015-02-02 03:15:00,1993.25,1993.5,1992.75,1993.0,237.0
2015-02-02 03:20:00,1993.0,1993.75,1993.0,1993.5,96.0
2015-02-02 03:25:00,1993.5,1994.0,1993.5,1994.0,225.0
2015-02-02 03:30:00,1993.75,1994.0,1993.0,1993.75,384.0
2015-02-02 03:35:00,1993.75,1994.0,1993.5,1993.5,165.0
2015-02-02 03:40:00,1993.25,1993.5,1993.0,1993.5,135.0
2015-02-02 03:45:00,1993.5,1994.0,1993.5,1994.0,273.0
2015-02-02 03:50:00,1994.0,1994.5,1993.75,1994.0,403.0
2015-02-02 03:55:00,1994.0,1994.0,1993.5,1993.75,53.0
2015-02-02 04:00:00,1993.5,1993.5,1992.75,1992.75,87.0
2015-02-02 04:05:00,1992.75,1992.75,1991.75,1991.75,428.0
2015-02-02 04:10:00,1992.0,1992.25,1991.75,1992.0,329.0
2015-02-02 04:15:00,1992.0,1992.25,1991.75,1992.0,85.0
2015-02-02 04:20:00,1992.25,1992.5,1992.25,1992.5,179.0
2015-02-02 04:25:00,1992.5,1992.5,1992.25,1992.5,79.0
2015-02-02 04:30:00,1992.5,1993.0,1992.0,1992.5,217.0
2015-02-02 04:35:00,1992.25,1992.25,1991.75,1991.75,110.0
2015-02-02 04:40:00,1991.75,1992.0,1991.5,1991.75,369.0
2015-02-02 04:45:00,1991.5,1992.0,1991.0,1991.25,386.0
2015-02-02 04:50:00,1991.0,1991.5,1990.5,1991.0,390.0
2015-02-02 04:55:00,1991.0,1991.25,1990.5,1990.5,158.0
2015-02-02 05:00:00,1990.75,1991.25,1990.75,1991.25,165.0
2015-02-02 05:05:00,1991.25,1991.5,1991.25,1991.5,79.0
2015-02-02 05:10:00,1991.5,1992.0,1991.25,1991.75,220.0
2015-02-02 05:15:00,1991.75,1992.0,1991.75,1991.75,37.0
2015-02-02 05:20:00,1991.75,1991.75,1991.5,1991.5,117.0
2015-02-02 05:25:00,1991.5,1991.5,1991.0,1991.0,141.0
2015-02-02 05:30:00,1991.0,1991.0,1990.75,1991.0,134.0
2015-02-02 05:35:00,1991.0,1991.0,1990.75,1991.0,37.0
2015-02-02 05:40:00,1991.0,1992.0,1991.0,1991.75,305.0
2015-02-02 05:45:00,1991.75,1992.25,1991.5,1992.25,180.0
2015-02-02 05:50:00,1992.0,1992.5,1991.25,1991.25,173.0
2015-02-02 05:55:00,1991.25,1991.25,1991.0,1991.25,14.0
2015-02-02 06:00:00,1991.25,1991.25,1990.75,1991.0,235.0
2015-02-02 06:05:00,1991.0,1991.25,1990.75,1991.0,144.0
2015-02-02 06:10:00,1991.0,1991.25,1991.0,1991.25,106.0
2015-02-02 06:15:00,1991.0,1991.25,1991.0,1991.25,89.0
2015-02-02 06:20:00,1991.5,1991.5,1991.25,1991.25,37.0
2015-02-02 06:25:00,1991.5,1992.0,1991.25,1991.75,116.0
2015-02-02 06:30:00,1992.0,1992.0,1991.5,1991.75,55.0
2015-02-02 06:35:00,1991.5,1991.75,1991.25,1991.25,80.0
2015-02-02 06:40:00,1991.25,1991.25,1990.75,1990.75,82.0
2015-02-02 06:45:00,1991.0,1991.0,1990.5,1990.75,150.0
2015-02-02 06:50:00,1990.75,1992.0,1990.75,1991.75,238.0
2015-02-02 06:55:00,1991.75,1991.75,1991.0,1991.5,166.0
2015-02-02 07:00:00,1991.5,1994.25,1991.5,1993.25,1137.0
2015-02-02 07:05:00,1993.25,1993.75,1992.25,1993.25,838.0
2015-02-02 07:10:00,1993.5,1994.5,1993.5,1994.25,486.0
2015-02-02 07:15:00,1994.25,1995.75,1994.0,1995.0,1597.0
2015-02-02 07:20:00,1995.0,1995.5,1994.25,1994.75,641.0
2015-02-02 07:25:00,1994.75,1994.75,1993.75,1994.25,681.0
2015-02-02 07:30:00,1994.0,1995.0,1994.0,1994.75,692.0
2015-02-02 07:35:00,1995.0,1995.5,1995.0,1995.25,472.0
2015-02-02 07:40:00,1995.25,1995.5,1994.5,1994.5,673.0
2015-02-02 07:45:00,1994.5,1994.75,1991.75,1992.5,931.0
2015-02-02 07:50:00,1992.5,1992.75,1992.0,1992.75,532.0
2015-02-02 07:55:00,1992.5,1993.5,1992.5,1993.25,708.0
2015-02-02 08:00:00,1993.5,1996.0,1993.5,1993.5,3362.0
2015-02-02 08:05:00,1993.5,1993.5,1992.25,1993.25,1874.0
2015-02-02 08:10:00,1993.0,1993.0,1990.75,1991.25,2531.0
2015-02-02 08:15:00,1991.25,1993.25,1990.5,1993.25,2672.0
2015-02-02 08:20:00,1993.0,1994.5,1992.5,1993.5,1882.0
2015-02-02 08:25:00,1993.5,1993.75,1992.25,1993.25,1074.0
2015-02-02 08:30:00,1993.0,1994.75,1993.0,1994.75,1880.0
2015-02-02 08:35:00,1994.75,1995.5,1993.75,1994.5,2719.0
2015-02-02 08:40:00,1994.5,1995.25,1994.25,1994.75,1122.0
2015-02-02 08:45:00,1994.5,1996.0,1994.5,1995.5,1829.0
2015-02-02 08:50:00,1995.75,1995.75,1992.25,1992.5,1555.0
2015-02-02 08:55:00,1992.5,1993.0,1991.25,1991.75,1489.0
2015-02-02 09:00:00,1991.75,1992.0,1991.25,1991.5,928.0
2015-02-02 09:05:00,1991.25,1992.25,1991.0,1991.5,944.0
2015-02-02 09:10:00,1991.5,1993.0,1990.75,1991.25,1647.0
2015-02-02 09:15:00,1991.0,1991.25,1988.25,1988.5,3864.0
2015-02-02 09:20:00,1988.75,1990.5,1988.75,1990.0,2697.0
2015-02-02 09:25:00,1990.25,1991.75,1990.25,1991.0,1202.0
2015-02-02 09:30:00,1990.75,1993.5,1990.75,1992.75,1422.0
2015-02-02 09:35:00,1993.0,1993.0,1992.0,1992.0,418.0
2015-02-02 09:40:00,1992.0,1992.75,1990.0,1990.25,953.0
2015-02-02 09:45:00,1990.5,1991.0,1989.0,1989.0,1366.0
2015-02-02 09:50:00,1989.0,1991.5,1989.0,1990.0,983.0
2015-02-02 09:55:00,1990.0,1991.25,1989.0,1991.25,748.0
2015-02-02 10:00:00,1991.25,1992.0,1989.75,1990.5,1262.0
2015-02-02 10:05:00,1990.5,1990.75,1988.75,1990.25,1391.0
2015-02-02 10:10:00,1990.0,1990.0,1987.25,1988.75,2968.0
2015-02-02 10:15:00,1988.75,1989.0,1987.75,1987.75,1653.0
2015-02-02 10:20:00,1988.0,1988.75,1987.75,1988.75,1361.0
2015-02-02 10:25:00,1988.75,1989.75,1988.0,1989.0,817.0
2015-02-02 10:30:00,1989.0,1989.5,1988.5,1988.75,453.0
2015-02-02 10:35:00,1988.5,1988.5,1987.25,1988.25,1141.0
2015-02-02 10:40:00,1988.5,1989.0,1988.0,1989.0,632.0
2015-02-02 10:45:00,1989.0,1991.75,1989.0,1991.5,1624.0
2015-02-02 10:50:00,1991.5,1992.0,1991.0,1991.75,1044.0
2015-02-02 10:55:00,1991.75,1992.0,1990.75,1991.0,910.0
2015-02-02 11:00:00,1991.25,1991.25,1990.5,1991.25,761.0
2015-02-02 11:05:00,1991.25,1995.0,1991.0,1993.5,3798.0
2015-02-02 11:10:00,1993.25,1996.0,1993.0,1995.5,3234.0
2015-02-02 11:15:00,1995.25,1995.75,1994.75,1995.25,1723.0
2015-02-02 11:20:00,1995.5,1996.25,1995.25,1996.0,1255.0
2015-02-02 11:25:00,1996.0,1998.0,1995.5,1997.5,2453.0
2015-02-02 11:30:00,1997.5,1997.75,1997.0,1997.25,1051.0
2015-02-02 11:35:00,1997.5,1997.5,1997.0,1997.5,758.0
2015-02-02 11:40:00,1997.5,1997.75,1995.75,1996.0,868.0
2015-02-02 11:45:00,1996.0,1997.0,1996.0,1996.5,856.0
2015-02-02 11:50:00,1996.5,1996.5,1995.5,1996.5,715.0
2015-02-02 11:55:00,1996.25,1996.5,1995.0,1995.0,1014.0
2015-02-02 12:00:00,1995.25,1995.75,1994.75,1995.0,1445.0
2015-02-02 12:05:00,1995.25,1995.5,1994.0,1994.25,930.0
2015-02-02 12:10:00,1994.25,1995.5,1994.0,1995.25,917.0
2015-02-02 12:15:00,1995.5,1995.75,1994.5,1995.5,1010.0
2015-02-02 12:20:00,1995.75,1996.0,1994.75,1995.75,1338.0
2015-02-02 12:25:00,1995.75,1996.25,1994.75,1995.75,1451.0
2015-02-02 12:30:00,1995.5,1996.0,1993.5,1993.75,1924.0
2015-02-02 12:35:00,1993.75,1994.0,1993.0,1993.25,1757.0
2015-02-02 12:40:00,1993.5,1994.25,1992.75,1993.25,1930.0
2015-02-02 12:45:00,1993.0,1995.25,1993.0,1995.0,1708.0
2015-02-02 12:50:00,1994.75,1994.75,1993.5,1994.25,1315.0
2015-02-02 12:55:00,1994.25,1994.25,1992.25,1993.0,1375.0
2015-02-02 13:00:00,1992.75,1993.5,1991.75,1992.0,2553.0
2015-02-02 13:05:00,1992.0,1993.0,1991.5,1991.75,2084.0
2015-02-02 13:10:00,1992.0,1992.5,1991.25,1992.0,2728.0
2015-02-02 13:15:00,1992.0,1993.5,1992.0,1992.75,1792.0
2015-02-02 13:20:00,1993.0,1993.25,1992.75,1993.0,1306.0
2015-02-02 13:25:00,1993.0,1993.25,1992.0,1993.25,704.0
2015-02-02 13:30:00,1993.0,1993.0,1989.5,1991.0,4348.0
2015-02-02 13:35:00,1990.75,1991.5,1990.75,1991.5,1648.0
2015-02-02 13:40:00,1991.25,1993.25,1991.25,1992.25,1749.0
2015-02-02 13:45:00,1992.5,1994.25,1991.25,1993.75,3217.0
2015-02-02 13:50:00,1993.5,1994.25,1991.75,1991.75,1657.0
2015-02-02 13:55:00,1991.75,1992.25,1990.25,1991.25,3166.0
2015-02-02 14:00:00,1991.5,1993.75,1990.5,1992.75,8181.0
2015-02-02 14:05:00,1993.0,1995.75,1993.0,1995.75,4636.0
2015-02-02 14:10:00,1995.75,1997.0,1995.0,1996.5,4952.0
2015-02-02 14:15:00,1996.5,1996.75,1996.0,1996.0,1931.0
2015-02-02 14:20:00,1996.0,1997.0,1996.0,1996.25,2827.0
2015-02-02 14:25:00,1996.25,1996.5,1995.5,1995.75,7236.0
2015-02-02 14:30:00,1996.0,1998.0,1992.25,1992.25,53951.0
2015-02-02 14:35:00,1992.25,1996.0,1991.0,1992.75,42339.0
2015-02-02 14:40:00,1993.0,1993.25,1986.75,1987.5,38227.0
2015-02-02 14:45:00,1987.5,1992.25,1986.25,1990.75,43065.0
2015-02-02 14:50:00,1990.5,1991.75,1985.25,1986.0,35853.0
2015-02-02 14:55:00,1986.0,1988.5,1985.75,1986.0,19825.0
2015-02-02 15:00:00,1986.0,1986.25,1978.5,1981.25,54765.0
2015-02-02 15:05:00,1981.25,1981.75,1973.75,1976.75,56313.0
2015-02-02 15:10:00,1976.5,1979.5,1974.0,1978.5,50846.0
2015-02-02 15:15:00,1978.5,1980.25,1977.25,1979.0,32775.0
2015-02-02 15:20:00,1979.25,1981.5,1978.5,1979.5,36849.0
2015-02-02 15:25:00,1979.5,1983.0,1978.25,1980.5,25557.0
2015-02-02 15:30:00,1980.5,1981.25,1976.5,1977.0,24221.0
2015-02-02 15:35:00,1977.0,1983.5,1976.75,1982.5,19083.0
2015-02-02 15:40:00,1982.75,1985.5,1982.25,1984.5,24078.0
2015-02-02 15:45:00,1984.75,1985.25,1981.25,1982.0,18461.0
2015-02-02 15:50:00,1982.0,1988.0,1981.5,1987.0,23341.0
2015-02-02 15:55:00,1987.0,1987.25,1984.5,1986.25,15045.0
2015-02-02 16:00:00,1986.25,1990.75,1985.25,1990.5,23438.0
2015-02-02 16:05:00,1990.75,1993.75,1990.0,1992.0,28116.0
2015-02-02 16:10:00,1992.0,1996.0,1991.25,1994.0,29590.0
2015-02-02 16:15:00,1994.0,1995.25,1992.75,1993.0,16286.0
2015-02-02 16:20:00,1993.0,1994.0,1991.25,1994.0,18842.0
2015-02-02 16:25:00,1993.75,1997.0,1991.75,1996.5,24822.0
2015-02-02 16:30:00,1996.5,1999.75,1996.0,1998.75,26614.0
2015-02-02 16:35:00,1998.75,2003.5,1998.0,2003.0,40594.0
2015-02-02 16:40:00,2003.0,2003.0,1999.75,2001.75,26636.0
2015-02-02 16:45:00,2002.0,2004.0,2000.5,2002.0,20123.0
2015-02-02 16:50:00,2002.0,2002.5,1999.5,1999.75,13996.0
2015-02-02 16:55:00,2000.0,2000.75,1998.25,1999.75,15885.0
2015-02-02 17:00:00,1999.75,2000.25,1995.0,1995.5,30301.0
2015-02-02 17:05:00,1995.5,1996.25,1994.0,1995.25,17636.0
2015-02-02 17:10:00,1995.25,1996.0,1994.0,1994.25,12801.0
2015-02-02 17:15:00,1994.0,1996.75,1993.5,1996.0,12867.0
2015-02-02 17:20:00,1996.0,1997.0,1993.25,1993.25,12916.0
2015-02-02 17:25:00,1993.75,1994.25,1992.25,1993.75,11838.0
2015-02-02 17:30:00,1993.75,1994.75,1992.5,1993.25,10310.0
2015-02-02 17:35:00,1993.25,1996.0,1993.25,1994.25,9814.0
2015-02-02 17:40:00,1994.0,1997.0,1994.0,1994.5,9432.0
2015-02-02 17:45:00,1994.5,1996.75,1990.5,1991.0,15443.0
2015-02-02 17:50:00,1991.0,1991.75,1989.5,1991.0,13851.0
2015-02-02 17:55:00,1991.25,1992.25,1989.75,1991.25,15930.0
2015-02-02 18:00:00,1991.25,1991.25,1986.5,1987.25,18245.0
2015-02-02 18:05:00,1987.0,1988.75,1986.25,1988.25,12372.0
2015-02-02 18:10:00,1988.25,1991.5,1987.75,1990.75,13678.0
2015-02-02 18:15:00,1990.75,1991.0,1988.0,1989.25,13793.0
2015-02-02 18:20:00,1989.5,1993.75,1988.5,1993.75,13062.0
2015-02-02 18:25:00,1993.75,1994.75,1992.0,1992.5,14362.0
2015-02-02 18:30:00,1992.25,1995.5,1992.25,1992.75,11881.0
2015-02-02 18:35:00,1992.5,1992.75,1988.5,1989.25,12405.0
2015-02-02 18:40:00,1989.25,1989.25,1984.5,1985.0,16465.0
2015-02-02 18:45:00,1984.75,1987.0,1984.25,1986.0,13914.0
2015-02-02 18:50:00,1986.0,1988.0,1985.25,1987.5,8757.0
2015-02-02 18:55:00,1987.5,1987.5,1983.5,1984.5,14779.0
2015-02-02 19:00:00,1984.25,1988.0,1983.5,1987.25,11931.0
2015-02-02 19:05:00,1987.25,1990.25,1986.5,1989.5,11176.0
2015-02-02 19:10:00,1989.25,1989.25,1987.5,1989.0,9440.0
2015-02-02 19:15:00,1988.75,1992.25,1988.25,1992.0,11511.0
2015-02-02 19:20:00,1992.25,1993.5,1991.25,1993.0,13762.0
2015-02-02 19:25:00,1993.0,1995.0,1991.75,1994.75,10575.0
2015-02-02 19:30:00,1994.75,1996.5,1992.75,1994.25,14871.0
2015-02-02 19:35:00,1994.0,1996.0,1992.75,1993.0,7694.0
2015-02-02 19:40:00,1993.0,1994.25,1991.5,1993.25,7963.0
2015-02-02 19:45:00,1993.5,1994.0,1989.25,1990.0,15553.0
2015-02-02 19:50:00,1990.25,1995.5,1989.75,1993.5,21305.0
2015-02-02 19:55:00,1993.25,1994.0,1989.25,1990.25,19079.0
2015-02-02 20:00:00,1990.25,1992.5,1990.0,1990.75,9934.0
2015-02-02 20:05:00,1990.75,1993.75,1990.25,1992.0,9112.0
2015-02-02 20:10:00,1992.0,1998.25,1992.0,1997.25,21497.0
2015-02-02 20:15:00,1997.25,1998.75,1995.25,1996.5,15655.0
2015-02-02 20:20:00,1996.25,2001.5,1996.25,2000.5,19321.0
2015-02-02 20:25:00,2000.75,2000.75,1998.25,1999.25,11066.0
2015-02-02 20:30:00,1999.0,2003.0,1999.0,2002.5,13431.0
2015-02-02 20:35:00,2002.5,2006.75,2000.0,2006.5,29780.0
2015-02-02 20:40:00,2006.5,2015.5,2006.5,2015.0,66532.0
2015-02-02 20:45:00,2014.75,2015.5,2010.75,2011.75,45191.0
2015-02-02 20:50:00,2012.0,2014.25,2011.0,2013.5,30141.0
2015-02-02 20:55:00,2013.75,2013.75,2011.0,2013.0,32511.0
2015-02-02 21:00:00,2012.75,2016.25,2012.5,2016.0,72389.0
2015-02-02 21:05:00,2016.0,2018.25,2015.75,2018.25,21878.0
2015-02-02 21:10:00,2018.0,2018.5,2016.25,2017.5,13988.0
2015-02-02 21:15:00,2017.5,2017.75,2016.5,2016.75,9082.0
2015-02-02 21:30:00,2016.25,2016.25,2015.5,2015.75,3908.0
2015-02-02 21:35:00,2015.75,2016.25,2014.75,2015.25,1567.0
2015-02-02 21:40:00,2015.25,2015.75,2014.5,2015.75,1240.0
2015-02-02 21:45:00,2015.75,2016.25,2015.25,2016.0,971.0
2015-02-02 21:50:00,2016.25,2016.5,2015.5,2015.5,609.0
2015-02-02 21:55:00,2015.25,2015.5,2015.0,2015.25,639.0
2015-02-02 22:00:00,2015.25,2015.5,2015.25,2015.25,382.0
2015-02-02 22:05:00,2015.25,2015.5,2015.25,2015.25,128.0
2015-02-02 22:10:00,2015.5,2016.0,2015.25,2015.5,762.0
2015-02-02 22:15:00,2015.5,2015.75,2015.0,2015.25,601.0
2015-02-02 23:00:00,2015.0,2015.5,2014.5,2014.75,1095.0
2015-02-02 23:05:00,2014.75,2015.25,2014.5,2015.25,266.0
2015-02-02 23:10:00,2015.25,2016.0,2015.0,2016.0,306.0
2015-02-02 23:15:00,2016.0,2016.5,2015.75,2016.0,325.0
2015-02-02 23:20:00,2016.0,2016.25,2015.5,2015.75,257.0
2015-02-02 23:25:00,2015.75,2016.25,2015.5,2016.0,138.0
2015-02-02 23:30:00,2016.25,2016.5,2016.0,2016.25,163.0
2015-02-02 23:35:00,2016.5,2016.5,2015.75,2015.75,218.0
2015-02-02 23:40:00,2016.0,2016.0,2015.0,2015.0,389.0
2015-02-02 23:45:00,2015.25,2015.25,2015.0,2015.0,183.0
2015-02-02 23:50:00,2015.0,2015.75,2014.75,2015.0,236.0
2015-02-02 23:55:00,2015.0,2015.0,2014.5,2014.75,495.0
2015-02-03 00:00:00,2014.75,2014.75,2014.25,2014.5,858.0
2015-02-03 00:05:00,2014.5,2014.5,2013.75,2013.75,624.0
2015-02-03 00:10:00,2014.0,2014.25,2013.5,2014.0,741.0
2015-02-03 00:15:00,2014.0,2014.25,2013.75,2014.25,406.0
2015-02-03 00:20:00,2014.25,2014.25,2013.75,2014.0,287.0
2015-02-03 00:25:00,2014.0,2014.0,2013.5,2013.5,621.0
2015-02-03 00:30:00,2013.5,2013.75,2013.5,2013.75,291.0
2015-02-03 00:35:00,2013.75,2013.75,2012.75,2012.75,1512.0
2015-02-03 00:40:00,2013.0,2013.25,2012.0,2012.0,1093.0
2015-02-03 00:45:00,2012.0,2012.25,2011.0,2011.75,1180.0
2015-02-03 00:50:00,2012.0,2012.0,2011.25,2011.75,802.0
2015-02-03 00:55:00,2011.5,2012.25,2011.5,2011.75,506.0
2015-02-03 01:00:00,2012.0,2012.5,2011.5,2012.25,579.0
2015-02-03 01:05:00,2012.5,2012.5,2012.0,2012.25,371.0
2015-02-03 01:10:00,2012.5,2012.5,2011.75,2012.0,311.0
2015-02-03 01:15:00,2011.75,2012.25,2011.75,2012.25,187.0
2015-02-03 01:20:00,2012.25,2012.25,2011.75,2012.0,144.0
2015-02-03 01:25:00,2012.0,2012.75,2011.75,2012.75,243.0
2015-02-03 01:30:00,2012.75,2012.75,2012.25,2012.5,185.0
2015-02-03 01:35:00,2012.75,2013.0,2012.5,2012.75,190.0
2015-02-03 01:40:00,2012.75,2013.75,2012.5,2013.5,562.0
2015-02-03 01:45:00,2013.75,2014.0,2013.5,2013.75,382.0
2015-02-03 01:50:00,2013.75,2013.75,2013.0,2013.0,364.0
2015-02-03 01:55:00,2013.0,2013.0,2012.25,2012.25,319.0
2015-02-03 02:00:00,2012.25,2013.0,2012.25,2013.0,132.0
2015-02-03 02:05:00,2013.0,2013.0,2012.5,2012.75,103.0
2015-02-03 02:10:00,2013.0,2013.0,2012.25,2012.25,144.0
2015-02-03 02:15:00,2012.25,2012.25,2011.75,2012.25,178.0
2015-02-03 02:20:00,2012.0,2012.25,2011.75,2012.0,222.0
2015-02-03 02:25:00,2012.25,2012.5,2012.0,2012.25,138.0
2015-02-03 02:30:00,2012.0,2012.5,2012.0,2012.25,76.0
2015-02-03 02:35:00,2012.25,2012.75,2012.25,2012.5,55.0
2015-02-03 02:40:00,2012.75,2013.0,2012.5,2012.75,175.0
2015-02-03 02:45:00,2012.75,2012.75,2012.0,2012.0,199.0
2015-02-03 02:50:00,2012.0,2012.5,2012.0,2012.5,103.0
2015-02-03 02:55:00,2012.5,2012.5,2012.25,2012.25,8.0
2015-02-03 03:00:00,2012.5,2012.5,2011.5,2012.0,236.0
2015-02-03 03:05:00,2012.0,2012.5,2012.0,2012.5,89.0
2015-02-03 03:10:00,2012.25,2012.25,2012.0,2012.25,65.0
2015-02-03 03:15:00,2012.25,2012.75,2012.0,2012.5,408.0
2015-02-03 03:20:00,2012.75,2012.75,2012.5,2012.5,150.0
2015-02-03 03:25:00,2012.5,2014.25,2012.25,2013.5,842.0
2015-02-03 03:30:00,2013.5,2015.0,2013.0,2013.75,1478.0
2015-02-03 03:35:00,2013.75,2013.75,2012.0,2012.75,854.0
2015-02-03 03:40:00,2012.5,2012.75,2012.25,2012.5,239.0
2015-02-03 03:45:00,2012.25,2012.75,2012.0,2012.0,1345.0
2015-02-03 03:50:00,2012.0,2012.5,2011.5,2011.5,1146.0
2015-02-03 03:55:00,2011.5,2012.5,2011.5,2012.25,583.0
2015-02-03 04:00:00,2012.25,2012.5,2011.25,2011.25,1103.0
2015-02-03 04:05:00,2011.25,2011.75,2010.5,2011.0,1257.0
2015-02-03 04:10:00,2011.0,2011.0,2009.5,2010.75,1314.0
2015-02-03 04:15:00,2010.5,2011.0,2010.25,2010.5,246.0
2015-02-03 04:20:00,2010.75,2011.0,2010.0,2010.25,146.0
2015-02-03 04:25:00,2010.25,2010.25,2009.0,2009.75,803.0
2015-02-03 04:30:00,2009.75,2009.75,2009.25,2009.5,331.0
2015-02-03 04:35:00,2009.5,2009.75,2008.75,2009.0,401.0
2015-02-03 04:40:00,2009.0,2009.25,2008.5,2009.0,474.0
2015-02-03 04:45:00,2009.25,2010.5,2009.25,2010.0,419.0
2015-02-03 04:50:00,2010.0,2010.5,2009.75,2010.25,226.0
2015-02-03 04:55:00,2010.25,2010.25,2009.25,2009.25,249.0
2015-02-03 05:00:00,2009.25,2009.25,2008.5,2009.0,563.0
2015-02-03 05:05:00,2009.0,2009.25,2008.5,2008.75,489.0
2015-02-03 05:10:00,2008.75,2009.25,2008.5,2008.5,192.0
2015-02-03 05:15:00,2008.75,2009.0,2008.5,2008.5,367.0
2015-02-03 05:20:00,2008.5,2008.75,2007.0,2007.5,1476.0
2015-02-03 05:25:00,2007.75,2008.0,2007.5,2008.0,161.0
2015-02-03 05:30:00,2008.0,2008.0,2007.0,2007.5,431.0
2015-02-03 05:35:00,2007.75,2009.0,2007.5,2009.0,226.0
2015-02-03 05:40:00,2009.25,2009.75,2009.0,2009.5,222.0
2015-02-03 05:45:00,2009.75,2009.75,2008.75,2009.0,195.0
2015-02-03 05:50:00,2008.75,2009.5,2008.5,2009.25,389.0
2015-02-03 05:55:00,2009.25,2009.5,2009.25,2009.25,78.0
2015-02-03 06:00:00,2009.25,2009.25,2008.5,2009.25,292.0
2015-02-03 06:05:00,2009.25,2009.75,2009.0,2009.75,176.0
2015-02-03 06:10:00,2009.75,2010.5,2009.25,2010.0,525.0
2015-02-03 06:15:00,2010.25,2010.25,2009.75,2010.25,101.0
2015-02-03 06:20:00,2010.25,2010.25,2009.75,2010.0,121.0
2015-02-03 06:25:00,2010.0,2010.0,2009.25,2010.0,293.0
2015-02-03 06:30:00,2010.0,2010.75,2009.75,2010.0,464.0
2015-02-03 06:35:00,2010.25,2010.75,2010.0,2010.5,180.0
2015-02-03 06:40:00,2010.5,2010.75,2010.25,2010.5,159.0
2015-02-03 06:45:00,2010.5,2011.0,2010.5,2011.0,440.0
2015-02-03 06:50:00,2010.75,2011.75,2010.75,2011.5,322.0
2015-02-03 06:55:00,2011.5,2013.0,2011.5,2012.5,491.0
2015-02-03 07:00:00,2012.5,2012.75,2011.25,2011.75,731.0
2015-02-03 07:05:00,2012.0,2012.25,2011.5,2012.0,262.0
2015-02-03 07:10:00,2012.0,2013.75,2011.75,2013.75,915.0
2015-02-03 07:15:00,2013.5,2014.75,2013.5,2013.75,1891.0
2015-02-03 07:20:00,2014.0,2015.75,2013.75,2014.75,832.0
2015-02-03 07:25:00,2015.0,2015.25,2014.25,2015.0,636.0
2015-02-03 07:30:00,2015.0,2015.5,2013.75,2013.75,726.0
2015-02-03 07:35:00,2013.75,2014.75,2013.25,2013.25,728.0
2015-02-03 07:40:00,2013.5,2014.5,2013.0,2013.25,501.0
2015-02-03 07:45:00,2013.25,2014.75,2012.75,2014.25,921.0
2015-02-03 07:50:00,2014.25,2015.0,2013.75,2015.0,378.0
2015-02-03 07:55:00,2014.75,2015.0,2014.25,2014.25,568.0
2015-02-03 08:00:00,2014.0,2015.0,2013.0,2013.5,1588.0
2015-02-03 08:05:00,2013.5,2016.25,2013.25,2015.25,3519.0
2015-02-03 08:10:00,2015.5,2016.5,2015.0,2015.25,2410.0
2015-02-03 08:15:00,2015.25,2016.75,2015.25,2015.75,1679.0
2015-02-03 08:20:00,2015.75,2018.25,2015.75,2018.25,2443.0
2015-02-03 08:25:00,2018.25,2019.5,2017.75,2018.5,2479.0
2015-02-03 08:30:00,2018.5,2020.0,2017.25,2020.0,2190.0
2015-02-03 08:35:00,2020.0,2020.5,2019.0,2019.25,2546.0
2015-02-03 08:40:00,2019.25,2022.5,2019.25,2021.0,5282.0
2015-02-03 08:45:00,2021.0,2022.5,2021.0,2022.0,3506.0
2015-02-03 08:50:00,2022.25,2023.25,2021.75,2023.25,1815.0
2015-02-03 08:55:00,2023.0,2024.75,2023.0,2024.5,2149.0
2015-02-03 09:00:00,2024.5,2025.0,2023.0,2023.0,2717.0
2015-02-03 09:05:00,2023.25,2023.5,2022.0,2023.0,1985.0
2015-02-03 09:10:00,2023.0,2023.5,2022.75,2022.75,716.0
2015-02-03 09:15:00,2022.75,2023.25,2022.0,2022.25,1139.0
2015-02-03 09:20:00,2022.25,2023.5,2022.0,2023.0,2300.0
2015-02-03 09:25:00,2023.0,2023.25,2021.25,2021.5,1455.0
2015-02-03 09:30:00,2021.5,2022.0,2019.75,2020.0,1316.0
2015-02-03 09:35:00,2020.25,2020.25,2017.75,2018.0,1925.0
2015-02-03 09:40:00,2018.0,2019.25,2017.75,2018.0,1520.0
2015-02-03 09:45:00,2018.25,2018.5,2016.25,2017.25,2422.0
2015-02-03 09:50:00,2017.0,2017.5,2016.5,2016.75,890.0
2015-02-03 09:55:00,2016.75,2017.75,2016.0,2017.0,2314.0
2015-02-03 10:00:00,2017.0,2017.75,2016.5,2017.0,676.0
2015-02-03 10:05:00,2017.0,2018.5,2017.0,2018.25,1315.0
2015-02-03 10:10:00,2018.25,2018.75,2017.75,2018.5,664.0
2015-02-03 10:15:00,2018.5,2019.75,2018.5,2019.0,1499.0
2015-02-03 10:20:00,2019.25,2019.75,2018.5,2019.5,650.0
2015-02-03 10:25:00,2019.25,2020.0,2019.0,2019.0,885.0
2015-02-03 10:30:00,2019.25,2019.25,2017.5,2017.75,1231.0
2015-02-03 10:35:00,2017.75,2020.0,2017.75,2020.0,826.0
2015-02-03 10:40:00,2020.0,2020.25,2019.0,2020.0,898.0
2015-02-03 10:45:00,2020.0,2022.5,2020.0,2022.25,1612.0
2015-02-03 10:50:00,2022.5,2022.5,2021.5,2022.0,1345.0
2015-02-03 10:55:00,2021.75,2022.75,2021.5,2021.5,1210.0
2015-02-03 11:00:00,2021.75,2021.75,2020.0,2021.5,1381.0
2015-02-03 11:05:00,2021.5,2021.75,2020.25,2021.5,1095.0
2015-02-03 11:10:00,2021.5,2024.0,2021.5,2022.75,2133.0
2015-02-03 11:15:00,2022.75,2023.75,2021.5,2023.25,1356.0
2015-02-03 11:20:00,2023.25,2023.75,2023.0,2023.75,999.0
2015-02-03 11:25:00,2023.5,2023.75,2022.75,2022.75,593.0
2015-02-03 11:30:00,2022.75,2025.0,2022.75,2025.0,953.0
2015-02-03 11:35:00,2024.75,2028.0,2024.75,2026.25,6981.0
2015-02-03 11:40:00,2026.5,2026.75,2024.75,2024.75,1350.0
2015-02-03 11:45:00,2024.75,2025.25,2024.25,2024.25,537.0
2015-02-03 11:50:00,2024.5,2025.75,2024.0,2025.75,902.0
2015-02-03 11:55:00,2025.75,2026.25,2024.5,2024.75,1456.0
2015-02-03 12:00:00,2025.0,2025.0,2023.75,2024.0,765.0
2015-02-03 12:05:00,2024.25,2024.75,2023.5,2024.5,1049.0
2015-02-03 12:10:00,2024.75,2025.75,2024.0,2025.5,1370.0
2015-02-03 12:15:00,2025.5,2026.25,2025.25,2026.25,1484.0
2015-02-03 12:20:00,2026.0,2026.5,2025.25,2025.5,1555.0
2015-02-03 12:25:00,2025.5,2025.5,2024.25,2024.25,700.0
2015-02-03 12:30:00,2024.0,2024.5,2022.75,2023.25,2439.0
2015-02-03 12:35:00,2023.25,2024.25,2022.75,2023.25,1113.0
2015-02-03 12:40:00,2023.0,2023.25,2022.0,2022.25,891.0
2015-02-03 12:45:00,2022.25,2022.5,2021.25,2021.75,1329.0
2015-02-03 12:50:00,2022.0,2022.25,2020.75,2021.25,1285.0
2015-02-03 12:55:00,2021.25,2024.5,2021.0,2023.5,2807.0
2015-02-03 13:00:00,2023.5,2023.5,2019.5,2020.5,6517.0
2015-02-03 13:05:00,2020.25,2021.25,2018.75,2019.0,2466.0
2015-02-03 13:10:00,2018.75,2021.0,2018.0,2019.5,4670.0
2015-02-03 13:15:00,2019.25,2023.5,2019.25,2023.0,5615.0
2015-02-03 13:20:00,2023.0,2023.75,2022.25,2023.5,4628.0
2015-02-03 13:25:00,2023.5,2023.5,2020.75,2021.25,2109.0
2015-02-03 13:30:00,2021.25,2022.5,2020.25,2021.0,2560.0
2015-02-03 13:35:00,2020.75,2021.0,2019.5,2020.75,2728.0
2015-02-03 13:40:00,2020.75,2021.5,2019.25,2021.25,5074.0
2015-02-03 13:45:00,2021.25,2021.75,2020.0,2020.25,4164.0
2015-02-03 13:50:00,2020.5,2023.25,2020.0,2023.0,2932.0
2015-02-03 13:55:00,2023.0,2025.0,2022.25,2024.0,3856.0
2015-02-03 14:00:00,2024.0,2025.0,2023.75,2024.0,4114.0
2015-02-03 14:05:00,2024.25,2026.0,2023.25,2026.0,5289.0
2015-02-03 14:10:00,2025.75,2026.75,2024.5,2025.0,10285.0
2015-02-03 14:15:00,2025.0,2025.5,2024.25,2024.5,5660.0
2015-02-03 14:20:00,2024.5,2025.0,2024.0,2024.0,2264.0
2015-02-03 14:25:00,2024.25,2025.0,2024.0,2024.5,3095.0
2015-02-03 14:30:00,2024.75,2031.0,2023.75,2030.25,56257.0
2015-02-03 14:35:00,2030.0,2031.75,2029.25,2030.0,42298.0
2015-02-03 14:40:00,2030.0,2030.75,2028.25,2030.75,32972.0
2015-02-03 14:45:00,2030.75,2033.75,2030.75,2031.5,40059.0
2015-02-03 14:50:00,2031.25,2033.0,2030.75,2031.25,24703.0
2015-02-03 14:55:00,2031.25,2034.5,2031.0,2033.0,22009.0
2015-02-03 15:00:00,2033.25,2034.25,2030.5,2031.0,33148.0
2015-02-03 15:05:00,2030.75,2032.0,2029.0,2030.5,31507.0
2015-02-03 15:10:00,2030.25,2030.75,2028.0,2029.0,22627.0
2015-02-03 15:15:00,2029.0,2030.75,2027.5,2029.75,27849.0
2015-02-03 15:20:00,2029.5,2031.75,2028.25,2029.0,23961.0
2015-02-03 15:25:00,2029.0,2032.25,2029.0,2032.0,26715.0
2015-02-03 15:30:00,2032.0,2033.75,2030.5,2030.75,18113.0
2015-02-03 15:35:00,2030.5,2031.75,2028.5,2029.5,22506.0
2015-02-03 15:40:00,2029.25,2031.0,2028.5,2030.0,15165.0
2015-02-03 15:45:00,2030.0,2030.25,2025.5,2026.5,29069.0
2015-02-03 15:50:00,2026.5,2027.75,2025.5,2026.75,19082.0
2015-02-03 15:55:00,2026.5,2027.5,2023.25,2023.5,21405.0
2015-02-03 16:00:00,2023.5,2025.5,2022.5,2025.0,27030.0
2015-02-03 16:05:00,2024.75,2025.25,2022.25,2025.0,15875.0
2015-02-03 16:10:00,2025.0,2027.75,2023.75,2027.5,23518.0
2015-02-03 16:15:00,2027.25,2028.75,2026.0,2028.25,17451.0
2015-02-03 16:20:00,2028.25,2029.25,2027.25,2027.5,13332.0
2015-02-03 16:25:00,2027.5,2030.0,2026.5,2027.0,16777.0
2015-02-03 16:30:00,2027.0,2028.25,2026.25,2028.25,18159.0
2015-02-03 16:35:00,2028.0,2029.0,2025.5,2028.5,12776.0
2015-02-03 16:40:00,2028.25,2031.0,2027.25,2030.25,17260.0
2015-02-03 16:45:00,2030.25,2031.0,2027.0,2027.75,18724.0
2015-02-03 16:50:00,2027.75,2028.75,2025.5,2026.75,11005.0
2015-02-03 16:55:00,2026.75,2027.0,2023.0,2024.75,16808.0
2015-02-03 17:00:00,2024.5,2024.75,2021.0,2021.0,20710.0
2015-02-03 17:05:00,2021.25,2025.0,2021.0,2024.25,13197.0
2015-02-03 17:10:00,2024.25,2026.25,2024.0,2026.25,12767.0
2015-02-03 17:15:00,2026.25,2027.5,2025.75,2026.25,11842.0
2015-02-03 17:20:00,2026.0,2027.25,2025.0,2025.0,8068.0
2015-02-03 17:25:00,2025.0,2027.0,2024.25,2025.75,9906.0
2015-02-03 17:30:00,2025.75,2026.5,2023.5,2024.0,10781.0
2015-02-03 17:35:00,2024.25,2026.75,2024.0,2024.5,7605.0
2015-02-03 17:40:00,2024.5,2027.75,2024.0,2027.0,8145.0
2015-02-03 17:45:00,2026.75,2029.5,2026.5,2027.75,12948.0
2015-02-03 17:50:00,2027.75,2028.5,2026.0,2027.75,6671.0
2015-02-03 17:55:00,2027.5,2029.75,2026.75,2027.5,14672.0
2015-02-03 18:00:00,2027.25,2029.0,2026.5,2028.25,9805.0
2015-02-03 18:05:00,2028.0,2029.25,2027.25,2028.75,9606.0
2015-02-03 18:10:00,2028.5,2031.0,2027.5,2031.0,15020.0
2015-02-03 18:15:00,2030.75,2032.0,2029.75,2030.5,15390.0
2015-02-03 18:20:00,2030.5,2035.0,2030.5,2033.5,18819.0
2015-02-03 18:25:00,2033.5,2035.0,2032.75,2033.75,16404.0
2015-02-03 18:30:00,2033.75,2035.75,2033.5,2033.75,13027.0
2015-02-03 18:35:00,2033.75,2035.75,2033.25,2033.25,12616.0
2015-02-03 18:40:00,2033.25,2033.75,2032.0,2033.5,14400.0
2015-02-03 18:45:00,2033.25,2034.75,2033.0,2034.0,9461.0
2015-02-03 18:50:00,2033.75,2035.0,2033.25,2034.5,12286.0
2015-02-03 18:55:00,2034.5,2038.5,2034.5,2037.0,33882.0
2015-02-03 19:00:00,2037.0,2040.5,2037.0,2038.25,26024.0
2015-02-03 19:05:00,2038.0,2038.5,2036.5,2037.5,19244.0
2015-02-03 19:10:00,2037.25,2037.25,2035.5,2036.25,14922.0
2015-02-03 19:15:00,2036.0,2037.25,2035.25,2036.25,12351.0
2015-02-03 19:20:00,2036.25,2037.5,2035.5,2036.25,12347.0
2015-02-03 19:25:00,2036.25,2036.25,2033.0,2033.0,17387.0
2015-02-03 19:30:00,2033.0,2034.75,2033.0,2034.5,12688.0
2015-02-03 19:35:00,2034.25,2034.5,2032.0,2033.75,12454.0
2015-02-03 19:40:00,2033.5,2036.0,2033.5,2035.5,9845.0
2015-02-03 19:45:00,2035.5,2037.0,2034.75,2036.25,9310.0
2015-02-03 19:50:00,2036.25,2036.5,2034.75,2035.25,7003.0
2015-02-03 19:55:00,2035.25,2037.5,2035.25,2036.0,7629.0
2015-02-03 20:00:00,2036.0,2039.0,2036.0,2038.0,12089.0
2015-02-03 20:05:00,2038.0,2039.0,2037.0,2038.0,8210.0
2015-02-03 20:10:00,2037.75,2039.0,2036.0,2036.0,8158.0
2015-02-03 20:15:00,2036.0,2039.0,2036.0,2038.75,10070.0
2015-02-03 20:20:00,2038.5,2039.75,2037.5,2039.75,10861.0
2015-02-03 20:25:00,2039.5,2040.75,2038.0,2039.75,17806.0
2015-02-03 20:30:00,2039.5,2041.25,2038.75,2040.5,15472.0
2015-02-03 20:35:00,2040.25,2040.5,2037.75,2040.0,16242.0
2015-02-03 20:40:00,2040.0,2042.5,2039.75,2042.25,15611.0
2015-02-03 20:45:00,2042.25,2043.0,2041.0,2042.5,18406.0
2015-02-03 20:50:00,2042.25,2043.75,2042.25,2043.0,19137.0
2015-02-03 20:55:00,2042.75,2043.75,2042.25,2043.5,20476.0
2015-02-03 21:00:00,2043.5,2044.0,2041.5,2042.75,70365.0
2015-02-03 21:05:00,2042.75,2043.0,2041.0,2041.25,10557.0
2015-02-03 21:10:00,2041.5,2042.25,2040.5,2042.0,6477.0
2015-02-03 21:15:00,2042.0,2042.75,2041.25,2041.5,7930.0
2015-02-03 21:30:00,2042.0,2042.75,2041.75,2041.75,2566.0
2015-02-03 21:35:00,2041.75,2042.75,2041.75,2042.75,995.0
2015-02-03 21:40:00,2042.75,2043.0,2042.5,2042.5,477.0
2015-02-03 21:45:00,2042.5,2042.75,2042.0,2042.5,925.0
2015-02-03 21:50:00,2042.25,2042.75,2042.25,2042.25,686.0
2015-02-03 21:55:00,2042.5,2042.5,2041.25,2041.5,1035.0
2015-02-03 22:00:00,2041.5,2041.75,2041.0,2041.5,432.0
2015-02-03 22:05:00,2041.5,2041.5,2040.75,2041.0,791.0
2015-02-03 22:10:00,2041.0,2041.25,2040.75,2040.75,351.0
2015-02-03 22:15:00,2041.0,2041.25,2040.5,2041.0,644.0
2015-02-03 23:00:00,2040.5,2041.75,2040.0,2041.25,1400.0
2015-02-03 23:05:00,2041.25,2041.5,2040.25,2040.5,422.0
2015-02-03 23:10:00,2040.75,2040.75,2040.0,2040.0,723.0
2015-02-03 23:15:00,2040.0,2040.25,2039.25,2039.5,642.0
2015-02-03 23:20:00,2039.5,2040.25,2039.5,2039.75,192.0
2015-02-03 23:25:00,2039.75,2040.0,2039.5,2040.0,205.0
2015-02-03 23:30:00,2039.75,2040.25,2039.75,2039.75,128.0
2015-02-03 23:35:00,2039.75,2039.75,2039.5,2039.75,336.0
2015-02-03 23:40:00,2039.75,2040.25,2039.75,2040.25,349.0
2015-02-03 23:45:00,2040.0,2040.25,2039.5,2039.5,212.0
2015-02-03 23:50:00,2039.75,2039.75,2039.25,2039.25,260.0
2015-02-03 23:55:00,2039.25,2039.5,2039.0,2039.25,328.0
2015-02-04 00:00:00,2039.25,2040.0,2039.0,2039.5,705.0
2015-02-04 00:05:00,2039.5,2040.0,2039.5,2039.75,112.0
2015-02-04 00:10:00,2039.75,2039.75,2039.5,2039.5,267.0
2015-02-04 00:15:00,2039.75,2040.0,2039.25,2039.5,591.0
2015-02-04 00:20:00,2039.75,2040.0,2039.5,2040.0,96.0
2015-02-04 00:25:00,2040.0,2040.0,2039.5,2040.0,566.0
2015-02-04 00:30:00,2040.0,2040.0,2039.5,2039.75,252.0
2015-02-04 00:35:00,2039.75,2040.5,2039.75,2040.25,574.0
2015-02-04 00:40:00,2040.5,2040.5,2040.0,2040.5,381.0
2015-02-04 00:45:00,2040.25,2041.0,2040.25,2041.0,655.0
2015-02-04 00:50:00,2041.0,2041.75,2041.0,2041.75,545.0
2015-02-04 00:55:00,2041.75,2041.75,2041.0,2041.25,428.0
2015-02-04 01:00:00,2041.25,2042.25,2041.25,2041.75,552.0
2015-02-04 01:05:00,2041.75,2041.75,2041.25,2041.75,178.0
2015-02-04 01:10:00,2041.75,2041.75,2041.5,2041.75,135.0
2015-02-04 01:15:00,2041.5,2042.75,2041.25,2042.75,430.0
2015-02-04 01:20:00,2042.75,2042.75,2042.25,2042.25,285.0
2015-02-04 01:25:00,2042.25,2042.25,2041.0,2041.5,575.0
2015-02-04 01:30:00,2041.25,2041.5,2040.25,2040.75,548.0
2015-02-04 01:35:00,2041.0,2041.0,2040.25,2040.25,187.0
2015-02-04 01:40:00,2040.25,2040.5,2040.0,2040.5,262.0
2015-02-04 01:45:00,2040.5,2040.75,2040.5,2040.5,177.0
2015-02-04 01:50:00,2040.5,2040.5,2040.5,2040.5,63.0
2015-02-04 01:55:00,2040.5,2041.25,2040.5,2040.75,321.0
2015-02-04 02:00:00,2041.0,2041.0,2040.25,2040.5,269.0
2015-02-04 02:05:00,2040.25,2040.5,2040.25,2040.25,419.0
2015-02-04 02:10:00,2040.25,2041.0,2040.25,2041.0,270.0
2015-02-04 02:15:00,2041.0,2041.0,2040.5,2040.5,125.0
2015-02-04 02:20:00,2040.5,2040.75,2040.5,2040.75,84.0
2015-02-04 02:25:00,2040.75,2041.0,2040.75,2040.75,66.0
2015-02-04 02:30:00,2040.5,2040.75,2040.25,2040.5,214.0
2015-02-04 02:35:00,2040.5,2040.75,2040.5,2040.75,36.0
2015-02-04 02:40:00,2040.75,2041.0,2040.75,2040.75,224.0
2015-02-04 02:45:00,2041.0,2041.25,2041.0,2041.25,131.0
2015-02-04 02:50:00,2041.5,2042.25,2040.5,2040.75,765.0
2015-02-04 02:55:00,2040.75,2041.5,2040.75,2041.25,291.0
2015-02-04 03:00:00,2041.25,2042.0,2041.25,2041.5,210.0
2015-02-04 03:05:00,2041.75,2041.75,2040.75,2040.75,253.0
2015-02-04 03:10:00,2041.0,2041.25,2040.5,2040.75,306.0
2015-02-04 03:15:00,2040.75,2040.75,2040.0,2040.0,240.0
2015-02-04 03:20:00,2040.0,2040.25,2039.5,2040.0,383.0
2015-02-04 03:25:00,2040.0,2040.5,2039.75,2040.5,184.0
2015-02-04 03:30:00,2040.25,2040.75,2039.5,2039.75,206.0
2015-02-04 03:35:00,2039.5,2040.25,2039.5,2039.75,304.0
2015-02-04 03:40:00,2039.75,2040.25,2039.5,2040.25,250.0
2015-02-04 03:45:00,2040.5,2040.75,2040.5,2040.75,281.0
2015-02-04 03:50:00,2040.75,2040.75,2040.25,2040.25,51.0
2015-02-04 03:55:00,2040.25,2040.75,2040.25,2040.5,142.0
2015-02-04 04:00:00,2040.5,2040.75,2040.25,2040.75,67.0
2015-02-04 04:05:00,2040.75,2040.75,2040.25,2040.5,46.0
2015-02-04 04:10:00,2040.5,2040.75,2040.5,2040.5,109.0
2015-02-04 04:15:00,2040.5,2040.5,2040.0,2040.25,188.0
2015-02-04 04:20:00,2040.25,2040.25,2039.75,2040.0,206.0
2015-02-04 04:25:00,2040.0,2040.25,2039.75,2040.25,132.0
2015-02-04 04:30:00,2040.25,2040.5,2040.0,2040.25,90.0
2015-02-04 04:35:00,2040.25,2040.5,2040.25,2040.5,20.0
2015-02-04 04:40:00,2040.5,2040.75,2040.5,2040.5,62.0
2015-02-04 04:45:00,2040.5,2040.5,2040.25,2040.25,50.0
2015-02-04 04:50:00,2040.25,2040.75,2040.25,2040.5,78.0
2015-02-04 04:55:00,2040.5,2040.75,2040.5,2040.5,91.0
2015-02-04 05:00:00,2040.5,2040.75,2040.5,2040.75,31.0
2015-02-04 05:05:00,2040.75,2041.0,2040.75,2040.75,12.0
2015-02-04 05:10:00,2040.75,2041.0,2040.5,2040.75,63.0
2015-02-04 05:15:00,2040.75,2041.0,2040.5,2040.75,168.0
2015-02-04 05:20:00,2040.75,2041.0,2040.75,2040.75,47.0
2015-02-04 05:25:00,2040.75,2041.25,2040.75,2041.25,265.0
2015-02-04 05:30:00,2041.25,2043.0,2041.25,2042.5,803.0
2015-02-04 05:35:00,2042.5,2042.75,2042.25,2042.25,187.0
2015-02-04 05:40:00,2042.5,2042.75,2042.5,2042.5,151.0
2015-02-04 05:45:00,2042.5,2042.75,2041.25,2041.5,214.0
2015-02-04 05:50:00,2041.5,2042.0,2041.25,2042.0,105.0
2015-02-04 05:55:00,2042.0,2042.0,2041.75,2041.75,88.0
2015-02-04 06:00:00,2041.75,2042.0,2041.25,2041.25,258.0
2015-02-04 06:05:00,2041.25,2041.5,2041.0,2041.25,52.0
2015-02-04 06:10:00,2041.0,2041.25,2040.5,2041.0,182.0
2015-02-04 06:15:00,2041.0,2041.75,2040.75,2041.0,268.0
2015-02-04 06:20:00,2040.75,2041.0,2040.0,2041.0,354.0
2015-02-04 06:25:00,2041.25,2041.5,2041.25,2041.25,79.0
2015-02-04 06:30:00,2041.0,2041.0,2040.25,2040.5,338.0
2015-02-04 06:35:00,2040.5,2040.75,2040.0,2040.25,86.0
2015-02-04 06:40:00,2040.25,2040.75,2040.25,2040.5,92.0
2015-02-04 06:45:00,2040.5,2040.75,2040.25,2040.5,43.0
2015-02-04 06:50:00,2040.5,2040.75,2040.5,2040.75,55.0
2015-02-04 06:55:00,2040.5,2040.75,2040.0,2040.5,368.0
2015-02-04 07:00:00,2040.25,2041.0,2039.25,2040.5,1082.0
2015-02-04 07:05:00,2040.5,2041.0,2040.25,2040.5,456.0
2015-02-04 07:10:00,2040.5,2040.5,2039.5,2039.75,373.0
2015-02-04 07:15:00,2039.75,2040.0,2039.5,2039.75,321.0
2015-02-04 07:20:00,2039.75,2040.0,2039.5,2039.5,536.0
2015-02-04 07:25:00,2039.75,2040.0,2039.5,2040.0,460.0
2015-02-04 07:30:00,2040.0,2040.0,2039.0,2039.5,723.0
2015-02-04 07:35:00,2039.5,2040.25,2039.5,2039.5,252.0
2015-02-04 07:40:00,2039.75,2039.75,2038.5,2039.0,1163.0
2015-02-04 07:45:00,2038.75,2039.5,2038.75,2039.25,354.0
2015-02-04 07:50:00,2039.0,2039.25,2038.75,2039.25,438.0
2015-02-04 07:55:00,2039.0,2040.0,2039.0,2039.75,577.0
2015-02-04 08:00:00,2039.5,2041.75,2039.5,2040.25,2873.0
2015-02-04 08:05:00,2040.0,2040.75,2039.25,2039.5,1999.0
2015-02-04 08:10:00,2039.5,2040.5,2038.25,2039.75,2872.0
2015-02-04 08:15:00,2039.5,2040.0,2038.0,2038.5,2179.0
2015-02-04 08:20:00,2038.5,2038.75,2037.5,2038.0,1820.0
2015-02-04 08:25:00,2038.0,2039.75,2037.5,2039.5,1373.0
2015-02-04 08:30:00,2039.75,2040.5,2038.5,2039.5,1884.0
2015-02-04 08:35:00,2039.25,2040.75,2039.25,2039.75,1092.0
2015-02-04 08:40:00,2039.5,2040.75,2039.25,2040.25,962.0
2015-02-04 08:45:00,2040.0,2040.5,2039.25,2040.5,1274.0
2015-02-04 08:50:00,2040.5,2041.0,2039.75,2040.75,1077.0
2015-02-04 08:55:00,2040.75,2041.0,2039.5,2040.0,1284.0
2015-02-04 09:00:00,2040.0,2040.5,2039.0,2039.75,1158.0
2015-02-04 09:05:00,2040.0,2040.75,2039.75,2040.75,594.0
2015-02-04 09:10:00,2040.75,2041.75,2039.5,2040.0,843.0
2015-02-04 09:15:00,2039.75,2040.0,2038.25,2038.5,1341.0
2015-02-04 09:20:00,2038.25,2039.5,2038.25,2039.5,958.0
2015-02-04 09:25:00,2039.25,2039.5,2038.0,2038.25,1280.0
2015-02-04 09:30:00,2038.0,2039.25,2038.0,2038.0,771.0
2015-02-04 09:35:00,2038.25,2039.75,2037.0,2038.0,1989.0
2015-02-04 09:40:00,2038.25,2039.0,2037.0,2038.0,1690.0
2015-02-04 09:45:00,2038.0,2038.25,2036.0,2036.25,3825.0
2015-02-04 09:50:00,2036.0,2036.75,2035.25,2036.5,2247.0
2015-02-04 09:55:00,2036.5,2036.75,2035.25,2035.5,1454.0
2015-02-04 10:00:00,2035.75,2036.75,2035.25,2035.25,1852.0
2015-02-04 10:05:00,2035.5,2036.75,2035.25,2035.75,887.0
2015-02-04 10:10:00,2035.75,2036.5,2034.5,2036.25,2896.0
2015-02-04 10:15:00,2036.5,2036.5,2034.5,2034.5,1220.0
2015-02-04 10:20:00,2034.75,2035.5,2034.25,2034.5,1234.0
2015-02-04 10:25:00,2034.25,2043.0,2033.25,2037.25,14491.0
2015-02-04 10:30:00,2037.25,2041.75,2037.25,2038.25,10658.0
2015-02-04 10:35:00,2038.25,2039.75,2036.25,2036.5,3297.0
2015-02-04 10:40:00,2036.25,2038.5,2035.25,2037.5,1758.0
2015-02-04 10:45:00,2037.5,2037.5,2035.0,2036.25,1893.0
2015-02-04 10:50:00,2036.5,2036.75,2035.25,2036.5,751.0
2015-02-04 10:55:00,2036.5,2038.25,2036.0,2037.75,1193.0
2015-02-04 11:00:00,2038.0,2038.25,2036.75,2038.25,602.0
2015-02-04 11:05:00,2038.25,2039.5,2038.0,2038.75,1418.0
2015-02-04 11:10:00,2038.75,2039.75,2037.5,2038.0,1389.0
2015-02-04 11:15:00,2038.25,2039.0,2038.0,2038.5,746.0
2015-02-04 11:20:00,2038.5,2038.5,2037.75,2037.75,416.0
2015-02-04 11:25:00,2038.0,2038.0,2037.0,2037.5,450.0
2015-02-04 11:30:00,2037.5,2038.5,2037.25,2038.0,322.0
2015-02-04 11:35:00,2038.25,2039.0,2037.75,2038.25,676.0
2015-02-04 11:40:00,2038.25,2039.25,2038.0,2038.75,806.0
2015-02-04 11:45:00,2038.75,2038.75,2038.0,2038.25,433.0
2015-02-04 11:50:00,2038.25,2038.75,2038.0,2038.75,364.0
2015-02-04 11:55:00,2038.75,2039.25,2038.75,2038.75,274.0
2015-02-04 12:00:00,2038.75,2039.5,2038.75,2039.25,675.0
2015-02-04 12:05:00,2039.25,2040.5,2038.75,2039.0,1677.0
2015-02-04 12:10:00,2038.75,2039.0,2037.75,2037.75,821.0
2015-02-04 12:15:00,2037.5,2037.75,2034.0,2034.25,2671.0
2015-02-04 12:20:00,2034.5,2035.5,2034.0,2035.0,1459.0
2015-02-04 12:25:00,2035.25,2035.75,2034.75,2035.0,620.0
2015-02-04 12:30:00,2035.0,2035.75,2034.5,2034.75,1121.0
2015-02-04 12:35:00,2034.75,2035.5,2034.5,2035.0,2028.0
2015-02-04 12:40:00,2035.0,2036.5,2034.75,2036.0,1332.0
2015-02-04 12:45:00,2036.0,2036.75,2035.5,2036.5,646.0
2015-02-04 12:50:00,2036.5,2038.0,2035.75,2037.75,2581.0
2015-02-04 12:55:00,2038.0,2038.25,2036.75,2036.75,1641.0
2015-02-04 13:00:00,2037.0,2037.5,2036.0,2036.75,1427.0
2015-02-04 13:05:00,2036.75,2037.75,2036.5,2036.75,826.0
2015-02-04 13:10:00,2036.75,2037.25,2036.5,2036.75,1145.0
2015-02-04 13:15:00,2036.75,2039.0,2036.25,2037.75,5222.0
2015-02-04 13:20:00,2038.0,2039.25,2037.5,2038.25,3201.0
2015-02-04 13:25:00,2038.25,2038.5,2036.75,2037.5,1932.0
2015-02-04 13:30:00,2037.75,2038.0,2036.0,2037.0,2969.0
2015-02-04 13:35:00,2037.0,2037.75,2036.0,2037.5,2595.0
2015-02-04 13:40:00,2037.75,2038.25,2036.25,2036.25,2007.0
2015-02-04 13:45:00,2036.5,2037.25,2036.0,2036.25,1731.0
2015-02-04 13:50:00,2036.0,2036.5,2034.75,2035.0,4728.0
2015-02-04 13:55:00,2034.75,2035.75,2034.75,2035.75,1762.0
2015-02-04 14:00:00,2035.5,2036.0,2034.75,2035.5,2297.0
2015-02-04 14:05:00,2035.5,2036.0,2032.75,2033.0,5642.0
2015-02-04 14:10:00,2033.0,2033.5,2031.75,2033.25,5035.0
2015-02-04 14:15:00,2033.25,2034.0,2032.5,2033.0,2939.0
2015-02-04 14:20:00,2033.0,2033.25,2032.0,2032.25,3815.0
2015-02-04 14:25:00,2032.25,2034.25,2032.0,2034.0,4817.0
2015-02-04 14:30:00,2034.0,2038.0,2033.5,2037.0,40011.0
2015-02-04 14:35:00,2037.0,2037.5,2034.25,2036.5,37227.0
2015-02-04 14:40:00,2036.5,2038.25,2035.75,2036.25,24635.0
2015-02-04 14:45:00,2036.25,2037.25,2034.5,2036.5,21165.0
2015-02-04 14:50:00,2036.75,2039.25,2036.25,2036.25,25340.0
2015-02-04 14:55:00,2036.25,2039.0,2035.5,2038.0,12342.0
2015-02-04 15:00:00,2038.25,2042.75,2037.75,2040.25,34545.0
2015-02-04 15:05:00,2040.5,2040.5,2038.25,2039.5,24648.0
2015-02-04 15:10:00,2039.5,2041.0,2037.0,2038.75,29703.0
2015-02-04 15:15:00,2038.5,2038.75,2036.5,2038.5,20913.0
2015-02-04 15:20:00,2038.5,2039.0,2036.0,2036.75,12560.0
2015-02-04 15:25:00,2036.75,2038.5,2036.0,2036.5,13197.0
2015-02-04 15:30:00,2036.5,2037.25,2034.75,2036.5,28273.0
2015-02-04 15:35:00,2036.5,2036.5,2033.25,2036.25,24543.0
2015-02-04 15:40:00,2036.25,2040.25,2035.75,2040.0,24982.0
2015-02-04 15:45:00,2040.0,2041.5,2039.75,2040.0,18647.0
2015-02-04 15:50:00,2039.75,2040.5,2038.75,2039.25,12495.0
2015-02-04 15:55:00,2039.25,2040.25,2038.25,2039.5,14985.0
2015-02-04 16:00:00,2039.5,2040.5,2037.0,2039.5,20442.0
2015-02-04 16:05:00,2039.5,2041.25,2039.0,2041.0,14530.0
2015-02-04 16:10:00,2041.25,2042.0,2039.0,2040.5,16277.0
2015-02-04 16:15:00,2040.5,2043.25,2040.25,2041.0,20055.0
2015-02-04 16:20:00,2041.0,2042.25,2040.0,2042.0,16364.0
2015-02-04 16:25:00,2042.25,2044.0,2042.0,2042.25,20165.0
2015-02-04 16:30:00,2042.25,2044.75,2042.25,2044.0,19514.0
2015-02-04 16:35:00,2044.0,2046.25,2044.0,2045.25,23403.0
2015-02-04 16:40:00,2045.25,2046.0,2044.0,2044.5,14106.0
2015-02-04 16:45:00,2044.5,2045.25,2044.0,2045.0,7994.0
2015-02-04 16:50:00,2045.0,2045.25,2042.5,2043.5,14631.0
2015-02-04 16:55:00,2043.5,2044.0,2042.75,2043.5,5659.0
2015-02-04 17:00:00,2043.75,2044.25,2042.25,2043.25,9667.0
2015-02-04 17:05:00,2043.25,2044.75,2043.0,2044.5,10477.0
2015-02-04 17:10:00,2044.5,2044.75,2042.75,2043.25,7491.0
2015-02-04 17:15:00,2043.5,2044.25,2042.75,2043.0,6028.0
2015-02-04 17:20:00,2043.0,2044.0,2042.5,2043.75,7459.0
2015-02-04 17:25:00,2043.75,2044.25,2040.5,2040.5,10796.0
2015-02-04 17:30:00,2040.75,2041.0,2039.0,2040.25,14095.0
2015-02-04 17:35:00,2040.25,2040.75,2038.25,2038.75,11201.0
2015-02-04 17:40:00,2038.75,2039.5,2036.25,2036.75,13123.0
2015-02-04 17:45:00,2036.75,2037.75,2036.0,2037.0,11003.0
2015-02-04 17:50:00,2036.75,2039.0,2036.5,2039.0,14106.0
2015-02-04 17:55:00,2039.0,2039.5,2037.5,2039.5,7819.0
2015-02-04 18:00:00,2039.25,2039.75,2038.0,2039.75,9748.0
2015-02-04 18:05:00,2039.75,2039.75,2038.0,2038.75,8043.0
2015-02-04 18:10:00,2038.75,2040.25,2038.25,2039.0,7498.0
2015-02-04 18:15:00,2039.0,2040.5,2038.75,2039.5,9691.0
2015-02-04 18:20:00,2039.5,2040.0,2037.75,2039.25,8728.0
2015-02-04 18:25:00,2039.25,2041.5,2038.75,2041.25,10563.0
2015-02-04 18:30:00,2041.25,2042.25,2040.5,2041.5,13832.0
2015-02-04 18:35:00,2041.75,2042.5,2040.75,2041.0,8687.0
2015-02-04 18:40:00,2041.25,2041.75,2040.25,2040.5,7927.0
2015-02-04 18:45:00,2040.5,2041.5,2040.0,2040.25,5316.0
2015-02-04 18:50:00,2040.0,2040.75,2039.5,2040.75,6390.0
2015-02-04 18:55:00,2040.5,2041.0,2037.75,2039.0,9492.0
2015-02-04 19:00:00,2038.75,2042.25,2038.75,2042.0,12485.0
2015-02-04 19:05:00,2042.0,2042.75,2039.25,2039.5,12836.0
2015-02-04 19:10:00,2039.75,2039.75,2037.25,2037.75,16056.0
2015-02-04 19:15:00,2037.75,2039.0,2036.0,2036.25,15862.0
2015-02-04 19:20:00,2036.0,2039.5,2035.75,2038.0,15370.0
2015-02-04 19:25:00,2037.75,2040.75,2037.5,2039.25,11306.0
2015-02-04 19:30:00,2039.5,2040.25,2037.5,2038.25,11943.0
2015-02-04 19:35:00,2038.0,2041.0,2037.5,2040.5,10417.0
2015-02-04 19:40:00,2040.25,2041.5,2039.75,2040.5,9377.0
2015-02-04 19:45:00,2040.75,2042.25,2039.75,2041.75,10074.0
2015-02-04 19:50:00,2041.75,2042.5,2039.75,2041.0,11887.0
2015-02-04 19:55:00,2041.25,2042.75,2040.5,2040.75,9159.0
2015-02-04 20:00:00,2040.75,2041.5,2038.75,2040.75,11514.0
2015-02-04 20:05:00,2040.75,2041.75,2039.75,2041.25,5509.0
2015-02-04 20:10:00,2041.0,2042.25,2040.75,2041.75,5572.0
2015-02-04 20:15:00,2041.75,2044.75,2041.5,2044.0,16088.0
2015-02-04 20:20:00,2044.25,2045.25,2043.25,2045.0,8861.0
2015-02-04 20:25:00,2045.0,2046.0,2044.75,2046.0,8534.0
2015-02-04 20:30:00,2045.75,2048.75,2045.5,2047.75,27936.0
2015-02-04 20:35:00,2047.75,2049.25,2046.0,2046.25,22161.0
2015-02-04 20:40:00,2046.5,2046.5,2037.5,2039.5,69648.0
2015-02-04 20:45:00,2039.75,2039.75,2030.25,2033.5,80289.0
2015-02-04 20:50:00,2033.5,2035.0,2030.5,2032.5,44225.0
2015-02-04 20:55:00,2032.75,2034.0,2032.0,2032.5,51386.0
2015-02-04 21:00:00,2032.75,2036.75,2031.5,2033.0,90189.0
2015-02-04 21:05:00,2033.0,2033.75,2032.0,2032.5,18562.0
2015-02-04 21:10:00,2032.5,2033.75,2031.25,2031.75,12176.0
2015-02-04 21:15:00,2031.75,2031.75,2029.25,2030.5,9383.0
2015-02-04 21:30:00,2027.5,2028.25,2022.75,2024.5,12952.0
2015-02-04 21:35:00,2024.75,2025.0,2023.0,2024.5,4628.0
2015-02-04 21:40:00,2024.5,2026.0,2023.0,2025.0,4958.0
2015-02-04 21:45:00,2024.75,2026.25,2024.0,2026.0,1843.0
2015-02-04 21:50:00,2026.0,2027.5,2025.75,2026.0,1871.0
2015-02-04 21:55:00,2026.0,2026.0,2025.0,2025.25,811.0
2015-02-04 22:00:00,2025.25,2025.25,2024.5,2024.75,627.0
2015-02-04 22:05:00,2024.75,2025.25,2024.5,2024.75,1066.0
2015-02-04 22:10:00,2024.5,2025.75,2023.75,2024.0,2164.0
2015-02-04 22:15:00,2024.0,2024.25,2023.75,2024.0,496.0
2015-02-04 23:00:00,2025.0,2026.5,2024.75,2025.5,1742.0
2015-02-04 23:05:00,2025.5,2025.5,2024.0,2024.75,967.0
2015-02-04 23:10:00,2024.75,2025.25,2024.5,2025.25,793.0
2015-02-04 23:15:00,2025.5,2025.75,2025.25,2025.5,903.0
2015-02-04 23:20:00,2025.25,2025.5,2024.25,2024.25,604.0
2015-02-04 23:25:00,2024.25,2024.5,2023.0,2023.25,819.0
2015-02-04 23:30:00,2023.5,2024.25,2022.0,2024.0,1277.0
2015-02-04 23:35:00,2024.0,2024.5,2023.5,2023.75,314.0
2015-02-04 23:40:00,2023.75,2024.0,2023.0,2023.0,577.0
2015-02-04 23:45:00,2023.0,2023.5,2023.0,2023.25,364.0
2015-02-04 23:50:00,2023.5,2023.5,2022.0,2022.75,925.0
2015-02-04 23:55:00,2022.75,2023.75,2022.5,2023.0,462.0
2015-02-05 00:00:00,2022.75,2023.75,2021.75,2023.25,1147.0
2015-02-05 00:05:00,2023.25,2024.75,2023.25,2023.5,702.0
2015-02-05 00:10:00,2023.5,2023.75,2022.75,2023.0,674.0
2015-02-05 00:15:00,2022.75,2023.25,2022.75,2022.75,233.0
2015-02-05 00:20:00,2022.75,2023.75,2022.5,2023.75,204.0
2015-02-05 00:25:00,2023.75,2025.25,2023.5,2025.0,681.0
2015-02-05 00:30:00,2025.0,2025.25,2024.5,2025.25,288.0
2015-02-05 00:35:00,2025.25,2026.0,2025.0,2025.75,349.0
2015-02-05 00:40:00,2025.75,2026.5,2025.25,2025.5,1025.0
2015-02-05 00:45:00,2025.5,2026.0,2025.0,2025.5,528.0
2015-02-05 00:50:00,2025.5,2025.5,2024.5,2024.5,494.0
2015-02-05 00:55:00,2024.75,2025.75,2024.75,2025.5,515.0
2015-02-05 01:00:00,2025.5,2025.75,2024.75,2025.0,1500.0
2015-02-05 01:05:00,2025.0,2025.25,2024.5,2025.25,506.0
2015-02-05 01:10:00,2025.25,2025.25,2025.0,2025.25,220.0
2015-02-05 01:15:00,2025.25,2025.25,2024.75,2025.0,241.0
2015-02-05 01:20:00,2024.75,2025.75,2024.75,2025.5,469.0
2015-02-05 01:25:00,2025.75,2025.75,2025.25,2025.75,238.0
2015-02-05 01:30:00,2025.75,2026.0,2025.25,2025.5,341.0
2015-02-05 01:35:00,2025.5,2026.0,2025.25,2026.0,404.0
2015-02-05 01:40:00,2026.0,2026.5,2025.5,2026.5,489.0
2015-02-05 01:45:00,2026.5,2026.5,2025.75,2025.75,335.0
2015-02-05 01:50:00,2025.75,2026.0,2025.0,2025.5,140.0
2015-02-05 01:55:00,2025.25,2025.25,2024.5,2025.0,809.0
2015-02-05 02:00:00,2025.0,2025.0,2024.75,2024.75,173.0
2015-02-05 02:05:00,2025.0,2025.25,2023.75,2024.5,533.0
2015-02-05 02:10:00,2024.25,2024.5,2022.75,2023.0,753.0
2015-02-05 02:15:00,2023.25,2023.5,2020.75,2021.75,1523.0
2015-02-05 02:20:00,2021.75,2021.75,2021.0,2021.5,326.0
2015-02-05 02:25:00,2021.75,2021.75,2020.75,2021.75,665.0
2015-02-05 02:30:00,2021.75,2022.5,2021.75,2022.5,519.0
2015-02-05 02:35:00,2022.5,2023.5,2022.25,2022.5,568.0
2015-02-05 02:40:00,2022.25,2024.0,2022.25,2023.0,364.0
2015-02-05 02:45:00,2023.25,2024.25,2023.25,2023.5,432.0
2015-02-05 02:50:00,2023.5,2025.25,2023.5,2024.25,868.0
2015-02-05 02:55:00,2024.5,2024.5,2024.0,2024.25,154.0
2015-02-05 03:00:00,2024.5,2025.25,2024.25,2024.75,383.0
2015-02-05 03:05:00,2024.75,2025.75,2024.75,2025.75,294.0
2015-02-05 03:10:00,2025.5,2026.25,2024.75,2024.75,343.0
2015-02-05 03:15:00,2024.75,2025.25,2024.5,2025.25,171.0
2015-02-05 03:20:00,2025.0,2027.0,2025.0,2026.5,457.0
2015-02-05 03:25:00,2026.5,2027.0,2026.25,2026.5,332.0
2015-02-05 03:30:00,2026.5,2026.5,2026.25,2026.5,65.0
2015-02-05 03:35:00,2026.25,2026.5,2025.0,2025.0,350.0
2015-02-05 03:40:00,2025.0,2025.5,2024.75,2025.25,149.0
2015-02-05 03:45:00,2025.5,2027.0,2025.25,2027.0,380.0
2015-02-05 03:50:00,2026.75,2027.5,2026.5,2027.5,479.0
2015-02-05 03:55:00,2027.5,2027.5,2026.75,2027.0,404.0
2015-02-05 04:00:00,2027.0,2027.5,2026.0,2026.0,342.0
2015-02-05 04:05:00,2026.0,2026.25,2025.5,2025.5,76.0
2015-02-05 04:10:00,2025.5,2026.0,2025.25,2025.75,186.0
2015-02-05 04:15:00,2025.5,2025.5,2024.0,2024.25,464.0
2015-02-05 04:20:00,2024.5,2026.0,2024.5,2025.75,126.0
2015-02-05 04:25:00,2026.0,2026.25,2026.0,2026.25,101.0
2015-02-05 04:30:00,2026.25,2026.75,2026.0,2026.25,183.0
2015-02-05 04:35:00,2026.0,2026.25,2025.75,2026.25,160.0
2015-02-05 04:40:00,2026.0,2026.25,2025.75,2026.0,115.0
2015-02-05 04:45:00,2026.0,2026.0,2025.5,2025.5,125.0
2015-02-05 04:50:00,2025.5,2026.0,2025.5,2026.0,105.0
2015-02-05 04:55:00,2026.0,2026.0,2025.75,2026.0,56.0
2015-02-05 05:00:00,2026.0,2026.25,2025.5,2026.25,121.0
2015-02-05 05:05:00,2026.25,2027.5,2026.25,2027.5,264.0
2015-02-05 05:10:00,2027.75,2027.75,2026.5,2027.0,510.0
2015-02-05 05:15:00,2027.25,2027.5,2027.0,2027.25,78.0
2015-02-05 05:20:00,2027.5,2027.5,2027.0,2027.25,109.0
2015-02-05 05:25:00,2027.5,2027.5,2026.75,2026.75,126.0
2015-02-05 05:30:00,2026.75,2027.5,2026.75,2027.25,214.0
2015-02-05 05:35:00,2027.0,2027.25,2026.75,2027.25,164.0
2015-02-05 05:40:00,2027.25,2027.25,2025.25,2025.5,496.0
2015-02-05 05:45:00,2025.5,2025.75,2024.75,2024.75,401.0
2015-02-05 05:50:00,2025.0,2025.5,2024.5,2024.75,81.0
2015-02-05 05:55:00,2024.75,2025.0,2024.75,2024.75,125.0
2015-02-05 06:00:00,2025.0,2025.75,2024.0,2024.25,340.0
2015-02-05 06:05:00,2024.25,2025.75,2024.25,2025.5,216.0
2015-02-05 06:10:00,2025.75,2025.75,2024.75,2025.25,87.0
2015-02-05 06:15:00,2025.25,2025.75,2025.25,2025.75,77.0
2015-02-05 06:20:00,2025.75,2026.75,2025.75,2025.75,180.0
2015-02-05 06:25:00,2025.5,2025.75,2024.75,2025.25,283.0
2015-02-05 06:30:00,2025.0,2025.0,2022.75,2023.0,346.0
2015-02-05 06:35:00,2023.0,2024.75,2023.0,2024.75,164.0
2015-02-05 06:40:00,2025.0,2025.0,2024.25,2024.5,134.0
2015-02-05 06:45:00,2024.75,2025.0,2023.25,2023.5,241.0
2015-02-05 06:50:00,2023.25,2024.0,2023.25,2023.75,145.0
2015-02-05 06:55:00,2024.0,2024.5,2024.0,2024.0,84.0
2015-02-05 07:00:00,2024.0,2027.0,2023.25,2026.0,1573.0
2015-02-05 07:05:00,2026.0,2027.0,2025.5,2026.0,1021.0
2015-02-05 07:10:00,2025.75,2027.25,2025.75,2027.0,549.0
2015-02-05 07:15:00,2027.25,2027.25,2025.75,2025.75,632.0
2015-02-05 07:20:00,2025.75,2026.75,2025.75,2026.0,314.0
2015-02-05 07:25:00,2026.25,2028.25,2026.0,2027.25,2888.0
2015-02-05 07:30:00,2027.25,2028.0,2026.75,2026.75,909.0
2015-02-05 07:35:00,2026.75,2027.75,2026.25,2027.5,267.0
2015-02-05 07:40:00,2027.5,2028.5,2027.25,2028.5,788.0
2015-02-05 07:45:00,2028.5,2030.75,2028.25,2030.25,2644.0
2015-02-05 07:50:00,2030.25,2032.75,2030.0,2032.5,3363.0
2015-02-05 07:55:00,2032.5,2035.0,2032.25,2032.5,3979.0
2015-02-05 08:00:00,2032.5,2034.0,2030.75,2031.25,3203.0
2015-02-05 08:05:00,2031.25,2032.25,2028.0,2029.75,5405.0
2015-02-05 08:10:00,2029.75,2032.0,2029.25,2031.75,2602.0
2015-02-05 08:15:00,2031.75,2032.0,2030.25,2032.0,2734.0
2015-02-05 08:20:00,2031.75,2033.25,2031.5,2033.25,2639.0
2015-02-05 08:25:00,2033.0,2036.25,2032.75,2036.25,5342.0
2015-02-05 08:30:00,2036.25,2036.75,2033.0,2034.0,3658.0
2015-02-05 08:35:00,2034.25,2035.25,2033.25,2035.25,1545.0
2015-02-05 08:40:00,2035.25,2037.25,2035.0,2036.0,3290.0
2015-02-05 08:45:00,2036.0,2037.75,2035.75,2036.25,1425.0
2015-02-05 08:50:00,2036.5,2036.75,2035.0,2035.0,1412.0
2015-02-05 08:55:00,2035.0,2035.0,2032.5,2033.75,2416.0
2015-02-05 09:00:00,2033.75,2034.5,2033.0,2034.5,1522.0
2015-02-05 09:05:00,2034.5,2036.0,2033.75,2034.5,1641.0
2015-02-05 09:10:00,2034.25,2035.25,2033.75,2035.0,1592.0
2015-02-05 09:15:00,2034.75,2037.25,2034.5,2036.0,1820.0
2015-02-05 09:20:00,2036.0,2037.0,2035.5,2035.75,1040.0
2015-02-05 09:25:00,2035.5,2037.0,2035.0,2036.25,1312.0
2015-02-05 09:30:00,2036.0,2036.75,2035.25,2035.75,1380.0
2015-02-05 09:35:00,2035.75,2037.0,2035.5,2036.75,1345.0
2015-02-05 09:40:00,2036.75,2039.5,2036.75,2039.25,2373.0
2015-02-05 09:45:00,2039.25,2040.0,2037.75,2038.5,2676.0
2015-02-05 09:50:00,2038.5,2039.25,2038.25,2039.0,665.0
2015-02-05 09:55:00,2039.0,2042.0,2038.5,2041.0,4175.0
2015-02-05 10:00:00,2041.0,2043.25,2040.25,2041.75,3959.0
2015-02-05 10:05:00,2041.5,2041.75,2039.75,2041.0,2240.0
2015-02-05 10:10:00,2041.0,2041.25,2040.0,2040.0,1050.0
2015-02-05 10:15:00,2040.25,2041.75,2040.0,2041.25,1612.0
2015-02-05 10:20:00,2041.0,2041.5,2040.0,2041.0,1030.0
2015-02-05 10:25:00,2041.0,2042.75,2040.5,2041.75,2235.0
2015-02-05 10:30:00,2041.75,2041.75,2040.75,2040.75,1108.0
2015-02-05 10:35:00,2040.75,2041.0,2039.5,2040.0,1852.0
2015-02-05 10:40:00,2040.25,2040.75,2039.75,2040.25,1725.0
2015-02-05 10:45:00,2040.25,2040.75,2039.0,2040.75,1823.0
2015-02-05 10:50:00,2040.75,2040.75,2040.0,2040.0,518.0
2015-02-05 10:55:00,2039.75,2041.0,2039.75,2040.25,1595.0
2015-02-05 11:00:00,2040.25,2040.25,2039.0,2039.25,3596.0
2015-02-05 11:05:00,2039.25,2040.5,2039.0,2040.25,889.0
2015-02-05 11:10:00,2040.25,2040.5,2039.75,2040.5,1173.0
2015-02-05 11:15:00,2040.5,2041.5,2040.0,2040.5,986.0
2015-02-05 11:20:00,2040.25,2040.25,2038.75,2038.75,1037.0
2015-02-05 11:25:00,2038.75,2040.0,2038.75,2039.75,779.0
2015-02-05 11:30:00,2039.75,2040.25,2039.0,2039.25,787.0
2015-02-05 11:35:00,2039.0,2039.5,2038.5,2039.0,647.0
2015-02-05 11:40:00,2039.0,2039.5,2038.0,2038.75,947.0
2015-02-05 11:45:00,2038.75,2039.0,2037.75,2038.0,493.0
2015-02-05 11:50:00,2038.0,2039.25,2037.5,2038.5,827.0
2015-02-05 11:55:00,2038.5,2041.0,2037.75,2040.5,1968.0
2015-02-05 12:00:00,2040.75,2042.0,2040.5,2041.75,1993.0
2015-02-05 12:05:00,2041.75,2043.75,2041.25,2043.75,2578.0
2015-02-05 12:10:00,2043.75,2044.75,2043.25,2044.25,3209.0
2015-02-05 12:15:00,2044.0,2046.0,2044.0,2045.5,4791.0
2015-02-05 12:20:00,2045.75,2045.75,2043.5,2043.75,4537.0
2015-02-05 12:25:00,2043.75,2044.75,2041.75,2042.5,3229.0
2015-02-05 12:30:00,2042.5,2044.75,2042.5,2044.75,3019.0
2015-02-05 12:35:00,2044.5,2046.25,2044.0,2045.25,2851.0
2015-02-05 12:40:00,2045.25,2045.5,2043.25,2043.75,2232.0
2015-02-05 12:45:00,2043.75,2045.5,2043.5,2044.25,1768.0
2015-02-05 12:50:00,2044.5,2044.5,2043.5,2043.75,2250.0
2015-02-05 12:55:00,2044.0,2044.0,2042.5,2042.75,1896.0
2015-02-05 13:00:00,2042.75,2043.5,2042.0,2042.75,2895.0
2015-02-05 13:05:00,2042.75,2043.75,2042.75,2043.25,1653.0
2015-02-05 13:10:00,2043.5,2043.75,2042.75,2043.5,1289.0
2015-02-05 13:15:00,2043.25,2044.0,2043.0,2044.0,1133.0
2015-02-05 13:20:00,2044.0,2045.5,2042.5,2045.25,4690.0
2015-02-05 13:25:00,2045.5,2045.75,2044.25,2044.5,3302.0
2015-02-05 13:30:00,2044.75,2045.25,2042.75,2043.75,4556.0
2015-02-05 13:35:00,2043.75,2047.75,2043.5,2046.5,8617.0
2015-02-05 13:40:00,2046.75,2047.25,2046.0,2046.75,3324.0
2015-02-05 13:45:00,2046.75,2047.75,2046.25,2047.0,3733.0
2015-02-05 13:50:00,2046.75,2047.0,2045.25,2045.75,2815.0
2015-02-05 13:55:00,2045.75,2045.75,2043.25,2044.5,5030.0
2015-02-05 14:00:00,2044.5,2045.0,2043.75,2044.25,1990.0
2015-02-05 14:05:00,2044.0,2045.25,2044.0,2044.75,2837.0
2015-02-05 14:10:00,2044.75,2045.25,2044.25,2044.5,2564.0
2015-02-05 14:15:00,2044.25,2044.5,2042.25,2042.25,3743.0
2015-02-05 14:20:00,2042.5,2043.75,2042.5,2043.25,4183.0
2015-02-05 14:25:00,2043.25,2044.0,2043.0,2044.0,4552.0
2015-02-05 14:30:00,2044.0,2047.0,2043.0,2046.0,39392.0
2015-02-05 14:35:00,2046.0,2046.75,2043.75,2046.5,28529.0
2015-02-05 14:40:00,2046.5,2047.25,2043.75,2045.25,27664.0
2015-02-05 14:45:00,2045.25,2050.0,2045.25,2049.25,39447.0
2015-02-05 14:50:00,2049.5,2052.25,2049.0,2049.75,34288.0
2015-02-05 14:55:00,2049.75,2051.0,2049.0,2049.25,22486.0
2015-02-05 15:00:00,2049.5,2050.5,2048.0,2049.75,24492.0
2015-02-05 15:05:00,2049.75,2052.75,2049.5,2050.75,31960.0
2015-02-05 15:10:00,2050.5,2051.25,2048.0,2049.75,16912.0
2015-02-05 15:15:00,2049.75,2051.25,2048.25,2050.25,18302.0
2015-02-05 15:20:00,2050.5,2050.75,2048.5,2049.0,11611.0
2015-02-05 15:25:00,2049.0,2052.0,2048.75,2051.25,15526.0
2015-02-05 15:30:00,2051.25,2051.75,2049.75,2050.5,14964.0
2015-02-05 15:35:00,2050.75,2053.0,2049.75,2052.75,17088.0
2015-02-05 15:40:00,2052.75,2054.0,2052.25,2053.25,19212.0
2015-02-05 15:45:00,2053.25,2054.5,2052.5,2054.0,17525.0
2015-02-05 15:50:00,2054.25,2055.0,2053.75,2053.75,20708.0
2015-02-05 15:55:00,2054.0,2054.25,2053.5,2054.0,15733.0
2015-02-05 16:00:00,2054.0,2054.5,2052.25,2052.5,15164.0
2015-02-05 16:05:00,2052.5,2053.5,2052.25,2053.0,8760.0
2015-02-05 16:10:00,2053.0,2054.25,2052.75,2053.75,15955.0
2015-02-05 16:15:00,2054.0,2054.25,2050.5,2051.0,19408.0
2015-02-05 16:20:00,2051.25,2052.0,2050.25,2051.75,12833.0
2015-02-05 16:25:00,2052.0,2052.5,2051.0,2051.75,11013.0
2015-02-05 16:30:00,2052.0,2053.75,2051.75,2053.0,16251.0
2015-02-05 16:35:00,2053.25,2054.75,2053.0,2054.0,15990.0
2015-02-05 16:40:00,2054.0,2054.75,2051.5,2051.75,14031.0
2015-02-05 16:45:00,2051.75,2054.5,2051.5,2053.75,13980.0
2015-02-05 16:50:00,2053.75,2054.5,2052.25,2053.0,9033.0
2015-02-05 16:55:00,2053.0,2053.75,2052.5,2053.75,7262.0
2015-02-05 17:00:00,2053.75,2053.75,2052.25,2052.75,6207.0
2015-02-05 17:05:00,2053.0,2053.25,2051.0,2051.75,8461.0
2015-02-05 17:10:00,2052.0,2052.75,2051.25,2052.25,7951.0
2015-02-05 17:15:00,2052.25,2052.75,2050.75,2050.75,9048.0
2015-02-05 17:20:00,2051.0,2051.75,2050.0,2051.25,8511.0
2015-02-05 17:25:00,2051.5,2051.5,2050.0,2050.0,4517.0
2015-02-05 17:30:00,2050.25,2052.0,2050.0,2052.0,4416.0
2015-02-05 17:35:00,2052.0,2052.0,2050.75,2051.25,3090.0
2015-02-05 17:40:00,2051.25,2052.0,2051.0,2051.75,4112.0
2015-02-05 17:45:00,2051.75,2052.75,2051.0,2052.5,9303.0
2015-02-05 17:50:00,2052.5,2052.5,2048.75,2048.75,10780.0
2015-02-05 17:55:00,2049.0,2049.75,2048.5,2048.75,5631.0
2015-02-05 18:00:00,2049.0,2051.0,2048.75,2051.0,12354.0
2015-02-05 18:05:00,2051.0,2051.0,2049.5,2050.25,6325.0
2015-02-05 18:10:00,2050.25,2051.75,2050.0,2051.25,11542.0
2015-02-05 18:15:00,2051.25,2053.5,2050.75,2053.0,13130.0
2015-02-05 18:20:00,2053.0,2053.25,2051.75,2053.0,4928.0
2015-02-05 18:25:00,2053.0,2053.5,2052.0,2053.25,6048.0
2015-02-05 18:30:00,2053.25,2053.5,2052.25,2052.5,5885.0
2015-02-05 18:35:00,2052.75,2053.75,2052.5,2053.75,5710.0
2015-02-05 18:40:00,2053.75,2054.25,2053.0,2053.5,6129.0
2015-02-05 18:45:00,2053.75,2054.75,2053.5,2054.75,7029.0
2015-02-05 18:50:00,2054.75,2055.0,2054.0,2054.75,7432.0
2015-02-05 18:55:00,2054.75,2054.75,2053.0,2053.25,7652.0
2015-02-05 19:00:00,2053.25,2053.75,2051.25,2052.0,10155.0
2015-02-05 19:05:00,2052.25,2053.0,2051.5,2052.25,6737.0
2015-02-05 19:10:00,2052.5,2055.75,2052.0,2055.0,16600.0
2015-02-05 19:15:00,2055.25,2055.25,2053.5,2054.25,11100.0
2015-02-05 19:20:00,2054.5,2055.25,2053.5,2053.75,9672.0
2015-02-05 19:25:00,2054.0,2054.0,2051.75,2053.25,11911.0
2015-02-05 19:30:00,2053.25,2054.5,2052.0,2054.0,9803.0
2015-02-05 19:35:00,2054.25,2054.25,2053.0,2053.5,3469.0
2015-02-05 19:40:00,2053.5,2054.25,2052.25,2052.75,5739.0
2015-02-05 19:45:00,2053.0,2053.0,2051.0,2052.25,8924.0
2015-02-05 19:50:00,2052.5,2054.0,2052.0,2053.0,4992.0
2015-02-05 19:55:00,2053.0,2053.5,2051.75,2053.5,7539.0
2015-02-05 20:00:00,2053.5,2054.25,2052.5,2053.25,5880.0
2015-02-05 20:05:00,2053.25,2054.25,2052.5,2053.25,5528.0
2015-02-05 20:10:00,2053.25,2053.5,2052.0,2052.75,5497.0
2015-02-05 20:15:00,2052.75,2053.5,2052.5,2053.25,4348.0
2015-02-05 20:20:00,2053.25,2054.5,2053.0,2054.5,6716.0
2015-02-05 20:25:00,2054.5,2056.5,2054.5,2056.25,17762.0
2015-02-05 20:30:00,2056.5,2057.0,2055.75,2056.75,15542.0
2015-02-05 20:35:00,2056.75,2058.0,2056.5,2057.5,12659.0
2015-02-05 20:40:00,2057.75,2058.5,2057.5,2058.25,12445.0
2015-02-05 20:45:00,2058.5,2058.75,2055.25,2055.75,20630.0
2015-02-05 20:50:00,2055.75,2056.75,2055.0,2056.5,13823.0
2015-02-05 20:55:00,2056.75,2057.5,2056.0,2057.25,17289.0
2015-02-05 21:00:00,2057.5,2057.75,2054.5,2054.75,62987.0
2015-02-05 21:05:00,2054.5,2055.75,2054.25,2055.25,10527.0
2015-02-05 21:10:00,2055.0,2055.5,2054.5,2055.5,7067.0
2015-02-05 21:15:00,2055.25,2055.5,2054.75,2055.25,5792.0
2015-02-05 21:30:00,2055.25,2056.5,2055.0,2056.0,3470.0
2015-02-05 21:35:00,2055.75,2056.0,2055.0,2055.25,1124.0
2015-02-05 21:40:00,2055.0,2056.25,2055.0,2056.0,942.0
2015-02-05 21:45:00,2056.25,2056.25,2056.0,2056.0,643.0
2015-02-05 21:50:00,2056.25,2056.5,2056.25,2056.25,588.0
2015-02-05 21:55:00,2056.5,2056.75,2056.25,2056.5,748.0
2015-02-05 22:00:00,2056.5,2057.0,2056.5,2056.5,488.0
2015-02-05 22:05:00,2056.5,2056.75,2056.25,2056.25,414.0
2015-02-05 22:10:00,2056.5,2056.5,2056.0,2056.0,338.0
2015-02-05 22:15:00,2056.25,2056.25,2055.75,2056.0,468.0
2015-02-05 23:00:00,2056.25,2056.75,2056.0,2056.75,727.0
2015-02-05 23:05:00,2056.75,2057.0,2056.5,2056.75,443.0
2015-02-05 23:10:00,2056.5,2056.75,2056.25,2056.75,188.0
2015-02-05 23:15:00,2056.75,2056.75,2056.25,2056.5,109.0
2015-02-05 23:20:00,2056.5,2056.5,2055.75,2056.25,453.0
2015-02-05 23:25:00,2056.0,2056.25,2055.75,2056.25,84.0
2015-02-05 23:30:00,2056.0,2056.25,2055.5,2055.5,201.0
2015-02-05 23:35:00,2055.75,2055.75,2055.5,2055.5,133.0
2015-02-05 23:40:00,2055.75,2056.0,2055.5,2056.0,79.0
2015-02-05 23:45:00,2055.75,2056.0,2055.5,2055.5,96.0
2015-02-05 23:50:00,2055.5,2055.75,2055.0,2055.0,231.0
2015-02-05 23:55:00,2055.0,2055.5,2055.0,2055.25,126.0
2015-02-06 00:00:00,2055.25,2055.25,2054.25,2054.25,731.0
2015-02-06 00:05:00,2054.5,2054.75,2054.25,2054.25,351.0
2015-02-06 00:10:00,2054.5,2055.0,2054.25,2054.75,395.0
2015-02-06 00:15:00,2055.0,2055.0,2054.75,2054.75,279.0
2015-02-06 00:20:00,2054.75,2055.0,2054.5,2054.5,86.0
2015-02-06 00:25:00,2054.75,2054.75,2053.75,2053.75,438.0
2015-02-06 00:30:00,2054.0,2055.25,2054.0,2055.0,497.0
2015-02-06 00:35:00,2055.0,2055.0,2054.5,2054.5,137.0
2015-02-06 00:40:00,2054.5,2055.0,2054.25,2054.75,108.0
2015-02-06 00:45:00,2055.0,2055.0,2054.75,2055.0,142.0
2015-02-06 00:50:00,2054.75,2054.75,2054.5,2054.5,103.0
2015-02-06 00:55:00,2054.75,2054.75,2054.25,2054.5,204.0
2015-02-06 01:00:00,2054.75,2054.75,2054.5,2054.5,106.0
2015-02-06 01:05:00,2054.75,2054.75,2054.25,2054.5,170.0
2015-02-06 01:10:00,2054.5,2054.75,2054.25,2054.5,203.0
2015-02-06 01:15:00,2054.5,2054.75,2054.0,2054.0,219.0
2015-02-06 01:20:00,2054.25,2054.25,2054.0,2054.0,129.0
2015-02-06 01:25:00,2054.25,2054.75,2054.25,2054.5,189.0
2015-02-06 01:30:00,2054.5,2054.5,2053.75,2053.75,331.0
2015-02-06 01:35:00,2054.0,2054.25,2053.75,2054.0,361.0
2015-02-06 01:40:00,2054.25,2055.0,2054.25,2054.5,375.0
2015-02-06 01:45:00,2054.75,2054.75,2054.0,2054.0,285.0
2015-02-06 01:50:00,2054.25,2054.75,2054.0,2054.5,124.0
2015-02-06 01:55:00,2054.75,2054.75,2054.5,2054.5,89.0
2015-02-06 02:00:00,2054.75,2054.75,2054.25,2054.25,142.0
2015-02-06 02:05:00,2054.5,2054.75,2054.0,2054.5,313.0
2015-02-06 02:10:00,2054.25,2054.75,2054.25,2054.75,99.0
2015-02-06 02:15:00,2054.5,2054.75,2054.5,2054.5,65.0
2015-02-06 02:20:00,2054.25,2054.5,2054.0,2054.0,98.0
2015-02-06 02:25:00,2054.0,2054.25,2053.75,2054.25,286.0
2015-02-06 02:30:00,2054.0,2054.75,2054.0,2054.5,220.0
2015-02-06 02:35:00,2054.25,2054.5,2054.25,2054.25,65.0
2015-02-06 02:40:00,2054.25,2054.5,2054.25,2054.5,46.0
2015-02-06 02:45:00,2054.25,2054.75,2054.25,2054.5,136.0
2015-02-06 02:50:00,2054.25,2055.0,2054.25,2054.5,280.0
2015-02-06 02:55:00,2054.75,2055.25,2054.75,2055.25,407.0
2015-02-06 03:00:00,2055.25,2055.25,2054.75,2054.75,67.0
2015-02-06 03:05:00,2055.0,2055.0,2054.5,2054.5,124.0
2015-02-06 03:10:00,2054.5,2054.75,2053.5,2053.5,213.0
2015-02-06 03:15:00,2053.5,2053.75,2053.5,2053.5,134.0
2015-02-06 03:20:00,2053.5,2053.75,2053.25,2053.5,136.0
2015-02-06 03:25:00,2053.5,2053.75,2053.25,2053.75,51.0
2015-02-06 03:30:00,2053.75,2054.0,2053.25,2053.5,262.0
2015-02-06 03:35:00,2053.5,2053.75,2053.5,2053.75,85.0
2015-02-06 03:40:00,2053.75,2053.75,2053.25,2053.25,100.0
2015-02-06 03:45:00,2053.25,2053.5,2052.75,2052.75,198.0
2015-02-06 03:50:00,2052.75,2053.75,2052.75,2053.5,281.0
2015-02-06 03:55:00,2053.75,2054.0,2053.25,2053.5,130.0
2015-02-06 04:00:00,2053.5,2053.75,2053.25,2053.5,61.0
2015-02-06 04:05:00,2053.5,2053.5,2053.25,2053.25,108.0
2015-02-06 04:10:00,2053.25,2053.5,2053.0,2053.25,148.0
2015-02-06 04:15:00,2053.0,2053.5,2053.0,2053.0,52.0
2015-02-06 04:20:00,2053.25,2053.75,2053.0,2053.75,189.0
2015-02-06 04:25:00,2054.0,2054.0,2053.5,2053.75,79.0
2015-02-06 04:30:00,2053.75,2053.75,2053.25,2053.5,116.0
2015-02-06 04:35:00,2053.5,2054.0,2053.25,2054.0,163.0
2015-02-06 04:40:00,2054.0,2054.0,2053.5,2053.5,59.0
2015-02-06 04:45:00,2053.5,2054.0,2053.25,2053.75,205.0
2015-02-06 04:50:00,2053.75,2053.75,2053.5,2053.75,70.0
2015-02-06 04:55:00,2053.5,2053.75,2053.5,2053.5,78.0
2015-02-06 05:00:00,2053.5,2054.0,2053.5,2053.75,92.0
2015-02-06 05:05:00,2053.75,2054.0,2053.5,2054.0,88.0
2015-02-06 05:10:00,2053.75,2054.0,2053.5,2054.0,76.0
2015-02-06 05:15:00,2054.0,2054.25,2053.75,2054.0,170.0
2015-02-06 05:20:00,2054.0,2054.0,2053.75,2054.0,115.0
2015-02-06 05:25:00,2054.0,2054.0,2053.5,2053.75,79.0
2015-02-06 05:30:00,2053.75,2054.5,2053.75,2054.25,164.0
2015-02-06 05:35:00,2054.5,2054.75,2054.25,2054.75,213.0
2015-02-06 05:40:00,2054.75,2055.0,2054.0,2054.5,177.0
2015-02-06 05:45:00,2054.5,2054.5,2054.25,2054.5,34.0
2015-02-06 05:50:00,2054.5,2054.75,2054.25,2054.25,118.0
2015-02-06 05:55:00,2054.5,2054.75,2054.5,2054.5,42.0
2015-02-06 06:00:00,2054.5,2054.75,2054.5,2054.75,70.0
2015-02-06 06:05:00,2054.5,2055.0,2054.5,2054.75,253.0
2015-02-06 06:10:00,2054.75,2055.0,2054.25,2054.75,111.0
2015-02-06 06:15:00,2054.5,2054.75,2054.25,2054.5,49.0
2015-02-06 06:20:00,2054.25,2055.0,2054.25,2054.75,158.0
2015-02-06 06:25:00,2055.0,2055.0,2054.75,2055.0,50.0
2015-02-06 06:30:00,2054.75,2055.0,2054.25,2055.0,130.0
2015-02-06 06:35:00,2055.0,2055.0,2054.5,2055.0,86.0
2015-02-06 06:40:00,2055.0,2055.25,2054.75,2055.0,163.0
2015-02-06 06:45:00,2055.25,2055.25,2054.5,2054.5,275.0
2015-02-06 06:50:00,2054.75,2055.0,2054.25,2054.25,110.0
2015-02-06 06:55:00,2054.25,2054.5,2054.0,2054.25,157.0
2015-02-06 07:00:00,2054.0,2054.5,2054.0,2054.5,218.0
2015-02-06 07:05:00,2054.5,2054.75,2054.25,2054.5,151.0
2015-02-06 07:10:00,2054.25,2054.5,2053.75,2053.75,506.0
2015-02-06 07:15:00,2054.0,2054.0,2053.5,2053.75,241.0
2015-02-06 07:20:00,2054.0,2054.75,2054.0,2054.75,353.0
2015-02-06 07:25:00,2054.5,2055.25,2054.5,2055.0,222.0
2015-02-06 07:30:00,2055.0,2055.0,2054.25,2054.75,301.0
2015-02-06 07:35:00,2054.75,2055.25,2054.25,2055.25,437.0
2015-02-06 07:40:00,2055.0,2056.0,2054.75,2056.0,509.0
2015-02-06 07:45:00,2055.75,2057.0,2055.5,2056.5,1193.0
2015-02-06 07:50:00,2056.5,2057.0,2056.25,2057.0,501.0
2015-02-06 07:55:00,2057.25,2057.5,2056.75,2057.0,767.0
2015-02-06 08:00:00,2056.75,2057.25,2055.0,2056.0,1981.0
2015-02-06 08:05:00,2056.25,2058.75,2055.5,2056.75,6090.0
2015-02-06 08:10:00,2056.5,2056.75,2055.75,2056.25,1432.0
2015-02-06 08:15:00,2056.25,2057.0,2055.75,2056.0,1198.0
2015-02-06 08:20:00,2056.25,2057.75,2055.75,2057.5,1646.0
2015-02-06 08:25:00,2057.75,2058.0,2056.5,2057.0,750.0
2015-02-06 08:30:00,2056.75,2057.5,2056.25,2056.5,529.0
2015-02-06 08:35:00,2056.5,2057.25,2056.25,2056.75,371.0
2015-02-06 08:40:00,2056.75,2057.25,2056.25,2056.5,847.0
2015-02-06 08:45:00,2056.5,2057.25,2056.5,2057.0,684.0
2015-02-06 08:50:00,2057.0,2057.75,2056.75,2056.75,564.0
2015-02-06 08:55:00,2057.0,2057.5,2056.75,2057.0,495.0
2015-02-06 09:00:00,2057.0,2057.25,2056.5,2057.25,325.0
2015-02-06 09:05:00,2057.0,2057.0,2056.5,2056.75,287.0
2015-02-06 09:10:00,2056.75,2057.75,2056.75,2057.25,1119.0
2015-02-06 09:15:00,2057.0,2057.25,2056.5,2056.5,255.0
2015-02-06 09:20:00,2056.5,2056.75,2056.25,2056.5,590.0
2015-02-06 09:25:00,2056.5,2057.25,2056.5,2057.0,361.0
2015-02-06 09:30:00,2057.0,2057.5,2056.25,2056.25,408.0
2015-02-06 09:35:00,2056.25,2056.25,2055.75,2056.25,738.0
2015-02-06 09:40:00,2056.0,2057.0,2056.0,2056.75,804.0
2015-02-06 09:45:00,2056.5,2056.75,2056.0,2056.25,468.0
2015-02-06 09:50:00,2056.25,2056.25,2055.25,2056.0,622.0
2015-02-06 09:55:00,2055.75,2055.75,2055.0,2055.25,830.0
2015-02-06 10:00:00,2055.25,2056.0,2055.25,2055.75,317.0
2015-02-06 10:05:00,2055.75,2056.25,2055.5,2056.25,711.0
2015-02-06 10:10:00,2056.0,2056.5,2056.0,2056.0,949.0
2015-02-06 10:15:00,2056.0,2056.25,2055.75,2056.25,257.0
2015-02-06 10:20:00,2056.25,2056.25,2055.75,2056.0,218.0
2015-02-06 10:25:00,2056.25,2056.25,2056.0,2056.0,431.0
2015-02-06 10:30:00,2056.0,2056.5,2055.75,2056.0,587.0
2015-02-06 10:35:00,2056.25,2056.5,2056.0,2056.0,239.0
2015-02-06 10:40:00,2056.25,2056.5,2055.75,2056.25,672.0
2015-02-06 10:45:00,2056.25,2056.25,2055.5,2055.5,310.0
2015-02-06 10:50:00,2055.75,2056.0,2055.5,2055.75,293.0
2015-02-06 10:55:00,2055.5,2055.75,2055.25,2055.25,438.0
2015-02-06 11:00:00,2055.5,2056.75,2055.0,2056.5,825.0
2015-02-06 11:05:00,2056.5,2056.5,2055.5,2055.75,541.0
2015-02-06 11:10:00,2056.0,2056.25,2055.75,2056.0,597.0
2015-02-06 11:15:00,2056.0,2056.5,2056.0,2056.25,173.0
2015-02-06 11:20:00,2056.0,2056.25,2055.75,2056.0,495.0
2015-02-06 11:25:00,2056.0,2056.25,2055.5,2056.25,367.0
2015-02-06 11:30:00,2056.0,2056.0,2055.5,2055.75,521.0
2015-02-06 11:35:00,2055.75,2056.0,2055.75,2055.75,559.0
2015-02-06 11:40:00,2056.0,2056.75,2055.75,2056.75,576.0
2015-02-06 11:45:00,2056.75,2056.75,2056.5,2056.5,552.0
2015-02-06 11:50:00,2056.25,2057.0,2056.25,2056.75,505.0
2015-02-06 11:55:00,2056.75,2057.0,2056.5,2056.75,415.0
2015-02-06 12:00:00,2056.5,2057.0,2056.25,2057.0,596.0
2015-02-06 12:05:00,2057.0,2057.75,2056.75,2057.25,611.0
2015-02-06 12:10:00,2057.25,2057.75,2057.25,2057.5,635.0
2015-02-06 12:15:00,2057.5,2058.25,2057.5,2058.0,781.0
2015-02-06 12:20:00,2058.0,2058.75,2057.5,2057.75,1739.0
2015-02-06 12:25:00,2057.75,2058.5,2057.75,2058.5,969.0
2015-02-06 12:30:00,2058.5,2058.75,2057.75,2058.25,552.0
2015-02-06 12:35:00,2058.25,2058.5,2057.75,2057.75,770.0
2015-02-06 12:40:00,2057.75,2058.0,2057.25,2057.5,798.0
2015-02-06 12:45:00,2057.5,2057.5,2056.75,2057.0,484.0
2015-02-06 12:50:00,2056.75,2057.75,2055.75,2057.75,2026.0
2015-02-06 12:55:00,2057.5,2057.75,2056.75,2056.75,1078.0
2015-02-06 13:00:00,2056.75,2056.75,2055.5,2056.0,1966.0
2015-02-06 13:05:00,2056.0,2056.0,2055.0,2055.75,2179.0
2015-02-06 13:10:00,2056.0,2056.75,2055.75,2056.75,1605.0
2015-02-06 13:15:00,2056.75,2057.0,2056.0,2056.25,1166.0
2015-02-06 13:20:00,2056.25,2057.0,2055.25,2055.75,2162.0
2015-02-06 13:25:00,2055.75,2056.5,2055.25,2055.25,2568.0
2015-02-06 13:30:00,2055.25,2063.25,2054.75,2061.0,36019.0
2015-02-06 13:35:00,2061.0,2061.75,2058.5,2060.75,16512.0
2015-02-06 13:40:00,2060.75,2064.5,2060.5,2063.0,20367.0
2015-02-06 13:45:00,2063.0,2065.5,2062.75,2063.0,13186.0
2015-02-06 13:50:00,2063.0,2064.5,2062.0,2063.0,10335.0
2015-02-06 13:55:00,2062.75,2063.5,2061.0,2061.75,8312.0
2015-02-06 14:00:00,2061.75,2062.75,2061.25,2061.5,6950.0
2015-02-06 14:05:00,2061.5,2062.25,2061.25,2061.5,6008.0
2015-02-06 14:10:00,2061.5,2062.0,2060.75,2061.25,4586.0
2015-02-06 14:15:00,2061.25,2061.25,2060.0,2060.0,6319.0
2015-02-06 14:20:00,2060.0,2062.0,2060.0,2061.25,5903.0
2015-02-06 14:25:00,2061.25,2061.5,2060.25,2061.25,3773.0
2015-02-06 14:30:00,2061.25,2062.0,2057.25,2057.75,45085.0
2015-02-06 14:35:00,2057.75,2060.5,2057.0,2059.5,32793.0
2015-02-06 14:40:00,2059.5,2063.25,2058.25,2059.0,42009.0
2015-02-06 14:45:00,2059.0,2059.0,2056.0,2058.25,31609.0
2015-02-06 14:50:00,2058.5,2060.75,2058.0,2060.5,25604.0
2015-02-06 14:55:00,2060.25,2060.75,2057.25,2059.5,22721.0
2015-02-06 15:00:00,2059.75,2062.0,2059.25,2061.25,22777.0
2015-02-06 15:05:00,2061.25,2063.0,2060.25,2062.75,21742.0
2015-02-06 15:10:00,2062.75,2064.5,2062.25,2064.0,19688.0
2015-02-06 15:15:00,2063.75,2065.25,2063.0,2064.5,19047.0
2015-02-06 15:20:00,2064.5,2064.75,2063.25,2064.0,16127.0
2015-02-06 15:25:00,2063.75,2064.75,2063.25,2063.5,13674.0
2015-02-06 15:30:00,2063.5,2064.75,2063.0,2064.75,13083.0
2015-02-06 15:35:00,2064.5,2064.75,2063.25,2063.75,9805.0
2015-02-06 15:40:00,2063.75,2066.5,2063.5,2066.0,22274.0
2015-02-06 15:45:00,2065.75,2068.0,2065.5,2067.5,21958.0
2015-02-06 15:50:00,2067.75,2068.0,2065.75,2066.5,19671.0
2015-02-06 15:55:00,2066.5,2066.75,2065.5,2065.75,14657.0
2015-02-06 16:00:00,2066.0,2066.5,2064.75,2065.0,15970.0
2015-02-06 16:05:00,2065.0,2065.5,2064.0,2064.75,19115.0
2015-02-06 16:10:00,2064.75,2066.0,2064.5,2065.25,15305.0
2015-02-06 16:15:00,2065.25,2065.5,2064.0,2064.75,13893.0
2015-02-06 16:20:00,2064.75,2065.5,2064.25,2065.0,10018.0
2015-02-06 16:25:00,2065.25,2066.5,2064.75,2065.75,18869.0
2015-02-06 16:30:00,2065.75,2066.0,2064.25,2065.0,14840.0
2015-02-06 16:35:00,2065.0,2065.75,2063.0,2065.75,25457.0
2015-02-06 16:40:00,2065.75,2066.25,2064.5,2066.25,12105.0
2015-02-06 16:45:00,2066.25,2067.5,2065.25,2067.25,13390.0
2015-02-06 16:50:00,2067.25,2067.5,2066.0,2066.25,5974.0
2015-02-06 16:55:00,2066.25,2066.5,2065.0,2066.0,9527.0
2015-02-06 17:00:00,2066.0,2067.0,2065.25,2066.25,8604.0
2015-02-06 17:05:00,2066.5,2066.75,2065.25,2065.5,6428.0
2015-02-06 17:10:00,2065.5,2066.5,2065.25,2066.5,5609.0
2015-02-06 17:15:00,2066.25,2066.75,2065.25,2066.0,5373.0
2015-02-06 17:20:00,2066.0,2066.5,2065.25,2065.5,7179.0
2015-02-06 17:25:00,2065.5,2066.75,2065.25,2065.75,7940.0
2015-02-06 17:30:00,2065.75,2067.0,2065.5,2065.75,14175.0
2015-02-06 17:35:00,2065.75,2066.5,2064.75,2065.0,11300.0
2015-02-06 17:40:00,2065.0,2065.75,2062.25,2062.25,16575.0
2015-02-06 17:45:00,2062.25,2062.75,2059.0,2062.0,40330.0
2015-02-06 17:50:00,2062.25,2063.0,2061.25,2062.0,9596.0
2015-02-06 17:55:00,2062.25,2064.75,2061.5,2063.75,13771.0
2015-02-06 18:00:00,2064.0,2064.5,2063.0,2063.75,10177.0
2015-02-06 18:05:00,2064.0,2064.25,2059.25,2060.75,18502.0
2015-02-06 18:10:00,2060.75,2061.0,2058.25,2058.5,16924.0
2015-02-06 18:15:00,2058.25,2060.5,2056.5,2058.5,28671.0
2015-02-06 18:20:00,2058.75,2059.0,2056.25,2057.25,16172.0
2015-02-06 18:25:00,2057.0,2057.5,2052.5,2054.75,33099.0
2015-02-06 18:30:00,2055.0,2055.75,2053.5,2055.5,20490.0
2015-02-06 18:35:00,2055.25,2056.25,2052.75,2054.5,18931.0
2015-02-06 18:40:00,2054.5,2057.5,2054.25,2056.75,17711.0
2015-02-06 18:45:00,2056.75,2058.25,2056.25,2056.75,14894.0
2015-02-06 18:50:00,2057.0,2058.5,2056.5,2057.75,12916.0
2015-02-06 18:55:00,2057.5,2059.25,2056.75,2058.25,12653.0
2015-02-06 19:00:00,2058.0,2058.25,2055.25,2056.5,14198.0
2015-02-06 19:05:00,2056.5,2058.5,2056.0,2057.25,13460.0
2015-02-06 19:10:00,2057.25,2058.0,2055.0,2056.5,14233.0
2015-02-06 19:15:00,2056.75,2058.5,2056.0,2057.75,9776.0
2015-02-06 19:20:00,2057.75,2058.75,2057.25,2057.75,8131.0
2015-02-06 19:25:00,2057.5,2059.5,2057.25,2058.5,10947.0
2015-02-06 19:30:00,2058.75,2059.0,2057.5,2058.25,6192.0
2015-02-06 19:35:00,2058.25,2061.5,2058.25,2060.25,20695.0
2015-02-06 19:40:00,2060.5,2061.0,2059.75,2060.5,8829.0
2015-02-06 19:45:00,2060.5,2060.5,2056.75,2057.75,16926.0
2015-02-06 19:50:00,2057.5,2058.5,2055.75,2056.5,10455.0
2015-02-06 19:55:00,2056.25,2056.75,2054.5,2055.5,12346.0
2015-02-06 20:00:00,2055.25,2055.5,2048.25,2049.25,36674.0
2015-02-06 20:05:00,2049.5,2052.75,2048.5,2051.75,21646.0
2015-02-06 20:10:00,2051.75,2051.75,2049.0,2051.0,19544.0
2015-02-06 20:15:00,2051.25,2051.75,2048.75,2050.0,30106.0
2015-02-06 20:20:00,2050.25,2050.75,2046.0,2050.5,28350.0
2015-02-06 20:25:00,2050.5,2050.75,2047.25,2047.75,14855.0
2015-02-06 20:30:00,2047.5,2048.75,2044.5,2047.5,25269.0
2015-02-06 20:35:00,2047.75,2048.75,2046.25,2048.0,13265.0
2015-02-06 20:40:00,2048.0,2048.75,2045.0,2046.75,21189.0
2015-02-06 20:45:00,2046.75,2047.0,2045.0,2045.5,18850.0
2015-02-06 20:50:00,2045.5,2048.25,2045.25,2047.5,19151.0
2015-02-06 20:55:00,2047.25,2049.75,2047.0,2048.5,25918.0
2015-02-06 21:00:00,2048.5,2051.25,2048.5,2050.75,76197.0
2015-02-06 21:05:00,2050.75,2051.25,2049.75,2050.5,12479.0
2015-02-06 21:10:00,2050.25,2053.5,2050.25,2053.25,13279.0
2015-02-06 21:15:00,2053.25,2054.0,2052.5,2053.75,7628.0
2015-02-06 21:30:00,2053.25,2054.25,2052.75,2053.5,2806.0
2015-02-06 21:35:00,2053.25,2054.25,2053.0,2054.25,951.0
2015-02-06 21:40:00,2054.5,2054.5,2054.0,2054.25,674.0
2015-02-06 21:45:00,2054.5,2055.25,2054.5,2054.75,836.0
2015-02-06 21:50:00,2054.75,2055.25,2054.5,2055.0,636.0
2015-02-06 21:55:00,2055.0,2055.5,2054.5,2054.75,902.0
2015-02-06 22:00:00,2054.5,2055.25,2054.5,2055.0,179.0
2015-02-06 22:05:00,2055.25,2055.25,2053.5,2054.0,1403.0
2015-02-06 22:10:00,2053.75,2055.0,2053.75,2054.5,338.0
2015-02-06 22:15:00,2054.75,2056.25,2054.75,2056.0,1176.0
2015-02-08 23:00:00,2050.0,2050.5,2045.25,2046.75,7435.0
2015-02-08 23:05:00,2047.0,2047.25,2041.75,2044.25,4300.0
2015-02-08 23:10:00,2044.25,2045.75,2043.5,2045.75,1485.0
2015-02-08 23:15:00,2045.75,2047.5,2045.5,2047.0,1002.0
2015-02-08 23:20:00,2047.25,2047.75,2046.75,2047.0,772.0
2015-02-08 23:25:00,2047.0,2047.75,2046.75,2047.0,1125.0
2015-02-08 23:30:00,2047.0,2047.0,2045.5,2045.5,1231.0
2015-02-08 23:35:00,2045.5,2045.5,2044.5,2044.75,641.0
2015-02-08 23:40:00,2044.75,2045.25,2044.5,2045.0,726.0
2015-02-08 23:45:00,2045.0,2045.25,2044.0,2044.25,604.0
2015-02-08 23:50:00,2044.25,2044.5,2043.75,2044.25,665.0
2015-02-08 23:55:00,2044.25,2044.5,2044.0,2044.25,722.0
2015-02-09 00:00:00,2044.25,2045.75,2044.0,2045.5,960.0
2015-02-09 00:05:00,2045.5,2046.5,2045.25,2046.5,651.0
2015-02-09 00:10:00,2046.5,2047.5,2045.25,2045.75,1214.0
2015-02-09 00:15:00,2045.75,2046.5,2044.5,2045.0,988.0
2015-02-09 00:20:00,2044.75,2044.75,2043.0,2043.25,1312.0
2015-02-09 00:25:00,2043.25,2045.25,2043.0,2045.0,646.0
2015-02-09 00:30:00,2045.0,2046.0,2044.75,2046.0,533.0
2015-02-09 00:35:00,2046.0,2046.0,2045.5,2045.5,163.0
2015-02-09 00:40:00,2045.25,2045.25,2044.5,2045.0,272.0
2015-02-09 00:45:00,2044.75,2045.75,2044.75,2045.75,313.0
2015-02-09 00:50:00,2045.5,2045.75,2045.25,2045.5,84.0
2015-02-09 00:55:00,2045.5,2045.75,2044.75,2044.75,197.0
2015-02-09 01:00:00,2044.75,2045.0,2044.5,2044.75,478.0
2015-02-09 01:05:00,2045.0,2045.25,2042.75,2042.75,919.0
2015-02-09 01:10:00,2042.75,2043.5,2042.75,2042.75,775.0
2015-02-09 01:15:00,2042.75,2043.5,2042.25,2043.0,860.0
2015-02-09 01:20:00,2043.0,2043.0,2041.0,2041.25,1647.0
2015-02-09 01:25:00,2041.5,2042.25,2041.0,2042.0,762.0
2015-02-09 01:30:00,2042.0,2043.0,2041.5,2043.0,646.0
2015-02-09 01:35:00,2042.75,2043.0,2042.0,2042.5,617.0
2015-02-09 01:40:00,2042.5,2042.75,2041.75,2042.5,425.0
2015-02-09 01:45:00,2042.5,2042.75,2042.25,2042.75,85.0
2015-02-09 01:50:00,2042.5,2042.75,2042.25,2042.5,149.0
2015-02-09 01:55:00,2042.5,2042.75,2041.75,2042.0,639.0
2015-02-09 02:00:00,2042.25,2043.25,2042.0,2043.0,353.0
2015-02-09 02:05:00,2043.25,2043.25,2042.75,2043.25,315.0
2015-02-09 02:10:00,2043.0,2043.25,2042.75,2043.0,220.0
2015-02-09 02:15:00,2043.0,2043.25,2042.75,2043.0,162.0
2015-02-09 02:20:00,2043.0,2043.0,2042.25,2042.75,264.0
2015-02-09 02:25:00,2043.0,2044.0,2042.75,2043.75,729.0
2015-02-09 02:30:00,2043.75,2044.0,2043.5,2043.75,354.0
2015-02-09 02:35:00,2043.75,2044.0,2043.5,2044.0,606.0
2015-02-09 02:40:00,2043.75,2044.75,2043.5,2044.0,1214.0
2015-02-09 02:45:00,2044.25,2044.5,2044.0,2044.5,206.0
2015-02-09 02:50:00,2044.25,2044.5,2044.0,2044.25,286.0
2015-02-09 02:55:00,2044.25,2045.0,2044.25,2044.75,282.0
2015-02-09 03:00:00,2045.0,2045.0,2044.5,2044.5,568.0
2015-02-09 03:05:00,2044.5,2044.75,2044.25,2044.75,284.0
2015-02-09 03:10:00,2044.75,2045.0,2044.25,2044.5,148.0
2015-02-09 03:15:00,2044.75,2044.75,2044.25,2044.25,189.0
2015-02-09 03:20:00,2044.25,2044.5,2044.25,2044.25,140.0
2015-02-09 03:25:00,2044.5,2044.5,2044.25,2044.5,63.0
2015-02-09 03:30:00,2044.5,2045.0,2044.25,2045.0,232.0
2015-02-09 03:35:00,2044.75,2044.75,2044.25,2044.75,111.0
2015-02-09 03:40:00,2044.75,2044.75,2044.0,2044.0,98.0
2015-02-09 03:45:00,2044.25,2044.75,2044.0,2044.75,206.0
2015-02-09 03:50:00,2044.75,2044.75,2044.25,2044.5,68.0
2015-02-09 03:55:00,2044.5,2044.5,2044.5,2044.5,9.0
2015-02-09 04:00:00,2044.5,2044.5,2044.25,2044.25,54.0
2015-02-09 04:05:00,2044.5,2044.75,2044.25,2044.5,126.0
2015-02-09 04:10:00,2044.75,2045.0,2044.5,2044.75,174.0
2015-02-09 04:15:00,2045.0,2045.5,2044.75,2045.25,245.0
2015-02-09 04:20:00,2045.25,2045.5,2045.25,2045.25,94.0
2015-02-09 04:25:00,2045.0,2045.0,2044.75,2044.75,103.0
2015-02-09 04:30:00,2044.75,2045.0,2044.5,2044.75,47.0
2015-02-09 04:35:00,2044.75,2044.75,2044.5,2044.75,21.0
2015-02-09 04:40:00,2044.5,2045.0,2044.5,2045.0,92.0
2015-02-09 04:45:00,2045.0,2045.0,2044.75,2044.75,86.0
2015-02-09 04:50:00,2044.75,2045.0,2044.75,2044.75,40.0
2015-02-09 04:55:00,2044.75,2045.0,2043.75,2043.75,370.0
2015-02-09 05:00:00,2043.75,2044.0,2043.25,2044.0,569.0
2015-02-09 05:05:00,2043.75,2044.25,2043.75,2044.25,96.0
2015-02-09 05:10:00,2044.25,2045.0,2044.0,2044.75,279.0
2015-02-09 05:15:00,2045.0,2045.0,2044.5,2044.5,145.0
2015-02-09 05:20:00,2044.5,2044.75,2044.5,2044.5,26.0
2015-02-09 05:25:00,2044.5,2044.75,2044.25,2044.5,138.0
2015-02-09 05:30:00,2044.5,2045.5,2044.5,2045.0,400.0
2015-02-09 05:35:00,2045.0,2045.25,2044.75,2045.25,214.0
2015-02-09 05:40:00,2045.0,2045.25,2044.25,2044.25,159.0
2015-02-09 05:45:00,2044.25,2044.5,2044.25,2044.25,59.0
2015-02-09 05:50:00,2044.5,2045.25,2044.25,2045.0,118.0
2015-02-09 05:55:00,2045.0,2045.0,2045.0,2045.0,160.0
2015-02-09 06:00:00,2045.25,2045.5,2044.75,2045.5,238.0
2015-02-09 06:05:00,2045.5,2046.5,2045.25,2045.5,1680.0
2015-02-09 06:10:00,2045.75,2045.75,2045.25,2045.25,111.0
2015-02-09 06:15:00,2045.25,2045.75,2045.0,2045.5,249.0
2015-02-09 06:20:00,2045.75,2045.75,2045.5,2045.5,265.0
2015-02-09 06:25:00,2045.5,2046.0,2045.5,2046.0,65.0
2015-02-09 06:30:00,2046.0,2046.0,2045.75,2045.75,60.0
2015-02-09 06:35:00,2045.75,2046.0,2045.75,2045.75,124.0
2015-02-09 06:40:00,2046.0,2046.0,2044.5,2045.0,448.0
2015-02-09 06:45:00,2044.75,2045.5,2044.75,2045.5,100.0
2015-02-09 06:50:00,2045.25,2045.75,2045.25,2045.25,54.0
2015-02-09 06:55:00,2045.25,2045.5,2045.25,2045.5,14.0
2015-02-09 07:00:00,2045.25,2045.75,2044.5,2045.0,1855.0
2015-02-09 07:05:00,2045.0,2046.25,2045.0,2046.25,504.0
2015-02-09 07:10:00,2046.25,2046.5,2045.5,2046.0,599.0
2015-02-09 07:15:00,2046.0,2046.0,2045.25,2045.5,335.0
2015-02-09 07:20:00,2045.5,2046.25,2045.25,2046.0,351.0
2015-02-09 07:25:00,2046.0,2046.0,2044.75,2044.75,324.0
2015-02-09 07:30:00,2044.75,2045.5,2044.5,2045.25,289.0
2015-02-09 07:35:00,2045.25,2045.75,2045.0,2045.25,228.0
2015-02-09 07:40:00,2045.25,2045.5,2045.0,2045.5,290.0
2015-02-09 07:45:00,2045.5,2046.0,2045.25,2046.0,641.0
2015-02-09 07:50:00,2045.75,2046.5,2045.5,2046.0,1223.0
2015-02-09 07:55:00,2046.0,2046.5,2046.0,2046.5,565.0
2015-02-09 08:00:00,2046.75,2047.0,2045.75,2046.5,2147.0
2015-02-09 08:05:00,2046.5,2046.75,2045.5,2046.0,2064.0
2015-02-09 08:10:00,2046.0,2047.0,2045.0,2045.25,2598.0
2015-02-09 08:15:00,2045.25,2045.5,2041.5,2042.25,5460.0
2015-02-09 08:20:00,2042.0,2044.5,2041.25,2043.75,4792.0
2015-02-09 08:25:00,2043.5,2044.0,2042.5,2043.25,2264.0
2015-02-09 08:30:00,2043.0,2043.25,2040.75,2042.25,4535.0
2015-02-09 08:35:00,2042.25,2043.0,2041.5,2041.75,1772.0
2015-02-09 08:40:00,2041.75,2042.5,2041.25,2041.5,1891.0
2015-02-09 08:45:00,2041.75,2042.0,2040.25,2041.75,2802.0
2015-02-09 08:50:00,2041.75,2042.25,2040.25,2040.5,1595.0
2015-02-09 08:55:00,2040.5,2041.5,2039.5,2041.25,3427.0
2015-02-09 09:00:00,2041.5,2041.75,2040.5,2041.0,2640.0
2015-02-09 09:05:00,2041.25,2042.25,2040.5,2041.75,2582.0
2015-02-09 09:10:00,2041.75,2041.75,2040.5,2041.0,1725.0
2015-02-09 09:15:00,2041.25,2042.5,2041.25,2042.0,1032.0
2015-02-09 09:20:00,2042.0,2042.25,2041.0,2042.25,1830.0
2015-02-09 09:25:00,2042.0,2042.25,2040.75,2041.0,962.0
2015-02-09 09:30:00,2041.25,2042.25,2041.0,2042.0,1238.0
2015-02-09 09:35:00,2042.0,2042.75,2041.25,2041.75,1365.0
2015-02-09 09:40:00,2041.75,2041.75,2040.75,2041.0,1005.0
2015-02-09 09:45:00,2041.0,2041.75,2040.5,2041.0,1216.0
2015-02-09 09:50:00,2040.75,2041.5,2040.5,2041.5,800.0
2015-02-09 09:55:00,2041.25,2041.75,2041.25,2041.5,620.0
2015-02-09 10:00:00,2041.25,2041.5,2040.0,2040.25,1071.0
2015-02-09 10:05:00,2040.25,2041.0,2040.25,2040.75,525.0
2015-02-09 10:10:00,2040.75,2041.75,2040.75,2041.25,824.0
2015-02-09 10:15:00,2041.0,2041.5,2040.75,2041.5,595.0
2015-02-09 10:20:00,2041.5,2043.5,2041.5,2043.5,1371.0
2015-02-09 10:25:00,2043.25,2044.5,2043.0,2043.5,1323.0
2015-02-09 10:30:00,2043.5,2044.75,2043.25,2044.0,1321.0
2015-02-09 10:35:00,2044.0,2044.5,2043.25,2043.5,1093.0
2015-02-09 10:40:00,2043.5,2044.5,2043.25,2044.5,863.0
2015-02-09 10:45:00,2044.5,2045.5,2044.25,2044.5,1429.0
2015-02-09 10:50:00,2044.5,2044.75,2043.75,2044.0,572.0
2015-02-09 10:55:00,2043.75,2044.25,2043.25,2043.5,615.0
2015-02-09 11:00:00,2043.5,2044.0,2043.5,2043.75,593.0
2015-02-09 11:05:00,2044.0,2044.25,2042.75,2044.0,1778.0
2015-02-09 11:10:00,2044.25,2044.75,2042.75,2043.75,904.0
2015-02-09 11:15:00,2043.5,2043.5,2042.75,2043.25,454.0
2015-02-09 11:20:00,2043.25,2043.25,2042.75,2042.75,592.0
2015-02-09 11:25:00,2043.0,2043.5,2042.75,2043.5,659.0
2015-02-09 11:30:00,2043.25,2043.25,2041.25,2041.5,1117.0
2015-02-09 11:35:00,2041.5,2042.0,2041.25,2041.5,855.0
2015-02-09 11:40:00,2041.25,2041.75,2040.25,2040.5,1092.0
2015-02-09 11:45:00,2040.5,2041.25,2040.5,2041.0,1218.0
2015-02-09 11:50:00,2040.75,2041.0,2040.0,2040.5,648.0
2015-02-09 11:55:00,2040.75,2041.0,2039.75,2040.25,1843.0
2015-02-09 12:00:00,2040.25,2040.75,2039.5,2040.5,1503.0
2015-02-09 12:05:00,2040.5,2041.25,2040.5,2041.25,614.0
2015-02-09 12:10:00,2041.25,2041.75,2040.75,2040.75,862.0
2015-02-09 12:15:00,2040.75,2041.75,2040.75,2041.5,919.0
2015-02-09 12:20:00,2041.5,2042.25,2041.5,2041.75,1156.0
2015-02-09 12:25:00,2041.75,2041.75,2040.75,2041.5,1424.0
2015-02-09 12:30:00,2041.5,2041.75,2041.0,2041.5,605.0
2015-02-09 12:35:00,2041.5,2042.5,2041.5,2042.25,1092.0
2015-02-09 12:40:00,2042.5,2044.75,2042.25,2044.5,2631.0
2015-02-09 12:45:00,2044.5,2045.0,2043.75,2044.0,2085.0
2015-02-09 12:50:00,2044.0,2045.0,2043.25,2044.75,1881.0
2015-02-09 12:55:00,2044.75,2045.0,2043.75,2044.0,1191.0
2015-02-09 13:00:00,2043.75,2044.75,2043.25,2044.0,1922.0
2015-02-09 13:05:00,2044.0,2044.0,2043.0,2043.25,1844.0
2015-02-09 13:10:00,2043.25,2043.5,2042.75,2043.5,1022.0
2015-02-09 13:15:00,2043.5,2044.0,2043.25,2043.5,1641.0
2015-02-09 13:20:00,2043.5,2044.75,2042.5,2043.5,3137.0
2015-02-09 13:25:00,2043.5,2044.0,2042.75,2042.75,1424.0
2015-02-09 13:30:00,2043.0,2043.0,2041.25,2042.25,3717.0
2015-02-09 13:35:00,2042.25,2042.75,2040.75,2040.75,2624.0
2015-02-09 13:40:00,2040.75,2042.0,2040.25,2042.0,2938.0
2015-02-09 13:45:00,2041.75,2042.0,2039.75,2040.25,4582.0
2015-02-09 13:50:00,2040.25,2040.75,2038.75,2040.75,4456.0
2015-02-09 13:55:00,2041.0,2042.25,2041.0,2042.0,3218.0
2015-02-09 14:00:00,2042.0,2042.75,2041.25,2041.75,2199.0
2015-02-09 14:05:00,2041.75,2043.25,2041.75,2043.0,3853.0
2015-02-09 14:10:00,2042.75,2043.0,2042.0,2042.0,1736.0
2015-02-09 14:15:00,2042.25,2043.0,2041.75,2041.75,2444.0
2015-02-09 14:20:00,2042.0,2043.75,2041.75,2043.5,3067.0
2015-02-09 14:25:00,2043.5,2043.75,2042.5,2042.5,2495.0
2015-02-09 14:30:00,2042.75,2047.5,2042.25,2045.5,49289.0
2015-02-09 14:35:00,2045.5,2046.75,2043.75,2046.25,34014.0
2015-02-09 14:40:00,2046.5,2049.25,2046.25,2046.75,34937.0
2015-02-09 14:45:00,2046.75,2049.25,2044.5,2048.0,27075.0
2015-02-09 14:50:00,2048.25,2051.5,2047.25,2049.25,34184.0
2015-02-09 14:55:00,2049.25,2050.5,2048.5,2049.25,16374.0
2015-02-09 15:00:00,2049.5,2050.25,2047.5,2047.75,18012.0
2015-02-09 15:05:00,2047.75,2049.0,2046.75,2047.0,15738.0
2015-02-09 15:10:00,2046.75,2047.5,2046.0,2047.25,15129.0
2015-02-09 15:15:00,2047.25,2050.25,2047.25,2049.25,15309.0
2015-02-09 15:20:00,2049.0,2049.5,2045.0,2045.0,16697.0
2015-02-09 15:25:00,2045.0,2046.75,2044.5,2045.0,15661.0
2015-02-09 15:30:00,2044.75,2046.0,2044.0,2045.25,19935.0
2015-02-09 15:35:00,2045.5,2048.5,2045.25,2047.0,16076.0
2015-02-09 15:40:00,2046.75,2047.0,2044.25,2045.0,13075.0
2015-02-09 15:45:00,2045.0,2045.25,2042.5,2043.25,13301.0
2015-02-09 15:50:00,2043.25,2045.25,2042.5,2044.75,15853.0
2015-02-09 15:55:00,2044.75,2045.0,2042.5,2042.75,12986.0
2015-02-09 16:00:00,2043.0,2045.75,2042.25,2045.5,15639.0
2015-02-09 16:05:00,2045.5,2046.25,2044.5,2045.0,15166.0
2015-02-09 16:10:00,2045.25,2047.25,2045.25,2046.25,14106.0
2015-02-09 16:15:00,2046.25,2048.5,2046.0,2047.5,12278.0
2015-02-09 16:20:00,2047.75,2049.0,2047.5,2048.75,11679.0
2015-02-09 16:25:00,2048.75,2049.25,2047.75,2049.25,10515.0
2015-02-09 16:30:00,2049.0,2050.75,2048.0,2048.75,16078.0
2015-02-09 16:35:00,2048.75,2049.5,2048.0,2048.0,10302.0
2015-02-09 16:40:00,2048.0,2049.0,2047.5,2048.5,7102.0
2015-02-09 16:45:00,2048.75,2049.0,2047.75,2048.5,5500.0
2015-02-09 16:50:00,2048.5,2049.25,2047.75,2048.75,6212.0
2015-02-09 16:55:00,2048.75,2049.25,2048.0,2048.5,6751.0
2015-02-09 17:00:00,2048.5,2048.75,2046.25,2047.5,10954.0
2015-02-09 17:05:00,2047.75,2048.75,2046.75,2048.5,8944.0
2015-02-09 17:10:00,2048.5,2049.75,2048.0,2048.5,10742.0
2015-02-09 17:15:00,2048.5,2048.5,2046.25,2047.5,11607.0
2015-02-09 17:20:00,2047.25,2048.5,2047.0,2048.25,9115.0
2015-02-09 17:25:00,2048.0,2048.5,2047.5,2048.5,7622.0
2015-02-09 17:30:00,2048.5,2051.75,2048.25,2050.5,13965.0
2015-02-09 17:35:00,2050.5,2051.25,2050.0,2050.0,7406.0
2015-02-09 17:40:00,2050.25,2050.75,2049.0,2049.25,7426.0
2015-02-09 17:45:00,2049.25,2050.0,2048.0,2048.75,8149.0
2015-02-09 17:50:00,2048.75,2049.75,2048.0,2049.0,6485.0
2015-02-09 17:55:00,2049.0,2049.75,2047.5,2048.25,6739.0
2015-02-09 18:00:00,2048.25,2049.25,2047.25,2047.75,5512.0
2015-02-09 18:05:00,2047.75,2048.75,2047.25,2048.0,5242.0
2015-02-09 18:10:00,2048.0,2049.25,2048.0,2048.5,4938.0
2015-02-09 18:15:00,2048.5,2049.5,2047.75,2048.25,4985.0
2015-02-09 18:20:00,2048.25,2048.25,2047.25,2047.25,5965.0
2015-02-09 18:25:00,2047.25,2047.75,2046.75,2047.0,5640.0
2015-02-09 18:30:00,2047.0,2047.25,2044.25,2045.0,15389.0
2015-02-09 18:35:00,2044.75,2045.5,2044.0,2044.5,5782.0
2015-02-09 18:40:00,2044.5,2046.25,2044.25,2044.5,8198.0
2015-02-09 18:45:00,2044.5,2045.25,2043.25,2043.75,13147.0
2015-02-09 18:50:00,2043.75,2045.0,2043.5,2045.0,5711.0
2015-02-09 18:55:00,2044.75,2046.0,2044.75,2045.75,6891.0
2015-02-09 19:00:00,2046.0,2046.0,2044.25,2045.75,7709.0
2015-02-09 19:05:00,2045.75,2045.75,2043.5,2043.5,7033.0
2015-02-09 19:10:00,2043.5,2045.0,2042.5,2042.5,9755.0
2015-02-09 19:15:00,2042.75,2044.0,2042.5,2042.5,6616.0
2015-02-09 19:20:00,2042.5,2043.5,2041.0,2042.5,18370.0
2015-02-09 19:25:00,2042.75,2044.25,2041.75,2044.0,15339.0
2015-02-09 19:30:00,2044.0,2045.0,2043.25,2045.0,8723.0
2015-02-09 19:35:00,2045.0,2045.0,2043.75,2044.75,5173.0
2015-02-09 19:40:00,2044.75,2045.75,2044.25,2044.75,9747.0
2015-02-09 19:45:00,2044.75,2045.0,2041.5,2042.0,10296.0
2015-02-09 19:50:00,2042.0,2043.5,2041.5,2042.0,10466.0
2015-02-09 19:55:00,2041.75,2043.0,2041.0,2043.0,9962.0
2015-02-09 20:00:00,2043.0,2043.0,2039.5,2039.75,15768.0
2015-02-09 20:05:00,2039.5,2039.5,2036.75,2038.0,23493.0
2015-02-09 20:10:00,2038.25,2040.0,2037.25,2039.5,10171.0
2015-02-09 20:15:00,2039.5,2039.5,2037.75,2038.75,7954.0
2015-02-09 20:20:00,2038.75,2041.0,2036.5,2041.0,18632.0
2015-02-09 20:25:00,2041.0,2041.25,2040.0,2040.75,10304.0
2015-02-09 20:30:00,2040.75,2042.0,2038.75,2040.25,12380.0
2015-02-09 20:35:00,2040.25,2041.25,2038.25,2040.75,13088.0
2015-02-09 20:40:00,2040.75,2044.0,2039.75,2043.5,15793.0
2015-02-09 20:45:00,2043.25,2043.75,2041.75,2043.25,12690.0
2015-02-09 20:50:00,2043.25,2044.75,2041.5,2042.25,20840.0
2015-02-09 20:55:00,2042.5,2043.5,2041.5,2041.5,19227.0
2015-02-09 21:00:00,2041.5,2042.5,2040.25,2041.0,50396.0
2015-02-09 21:05:00,2041.0,2042.25,2040.5,2042.25,5941.0
2015-02-09 21:10:00,2042.0,2042.75,2041.25,2042.5,6593.0
2015-02-09 21:15:00,2042.25,2042.75,2042.0,2042.5,4393.0
2015-02-09 21:30:00,2042.75,2043.75,2042.75,2043.25,2280.0
2015-02-09 21:35:00,2043.25,2043.75,2043.0,2043.25,1521.0
2015-02-09 21:40:00,2043.25,2043.25,2042.75,2043.25,567.0
2015-02-09 21:45:00,2043.25,2043.25,2042.75,2043.25,262.0
2015-02-09 21:50:00,2043.25,2043.25,2042.75,2043.0,290.0
2015-02-09 21:55:00,2043.0,2043.25,2042.5,2043.0,275.0
2015-02-09 22:00:00,2043.0,2043.25,2042.5,2043.25,1154.0
2015-02-09 22:05:00,2043.0,2044.0,2043.0,2044.0,884.0
2015-02-09 22:10:00,2043.75,2044.0,2043.5,2043.5,349.0
2015-02-09 22:15:00,2043.5,2043.75,2043.5,2043.75,212.0
2015-02-09 23:00:00,2043.75,2044.5,2043.5,2044.25,996.0
2015-02-09 23:05:00,2044.25,2045.0,2044.0,2044.75,546.0
2015-02-09 23:10:00,2045.0,2045.25,2044.5,2044.75,330.0
2015-02-09 23:15:00,2044.5,2045.0,2044.5,2044.75,318.0
2015-02-09 23:20:00,2044.5,2044.75,2044.0,2044.25,361.0
2015-02-09 23:25:00,2044.0,2044.5,2043.75,2044.25,308.0
2015-02-09 23:30:00,2044.25,2045.0,2044.0,2045.0,336.0
2015-02-09 23:35:00,2044.75,2045.0,2044.5,2044.5,179.0
2015-02-09 23:40:00,2044.5,2044.5,2044.0,2044.25,163.0
2015-02-09 23:45:00,2044.25,2045.0,2044.25,2044.75,187.0
2015-02-09 23:50:00,2044.75,2045.5,2044.75,2045.25,402.0
2015-02-09 23:55:00,2045.5,2045.75,2044.75,2044.75,475.0
2015-02-10 00:00:00,2044.75,2045.75,2044.75,2045.5,495.0
2015-02-10 00:05:00,2045.75,2045.75,2045.0,2045.25,223.0
2015-02-10 00:10:00,2045.25,2045.75,2045.0,2045.25,363.0
2015-02-10 00:15:00,2045.25,2045.5,2045.25,2045.25,150.0
2015-02-10 00:20:00,2045.5,2045.5,2045.0,2045.25,196.0
2015-02-10 00:25:00,2045.25,2045.25,2045.0,2045.0,113.0
2015-02-10 00:30:00,2045.25,2045.25,2044.75,2045.0,144.0
2015-02-10 00:35:00,2044.75,2045.0,2044.5,2044.75,195.0
2015-02-10 00:40:00,2044.75,2044.75,2043.5,2044.0,816.0
2015-02-10 00:45:00,2043.75,2044.0,2043.5,2043.75,227.0
2015-02-10 00:50:00,2043.75,2044.5,2043.5,2044.5,173.0
2015-02-10 00:55:00,2044.5,2044.75,2044.0,2044.75,240.0
2015-02-10 01:00:00,2044.75,2044.75,2044.0,2044.5,488.0
2015-02-10 01:05:00,2044.75,2044.75,2044.25,2044.75,84.0
2015-02-10 01:10:00,2045.0,2045.75,2045.0,2045.25,423.0
2015-02-10 01:15:00,2045.25,2045.5,2044.75,2045.25,201.0
2015-02-10 01:20:00,2045.25,2045.5,2045.0,2045.25,281.0
2015-02-10 01:25:00,2045.25,2046.0,2045.0,2046.0,323.0
2015-02-10 01:30:00,2046.0,2046.0,2044.75,2045.25,378.0
2015-02-10 01:35:00,2045.25,2046.0,2045.25,2045.75,114.0
2015-02-10 01:40:00,2045.75,2045.75,2045.0,2045.0,139.0
2015-02-10 01:45:00,2045.0,2045.0,2044.25,2044.75,235.0
2015-02-10 01:50:00,2044.75,2044.75,2044.0,2044.5,196.0
2015-02-10 01:55:00,2044.5,2044.75,2044.25,2044.5,82.0
2015-02-10 02:00:00,2044.5,2044.5,2044.0,2044.0,131.0
2015-02-10 02:05:00,2044.25,2044.75,2044.25,2044.75,148.0
2015-02-10 02:10:00,2044.75,2044.75,2044.5,2044.75,23.0
2015-02-10 02:15:00,2044.5,2044.5,2044.25,2044.25,55.0
2015-02-10 02:20:00,2044.25,2044.75,2044.25,2044.75,38.0
2015-02-10 02:25:00,2044.75,2045.0,2044.5,2044.75,63.0
2015-02-10 02:30:00,2045.0,2045.0,2044.5,2044.75,54.0
2015-02-10 02:35:00,2044.75,2045.0,2044.5,2044.75,55.0
2015-02-10 02:40:00,2044.75,2045.0,2044.75,2044.75,18.0
2015-02-10 02:45:00,2045.0,2045.0,2044.75,2044.75,31.0
2015-02-10 02:50:00,2044.75,2045.0,2044.5,2044.75,59.0
2015-02-10 02:55:00,2044.5,2045.0,2044.5,2044.75,31.0
2015-02-10 03:00:00,2044.75,2045.25,2044.75,2045.0,227.0
2015-02-10 03:05:00,2045.25,2045.25,2044.75,2045.0,81.0
2015-02-10 03:10:00,2044.75,2045.0,2044.5,2044.75,60.0
2015-02-10 03:15:00,2044.75,2044.75,2044.5,2044.75,30.0
2015-02-10 03:20:00,2044.75,2044.75,2043.75,2043.75,259.0
2015-02-10 03:25:00,2044.0,2044.25,2043.75,2044.25,49.0
2015-02-10 03:30:00,2044.25,2044.75,2043.75,2044.25,468.0
2015-02-10 03:35:00,2044.0,2044.25,2044.0,2044.0,28.0
2015-02-10 03:40:00,2044.0,2044.25,2043.75,2043.75,185.0
2015-02-10 03:45:00,2043.75,2044.25,2043.75,2044.25,239.0
2015-02-10 03:50:00,2044.25,2045.5,2044.0,2045.0,606.0
2015-02-10 03:55:00,2045.0,2045.0,2044.25,2044.25,427.0
2015-02-10 04:00:00,2044.25,2044.25,2044.25,2044.25,56.0
2015-02-10 04:05:00,2044.5,2044.5,2044.25,2044.25,29.0
2015-02-10 04:10:00,2044.5,2044.5,2044.25,2044.25,19.0
2015-02-10 04:15:00,2044.25,2044.5,2044.25,2044.25,41.0
2015-02-10 04:20:00,2044.25,2044.5,2044.25,2044.25,25.0
2015-02-10 04:25:00,2044.25,2044.5,2044.25,2044.25,163.0
2015-02-10 04:30:00,2044.25,2044.25,2043.75,2043.75,779.0
2015-02-10 04:35:00,2043.75,2044.25,2043.5,2044.0,309.0
2015-02-10 04:40:00,2044.0,2044.0,2043.75,2044.0,72.0
2015-02-10 04:45:00,2043.75,2043.75,2043.75,2043.75,34.0
2015-02-10 04:50:00,2043.75,2044.25,2043.75,2044.0,142.0
2015-02-10 04:55:00,2044.0,2044.0,2043.75,2043.75,77.0
2015-02-10 05:00:00,2043.75,2043.75,2043.5,2043.75,31.0
2015-02-10 05:05:00,2043.5,2044.0,2043.5,2043.75,79.0
2015-02-10 05:10:00,2044.0,2044.5,2043.75,2044.25,181.0
2015-02-10 05:15:00,2044.5,2044.75,2044.25,2044.75,293.0
2015-02-10 05:20:00,2044.75,2044.75,2044.25,2044.75,112.0
2015-02-10 05:25:00,2044.5,2044.75,2044.5,2044.75,57.0
2015-02-10 05:30:00,2044.75,2045.5,2044.75,2045.25,435.0
2015-02-10 05:35:00,2045.25,2046.75,2045.25,2046.0,768.0
2015-02-10 05:40:00,2046.0,2046.25,2045.25,2045.5,240.0
2015-02-10 05:45:00,2045.5,2045.5,2045.0,2045.25,110.0
2015-02-10 05:50:00,2045.25,2045.5,2045.25,2045.25,66.0
2015-02-10 05:55:00,2045.25,2045.5,2045.25,2045.25,25.0
2015-02-10 06:00:00,2045.25,2045.25,2044.25,2044.25,343.0
2015-02-10 06:05:00,2044.25,2044.5,2044.25,2044.5,176.0
2015-02-10 06:10:00,2044.5,2044.5,2044.25,2044.5,109.0
2015-02-10 06:15:00,2044.5,2044.5,2044.25,2044.25,49.0
2015-02-10 06:20:00,2044.5,2044.75,2044.25,2044.5,102.0
2015-02-10 06:25:00,2044.25,2044.5,2044.25,2044.5,10.0
2015-02-10 06:30:00,2044.5,2044.5,2044.25,2044.5,25.0
2015-02-10 06:35:00,2044.5,2044.75,2044.25,2044.75,48.0
2015-02-10 06:40:00,2044.75,2044.75,2044.5,2044.5,47.0
2015-02-10 06:45:00,2044.75,2044.75,2044.25,2044.25,67.0
2015-02-10 06:50:00,2044.5,2044.75,2044.25,2044.5,107.0
2015-02-10 06:55:00,2044.5,2044.75,2044.5,2044.5,83.0
2015-02-10 07:00:00,2044.75,2045.25,2044.5,2045.0,571.0
2015-02-10 07:05:00,2045.0,2045.5,2045.0,2045.25,396.0
2015-02-10 07:10:00,2045.25,2047.0,2045.25,2046.5,963.0
2015-02-10 07:15:00,2046.75,2047.25,2046.25,2046.25,607.0
2015-02-10 07:20:00,2046.5,2047.5,2046.5,2047.5,632.0
2015-02-10 07:25:00,2047.5,2047.75,2046.75,2047.0,398.0
2015-02-10 07:30:00,2047.25,2047.5,2046.5,2046.75,226.0
2015-02-10 07:35:00,2046.5,2047.0,2046.5,2046.5,357.0
2015-02-10 07:40:00,2046.5,2046.75,2046.25,2046.5,269.0
2015-02-10 07:45:00,2046.25,2046.5,2046.25,2046.25,88.0
2015-02-10 07:50:00,2046.25,2046.5,2045.5,2045.5,761.0
2015-02-10 07:55:00,2045.5,2045.5,2044.75,2045.0,1133.0
2015-02-10 08:00:00,2045.0,2046.0,2044.25,2044.25,1656.0
2015-02-10 08:05:00,2044.5,2045.5,2044.25,2044.75,1618.0
2015-02-10 08:10:00,2044.75,2045.75,2043.5,2044.75,2825.0
2015-02-10 08:15:00,2044.75,2047.25,2044.5,2046.25,3214.0
2015-02-10 08:20:00,2046.5,2047.0,2045.25,2045.25,1428.0
2015-02-10 08:25:00,2045.25,2045.5,2043.75,2044.25,1530.0
2015-02-10 08:30:00,2044.25,2044.25,2043.0,2043.5,1730.0
2015-02-10 08:35:00,2043.75,2045.0,2042.0,2042.75,3480.0
2015-02-10 08:40:00,2042.75,2043.25,2041.5,2043.25,1959.0
2015-02-10 08:45:00,2043.0,2044.0,2042.5,2043.5,1104.0
2015-02-10 08:50:00,2043.5,2043.75,2041.75,2042.75,1375.0
2015-02-10 08:55:00,2043.0,2043.0,2041.0,2042.25,2404.0
2015-02-10 09:00:00,2042.25,2044.0,2042.0,2042.5,1760.0
2015-02-10 09:05:00,2042.5,2042.75,2041.25,2041.5,1449.0
2015-02-10 09:10:00,2041.5,2043.0,2041.0,2042.25,1514.0
2015-02-10 09:15:00,2042.0,2042.5,2041.0,2041.25,1055.0
2015-02-10 09:20:00,2041.25,2041.75,2040.75,2040.75,824.0
2015-02-10 09:25:00,2040.75,2042.25,2040.75,2041.25,753.0
2015-02-10 09:30:00,2041.0,2041.75,2040.5,2041.75,1335.0
2015-02-10 09:35:00,2041.75,2042.5,2041.5,2042.0,834.0
2015-02-10 09:40:00,2042.0,2042.25,2041.5,2042.0,558.0
2015-02-10 09:45:00,2042.0,2043.0,2041.75,2042.75,784.0
2015-02-10 09:50:00,2042.5,2044.0,2042.5,2043.5,1156.0
2015-02-10 09:55:00,2043.5,2044.0,2043.25,2043.25,850.0
2015-02-10 10:00:00,2043.25,2044.75,2043.25,2044.75,1103.0
2015-02-10 10:05:00,2044.5,2044.75,2044.0,2044.0,1261.0
2015-02-10 10:10:00,2044.0,2044.75,2043.25,2043.5,1299.0
2015-02-10 10:15:00,2043.5,2045.0,2043.5,2044.5,1091.0
2015-02-10 10:20:00,2044.25,2045.25,2044.0,2044.75,1175.0
2015-02-10 10:25:00,2044.5,2046.5,2044.0,2045.5,2105.0
2015-02-10 10:30:00,2045.5,2046.5,2045.0,2046.25,720.0
2015-02-10 10:35:00,2046.25,2046.5,2045.5,2045.75,577.0
2015-02-10 10:40:00,2046.0,2046.5,2044.5,2045.5,1833.0
2015-02-10 10:45:00,2045.25,2045.25,2044.25,2044.5,464.0
2015-02-10 10:50:00,2044.5,2044.75,2043.5,2043.75,930.0
2015-02-10 10:55:00,2044.0,2044.25,2043.25,2043.5,894.0
2015-02-10 11:00:00,2043.5,2044.0,2043.25,2044.0,680.0
2015-02-10 11:05:00,2044.0,2044.75,2043.75,2044.75,461.0
2015-02-10 11:10:00,2044.5,2046.0,2044.25,2045.75,1970.0
2015-02-10 11:15:00,2045.75,2046.75,2045.5,2046.25,1641.0
2015-02-10 11:20:00,2046.25,2046.75,2045.75,2046.75,510.0
2015-02-10 11:25:00,2046.75,2047.0,2046.0,2046.25,659.0
2015-02-10 11:30:00,2046.5,2046.5,2045.0,2045.25,521.0
2015-02-10 11:35:00,2045.25,2045.75,2045.0,2045.5,832.0
2015-02-10 11:40:00,2045.5,2046.25,2045.25,2046.0,504.0
2015-02-10 11:45:00,2045.75,2046.25,2045.5,2046.0,453.0
2015-02-10 11:50:00,2045.75,2046.25,2045.0,2046.25,662.0
2015-02-10 11:55:00,2046.0,2046.75,2045.75,2045.75,1936.0
2015-02-10 12:00:00,2046.0,2047.0,2045.75,2046.75,837.0
2015-02-10 12:05:00,2046.75,2053.0,2046.75,2053.0,10482.0
2015-02-10 12:10:00,2052.75,2057.25,2052.25,2057.0,13219.0
2015-02-10 12:15:00,2057.0,2059.0,2056.25,2056.25,10299.0
2015-02-10 12:20:00,2056.25,2056.5,2055.0,2055.25,4157.0
2015-02-10 12:25:00,2055.25,2055.25,2053.75,2055.0,2818.0
2015-02-10 12:30:00,2054.75,2056.0,2054.5,2055.5,2160.0
2015-02-10 12:35:00,2055.75,2055.75,2053.5,2054.0,3218.0
2015-02-10 12:40:00,2054.25,2056.0,2054.25,2054.25,2645.0
2015-02-10 12:45:00,2054.25,2055.0,2054.0,2054.75,2500.0
2015-02-10 12:50:00,2054.75,2055.0,2053.5,2054.0,1953.0
2015-02-10 12:55:00,2054.0,2054.75,2050.5,2051.75,13864.0
2015-02-10 13:00:00,2051.75,2053.0,2051.25,2052.25,3101.0
2015-02-10 13:05:00,2052.0,2053.5,2051.75,2052.5,2295.0
2015-02-10 13:10:00,2052.75,2053.75,2052.5,2053.75,2317.0
2015-02-10 13:15:00,2053.75,2055.5,2053.5,2054.0,7715.0
2015-02-10 13:20:00,2054.0,2056.5,2053.5,2055.75,5300.0
2015-02-10 13:25:00,2056.0,2057.5,2055.5,2057.0,3597.0
2015-02-10 13:30:00,2057.0,2057.75,2055.75,2056.5,8517.0
2015-02-10 13:35:00,2056.25,2056.5,2055.5,2056.0,1649.0
2015-02-10 13:40:00,2055.75,2056.25,2055.25,2055.5,3128.0
2015-02-10 13:45:00,2055.5,2056.25,2055.5,2055.75,2809.0
2015-02-10 13:50:00,2055.5,2055.75,2053.75,2054.25,2865.0
2015-02-10 13:55:00,2054.25,2055.25,2054.0,2054.75,1420.0
2015-02-10 14:00:00,2054.75,2056.25,2054.75,2055.75,4275.0
2015-02-10 14:05:00,2055.75,2056.25,2055.25,2056.0,2285.0
2015-02-10 14:10:00,2055.75,2056.0,2054.75,2055.0,1342.0
2015-02-10 14:15:00,2055.25,2055.25,2054.25,2054.5,1932.0
2015-02-10 14:20:00,2054.5,2055.0,2054.0,2055.0,2153.0
2015-02-10 14:25:00,2055.0,2055.0,2053.75,2053.75,7834.0
2015-02-10 14:30:00,2053.75,2054.5,2051.5,2052.0,35655.0
2015-02-10 14:35:00,2051.75,2053.25,2050.75,2052.75,27874.0
2015-02-10 14:40:00,2052.75,2053.25,2050.75,2051.0,26229.0
2015-02-10 14:45:00,2051.25,2053.25,2050.0,2052.75,27486.0
2015-02-10 14:50:00,2052.75,2053.75,2050.5,2051.0,23861.0
2015-02-10 14:55:00,2050.75,2051.0,2047.5,2047.75,22113.0
2015-02-10 15:00:00,2047.75,2049.75,2047.25,2049.0,18218.0
2015-02-10 15:05:00,2049.0,2049.5,2047.25,2048.25,22140.0
2015-02-10 15:10:00,2048.5,2050.75,2048.5,2050.0,16216.0
2015-02-10 15:15:00,2050.25,2052.25,2049.5,2050.25,21242.0
2015-02-10 15:20:00,2050.25,2050.5,2047.25,2048.5,16895.0
2015-02-10 15:25:00,2048.5,2048.75,2046.5,2048.25,17043.0
2015-02-10 15:30:00,2048.0,2048.25,2046.0,2047.5,15888.0
2015-02-10 15:35:00,2047.5,2048.25,2047.0,2047.5,11173.0
2015-02-10 15:40:00,2047.75,2049.5,2047.25,2049.25,11598.0
2015-02-10 15:45:00,2049.25,2049.5,2044.0,2044.5,27898.0
2015-02-10 15:50:00,2044.5,2045.75,2043.25,2045.75,22287.0
2015-02-10 15:55:00,2045.75,2047.75,2045.0,2047.0,23647.0
2015-02-10 16:00:00,2046.75,2047.75,2046.0,2046.5,14794.0
2015-02-10 16:05:00,2046.25,2048.25,2046.0,2047.25,13797.0
2015-02-10 16:10:00,2047.25,2050.5,2047.0,2048.75,22612.0
2015-02-10 16:15:00,2048.75,2051.0,2048.5,2050.5,16679.0
2015-02-10 16:20:00,2050.5,2051.75,2050.0,2050.5,19733.0
2015-02-10 16:25:00,2050.75,2051.75,2049.25,2051.5,17998.0
2015-02-10 16:30:00,2051.5,2052.5,2050.5,2051.25,16769.0
2015-02-10 16:35:00,2051.5,2053.0,2051.0,2052.0,17532.0
2015-02-10 16:40:00,2052.0,2053.0,2051.5,2053.0,10745.0
2015-02-10 16:45:00,2052.75,2053.25,2051.25,2052.0,11352.0
2015-02-10 16:50:00,2051.75,2053.0,2051.5,2052.75,6758.0
2015-02-10 16:55:00,2052.5,2053.0,2052.0,2052.75,7008.0
2015-02-10 17:00:00,2052.75,2053.0,2050.5,2050.75,10737.0
2015-02-10 17:05:00,2050.75,2052.5,2050.5,2052.0,8243.0
2015-02-10 17:10:00,2052.0,2056.5,2052.0,2055.25,28960.0
2015-02-10 17:15:00,2055.25,2056.25,2055.0,2055.75,9056.0
2015-02-10 17:20:00,2055.75,2057.5,2055.5,2056.75,14465.0
2015-02-10 17:25:00,2057.0,2057.25,2055.25,2055.5,10416.0
2015-02-10 17:30:00,2055.5,2056.0,2054.25,2054.75,8704.0
2015-02-10 17:35:00,2054.75,2055.25,2053.75,2055.25,8384.0
2015-02-10 17:40:00,2055.0,2055.75,2054.75,2055.25,9846.0
2015-02-10 17:45:00,2055.25,2056.25,2054.75,2056.0,11372.0
2015-02-10 17:50:00,2056.0,2056.5,2055.0,2055.5,5481.0
2015-02-10 17:55:00,2055.5,2056.0,2054.5,2055.5,6789.0
2015-02-10 18:00:00,2055.5,2056.5,2055.0,2055.75,5073.0
2015-02-10 18:05:00,2056.0,2056.25,2055.0,2055.75,5715.0
2015-02-10 18:10:00,2055.75,2057.25,2055.5,2056.75,7593.0
2015-02-10 18:15:00,2056.5,2056.75,2055.5,2056.5,6749.0
2015-02-10 18:20:00,2056.5,2056.75,2052.75,2053.25,11715.0
2015-02-10 18:25:00,2053.0,2054.25,2052.75,2053.75,7177.0
2015-02-10 18:30:00,2054.0,2054.5,2053.75,2054.25,4667.0
2015-02-10 18:35:00,2054.25,2055.5,2054.0,2055.25,7973.0
2015-02-10 18:40:00,2055.5,2056.0,2054.0,2054.0,6237.0
2015-02-10 18:45:00,2054.0,2056.0,2053.75,2055.25,5372.0
2015-02-10 18:50:00,2055.5,2056.75,2055.0,2055.75,6439.0
2015-02-10 18:55:00,2055.75,2056.0,2054.25,2054.75,6292.0
2015-02-10 19:00:00,2054.75,2055.25,2053.5,2054.75,7808.0
2015-02-10 19:05:00,2055.0,2055.75,2054.75,2055.0,7331.0
2015-02-10 19:10:00,2055.0,2056.0,2054.75,2055.25,4332.0
2015-02-10 19:15:00,2055.25,2055.75,2054.75,2055.25,5515.0
2015-02-10 19:20:00,2055.5,2056.75,2055.25,2055.75,6415.0
2015-02-10 19:25:00,2055.75,2058.25,2055.5,2057.5,14746.0
2015-02-10 19:30:00,2057.75,2058.5,2057.25,2058.0,9161.0
2015-02-10 19:35:00,2058.25,2060.0,2058.0,2059.25,15568.0
2015-02-10 19:40:00,2059.5,2061.25,2059.5,2061.0,19456.0
2015-02-10 19:45:00,2060.75,2060.75,2059.5,2060.75,9235.0
2015-02-10 19:50:00,2060.5,2061.0,2060.0,2060.5,5918.0
2015-02-10 19:55:00,2060.5,2063.75,2060.5,2063.0,21896.0
2015-02-10 20:00:00,2063.0,2064.25,2062.75,2063.25,13825.0
2015-02-10 20:05:00,2063.25,2063.75,2062.0,2063.0,11965.0
2015-02-10 20:10:00,2063.0,2064.0,2062.5,2063.0,8593.0
2015-02-10 20:15:00,2063.0,2063.5,2062.25,2062.75,6585.0
2015-02-10 20:20:00,2062.75,2063.75,2062.5,2063.25,6898.0
2015-02-10 20:25:00,2063.25,2064.75,2062.5,2064.5,9382.0
2015-02-10 20:30:00,2064.75,2065.5,2064.0,2064.25,13599.0
2015-02-10 20:35:00,2064.25,2065.5,2064.0,2065.25,8610.0
2015-02-10 20:40:00,2065.0,2065.75,2064.5,2065.25,13895.0
2015-02-10 20:45:00,2065.25,2066.5,2064.25,2064.5,14656.0
2015-02-10 20:50:00,2064.5,2065.0,2063.75,2064.25,14230.0
2015-02-10 20:55:00,2064.25,2065.5,2062.5,2063.5,33898.0
2015-02-10 21:00:00,2063.25,2063.75,2062.25,2063.0,66458.0
2015-02-10 21:05:00,2063.0,2063.25,2062.25,2062.75,8807.0
2015-02-10 21:10:00,2062.75,2062.75,2061.5,2062.0,7113.0
2015-02-10 21:15:00,2061.75,2062.5,2061.5,2062.25,4729.0
2015-02-10 21:30:00,2062.5,2063.25,2062.5,2063.25,2463.0
2015-02-10 21:35:00,2063.0,2063.25,2062.75,2062.75,982.0
2015-02-10 21:40:00,2062.75,2063.5,2062.75,2063.25,610.0
2015-02-10 21:45:00,2063.25,2063.25,2062.75,2062.75,347.0
2015-02-10 21:50:00,2062.75,2063.0,2062.5,2062.5,551.0
2015-02-10 21:55:00,2062.75,2063.25,2062.5,2063.0,685.0
2015-02-10 22:00:00,2063.0,2063.25,2062.75,2062.75,120.0
2015-02-10 22:05:00,2062.75,2063.0,2062.75,2063.0,142.0
2015-02-10 22:10:00,2062.75,2063.25,2062.5,2062.5,979.0
2015-02-10 22:15:00,2062.75,2062.75,2062.25,2062.5,461.0
2015-02-10 23:00:00,2062.75,2063.5,2062.75,2063.0,1070.0
2015-02-10 23:05:00,2063.0,2064.0,2063.0,2063.5,785.0
2015-02-10 23:10:00,2063.5,2063.75,2062.75,2062.75,485.0
2015-02-10 23:15:00,2062.75,2063.0,2062.25,2062.75,389.0
2015-02-10 23:20:00,2062.75,2063.25,2062.75,2062.75,245.0
2015-02-10 23:25:00,2063.0,2063.0,2062.5,2062.5,196.0
2015-02-10 23:30:00,2062.75,2063.0,2062.75,2062.75,109.0
2015-02-10 23:35:00,2062.75,2063.0,2062.5,2062.5,102.0
2015-02-10 23:40:00,2062.5,2062.75,2062.25,2062.25,114.0
2015-02-10 23:45:00,2062.25,2062.5,2062.25,2062.25,137.0
2015-02-10 23:50:00,2062.5,2062.75,2062.0,2062.75,557.0
2015-02-10 23:55:00,2062.75,2062.75,2062.5,2062.5,93.0
2015-02-11 00:00:00,2062.5,2062.75,2062.25,2062.5,185.0
2015-02-11 00:05:00,2062.5,2062.5,2062.0,2062.25,118.0
2015-02-11 00:10:00,2062.5,2062.5,2061.75,2062.0,239.0
2015-02-11 00:15:00,2062.25,2062.5,2062.0,2062.5,63.0
2015-02-11 00:20:00,2062.5,2062.5,2062.25,2062.5,100.0
2015-02-11 00:25:00,2062.5,2062.75,2062.25,2062.75,213.0
2015-02-11 00:30:00,2062.75,2063.0,2062.5,2062.75,160.0
2015-02-11 00:35:00,2062.5,2063.0,2062.5,2063.0,118.0
2015-02-11 00:40:00,2062.75,2063.25,2062.25,2062.25,198.0
2015-02-11 00:45:00,2062.25,2062.75,2062.25,2062.5,66.0
2015-02-11 00:50:00,2062.5,2062.75,2062.5,2062.75,47.0
2015-02-11 00:55:00,2062.75,2063.25,2062.75,2063.25,175.0
2015-02-11 01:00:00,2063.0,2063.0,2062.5,2063.0,294.0
2015-02-11 01:05:00,2063.0,2063.0,2062.5,2062.75,89.0
2015-02-11 01:10:00,2062.5,2062.75,2062.5,2062.5,47.0
2015-02-11 01:15:00,2062.75,2062.75,2062.5,2062.5,114.0
2015-02-11 01:20:00,2062.75,2062.75,2062.25,2062.5,100.0
2015-02-11 01:25:00,2062.5,2062.75,2062.25,2062.5,214.0
2015-02-11 01:30:00,2062.5,2062.75,2062.0,2062.25,160.0
2015-02-11 01:35:00,2062.25,2062.5,2062.0,2062.5,167.0
2015-02-11 01:40:00,2062.5,2062.75,2062.5,2062.75,108.0
2015-02-11 01:45:00,2062.75,2062.75,2062.25,2062.5,51.0
2015-02-11 01:50:00,2062.5,2062.5,2061.5,2062.0,395.0
2015-02-11 01:55:00,2062.0,2062.0,2061.5,2062.0,202.0
2015-02-11 02:00:00,2062.25,2062.5,2062.0,2062.25,49.0
2015-02-11 02:05:00,2062.25,2062.5,2062.0,2062.0,69.0
2015-02-11 02:10:00,2062.0,2062.0,2060.75,2060.75,793.0
2015-02-11 02:15:00,2061.0,2061.5,2060.75,2061.5,223.0
2015-02-11 02:20:00,2061.5,2061.75,2061.25,2061.5,41.0
2015-02-11 02:25:00,2061.5,2061.5,2061.5,2061.5,54.0
2015-02-11 02:30:00,2061.25,2061.5,2061.0,2061.0,128.0
2015-02-11 02:35:00,2061.25,2061.25,2061.0,2061.25,103.0
2015-02-11 02:40:00,2061.0,2061.25,2060.5,2060.75,341.0
2015-02-11 02:45:00,2060.75,2061.0,2060.75,2060.75,97.0
2015-02-11 02:50:00,2061.0,2061.0,2060.75,2060.75,73.0
2015-02-11 02:55:00,2061.0,2061.0,2060.75,2060.75,125.0
2015-02-11 03:00:00,2060.75,2061.0,2060.5,2060.75,137.0
2015-02-11 03:05:00,2060.75,2060.75,2060.25,2060.5,280.0
2015-02-11 03:10:00,2060.5,2060.75,2060.5,2060.75,99.0
2015-02-11 03:15:00,2060.75,2060.75,2060.25,2060.75,95.0
2015-02-11 03:20:00,2060.5,2060.75,2060.25,2060.5,127.0
2015-02-11 03:25:00,2060.5,2060.75,2060.5,2060.5,32.0
2015-02-11 03:30:00,2060.5,2061.0,2060.5,2061.0,110.0
2015-02-11 03:35:00,2061.0,2061.0,2060.5,2061.0,251.0
2015-02-11 03:40:00,2060.75,2061.0,2060.5,2060.5,78.0
2015-02-11 03:45:00,2060.5,2061.0,2060.5,2060.75,95.0
2015-02-11 03:50:00,2060.75,2061.0,2060.75,2061.0,139.0
2015-02-11 03:55:00,2061.0,2061.0,2060.75,2061.0,53.0
2015-02-11 04:00:00,2060.75,2060.75,2060.5,2060.5,678.0
2015-02-11 04:05:00,2060.75,2060.75,2060.5,2060.75,63.0
2015-02-11 04:10:00,2060.75,2060.75,2060.5,2060.75,20.0
2015-02-11 04:15:00,2060.75,2060.75,2060.5,2060.75,91.0
2015-02-11 04:20:00,2060.75,2061.0,2060.75,2060.75,44.0
2015-02-11 04:25:00,2060.75,2061.0,2060.75,2061.0,20.0
2015-02-11 04:30:00,2061.0,2061.0,2060.75,2061.0,21.0
2015-02-11 04:35:00,2061.0,2061.0,2060.75,2060.75,9.0
2015-02-11 04:40:00,2061.0,2061.0,2060.75,2060.75,151.0
2015-02-11 04:45:00,2060.75,2061.0,2060.75,2060.75,101.0
2015-02-11 04:50:00,2060.5,2061.0,2060.25,2061.0,189.0
2015-02-11 04:55:00,2060.75,2061.0,2060.25,2060.25,430.0
2015-02-11 05:00:00,2060.5,2060.5,2060.25,2060.5,41.0
2015-02-11 05:05:00,2060.5,2060.5,2060.25,2060.25,116.0
2015-02-11 05:10:00,2060.25,2060.5,2060.0,2060.25,113.0
2015-02-11 05:15:00,2060.5,2060.5,2059.75,2060.25,826.0
2015-02-11 05:20:00,2060.0,2060.5,2059.5,2059.75,379.0
2015-02-11 05:25:00,2059.75,2060.0,2059.5,2060.0,198.0
2015-02-11 05:30:00,2060.0,2060.0,2059.75,2060.0,115.0
2015-02-11 05:35:00,2060.0,2060.25,2059.75,2060.0,73.0
2015-02-11 05:40:00,2060.0,2060.5,2060.0,2060.0,118.0
2015-02-11 05:45:00,2060.5,2060.5,2060.0,2060.5,109.0
2015-02-11 05:50:00,2060.5,2060.5,2060.25,2060.5,162.0
2015-02-11 05:55:00,2060.25,2060.5,2060.0,2060.0,76.0
2015-02-11 06:00:00,2060.25,2060.5,2060.0,2060.5,73.0
2015-02-11 06:05:00,2060.5,2060.5,2060.25,2060.25,159.0
2015-02-11 06:10:00,2060.25,2060.5,2060.0,2060.5,40.0
2015-02-11 06:15:00,2060.25,2060.5,2060.25,2060.25,97.0
2015-02-11 06:20:00,2060.25,2060.5,2060.0,2060.5,55.0
2015-02-11 06:25:00,2060.5,2060.5,2060.25,2060.25,90.0
2015-02-11 06:30:00,2060.5,2060.5,2060.25,2060.5,22.0
2015-02-11 06:35:00,2060.5,2060.75,2060.5,2060.75,54.0
2015-02-11 06:40:00,2060.75,2060.75,2060.25,2060.75,127.0
2015-02-11 06:45:00,2060.75,2061.0,2060.75,2061.0,290.0
2015-02-11 06:50:00,2061.0,2061.25,2060.75,2061.0,307.0
2015-02-11 06:55:00,2061.0,2061.0,2060.75,2061.0,45.0
2015-02-11 07:00:00,2061.0,2061.0,2060.5,2061.0,526.0
2015-02-11 07:05:00,2061.0,2061.25,2060.0,2060.0,994.0
2015-02-11 07:10:00,2060.0,2060.25,2059.5,2059.5,749.0
2015-02-11 07:15:00,2059.75,2059.75,2059.0,2059.75,717.0
2015-02-11 07:20:00,2059.75,2060.5,2059.75,2060.5,291.0
2015-02-11 07:25:00,2060.5,2060.5,2060.0,2060.25,234.0
2015-02-11 07:30:00,2060.25,2060.25,2059.75,2060.0,185.0
2015-02-11 07:35:00,2060.0,2060.5,2060.0,2060.5,136.0
2015-02-11 07:40:00,2060.25,2060.75,2060.25,2060.75,200.0
2015-02-11 07:45:00,2060.75,2061.0,2060.25,2060.25,247.0
2015-02-11 07:50:00,2060.0,2060.0,2059.0,2059.5,975.0
2015-02-11 07:55:00,2059.5,2060.0,2059.5,2059.5,579.0
2015-02-11 08:00:00,2059.75,2060.5,2059.75,2060.0,1712.0
2015-02-11 08:05:00,2059.75,2060.5,2059.25,2060.25,1533.0
2015-02-11 08:10:00,2060.25,2062.0,2060.25,2061.25,2407.0
2015-02-11 08:15:00,2061.25,2061.75,2060.75,2061.0,1414.0
2015-02-11 08:20:00,2060.75,2061.25,2060.0,2060.0,1302.0
2015-02-11 08:25:00,2060.0,2060.5,2059.25,2059.75,935.0
2015-02-11 08:30:00,2059.75,2060.75,2059.5,2059.5,769.0
2015-02-11 08:35:00,2059.5,2060.75,2059.25,2060.0,921.0
2015-02-11 08:40:00,2060.0,2060.25,2059.0,2059.5,1044.0
2015-02-11 08:45:00,2059.5,2060.0,2059.0,2059.0,967.0
2015-02-11 08:50:00,2059.25,2060.25,2059.25,2060.0,846.0
2015-02-11 08:55:00,2060.0,2060.75,2060.0,2060.25,562.0
2015-02-11 09:00:00,2060.5,2061.0,2060.25,2061.0,339.0
2015-02-11 09:05:00,2061.0,2061.5,2060.75,2061.25,695.0
2015-02-11 09:10:00,2061.0,2061.5,2060.25,2060.5,798.0
2015-02-11 09:15:00,2060.75,2060.75,2059.5,2059.5,836.0
2015-02-11 09:20:00,2059.5,2060.25,2059.5,2060.0,520.0
2015-02-11 09:25:00,2060.0,2061.25,2060.0,2061.0,860.0
2015-02-11 09:30:00,2061.0,2061.5,2060.75,2061.0,435.0
2015-02-11 09:35:00,2061.0,2061.0,2060.25,2060.25,286.0
2015-02-11 09:40:00,2060.25,2060.75,2060.0,2060.25,738.0
2015-02-11 09:45:00,2060.25,2061.0,2060.25,2061.0,914.0
2015-02-11 09:50:00,2060.75,2061.0,2060.0,2060.75,1114.0
2015-02-11 09:55:00,2060.75,2061.5,2060.5,2061.25,347.0
2015-02-11 10:00:00,2061.25,2061.5,2060.75,2061.5,797.0
2015-02-11 10:05:00,2061.25,2061.5,2060.75,2060.75,586.0
2015-02-11 10:10:00,2061.0,2061.25,2061.0,2061.25,355.0
2015-02-11 10:15:00,2061.25,2061.75,2061.0,2061.25,339.0
2015-02-11 10:20:00,2061.25,2061.5,2060.25,2061.0,411.0
2015-02-11 10:25:00,2061.0,2061.25,2060.75,2061.25,532.0
2015-02-11 10:30:00,2061.25,2061.5,2061.0,2061.25,282.0
2015-02-11 10:35:00,2061.25,2061.75,2061.0,2061.25,646.0
2015-02-11 10:40:00,2061.25,2061.75,2061.0,2061.5,244.0
2015-02-11 10:45:00,2061.25,2061.5,2061.0,2061.5,274.0
2015-02-11 10:50:00,2061.25,2061.5,2061.0,2061.25,154.0
2015-02-11 10:55:00,2061.0,2061.5,2060.75,2060.75,1166.0
2015-02-11 11:00:00,2060.75,2060.75,2060.25,2060.5,1396.0
2015-02-11 11:05:00,2060.75,2061.25,2059.5,2060.0,842.0
2015-02-11 11:10:00,2060.0,2060.0,2059.5,2059.75,628.0
2015-02-11 11:15:00,2060.0,2060.25,2059.5,2060.0,393.0
2015-02-11 11:20:00,2060.0,2060.5,2059.75,2060.0,618.0
2015-02-11 11:25:00,2060.0,2060.0,2058.25,2059.5,1959.0
2015-02-11 11:30:00,2059.5,2059.5,2058.25,2058.5,993.0
2015-02-11 11:35:00,2058.5,2058.75,2058.0,2058.5,1011.0
2015-02-11 11:40:00,2058.25,2058.5,2057.75,2058.5,1337.0
2015-02-11 11:45:00,2058.5,2059.0,2058.5,2059.0,562.0
2015-02-11 11:50:00,2059.0,2060.5,2058.75,2059.75,1166.0
2015-02-11 11:55:00,2059.75,2060.25,2059.5,2059.75,1207.0
2015-02-11 12:00:00,2059.75,2060.5,2059.5,2059.5,690.0
2015-02-11 12:05:00,2059.5,2060.25,2059.5,2059.75,451.0
2015-02-11 12:10:00,2059.75,2060.0,2059.5,2059.75,1124.0
2015-02-11 12:15:00,2059.75,2060.0,2059.25,2059.5,1302.0
2015-02-11 12:20:00,2059.5,2059.75,2059.0,2059.25,454.0
2015-02-11 12:25:00,2059.25,2059.75,2059.25,2059.75,590.0
2015-02-11 12:30:00,2059.75,2060.75,2059.75,2060.75,758.0
2015-02-11 12:35:00,2060.5,2060.75,2059.5,2059.5,1172.0
2015-02-11 12:40:00,2059.75,2060.0,2059.0,2059.25,579.0
2015-02-11 12:45:00,2059.5,2059.75,2059.5,2059.75,297.0
2015-02-11 12:50:00,2059.75,2059.75,2058.5,2059.0,1475.0
2015-02-11 12:55:00,2059.0,2059.0,2058.25,2059.0,1064.0
2015-02-11 13:00:00,2059.0,2059.5,2059.0,2059.25,801.0
2015-02-11 13:05:00,2059.0,2059.25,2058.25,2058.5,2994.0
2015-02-11 13:10:00,2058.25,2058.5,2057.75,2058.5,4350.0
2015-02-11 13:15:00,2058.5,2059.25,2058.25,2059.0,3776.0
2015-02-11 13:20:00,2059.0,2060.0,2059.0,2060.0,2043.0
2015-02-11 13:25:00,2059.75,2060.0,2059.0,2059.25,743.0
2015-02-11 13:30:00,2059.5,2060.75,2059.0,2060.75,1936.0
2015-02-11 13:35:00,2060.5,2061.25,2060.5,2061.0,2030.0
2015-02-11 13:40:00,2060.75,2061.5,2060.75,2061.0,792.0
2015-02-11 13:45:00,2061.0,2061.5,2060.5,2060.75,1364.0
2015-02-11 13:50:00,2061.0,2061.25,2060.0,2060.0,1730.0
2015-02-11 13:55:00,2060.0,2060.0,2058.5,2058.75,3402.0
2015-02-11 14:00:00,2059.0,2060.0,2058.75,2059.75,1815.0
2015-02-11 14:05:00,2059.5,2060.0,2059.25,2059.75,1285.0
2015-02-11 14:10:00,2060.0,2060.25,2059.0,2059.25,2705.0
2015-02-11 14:15:00,2059.5,2060.0,2059.25,2059.75,830.0
2015-02-11 14:20:00,2059.5,2060.25,2059.5,2060.25,2009.0
2015-02-11 14:25:00,2060.25,2061.0,2059.75,2060.75,3193.0
2015-02-11 14:30:00,2060.5,2063.25,2059.5,2062.75,34276.0
2015-02-11 14:35:00,2062.5,2063.5,2061.25,2062.0,22331.0
2015-02-11 14:40:00,2062.0,2063.75,2061.75,2062.75,18403.0
2015-02-11 14:45:00,2062.5,2063.0,2061.0,2061.75,14453.0
2015-02-11 14:50:00,2061.5,2062.5,2061.0,2062.0,17101.0
2015-02-11 14:55:00,2062.0,2064.25,2061.25,2063.75,21561.0
2015-02-11 15:00:00,2063.75,2064.75,2062.75,2063.0,15310.0
2015-02-11 15:05:00,2062.75,2063.0,2061.5,2062.25,10837.0
2015-02-11 15:10:00,2062.0,2063.75,2061.5,2062.5,13765.0
2015-02-11 15:15:00,2062.25,2063.25,2060.75,2061.25,14705.0
2015-02-11 15:20:00,2061.25,2062.0,2060.5,2061.25,19211.0
2015-02-11 15:25:00,2061.25,2061.5,2059.75,2060.75,10938.0
2015-02-11 15:30:00,2060.75,2061.0,2059.0,2059.5,20222.0
2015-02-11 15:35:00,2059.75,2061.75,2059.5,2061.5,14893.0
2015-02-11 15:40:00,2061.5,2063.0,2061.0,2061.75,15492.0
2015-02-11 15:45:00,2061.75,2062.25,2060.5,2060.75,9484.0
2015-02-11 15:50:00,2060.75,2062.5,2060.5,2061.75,8979.0
2015-02-11 15:55:00,2061.75,2062.5,2061.0,2061.25,9189.0
2015-02-11 16:00:00,2061.25,2064.25,2061.0,2064.0,14603.0
2015-02-11 16:05:00,2064.25,2064.75,2063.5,2064.0,16952.0
2015-02-11 16:10:00,2063.75,2065.5,2063.5,2064.25,15633.0
2015-02-11 16:15:00,2064.25,2065.0,2063.5,2063.75,11719.0
2015-02-11 16:20:00,2063.5,2064.0,2062.5,2064.0,13588.0
2015-02-11 16:25:00,2063.75,2064.5,2063.25,2064.25,8738.0
2015-02-11 16:30:00,2064.0,2064.5,2061.25,2061.75,22415.0
2015-02-11 16:35:00,2061.75,2063.75,2061.75,2063.0,15308.0
2015-02-11 16:40:00,2063.0,2064.75,2062.5,2063.5,15911.0
2015-02-11 16:45:00,2063.5,2064.0,2062.5,2063.75,7796.0
2015-02-11 16:50:00,2063.5,2064.25,2063.0,2064.0,9206.0
2015-02-11 16:55:00,2064.25,2064.25,2062.75,2063.5,6108.0
2015-02-11 17:00:00,2063.5,2064.0,2061.5,2062.25,13441.0
2015-02-11 17:05:00,2062.25,2063.5,2062.25,2063.25,8143.0
2015-02-11 17:10:00,2063.25,2063.25,2062.0,2062.5,4799.0
2015-02-11 17:15:00,2062.5,2063.25,2062.0,2063.0,6573.0
2015-02-11 17:20:00,2063.25,2064.0,2062.75,2063.25,6722.0
2015-02-11 17:25:00,2063.25,2064.0,2062.75,2063.5,4874.0
2015-02-11 17:30:00,2063.5,2064.25,2063.25,2064.0,6007.0
2015-02-11 17:35:00,2064.0,2064.5,2063.25,2063.25,4599.0
2015-02-11 17:40:00,2063.25,2063.75,2059.75,2060.5,13968.0
2015-02-11 17:45:00,2060.5,2061.25,2059.25,2060.5,11158.0
2015-02-11 17:50:00,2060.5,2061.25,2060.0,2060.5,7412.0
2015-02-11 17:55:00,2060.25,2060.75,2058.75,2059.75,10474.0
2015-02-11 18:00:00,2060.0,2060.0,2058.0,2059.0,10328.0
2015-02-11 18:05:00,2059.0,2059.25,2055.75,2056.5,18245.0
2015-02-11 18:10:00,2056.25,2057.5,2053.75,2054.0,21876.0
2015-02-11 18:15:00,2054.0,2055.25,2053.25,2054.75,18943.0
2015-02-11 18:20:00,2054.75,2055.5,2053.5,2055.25,9676.0
2015-02-11 18:25:00,2055.25,2057.0,2055.0,2056.0,13958.0
2015-02-11 18:30:00,2056.0,2057.0,2055.25,2055.5,9636.0
2015-02-11 18:35:00,2055.5,2057.25,2055.5,2056.25,11593.0
2015-02-11 18:40:00,2056.25,2057.75,2056.0,2057.25,7757.0
2015-02-11 18:45:00,2057.25,2057.5,2055.5,2056.25,7660.0
2015-02-11 18:50:00,2056.25,2057.25,2055.5,2056.25,10205.0
2015-02-11 18:55:00,2056.25,2061.75,2054.5,2060.25,29256.0
2015-02-11 19:00:00,2060.0,2061.0,2058.5,2059.25,13251.0
2015-02-11 19:05:00,2059.25,2061.25,2059.0,2060.25,10345.0
2015-02-11 19:10:00,2060.25,2062.0,2060.0,2061.0,14373.0
2015-02-11 19:15:00,2060.75,2061.25,2058.5,2060.5,14913.0
2015-02-11 19:20:00,2060.75,2060.75,2058.75,2059.75,10804.0
2015-02-11 19:25:00,2059.75,2060.0,2057.0,2057.25,11267.0
2015-02-11 19:30:00,2057.25,2061.25,2057.0,2061.0,12554.0
2015-02-11 19:35:00,2061.0,2061.75,2060.25,2061.25,8742.0
2015-02-11 19:40:00,2061.25,2063.0,2061.0,2062.25,10732.0
2015-02-11 19:45:00,2062.5,2064.0,2061.5,2062.25,10877.0
2015-02-11 19:50:00,2062.25,2063.75,2062.0,2063.0,7596.0
2015-02-11 19:55:00,2063.0,2063.25,2061.25,2061.75,7561.0
2015-02-11 20:00:00,2061.75,2063.25,2061.25,2062.75,6057.0
2015-02-11 20:05:00,2062.75,2063.5,2061.5,2062.5,7578.0
2015-02-11 20:10:00,2062.5,2063.0,2061.75,2062.5,5455.0
2015-02-11 20:15:00,2062.5,2063.5,2061.0,2062.25,9733.0
2015-02-11 20:20:00,2062.5,2065.0,2062.0,2065.0,12270.0
2015-02-11 20:25:00,2065.0,2069.75,2064.0,2067.75,46975.0
2015-02-11 20:30:00,2067.75,2068.5,2064.25,2065.0,28104.0
2015-02-11 20:35:00,2065.0,2066.5,2063.5,2065.75,15547.0
2015-02-11 20:40:00,2065.5,2067.5,2064.5,2065.75,16568.0
2015-02-11 20:45:00,2065.75,2065.75,2062.5,2062.5,19260.0
2015-02-11 20:50:00,2062.5,2063.0,2061.0,2063.0,19751.0
2015-02-11 20:55:00,2062.75,2063.75,2062.0,2063.25,14515.0
2015-02-11 21:00:00,2063.0,2065.0,2063.0,2064.75,47439.0
2015-02-11 21:05:00,2064.75,2065.5,2064.5,2065.0,6649.0
2015-02-11 21:10:00,2065.25,2065.25,2064.75,2064.75,3914.0
2015-02-11 21:15:00,2065.0,2066.0,2064.75,2066.0,4930.0
2015-02-11 21:30:00,2066.25,2067.5,2066.0,2067.0,5413.0
2015-02-11 21:35:00,2066.75,2072.5,2066.25,2071.0,8812.0
2015-02-11 21:40:00,2070.75,2079.5,2070.25,2078.75,22296.0
2015-02-11 21:45:00,2078.75,2079.0,2075.5,2077.0,7194.0
2015-02-11 21:50:00,2077.0,2078.0,2070.0,2073.0,18086.0
2015-02-11 21:55:00,2073.0,2074.75,2072.0,2074.0,2106.0
2015-02-11 22:00:00,2073.75,2075.25,2073.5,2074.75,1745.0
2015-02-11 22:05:00,2075.25,2075.25,2074.0,2074.0,1326.0
2015-02-11 22:10:00,2073.75,2074.0,2073.0,2073.75,1166.0
2015-02-11 22:15:00,2073.5,2073.75,2073.25,2073.25,265.0
2015-02-11 23:00:00,2071.5,2072.75,2070.5,2071.5,3377.0
2015-02-11 23:05:00,2071.25,2072.25,2071.25,2072.25,1725.0
2015-02-11 23:10:00,2072.0,2072.25,2071.0,2071.0,956.0
2015-02-11 23:15:00,2071.0,2071.0,2066.75,2067.0,5258.0
2015-02-11 23:20:00,2066.75,2068.0,2066.75,2067.5,1824.0
2015-02-11 23:25:00,2067.5,2068.0,2066.5,2067.75,1548.0
2015-02-11 23:30:00,2068.0,2068.0,2067.25,2067.75,473.0
2015-02-11 23:35:00,2067.5,2068.0,2067.0,2068.0,704.0
2015-02-11 23:40:00,2067.75,2068.75,2066.5,2068.0,1343.0
2015-02-11 23:45:00,2068.0,2068.0,2066.75,2067.0,768.0
2015-02-11 23:50:00,2067.0,2067.25,2066.5,2066.75,643.0
2015-02-11 23:55:00,2066.75,2066.75,2066.0,2066.25,717.0
2015-02-12 00:00:00,2066.25,2066.5,2065.75,2066.0,1693.0
2015-02-12 00:05:00,2066.0,2067.25,2065.75,2067.25,1355.0
2015-02-12 00:10:00,2067.25,2068.0,2067.25,2067.75,617.0
2015-02-12 00:15:00,2068.0,2068.75,2067.5,2068.25,764.0
2015-02-12 00:20:00,2068.5,2068.75,2068.0,2068.25,702.0
2015-02-12 00:25:00,2068.25,2068.25,2067.0,2067.25,1132.0
2015-02-12 00:30:00,2067.25,2067.25,2066.5,2067.0,510.0
2015-02-12 00:35:00,2067.0,2067.25,2066.75,2066.75,164.0
2015-02-12 00:40:00,2067.0,2067.25,2066.0,2066.5,500.0
2015-02-12 00:45:00,2066.25,2066.25,2065.75,2066.0,926.0
2015-02-12 00:50:00,2066.0,2067.0,2065.25,2066.5,1817.0
2015-02-12 00:55:00,2066.5,2067.25,2066.25,2066.5,626.0
2015-02-12 01:00:00,2066.25,2066.5,2065.25,2065.5,487.0
2015-02-12 01:05:00,2065.5,2065.75,2065.0,2065.5,606.0
2015-02-12 01:10:00,2065.5,2066.0,2065.25,2065.75,298.0
2015-02-12 01:15:00,2065.5,2065.5,2064.0,2064.25,2109.0
2015-02-12 01:20:00,2064.25,2064.25,2062.0,2062.25,2970.0
2015-02-12 01:25:00,2062.25,2062.5,2061.5,2062.0,1271.0
2015-02-12 01:30:00,2061.75,2062.0,2059.5,2061.25,2655.0
2015-02-12 01:35:00,2061.5,2062.0,2060.5,2060.75,851.0
2015-02-12 01:40:00,2060.75,2060.75,2058.75,2059.0,1543.0
2015-02-12 01:45:00,2059.25,2059.75,2058.5,2059.0,1947.0
2015-02-12 01:50:00,2059.25,2059.5,2059.0,2059.25,507.0
2015-02-12 01:55:00,2059.5,2060.5,2059.5,2060.5,1639.0
2015-02-12 02:00:00,2060.5,2060.5,2059.0,2059.0,1012.0
2015-02-12 02:05:00,2059.0,2059.5,2058.75,2058.75,322.0
2015-02-12 02:10:00,2059.0,2060.0,2059.0,2059.75,344.0
2015-02-12 02:15:00,2059.75,2060.25,2059.5,2060.25,385.0
2015-02-12 02:20:00,2060.25,2060.75,2060.0,2060.25,439.0
2015-02-12 02:25:00,2060.0,2060.5,2060.0,2060.25,262.0
2015-02-12 02:30:00,2060.25,2061.0,2060.25,2061.0,853.0
2015-02-12 02:35:00,2061.0,2061.75,2060.75,2061.25,603.0
2015-02-12 02:40:00,2061.5,2061.5,2060.75,2060.75,127.0
2015-02-12 02:45:00,2060.75,2060.75,2060.25,2060.25,206.0
2015-02-12 02:50:00,2060.25,2061.5,2060.25,2061.5,366.0
2015-02-12 02:55:00,2061.5,2061.75,2061.25,2061.5,169.0
2015-02-12 03:00:00,2061.75,2062.25,2061.5,2062.0,647.0
2015-02-12 03:05:00,2062.0,2062.25,2061.75,2061.75,360.0
2015-02-12 03:10:00,2062.0,2063.0,2061.75,2062.75,418.0
2015-02-12 03:15:00,2062.75,2063.25,2062.5,2062.5,344.0
2015-02-12 03:20:00,2062.5,2062.75,2062.0,2062.5,203.0
2015-02-12 03:25:00,2062.25,2062.75,2062.25,2062.75,222.0
2015-02-12 03:30:00,2062.75,2063.25,2062.25,2063.0,372.0
2015-02-12 03:35:00,2063.25,2064.0,2063.25,2063.75,612.0
2015-02-12 03:40:00,2063.5,2064.0,2063.5,2064.0,217.0
2015-02-12 03:45:00,2064.25,2064.25,2063.25,2063.75,529.0
2015-02-12 03:50:00,2063.5,2063.75,2063.25,2063.75,139.0
2015-02-12 03:55:00,2063.75,2063.75,2062.25,2062.5,330.0
2015-02-12 04:00:00,2062.5,2062.5,2061.75,2062.0,541.0
2015-02-12 04:05:00,2062.0,2063.0,2062.0,2062.75,722.0
2015-02-12 04:10:00,2062.75,2063.0,2062.75,2063.0,66.0
2015-02-12 04:15:00,2063.0,2063.0,2062.75,2063.0,26.0
2015-02-12 04:20:00,2063.0,2063.0,2062.25,2062.75,158.0
2015-02-12 04:25:00,2062.75,2063.75,2062.75,2063.25,235.0
2015-02-12 04:30:00,2063.5,2063.75,2063.0,2063.75,303.0
2015-02-12 04:35:00,2063.75,2064.0,2063.5,2063.75,396.0
2015-02-12 04:40:00,2063.75,2064.25,2063.75,2064.0,119.0
2015-02-12 04:45:00,2064.0,2064.0,2063.5,2063.75,156.0
2015-02-12 04:50:00,2063.5,2064.75,2063.25,2064.5,683.0
2015-02-12 04:55:00,2064.5,2065.75,2063.5,2063.75,1629.0
2015-02-12 05:00:00,2063.5,2063.75,2062.25,2062.25,375.0
2015-02-12 05:05:00,2062.25,2062.5,2062.0,2062.25,646.0
2015-02-12 05:10:00,2062.5,2062.5,2061.5,2062.0,978.0
2015-02-12 05:15:00,2062.0,2062.5,2062.0,2062.5,201.0
2015-02-12 05:20:00,2062.5,2062.5,2062.0,2062.0,191.0
2015-02-12 05:25:00,2062.0,2062.5,2061.5,2062.25,537.0
2015-02-12 05:30:00,2062.5,2062.75,2062.25,2062.75,226.0
2015-02-12 05:35:00,2062.75,2064.75,2062.75,2064.5,565.0
2015-02-12 05:40:00,2064.5,2064.75,2064.0,2064.25,265.0
2015-02-12 05:45:00,2064.25,2064.5,2064.0,2064.25,113.0
2015-02-12 05:50:00,2064.25,2064.25,2063.5,2063.5,158.0
2015-02-12 05:55:00,2063.5,2064.5,2062.75,2064.5,504.0
2015-02-12 06:00:00,2064.25,2065.5,2064.25,2065.25,587.0
2015-02-12 06:05:00,2065.25,2065.75,2064.25,2064.5,574.0
2015-02-12 06:10:00,2064.75,2064.75,2063.75,2064.0,158.0
2015-02-12 06:15:00,2063.75,2063.75,2062.5,2063.75,642.0
2015-02-12 06:20:00,2063.75,2063.75,2063.0,2063.25,75.0
2015-02-12 06:25:00,2063.25,2063.25,2062.5,2062.75,149.0
2015-02-12 06:30:00,2062.75,2063.25,2062.25,2063.0,394.0
2015-02-12 06:35:00,2063.0,2063.25,2062.5,2062.5,102.0
2015-02-12 06:40:00,2062.75,2063.5,2062.5,2063.5,74.0
2015-02-12 06:45:00,2063.5,2063.75,2063.25,2063.5,124.0
2015-02-12 06:50:00,2063.5,2063.5,2063.25,2063.5,43.0
2015-02-12 06:55:00,2063.75,2065.5,2063.5,2065.25,494.0
2015-02-12 07:00:00,2065.25,2065.75,2064.75,2065.5,1009.0
2015-02-12 07:05:00,2065.5,2066.5,2065.25,2065.75,1135.0
2015-02-12 07:10:00,2065.75,2066.75,2065.75,2066.75,443.0
2015-02-12 07:15:00,2066.5,2066.75,2065.25,2065.5,612.0
2015-02-12 07:20:00,2065.25,2065.5,2065.0,2065.5,383.0
2015-02-12 07:25:00,2065.25,2065.25,2063.0,2063.25,1139.0
2015-02-12 07:30:00,2063.5,2064.0,2063.0,2063.0,585.0
2015-02-12 07:35:00,2063.25,2063.25,2062.25,2062.75,785.0
2015-02-12 07:40:00,2063.0,2063.25,2062.75,2063.0,264.0
2015-02-12 07:45:00,2063.25,2063.25,2062.25,2062.5,464.0
2015-02-12 07:50:00,2062.75,2063.75,2062.25,2063.25,637.0
2015-02-12 07:55:00,2063.5,2063.75,2063.25,2063.75,246.0
2015-02-12 08:00:00,2063.75,2067.25,2063.25,2067.0,3051.0
2015-02-12 08:05:00,2067.0,2067.25,2065.25,2066.0,2229.0
2015-02-12 08:10:00,2066.25,2066.75,2065.0,2065.25,1698.0
2015-02-12 08:15:00,2065.25,2066.25,2064.5,2064.75,1973.0
2015-02-12 08:20:00,2064.75,2065.0,2063.75,2064.5,1497.0
2015-02-12 08:25:00,2064.5,2064.75,2062.0,2062.5,3055.0
2015-02-12 08:30:00,2062.75,2064.0,2061.75,2062.0,3738.0
2015-02-12 08:35:00,2062.0,2063.25,2061.75,2063.0,1428.0
2015-02-12 08:40:00,2063.0,2068.0,2062.5,2067.25,4776.0
2015-02-12 08:45:00,2067.25,2067.75,2066.5,2066.75,2932.0
2015-02-12 08:50:00,2066.75,2067.0,2065.25,2066.25,1876.0
2015-02-12 08:55:00,2066.0,2066.75,2065.75,2065.75,1522.0
2015-02-12 09:00:00,2065.75,2066.25,2065.5,2065.75,706.0
2015-02-12 09:05:00,2065.75,2070.75,2065.5,2070.75,5501.0
2015-02-12 09:10:00,2070.75,2073.0,2070.5,2072.5,6521.0
2015-02-12 09:15:00,2072.25,2072.75,2070.25,2070.5,4361.0
2015-02-12 09:20:00,2070.5,2072.0,2069.75,2070.5,3200.0
2015-02-12 09:25:00,2070.25,2072.0,2070.0,2071.25,2300.0
2015-02-12 09:30:00,2071.5,2072.75,2071.0,2072.0,3196.0
2015-02-12 09:35:00,2072.0,2072.5,2071.5,2071.75,914.0
2015-02-12 09:40:00,2072.0,2072.75,2071.5,2072.5,1124.0
2015-02-12 09:45:00,2072.5,2072.5,2071.75,2071.75,607.0
2015-02-12 09:50:00,2071.75,2072.5,2071.25,2072.5,754.0
2015-02-12 09:55:00,2072.5,2073.5,2072.25,2073.0,1195.0
2015-02-12 10:00:00,2073.0,2073.25,2071.75,2072.75,1384.0
2015-02-12 10:05:00,2072.75,2074.0,2072.5,2073.25,1170.0
2015-02-12 10:10:00,2073.0,2074.0,2072.75,2073.75,1213.0
2015-02-12 10:15:00,2073.5,2074.75,2073.25,2073.75,2307.0
2015-02-12 10:20:00,2074.0,2074.5,2073.0,2073.5,1146.0
2015-02-12 10:25:00,2073.75,2073.75,2073.0,2073.0,327.0
2015-02-12 10:30:00,2073.25,2074.25,2073.0,2073.75,1678.0
2015-02-12 10:35:00,2073.75,2074.0,2073.25,2073.75,1178.0
2015-02-12 10:40:00,2073.5,2075.5,2073.5,2075.25,3250.0
2015-02-12 10:45:00,2075.0,2076.75,2074.75,2075.75,2657.0
2015-02-12 10:50:00,2075.5,2077.75,2075.5,2076.75,2771.0
2015-02-12 10:55:00,2077.0,2077.0,2075.25,2076.0,1236.0
2015-02-12 11:00:00,2076.0,2077.0,2076.0,2076.25,1114.0
2015-02-12 11:05:00,2076.5,2076.5,2075.5,2076.25,652.0
2015-02-12 11:10:00,2076.0,2077.5,2076.0,2077.25,1294.0
2015-02-12 11:15:00,2077.0,2077.0,2076.5,2076.5,701.0
2015-02-12 11:20:00,2076.5,2077.25,2076.0,2076.0,766.0
2015-02-12 11:25:00,2076.0,2076.0,2075.25,2076.0,1531.0
2015-02-12 11:30:00,2076.0,2076.5,2075.5,2076.5,709.0
2015-02-12 11:35:00,2076.5,2076.75,2075.5,2075.5,711.0
2015-02-12 11:40:00,2075.25,2076.0,2074.5,2074.75,944.0
2015-02-12 11:45:00,2074.5,2075.0,2074.0,2074.25,1370.0
2015-02-12 11:50:00,2074.5,2074.5,2073.25,2074.25,1469.0
2015-02-12 11:55:00,2074.25,2075.5,2074.0,2075.0,1039.0
2015-02-12 12:00:00,2075.0,2076.5,2074.75,2076.5,2382.0
2015-02-12 12:05:00,2076.25,2076.75,2075.5,2076.0,1248.0
2015-02-12 12:10:00,2076.0,2076.25,2075.0,2075.5,747.0
2015-02-12 12:15:00,2075.5,2076.0,2074.75,2074.75,547.0
2015-02-12 12:20:00,2075.0,2075.75,2074.5,2075.25,1062.0
2015-02-12 12:25:00,2075.5,2075.5,2074.75,2075.25,339.0
2015-02-12 12:30:00,2075.0,2075.75,2075.0,2075.25,451.0
2015-02-12 12:35:00,2075.25,2075.75,2075.25,2075.5,726.0
2015-02-12 12:40:00,2075.5,2076.5,2075.5,2076.0,611.0
2015-02-12 12:45:00,2075.75,2076.0,2075.25,2076.0,563.0
2015-02-12 12:50:00,2075.75,2076.5,2075.5,2076.25,764.0
2015-02-12 12:55:00,2076.25,2076.5,2075.75,2076.0,681.0
2015-02-12 13:00:00,2076.0,2076.75,2075.5,2075.75,2029.0
2015-02-12 13:05:00,2075.75,2076.5,2075.25,2076.5,1513.0
2015-02-12 13:10:00,2076.5,2076.75,2075.75,2076.75,2346.0
2015-02-12 13:15:00,2076.75,2077.25,2076.25,2076.5,1997.0
2015-02-12 13:20:00,2076.75,2077.25,2076.25,2077.25,1526.0
2015-02-12 13:25:00,2077.25,2077.75,2076.5,2076.75,1790.0
2015-02-12 13:30:00,2076.5,2077.0,2073.25,2073.5,12940.0
2015-02-12 13:35:00,2073.25,2074.25,2072.5,2073.5,6419.0
2015-02-12 13:40:00,2073.75,2075.0,2073.0,2074.75,3621.0
2015-02-12 13:45:00,2074.75,2075.0,2073.0,2073.0,2659.0
2015-02-12 13:50:00,2073.0,2073.25,2070.75,2071.75,7741.0
2015-02-12 13:55:00,2072.0,2072.75,2071.5,2072.75,2543.0
2015-02-12 14:00:00,2072.5,2073.5,2071.75,2073.0,3786.0
2015-02-12 14:05:00,2073.0,2074.25,2073.0,2074.0,2340.0
2015-02-12 14:10:00,2074.0,2074.0,2071.5,2073.0,4355.0
2015-02-12 14:15:00,2073.0,2073.75,2072.25,2072.75,1785.0
2015-02-12 14:20:00,2072.5,2074.5,2072.5,2074.25,3065.0
2015-02-12 14:25:00,2074.5,2075.25,2073.0,2074.75,11177.0
2015-02-12 14:30:00,2074.75,2076.0,2072.5,2073.25,46325.0
2015-02-12 14:35:00,2073.25,2075.0,2072.25,2074.25,28736.0
2015-02-12 14:40:00,2074.25,2074.75,2071.75,2073.0,24486.0
2015-02-12 14:45:00,2072.75,2076.75,2072.25,2076.5,33980.0
2015-02-12 14:50:00,2076.5,2078.5,2075.75,2076.75,34904.0
2015-02-12 14:55:00,2076.75,2078.25,2076.25,2077.25,21499.0
2015-02-12 15:00:00,2077.5,2077.75,2076.5,2076.75,14180.0
2015-02-12 15:05:00,2076.75,2079.25,2076.5,2078.25,23446.0
2015-02-12 15:10:00,2078.25,2080.0,2078.0,2079.25,16458.0
2015-02-12 15:15:00,2079.25,2079.25,2077.75,2078.0,19566.0
2015-02-12 15:20:00,2078.0,2078.75,2076.75,2077.0,15468.0
2015-02-12 15:25:00,2077.0,2077.25,2075.5,2075.75,14667.0
2015-02-12 15:30:00,2075.75,2076.5,2074.5,2076.5,21785.0
2015-02-12 15:35:00,2076.25,2077.5,2075.75,2077.25,16104.0
2015-02-12 15:40:00,2077.0,2078.0,2076.5,2077.5,15618.0
2015-02-12 15:45:00,2077.5,2078.5,2077.0,2077.75,18695.0
2015-02-12 15:50:00,2077.75,2078.0,2076.5,2076.5,16667.0
2015-02-12 15:55:00,2076.75,2077.75,2075.25,2075.75,21149.0
2015-02-12 16:00:00,2075.75,2076.5,2074.75,2075.5,20855.0
2015-02-12 16:05:00,2075.5,2077.0,2075.5,2076.5,17256.0
2015-02-12 16:10:00,2076.25,2078.0,2075.75,2077.75,15159.0
2015-02-12 16:15:00,2077.75,2078.25,2075.5,2076.0,15311.0
2015-02-12 16:20:00,2075.75,2076.5,2073.5,2074.0,22487.0
2015-02-12 16:25:00,2074.0,2075.25,2073.75,2075.0,17523.0
2015-02-12 16:30:00,2075.0,2077.0,2074.0,2076.5,19798.0
2015-02-12 16:35:00,2076.5,2077.0,2075.75,2076.5,20067.0
2015-02-12 16:40:00,2076.5,2077.0,2075.75,2076.25,9614.0
2015-02-12 16:45:00,2076.5,2077.75,2076.0,2077.75,13335.0
2015-02-12 16:50:00,2077.5,2078.75,2077.25,2078.25,17202.0
2015-02-12 16:55:00,2078.25,2078.5,2077.25,2077.5,13329.0
2015-02-12 17:00:00,2077.75,2078.5,2077.5,2078.0,7821.0
2015-02-12 17:05:00,2077.75,2078.25,2077.25,2078.0,5836.0
2015-02-12 17:10:00,2078.0,2078.75,2077.5,2078.5,7997.0
2015-02-12 17:15:00,2078.5,2079.75,2078.5,2079.25,8250.0
2015-02-12 17:20:00,2079.5,2079.75,2078.25,2078.25,7042.0
2015-02-12 17:25:00,2078.5,2079.75,2078.25,2079.5,7031.0
2015-02-12 17:30:00,2079.5,2081.25,2079.25,2080.0,21534.0
2015-02-12 17:35:00,2080.0,2080.25,2079.25,2079.5,8623.0
2015-02-12 17:40:00,2079.5,2080.25,2079.0,2079.5,7989.0
2015-02-12 17:45:00,2079.5,2079.5,2078.5,2078.75,8280.0
2015-02-12 17:50:00,2078.75,2079.0,2078.0,2078.75,8640.0
2015-02-12 17:55:00,2078.5,2079.5,2078.5,2079.25,6636.0
2015-02-12 18:00:00,2079.25,2080.25,2079.0,2079.75,8265.0
2015-02-12 18:05:00,2080.0,2081.25,2079.75,2080.25,10366.0
2015-02-12 18:10:00,2080.0,2081.75,2080.0,2081.0,8422.0
2015-02-12 18:15:00,2081.0,2081.25,2080.25,2080.5,6774.0
2015-02-12 18:20:00,2080.5,2081.75,2079.25,2079.5,10982.0
2015-02-12 18:25:00,2079.75,2081.0,2079.25,2080.75,11675.0
2015-02-12 18:30:00,2080.75,2081.5,2080.25,2081.25,5910.0
2015-02-12 18:35:00,2081.25,2082.5,2080.75,2081.25,12432.0
2015-02-12 18:40:00,2081.25,2082.5,2081.0,2082.25,6716.0
2015-02-12 18:45:00,2082.25,2082.5,2081.5,2081.75,6720.0
2015-02-12 18:50:00,2081.75,2082.0,2080.75,2081.0,6854.0
2015-02-12 18:55:00,2081.0,2082.25,2081.0,2082.25,6468.0
2015-02-12 19:00:00,2082.25,2082.75,2081.0,2081.75,11162.0
2015-02-12 19:05:00,2081.75,2082.25,2080.75,2082.25,7903.0
2015-02-12 19:10:00,2082.0,2082.75,2081.0,2081.5,8847.0
2015-02-12 19:15:00,2081.5,2082.0,2080.5,2081.0,6041.0
2015-02-12 19:20:00,2080.75,2081.5,2080.0,2081.25,6389.0
2015-02-12 19:25:00,2081.0,2082.0,2081.0,2081.5,5870.0
2015-02-12 19:30:00,2081.5,2081.75,2080.75,2080.75,4777.0
2015-02-12 19:35:00,2080.75,2081.75,2080.75,2081.0,4908.0
2015-02-12 19:40:00,2081.0,2083.5,2081.0,2083.0,15788.0
2015-02-12 19:45:00,2083.0,2083.75,2082.5,2083.25,8544.0
2015-02-12 19:50:00,2083.25,2083.75,2082.75,2083.5,7975.0
2015-02-12 19:55:00,2083.5,2084.0,2083.25,2083.75,7606.0
2015-02-12 20:00:00,2083.75,2084.5,2083.0,2084.0,11614.0
2015-02-12 20:05:00,2084.25,2084.25,2083.0,2084.0,9774.0
2015-02-12 20:10:00,2084.25,2084.25,2083.25,2084.0,5347.0
2015-02-12 20:15:00,2084.0,2084.75,2083.5,2084.25,12106.0
2015-02-12 20:20:00,2084.25,2085.0,2084.25,2084.75,9134.0
2015-02-12 20:25:00,2084.75,2085.25,2083.5,2083.75,12729.0
2015-02-12 20:30:00,2083.75,2084.25,2082.5,2082.5,12815.0
2015-02-12 20:35:00,2082.75,2083.25,2081.75,2083.25,12285.0
2015-02-12 20:40:00,2083.25,2085.5,2082.75,2084.75,16147.0
2015-02-12 20:45:00,2084.75,2085.0,2083.75,2084.25,14003.0
2015-02-12 20:50:00,2084.25,2084.75,2083.75,2084.25,13730.0
2015-02-12 20:55:00,2084.0,2084.75,2082.75,2083.75,25795.0
2015-02-12 21:00:00,2083.75,2084.75,2082.75,2082.75,69564.0
2015-02-12 21:05:00,2083.0,2083.5,2082.75,2083.0,9512.0
2015-02-12 21:10:00,2083.0,2084.5,2082.25,2084.25,9066.0
2015-02-12 21:15:00,2084.25,2084.5,2083.75,2084.5,7105.0
2015-02-12 21:30:00,2083.5,2083.75,2082.5,2083.0,3218.0
2015-02-12 21:35:00,2083.0,2083.25,2082.75,2083.25,1061.0
2015-02-12 21:40:00,2083.0,2083.25,2082.75,2083.0,545.0
2015-02-12 21:45:00,2083.0,2083.0,2082.5,2082.75,434.0
2015-02-12 21:50:00,2082.75,2083.0,2082.75,2083.0,275.0
2015-02-12 21:55:00,2082.75,2083.0,2082.5,2082.75,438.0
2015-02-12 22:00:00,2082.75,2083.0,2082.5,2083.0,660.0
2015-02-12 22:05:00,2082.75,2083.0,2082.5,2082.75,450.0
2015-02-12 22:10:00,2082.75,2083.0,2082.5,2082.75,651.0
2015-02-12 22:15:00,2083.0,2083.0,2082.75,2082.75,477.0
2015-02-12 23:00:00,2083.0,2083.0,2082.5,2082.75,811.0
2015-02-12 23:05:00,2082.75,2083.0,2081.75,2082.0,2080.0
2015-02-12 23:10:00,2082.0,2082.25,2082.0,2082.0,648.0
2015-02-12 23:15:00,2082.0,2082.25,2082.0,2082.0,159.0
2015-02-12 23:20:00,2082.25,2082.25,2082.0,2082.25,299.0
2015-02-12 23:25:00,2082.5,2082.75,2082.25,2082.5,325.0
2015-02-12 23:30:00,2082.25,2082.75,2082.25,2082.25,232.0
2015-02-12 23:35:00,2082.5,2082.75,2082.5,2082.5,177.0
2015-02-12 23:40:00,2082.5,2082.75,2082.5,2082.75,88.0
2015-02-12 23:45:00,2082.75,2083.0,2082.5,2082.5,536.0
2015-02-12 23:50:00,2082.5,2082.75,2082.25,2082.5,253.0
2015-02-12 23:55:00,2082.5,2082.75,2082.25,2082.5,161.0
2015-02-13 00:00:00,2082.5,2083.0,2082.25,2082.25,1007.0
2015-02-13 00:05:00,2082.5,2082.75,2082.25,2082.75,387.0
2015-02-13 00:10:00,2082.5,2082.75,2082.25,2082.5,253.0
2015-02-13 00:15:00,2082.5,2082.5,2082.25,2082.25,226.0
2015-02-13 00:20:00,2082.25,2082.5,2082.0,2082.25,277.0
2015-02-13 00:25:00,2082.25,2082.5,2082.0,2082.25,283.0
2015-02-13 00:30:00,2082.5,2082.5,2082.25,2082.5,431.0
2015-02-13 00:35:00,2082.25,2082.75,2082.25,2082.75,131.0
2015-02-13 00:40:00,2082.5,2082.5,2082.25,2082.5,153.0
2015-02-13 00:45:00,2082.5,2082.75,2082.25,2082.5,83.0
2015-02-13 00:50:00,2082.25,2082.5,2082.25,2082.5,152.0
2015-02-13 00:55:00,2082.5,2082.5,2082.0,2082.5,345.0
2015-02-13 01:00:00,2082.25,2082.75,2082.25,2082.5,149.0
2015-02-13 01:05:00,2082.5,2082.75,2082.0,2082.25,381.0
2015-02-13 01:10:00,2082.25,2082.5,2081.75,2082.25,703.0
2015-02-13 01:15:00,2082.0,2082.25,2081.75,2081.75,190.0
2015-02-13 01:20:00,2081.75,2082.0,2081.5,2082.0,546.0
2015-02-13 01:25:00,2082.0,2082.25,2081.75,2081.75,447.0
2015-02-13 01:30:00,2082.0,2082.0,2081.5,2082.0,163.0
2015-02-13 01:35:00,2082.0,2082.25,2081.75,2082.25,273.0
2015-02-13 01:40:00,2082.25,2082.25,2081.75,2082.0,164.0
2015-02-13 01:45:00,2082.0,2082.0,2081.75,2082.0,187.0
2015-02-13 01:50:00,2082.0,2082.0,2081.5,2082.0,188.0
2015-02-13 01:55:00,2081.75,2082.0,2081.5,2081.75,337.0
2015-02-13 02:00:00,2081.75,2082.0,2081.75,2081.75,58.0
2015-02-13 02:05:00,2081.75,2082.0,2081.75,2082.0,45.0
2015-02-13 02:10:00,2081.75,2082.0,2081.75,2081.75,270.0
2015-02-13 02:15:00,2081.75,2082.0,2081.75,2082.0,196.0
2015-02-13 02:20:00,2082.0,2082.0,2081.75,2082.0,288.0
2015-02-13 02:25:00,2082.0,2082.5,2081.75,2082.5,676.0
2015-02-13 02:30:00,2082.5,2082.5,2082.0,2082.5,84.0
2015-02-13 02:35:00,2082.5,2082.5,2082.25,2082.25,61.0
2015-02-13 02:40:00,2082.25,2082.5,2082.25,2082.5,31.0
2015-02-13 02:45:00,2082.25,2082.5,2082.0,2082.25,183.0
2015-02-13 02:50:00,2082.25,2082.25,2082.0,2082.25,69.0
2015-02-13 02:55:00,2082.0,2082.5,2082.0,2082.25,387.0
2015-02-13 03:00:00,2082.25,2082.25,2082.0,2082.25,154.0
2015-02-13 03:05:00,2082.25,2082.5,2082.0,2082.0,215.0
2015-02-13 03:10:00,2082.0,2082.5,2082.0,2082.25,185.0
2015-02-13 03:15:00,2082.25,2082.5,2082.25,2082.25,24.0
2015-02-13 03:20:00,2082.5,2083.0,2082.25,2083.0,293.0
2015-02-13 03:25:00,2083.0,2083.25,2082.75,2083.25,225.0
2015-02-13 03:30:00,2083.0,2083.25,2082.75,2083.0,249.0
2015-02-13 03:35:00,2083.0,2084.0,2083.0,2084.0,534.0
2015-02-13 03:40:00,2083.75,2084.0,2083.5,2083.75,179.0
2015-02-13 03:45:00,2083.5,2084.25,2083.5,2084.0,566.0
2015-02-13 03:50:00,2084.0,2084.25,2083.75,2084.0,211.0
2015-02-13 03:55:00,2084.0,2084.0,2082.75,2083.25,496.0
2015-02-13 04:00:00,2083.0,2083.0,2082.75,2082.75,207.0
2015-02-13 04:05:00,2082.75,2083.25,2082.75,2082.75,310.0
2015-02-13 04:10:00,2082.75,2083.0,2082.5,2082.75,100.0
2015-02-13 04:15:00,2083.0,2083.0,2082.75,2082.75,127.0
2015-02-13 04:20:00,2083.0,2083.25,2082.75,2083.25,394.0
2015-02-13 04:25:00,2083.0,2083.75,2083.0,2083.5,252.0
2015-02-13 04:30:00,2083.75,2083.75,2083.5,2083.75,39.0
2015-02-13 04:35:00,2083.75,2084.0,2083.5,2083.75,274.0
2015-02-13 04:40:00,2083.75,2084.0,2083.5,2083.75,264.0
2015-02-13 04:45:00,2084.0,2084.5,2084.0,2084.0,385.0
2015-02-13 04:50:00,2084.0,2084.25,2084.0,2084.25,174.0
2015-02-13 04:55:00,2084.25,2084.5,2084.0,2084.25,104.0
2015-02-13 05:00:00,2084.25,2084.25,2084.0,2084.25,61.0
2015-02-13 05:05:00,2084.25,2085.0,2084.0,2084.5,370.0
2015-02-13 05:10:00,2084.75,2085.0,2084.5,2084.75,296.0
2015-02-13 05:15:00,2084.75,2084.75,2084.25,2084.75,196.0
2015-02-13 05:20:00,2084.5,2084.75,2084.25,2084.5,273.0
2015-02-13 05:25:00,2084.5,2085.0,2084.25,2085.0,423.0
2015-02-13 05:30:00,2084.75,2085.0,2084.5,2084.75,242.0
2015-02-13 05:35:00,2084.75,2084.75,2084.5,2084.75,146.0
2015-02-13 05:40:00,2084.75,2084.75,2084.5,2084.75,25.0
2015-02-13 05:45:00,2084.5,2084.75,2084.5,2084.75,50.0
2015-02-13 05:50:00,2084.75,2085.0,2084.5,2084.75,263.0
2015-02-13 05:55:00,2084.75,2084.75,2084.5,2084.5,28.0
2015-02-13 06:00:00,2084.75,2085.0,2084.5,2084.5,181.0
2015-02-13 06:05:00,2084.75,2084.75,2084.5,2084.75,87.0
2015-02-13 06:10:00,2084.5,2085.5,2084.5,2085.25,622.0
2015-02-13 06:15:00,2085.25,2085.5,2085.0,2085.25,574.0
2015-02-13 06:20:00,2085.25,2086.5,2085.0,2086.25,1260.0
2015-02-13 06:25:00,2086.25,2086.25,2085.5,2085.75,230.0
2015-02-13 06:30:00,2085.75,2086.0,2085.25,2085.5,248.0
2015-02-13 06:35:00,2085.5,2085.75,2085.5,2085.5,69.0
2015-02-13 06:40:00,2085.5,2086.0,2085.25,2086.0,280.0
2015-02-13 06:45:00,2085.75,2086.25,2085.75,2086.0,175.0
2015-02-13 06:50:00,2086.0,2086.0,2085.25,2085.25,144.0
2015-02-13 06:55:00,2085.25,2085.25,2084.75,2085.0,272.0
2015-02-13 07:00:00,2085.0,2085.0,2083.25,2084.0,1272.0
2015-02-13 07:05:00,2083.75,2084.25,2083.75,2084.0,322.0
2015-02-13 07:10:00,2084.25,2084.25,2083.75,2084.25,178.0
2015-02-13 07:15:00,2084.25,2084.5,2084.0,2084.25,338.0
2015-02-13 07:20:00,2084.25,2084.75,2084.25,2084.5,395.0
2015-02-13 07:25:00,2084.5,2085.0,2084.5,2084.75,260.0
2015-02-13 07:30:00,2084.75,2084.75,2084.25,2084.25,261.0
2015-02-13 07:35:00,2084.0,2084.25,2083.75,2084.0,262.0
2015-02-13 07:40:00,2083.75,2084.0,2083.75,2084.0,170.0
2015-02-13 07:45:00,2083.75,2084.25,2083.5,2084.0,543.0
2015-02-13 07:50:00,2084.0,2085.0,2084.0,2085.0,521.0
2015-02-13 07:55:00,2085.0,2085.75,2084.75,2085.0,643.0
2015-02-13 08:00:00,2085.0,2085.25,2084.0,2084.75,877.0
2015-02-13 08:05:00,2084.5,2086.0,2084.5,2085.5,1092.0
2015-02-13 08:10:00,2085.5,2085.5,2085.0,2085.5,953.0
2015-02-13 08:15:00,2085.25,2085.75,2085.25,2085.75,744.0
2015-02-13 08:20:00,2085.75,2086.0,2084.25,2085.75,2141.0
2015-02-13 08:25:00,2086.0,2086.75,2085.0,2085.25,2546.0
2015-02-13 08:30:00,2085.25,2087.0,2085.25,2086.75,1267.0
2015-02-13 08:35:00,2086.75,2087.25,2086.5,2086.75,1329.0
2015-02-13 08:40:00,2086.75,2088.25,2086.5,2087.5,3691.0
2015-02-13 08:45:00,2087.5,2087.75,2087.0,2087.25,996.0
2015-02-13 08:50:00,2087.0,2087.0,2086.5,2087.0,725.0
2015-02-13 08:55:00,2086.75,2087.0,2086.25,2086.75,645.0
2015-02-13 09:00:00,2086.75,2087.5,2086.5,2087.0,842.0
2015-02-13 09:05:00,2087.0,2088.0,2087.0,2087.75,1000.0
2015-02-13 09:10:00,2087.5,2089.25,2087.5,2089.25,2789.0
2015-02-13 09:15:00,2089.0,2089.75,2088.0,2088.25,2033.0
2015-02-13 09:20:00,2088.5,2088.75,2087.75,2087.75,664.0
2015-02-13 09:25:00,2087.75,2087.75,2087.25,2087.5,635.0
2015-02-13 09:30:00,2087.5,2087.75,2087.25,2087.5,566.0
2015-02-13 09:35:00,2087.25,2087.75,2087.25,2087.5,349.0
2015-02-13 09:40:00,2087.5,2088.0,2087.0,2087.75,825.0
2015-02-13 09:45:00,2088.0,2088.75,2088.0,2088.75,1335.0
2015-02-13 09:50:00,2088.5,2088.5,2088.0,2088.25,528.0
2015-02-13 09:55:00,2088.0,2088.5,2088.0,2088.5,351.0
2015-02-13 10:00:00,2088.5,2088.5,2087.5,2087.75,685.0
2015-02-13 10:05:00,2087.75,2088.75,2087.5,2088.5,513.0
2015-02-13 10:10:00,2088.25,2088.5,2087.5,2087.5,300.0
2015-02-13 10:15:00,2087.5,2088.0,2087.5,2087.75,446.0
2015-02-13 10:20:00,2087.75,2088.0,2087.25,2087.75,666.0
2015-02-13 10:25:00,2087.75,2088.25,2087.5,2087.75,398.0
2015-02-13 10:30:00,2088.0,2088.0,2087.25,2087.75,560.0
2015-02-13 10:35:00,2087.75,2088.0,2087.5,2088.0,554.0
2015-02-13 10:40:00,2088.0,2088.0,2087.5,2088.0,342.0
2015-02-13 10:45:00,2088.0,2088.0,2087.5,2087.75,245.0
2015-02-13 10:50:00,2088.0,2088.25,2087.5,2088.0,278.0
2015-02-13 10:55:00,2088.25,2088.75,2088.0,2088.25,849.0
2015-02-13 11:00:00,2088.25,2088.5,2087.75,2087.75,479.0
2015-02-13 11:05:00,2087.75,2087.75,2087.25,2087.25,678.0
2015-02-13 11:10:00,2087.25,2087.5,2087.25,2087.25,325.0
2015-02-13 11:15:00,2087.25,2087.5,2087.0,2087.25,308.0
2015-02-13 11:20:00,2087.0,2087.5,2087.0,2087.5,341.0
2015-02-13 11:25:00,2087.25,2087.75,2086.5,2087.25,813.0
2015-02-13 11:30:00,2087.0,2087.0,2086.75,2086.75,313.0
2015-02-13 11:35:00,2086.75,2087.25,2086.75,2087.0,400.0
2015-02-13 11:40:00,2087.0,2087.25,2087.0,2087.25,63.0
2015-02-13 11:45:00,2087.0,2087.25,2087.0,2087.25,401.0
2015-02-13 11:50:00,2087.25,2087.5,2087.25,2087.5,179.0
2015-02-13 11:55:00,2087.5,2087.75,2087.25,2087.5,215.0
2015-02-13 12:00:00,2087.5,2087.5,2086.5,2086.5,1730.0
2015-02-13 12:05:00,2086.75,2087.0,2086.5,2086.75,561.0
2015-02-13 12:10:00,2086.75,2086.75,2086.5,2086.75,140.0
2015-02-13 12:15:00,2086.5,2086.75,2086.25,2086.25,386.0
2015-02-13 12:20:00,2086.25,2086.75,2086.0,2086.5,693.0
2015-02-13 12:25:00,2086.75,2086.75,2086.25,2086.75,469.0
2015-02-13 12:30:00,2086.75,2087.75,2086.75,2087.75,1386.0
2015-02-13 12:35:00,2088.0,2088.25,2087.0,2087.25,1241.0
2015-02-13 12:40:00,2087.5,2087.5,2087.0,2087.5,354.0
2015-02-13 12:45:00,2087.5,2087.5,2087.0,2087.25,695.0
2015-02-13 12:50:00,2087.5,2087.5,2087.0,2087.5,542.0
2015-02-13 12:55:00,2087.25,2087.5,2086.75,2087.25,561.0
2015-02-13 13:00:00,2087.25,2087.5,2086.75,2087.5,983.0
2015-02-13 13:05:00,2087.5,2087.75,2087.0,2087.75,855.0
2015-02-13 13:10:00,2087.5,2087.75,2087.0,2087.5,912.0
2015-02-13 13:15:00,2087.25,2088.25,2087.25,2087.75,1764.0
2015-02-13 13:20:00,2087.75,2088.0,2087.5,2088.0,474.0
2015-02-13 13:25:00,2088.25,2088.5,2088.0,2088.5,1669.0
2015-02-13 13:30:00,2088.5,2088.5,2087.5,2088.5,1773.0
2015-02-13 13:35:00,2088.25,2088.5,2087.5,2088.0,1249.0
2015-02-13 13:40:00,2088.0,2088.5,2087.5,2088.0,3169.0
2015-02-13 13:45:00,2088.0,2089.0,2088.0,2088.75,2038.0
2015-02-13 13:50:00,2088.5,2088.75,2088.0,2088.5,1634.0
2015-02-13 13:55:00,2088.75,2088.75,2088.0,2088.0,1367.0
2015-02-13 14:00:00,2088.25,2088.75,2087.5,2087.75,2482.0
2015-02-13 14:05:00,2087.75,2088.0,2087.25,2088.0,1553.0
2015-02-13 14:10:00,2088.0,2088.5,2087.75,2087.75,1218.0
2015-02-13 14:15:00,2087.75,2087.75,2087.0,2087.5,2468.0
2015-02-13 14:20:00,2087.25,2087.75,2085.25,2086.25,11330.0
2015-02-13 14:25:00,2086.25,2087.0,2084.25,2085.25,11620.0
2015-02-13 14:30:00,2085.25,2087.0,2084.75,2085.75,41848.0
2015-02-13 14:35:00,2085.75,2087.75,2085.25,2087.5,21017.0
2015-02-13 14:40:00,2087.75,2089.5,2087.25,2088.5,34020.0
2015-02-13 14:45:00,2088.5,2089.0,2088.0,2088.75,18060.0
2015-02-13 14:50:00,2088.75,2090.0,2088.25,2089.25,27957.0
2015-02-13 14:55:00,2089.25,2090.0,2089.0,2089.5,9920.0
2015-02-13 15:00:00,2089.75,2090.75,2087.5,2087.5,32760.0
2015-02-13 15:05:00,2087.5,2089.25,2086.0,2086.75,33933.0
2015-02-13 15:10:00,2087.0,2087.5,2086.0,2087.25,15014.0
2015-02-13 15:15:00,2087.25,2088.75,2086.5,2087.25,18474.0
2015-02-13 15:20:00,2087.25,2087.75,2086.5,2086.75,14016.0
2015-02-13 15:25:00,2087.0,2090.75,2086.5,2089.75,33188.0
2015-02-13 15:30:00,2089.5,2090.5,2089.0,2089.5,17960.0
2015-02-13 15:35:00,2089.5,2089.5,2087.5,2088.5,18159.0
2015-02-13 15:40:00,2088.25,2089.25,2087.5,2088.25,11939.0
2015-02-13 15:45:00,2088.0,2088.75,2087.0,2088.5,11382.0
2015-02-13 15:50:00,2088.5,2089.5,2087.75,2089.5,13147.0
2015-02-13 15:55:00,2089.5,2089.75,2088.75,2089.0,12766.0
2015-02-13 16:00:00,2089.25,2092.0,2088.5,2091.25,21184.0
2015-02-13 16:05:00,2091.5,2091.75,2090.25,2091.25,14496.0
2015-02-13 16:10:00,2091.0,2091.25,2090.5,2090.75,6670.0
2015-02-13 16:15:00,2090.5,2091.25,2090.25,2090.75,8700.0
2015-02-13 16:20:00,2090.75,2091.25,2089.75,2089.75,12967.0
2015-02-13 16:25:00,2089.75,2091.0,2089.5,2090.25,9719.0
2015-02-13 16:30:00,2090.25,2091.0,2089.5,2089.75,15243.0
2015-02-13 16:35:00,2090.0,2090.25,2088.5,2089.25,15675.0
2015-02-13 16:40:00,2089.5,2090.75,2089.25,2090.5,8634.0
2015-02-13 16:45:00,2090.5,2091.0,2090.0,2090.5,10331.0
2015-02-13 16:50:00,2090.5,2091.25,2090.0,2090.25,5327.0
2015-02-13 16:55:00,2090.5,2091.5,2089.5,2091.5,15637.0
2015-02-13 17:00:00,2091.5,2091.75,2090.5,2090.5,13874.0
2015-02-13 17:05:00,2090.75,2091.25,2089.75,2090.0,8108.0
2015-02-13 17:10:00,2090.0,2090.5,2089.5,2089.75,7204.0
2015-02-13 17:15:00,2089.75,2090.0,2088.75,2089.25,7038.0
2015-02-13 17:20:00,2089.25,2089.5,2088.5,2089.25,6549.0
2015-02-13 17:25:00,2089.0,2089.5,2088.25,2088.5,4074.0
2015-02-13 17:30:00,2088.5,2089.0,2087.75,2089.0,8719.0
2015-02-13 17:35:00,2089.0,2089.25,2088.25,2088.25,5283.0
2015-02-13 17:40:00,2088.25,2089.0,2088.0,2088.75,3895.0
2015-02-13 17:45:00,2088.5,2089.0,2087.75,2088.0,4873.0
2015-02-13 17:50:00,2088.0,2089.0,2087.5,2088.25,5814.0
2015-02-13 17:55:00,2088.25,2088.5,2087.5,2087.75,5251.0
2015-02-13 18:00:00,2087.75,2088.75,2087.5,2087.75,5970.0
2015-02-13 18:05:00,2087.75,2088.75,2087.75,2088.5,5317.0
2015-02-13 18:10:00,2088.5,2089.5,2088.5,2089.0,6006.0
2015-02-13 18:15:00,2088.75,2089.0,2088.0,2088.5,5258.0
2015-02-13 18:20:00,2088.5,2089.0,2087.25,2087.5,6695.0
2015-02-13 18:25:00,2087.25,2088.0,2086.25,2086.75,7724.0
2015-02-13 18:30:00,2086.75,2087.0,2084.25,2085.25,18021.0
2015-02-13 18:35:00,2085.0,2085.25,2082.75,2084.25,20526.0
2015-02-13 18:40:00,2084.0,2085.5,2083.0,2084.5,23381.0
2015-02-13 18:45:00,2084.5,2085.25,2084.0,2085.0,7540.0
2015-02-13 18:50:00,2085.0,2086.25,2084.75,2086.0,8160.0
2015-02-13 18:55:00,2086.0,2086.25,2085.0,2085.5,6780.0
2015-02-13 19:00:00,2085.25,2086.25,2084.75,2085.0,7082.0
2015-02-13 19:05:00,2085.0,2086.75,2085.0,2086.0,7425.0
2015-02-13 19:10:00,2086.0,2087.25,2085.25,2085.25,12301.0
2015-02-13 19:15:00,2085.5,2087.0,2085.0,2086.5,7715.0
2015-02-13 19:20:00,2086.75,2087.75,2086.5,2087.25,6675.0
2015-02-13 19:25:00,2087.0,2089.0,2087.0,2088.5,10037.0
2015-02-13 19:30:00,2088.25,2088.5,2087.25,2087.5,5587.0
2015-02-13 19:35:00,2087.25,2088.0,2087.0,2087.25,5334.0
2015-02-13 19:40:00,2087.25,2088.0,2086.75,2087.75,7091.0
2015-02-13 19:45:00,2087.75,2088.75,2086.75,2088.25,6010.0
2015-02-13 19:50:00,2088.25,2088.25,2087.0,2087.75,4258.0
2015-02-13 19:55:00,2087.5,2089.0,2087.5,2088.25,9248.0
2015-02-13 20:00:00,2088.25,2089.0,2087.75,2088.25,8697.0
2015-02-13 20:05:00,2088.25,2091.0,2087.75,2090.0,20201.0
2015-02-13 20:10:00,2090.25,2090.75,2089.5,2090.75,5435.0
2015-02-13 20:15:00,2091.0,2091.5,2090.25,2091.25,11104.0
2015-02-13 20:20:00,2091.25,2091.75,2089.75,2090.5,12025.0
2015-02-13 20:25:00,2090.5,2092.0,2090.5,2091.25,9874.0
2015-02-13 20:30:00,2091.5,2091.75,2089.75,2090.5,13113.0
2015-02-13 20:35:00,2090.5,2092.0,2090.25,2091.25,11034.0
2015-02-13 20:40:00,2091.25,2092.25,2090.75,2091.25,12717.0
2015-02-13 20:45:00,2091.5,2092.5,2091.25,2091.75,14583.0
2015-02-13 20:50:00,2091.75,2093.25,2091.5,2093.0,20365.0
2015-02-13 20:55:00,2093.0,2093.75,2092.25,2093.5,20244.0
2015-02-13 21:00:00,2093.5,2094.5,2092.75,2094.0,70614.0
2015-02-13 21:05:00,2094.25,2094.25,2093.5,2094.0,8500.0
2015-02-13 21:10:00,2094.0,2094.0,2093.0,2093.5,6737.0
2015-02-13 21:15:00,2093.5,2093.75,2093.0,2093.0,8127.0
2015-02-13 21:30:00,2092.75,2093.5,2092.75,2093.25,3600.0
2015-02-13 21:35:00,2093.25,2093.25,2092.5,2093.0,1614.0
2015-02-13 21:40:00,2093.0,2093.5,2092.75,2093.25,455.0
2015-02-13 21:45:00,2093.25,2093.25,2092.75,2093.0,695.0
2015-02-13 21:50:00,2093.25,2094.0,2093.0,2094.0,1034.0
2015-02-13 21:55:00,2093.75,2094.75,2093.75,2094.5,1473.0
2015-02-13 22:00:00,2094.25,2094.75,2094.0,2094.5,963.0
2015-02-13 22:05:00,2094.5,2094.75,2094.25,2094.5,164.0
2015-02-13 22:10:00,2094.75,2095.0,2094.25,2094.75,1007.0
2015-02-13 22:15:00,2094.5,2094.75,2094.5,2094.75,213.0
2015-02-15 23:00:00,2091.25,2092.5,2091.25,2092.25,2584.0
2015-02-15 23:05:00,2092.25,2093.5,2092.0,2093.0,473.0
2015-02-15 23:10:00,2093.0,2093.5,2092.5,2093.25,449.0
2015-02-15 23:15:00,2093.25,2093.75,2093.0,2093.0,554.0
2015-02-15 23:20:00,2093.0,2093.25,2092.75,2093.0,422.0
2015-02-15 23:25:00,2093.0,2093.25,2092.5,2092.75,588.0
2015-02-15 23:30:00,2092.75,2093.0,2092.5,2092.75,428.0
2015-02-15 23:35:00,2092.5,2092.75,2092.0,2092.0,236.0
2015-02-15 23:40:00,2092.0,2092.5,2092.0,2092.5,443.0
2015-02-15 23:45:00,2092.5,2092.5,2091.25,2091.5,540.0
2015-02-15 23:50:00,2091.5,2091.5,2089.75,2090.75,1707.0
2015-02-15 23:55:00,2090.75,2090.75,2089.5,2089.75,1090.0
2015-02-16 00:00:00,2089.5,2090.0,2089.25,2089.75,916.0
2015-02-16 00:05:00,2089.75,2090.0,2089.25,2089.5,378.0
2015-02-16 00:10:00,2089.75,2090.0,2089.0,2089.25,413.0
2015-02-16 00:15:00,2089.0,2089.25,2088.75,2089.0,757.0
2015-02-16 00:20:00,2089.25,2089.25,2088.75,2089.25,343.0
2015-02-16 00:25:00,2089.25,2089.25,2089.0,2089.25,158.0
2015-02-16 00:30:00,2089.25,2089.25,2089.0,2089.0,243.0
2015-02-16 00:35:00,2089.25,2089.25,2089.0,2089.25,200.0
2015-02-16 00:40:00,2089.25,2089.25,2089.0,2089.25,187.0
2015-02-16 00:45:00,2089.25,2089.75,2089.25,2089.75,231.0
2015-02-16 00:50:00,2089.75,2090.0,2089.5,2090.0,216.0
2015-02-16 00:55:00,2090.0,2090.0,2089.5,2089.75,118.0
2015-02-16 01:00:00,2089.75,2089.75,2089.25,2089.5,113.0
2015-02-16 01:05:00,2089.25,2090.0,2089.25,2089.75,125.0
2015-02-16 01:10:00,2090.0,2090.0,2089.5,2089.5,144.0
2015-02-16 01:15:00,2089.5,2089.75,2089.25,2089.25,65.0
2015-02-16 01:20:00,2089.25,2089.75,2089.25,2089.5,133.0
2015-02-16 01:25:00,2089.5,2090.0,2089.5,2089.75,72.0
2015-02-16 01:30:00,2089.75,2090.0,2089.25,2089.25,275.0
2015-02-16 01:35:00,2089.25,2089.75,2089.0,2089.5,277.0
2015-02-16 01:40:00,2089.5,2089.75,2089.5,2089.75,36.0
2015-02-16 01:45:00,2089.75,2090.0,2089.75,2089.75,63.0
2015-02-16 01:50:00,2090.0,2090.25,2090.0,2090.0,144.0
2015-02-16 01:55:00,2090.0,2090.25,2090.0,2090.25,4.0
2015-02-16 02:00:00,2090.25,2090.25,2090.0,2090.25,25.0
2015-02-16 02:05:00,2090.25,2090.25,2090.0,2090.0,156.0
2015-02-16 02:10:00,2090.25,2090.25,2090.25,2090.25,32.0
2015-02-16 02:15:00,2090.0,2090.25,2090.0,2090.0,107.0
2015-02-16 02:20:00,2090.25,2090.25,2090.0,2090.0,51.0
2015-02-16 02:25:00,2090.0,2090.25,2090.0,2090.0,7.0
2015-02-16 02:30:00,2090.0,2090.25,2090.0,2090.25,84.0
2015-02-16 02:35:00,2090.25,2090.5,2090.25,2090.25,209.0
2015-02-16 02:40:00,2090.25,2090.5,2090.0,2090.25,40.0
2015-02-16 02:45:00,2090.5,2090.5,2089.5,2089.75,272.0
2015-02-16 02:50:00,2090.0,2090.0,2089.75,2089.75,49.0
2015-02-16 02:55:00,2090.0,2090.0,2089.75,2089.75,10.0
2015-02-16 03:00:00,2089.75,2090.0,2089.75,2089.75,44.0
2015-02-16 03:05:00,2089.75,2090.0,2089.5,2090.0,170.0
2015-02-16 03:10:00,2090.0,2090.0,2089.75,2090.0,83.0
2015-02-16 03:15:00,2090.0,2090.25,2090.0,2090.25,122.0
2015-02-16 03:20:00,2090.25,2090.25,2090.0,2090.0,105.0
2015-02-16 03:25:00,2090.0,2090.0,2090.0,2090.0,34.0
2015-02-16 03:30:00,2089.75,2090.0,2089.75,2090.0,70.0
2015-02-16 03:35:00,2089.75,2089.75,2089.5,2089.75,57.0
2015-02-16 03:40:00,2089.5,2090.0,2089.25,2089.75,132.0
2015-02-16 03:45:00,2089.75,2090.25,2089.75,2090.25,196.0
2015-02-16 03:50:00,2090.25,2090.25,2089.75,2090.0,94.0
2015-02-16 03:55:00,2090.25,2090.25,2090.0,2090.25,30.0
2015-02-16 04:00:00,2090.0,2090.25,2090.0,2090.0,27.0
2015-02-16 04:05:00,2090.0,2090.5,2090.0,2090.25,116.0
2015-02-16 04:10:00,2090.25,2090.5,2090.25,2090.25,62.0
2015-02-16 04:15:00,2090.25,2090.5,2090.0,2090.5,53.0
2015-02-16 04:20:00,2090.5,2090.5,2090.25,2090.5,195.0
2015-02-16 04:25:00,2090.5,2090.75,2090.25,2090.5,402.0
2015-02-16 04:30:00,2090.5,2091.0,2090.5,2090.5,306.0
2015-02-16 04:35:00,2090.75,2091.25,2090.5,2090.75,197.0
2015-02-16 04:40:00,2090.75,2091.25,2090.75,2091.25,47.0
2015-02-16 04:45:00,2091.0,2091.25,2090.5,2090.5,162.0
2015-02-16 04:50:00,2090.75,2091.0,2090.5,2091.0,144.0
2015-02-16 04:55:00,2091.0,2091.0,2090.5,2090.5,67.0
2015-02-16 05:00:00,2090.75,2091.0,2090.5,2090.75,44.0
2015-02-16 05:05:00,2090.75,2091.0,2090.75,2091.0,42.0
2015-02-16 05:10:00,2091.0,2091.0,2090.75,2091.0,35.0
2015-02-16 05:15:00,2090.75,2091.0,2090.5,2090.75,75.0
2015-02-16 05:20:00,2091.0,2091.5,2090.75,2091.25,264.0
2015-02-16 05:25:00,2091.25,2091.25,2091.0,2091.25,61.0
2015-02-16 05:30:00,2091.0,2091.25,2091.0,2091.25,52.0
2015-02-16 05:35:00,2091.25,2091.25,2091.0,2091.0,18.0
2015-02-16 05:40:00,2091.25,2091.25,2091.0,2091.25,40.0
2015-02-16 05:45:00,2091.25,2091.25,2091.0,2091.25,37.0
2015-02-16 05:50:00,2091.25,2091.25,2090.75,2091.0,175.0
2015-02-16 05:55:00,2091.25,2091.25,2090.75,2091.25,93.0
2015-02-16 06:00:00,2091.0,2091.25,2090.75,2091.0,159.0
2015-02-16 06:05:00,2090.75,2091.0,2090.75,2091.0,101.0
2015-02-16 06:10:00,2090.75,2091.25,2090.5,2090.75,85.0
2015-02-16 06:15:00,2090.75,2091.0,2090.5,2090.75,77.0
2015-02-16 06:20:00,2091.0,2091.0,2090.75,2091.0,13.0
2015-02-16 06:25:00,2091.0,2091.0,2090.5,2090.75,51.0
2015-02-16 06:30:00,2091.0,2091.0,2090.25,2090.25,132.0
2015-02-16 06:35:00,2090.25,2090.75,2090.25,2090.75,94.0
2015-02-16 06:40:00,2090.5,2090.75,2090.5,2090.75,79.0
2015-02-16 06:45:00,2090.5,2090.75,2090.25,2090.75,138.0
2015-02-16 06:50:00,2090.75,2090.75,2090.5,2090.75,37.0
2015-02-16 06:55:00,2090.75,2090.75,2090.5,2090.5,73.0
2015-02-16 07:00:00,2090.25,2090.5,2089.75,2090.25,448.0
2015-02-16 07:05:00,2090.0,2090.25,2089.5,2089.75,211.0
2015-02-16 07:10:00,2089.75,2090.25,2089.5,2089.5,365.0
2015-02-16 07:15:00,2089.5,2090.0,2089.5,2089.75,144.0
2015-02-16 07:20:00,2089.75,2090.25,2089.75,2090.0,208.0
2015-02-16 07:25:00,2090.0,2090.0,2089.75,2089.75,238.0
2015-02-16 07:30:00,2089.75,2090.25,2089.75,2090.0,106.0
2015-02-16 07:35:00,2090.0,2090.25,2089.75,2089.75,122.0
2015-02-16 07:40:00,2090.0,2090.0,2088.75,2089.0,605.0
2015-02-16 07:45:00,2088.75,2089.0,2088.5,2088.5,383.0
2015-02-16 07:50:00,2088.5,2089.0,2088.0,2088.5,878.0
2015-02-16 07:55:00,2088.5,2089.5,2088.5,2089.5,468.0
2015-02-16 08:00:00,2089.25,2089.75,2088.75,2088.75,607.0
2015-02-16 08:05:00,2089.0,2089.5,2088.5,2088.75,504.0
2015-02-16 08:10:00,2088.75,2089.0,2088.25,2088.75,550.0
2015-02-16 08:15:00,2088.5,2088.75,2087.75,2087.75,787.0
2015-02-16 08:20:00,2087.75,2088.75,2087.75,2088.5,933.0
2015-02-16 08:25:00,2088.5,2089.0,2088.0,2088.0,680.0
2015-02-16 08:30:00,2088.0,2089.75,2088.0,2089.25,949.0
2015-02-16 08:35:00,2089.25,2090.0,2089.25,2089.75,436.0
2015-02-16 08:40:00,2089.5,2090.0,2089.5,2089.5,404.0
2015-02-16 08:45:00,2089.75,2090.0,2089.25,2090.0,281.0
2015-02-16 08:50:00,2090.0,2090.5,2089.75,2090.0,365.0
2015-02-16 08:55:00,2090.0,2090.0,2089.0,2089.5,621.0
2015-02-16 09:00:00,2089.5,2090.0,2089.25,2090.0,257.0
2015-02-16 09:05:00,2089.75,2090.0,2089.25,2089.25,202.0
2015-02-16 09:10:00,2089.5,2089.75,2089.25,2089.5,370.0
2015-02-16 09:15:00,2089.5,2089.5,2089.25,2089.5,206.0
2015-02-16 09:20:00,2089.25,2090.0,2089.25,2089.75,267.0
2015-02-16 09:25:00,2089.75,2090.25,2089.75,2089.75,294.0
2015-02-16 09:30:00,2090.0,2090.25,2089.75,2090.0,133.0
2015-02-16 09:35:00,2089.75,2090.0,2089.5,2089.75,263.0
2015-02-16 09:40:00,2089.75,2090.25,2089.75,2090.0,264.0
2015-02-16 09:45:00,2090.0,2090.75,2089.75,2090.5,1026.0
2015-02-16 09:50:00,2090.5,2090.5,2090.25,2090.25,174.0
2015-02-16 09:55:00,2090.25,2090.75,2090.0,2090.5,462.0
2015-02-16 10:00:00,2090.25,2090.5,2090.25,2090.5,237.0
2015-02-16 10:05:00,2090.25,2090.5,2089.75,2090.0,365.0
2015-02-16 10:10:00,2090.0,2090.5,2090.0,2090.25,279.0
2015-02-16 10:15:00,2090.0,2090.25,2090.0,2090.25,105.0
2015-02-16 10:20:00,2090.0,2090.5,2090.0,2090.25,368.0
2015-02-16 10:25:00,2090.25,2090.5,2090.25,2090.5,127.0
2015-02-16 10:30:00,2090.25,2090.5,2090.0,2090.0,292.0
2015-02-16 10:35:00,2090.25,2090.5,2090.0,2090.25,230.0
2015-02-16 10:40:00,2090.25,2090.25,2089.75,2090.0,371.0
2015-02-16 10:45:00,2089.75,2090.0,2089.5,2089.75,123.0
2015-02-16 10:50:00,2089.75,2090.0,2089.25,2089.5,171.0
2015-02-16 10:55:00,2089.5,2090.0,2089.5,2089.75,194.0
2015-02-16 11:00:00,2090.0,2090.0,2089.25,2089.5,301.0
2015-02-16 11:05:00,2089.5,2090.0,2089.25,2090.0,287.0
2015-02-16 11:10:00,2090.0,2090.25,2089.75,2090.0,180.0
2015-02-16 11:15:00,2090.25,2090.5,2090.0,2090.0,228.0
2015-02-16 11:20:00,2090.0,2090.75,2090.0,2090.75,177.0
2015-02-16 11:25:00,2090.75,2090.75,2090.5,2090.75,99.0
2015-02-16 11:30:00,2090.75,2090.75,2090.25,2090.75,252.0
2015-02-16 11:35:00,2090.75,2091.0,2090.5,2091.0,334.0
2015-02-16 11:40:00,2091.0,2091.0,2090.25,2090.5,266.0
2015-02-16 11:45:00,2090.5,2090.75,2090.5,2090.5,57.0
2015-02-16 11:50:00,2090.5,2090.75,2090.5,2090.5,89.0
2015-02-16 11:55:00,2090.75,2090.75,2090.5,2090.5,127.0
2015-02-16 12:00:00,2090.5,2090.5,2090.0,2090.5,379.0
2015-02-16 12:05:00,2090.75,2091.0,2090.5,2090.75,163.0
2015-02-16 12:10:00,2090.75,2090.75,2090.5,2090.75,53.0
2015-02-16 12:15:00,2090.75,2091.0,2090.5,2090.5,217.0
2015-02-16 12:20:00,2090.75,2091.25,2090.5,2091.0,253.0
2015-02-16 12:25:00,2091.0,2091.0,2090.75,2091.0,49.0
2015-02-16 12:30:00,2091.0,2091.25,2090.75,2091.0,254.0
2015-02-16 12:35:00,2091.25,2091.5,2091.0,2091.25,218.0
2015-02-16 12:40:00,2091.25,2091.25,2091.0,2091.0,193.0
2015-02-16 12:45:00,2091.0,2091.25,2090.5,2090.75,238.0
2015-02-16 12:50:00,2090.5,2091.0,2090.5,2090.5,209.0
2015-02-16 12:55:00,2090.5,2091.0,2090.25,2091.0,309.0
2015-02-16 13:00:00,2091.0,2091.25,2090.75,2091.0,366.0
2015-02-16 13:05:00,2091.0,2091.0,2090.5,2091.0,243.0
2015-02-16 13:10:00,2090.75,2091.0,2090.75,2091.0,196.0
2015-02-16 13:15:00,2090.75,2091.0,2090.75,2090.75,110.0
2015-02-16 13:20:00,2091.0,2091.75,2091.0,2091.5,516.0
2015-02-16 13:25:00,2091.5,2091.5,2091.25,2091.5,35.0
2015-02-16 13:30:00,2091.5,2091.75,2089.5,2091.75,3152.0
2015-02-16 13:35:00,2091.5,2091.75,2091.25,2091.25,481.0
2015-02-16 13:40:00,2091.25,2091.25,2089.75,2090.5,1370.0
2015-02-16 13:45:00,2090.25,2090.75,2090.25,2090.25,494.0
2015-02-16 13:50:00,2090.25,2090.75,2090.25,2090.5,308.0
2015-02-16 13:55:00,2090.75,2090.75,2089.5,2089.75,583.0
2015-02-16 14:00:00,2089.75,2090.25,2089.75,2090.0,348.0
2015-02-16 14:05:00,2090.0,2090.0,2089.0,2089.75,661.0
2015-02-16 14:10:00,2089.75,2090.5,2089.5,2090.25,937.0
2015-02-16 14:15:00,2090.25,2090.5,2090.0,2090.5,125.0
2015-02-16 14:20:00,2090.5,2090.75,2090.25,2090.75,267.0
2015-02-16 14:25:00,2090.5,2090.75,2090.25,2090.25,300.0
2015-02-16 14:30:00,2090.5,2090.75,2090.0,2090.25,819.0
2015-02-16 14:35:00,2090.25,2091.0,2090.25,2090.75,488.0
2015-02-16 14:40:00,2090.75,2091.0,2090.5,2090.75,450.0
2015-02-16 14:45:00,2090.5,2090.75,2090.25,2090.5,409.0
2015-02-16 14:50:00,2090.5,2090.5,2090.25,2090.5,86.0
2015-02-16 14:55:00,2090.5,2091.0,2090.25,2090.5,504.0
2015-02-16 15:00:00,2090.5,2091.0,2090.5,2091.0,294.0
2015-02-16 15:05:00,2091.0,2091.25,2090.5,2090.75,733.0
2015-02-16 15:10:00,2091.0,2091.25,2090.75,2091.25,290.0
2015-02-16 15:15:00,2091.0,2091.0,2090.75,2090.75,360.0
2015-02-16 15:20:00,2090.75,2091.0,2089.5,2089.75,941.0
2015-02-16 15:25:00,2090.0,2090.25,2089.75,2090.25,856.0
2015-02-16 15:30:00,2090.25,2090.5,2090.0,2090.25,250.0
2015-02-16 15:35:00,2090.25,2090.5,2090.25,2090.5,499.0
2015-02-16 15:40:00,2090.25,2090.5,2090.25,2090.5,223.0
2015-02-16 15:45:00,2090.5,2090.5,2090.25,2090.5,181.0
2015-02-16 15:50:00,2090.5,2091.25,2090.25,2091.25,611.0
2015-02-16 15:55:00,2091.25,2092.25,2091.0,2091.5,1678.0
2015-02-16 16:00:00,2091.25,2092.25,2091.25,2092.0,806.0
2015-02-16 16:05:00,2092.0,2092.25,2091.5,2092.25,622.0
2015-02-16 16:10:00,2092.25,2092.25,2091.5,2091.75,392.0
2015-02-16 16:15:00,2091.75,2092.0,2091.5,2091.5,321.0
2015-02-16 16:20:00,2091.5,2092.25,2091.0,2092.25,1448.0
2015-02-16 16:25:00,2092.0,2092.75,2092.0,2092.0,905.0
2015-02-16 16:30:00,2092.0,2093.5,2092.0,2093.25,2649.0
2015-02-16 16:35:00,2093.5,2093.5,2093.0,2093.5,1061.0
2015-02-16 16:40:00,2093.25,2093.75,2093.25,2093.5,922.0
2015-02-16 16:45:00,2093.5,2093.5,2093.0,2093.25,463.0
2015-02-16 16:50:00,2093.25,2093.25,2091.75,2092.75,1828.0
2015-02-16 16:55:00,2092.75,2093.25,2087.0,2087.75,7706.0
2015-02-16 17:00:00,2087.75,2088.25,2086.0,2086.5,2971.0
2015-02-16 17:05:00,2086.75,2087.0,2085.75,2086.75,1762.0
2015-02-16 17:10:00,2086.75,2088.25,2086.5,2088.0,1727.0
2015-02-16 17:15:00,2088.0,2088.5,2087.5,2088.25,1325.0
2015-02-16 17:20:00,2088.0,2088.25,2086.5,2086.75,2398.0
2015-02-16 17:25:00,2086.75,2087.0,2085.75,2086.25,1269.0
2015-02-16 17:30:00,2086.25,2086.5,2084.75,2085.75,2826.0
2015-02-16 17:35:00,2085.75,2087.0,2085.0,2087.0,996.0
2015-02-16 17:40:00,2087.0,2088.75,2086.75,2088.5,1148.0
2015-02-16 17:45:00,2088.5,2088.75,2087.25,2087.25,965.0
2015-02-16 17:50:00,2087.25,2087.75,2084.0,2084.75,2793.0
2015-02-16 17:55:00,2084.75,2086.5,2083.5,2085.5,3636.0
2015-02-16 18:00:00,2085.25,2086.75,2085.25,2086.75,686.0
2015-02-16 23:00:00,2083.25,2083.5,2081.5,2082.75,4125.0
2015-02-16 23:05:00,2082.75,2083.25,2081.75,2082.0,1299.0
2015-02-16 23:10:00,2082.25,2082.5,2081.75,2082.0,780.0
2015-02-16 23:15:00,2082.25,2083.25,2082.25,2083.0,661.0
2015-02-16 23:20:00,2083.0,2084.25,2083.0,2084.0,548.0
2015-02-16 23:25:00,2084.0,2084.25,2083.5,2083.75,258.0
2015-02-16 23:30:00,2084.0,2084.0,2083.0,2083.75,294.0
2015-02-16 23:35:00,2083.75,2084.5,2083.75,2084.0,348.0
2015-02-16 23:40:00,2084.0,2084.5,2084.0,2084.5,222.0
2015-02-16 23:45:00,2084.5,2085.25,2084.5,2085.0,505.0
2015-02-16 23:50:00,2084.75,2085.0,2084.5,2085.0,129.0
2015-02-16 23:55:00,2085.0,2085.0,2084.25,2084.25,284.0
2015-02-17 00:00:00,2084.0,2084.25,2083.5,2084.25,638.0
2015-02-17 00:05:00,2084.5,2084.5,2083.75,2083.75,238.0
2015-02-17 00:10:00,2083.75,2084.25,2083.25,2083.25,536.0
2015-02-17 00:15:00,2083.25,2083.5,2083.25,2083.5,240.0
2015-02-17 00:20:00,2083.5,2083.5,2083.25,2083.25,194.0
2015-02-17 00:25:00,2083.25,2083.5,2083.25,2083.25,191.0
2015-02-17 00:30:00,2083.5,2084.0,2083.25,2084.0,149.0
2015-02-17 00:35:00,2084.0,2084.0,2083.25,2083.75,292.0
2015-02-17 00:40:00,2084.0,2084.0,2083.5,2083.75,94.0
2015-02-17 00:45:00,2083.75,2083.75,2082.5,2082.75,1289.0
2015-02-17 00:50:00,2082.75,2083.25,2082.5,2083.25,208.0
2015-02-17 00:55:00,2083.25,2083.75,2083.25,2083.5,209.0
2015-02-17 01:00:00,2083.5,2083.5,2083.25,2083.5,219.0
2015-02-17 01:05:00,2083.5,2083.75,2083.0,2083.75,395.0
2015-02-17 01:10:00,2083.75,2083.75,2083.25,2083.5,268.0
2015-02-17 01:15:00,2083.5,2083.5,2083.25,2083.5,50.0
2015-02-17 01:20:00,2083.25,2084.0,2083.25,2083.75,258.0
2015-02-17 01:25:00,2084.0,2084.0,2083.75,2083.75,69.0
2015-02-17 01:30:00,2083.75,2084.0,2083.75,2084.0,126.0
2015-02-17 01:35:00,2084.0,2084.25,2083.5,2083.75,451.0
2015-02-17 01:40:00,2083.75,2083.75,2082.5,2082.5,680.0
2015-02-17 01:45:00,2082.5,2083.0,2082.5,2082.75,146.0
2015-02-17 01:50:00,2082.75,2083.5,2082.75,2083.25,193.0
2015-02-17 01:55:00,2083.5,2083.75,2083.5,2083.75,104.0
2015-02-17 02:00:00,2083.75,2084.25,2083.75,2084.25,532.0
2015-02-17 02:05:00,2084.25,2084.5,2084.0,2084.25,93.0
2015-02-17 02:10:00,2084.5,2084.5,2084.25,2084.25,51.0
2015-02-17 02:15:00,2084.25,2084.5,2084.25,2084.5,63.0
2015-02-17 02:20:00,2084.5,2084.75,2084.25,2084.5,88.0
2015-02-17 02:25:00,2084.5,2084.75,2084.5,2084.5,61.0
2015-02-17 02:30:00,2084.75,2085.0,2084.5,2084.75,139.0
2015-02-17 02:35:00,2084.75,2085.25,2084.75,2085.0,223.0
2015-02-17 02:40:00,2085.25,2085.25,2084.75,2085.0,114.0
2015-02-17 02:45:00,2085.0,2085.25,2084.25,2084.5,243.0
2015-02-17 02:50:00,2084.5,2084.75,2084.5,2084.75,56.0
2015-02-17 02:55:00,2084.75,2084.75,2084.0,2084.25,193.0
2015-02-17 03:00:00,2084.0,2084.5,2083.75,2084.5,233.0
2015-02-17 03:05:00,2084.5,2085.0,2084.5,2085.0,141.0
2015-02-17 03:10:00,2085.0,2085.0,2084.75,2085.0,118.0
2015-02-17 03:15:00,2085.0,2085.0,2084.75,2084.75,18.0
2015-02-17 03:20:00,2085.0,2085.25,2084.75,2085.0,78.0
2015-02-17 03:25:00,2085.0,2085.0,2085.0,2085.0,22.0
2015-02-17 03:30:00,2085.0,2086.0,2085.0,2085.75,530.0
2015-02-17 03:35:00,2085.75,2086.0,2085.5,2085.5,156.0
2015-02-17 03:40:00,2085.5,2086.0,2085.5,2085.75,329.0
2015-02-17 03:45:00,2085.75,2086.0,2085.5,2085.75,170.0
2015-02-17 03:50:00,2085.75,2086.0,2085.5,2085.75,40.0
2015-02-17 03:55:00,2085.75,2085.75,2085.5,2085.75,80.0
2015-02-17 04:00:00,2085.75,2085.75,2085.5,2085.75,21.0
2015-02-17 04:05:00,2085.75,2085.75,2085.5,2085.5,25.0
2015-02-17 04:10:00,2085.75,2086.0,2085.5,2086.0,114.0
2015-02-17 04:15:00,2086.0,2086.0,2085.75,2086.0,16.0
2015-02-17 04:20:00,2086.0,2086.0,2085.5,2085.75,502.0
2015-02-17 04:25:00,2085.75,2086.0,2085.75,2086.0,118.0
2015-02-17 04:30:00,2086.0,2086.0,2085.75,2086.0,86.0
2015-02-17 04:35:00,2085.75,2086.25,2085.75,2086.25,79.0
2015-02-17 04:40:00,2086.0,2086.25,2085.5,2085.5,422.0
2015-02-17 04:45:00,2085.5,2085.5,2085.0,2085.5,144.0
2015-02-17 04:50:00,2085.25,2085.5,2085.25,2085.5,24.0
2015-02-17 04:55:00,2085.25,2085.75,2085.25,2085.75,76.0
2015-02-17 05:00:00,2085.75,2086.0,2085.5,2085.75,191.0
2015-02-17 05:05:00,2085.5,2085.75,2085.5,2085.5,45.0
2015-02-17 05:10:00,2085.5,2085.75,2085.5,2085.5,37.0
2015-02-17 05:15:00,2085.5,2085.5,2085.5,2085.5,21.0
2015-02-17 05:20:00,2085.75,2086.0,2085.5,2085.75,188.0
2015-02-17 05:25:00,2085.75,2086.0,2085.75,2085.75,194.0
2015-02-17 05:30:00,2085.75,2086.0,2085.75,2086.0,97.0
2015-02-17 05:35:00,2086.0,2086.0,2085.25,2085.5,99.0
2015-02-17 05:40:00,2085.5,2085.5,2084.5,2084.75,621.0
2015-02-17 05:45:00,2084.75,2084.75,2084.25,2084.25,146.0
2015-02-17 05:50:00,2084.25,2084.5,2084.0,2084.0,336.0
2015-02-17 05:55:00,2084.25,2084.5,2084.0,2084.0,191.0
2015-02-17 06:00:00,2084.0,2084.0,2083.25,2083.75,560.0
2015-02-17 06:05:00,2083.75,2084.0,2083.25,2083.5,267.0
2015-02-17 06:10:00,2083.25,2084.0,2083.25,2083.75,185.0
2015-02-17 06:15:00,2084.0,2084.0,2083.5,2084.0,132.0
2015-02-17 06:20:00,2084.0,2084.25,2083.75,2084.25,49.0
2015-02-17 06:25:00,2084.25,2084.5,2084.25,2084.5,66.0
2015-02-17 06:30:00,2084.5,2085.0,2084.5,2084.75,155.0
2015-02-17 06:35:00,2085.0,2085.0,2084.75,2084.75,57.0
2015-02-17 06:40:00,2084.5,2085.25,2084.5,2085.25,288.0
2015-02-17 06:45:00,2085.0,2085.25,2085.0,2085.0,30.0
2015-02-17 06:50:00,2085.0,2085.0,2084.5,2084.5,48.0
2015-02-17 06:55:00,2084.75,2084.75,2084.25,2084.5,110.0
2015-02-17 07:00:00,2084.5,2084.75,2083.5,2083.5,598.0
2015-02-17 07:05:00,2084.0,2084.0,2083.25,2083.75,486.0
2015-02-17 07:10:00,2083.75,2084.25,2083.75,2084.0,241.0
2015-02-17 07:15:00,2084.0,2084.0,2083.25,2084.0,426.0
2015-02-17 07:20:00,2084.0,2084.0,2083.75,2084.0,234.0
2015-02-17 07:25:00,2084.0,2084.0,2083.75,2084.0,71.0
2015-02-17 07:30:00,2084.0,2084.0,2083.75,2083.75,53.0
2015-02-17 07:35:00,2084.0,2084.0,2083.5,2083.75,105.0
2015-02-17 07:40:00,2083.5,2084.0,2083.5,2084.0,167.0
2015-02-17 07:45:00,2084.0,2084.25,2084.0,2084.25,85.0
2015-02-17 07:50:00,2084.0,2084.25,2084.0,2084.25,56.0
2015-02-17 07:55:00,2084.0,2084.25,2083.75,2084.0,237.0
2015-02-17 08:00:00,2083.75,2084.25,2083.5,2083.75,830.0
2015-02-17 08:05:00,2083.75,2084.25,2083.5,2084.25,437.0
2015-02-17 08:10:00,2084.25,2084.25,2083.75,2083.75,281.0
2015-02-17 08:15:00,2083.75,2084.0,2083.25,2083.25,780.0
2015-02-17 08:20:00,2083.5,2084.5,2082.75,2083.25,2322.0
2015-02-17 08:25:00,2083.25,2083.5,2082.0,2082.0,2576.0
2015-02-17 08:30:00,2082.0,2082.5,2080.75,2082.5,3696.0
2015-02-17 08:35:00,2082.5,2084.25,2082.0,2084.0,2568.0
2015-02-17 08:40:00,2084.0,2084.25,2082.5,2083.5,2268.0
2015-02-17 08:45:00,2083.5,2084.25,2083.0,2083.75,1295.0
2015-02-17 08:50:00,2083.5,2084.0,2082.25,2083.5,1587.0
2015-02-17 08:55:00,2083.5,2083.5,2082.5,2083.25,1145.0
2015-02-17 09:00:00,2083.25,2085.0,2083.0,2084.75,1502.0
2015-02-17 09:05:00,2084.75,2085.75,2084.5,2085.5,1403.0
2015-02-17 09:10:00,2085.75,2086.75,2085.5,2086.25,2412.0
2015-02-17 09:15:00,2086.25,2087.0,2086.0,2086.25,1892.0
2015-02-17 09:20:00,2086.25,2087.75,2086.0,2087.5,1095.0
2015-02-17 09:25:00,2087.5,2088.5,2086.5,2087.75,1899.0
2015-02-17 09:30:00,2087.75,2089.25,2087.75,2088.0,1898.0
2015-02-17 09:35:00,2088.0,2089.0,2088.0,2088.75,803.0
2015-02-17 09:40:00,2089.0,2089.25,2088.25,2088.5,1075.0
2015-02-17 09:45:00,2088.5,2088.5,2087.0,2087.25,1270.0
2015-02-17 09:50:00,2087.25,2087.75,2087.0,2087.5,512.0
2015-02-17 09:55:00,2087.5,2088.0,2087.0,2087.75,1059.0
2015-02-17 10:00:00,2088.0,2088.75,2087.75,2088.5,558.0
2015-02-17 10:05:00,2088.75,2089.0,2088.5,2088.75,597.0
2015-02-17 10:10:00,2089.0,2089.0,2087.75,2088.25,1097.0
2015-02-17 10:15:00,2088.25,2089.0,2088.25,2088.25,582.0
2015-02-17 10:20:00,2088.5,2088.75,2087.0,2087.25,1007.0
2015-02-17 10:25:00,2087.5,2088.5,2087.25,2088.25,506.0
2015-02-17 10:30:00,2088.25,2089.25,2088.25,2089.0,607.0
2015-02-17 10:35:00,2088.75,2089.0,2088.5,2088.75,545.0
2015-02-17 10:40:00,2088.75,2090.25,2088.25,2089.75,1303.0
2015-02-17 10:45:00,2089.5,2089.75,2088.75,2088.75,635.0
2015-02-17 10:50:00,2088.75,2092.0,2088.75,2091.0,3210.0
2015-02-17 10:55:00,2091.0,2091.75,2090.75,2091.0,749.0
2015-02-17 11:00:00,2091.0,2092.25,2091.0,2091.5,2431.0
2015-02-17 11:05:00,2091.5,2093.0,2091.25,2092.5,2134.0
2015-02-17 11:10:00,2092.5,2092.5,2091.25,2091.75,896.0
2015-02-17 11:15:00,2091.75,2092.25,2091.25,2091.5,574.0
2015-02-17 11:20:00,2091.5,2092.25,2091.5,2092.0,530.0
2015-02-17 11:25:00,2092.0,2092.5,2091.75,2092.5,489.0
2015-02-17 11:30:00,2092.25,2092.25,2091.5,2091.5,869.0
2015-02-17 11:35:00,2091.75,2091.75,2091.0,2091.5,435.0
2015-02-17 11:40:00,2091.5,2092.0,2091.5,2091.5,801.0
2015-02-17 11:45:00,2091.5,2091.75,2090.5,2090.75,1390.0
2015-02-17 11:50:00,2090.75,2091.25,2090.5,2091.0,640.0
2015-02-17 11:55:00,2091.0,2091.5,2090.75,2091.0,323.0
2015-02-17 12:00:00,2091.0,2091.5,2090.5,2091.25,1133.0
2015-02-17 12:05:00,2091.0,2091.75,2091.0,2091.5,981.0
2015-02-17 12:10:00,2091.25,2091.5,2091.0,2091.0,425.0
2015-02-17 12:15:00,2091.0,2092.5,2091.0,2092.5,1081.0
2015-02-17 12:20:00,2092.5,2092.75,2091.75,2092.25,959.0
2015-02-17 12:25:00,2092.25,2092.5,2091.5,2091.5,1208.0
2015-02-17 12:30:00,2091.75,2092.25,2091.25,2092.0,735.0
2015-02-17 12:35:00,2092.0,2092.5,2091.5,2092.25,840.0
2015-02-17 12:40:00,2092.5,2093.0,2092.25,2092.75,786.0
2015-02-17 12:45:00,2092.75,2092.75,2092.0,2092.25,1205.0
2015-02-17 12:50:00,2092.5,2092.75,2092.0,2092.25,1067.0
2015-02-17 12:55:00,2092.5,2092.75,2091.25,2091.5,1545.0
2015-02-17 13:00:00,2091.5,2092.25,2091.25,2091.75,1231.0
2015-02-17 13:05:00,2091.75,2092.0,2091.0,2091.25,1197.0
2015-02-17 13:10:00,2091.25,2091.75,2091.0,2091.25,1119.0
2015-02-17 13:15:00,2091.25,2091.25,2090.75,2091.0,2233.0
2015-02-17 13:20:00,2090.75,2091.0,2089.75,2090.25,1822.0
2015-02-17 13:25:00,2090.25,2090.25,2089.25,2089.25,3080.0
2015-02-17 13:30:00,2089.5,2089.75,2089.0,2089.0,5134.0
2015-02-17 13:35:00,2089.0,2089.5,2088.75,2088.75,3485.0
2015-02-17 13:40:00,2089.0,2090.25,2088.75,2090.0,2041.0
2015-02-17 13:45:00,2090.0,2090.0,2088.5,2089.5,5398.0
2015-02-17 13:50:00,2089.5,2090.5,2089.25,2090.25,4104.0
2015-02-17 13:55:00,2090.0,2090.5,2089.75,2090.25,2478.0
2015-02-17 14:00:00,2090.5,2091.0,2090.25,2090.5,2072.0
2015-02-17 14:05:00,2090.5,2091.25,2090.25,2091.25,3391.0
2015-02-17 14:10:00,2091.0,2091.25,2089.75,2089.75,1413.0
2015-02-17 14:15:00,2089.75,2091.0,2089.75,2090.5,4215.0
2015-02-17 14:20:00,2090.5,2090.75,2090.0,2090.25,2275.0
2015-02-17 14:25:00,2090.5,2090.75,2089.25,2089.5,4030.0
2015-02-17 14:30:00,2089.5,2091.5,2088.75,2090.0,37720.0
2015-02-17 14:35:00,2090.25,2090.5,2087.5,2088.25,35506.0
2015-02-17 14:40:00,2088.0,2088.75,2086.25,2086.5,25857.0
2015-02-17 14:45:00,2086.5,2088.5,2086.25,2088.0,18548.0
2015-02-17 14:50:00,2088.0,2088.5,2087.0,2087.75,19617.0
2015-02-17 14:55:00,2087.75,2089.5,2087.25,2089.0,13247.0
2015-02-17 15:00:00,2089.25,2090.75,2088.75,2088.75,14464.0
2015-02-17 15:05:00,2088.75,2092.0,2088.75,2091.25,23472.0
2015-02-17 15:10:00,2091.25,2092.25,2090.5,2092.0,12937.0
2015-02-17 15:15:00,2092.0,2092.25,2090.0,2090.75,15025.0
2015-02-17 15:20:00,2090.75,2090.75,2089.0,2090.0,11424.0
2015-02-17 15:25:00,2090.0,2091.0,2089.0,2090.75,11562.0
2015-02-17 15:30:00,2091.0,2091.5,2090.5,2090.75,10060.0
2015-02-17 15:35:00,2090.75,2092.0,2090.5,2091.0,11380.0
2015-02-17 15:40:00,2090.75,2091.75,2090.5,2091.25,9035.0
2015-02-17 15:45:00,2091.25,2091.75,2090.0,2090.75,10737.0
2015-02-17 15:50:00,2091.0,2091.75,2089.25,2089.75,10580.0
2015-02-17 15:55:00,2089.75,2089.75,2088.0,2088.75,11203.0
2015-02-17 16:00:00,2089.0,2090.0,2088.25,2089.25,13800.0
2015-02-17 16:05:00,2089.25,2089.5,2088.25,2088.75,7867.0
2015-02-17 16:10:00,2088.75,2089.5,2088.0,2088.75,9756.0
2015-02-17 16:15:00,2088.5,2090.25,2088.5,2089.5,11836.0
2015-02-17 16:20:00,2089.5,2091.5,2089.25,2091.25,12375.0
2015-02-17 16:25:00,2091.5,2091.75,2090.75,2091.0,8090.0
2015-02-17 16:30:00,2091.0,2092.25,2090.75,2091.25,12334.0
2015-02-17 16:35:00,2091.5,2092.5,2091.25,2092.0,17048.0
2015-02-17 16:40:00,2092.0,2092.25,2091.0,2091.0,12995.0
2015-02-17 16:45:00,2091.25,2092.5,2091.0,2092.0,9691.0
2015-02-17 16:50:00,2092.0,2092.25,2091.5,2091.75,5205.0
2015-02-17 16:55:00,2091.75,2092.5,2091.5,2092.5,6034.0
2015-02-17 17:00:00,2092.25,2093.25,2092.0,2092.75,11202.0
2015-02-17 17:05:00,2092.5,2093.0,2092.0,2092.75,8400.0
2015-02-17 17:10:00,2092.5,2092.75,2091.25,2091.75,8852.0
2015-02-17 17:15:00,2091.5,2092.25,2091.5,2092.0,7927.0
2015-02-17 17:20:00,2091.75,2092.25,2091.5,2092.0,6556.0
2015-02-17 17:25:00,2092.0,2092.25,2091.5,2091.75,2599.0
2015-02-17 17:30:00,2091.5,2094.75,2091.5,2094.5,24644.0
2015-02-17 17:35:00,2094.5,2094.75,2093.75,2094.25,12832.0
2015-02-17 17:40:00,2094.0,2094.5,2093.25,2093.5,5484.0
2015-02-17 17:45:00,2093.5,2094.5,2093.25,2093.75,9141.0
2015-02-17 17:50:00,2093.5,2094.25,2093.5,2093.5,4929.0
2015-02-17 17:55:00,2093.75,2094.25,2093.25,2094.25,5865.0
2015-02-17 18:00:00,2094.0,2094.5,2093.75,2094.25,5432.0
2015-02-17 18:05:00,2094.25,2096.5,2094.0,2095.5,23186.0
2015-02-17 18:10:00,2095.5,2096.25,2095.25,2095.75,8382.0
2015-02-17 18:15:00,2095.75,2097.5,2095.5,2097.25,14501.0
2015-02-17 18:20:00,2097.25,2098.75,2096.5,2098.0,14838.0
2015-02-17 18:25:00,2097.75,2098.5,2097.0,2098.25,9774.0
2015-02-17 18:30:00,2098.5,2098.75,2098.0,2098.25,7586.0
2015-02-17 18:35:00,2098.25,2098.25,2096.75,2097.0,11000.0
2015-02-17 18:40:00,2097.0,2097.5,2096.5,2097.0,7277.0
2015-02-17 18:45:00,2097.0,2097.5,2096.5,2097.0,8024.0
2015-02-17 18:50:00,2097.0,2097.75,2096.25,2096.75,6541.0
2015-02-17 18:55:00,2096.75,2097.0,2096.0,2096.75,7916.0
2015-02-17 19:00:00,2096.75,2097.0,2095.25,2095.75,10602.0
2015-02-17 19:05:00,2096.0,2097.0,2095.75,2096.5,7835.0
2015-02-17 19:10:00,2096.25,2097.0,2095.75,2096.25,5933.0
2015-02-17 19:15:00,2096.0,2096.5,2095.5,2096.0,3929.0
2015-02-17 19:20:00,2096.0,2097.0,2095.75,2096.25,6808.0
2015-02-17 19:25:00,2096.25,2096.75,2095.25,2095.5,7497.0
2015-02-17 19:30:00,2095.5,2096.5,2095.5,2096.25,5112.0
2015-02-17 19:35:00,2096.5,2097.25,2096.25,2096.25,7004.0
2015-02-17 19:40:00,2096.25,2096.5,2095.75,2096.0,5006.0
2015-02-17 19:45:00,2095.75,2097.25,2095.75,2096.5,6996.0
2015-02-17 19:50:00,2096.5,2097.0,2095.0,2095.0,11626.0
2015-02-17 19:55:00,2095.0,2096.0,2095.0,2095.25,6015.0
2015-02-17 20:00:00,2095.25,2096.0,2094.5,2095.0,10996.0
2015-02-17 20:05:00,2095.25,2096.5,2095.0,2096.5,7052.0
2015-02-17 20:10:00,2096.25,2096.75,2096.0,2096.75,4123.0
2015-02-17 20:15:00,2096.75,2096.75,2095.75,2096.0,5248.0
2015-02-17 20:20:00,2096.25,2096.25,2095.25,2095.75,4230.0
2015-02-17 20:25:00,2096.0,2097.25,2096.0,2096.5,7733.0
2015-02-17 20:30:00,2096.5,2096.5,2093.75,2094.0,13488.0
2015-02-17 20:35:00,2093.75,2095.5,2093.75,2095.25,12163.0
2015-02-17 20:40:00,2095.0,2095.25,2093.75,2094.25,10554.0
2015-02-17 20:45:00,2094.5,2094.75,2093.25,2093.75,20520.0
2015-02-17 20:50:00,2094.0,2094.75,2093.5,2094.0,16342.0
2015-02-17 20:55:00,2094.0,2095.5,2093.75,2095.0,20983.0
2015-02-17 21:00:00,2095.25,2097.5,2095.0,2097.0,61632.0
2015-02-17 21:05:00,2097.0,2097.75,2096.75,2097.25,8209.0
2015-02-17 21:10:00,2097.0,2097.5,2096.0,2096.0,7889.0
2015-02-17 21:15:00,2096.25,2096.25,2095.75,2095.75,4510.0
2015-02-17 21:30:00,2096.0,2096.25,2095.75,2095.75,1394.0
2015-02-17 21:35:00,2096.0,2097.0,2096.0,2097.0,1647.0
2015-02-17 21:40:00,2097.0,2097.5,2097.0,2097.25,1121.0
2015-02-17 21:45:00,2097.25,2097.5,2097.0,2097.25,921.0
2015-02-17 21:50:00,2097.0,2097.75,2097.0,2097.5,1185.0
2015-02-17 21:55:00,2097.5,2097.75,2097.25,2097.75,680.0
2015-02-17 22:00:00,2097.75,2097.75,2097.0,2097.0,497.0
2015-02-17 22:05:00,2097.0,2097.25,2096.5,2096.75,737.0
2015-02-17 22:10:00,2097.0,2097.0,2096.5,2096.5,306.0
2015-02-17 22:15:00,2096.5,2096.75,2096.0,2096.5,940.0
2015-02-17 23:00:00,2096.5,2096.5,2095.75,2096.0,986.0
2015-02-17 23:05:00,2096.0,2096.5,2096.0,2096.25,139.0
2015-02-17 23:10:00,2096.25,2096.5,2095.75,2096.25,316.0
2015-02-17 23:15:00,2096.25,2096.25,2095.5,2095.75,1188.0
2015-02-17 23:20:00,2095.5,2095.75,2095.5,2095.75,51.0
2015-02-17 23:25:00,2095.75,2095.75,2095.5,2095.75,250.0
2015-02-17 23:30:00,2095.75,2095.75,2095.5,2095.5,67.0
2015-02-17 23:35:00,2095.5,2095.75,2095.5,2095.75,332.0
2015-02-17 23:40:00,2095.5,2096.25,2095.5,2096.0,357.0
2015-02-17 23:45:00,2096.0,2096.5,2096.0,2096.5,471.0
2015-02-17 23:50:00,2096.25,2096.5,2096.0,2096.5,113.0
2015-02-17 23:55:00,2096.25,2096.75,2096.25,2096.75,634.0
2015-02-18 00:00:00,2096.5,2097.25,2096.25,2096.5,752.0
2015-02-18 00:05:00,2096.5,2097.0,2096.5,2096.75,344.0
2015-02-18 00:10:00,2096.5,2097.0,2096.5,2096.75,325.0
2015-02-18 00:15:00,2097.0,2097.0,2096.25,2096.5,504.0
2015-02-18 00:20:00,2096.5,2096.5,2096.25,2096.25,99.0
2015-02-18 00:25:00,2096.5,2096.5,2096.0,2096.25,201.0
2015-02-18 00:30:00,2096.25,2096.5,2096.0,2096.25,170.0
2015-02-18 00:35:00,2096.5,2096.75,2096.0,2096.75,235.0
2015-02-18 00:40:00,2096.75,2096.75,2096.25,2096.25,195.0
2015-02-18 00:45:00,2096.5,2096.5,2096.25,2096.25,45.0
2015-02-18 00:50:00,2096.5,2096.5,2096.25,2096.25,220.0
2015-02-18 00:55:00,2096.25,2096.5,2096.0,2096.25,81.0
2015-02-18 01:00:00,2096.5,2096.5,2096.0,2096.0,80.0
2015-02-18 01:05:00,2096.0,2096.25,2096.0,2096.0,148.0
2015-02-18 01:10:00,2096.0,2096.0,2096.0,2096.0,57.0
2015-02-18 01:15:00,2096.25,2096.25,2096.0,2096.0,91.0
2015-02-18 01:20:00,2096.0,2096.5,2096.0,2096.25,268.0
2015-02-18 01:25:00,2096.25,2096.5,2096.0,2096.0,96.0
2015-02-18 01:30:00,2096.0,2096.5,2096.0,2096.5,113.0
2015-02-18 01:35:00,2096.5,2096.5,2096.0,2096.0,157.0
2015-02-18 01:40:00,2096.25,2096.25,2096.0,2096.25,53.0
2015-02-18 01:45:00,2096.0,2096.25,2096.0,2096.25,267.0
2015-02-18 01:50:00,2096.0,2096.25,2096.0,2096.0,72.0
2015-02-18 01:55:00,2096.0,2096.25,2096.0,2096.0,57.0
2015-02-18 02:00:00,2096.25,2096.25,2096.0,2096.0,68.0
2015-02-18 02:05:00,2096.0,2096.25,2096.0,2096.0,123.0
2015-02-18 02:10:00,2096.25,2096.25,2096.0,2096.0,51.0
2015-02-18 02:15:00,2096.0,2096.25,2096.0,2096.25,27.0
2015-02-18 02:20:00,2096.0,2096.25,2096.0,2096.25,17.0
2015-02-18 02:25:00,2096.0,2096.5,2096.0,2096.5,138.0
2015-02-18 02:30:00,2096.5,2096.5,2096.25,2096.5,36.0
2015-02-18 02:35:00,2096.25,2096.5,2096.25,2096.25,10.0
2015-02-18 02:40:00,2096.5,2097.0,2096.5,2096.75,282.0
2015-02-18 02:45:00,2097.0,2097.0,2096.5,2096.5,120.0
2015-02-18 02:50:00,2096.5,2096.75,2096.25,2096.5,105.0
2015-02-18 02:55:00,2096.5,2096.75,2096.5,2096.75,63.0
2015-02-18 03:00:00,2096.75,2096.75,2096.5,2096.5,15.0
2015-02-18 03:05:00,2096.5,2096.75,2096.5,2096.75,110.0
2015-02-18 03:10:00,2097.0,2097.5,2097.0,2097.0,692.0
2015-02-18 03:15:00,2097.0,2097.25,2097.0,2097.25,118.0
2015-02-18 03:20:00,2097.25,2097.5,2097.0,2097.25,69.0
2015-02-18 03:25:00,2097.25,2097.5,2097.0,2097.0,159.0
2015-02-18 03:30:00,2097.0,2097.25,2097.0,2097.0,35.0
2015-02-18 03:35:00,2097.0,2097.25,2097.0,2097.0,17.0
2015-02-18 03:40:00,2097.0,2097.25,2097.0,2097.0,32.0
2015-02-18 03:45:00,2097.0,2097.25,2097.0,2097.25,18.0
2015-02-18 03:50:00,2097.0,2097.25,2096.75,2096.75,132.0
2015-02-18 03:55:00,2096.75,2097.0,2096.75,2096.75,124.0
2015-02-18 04:00:00,2096.75,2096.75,2096.25,2096.25,329.0
2015-02-18 04:05:00,2096.25,2096.75,2096.25,2096.5,146.0
2015-02-18 04:10:00,2096.5,2096.75,2096.5,2096.75,95.0
2015-02-18 04:15:00,2096.5,2096.75,2096.5,2096.75,118.0
2015-02-18 04:20:00,2096.75,2097.0,2096.75,2096.75,199.0
2015-02-18 04:25:00,2096.75,2097.0,2096.75,2096.75,56.0
2015-02-18 04:30:00,2096.75,2097.0,2096.75,2096.75,104.0
2015-02-18 04:35:00,2096.75,2097.0,2096.5,2096.5,109.0
2015-02-18 04:40:00,2096.5,2096.5,2096.25,2096.5,97.0
2015-02-18 04:45:00,2096.5,2096.75,2096.25,2096.25,56.0
2015-02-18 04:50:00,2096.25,2096.5,2096.25,2096.25,48.0
2015-02-18 04:55:00,2096.25,2096.25,2096.0,2096.25,143.0
2015-02-18 05:00:00,2096.25,2096.5,2096.25,2096.25,46.0
2015-02-18 05:05:00,2096.25,2096.75,2096.25,2096.75,171.0
2015-02-18 05:10:00,2096.5,2096.75,2096.25,2096.5,104.0
2015-02-18 05:15:00,2096.5,2096.5,2096.25,2096.5,63.0
2015-02-18 05:20:00,2096.25,2096.5,2096.25,2096.5,72.0
2015-02-18 05:25:00,2096.5,2096.75,2096.5,2096.75,142.0
2015-02-18 05:30:00,2096.5,2096.75,2096.25,2096.5,199.0
2015-02-18 05:35:00,2096.5,2096.75,2096.25,2096.5,127.0
2015-02-18 05:40:00,2096.5,2096.75,2096.5,2096.5,78.0
2015-02-18 05:45:00,2096.25,2096.5,2096.25,2096.25,44.0
2015-02-18 05:50:00,2096.25,2096.5,2096.25,2096.25,71.0
2015-02-18 05:55:00,2096.25,2096.75,2096.25,2096.75,34.0
2015-02-18 06:00:00,2096.5,2097.0,2096.5,2097.0,54.0
2015-02-18 06:05:00,2096.75,2097.0,2096.75,2097.0,95.0
2015-02-18 06:10:00,2096.75,2096.75,2096.5,2096.5,68.0
2015-02-18 06:15:00,2096.5,2097.0,2096.5,2096.75,90.0
2015-02-18 06:20:00,2097.0,2097.25,2096.75,2097.0,78.0
2015-02-18 06:25:00,2097.0,2097.0,2096.75,2096.75,17.0
2015-02-18 06:30:00,2097.0,2097.25,2096.75,2097.0,55.0
2015-02-18 06:35:00,2097.0,2097.25,2097.0,2097.25,49.0
2015-02-18 06:40:00,2097.0,2097.0,2096.5,2096.5,80.0
2015-02-18 06:45:00,2096.5,2097.0,2096.5,2096.75,73.0
2015-02-18 06:50:00,2096.75,2096.75,2096.5,2096.5,98.0
2015-02-18 06:55:00,2096.75,2096.75,2096.25,2096.5,81.0
2015-02-18 07:00:00,2096.25,2097.0,2096.25,2096.75,736.0
2015-02-18 07:05:00,2096.75,2097.0,2096.5,2096.5,193.0
2015-02-18 07:10:00,2096.5,2096.75,2096.5,2096.5,212.0
2015-02-18 07:15:00,2096.5,2097.0,2096.5,2096.75,319.0
2015-02-18 07:20:00,2096.75,2096.75,2096.5,2096.75,174.0
2015-02-18 07:25:00,2096.5,2097.0,2096.5,2097.0,440.0
2015-02-18 07:30:00,2097.25,2097.5,2097.0,2097.25,464.0
2015-02-18 07:35:00,2097.5,2097.5,2097.0,2097.25,239.0
2015-02-18 07:40:00,2097.25,2097.5,2097.0,2097.5,375.0
2015-02-18 07:45:00,2097.75,2098.5,2097.5,2097.75,1268.0
2015-02-18 07:50:00,2097.5,2097.75,2097.0,2097.25,552.0
2015-02-18 07:55:00,2097.25,2097.25,2097.0,2097.0,191.0
2015-02-18 08:00:00,2097.0,2097.25,2096.0,2096.0,1778.0
2015-02-18 08:05:00,2096.25,2096.5,2095.75,2096.5,1161.0
2015-02-18 08:10:00,2096.5,2097.5,2096.25,2096.75,1424.0
2015-02-18 08:15:00,2096.75,2097.75,2096.75,2096.75,1347.0
2015-02-18 08:20:00,2096.75,2097.5,2096.25,2097.0,1465.0
2015-02-18 08:25:00,2097.0,2097.0,2096.0,2096.0,510.0
2015-02-18 08:30:00,2096.25,2096.5,2095.75,2096.25,949.0
2015-02-18 08:35:00,2096.0,2096.25,2095.5,2096.25,1534.0
2015-02-18 08:40:00,2096.25,2097.0,2096.25,2096.75,865.0
2015-02-18 08:45:00,2096.5,2097.75,2096.5,2097.0,1070.0
2015-02-18 08:50:00,2097.0,2097.0,2096.5,2097.0,387.0
2015-02-18 08:55:00,2097.0,2097.25,2096.75,2096.75,633.0
2015-02-18 09:00:00,2096.75,2097.5,2096.75,2097.25,834.0
2015-02-18 09:05:00,2097.0,2098.0,2097.0,2097.5,1235.0
2015-02-18 09:10:00,2097.5,2097.75,2097.0,2097.75,1291.0
2015-02-18 09:15:00,2097.5,2098.0,2097.25,2097.5,1432.0
2015-02-18 09:20:00,2097.25,2098.0,2097.25,2097.5,1166.0
2015-02-18 09:25:00,2097.25,2097.5,2097.0,2097.0,554.0
2015-02-18 09:30:00,2097.25,2097.5,2096.25,2096.25,1439.0
2015-02-18 09:35:00,2096.25,2097.25,2096.25,2096.5,970.0
2015-02-18 09:40:00,2096.75,2096.75,2096.25,2096.75,821.0
2015-02-18 09:45:00,2096.5,2096.5,2096.25,2096.25,374.0
2015-02-18 09:50:00,2096.25,2096.5,2096.0,2096.25,828.0
2015-02-18 09:55:00,2096.0,2096.5,2096.0,2096.5,457.0
2015-02-18 10:00:00,2096.25,2096.5,2095.5,2096.0,1276.0
2015-02-18 10:05:00,2095.75,2096.0,2095.25,2095.75,1020.0
2015-02-18 10:10:00,2095.5,2095.75,2095.0,2095.25,986.0
2015-02-18 10:15:00,2095.0,2095.5,2094.25,2094.5,1755.0
2015-02-18 10:20:00,2094.25,2094.5,2093.5,2094.25,3441.0
2015-02-18 10:25:00,2094.25,2094.75,2094.0,2094.5,375.0
2015-02-18 10:30:00,2094.75,2095.5,2094.25,2095.25,914.0
2015-02-18 10:35:00,2095.25,2095.25,2094.5,2094.5,452.0
2015-02-18 10:40:00,2094.5,2094.5,2094.25,2094.25,476.0
2015-02-18 10:45:00,2094.5,2095.0,2094.25,2094.25,825.0
2015-02-18 10:50:00,2094.5,2094.5,2094.0,2094.5,497.0
2015-02-18 10:55:00,2094.25,2095.0,2094.25,2094.75,431.0
2015-02-18 11:00:00,2094.75,2095.25,2094.75,2095.0,366.0
2015-02-18 11:05:00,2095.25,2095.75,2095.25,2095.5,422.0
2015-02-18 11:10:00,2095.75,2095.75,2095.25,2095.5,622.0
2015-02-18 11:15:00,2095.5,2096.25,2095.25,2095.25,960.0
2015-02-18 11:20:00,2095.5,2095.75,2095.25,2095.5,511.0
2015-02-18 11:25:00,2095.5,2095.75,2095.0,2095.25,603.0
2015-02-18 11:30:00,2095.0,2095.25,2094.25,2094.75,868.0
2015-02-18 11:35:00,2094.75,2094.75,2094.25,2094.5,405.0
2015-02-18 11:40:00,2094.5,2094.75,2094.25,2094.5,410.0
2015-02-18 11:45:00,2094.75,2094.75,2094.25,2094.5,228.0
2015-02-18 11:50:00,2094.5,2095.0,2094.5,2094.75,224.0
2015-02-18 11:55:00,2094.75,2095.25,2094.5,2095.25,602.0
2015-02-18 12:00:00,2095.25,2096.25,2095.0,2095.5,1477.0
2015-02-18 12:05:00,2095.5,2095.75,2095.25,2095.5,815.0
2015-02-18 12:10:00,2095.5,2095.5,2095.25,2095.5,142.0
2015-02-18 12:15:00,2095.5,2096.0,2095.25,2095.5,546.0
2015-02-18 12:20:00,2095.25,2095.5,2094.75,2095.0,1294.0
2015-02-18 12:25:00,2095.0,2095.5,2094.5,2095.0,1284.0
2015-02-18 12:30:00,2095.0,2095.0,2094.25,2094.5,786.0
2015-02-18 12:35:00,2094.5,2094.75,2094.25,2094.5,1173.0
2015-02-18 12:40:00,2094.25,2094.5,2093.75,2094.5,1138.0
2015-02-18 12:45:00,2094.25,2095.0,2094.0,2094.0,1077.0
2015-02-18 12:50:00,2094.25,2094.5,2093.5,2094.0,2146.0
2015-02-18 12:55:00,2094.0,2095.0,2094.0,2094.75,1455.0
2015-02-18 13:00:00,2095.0,2095.0,2094.0,2094.25,1335.0
2015-02-18 13:05:00,2094.0,2095.0,2094.0,2094.5,1077.0
2015-02-18 13:10:00,2094.5,2094.75,2093.75,2094.0,1064.0
2015-02-18 13:15:00,2094.0,2094.25,2093.5,2094.0,1227.0
2015-02-18 13:20:00,2094.0,2094.25,2093.0,2093.5,1715.0
2015-02-18 13:25:00,2093.5,2093.5,2092.75,2093.25,2086.0
2015-02-18 13:30:00,2093.25,2093.75,2093.0,2093.5,1576.0
2015-02-18 13:35:00,2093.75,2094.25,2093.5,2094.0,1728.0
2015-02-18 13:40:00,2094.0,2094.25,2093.0,2093.25,1637.0
2015-02-18 13:45:00,2093.25,2093.5,2093.0,2093.5,1129.0
2015-02-18 13:50:00,2093.5,2093.5,2092.75,2093.0,1216.0
2015-02-18 13:55:00,2093.0,2093.25,2092.25,2092.75,2065.0
2015-02-18 14:00:00,2092.5,2092.75,2091.75,2091.75,2968.0
2015-02-18 14:05:00,2091.75,2092.0,2091.5,2091.75,2386.0
2015-02-18 14:10:00,2091.75,2092.0,2091.0,2091.5,3662.0
2015-02-18 14:15:00,2091.5,2091.75,2091.25,2091.75,2010.0
2015-02-18 14:20:00,2091.75,2091.75,2090.5,2090.5,6314.0
2015-02-18 14:25:00,2090.75,2091.75,2090.0,2091.25,4892.0
2015-02-18 14:30:00,2091.25,2092.0,2090.0,2090.75,29820.0
2015-02-18 14:35:00,2090.75,2094.0,2090.75,2093.25,37220.0
2015-02-18 14:40:00,2093.5,2094.5,2092.75,2093.5,27591.0
2015-02-18 14:45:00,2093.5,2094.25,2092.5,2093.25,17997.0
2015-02-18 14:50:00,2093.25,2094.0,2092.5,2093.25,11781.0
2015-02-18 14:55:00,2093.0,2093.0,2091.0,2092.25,19945.0
2015-02-18 15:00:00,2092.25,2092.75,2090.75,2091.75,22047.0
2015-02-18 15:05:00,2091.75,2093.0,2091.25,2092.5,12365.0
2015-02-18 15:10:00,2092.5,2093.5,2090.25,2091.0,19916.0
2015-02-18 15:15:00,2090.75,2091.5,2090.25,2091.0,11729.0
2015-02-18 15:20:00,2091.25,2091.5,2088.5,2089.25,21543.0
2015-02-18 15:25:00,2089.25,2090.0,2089.0,2089.5,12140.0
2015-02-18 15:30:00,2089.75,2091.75,2089.0,2091.5,16857.0
2015-02-18 15:35:00,2091.75,2092.25,2091.0,2091.75,10401.0
2015-02-18 15:40:00,2091.75,2093.0,2091.5,2093.0,19214.0
2015-02-18 15:45:00,2093.0,2093.5,2092.5,2092.75,14262.0
2015-02-18 15:50:00,2092.75,2093.5,2092.25,2092.5,10959.0
2015-02-18 15:55:00,2092.75,2093.25,2091.75,2092.5,13352.0
2015-02-18 16:00:00,2092.5,2093.0,2091.75,2091.75,12504.0
2015-02-18 16:05:00,2091.75,2092.5,2091.5,2091.75,12658.0
2015-02-18 16:10:00,2091.75,2092.25,2091.25,2092.0,9573.0
2015-02-18 16:15:00,2091.75,2092.75,2091.5,2092.0,10896.0
2015-02-18 16:20:00,2092.25,2092.5,2091.75,2092.0,6637.0
2015-02-18 16:25:00,2092.25,2094.0,2092.0,2093.75,14174.0
2015-02-18 16:30:00,2093.75,2094.25,2093.0,2093.75,14599.0
2015-02-18 16:35:00,2093.75,2093.75,2093.0,2093.25,7942.0
2015-02-18 16:40:00,2093.5,2094.0,2092.25,2092.5,10728.0
2015-02-18 16:45:00,2092.5,2093.25,2092.0,2092.5,12632.0
2015-02-18 16:50:00,2092.75,2093.0,2092.25,2093.0,4929.0
2015-02-18 16:55:00,2092.75,2093.5,2092.5,2092.75,6775.0
2015-02-18 17:00:00,2092.5,2093.25,2092.25,2093.0,5554.0
2015-02-18 17:05:00,2093.0,2093.75,2092.75,2093.0,7926.0
2015-02-18 17:10:00,2093.0,2093.25,2092.5,2093.0,5453.0
2015-02-18 17:15:00,2092.75,2093.25,2092.5,2093.25,3056.0
2015-02-18 17:20:00,2093.25,2093.25,2092.75,2093.25,2796.0
2015-02-18 17:25:00,2093.25,2093.25,2092.5,2093.0,4980.0
2015-02-18 17:30:00,2093.0,2093.5,2092.5,2092.75,6975.0
2015-02-18 17:35:00,2092.75,2093.0,2090.75,2091.25,9377.0
2015-02-18 17:40:00,2091.0,2091.75,2090.0,2090.75,10001.0
2015-02-18 17:45:00,2090.75,2091.5,2090.25,2091.0,6281.0
2015-02-18 17:50:00,2091.0,2091.25,2090.5,2090.75,5319.0
2015-02-18 17:55:00,2090.75,2090.75,2089.75,2090.0,5515.0
2015-02-18 18:00:00,2090.25,2091.5,2090.0,2091.25,5121.0
2015-02-18 18:05:00,2091.25,2091.75,2090.75,2091.0,5646.0
2015-02-18 18:10:00,2090.75,2091.5,2090.75,2091.0,4512.0
2015-02-18 18:15:00,2091.25,2091.5,2090.25,2091.25,6695.0
2015-02-18 18:20:00,2091.0,2091.25,2089.75,2090.0,5380.0
2015-02-18 18:25:00,2090.0,2090.5,2089.5,2090.25,4388.0
2015-02-18 18:30:00,2090.25,2091.5,2090.0,2091.0,6014.0
2015-02-18 18:35:00,2091.0,2091.5,2090.0,2090.75,6919.0
2015-02-18 18:40:00,2090.75,2091.5,2090.5,2091.0,4016.0
2015-02-18 18:45:00,2090.75,2092.25,2090.25,2091.5,9089.0
2015-02-18 18:50:00,2091.5,2092.5,2090.5,2092.0,9416.0
2015-02-18 18:55:00,2092.0,2092.0,2091.0,2091.5,5812.0
2015-02-18 19:00:00,2091.25,2096.75,2090.75,2094.5,39782.0
2015-02-18 19:05:00,2094.5,2096.75,2094.0,2096.5,20008.0
2015-02-18 19:10:00,2096.5,2097.0,2094.5,2095.75,16190.0
2015-02-18 19:15:00,2095.75,2096.25,2094.0,2094.25,9860.0
2015-02-18 19:20:00,2094.0,2095.25,2093.0,2094.25,10917.0
2015-02-18 19:25:00,2094.0,2094.5,2090.75,2091.75,11353.0
2015-02-18 19:30:00,2091.75,2092.75,2091.25,2092.5,9640.0
2015-02-18 19:35:00,2092.5,2093.0,2091.75,2092.5,5339.0
2015-02-18 19:40:00,2092.5,2093.0,2091.75,2093.0,5245.0
2015-02-18 19:45:00,2093.0,2094.25,2092.75,2093.25,8313.0
2015-02-18 19:50:00,2093.5,2093.5,2092.5,2093.5,8877.0
2015-02-18 19:55:00,2093.75,2093.75,2092.25,2093.5,6726.0
2015-02-18 20:00:00,2093.75,2095.75,2093.25,2095.25,11284.0
2015-02-18 20:05:00,2095.25,2097.25,2095.0,2097.0,10331.0
2015-02-18 20:10:00,2097.25,2097.25,2095.5,2095.5,9483.0
2015-02-18 20:15:00,2095.75,2097.0,2095.25,2096.5,15853.0
2015-02-18 20:20:00,2096.5,2097.5,2096.0,2096.25,10923.0
2015-02-18 20:25:00,2096.25,2097.0,2096.0,2096.75,5422.0
2015-02-18 20:30:00,2096.5,2096.75,2095.0,2096.5,10368.0
2015-02-18 20:35:00,2096.5,2096.75,2094.75,2095.5,13249.0
2015-02-18 20:40:00,2095.5,2095.75,2094.25,2095.25,9509.0
2015-02-18 20:45:00,2095.25,2095.5,2093.75,2094.0,15179.0
2015-02-18 20:50:00,2094.0,2095.0,2093.75,2094.25,10165.0
2015-02-18 20:55:00,2094.5,2096.25,2094.25,2096.25,11593.0
2015-02-18 21:00:00,2096.25,2097.0,2095.0,2095.5,59545.0
2015-02-18 21:05:00,2095.25,2096.0,2095.25,2095.5,5499.0
2015-02-18 21:10:00,2095.5,2095.75,2094.75,2095.0,8419.0
2015-02-18 21:15:00,2095.25,2095.5,2095.0,2095.5,3463.0
2015-02-18 21:30:00,2095.75,2095.75,2095.0,2095.5,1833.0
2015-02-18 21:35:00,2095.5,2095.75,2095.25,2095.25,950.0
2015-02-18 21:40:00,2095.25,2095.25,2094.75,2095.0,834.0
2015-02-18 21:45:00,2095.0,2095.5,2095.0,2095.5,326.0
2015-02-18 21:50:00,2095.25,2095.75,2095.25,2095.75,296.0
2015-02-18 21:55:00,2095.5,2095.75,2095.25,2095.5,259.0
2015-02-18 22:00:00,2095.25,2095.5,2095.25,2095.25,477.0
2015-02-18 22:05:00,2095.25,2095.5,2095.25,2095.25,110.0
2015-02-18 22:10:00,2095.25,2095.5,2095.25,2095.25,423.0
2015-02-18 22:15:00,2095.5,2095.75,2095.25,2095.5,782.0
2015-02-18 23:00:00,2095.25,2095.5,2095.0,2095.25,514.0
2015-02-18 23:05:00,2095.25,2095.5,2094.75,2094.75,624.0
2015-02-18 23:10:00,2095.0,2095.25,2094.75,2095.0,324.0
2015-02-18 23:15:00,2095.0,2095.25,2094.75,2094.75,144.0
2015-02-18 23:20:00,2094.75,2095.0,2094.75,2094.75,16.0
2015-02-18 23:25:00,2094.75,2095.0,2094.75,2095.0,311.0
2015-02-18 23:30:00,2094.75,2095.0,2094.75,2095.0,30.0
2015-02-18 23:35:00,2095.0,2095.0,2094.5,2094.5,134.0
2015-02-18 23:40:00,2094.5,2094.75,2094.5,2094.75,30.0
2015-02-18 23:45:00,2094.75,2095.0,2094.5,2095.0,218.0
2015-02-18 23:50:00,2094.75,2095.0,2094.75,2094.75,35.0
2015-02-18 23:55:00,2094.75,2095.0,2094.75,2094.75,35.0
2015-02-19 00:00:00,2094.75,2094.75,2093.75,2094.25,1431.0
2015-02-19 00:05:00,2094.0,2094.5,2093.75,2093.75,1203.0
2015-02-19 00:10:00,2094.0,2094.0,2093.5,2093.75,792.0
2015-02-19 00:15:00,2093.75,2094.0,2093.75,2094.0,142.0
2015-02-19 00:20:00,2093.75,2094.0,2093.75,2093.75,99.0
2015-02-19 00:25:00,2093.75,2094.0,2093.75,2093.75,82.0
2015-02-19 00:30:00,2093.75,2094.0,2093.75,2093.75,26.0
2015-02-19 00:35:00,2094.0,2094.0,2093.75,2093.75,64.0
2015-02-19 00:40:00,2094.0,2094.0,2093.75,2093.75,57.0
2015-02-19 00:45:00,2093.75,2094.0,2093.75,2093.75,32.0
2015-02-19 00:50:00,2094.0,2094.0,2093.75,2094.0,560.0
2015-02-19 00:55:00,2094.0,2094.25,2094.0,2094.0,20.0
2015-02-19 01:00:00,2094.25,2094.25,2093.75,2093.75,172.0
2015-02-19 01:05:00,2093.75,2094.0,2093.5,2093.75,125.0
2015-02-19 01:10:00,2093.75,2093.75,2093.5,2093.5,27.0
2015-02-19 01:15:00,2093.75,2094.0,2093.75,2094.0,108.0
2015-02-19 01:20:00,2093.75,2094.0,2093.75,2094.0,20.0
2015-02-19 01:25:00,2093.75,2094.0,2093.5,2093.5,510.0
2015-02-19 01:30:00,2093.5,2093.5,2093.25,2093.5,319.0
2015-02-19 01:35:00,2093.5,2093.75,2093.25,2093.75,180.0
2015-02-19 01:40:00,2093.75,2093.75,2093.5,2093.5,94.0
2015-02-19 01:45:00,2093.5,2093.5,2093.25,2093.5,31.0
2015-02-19 01:50:00,2093.25,2093.5,2093.25,2093.5,41.0
2015-02-19 01:55:00,2093.25,2093.5,2093.25,2093.25,27.0
2015-02-19 02:00:00,2093.25,2093.5,2093.25,2093.25,30.0
2015-02-19 02:05:00,2093.5,2093.5,2093.25,2093.5,44.0
2015-02-19 02:10:00,2093.25,2093.75,2093.25,2093.75,205.0
2015-02-19 02:15:00,2093.75,2093.75,2093.5,2093.75,17.0
2015-02-19 02:20:00,2093.75,2094.0,2093.5,2094.0,211.0
2015-02-19 02:25:00,2094.0,2094.0,2093.75,2094.0,56.0
2015-02-19 02:30:00,2094.0,2094.25,2093.75,2094.0,262.0
2015-02-19 02:35:00,2094.0,2094.0,2093.75,2093.75,12.0
2015-02-19 02:40:00,2093.75,2094.0,2093.75,2094.0,163.0
2015-02-19 02:45:00,2094.25,2094.25,2094.0,2094.0,328.0
2015-02-19 02:50:00,2094.0,2094.25,2094.0,2094.0,44.0
2015-02-19 02:55:00,2094.0,2094.5,2094.0,2094.25,149.0
2015-02-19 03:00:00,2094.25,2094.5,2094.25,2094.5,72.0
2015-02-19 03:05:00,2094.5,2094.5,2094.25,2094.25,131.0
2015-02-19 03:10:00,2094.25,2094.25,2094.0,2094.25,156.0
2015-02-19 03:15:00,2094.25,2094.5,2094.25,2094.25,10.0
2015-02-19 03:20:00,2094.25,2094.5,2094.25,2094.5,73.0
2015-02-19 03:25:00,2094.5,2094.5,2094.0,2094.0,115.0
2015-02-19 03:30:00,2094.0,2094.25,2094.0,2094.25,28.0
2015-02-19 03:35:00,2094.0,2094.25,2094.0,2094.0,59.0
2015-02-19 03:40:00,2094.0,2094.0,2093.75,2093.75,25.0
2015-02-19 03:45:00,2093.75,2094.0,2093.75,2094.0,51.0
2015-02-19 03:50:00,2093.75,2094.0,2093.75,2093.75,11.0
2015-02-19 03:55:00,2093.75,2094.25,2093.75,2094.25,110.0
2015-02-19 04:00:00,2094.0,2094.25,2094.0,2094.0,53.0
2015-02-19 04:05:00,2094.25,2094.25,2094.0,2094.0,10.0
2015-02-19 04:10:00,2094.25,2094.25,2094.0,2094.0,19.0
2015-02-19 04:15:00,2094.25,2094.25,2094.0,2094.0,14.0
2015-02-19 04:20:00,2094.25,2094.25,2094.0,2094.0,2.0
2015-02-19 04:25:00,2094.25,2094.25,2094.0,2094.25,61.0
2015-02-19 04:30:00,2094.25,2094.25,2094.25,2094.25,77.0
2015-02-19 04:35:00,2094.25,2094.25,2094.25,2094.25,46.0
2015-02-19 04:40:00,2094.25,2094.25,2094.0,2094.25,41.0
2015-02-19 04:45:00,2094.25,2094.5,2094.0,2094.25,70.0
2015-02-19 04:50:00,2094.25,2094.5,2094.0,2094.25,36.0
2015-02-19 04:55:00,2094.5,2094.5,2094.0,2094.0,16.0
2015-02-19 05:00:00,2094.0,2094.5,2094.0,2094.25,34.0
2015-02-19 05:05:00,2094.0,2094.25,2094.0,2094.0,55.0
2015-02-19 05:10:00,2094.0,2094.5,2094.0,2094.25,48.0
2015-02-19 05:15:00,2094.25,2094.5,2094.25,2094.25,170.0
2015-02-19 05:20:00,2094.25,2094.5,2094.25,2094.5,72.0
2015-02-19 05:25:00,2094.5,2094.5,2094.25,2094.25,54.0
2015-02-19 05:30:00,2094.5,2094.5,2094.25,2094.25,17.0
2015-02-19 05:35:00,2094.5,2094.5,2094.0,2094.25,75.0
2015-02-19 05:40:00,2094.25,2094.25,2094.0,2094.0,15.0
2015-02-19 05:45:00,2094.25,2094.5,2094.0,2094.5,74.0
2015-02-19 05:50:00,2094.25,2094.5,2094.25,2094.25,9.0
2015-02-19 05:55:00,2094.25,2094.5,2094.25,2094.25,18.0
2015-02-19 06:00:00,2094.5,2094.5,2094.25,2094.25,55.0
2015-02-19 06:05:00,2094.25,2094.5,2094.0,2094.0,84.0
2015-02-19 06:10:00,2094.0,2094.5,2094.0,2094.25,152.0
2015-02-19 06:15:00,2094.25,2094.5,2094.0,2094.25,40.0
2015-02-19 06:20:00,2094.25,2094.5,2094.0,2094.5,403.0
2015-02-19 06:25:00,2094.25,2094.25,2093.75,2093.75,139.0
2015-02-19 06:30:00,2093.75,2093.75,2093.5,2093.5,137.0
2015-02-19 06:35:00,2093.5,2094.0,2093.5,2094.0,92.0
2015-02-19 06:40:00,2093.75,2094.0,2093.75,2093.75,24.0
2015-02-19 06:45:00,2093.75,2094.0,2093.75,2094.0,8.0
2015-02-19 06:50:00,2093.75,2094.0,2093.75,2093.75,21.0
2015-02-19 06:55:00,2094.0,2094.0,2093.75,2094.0,123.0
2015-02-19 07:00:00,2093.75,2094.0,2093.75,2093.75,428.0
2015-02-19 07:05:00,2093.75,2094.0,2093.5,2093.5,145.0
2015-02-19 07:10:00,2093.5,2094.0,2093.5,2093.5,343.0
2015-02-19 07:15:00,2093.5,2093.75,2093.25,2093.5,159.0
2015-02-19 07:20:00,2093.75,2093.75,2093.5,2093.75,37.0
2015-02-19 07:25:00,2093.75,2093.75,2093.5,2093.75,213.0
2015-02-19 07:30:00,2093.75,2093.75,2092.5,2092.5,877.0
2015-02-19 07:35:00,2092.5,2092.75,2092.25,2092.5,596.0
2015-02-19 07:40:00,2092.25,2092.5,2090.0,2091.0,4694.0
2015-02-19 07:45:00,2091.0,2091.5,2090.5,2091.25,641.0
2015-02-19 07:50:00,2091.0,2091.5,2090.75,2091.0,782.0
2015-02-19 07:55:00,2091.0,2091.25,2090.5,2090.5,564.0
2015-02-19 08:00:00,2090.5,2090.75,2089.5,2089.75,2243.0
2015-02-19 08:05:00,2089.75,2090.25,2089.5,2090.0,1301.0
2015-02-19 08:10:00,2090.25,2090.75,2089.75,2090.25,1781.0
2015-02-19 08:15:00,2090.25,2090.25,2089.25,2090.0,1081.0
2015-02-19 08:20:00,2090.0,2090.0,2089.25,2089.25,974.0
2015-02-19 08:25:00,2089.25,2089.5,2088.25,2089.0,2377.0
2015-02-19 08:30:00,2089.0,2090.0,2088.5,2089.5,1326.0
2015-02-19 08:35:00,2089.5,2089.5,2088.25,2088.75,1114.0
2015-02-19 08:40:00,2089.0,2089.25,2087.25,2088.5,2317.0
2015-02-19 08:45:00,2088.5,2089.75,2088.25,2089.25,1332.0
2015-02-19 08:50:00,2089.0,2089.75,2089.0,2089.5,709.0
2015-02-19 08:55:00,2089.5,2091.25,2089.5,2091.0,1374.0
2015-02-19 09:00:00,2091.0,2091.0,2090.25,2090.75,1276.0
2015-02-19 09:05:00,2090.75,2092.25,2090.75,2091.25,2621.0
2015-02-19 09:10:00,2091.25,2092.0,2091.0,2091.25,1104.0
2015-02-19 09:15:00,2091.0,2091.5,2091.0,2091.25,844.0
2015-02-19 09:20:00,2091.25,2091.5,2091.0,2091.5,830.0
2015-02-19 09:25:00,2091.25,2092.5,2091.25,2092.25,1822.0
2015-02-19 09:30:00,2092.25,2092.5,2091.5,2091.5,1140.0
2015-02-19 09:35:00,2091.5,2092.0,2091.5,2092.0,505.0
2015-02-19 09:40:00,2092.0,2092.0,2091.75,2091.75,168.0
2015-02-19 09:45:00,2091.75,2092.5,2091.75,2092.25,302.0
2015-02-19 09:50:00,2092.5,2092.5,2091.75,2092.25,478.0
2015-02-19 09:55:00,2092.0,2092.0,2091.25,2092.0,750.0
2015-02-19 10:00:00,2091.75,2093.75,2091.25,2092.5,3320.0
2015-02-19 10:05:00,2092.75,2092.75,2092.0,2092.5,772.0
2015-02-19 10:10:00,2092.5,2093.0,2092.25,2092.75,612.0
2015-02-19 10:15:00,2092.75,2093.0,2092.5,2092.75,408.0
2015-02-19 10:20:00,2092.5,2092.5,2091.75,2091.75,573.0
2015-02-19 10:25:00,2091.75,2091.75,2090.75,2091.0,930.0
2015-02-19 10:30:00,2091.25,2091.75,2091.0,2091.5,379.0
2015-02-19 10:35:00,2091.5,2092.25,2091.5,2091.75,518.0
2015-02-19 10:40:00,2091.75,2092.0,2091.5,2091.75,472.0
2015-02-19 10:45:00,2091.75,2092.5,2091.75,2092.5,356.0
2015-02-19 10:50:00,2092.75,2093.0,2092.25,2093.0,1057.0
2015-02-19 10:55:00,2093.0,2093.25,2092.75,2092.75,569.0
2015-02-19 11:00:00,2093.0,2093.0,2092.5,2093.0,661.0
2015-02-19 11:05:00,2093.0,2093.0,2092.25,2092.5,653.0
2015-02-19 11:10:00,2092.75,2092.75,2092.0,2092.75,579.0
2015-02-19 11:15:00,2092.75,2093.0,2092.0,2092.0,1390.0
2015-02-19 11:20:00,2092.25,2093.5,2092.0,2093.25,1801.0
2015-02-19 11:25:00,2093.25,2093.25,2092.5,2093.0,1309.0
2015-02-19 11:30:00,2093.0,2093.5,2092.75,2093.0,536.0
2015-02-19 11:35:00,2093.0,2093.5,2092.5,2092.75,1068.0
2015-02-19 11:40:00,2093.0,2093.5,2093.0,2093.25,744.0
2015-02-19 11:45:00,2093.25,2093.75,2093.0,2093.5,1134.0
2015-02-19 11:50:00,2093.5,2094.25,2093.5,2094.0,1447.0
2015-02-19 11:55:00,2094.0,2095.75,2093.75,2095.0,3161.0
2015-02-19 12:00:00,2095.0,2096.75,2095.0,2096.5,3082.0
2015-02-19 12:05:00,2096.5,2098.25,2096.25,2098.25,4741.0
2015-02-19 12:10:00,2098.25,2099.5,2094.5,2095.5,11829.0
2015-02-19 12:15:00,2095.75,2096.75,2092.0,2093.25,9783.0
2015-02-19 12:20:00,2093.25,2094.0,2091.5,2091.75,3795.0
2015-02-19 12:25:00,2092.0,2092.25,2090.0,2091.5,4316.0
2015-02-19 12:30:00,2091.75,2092.5,2090.0,2092.25,3149.0
2015-02-19 12:35:00,2092.25,2094.0,2092.25,2093.5,4278.0
2015-02-19 12:40:00,2093.25,2094.0,2093.0,2093.25,853.0
2015-02-19 12:45:00,2093.25,2094.0,2092.25,2092.5,1094.0
2015-02-19 12:50:00,2092.5,2092.75,2091.75,2092.75,861.0
2015-02-19 12:55:00,2092.5,2093.0,2092.25,2092.5,678.0
2015-02-19 13:00:00,2092.25,2092.75,2091.5,2092.75,1210.0
2015-02-19 13:05:00,2092.5,2093.0,2092.0,2092.75,1023.0
2015-02-19 13:10:00,2092.5,2092.75,2091.25,2091.75,1144.0
2015-02-19 13:15:00,2091.75,2092.25,2091.0,2091.25,1171.0
2015-02-19 13:20:00,2091.25,2092.25,2091.25,2092.25,969.0
2015-02-19 13:25:00,2092.0,2092.5,2091.25,2091.75,1070.0
2015-02-19 13:30:00,2091.75,2092.75,2091.5,2092.5,2576.0
2015-02-19 13:35:00,2092.25,2093.25,2092.25,2093.0,1736.0
2015-02-19 13:40:00,2093.0,2093.0,2092.0,2092.5,3589.0
2015-02-19 13:45:00,2092.5,2093.0,2091.25,2092.0,3004.0
2015-02-19 13:50:00,2092.0,2092.25,2091.0,2091.25,995.0
2015-02-19 13:55:00,2091.25,2091.5,2090.25,2090.75,2343.0
2015-02-19 14:00:00,2090.5,2091.25,2090.25,2090.25,1595.0
2015-02-19 14:05:00,2090.25,2090.5,2088.5,2089.25,5219.0
2015-02-19 14:10:00,2089.0,2089.75,2088.25,2089.25,3340.0
2015-02-19 14:15:00,2089.0,2089.5,2088.75,2089.5,2482.0
2015-02-19 14:20:00,2089.25,2090.0,2089.0,2089.75,2854.0
2015-02-19 14:25:00,2089.75,2090.0,2089.0,2089.25,3801.0
2015-02-19 14:30:00,2089.0,2090.75,2088.5,2089.5,33268.0
2015-02-19 14:35:00,2089.75,2089.75,2087.5,2088.75,25388.0
2015-02-19 14:40:00,2088.75,2091.5,2088.0,2091.25,24644.0
2015-02-19 14:45:00,2091.5,2091.75,2089.5,2090.5,31023.0
2015-02-19 14:50:00,2090.5,2091.0,2089.75,2090.75,11803.0
2015-02-19 14:55:00,2090.75,2091.75,2090.25,2091.5,9643.0
2015-02-19 15:00:00,2091.25,2091.5,2089.0,2091.25,19751.0
2015-02-19 15:05:00,2091.25,2092.75,2090.75,2092.5,19784.0
2015-02-19 15:10:00,2092.25,2093.0,2091.75,2093.0,14931.0
2015-02-19 15:15:00,2093.0,2093.75,2092.75,2093.75,10733.0
2015-02-19 15:20:00,2093.5,2094.5,2093.5,2094.0,14096.0
2015-02-19 15:25:00,2094.0,2095.5,2093.75,2094.75,13400.0
2015-02-19 15:30:00,2094.75,2095.25,2094.25,2094.5,11019.0
2015-02-19 15:35:00,2094.75,2095.75,2094.0,2095.75,9342.0
2015-02-19 15:40:00,2095.5,2096.0,2094.75,2096.0,10824.0
2015-02-19 15:45:00,2096.0,2096.25,2094.5,2095.0,20756.0
2015-02-19 15:50:00,2095.0,2095.5,2094.5,2095.25,12007.0
2015-02-19 15:55:00,2095.25,2095.75,2094.5,2095.25,10651.0
2015-02-19 16:00:00,2095.0,2096.0,2094.5,2094.75,15617.0
2015-02-19 16:05:00,2094.75,2095.0,2094.0,2094.5,10880.0
2015-02-19 16:10:00,2094.5,2095.25,2094.0,2095.0,9970.0
2015-02-19 16:15:00,2094.75,2095.5,2094.5,2095.25,10274.0
2015-02-19 16:20:00,2095.25,2097.5,2095.25,2097.0,16057.0
2015-02-19 16:25:00,2097.0,2097.75,2096.5,2096.75,14706.0
2015-02-19 16:30:00,2096.75,2097.75,2096.75,2097.0,12438.0
2015-02-19 16:35:00,2097.0,2098.0,2097.0,2097.5,14339.0
2015-02-19 16:40:00,2097.25,2098.5,2097.0,2098.0,12663.0
2015-02-19 16:45:00,2097.75,2099.5,2097.75,2098.5,15584.0
2015-02-19 16:50:00,2098.5,2098.75,2097.5,2097.5,7203.0
2015-02-19 16:55:00,2097.5,2098.75,2097.5,2098.0,10675.0
2015-02-19 17:00:00,2098.0,2099.0,2097.5,2097.75,11878.0
2015-02-19 17:05:00,2097.5,2097.75,2096.75,2097.5,9742.0
2015-02-19 17:10:00,2097.5,2097.75,2097.0,2097.5,6437.0
2015-02-19 17:15:00,2097.25,2097.75,2096.5,2096.75,8319.0
2015-02-19 17:20:00,2096.5,2097.25,2096.0,2096.0,6753.0
2015-02-19 17:25:00,2096.0,2096.25,2095.5,2096.25,8986.0
2015-02-19 17:30:00,2096.25,2096.25,2095.25,2095.75,9340.0
2015-02-19 17:35:00,2095.5,2095.75,2091.5,2093.0,26415.0
2015-02-19 17:40:00,2092.75,2093.75,2092.75,2093.5,9112.0
2015-02-19 17:45:00,2093.5,2094.0,2093.25,2093.75,5310.0
2015-02-19 17:50:00,2093.5,2094.25,2093.25,2093.75,5342.0
2015-02-19 17:55:00,2093.75,2094.25,2092.75,2094.0,8215.0
2015-02-19 18:00:00,2094.0,2094.5,2092.75,2093.25,12393.0
2015-02-19 18:05:00,2093.0,2094.0,2092.5,2093.75,8514.0
2015-02-19 18:10:00,2093.5,2093.5,2092.5,2093.25,8316.0
2015-02-19 18:15:00,2093.0,2093.25,2092.0,2092.25,9530.0
2015-02-19 18:20:00,2092.0,2095.0,2092.0,2092.75,18601.0
2015-02-19 18:25:00,2092.75,2093.75,2092.5,2093.0,11593.0
2015-02-19 18:30:00,2092.75,2093.5,2092.5,2093.25,6712.0
2015-02-19 18:35:00,2093.0,2094.0,2093.0,2093.75,5067.0
2015-02-19 18:40:00,2093.5,2094.25,2093.0,2093.0,10157.0
2015-02-19 18:45:00,2093.0,2094.25,2093.0,2094.0,11949.0
2015-02-19 18:50:00,2093.75,2095.0,2093.75,2094.75,13782.0
2015-02-19 18:55:00,2094.75,2096.0,2094.75,2095.5,10398.0
2015-02-19 19:00:00,2095.5,2096.75,2095.25,2096.0,10144.0
2015-02-19 19:05:00,2095.75,2096.5,2095.75,2096.0,4173.0
2015-02-19 19:10:00,2095.75,2096.25,2095.5,2095.75,3595.0
2015-02-19 19:15:00,2095.75,2096.25,2095.5,2095.75,5158.0
2015-02-19 19:20:00,2095.5,2096.25,2095.0,2095.5,6972.0
2015-02-19 19:25:00,2095.5,2095.75,2094.5,2095.25,6720.0
2015-02-19 19:30:00,2095.0,2095.5,2094.5,2095.5,5260.0
2015-02-19 19:35:00,2095.25,2095.75,2093.5,2093.75,9450.0
2015-02-19 19:40:00,2093.75,2094.75,2093.75,2094.75,7052.0
2015-02-19 19:45:00,2094.5,2095.75,2094.5,2095.0,10033.0
2015-02-19 19:50:00,2094.75,2095.75,2094.75,2095.5,6366.0
2015-02-19 19:55:00,2095.25,2096.0,2094.75,2095.75,6324.0
2015-02-19 20:00:00,2095.5,2096.75,2095.5,2096.25,4819.0
2015-02-19 20:05:00,2096.25,2097.5,2096.25,2097.0,11062.0
2015-02-19 20:10:00,2097.0,2097.25,2096.25,2096.5,5270.0
2015-02-19 20:15:00,2096.5,2096.75,2096.0,2096.25,4562.0
2015-02-19 20:20:00,2096.25,2097.0,2096.0,2096.5,4794.0
2015-02-19 20:25:00,2096.25,2096.75,2095.25,2095.75,6369.0
2015-02-19 20:30:00,2095.5,2096.25,2094.75,2096.0,11229.0
2015-02-19 20:35:00,2095.75,2096.5,2094.75,2095.0,13095.0
2015-02-19 20:40:00,2094.75,2095.5,2094.0,2094.5,9861.0
2015-02-19 20:45:00,2094.5,2094.75,2093.5,2093.75,9026.0
2015-02-19 20:50:00,2093.75,2094.0,2092.75,2093.25,17292.0
2015-02-19 20:55:00,2093.25,2094.25,2093.25,2093.75,20063.0
2015-02-19 21:00:00,2093.5,2096.25,2093.5,2095.75,48090.0
2015-02-19 21:05:00,2095.5,2096.0,2095.0,2095.5,6373.0
2015-02-19 21:10:00,2095.75,2096.0,2095.25,2096.0,4525.0
2015-02-19 21:15:00,2096.0,2096.0,2095.0,2095.25,5203.0
2015-02-19 21:30:00,2095.5,2096.0,2095.25,2096.0,1143.0
2015-02-19 21:35:00,2096.0,2096.0,2095.5,2095.75,1025.0
2015-02-19 21:40:00,2095.75,2096.25,2095.5,2096.0,648.0
2015-02-19 21:45:00,2096.0,2096.0,2095.5,2095.75,414.0
2015-02-19 21:50:00,2095.75,2096.25,2095.25,2096.0,879.0
2015-02-19 21:55:00,2096.25,2096.5,2096.0,2096.25,602.0
2015-02-19 22:00:00,2096.25,2096.5,2095.75,2095.75,396.0
2015-02-19 22:05:00,2095.75,2096.25,2095.75,2096.0,168.0
2015-02-19 22:10:00,2096.0,2096.25,2096.0,2096.0,444.0
2015-02-19 22:15:00,2096.0,2096.25,2095.5,2095.75,363.0
2015-02-19 23:00:00,2096.0,2096.0,2095.0,2095.0,1094.0
2015-02-19 23:05:00,2095.25,2095.25,2094.5,2094.75,614.0
2015-02-19 23:10:00,2094.75,2095.0,2094.5,2094.5,402.0
2015-02-19 23:15:00,2094.5,2095.25,2094.5,2095.25,210.0
2015-02-19 23:20:00,2095.25,2095.25,2095.0,2095.0,49.0
2015-02-19 23:25:00,2095.0,2095.0,2094.75,2095.0,61.0
2015-02-19 23:30:00,2095.0,2095.0,2094.75,2095.0,15.0
2015-02-19 23:35:00,2095.0,2095.0,2094.5,2094.5,120.0
2015-02-19 23:40:00,2094.75,2095.0,2094.75,2094.75,113.0
2015-02-19 23:45:00,2094.75,2094.75,2094.5,2094.75,70.0
2015-02-19 23:50:00,2094.75,2095.0,2094.5,2094.5,78.0
2015-02-19 23:55:00,2094.75,2094.75,2094.5,2094.75,121.0
2015-02-20 00:00:00,2094.75,2095.5,2094.75,2095.25,373.0
2015-02-20 00:05:00,2095.5,2095.5,2094.75,2095.0,330.0
2015-02-20 00:10:00,2095.0,2095.25,2095.0,2095.0,61.0
2015-02-20 00:15:00,2095.25,2095.25,2094.75,2094.75,54.0
2015-02-20 00:20:00,2094.75,2095.25,2094.75,2095.25,131.0
2015-02-20 00:25:00,2095.0,2095.0,2094.75,2094.75,156.0
2015-02-20 00:30:00,2094.75,2095.0,2094.25,2094.5,539.0
2015-02-20 00:35:00,2094.5,2094.5,2094.25,2094.5,147.0
2015-02-20 00:40:00,2094.25,2094.75,2094.25,2094.5,155.0
2015-02-20 00:45:00,2094.5,2094.75,2094.25,2094.5,103.0
2015-02-20 00:50:00,2094.75,2094.75,2094.5,2094.75,42.0
2015-02-20 00:55:00,2094.5,2095.0,2094.5,2095.0,154.0
2015-02-20 01:00:00,2095.0,2095.0,2094.75,2094.75,50.0
2015-02-20 01:05:00,2095.0,2095.25,2095.0,2095.25,111.0
2015-02-20 01:10:00,2095.0,2095.25,2095.0,2095.25,23.0
2015-02-20 01:15:00,2095.25,2095.25,2095.0,2095.25,32.0
2015-02-20 01:20:00,2095.25,2095.25,2095.0,2095.25,6.0
2015-02-20 01:25:00,2095.0,2095.0,2095.0,2095.0,25.0
2015-02-20 01:30:00,2095.0,2095.25,2095.0,2095.25,32.0
2015-02-20 01:35:00,2095.0,2095.75,2095.0,2095.75,282.0
2015-02-20 01:40:00,2095.75,2095.75,2095.5,2095.5,214.0
2015-02-20 01:45:00,2095.5,2096.0,2095.5,2095.75,157.0
2015-02-20 01:50:00,2095.75,2096.0,2095.5,2095.75,102.0
2015-02-20 01:55:00,2095.5,2095.75,2095.5,2095.5,36.0
2015-02-20 02:00:00,2095.5,2096.0,2095.5,2095.75,213.0
2015-02-20 02:05:00,2096.0,2096.0,2095.5,2095.75,74.0
2015-02-20 02:10:00,2095.75,2096.0,2095.75,2095.75,59.0
2015-02-20 02:15:00,2095.75,2096.0,2095.75,2095.75,57.0
2015-02-20 02:20:00,2095.75,2096.0,2095.0,2095.0,804.0
2015-02-20 02:25:00,2095.0,2095.25,2095.0,2095.0,55.0
2015-02-20 02:30:00,2095.0,2095.25,2095.0,2095.25,32.0
2015-02-20 02:35:00,2095.0,2095.5,2095.0,2095.25,97.0
2015-02-20 02:40:00,2095.25,2095.75,2095.25,2095.5,53.0
2015-02-20 02:45:00,2095.5,2095.5,2094.75,2094.75,198.0
2015-02-20 02:50:00,2094.75,2095.0,2094.75,2094.75,288.0
2015-02-20 02:55:00,2094.75,2094.75,2094.25,2094.25,324.0
2015-02-20 03:00:00,2094.5,2094.5,2094.25,2094.25,52.0
2015-02-20 03:05:00,2094.25,2094.75,2094.25,2094.5,91.0
2015-02-20 03:10:00,2094.75,2094.75,2094.25,2094.25,281.0
2015-02-20 03:15:00,2094.5,2094.5,2094.25,2094.5,221.0
2015-02-20 03:20:00,2094.5,2094.5,2094.25,2094.25,88.0
2015-02-20 03:25:00,2094.25,2094.25,2094.0,2094.25,109.0
2015-02-20 03:30:00,2094.25,2094.25,2094.0,2094.0,58.0
2015-02-20 03:35:00,2094.0,2094.25,2094.0,2094.25,34.0
2015-02-20 03:40:00,2094.25,2094.25,2093.75,2094.0,105.0
2015-02-20 03:45:00,2094.0,2094.25,2093.75,2094.25,99.0
2015-02-20 03:50:00,2094.25,2094.5,2094.25,2094.25,156.0
2015-02-20 03:55:00,2094.25,2094.25,2094.25,2094.25,54.0
2015-02-20 04:00:00,2094.5,2094.5,2094.0,2094.25,76.0
2015-02-20 04:05:00,2094.5,2094.5,2094.25,2094.25,41.0
2015-02-20 04:10:00,2094.5,2094.5,2094.25,2094.25,24.0
2015-02-20 04:15:00,2094.25,2094.5,2094.25,2094.25,21.0
2015-02-20 04:20:00,2094.5,2094.5,2094.5,2094.5,10.0
2015-02-20 04:25:00,2094.5,2094.5,2094.25,2094.5,18.0
2015-02-20 04:30:00,2094.5,2094.5,2094.25,2094.5,24.0
2015-02-20 04:35:00,2094.5,2094.5,2094.25,2094.5,8.0
2015-02-20 04:40:00,2094.5,2094.5,2094.25,2094.5,34.0
2015-02-20 04:45:00,2094.25,2094.5,2094.25,2094.25,4.0
2015-02-20 04:50:00,2094.5,2094.5,2094.25,2094.25,38.0
2015-02-20 04:55:00,2094.25,2094.5,2094.0,2094.25,93.0
2015-02-20 05:00:00,2094.25,2094.5,2094.25,2094.25,38.0
2015-02-20 05:05:00,2094.25,2094.5,2094.25,2094.5,182.0
2015-02-20 05:10:00,2094.25,2094.5,2094.25,2094.25,85.0
2015-02-20 05:15:00,2094.25,2094.5,2094.25,2094.5,35.0
2015-02-20 05:20:00,2094.25,2094.75,2094.25,2094.5,44.0
2015-02-20 05:25:00,2094.5,2094.75,2094.5,2094.5,37.0
2015-02-20 05:30:00,2094.5,2094.5,2094.25,2094.25,45.0
2015-02-20 05:35:00,2094.25,2094.5,2094.25,2094.25,126.0
2015-02-20 05:40:00,2094.5,2094.5,2094.25,2094.25,15.0
2015-02-20 05:45:00,2094.25,2094.5,2094.25,2094.25,25.0
2015-02-20 05:50:00,2094.25,2094.25,2094.0,2094.0,46.0
2015-02-20 05:55:00,2094.0,2094.25,2094.0,2094.25,83.0
2015-02-20 06:00:00,2094.0,2094.25,2094.0,2094.25,15.0
2015-02-20 06:05:00,2094.25,2094.25,2093.75,2094.25,120.0
2015-02-20 06:10:00,2094.25,2094.5,2093.75,2094.0,319.0
2015-02-20 06:15:00,2094.0,2094.25,2094.0,2094.25,87.0
2015-02-20 06:20:00,2094.25,2094.25,2094.0,2094.25,8.0
2015-02-20 06:25:00,2094.0,2094.25,2094.0,2094.0,89.0
2015-02-20 06:30:00,2094.0,2094.5,2094.0,2094.5,90.0
2015-02-20 06:35:00,2094.5,2094.5,2094.25,2094.5,6.0
2015-02-20 06:40:00,2094.5,2094.5,2094.25,2094.5,17.0
2015-02-20 06:45:00,2094.5,2094.75,2094.5,2094.75,126.0
2015-02-20 06:50:00,2094.75,2095.0,2094.75,2094.75,71.0
2015-02-20 06:55:00,2095.0,2095.25,2095.0,2095.0,111.0
2015-02-20 07:00:00,2095.0,2095.25,2094.25,2094.5,682.0
2015-02-20 07:05:00,2094.5,2094.5,2094.25,2094.5,292.0
2015-02-20 07:10:00,2094.25,2094.5,2094.0,2094.0,192.0
2015-02-20 07:15:00,2094.0,2094.5,2093.75,2094.0,395.0
2015-02-20 07:20:00,2094.0,2094.25,2093.5,2093.75,595.0
2015-02-20 07:25:00,2093.75,2093.75,2092.5,2093.0,946.0
2015-02-20 07:30:00,2093.0,2093.25,2092.75,2093.0,274.0
2015-02-20 07:35:00,2092.75,2093.0,2092.75,2093.0,296.0
2015-02-20 07:40:00,2092.75,2093.0,2092.75,2093.0,156.0
2015-02-20 07:45:00,2093.0,2093.25,2092.75,2093.25,509.0
2015-02-20 07:50:00,2093.25,2093.25,2093.0,2093.25,398.0
2015-02-20 07:55:00,2093.0,2093.25,2093.0,2093.25,255.0
2015-02-20 08:00:00,2093.25,2093.75,2092.75,2093.25,814.0
2015-02-20 08:05:00,2093.25,2094.75,2093.25,2094.25,1183.0
2015-02-20 08:10:00,2094.25,2094.25,2092.5,2093.5,1117.0
2015-02-20 08:15:00,2093.5,2094.0,2093.25,2093.5,367.0
2015-02-20 08:20:00,2093.75,2093.75,2092.5,2092.75,514.0
2015-02-20 08:25:00,2092.75,2093.0,2092.5,2093.0,209.0
2015-02-20 08:30:00,2092.75,2093.25,2092.75,2092.75,349.0
2015-02-20 08:35:00,2092.75,2094.0,2092.75,2093.75,676.0
2015-02-20 08:40:00,2093.75,2094.0,2093.0,2093.5,534.0
2015-02-20 08:45:00,2093.5,2094.0,2093.25,2093.75,471.0
2015-02-20 08:50:00,2093.5,2094.0,2093.25,2093.75,443.0
2015-02-20 08:55:00,2093.75,2094.0,2093.5,2093.75,319.0
2015-02-20 09:00:00,2093.5,2094.0,2093.25,2093.25,520.0
2015-02-20 09:05:00,2093.5,2094.25,2093.5,2093.75,817.0
2015-02-20 09:10:00,2093.75,2094.0,2093.5,2093.75,431.0
2015-02-20 09:15:00,2093.75,2094.25,2093.5,2094.25,502.0
2015-02-20 09:20:00,2094.0,2094.25,2093.75,2094.25,652.0
2015-02-20 09:25:00,2094.0,2094.25,2093.5,2094.0,491.0
2015-02-20 09:30:00,2094.0,2094.0,2093.75,2094.0,254.0
2015-02-20 09:35:00,2094.0,2094.25,2093.75,2094.25,174.0
2015-02-20 09:40:00,2094.25,2094.25,2093.75,2094.25,205.0
2015-02-20 09:45:00,2094.25,2094.25,2093.75,2094.0,307.0
2015-02-20 09:50:00,2094.0,2094.0,2093.25,2093.75,342.0
2015-02-20 09:55:00,2094.0,2094.0,2093.25,2093.75,516.0
2015-02-20 10:00:00,2093.75,2094.0,2093.25,2093.25,395.0
2015-02-20 10:05:00,2093.0,2094.0,2093.0,2093.75,977.0
2015-02-20 10:10:00,2093.75,2094.5,2093.25,2094.25,1270.0
2015-02-20 10:15:00,2094.25,2094.75,2093.75,2093.75,1300.0
2015-02-20 10:20:00,2093.75,2094.25,2093.25,2094.25,955.0
2015-02-20 10:25:00,2094.0,2095.0,2094.0,2095.0,1181.0
2015-02-20 10:30:00,2094.75,2094.75,2093.5,2093.75,674.0
2015-02-20 10:35:00,2093.5,2093.75,2092.5,2093.75,1539.0
2015-02-20 10:40:00,2093.75,2094.5,2093.5,2094.25,772.0
2015-02-20 10:45:00,2094.25,2095.0,2094.25,2094.75,2593.0
2015-02-20 10:50:00,2094.75,2096.25,2094.5,2096.25,2528.0
2015-02-20 10:55:00,2096.25,2096.75,2095.75,2096.25,2581.0
2015-02-20 11:00:00,2096.25,2096.25,2095.25,2095.5,1127.0
2015-02-20 11:05:00,2095.75,2096.25,2095.25,2096.0,853.0
2015-02-20 11:10:00,2096.0,2096.25,2095.25,2095.25,484.0
2015-02-20 11:15:00,2095.5,2095.5,2094.75,2095.0,604.0
2015-02-20 11:20:00,2094.75,2095.5,2094.75,2095.5,392.0
2015-02-20 11:25:00,2095.5,2096.5,2095.25,2096.25,890.0
2015-02-20 11:30:00,2096.0,2096.25,2096.0,2096.25,272.0
2015-02-20 11:35:00,2096.25,2096.25,2095.75,2095.75,747.0
2015-02-20 11:40:00,2095.75,2096.0,2095.75,2096.0,439.0
2015-02-20 11:45:00,2095.75,2096.0,2095.25,2095.75,268.0
2015-02-20 11:50:00,2095.5,2095.75,2095.25,2095.5,206.0
2015-02-20 11:55:00,2095.5,2096.0,2095.5,2096.0,529.0
2015-02-20 12:00:00,2095.75,2097.25,2095.5,2097.0,3119.0
2015-02-20 12:05:00,2097.0,2098.5,2094.0,2096.25,12025.0
2015-02-20 12:10:00,2096.25,2097.5,2094.5,2095.5,8611.0
2015-02-20 12:15:00,2095.5,2096.0,2095.0,2095.75,1396.0
2015-02-20 12:20:00,2096.0,2096.0,2094.5,2094.75,1394.0
2015-02-20 12:25:00,2095.0,2095.5,2094.0,2095.25,2059.0
2015-02-20 12:30:00,2095.5,2096.0,2095.0,2095.25,1207.0
2015-02-20 12:35:00,2095.25,2095.25,2094.25,2094.5,2393.0
2015-02-20 12:40:00,2094.75,2095.5,2094.25,2094.75,1841.0
2015-02-20 12:45:00,2095.0,2095.5,2094.75,2095.0,791.0
2015-02-20 12:50:00,2095.25,2095.25,2092.25,2093.0,7417.0
2015-02-20 12:55:00,2093.0,2093.0,2090.75,2091.0,5838.0
2015-02-20 13:00:00,2091.25,2091.25,2090.0,2091.0,7056.0
2015-02-20 13:05:00,2091.0,2091.25,2090.0,2090.75,3068.0
2015-02-20 13:10:00,2091.0,2091.75,2089.5,2089.75,7391.0
2015-02-20 13:15:00,2090.0,2090.5,2089.5,2090.0,3166.0
2015-02-20 13:20:00,2090.25,2090.75,2089.5,2090.0,3405.0
2015-02-20 13:25:00,2090.0,2090.25,2089.0,2089.0,3055.0
2015-02-20 13:30:00,2089.0,2091.25,2089.0,2091.0,3762.0
2015-02-20 13:35:00,2091.0,2091.5,2089.75,2091.25,4515.0
2015-02-20 13:40:00,2091.25,2092.0,2090.5,2091.0,5155.0
2015-02-20 13:45:00,2091.0,2091.5,2090.25,2090.75,2313.0
2015-02-20 13:50:00,2090.75,2091.75,2090.5,2091.25,2520.0
2015-02-20 13:55:00,2091.25,2092.0,2090.75,2091.5,2772.0
2015-02-20 14:00:00,2091.75,2092.0,2090.5,2091.25,3694.0
2015-02-20 14:05:00,2091.25,2091.5,2091.0,2091.0,1668.0
2015-02-20 14:10:00,2090.75,2091.25,2090.25,2090.5,2203.0
2015-02-20 14:15:00,2090.5,2091.0,2090.25,2090.75,2869.0
2015-02-20 14:20:00,2090.5,2091.0,2090.25,2091.0,4481.0
2015-02-20 14:25:00,2090.75,2091.0,2088.5,2090.0,7044.0
2015-02-20 14:30:00,2090.0,2093.5,2089.0,2092.5,55296.0
2015-02-20 14:35:00,2092.75,2093.25,2090.0,2090.0,35212.0
2015-02-20 14:40:00,2090.0,2090.75,2084.25,2086.5,60295.0
2015-02-20 14:45:00,2086.25,2087.25,2084.0,2084.25,37960.0
2015-02-20 14:50:00,2084.5,2085.75,2082.5,2084.75,32001.0
2015-02-20 14:55:00,2084.5,2085.5,2083.0,2083.75,20256.0
2015-02-20 15:00:00,2083.75,2084.5,2082.25,2083.25,24667.0
2015-02-20 15:05:00,2083.5,2085.75,2082.75,2085.5,22120.0
2015-02-20 15:10:00,2085.5,2086.75,2084.75,2086.0,16719.0
2015-02-20 15:15:00,2085.75,2087.5,2085.75,2087.25,20506.0
2015-02-20 15:20:00,2087.25,2088.25,2086.25,2088.25,12812.0
2015-02-20 15:25:00,2088.25,2088.25,2086.5,2087.0,13351.0
2015-02-20 15:30:00,2087.0,2087.0,2084.75,2086.0,16368.0
2015-02-20 15:35:00,2086.0,2088.0,2085.5,2087.25,12702.0
2015-02-20 15:40:00,2087.25,2092.0,2087.25,2090.25,37301.0
2015-02-20 15:45:00,2090.5,2093.25,2090.0,2091.25,23200.0
2015-02-20 15:50:00,2091.25,2091.75,2090.0,2090.25,10638.0
2015-02-20 15:55:00,2090.25,2092.25,2090.25,2091.25,14185.0
2015-02-20 16:00:00,2091.25,2093.25,2091.0,2092.0,15309.0
2015-02-20 16:05:00,2091.75,2093.25,2091.75,2092.25,19077.0
2015-02-20 16:10:00,2092.5,2092.75,2090.75,2091.5,14099.0
2015-02-20 16:15:00,2091.5,2091.5,2090.5,2091.25,7817.0
2015-02-20 16:20:00,2091.25,2091.5,2090.25,2090.5,10006.0
2015-02-20 16:25:00,2090.5,2092.5,2090.5,2092.0,11961.0
2015-02-20 16:30:00,2091.75,2092.75,2091.25,2092.25,12304.0
2015-02-20 16:35:00,2092.0,2093.25,2091.25,2091.25,14884.0
2015-02-20 16:40:00,2091.25,2092.25,2091.25,2092.0,7517.0
2015-02-20 16:45:00,2092.0,2092.5,2090.25,2091.25,12860.0
2015-02-20 16:50:00,2091.25,2092.5,2091.0,2091.5,13912.0
2015-02-20 16:55:00,2091.75,2092.5,2091.25,2092.5,9014.0
2015-02-20 17:00:00,2092.5,2093.75,2092.0,2093.5,15665.0
2015-02-20 17:05:00,2093.5,2094.0,2092.25,2092.75,15357.0
2015-02-20 17:10:00,2092.75,2093.5,2092.75,2093.25,6643.0
2015-02-20 17:15:00,2093.25,2094.25,2092.5,2094.0,10961.0
2015-02-20 17:20:00,2094.0,2094.25,2093.25,2093.75,6921.0
2015-02-20 17:25:00,2093.75,2094.5,2093.0,2093.25,7277.0
2015-02-20 17:30:00,2093.25,2093.5,2091.5,2091.5,9951.0
2015-02-20 17:35:00,2091.75,2097.25,2091.5,2093.75,54602.0
2015-02-20 17:40:00,2093.75,2098.25,2093.75,2095.75,49992.0
2015-02-20 17:45:00,2095.75,2097.25,2094.75,2095.75,23062.0
2015-02-20 17:50:00,2095.75,2097.0,2095.5,2096.25,10877.0
2015-02-20 17:55:00,2096.25,2096.75,2095.25,2096.0,9008.0
2015-02-20 18:00:00,2096.0,2097.25,2095.25,2096.25,13621.0
2015-02-20 18:05:00,2096.5,2097.25,2096.0,2096.25,9693.0
2015-02-20 18:10:00,2096.25,2098.75,2096.25,2098.5,19497.0
2015-02-20 18:15:00,2098.25,2098.75,2097.75,2098.5,10859.0
2015-02-20 18:20:00,2098.5,2099.25,2097.75,2098.25,12754.0
2015-02-20 18:25:00,2098.0,2099.5,2098.0,2098.5,14236.0
2015-02-20 18:30:00,2098.5,2099.75,2098.25,2099.0,13955.0
2015-02-20 18:35:00,2098.75,2100.5,2098.5,2100.25,19286.0
2015-02-20 18:40:00,2100.25,2101.75,2100.0,2100.75,20058.0
2015-02-20 18:45:00,2100.75,2101.75,2100.25,2101.5,12879.0
2015-02-20 18:50:00,2101.25,2101.75,2101.0,2101.75,7330.0
2015-02-20 18:55:00,2101.75,2103.25,2101.25,2103.25,10636.0
2015-02-20 19:00:00,2103.0,2103.75,2102.5,2103.0,9414.0
2015-02-20 19:05:00,2103.0,2105.0,2103.0,2104.5,18482.0
2015-02-20 19:10:00,2104.75,2105.0,2103.5,2103.75,12484.0
2015-02-20 19:15:00,2103.5,2104.0,2102.25,2102.25,13499.0
2015-02-20 19:20:00,2102.5,2103.5,2102.25,2103.0,9036.0
2015-02-20 19:25:00,2102.75,2103.75,2102.5,2103.0,8348.0
2015-02-20 19:30:00,2102.75,2103.25,2102.25,2102.5,10584.0
2015-02-20 19:35:00,2102.75,2103.75,2102.25,2102.25,7707.0
2015-02-20 19:40:00,2102.25,2102.75,2101.25,2102.25,10677.0
2015-02-20 19:45:00,2102.25,2103.5,2102.0,2103.0,12478.0
2015-02-20 19:50:00,2102.75,2104.75,2102.75,2103.75,11689.0
2015-02-20 19:55:00,2103.75,2104.75,2103.25,2104.0,12530.0
2015-02-20 20:00:00,2104.25,2106.75,2104.25,2106.0,24233.0
2015-02-20 20:05:00,2106.0,2107.75,2105.25,2107.25,18196.0
2015-02-20 20:10:00,2107.25,2108.75,2106.75,2107.75,23641.0
2015-02-20 20:15:00,2107.75,2107.75,2105.0,2105.5,17247.0
2015-02-20 20:20:00,2105.5,2107.0,2105.0,2105.75,16606.0
2015-02-20 20:25:00,2106.0,2107.25,2105.75,2107.0,9261.0
2015-02-20 20:30:00,2107.0,2108.0,2105.75,2107.75,17517.0
2015-02-20 20:35:00,2108.0,2108.0,2107.25,2107.5,12574.0
2015-02-20 20:40:00,2107.5,2108.25,2107.25,2107.75,9174.0
2015-02-20 20:45:00,2107.75,2108.0,2106.0,2106.5,18534.0
2015-02-20 20:50:00,2106.25,2107.0,2105.5,2105.5,15625.0
2015-02-20 20:55:00,2105.75,2106.75,2105.5,2106.75,20079.0
2015-02-20 21:00:00,2106.75,2108.5,2106.5,2107.25,76867.0
2015-02-20 21:05:00,2107.25,2107.5,2106.75,2106.75,8641.0
2015-02-20 21:10:00,2106.75,2107.25,2106.5,2106.75,8482.0
2015-02-20 21:15:00,2107.0,2107.5,2106.75,2107.25,6774.0
2015-02-20 21:30:00,2107.0,2107.75,2107.0,2107.5,3986.0
2015-02-20 21:35:00,2107.5,2107.5,2106.75,2107.0,3355.0
2015-02-20 21:40:00,2107.0,2107.5,2107.0,2107.5,690.0
2015-02-20 21:45:00,2107.5,2107.75,2107.25,2107.5,753.0
2015-02-20 21:50:00,2107.5,2107.5,2107.0,2107.0,276.0
2015-02-20 21:55:00,2107.0,2107.75,2107.0,2107.5,1039.0
2015-02-20 22:00:00,2107.5,2107.75,2107.5,2107.5,325.0
2015-02-20 22:05:00,2107.5,2107.75,2107.0,2107.0,449.0
2015-02-20 22:10:00,2107.25,2107.5,2107.0,2107.5,428.0
2015-02-20 22:15:00,2107.25,2107.5,2107.25,2107.25,262.0
2015-02-22 23:00:00,2107.25,2108.0,2106.0,2106.25,1319.0
2015-02-22 23:05:00,2106.25,2107.0,2106.0,2106.5,712.0
2015-02-22 23:10:00,2106.75,2107.0,2106.5,2106.75,269.0
2015-02-22 23:15:00,2106.75,2107.0,2106.5,2106.5,323.0
2015-02-22 23:20:00,2106.5,2107.0,2106.5,2106.75,241.0
2015-02-22 23:25:00,2106.75,2107.0,2106.25,2106.75,222.0
2015-02-22 23:30:00,2106.5,2107.0,2106.5,2106.5,114.0
2015-02-22 23:35:00,2106.5,2106.75,2106.5,2106.5,103.0
2015-02-22 23:40:00,2106.75,2107.25,2106.75,2106.75,298.0
2015-02-22 23:45:00,2107.0,2107.0,2106.75,2106.75,67.0
2015-02-22 23:50:00,2106.75,2107.0,2106.75,2107.0,26.0
2015-02-22 23:55:00,2107.0,2107.25,2106.5,2107.25,766.0
2015-02-23 00:00:00,2107.0,2107.25,2106.75,2106.75,318.0
2015-02-23 00:05:00,2106.75,2107.0,2106.5,2106.75,808.0
2015-02-23 00:10:00,2106.5,2107.0,2106.5,2106.75,201.0
2015-02-23 00:15:00,2106.5,2107.25,2106.5,2107.0,660.0
2015-02-23 00:20:00,2107.0,2107.25,2106.75,2107.25,264.0
2015-02-23 00:25:00,2107.0,2107.5,2107.0,2107.25,290.0
2015-02-23 00:30:00,2107.25,2107.25,2107.0,2107.25,112.0
2015-02-23 00:35:00,2107.25,2107.5,2107.0,2107.25,189.0
2015-02-23 00:40:00,2107.25,2107.25,2107.0,2107.25,150.0
2015-02-23 00:45:00,2107.0,2107.5,2107.0,2107.25,325.0
2015-02-23 00:50:00,2107.25,2107.25,2107.0,2107.25,68.0
2015-02-23 00:55:00,2107.25,2107.25,2107.0,2107.25,184.0
2015-02-23 01:00:00,2107.0,2107.25,2107.0,2107.25,101.0
2015-02-23 01:05:00,2107.25,2107.25,2106.75,2107.0,123.0
2015-02-23 01:10:00,2106.75,2107.0,2106.75,2107.0,78.0
2015-02-23 01:15:00,2107.0,2107.25,2106.75,2107.25,491.0
2015-02-23 01:20:00,2107.0,2107.25,2106.75,2107.0,206.0
2015-02-23 01:25:00,2106.75,2107.0,2106.75,2107.0,202.0
2015-02-23 01:30:00,2106.75,2107.0,2106.75,2107.0,95.0
2015-02-23 01:35:00,2106.75,2107.0,2106.25,2106.5,700.0
2015-02-23 01:40:00,2106.75,2106.75,2106.5,2106.75,105.0
2015-02-23 01:45:00,2106.75,2106.75,2106.5,2106.5,157.0
2015-02-23 01:50:00,2106.75,2107.0,2106.5,2106.75,300.0
2015-02-23 01:55:00,2106.75,2107.0,2106.75,2107.0,73.0
2015-02-23 02:00:00,2107.0,2107.0,2106.75,2106.75,132.0
2015-02-23 02:05:00,2106.75,2107.0,2106.75,2106.75,52.0
2015-02-23 02:10:00,2106.75,2107.0,2106.5,2106.5,223.0
2015-02-23 02:15:00,2106.75,2106.75,2106.75,2106.75,201.0
2015-02-23 02:20:00,2106.75,2106.75,2106.75,2106.75,8.0
2015-02-23 02:25:00,2106.75,2107.0,2106.75,2106.75,115.0
2015-02-23 02:30:00,2106.75,2106.75,2106.5,2106.5,239.0
2015-02-23 02:35:00,2106.5,2107.0,2106.5,2106.75,232.0
2015-02-23 02:40:00,2106.75,2107.0,2106.5,2106.75,210.0
2015-02-23 02:45:00,2106.75,2107.0,2106.75,2106.75,213.0
2015-02-23 02:50:00,2106.75,2107.0,2106.75,2106.75,17.0
2015-02-23 02:55:00,2106.75,2107.0,2106.75,2107.0,293.0
2015-02-23 03:00:00,2106.75,2107.0,2106.5,2106.75,266.0
2015-02-23 03:05:00,2107.0,2107.0,2106.75,2106.75,43.0
2015-02-23 03:10:00,2106.75,2106.75,2106.75,2106.75,26.0
2015-02-23 03:15:00,2107.0,2107.0,2106.75,2106.75,7.0
2015-02-23 03:20:00,2107.0,2107.0,2107.0,2107.0,139.0
2015-02-23 03:25:00,2107.0,2107.0,2106.75,2107.0,274.0
2015-02-23 03:30:00,2107.0,2107.0,2106.75,2107.0,24.0
2015-02-23 03:35:00,2107.0,2107.0,2106.75,2107.0,30.0
2015-02-23 03:40:00,2107.0,2107.0,2106.5,2106.75,141.0
2015-02-23 03:45:00,2106.75,2107.0,2106.5,2106.5,150.0
2015-02-23 03:50:00,2106.5,2107.0,2106.5,2106.75,119.0
2015-02-23 03:55:00,2106.75,2107.0,2106.25,2106.25,310.0
2015-02-23 04:00:00,2106.5,2106.5,2106.25,2106.25,143.0
2015-02-23 04:05:00,2106.25,2106.5,2106.25,2106.5,60.0
2015-02-23 04:10:00,2106.25,2106.5,2106.25,2106.5,227.0
2015-02-23 04:15:00,2106.25,2106.5,2106.25,2106.5,4.0
2015-02-23 04:20:00,2106.5,2106.5,2106.25,2106.25,112.0
2015-02-23 04:25:00,2106.5,2106.5,2106.5,2106.5,131.0
2015-02-23 04:30:00,2106.75,2106.75,2106.5,2106.75,341.0
2015-02-23 04:35:00,2106.5,2106.75,2106.5,2106.75,9.0
2015-02-23 04:40:00,2106.75,2106.75,2106.5,2106.5,46.0
2015-02-23 04:45:00,2106.25,2106.5,2106.25,2106.25,33.0
2015-02-23 04:50:00,2106.25,2106.5,2106.25,2106.5,22.0
2015-02-23 04:55:00,2106.5,2106.5,2106.25,2106.25,4.0
2015-02-23 05:00:00,2106.5,2106.5,2106.25,2106.25,17.0
2015-02-23 05:05:00,2106.25,2106.5,2106.25,2106.25,19.0
2015-02-23 05:10:00,2106.5,2106.5,2106.25,2106.5,95.0
2015-02-23 05:15:00,2106.25,2106.25,2106.0,2106.25,198.0
2015-02-23 05:20:00,2106.5,2106.5,2106.25,2106.5,55.0
2015-02-23 05:25:00,2106.25,2106.5,2106.25,2106.5,44.0
2015-02-23 05:30:00,2106.5,2106.5,2106.0,2106.0,215.0
2015-02-23 05:35:00,2106.25,2106.25,2106.0,2106.25,105.0
2015-02-23 05:40:00,2106.25,2106.5,2106.0,2106.0,67.0
2015-02-23 05:45:00,2106.0,2106.5,2106.0,2106.5,100.0
2015-02-23 05:50:00,2106.25,2106.25,2106.0,2106.0,53.0
2015-02-23 05:55:00,2106.0,2106.5,2106.0,2106.5,113.0
2015-02-23 06:00:00,2106.25,2106.5,2106.25,2106.5,299.0
2015-02-23 06:05:00,2106.75,2106.75,2106.25,2106.5,101.0
2015-02-23 06:10:00,2106.5,2106.75,2106.5,2106.5,30.0
2015-02-23 06:15:00,2106.5,2106.5,2106.25,2106.25,20.0
2015-02-23 06:20:00,2106.5,2106.5,2106.25,2106.5,12.0
2015-02-23 06:25:00,2106.25,2106.5,2106.25,2106.5,60.0
2015-02-23 06:30:00,2106.5,2106.5,2106.0,2106.25,330.0
2015-02-23 06:35:00,2106.25,2106.5,2106.0,2106.0,85.0
2015-02-23 06:40:00,2106.0,2106.5,2106.0,2106.0,36.0
2015-02-23 06:45:00,2106.0,2106.5,2106.0,2106.25,66.0
2015-02-23 06:50:00,2106.5,2106.5,2106.25,2106.5,16.0
2015-02-23 06:55:00,2106.5,2106.5,2106.25,2106.25,80.0
2015-02-23 07:00:00,2106.5,2106.5,2106.0,2106.25,556.0
2015-02-23 07:05:00,2106.0,2106.25,2105.75,2106.0,791.0
2015-02-23 07:10:00,2106.0,2106.5,2105.75,2106.5,205.0
2015-02-23 07:15:00,2106.5,2106.5,2106.0,2106.25,325.0
2015-02-23 07:20:00,2106.25,2106.5,2105.5,2105.5,742.0
2015-02-23 07:25:00,2105.5,2106.0,2105.5,2105.75,302.0
2015-02-23 07:30:00,2105.75,2105.75,2105.25,2105.25,350.0
2015-02-23 07:35:00,2105.25,2105.5,2105.25,2105.25,491.0
2015-02-23 07:40:00,2105.5,2105.75,2105.25,2105.75,391.0
2015-02-23 07:45:00,2105.75,2105.75,2105.25,2105.5,363.0
2015-02-23 07:50:00,2105.5,2105.75,2105.25,2105.5,438.0
2015-02-23 07:55:00,2105.5,2105.5,2104.75,2105.25,679.0
2015-02-23 08:00:00,2105.25,2105.75,2104.75,2105.25,1768.0
2015-02-23 08:05:00,2105.25,2105.5,2104.0,2104.0,1330.0
2015-02-23 08:10:00,2104.25,2104.75,2103.75,2104.5,1756.0
2015-02-23 08:15:00,2104.5,2104.75,2103.25,2103.5,1677.0
2015-02-23 08:20:00,2103.5,2104.0,2103.25,2104.0,1642.0
2015-02-23 08:25:00,2103.75,2104.0,2103.25,2104.0,1057.0
2015-02-23 08:30:00,2104.0,2104.5,2104.0,2104.25,594.0
2015-02-23 08:35:00,2104.25,2104.5,2103.0,2103.75,2466.0
2015-02-23 08:40:00,2103.5,2103.75,2103.25,2103.5,751.0
2015-02-23 08:45:00,2103.5,2103.5,2103.0,2103.25,1258.0
2015-02-23 08:50:00,2103.25,2103.75,2103.0,2103.5,849.0
2015-02-23 08:55:00,2103.75,2104.0,2103.25,2103.5,492.0
2015-02-23 09:00:00,2103.5,2103.75,2102.75,2103.25,1007.0
2015-02-23 09:05:00,2103.25,2103.5,2102.0,2102.5,2521.0
2015-02-23 09:10:00,2102.25,2102.75,2102.0,2102.75,1648.0
2015-02-23 09:15:00,2102.75,2102.75,2102.25,2102.25,635.0
2015-02-23 09:20:00,2102.5,2103.25,2102.5,2103.0,970.0
2015-02-23 09:25:00,2103.0,2103.25,2102.5,2103.0,1035.0
2015-02-23 09:30:00,2103.0,2103.25,2102.5,2103.0,828.0
2015-02-23 09:35:00,2102.75,2102.75,2102.25,2102.5,835.0
2015-02-23 09:40:00,2102.5,2102.75,2102.0,2102.5,1066.0
2015-02-23 09:45:00,2102.75,2103.5,2102.5,2103.0,1209.0
2015-02-23 09:50:00,2103.0,2103.0,2102.5,2102.75,1001.0
2015-02-23 09:55:00,2103.0,2103.5,2102.75,2103.0,703.0
2015-02-23 10:00:00,2103.0,2103.25,2102.75,2103.25,442.0
2015-02-23 10:05:00,2103.0,2103.25,2103.0,2103.0,58.0
2015-02-23 10:10:00,2103.25,2103.25,2102.25,2102.5,803.0
2015-02-23 10:15:00,2102.5,2103.0,2102.25,2102.5,471.0
2015-02-23 10:20:00,2102.5,2103.0,2102.25,2102.75,275.0
2015-02-23 10:25:00,2102.75,2103.0,2102.5,2103.0,523.0
2015-02-23 10:30:00,2102.75,2103.0,2102.25,2102.5,1007.0
2015-02-23 10:35:00,2102.5,2103.0,2102.25,2102.75,756.0
2015-02-23 10:40:00,2102.75,2102.75,2102.25,2102.25,186.0
2015-02-23 10:45:00,2102.5,2103.0,2102.25,2102.75,649.0
2015-02-23 10:50:00,2102.75,2103.0,2102.5,2103.0,353.0
2015-02-23 10:55:00,2103.0,2103.0,2102.75,2103.0,100.0
2015-02-23 11:00:00,2102.75,2103.0,2102.5,2102.5,816.0
2015-02-23 11:05:00,2102.5,2102.75,2102.25,2102.75,495.0
2015-02-23 11:10:00,2102.75,2103.0,2102.5,2102.5,320.0
2015-02-23 11:15:00,2102.5,2102.75,2102.25,2102.5,432.0
2015-02-23 11:20:00,2102.25,2102.5,2102.0,2102.25,244.0
2015-02-23 11:25:00,2102.0,2102.25,2101.75,2102.0,816.0
2015-02-23 11:30:00,2102.0,2102.0,2101.25,2101.75,1020.0
2015-02-23 11:35:00,2101.75,2102.5,2101.75,2102.25,647.0
2015-02-23 11:40:00,2102.25,2103.0,2102.0,2103.0,564.0
2015-02-23 11:45:00,2103.0,2103.0,2102.0,2102.25,642.0
2015-02-23 11:50:00,2102.5,2102.75,2102.5,2102.75,843.0
2015-02-23 11:55:00,2102.75,2103.0,2102.5,2102.75,513.0
2015-02-23 12:00:00,2102.75,2103.0,2102.0,2102.25,648.0
2015-02-23 12:05:00,2102.25,2103.5,2102.25,2103.0,1018.0
2015-02-23 12:10:00,2103.0,2103.0,2102.5,2102.5,287.0
2015-02-23 12:15:00,2102.75,2103.25,2102.75,2103.0,370.0
2015-02-23 12:20:00,2103.0,2103.0,2101.75,2102.5,1039.0
2015-02-23 12:25:00,2102.25,2102.75,2101.75,2102.5,1033.0
2015-02-23 12:30:00,2102.5,2103.25,2102.5,2103.0,583.0
2015-02-23 12:35:00,2103.0,2103.75,2103.0,2103.0,887.0
2015-02-23 12:40:00,2103.0,2103.75,2103.0,2103.0,668.0
2015-02-23 12:45:00,2103.25,2103.75,2103.0,2103.75,711.0
2015-02-23 12:50:00,2103.5,2104.25,2103.5,2103.75,3908.0
2015-02-23 12:55:00,2103.75,2104.25,2103.5,2103.5,1443.0
2015-02-23 13:00:00,2103.5,2103.75,2103.0,2103.5,854.0
2015-02-23 13:05:00,2103.5,2103.75,2103.25,2103.5,714.0
2015-02-23 13:10:00,2103.25,2103.5,2102.75,2103.0,1063.0
2015-02-23 13:15:00,2103.0,2103.5,2103.0,2103.5,964.0
2015-02-23 13:20:00,2103.25,2103.5,2102.5,2103.0,1781.0
2015-02-23 13:25:00,2102.75,2103.25,2102.75,2103.25,325.0
2015-02-23 13:30:00,2103.25,2103.5,2102.75,2103.25,1005.0
2015-02-23 13:35:00,2103.25,2104.0,2103.0,2103.75,1046.0
2015-02-23 13:40:00,2103.75,2104.0,2103.5,2103.75,993.0
2015-02-23 13:45:00,2103.75,2104.25,2103.25,2103.5,1720.0
2015-02-23 13:50:00,2103.5,2103.5,2102.75,2103.0,1307.0
2015-02-23 13:55:00,2102.75,2103.0,2102.5,2102.75,955.0
2015-02-23 14:00:00,2103.0,2103.5,2102.5,2102.75,1990.0
2015-02-23 14:05:00,2102.75,2104.0,2102.75,2103.75,1465.0
2015-02-23 14:10:00,2103.75,2104.0,2103.5,2103.75,1331.0
2015-02-23 14:15:00,2103.75,2104.5,2103.5,2104.25,1475.0
2015-02-23 14:20:00,2104.5,2105.25,2104.0,2104.5,3073.0
2015-02-23 14:25:00,2104.5,2104.5,2103.5,2104.5,2335.0
2015-02-23 14:30:00,2104.25,2105.0,2101.25,2102.5,31168.0
2015-02-23 14:35:00,2102.25,2104.25,2102.0,2103.0,25316.0
2015-02-23 14:40:00,2103.0,2103.5,2101.75,2102.0,12891.0
2015-02-23 14:45:00,2102.0,2102.75,2101.0,2101.25,16021.0
2015-02-23 14:50:00,2101.25,2102.25,2100.25,2101.75,23565.0
2015-02-23 14:55:00,2101.5,2102.5,2099.75,2102.0,17239.0
2015-02-23 15:00:00,2102.25,2103.0,2101.25,2103.0,14141.0
2015-02-23 15:05:00,2103.0,2103.5,2102.25,2102.5,11097.0
2015-02-23 15:10:00,2102.5,2103.0,2101.5,2101.75,12866.0
2015-02-23 15:15:00,2101.5,2102.0,2100.0,2101.0,16959.0
2015-02-23 15:20:00,2101.0,2102.5,2100.5,2102.25,12191.0
2015-02-23 15:25:00,2102.25,2103.0,2101.75,2102.5,11842.0
2015-02-23 15:30:00,2102.5,2103.25,2102.25,2102.5,10589.0
2015-02-23 15:35:00,2102.75,2103.25,2102.0,2102.5,7919.0
2015-02-23 15:40:00,2102.75,2103.75,2102.25,2103.5,9793.0
2015-02-23 15:45:00,2103.75,2103.75,2102.75,2103.25,9733.0
2015-02-23 15:50:00,2103.25,2104.0,2102.5,2103.25,8440.0
2015-02-23 15:55:00,2103.25,2104.5,2103.0,2104.0,8792.0
2015-02-23 16:00:00,2103.75,2104.75,2103.75,2104.25,8448.0
2015-02-23 16:05:00,2104.25,2104.5,2103.5,2104.25,7608.0
2015-02-23 16:10:00,2104.0,2104.5,2103.5,2103.5,6061.0
2015-02-23 16:15:00,2103.5,2105.0,2103.5,2104.75,8761.0
2015-02-23 16:20:00,2105.0,2105.75,2104.75,2105.5,7763.0
2015-02-23 16:25:00,2105.5,2105.75,2105.0,2105.75,4521.0
2015-02-23 16:30:00,2105.5,2105.75,2105.0,2105.5,6418.0
2015-02-23 16:35:00,2105.5,2106.25,2105.5,2105.5,9186.0
2015-02-23 16:40:00,2105.5,2106.0,2105.0,2105.25,7164.0
2015-02-23 16:45:00,2105.25,2106.25,2105.25,2105.5,5239.0
2015-02-23 16:50:00,2105.5,2106.0,2105.0,2105.25,7712.0
2015-02-23 16:55:00,2105.5,2105.5,2105.0,2105.25,4075.0
2015-02-23 17:00:00,2105.25,2105.75,2105.0,2105.5,6328.0
2015-02-23 17:05:00,2105.5,2105.75,2105.0,2105.5,5505.0
2015-02-23 17:10:00,2105.25,2105.5,2105.0,2105.0,3981.0
2015-02-23 17:15:00,2105.25,2105.5,2104.5,2104.5,5554.0
2015-02-23 17:20:00,2104.5,2104.75,2103.5,2104.0,7717.0
2015-02-23 17:25:00,2104.0,2104.5,2103.5,2103.75,4129.0
2015-02-23 17:30:00,2103.75,2104.0,2103.25,2103.5,4763.0
2015-02-23 17:35:00,2103.5,2104.75,2103.5,2104.0,6858.0
2015-02-23 17:40:00,2104.0,2104.0,2102.25,2102.75,10597.0
2015-02-23 17:45:00,2102.75,2103.25,2101.5,2103.0,9059.0
2015-02-23 17:50:00,2103.0,2103.5,2102.25,2103.0,5377.0
2015-02-23 17:55:00,2103.25,2103.5,2102.75,2102.75,4935.0
2015-02-23 18:00:00,2103.0,2103.25,2102.25,2102.25,3620.0
2015-02-23 18:05:00,2102.5,2102.75,2102.25,2102.5,1618.0
2015-02-23 18:10:00,2102.75,2103.75,2102.25,2103.5,4534.0
2015-02-23 18:15:00,2103.5,2104.0,2103.25,2103.75,3458.0
2015-02-23 18:20:00,2103.75,2104.0,2103.25,2103.75,1989.0
2015-02-23 18:25:00,2103.75,2104.0,2103.5,2103.75,2653.0
2015-02-23 18:30:00,2103.5,2105.75,2103.0,2104.5,15374.0
2015-02-23 18:35:00,2104.5,2105.25,2104.0,2104.5,4603.0
2015-02-23 18:40:00,2104.5,2106.0,2104.5,2105.0,7080.0
2015-02-23 18:45:00,2105.0,2105.75,2104.5,2104.75,5640.0
2015-02-23 18:50:00,2104.75,2105.25,2104.0,2104.25,5654.0
2015-02-23 18:55:00,2104.0,2104.5,2103.75,2104.25,3811.0
2015-02-23 19:00:00,2104.0,2104.75,2103.75,2104.0,4256.0
2015-02-23 19:05:00,2104.0,2104.75,2103.75,2104.75,4885.0
2015-02-23 19:10:00,2104.75,2105.25,2104.25,2104.5,5820.0
2015-02-23 19:15:00,2104.5,2105.5,2104.25,2105.25,3706.0
2015-02-23 19:20:00,2105.25,2105.5,2104.75,2105.0,3241.0
2015-02-23 19:25:00,2105.0,2105.5,2104.75,2105.5,3209.0
2015-02-23 19:30:00,2105.25,2105.5,2103.5,2103.75,7762.0
2015-02-23 19:35:00,2103.5,2104.25,2103.0,2103.5,7457.0
2015-02-23 19:40:00,2103.5,2103.5,2101.75,2102.5,12356.0
2015-02-23 19:45:00,2102.25,2103.25,2102.25,2103.25,5805.0
2015-02-23 19:50:00,2103.0,2103.25,2102.5,2102.5,4717.0
2015-02-23 19:55:00,2102.5,2103.25,2102.5,2103.25,4171.0
2015-02-23 20:00:00,2103.0,2103.0,2102.25,2102.5,4656.0
2015-02-23 20:05:00,2102.25,2102.5,2100.25,2101.0,10723.0
2015-02-23 20:10:00,2101.0,2101.5,2100.25,2101.25,7562.0
2015-02-23 20:15:00,2101.25,2102.25,2101.0,2102.0,7737.0
2015-02-23 20:20:00,2101.75,2102.25,2101.25,2101.25,4821.0
2015-02-23 20:25:00,2101.5,2102.25,2101.0,2102.0,5007.0
2015-02-23 20:30:00,2102.0,2103.0,2102.0,2102.5,6555.0
2015-02-23 20:35:00,2102.5,2103.75,2102.5,2103.25,6926.0
2015-02-23 20:40:00,2103.5,2104.75,2103.25,2104.75,8923.0
2015-02-23 20:45:00,2104.75,2105.5,2104.5,2105.0,12354.0
2015-02-23 20:50:00,2105.0,2105.5,2104.75,2105.5,11070.0
2015-02-23 20:55:00,2105.5,2106.0,2105.0,2106.0,24722.0
2015-02-23 21:00:00,2106.0,2108.25,2105.75,2107.25,61541.0
2015-02-23 21:05:00,2107.25,2107.5,2107.0,2107.25,3987.0
2015-02-23 21:10:00,2107.25,2107.5,2106.5,2106.75,4440.0
2015-02-23 21:15:00,2106.75,2107.0,2106.5,2106.75,5379.0
2015-02-23 21:30:00,2106.75,2107.0,2106.5,2106.75,1676.0
2015-02-23 21:35:00,2106.5,2106.75,2106.25,2106.25,696.0
2015-02-23 21:40:00,2106.5,2106.75,2106.25,2106.5,623.0
2015-02-23 21:45:00,2106.5,2107.0,2106.25,2106.75,765.0
2015-02-23 21:50:00,2106.75,2106.75,2106.5,2106.5,184.0
2015-02-23 21:55:00,2106.75,2107.0,2106.5,2106.5,275.0
2015-02-23 22:00:00,2106.75,2107.0,2106.75,2106.75,463.0
2015-02-23 22:05:00,2106.75,2107.0,2106.5,2106.5,147.0
2015-02-23 22:10:00,2106.5,2106.75,2106.25,2106.5,478.0
2015-02-23 22:15:00,2106.5,2106.75,2106.25,2106.25,430.0
2015-02-23 23:00:00,2106.25,2106.75,2106.25,2106.5,1301.0
2015-02-23 23:05:00,2106.75,2106.75,2106.0,2106.25,422.0
2015-02-23 23:10:00,2106.25,2106.5,2106.0,2106.25,215.0
2015-02-23 23:15:00,2106.0,2106.25,2105.75,2106.0,1057.0
2015-02-23 23:20:00,2106.0,2106.25,2105.75,2105.75,211.0
2015-02-23 23:25:00,2106.0,2106.0,2105.75,2105.75,101.0
2015-02-23 23:30:00,2105.75,2106.0,2105.75,2106.0,35.0
2015-02-23 23:35:00,2105.75,2106.0,2105.75,2106.0,43.0
2015-02-23 23:40:00,2105.75,2106.0,2105.75,2106.0,46.0
2015-02-23 23:45:00,2106.0,2106.0,2105.75,2105.75,56.0
2015-02-23 23:50:00,2105.75,2106.0,2105.75,2105.75,17.0
2015-02-23 23:55:00,2105.75,2106.0,2105.5,2105.75,370.0
2015-02-24 00:00:00,2105.75,2106.0,2105.5,2105.5,482.0
2015-02-24 00:05:00,2105.5,2106.0,2105.5,2105.75,326.0
2015-02-24 00:10:00,2105.75,2106.0,2105.75,2105.75,126.0
2015-02-24 00:15:00,2106.0,2106.25,2105.75,2106.0,238.0
2015-02-24 00:20:00,2106.25,2106.5,2106.0,2106.25,238.0
2015-02-24 00:25:00,2106.25,2106.25,2106.0,2106.0,201.0
2015-02-24 00:30:00,2106.0,2106.5,2106.0,2106.25,109.0
2015-02-24 00:35:00,2106.5,2106.5,2106.25,2106.5,79.0
2015-02-24 00:40:00,2106.5,2106.5,2106.25,2106.25,74.0
2015-02-24 00:45:00,2106.25,2106.5,2105.75,2105.75,578.0
2015-02-24 00:50:00,2105.75,2106.25,2105.75,2106.25,239.0
2015-02-24 00:55:00,2106.25,2106.25,2105.75,2106.0,210.0
2015-02-24 01:00:00,2106.25,2106.25,2106.0,2106.25,339.0
2015-02-24 01:05:00,2106.25,2106.5,2105.75,2105.75,335.0
2015-02-24 01:10:00,2106.0,2106.25,2106.0,2106.0,121.0
2015-02-24 01:15:00,2106.0,2106.25,2106.0,2106.25,241.0
2015-02-24 01:20:00,2106.25,2106.5,2106.0,2106.25,187.0
2015-02-24 01:25:00,2106.5,2106.75,2106.25,2106.5,134.0
2015-02-24 01:30:00,2106.5,2106.75,2106.25,2106.5,197.0
2015-02-24 01:35:00,2106.75,2106.75,2106.25,2106.25,129.0
2015-02-24 01:40:00,2106.25,2106.5,2106.25,2106.25,120.0
2015-02-24 01:45:00,2106.25,2106.5,2106.25,2106.25,164.0
2015-02-24 01:50:00,2106.5,2106.5,2106.25,2106.25,97.0
2015-02-24 01:55:00,2106.25,2106.5,2106.25,2106.5,74.0
2015-02-24 02:00:00,2106.25,2106.5,2106.25,2106.5,115.0
2015-02-24 02:05:00,2106.25,2106.75,2106.25,2106.5,288.0
2015-02-24 02:10:00,2106.5,2106.75,2106.5,2106.75,95.0
2015-02-24 02:15:00,2106.5,2106.75,2106.5,2106.5,87.0
2015-02-24 02:20:00,2106.5,2106.75,2106.25,2106.5,424.0
2015-02-24 02:25:00,2106.25,2106.5,2106.25,2106.5,56.0
2015-02-24 02:30:00,2106.5,2106.5,2106.0,2106.25,226.0
2015-02-24 02:35:00,2106.25,2106.5,2106.0,2106.5,93.0
2015-02-24 02:40:00,2106.25,2106.5,2106.0,2106.25,84.0
2015-02-24 02:45:00,2106.25,2106.25,2105.75,2106.0,184.0
2015-02-24 02:50:00,2106.0,2106.0,2105.75,2106.0,236.0
2015-02-24 02:55:00,2106.0,2106.25,2105.75,2105.75,57.0
2015-02-24 03:00:00,2106.0,2106.0,2105.75,2106.0,111.0
2015-02-24 03:05:00,2106.25,2106.25,2106.0,2106.0,58.0
2015-02-24 03:10:00,2106.25,2106.25,2106.0,2106.0,33.0
2015-02-24 03:15:00,2106.0,2106.25,2106.0,2106.0,26.0
2015-02-24 03:20:00,2106.0,2106.25,2106.0,2106.0,24.0
2015-02-24 03:25:00,2106.25,2106.25,2106.0,2106.0,37.0
2015-02-24 03:30:00,2106.25,2106.5,2106.0,2106.0,574.0
2015-02-24 03:35:00,2106.25,2106.5,2106.0,2106.25,361.0
2015-02-24 03:40:00,2106.5,2106.5,2106.25,2106.25,65.0
2015-02-24 03:45:00,2106.5,2106.5,2106.25,2106.25,138.0
2015-02-24 03:50:00,2106.5,2106.5,2106.25,2106.25,145.0
2015-02-24 03:55:00,2106.25,2106.75,2106.25,2106.25,115.0
2015-02-24 04:00:00,2106.5,2107.0,2106.25,2106.5,767.0
2015-02-24 04:05:00,2106.75,2107.0,2106.5,2106.75,195.0
2015-02-24 04:10:00,2107.0,2107.0,2106.5,2106.5,166.0
2015-02-24 04:15:00,2106.75,2106.75,2106.25,2106.25,399.0
2015-02-24 04:20:00,2106.5,2106.75,2106.25,2106.75,345.0
2015-02-24 04:25:00,2106.5,2106.75,2106.5,2106.75,194.0
2015-02-24 04:30:00,2106.5,2106.75,2106.5,2106.75,71.0
2015-02-24 04:35:00,2106.75,2107.0,2106.5,2106.75,250.0
2015-02-24 04:40:00,2106.5,2106.75,2106.5,2106.75,106.0
2015-02-24 04:45:00,2106.75,2107.25,2106.5,2107.25,597.0
2015-02-24 04:50:00,2107.0,2107.25,2107.0,2107.25,214.0
2015-02-24 04:55:00,2107.0,2107.0,2106.75,2107.0,172.0
2015-02-24 05:00:00,2106.75,2107.25,2106.75,2107.0,153.0
2015-02-24 05:05:00,2107.0,2107.25,2106.75,2107.25,123.0
2015-02-24 05:10:00,2107.0,2107.25,2107.0,2107.0,164.0
2015-02-24 05:15:00,2106.75,2107.25,2106.75,2107.0,124.0
2015-02-24 05:20:00,2107.0,2107.5,2107.0,2107.25,248.0
2015-02-24 05:25:00,2107.25,2107.5,2107.25,2107.5,132.0
2015-02-24 05:30:00,2107.25,2107.25,2107.0,2107.0,201.0
2015-02-24 05:35:00,2107.0,2107.5,2107.0,2107.25,100.0
2015-02-24 05:40:00,2107.0,2107.5,2107.0,2107.25,287.0
2015-02-24 05:45:00,2107.25,2107.5,2107.0,2107.5,117.0
2015-02-24 05:50:00,2107.5,2107.5,2107.0,2107.25,151.0
2015-02-24 05:55:00,2107.5,2107.5,2107.25,2107.25,79.0
2015-02-24 06:00:00,2107.5,2107.75,2107.25,2107.25,287.0
2015-02-24 06:05:00,2107.25,2107.75,2107.25,2107.5,71.0
2015-02-24 06:10:00,2107.75,2107.75,2107.25,2107.25,200.0
2015-02-24 06:15:00,2107.5,2107.75,2107.25,2107.25,200.0
2015-02-24 06:20:00,2107.5,2107.5,2107.0,2107.0,192.0
2015-02-24 06:25:00,2107.0,2107.25,2107.0,2107.0,23.0
2015-02-24 06:30:00,2107.0,2107.25,2107.0,2107.25,54.0
2015-02-24 06:35:00,2107.25,2107.5,2107.25,2107.5,143.0
2015-02-24 06:40:00,2107.5,2107.5,2107.25,2107.5,96.0
2015-02-24 06:45:00,2107.5,2107.5,2107.25,2107.25,139.0
2015-02-24 06:50:00,2107.25,2107.75,2107.25,2107.25,43.0
2015-02-24 06:55:00,2107.5,2107.75,2107.25,2107.5,71.0
2015-02-24 07:00:00,2107.75,2108.0,2107.25,2107.75,663.0
2015-02-24 07:05:00,2107.75,2107.75,2107.25,2107.5,349.0
2015-02-24 07:10:00,2107.25,2107.75,2107.25,2107.25,110.0
2015-02-24 07:15:00,2107.25,2107.75,2107.25,2107.25,141.0
2015-02-24 07:20:00,2107.5,2107.5,2107.25,2107.25,90.0
2015-02-24 07:25:00,2107.25,2107.75,2107.25,2107.75,307.0
2015-02-24 07:30:00,2107.75,2107.75,2107.5,2107.5,200.0
2015-02-24 07:35:00,2107.5,2107.75,2107.25,2107.5,94.0
2015-02-24 07:40:00,2107.25,2107.5,2107.25,2107.25,63.0
2015-02-24 07:45:00,2107.25,2107.5,2107.0,2107.5,242.0
2015-02-24 07:50:00,2107.5,2107.5,2107.25,2107.5,84.0
2015-02-24 07:55:00,2107.25,2107.75,2107.25,2107.75,339.0
2015-02-24 08:00:00,2107.5,2107.75,2107.0,2107.5,1125.0
2015-02-24 08:05:00,2107.5,2108.25,2107.0,2107.25,1995.0
2015-02-24 08:10:00,2107.25,2108.0,2107.25,2107.5,1551.0
2015-02-24 08:15:00,2107.5,2108.0,2107.5,2107.75,1093.0
2015-02-24 08:20:00,2107.75,2108.25,2107.5,2107.5,1075.0
2015-02-24 08:25:00,2107.5,2107.75,2107.25,2107.5,776.0
2015-02-24 08:30:00,2107.5,2108.0,2107.25,2107.75,751.0
2015-02-24 08:35:00,2107.75,2108.0,2107.25,2107.25,893.0
2015-02-24 08:40:00,2107.25,2107.75,2107.0,2107.25,624.0
2015-02-24 08:45:00,2107.5,2107.75,2107.0,2107.5,638.0
2015-02-24 08:50:00,2107.5,2107.75,2106.75,2107.25,900.0
2015-02-24 08:55:00,2107.5,2107.5,2105.75,2106.25,3941.0
2015-02-24 09:00:00,2106.5,2106.5,2105.25,2105.25,2642.0
2015-02-24 09:05:00,2105.5,2105.75,2105.0,2105.5,625.0
2015-02-24 09:10:00,2105.75,2105.75,2105.25,2105.25,843.0
2015-02-24 09:15:00,2105.5,2105.75,2105.25,2105.75,545.0
2015-02-24 09:20:00,2105.75,2106.5,2105.75,2106.0,1050.0
2015-02-24 09:25:00,2106.0,2107.0,2105.75,2106.5,2287.0
2015-02-24 09:30:00,2106.5,2106.75,2106.25,2106.5,669.0
2015-02-24 09:35:00,2106.25,2106.75,2106.25,2106.25,446.0
2015-02-24 09:40:00,2106.25,2106.75,2106.25,2106.25,595.0
2015-02-24 09:45:00,2106.5,2106.75,2106.0,2106.25,879.0
2015-02-24 09:50:00,2106.25,2106.5,2105.75,2106.0,448.0
2015-02-24 09:55:00,2106.0,2106.25,2105.75,2106.0,397.0
2015-02-24 10:00:00,2106.0,2106.75,2105.75,2106.25,325.0
2015-02-24 10:05:00,2106.0,2106.25,2105.75,2106.0,335.0
2015-02-24 10:10:00,2106.25,2106.25,2105.75,2106.0,251.0
2015-02-24 10:15:00,2106.0,2106.25,2105.75,2106.0,232.0
2015-02-24 10:20:00,2105.75,2106.75,2105.75,2106.5,847.0
2015-02-24 10:25:00,2106.25,2106.75,2106.0,2106.25,553.0
2015-02-24 10:30:00,2106.25,2106.75,2106.25,2106.25,359.0
2015-02-24 10:35:00,2106.25,2106.5,2106.0,2106.0,307.0
2015-02-24 10:40:00,2106.25,2106.75,2106.0,2106.5,375.0
2015-02-24 10:45:00,2106.75,2106.75,2106.0,2106.25,230.0
2015-02-24 10:50:00,2106.25,2106.5,2106.0,2106.5,461.0
2015-02-24 10:55:00,2106.75,2106.75,2106.5,2106.5,234.0
2015-02-24 11:00:00,2106.25,2107.0,2106.25,2106.5,426.0
2015-02-24 11:05:00,2106.5,2107.0,2106.5,2106.75,1177.0
2015-02-24 11:10:00,2106.75,2107.25,2106.75,2107.0,503.0
2015-02-24 11:15:00,2107.0,2107.5,2107.0,2107.5,1132.0
2015-02-24 11:20:00,2107.75,2108.0,2107.25,2107.5,1375.0
2015-02-24 11:25:00,2107.25,2107.5,2106.75,2106.75,339.0
2015-02-24 11:30:00,2107.0,2107.5,2107.0,2107.25,663.0
2015-02-24 11:35:00,2107.5,2107.5,2107.0,2107.0,353.0
2015-02-24 11:40:00,2107.0,2107.75,2106.75,2107.5,1053.0
2015-02-24 11:45:00,2107.75,2107.75,2107.25,2107.25,120.0
2015-02-24 11:50:00,2107.25,2107.25,2106.75,2107.25,605.0
2015-02-24 11:55:00,2107.0,2107.25,2106.75,2107.0,244.0
2015-02-24 12:00:00,2107.25,2107.5,2107.0,2107.25,415.0
2015-02-24 12:05:00,2107.5,2107.75,2107.25,2107.5,510.0
2015-02-24 12:10:00,2107.5,2107.75,2106.5,2107.25,847.0
2015-02-24 12:15:00,2107.0,2107.25,2106.25,2106.25,1409.0
2015-02-24 12:20:00,2106.25,2106.25,2105.75,2106.0,1252.0
2015-02-24 12:25:00,2106.0,2107.0,2105.75,2106.5,882.0
2015-02-24 12:30:00,2106.75,2107.0,2106.25,2106.25,1057.0
2015-02-24 12:35:00,2106.25,2106.75,2106.0,2106.25,842.0
2015-02-24 12:40:00,2106.25,2106.75,2105.75,2106.0,1645.0
2015-02-24 12:45:00,2106.0,2106.25,2105.5,2106.0,876.0
2015-02-24 12:50:00,2106.0,2106.5,2106.0,2106.5,458.0
2015-02-24 12:55:00,2106.5,2106.75,2106.25,2106.75,832.0
2015-02-24 13:00:00,2106.75,2106.75,2106.25,2106.75,764.0
2015-02-24 13:05:00,2106.75,2106.75,2106.25,2106.25,748.0
2015-02-24 13:10:00,2106.25,2106.25,2106.0,2106.25,448.0
2015-02-24 13:15:00,2106.25,2106.5,2106.0,2106.5,414.0
2015-02-24 13:20:00,2106.25,2106.75,2106.25,2106.5,260.0
2015-02-24 13:25:00,2106.75,2106.75,2106.25,2106.5,604.0
2015-02-24 13:30:00,2106.5,2106.75,2106.5,2106.75,685.0
2015-02-24 13:35:00,2106.75,2107.25,2106.5,2106.75,1029.0
2015-02-24 13:40:00,2106.5,2107.25,2106.5,2107.25,487.0
2015-02-24 13:45:00,2107.25,2107.25,2106.75,2106.75,1644.0
2015-02-24 13:50:00,2106.75,2107.0,2105.75,2106.0,3240.0
2015-02-24 13:55:00,2105.75,2107.5,2105.75,2107.25,1806.0
2015-02-24 14:00:00,2107.25,2107.75,2107.0,2107.5,1800.0
2015-02-24 14:05:00,2107.5,2107.75,2106.75,2107.0,1193.0
2015-02-24 14:10:00,2107.0,2107.25,2105.75,2105.75,2673.0
2015-02-24 14:15:00,2106.0,2106.75,2105.75,2106.75,1549.0
2015-02-24 14:20:00,2106.5,2107.0,2106.5,2106.5,1126.0
2015-02-24 14:25:00,2106.75,2107.0,2106.25,2106.5,2679.0
2015-02-24 14:30:00,2106.5,2108.5,2105.75,2106.5,30660.0
2015-02-24 14:35:00,2106.5,2107.0,2105.25,2106.25,19745.0
2015-02-24 14:40:00,2106.5,2107.0,2105.5,2106.5,20031.0
2015-02-24 14:45:00,2106.5,2108.5,2106.5,2108.0,17191.0
2015-02-24 14:50:00,2108.0,2108.75,2107.0,2107.25,19793.0
2015-02-24 14:55:00,2107.25,2108.0,2106.5,2107.0,12343.0
2015-02-24 15:00:00,2106.75,2107.25,2102.75,2106.25,37855.0
2015-02-24 15:05:00,2106.0,2107.75,2104.25,2107.25,22094.0
2015-02-24 15:10:00,2107.5,2109.25,2106.75,2107.0,29585.0
2015-02-24 15:15:00,2107.0,2108.25,2105.25,2106.5,19815.0
2015-02-24 15:20:00,2106.75,2110.0,2106.25,2109.5,27178.0
2015-02-24 15:25:00,2109.25,2111.75,2108.75,2111.25,31842.0
2015-02-24 15:30:00,2111.25,2111.5,2110.0,2110.0,14507.0
2015-02-24 15:35:00,2110.25,2111.0,2110.0,2110.5,9837.0
2015-02-24 15:40:00,2110.5,2110.75,2109.5,2110.5,10890.0
2015-02-24 15:45:00,2110.25,2111.25,2109.75,2110.0,17844.0
2015-02-24 15:50:00,2110.0,2110.5,2109.25,2109.75,12194.0
2015-02-24 15:55:00,2109.75,2110.5,2109.5,2110.25,9632.0
2015-02-24 16:00:00,2110.5,2111.0,2110.25,2110.75,12512.0
2015-02-24 16:05:00,2110.75,2112.25,2110.75,2112.25,10865.0
2015-02-24 16:10:00,2112.25,2114.0,2111.75,2113.5,24754.0
2015-02-24 16:15:00,2113.5,2114.25,2113.0,2113.5,12153.0
2015-02-24 16:20:00,2113.25,2113.75,2113.0,2113.0,9696.0
2015-02-24 16:25:00,2113.25,2113.75,2112.5,2112.75,9222.0
2015-02-24 16:30:00,2112.75,2114.0,2112.25,2112.5,13160.0
2015-02-24 16:35:00,2112.75,2112.75,2111.5,2111.5,13833.0
2015-02-24 16:40:00,2111.75,2112.25,2111.5,2111.5,6897.0
2015-02-24 16:45:00,2111.75,2112.25,2111.0,2111.5,7177.0
2015-02-24 16:50:00,2111.5,2112.25,2111.25,2111.75,8746.0
2015-02-24 16:55:00,2111.75,2112.25,2111.25,2112.0,8443.0
2015-02-24 17:00:00,2112.0,2112.0,2110.25,2111.0,9530.0
2015-02-24 17:05:00,2111.25,2112.0,2111.0,2111.75,4374.0
2015-02-24 17:10:00,2112.0,2112.0,2111.5,2111.75,2114.0
2015-02-24 17:15:00,2111.75,2112.0,2110.25,2111.0,8235.0
2015-02-24 17:20:00,2111.0,2111.5,2110.75,2111.25,4138.0
2015-02-24 17:25:00,2111.0,2111.5,2110.25,2110.25,4729.0
2015-02-24 17:30:00,2110.25,2110.75,2106.25,2107.75,26998.0
2015-02-24 17:35:00,2107.75,2108.5,2107.5,2108.0,8961.0
2015-02-24 17:40:00,2108.0,2109.25,2107.5,2109.0,7426.0
2015-02-24 17:45:00,2109.0,2109.5,2108.75,2109.0,6114.0
2015-02-24 17:50:00,2109.0,2109.25,2108.75,2109.0,4685.0
2015-02-24 17:55:00,2109.25,2111.25,2109.0,2110.5,12589.0
2015-02-24 18:00:00,2110.5,2110.75,2109.75,2110.0,5927.0
2015-02-24 18:05:00,2109.75,2110.5,2109.5,2109.5,4976.0
2015-02-24 18:10:00,2109.5,2110.75,2109.5,2110.5,4741.0
2015-02-24 18:15:00,2110.25,2110.5,2109.5,2109.75,6643.0
2015-02-24 18:20:00,2109.75,2110.0,2109.0,2109.75,5993.0
2015-02-24 18:25:00,2109.75,2110.5,2109.25,2110.0,5401.0
2015-02-24 18:30:00,2110.0,2111.5,2109.5,2111.25,7593.0
2015-02-24 18:35:00,2111.25,2111.5,2110.75,2111.25,5638.0
2015-02-24 18:40:00,2111.0,2111.75,2110.5,2111.75,6571.0
2015-02-24 18:45:00,2111.5,2112.5,2111.25,2111.75,10443.0
2015-02-24 18:50:00,2111.75,2112.0,2111.0,2111.5,5938.0
2015-02-24 18:55:00,2111.5,2112.25,2111.25,2112.25,3892.0
2015-02-24 19:00:00,2112.25,2112.5,2111.5,2111.75,5881.0
2015-02-24 19:05:00,2111.75,2112.0,2110.25,2111.0,7955.0
2015-02-24 19:10:00,2111.0,2111.5,2110.75,2111.25,5179.0
2015-02-24 19:15:00,2111.25,2111.75,2111.0,2111.25,4286.0
2015-02-24 19:20:00,2111.25,2112.0,2111.25,2111.75,3710.0
2015-02-24 19:25:00,2112.0,2112.25,2111.0,2111.5,6963.0
2015-02-24 19:30:00,2111.5,2111.5,2110.5,2110.5,5315.0
2015-02-24 19:35:00,2110.75,2111.25,2110.25,2111.0,8077.0
2015-02-24 19:40:00,2111.0,2111.75,2111.0,2111.75,5051.0
2015-02-24 19:45:00,2111.5,2112.25,2111.25,2111.5,5102.0
2015-02-24 19:50:00,2111.5,2112.5,2111.25,2112.25,4665.0
2015-02-24 19:55:00,2112.25,2113.0,2112.0,2112.5,10146.0
2015-02-24 20:00:00,2112.75,2113.5,2112.5,2112.75,9927.0
2015-02-24 20:05:00,2112.75,2113.5,2112.5,2113.5,6329.0
2015-02-24 20:10:00,2113.25,2113.75,2112.75,2113.0,7277.0
2015-02-24 20:15:00,2113.0,2114.0,2113.0,2113.5,6425.0
2015-02-24 20:20:00,2113.5,2114.75,2113.5,2114.5,10964.0
2015-02-24 20:25:00,2114.5,2114.75,2114.25,2114.75,7984.0
2015-02-24 20:30:00,2114.5,2115.0,2114.0,2114.5,13965.0
2015-02-24 20:35:00,2114.5,2114.75,2114.25,2114.5,4251.0
2015-02-24 20:40:00,2114.25,2115.75,2114.0,2114.75,21432.0
2015-02-24 20:45:00,2115.0,2115.25,2113.75,2114.0,18547.0
2015-02-24 20:50:00,2113.75,2114.0,2112.5,2113.0,20464.0
2015-02-24 20:55:00,2113.0,2114.0,2112.25,2114.0,21105.0
2015-02-24 21:00:00,2114.0,2114.25,2112.75,2113.5,59734.0
2015-02-24 21:05:00,2113.5,2113.75,2112.5,2113.25,10352.0
2015-02-24 21:10:00,2113.0,2113.75,2112.75,2113.5,4909.0
2015-02-24 21:15:00,2113.75,2113.75,2113.5,2113.75,3129.0
2015-02-24 21:30:00,2113.5,2114.25,2113.5,2114.0,2211.0
2015-02-24 21:35:00,2114.0,2114.25,2113.75,2113.75,313.0
2015-02-24 21:40:00,2114.0,2114.25,2113.75,2114.0,502.0
2015-02-24 21:45:00,2114.25,2114.5,2113.75,2114.25,707.0
2015-02-24 21:50:00,2114.25,2114.5,2114.0,2114.25,624.0
2015-02-24 21:55:00,2114.0,2114.25,2114.0,2114.0,377.0
2015-02-24 22:00:00,2114.0,2114.25,2113.75,2114.0,220.0
2015-02-24 22:05:00,2114.0,2114.25,2113.75,2113.75,318.0
2015-02-24 22:10:00,2113.75,2114.0,2113.75,2114.0,227.0
2015-02-24 22:15:00,2114.0,2114.0,2113.5,2113.75,463.0
2015-02-24 23:00:00,2113.75,2114.0,2113.25,2113.25,1242.0
2015-02-24 23:05:00,2113.25,2113.75,2113.25,2113.25,486.0
2015-02-24 23:10:00,2113.5,2113.75,2113.5,2113.5,142.0
2015-02-24 23:15:00,2113.5,2113.75,2113.25,2113.5,222.0
2015-02-24 23:20:00,2113.5,2114.0,2113.5,2113.75,165.0
2015-02-24 23:25:00,2113.75,2114.0,2113.75,2114.0,25.0
2015-02-24 23:30:00,2114.0,2114.0,2113.75,2113.75,36.0
2015-02-24 23:35:00,2113.75,2114.0,2113.75,2114.0,48.0
2015-02-24 23:40:00,2113.75,2114.0,2113.75,2113.75,333.0
2015-02-24 23:45:00,2113.75,2113.75,2113.75,2113.75,17.0
2015-02-24 23:50:00,2114.0,2114.0,2113.5,2113.75,237.0
2015-02-24 23:55:00,2113.75,2114.0,2113.5,2113.75,69.0
2015-02-25 00:00:00,2113.5,2113.75,2112.5,2112.5,833.0
2015-02-25 00:05:00,2112.75,2112.75,2112.25,2112.5,435.0
2015-02-25 00:10:00,2112.5,2113.0,2112.25,2112.75,384.0
2015-02-25 00:15:00,2112.5,2112.5,2112.0,2112.0,460.0
2015-02-25 00:20:00,2112.0,2112.75,2112.0,2112.5,702.0
2015-02-25 00:25:00,2112.75,2112.75,2112.25,2112.5,564.0
2015-02-25 00:30:00,2112.5,2112.75,2112.5,2112.75,103.0
2015-02-25 00:35:00,2112.5,2113.0,2112.5,2113.0,211.0
2015-02-25 00:40:00,2112.75,2113.25,2112.75,2113.0,120.0
2015-02-25 00:45:00,2113.0,2113.25,2113.0,2113.0,85.0
2015-02-25 00:50:00,2113.25,2113.25,2113.0,2113.0,28.0
2015-02-25 00:55:00,2113.0,2113.25,2113.0,2113.25,132.0
2015-02-25 01:00:00,2113.25,2113.5,2113.0,2113.5,157.0
2015-02-25 01:05:00,2113.25,2113.5,2113.25,2113.5,316.0
2015-02-25 01:10:00,2113.25,2113.5,2113.25,2113.5,384.0
2015-02-25 01:15:00,2113.5,2113.75,2113.25,2113.5,263.0
2015-02-25 01:20:00,2113.75,2113.75,2113.25,2113.5,256.0
2015-02-25 01:25:00,2113.25,2113.5,2113.0,2113.25,91.0
2015-02-25 01:30:00,2113.0,2113.25,2112.75,2113.25,400.0
2015-02-25 01:35:00,2113.0,2113.25,2112.75,2113.0,85.0
2015-02-25 01:40:00,2113.0,2113.25,2112.25,2112.75,418.0
2015-02-25 01:45:00,2112.75,2113.75,2112.75,2113.25,625.0
2015-02-25 01:50:00,2113.25,2113.25,2113.0,2113.0,290.0
2015-02-25 01:55:00,2113.0,2113.25,2113.0,2113.25,288.0
2015-02-25 02:00:00,2113.0,2113.25,2113.0,2113.25,66.0
2015-02-25 02:05:00,2113.25,2113.25,2113.0,2113.25,212.0
2015-02-25 02:10:00,2113.25,2113.75,2113.25,2113.25,286.0
2015-02-25 02:15:00,2113.5,2113.75,2113.5,2113.5,80.0
2015-02-25 02:20:00,2113.5,2113.75,2113.5,2113.75,128.0
2015-02-25 02:25:00,2113.75,2113.75,2113.5,2113.5,217.0
2015-02-25 02:30:00,2113.5,2113.5,2113.0,2113.0,119.0
2015-02-25 02:35:00,2113.0,2113.25,2112.75,2113.0,112.0
2015-02-25 02:40:00,2113.25,2113.25,2112.25,2112.5,879.0
2015-02-25 02:45:00,2112.5,2112.75,2112.5,2112.5,37.0
2015-02-25 02:50:00,2112.5,2112.75,2112.25,2112.5,265.0
2015-02-25 02:55:00,2112.5,2112.5,2112.0,2112.25,265.0
2015-02-25 03:00:00,2112.5,2112.5,2112.25,2112.25,141.0
2015-02-25 03:05:00,2112.25,2112.5,2112.0,2112.5,84.0
2015-02-25 03:10:00,2112.5,2112.75,2112.5,2112.75,190.0
2015-02-25 03:15:00,2112.75,2112.75,2112.5,2112.75,31.0
2015-02-25 03:20:00,2112.75,2112.75,2112.5,2112.75,5.0
2015-02-25 03:25:00,2112.75,2112.75,2112.75,2112.75,73.0
2015-02-25 03:30:00,2112.75,2112.75,2112.5,2112.5,7.0
2015-02-25 03:35:00,2112.75,2112.75,2112.5,2112.75,31.0
2015-02-25 03:40:00,2112.75,2113.0,2112.75,2112.75,199.0
2015-02-25 03:45:00,2112.75,2113.0,2112.75,2112.75,178.0
2015-02-25 03:50:00,2112.75,2113.0,2112.75,2112.75,66.0
2015-02-25 03:55:00,2113.0,2113.0,2112.75,2112.75,78.0
2015-02-25 04:00:00,2112.75,2112.75,2112.75,2112.75,29.0
2015-02-25 04:05:00,2112.75,2112.75,2112.75,2112.75,20.0
2015-02-25 04:10:00,2113.0,2113.0,2112.75,2113.0,30.0
2015-02-25 04:15:00,2112.75,2113.0,2112.75,2113.0,273.0
2015-02-25 04:20:00,2113.0,2113.0,2112.75,2113.0,276.0
2015-02-25 04:25:00,2113.0,2113.0,2112.75,2112.75,170.0
2015-02-25 04:30:00,2112.75,2113.0,2112.75,2113.0,12.0
2015-02-25 04:35:00,2113.0,2113.0,2112.75,2113.0,82.0
2015-02-25 04:40:00,2113.0,2113.25,2113.0,2113.0,76.0
2015-02-25 04:45:00,2113.25,2113.25,2113.0,2113.0,116.0
2015-02-25 04:50:00,2113.25,2113.25,2112.75,2113.0,100.0
2015-02-25 04:55:00,2113.0,2113.25,2112.75,2113.0,126.0
2015-02-25 05:00:00,2113.0,2113.0,2112.75,2112.75,39.0
2015-02-25 05:05:00,2113.0,2113.25,2112.75,2113.0,210.0
2015-02-25 05:10:00,2113.0,2113.0,2112.75,2113.0,19.0
2015-02-25 05:15:00,2113.0,2113.0,2112.75,2113.0,64.0
2015-02-25 05:20:00,2113.0,2113.0,2113.0,2113.0,71.0
2015-02-25 05:25:00,2113.0,2113.0,2113.0,2113.0,150.0
2015-02-25 05:30:00,2113.0,2113.25,2113.0,2113.25,62.0
2015-02-25 05:35:00,2113.25,2113.25,2113.0,2113.0,55.0
2015-02-25 05:40:00,2113.0,2113.25,2113.0,2113.0,210.0
2015-02-25 05:45:00,2113.25,2113.25,2113.0,2113.0,31.0
2015-02-25 05:50:00,2113.25,2113.25,2113.0,2113.25,10.0
2015-02-25 05:55:00,2113.0,2113.5,2113.0,2113.25,303.0
2015-02-25 06:00:00,2113.5,2113.5,2112.75,2112.75,232.0
2015-02-25 06:05:00,2113.0,2113.25,2112.75,2113.0,129.0
2015-02-25 06:10:00,2113.25,2113.75,2113.0,2113.75,184.0
2015-02-25 06:15:00,2113.75,2114.0,2113.75,2113.75,168.0
2015-02-25 06:20:00,2114.0,2114.0,2113.75,2114.0,49.0
2015-02-25 06:25:00,2114.0,2114.0,2113.75,2113.75,125.0
2015-02-25 06:30:00,2113.75,2114.0,2113.5,2113.5,88.0
2015-02-25 06:35:00,2113.5,2113.75,2113.5,2113.75,24.0
2015-02-25 06:40:00,2113.5,2113.75,2113.5,2113.5,19.0
2015-02-25 06:45:00,2113.5,2113.5,2113.0,2113.0,91.0
2015-02-25 06:50:00,2113.0,2113.25,2113.0,2113.0,22.0
2015-02-25 06:55:00,2113.25,2113.5,2113.0,2113.5,54.0
2015-02-25 07:00:00,2113.25,2113.5,2112.0,2112.25,851.0
2015-02-25 07:05:00,2112.25,2112.75,2112.25,2112.25,498.0
2015-02-25 07:10:00,2112.25,2112.75,2112.0,2112.25,351.0
2015-02-25 07:15:00,2112.25,2112.75,2112.25,2112.5,444.0
2015-02-25 07:20:00,2112.25,2112.5,2112.0,2112.0,383.0
2015-02-25 07:25:00,2112.0,2112.25,2112.0,2112.0,113.0
2015-02-25 07:30:00,2112.25,2112.25,2111.5,2111.75,671.0
2015-02-25 07:35:00,2111.5,2111.75,2111.5,2111.75,74.0
2015-02-25 07:40:00,2111.5,2111.75,2111.25,2111.5,468.0
2015-02-25 07:45:00,2111.25,2112.25,2111.25,2112.0,353.0
2015-02-25 07:50:00,2112.25,2112.25,2111.75,2112.0,272.0
2015-02-25 07:55:00,2112.0,2112.0,2111.75,2112.0,29.0
2015-02-25 08:00:00,2111.75,2113.0,2111.75,2113.0,1203.0
2015-02-25 08:05:00,2112.75,2113.5,2112.75,2112.75,1788.0
2015-02-25 08:10:00,2112.75,2113.5,2112.5,2113.25,1333.0
2015-02-25 08:15:00,2113.25,2114.25,2113.0,2113.75,1663.0
2015-02-25 08:20:00,2113.5,2114.0,2113.25,2113.5,852.0
2015-02-25 08:25:00,2113.75,2114.0,2113.25,2114.0,752.0
2015-02-25 08:30:00,2114.0,2114.0,2112.75,2113.25,873.0
2015-02-25 08:35:00,2113.25,2113.5,2113.0,2113.25,967.0
2015-02-25 08:40:00,2113.25,2113.75,2113.0,2113.5,1035.0
2015-02-25 08:45:00,2113.25,2113.5,2112.75,2113.0,616.0
2015-02-25 08:50:00,2113.0,2113.5,2112.25,2112.5,1135.0
2015-02-25 08:55:00,2112.5,2112.75,2112.25,2112.5,481.0
2015-02-25 09:00:00,2112.5,2113.25,2112.25,2113.0,1434.0
2015-02-25 09:05:00,2113.0,2113.25,2112.25,2112.5,713.0
2015-02-25 09:10:00,2112.5,2112.75,2112.25,2112.5,716.0
2015-02-25 09:15:00,2112.25,2112.75,2112.0,2112.25,373.0
2015-02-25 09:20:00,2112.0,2112.5,2112.0,2112.25,793.0
2015-02-25 09:25:00,2112.25,2112.5,2112.0,2112.0,534.0
2015-02-25 09:30:00,2112.0,2112.25,2111.5,2111.5,1234.0
2015-02-25 09:35:00,2111.5,2111.75,2110.75,2111.0,1242.0
2015-02-25 09:40:00,2111.25,2111.75,2111.0,2111.5,485.0
2015-02-25 09:45:00,2111.5,2111.75,2111.25,2111.75,313.0
2015-02-25 09:50:00,2111.5,2111.75,2110.75,2111.0,1372.0
2015-02-25 09:55:00,2111.0,2111.25,2111.0,2111.0,126.0
2015-02-25 10:00:00,2111.0,2111.75,2111.0,2111.75,332.0
2015-02-25 10:05:00,2111.75,2112.0,2111.5,2111.5,379.0
2015-02-25 10:10:00,2111.75,2112.0,2111.25,2111.5,339.0
2015-02-25 10:15:00,2111.5,2112.0,2111.25,2112.0,705.0
2015-02-25 10:20:00,2112.0,2112.25,2111.75,2112.0,755.0
2015-02-25 10:25:00,2112.0,2112.75,2112.0,2112.5,479.0
2015-02-25 10:30:00,2112.5,2112.5,2112.0,2112.25,670.0
2015-02-25 10:35:00,2112.25,2112.5,2112.25,2112.25,489.0
2015-02-25 10:40:00,2112.25,2112.25,2111.5,2111.5,416.0
2015-02-25 10:45:00,2111.75,2112.25,2111.5,2112.25,326.0
2015-02-25 10:50:00,2112.25,2112.25,2111.75,2112.25,292.0
2015-02-25 10:55:00,2112.0,2112.0,2111.75,2112.0,454.0
2015-02-25 11:00:00,2112.0,2112.25,2111.75,2111.75,332.0
2015-02-25 11:05:00,2111.75,2111.75,2110.75,2110.75,1080.0
2015-02-25 11:10:00,2110.75,2111.75,2110.75,2111.25,733.0
2015-02-25 11:15:00,2111.5,2111.75,2111.25,2111.25,350.0
2015-02-25 11:20:00,2111.5,2111.5,2110.5,2110.75,959.0
2015-02-25 11:25:00,2111.0,2111.25,2110.75,2111.25,314.0
2015-02-25 11:30:00,2111.0,2111.5,2110.75,2111.0,985.0
2015-02-25 11:35:00,2111.0,2111.0,2110.5,2111.0,517.0
2015-02-25 11:40:00,2111.0,2111.75,2110.75,2111.5,652.0
2015-02-25 11:45:00,2111.75,2112.0,2111.5,2111.5,379.0
2015-02-25 11:50:00,2111.5,2112.0,2111.5,2111.5,387.0
2015-02-25 11:55:00,2111.5,2111.75,2110.5,2110.75,914.0
2015-02-25 12:00:00,2110.75,2111.0,2110.25,2111.0,1233.0
2015-02-25 12:05:00,2111.0,2111.25,2110.75,2111.0,725.0
2015-02-25 12:10:00,2111.25,2111.25,2110.75,2111.0,456.0
2015-02-25 12:15:00,2111.25,2111.5,2110.5,2110.5,684.0
2015-02-25 12:20:00,2110.5,2111.0,2110.0,2110.75,1032.0
2015-02-25 12:25:00,2110.75,2111.75,2110.25,2111.5,2291.0
2015-02-25 12:30:00,2111.5,2112.0,2111.5,2111.5,1349.0
2015-02-25 12:35:00,2111.5,2112.0,2111.5,2111.75,706.0
2015-02-25 12:40:00,2111.75,2112.0,2111.75,2111.75,860.0
2015-02-25 12:45:00,2111.75,2112.25,2111.75,2112.25,505.0
2015-02-25 12:50:00,2112.25,2112.25,2111.5,2112.0,639.0
2015-02-25 12:55:00,2112.0,2112.5,2111.75,2112.25,790.0
2015-02-25 13:00:00,2112.0,2112.25,2111.75,2112.0,1049.0
2015-02-25 13:05:00,2112.0,2112.5,2112.0,2112.0,503.0
2015-02-25 13:10:00,2112.0,2112.0,2111.75,2112.0,408.0
2015-02-25 13:15:00,2112.0,2112.0,2111.5,2111.5,874.0
2015-02-25 13:20:00,2111.5,2111.75,2111.25,2111.25,474.0
2015-02-25 13:25:00,2111.5,2112.0,2111.25,2111.75,789.0
2015-02-25 13:30:00,2111.75,2112.0,2111.5,2111.75,911.0
2015-02-25 13:35:00,2111.75,2112.0,2111.5,2111.75,430.0
2015-02-25 13:40:00,2111.5,2111.75,2111.25,2111.25,1195.0
2015-02-25 13:45:00,2111.5,2111.5,2111.25,2111.5,670.0
2015-02-25 13:50:00,2111.5,2112.0,2111.25,2112.0,942.0
2015-02-25 13:55:00,2112.0,2112.25,2111.5,2112.0,1046.0
2015-02-25 14:00:00,2111.75,2112.0,2111.75,2111.75,510.0
2015-02-25 14:05:00,2111.75,2112.25,2111.75,2112.25,504.0
2015-02-25 14:10:00,2112.0,2112.5,2111.75,2112.25,849.0
2015-02-25 14:15:00,2112.25,2112.25,2111.5,2111.5,1322.0
2015-02-25 14:20:00,2111.5,2111.75,2111.25,2111.25,978.0
2015-02-25 14:25:00,2111.5,2111.5,2111.0,2111.25,2215.0
2015-02-25 14:30:00,2111.25,2113.0,2111.25,2111.25,18108.0
2015-02-25 14:35:00,2111.25,2111.75,2111.0,2111.5,15943.0
2015-02-25 14:40:00,2111.5,2112.25,2109.5,2109.5,23351.0
2015-02-25 14:45:00,2109.75,2110.75,2109.25,2110.25,12726.0
2015-02-25 14:50:00,2110.25,2110.5,2108.75,2109.25,16754.0
2015-02-25 14:55:00,2109.25,2110.0,2109.0,2110.0,7553.0
2015-02-25 15:00:00,2109.75,2111.5,2109.5,2110.75,15640.0
2015-02-25 15:05:00,2110.5,2111.25,2109.25,2111.25,12384.0
2015-02-25 15:10:00,2111.0,2111.75,2110.5,2111.0,14082.0
2015-02-25 15:15:00,2110.75,2111.25,2109.75,2110.0,10211.0
2015-02-25 15:20:00,2110.0,2110.75,2109.75,2110.75,8693.0
2015-02-25 15:25:00,2110.75,2111.0,2110.0,2110.5,9629.0
2015-02-25 15:30:00,2110.75,2111.75,2109.25,2110.75,21517.0
2015-02-25 15:35:00,2110.75,2111.25,2110.25,2111.0,9709.0
2015-02-25 15:40:00,2111.0,2111.5,2110.5,2111.25,6650.0
2015-02-25 15:45:00,2111.5,2112.5,2111.25,2112.25,15612.0
2015-02-25 15:50:00,2112.25,2112.25,2111.5,2112.0,7054.0
2015-02-25 15:55:00,2112.0,2112.5,2111.25,2111.5,6559.0
2015-02-25 16:00:00,2111.5,2111.75,2110.75,2111.25,6967.0
2015-02-25 16:05:00,2111.5,2111.75,2110.75,2111.0,5367.0
2015-02-25 16:10:00,2111.0,2111.25,2110.0,2110.75,11361.0
2015-02-25 16:15:00,2111.0,2111.5,2110.5,2111.5,4749.0
2015-02-25 16:20:00,2111.5,2112.75,2111.25,2112.25,8531.0
2015-02-25 16:25:00,2112.25,2113.0,2112.0,2113.0,7404.0
2015-02-25 16:30:00,2113.0,2113.0,2112.25,2112.25,8781.0
2015-02-25 16:35:00,2112.5,2113.25,2112.25,2112.75,11694.0
2015-02-25 16:40:00,2112.75,2113.25,2112.0,2112.25,16421.0
2015-02-25 16:45:00,2112.5,2113.25,2112.25,2113.25,12583.0
2015-02-25 16:50:00,2113.25,2114.5,2113.0,2113.75,18754.0
2015-02-25 16:55:00,2113.75,2114.0,2113.25,2113.25,9594.0
2015-02-25 17:00:00,2113.25,2113.5,2112.75,2113.5,10939.0
2015-02-25 17:05:00,2113.25,2114.0,2113.25,2113.75,9917.0
2015-02-25 17:10:00,2113.75,2113.75,2113.0,2113.75,4314.0
2015-02-25 17:15:00,2113.5,2114.0,2113.25,2113.5,4151.0
2015-02-25 17:20:00,2113.25,2113.5,2113.0,2113.5,3058.0
2015-02-25 17:25:00,2113.5,2113.75,2113.0,2113.0,3533.0
2015-02-25 17:30:00,2113.0,2113.5,2112.75,2113.5,4509.0
2015-02-25 17:35:00,2113.25,2113.75,2113.25,2113.25,4108.0
2015-02-25 17:40:00,2113.5,2114.0,2113.0,2113.75,5274.0
2015-02-25 17:45:00,2113.75,2114.25,2113.5,2114.25,4162.0
2015-02-25 17:50:00,2114.25,2114.75,2113.75,2113.75,6623.0
2015-02-25 17:55:00,2114.0,2114.25,2113.75,2114.0,3476.0
2015-02-25 18:00:00,2114.25,2114.75,2113.75,2114.5,4492.0
2015-02-25 18:05:00,2114.5,2114.75,2113.5,2113.75,6263.0
2015-02-25 18:10:00,2113.5,2114.0,2113.25,2113.75,4933.0
2015-02-25 18:15:00,2113.75,2115.0,2113.75,2114.25,7718.0
2015-02-25 18:20:00,2114.25,2115.0,2114.25,2114.25,4115.0
2015-02-25 18:25:00,2114.5,2115.0,2114.25,2115.0,4845.0
2015-02-25 18:30:00,2115.0,2116.5,2114.75,2115.75,14360.0
2015-02-25 18:35:00,2115.75,2117.25,2115.75,2117.0,20689.0
2015-02-25 18:40:00,2117.25,2117.75,2116.5,2116.75,10241.0
2015-02-25 18:45:00,2116.75,2117.25,2116.25,2116.25,8334.0
2015-02-25 18:50:00,2116.25,2117.0,2116.25,2116.5,5693.0
2015-02-25 18:55:00,2116.5,2117.0,2116.25,2116.5,5456.0
2015-02-25 19:00:00,2116.5,2117.0,2116.25,2116.5,5654.0
2015-02-25 19:05:00,2116.5,2116.5,2115.0,2115.25,11924.0
2015-02-25 19:10:00,2115.25,2115.75,2115.0,2115.5,3837.0
2015-02-25 19:15:00,2115.5,2116.25,2115.25,2115.75,5876.0
2015-02-25 19:20:00,2115.75,2116.0,2114.5,2114.75,5363.0
2015-02-25 19:25:00,2114.75,2114.75,2113.5,2114.25,11188.0
2015-02-25 19:30:00,2114.25,2114.75,2113.5,2113.5,8013.0
2015-02-25 19:35:00,2113.5,2114.0,2112.0,2112.25,14188.0
2015-02-25 19:40:00,2112.25,2112.5,2109.75,2111.0,26026.0
2015-02-25 19:45:00,2111.0,2111.75,2110.0,2111.5,11166.0
2015-02-25 19:50:00,2111.5,2111.5,2108.5,2110.25,21370.0
2015-02-25 19:55:00,2110.5,2111.5,2110.0,2111.0,11532.0
2015-02-25 20:00:00,2110.75,2111.0,2108.5,2109.25,17866.0
2015-02-25 20:05:00,2109.0,2109.0,2107.25,2109.0,18480.0
2015-02-25 20:10:00,2109.0,2109.75,2108.0,2109.5,11094.0
2015-02-25 20:15:00,2109.5,2110.25,2109.25,2109.75,8385.0
2015-02-25 20:20:00,2109.75,2110.25,2109.25,2109.5,5916.0
2015-02-25 20:25:00,2109.75,2110.0,2108.0,2108.25,9387.0
2015-02-25 20:30:00,2108.25,2110.0,2107.75,2109.0,10283.0
2015-02-25 20:35:00,2108.75,2110.0,2108.5,2109.5,9806.0
2015-02-25 20:40:00,2109.5,2110.0,2108.5,2110.0,10008.0
2015-02-25 20:45:00,2110.0,2110.75,2109.75,2110.25,13214.0
2015-02-25 20:50:00,2110.5,2112.0,2110.0,2111.75,18393.0
2015-02-25 20:55:00,2111.75,2112.5,2111.25,2111.75,18429.0
2015-02-25 21:00:00,2112.0,2112.5,2110.25,2110.25,57639.0
2015-02-25 21:05:00,2110.5,2111.25,2110.25,2110.75,5497.0
2015-02-25 21:10:00,2110.75,2111.25,2110.25,2110.5,5312.0
2015-02-25 21:15:00,2110.25,2110.75,2110.0,2110.25,6609.0
2015-02-25 21:30:00,2110.75,2111.0,2110.25,2111.0,3515.0
2015-02-25 21:35:00,2111.0,2111.25,2110.75,2111.0,624.0
2015-02-25 21:40:00,2111.0,2111.25,2110.75,2110.75,380.0
2015-02-25 21:45:00,2110.75,2111.25,2110.75,2110.75,438.0
2015-02-25 21:50:00,2111.0,2111.0,2110.75,2111.0,79.0
2015-02-25 21:55:00,2111.0,2111.0,2110.75,2111.0,88.0
2015-02-25 22:00:00,2111.0,2111.25,2110.75,2111.0,400.0
2015-02-25 22:05:00,2111.0,2111.0,2110.75,2110.75,288.0
2015-02-25 22:10:00,2110.75,2111.0,2110.5,2110.75,465.0
2015-02-25 22:15:00,2110.75,2111.0,2110.5,2110.5,736.0
2015-02-25 23:00:00,2110.5,2110.5,2109.75,2109.75,1531.0
2015-02-25 23:05:00,2109.75,2110.0,2109.75,2109.75,298.0
2015-02-25 23:10:00,2109.75,2110.5,2109.75,2110.5,192.0
2015-02-25 23:15:00,2110.25,2110.5,2110.25,2110.5,27.0
2015-02-25 23:20:00,2110.5,2110.5,2110.25,2110.25,149.0
2015-02-25 23:25:00,2110.25,2110.75,2110.25,2110.75,152.0
2015-02-25 23:30:00,2110.75,2111.0,2110.5,2110.75,174.0
2015-02-25 23:35:00,2110.75,2111.0,2110.5,2110.5,179.0
2015-02-25 23:40:00,2110.75,2110.75,2110.5,2110.5,72.0
2015-02-25 23:45:00,2110.75,2111.0,2110.5,2110.75,211.0
2015-02-25 23:50:00,2110.75,2110.75,2110.25,2110.25,212.0
2015-02-25 23:55:00,2110.5,2110.5,2110.0,2110.0,279.0
2015-02-26 00:00:00,2110.0,2110.25,2109.75,2110.0,204.0
2015-02-26 00:05:00,2110.25,2110.5,2110.0,2110.25,57.0
2015-02-26 00:10:00,2110.5,2110.75,2110.25,2110.5,181.0
2015-02-26 00:15:00,2110.5,2110.5,2110.25,2110.25,90.0
2015-02-26 00:20:00,2110.25,2110.5,2110.0,2110.0,70.0
2015-02-26 00:25:00,2110.0,2110.25,2110.0,2110.0,24.0
2015-02-26 00:30:00,2110.25,2110.75,2110.0,2110.5,551.0
2015-02-26 00:35:00,2110.5,2110.75,2110.5,2110.75,23.0
2015-02-26 00:40:00,2110.5,2111.0,2110.5,2111.0,232.0
2015-02-26 00:45:00,2111.0,2111.25,2110.75,2110.75,260.0
2015-02-26 00:50:00,2111.0,2111.25,2110.75,2111.0,92.0
2015-02-26 00:55:00,2111.0,2111.0,2111.0,2111.0,143.0
2015-02-26 01:00:00,2110.75,2111.0,2110.75,2111.0,51.0
2015-02-26 01:05:00,2110.75,2111.0,2110.75,2110.75,132.0
2015-02-26 01:10:00,2110.75,2111.0,2110.5,2110.75,137.0
2015-02-26 01:15:00,2111.0,2111.0,2110.75,2110.75,54.0
2015-02-26 01:20:00,2110.75,2111.25,2110.75,2111.0,256.0
2015-02-26 01:25:00,2110.75,2111.0,2110.75,2111.0,24.0
2015-02-26 01:30:00,2111.0,2111.25,2110.75,2111.0,182.0
2015-02-26 01:35:00,2111.25,2111.25,2110.75,2110.75,185.0
2015-02-26 01:40:00,2110.75,2110.75,2110.5,2110.5,135.0
2015-02-26 01:45:00,2110.75,2110.75,2110.5,2110.75,27.0
2015-02-26 01:50:00,2110.5,2110.75,2110.25,2110.5,262.0
2015-02-26 01:55:00,2110.75,2110.75,2110.5,2110.5,19.0
2015-02-26 02:00:00,2110.75,2110.75,2110.5,2110.5,74.0
2015-02-26 02:05:00,2110.75,2110.75,2110.5,2110.75,45.0
2015-02-26 02:10:00,2110.75,2110.75,2110.5,2110.75,18.0
2015-02-26 02:15:00,2110.75,2111.0,2110.75,2110.75,134.0
2015-02-26 02:20:00,2111.0,2111.0,2111.0,2111.0,34.0
2015-02-26 02:25:00,2111.0,2111.0,2110.75,2111.0,28.0
2015-02-26 02:30:00,2110.75,2111.25,2110.75,2111.25,174.0
2015-02-26 02:35:00,2111.25,2111.25,2111.0,2111.25,40.0
2015-02-26 02:40:00,2111.25,2111.5,2111.25,2111.25,302.0
2015-02-26 02:45:00,2111.0,2111.25,2111.0,2111.25,19.0
2015-02-26 02:50:00,2111.25,2111.25,2111.0,2111.25,12.0
2015-02-26 02:55:00,2111.25,2111.25,2111.0,2111.0,15.0
2015-02-26 03:00:00,2111.25,2111.25,2111.0,2111.0,20.0
2015-02-26 03:05:00,2111.25,2111.5,2111.0,2111.5,114.0
2015-02-26 03:10:00,2111.5,2111.75,2111.25,2111.25,303.0
2015-02-26 03:15:00,2111.5,2111.75,2111.25,2111.75,207.0
2015-02-26 03:20:00,2111.5,2112.0,2111.5,2111.75,177.0
2015-02-26 03:25:00,2111.75,2112.25,2111.75,2112.0,475.0
2015-02-26 03:30:00,2112.0,2112.25,2111.75,2112.0,327.0
2015-02-26 03:35:00,2112.0,2112.25,2112.0,2112.0,59.0
2015-02-26 03:40:00,2112.25,2112.5,2112.0,2112.25,300.0
2015-02-26 03:45:00,2112.25,2112.75,2112.0,2112.25,402.0
2015-02-26 03:50:00,2112.0,2112.25,2111.75,2112.25,306.0
2015-02-26 03:55:00,2112.0,2112.0,2111.75,2111.75,81.0
2015-02-26 04:00:00,2112.0,2112.25,2111.75,2112.25,116.0
2015-02-26 04:05:00,2112.0,2112.0,2111.75,2111.75,53.0
2015-02-26 04:10:00,2111.75,2112.0,2111.75,2112.0,152.0
2015-02-26 04:15:00,2112.0,2112.0,2111.5,2111.5,80.0
2015-02-26 04:20:00,2111.75,2111.75,2111.5,2111.75,15.0
2015-02-26 04:25:00,2111.5,2111.75,2111.5,2111.5,45.0
2015-02-26 04:30:00,2111.75,2112.0,2111.5,2111.75,69.0
2015-02-26 04:35:00,2111.75,2112.0,2111.75,2111.75,29.0
2015-02-26 04:40:00,2111.75,2112.0,2111.75,2111.75,51.0
2015-02-26 04:45:00,2111.75,2112.0,2111.75,2112.0,38.0
2015-02-26 04:50:00,2112.0,2112.0,2111.75,2112.0,33.0
2015-02-26 04:55:00,2112.0,2112.0,2111.5,2111.75,156.0
2015-02-26 05:00:00,2111.75,2112.0,2111.5,2112.0,142.0
2015-02-26 05:05:00,2112.0,2112.0,2111.75,2111.75,31.0
2015-02-26 05:10:00,2112.0,2112.0,2111.75,2111.75,75.0
2015-02-26 05:15:00,2112.0,2112.5,2112.0,2112.25,356.0
2015-02-26 05:20:00,2112.25,2112.5,2112.0,2112.0,154.0
2015-02-26 05:25:00,2112.0,2112.25,2111.5,2111.5,257.0
2015-02-26 05:30:00,2111.75,2111.75,2111.5,2111.5,118.0
2015-02-26 05:35:00,2111.5,2112.0,2111.5,2111.5,150.0
2015-02-26 05:40:00,2111.5,2111.5,2111.25,2111.25,54.0
2015-02-26 05:45:00,2111.25,2111.75,2111.25,2111.75,170.0
2015-02-26 05:50:00,2111.75,2112.0,2111.5,2111.5,66.0
2015-02-26 05:55:00,2111.5,2111.75,2111.5,2111.75,13.0
2015-02-26 06:00:00,2111.5,2111.75,2111.5,2111.75,82.0
2015-02-26 06:05:00,2111.75,2112.0,2111.5,2112.0,375.0
2015-02-26 06:10:00,2112.0,2112.5,2111.75,2112.5,308.0
2015-02-26 06:15:00,2112.5,2112.5,2112.25,2112.5,70.0
2015-02-26 06:20:00,2112.5,2112.75,2112.25,2112.5,63.0
2015-02-26 06:25:00,2112.5,2114.25,2112.5,2114.25,933.0
2015-02-26 06:30:00,2114.25,2114.5,2113.75,2114.0,368.0
2015-02-26 06:35:00,2114.0,2114.25,2113.75,2114.0,93.0
2015-02-26 06:40:00,2113.75,2114.0,2113.75,2114.0,24.0
2015-02-26 06:45:00,2113.75,2114.0,2113.75,2113.75,183.0
2015-02-26 06:50:00,2113.5,2113.5,2113.0,2113.25,91.0
2015-02-26 06:55:00,2113.5,2113.75,2113.5,2113.5,48.0
2015-02-26 07:00:00,2113.75,2113.75,2113.0,2113.5,409.0
2015-02-26 07:05:00,2113.5,2113.75,2112.75,2113.0,431.0
2015-02-26 07:10:00,2112.75,2113.0,2112.0,2112.25,427.0
2015-02-26 07:15:00,2112.25,2112.75,2112.25,2112.5,397.0
2015-02-26 07:20:00,2112.5,2113.0,2112.0,2113.0,348.0
2015-02-26 07:25:00,2113.0,2113.0,2112.5,2112.5,222.0
2015-02-26 07:30:00,2112.75,2113.0,2112.25,2113.0,203.0
2015-02-26 07:35:00,2112.75,2113.0,2112.75,2113.0,102.0
2015-02-26 07:40:00,2112.75,2112.75,2111.75,2112.5,710.0
2015-02-26 07:45:00,2112.5,2112.5,2110.75,2111.0,771.0
2015-02-26 07:50:00,2111.0,2111.5,2111.0,2111.25,312.0
2015-02-26 07:55:00,2111.25,2111.5,2110.75,2110.75,396.0
2015-02-26 08:00:00,2110.75,2111.5,2110.25,2110.5,1845.0
2015-02-26 08:05:00,2110.5,2111.0,2110.0,2110.75,1385.0
2015-02-26 08:10:00,2110.5,2111.0,2110.25,2110.75,1138.0
2015-02-26 08:15:00,2110.75,2111.25,2110.5,2111.25,519.0
2015-02-26 08:20:00,2111.25,2113.0,2111.0,2112.5,2335.0
2015-02-26 08:25:00,2112.25,2112.75,2112.0,2112.25,937.0
2015-02-26 08:30:00,2112.0,2113.5,2112.0,2112.5,2064.0
2015-02-26 08:35:00,2112.5,2112.5,2111.5,2112.25,769.0
2015-02-26 08:40:00,2112.25,2112.75,2112.25,2112.5,402.0
2015-02-26 08:45:00,2112.25,2112.75,2111.5,2111.75,779.0
2015-02-26 08:50:00,2111.75,2112.25,2111.25,2112.0,628.0
2015-02-26 08:55:00,2112.0,2112.0,2111.0,2111.5,560.0
2015-02-26 09:00:00,2111.25,2111.75,2110.75,2111.5,932.0
2015-02-26 09:05:00,2111.5,2111.75,2111.25,2111.75,301.0
2015-02-26 09:10:00,2111.75,2113.5,2111.5,2113.0,2447.0
2015-02-26 09:15:00,2113.0,2114.5,2113.0,2114.0,2459.0
2015-02-26 09:20:00,2114.0,2114.75,2113.75,2113.75,1236.0
2015-02-26 09:25:00,2113.75,2114.25,2113.5,2114.0,367.0
2015-02-26 09:30:00,2114.0,2114.25,2113.75,2113.75,507.0
2015-02-26 09:35:00,2113.75,2114.0,2113.25,2113.25,502.0
2015-02-26 09:40:00,2113.5,2113.75,2113.25,2113.75,539.0
2015-02-26 09:45:00,2114.0,2114.5,2113.25,2114.25,735.0
2015-02-26 09:50:00,2114.25,2114.5,2113.5,2114.5,964.0
2015-02-26 09:55:00,2114.5,2114.5,2113.5,2114.0,514.0
2015-02-26 10:00:00,2114.0,2114.0,2113.5,2113.5,411.0
2015-02-26 10:05:00,2113.25,2113.25,2112.75,2113.0,499.0
2015-02-26 10:10:00,2113.25,2113.5,2113.0,2113.0,719.0
2015-02-26 10:15:00,2113.25,2113.5,2112.75,2113.5,205.0
2015-02-26 10:20:00,2113.25,2113.25,2112.5,2112.75,586.0
2015-02-26 10:25:00,2113.0,2113.5,2112.5,2113.25,660.0
2015-02-26 10:30:00,2113.5,2114.0,2113.25,2114.0,389.0
2015-02-26 10:35:00,2114.0,2114.5,2113.5,2113.75,1783.0
2015-02-26 10:40:00,2113.75,2114.25,2113.75,2114.0,602.0
2015-02-26 10:45:00,2114.0,2114.5,2113.5,2113.75,925.0
2015-02-26 10:50:00,2113.75,2114.0,2113.25,2113.25,458.0
2015-02-26 10:55:00,2113.5,2114.0,2113.0,2114.0,1620.0
2015-02-26 11:00:00,2114.0,2114.25,2113.75,2113.75,875.0
2015-02-26 11:05:00,2113.75,2114.0,2113.5,2113.5,425.0
2015-02-26 11:10:00,2113.5,2113.75,2113.25,2113.25,369.0
2015-02-26 11:15:00,2113.5,2113.75,2113.25,2113.5,434.0
2015-02-26 11:20:00,2113.5,2113.75,2113.5,2113.5,101.0
2015-02-26 11:25:00,2113.75,2114.25,2113.75,2114.25,616.0
2015-02-26 11:30:00,2114.0,2114.75,2114.0,2114.75,1115.0
2015-02-26 11:35:00,2114.75,2114.75,2114.0,2114.0,1297.0
2015-02-26 11:40:00,2114.25,2114.5,2114.0,2114.25,1013.0
2015-02-26 11:45:00,2114.25,2114.5,2114.0,2114.0,542.0
2015-02-26 11:50:00,2114.0,2114.25,2114.0,2114.0,408.0
2015-02-26 11:55:00,2114.0,2114.5,2114.0,2114.0,370.0
2015-02-26 12:00:00,2114.25,2114.25,2113.75,2114.0,756.0
2015-02-26 12:05:00,2114.0,2114.25,2113.75,2113.75,415.0
2015-02-26 12:10:00,2114.0,2114.0,2113.25,2113.5,1030.0
2015-02-26 12:15:00,2113.5,2113.75,2113.0,2113.0,456.0
2015-02-26 12:20:00,2113.25,2113.25,2113.0,2113.25,421.0
2015-02-26 12:25:00,2113.0,2113.25,2112.75,2113.25,533.0
2015-02-26 12:30:00,2113.5,2113.5,2112.5,2112.75,534.0
2015-02-26 12:35:00,2112.75,2113.0,2111.75,2112.25,1996.0
2015-02-26 12:40:00,2112.0,2113.0,2112.0,2112.5,1551.0
2015-02-26 12:45:00,2112.5,2113.0,2112.25,2113.0,1978.0
2015-02-26 12:50:00,2112.75,2113.25,2112.75,2113.0,1995.0
2015-02-26 12:55:00,2113.0,2113.0,2112.25,2112.75,1196.0
2015-02-26 13:00:00,2112.75,2112.75,2112.25,2112.75,1400.0
2015-02-26 13:05:00,2112.75,2113.25,2112.25,2112.5,1358.0
2015-02-26 13:10:00,2112.5,2113.75,2112.25,2113.5,2113.0
2015-02-26 13:15:00,2113.5,2113.75,2113.0,2113.25,601.0
2015-02-26 13:20:00,2113.25,2113.5,2112.75,2113.0,590.0
2015-02-26 13:25:00,2113.0,2113.75,2112.75,2112.75,1921.0
2015-02-26 13:30:00,2112.75,2113.5,2111.75,2112.5,4867.0
2015-02-26 13:35:00,2112.25,2113.0,2112.0,2112.5,2758.0
2015-02-26 13:40:00,2112.5,2112.5,2110.5,2111.25,4666.0
2015-02-26 13:45:00,2111.0,2111.25,2109.25,2109.75,7036.0
2015-02-26 13:50:00,2110.0,2110.25,2108.25,2109.25,4131.0
2015-02-26 13:55:00,2109.25,2110.0,2109.25,2109.75,1655.0
2015-02-26 14:00:00,2110.0,2110.0,2108.25,2108.25,3289.0
2015-02-26 14:05:00,2108.25,2109.5,2108.0,2109.25,5319.0
2015-02-26 14:10:00,2109.25,2110.0,2108.5,2109.75,1982.0
2015-02-26 14:15:00,2109.5,2110.0,2109.0,2109.5,2738.0
2015-02-26 14:20:00,2109.75,2109.75,2109.25,2109.5,1271.0
2015-02-26 14:25:00,2109.75,2110.0,2109.5,2109.75,2174.0
2015-02-26 14:30:00,2109.75,2110.75,2108.75,2109.5,24956.0
2015-02-26 14:35:00,2109.5,2111.75,2108.0,2111.25,25977.0
2015-02-26 14:40:00,2111.25,2111.75,2110.75,2111.0,15028.0
2015-02-26 14:45:00,2111.25,2111.5,2108.25,2109.0,21022.0
2015-02-26 14:50:00,2109.0,2109.75,2108.25,2108.5,14725.0
2015-02-26 14:55:00,2108.5,2108.5,2105.25,2105.25,34041.0
2015-02-26 15:00:00,2105.25,2105.25,2103.75,2105.0,31897.0
2015-02-26 15:05:00,2105.0,2106.5,2105.0,2106.25,14778.0
2015-02-26 15:10:00,2106.25,2106.5,2105.0,2105.5,13922.0
2015-02-26 15:15:00,2105.25,2107.75,2105.25,2107.5,14430.0
2015-02-26 15:20:00,2107.25,2107.75,2106.75,2107.0,8228.0
2015-02-26 15:25:00,2107.0,2107.25,2106.5,2107.0,9019.0
2015-02-26 15:30:00,2107.0,2107.5,2106.25,2107.5,11919.0
2015-02-26 15:35:00,2107.25,2109.5,2107.25,2109.25,21008.0
2015-02-26 15:40:00,2109.25,2109.5,2108.25,2108.5,7766.0
2015-02-26 15:45:00,2108.5,2110.0,2108.5,2108.75,11781.0
2015-02-26 15:50:00,2108.5,2109.75,2108.25,2109.25,11580.0
2015-02-26 15:55:00,2109.25,2109.75,2108.75,2109.75,6626.0
2015-02-26 16:00:00,2109.75,2111.0,2109.25,2110.0,15382.0
2015-02-26 16:05:00,2110.0,2112.25,2110.0,2112.0,18093.0
2015-02-26 16:10:00,2112.0,2112.0,2111.0,2111.5,12286.0
2015-02-26 16:15:00,2111.75,2111.75,2110.75,2111.5,7600.0
2015-02-26 16:20:00,2111.75,2111.75,2110.75,2111.0,5261.0
2015-02-26 16:25:00,2111.0,2111.0,2110.0,2110.5,14112.0
2015-02-26 16:30:00,2110.75,2111.5,2110.25,2110.5,16414.0
2015-02-26 16:35:00,2110.75,2111.75,2110.25,2111.75,12708.0
2015-02-26 16:40:00,2111.5,2112.0,2110.75,2111.25,11882.0
2015-02-26 16:45:00,2111.5,2111.75,2110.5,2110.75,9494.0
2015-02-26 16:50:00,2111.0,2111.0,2110.0,2110.75,8825.0
2015-02-26 16:55:00,2110.75,2111.25,2110.0,2110.0,9706.0
2015-02-26 17:00:00,2110.0,2110.25,2109.0,2109.5,15009.0
2015-02-26 17:05:00,2109.5,2110.0,2108.5,2109.0,11329.0
2015-02-26 17:10:00,2108.75,2109.5,2108.75,2109.25,11850.0
2015-02-26 17:15:00,2109.5,2109.5,2108.0,2108.5,12525.0
2015-02-26 17:20:00,2108.5,2108.5,2106.25,2108.0,22994.0
2015-02-26 17:25:00,2107.75,2108.75,2107.5,2108.25,10039.0
2015-02-26 17:30:00,2108.25,2109.25,2107.75,2109.25,7931.0
2015-02-26 17:35:00,2109.0,2110.0,2108.75,2109.5,6246.0
2015-02-26 17:40:00,2109.5,2109.75,2109.0,2109.25,4071.0
2015-02-26 17:45:00,2109.25,2111.75,2108.5,2111.0,13253.0
2015-02-26 17:50:00,2111.0,2111.25,2110.5,2111.0,5880.0
2015-02-26 17:55:00,2111.0,2111.25,2110.25,2111.0,6350.0
2015-02-26 18:00:00,2111.0,2111.25,2110.25,2111.0,4656.0
2015-02-26 18:05:00,2111.0,2111.25,2110.25,2110.75,4761.0
2015-02-26 18:10:00,2110.5,2111.25,2110.5,2110.75,2974.0
2015-02-26 18:15:00,2111.0,2111.25,2110.5,2111.0,4998.0
2015-02-26 18:20:00,2111.0,2111.0,2107.0,2108.0,18634.0
2015-02-26 18:25:00,2108.0,2109.25,2107.75,2109.0,5277.0
2015-02-26 18:30:00,2109.25,2109.25,2108.5,2109.25,4190.0
2015-02-26 18:35:00,2109.25,2110.0,2109.0,2109.75,4916.0
2015-02-26 18:40:00,2109.75,2110.25,2109.25,2109.5,4186.0
2015-02-26 18:45:00,2109.5,2109.75,2108.75,2109.0,3340.0
2015-02-26 18:50:00,2109.25,2109.5,2108.25,2109.0,4069.0
2015-02-26 18:55:00,2109.0,2109.5,2108.5,2108.75,3465.0
2015-02-26 19:00:00,2108.75,2110.0,2108.5,2109.25,5777.0
2015-02-26 19:05:00,2109.25,2109.5,2107.5,2108.0,9138.0
2015-02-26 19:10:00,2108.0,2108.25,2107.0,2107.75,7784.0
2015-02-26 19:15:00,2108.0,2108.25,2106.5,2107.0,8112.0
2015-02-26 19:20:00,2107.0,2107.25,2105.75,2107.0,10095.0
2015-02-26 19:25:00,2107.0,2107.5,2106.25,2106.5,8433.0
2015-02-26 19:30:00,2106.5,2106.5,2104.75,2105.25,14632.0
2015-02-26 19:35:00,2105.25,2105.25,2103.25,2104.75,19755.0
2015-02-26 19:40:00,2104.75,2106.0,2104.25,2104.75,11844.0
2015-02-26 19:45:00,2104.75,2105.5,2104.0,2104.75,8043.0
2015-02-26 19:50:00,2105.0,2106.0,2104.5,2105.25,10007.0
2015-02-26 19:55:00,2105.25,2105.75,2104.0,2104.5,9130.0
2015-02-26 20:00:00,2104.5,2105.0,2102.25,2102.5,22358.0
2015-02-26 20:05:00,2102.75,2104.0,2101.5,2104.0,20448.0
2015-02-26 20:10:00,2104.0,2105.75,2103.25,2105.0,20068.0
2015-02-26 20:15:00,2105.0,2106.75,2104.5,2106.0,12633.0
2015-02-26 20:20:00,2106.0,2107.75,2106.0,2107.0,11211.0
2015-02-26 20:25:00,2106.75,2107.0,2105.5,2106.75,11557.0
2015-02-26 20:30:00,2106.75,2108.0,2106.0,2107.25,10122.0
2015-02-26 20:35:00,2107.25,2107.75,2106.25,2107.0,6991.0
2015-02-26 20:40:00,2107.25,2109.5,2107.0,2109.25,15852.0
2015-02-26 20:45:00,2109.25,2109.5,2108.25,2108.25,13975.0
2015-02-26 20:50:00,2108.5,2109.5,2108.0,2109.0,15021.0
2015-02-26 20:55:00,2109.25,2110.0,2108.5,2109.25,18865.0
2015-02-26 21:00:00,2109.0,2109.75,2108.25,2109.0,61417.0
2015-02-26 21:05:00,2109.25,2109.25,2108.25,2108.75,10382.0
2015-02-26 21:10:00,2108.75,2109.25,2108.25,2109.25,5226.0
2015-02-26 21:15:00,2109.25,2110.25,2109.25,2110.25,7527.0
2015-02-26 21:30:00,2110.0,2110.75,2109.75,2110.5,4255.0
2015-02-26 21:35:00,2110.25,2110.5,2110.25,2110.5,1734.0
2015-02-26 21:40:00,2110.25,2110.75,2110.0,2110.0,1431.0
2015-02-26 21:45:00,2110.0,2110.25,2110.0,2110.0,316.0
2015-02-26 21:50:00,2110.25,2110.25,2110.0,2110.25,128.0
2015-02-26 21:55:00,2110.25,2110.25,2109.75,2110.0,1042.0
2015-02-26 22:00:00,2110.0,2110.25,2109.5,2109.5,847.0
2015-02-26 22:05:00,2109.75,2109.75,2109.5,2109.5,106.0
2015-02-26 22:10:00,2109.75,2109.75,2109.25,2109.25,393.0
2015-02-26 22:15:00,2109.25,2109.75,2109.25,2109.75,462.0
2015-02-26 23:00:00,2109.5,2109.5,2109.0,2109.0,1153.0
2015-02-26 23:05:00,2108.75,2109.0,2108.75,2108.75,230.0
2015-02-26 23:10:00,2108.75,2109.25,2108.75,2109.25,182.0
2015-02-26 23:15:00,2109.25,2109.25,2108.75,2109.0,202.0
2015-02-26 23:20:00,2109.0,2109.25,2108.25,2108.75,940.0
2015-02-26 23:25:00,2108.75,2109.0,2108.5,2108.5,178.0
2015-02-26 23:30:00,2108.5,2108.75,2108.5,2108.5,49.0
2015-02-26 23:35:00,2108.5,2109.0,2108.5,2108.5,146.0
2015-02-26 23:40:00,2108.5,2108.75,2108.5,2108.5,26.0
2015-02-26 23:45:00,2108.5,2108.75,2108.25,2108.25,195.0
2015-02-26 23:50:00,2108.25,2108.5,2108.25,2108.25,154.0
2015-02-26 23:55:00,2108.25,2108.25,2107.75,2107.75,573.0
2015-02-27 00:00:00,2107.75,2108.0,2107.0,2107.25,2121.0
2015-02-27 00:05:00,2107.25,2107.5,2106.5,2107.0,1312.0
2015-02-27 00:10:00,2107.0,2107.25,2106.75,2107.25,387.0
2015-02-27 00:15:00,2107.25,2107.25,2106.75,2107.0,309.0
2015-02-27 00:20:00,2107.0,2107.0,2106.75,2106.75,328.0
2015-02-27 00:25:00,2107.0,2107.25,2106.75,2107.25,333.0
2015-02-27 00:30:00,2107.25,2107.5,2106.75,2107.0,343.0
2015-02-27 00:35:00,2107.0,2107.25,2106.75,2107.0,135.0
2015-02-27 00:40:00,2107.25,2107.25,2107.0,2107.0,189.0
2015-02-27 00:45:00,2107.0,2107.5,2107.0,2107.25,240.0
2015-02-27 00:50:00,2107.25,2107.25,2106.5,2106.5,535.0
2015-02-27 00:55:00,2106.75,2107.0,2106.25,2106.25,867.0
2015-02-27 01:00:00,2106.5,2106.75,2106.25,2106.5,508.0
2015-02-27 01:05:00,2106.5,2107.0,2106.25,2106.75,669.0
2015-02-27 01:10:00,2107.0,2107.0,2106.75,2106.75,141.0
2015-02-27 01:15:00,2106.75,2106.75,2106.25,2106.25,424.0
2015-02-27 01:20:00,2106.25,2106.5,2105.75,2106.5,923.0
2015-02-27 01:25:00,2106.5,2106.75,2106.0,2106.25,405.0
2015-02-27 01:30:00,2106.25,2106.25,2106.0,2106.0,409.0
2015-02-27 01:35:00,2106.0,2106.5,2106.0,2106.5,503.0
2015-02-27 01:40:00,2106.5,2106.75,2106.25,2106.25,392.0
2015-02-27 01:45:00,2106.25,2106.5,2106.0,2106.25,168.0
2015-02-27 01:50:00,2106.0,2106.25,2106.0,2106.0,172.0
2015-02-27 01:55:00,2106.25,2106.5,2106.0,2106.25,133.0
2015-02-27 02:00:00,2106.25,2106.25,2106.0,2106.25,53.0
2015-02-27 02:05:00,2106.25,2106.5,2106.0,2106.5,104.0
2015-02-27 02:10:00,2106.5,2106.5,2106.25,2106.25,15.0
2015-02-27 02:15:00,2106.25,2106.5,2106.25,2106.25,59.0
2015-02-27 02:20:00,2106.25,2106.5,2106.25,2106.5,41.0
2015-02-27 02:25:00,2106.5,2106.5,2106.25,2106.5,156.0
2015-02-27 02:30:00,2106.25,2106.5,2106.25,2106.5,624.0
2015-02-27 02:35:00,2106.5,2106.75,2106.5,2106.75,95.0
2015-02-27 02:40:00,2106.5,2106.75,2106.5,2106.5,77.0
2015-02-27 02:45:00,2106.5,2106.75,2106.5,2106.75,174.0
2015-02-27 02:50:00,2106.75,2107.0,2106.75,2106.75,66.0
2015-02-27 02:55:00,2106.75,2106.75,2106.75,2106.75,43.0
2015-02-27 03:00:00,2106.75,2107.0,2106.5,2107.0,181.0
2015-02-27 03:05:00,2106.75,2107.25,2106.75,2107.25,146.0
2015-02-27 03:10:00,2107.25,2107.25,2106.75,2107.0,122.0
2015-02-27 03:15:00,2106.75,2107.0,2106.75,2107.0,83.0
2015-02-27 03:20:00,2107.0,2107.0,2106.5,2106.75,338.0
2015-02-27 03:25:00,2106.75,2106.75,2106.5,2106.75,92.0
2015-02-27 03:30:00,2106.75,2107.0,2106.75,2107.0,229.0
2015-02-27 03:35:00,2107.0,2107.25,2107.0,2107.25,187.0
2015-02-27 03:40:00,2107.25,2107.25,2107.0,2107.0,136.0
2015-02-27 03:45:00,2107.0,2107.25,2107.0,2107.0,108.0
2015-02-27 03:50:00,2107.0,2107.25,2107.0,2107.25,50.0
2015-02-27 03:55:00,2107.25,2107.75,2107.25,2107.5,257.0
2015-02-27 04:00:00,2107.5,2107.5,2107.5,2107.5,144.0
2015-02-27 04:05:00,2107.5,2107.5,2107.25,2107.25,113.0
2015-02-27 04:10:00,2107.25,2107.5,2107.25,2107.5,91.0
2015-02-27 04:15:00,2107.75,2107.75,2107.5,2107.5,47.0
2015-02-27 04:20:00,2107.5,2107.5,2107.25,2107.25,135.0
2015-02-27 04:25:00,2107.25,2107.5,2107.0,2107.0,177.0
2015-02-27 04:30:00,2107.25,2107.5,2107.0,2107.25,105.0
2015-02-27 04:35:00,2107.0,2107.25,2107.0,2107.25,20.0
2015-02-27 04:40:00,2107.25,2107.5,2107.25,2107.25,30.0
2015-02-27 04:45:00,2107.25,2107.5,2107.25,2107.25,179.0
2015-02-27 04:50:00,2107.25,2107.5,2107.25,2107.25,85.0
2015-02-27 04:55:00,2107.5,2107.5,2107.25,2107.25,353.0
2015-02-27 05:00:00,2107.5,2107.75,2107.25,2107.75,78.0
2015-02-27 05:05:00,2107.5,2107.75,2107.25,2107.25,286.0
2015-02-27 05:10:00,2107.25,2107.75,2107.0,2107.75,282.0
2015-02-27 05:15:00,2107.75,2108.0,2107.5,2107.75,232.0
2015-02-27 05:20:00,2107.75,2108.5,2107.75,2108.5,751.0
2015-02-27 05:25:00,2108.5,2108.75,2108.25,2108.5,273.0
2015-02-27 05:30:00,2108.5,2108.75,2108.5,2108.75,56.0
2015-02-27 05:35:00,2108.75,2108.75,2108.25,2108.25,208.0
2015-02-27 05:40:00,2108.25,2108.25,2108.0,2108.0,175.0
2015-02-27 05:45:00,2108.0,2108.25,2108.0,2108.0,55.0
2015-02-27 05:50:00,2108.25,2108.5,2107.5,2107.5,432.0
2015-02-27 05:55:00,2107.5,2107.75,2107.25,2107.5,488.0
2015-02-27 06:00:00,2107.5,2107.5,2106.75,2106.75,986.0
2015-02-27 06:05:00,2106.5,2107.0,2106.25,2106.75,196.0
2015-02-27 06:10:00,2106.75,2107.0,2106.75,2106.75,40.0
2015-02-27 06:15:00,2107.0,2107.0,2106.75,2106.75,41.0
2015-02-27 06:20:00,2107.0,2107.0,2106.75,2106.75,48.0
2015-02-27 06:25:00,2107.0,2107.0,2106.5,2106.5,147.0
2015-02-27 06:30:00,2106.75,2106.75,2106.5,2106.5,19.0
2015-02-27 06:35:00,2106.5,2107.0,2106.5,2106.75,179.0
2015-02-27 06:40:00,2107.0,2107.0,2106.25,2106.25,158.0
2015-02-27 06:45:00,2106.5,2106.5,2106.25,2106.5,42.0
2015-02-27 06:50:00,2106.5,2106.75,2106.25,2106.75,131.0
2015-02-27 06:55:00,2107.0,2107.0,2106.75,2106.75,88.0
2015-02-27 07:00:00,2106.75,2107.25,2106.75,2106.75,369.0
2015-02-27 07:05:00,2107.0,2107.0,2106.5,2106.5,271.0
2015-02-27 07:10:00,2106.5,2106.75,2106.25,2106.5,390.0
2015-02-27 07:15:00,2106.75,2107.0,2106.5,2106.5,347.0
2015-02-27 07:20:00,2106.5,2106.5,2106.0,2106.25,396.0
2015-02-27 07:25:00,2106.25,2106.75,2106.0,2106.25,375.0
2015-02-27 07:30:00,2106.25,2107.0,2106.25,2107.0,187.0
2015-02-27 07:35:00,2107.0,2107.0,2106.5,2106.75,252.0
2015-02-27 07:40:00,2106.75,2106.75,2106.5,2106.75,146.0
2015-02-27 07:45:00,2106.5,2107.5,2106.5,2107.5,455.0
2015-02-27 07:50:00,2107.5,2107.5,2107.0,2107.5,328.0
2015-02-27 07:55:00,2107.5,2107.5,2107.25,2107.25,164.0
2015-02-27 08:00:00,2107.0,2108.0,2106.75,2108.0,1405.0
2015-02-27 08:05:00,2108.0,2108.5,2107.25,2107.5,2135.0
2015-02-27 08:10:00,2107.5,2108.25,2107.5,2108.25,871.0
2015-02-27 08:15:00,2108.0,2108.5,2107.75,2108.5,875.0
2015-02-27 08:20:00,2108.25,2108.5,2107.5,2107.75,1137.0
2015-02-27 08:25:00,2108.0,2108.75,2107.75,2108.25,1032.0
2015-02-27 08:30:00,2108.0,2108.0,2107.0,2107.75,1443.0
2015-02-27 08:35:00,2107.75,2108.0,2107.25,2107.5,602.0
2015-02-27 08:40:00,2107.5,2108.0,2107.5,2107.75,435.0
2015-02-27 08:45:00,2107.5,2108.0,2107.5,2107.75,436.0
2015-02-27 08:50:00,2107.75,2108.0,2107.5,2107.75,262.0
2015-02-27 08:55:00,2107.5,2108.0,2106.75,2107.0,1052.0
2015-02-27 09:00:00,2107.0,2107.0,2106.25,2106.5,799.0
2015-02-27 09:05:00,2106.75,2107.25,2106.25,2106.75,850.0
2015-02-27 09:10:00,2107.0,2107.25,2106.5,2106.5,570.0
2015-02-27 09:15:00,2106.75,2106.75,2105.75,2106.25,1144.0
2015-02-27 09:20:00,2106.25,2106.25,2105.25,2105.5,1657.0
2015-02-27 09:25:00,2105.5,2106.0,2105.25,2106.0,741.0
2015-02-27 09:30:00,2105.75,2106.5,2105.5,2106.25,853.0
2015-02-27 09:35:00,2106.0,2106.75,2106.0,2106.5,676.0
2015-02-27 09:40:00,2106.25,2107.0,2106.25,2106.5,883.0
2015-02-27 09:45:00,2106.5,2107.0,2106.5,2106.75,452.0
2015-02-27 09:50:00,2106.5,2107.0,2106.25,2106.75,622.0
2015-02-27 09:55:00,2106.5,2106.75,2106.25,2106.75,413.0
2015-02-27 10:00:00,2106.5,2106.75,2106.25,2106.25,753.0
2015-02-27 10:05:00,2106.5,2107.0,2106.0,2106.75,888.0
2015-02-27 10:10:00,2107.0,2107.25,2106.5,2106.75,503.0
2015-02-27 10:15:00,2106.5,2107.0,2106.5,2107.0,442.0
2015-02-27 10:20:00,2107.0,2107.25,2106.0,2106.5,728.0
2015-02-27 10:25:00,2106.5,2107.0,2106.25,2106.5,423.0
2015-02-27 10:30:00,2106.5,2106.75,2105.75,2105.75,1022.0
2015-02-27 10:35:00,2105.75,2106.5,2105.25,2106.0,1069.0
2015-02-27 10:40:00,2106.0,2106.25,2105.5,2105.75,387.0
2015-02-27 10:45:00,2105.75,2106.25,2105.5,2105.5,545.0
2015-02-27 10:50:00,2105.25,2106.0,2105.25,2105.75,638.0
2015-02-27 10:55:00,2106.0,2106.0,2105.5,2106.0,954.0
2015-02-27 11:00:00,2106.0,2107.0,2106.0,2107.0,555.0
2015-02-27 11:05:00,2106.75,2107.0,2106.5,2106.5,376.0
2015-02-27 11:10:00,2106.25,2106.5,2106.0,2106.5,319.0
2015-02-27 11:15:00,2106.5,2106.5,2106.0,2106.5,324.0
2015-02-27 11:20:00,2106.25,2106.75,2106.25,2106.5,512.0
2015-02-27 11:25:00,2106.75,2106.75,2106.0,2106.0,536.0
2015-02-27 11:30:00,2106.0,2107.0,2106.0,2106.25,831.0
2015-02-27 11:35:00,2106.5,2106.75,2106.5,2106.75,242.0
2015-02-27 11:40:00,2106.75,2107.0,2106.5,2106.5,180.0
2015-02-27 11:45:00,2106.75,2107.25,2106.5,2107.0,814.0
2015-02-27 11:50:00,2107.0,2107.75,2107.0,2107.75,622.0
2015-02-27 11:55:00,2107.75,2107.75,2107.25,2107.5,601.0
2015-02-27 12:00:00,2107.5,2107.5,2107.0,2107.0,753.0
2015-02-27 12:05:00,2107.0,2107.5,2107.0,2107.5,840.0
2015-02-27 12:10:00,2107.5,2107.5,2107.0,2107.0,679.0
2015-02-27 12:15:00,2107.0,2107.5,2106.5,2106.75,1143.0
2015-02-27 12:20:00,2106.75,2107.0,2106.5,2106.75,196.0
2015-02-27 12:25:00,2106.75,2107.0,2106.5,2106.5,359.0
2015-02-27 12:30:00,2106.75,2107.0,2106.25,2106.5,957.0
2015-02-27 12:35:00,2106.5,2106.5,2106.0,2106.25,1127.0
2015-02-27 12:40:00,2106.25,2106.75,2106.25,2106.25,650.0
2015-02-27 12:45:00,2106.25,2106.75,2106.0,2106.75,584.0
2015-02-27 12:50:00,2106.5,2107.0,2106.5,2107.0,548.0
2015-02-27 12:55:00,2107.0,2107.75,2106.75,2107.25,692.0
2015-02-27 13:00:00,2107.25,2107.5,2106.5,2106.75,947.0
2015-02-27 13:05:00,2106.75,2106.75,2106.5,2106.5,95.0
2015-02-27 13:10:00,2106.75,2106.75,2106.0,2106.25,1156.0
2015-02-27 13:15:00,2106.25,2106.75,2106.0,2106.75,577.0
2015-02-27 13:20:00,2106.5,2106.75,2106.25,2106.75,707.0
2015-02-27 13:25:00,2106.75,2107.5,2106.5,2107.25,815.0
2015-02-27 13:30:00,2107.25,2108.25,2106.5,2108.25,3430.0
2015-02-27 13:35:00,2108.0,2108.25,2107.5,2107.75,2377.0
2015-02-27 13:40:00,2107.5,2107.75,2107.0,2107.25,1054.0
2015-02-27 13:45:00,2107.0,2107.75,2107.0,2107.5,1771.0
2015-02-27 13:50:00,2107.5,2107.75,2107.0,2107.25,833.0
2015-02-27 13:55:00,2107.25,2107.75,2107.0,2107.0,1708.0
2015-02-27 14:00:00,2107.0,2107.75,2106.75,2107.25,1409.0
2015-02-27 14:05:00,2107.25,2107.5,2107.0,2107.25,747.0
2015-02-27 14:10:00,2107.25,2108.25,2107.25,2108.0,1602.0
2015-02-27 14:15:00,2107.75,2108.25,2107.75,2108.25,1638.0
2015-02-27 14:20:00,2108.0,2108.5,2107.75,2107.75,2279.0
2015-02-27 14:25:00,2107.75,2108.0,2107.25,2107.75,2700.0
2015-02-27 14:30:00,2107.75,2108.75,2106.75,2107.75,24384.0
2015-02-27 14:35:00,2108.0,2109.25,2108.0,2109.0,13956.0
2015-02-27 14:40:00,2109.25,2109.5,2105.25,2105.5,27445.0
2015-02-27 14:45:00,2105.75,2106.0,2103.25,2105.0,40600.0
2015-02-27 14:50:00,2105.0,2105.75,2104.5,2105.0,16402.0
2015-02-27 14:55:00,2105.25,2106.5,2104.75,2106.25,15345.0
2015-02-27 15:00:00,2106.0,2108.25,2105.25,2107.75,24001.0
2015-02-27 15:05:00,2107.75,2108.0,2106.75,2107.5,15368.0
2015-02-27 15:10:00,2107.5,2108.5,2105.5,2106.0,20888.0
2015-02-27 15:15:00,2106.0,2106.75,2105.25,2106.0,17781.0
2015-02-27 15:20:00,2106.0,2107.75,2106.0,2107.5,12929.0
2015-02-27 15:25:00,2107.75,2108.75,2107.25,2108.5,10277.0
2015-02-27 15:30:00,2108.5,2109.75,2107.75,2108.0,17431.0
2015-02-27 15:35:00,2108.0,2109.0,2106.75,2107.75,13248.0
2015-02-27 15:40:00,2107.75,2108.75,2107.5,2108.0,7278.0
2015-02-27 15:45:00,2108.0,2109.75,2108.0,2109.25,12507.0
2015-02-27 15:50:00,2109.25,2109.75,2109.0,2109.25,6753.0
2015-02-27 15:55:00,2109.0,2110.75,2109.0,2110.0,19046.0
2015-02-27 16:00:00,2110.0,2110.5,2108.25,2108.25,17018.0
2015-02-27 16:05:00,2108.25,2109.25,2107.75,2108.75,9856.0
2015-02-27 16:10:00,2109.0,2109.75,2108.25,2109.75,10177.0
2015-02-27 16:15:00,2109.75,2109.75,2109.0,2109.25,4570.0
2015-02-27 16:20:00,2109.25,2109.75,2107.25,2108.5,12793.0
2015-02-27 16:25:00,2108.5,2109.25,2107.5,2107.5,9058.0
2015-02-27 16:30:00,2107.5,2108.5,2106.75,2108.5,16100.0
2015-02-27 16:35:00,2108.5,2108.75,2107.75,2108.25,9716.0
2015-02-27 16:40:00,2108.5,2110.0,2108.25,2109.75,8766.0
2015-02-27 16:45:00,2109.75,2109.75,2109.0,2109.0,6310.0
2015-02-27 16:50:00,2109.0,2109.0,2108.0,2108.25,7827.0
2015-02-27 16:55:00,2108.25,2109.0,2108.0,2108.75,3326.0
2015-02-27 17:00:00,2108.75,2109.25,2108.5,2109.0,4840.0
2015-02-27 17:05:00,2109.25,2109.5,2108.75,2109.0,3770.0
2015-02-27 17:10:00,2109.25,2109.5,2108.75,2109.0,3659.0
2015-02-27 17:15:00,2108.75,2109.5,2108.75,2109.0,3898.0
2015-02-27 17:20:00,2109.0,2110.0,2108.75,2110.0,3690.0
2015-02-27 17:25:00,2110.0,2110.75,2109.75,2110.0,9546.0
2015-02-27 17:30:00,2110.0,2111.0,2109.75,2110.0,7919.0
2015-02-27 17:35:00,2110.0,2110.5,2109.75,2109.75,2542.0
2015-02-27 17:40:00,2109.75,2110.0,2109.25,2110.0,5827.0
2015-02-27 17:45:00,2110.0,2110.0,2109.5,2110.0,2897.0
2015-02-27 17:50:00,2110.0,2110.0,2108.0,2108.5,9056.0
2015-02-27 17:55:00,2108.5,2109.0,2108.25,2108.75,4635.0
2015-02-27 18:00:00,2108.5,2109.25,2108.0,2108.5,7003.0
2015-02-27 18:05:00,2108.25,2109.0,2108.0,2109.0,7931.0
2015-02-27 18:10:00,2109.0,2109.0,2108.0,2108.5,5452.0
2015-02-27 18:15:00,2108.5,2108.5,2107.25,2107.5,8778.0
2015-02-27 18:20:00,2107.5,2108.0,2107.0,2107.25,5892.0
2015-02-27 18:25:00,2107.5,2107.75,2106.25,2107.0,8996.0
2015-02-27 18:30:00,2106.75,2107.5,2106.75,2107.25,9885.0
2015-02-27 18:35:00,2107.5,2107.5,2106.0,2106.5,7832.0
2015-02-27 18:40:00,2106.75,2107.5,2106.0,2107.25,7747.0
2015-02-27 18:45:00,2107.0,2107.75,2107.0,2107.25,4251.0
2015-02-27 18:50:00,2107.5,2108.0,2107.25,2107.5,3874.0
2015-02-27 18:55:00,2107.25,2107.75,2106.75,2107.25,6923.0
2015-02-27 19:00:00,2107.5,2108.5,2107.25,2108.0,6498.0
2015-02-27 19:05:00,2108.25,2108.5,2107.75,2108.25,5339.0
2015-02-27 19:10:00,2108.25,2108.25,2107.0,2107.0,8421.0
2015-02-27 19:15:00,2107.0,2107.75,2106.5,2107.0,6830.0
2015-02-27 19:20:00,2107.0,2107.5,2106.25,2107.25,7861.0
2015-02-27 19:25:00,2107.25,2107.75,2106.75,2107.5,5659.0
2015-02-27 19:30:00,2107.25,2107.75,2106.25,2107.0,6347.0
2015-02-27 19:35:00,2107.0,2107.5,2106.5,2106.75,4409.0
2015-02-27 19:40:00,2106.75,2106.75,2103.5,2104.25,21077.0
2015-02-27 19:45:00,2104.0,2104.5,2102.75,2104.25,14509.0
2015-02-27 19:50:00,2104.0,2104.75,2103.75,2104.0,7775.0
2015-02-27 19:55:00,2104.25,2104.75,2103.0,2104.0,12380.0
2015-02-27 20:00:00,2104.0,2104.5,2102.25,2103.5,15183.0
2015-02-27 20:05:00,2103.25,2104.75,2103.0,2103.75,9358.0
2015-02-27 20:10:00,2104.0,2104.25,2102.75,2104.0,7947.0
2015-02-27 20:15:00,2104.0,2104.75,2102.25,2104.0,20513.0
2015-02-27 20:20:00,2104.0,2105.25,2103.5,2104.75,15247.0
2015-02-27 20:25:00,2104.5,2105.75,2104.0,2105.5,14467.0
2015-02-27 20:30:00,2105.5,2105.75,2103.5,2104.0,15885.0
2015-02-27 20:35:00,2104.0,2104.25,2102.75,2103.0,16778.0
2015-02-27 20:40:00,2103.0,2103.75,2101.5,2102.5,22167.0
2015-02-27 20:45:00,2102.25,2104.25,2102.0,2103.5,20553.0
2015-02-27 20:50:00,2103.5,2104.0,2102.75,2102.75,16706.0
2015-02-27 20:55:00,2102.75,2103.75,2102.5,2103.0,38533.0
2015-02-27 21:00:00,2103.25,2103.75,2100.75,2103.0,162004.0
2015-02-27 21:05:00,2102.75,2103.25,2102.75,2103.25,11452.0
2015-02-27 21:10:00,2103.0,2104.75,2103.0,2104.25,11313.0
2015-02-27 21:15:00,2104.25,2105.5,2104.25,2105.25,7805.0
2015-02-27 21:30:00,2105.25,2105.75,2105.0,2105.5,2087.0
2015-02-27 21:35:00,2105.25,2105.5,2105.0,2105.0,559.0
2015-02-27 21:40:00,2105.0,2105.25,2104.25,2104.5,1197.0
2015-02-27 21:45:00,2104.75,2104.75,2104.5,2104.5,235.0
2015-02-27 21:50:00,2104.75,2105.0,2104.5,2104.75,571.0
2015-02-27 21:55:00,2105.0,2105.25,2104.75,2105.0,366.0
2015-02-27 22:00:00,2105.0,2105.5,2105.0,2105.25,1005.0
2015-02-27 22:05:00,2105.0,2105.0,2104.75,2104.75,311.0
2015-02-27 22:10:00,2104.75,2105.0,2104.75,2105.0,418.0
2015-02-27 22:15:00,2104.75,2105.0,2104.5,2104.5,470.0
2015-03-01 23:00:00,2104.0,2105.75,2103.75,2105.25,2633.0
2015-03-01 23:05:00,2105.5,2107.25,2105.25,2106.75,1647.0
2015-03-01 23:10:00,2106.75,2107.25,2106.5,2106.75,1395.0
2015-03-01 23:15:00,2106.5,2107.0,2106.5,2106.75,302.0
2015-03-01 23:20:00,2107.0,2107.75,2107.0,2107.25,890.0
2015-03-01 23:25:00,2107.5,2107.5,2107.25,2107.25,214.0
2015-03-01 23:30:00,2107.25,2107.5,2106.75,2107.0,393.0
2015-03-01 23:35:00,2106.75,2107.0,2106.75,2107.0,279.0
2015-03-01 23:40:00,2106.75,2107.0,2106.75,2107.0,327.0
2015-03-01 23:45:00,2107.0,2107.25,2106.75,2107.25,387.0
2015-03-01 23:50:00,2107.0,2107.25,2106.75,2106.75,493.0
2015-03-01 23:55:00,2106.75,2107.0,2106.75,2107.0,89.0
2015-03-02 00:00:00,2107.0,2107.25,2106.5,2107.25,677.0
2015-03-02 00:05:00,2106.75,2107.25,2106.75,2107.25,308.0
2015-03-02 00:10:00,2107.25,2107.5,2106.75,2107.0,314.0
2015-03-02 00:15:00,2106.75,2107.0,2106.5,2106.75,113.0
2015-03-02 00:20:00,2106.75,2107.0,2106.5,2106.75,240.0
2015-03-02 00:25:00,2106.75,2106.75,2106.5,2106.75,76.0
2015-03-02 00:30:00,2106.75,2106.75,2106.5,2106.5,409.0
2015-03-02 00:35:00,2106.5,2106.5,2106.5,2106.5,181.0
2015-03-02 00:40:00,2106.5,2106.75,2106.0,2106.25,478.0
2015-03-02 00:45:00,2106.0,2106.5,2106.0,2106.25,76.0
2015-03-02 00:50:00,2106.5,2106.5,2106.25,2106.25,84.0
2015-03-02 00:55:00,2106.25,2106.5,2106.0,2106.25,205.0
2015-03-02 01:00:00,2106.25,2106.25,2105.5,2105.75,426.0
2015-03-02 01:05:00,2105.75,2106.0,2105.75,2106.0,230.0
2015-03-02 01:10:00,2106.25,2106.25,2105.75,2106.0,196.0
2015-03-02 01:15:00,2105.75,2106.0,2105.25,2105.5,943.0
2015-03-02 01:20:00,2105.25,2105.5,2105.0,2105.0,502.0
2015-03-02 01:25:00,2105.0,2105.25,2104.75,2105.0,602.0
2015-03-02 01:30:00,2105.0,2105.0,2104.5,2104.5,319.0
2015-03-02 01:35:00,2104.5,2105.0,2104.5,2104.75,277.0
2015-03-02 01:40:00,2104.75,2105.0,2104.5,2105.0,96.0
2015-03-02 01:45:00,2104.75,2105.0,2104.75,2104.75,210.0
2015-03-02 01:50:00,2104.75,2105.0,2104.25,2104.5,246.0
2015-03-02 01:55:00,2104.5,2104.75,2104.25,2104.5,182.0
2015-03-02 02:00:00,2104.5,2104.75,2104.5,2104.75,42.0
2015-03-02 02:05:00,2104.75,2105.25,2104.75,2105.0,214.0
2015-03-02 02:10:00,2105.0,2105.25,2105.0,2105.25,38.0
2015-03-02 02:15:00,2105.25,2105.75,2105.0,2105.5,476.0
2015-03-02 02:20:00,2105.5,2106.0,2105.5,2106.0,159.0
2015-03-02 02:25:00,2106.0,2106.0,2105.5,2105.75,267.0
2015-03-02 02:30:00,2105.75,2106.0,2105.75,2105.75,64.0
2015-03-02 02:35:00,2105.75,2106.0,2105.5,2105.5,71.0
2015-03-02 02:40:00,2105.5,2105.5,2105.25,2105.5,93.0
2015-03-02 02:45:00,2105.5,2105.5,2105.0,2105.25,138.0
2015-03-02 02:50:00,2105.0,2105.25,2104.75,2104.75,152.0
2015-03-02 02:55:00,2105.0,2105.0,2104.75,2105.0,109.0
2015-03-02 03:00:00,2105.0,2105.0,2104.5,2104.75,184.0
2015-03-02 03:05:00,2104.75,2104.75,2104.5,2104.75,111.0
2015-03-02 03:10:00,2104.5,2104.75,2104.5,2104.5,36.0
2015-03-02 03:15:00,2104.75,2105.0,2104.5,2105.0,42.0
2015-03-02 03:20:00,2105.0,2105.25,2104.75,2105.25,124.0
2015-03-02 03:25:00,2105.25,2105.75,2105.25,2105.5,152.0
2015-03-02 03:30:00,2105.5,2105.75,2105.25,2105.75,66.0
2015-03-02 03:35:00,2105.5,2105.75,2105.5,2105.5,89.0
2015-03-02 03:40:00,2105.5,2105.75,2105.25,2105.25,139.0
2015-03-02 03:45:00,2105.25,2105.5,2105.25,2105.5,29.0
2015-03-02 03:50:00,2105.5,2105.5,2105.25,2105.5,14.0
2015-03-02 03:55:00,2105.5,2105.75,2105.5,2105.5,52.0
2015-03-02 04:00:00,2105.5,2105.5,2105.25,2105.5,87.0
2015-03-02 04:05:00,2105.25,2105.5,2105.25,2105.5,25.0
2015-03-02 04:10:00,2105.75,2105.75,2105.5,2105.5,112.0
2015-03-02 04:15:00,2105.5,2105.75,2105.5,2105.5,16.0
2015-03-02 04:20:00,2105.5,2105.75,2105.25,2105.5,69.0
2015-03-02 04:25:00,2105.5,2105.5,2105.5,2105.5,74.0
2015-03-02 04:30:00,2105.5,2105.5,2105.25,2105.5,36.0
2015-03-02 04:35:00,2105.5,2105.5,2105.25,2105.25,16.0
2015-03-02 04:40:00,2105.5,2105.75,2105.25,2105.75,183.0
2015-03-02 04:45:00,2105.5,2105.5,2105.25,2105.25,39.0
2015-03-02 04:50:00,2105.5,2105.75,2105.5,2105.75,49.0
2015-03-02 04:55:00,2105.5,2105.75,2105.5,2105.5,13.0
2015-03-02 05:00:00,2105.5,2105.5,2105.25,2105.25,52.0
2015-03-02 05:05:00,2105.5,2105.5,2105.5,2105.5,97.0
2015-03-02 05:10:00,2105.75,2105.75,2105.25,2105.5,98.0
2015-03-02 05:15:00,2105.5,2105.75,2105.25,2105.25,118.0
2015-03-02 05:20:00,2105.5,2105.75,2105.25,2105.5,69.0
2015-03-02 05:25:00,2105.5,2105.75,2105.5,2105.5,10.0
2015-03-02 05:30:00,2105.5,2105.75,2105.5,2105.75,124.0
2015-03-02 05:35:00,2105.5,2105.75,2105.5,2105.5,100.0
2015-03-02 05:40:00,2105.5,2105.75,2105.5,2105.5,76.0
2015-03-02 05:45:00,2105.5,2105.5,2105.25,2105.5,107.0
2015-03-02 05:50:00,2105.5,2105.75,2105.0,2105.25,237.0
2015-03-02 05:55:00,2105.25,2105.25,2105.0,2105.25,77.0
2015-03-02 06:00:00,2105.25,2105.25,2105.0,2105.0,264.0
2015-03-02 06:05:00,2104.75,2105.25,2104.75,2105.0,215.0
2015-03-02 06:10:00,2105.0,2105.25,2105.0,2105.25,26.0
2015-03-02 06:15:00,2105.0,2105.25,2105.0,2105.0,75.0
2015-03-02 06:20:00,2105.0,2105.25,2105.0,2105.0,22.0
2015-03-02 06:25:00,2105.0,2105.0,2104.75,2104.75,73.0
2015-03-02 06:30:00,2105.0,2105.25,2104.75,2105.0,81.0
2015-03-02 06:35:00,2105.0,2105.25,2105.0,2105.0,19.0
2015-03-02 06:40:00,2105.0,2105.5,2105.0,2105.0,72.0
2015-03-02 06:45:00,2105.25,2105.5,2105.0,2105.25,151.0
2015-03-02 06:50:00,2105.0,2105.0,2104.75,2104.75,54.0
2015-03-02 06:55:00,2104.75,2105.25,2104.75,2105.0,128.0
2015-03-02 07:00:00,2105.0,2105.25,2104.75,2105.0,350.0
2015-03-02 07:05:00,2105.0,2105.25,2104.75,2104.75,439.0
2015-03-02 07:10:00,2104.75,2105.25,2104.75,2105.25,244.0
2015-03-02 07:15:00,2105.25,2105.25,2105.0,2105.25,191.0
2015-03-02 07:20:00,2105.25,2105.5,2104.75,2105.5,386.0
2015-03-02 07:25:00,2105.5,2105.5,2105.0,2105.25,211.0
2015-03-02 07:30:00,2105.25,2105.25,2104.75,2105.0,276.0
2015-03-02 07:35:00,2105.0,2105.0,2104.75,2104.75,410.0
2015-03-02 07:40:00,2104.75,2105.0,2104.5,2104.75,237.0
2015-03-02 07:45:00,2104.5,2105.0,2104.5,2104.5,367.0
2015-03-02 07:50:00,2104.5,2105.0,2104.5,2105.0,209.0
2015-03-02 07:55:00,2104.75,2105.0,2104.5,2104.75,217.0
2015-03-02 08:00:00,2104.5,2106.0,2104.25,2105.75,2000.0
2015-03-02 08:05:00,2105.75,2106.5,2105.5,2105.75,1822.0
2015-03-02 08:10:00,2105.75,2107.25,2105.25,2107.0,1915.0
2015-03-02 08:15:00,2106.75,2108.25,2106.5,2108.0,3297.0
2015-03-02 08:20:00,2108.0,2109.25,2107.75,2107.75,3442.0
2015-03-02 08:25:00,2108.0,2108.5,2107.25,2107.5,2025.0
2015-03-02 08:30:00,2107.5,2108.0,2107.5,2107.75,1369.0
2015-03-02 08:35:00,2108.0,2108.0,2107.25,2107.25,916.0
2015-03-02 08:40:00,2107.5,2107.75,2106.0,2106.25,2017.0
2015-03-02 08:45:00,2106.0,2107.0,2106.0,2106.5,1390.0
2015-03-02 08:50:00,2106.5,2106.75,2106.25,2106.5,591.0
2015-03-02 08:55:00,2106.5,2107.0,2106.0,2106.25,656.0
2015-03-02 09:00:00,2106.25,2106.25,2105.25,2105.75,1421.0
2015-03-02 09:05:00,2105.75,2105.75,2105.0,2105.5,1120.0
2015-03-02 09:10:00,2105.5,2105.75,2105.0,2105.5,809.0
2015-03-02 09:15:00,2105.25,2105.5,2105.0,2105.25,598.0
2015-03-02 09:20:00,2105.25,2106.25,2105.0,2105.5,1935.0
2015-03-02 09:25:00,2105.5,2106.0,2105.5,2105.75,649.0
2015-03-02 09:30:00,2105.75,2106.0,2105.5,2106.0,337.0
2015-03-02 09:35:00,2106.0,2106.25,2105.5,2105.75,589.0
2015-03-02 09:40:00,2105.75,2106.0,2105.5,2106.0,709.0
2015-03-02 09:45:00,2106.0,2106.0,2105.0,2105.0,1066.0
2015-03-02 09:50:00,2105.25,2106.75,2105.25,2106.25,1557.0
2015-03-02 09:55:00,2106.25,2106.75,2105.75,2106.25,829.0
2015-03-02 10:00:00,2106.25,2106.25,2105.5,2105.75,420.0
2015-03-02 10:05:00,2105.75,2106.0,2105.5,2105.75,287.0
2015-03-02 10:10:00,2105.75,2106.0,2105.25,2105.75,684.0
2015-03-02 10:15:00,2106.0,2106.0,2105.5,2105.75,424.0
2015-03-02 10:20:00,2105.5,2106.75,2105.5,2106.25,821.0
2015-03-02 10:25:00,2106.25,2106.5,2106.0,2106.0,300.0
2015-03-02 10:30:00,2106.0,2106.0,2105.5,2105.75,318.0
2015-03-02 10:35:00,2105.75,2105.75,2105.25,2105.75,409.0
2015-03-02 10:40:00,2105.75,2106.0,2105.5,2105.75,657.0
2015-03-02 10:45:00,2105.5,2105.75,2105.5,2105.75,111.0
2015-03-02 10:50:00,2105.75,2106.0,2105.5,2106.0,92.0
2015-03-02 10:55:00,2105.75,2106.0,2105.75,2106.0,126.0
2015-03-02 11:00:00,2105.75,2106.0,2105.25,2105.25,578.0
2015-03-02 11:05:00,2105.25,2105.75,2104.75,2105.0,610.0
2015-03-02 11:10:00,2105.0,2105.5,2105.0,2105.25,995.0
2015-03-02 11:15:00,2105.5,2105.5,2105.0,2105.25,977.0
2015-03-02 11:20:00,2105.25,2105.75,2105.25,2105.5,522.0
2015-03-02 11:25:00,2105.25,2105.5,2104.5,2104.5,893.0
2015-03-02 11:30:00,2104.75,2104.75,2104.25,2104.5,1138.0
2015-03-02 11:35:00,2104.5,2104.75,2104.0,2104.75,1015.0
2015-03-02 11:40:00,2104.5,2105.0,2104.5,2104.75,280.0
2015-03-02 11:45:00,2104.75,2105.0,2103.75,2104.0,924.0
2015-03-02 11:50:00,2104.0,2104.0,2103.25,2103.75,1553.0
2015-03-02 11:55:00,2103.75,2103.75,2103.0,2103.25,1150.0
2015-03-02 12:00:00,2103.25,2104.25,2103.25,2103.5,1575.0
2015-03-02 12:05:00,2103.75,2103.75,2102.75,2103.5,2701.0
2015-03-02 12:10:00,2103.5,2103.75,2103.25,2103.5,645.0
2015-03-02 12:15:00,2103.5,2104.0,2103.5,2103.75,644.0
2015-03-02 12:20:00,2103.75,2104.25,2103.5,2104.25,352.0
2015-03-02 12:25:00,2104.0,2104.5,2103.75,2104.0,664.0
2015-03-02 12:30:00,2104.0,2104.0,2103.5,2103.5,656.0
2015-03-02 12:35:00,2103.75,2103.75,2102.75,2103.0,1538.0
2015-03-02 12:40:00,2103.0,2103.5,2102.5,2103.25,1377.0
2015-03-02 12:45:00,2103.25,2103.25,2102.0,2102.0,2408.0
2015-03-02 12:50:00,2102.25,2103.0,2102.0,2103.0,1039.0
2015-03-02 12:55:00,2102.75,2103.0,2102.5,2102.75,657.0
2015-03-02 13:00:00,2102.75,2102.75,2102.0,2102.25,1646.0
2015-03-02 13:05:00,2102.25,2102.25,2101.5,2101.75,2102.0
2015-03-02 13:10:00,2101.75,2102.5,2101.5,2102.5,1208.0
2015-03-02 13:15:00,2102.5,2103.0,2102.0,2102.75,1518.0
2015-03-02 13:20:00,2102.75,2103.25,2102.5,2103.0,694.0
2015-03-02 13:25:00,2102.75,2103.0,2102.75,2103.0,338.0
2015-03-02 13:30:00,2103.0,2103.25,2102.75,2103.0,1157.0
2015-03-02 13:35:00,2102.75,2102.75,2101.75,2102.25,1965.0
2015-03-02 13:40:00,2102.25,2102.5,2101.75,2102.0,1681.0
2015-03-02 13:45:00,2102.25,2102.25,2101.25,2101.5,2380.0
2015-03-02 13:50:00,2101.5,2102.0,2101.0,2101.5,1899.0
2015-03-02 13:55:00,2101.5,2102.0,2100.75,2101.0,2105.0
2015-03-02 14:00:00,2101.0,2101.5,2100.5,2100.75,2660.0
2015-03-02 14:05:00,2101.0,2101.75,2100.5,2101.75,1890.0
2015-03-02 14:10:00,2101.75,2102.5,2101.5,2102.25,2760.0
2015-03-02 14:15:00,2102.0,2102.25,2101.5,2101.75,2300.0
2015-03-02 14:20:00,2101.75,2102.25,2101.75,2102.25,2004.0
2015-03-02 14:25:00,2102.25,2102.75,2101.75,2102.5,3492.0
2015-03-02 14:30:00,2102.5,2104.5,2102.25,2103.25,32094.0
2015-03-02 14:35:00,2103.25,2105.75,2103.25,2105.5,22376.0
2015-03-02 14:40:00,2105.5,2105.5,2104.0,2104.75,12606.0
2015-03-02 14:45:00,2104.5,2106.75,2104.25,2106.25,20302.0
2015-03-02 14:50:00,2106.5,2107.75,2106.25,2107.25,20142.0
2015-03-02 14:55:00,2107.25,2108.0,2106.5,2108.0,12368.0
2015-03-02 15:00:00,2108.0,2109.25,2107.25,2108.25,21986.0
2015-03-02 15:05:00,2108.5,2109.25,2107.5,2108.25,18199.0
2015-03-02 15:10:00,2108.0,2111.75,2107.75,2110.0,38100.0
2015-03-02 15:15:00,2110.0,2111.0,2109.75,2110.5,16168.0
2015-03-02 15:20:00,2110.5,2111.0,2109.75,2110.5,13894.0
2015-03-02 15:25:00,2110.5,2111.5,2110.5,2111.0,10216.0
2015-03-02 15:30:00,2111.0,2112.5,2110.0,2110.5,26452.0
2015-03-02 15:35:00,2110.5,2111.25,2110.25,2111.0,11128.0
2015-03-02 15:40:00,2111.0,2111.75,2110.0,2110.0,14682.0
2015-03-02 15:45:00,2110.0,2111.0,2110.0,2110.25,11239.0
2015-03-02 15:50:00,2110.25,2111.75,2109.75,2111.5,14110.0
2015-03-02 15:55:00,2111.5,2111.5,2110.5,2110.75,10749.0
2015-03-02 16:00:00,2110.75,2111.75,2109.75,2110.25,15270.0
2015-03-02 16:05:00,2110.25,2110.5,2109.0,2110.0,14186.0
2015-03-02 16:10:00,2109.75,2110.75,2109.25,2109.5,10747.0
2015-03-02 16:15:00,2109.75,2110.5,2109.5,2110.25,10296.0
2015-03-02 16:20:00,2110.25,2111.25,2109.75,2110.75,11164.0
2015-03-02 16:25:00,2110.5,2111.25,2110.0,2110.25,7731.0
2015-03-02 16:30:00,2110.25,2112.0,2110.0,2111.5,14294.0
2015-03-02 16:35:00,2111.5,2112.75,2111.25,2111.75,15237.0
2015-03-02 16:40:00,2111.75,2112.5,2111.25,2112.0,10678.0
2015-03-02 16:45:00,2112.25,2112.25,2111.25,2111.5,4829.0
2015-03-02 16:50:00,2111.5,2111.75,2110.5,2110.75,7455.0
2015-03-02 16:55:00,2111.0,2111.0,2110.25,2110.5,8507.0
2015-03-02 17:00:00,2110.25,2110.75,2110.0,2110.25,7125.0
2015-03-02 17:05:00,2110.25,2111.0,2110.0,2110.75,4114.0
2015-03-02 17:10:00,2110.75,2111.0,2108.0,2108.5,16181.0
2015-03-02 17:15:00,2108.75,2108.75,2108.0,2108.5,9532.0
2015-03-02 17:20:00,2108.25,2108.5,2107.0,2108.0,11455.0
2015-03-02 17:25:00,2107.75,2108.0,2107.0,2107.5,5044.0
2015-03-02 17:30:00,2107.25,2108.75,2107.25,2108.75,8866.0
2015-03-02 17:35:00,2108.75,2108.75,2107.75,2108.25,6924.0
2015-03-02 17:40:00,2108.25,2108.5,2107.25,2108.0,5852.0
2015-03-02 17:45:00,2108.0,2108.5,2107.75,2108.25,4750.0
2015-03-02 17:50:00,2108.25,2109.25,2108.0,2108.75,4860.0
2015-03-02 17:55:00,2109.0,2109.75,2108.75,2109.25,5297.0
2015-03-02 18:00:00,2109.25,2109.25,2108.5,2108.75,5146.0
2015-03-02 18:05:00,2108.75,2109.5,2108.5,2108.75,6322.0
2015-03-02 18:10:00,2108.75,2109.75,2108.5,2109.75,4990.0
2015-03-02 18:15:00,2109.75,2109.75,2109.25,2109.25,4809.0
2015-03-02 18:20:00,2109.5,2109.75,2108.75,2109.25,5011.0
2015-03-02 18:25:00,2109.0,2109.5,2108.5,2109.5,5587.0
2015-03-02 18:30:00,2109.5,2110.25,2109.25,2109.5,7841.0
2015-03-02 18:35:00,2109.5,2110.75,2109.25,2110.5,5844.0
2015-03-02 18:40:00,2110.75,2111.5,2110.25,2111.0,8555.0
2015-03-02 18:45:00,2111.0,2111.5,2110.5,2111.5,6020.0
2015-03-02 18:50:00,2111.25,2111.5,2110.75,2110.75,4433.0
2015-03-02 18:55:00,2111.0,2111.0,2110.5,2110.75,1731.0
2015-03-02 19:00:00,2111.0,2111.25,2110.75,2111.0,3636.0
2015-03-02 19:05:00,2111.0,2111.75,2110.5,2111.0,7612.0
2015-03-02 19:10:00,2110.75,2111.0,2110.0,2110.25,7871.0
2015-03-02 19:15:00,2110.0,2110.5,2109.5,2109.75,5049.0
2015-03-02 19:20:00,2109.5,2110.0,2109.5,2109.5,4889.0
2015-03-02 19:25:00,2109.75,2110.0,2108.75,2109.0,7745.0
2015-03-02 19:30:00,2109.25,2109.5,2108.75,2109.5,4986.0
2015-03-02 19:35:00,2109.25,2109.75,2109.0,2109.5,5139.0
2015-03-02 19:40:00,2109.75,2110.0,2109.0,2109.5,5445.0
2015-03-02 19:45:00,2109.5,2110.75,2109.5,2110.5,6965.0
2015-03-02 19:50:00,2110.5,2111.0,2110.25,2111.0,6846.0
2015-03-02 19:55:00,2111.0,2112.0,2110.5,2111.5,6715.0
2015-03-02 20:00:00,2111.5,2112.0,2111.0,2111.25,9282.0
2015-03-02 20:05:00,2111.5,2112.0,2111.25,2112.0,3709.0
2015-03-02 20:10:00,2112.0,2112.75,2111.75,2112.5,9288.0
2015-03-02 20:15:00,2112.5,2113.5,2112.0,2113.0,12481.0
2015-03-02 20:20:00,2113.25,2113.5,2112.75,2113.0,5149.0
2015-03-02 20:25:00,2113.0,2113.25,2112.5,2112.75,8200.0
2015-03-02 20:30:00,2113.0,2113.75,2112.75,2113.5,8520.0
2015-03-02 20:35:00,2113.5,2114.5,2113.25,2114.5,11074.0
2015-03-02 20:40:00,2114.25,2115.0,2113.75,2115.0,13103.0
2015-03-02 20:45:00,2114.75,2115.25,2114.5,2114.75,14385.0
2015-03-02 20:50:00,2114.75,2115.5,2114.5,2114.75,20285.0
2015-03-02 20:55:00,2114.75,2115.25,2114.5,2114.75,22691.0
2015-03-02 21:00:00,2114.5,2115.25,2113.75,2114.5,72654.0
2015-03-02 21:05:00,2114.75,2115.0,2114.25,2114.75,11897.0
2015-03-02 21:10:00,2114.75,2115.0,2113.5,2113.75,12506.0
2015-03-02 21:15:00,2113.75,2114.5,2113.5,2114.5,6894.0
2015-03-02 21:30:00,2114.5,2114.75,2114.25,2114.5,2196.0
2015-03-02 21:35:00,2114.75,2114.75,2114.5,2114.75,407.0
2015-03-02 21:40:00,2114.5,2114.75,2114.5,2114.5,741.0
2015-03-02 21:45:00,2114.75,2114.75,2114.5,2114.75,182.0
2015-03-02 21:50:00,2114.5,2114.5,2114.25,2114.25,934.0
2015-03-02 21:55:00,2114.5,2114.75,2114.5,2114.75,352.0
2015-03-02 22:00:00,2114.5,2114.5,2114.25,2114.5,582.0
2015-03-02 22:05:00,2114.5,2114.5,2114.25,2114.25,283.0
2015-03-02 22:10:00,2114.5,2114.75,2114.25,2114.5,916.0
2015-03-02 22:15:00,2114.5,2114.75,2114.25,2114.25,597.0
2015-03-02 23:00:00,2114.0,2114.5,2113.5,2114.5,2219.0
2015-03-02 23:05:00,2114.25,2114.5,2114.25,2114.5,235.0
2015-03-02 23:10:00,2114.25,2114.5,2114.0,2114.25,114.0
2015-03-02 23:15:00,2114.0,2114.25,2114.0,2114.0,26.0
2015-03-02 23:20:00,2114.0,2114.25,2114.0,2114.25,84.0
2015-03-02 23:25:00,2114.0,2114.5,2114.0,2114.25,295.0
2015-03-02 23:30:00,2114.5,2114.5,2114.25,2114.25,53.0
2015-03-02 23:35:00,2114.25,2114.25,2114.25,2114.25,81.0
2015-03-02 23:40:00,2114.25,2114.5,2114.0,2114.5,269.0
2015-03-02 23:45:00,2114.25,2114.5,2114.25,2114.25,154.0
2015-03-02 23:50:00,2114.25,2114.5,2114.25,2114.25,141.0
2015-03-02 23:55:00,2114.0,2114.5,2114.0,2114.0,461.0
2015-03-03 00:00:00,2114.0,2114.25,2113.75,2114.0,230.0
2015-03-03 00:05:00,2114.0,2114.0,2113.5,2113.75,453.0
2015-03-03 00:10:00,2114.0,2114.0,2113.75,2114.0,52.0
2015-03-03 00:15:00,2113.75,2114.0,2113.75,2113.75,217.0
2015-03-03 00:20:00,2113.75,2114.0,2113.75,2113.75,212.0
2015-03-03 00:25:00,2113.75,2113.75,2113.5,2113.75,61.0
2015-03-03 00:30:00,2113.75,2113.75,2113.5,2113.5,153.0
2015-03-03 00:35:00,2113.5,2113.75,2113.25,2113.5,227.0
2015-03-03 00:40:00,2113.5,2113.75,2113.5,2113.75,27.0
2015-03-03 00:45:00,2113.75,2113.75,2113.5,2113.5,150.0
2015-03-03 00:50:00,2113.5,2113.75,2113.5,2113.5,97.0
2015-03-03 00:55:00,2113.75,2113.75,2113.5,2113.5,51.0
2015-03-03 01:00:00,2113.5,2113.75,2113.5,2113.5,171.0
2015-03-03 01:05:00,2113.75,2113.75,2113.5,2113.5,78.0
2015-03-03 01:10:00,2113.5,2113.75,2113.5,2113.5,28.0
2015-03-03 01:15:00,2113.5,2113.75,2113.5,2113.5,245.0
2015-03-03 01:20:00,2113.5,2113.75,2113.5,2113.5,164.0
2015-03-03 01:25:00,2113.5,2113.75,2113.25,2113.25,135.0
2015-03-03 01:30:00,2113.5,2113.5,2113.0,2113.25,365.0
2015-03-03 01:35:00,2113.25,2113.5,2113.25,2113.25,50.0
2015-03-03 01:40:00,2113.5,2113.5,2113.25,2113.5,258.0
2015-03-03 01:45:00,2113.5,2113.75,2112.75,2112.75,688.0
2015-03-03 01:50:00,2112.75,2113.5,2112.75,2113.25,1234.0
2015-03-03 01:55:00,2113.0,2113.25,2112.5,2112.75,1224.0
2015-03-03 02:00:00,2112.75,2113.0,2111.5,2112.5,3276.0
2015-03-03 02:05:00,2112.5,2112.5,2111.5,2111.5,874.0
2015-03-03 02:10:00,2111.75,2111.75,2111.0,2111.75,1319.0
2015-03-03 02:15:00,2111.5,2112.0,2111.5,2111.75,462.0
2015-03-03 02:20:00,2111.75,2111.75,2111.5,2111.75,231.0
2015-03-03 02:25:00,2111.75,2112.0,2111.5,2111.75,256.0
2015-03-03 02:30:00,2112.0,2112.0,2111.75,2111.75,50.0
2015-03-03 02:35:00,2111.75,2112.0,2111.75,2112.0,184.0
2015-03-03 02:40:00,2112.0,2112.25,2111.75,2112.25,71.0
2015-03-03 02:45:00,2112.0,2112.25,2112.0,2112.0,66.0
2015-03-03 02:50:00,2112.0,2112.25,2112.0,2112.0,220.0
2015-03-03 02:55:00,2112.0,2112.25,2111.75,2112.0,67.0
2015-03-03 03:00:00,2112.0,2112.25,2112.0,2112.0,115.0
2015-03-03 03:05:00,2112.25,2112.5,2112.0,2112.5,84.0
2015-03-03 03:10:00,2112.5,2112.5,2112.25,2112.5,197.0
2015-03-03 03:15:00,2112.5,2112.5,2112.0,2112.25,202.0
2015-03-03 03:20:00,2112.5,2112.5,2112.25,2112.25,5.0
2015-03-03 03:25:00,2112.25,2112.5,2112.0,2112.5,167.0
2015-03-03 03:30:00,2112.25,2112.75,2112.25,2112.5,419.0
2015-03-03 03:35:00,2112.5,2112.75,2112.25,2112.5,383.0
2015-03-03 03:40:00,2112.75,2112.75,2112.5,2112.75,57.0
2015-03-03 03:45:00,2112.5,2112.75,2112.25,2112.25,125.0
2015-03-03 03:50:00,2112.5,2112.5,2112.25,2112.25,152.0
2015-03-03 03:55:00,2112.25,2112.5,2112.25,2112.5,94.0
2015-03-03 04:00:00,2112.5,2112.5,2112.25,2112.5,207.0
2015-03-03 04:05:00,2112.25,2112.5,2112.25,2112.5,64.0
2015-03-03 04:10:00,2112.5,2113.0,2112.5,2112.75,431.0
2015-03-03 04:15:00,2113.0,2113.0,2112.75,2112.75,47.0
2015-03-03 04:20:00,2112.75,2113.0,2112.5,2112.75,194.0
2015-03-03 04:25:00,2112.75,2113.0,2112.5,2112.5,299.0
2015-03-03 04:30:00,2112.75,2112.75,2112.5,2112.75,80.0
2015-03-03 04:35:00,2112.75,2112.75,2112.5,2112.75,53.0
2015-03-03 04:40:00,2112.75,2112.75,2112.5,2112.5,50.0
2015-03-03 04:45:00,2112.75,2112.75,2112.5,2112.5,93.0
2015-03-03 04:50:00,2112.75,2113.0,2112.5,2112.75,120.0
2015-03-03 04:55:00,2112.75,2113.0,2112.75,2112.75,161.0
2015-03-03 05:00:00,2113.0,2113.0,2112.75,2113.0,42.0
2015-03-03 05:05:00,2113.0,2113.0,2112.75,2113.0,252.0
2015-03-03 05:10:00,2112.75,2113.0,2112.75,2112.75,114.0
2015-03-03 05:15:00,2112.75,2113.25,2112.75,2113.25,107.0
2015-03-03 05:20:00,2113.25,2113.5,2113.0,2113.25,352.0
2015-03-03 05:25:00,2113.25,2113.25,2113.0,2113.0,40.0
2015-03-03 05:30:00,2113.25,2113.25,2112.5,2112.5,458.0
2015-03-03 05:35:00,2112.5,2112.75,2112.25,2112.5,306.0
2015-03-03 05:40:00,2112.25,2112.75,2112.25,2112.75,243.0
2015-03-03 05:45:00,2112.5,2112.75,2112.25,2112.5,138.0
2015-03-03 05:50:00,2112.5,2112.75,2112.5,2112.5,194.0
2015-03-03 05:55:00,2112.5,2112.5,2112.25,2112.25,31.0
2015-03-03 06:00:00,2112.25,2112.75,2112.25,2112.5,196.0
2015-03-03 06:05:00,2112.25,2112.5,2112.25,2112.25,131.0
2015-03-03 06:10:00,2112.25,2112.5,2112.0,2112.0,146.0
2015-03-03 06:15:00,2112.0,2112.25,2112.0,2112.0,67.0
2015-03-03 06:20:00,2112.0,2112.5,2112.0,2112.25,120.0
2015-03-03 06:25:00,2112.25,2112.25,2112.0,2112.25,66.0
2015-03-03 06:30:00,2112.25,2112.5,2112.25,2112.5,32.0
2015-03-03 06:35:00,2112.5,2112.5,2111.5,2111.75,292.0
2015-03-03 06:40:00,2111.75,2112.0,2111.75,2111.75,100.0
2015-03-03 06:45:00,2111.75,2112.0,2111.75,2112.0,72.0
2015-03-03 06:50:00,2112.0,2112.0,2111.75,2111.75,194.0
2015-03-03 06:55:00,2112.0,2112.0,2111.5,2111.75,186.0
2015-03-03 07:00:00,2112.0,2112.0,2111.5,2112.0,354.0
2015-03-03 07:05:00,2111.75,2112.0,2111.5,2111.5,727.0
2015-03-03 07:10:00,2111.75,2112.0,2111.5,2111.75,352.0
2015-03-03 07:15:00,2111.5,2112.25,2111.5,2112.25,508.0
2015-03-03 07:20:00,2112.0,2112.0,2111.25,2111.5,475.0
2015-03-03 07:25:00,2111.5,2111.75,2111.5,2111.75,240.0
2015-03-03 07:30:00,2111.5,2111.75,2111.5,2111.75,275.0
2015-03-03 07:35:00,2111.5,2111.75,2111.5,2111.5,50.0
2015-03-03 07:40:00,2111.5,2111.75,2111.5,2111.5,142.0
2015-03-03 07:45:00,2111.5,2111.75,2111.25,2111.75,188.0
2015-03-03 07:50:00,2111.5,2111.75,2111.25,2111.5,430.0
2015-03-03 07:55:00,2111.5,2111.75,2111.25,2111.5,693.0
2015-03-03 08:00:00,2111.5,2112.25,2111.25,2111.5,1274.0
2015-03-03 08:05:00,2111.5,2112.0,2111.5,2111.75,1445.0
2015-03-03 08:10:00,2111.75,2112.0,2111.5,2111.75,888.0
2015-03-03 08:15:00,2111.5,2112.0,2111.25,2111.75,575.0
2015-03-03 08:20:00,2111.5,2111.75,2111.25,2111.75,554.0
2015-03-03 08:25:00,2111.75,2112.0,2111.25,2111.5,1040.0
2015-03-03 08:30:00,2111.75,2112.5,2111.5,2112.5,1215.0
2015-03-03 08:35:00,2112.5,2112.5,2111.75,2112.25,1010.0
2015-03-03 08:40:00,2112.0,2112.5,2111.75,2112.25,894.0
2015-03-03 08:45:00,2112.0,2112.75,2112.0,2112.25,1261.0
2015-03-03 08:50:00,2112.25,2112.75,2112.0,2112.0,1030.0
2015-03-03 08:55:00,2112.0,2112.5,2111.75,2111.75,458.0
2015-03-03 09:00:00,2112.0,2112.5,2111.75,2112.25,594.0
2015-03-03 09:05:00,2112.0,2112.5,2111.75,2111.75,964.0
2015-03-03 09:10:00,2111.75,2112.0,2111.5,2111.75,627.0
2015-03-03 09:15:00,2111.75,2112.0,2111.5,2111.5,675.0
2015-03-03 09:20:00,2111.75,2112.25,2111.5,2112.0,1923.0
2015-03-03 09:25:00,2112.0,2112.25,2112.0,2112.0,749.0
2015-03-03 09:30:00,2112.0,2112.25,2111.75,2112.0,649.0
2015-03-03 09:35:00,2112.0,2112.25,2111.5,2111.75,312.0
2015-03-03 09:40:00,2111.5,2111.75,2111.25,2111.5,698.0
2015-03-03 09:45:00,2111.5,2111.75,2111.25,2111.75,330.0
2015-03-03 09:50:00,2111.75,2112.5,2111.75,2111.75,477.0
2015-03-03 09:55:00,2111.75,2112.25,2111.75,2111.75,782.0
2015-03-03 10:00:00,2112.0,2112.25,2111.75,2111.75,370.0
2015-03-03 10:05:00,2112.0,2112.0,2111.75,2111.75,692.0
2015-03-03 10:10:00,2111.75,2112.0,2111.5,2111.5,549.0
2015-03-03 10:15:00,2111.5,2112.0,2111.5,2112.0,320.0
2015-03-03 10:20:00,2111.75,2112.75,2111.75,2112.5,1515.0
2015-03-03 10:25:00,2112.5,2112.75,2112.5,2112.75,329.0
2015-03-03 10:30:00,2112.5,2113.0,2112.5,2112.5,751.0
2015-03-03 10:35:00,2112.5,2113.25,2112.5,2113.0,601.0
2015-03-03 10:40:00,2112.75,2113.0,2112.5,2112.75,349.0
2015-03-03 10:45:00,2112.5,2112.75,2112.25,2112.5,726.0
2015-03-03 10:50:00,2112.5,2112.5,2112.25,2112.25,108.0
2015-03-03 10:55:00,2112.5,2113.0,2112.25,2112.75,578.0
2015-03-03 11:00:00,2112.5,2112.75,2112.25,2112.75,880.0
2015-03-03 11:05:00,2112.5,2112.5,2112.0,2112.25,619.0
2015-03-03 11:10:00,2112.0,2112.25,2111.5,2112.0,1727.0
2015-03-03 11:15:00,2111.75,2112.25,2111.5,2112.0,1789.0
2015-03-03 11:20:00,2112.0,2112.0,2111.5,2112.0,1089.0
2015-03-03 11:25:00,2111.75,2112.25,2111.75,2112.0,363.0
2015-03-03 11:30:00,2112.25,2112.25,2111.5,2111.5,697.0
2015-03-03 11:35:00,2111.75,2112.25,2111.75,2112.0,397.0
2015-03-03 11:40:00,2111.75,2112.0,2111.75,2111.75,115.0
2015-03-03 11:45:00,2111.75,2112.0,2111.5,2111.5,445.0
2015-03-03 11:50:00,2111.5,2111.75,2111.25,2111.75,176.0
2015-03-03 11:55:00,2112.0,2112.0,2111.75,2112.0,285.0
2015-03-03 12:00:00,2112.0,2112.0,2111.25,2111.5,1039.0
2015-03-03 12:05:00,2111.25,2111.75,2111.0,2111.5,1981.0
2015-03-03 12:10:00,2111.5,2111.75,2111.25,2111.5,593.0
2015-03-03 12:15:00,2111.25,2111.75,2111.25,2111.5,351.0
2015-03-03 12:20:00,2111.5,2111.75,2111.0,2111.5,900.0
2015-03-03 12:25:00,2111.5,2111.75,2111.25,2111.25,730.0
2015-03-03 12:30:00,2111.25,2111.5,2110.75,2110.75,1620.0
2015-03-03 12:35:00,2111.0,2111.25,2110.5,2110.5,1273.0
2015-03-03 12:40:00,2110.5,2111.0,2110.5,2111.0,909.0
2015-03-03 12:45:00,2110.75,2111.25,2110.75,2111.0,892.0
2015-03-03 12:50:00,2111.0,2111.0,2110.25,2110.5,1004.0
2015-03-03 12:55:00,2110.25,2110.5,2109.5,2109.75,2687.0
2015-03-03 13:00:00,2109.75,2110.25,2109.5,2109.75,1561.0
2015-03-03 13:05:00,2109.5,2109.75,2109.5,2109.75,1702.0
2015-03-03 13:10:00,2109.75,2110.0,2109.0,2109.5,3862.0
2015-03-03 13:15:00,2109.5,2109.5,2109.0,2109.5,2797.0
2015-03-03 13:20:00,2109.25,2109.5,2107.75,2107.75,5598.0
2015-03-03 13:25:00,2108.0,2108.25,2107.5,2108.25,5265.0
2015-03-03 13:30:00,2108.25,2108.5,2107.75,2108.25,4013.0
2015-03-03 13:35:00,2108.0,2108.25,2108.0,2108.0,956.0
2015-03-03 13:40:00,2108.0,2108.5,2108.0,2108.0,1672.0
2015-03-03 13:45:00,2108.0,2108.5,2108.0,2108.5,1146.0
2015-03-03 13:50:00,2108.5,2109.25,2108.25,2109.25,3391.0
2015-03-03 13:55:00,2109.25,2109.25,2108.75,2109.0,3120.0
2015-03-03 14:00:00,2108.75,2109.25,2108.25,2108.5,1649.0
2015-03-03 14:05:00,2108.5,2109.75,2108.5,2109.25,2671.0
2015-03-03 14:10:00,2109.25,2109.5,2108.5,2109.0,2172.0
2015-03-03 14:15:00,2109.0,2109.25,2108.75,2109.25,1505.0
2015-03-03 14:20:00,2109.0,2109.25,2108.5,2108.75,2447.0
2015-03-03 14:25:00,2108.75,2109.5,2108.75,2109.5,2805.0
2015-03-03 14:30:00,2109.5,2110.25,2108.0,2109.75,38279.0
2015-03-03 14:35:00,2109.75,2110.75,2108.75,2110.25,22098.0
2015-03-03 14:40:00,2110.25,2110.5,2106.25,2106.5,37034.0
2015-03-03 14:45:00,2106.5,2107.25,2105.25,2106.75,27495.0
2015-03-03 14:50:00,2106.75,2106.75,2102.5,2103.5,46169.0
2015-03-03 14:55:00,2103.75,2104.5,2102.75,2104.0,24316.0
2015-03-03 15:00:00,2104.25,2106.0,2103.25,2105.75,29754.0
2015-03-03 15:05:00,2105.5,2106.0,2105.0,2105.75,15712.0
2015-03-03 15:10:00,2105.75,2106.25,2105.25,2105.5,13791.0
2015-03-03 15:15:00,2105.5,2106.5,2104.25,2106.5,18513.0
2015-03-03 15:20:00,2106.25,2107.0,2105.5,2105.5,14921.0
2015-03-03 15:25:00,2105.5,2105.75,2103.5,2104.75,18989.0
2015-03-03 15:30:00,2104.75,2105.75,2104.0,2105.25,15937.0
2015-03-03 15:35:00,2105.5,2105.5,2103.75,2104.75,14518.0
2015-03-03 15:40:00,2104.75,2106.0,2104.5,2105.5,10070.0
2015-03-03 15:45:00,2105.75,2106.25,2104.75,2105.75,13297.0
2015-03-03 15:50:00,2105.75,2106.0,2104.25,2104.5,12007.0
2015-03-03 15:55:00,2104.75,2105.0,2103.0,2103.5,16542.0
2015-03-03 16:00:00,2103.5,2104.0,2102.75,2103.5,18659.0
2015-03-03 16:05:00,2103.25,2104.0,2102.0,2102.5,17150.0
2015-03-03 16:10:00,2102.75,2103.25,2101.5,2101.75,24015.0
2015-03-03 16:15:00,2101.75,2104.75,2101.5,2103.5,18661.0
2015-03-03 16:20:00,2103.75,2104.25,2103.0,2103.75,11846.0
2015-03-03 16:25:00,2103.5,2104.0,2101.75,2102.0,14260.0
2015-03-03 16:30:00,2101.75,2102.5,2101.25,2101.75,18794.0
2015-03-03 16:35:00,2101.5,2101.75,2097.75,2099.25,45844.0
2015-03-03 16:40:00,2099.25,2099.5,2096.5,2097.25,27895.0
2015-03-03 16:45:00,2097.25,2098.75,2097.0,2098.25,14885.0
2015-03-03 16:50:00,2098.25,2100.0,2097.75,2099.75,15384.0
2015-03-03 16:55:00,2099.75,2100.75,2099.5,2100.0,13420.0
2015-03-03 17:00:00,2100.0,2100.0,2098.5,2098.5,12332.0
2015-03-03 17:05:00,2098.75,2099.5,2098.0,2098.75,12409.0
2015-03-03 17:10:00,2098.5,2099.25,2098.25,2099.0,8915.0
2015-03-03 17:15:00,2099.0,2099.5,2098.5,2099.25,6254.0
2015-03-03 17:20:00,2099.25,2099.5,2098.0,2098.25,8202.0
2015-03-03 17:25:00,2098.0,2098.5,2095.5,2097.0,18933.0
2015-03-03 17:30:00,2097.0,2098.75,2097.0,2098.25,11610.0
2015-03-03 17:35:00,2098.25,2099.75,2098.0,2099.5,11691.0
2015-03-03 17:40:00,2099.75,2099.75,2098.75,2099.25,6116.0
2015-03-03 17:45:00,2099.25,2099.75,2098.75,2099.0,5811.0
2015-03-03 17:50:00,2099.25,2100.75,2099.0,2100.75,10660.0
2015-03-03 17:55:00,2100.5,2102.5,2100.25,2102.0,16863.0
2015-03-03 18:00:00,2102.25,2104.0,2102.0,2102.5,24496.0
2015-03-03 18:05:00,2102.5,2103.5,2102.25,2102.75,8410.0
2015-03-03 18:10:00,2102.75,2103.25,2101.25,2101.25,9184.0
2015-03-03 18:15:00,2101.5,2102.0,2101.0,2101.25,6493.0
2015-03-03 18:20:00,2101.25,2102.25,2101.25,2101.5,4661.0
2015-03-03 18:25:00,2101.75,2103.0,2101.25,2103.0,9508.0
2015-03-03 18:30:00,2102.75,2104.25,2102.5,2103.5,12368.0
2015-03-03 18:35:00,2103.5,2104.0,2102.25,2102.75,7572.0
2015-03-03 18:40:00,2102.5,2102.75,2101.5,2102.0,6793.0
2015-03-03 18:45:00,2102.0,2103.0,2101.5,2102.75,6442.0
2015-03-03 18:50:00,2103.0,2103.25,2102.5,2103.25,6220.0
2015-03-03 18:55:00,2103.25,2103.75,2102.0,2102.5,8238.0
2015-03-03 19:00:00,2102.5,2103.5,2102.25,2103.25,7118.0
2015-03-03 19:05:00,2103.25,2103.5,2102.5,2103.5,3829.0
2015-03-03 19:10:00,2103.5,2106.0,2103.25,2105.5,19039.0
2015-03-03 19:15:00,2105.5,2105.75,2105.0,2105.75,5619.0
2015-03-03 19:20:00,2105.75,2106.5,2105.25,2105.5,9866.0
2015-03-03 19:25:00,2105.75,2107.0,2105.5,2106.75,8994.0
2015-03-03 19:30:00,2106.5,2107.25,2106.25,2106.5,10751.0
2015-03-03 19:35:00,2106.25,2106.5,2105.25,2105.5,11176.0
2015-03-03 19:40:00,2105.25,2105.75,2103.5,2104.0,14223.0
2015-03-03 19:45:00,2104.25,2104.5,2103.0,2104.5,8975.0
2015-03-03 19:50:00,2104.25,2104.75,2103.75,2104.5,8007.0
2015-03-03 19:55:00,2104.5,2105.5,2104.25,2105.0,6709.0
2015-03-03 20:00:00,2105.0,2105.25,2104.25,2105.0,6190.0
2015-03-03 20:05:00,2105.0,2106.0,2104.5,2104.75,10259.0
2015-03-03 20:10:00,2104.75,2105.0,2103.75,2104.25,8978.0
2015-03-03 20:15:00,2104.25,2104.25,2103.0,2103.75,10418.0
2015-03-03 20:20:00,2104.0,2105.5,2103.75,2105.25,8005.0
2015-03-03 20:25:00,2105.25,2106.5,2105.0,2105.75,8281.0
2015-03-03 20:30:00,2105.75,2107.0,2105.75,2106.5,13236.0
2015-03-03 20:35:00,2106.5,2107.25,2105.25,2105.25,14899.0
2015-03-03 20:40:00,2105.25,2105.75,2104.0,2104.5,13947.0
2015-03-03 20:45:00,2104.25,2105.0,2104.0,2104.5,10002.0
2015-03-03 20:50:00,2104.5,2105.75,2104.5,2105.5,13625.0
2015-03-03 20:55:00,2105.5,2106.25,2105.0,2105.75,22461.0
2015-03-03 21:00:00,2106.0,2106.5,2104.5,2104.75,57209.0
2015-03-03 21:05:00,2104.75,2105.5,2104.25,2104.75,9094.0
2015-03-03 21:10:00,2105.0,2105.5,2104.5,2105.0,7149.0
2015-03-03 21:15:00,2104.75,2105.25,2104.5,2104.75,7009.0
2015-03-03 21:30:00,2104.75,2105.0,2104.25,2104.75,3477.0
2015-03-03 21:35:00,2104.5,2105.5,2104.5,2105.0,2697.0
2015-03-03 21:40:00,2105.25,2105.25,2104.75,2104.75,202.0
2015-03-03 21:45:00,2104.75,2105.25,2104.5,2105.0,843.0
2015-03-03 21:50:00,2105.25,2105.25,2105.0,2105.0,1368.0
2015-03-03 21:55:00,2105.0,2105.25,2105.0,2105.0,151.0
2015-03-03 22:00:00,2105.0,2105.25,2104.75,2104.75,296.0
2015-03-03 22:05:00,2104.75,2105.0,2104.75,2105.0,99.0
2015-03-03 22:10:00,2104.75,2105.0,2104.5,2104.75,702.0
2015-03-03 22:15:00,2104.75,2105.0,2104.5,2104.75,1000.0
2015-03-03 23:00:00,2104.75,2104.75,2104.0,2104.25,1196.0
2015-03-03 23:05:00,2104.25,2104.5,2103.75,2103.75,391.0
2015-03-03 23:10:00,2103.75,2104.0,2103.25,2103.5,1574.0
2015-03-03 23:15:00,2103.5,2103.5,2103.25,2103.25,594.0
2015-03-03 23:20:00,2103.5,2103.5,2103.25,2103.5,109.0
2015-03-03 23:25:00,2103.5,2103.5,2103.0,2103.25,456.0
2015-03-03 23:30:00,2103.0,2103.25,2103.0,2103.0,906.0
2015-03-03 23:35:00,2103.0,2103.25,2103.0,2103.25,875.0
2015-03-03 23:40:00,2103.25,2103.5,2103.0,2103.5,632.0
2015-03-03 23:45:00,2103.5,2103.5,2103.5,2103.5,142.0
2015-03-03 23:50:00,2103.5,2103.75,2103.5,2103.75,25.0
2015-03-03 23:55:00,2103.5,2103.75,2103.5,2103.75,68.0
2015-03-04 00:00:00,2103.75,2103.75,2103.5,2103.5,239.0
2015-03-04 00:05:00,2103.5,2103.5,2103.25,2103.5,222.0
2015-03-04 00:10:00,2103.25,2103.5,2103.0,2103.5,233.0
2015-03-04 00:15:00,2103.5,2103.5,2103.25,2103.25,68.0
2015-03-04 00:20:00,2103.25,2103.5,2103.25,2103.5,93.0
2015-03-04 00:25:00,2103.5,2103.5,2103.25,2103.25,161.0
2015-03-04 00:30:00,2103.25,2103.5,2103.25,2103.5,158.0
2015-03-04 00:35:00,2103.25,2103.5,2103.25,2103.25,272.0
2015-03-04 00:40:00,2103.5,2103.5,2103.0,2103.0,342.0
2015-03-04 00:45:00,2103.0,2103.25,2102.75,2103.0,467.0
2015-03-04 00:50:00,2103.0,2103.25,2102.75,2103.0,180.0
2015-03-04 00:55:00,2103.0,2103.25,2101.75,2102.25,2291.0
2015-03-04 01:00:00,2102.25,2102.25,2101.75,2102.0,314.0
2015-03-04 01:05:00,2102.0,2102.25,2102.0,2102.0,281.0
2015-03-04 01:10:00,2102.0,2102.5,2101.75,2102.5,264.0
2015-03-04 01:15:00,2102.5,2102.5,2101.75,2102.0,417.0
2015-03-04 01:20:00,2101.75,2102.0,2101.75,2102.0,219.0
2015-03-04 01:25:00,2102.0,2102.25,2101.75,2102.25,63.0
2015-03-04 01:30:00,2102.25,2102.5,2102.0,2102.25,289.0
2015-03-04 01:35:00,2102.5,2102.75,2102.25,2102.5,278.0
2015-03-04 01:40:00,2102.25,2102.75,2102.25,2102.5,97.0
2015-03-04 01:45:00,2102.5,2102.5,2102.25,2102.25,237.0
2015-03-04 01:50:00,2102.5,2102.5,2102.0,2102.25,218.0
2015-03-04 01:55:00,2102.25,2102.5,2102.25,2102.5,196.0
2015-03-04 02:00:00,2102.5,2102.75,2102.25,2102.5,230.0
2015-03-04 02:05:00,2102.5,2102.5,2102.25,2102.5,95.0
2015-03-04 02:10:00,2102.5,2102.75,2102.25,2102.75,156.0
2015-03-04 02:15:00,2102.75,2102.75,2102.5,2102.75,25.0
2015-03-04 02:20:00,2102.5,2103.0,2102.5,2102.75,104.0
2015-03-04 02:25:00,2102.75,2103.0,2102.75,2103.0,50.0
2015-03-04 02:30:00,2102.75,2103.0,2102.75,2102.75,205.0
2015-03-04 02:35:00,2102.75,2103.0,2102.5,2102.5,220.0
2015-03-04 02:40:00,2102.75,2103.0,2102.75,2102.75,68.0
2015-03-04 02:45:00,2102.75,2103.0,2102.5,2103.0,89.0
2015-03-04 02:50:00,2103.0,2103.0,2102.75,2102.75,91.0
2015-03-04 02:55:00,2103.0,2103.0,2102.75,2103.0,22.0
2015-03-04 03:00:00,2103.0,2103.0,2102.75,2103.0,55.0
2015-03-04 03:05:00,2103.0,2103.0,2102.75,2102.75,23.0
2015-03-04 03:10:00,2102.75,2103.0,2102.75,2102.75,13.0
2015-03-04 03:15:00,2102.75,2103.0,2102.75,2103.0,67.0
2015-03-04 03:20:00,2103.0,2103.0,2102.75,2103.0,38.0
2015-03-04 03:25:00,2103.0,2103.25,2103.0,2103.25,141.0
2015-03-04 03:30:00,2103.25,2103.5,2103.0,2103.25,290.0
2015-03-04 03:35:00,2103.25,2103.75,2103.25,2103.75,185.0
2015-03-04 03:40:00,2103.75,2103.75,2103.5,2103.75,77.0
2015-03-04 03:45:00,2103.5,2103.75,2103.5,2103.5,59.0
2015-03-04 03:50:00,2103.5,2104.0,2103.5,2103.75,277.0
2015-03-04 03:55:00,2103.75,2103.75,2103.5,2103.75,90.0
2015-03-04 04:00:00,2103.5,2103.75,2103.5,2103.75,10.0
2015-03-04 04:05:00,2103.75,2104.0,2103.5,2103.5,175.0
2015-03-04 04:10:00,2103.5,2104.0,2103.5,2103.5,451.0
2015-03-04 04:15:00,2103.5,2103.75,2103.25,2103.25,254.0
2015-03-04 04:20:00,2103.25,2103.5,2103.25,2103.25,323.0
2015-03-04 04:25:00,2103.25,2103.5,2103.25,2103.5,210.0
2015-03-04 04:30:00,2103.25,2103.5,2103.25,2103.25,189.0
2015-03-04 04:35:00,2103.25,2103.5,2103.0,2103.25,174.0
2015-03-04 04:40:00,2103.25,2103.5,2103.25,2103.25,8.0
2015-03-04 04:45:00,2103.25,2103.5,2103.25,2103.5,97.0
2015-03-04 04:50:00,2103.25,2103.5,2103.25,2103.5,160.0
2015-03-04 04:55:00,2103.25,2103.5,2103.25,2103.25,29.0
2015-03-04 05:00:00,2103.5,2103.75,2103.5,2103.75,87.0
2015-03-04 05:05:00,2103.75,2103.75,2103.5,2103.5,26.0
2015-03-04 05:10:00,2103.5,2103.5,2103.25,2103.5,446.0
2015-03-04 05:15:00,2103.25,2103.5,2103.0,2103.0,282.0
2015-03-04 05:20:00,2103.25,2103.25,2102.75,2102.75,334.0
2015-03-04 05:25:00,2102.75,2103.25,2102.75,2103.25,214.0
2015-03-04 05:30:00,2103.25,2103.5,2103.0,2103.5,162.0
2015-03-04 05:35:00,2103.25,2103.75,2103.25,2103.5,172.0
2015-03-04 05:40:00,2103.25,2103.5,2103.0,2103.5,114.0
2015-03-04 05:45:00,2103.5,2103.5,2103.25,2103.25,2.0
2015-03-04 05:50:00,2103.25,2103.5,2103.25,2103.5,39.0
2015-03-04 05:55:00,2103.5,2103.75,2103.25,2103.75,214.0
2015-03-04 06:00:00,2104.0,2104.0,2103.0,2103.25,294.0
2015-03-04 06:05:00,2103.5,2103.5,2103.25,2103.5,172.0
2015-03-04 06:10:00,2103.5,2103.5,2103.0,2103.0,186.0
2015-03-04 06:15:00,2103.0,2103.0,2102.75,2103.0,30.0
2015-03-04 06:20:00,2102.75,2103.0,2102.75,2102.75,231.0
2015-03-04 06:25:00,2102.75,2103.0,2102.75,2102.75,25.0
2015-03-04 06:30:00,2102.75,2103.0,2102.75,2102.75,108.0
2015-03-04 06:35:00,2102.75,2103.0,2102.75,2103.0,98.0
2015-03-04 06:40:00,2103.0,2103.0,2102.75,2103.0,24.0
2015-03-04 06:45:00,2102.75,2103.0,2102.75,2102.75,44.0
2015-03-04 06:50:00,2102.75,2103.5,2102.75,2103.25,121.0
2015-03-04 06:55:00,2103.25,2103.25,2103.0,2103.25,162.0
2015-03-04 07:00:00,2103.25,2104.0,2103.25,2103.5,695.0
2015-03-04 07:05:00,2103.5,2103.5,2103.25,2103.25,106.0
2015-03-04 07:10:00,2103.5,2103.75,2103.25,2103.75,129.0
2015-03-04 07:15:00,2103.75,2103.75,2103.25,2103.5,135.0
2015-03-04 07:20:00,2103.5,2103.75,2103.5,2103.75,160.0
2015-03-04 07:25:00,2103.75,2104.0,2103.5,2104.0,268.0
2015-03-04 07:30:00,2104.0,2104.0,2103.5,2103.5,220.0
2015-03-04 07:35:00,2103.75,2103.75,2103.5,2103.75,58.0
2015-03-04 07:40:00,2103.75,2104.0,2103.75,2104.0,202.0
2015-03-04 07:45:00,2104.0,2104.25,2103.5,2103.5,417.0
2015-03-04 07:50:00,2103.75,2103.75,2103.0,2103.25,463.0
2015-03-04 07:55:00,2103.25,2103.5,2103.0,2103.25,181.0
2015-03-04 08:00:00,2103.5,2103.5,2102.5,2102.75,1034.0
2015-03-04 08:05:00,2103.0,2103.5,2102.75,2103.25,1483.0
2015-03-04 08:10:00,2103.5,2103.5,2102.5,2102.75,1306.0
2015-03-04 08:15:00,2102.75,2103.0,2102.25,2102.5,1234.0
2015-03-04 08:20:00,2102.5,2103.25,2102.5,2103.25,1260.0
2015-03-04 08:25:00,2103.0,2103.75,2103.0,2103.25,944.0
2015-03-04 08:30:00,2103.25,2103.75,2102.25,2102.25,2139.0
2015-03-04 08:35:00,2102.25,2102.75,2101.75,2102.0,1900.0
2015-03-04 08:40:00,2102.0,2102.5,2101.5,2102.0,1864.0
2015-03-04 08:45:00,2102.0,2102.0,2100.25,2100.5,2981.0
2015-03-04 08:50:00,2100.25,2101.25,2100.25,2100.25,1328.0
2015-03-04 08:55:00,2100.5,2100.75,2099.75,2100.25,2146.0
2015-03-04 09:00:00,2100.25,2100.25,2097.25,2098.0,6973.0
2015-03-04 09:05:00,2098.0,2098.75,2097.75,2098.0,3671.0
2015-03-04 09:10:00,2098.0,2098.5,2097.0,2098.25,2706.0
2015-03-04 09:15:00,2098.25,2099.25,2098.25,2098.25,2625.0
2015-03-04 09:20:00,2098.5,2099.0,2098.0,2098.25,1053.0
2015-03-04 09:25:00,2098.5,2098.75,2097.5,2097.75,1088.0
2015-03-04 09:30:00,2097.75,2098.5,2097.5,2098.25,1911.0
2015-03-04 09:35:00,2098.25,2099.0,2098.0,2098.5,1379.0
2015-03-04 09:40:00,2098.5,2099.0,2098.25,2099.0,1240.0
2015-03-04 09:45:00,2099.0,2099.0,2098.5,2099.0,679.0
2015-03-04 09:50:00,2099.0,2099.25,2098.5,2098.5,1378.0
2015-03-04 09:55:00,2098.5,2099.25,2098.25,2099.0,1442.0
2015-03-04 10:00:00,2099.25,2100.25,2099.0,2099.5,1497.0
2015-03-04 10:05:00,2099.75,2099.75,2097.75,2097.75,1882.0
2015-03-04 10:10:00,2097.75,2098.25,2097.75,2098.0,572.0
2015-03-04 10:15:00,2098.25,2098.5,2097.75,2098.5,682.0
2015-03-04 10:20:00,2098.75,2099.0,2098.25,2099.0,1391.0
2015-03-04 10:25:00,2098.75,2099.0,2098.0,2098.0,2021.0
2015-03-04 10:30:00,2098.0,2098.25,2097.5,2097.75,758.0
2015-03-04 10:35:00,2097.5,2098.25,2097.5,2097.75,242.0
2015-03-04 10:40:00,2097.75,2098.0,2097.5,2098.0,929.0
2015-03-04 10:45:00,2098.0,2098.25,2098.0,2098.25,217.0
2015-03-04 10:50:00,2098.0,2098.25,2097.0,2097.5,1532.0
2015-03-04 10:55:00,2097.75,2097.75,2097.25,2097.5,499.0
2015-03-04 11:00:00,2097.75,2097.75,2097.25,2097.75,880.0
2015-03-04 11:05:00,2097.75,2097.75,2097.0,2097.25,849.0
2015-03-04 11:10:00,2097.25,2097.5,2096.75,2097.25,1596.0
2015-03-04 11:15:00,2097.25,2097.5,2096.75,2097.5,885.0
2015-03-04 11:20:00,2097.5,2097.75,2097.25,2097.5,528.0
2015-03-04 11:25:00,2097.5,2097.5,2097.0,2097.25,394.0
2015-03-04 11:30:00,2097.25,2097.5,2097.0,2097.0,907.0
2015-03-04 11:35:00,2097.25,2097.5,2096.75,2097.0,1730.0
2015-03-04 11:40:00,2097.25,2097.5,2097.0,2097.25,539.0
2015-03-04 11:45:00,2097.5,2098.5,2097.25,2098.5,753.0
2015-03-04 11:50:00,2098.25,2098.75,2098.0,2098.25,806.0
2015-03-04 11:55:00,2098.25,2098.75,2098.0,2098.25,847.0
2015-03-04 12:00:00,2098.25,2098.5,2097.75,2097.75,763.0
2015-03-04 12:05:00,2098.0,2098.25,2097.5,2098.25,864.0
2015-03-04 12:10:00,2098.25,2098.25,2097.75,2097.75,733.0
2015-03-04 12:15:00,2097.75,2098.0,2097.25,2097.75,1117.0
2015-03-04 12:20:00,2097.75,2098.5,2097.25,2098.5,2595.0
2015-03-04 12:25:00,2098.5,2098.5,2097.75,2098.5,836.0
2015-03-04 12:30:00,2098.5,2098.5,2097.5,2098.0,1253.0
2015-03-04 12:35:00,2098.0,2098.5,2097.75,2097.75,1606.0
2015-03-04 12:40:00,2098.0,2098.0,2097.5,2097.75,1195.0
2015-03-04 12:45:00,2097.75,2098.0,2097.25,2097.75,1304.0
2015-03-04 12:50:00,2097.75,2098.25,2097.75,2098.0,1647.0
2015-03-04 12:55:00,2098.0,2099.25,2098.0,2099.0,3586.0
2015-03-04 13:00:00,2099.0,2099.5,2098.75,2099.25,1998.0
2015-03-04 13:05:00,2099.5,2099.75,2099.25,2099.5,2559.0
2015-03-04 13:10:00,2099.5,2099.75,2098.75,2099.0,1846.0
2015-03-04 13:15:00,2099.0,2099.75,2098.5,2099.0,2919.0
2015-03-04 13:20:00,2099.0,2099.0,2098.0,2098.5,2057.0
2015-03-04 13:25:00,2098.5,2099.5,2098.5,2099.0,1229.0
2015-03-04 13:30:00,2099.0,2099.5,2098.75,2099.0,1231.0
2015-03-04 13:35:00,2099.0,2099.25,2098.25,2098.75,1118.0
2015-03-04 13:40:00,2098.75,2099.25,2098.25,2098.75,1008.0
2015-03-04 13:45:00,2099.0,2099.25,2098.25,2099.0,1869.0
2015-03-04 13:50:00,2099.0,2099.75,2098.5,2098.75,2290.0
2015-03-04 13:55:00,2098.75,2099.5,2098.5,2099.0,1770.0
2015-03-04 14:00:00,2099.25,2099.25,2098.5,2099.0,2109.0
2015-03-04 14:05:00,2099.0,2099.0,2097.75,2098.25,3480.0
2015-03-04 14:10:00,2098.0,2098.5,2097.75,2098.25,954.0
2015-03-04 14:15:00,2098.25,2099.0,2098.0,2098.5,2774.0
2015-03-04 14:20:00,2098.5,2098.75,2098.0,2098.25,1857.0
2015-03-04 14:25:00,2098.0,2099.25,2098.0,2098.75,2841.0
2015-03-04 14:30:00,2098.75,2099.5,2096.0,2096.75,45799.0
2015-03-04 14:35:00,2096.75,2097.0,2093.25,2094.25,49177.0
2015-03-04 14:40:00,2094.25,2094.25,2090.25,2091.0,56492.0
2015-03-04 14:45:00,2091.0,2091.25,2089.0,2090.5,51784.0
2015-03-04 14:50:00,2090.5,2090.75,2088.25,2090.25,43378.0
2015-03-04 14:55:00,2090.5,2091.5,2089.5,2091.0,27385.0
2015-03-04 15:00:00,2090.75,2092.25,2089.25,2091.0,30925.0
2015-03-04 15:05:00,2090.75,2091.25,2088.25,2090.5,39443.0
2015-03-04 15:10:00,2090.75,2091.0,2085.25,2087.25,60339.0
2015-03-04 15:15:00,2087.25,2088.75,2086.5,2088.25,26890.0
2015-03-04 15:20:00,2088.25,2089.25,2087.5,2088.25,22953.0
2015-03-04 15:25:00,2088.25,2089.25,2087.25,2088.25,20299.0
2015-03-04 15:30:00,2088.25,2089.5,2087.25,2089.25,21090.0
2015-03-04 15:35:00,2089.5,2091.25,2089.25,2089.5,32019.0
2015-03-04 15:40:00,2089.25,2092.25,2089.0,2091.75,22504.0
2015-03-04 15:45:00,2091.75,2092.0,2088.5,2089.25,23620.0
2015-03-04 15:50:00,2089.25,2089.5,2087.75,2089.5,21569.0
2015-03-04 15:55:00,2089.5,2091.0,2088.25,2090.75,17474.0
2015-03-04 16:00:00,2090.75,2091.75,2090.25,2091.75,15465.0
2015-03-04 16:05:00,2091.5,2092.25,2090.5,2092.0,16059.0
2015-03-04 16:10:00,2092.0,2093.75,2092.0,2092.5,31267.0
2015-03-04 16:15:00,2092.75,2094.75,2092.5,2094.75,21884.0
2015-03-04 16:20:00,2094.5,2095.75,2094.25,2095.0,25994.0
2015-03-04 16:25:00,2094.75,2095.25,2094.0,2094.5,12707.0
2015-03-04 16:30:00,2094.5,2095.0,2094.0,2094.75,12980.0
2015-03-04 16:35:00,2094.75,2096.75,2094.75,2096.0,21796.0
2015-03-04 16:40:00,2096.0,2096.5,2095.75,2096.0,12331.0
2015-03-04 16:45:00,2095.75,2096.75,2095.5,2095.5,10603.0
2015-03-04 16:50:00,2095.75,2095.75,2094.5,2094.75,10095.0
2015-03-04 16:55:00,2094.5,2095.25,2094.25,2094.75,7812.0
2015-03-04 17:00:00,2094.5,2095.5,2094.25,2095.25,6909.0
2015-03-04 17:05:00,2095.25,2096.0,2094.75,2095.5,6878.0
2015-03-04 17:10:00,2095.5,2096.5,2095.25,2096.25,5824.0
2015-03-04 17:15:00,2096.25,2098.5,2096.25,2097.5,18545.0
2015-03-04 17:20:00,2097.75,2098.25,2097.5,2097.75,9220.0
2015-03-04 17:25:00,2097.75,2098.0,2097.25,2097.5,4761.0
2015-03-04 17:30:00,2097.5,2098.75,2097.25,2097.75,10095.0
2015-03-04 17:35:00,2097.75,2098.5,2097.25,2097.75,6999.0
2015-03-04 17:40:00,2097.75,2099.75,2097.75,2099.25,11743.0
2015-03-04 17:45:00,2099.25,2099.75,2099.0,2099.25,9205.0
2015-03-04 17:50:00,2099.25,2099.5,2098.5,2098.75,6022.0
2015-03-04 17:55:00,2098.5,2098.5,2096.75,2097.0,8218.0
2015-03-04 18:00:00,2097.0,2097.25,2096.5,2096.5,5977.0
2015-03-04 18:05:00,2096.5,2097.0,2096.25,2096.75,5670.0
2015-03-04 18:10:00,2096.5,2097.0,2096.0,2097.0,5878.0
2015-03-04 18:15:00,2097.0,2097.5,2096.5,2097.0,5800.0
2015-03-04 18:20:00,2097.0,2098.75,2096.5,2098.0,8473.0
2015-03-04 18:25:00,2098.25,2098.25,2097.25,2097.75,6671.0
2015-03-04 18:30:00,2097.5,2098.5,2097.0,2097.0,7342.0
2015-03-04 18:35:00,2097.0,2098.25,2097.0,2097.5,5664.0
2015-03-04 18:40:00,2097.5,2098.0,2096.5,2096.75,5549.0
2015-03-04 18:45:00,2096.75,2097.25,2095.5,2095.75,7880.0
2015-03-04 18:50:00,2096.0,2096.5,2095.5,2095.75,5093.0
2015-03-04 18:55:00,2096.0,2096.0,2093.25,2094.0,13101.0
2015-03-04 19:00:00,2094.0,2095.5,2093.75,2095.0,8289.0
2015-03-04 19:05:00,2095.0,2095.75,2094.5,2094.75,9709.0
2015-03-04 19:10:00,2094.75,2095.5,2093.75,2094.0,10256.0
2015-03-04 19:15:00,2094.0,2094.25,2092.5,2093.5,17166.0
2015-03-04 19:20:00,2093.5,2094.25,2092.75,2093.75,7405.0
2015-03-04 19:25:00,2093.75,2094.25,2093.5,2094.0,3271.0
2015-03-04 19:30:00,2094.0,2094.5,2093.75,2094.25,4491.0
2015-03-04 19:35:00,2094.0,2095.0,2093.25,2093.5,6648.0
2015-03-04 19:40:00,2093.5,2095.25,2093.5,2095.0,6992.0
2015-03-04 19:45:00,2095.0,2096.25,2095.0,2095.75,10645.0
2015-03-04 19:50:00,2095.75,2096.75,2095.5,2096.25,5216.0
2015-03-04 19:55:00,2096.0,2097.5,2096.0,2097.5,7693.0
2015-03-04 20:00:00,2097.5,2097.75,2096.25,2096.75,7633.0
2015-03-04 20:05:00,2096.5,2096.75,2094.5,2095.75,10972.0
2015-03-04 20:10:00,2095.75,2097.0,2095.5,2096.5,10913.0
2015-03-04 20:15:00,2096.75,2097.75,2096.25,2096.75,10168.0
2015-03-04 20:20:00,2096.5,2097.0,2096.0,2096.5,6927.0
2015-03-04 20:25:00,2096.5,2097.0,2095.25,2096.75,10408.0
2015-03-04 20:30:00,2096.75,2098.5,2096.5,2098.0,15378.0
2015-03-04 20:35:00,2098.0,2098.5,2097.0,2097.75,13521.0
2015-03-04 20:40:00,2097.5,2097.75,2096.0,2096.25,16821.0
2015-03-04 20:45:00,2096.5,2097.75,2096.0,2097.25,11261.0
2015-03-04 20:50:00,2097.25,2097.75,2097.0,2097.0,9239.0
2015-03-04 20:55:00,2097.0,2097.25,2096.25,2096.5,18413.0
2015-03-04 21:00:00,2096.75,2097.25,2096.25,2096.5,46868.0
2015-03-04 21:05:00,2096.5,2097.5,2096.25,2097.5,10394.0
2015-03-04 21:10:00,2097.25,2097.5,2096.5,2096.75,9358.0
2015-03-04 21:15:00,2096.75,2097.0,2096.25,2096.5,6458.0
2015-03-04 21:30:00,2096.25,2096.75,2095.75,2096.0,2158.0
2015-03-04 21:35:00,2096.0,2096.75,2096.0,2096.5,1783.0
2015-03-04 21:40:00,2096.75,2096.75,2096.25,2096.5,474.0
2015-03-04 21:45:00,2096.5,2096.5,2096.0,2096.25,725.0
2015-03-04 21:50:00,2096.0,2096.5,2096.0,2096.5,256.0
2015-03-04 21:55:00,2096.25,2096.25,2096.0,2096.25,153.0
2015-03-04 22:00:00,2096.0,2096.25,2095.75,2096.25,418.0
2015-03-04 22:05:00,2096.0,2096.5,2096.0,2096.5,184.0
2015-03-04 22:10:00,2096.25,2096.5,2096.0,2096.25,547.0
2015-03-04 22:15:00,2096.0,2096.5,2096.0,2096.25,293.0
2015-03-04 23:00:00,2096.5,2096.75,2096.0,2096.0,793.0
2015-03-04 23:05:00,2096.25,2096.75,2096.0,2096.5,471.0
2015-03-04 23:10:00,2096.5,2096.75,2096.0,2096.0,278.0
2015-03-04 23:15:00,2096.25,2096.25,2094.75,2094.75,830.0
2015-03-04 23:20:00,2095.0,2095.25,2095.0,2095.25,354.0
2015-03-04 23:25:00,2095.25,2095.25,2095.25,2095.25,230.0
2015-03-04 23:30:00,2095.25,2095.75,2095.0,2095.75,287.0
2015-03-04 23:35:00,2095.75,2095.75,2095.5,2095.5,136.0
2015-03-04 23:40:00,2095.5,2095.5,2095.5,2095.5,178.0
2015-03-04 23:45:00,2095.5,2095.5,2095.25,2095.5,130.0
2015-03-04 23:50:00,2095.5,2095.75,2095.5,2095.5,49.0
2015-03-04 23:55:00,2095.5,2095.5,2095.25,2095.5,88.0
2015-03-05 00:00:00,2095.5,2095.75,2095.25,2095.25,177.0
2015-03-05 00:05:00,2095.25,2095.5,2094.75,2095.0,542.0
2015-03-05 00:10:00,2095.0,2095.25,2094.75,2094.75,312.0
2015-03-05 00:15:00,2094.75,2095.0,2094.75,2094.75,191.0
2015-03-05 00:20:00,2094.75,2095.25,2094.5,2095.25,1414.0
2015-03-05 00:25:00,2095.25,2096.5,2095.25,2096.25,487.0
2015-03-05 00:30:00,2096.5,2096.5,2095.75,2096.0,373.0
2015-03-05 00:35:00,2096.0,2096.25,2095.5,2095.75,324.0
2015-03-05 00:40:00,2095.75,2096.0,2095.5,2096.0,125.0
2015-03-05 00:45:00,2096.0,2096.25,2095.75,2096.25,174.0
2015-03-05 00:50:00,2096.25,2096.25,2096.0,2096.25,118.0
2015-03-05 00:55:00,2096.25,2096.5,2096.0,2096.25,65.0
2015-03-05 01:00:00,2096.5,2096.5,2095.75,2096.25,348.0
2015-03-05 01:05:00,2096.5,2096.5,2096.0,2096.0,330.0
2015-03-05 01:10:00,2096.25,2096.25,2095.75,2096.0,165.0
2015-03-05 01:15:00,2096.0,2096.5,2095.75,2096.5,197.0
2015-03-05 01:20:00,2096.5,2096.75,2096.25,2096.5,435.0
2015-03-05 01:25:00,2096.5,2096.75,2096.5,2096.75,205.0
2015-03-05 01:30:00,2096.75,2097.0,2096.5,2096.75,413.0
2015-03-05 01:35:00,2096.75,2097.0,2096.5,2096.75,412.0
2015-03-05 01:40:00,2096.75,2096.75,2096.5,2096.75,79.0
2015-03-05 01:45:00,2096.75,2096.75,2096.25,2096.5,198.0
2015-03-05 01:50:00,2096.75,2096.75,2096.5,2096.75,26.0
2015-03-05 01:55:00,2096.75,2096.75,2096.5,2096.75,108.0
2015-03-05 02:00:00,2096.75,2096.75,2096.25,2096.25,61.0
2015-03-05 02:05:00,2096.25,2096.5,2096.25,2096.5,74.0
2015-03-05 02:10:00,2096.5,2096.75,2096.25,2096.5,119.0
2015-03-05 02:15:00,2096.5,2096.75,2096.5,2096.5,492.0
2015-03-05 02:20:00,2096.25,2096.5,2096.25,2096.5,6.0
2015-03-05 02:25:00,2096.25,2096.25,2096.25,2096.25,1.0
2015-03-05 02:30:00,2096.5,2096.75,2096.5,2096.75,170.0
2015-03-05 02:35:00,2096.5,2096.75,2096.5,2096.5,11.0
2015-03-05 02:40:00,2096.5,2096.75,2096.5,2096.75,9.0
2015-03-05 02:45:00,2096.5,2096.75,2096.5,2096.75,22.0
2015-03-05 02:50:00,2096.5,2096.75,2096.5,2096.75,60.0
2015-03-05 02:55:00,2096.75,2096.75,2096.5,2096.75,43.0
2015-03-05 03:00:00,2096.75,2096.75,2096.5,2096.5,96.0
2015-03-05 03:05:00,2096.75,2096.75,2096.5,2096.5,21.0
2015-03-05 03:10:00,2096.5,2096.75,2096.25,2096.5,314.0
2015-03-05 03:15:00,2096.5,2096.75,2096.5,2096.5,17.0
2015-03-05 03:20:00,2096.5,2096.75,2096.25,2096.5,76.0
2015-03-05 03:25:00,2096.25,2096.75,2096.25,2096.75,33.0
2015-03-05 03:30:00,2096.75,2097.0,2096.5,2097.0,356.0
2015-03-05 03:35:00,2096.75,2097.0,2096.75,2096.75,10.0
2015-03-05 03:40:00,2097.0,2097.25,2096.75,2097.25,534.0
2015-03-05 03:45:00,2097.0,2097.25,2097.0,2097.0,193.0
2015-03-05 03:50:00,2097.25,2097.75,2097.0,2097.5,335.0
2015-03-05 03:55:00,2097.5,2098.0,2097.5,2098.0,379.0
2015-03-05 04:00:00,2098.0,2098.0,2097.75,2097.75,227.0
2015-03-05 04:05:00,2097.75,2097.75,2097.5,2097.5,120.0
2015-03-05 04:10:00,2097.5,2098.0,2097.5,2098.0,248.0
2015-03-05 04:15:00,2097.75,2098.25,2097.75,2098.0,109.0
2015-03-05 04:20:00,2098.0,2098.25,2098.0,2098.25,149.0
2015-03-05 04:25:00,2098.25,2098.25,2098.0,2098.0,85.0
2015-03-05 04:30:00,2098.0,2098.25,2097.75,2097.75,190.0
2015-03-05 04:35:00,2097.75,2098.0,2097.75,2098.0,22.0
2015-03-05 04:40:00,2098.0,2098.25,2097.75,2098.25,187.0
2015-03-05 04:45:00,2098.25,2098.25,2098.0,2098.25,19.0
2015-03-05 04:50:00,2098.25,2098.25,2098.0,2098.0,22.0
2015-03-05 04:55:00,2098.0,2098.0,2097.75,2098.0,58.0
2015-03-05 05:00:00,2098.0,2098.0,2097.75,2098.0,92.0
2015-03-05 05:05:00,2098.0,2098.25,2097.75,2097.75,82.0
2015-03-05 05:10:00,2097.75,2098.0,2097.75,2098.0,173.0
2015-03-05 05:15:00,2097.75,2098.0,2097.5,2097.5,351.0
2015-03-05 05:20:00,2097.5,2097.75,2097.25,2097.75,216.0
2015-03-05 05:25:00,2097.5,2098.0,2097.5,2097.75,134.0
2015-03-05 05:30:00,2097.75,2098.0,2097.5,2097.5,163.0
2015-03-05 05:35:00,2097.5,2097.75,2097.25,2097.5,143.0
2015-03-05 05:40:00,2097.25,2098.0,2097.25,2097.25,245.0
2015-03-05 05:45:00,2097.5,2097.5,2096.75,2097.0,491.0
2015-03-05 05:50:00,2096.75,2097.0,2096.25,2096.75,621.0
2015-03-05 05:55:00,2096.75,2097.75,2096.75,2097.25,233.0
2015-03-05 06:00:00,2097.5,2097.75,2097.0,2097.0,185.0
2015-03-05 06:05:00,2097.25,2098.0,2097.25,2097.75,264.0
2015-03-05 06:10:00,2097.75,2097.75,2097.5,2097.5,103.0
2015-03-05 06:15:00,2097.5,2097.5,2096.75,2097.0,248.0
2015-03-05 06:20:00,2097.0,2097.25,2096.75,2097.0,89.0
2015-03-05 06:25:00,2097.25,2097.75,2097.25,2097.75,73.0
2015-03-05 06:30:00,2097.75,2098.0,2097.75,2097.75,93.0
2015-03-05 06:35:00,2098.0,2098.0,2097.5,2097.75,113.0
2015-03-05 06:40:00,2097.75,2098.0,2097.75,2097.75,259.0
2015-03-05 06:45:00,2098.0,2098.25,2097.75,2098.0,231.0
2015-03-05 06:50:00,2097.75,2098.0,2097.75,2098.0,34.0
2015-03-05 06:55:00,2098.0,2098.25,2097.75,2098.25,145.0
2015-03-05 07:00:00,2098.0,2099.0,2098.0,2098.25,1189.0
2015-03-05 07:05:00,2098.25,2098.5,2097.75,2098.0,342.0
2015-03-05 07:10:00,2098.25,2098.25,2098.0,2098.0,148.0
2015-03-05 07:15:00,2098.0,2098.5,2097.5,2097.5,609.0
2015-03-05 07:20:00,2097.25,2098.0,2097.25,2097.75,299.0
2015-03-05 07:25:00,2097.75,2098.0,2097.5,2098.0,193.0
2015-03-05 07:30:00,2097.75,2098.25,2097.75,2098.25,511.0
2015-03-05 07:35:00,2098.25,2098.5,2098.0,2098.0,313.0
2015-03-05 07:40:00,2098.0,2098.25,2097.75,2097.75,328.0
2015-03-05 07:45:00,2098.0,2098.0,2097.5,2097.75,219.0
2015-03-05 07:50:00,2097.75,2098.25,2097.75,2098.25,379.0
2015-03-05 07:55:00,2098.25,2098.75,2098.0,2098.5,1069.0
2015-03-05 08:00:00,2098.5,2098.75,2097.75,2098.25,1345.0
2015-03-05 08:05:00,2098.0,2099.25,2097.5,2098.0,2014.0
2015-03-05 08:10:00,2098.0,2098.0,2096.75,2097.5,993.0
2015-03-05 08:15:00,2097.5,2097.75,2097.0,2097.25,896.0
2015-03-05 08:20:00,2097.5,2097.5,2097.0,2097.5,747.0
2015-03-05 08:25:00,2097.5,2097.75,2097.0,2097.25,458.0
2015-03-05 08:30:00,2097.5,2099.25,2097.5,2098.5,2261.0
2015-03-05 08:35:00,2098.5,2098.75,2097.75,2098.0,918.0
2015-03-05 08:40:00,2098.25,2098.75,2098.0,2098.25,1206.0
2015-03-05 08:45:00,2098.25,2098.75,2097.75,2097.75,751.0
2015-03-05 08:50:00,2097.75,2098.0,2097.25,2097.5,682.0
2015-03-05 08:55:00,2097.5,2098.0,2097.25,2097.5,716.0
2015-03-05 09:00:00,2097.5,2098.5,2097.5,2098.5,1234.0
2015-03-05 09:05:00,2098.25,2098.5,2097.5,2097.5,371.0
2015-03-05 09:10:00,2097.5,2097.5,2096.5,2096.75,1081.0
2015-03-05 09:15:00,2096.75,2097.0,2096.75,2097.0,664.0
2015-03-05 09:20:00,2097.0,2097.5,2096.25,2096.25,1693.0
2015-03-05 09:25:00,2096.25,2097.0,2095.75,2097.0,1727.0
2015-03-05 09:30:00,2097.0,2097.0,2096.25,2096.75,493.0
2015-03-05 09:35:00,2096.75,2097.0,2096.25,2096.5,447.0
2015-03-05 09:40:00,2096.5,2096.75,2096.25,2096.25,504.0
2015-03-05 09:45:00,2096.25,2097.0,2096.0,2097.0,642.0
2015-03-05 09:50:00,2097.0,2097.25,2096.0,2096.25,737.0
2015-03-05 09:55:00,2096.25,2096.75,2096.25,2096.5,576.0
2015-03-05 10:00:00,2096.5,2096.75,2096.0,2096.5,760.0
2015-03-05 10:05:00,2096.5,2097.0,2096.5,2097.0,184.0
2015-03-05 10:10:00,2097.0,2097.75,2096.75,2097.5,1059.0
2015-03-05 10:15:00,2097.75,2098.0,2097.25,2097.75,799.0
2015-03-05 10:20:00,2098.0,2098.25,2097.75,2097.75,775.0
2015-03-05 10:25:00,2098.0,2098.0,2097.25,2097.75,608.0
2015-03-05 10:30:00,2097.75,2097.75,2097.0,2097.5,643.0
2015-03-05 10:35:00,2097.5,2097.75,2097.5,2097.5,297.0
2015-03-05 10:40:00,2097.75,2098.0,2097.75,2097.75,308.0
2015-03-05 10:45:00,2097.75,2097.75,2097.0,2097.5,725.0
2015-03-05 10:50:00,2097.5,2097.5,2097.25,2097.5,274.0
2015-03-05 10:55:00,2097.5,2098.0,2097.5,2098.0,257.0
2015-03-05 11:00:00,2098.0,2098.75,2097.75,2098.75,681.0
2015-03-05 11:05:00,2098.75,2099.0,2098.5,2098.75,1054.0
2015-03-05 11:10:00,2098.75,2099.0,2098.25,2098.5,584.0
2015-03-05 11:15:00,2098.75,2099.0,2098.25,2098.25,1597.0
2015-03-05 11:20:00,2098.5,2098.75,2097.75,2098.0,807.0
2015-03-05 11:25:00,2098.25,2098.5,2098.0,2098.5,545.0
2015-03-05 11:30:00,2098.5,2099.75,2098.5,2099.25,2049.0
2015-03-05 11:35:00,2099.25,2100.25,2099.0,2099.75,2447.0
2015-03-05 11:40:00,2100.0,2100.0,2099.25,2099.5,1075.0
2015-03-05 11:45:00,2099.5,2099.5,2099.0,2099.25,567.0
2015-03-05 11:50:00,2099.25,2099.25,2098.75,2099.0,671.0
2015-03-05 11:55:00,2099.0,2099.25,2098.25,2098.75,966.0
2015-03-05 12:00:00,2098.75,2099.0,2098.25,2098.75,3221.0
2015-03-05 12:05:00,2098.5,2099.0,2098.0,2098.75,1923.0
2015-03-05 12:10:00,2098.5,2099.0,2098.5,2098.75,398.0
2015-03-05 12:15:00,2099.0,2099.0,2098.25,2098.75,467.0
2015-03-05 12:20:00,2098.5,2099.5,2098.5,2099.5,520.0
2015-03-05 12:25:00,2099.25,2100.5,2099.25,2099.75,2167.0
2015-03-05 12:30:00,2100.0,2100.5,2099.75,2100.25,695.0
2015-03-05 12:35:00,2100.25,2100.25,2099.75,2100.25,889.0
2015-03-05 12:40:00,2100.25,2100.25,2099.25,2099.5,1057.0
2015-03-05 12:45:00,2099.75,2100.0,2099.25,2099.75,1054.0
2015-03-05 12:50:00,2099.5,2100.5,2099.5,2100.0,1112.0
2015-03-05 12:55:00,2100.0,2100.25,2099.75,2100.25,642.0
2015-03-05 13:00:00,2100.25,2100.75,2100.0,2100.5,1874.0
2015-03-05 13:05:00,2100.5,2101.5,2100.5,2100.75,2663.0
2015-03-05 13:10:00,2100.75,2103.25,2100.5,2102.0,8954.0
2015-03-05 13:15:00,2101.75,2103.5,2101.75,2103.25,2763.0
2015-03-05 13:20:00,2103.25,2103.5,2102.25,2102.5,3988.0
2015-03-05 13:25:00,2102.5,2102.5,2101.75,2102.25,2386.0
2015-03-05 13:30:00,2102.0,2102.75,2099.5,2101.0,5113.0
2015-03-05 13:35:00,2101.0,2101.0,2099.25,2099.5,4438.0
2015-03-05 13:40:00,2099.5,2100.5,2098.75,2100.0,6846.0
2015-03-05 13:45:00,2100.0,2101.0,2099.25,2100.0,2702.0
2015-03-05 13:50:00,2100.0,2101.25,2099.5,2101.25,5133.0
2015-03-05 13:55:00,2101.25,2102.0,2100.0,2101.0,6400.0
2015-03-05 14:00:00,2101.25,2101.75,2100.5,2101.25,3078.0
2015-03-05 14:05:00,2101.25,2102.5,2100.5,2101.25,7277.0
2015-03-05 14:10:00,2101.25,2101.25,2100.0,2100.75,3476.0
2015-03-05 14:15:00,2100.75,2101.0,2099.5,2100.75,4672.0
2015-03-05 14:20:00,2100.75,2100.75,2099.5,2100.0,3752.0
2015-03-05 14:25:00,2100.0,2101.25,2099.75,2100.75,4147.0
2015-03-05 14:30:00,2100.75,2101.5,2098.0,2099.0,35816.0
2015-03-05 14:35:00,2099.25,2099.5,2096.75,2098.0,30795.0
2015-03-05 14:40:00,2098.0,2098.25,2096.5,2098.25,26061.0
2015-03-05 14:45:00,2098.25,2099.75,2096.0,2099.5,27810.0
2015-03-05 14:50:00,2099.75,2101.25,2099.25,2100.75,29791.0
2015-03-05 14:55:00,2100.75,2101.0,2100.0,2100.0,10003.0
2015-03-05 15:00:00,2100.0,2100.75,2099.0,2099.5,16258.0
2015-03-05 15:05:00,2099.5,2102.0,2099.5,2101.5,24773.0
2015-03-05 15:10:00,2101.5,2102.25,2101.0,2101.75,14336.0
2015-03-05 15:15:00,2101.75,2102.25,2101.25,2101.25,14400.0
2015-03-05 15:20:00,2101.25,2101.25,2099.75,2100.0,16689.0
2015-03-05 15:25:00,2100.25,2102.0,2100.0,2101.75,13401.0
2015-03-05 15:30:00,2101.75,2102.5,2101.5,2102.0,14417.0
2015-03-05 15:35:00,2102.0,2102.0,2101.0,2101.0,12827.0
2015-03-05 15:40:00,2101.0,2101.75,2101.0,2101.5,7627.0
2015-03-05 15:45:00,2101.25,2102.25,2101.25,2102.0,9136.0
2015-03-05 15:50:00,2102.0,2102.75,2101.75,2101.75,6519.0
2015-03-05 15:55:00,2101.75,2102.0,2101.0,2101.75,9837.0
2015-03-05 16:00:00,2101.5,2101.75,2100.25,2100.25,15360.0
2015-03-05 16:05:00,2100.25,2100.75,2098.25,2098.5,15375.0
2015-03-05 16:10:00,2098.25,2098.75,2096.25,2097.5,25901.0
2015-03-05 16:15:00,2097.5,2098.0,2096.75,2097.75,16526.0
2015-03-05 16:20:00,2097.75,2098.75,2097.5,2098.5,11507.0
2015-03-05 16:25:00,2098.5,2098.75,2098.0,2098.25,8979.0
2015-03-05 16:30:00,2098.25,2099.25,2097.75,2099.0,11791.0
2015-03-05 16:35:00,2098.75,2100.25,2098.75,2099.5,10085.0
2015-03-05 16:40:00,2099.5,2100.5,2099.25,2100.0,6444.0
2015-03-05 16:45:00,2100.0,2100.75,2099.75,2100.5,3667.0
2015-03-05 16:50:00,2100.25,2100.75,2100.0,2100.25,5067.0
2015-03-05 16:55:00,2100.5,2101.5,2100.25,2101.0,10586.0
2015-03-05 17:00:00,2101.0,2101.25,2100.0,2100.5,5494.0
2015-03-05 17:05:00,2100.5,2101.0,2099.75,2100.25,5978.0
2015-03-05 17:10:00,2100.25,2100.75,2099.5,2099.75,5592.0
2015-03-05 17:15:00,2100.0,2100.0,2098.75,2099.5,7819.0
2015-03-05 17:20:00,2099.5,2099.5,2097.75,2098.5,7719.0
2015-03-05 17:25:00,2098.5,2098.75,2097.5,2097.5,5536.0
2015-03-05 17:30:00,2097.5,2098.75,2097.5,2098.75,5041.0
2015-03-05 17:35:00,2098.5,2098.75,2098.0,2098.5,2469.0
2015-03-05 17:40:00,2098.5,2098.75,2097.5,2098.0,4018.0
2015-03-05 17:45:00,2097.75,2098.25,2096.75,2097.0,10270.0
2015-03-05 17:50:00,2097.0,2097.25,2094.5,2095.5,14773.0
2015-03-05 17:55:00,2095.5,2095.5,2093.25,2094.0,21460.0
2015-03-05 18:00:00,2094.0,2095.25,2093.5,2095.25,10892.0
2015-03-05 18:05:00,2095.0,2095.75,2094.75,2095.5,5781.0
2015-03-05 18:10:00,2095.25,2096.0,2095.0,2096.0,3540.0
2015-03-05 18:15:00,2096.0,2096.5,2095.5,2096.25,5864.0
2015-03-05 18:20:00,2096.25,2096.5,2094.25,2095.25,7864.0
2015-03-05 18:25:00,2095.5,2097.75,2095.5,2096.75,9644.0
2015-03-05 18:30:00,2096.75,2097.5,2096.5,2096.75,6762.0
2015-03-05 18:35:00,2096.75,2097.75,2096.5,2097.5,4345.0
2015-03-05 18:40:00,2097.75,2097.75,2096.75,2097.25,5417.0
2015-03-05 18:45:00,2097.25,2098.25,2097.0,2098.0,6682.0
2015-03-05 18:50:00,2098.0,2098.5,2097.75,2098.25,3939.0
2015-03-05 18:55:00,2098.5,2098.5,2097.75,2098.25,3891.0
2015-03-05 19:00:00,2098.25,2100.0,2098.25,2099.5,10194.0
2015-03-05 19:05:00,2099.75,2100.25,2099.25,2100.0,6862.0
2015-03-05 19:10:00,2100.0,2100.25,2099.25,2099.25,5388.0
2015-03-05 19:15:00,2099.5,2100.0,2099.25,2099.5,3267.0
2015-03-05 19:20:00,2099.5,2100.0,2099.25,2099.5,2674.0
2015-03-05 19:25:00,2099.5,2099.75,2099.0,2099.25,4288.0
2015-03-05 19:30:00,2099.25,2099.5,2099.0,2099.5,1771.0
2015-03-05 19:35:00,2099.5,2099.5,2098.25,2098.25,6655.0
2015-03-05 19:40:00,2098.25,2099.5,2098.25,2098.5,4983.0
2015-03-05 19:45:00,2098.25,2098.75,2097.75,2098.25,6013.0
2015-03-05 19:50:00,2098.25,2100.75,2098.0,2100.5,7471.0
2015-03-05 19:55:00,2100.5,2101.25,2100.0,2100.0,11140.0
2015-03-05 20:00:00,2100.0,2100.5,2098.25,2099.25,11340.0
2015-03-05 20:05:00,2099.25,2099.5,2097.75,2097.75,7332.0
2015-03-05 20:10:00,2097.75,2099.25,2097.5,2099.0,7542.0
2015-03-05 20:15:00,2099.25,2100.0,2099.0,2099.25,4928.0
2015-03-05 20:20:00,2099.5,2100.25,2099.0,2100.0,5775.0
2015-03-05 20:25:00,2100.0,2100.5,2099.5,2099.5,5878.0
2015-03-05 20:30:00,2099.75,2100.5,2098.0,2099.0,21481.0
2015-03-05 20:35:00,2099.25,2100.0,2098.0,2100.0,15580.0
2015-03-05 20:40:00,2100.0,2100.5,2099.0,2100.25,14647.0
2015-03-05 20:45:00,2100.25,2101.0,2099.25,2100.0,12119.0
2015-03-05 20:50:00,2100.0,2101.0,2099.25,2100.75,11442.0
2015-03-05 20:55:00,2100.75,2101.0,2099.75,2100.25,12164.0
2015-03-05 21:00:00,2100.25,2100.5,2098.75,2099.75,54449.0
2015-03-05 21:05:00,2099.75,2099.75,2099.25,2099.5,9154.0
2015-03-05 21:10:00,2099.5,2100.0,2099.5,2099.5,5178.0
2015-03-05 21:15:00,2099.75,2100.0,2099.5,2099.5,8694.0
2015-03-05 21:30:00,2099.75,2100.25,2099.5,2100.25,6008.0
2015-03-05 21:35:00,2100.25,2100.25,2099.75,2100.0,2558.0
2015-03-05 21:40:00,2100.0,2100.25,2099.75,2100.0,757.0
2015-03-05 21:45:00,2100.0,2100.0,2099.5,2099.5,585.0
2015-03-05 21:50:00,2099.75,2099.75,2099.25,2099.5,1090.0
2015-03-05 21:55:00,2099.5,2099.75,2099.5,2099.5,319.0
2015-03-05 22:00:00,2099.75,2099.75,2099.5,2099.75,60.0
2015-03-05 22:05:00,2099.75,2099.75,2099.25,2099.25,672.0
2015-03-05 22:10:00,2099.25,2099.75,2099.25,2099.25,330.0
2015-03-05 22:15:00,2099.5,2099.75,2099.25,2099.5,424.0
2015-03-05 23:00:00,2099.5,2099.75,2099.25,2099.25,684.0
2015-03-05 23:05:00,2099.5,2099.75,2099.25,2099.25,654.0
2015-03-05 23:10:00,2099.25,2099.5,2099.0,2099.5,142.0
2015-03-05 23:15:00,2099.5,2099.75,2099.25,2099.75,181.0
2015-03-05 23:20:00,2099.75,2100.0,2099.5,2100.0,452.0
2015-03-05 23:25:00,2100.0,2100.0,2099.75,2100.0,117.0
2015-03-05 23:30:00,2100.0,2100.0,2099.75,2100.0,36.0
2015-03-05 23:35:00,2100.0,2100.0,2099.75,2099.75,62.0
2015-03-05 23:40:00,2099.75,2100.0,2099.75,2099.75,81.0
2015-03-05 23:45:00,2100.0,2100.0,2099.5,2099.75,137.0
2015-03-05 23:50:00,2100.0,2100.0,2099.75,2099.75,82.0
2015-03-05 23:55:00,2100.0,2100.0,2099.75,2099.75,30.0
2015-03-06 00:00:00,2100.0,2100.0,2099.75,2099.75,158.0
2015-03-06 00:05:00,2099.75,2100.0,2099.5,2100.0,170.0
2015-03-06 00:10:00,2099.75,2100.0,2099.5,2099.75,121.0
2015-03-06 00:15:00,2099.5,2100.0,2099.5,2099.75,281.0
2015-03-06 00:20:00,2100.0,2100.0,2099.75,2099.75,91.0
2015-03-06 00:25:00,2099.75,2100.0,2099.5,2099.5,115.0
2015-03-06 00:30:00,2099.5,2099.5,2099.5,2099.5,7.0
2015-03-06 00:35:00,2099.5,2099.75,2099.5,2099.5,135.0
2015-03-06 00:40:00,2099.5,2099.75,2099.5,2099.5,51.0
2015-03-06 00:45:00,2099.5,2099.5,2099.25,2099.5,200.0
2015-03-06 00:50:00,2099.5,2099.75,2099.5,2099.75,26.0
2015-03-06 00:55:00,2099.5,2099.75,2099.25,2099.5,103.0
2015-03-06 01:00:00,2099.25,2099.5,2099.25,2099.25,132.0
2015-03-06 01:05:00,2099.5,2099.75,2099.0,2099.5,98.0
2015-03-06 01:10:00,2099.5,2099.75,2099.5,2099.75,114.0
2015-03-06 01:15:00,2100.0,2100.25,2100.0,2100.0,363.0
2015-03-06 01:20:00,2100.0,2100.5,2100.0,2100.25,111.0
2015-03-06 01:25:00,2100.5,2100.5,2100.0,2100.25,181.0
2015-03-06 01:30:00,2100.25,2100.5,2100.25,2100.5,98.0
2015-03-06 01:35:00,2100.5,2100.5,2100.25,2100.5,58.0
2015-03-06 01:40:00,2100.25,2100.5,2100.25,2100.5,28.0
2015-03-06 01:45:00,2100.25,2100.5,2100.25,2100.5,66.0
2015-03-06 01:50:00,2100.5,2100.5,2100.5,2100.5,17.0
2015-03-06 01:55:00,2100.25,2100.5,2100.25,2100.5,49.0
2015-03-06 02:00:00,2100.25,2100.75,2100.25,2100.5,303.0
2015-03-06 02:05:00,2100.5,2100.5,2100.5,2100.5,121.0
2015-03-06 02:10:00,2100.5,2100.5,2100.0,2100.0,331.0
2015-03-06 02:15:00,2099.75,2100.0,2099.75,2099.75,152.0
2015-03-06 02:20:00,2100.0,2100.0,2100.0,2100.0,64.0
2015-03-06 02:25:00,2100.0,2100.0,2099.75,2099.75,262.0
2015-03-06 02:30:00,2099.5,2100.0,2099.5,2099.75,174.0
2015-03-06 02:35:00,2099.5,2099.75,2099.5,2099.5,9.0
2015-03-06 02:40:00,2099.5,2099.75,2099.5,2099.75,29.0
2015-03-06 02:45:00,2099.5,2099.75,2099.5,2099.75,12.0
2015-03-06 02:50:00,2099.75,2100.0,2099.5,2100.0,44.0
2015-03-06 02:55:00,2099.75,2100.0,2099.75,2100.0,9.0
2015-03-06 03:00:00,2100.0,2100.0,2099.75,2100.0,26.0
2015-03-06 03:05:00,2100.0,2100.0,2099.75,2100.0,9.0
2015-03-06 03:10:00,2100.0,2100.0,2099.75,2100.0,12.0
2015-03-06 03:15:00,2099.75,2100.0,2099.5,2099.5,134.0
2015-03-06 03:20:00,2099.5,2099.75,2099.5,2099.75,25.0
2015-03-06 03:25:00,2099.75,2100.0,2099.75,2100.0,43.0
2015-03-06 03:30:00,2100.0,2100.0,2099.75,2100.0,30.0
2015-03-06 03:35:00,2099.75,2100.0,2099.75,2100.0,28.0
2015-03-06 03:40:00,2100.0,2100.0,2099.75,2100.0,33.0
2015-03-06 03:45:00,2100.0,2100.0,2099.75,2100.0,191.0
2015-03-06 03:50:00,2099.75,2100.0,2099.5,2099.75,38.0
2015-03-06 03:55:00,2099.75,2100.0,2099.5,2099.5,171.0
2015-03-06 04:00:00,2099.5,2099.75,2099.25,2099.25,266.0
2015-03-06 04:05:00,2099.5,2099.5,2099.0,2099.25,438.0
2015-03-06 04:10:00,2099.25,2099.25,2099.0,2099.0,210.0
2015-03-06 04:15:00,2099.0,2099.0,2098.5,2098.75,261.0
2015-03-06 04:20:00,2098.75,2099.0,2098.5,2098.75,189.0
2015-03-06 04:25:00,2098.75,2099.0,2098.75,2099.0,121.0
2015-03-06 04:30:00,2099.0,2099.0,2098.75,2098.75,98.0
2015-03-06 04:35:00,2098.75,2098.75,2098.75,2098.75,134.0
2015-03-06 04:40:00,2099.0,2099.0,2098.75,2098.75,15.0
2015-03-06 04:45:00,2099.0,2099.0,2098.75,2098.75,8.0
2015-03-06 04:50:00,2099.0,2099.0,2098.75,2099.0,84.0
2015-03-06 04:55:00,2099.25,2099.25,2099.0,2099.25,75.0
2015-03-06 05:00:00,2099.25,2099.25,2098.75,2099.0,68.0
2015-03-06 05:05:00,2099.0,2099.0,2098.75,2098.75,350.0
2015-03-06 05:10:00,2098.75,2099.25,2098.75,2099.25,191.0
2015-03-06 05:15:00,2099.0,2099.0,2098.75,2099.0,43.0
2015-03-06 05:20:00,2098.75,2099.25,2098.5,2099.0,285.0
2015-03-06 05:25:00,2099.0,2099.25,2098.75,2099.0,350.0
2015-03-06 05:30:00,2099.0,2099.0,2098.75,2098.75,151.0
2015-03-06 05:35:00,2098.75,2099.0,2098.75,2099.0,27.0
2015-03-06 05:40:00,2099.0,2099.0,2098.75,2099.0,87.0
2015-03-06 05:45:00,2099.0,2099.0,2098.5,2098.75,185.0
2015-03-06 05:50:00,2098.75,2098.75,2098.5,2098.75,31.0
2015-03-06 05:55:00,2098.75,2098.75,2098.5,2098.5,255.0
2015-03-06 06:00:00,2098.5,2098.5,2098.25,2098.5,230.0
2015-03-06 06:05:00,2098.5,2098.5,2098.25,2098.5,23.0
2015-03-06 06:10:00,2098.5,2098.75,2098.25,2098.5,276.0
2015-03-06 06:15:00,2098.5,2098.5,2097.75,2098.25,408.0
2015-03-06 06:20:00,2098.0,2098.0,2097.75,2098.0,367.0
2015-03-06 06:25:00,2098.0,2098.0,2097.75,2098.0,35.0
2015-03-06 06:30:00,2098.0,2098.25,2098.0,2098.25,67.0
2015-03-06 06:35:00,2098.25,2098.5,2098.25,2098.25,46.0
2015-03-06 06:40:00,2098.25,2098.25,2098.0,2098.25,50.0
2015-03-06 06:45:00,2098.25,2098.5,2098.0,2098.5,148.0
2015-03-06 06:50:00,2098.75,2099.0,2098.75,2099.0,96.0
2015-03-06 06:55:00,2099.0,2099.25,2098.75,2099.25,149.0
2015-03-06 07:00:00,2099.25,2099.75,2099.0,2099.0,348.0
2015-03-06 07:05:00,2099.0,2099.25,2098.75,2098.75,368.0
2015-03-06 07:10:00,2098.5,2099.25,2098.5,2098.5,275.0
2015-03-06 07:15:00,2098.75,2098.75,2097.75,2098.25,1403.0
2015-03-06 07:20:00,2098.5,2098.75,2098.25,2098.75,300.0
2015-03-06 07:25:00,2098.75,2099.0,2098.5,2098.5,137.0
2015-03-06 07:30:00,2098.5,2098.75,2098.5,2098.5,170.0
2015-03-06 07:35:00,2098.75,2098.75,2098.25,2098.5,319.0
2015-03-06 07:40:00,2098.5,2099.0,2098.5,2099.0,209.0
2015-03-06 07:45:00,2099.0,2099.25,2098.75,2099.25,265.0
2015-03-06 07:50:00,2099.25,2099.5,2099.25,2099.5,101.0
2015-03-06 07:55:00,2099.5,2099.75,2099.25,2099.25,326.0
2015-03-06 08:00:00,2099.25,2099.5,2098.25,2099.0,1587.0
2015-03-06 08:05:00,2099.0,2099.75,2099.0,2099.25,805.0
2015-03-06 08:10:00,2099.5,2100.0,2099.25,2099.25,1054.0
2015-03-06 08:15:00,2099.5,2099.75,2099.25,2099.25,756.0
2015-03-06 08:20:00,2099.25,2100.25,2099.25,2099.25,667.0
2015-03-06 08:25:00,2099.5,2099.75,2099.0,2099.5,621.0
2015-03-06 08:30:00,2099.25,2099.75,2099.0,2099.25,246.0
2015-03-06 08:35:00,2099.25,2099.75,2099.0,2099.75,413.0
2015-03-06 08:40:00,2099.75,2099.75,2098.75,2099.5,758.0
2015-03-06 08:45:00,2099.25,2099.25,2098.75,2099.0,457.0
2015-03-06 08:50:00,2099.0,2099.25,2098.5,2099.0,550.0
2015-03-06 08:55:00,2099.0,2099.5,2098.75,2099.5,455.0
2015-03-06 09:00:00,2099.25,2099.5,2098.5,2098.5,602.0
2015-03-06 09:05:00,2098.75,2099.0,2098.25,2098.5,815.0
2015-03-06 09:10:00,2098.5,2099.0,2098.0,2099.0,948.0
2015-03-06 09:15:00,2098.75,2099.25,2098.5,2099.25,685.0
2015-03-06 09:20:00,2099.25,2099.5,2098.75,2099.0,1051.0
2015-03-06 09:25:00,2099.0,2100.0,2098.75,2100.0,670.0
2015-03-06 09:30:00,2100.0,2100.25,2099.75,2100.0,1105.0
2015-03-06 09:35:00,2099.75,2100.25,2099.25,2100.0,1110.0
2015-03-06 09:40:00,2100.0,2100.25,2099.25,2099.5,428.0
2015-03-06 09:45:00,2099.5,2099.75,2099.0,2099.5,466.0
2015-03-06 09:50:00,2099.25,2100.0,2099.25,2099.5,358.0
2015-03-06 09:55:00,2099.5,2099.75,2099.0,2099.0,401.0
2015-03-06 10:00:00,2099.25,2099.25,2099.0,2099.0,1218.0
2015-03-06 10:05:00,2099.0,2099.25,2098.5,2098.5,557.0
2015-03-06 10:10:00,2098.75,2099.25,2098.5,2099.0,363.0
2015-03-06 10:15:00,2098.75,2099.75,2098.75,2099.5,1209.0
2015-03-06 10:20:00,2099.25,2099.5,2098.75,2099.0,426.0
2015-03-06 10:25:00,2099.0,2099.0,2098.5,2099.0,354.0
2015-03-06 10:30:00,2098.75,2099.25,2098.75,2099.0,438.0
2015-03-06 10:35:00,2098.75,2099.5,2098.75,2099.5,237.0
2015-03-06 10:40:00,2099.25,2099.25,2099.0,2099.25,272.0
2015-03-06 10:45:00,2099.0,2099.25,2098.75,2099.25,485.0
2015-03-06 10:50:00,2099.0,2099.25,2098.5,2098.5,236.0
2015-03-06 10:55:00,2098.5,2099.25,2098.5,2099.0,1023.0
2015-03-06 11:00:00,2099.0,2099.25,2098.75,2099.25,279.0
2015-03-06 11:05:00,2099.25,2099.25,2098.75,2099.0,298.0
2015-03-06 11:10:00,2099.0,2099.5,2099.0,2099.25,319.0
2015-03-06 11:15:00,2099.5,2099.5,2099.0,2099.0,233.0
2015-03-06 11:20:00,2099.25,2099.25,2099.0,2099.0,351.0
2015-03-06 11:25:00,2099.0,2099.25,2098.75,2099.0,260.0
2015-03-06 11:30:00,2098.75,2099.0,2097.75,2098.25,1656.0
2015-03-06 11:35:00,2098.25,2098.75,2098.25,2098.75,580.0
2015-03-06 11:40:00,2098.75,2099.0,2098.75,2099.0,146.0
2015-03-06 11:45:00,2098.75,2099.0,2098.25,2098.25,326.0
2015-03-06 11:50:00,2098.5,2098.5,2098.25,2098.5,264.0
2015-03-06 11:55:00,2098.25,2098.75,2098.25,2098.25,611.0
2015-03-06 12:00:00,2098.25,2098.25,2098.0,2098.25,327.0
2015-03-06 12:05:00,2098.0,2098.75,2098.0,2098.25,455.0
2015-03-06 12:10:00,2098.5,2099.0,2098.25,2098.75,652.0
2015-03-06 12:15:00,2098.5,2099.0,2098.5,2099.0,335.0
2015-03-06 12:20:00,2099.0,2099.25,2098.75,2099.25,352.0
2015-03-06 12:25:00,2099.0,2099.75,2099.0,2099.0,885.0
2015-03-06 12:30:00,2099.25,2099.5,2099.0,2099.5,610.0
2015-03-06 12:35:00,2099.5,2100.0,2099.25,2099.5,992.0
2015-03-06 12:40:00,2099.5,2099.5,2099.25,2099.5,301.0
2015-03-06 12:45:00,2099.5,2099.5,2099.0,2099.25,704.0
2015-03-06 12:50:00,2099.25,2099.75,2099.25,2099.75,275.0
2015-03-06 12:55:00,2099.75,2102.75,2099.5,2102.5,5232.0
2015-03-06 13:00:00,2102.25,2103.0,2101.5,2101.5,2121.0
2015-03-06 13:05:00,2101.75,2102.0,2101.0,2101.25,1420.0
2015-03-06 13:10:00,2101.5,2101.5,2100.5,2101.0,1797.0
2015-03-06 13:15:00,2100.75,2101.25,2100.0,2100.5,2997.0
2015-03-06 13:20:00,2100.5,2100.5,2099.75,2100.25,2146.0
2015-03-06 13:25:00,2100.0,2100.75,2099.0,2099.75,4346.0
2015-03-06 13:30:00,2099.75,2103.5,2097.0,2099.5,27329.0
2015-03-06 13:35:00,2099.5,2101.5,2095.75,2096.75,26826.0
2015-03-06 13:40:00,2096.75,2098.5,2095.5,2095.75,13919.0
2015-03-06 13:45:00,2095.5,2096.0,2091.75,2092.25,24766.0
2015-03-06 13:50:00,2092.0,2094.75,2092.0,2094.5,9122.0
2015-03-06 13:55:00,2094.25,2094.5,2092.75,2093.0,6727.0
2015-03-06 14:00:00,2093.0,2094.75,2091.5,2092.5,11961.0
2015-03-06 14:05:00,2092.75,2093.0,2089.25,2091.5,14180.0
2015-03-06 14:10:00,2091.5,2092.5,2091.0,2092.25,7538.0
2015-03-06 14:15:00,2092.0,2092.25,2090.25,2091.75,5646.0
2015-03-06 14:20:00,2091.75,2092.0,2089.0,2089.5,8585.0
2015-03-06 14:25:00,2089.5,2089.75,2086.0,2087.25,19713.0
2015-03-06 14:30:00,2087.5,2090.5,2087.0,2090.0,44288.0
2015-03-06 14:35:00,2090.0,2091.25,2088.75,2090.25,32113.0
2015-03-06 14:40:00,2090.25,2092.75,2089.5,2092.0,30798.0
2015-03-06 14:45:00,2092.25,2092.75,2091.25,2091.75,19161.0
2015-03-06 14:50:00,2091.75,2092.25,2089.0,2090.75,27392.0
2015-03-06 14:55:00,2090.75,2094.0,2090.5,2093.5,41644.0
2015-03-06 15:00:00,2093.5,2094.25,2091.25,2091.25,31012.0
2015-03-06 15:05:00,2091.25,2092.75,2091.25,2092.5,12740.0
2015-03-06 15:10:00,2092.5,2094.0,2091.0,2091.25,17037.0
2015-03-06 15:15:00,2091.25,2092.0,2089.75,2091.75,21404.0
2015-03-06 15:20:00,2091.5,2093.25,2091.0,2092.5,13669.0
2015-03-06 15:25:00,2092.75,2093.25,2092.25,2093.25,10833.0
2015-03-06 15:30:00,2093.0,2093.75,2091.5,2093.75,15319.0
2015-03-06 15:35:00,2093.5,2093.75,2091.25,2091.75,12035.0
2015-03-06 15:40:00,2091.75,2092.25,2090.5,2091.0,12380.0
2015-03-06 15:45:00,2090.75,2093.0,2090.0,2091.0,14632.0
2015-03-06 15:50:00,2091.0,2091.5,2089.0,2089.25,18472.0
2015-03-06 15:55:00,2089.25,2089.5,2087.25,2088.75,25260.0
2015-03-06 16:00:00,2088.75,2089.0,2086.25,2087.0,19556.0
2015-03-06 16:05:00,2087.25,2087.25,2083.5,2084.0,34637.0
2015-03-06 16:10:00,2083.75,2084.25,2082.0,2083.5,37509.0
2015-03-06 16:15:00,2083.5,2083.75,2082.25,2082.5,25034.0
2015-03-06 16:20:00,2082.5,2082.75,2080.25,2081.25,30987.0
2015-03-06 16:25:00,2081.25,2082.5,2080.25,2081.25,19010.0
2015-03-06 16:30:00,2081.25,2081.75,2078.5,2080.25,32441.0
2015-03-06 16:35:00,2080.25,2080.25,2078.0,2079.25,23285.0
2015-03-06 16:40:00,2079.25,2080.25,2077.25,2078.0,33236.0
2015-03-06 16:45:00,2078.0,2078.0,2076.25,2077.5,27435.0
2015-03-06 16:50:00,2077.5,2079.0,2076.25,2078.75,25744.0
2015-03-06 16:55:00,2078.75,2079.5,2077.5,2078.75,19173.0
2015-03-06 17:00:00,2078.75,2080.5,2078.25,2080.5,18097.0
2015-03-06 17:05:00,2080.25,2080.75,2079.5,2080.5,12701.0
2015-03-06 17:10:00,2080.25,2080.75,2078.5,2079.25,14310.0
2015-03-06 17:15:00,2079.25,2079.5,2076.5,2076.75,17874.0
2015-03-06 17:20:00,2077.0,2077.0,2073.0,2073.5,27936.0
2015-03-06 17:25:00,2073.5,2075.25,2073.0,2074.75,15339.0
2015-03-06 17:30:00,2075.0,2075.25,2073.5,2075.0,14940.0
2015-03-06 17:35:00,2075.25,2076.75,2075.0,2076.75,12770.0
2015-03-06 17:40:00,2076.5,2077.25,2075.75,2077.0,10870.0
2015-03-06 17:45:00,2076.75,2077.25,2076.25,2077.25,8346.0
2015-03-06 17:50:00,2077.25,2077.75,2074.5,2074.75,12849.0
2015-03-06 17:55:00,2075.0,2075.25,2073.0,2074.5,18979.0
2015-03-06 18:00:00,2074.5,2076.75,2073.75,2074.75,16343.0
2015-03-06 18:05:00,2075.0,2075.5,2073.5,2074.5,13844.0
2015-03-06 18:10:00,2074.25,2075.0,2073.0,2074.25,10758.0
2015-03-06 18:15:00,2074.5,2076.0,2074.5,2075.5,7741.0
2015-03-06 18:20:00,2075.25,2075.75,2073.0,2074.0,11882.0
2015-03-06 18:25:00,2074.0,2074.5,2071.5,2074.25,21487.0
2015-03-06 18:30:00,2074.25,2074.75,2072.25,2072.75,13402.0
2015-03-06 18:35:00,2072.75,2073.0,2071.0,2072.5,15719.0
2015-03-06 18:40:00,2072.5,2073.0,2071.5,2071.5,9365.0
2015-03-06 18:45:00,2071.75,2072.25,2070.25,2070.75,12625.0
2015-03-06 18:50:00,2071.0,2073.0,2070.5,2072.75,12273.0
2015-03-06 18:55:00,2072.75,2073.5,2072.25,2073.5,8904.0
2015-03-06 19:00:00,2073.25,2076.0,2073.25,2075.75,19065.0
2015-03-06 19:05:00,2075.75,2076.25,2075.0,2076.0,12051.0
2015-03-06 19:10:00,2076.25,2076.75,2076.0,2076.0,8503.0
2015-03-06 19:15:00,2076.0,2076.5,2074.5,2074.75,8162.0
2015-03-06 19:20:00,2074.75,2075.0,2070.25,2072.25,24607.0
2015-03-06 19:25:00,2072.0,2073.0,2071.25,2071.75,17017.0
2015-03-06 19:30:00,2071.75,2072.25,2071.25,2072.25,9573.0
2015-03-06 19:35:00,2072.0,2072.5,2069.0,2070.0,18053.0
2015-03-06 19:40:00,2069.75,2069.75,2067.25,2068.5,19541.0
2015-03-06 19:45:00,2068.5,2069.5,2067.5,2069.0,9964.0
2015-03-06 19:50:00,2069.0,2070.25,2068.0,2069.5,10461.0
2015-03-06 19:55:00,2069.75,2070.25,2069.0,2069.5,6153.0
2015-03-06 20:00:00,2069.25,2072.75,2068.0,2072.0,16942.0
2015-03-06 20:05:00,2072.0,2073.75,2071.5,2072.0,12683.0
2015-03-06 20:10:00,2072.25,2072.25,2069.25,2070.75,15454.0
2015-03-06 20:15:00,2070.5,2071.0,2069.0,2070.5,11470.0
2015-03-06 20:20:00,2070.25,2072.0,2070.25,2071.75,14869.0
2015-03-06 20:25:00,2071.5,2072.75,2068.5,2069.5,19176.0
2015-03-06 20:30:00,2069.5,2070.75,2067.5,2068.0,21572.0
2015-03-06 20:35:00,2067.75,2068.75,2066.5,2068.0,20633.0
2015-03-06 20:40:00,2067.75,2068.0,2065.5,2066.5,24357.0
2015-03-06 20:45:00,2066.5,2068.0,2065.5,2067.5,28989.0
2015-03-06 20:50:00,2067.5,2068.75,2066.75,2067.75,23038.0
2015-03-06 20:55:00,2067.75,2069.25,2067.0,2067.5,46385.0
2015-03-06 21:00:00,2067.5,2070.0,2067.5,2069.25,101180.0
2015-03-06 21:05:00,2069.25,2070.75,2069.0,2070.5,15962.0
2015-03-06 21:10:00,2070.25,2071.25,2070.25,2071.0,9195.0
2015-03-06 21:15:00,2071.0,2071.25,2070.25,2071.0,10231.0
2015-03-06 21:30:00,2071.0,2071.25,2070.5,2071.0,3184.0
2015-03-06 21:35:00,2071.0,2071.25,2070.75,2071.25,1164.0
2015-03-06 21:40:00,2071.25,2071.5,2071.0,2071.0,727.0
2015-03-06 21:45:00,2071.0,2071.5,2071.0,2071.5,302.0
2015-03-06 21:50:00,2071.5,2071.5,2071.25,2071.5,365.0
2015-03-06 21:55:00,2071.5,2071.75,2071.25,2071.75,542.0
2015-03-06 22:00:00,2071.5,2071.75,2071.5,2071.5,866.0
2015-03-06 22:05:00,2071.5,2072.0,2071.5,2071.75,281.0
2015-03-06 22:10:00,2071.75,2072.25,2071.75,2072.25,723.0
2015-03-06 22:15:00,2072.25,2072.75,2072.0,2072.25,774.0
2015-03-08 22:00:00,2073.5,2074.25,2072.25,2072.5,1878.0
2015-03-08 22:05:00,2072.5,2072.5,2070.25,2070.5,1330.0
2015-03-08 22:10:00,2070.75,2071.0,2070.25,2070.5,781.0
2015-03-08 22:15:00,2070.5,2070.75,2070.25,2070.5,638.0
2015-03-08 22:20:00,2070.5,2070.5,2069.25,2070.0,1393.0
2015-03-08 22:25:00,2070.25,2071.5,2069.75,2071.0,969.0
2015-03-08 22:30:00,2070.75,2071.25,2070.75,2071.0,240.0
2015-03-08 22:35:00,2071.0,2071.75,2070.5,2070.5,294.0
2015-03-08 22:40:00,2070.75,2071.0,2070.5,2071.0,129.0
2015-03-08 22:45:00,2071.0,2071.25,2070.75,2071.25,118.0
2015-03-08 22:50:00,2071.25,2071.75,2071.0,2071.75,106.0
2015-03-08 22:55:00,2071.75,2071.75,2070.5,2070.5,462.0
2015-03-08 23:00:00,2070.5,2070.5,2069.5,2069.75,849.0
2015-03-08 23:05:00,2069.5,2069.5,2068.5,2069.5,959.0
2015-03-08 23:10:00,2069.5,2070.5,2069.25,2070.5,266.0
2015-03-08 23:15:00,2070.5,2070.5,2069.75,2069.75,406.0
2015-03-08 23:20:00,2069.75,2069.75,2069.0,2069.25,145.0
2015-03-08 23:25:00,2069.0,2069.75,2069.0,2069.75,269.0
2015-03-08 23:30:00,2069.75,2070.0,2069.5,2070.0,153.0
2015-03-08 23:35:00,2070.0,2070.25,2070.0,2070.25,108.0
2015-03-08 23:40:00,2070.25,2070.25,2070.25,2070.25,110.0
2015-03-08 23:45:00,2070.0,2070.25,2069.75,2069.75,242.0
2015-03-08 23:50:00,2070.0,2070.0,2069.5,2069.75,186.0
2015-03-08 23:55:00,2069.75,2070.0,2069.25,2070.0,264.0
2015-03-09 00:00:00,2070.0,2070.0,2068.75,2069.25,528.0
2015-03-09 00:05:00,2069.0,2069.25,2068.0,2068.0,1143.0
2015-03-09 00:10:00,2068.0,2068.75,2067.75,2068.5,1479.0
2015-03-09 00:15:00,2068.25,2068.5,2067.75,2068.0,446.0
2015-03-09 00:20:00,2067.75,2068.0,2067.5,2067.75,607.0
2015-03-09 00:25:00,2067.75,2068.25,2067.75,2068.25,395.0
2015-03-09 00:30:00,2068.25,2068.5,2067.75,2067.75,515.0
2015-03-09 00:35:00,2068.0,2068.0,2067.5,2067.75,422.0
2015-03-09 00:40:00,2067.75,2068.0,2067.5,2067.75,431.0
2015-03-09 00:45:00,2067.75,2068.25,2067.75,2068.25,230.0
2015-03-09 00:50:00,2068.25,2068.25,2068.0,2068.0,238.0
2015-03-09 00:55:00,2068.0,2068.25,2067.75,2067.75,159.0
2015-03-09 01:00:00,2067.75,2068.5,2067.5,2067.5,532.0
2015-03-09 01:05:00,2067.75,2068.0,2067.25,2067.5,761.0
2015-03-09 01:10:00,2067.5,2067.5,2067.0,2067.5,694.0
2015-03-09 01:15:00,2067.5,2067.75,2067.25,2067.5,390.0
2015-03-09 01:20:00,2067.5,2067.75,2067.0,2067.25,343.0
2015-03-09 01:25:00,2067.25,2067.75,2067.25,2067.75,119.0
2015-03-09 01:30:00,2067.75,2068.25,2067.75,2068.25,454.0
2015-03-09 01:35:00,2068.0,2068.75,2068.0,2068.75,308.0
2015-03-09 01:40:00,2068.75,2069.0,2068.5,2069.0,441.0
2015-03-09 01:45:00,2069.0,2069.25,2068.75,2068.75,396.0
2015-03-09 01:50:00,2069.0,2069.0,2068.0,2068.0,325.0
2015-03-09 01:55:00,2068.25,2068.25,2067.25,2067.75,778.0
2015-03-09 02:00:00,2067.75,2068.25,2067.5,2067.75,624.0
2015-03-09 02:05:00,2067.75,2068.0,2067.75,2067.75,523.0
2015-03-09 02:10:00,2067.75,2067.75,2067.5,2067.75,105.0
2015-03-09 02:15:00,2067.75,2067.75,2067.75,2067.75,143.0
2015-03-09 02:20:00,2067.75,2067.75,2067.5,2067.75,128.0
2015-03-09 02:25:00,2067.75,2067.75,2067.5,2067.5,251.0
2015-03-09 02:30:00,2067.75,2067.75,2067.5,2067.5,125.0
2015-03-09 02:35:00,2067.5,2067.5,2067.25,2067.5,83.0
2015-03-09 02:40:00,2067.5,2067.5,2067.5,2067.5,248.0
2015-03-09 02:45:00,2067.5,2067.5,2067.25,2067.5,35.0
2015-03-09 02:50:00,2067.25,2067.5,2067.25,2067.5,167.0
2015-03-09 02:55:00,2067.5,2067.75,2067.5,2067.75,153.0
2015-03-09 03:00:00,2067.75,2068.0,2067.75,2067.75,211.0
2015-03-09 03:05:00,2067.75,2068.0,2067.5,2067.75,230.0
2015-03-09 03:10:00,2067.5,2068.0,2067.5,2068.0,40.0
2015-03-09 03:15:00,2068.0,2068.0,2067.5,2068.0,165.0
2015-03-09 03:20:00,2068.0,2068.0,2067.5,2067.75,269.0
2015-03-09 03:25:00,2067.75,2068.0,2067.5,2067.75,92.0
2015-03-09 03:30:00,2067.5,2068.0,2067.5,2068.0,122.0
2015-03-09 03:35:00,2067.75,2067.75,2067.5,2067.5,134.0
2015-03-09 03:40:00,2067.5,2067.75,2067.5,2067.75,104.0
2015-03-09 03:45:00,2067.5,2068.0,2067.5,2067.75,484.0
2015-03-09 03:50:00,2067.5,2067.75,2067.25,2067.5,214.0
2015-03-09 03:55:00,2067.5,2067.75,2067.25,2067.5,160.0
2015-03-09 04:00:00,2067.5,2067.5,2067.25,2067.25,9.0
2015-03-09 04:05:00,2067.25,2067.75,2067.25,2067.75,403.0
2015-03-09 04:10:00,2067.5,2067.75,2067.5,2067.5,48.0
2015-03-09 04:15:00,2067.75,2067.75,2067.5,2067.75,86.0
2015-03-09 04:20:00,2067.75,2068.0,2067.5,2067.5,185.0
2015-03-09 04:25:00,2067.5,2067.75,2067.5,2067.5,22.0
2015-03-09 04:30:00,2067.5,2068.0,2067.5,2068.0,92.0
2015-03-09 04:35:00,2068.0,2068.0,2067.75,2067.75,228.0
2015-03-09 04:40:00,2067.75,2068.5,2067.5,2068.0,352.0
2015-03-09 04:45:00,2068.25,2068.25,2067.5,2067.75,200.0
2015-03-09 04:50:00,2067.5,2067.75,2067.5,2067.5,10.0
2015-03-09 04:55:00,2067.5,2067.75,2067.5,2067.5,5.0
2015-03-09 05:00:00,2067.75,2067.75,2067.25,2067.5,200.0
2015-03-09 05:05:00,2067.75,2068.0,2067.75,2068.0,109.0
2015-03-09 05:10:00,2068.0,2068.0,2067.75,2068.0,44.0
2015-03-09 05:15:00,2067.75,2068.0,2067.75,2068.0,145.0
2015-03-09 05:20:00,2067.75,2068.25,2067.75,2068.25,114.0
2015-03-09 05:25:00,2068.0,2068.25,2068.0,2068.25,118.0
2015-03-09 05:30:00,2068.5,2068.5,2068.25,2068.5,172.0
2015-03-09 05:35:00,2068.25,2068.5,2068.25,2068.5,79.0
2015-03-09 05:40:00,2068.5,2068.75,2068.5,2068.75,179.0
2015-03-09 05:45:00,2068.75,2068.75,2068.25,2068.5,248.0
2015-03-09 05:50:00,2068.25,2068.75,2068.25,2068.75,186.0
2015-03-09 05:55:00,2068.75,2069.0,2068.5,2068.75,106.0
2015-03-09 06:00:00,2069.0,2069.25,2068.5,2068.75,376.0
2015-03-09 06:05:00,2069.0,2069.0,2068.75,2068.75,149.0
2015-03-09 06:10:00,2069.0,2069.25,2069.0,2069.25,73.0
2015-03-09 06:15:00,2069.25,2069.5,2069.25,2069.25,246.0
2015-03-09 06:20:00,2069.5,2069.5,2069.25,2069.5,118.0
2015-03-09 06:25:00,2069.5,2069.5,2069.25,2069.5,38.0
2015-03-09 06:30:00,2069.5,2069.75,2069.25,2069.5,301.0
2015-03-09 06:35:00,2069.75,2069.75,2069.25,2069.75,187.0
2015-03-09 06:40:00,2069.75,2069.75,2069.25,2069.5,136.0
2015-03-09 06:45:00,2069.5,2069.75,2069.25,2069.75,83.0
2015-03-09 06:50:00,2069.75,2069.75,2069.5,2069.75,64.0
2015-03-09 06:55:00,2069.5,2069.75,2069.5,2069.75,26.0
2015-03-09 07:00:00,2069.75,2069.75,2068.75,2069.25,908.0
2015-03-09 07:05:00,2069.25,2069.75,2068.5,2068.5,1090.0
2015-03-09 07:10:00,2068.75,2069.25,2068.5,2069.0,528.0
2015-03-09 07:15:00,2069.0,2069.0,2068.5,2068.75,569.0
2015-03-09 07:20:00,2068.75,2069.25,2068.5,2069.0,471.0
2015-03-09 07:25:00,2069.0,2069.5,2069.0,2069.25,636.0
2015-03-09 07:30:00,2069.5,2069.75,2069.0,2069.25,706.0
2015-03-09 07:35:00,2069.5,2069.75,2069.25,2069.5,433.0
2015-03-09 07:40:00,2069.5,2069.75,2069.0,2069.5,629.0
2015-03-09 07:45:00,2069.75,2069.75,2068.75,2069.0,871.0
2015-03-09 07:50:00,2069.0,2069.25,2068.5,2069.25,561.0
2015-03-09 07:55:00,2069.0,2069.25,2068.5,2068.5,768.0
2015-03-09 08:00:00,2068.5,2068.75,2067.5,2067.75,2398.0
2015-03-09 08:05:00,2068.0,2068.0,2067.25,2067.75,2805.0
2015-03-09 08:10:00,2067.5,2067.75,2066.25,2067.0,4591.0
2015-03-09 08:15:00,2066.75,2067.25,2066.0,2066.5,2639.0
2015-03-09 08:20:00,2066.5,2067.25,2066.0,2067.25,2198.0
2015-03-09 08:25:00,2067.25,2068.5,2066.75,2068.0,2065.0
2015-03-09 08:30:00,2068.0,2068.25,2067.25,2067.75,1148.0
2015-03-09 08:35:00,2067.75,2068.5,2067.25,2068.0,1238.0
2015-03-09 08:40:00,2068.0,2068.25,2067.5,2068.0,1149.0
2015-03-09 08:45:00,2067.75,2068.0,2066.5,2066.5,962.0
2015-03-09 08:50:00,2066.5,2068.0,2066.5,2067.75,1576.0
2015-03-09 08:55:00,2067.75,2068.25,2067.0,2067.5,1201.0
2015-03-09 09:00:00,2067.5,2067.75,2066.5,2067.75,1733.0
2015-03-09 09:05:00,2067.5,2068.75,2067.5,2068.5,2467.0
2015-03-09 09:10:00,2068.75,2068.75,2067.5,2068.25,1245.0
2015-03-09 09:15:00,2068.25,2068.5,2068.0,2068.25,592.0
2015-03-09 09:20:00,2068.5,2068.5,2067.5,2068.0,1250.0
2015-03-09 09:25:00,2067.75,2067.75,2067.5,2067.75,342.0
2015-03-09 09:30:00,2067.75,2068.0,2067.5,2067.5,1051.0
2015-03-09 09:35:00,2067.75,2067.75,2067.0,2067.25,1266.0
2015-03-09 09:40:00,2067.25,2067.75,2067.0,2067.75,778.0
2015-03-09 09:45:00,2067.5,2067.75,2066.75,2066.75,1161.0
2015-03-09 09:50:00,2066.75,2067.75,2066.75,2067.0,1004.0
2015-03-09 09:55:00,2067.0,2067.25,2066.5,2067.0,921.0
2015-03-09 10:00:00,2067.0,2067.25,2066.75,2066.75,422.0
2015-03-09 10:05:00,2066.75,2067.25,2066.75,2067.0,414.0
2015-03-09 10:10:00,2067.0,2067.0,2066.25,2066.5,1195.0
2015-03-09 10:15:00,2066.5,2067.75,2066.25,2067.5,968.0
2015-03-09 10:20:00,2067.75,2068.25,2067.5,2068.0,1280.0
2015-03-09 10:25:00,2068.0,2068.0,2067.25,2067.5,493.0
2015-03-09 10:30:00,2067.25,2068.25,2067.25,2067.5,950.0
2015-03-09 10:35:00,2067.75,2068.0,2067.5,2067.5,721.0
2015-03-09 10:40:00,2067.5,2067.75,2067.0,2067.25,1126.0
2015-03-09 10:45:00,2067.25,2067.5,2066.75,2066.75,1107.0
2015-03-09 10:50:00,2067.0,2067.25,2067.0,2067.25,823.0
2015-03-09 10:55:00,2067.25,2067.25,2066.75,2067.0,838.0
2015-03-09 11:00:00,2067.0,2067.5,2066.5,2066.75,781.0
2015-03-09 11:05:00,2066.75,2067.25,2066.75,2067.25,919.0
2015-03-09 11:10:00,2067.25,2067.5,2067.25,2067.25,493.0
2015-03-09 11:15:00,2067.25,2067.5,2067.0,2067.25,592.0
2015-03-09 11:20:00,2067.5,2067.5,2067.0,2067.0,362.0
2015-03-09 11:25:00,2067.25,2068.0,2067.25,2067.75,1699.0
2015-03-09 11:30:00,2067.75,2068.25,2067.5,2068.0,1755.0
2015-03-09 11:35:00,2068.0,2068.75,2067.75,2068.75,1734.0
2015-03-09 11:40:00,2068.75,2068.75,2068.5,2068.75,938.0
2015-03-09 11:45:00,2068.5,2071.5,2068.5,2071.25,6912.0
2015-03-09 11:50:00,2071.25,2072.0,2070.5,2071.0,5279.0
2015-03-09 11:55:00,2071.0,2072.0,2070.5,2071.5,1444.0
2015-03-09 12:00:00,2071.5,2072.0,2071.25,2071.5,1701.0
2015-03-09 12:05:00,2071.5,2072.5,2071.25,2072.5,1832.0
2015-03-09 12:10:00,2072.25,2072.75,2072.0,2072.5,2570.0
2015-03-09 12:15:00,2072.25,2072.5,2071.0,2071.75,2039.0
2015-03-09 12:20:00,2071.5,2072.25,2071.0,2072.0,2069.0
2015-03-09 12:25:00,2072.25,2073.0,2072.0,2072.25,2014.0
2015-03-09 12:30:00,2072.5,2073.0,2072.25,2073.0,1080.0
2015-03-09 12:35:00,2072.75,2073.25,2072.75,2073.0,1135.0
2015-03-09 12:40:00,2073.0,2073.75,2072.5,2072.75,3105.0
2015-03-09 12:45:00,2072.5,2073.75,2072.5,2073.75,1862.0
2015-03-09 12:50:00,2073.5,2073.75,2073.25,2073.75,1157.0
2015-03-09 12:55:00,2073.75,2074.0,2073.0,2073.25,2164.0
2015-03-09 13:00:00,2073.25,2074.0,2073.25,2073.5,1258.0
2015-03-09 13:05:00,2073.75,2073.75,2072.5,2073.0,2359.0
2015-03-09 13:10:00,2072.75,2073.5,2072.25,2072.25,2231.0
2015-03-09 13:15:00,2072.25,2072.75,2072.0,2072.25,3320.0
2015-03-09 13:20:00,2072.25,2072.25,2070.75,2071.0,4932.0
2015-03-09 13:25:00,2070.75,2071.75,2070.75,2071.0,2651.0
2015-03-09 13:30:00,2071.25,2074.25,2071.0,2071.5,38000.0
2015-03-09 13:35:00,2071.5,2074.0,2071.0,2073.25,30480.0
2015-03-09 13:40:00,2073.5,2075.0,2071.75,2072.25,41076.0
2015-03-09 13:45:00,2072.5,2073.5,2070.25,2072.5,26400.0
2015-03-09 13:50:00,2072.5,2073.0,2070.5,2072.5,20778.0
2015-03-09 13:55:00,2072.5,2074.25,2071.5,2074.0,20256.0
2015-03-09 14:00:00,2074.0,2074.75,2073.0,2073.25,14248.0
2015-03-09 14:05:00,2073.5,2076.5,2073.5,2075.75,20550.0
2015-03-09 14:10:00,2075.75,2076.0,2074.5,2075.25,14426.0
2015-03-09 14:15:00,2075.25,2075.75,2073.5,2074.25,15494.0
2015-03-09 14:20:00,2074.25,2076.0,2074.25,2075.25,11545.0
2015-03-09 14:25:00,2075.5,2075.5,2072.5,2073.0,19572.0
2015-03-09 14:30:00,2073.0,2075.0,2072.5,2074.75,14737.0
2015-03-09 14:35:00,2074.75,2075.5,2074.25,2075.0,11336.0
2015-03-09 14:40:00,2075.0,2076.0,2073.25,2076.0,12492.0
2015-03-09 14:45:00,2076.0,2076.25,2075.25,2076.0,10654.0
2015-03-09 14:50:00,2076.0,2077.25,2075.75,2076.5,14159.0
2015-03-09 14:55:00,2076.5,2077.0,2074.75,2075.25,12066.0
2015-03-09 15:00:00,2075.25,2075.75,2073.25,2073.5,13563.0
2015-03-09 15:05:00,2073.75,2076.0,2073.25,2075.75,12017.0
2015-03-09 15:10:00,2075.75,2076.0,2074.5,2075.25,7211.0
2015-03-09 15:15:00,2075.5,2076.75,2074.75,2076.25,9902.0
2015-03-09 15:20:00,2076.25,2076.25,2074.25,2074.75,8652.0
2015-03-09 15:25:00,2074.75,2077.25,2074.75,2077.0,11451.0
2015-03-09 15:30:00,2076.75,2078.0,2076.5,2077.0,14760.0
2015-03-09 15:35:00,2077.0,2077.5,2076.5,2076.5,11223.0
2015-03-09 15:40:00,2076.75,2077.75,2076.25,2077.75,8140.0
2015-03-09 15:45:00,2077.75,2078.0,2076.5,2077.0,7480.0
2015-03-09 15:50:00,2077.0,2077.0,2074.5,2074.75,10786.0
2015-03-09 15:55:00,2074.75,2076.0,2074.5,2075.25,9146.0
2015-03-09 16:00:00,2075.5,2076.0,2073.5,2074.25,8807.0
2015-03-09 16:05:00,2074.0,2074.5,2073.5,2074.25,9130.0
2015-03-09 16:10:00,2074.25,2075.0,2073.25,2074.25,12526.0
2015-03-09 16:15:00,2074.5,2074.5,2073.0,2073.5,10292.0
2015-03-09 16:20:00,2073.5,2074.75,2073.0,2074.25,7575.0
2015-03-09 16:25:00,2074.5,2075.25,2074.25,2074.5,6711.0
2015-03-09 16:30:00,2074.5,2075.0,2073.75,2075.0,6446.0
2015-03-09 16:35:00,2075.0,2076.0,2074.25,2075.75,10481.0
2015-03-09 16:40:00,2075.75,2076.5,2075.25,2076.5,4866.0
2015-03-09 16:45:00,2076.25,2077.25,2076.25,2076.25,8590.0
2015-03-09 16:50:00,2076.25,2077.25,2076.25,2077.0,4099.0
2015-03-09 16:55:00,2076.75,2077.75,2076.5,2077.5,7744.0
2015-03-09 17:00:00,2077.5,2077.75,2077.0,2077.0,5666.0
2015-03-09 17:05:00,2077.0,2077.25,2076.5,2077.0,5467.0
2015-03-09 17:10:00,2077.0,2077.75,2076.75,2077.5,4009.0
2015-03-09 17:15:00,2077.5,2077.75,2076.25,2077.0,6419.0
2015-03-09 17:20:00,2077.0,2078.0,2076.5,2078.0,4188.0
2015-03-09 17:25:00,2077.75,2078.0,2077.0,2077.25,8792.0
2015-03-09 17:30:00,2077.25,2080.25,2077.25,2080.25,23317.0
2015-03-09 17:35:00,2080.25,2080.25,2079.25,2080.0,5833.0
2015-03-09 17:40:00,2080.0,2081.75,2079.75,2081.0,13822.0
2015-03-09 17:45:00,2081.25,2082.25,2081.0,2082.0,9899.0
2015-03-09 17:50:00,2082.0,2082.5,2081.75,2081.75,4576.0
2015-03-09 17:55:00,2081.75,2082.0,2080.75,2080.75,5582.0
2015-03-09 18:00:00,2080.75,2081.25,2080.25,2080.5,7731.0
2015-03-09 18:05:00,2080.25,2081.25,2080.0,2080.75,6660.0
2015-03-09 18:10:00,2080.75,2080.75,2079.5,2079.75,5741.0
2015-03-09 18:15:00,2079.75,2080.0,2079.25,2079.25,6484.0
2015-03-09 18:20:00,2079.25,2080.0,2078.75,2079.75,5757.0
2015-03-09 18:25:00,2079.5,2079.75,2078.5,2079.0,8783.0
2015-03-09 18:30:00,2078.75,2079.0,2077.5,2078.0,10231.0
2015-03-09 18:35:00,2078.0,2078.75,2077.0,2077.25,8351.0
2015-03-09 18:40:00,2077.25,2077.75,2076.5,2077.5,11470.0
2015-03-09 18:45:00,2077.25,2079.25,2077.25,2079.25,11490.0
2015-03-09 18:50:00,2079.0,2080.75,2079.0,2080.5,12594.0
2015-03-09 18:55:00,2080.25,2081.25,2080.0,2080.25,9388.0
2015-03-09 19:00:00,2080.25,2081.0,2080.0,2080.5,8815.0
2015-03-09 19:05:00,2080.5,2081.0,2079.5,2081.0,5695.0
2015-03-09 19:10:00,2081.0,2081.75,2080.5,2081.75,7409.0
2015-03-09 19:15:00,2081.5,2081.75,2080.0,2080.5,7454.0
2015-03-09 19:20:00,2080.5,2080.5,2078.75,2079.0,6181.0
2015-03-09 19:25:00,2079.25,2080.25,2078.25,2079.75,8873.0
2015-03-09 19:30:00,2080.0,2081.5,2079.25,2080.75,11007.0
2015-03-09 19:35:00,2080.75,2081.0,2079.0,2079.5,10376.0
2015-03-09 19:40:00,2079.25,2080.5,2078.75,2079.5,7749.0
2015-03-09 19:45:00,2079.75,2081.0,2078.75,2080.75,10067.0
2015-03-09 19:50:00,2080.75,2081.25,2079.0,2079.0,13337.0
2015-03-09 19:55:00,2079.0,2080.0,2078.5,2078.5,21239.0
2015-03-09 20:00:00,2078.5,2079.25,2077.75,2078.75,59771.0
2015-03-09 20:05:00,2078.75,2079.0,2078.25,2078.5,7862.0
2015-03-09 20:10:00,2078.5,2078.75,2078.0,2078.25,6578.0
2015-03-09 20:15:00,2078.0,2078.25,2077.5,2077.75,4068.0
2015-03-09 20:30:00,2078.0,2078.25,2077.5,2078.25,2020.0
2015-03-09 20:35:00,2078.0,2078.25,2077.75,2077.75,542.0
2015-03-09 20:40:00,2078.0,2078.0,2077.5,2077.75,797.0
2015-03-09 20:45:00,2077.5,2078.0,2077.5,2078.0,609.0
2015-03-09 20:50:00,2077.75,2078.0,2077.75,2077.75,476.0
2015-03-09 20:55:00,2078.0,2078.0,2077.75,2078.0,172.0
2015-03-09 21:00:00,2078.0,2078.0,2077.5,2077.75,436.0
2015-03-09 21:05:00,2077.75,2078.0,2077.5,2077.75,204.0
2015-03-09 21:10:00,2077.5,2078.0,2077.5,2078.0,754.0
2015-03-09 21:15:00,2078.0,2078.0,2077.75,2078.0,245.0
2015-03-09 22:00:00,2077.5,2078.0,2077.5,2077.75,777.0
2015-03-09 22:05:00,2078.0,2078.0,2077.5,2077.75,418.0
2015-03-09 22:10:00,2077.75,2077.75,2077.0,2077.0,586.0
2015-03-09 22:15:00,2077.0,2077.0,2076.5,2076.75,585.0
2015-03-09 22:20:00,2077.0,2077.0,2076.5,2076.75,138.0
2015-03-09 22:25:00,2076.75,2077.0,2076.75,2076.75,262.0
2015-03-09 22:30:00,2076.75,2077.0,2076.5,2077.0,196.0
2015-03-09 22:35:00,2077.0,2077.0,2076.75,2077.0,42.0
2015-03-09 22:40:00,2077.0,2077.25,2076.75,2077.0,157.0
2015-03-09 22:45:00,2077.0,2077.0,2076.5,2076.75,243.0
2015-03-09 22:50:00,2076.75,2076.75,2076.5,2076.75,234.0
2015-03-09 22:55:00,2076.5,2076.75,2076.5,2076.75,91.0
2015-03-09 23:00:00,2076.5,2077.0,2076.5,2076.5,43.0
2015-03-09 23:05:00,2076.5,2076.5,2076.0,2076.25,404.0
2015-03-09 23:10:00,2076.25,2076.5,2076.25,2076.5,75.0
2015-03-09 23:15:00,2076.5,2076.75,2076.25,2076.5,143.0
2015-03-09 23:20:00,2076.5,2076.5,2076.25,2076.25,185.0
2015-03-09 23:25:00,2076.25,2076.5,2076.25,2076.25,153.0
2015-03-09 23:30:00,2076.25,2076.75,2076.25,2076.5,149.0
2015-03-09 23:35:00,2076.5,2076.5,2076.25,2076.5,336.0
2015-03-09 23:40:00,2076.25,2076.5,2076.0,2076.5,50.0
2015-03-09 23:45:00,2076.25,2076.25,2076.0,2076.25,94.0
2015-03-09 23:50:00,2076.25,2076.25,2076.0,2076.0,33.0
2015-03-09 23:55:00,2076.25,2076.5,2076.0,2076.5,166.0
2015-03-10 00:00:00,2076.5,2077.0,2076.5,2077.0,591.0
2015-03-10 00:05:00,2077.0,2077.5,2076.75,2077.0,319.0
2015-03-10 00:10:00,2077.0,2077.25,2076.75,2077.25,137.0
2015-03-10 00:15:00,2077.0,2077.25,2076.75,2076.75,97.0
2015-03-10 00:20:00,2076.75,2076.75,2075.5,2075.75,815.0
2015-03-10 00:25:00,2075.75,2076.0,2075.75,2075.75,181.0
2015-03-10 00:30:00,2076.0,2076.0,2075.75,2075.75,110.0
2015-03-10 00:35:00,2075.75,2076.0,2075.75,2075.75,113.0
2015-03-10 00:40:00,2075.75,2075.75,2075.5,2075.5,164.0
2015-03-10 00:45:00,2075.5,2075.75,2075.5,2075.75,118.0
2015-03-10 00:50:00,2075.75,2075.75,2075.5,2075.75,293.0
2015-03-10 00:55:00,2075.5,2075.75,2075.5,2075.5,221.0
2015-03-10 01:00:00,2075.25,2075.75,2075.25,2075.75,340.0
2015-03-10 01:05:00,2075.75,2075.75,2075.5,2075.5,71.0
2015-03-10 01:10:00,2075.75,2075.75,2075.5,2075.5,78.0
2015-03-10 01:15:00,2075.75,2076.0,2075.5,2076.0,247.0
2015-03-10 01:20:00,2076.0,2076.0,2075.75,2076.0,124.0
2015-03-10 01:25:00,2076.0,2076.0,2075.75,2075.75,209.0
2015-03-10 01:30:00,2076.0,2076.5,2075.75,2076.5,180.0
2015-03-10 01:35:00,2076.5,2077.0,2076.5,2076.5,576.0
2015-03-10 01:40:00,2076.5,2076.75,2076.5,2076.75,132.0
2015-03-10 01:45:00,2077.0,2077.0,2076.5,2076.5,247.0
2015-03-10 01:50:00,2076.25,2076.75,2076.25,2076.75,125.0
2015-03-10 01:55:00,2076.75,2076.75,2076.0,2076.25,221.0
2015-03-10 02:00:00,2076.25,2076.5,2075.5,2076.0,527.0
2015-03-10 02:05:00,2076.0,2076.5,2075.75,2076.5,72.0
2015-03-10 02:10:00,2076.5,2076.5,2076.0,2076.25,72.0
2015-03-10 02:15:00,2076.25,2076.5,2076.0,2076.25,130.0
2015-03-10 02:20:00,2076.0,2076.75,2076.0,2076.5,446.0
2015-03-10 02:25:00,2076.75,2076.75,2076.25,2076.25,121.0
2015-03-10 02:30:00,2076.0,2076.25,2075.75,2076.0,93.0
2015-03-10 02:35:00,2076.0,2076.0,2075.75,2076.0,94.0
2015-03-10 02:40:00,2076.0,2076.5,2075.75,2076.25,175.0
2015-03-10 02:45:00,2076.25,2076.25,2075.5,2076.0,313.0
2015-03-10 02:50:00,2076.0,2076.0,2075.75,2076.0,29.0
2015-03-10 02:55:00,2076.0,2076.25,2075.75,2076.0,255.0
2015-03-10 03:00:00,2076.0,2076.5,2076.0,2076.25,207.0
2015-03-10 03:05:00,2076.5,2076.5,2076.0,2076.25,143.0
2015-03-10 03:10:00,2076.25,2076.5,2076.25,2076.25,52.0
2015-03-10 03:15:00,2076.25,2076.5,2076.25,2076.25,123.0
2015-03-10 03:20:00,2076.25,2076.5,2076.25,2076.25,140.0
2015-03-10 03:25:00,2076.25,2076.75,2076.0,2076.75,192.0
2015-03-10 03:30:00,2076.5,2076.75,2076.5,2076.75,132.0
2015-03-10 03:35:00,2076.5,2076.75,2075.5,2075.5,615.0
2015-03-10 03:40:00,2075.75,2075.75,2075.5,2075.75,329.0
2015-03-10 03:45:00,2075.5,2076.25,2075.5,2076.25,618.0
2015-03-10 03:50:00,2076.0,2076.25,2075.75,2076.0,388.0
2015-03-10 03:55:00,2076.0,2076.0,2076.0,2076.0,81.0
2015-03-10 04:00:00,2076.0,2076.25,2074.75,2074.75,1165.0
2015-03-10 04:05:00,2075.0,2075.0,2073.25,2073.75,2051.0
2015-03-10 04:10:00,2073.75,2074.0,2073.75,2074.0,188.0
2015-03-10 04:15:00,2074.0,2074.0,2073.75,2074.0,87.0
2015-03-10 04:20:00,2074.0,2074.0,2073.0,2073.0,443.0
2015-03-10 04:25:00,2073.0,2073.25,2072.75,2073.25,934.0
2015-03-10 04:30:00,2073.25,2073.75,2073.0,2073.75,132.0
2015-03-10 04:35:00,2073.75,2073.75,2073.25,2073.25,157.0
2015-03-10 04:40:00,2073.25,2074.0,2072.75,2073.75,452.0
2015-03-10 04:45:00,2073.75,2074.0,2073.25,2073.5,586.0
2015-03-10 04:50:00,2073.5,2073.5,2072.75,2073.0,292.0
2015-03-10 04:55:00,2073.0,2073.75,2073.0,2073.25,158.0
2015-03-10 05:00:00,2073.25,2073.75,2073.0,2073.5,226.0
2015-03-10 05:05:00,2073.5,2073.75,2073.25,2073.5,116.0
2015-03-10 05:10:00,2073.5,2073.5,2073.25,2073.5,106.0
2015-03-10 05:15:00,2073.25,2073.5,2073.0,2073.5,149.0
2015-03-10 05:20:00,2073.5,2073.75,2073.25,2073.25,328.0
2015-03-10 05:25:00,2073.5,2073.5,2073.0,2073.0,245.0
2015-03-10 05:30:00,2073.25,2073.5,2073.0,2073.5,209.0
2015-03-10 05:35:00,2073.5,2073.75,2073.25,2073.5,131.0
2015-03-10 05:40:00,2073.5,2073.75,2073.25,2073.5,128.0
2015-03-10 05:45:00,2073.5,2073.5,2073.0,2073.25,153.0
2015-03-10 05:50:00,2073.25,2073.25,2073.0,2073.25,167.0
2015-03-10 05:55:00,2073.0,2073.0,2072.5,2072.5,640.0
2015-03-10 06:00:00,2072.75,2073.25,2072.5,2073.25,375.0
2015-03-10 06:05:00,2073.25,2073.75,2073.25,2073.75,411.0
2015-03-10 06:10:00,2073.75,2073.75,2073.5,2073.75,109.0
2015-03-10 06:15:00,2073.75,2073.75,2073.5,2073.5,141.0
2015-03-10 06:20:00,2073.5,2073.75,2073.5,2073.75,147.0
2015-03-10 06:25:00,2073.75,2073.75,2073.5,2073.5,87.0
2015-03-10 06:30:00,2073.5,2073.75,2073.25,2073.25,191.0
2015-03-10 06:35:00,2073.25,2073.5,2073.25,2073.5,27.0
2015-03-10 06:40:00,2073.25,2074.0,2073.25,2073.5,261.0
2015-03-10 06:45:00,2073.5,2073.5,2073.25,2073.25,171.0
2015-03-10 06:50:00,2073.25,2073.25,2073.0,2073.25,84.0
2015-03-10 06:55:00,2073.25,2073.5,2073.0,2073.5,139.0
2015-03-10 07:00:00,2073.5,2073.5,2073.0,2073.0,420.0
2015-03-10 07:05:00,2073.25,2073.5,2072.75,2073.0,484.0
2015-03-10 07:10:00,2073.0,2073.25,2073.0,2073.0,499.0
2015-03-10 07:15:00,2073.0,2073.25,2073.0,2073.25,110.0
2015-03-10 07:20:00,2073.25,2073.5,2073.0,2073.25,268.0
2015-03-10 07:25:00,2073.25,2073.25,2072.75,2073.0,645.0
2015-03-10 07:30:00,2073.0,2073.75,2073.0,2073.75,398.0
2015-03-10 07:35:00,2073.75,2073.75,2073.5,2073.5,110.0
2015-03-10 07:40:00,2073.75,2073.75,2073.25,2073.5,484.0
2015-03-10 07:45:00,2073.25,2074.0,2073.25,2073.75,494.0
2015-03-10 07:50:00,2073.75,2074.0,2073.25,2073.75,347.0
2015-03-10 07:55:00,2073.5,2073.75,2073.25,2073.5,240.0
2015-03-10 08:00:00,2073.5,2074.0,2073.25,2073.5,1033.0
2015-03-10 08:05:00,2073.5,2075.0,2073.5,2074.0,1481.0
2015-03-10 08:10:00,2074.25,2074.25,2073.25,2073.5,1661.0
2015-03-10 08:15:00,2073.25,2073.5,2071.25,2071.5,3610.0
2015-03-10 08:20:00,2071.25,2071.25,2069.75,2070.75,5435.0
2015-03-10 08:25:00,2070.75,2071.0,2069.75,2070.25,3421.0
2015-03-10 08:30:00,2070.25,2070.25,2069.25,2069.75,2111.0
2015-03-10 08:35:00,2070.0,2070.25,2069.25,2070.0,1671.0
2015-03-10 08:40:00,2070.0,2070.5,2069.5,2069.75,1226.0
2015-03-10 08:45:00,2069.75,2070.25,2069.25,2069.75,1501.0
2015-03-10 08:50:00,2069.5,2070.0,2069.0,2069.5,2109.0
2015-03-10 08:55:00,2069.25,2069.75,2068.75,2068.75,1302.0
2015-03-10 09:00:00,2068.75,2069.5,2068.25,2069.5,1510.0
2015-03-10 09:05:00,2069.25,2069.5,2068.0,2069.0,2282.0
2015-03-10 09:10:00,2069.0,2069.5,2068.25,2068.5,1285.0
2015-03-10 09:15:00,2068.5,2068.75,2068.25,2068.75,759.0
2015-03-10 09:20:00,2068.75,2069.0,2068.25,2068.5,926.0
2015-03-10 09:25:00,2068.5,2068.75,2068.0,2068.25,1427.0
2015-03-10 09:30:00,2068.0,2068.0,2066.75,2066.75,2759.0
2015-03-10 09:35:00,2067.0,2067.5,2066.5,2067.25,1865.0
2015-03-10 09:40:00,2067.25,2067.25,2066.5,2066.5,1261.0
2015-03-10 09:45:00,2066.75,2067.0,2066.5,2067.0,805.0
2015-03-10 09:50:00,2067.0,2067.0,2066.25,2066.75,860.0
2015-03-10 09:55:00,2067.0,2067.5,2066.5,2067.0,1064.0
2015-03-10 10:00:00,2067.0,2067.0,2066.0,2066.25,1241.0
2015-03-10 10:05:00,2066.5,2066.5,2063.5,2063.75,5567.0
2015-03-10 10:10:00,2063.75,2064.5,2063.0,2063.0,2029.0
2015-03-10 10:15:00,2063.25,2064.0,2062.25,2062.5,3071.0
2015-03-10 10:20:00,2062.5,2063.25,2062.0,2062.5,2418.0
2015-03-10 10:25:00,2062.75,2063.25,2062.25,2063.0,1620.0
2015-03-10 10:30:00,2062.75,2063.5,2062.75,2063.0,1135.0
2015-03-10 10:35:00,2063.25,2064.0,2063.0,2064.0,2708.0
2015-03-10 10:40:00,2064.0,2064.5,2063.25,2064.0,2377.0
2015-03-10 10:45:00,2064.0,2064.75,2063.75,2064.5,1382.0
2015-03-10 10:50:00,2064.75,2065.75,2064.5,2065.5,1688.0
2015-03-10 10:55:00,2065.75,2065.75,2064.5,2065.0,1900.0
2015-03-10 11:00:00,2065.0,2065.25,2064.25,2065.0,2062.0
2015-03-10 11:05:00,2065.0,2065.5,2064.5,2064.5,1528.0
2015-03-10 11:10:00,2064.75,2065.25,2063.75,2064.0,4537.0
2015-03-10 11:15:00,2064.0,2064.5,2062.25,2062.25,2295.0
2015-03-10 11:20:00,2062.5,2063.0,2061.75,2061.75,4295.0
2015-03-10 11:25:00,2062.0,2062.75,2059.25,2059.75,7609.0
2015-03-10 11:30:00,2059.75,2060.25,2058.75,2059.75,6017.0
2015-03-10 11:35:00,2059.75,2061.0,2059.5,2061.0,3997.0
2015-03-10 11:40:00,2060.75,2061.25,2059.25,2060.25,3011.0
2015-03-10 11:45:00,2060.5,2060.5,2059.25,2059.75,2451.0
2015-03-10 11:50:00,2059.5,2061.0,2059.25,2060.75,2153.0
2015-03-10 11:55:00,2061.0,2061.25,2059.5,2060.25,1807.0
2015-03-10 12:00:00,2060.25,2060.25,2058.25,2059.0,5196.0
2015-03-10 12:05:00,2058.75,2059.5,2058.5,2058.75,3575.0
2015-03-10 12:10:00,2058.75,2059.5,2058.0,2059.25,5037.0
2015-03-10 12:15:00,2059.0,2059.25,2056.0,2057.0,10842.0
2015-03-10 12:20:00,2057.0,2057.75,2056.0,2056.75,4961.0
2015-03-10 12:25:00,2057.0,2057.5,2055.5,2056.25,6196.0
2015-03-10 12:30:00,2056.5,2058.25,2056.25,2058.0,7988.0
2015-03-10 12:35:00,2058.0,2058.5,2057.25,2058.0,4440.0
2015-03-10 12:40:00,2058.0,2058.5,2057.5,2058.5,3245.0
2015-03-10 12:45:00,2058.25,2061.0,2058.25,2061.0,12070.0
2015-03-10 12:50:00,2061.0,2062.0,2060.25,2061.5,7865.0
2015-03-10 12:55:00,2061.25,2062.0,2060.25,2060.5,4584.0
2015-03-10 13:00:00,2060.25,2060.75,2059.75,2060.5,2230.0
2015-03-10 13:05:00,2060.25,2061.5,2060.0,2061.5,2047.0
2015-03-10 13:10:00,2061.25,2063.0,2061.25,2062.5,4632.0
2015-03-10 13:15:00,2062.75,2063.0,2062.25,2062.5,2079.0
2015-03-10 13:20:00,2062.25,2062.5,2061.0,2061.25,3790.0
2015-03-10 13:25:00,2061.0,2061.5,2060.0,2061.25,5770.0
2015-03-10 13:30:00,2061.0,2062.25,2058.0,2060.25,46666.0
2015-03-10 13:35:00,2060.25,2062.75,2059.0,2061.0,37016.0
2015-03-10 13:40:00,2060.75,2061.5,2057.75,2059.5,43516.0
2015-03-10 13:45:00,2059.5,2059.5,2055.25,2057.5,40702.0
2015-03-10 13:50:00,2057.5,2057.75,2054.5,2057.25,35858.0
2015-03-10 13:55:00,2057.0,2059.25,2056.75,2057.75,22337.0
2015-03-10 14:00:00,2058.0,2059.5,2056.5,2057.75,24927.0
2015-03-10 14:05:00,2057.5,2059.5,2057.0,2057.75,24495.0
2015-03-10 14:10:00,2057.75,2058.25,2055.75,2056.0,23985.0
2015-03-10 14:15:00,2056.0,2056.0,2052.75,2054.5,42383.0
2015-03-10 14:20:00,2054.5,2056.0,2054.25,2054.5,21006.0
2015-03-10 14:25:00,2054.5,2055.25,2052.25,2054.5,22789.0
2015-03-10 14:30:00,2054.75,2055.5,2053.0,2053.5,19974.0
2015-03-10 14:35:00,2053.5,2054.25,2051.25,2051.75,30355.0
2015-03-10 14:40:00,2051.75,2054.0,2051.5,2052.75,26980.0
2015-03-10 14:45:00,2052.75,2054.25,2052.25,2053.0,17429.0
2015-03-10 14:50:00,2053.0,2056.5,2053.0,2056.0,20388.0
2015-03-10 14:55:00,2056.0,2057.25,2055.25,2056.25,18399.0
2015-03-10 15:00:00,2056.25,2058.0,2055.0,2057.75,18192.0
2015-03-10 15:05:00,2058.0,2058.75,2057.25,2058.5,15812.0
2015-03-10 15:10:00,2058.5,2060.0,2057.5,2059.5,16980.0
2015-03-10 15:15:00,2059.25,2060.0,2058.75,2059.25,13539.0
2015-03-10 15:20:00,2059.5,2061.0,2059.0,2059.5,15993.0
2015-03-10 15:25:00,2059.25,2060.25,2058.5,2058.75,12408.0
2015-03-10 15:30:00,2058.75,2059.5,2058.0,2058.5,9855.0
2015-03-10 15:35:00,2058.5,2058.75,2056.0,2056.25,12846.0
2015-03-10 15:40:00,2056.25,2056.75,2054.5,2054.75,16077.0
2015-03-10 15:45:00,2054.75,2055.25,2053.25,2054.0,13037.0
2015-03-10 15:50:00,2053.75,2054.0,2052.25,2053.25,18929.0
2015-03-10 15:55:00,2053.25,2053.5,2051.0,2051.5,23234.0
2015-03-10 16:00:00,2051.75,2052.0,2048.0,2049.0,36391.0
2015-03-10 16:05:00,2049.0,2049.75,2048.25,2049.5,15334.0
2015-03-10 16:10:00,2049.5,2052.5,2049.25,2051.5,25596.0
2015-03-10 16:15:00,2051.25,2052.5,2050.0,2050.75,15659.0
2015-03-10 16:20:00,2050.75,2051.25,2048.75,2049.0,15519.0
2015-03-10 16:25:00,2049.25,2050.25,2047.5,2050.0,22853.0
2015-03-10 16:30:00,2050.0,2050.25,2047.5,2047.5,22430.0
2015-03-10 16:35:00,2047.5,2050.25,2047.5,2050.0,18438.0
2015-03-10 16:40:00,2050.25,2052.25,2050.25,2051.75,15589.0
2015-03-10 16:45:00,2051.75,2052.25,2049.25,2049.75,18470.0
2015-03-10 16:50:00,2049.75,2051.25,2049.25,2051.0,11525.0
2015-03-10 16:55:00,2050.75,2052.25,2049.75,2050.75,13424.0
2015-03-10 17:00:00,2050.75,2051.0,2049.75,2050.5,7950.0
2015-03-10 17:05:00,2050.5,2051.75,2049.5,2050.0,7691.0
2015-03-10 17:10:00,2050.0,2050.75,2049.25,2050.25,7531.0
2015-03-10 17:15:00,2050.0,2051.0,2049.0,2050.25,7685.0
2015-03-10 17:20:00,2050.25,2053.75,2050.25,2053.0,20399.0
2015-03-10 17:25:00,2052.75,2054.25,2052.75,2053.0,11931.0
2015-03-10 17:30:00,2053.25,2053.25,2050.5,2051.5,15080.0
2015-03-10 17:35:00,2051.75,2051.75,2050.5,2050.5,6901.0
2015-03-10 17:40:00,2050.75,2051.25,2049.75,2050.75,8976.0
2015-03-10 17:45:00,2050.75,2052.25,2050.25,2052.25,8181.0
2015-03-10 17:50:00,2052.25,2052.5,2051.0,2051.75,8827.0
2015-03-10 17:55:00,2051.75,2051.75,2050.5,2050.75,5952.0
2015-03-10 18:00:00,2050.5,2051.75,2050.25,2051.5,7028.0
2015-03-10 18:05:00,2051.5,2053.25,2051.25,2052.75,7291.0
2015-03-10 18:10:00,2052.75,2053.5,2049.25,2049.5,12969.0
2015-03-10 18:15:00,2049.25,2050.0,2048.0,2048.75,13197.0
2015-03-10 18:20:00,2048.5,2048.75,2047.0,2047.25,17229.0
2015-03-10 18:25:00,2047.25,2048.25,2046.5,2046.75,13140.0
2015-03-10 18:30:00,2046.75,2048.75,2046.75,2048.5,6855.0
2015-03-10 18:35:00,2048.5,2049.25,2047.25,2047.75,7126.0
2015-03-10 18:40:00,2047.75,2048.5,2046.75,2047.75,7504.0
2015-03-10 18:45:00,2047.5,2050.0,2047.5,2049.5,11077.0
2015-03-10 18:50:00,2049.5,2049.5,2048.0,2048.5,9021.0
2015-03-10 18:55:00,2048.5,2049.0,2046.5,2047.25,15294.0
2015-03-10 19:00:00,2047.25,2049.25,2046.0,2049.0,17304.0
2015-03-10 19:05:00,2049.25,2049.5,2047.5,2049.0,9435.0
2015-03-10 19:10:00,2049.25,2050.0,2047.75,2048.25,19815.0
2015-03-10 19:15:00,2048.25,2051.25,2047.5,2050.25,15547.0
2015-03-10 19:20:00,2050.25,2051.75,2050.0,2051.0,18378.0
2015-03-10 19:25:00,2051.0,2051.5,2049.25,2050.0,14898.0
2015-03-10 19:30:00,2050.25,2050.5,2046.75,2048.25,21039.0
2015-03-10 19:35:00,2048.0,2049.0,2047.25,2048.5,9538.0
2015-03-10 19:40:00,2048.5,2049.75,2047.75,2049.0,16121.0
2015-03-10 19:45:00,2049.25,2049.5,2047.5,2049.5,13745.0
2015-03-10 19:50:00,2049.5,2049.5,2047.0,2047.5,17481.0
2015-03-10 19:55:00,2047.5,2047.5,2044.75,2045.25,37798.0
2015-03-10 20:00:00,2045.5,2045.75,2042.75,2043.0,111356.0
2015-03-10 20:05:00,2043.25,2043.5,2041.25,2041.75,25214.0
2015-03-10 20:10:00,2041.5,2042.5,2041.5,2042.25,16373.0
2015-03-10 20:15:00,2042.0,2042.5,2041.5,2042.0,11025.0
2015-03-10 20:30:00,2042.5,2043.5,2042.5,2043.5,6075.0
2015-03-10 20:35:00,2043.5,2043.75,2042.5,2042.75,1663.0
2015-03-10 20:40:00,2043.0,2043.25,2042.5,2043.0,1104.0
2015-03-10 20:45:00,2042.75,2043.5,2042.75,2043.25,1211.0
2015-03-10 20:50:00,2043.25,2043.75,2042.75,2043.5,1068.0
2015-03-10 20:55:00,2043.5,2044.0,2043.25,2043.75,1072.0
2015-03-10 21:00:00,2043.75,2044.25,2043.5,2044.0,943.0
2015-03-10 21:05:00,2044.0,2044.25,2043.75,2044.25,612.0
2015-03-10 21:10:00,2044.25,2044.25,2043.5,2043.75,1421.0
2015-03-10 21:15:00,2044.0,2044.0,2043.75,2044.0,408.0
2015-03-10 22:00:00,2044.25,2044.5,2043.5,2044.25,1869.0
2015-03-10 22:05:00,2044.25,2044.25,2043.5,2043.75,378.0
2015-03-10 22:10:00,2043.75,2043.75,2043.25,2043.25,454.0
2015-03-10 22:15:00,2043.25,2043.5,2042.75,2043.25,513.0
2015-03-10 22:20:00,2043.25,2043.5,2043.25,2043.5,133.0
2015-03-10 22:25:00,2043.5,2043.5,2043.25,2043.25,79.0
2015-03-10 22:30:00,2043.25,2044.0,2043.25,2043.75,432.0
2015-03-10 22:35:00,2044.0,2044.0,2043.75,2044.0,77.0
2015-03-10 22:40:00,2044.0,2044.25,2043.75,2044.25,311.0
2015-03-10 22:45:00,2044.25,2044.75,2044.0,2044.5,384.0
2015-03-10 22:50:00,2044.5,2044.5,2044.0,2044.25,179.0
2015-03-10 22:55:00,2044.25,2044.25,2044.0,2044.25,149.0
2015-03-10 23:00:00,2044.25,2044.5,2044.0,2044.5,195.0
2015-03-10 23:05:00,2044.5,2044.5,2044.0,2044.25,321.0
2015-03-10 23:10:00,2044.25,2044.25,2044.0,2044.25,114.0
2015-03-10 23:15:00,2044.25,2044.25,2043.25,2043.5,517.0
2015-03-10 23:20:00,2043.5,2045.25,2043.25,2045.25,903.0
2015-03-10 23:25:00,2045.25,2045.5,2045.0,2045.5,279.0
2015-03-10 23:30:00,2045.25,2045.5,2045.0,2045.0,219.0
2015-03-10 23:35:00,2045.0,2045.5,2045.0,2045.5,169.0
2015-03-10 23:40:00,2045.5,2046.0,2045.25,2046.0,738.0
2015-03-10 23:45:00,2046.0,2046.5,2046.0,2046.5,911.0
2015-03-10 23:50:00,2046.25,2046.75,2046.25,2046.5,842.0
2015-03-10 23:55:00,2046.5,2046.5,2046.0,2046.25,347.0
2015-03-11 00:00:00,2046.25,2047.0,2046.25,2046.5,1018.0
2015-03-11 00:05:00,2046.5,2046.75,2045.5,2045.5,847.0
2015-03-11 00:10:00,2045.5,2046.0,2045.0,2045.75,587.0
2015-03-11 00:15:00,2045.75,2046.0,2045.5,2045.75,507.0
2015-03-11 00:20:00,2045.75,2046.5,2045.75,2046.25,561.0
2015-03-11 00:25:00,2046.25,2046.75,2046.0,2046.5,417.0
2015-03-11 00:30:00,2046.25,2046.5,2046.25,2046.5,227.0
2015-03-11 00:35:00,2046.5,2046.5,2046.25,2046.5,151.0
2015-03-11 00:40:00,2046.25,2046.75,2046.25,2046.5,184.0
2015-03-11 00:45:00,2046.5,2046.75,2046.0,2046.25,407.0
2015-03-11 00:50:00,2046.0,2046.75,2046.0,2046.5,249.0
2015-03-11 00:55:00,2046.5,2046.75,2046.25,2046.5,320.0
2015-03-11 01:00:00,2046.75,2047.25,2046.5,2046.75,728.0
2015-03-11 01:05:00,2047.0,2047.75,2046.75,2047.75,1355.0
2015-03-11 01:10:00,2047.75,2047.75,2047.5,2047.75,243.0
2015-03-11 01:15:00,2047.75,2047.75,2047.0,2047.5,600.0
2015-03-11 01:20:00,2047.5,2048.0,2047.5,2048.0,1162.0
2015-03-11 01:25:00,2048.0,2048.25,2048.0,2048.0,496.0
2015-03-11 01:30:00,2048.0,2048.75,2048.0,2048.25,870.0
2015-03-11 01:35:00,2048.25,2048.75,2048.0,2048.5,471.0
2015-03-11 01:40:00,2048.5,2048.75,2048.0,2048.0,1018.0
2015-03-11 01:45:00,2048.25,2048.75,2048.0,2048.5,448.0
2015-03-11 01:50:00,2048.5,2048.5,2048.0,2048.0,399.0
2015-03-11 01:55:00,2048.0,2048.25,2047.75,2047.75,302.0
2015-03-11 02:00:00,2047.75,2048.0,2047.75,2048.0,332.0
2015-03-11 02:05:00,2048.0,2048.25,2048.0,2048.0,149.0
2015-03-11 02:10:00,2048.25,2048.25,2048.0,2048.0,144.0
2015-03-11 02:15:00,2048.0,2048.0,2047.5,2047.75,356.0
2015-03-11 02:20:00,2047.5,2047.75,2047.5,2047.5,242.0
2015-03-11 02:25:00,2047.75,2048.0,2047.75,2048.0,253.0
2015-03-11 02:30:00,2048.0,2048.25,2048.0,2048.25,112.0
2015-03-11 02:35:00,2048.25,2048.5,2048.0,2048.5,354.0
2015-03-11 02:40:00,2048.5,2049.0,2048.25,2049.0,1082.0
2015-03-11 02:45:00,2049.0,2049.0,2048.25,2048.25,500.0
2015-03-11 02:50:00,2048.5,2048.5,2048.0,2048.5,309.0
2015-03-11 02:55:00,2048.25,2049.0,2048.25,2048.75,245.0
2015-03-11 03:00:00,2049.0,2049.25,2048.75,2048.75,395.0
2015-03-11 03:05:00,2048.75,2049.0,2048.25,2048.75,445.0
2015-03-11 03:10:00,2048.5,2049.0,2048.5,2048.75,172.0
2015-03-11 03:15:00,2048.5,2048.5,2047.75,2048.0,812.0
2015-03-11 03:20:00,2048.0,2048.0,2047.75,2048.0,109.0
2015-03-11 03:25:00,2047.75,2048.0,2047.75,2048.0,250.0
2015-03-11 03:30:00,2048.0,2048.0,2047.5,2047.75,373.0
2015-03-11 03:35:00,2048.0,2048.0,2047.75,2048.0,213.0
2015-03-11 03:40:00,2047.75,2048.25,2047.75,2048.0,249.0
2015-03-11 03:45:00,2047.75,2048.5,2047.75,2048.25,115.0
2015-03-11 03:50:00,2048.5,2048.5,2048.0,2048.25,172.0
2015-03-11 03:55:00,2048.25,2048.75,2048.25,2048.75,250.0
2015-03-11 04:00:00,2048.75,2048.75,2048.5,2048.5,76.0
2015-03-11 04:05:00,2048.75,2048.75,2048.5,2048.75,273.0
2015-03-11 04:10:00,2048.75,2048.75,2048.5,2048.5,128.0
2015-03-11 04:15:00,2048.75,2049.0,2048.5,2049.0,345.0
2015-03-11 04:20:00,2048.75,2049.0,2048.75,2048.75,121.0
2015-03-11 04:25:00,2049.0,2049.0,2048.5,2048.5,103.0
2015-03-11 04:30:00,2048.75,2048.75,2048.5,2048.5,67.0
2015-03-11 04:35:00,2048.5,2048.5,2048.0,2048.5,283.0
2015-03-11 04:40:00,2048.25,2048.5,2048.0,2048.0,130.0
2015-03-11 04:45:00,2048.0,2048.25,2048.0,2048.25,177.0
2015-03-11 04:50:00,2048.25,2049.0,2048.25,2048.75,327.0
2015-03-11 04:55:00,2048.75,2049.0,2048.5,2048.75,48.0
2015-03-11 05:00:00,2049.0,2049.0,2048.75,2048.75,350.0
2015-03-11 05:05:00,2048.75,2049.25,2048.75,2048.75,100.0
2015-03-11 05:10:00,2048.75,2049.0,2048.5,2048.75,116.0
2015-03-11 05:15:00,2049.0,2049.0,2048.25,2048.25,227.0
2015-03-11 05:20:00,2048.25,2048.5,2048.0,2048.25,73.0
2015-03-11 05:25:00,2048.25,2048.25,2047.75,2048.25,180.0
2015-03-11 05:30:00,2048.0,2048.25,2047.75,2047.75,298.0
2015-03-11 05:35:00,2047.75,2047.75,2047.25,2047.5,168.0
2015-03-11 05:40:00,2047.5,2047.75,2047.0,2047.0,322.0
2015-03-11 05:45:00,2047.25,2048.0,2047.0,2048.0,522.0
2015-03-11 05:50:00,2048.0,2048.0,2047.25,2047.5,242.0
2015-03-11 05:55:00,2047.5,2047.5,2047.0,2047.25,200.0
2015-03-11 06:00:00,2047.25,2047.5,2046.75,2047.25,701.0
2015-03-11 06:05:00,2047.0,2047.0,2046.5,2046.75,331.0
2015-03-11 06:10:00,2047.0,2047.0,2046.0,2046.25,474.0
2015-03-11 06:15:00,2046.25,2046.25,2045.5,2045.5,477.0
2015-03-11 06:20:00,2045.75,2046.5,2045.5,2046.25,666.0
2015-03-11 06:25:00,2046.25,2046.5,2046.0,2046.25,173.0
2015-03-11 06:30:00,2046.5,2046.75,2046.25,2046.5,126.0
2015-03-11 06:35:00,2046.75,2047.0,2046.75,2046.75,73.0
2015-03-11 06:40:00,2046.75,2047.0,2046.5,2046.5,65.0
2015-03-11 06:45:00,2046.75,2046.75,2046.0,2046.0,81.0
2015-03-11 06:50:00,2046.0,2046.75,2046.0,2046.5,135.0
2015-03-11 06:55:00,2046.75,2046.75,2046.0,2046.5,94.0
2015-03-11 07:00:00,2046.5,2047.5,2046.25,2046.5,819.0
2015-03-11 07:05:00,2046.5,2046.75,2046.0,2046.25,653.0
2015-03-11 07:10:00,2046.5,2046.5,2045.75,2046.0,302.0
2015-03-11 07:15:00,2046.25,2048.0,2046.0,2047.25,2385.0
2015-03-11 07:20:00,2047.25,2047.75,2047.0,2047.0,815.0
2015-03-11 07:25:00,2047.25,2047.25,2046.75,2046.75,354.0
2015-03-11 07:30:00,2047.0,2047.0,2046.25,2046.5,362.0
2015-03-11 07:35:00,2046.5,2047.25,2046.5,2046.5,1245.0
2015-03-11 07:40:00,2046.75,2047.5,2046.5,2047.25,1580.0
2015-03-11 07:45:00,2047.25,2047.5,2046.0,2046.25,1027.0
2015-03-11 07:50:00,2046.25,2046.25,2045.25,2045.75,1909.0
2015-03-11 07:55:00,2045.75,2046.25,2045.5,2045.75,790.0
2015-03-11 08:00:00,2046.0,2046.5,2045.25,2046.0,3149.0
2015-03-11 08:05:00,2045.75,2046.0,2044.0,2044.5,3697.0
2015-03-11 08:10:00,2044.5,2045.25,2043.5,2045.25,3628.0
2015-03-11 08:15:00,2045.25,2047.5,2045.25,2047.5,4407.0
2015-03-11 08:20:00,2047.25,2048.5,2047.0,2048.25,4423.0
2015-03-11 08:25:00,2048.25,2049.75,2048.25,2049.25,4671.0
2015-03-11 08:30:00,2049.25,2050.25,2048.5,2049.25,6806.0
2015-03-11 08:35:00,2049.25,2050.5,2049.0,2050.0,2794.0
2015-03-11 08:40:00,2050.0,2050.25,2049.5,2049.75,1433.0
2015-03-11 08:45:00,2050.0,2050.25,2049.0,2049.75,2904.0
2015-03-11 08:50:00,2049.5,2050.25,2049.25,2049.75,2247.0
2015-03-11 08:55:00,2049.75,2050.5,2049.5,2049.75,1807.0
2015-03-11 09:00:00,2049.75,2050.75,2049.75,2050.5,2267.0
2015-03-11 09:05:00,2050.25,2050.75,2049.75,2050.25,1325.0
2015-03-11 09:10:00,2050.5,2050.75,2049.75,2050.0,892.0
2015-03-11 09:15:00,2050.0,2050.75,2050.0,2050.75,824.0
2015-03-11 09:20:00,2050.75,2051.25,2050.0,2050.25,2035.0
2015-03-11 09:25:00,2050.25,2050.5,2048.75,2049.25,2541.0
2015-03-11 09:30:00,2049.0,2050.0,2048.75,2049.25,1677.0
2015-03-11 09:35:00,2049.5,2049.75,2049.0,2049.75,1352.0
2015-03-11 09:40:00,2049.75,2050.0,2049.25,2049.5,1185.0
2015-03-11 09:45:00,2049.75,2051.25,2049.5,2051.0,2087.0
2015-03-11 09:50:00,2050.75,2051.75,2050.5,2050.75,2629.0
2015-03-11 09:55:00,2050.75,2051.0,2050.5,2051.0,1142.0
2015-03-11 10:00:00,2051.0,2051.25,2050.5,2050.75,865.0
2015-03-11 10:05:00,2050.75,2052.25,2050.5,2051.5,3076.0
2015-03-11 10:10:00,2051.5,2052.0,2051.5,2051.75,1937.0
2015-03-11 10:15:00,2051.5,2052.0,2051.0,2051.25,1467.0
2015-03-11 10:20:00,2051.25,2051.75,2051.25,2051.25,1267.0
2015-03-11 10:25:00,2051.25,2051.25,2050.5,2050.75,1467.0
2015-03-11 10:30:00,2050.75,2051.75,2050.5,2051.0,2618.0
2015-03-11 10:35:00,2051.0,2051.0,2050.0,2050.5,918.0
2015-03-11 10:40:00,2050.5,2050.5,2050.0,2050.5,1152.0
2015-03-11 10:45:00,2050.25,2050.75,2049.75,2050.5,2329.0
2015-03-11 10:50:00,2050.5,2051.5,2050.25,2051.0,1391.0
2015-03-11 10:55:00,2051.25,2051.5,2050.75,2051.25,1314.0
2015-03-11 11:00:00,2051.25,2051.75,2051.0,2051.5,1325.0
2015-03-11 11:05:00,2051.5,2051.5,2050.5,2051.0,1002.0
2015-03-11 11:10:00,2051.0,2051.5,2051.0,2051.25,410.0
2015-03-11 11:15:00,2051.25,2051.25,2050.25,2050.5,977.0
2015-03-11 11:20:00,2050.5,2050.5,2049.25,2049.25,2537.0
2015-03-11 11:25:00,2049.5,2050.0,2048.25,2049.25,3793.0
2015-03-11 11:30:00,2049.0,2049.75,2048.5,2048.5,1427.0
2015-03-11 11:35:00,2048.5,2049.5,2048.0,2048.75,3027.0
2015-03-11 11:40:00,2048.75,2048.75,2047.75,2048.0,2173.0
2015-03-11 11:45:00,2048.25,2048.5,2047.25,2047.25,3480.0
2015-03-11 11:50:00,2047.25,2047.5,2046.75,2046.75,2577.0
2015-03-11 11:55:00,2046.75,2048.25,2046.75,2048.25,2333.0
2015-03-11 12:00:00,2048.25,2048.5,2047.75,2048.25,4402.0
2015-03-11 12:05:00,2048.0,2049.25,2048.0,2048.75,2160.0
2015-03-11 12:10:00,2048.75,2049.25,2048.75,2049.25,923.0
2015-03-11 12:15:00,2049.25,2049.75,2049.0,2049.25,1956.0
2015-03-11 12:20:00,2049.25,2049.75,2049.0,2049.5,1222.0
2015-03-11 12:25:00,2049.75,2049.75,2049.0,2049.25,1196.0
2015-03-11 12:30:00,2049.25,2050.5,2049.0,2050.5,2916.0
2015-03-11 12:35:00,2050.25,2051.0,2050.0,2050.75,2367.0
2015-03-11 12:40:00,2050.75,2051.0,2050.0,2050.5,2885.0
2015-03-11 12:45:00,2050.5,2050.5,2049.0,2049.25,3372.0
2015-03-11 12:50:00,2049.25,2049.75,2048.75,2048.75,3329.0
2015-03-11 12:55:00,2048.75,2049.5,2048.5,2049.25,2061.0
2015-03-11 13:00:00,2049.25,2049.5,2048.0,2048.25,3016.0
2015-03-11 13:05:00,2048.25,2048.5,2047.25,2048.25,3733.0
2015-03-11 13:10:00,2048.25,2049.0,2047.75,2048.5,1877.0
2015-03-11 13:15:00,2048.5,2048.5,2047.25,2047.25,2203.0
2015-03-11 13:20:00,2047.25,2047.75,2046.5,2047.5,5417.0
2015-03-11 13:25:00,2047.75,2048.0,2046.25,2047.25,4335.0
2015-03-11 13:30:00,2047.0,2047.75,2045.0,2047.5,44529.0
2015-03-11 13:35:00,2047.5,2048.25,2044.75,2045.25,37152.0
2015-03-11 13:40:00,2045.0,2048.75,2044.5,2048.25,34947.0
2015-03-11 13:45:00,2048.0,2049.0,2047.0,2047.25,24987.0
2015-03-11 13:50:00,2047.25,2048.5,2045.0,2045.25,25602.0
2015-03-11 13:55:00,2045.25,2047.25,2045.25,2047.25,19447.0
2015-03-11 14:00:00,2047.25,2048.0,2046.0,2047.75,22070.0
2015-03-11 14:05:00,2047.75,2049.5,2047.0,2049.0,19980.0
2015-03-11 14:10:00,2049.0,2049.25,2046.0,2046.5,17146.0
2015-03-11 14:15:00,2046.5,2046.75,2045.0,2045.75,18350.0
2015-03-11 14:20:00,2045.5,2046.0,2044.5,2046.0,16377.0
2015-03-11 14:25:00,2045.75,2046.75,2045.25,2046.25,11029.0
2015-03-11 14:30:00,2046.5,2047.25,2043.5,2044.0,30140.0
2015-03-11 14:35:00,2044.0,2044.25,2041.75,2042.0,37151.0
2015-03-11 14:40:00,2042.0,2043.0,2040.25,2040.75,30630.0
2015-03-11 14:45:00,2040.5,2041.5,2039.5,2041.25,34225.0
2015-03-11 14:50:00,2041.5,2043.25,2040.5,2043.0,20068.0
2015-03-11 14:55:00,2042.75,2043.75,2042.5,2043.0,13750.0
2015-03-11 15:00:00,2043.25,2044.25,2042.25,2043.5,15607.0
2015-03-11 15:05:00,2043.5,2044.0,2041.5,2042.25,15636.0
2015-03-11 15:10:00,2042.0,2045.25,2041.75,2044.75,19387.0
2015-03-11 15:15:00,2044.5,2045.75,2044.0,2045.5,11680.0
2015-03-11 15:20:00,2045.25,2045.5,2043.75,2044.0,9010.0
2015-03-11 15:25:00,2043.75,2045.75,2043.25,2045.75,11801.0
2015-03-11 15:30:00,2045.75,2047.75,2045.5,2047.25,19038.0
2015-03-11 15:35:00,2047.25,2047.75,2045.75,2046.0,12247.0
2015-03-11 15:40:00,2046.0,2046.75,2045.25,2046.25,10799.0
2015-03-11 15:45:00,2046.0,2046.75,2045.25,2046.0,10615.0
2015-03-11 15:50:00,2046.0,2046.75,2044.75,2046.75,13073.0
2015-03-11 15:55:00,2047.0,2047.0,2045.25,2046.5,9382.0
2015-03-11 16:00:00,2046.25,2047.25,2045.25,2046.0,12243.0
2015-03-11 16:05:00,2046.0,2046.5,2044.0,2044.5,12376.0
2015-03-11 16:10:00,2044.5,2046.5,2044.25,2046.25,9202.0
2015-03-11 16:15:00,2046.0,2047.75,2045.5,2047.25,9131.0
2015-03-11 16:20:00,2047.5,2047.75,2045.0,2045.0,10256.0
2015-03-11 16:25:00,2045.25,2045.5,2043.25,2044.25,11446.0
2015-03-11 16:30:00,2044.0,2045.25,2044.0,2044.5,8424.0
2015-03-11 16:35:00,2044.25,2046.25,2043.75,2046.25,9780.0
2015-03-11 16:40:00,2046.25,2047.25,2046.0,2047.0,8729.0
2015-03-11 16:45:00,2046.75,2047.75,2045.75,2046.25,8590.0
2015-03-11 16:50:00,2046.0,2048.25,2046.0,2047.25,9063.0
2015-03-11 16:55:00,2047.0,2047.75,2046.25,2046.5,6647.0
2015-03-11 17:00:00,2046.25,2046.75,2046.0,2046.25,7365.0
2015-03-11 17:05:00,2046.25,2046.75,2045.5,2046.75,8842.0
2015-03-11 17:10:00,2046.75,2047.25,2046.25,2047.25,3088.0
2015-03-11 17:15:00,2047.25,2048.0,2046.25,2046.5,7772.0
2015-03-11 17:20:00,2046.25,2046.75,2046.0,2046.5,4560.0
2015-03-11 17:25:00,2046.5,2047.0,2045.25,2046.75,9966.0
2015-03-11 17:30:00,2046.75,2046.75,2043.25,2043.5,16834.0
2015-03-11 17:35:00,2043.25,2044.5,2043.0,2044.25,8822.0
2015-03-11 17:40:00,2044.0,2044.75,2042.5,2043.5,9440.0
2015-03-11 17:45:00,2043.25,2043.5,2039.75,2041.0,19779.0
2015-03-11 17:50:00,2041.0,2041.75,2039.5,2040.5,17286.0
2015-03-11 17:55:00,2040.75,2043.0,2040.5,2042.75,10157.0
2015-03-11 18:00:00,2042.75,2043.0,2041.75,2043.0,7732.0
2015-03-11 18:05:00,2043.0,2044.25,2043.0,2044.25,7455.0
2015-03-11 18:10:00,2044.25,2044.75,2043.0,2043.5,12174.0
2015-03-11 18:15:00,2043.5,2046.75,2043.0,2045.75,15584.0
2015-03-11 18:20:00,2045.5,2046.25,2044.5,2044.75,11667.0
2015-03-11 18:25:00,2044.75,2046.0,2044.5,2045.0,9759.0
2015-03-11 18:30:00,2045.0,2045.75,2043.75,2044.0,11955.0
2015-03-11 18:35:00,2043.75,2046.25,2043.75,2045.5,9600.0
2015-03-11 18:40:00,2045.5,2046.0,2043.0,2043.75,9840.0
2015-03-11 18:45:00,2043.75,2045.75,2043.5,2044.75,7072.0
2015-03-11 18:50:00,2044.75,2046.0,2044.5,2045.25,6141.0
2015-03-11 18:55:00,2045.25,2047.0,2044.75,2047.0,6482.0
2015-03-11 19:00:00,2046.75,2047.0,2045.0,2046.0,7996.0
2015-03-11 19:05:00,2046.0,2046.0,2044.5,2045.25,6694.0
2015-03-11 19:10:00,2045.25,2045.25,2042.25,2042.75,10724.0
2015-03-11 19:15:00,2042.5,2043.75,2042.25,2043.25,8018.0
2015-03-11 19:20:00,2043.25,2043.5,2041.0,2041.0,11826.0
2015-03-11 19:25:00,2041.0,2042.5,2041.0,2041.75,7775.0
2015-03-11 19:30:00,2041.5,2041.75,2038.25,2039.0,24147.0
2015-03-11 19:35:00,2039.0,2040.25,2038.75,2039.0,10262.0
2015-03-11 19:40:00,2039.0,2040.25,2038.5,2039.75,12072.0
2015-03-11 19:45:00,2040.0,2041.25,2039.25,2039.75,24199.0
2015-03-11 19:50:00,2039.75,2040.75,2038.75,2040.25,18801.0
2015-03-11 19:55:00,2040.0,2041.75,2039.75,2041.0,23632.0
2015-03-11 20:00:00,2041.25,2041.25,2038.25,2039.25,81615.0
2015-03-11 20:05:00,2039.25,2041.0,2039.0,2040.5,13641.0
2015-03-11 20:10:00,2040.5,2040.5,2039.25,2039.25,6352.0
2015-03-11 20:15:00,2039.25,2040.25,2039.0,2040.0,7959.0
2015-03-11 20:30:00,2040.25,2041.0,2040.0,2040.75,2469.0
2015-03-11 20:35:00,2040.75,2042.0,2040.25,2042.0,4231.0
2015-03-11 20:40:00,2041.75,2042.75,2041.75,2042.5,2098.0
2015-03-11 20:45:00,2042.5,2043.0,2042.25,2042.75,1379.0
2015-03-11 20:50:00,2042.75,2042.75,2042.25,2042.25,835.0
2015-03-11 20:55:00,2042.5,2042.5,2041.75,2042.0,506.0
2015-03-11 21:00:00,2041.75,2042.5,2041.75,2042.5,875.0
2015-03-11 21:05:00,2042.5,2042.75,2042.25,2042.5,411.0
2015-03-11 21:10:00,2042.25,2042.75,2042.25,2042.25,599.0
2015-03-11 21:15:00,2042.25,2042.5,2041.25,2041.25,885.0
2015-03-11 22:00:00,2042.0,2042.75,2039.75,2040.5,2772.0
2015-03-11 22:05:00,2040.25,2040.5,2039.5,2040.0,1152.0
2015-03-11 22:10:00,2040.0,2040.25,2039.5,2040.0,157.0
2015-03-11 22:15:00,2040.0,2040.0,2038.75,2039.0,900.0
2015-03-11 22:20:00,2039.25,2039.75,2039.0,2039.5,475.0
2015-03-11 22:25:00,2039.5,2039.75,2039.5,2039.5,32.0
2015-03-11 22:30:00,2039.75,2040.25,2039.75,2040.25,114.0
2015-03-11 22:35:00,2040.25,2040.25,2040.25,2040.25,165.0
2015-03-11 22:40:00,2040.5,2040.5,2039.75,2040.0,214.0
2015-03-11 22:45:00,2040.25,2040.25,2039.75,2040.25,115.0
2015-03-11 22:50:00,2040.5,2040.5,2040.25,2040.5,46.0
2015-03-11 22:55:00,2040.25,2040.5,2040.25,2040.5,144.0
2015-03-11 23:00:00,2040.25,2040.5,2040.25,2040.5,96.0
2015-03-11 23:05:00,2040.5,2040.5,2040.25,2040.25,114.0
2015-03-11 23:10:00,2040.5,2040.5,2040.25,2040.5,48.0
2015-03-11 23:15:00,2040.5,2040.75,2040.25,2040.25,100.0
2015-03-11 23:20:00,2040.25,2040.25,2039.5,2040.25,379.0
2015-03-11 23:25:00,2040.25,2040.5,2040.25,2040.5,58.0
2015-03-11 23:30:00,2040.25,2040.25,2039.75,2039.75,103.0
2015-03-11 23:35:00,2039.75,2040.0,2039.75,2040.0,64.0
2015-03-11 23:40:00,2040.0,2040.0,2039.25,2039.5,250.0
2015-03-11 23:45:00,2039.5,2039.75,2039.5,2039.75,296.0
2015-03-11 23:50:00,2039.75,2040.5,2039.75,2040.25,322.0
2015-03-11 23:55:00,2040.25,2040.25,2040.0,2040.25,81.0
2015-03-12 00:00:00,2040.0,2040.25,2039.75,2040.25,528.0
2015-03-12 00:05:00,2040.0,2040.25,2039.5,2039.5,486.0
2015-03-12 00:10:00,2039.5,2040.0,2039.5,2039.75,177.0
2015-03-12 00:15:00,2039.75,2039.75,2039.5,2039.5,241.0
2015-03-12 00:20:00,2039.5,2039.75,2038.5,2038.5,1034.0
2015-03-12 00:25:00,2038.5,2039.25,2038.25,2038.5,922.0
2015-03-12 00:30:00,2038.5,2039.25,2038.5,2039.25,394.0
2015-03-12 00:35:00,2039.5,2040.0,2039.25,2039.5,623.0
2015-03-12 00:40:00,2039.5,2040.0,2039.5,2039.75,395.0
2015-03-12 00:45:00,2040.0,2040.0,2039.5,2039.75,171.0
2015-03-12 00:50:00,2039.75,2040.0,2039.75,2039.75,362.0
2015-03-12 00:55:00,2039.75,2040.0,2039.75,2039.75,109.0
2015-03-12 01:00:00,2039.75,2040.5,2039.75,2040.25,522.0
2015-03-12 01:05:00,2040.25,2040.25,2040.0,2040.25,107.0
2015-03-12 01:10:00,2040.25,2040.5,2040.0,2040.25,202.0
2015-03-12 01:15:00,2040.25,2040.5,2040.25,2040.5,115.0
2015-03-12 01:20:00,2040.25,2040.75,2040.25,2040.75,434.0
2015-03-12 01:25:00,2040.75,2041.0,2040.75,2041.0,463.0
2015-03-12 01:30:00,2041.0,2041.25,2040.75,2040.75,327.0
2015-03-12 01:35:00,2041.0,2041.0,2040.75,2041.0,168.0
2015-03-12 01:40:00,2041.0,2041.5,2040.75,2041.25,148.0
2015-03-12 01:45:00,2041.25,2041.25,2041.0,2041.25,154.0
2015-03-12 01:50:00,2041.25,2041.25,2041.0,2041.25,92.0
2015-03-12 01:55:00,2041.25,2042.0,2041.25,2041.75,713.0
2015-03-12 02:00:00,2042.0,2042.0,2041.75,2041.75,222.0
2015-03-12 02:05:00,2041.75,2042.25,2041.5,2041.5,610.0
2015-03-12 02:10:00,2041.75,2042.0,2041.75,2042.0,223.0
2015-03-12 02:15:00,2042.0,2042.0,2041.75,2042.0,121.0
2015-03-12 02:20:00,2042.0,2042.0,2041.75,2041.75,104.0
2015-03-12 02:25:00,2041.75,2042.0,2041.5,2041.75,181.0
2015-03-12 02:30:00,2042.0,2042.0,2041.75,2041.75,108.0
2015-03-12 02:35:00,2041.75,2042.5,2041.75,2042.5,374.0
2015-03-12 02:40:00,2042.5,2042.75,2042.25,2042.5,706.0
2015-03-12 02:45:00,2042.25,2042.75,2042.25,2042.75,113.0
2015-03-12 02:50:00,2042.5,2042.5,2042.25,2042.25,103.0
2015-03-12 02:55:00,2042.25,2042.5,2042.25,2042.5,70.0
2015-03-12 03:00:00,2042.25,2042.5,2042.25,2042.25,369.0
2015-03-12 03:05:00,2042.25,2042.5,2042.25,2042.5,52.0
2015-03-12 03:10:00,2042.5,2042.5,2042.0,2042.0,170.0
2015-03-12 03:15:00,2042.0,2042.25,2042.0,2042.25,124.0
2015-03-12 03:20:00,2042.5,2042.5,2042.0,2042.25,74.0
2015-03-12 03:25:00,2042.25,2042.75,2042.25,2042.5,108.0
2015-03-12 03:30:00,2042.75,2043.0,2042.5,2042.75,685.0
2015-03-12 03:35:00,2042.75,2042.75,2042.5,2042.75,159.0
2015-03-12 03:40:00,2042.5,2042.75,2042.25,2042.5,198.0
2015-03-12 03:45:00,2042.75,2043.0,2042.75,2042.75,206.0
2015-03-12 03:50:00,2043.0,2043.0,2042.75,2042.75,169.0
2015-03-12 03:55:00,2043.0,2044.25,2042.75,2044.0,3246.0
2015-03-12 04:00:00,2044.25,2044.25,2043.75,2044.0,199.0
2015-03-13 04:00:00,2066.75,2067.0,2066.5,2066.5,38.0
2015-03-13 04:05:00,2066.75,2066.75,2065.75,2065.75,200.0
2015-03-13 04:10:00,2066.0,2066.0,2065.75,2066.0,56.0
2015-03-13 04:15:00,2066.0,2066.0,2065.5,2065.5,251.0
2015-03-13 04:20:00,2065.75,2065.75,2065.5,2065.5,92.0
2015-03-13 04:25:00,2065.75,2066.25,2065.5,2066.0,91.0
2015-03-13 04:30:00,2066.25,2066.75,2066.25,2066.5,55.0
2015-03-13 04:35:00,2066.75,2066.75,2066.0,2066.25,85.0
2015-03-13 04:40:00,2066.5,2066.5,2066.25,2066.5,53.0
2015-03-13 04:45:00,2066.75,2066.75,2066.25,2066.75,58.0
2015-03-13 04:50:00,2066.75,2066.75,2066.5,2066.5,56.0
2015-03-13 04:55:00,2066.5,2066.75,2066.0,2066.5,75.0
2015-03-13 05:00:00,2066.5,2066.75,2066.5,2066.5,57.0
2015-03-13 05:05:00,2066.5,2067.0,2066.5,2067.0,71.0
2015-03-13 05:10:00,2067.0,2067.5,2066.75,2067.5,195.0
2015-03-13 05:15:00,2067.5,2067.5,2067.0,2067.0,141.0
2015-03-13 05:20:00,2067.0,2067.75,2067.0,2067.75,72.0
2015-03-13 05:25:00,2067.75,2068.0,2067.5,2067.75,118.0
2015-03-13 05:30:00,2067.75,2068.25,2067.5,2068.25,142.0
2015-03-13 05:35:00,2068.0,2068.25,2067.75,2068.0,102.0
2015-03-13 05:40:00,2068.0,2068.5,2068.0,2068.25,116.0
2015-03-13 05:45:00,2068.0,2068.25,2068.0,2068.25,63.0
2015-03-13 05:50:00,2068.0,2068.25,2067.5,2067.5,130.0
2015-03-13 05:55:00,2067.5,2068.25,2067.5,2068.0,174.0
2015-03-13 06:00:00,2067.75,2068.25,2067.25,2067.5,184.0
2015-03-13 06:05:00,2067.5,2067.5,2066.75,2066.75,127.0
2015-03-13 06:10:00,2067.0,2067.25,2066.75,2067.0,74.0
2015-03-13 06:15:00,2067.0,2067.5,2067.0,2067.5,88.0
2015-03-13 06:20:00,2067.5,2067.5,2067.0,2067.25,82.0
2015-03-13 06:25:00,2067.0,2067.5,2067.0,2067.5,72.0
2015-03-13 06:30:00,2067.25,2067.25,2066.5,2067.0,216.0
2015-03-13 06:35:00,2067.0,2067.0,2066.5,2067.0,126.0
2015-03-13 06:40:00,2067.25,2067.25,2066.75,2067.0,73.0
2015-03-13 06:45:00,2067.0,2067.25,2066.5,2067.0,78.0
2015-03-13 06:50:00,2067.25,2067.25,2066.5,2066.75,81.0
2015-03-13 06:55:00,2066.5,2067.0,2066.0,2066.5,308.0
2015-03-13 07:00:00,2066.5,2066.75,2066.0,2066.0,273.0
2015-03-13 07:05:00,2066.0,2066.25,2065.75,2065.75,341.0
2015-03-13 07:10:00,2065.75,2066.25,2065.75,2066.0,253.0
2015-03-13 07:15:00,2066.0,2066.75,2065.75,2066.75,347.0
2015-03-13 07:20:00,2066.75,2066.75,2066.25,2066.5,336.0
2015-03-13 07:25:00,2066.5,2067.0,2066.5,2066.5,194.0
2015-03-13 07:30:00,2066.5,2067.0,2066.25,2067.0,202.0
2015-03-13 07:35:00,2066.75,2067.25,2066.75,2067.25,294.0
2015-03-13 07:40:00,2067.25,2067.75,2067.0,2067.0,781.0
2015-03-13 07:45:00,2067.0,2067.5,2066.75,2067.0,789.0
2015-03-13 07:50:00,2067.0,2067.0,2066.5,2067.0,387.0
2015-03-13 07:55:00,2067.0,2068.0,2067.0,2068.0,640.0
2015-03-13 08:00:00,2068.0,2068.75,2067.0,2067.25,1819.0
2015-03-13 08:05:00,2067.0,2068.0,2067.0,2067.75,1115.0
2015-03-13 08:10:00,2067.75,2068.5,2067.5,2068.0,1006.0
2015-03-13 08:15:00,2068.0,2068.25,2067.0,2067.75,1471.0
2015-03-13 08:20:00,2067.75,2068.0,2066.25,2066.5,1683.0
2015-03-13 08:25:00,2066.5,2067.25,2065.75,2066.75,1502.0
2015-03-13 08:30:00,2066.75,2067.0,2065.75,2066.0,833.0
2015-03-13 08:35:00,2066.25,2066.5,2065.5,2065.75,738.0
2015-03-13 08:40:00,2065.75,2066.75,2065.5,2066.75,561.0
2015-03-13 08:45:00,2066.75,2067.0,2066.0,2066.5,635.0
2015-03-13 08:50:00,2066.5,2066.75,2065.75,2065.75,871.0
2015-03-13 08:55:00,2065.75,2066.5,2065.5,2066.0,521.0
2015-03-13 09:00:00,2066.25,2066.5,2065.75,2066.5,514.0
2015-03-13 09:05:00,2066.75,2066.75,2065.75,2066.0,312.0
2015-03-13 09:10:00,2066.0,2066.25,2065.5,2065.75,501.0
2015-03-13 09:15:00,2065.5,2066.5,2065.25,2066.0,310.0
2015-03-13 09:20:00,2066.25,2067.0,2066.0,2066.5,382.0
2015-03-13 09:25:00,2066.5,2066.75,2065.75,2066.75,634.0
2015-03-13 09:30:00,2066.5,2067.0,2066.5,2066.75,674.0
2015-03-13 09:35:00,2066.5,2066.75,2066.25,2066.5,331.0
2015-03-13 09:40:00,2066.25,2066.75,2066.25,2066.5,342.0
2015-03-13 09:45:00,2066.75,2067.0,2065.75,2065.75,360.0
2015-03-13 09:50:00,2065.75,2066.5,2065.5,2066.0,1589.0
2015-03-13 09:55:00,2066.0,2066.0,2065.0,2065.5,919.0
2015-03-13 10:00:00,2065.5,2066.25,2064.5,2065.0,992.0
2015-03-13 10:05:00,2064.75,2065.0,2063.75,2064.25,1142.0
2015-03-13 10:10:00,2064.25,2064.75,2064.0,2064.75,573.0
2015-03-13 10:15:00,2064.75,2064.75,2062.75,2062.75,1787.0
2015-03-13 10:20:00,2062.75,2063.25,2062.25,2062.75,1100.0
2015-03-13 10:25:00,2062.75,2063.5,2062.75,2063.25,1326.0
2015-03-13 10:30:00,2063.25,2064.75,2062.75,2064.5,1234.0
2015-03-13 10:35:00,2064.5,2065.25,2064.25,2064.75,706.0
2015-03-13 10:40:00,2065.0,2065.5,2064.75,2065.25,545.0
2015-03-13 10:45:00,2065.25,2066.5,2065.25,2066.25,1232.0
2015-03-13 10:50:00,2066.5,2067.25,2066.25,2066.75,903.0
2015-03-13 10:55:00,2066.75,2067.75,2066.5,2067.25,879.0
2015-03-13 11:00:00,2067.5,2067.75,2066.0,2066.25,1190.0
2015-03-13 11:05:00,2066.25,2066.75,2066.25,2066.5,276.0
2015-03-13 11:10:00,2066.5,2067.5,2066.5,2067.25,411.0
2015-03-13 11:15:00,2067.25,2067.5,2066.5,2066.5,1299.0
2015-03-13 11:20:00,2066.75,2066.75,2066.0,2066.5,555.0
2015-03-13 11:25:00,2066.5,2066.75,2065.75,2065.75,425.0
2015-03-13 11:30:00,2065.75,2066.0,2065.5,2066.0,516.0
2015-03-13 11:35:00,2065.75,2066.0,2064.75,2065.0,849.0
2015-03-13 11:40:00,2064.75,2064.75,2063.0,2063.25,2113.0
2015-03-13 11:45:00,2063.25,2063.5,2062.0,2062.5,2107.0
2015-03-13 11:50:00,2062.5,2062.5,2060.25,2061.0,3272.0
2015-03-13 11:55:00,2060.75,2061.75,2059.75,2059.75,1956.0
2015-03-13 12:00:00,2059.75,2060.5,2059.0,2060.25,3110.0
2015-03-13 12:05:00,2060.25,2061.5,2060.25,2061.0,1579.0
2015-03-13 12:10:00,2061.0,2061.25,2060.5,2061.0,553.0
2015-03-13 12:15:00,2061.0,2061.0,2059.0,2059.0,1460.0
2015-03-13 12:20:00,2059.0,2059.75,2058.25,2058.25,2126.0
2015-03-13 12:25:00,2058.25,2059.5,2058.25,2059.0,1005.0
2015-03-13 12:30:00,2059.25,2061.75,2059.0,2061.5,3283.0
2015-03-13 12:35:00,2061.5,2062.25,2061.0,2061.75,3632.0
2015-03-13 12:40:00,2061.5,2062.0,2061.25,2061.75,1198.0
2015-03-13 12:45:00,2061.75,2062.0,2059.5,2060.0,1432.0
2015-03-13 12:50:00,2060.0,2060.25,2058.75,2059.25,1077.0
2015-03-13 12:55:00,2059.25,2061.5,2059.0,2061.25,1624.0
2015-03-13 13:00:00,2061.5,2061.5,2059.5,2060.5,1258.0
2015-03-13 13:05:00,2060.5,2062.25,2059.75,2062.25,1957.0
2015-03-13 13:10:00,2062.0,2063.25,2061.75,2063.0,2400.0
2015-03-13 13:15:00,2063.0,2063.0,2061.75,2062.25,1499.0
2015-03-13 13:20:00,2062.25,2063.0,2061.0,2061.25,3242.0
2015-03-13 13:25:00,2061.25,2062.0,2061.25,2061.5,1734.0
2015-03-13 13:30:00,2061.75,2062.75,2057.5,2059.0,14721.0
2015-03-13 13:35:00,2059.0,2061.75,2056.75,2061.5,17296.0
2015-03-13 13:40:00,2061.5,2061.75,2058.75,2060.75,6550.0
2015-03-13 13:45:00,2060.5,2064.0,2060.25,2063.75,9922.0
2015-03-13 13:50:00,2063.5,2064.0,2061.75,2062.75,5359.0
2015-03-13 13:55:00,2062.5,2062.75,2059.25,2059.5,7092.0
2015-03-13 14:00:00,2059.25,2060.5,2057.75,2058.0,8469.0
2015-03-13 14:05:00,2058.25,2058.5,2053.5,2055.25,16083.0
2015-03-13 14:10:00,2055.25,2056.0,2053.0,2055.75,11001.0
2015-03-13 14:15:00,2055.75,2057.5,2055.25,2057.25,8255.0
2015-03-13 14:20:00,2057.25,2058.5,2055.25,2055.5,7384.0
2015-03-13 14:25:00,2055.5,2056.5,2052.75,2053.25,9213.0
2015-03-13 14:30:00,2053.25,2054.0,2052.0,2053.75,7407.0
2015-03-13 14:35:00,2053.75,2054.5,2052.75,2054.25,5266.0
2015-03-13 14:40:00,2054.25,2057.0,2054.0,2055.25,8814.0
2015-03-13 14:45:00,2055.5,2055.75,2052.5,2052.5,10099.0
2015-03-13 14:50:00,2052.5,2052.75,2049.5,2049.75,12823.0
2015-03-13 14:55:00,2049.75,2050.0,2046.75,2047.5,14225.0
2015-03-13 15:00:00,2047.5,2047.5,2044.5,2047.25,19648.0
2015-03-13 15:05:00,2047.25,2047.5,2046.0,2046.5,8832.0
2015-03-13 15:10:00,2046.5,2049.5,2046.25,2049.5,7876.0
2015-03-13 15:15:00,2049.25,2050.0,2046.5,2047.0,9084.0
2015-03-13 15:20:00,2047.0,2047.25,2045.25,2045.5,8307.0
2015-03-13 15:25:00,2045.5,2045.75,2043.25,2043.75,8638.0
2015-03-13 15:30:00,2043.75,2044.25,2040.75,2041.75,11153.0
2015-03-13 15:35:00,2041.75,2043.5,2041.5,2042.75,9092.0
2015-03-13 15:40:00,2043.0,2044.25,2042.0,2044.0,5646.0
2015-03-13 15:45:00,2044.0,2044.0,2040.25,2040.25,9452.0
2015-03-13 15:50:00,2040.5,2043.25,2040.0,2043.0,6645.0
2015-03-13 15:55:00,2043.25,2044.75,2042.5,2044.5,8067.0
2015-03-13 16:00:00,2044.75,2045.75,2041.5,2042.0,7229.0
2015-03-13 16:05:00,2042.0,2045.25,2042.0,2045.0,3248.0
2015-03-13 16:10:00,2045.25,2046.0,2044.25,2045.25,4859.0
2015-03-13 16:15:00,2045.25,2045.5,2042.25,2043.25,5215.0
2015-03-13 16:20:00,2043.25,2045.75,2043.25,2045.25,4945.0
2015-03-13 16:25:00,2045.5,2046.25,2045.0,2045.75,5551.0
2015-03-13 16:30:00,2045.5,2047.0,2045.0,2047.0,4970.0
2015-03-13 16:35:00,2047.0,2049.5,2046.5,2049.0,6719.0
2015-03-13 16:40:00,2049.0,2049.0,2047.5,2048.5,3968.0
2015-03-13 16:45:00,2048.5,2049.5,2046.5,2046.75,6041.0
2015-03-13 16:50:00,2046.75,2048.25,2046.0,2046.5,4081.0
2015-03-13 16:55:00,2046.75,2048.75,2046.75,2048.25,2919.0
2015-03-13 17:00:00,2048.5,2048.75,2045.75,2046.0,4566.0
2015-03-13 17:05:00,2045.75,2048.25,2045.75,2046.5,2871.0
2015-03-13 17:10:00,2046.75,2047.0,2045.75,2046.5,2700.0
2015-03-13 17:15:00,2046.5,2047.25,2044.5,2045.5,3253.0
2015-03-13 17:20:00,2045.25,2045.75,2043.75,2043.75,2392.0
2015-03-13 17:25:00,2043.75,2044.5,2042.25,2042.5,5641.0
2015-03-13 17:30:00,2042.5,2044.0,2042.0,2044.0,3349.0
2015-03-13 17:35:00,2044.0,2044.0,2042.0,2043.5,4214.0
2015-03-13 17:40:00,2043.75,2045.5,2043.5,2044.75,3489.0
2015-03-13 17:45:00,2045.0,2045.75,2044.25,2045.75,2338.0
2015-03-13 17:50:00,2045.75,2046.75,2044.75,2046.0,4048.0
2015-03-13 17:55:00,2046.0,2046.25,2044.5,2044.75,3255.0
2015-03-13 18:00:00,2045.0,2045.5,2043.25,2043.5,2378.0
2015-03-13 18:05:00,2043.75,2045.0,2043.25,2044.25,2112.0
2015-03-13 18:10:00,2044.5,2044.75,2042.25,2043.75,3598.0
2015-03-13 18:15:00,2043.5,2045.0,2043.25,2044.0,3694.0
2015-03-13 18:20:00,2044.0,2044.5,2042.75,2043.5,3578.0
2015-03-13 18:25:00,2043.25,2044.5,2043.25,2044.5,1448.0
2015-03-13 18:30:00,2044.5,2045.5,2044.25,2044.75,2229.0
2015-03-13 18:35:00,2045.0,2045.75,2043.25,2043.25,4071.0
2015-03-13 18:40:00,2043.25,2043.5,2040.75,2041.75,4904.0
2015-03-13 18:45:00,2041.75,2044.0,2041.0,2043.75,3961.0
2015-03-13 18:50:00,2044.0,2044.5,2042.0,2043.75,2648.0
2015-03-13 18:55:00,2043.75,2045.0,2041.5,2044.75,3035.0
2015-03-13 19:00:00,2044.75,2046.0,2043.5,2044.5,4618.0
2015-03-13 19:05:00,2044.75,2045.25,2043.5,2044.5,1608.0
2015-03-13 19:10:00,2044.5,2045.75,2044.0,2044.75,2620.0
2015-03-13 19:15:00,2044.75,2047.75,2044.75,2046.0,6384.0
2015-03-13 19:20:00,2045.75,2046.75,2045.25,2046.25,3407.0
2015-03-13 19:25:00,2046.5,2047.75,2046.0,2047.75,2990.0
2015-03-13 19:30:00,2048.0,2049.75,2047.0,2047.75,9084.0
2015-03-13 19:35:00,2047.75,2048.5,2046.75,2048.5,3362.0
2015-03-13 19:40:00,2048.5,2053.0,2048.5,2050.25,11820.0
2015-03-13 19:45:00,2050.5,2051.0,2049.75,2050.5,4815.0
2015-03-13 19:50:00,2050.75,2053.5,2050.5,2053.5,8927.0
2015-03-13 19:55:00,2053.5,2055.75,2053.25,2053.5,17628.0
2015-03-13 20:00:00,2053.75,2053.75,2050.5,2051.0,50545.0
2015-03-13 20:05:00,2051.0,2051.25,2050.25,2050.75,8418.0
2015-03-13 20:10:00,2050.5,2050.75,2048.75,2050.0,11453.0
2015-03-13 20:15:00,2050.0,2050.5,2049.25,2050.5,3149.0
2015-03-13 20:30:00,2050.25,2051.0,2050.25,2050.75,2556.0
2015-03-13 20:35:00,2051.0,2051.25,2050.5,2051.0,1011.0
2015-03-13 20:40:00,2051.0,2051.25,2051.0,2051.25,1291.0
2015-03-13 20:45:00,2051.25,2052.0,2051.0,2051.75,637.0
2015-03-13 20:50:00,2051.5,2052.25,2051.25,2052.25,800.0
2015-03-13 20:55:00,2052.0,2052.25,2051.75,2052.0,255.0
2015-03-13 21:00:00,2052.0,2052.0,2051.0,2051.25,310.0
2015-03-13 21:05:00,2051.25,2051.5,2051.0,2051.5,30.0
2015-03-13 21:10:00,2051.25,2051.75,2051.0,2051.25,61.0
2015-03-13 21:15:00,2051.0,2051.25,2050.75,2050.75,300.0
2015-03-15 22:00:00,2050.75,2051.5,2050.0,2050.75,555.0
2015-03-15 22:05:00,2050.75,2051.25,2050.25,2050.75,116.0
2015-03-15 22:10:00,2050.75,2051.0,2049.75,2050.0,169.0
2015-03-15 22:15:00,2049.75,2050.25,2049.75,2050.25,44.0
2015-03-15 22:20:00,2050.25,2050.5,2050.25,2050.25,36.0
2015-03-15 22:25:00,2050.5,2050.5,2050.25,2050.25,30.0
2015-03-15 22:30:00,2050.25,2050.5,2050.25,2050.5,43.0
2015-03-15 22:35:00,2050.5,2050.5,2049.75,2049.75,288.0
2015-03-15 22:40:00,2049.5,2049.75,2048.75,2048.75,177.0
2015-03-15 22:45:00,2048.75,2048.75,2048.25,2048.25,209.0
2015-03-15 22:50:00,2048.0,2048.25,2047.5,2047.75,255.0
2015-03-15 22:55:00,2047.75,2048.25,2047.75,2048.0,222.0
2015-03-15 23:00:00,2048.0,2048.25,2048.0,2048.0,96.0
2015-03-15 23:05:00,2048.0,2048.25,2047.75,2047.75,51.0
2015-03-15 23:10:00,2047.75,2048.0,2047.25,2047.5,201.0
2015-03-15 23:15:00,2047.25,2047.5,2047.25,2047.5,70.0
2015-03-15 23:20:00,2047.5,2048.25,2047.5,2048.25,35.0
2015-03-15 23:25:00,2048.25,2048.5,2048.0,2048.0,58.0
2015-03-15 23:30:00,2048.0,2048.0,2047.0,2047.0,277.0
2015-03-15 23:35:00,2047.25,2047.5,2046.5,2046.75,309.0
2015-03-15 23:40:00,2046.75,2047.0,2046.5,2046.75,14.0
2015-03-15 23:45:00,2046.75,2047.0,2046.75,2046.75,12.0
2015-03-15 23:50:00,2047.0,2047.25,2046.75,2046.75,146.0
2015-03-15 23:55:00,2046.75,2047.0,2046.5,2046.75,51.0
2015-03-16 00:00:00,2046.75,2047.0,2046.25,2046.5,278.0
2015-03-16 00:05:00,2046.5,2046.5,2046.25,2046.25,127.0
2015-03-16 00:10:00,2046.25,2046.25,2045.75,2046.0,132.0
2015-03-16 00:15:00,2046.0,2046.25,2046.0,2046.25,69.0
2015-03-16 00:20:00,2046.25,2046.25,2044.5,2045.25,259.0
2015-03-16 00:25:00,2045.5,2046.0,2045.5,2045.75,49.0
2015-03-16 00:30:00,2045.75,2046.0,2045.5,2045.75,50.0
2015-03-16 00:35:00,2045.75,2046.5,2045.75,2046.25,78.0
2015-03-16 00:40:00,2046.0,2047.0,2046.0,2047.0,86.0
2015-03-16 00:45:00,2047.0,2047.0,2046.75,2046.75,57.0
2015-03-16 00:50:00,2046.75,2047.25,2046.75,2047.0,137.0
2015-03-16 00:55:00,2046.75,2046.75,2046.5,2046.75,85.0
2015-03-16 01:00:00,2046.75,2047.75,2046.75,2047.25,131.0
2015-03-16 01:05:00,2047.25,2047.5,2047.25,2047.25,111.0
2015-03-16 01:10:00,2047.25,2047.25,2047.0,2047.25,47.0
2015-03-16 01:15:00,2047.25,2048.75,2047.25,2048.5,203.0
2015-03-16 01:20:00,2048.75,2049.0,2048.5,2048.5,205.0
2015-03-16 01:25:00,2048.25,2048.5,2048.0,2048.5,23.0
2015-03-16 01:30:00,2048.75,2049.75,2048.25,2049.75,110.0
2015-03-16 01:35:00,2049.5,2049.75,2048.75,2048.75,135.0
2015-03-16 01:40:00,2049.0,2049.25,2048.75,2048.75,286.0
2015-03-16 01:45:00,2048.75,2049.0,2048.25,2049.0,76.0
2015-03-16 01:50:00,2049.0,2049.25,2048.5,2048.5,71.0
2015-03-16 01:55:00,2048.75,2049.0,2048.5,2049.0,33.0
2015-03-16 02:00:00,2049.0,2049.0,2048.75,2049.0,9.0
2015-03-16 02:05:00,2049.0,2049.25,2048.5,2049.25,17.0
2015-03-16 02:10:00,2049.25,2049.5,2049.25,2049.25,9.0
2015-03-16 02:15:00,2049.25,2049.75,2049.25,2049.5,15.0
2015-03-16 02:20:00,2049.25,2049.25,2048.75,2049.0,52.0
2015-03-16 02:25:00,2049.0,2049.0,2048.5,2049.0,42.0
2015-03-16 02:30:00,2049.0,2049.0,2048.5,2048.75,57.0
2015-03-16 02:35:00,2048.75,2049.25,2048.75,2049.25,18.0
2015-03-16 02:40:00,2049.25,2050.0,2049.25,2050.0,178.0
2015-03-16 02:45:00,2050.0,2050.0,2049.75,2050.0,46.0
2015-03-16 02:50:00,2050.25,2050.75,2050.0,2050.75,184.0
2015-03-16 02:55:00,2050.75,2050.75,2050.25,2050.25,144.0
2015-03-16 03:00:00,2050.5,2050.75,2050.25,2050.25,44.0
2015-03-16 03:05:00,2050.75,2050.75,2050.25,2050.25,11.0
2015-03-16 03:10:00,2050.25,2050.75,2050.25,2050.75,32.0
2015-03-16 03:15:00,2050.75,2050.75,2050.25,2050.25,153.0
2015-03-16 03:20:00,2050.0,2050.5,2050.0,2050.5,18.0
2015-03-16 03:25:00,2050.5,2050.5,2050.0,2050.25,15.0
2015-03-16 03:30:00,2050.5,2050.75,2050.5,2050.5,86.0
2015-03-16 03:35:00,2050.5,2050.75,2050.5,2050.5,36.0
2015-03-16 03:40:00,2050.75,2051.0,2050.5,2050.5,27.0
2015-03-16 03:45:00,2050.5,2051.0,2050.5,2051.0,10.0
2015-03-16 03:50:00,2051.0,2051.25,2051.0,2051.25,27.0
2015-03-16 03:55:00,2051.25,2052.5,2051.25,2052.25,296.0
2015-03-16 04:00:00,2052.0,2052.0,2051.75,2051.75,24.0
2015-03-16 04:05:00,2052.0,2052.0,2051.75,2051.75,24.0
2015-03-16 04:10:00,2052.0,2052.25,2052.0,2052.25,167.0
2015-03-16 04:15:00,2052.0,2052.25,2052.0,2052.0,16.0
2015-03-16 04:20:00,2052.25,2052.25,2051.5,2051.5,85.0
2015-03-16 04:25:00,2051.75,2052.0,2051.75,2051.75,82.0
2015-03-16 04:30:00,2052.0,2052.0,2051.75,2052.0,7.0
2015-03-16 04:35:00,2052.0,2052.0,2051.75,2051.75,17.0
2015-03-16 04:40:00,2052.0,2052.0,2051.25,2051.5,106.0
2015-03-16 04:45:00,2051.5,2051.75,2051.25,2051.75,154.0
2015-03-16 04:50:00,2051.5,2051.75,2051.25,2051.25,93.0
2015-03-16 04:55:00,2051.5,2051.5,2051.0,2051.25,6.0
2015-03-16 05:00:00,2051.0,2051.25,2051.0,2051.25,8.0
2015-03-16 05:05:00,2051.25,2052.0,2051.25,2051.5,51.0
2015-03-16 05:10:00,2051.75,2052.0,2051.5,2051.75,45.0
2015-03-16 05:15:00,2051.75,2052.0,2051.5,2051.75,39.0
2015-03-16 05:20:00,2051.75,2052.5,2051.75,2052.5,46.0
2015-03-16 05:25:00,2052.5,2052.75,2052.5,2052.5,120.0
2015-03-16 05:30:00,2052.25,2052.5,2051.5,2052.0,65.0
2015-03-16 05:35:00,2051.75,2052.0,2051.5,2051.75,46.0
2015-03-16 05:40:00,2052.0,2052.5,2052.0,2052.0,99.0
2015-03-16 05:45:00,2052.0,2052.5,2052.0,2052.5,30.0
2015-03-16 05:50:00,2052.5,2052.75,2052.25,2052.75,66.0
2015-03-16 05:55:00,2052.5,2052.75,2052.25,2052.25,77.0
2015-03-16 06:00:00,2052.5,2052.75,2052.0,2052.75,53.0
2015-03-16 06:05:00,2052.75,2054.0,2052.75,2054.0,191.0
2015-03-16 06:10:00,2054.0,2054.5,2054.0,2054.0,205.0
2015-03-16 06:15:00,2053.75,2053.75,2053.0,2053.5,229.0
2015-03-16 06:20:00,2053.5,2053.75,2053.5,2053.5,16.0
2015-03-16 06:25:00,2053.5,2053.75,2053.25,2053.25,28.0
2015-03-16 06:30:00,2053.25,2053.5,2053.25,2053.25,43.0
2015-03-16 06:35:00,2053.0,2053.25,2053.0,2053.25,27.0
2015-03-16 06:40:00,2053.0,2053.0,2052.75,2052.75,42.0
2015-03-16 06:45:00,2053.0,2053.0,2053.0,2053.0,16.0
2015-03-16 06:50:00,2053.0,2053.0,2052.75,2053.0,303.0
2015-03-16 06:55:00,2052.75,2053.5,2052.75,2053.25,61.0
2015-03-16 07:00:00,2053.5,2054.0,2053.25,2054.0,194.0
2015-03-16 07:05:00,2054.0,2054.25,2053.0,2053.5,109.0
2015-03-16 07:10:00,2053.75,2053.75,2053.0,2053.25,57.0
2015-03-16 07:15:00,2053.25,2054.5,2053.25,2053.5,343.0
2015-03-16 07:20:00,2053.5,2053.75,2053.25,2053.75,119.0
2015-03-16 07:25:00,2053.75,2054.25,2053.5,2054.0,119.0
2015-03-16 07:30:00,2054.0,2054.25,2053.75,2054.0,100.0
2015-03-16 07:35:00,2053.75,2054.0,2053.25,2053.25,169.0
2015-03-16 07:40:00,2053.25,2053.75,2053.0,2053.0,142.0
2015-03-16 07:45:00,2053.25,2053.5,2053.0,2053.25,81.0
2015-03-16 07:50:00,2053.25,2053.25,2052.5,2052.75,152.0
2015-03-16 07:55:00,2052.75,2053.0,2052.75,2052.75,96.0
2015-03-16 08:00:00,2053.0,2053.75,2052.75,2053.75,298.0
2015-03-16 08:05:00,2054.0,2054.0,2053.0,2053.75,194.0
2015-03-16 08:10:00,2053.75,2054.0,2053.25,2053.25,381.0
2015-03-16 08:15:00,2053.5,2053.75,2052.25,2053.0,491.0
2015-03-16 08:20:00,2052.75,2054.0,2052.5,2053.5,529.0
2015-03-16 08:25:00,2053.75,2054.25,2053.0,2053.25,274.0
2015-03-16 08:30:00,2053.25,2054.5,2053.25,2054.25,526.0
2015-03-16 08:35:00,2054.25,2054.75,2054.0,2054.5,146.0
2015-03-16 08:40:00,2054.75,2057.25,2054.5,2057.25,2195.0
2015-03-16 08:45:00,2057.25,2058.25,2057.0,2057.75,1041.0
2015-03-16 08:50:00,2058.0,2058.0,2057.0,2058.0,609.0
2015-03-16 08:55:00,2058.0,2058.5,2057.75,2058.5,704.0
2015-03-16 09:00:00,2058.75,2059.75,2057.0,2058.0,1902.0
2015-03-16 09:05:00,2058.0,2059.5,2058.0,2059.25,644.0
2015-03-16 09:10:00,2059.5,2060.0,2059.0,2059.5,611.0
2015-03-16 09:15:00,2059.5,2059.5,2056.75,2057.25,851.0
2015-03-16 09:20:00,2057.5,2058.5,2057.5,2058.25,300.0
2015-03-16 09:25:00,2058.25,2059.0,2057.5,2057.75,528.0
2015-03-16 09:30:00,2057.75,2058.25,2057.25,2058.0,210.0
2015-03-16 09:35:00,2058.25,2059.0,2058.25,2059.0,509.0
2015-03-16 09:40:00,2059.0,2059.5,2058.75,2059.25,187.0
2015-03-16 09:45:00,2059.25,2059.75,2058.75,2059.75,699.0
2015-03-16 09:50:00,2059.5,2059.75,2058.75,2059.5,736.0
2015-03-16 09:55:00,2059.75,2059.75,2058.25,2058.75,371.0
2015-03-16 10:00:00,2058.75,2059.25,2058.5,2059.0,570.0
2015-03-16 10:05:00,2058.75,2059.0,2057.5,2058.5,605.0
2015-03-16 10:10:00,2058.75,2059.0,2058.5,2058.5,326.0
2015-03-16 10:15:00,2058.5,2059.0,2058.25,2058.75,100.0
2015-03-16 10:20:00,2058.75,2059.5,2058.75,2059.5,152.0
2015-03-16 10:25:00,2059.5,2060.75,2059.5,2059.75,861.0
2015-03-16 10:30:00,2059.75,2060.0,2059.5,2059.5,131.0
2015-03-16 10:35:00,2059.75,2060.25,2059.75,2060.0,110.0
2015-03-16 10:40:00,2059.75,2060.0,2059.5,2059.75,121.0
2015-03-16 10:45:00,2059.75,2060.25,2059.5,2059.5,329.0
2015-03-16 10:50:00,2059.5,2059.5,2058.25,2058.25,349.0
2015-03-16 10:55:00,2058.25,2059.25,2058.0,2058.5,230.0
2015-03-16 11:00:00,2058.5,2058.75,2057.75,2058.5,259.0
2015-03-16 11:05:00,2058.25,2059.25,2058.25,2058.5,166.0
2015-03-16 11:10:00,2058.5,2059.0,2058.25,2058.5,83.0
2015-03-16 11:15:00,2058.75,2058.75,2058.25,2058.5,143.0
2015-03-16 11:20:00,2058.25,2058.25,2057.25,2057.25,706.0
2015-03-16 11:25:00,2057.5,2057.5,2056.75,2056.75,274.0
2015-03-16 11:30:00,2056.75,2057.25,2056.5,2056.75,677.0
2015-03-16 11:35:00,2057.0,2057.25,2057.0,2057.25,198.0
2015-03-16 11:40:00,2057.0,2058.75,2057.0,2058.25,631.0
2015-03-16 11:45:00,2058.0,2058.25,2057.5,2058.0,290.0
2015-03-16 11:50:00,2057.75,2058.5,2057.75,2058.0,223.0
2015-03-16 11:55:00,2058.25,2058.5,2058.0,2058.25,207.0
2015-03-16 12:00:00,2058.25,2058.5,2057.75,2058.25,432.0
2015-03-16 12:05:00,2058.25,2058.5,2058.0,2058.5,234.0
2015-03-16 12:10:00,2058.5,2059.0,2058.0,2058.75,808.0
2015-03-16 12:15:00,2059.0,2059.5,2058.75,2059.0,267.0
2015-03-16 12:20:00,2058.75,2059.75,2058.75,2059.0,344.0
2015-03-16 12:25:00,2059.25,2060.0,2059.0,2059.75,724.0
2015-03-16 12:30:00,2059.5,2062.5,2059.25,2062.0,2815.0
2015-03-16 12:35:00,2061.75,2062.25,2061.0,2061.5,1132.0
2015-03-16 12:40:00,2061.25,2062.0,2061.25,2062.0,1182.0
2015-03-16 12:45:00,2062.0,2062.5,2061.5,2061.75,1004.0
2015-03-16 12:50:00,2061.75,2062.0,2061.25,2061.25,1165.0
2015-03-16 12:55:00,2061.25,2061.75,2061.0,2061.5,1769.0
2015-03-16 13:00:00,2061.25,2061.75,2061.0,2061.5,2535.0
2015-03-16 13:05:00,2061.75,2062.5,2061.25,2062.5,1450.0
2015-03-16 13:10:00,2062.5,2064.0,2062.25,2063.25,2165.0
2015-03-16 13:15:00,2063.25,2064.5,2063.0,2063.25,1262.0
2015-03-16 13:20:00,2063.5,2063.5,2062.5,2062.5,1236.0
2015-03-16 13:25:00,2062.75,2062.75,2061.75,2062.0,1004.0
2015-03-16 13:30:00,2061.75,2064.25,2061.5,2061.75,9522.0
2015-03-16 13:35:00,2061.5,2067.25,2061.5,2065.5,14092.0
2015-03-16 13:40:00,2065.5,2066.5,2064.25,2065.75,4169.0
2015-03-16 13:45:00,2065.75,2068.0,2064.0,2067.75,7191.0
2015-03-16 13:50:00,2067.75,2071.5,2066.75,2070.25,13146.0
2015-03-16 13:55:00,2070.5,2072.0,2070.5,2071.25,4845.0
2015-03-16 14:00:00,2071.25,2072.75,2070.75,2071.25,5623.0
2015-03-16 14:05:00,2071.25,2073.25,2071.0,2072.25,7828.0
2015-03-16 14:10:00,2072.25,2074.0,2072.0,2072.25,4148.0
2015-03-16 14:15:00,2072.5,2073.25,2071.5,2072.75,4726.0
2015-03-16 14:20:00,2072.75,2074.5,2072.0,2072.5,4850.0
2015-03-16 14:25:00,2072.5,2073.0,2071.5,2072.0,2940.0
2015-03-16 14:30:00,2071.75,2072.25,2071.0,2071.25,2903.0
2015-03-16 14:35:00,2071.25,2072.5,2070.75,2071.75,3153.0
2015-03-16 14:40:00,2071.5,2071.75,2070.5,2071.25,2387.0
2015-03-16 14:45:00,2071.25,2072.0,2070.5,2071.5,2340.0
2015-03-16 14:50:00,2071.5,2072.5,2071.0,2072.0,2644.0
2015-03-16 14:55:00,2071.75,2072.75,2071.75,2072.0,2229.0
2015-03-16 15:00:00,2072.0,2073.75,2072.0,2073.0,3444.0
2015-03-16 15:05:00,2072.75,2074.25,2072.5,2073.25,2811.0
2015-03-16 15:10:00,2073.25,2075.0,2073.0,2073.5,4898.0
2015-03-16 15:15:00,2073.5,2074.5,2073.25,2073.75,5203.0
2015-03-16 15:20:00,2073.75,2075.0,2073.5,2074.5,5031.0
2015-03-16 15:25:00,2074.5,2076.5,2074.25,2074.5,4980.0
2015-03-16 15:30:00,2074.5,2075.5,2074.0,2074.75,2918.0
2015-03-16 15:35:00,2074.75,2075.5,2074.5,2074.5,2340.0
2015-03-16 15:40:00,2074.75,2075.0,2073.75,2074.0,3021.0
2015-03-16 15:45:00,2074.0,2075.5,2073.75,2075.0,2646.0
2015-03-16 15:50:00,2075.25,2076.75,2075.0,2076.5,3589.0
2015-03-16 15:55:00,2076.75,2077.0,2075.25,2075.75,3511.0
2015-03-16 16:00:00,2076.0,2076.0,2075.0,2075.0,2504.0
2015-03-16 16:05:00,2075.0,2075.5,2074.5,2074.75,2751.0
2015-03-16 16:10:00,2074.5,2075.0,2074.0,2074.25,2023.0
2015-03-16 16:15:00,2074.25,2074.5,2073.75,2073.75,1487.0
2015-03-16 16:20:00,2073.75,2073.75,2072.75,2073.25,1335.0
2015-03-16 16:25:00,2073.0,2074.0,2072.25,2074.0,2773.0
2015-03-16 16:30:00,2073.75,2074.0,2073.0,2073.0,1655.0
2015-03-16 16:35:00,2073.0,2074.75,2073.0,2074.25,2550.0
2015-03-16 16:40:00,2074.25,2074.75,2073.75,2074.0,1565.0
2015-03-16 16:45:00,2073.75,2074.75,2073.0,2074.0,1599.0
2015-03-16 16:50:00,2074.0,2074.5,2073.5,2074.5,1426.0
2015-03-16 16:55:00,2074.75,2075.25,2074.0,2074.25,2356.0
2015-03-16 17:00:00,2074.25,2074.25,2072.5,2072.5,2501.0
2015-03-16 17:05:00,2072.5,2072.5,2071.5,2072.0,2473.0
2015-03-16 17:10:00,2072.0,2073.25,2072.0,2073.0,1244.0
2015-03-16 17:15:00,2073.0,2074.0,2073.0,2073.25,1626.0
2015-03-16 17:20:00,2073.25,2074.5,2073.0,2074.25,1278.0
2015-03-16 17:25:00,2074.0,2074.25,2073.5,2074.0,764.0
2015-03-16 17:30:00,2074.0,2074.75,2073.5,2074.0,869.0
2015-03-16 17:35:00,2074.0,2075.0,2073.5,2074.75,737.0
2015-03-16 17:40:00,2074.75,2075.5,2074.5,2075.0,1478.0
2015-03-16 17:45:00,2074.75,2076.5,2074.75,2075.5,3799.0
2015-03-16 17:50:00,2075.5,2076.25,2075.5,2075.75,1206.0
2015-03-16 17:55:00,2076.0,2076.5,2075.0,2075.25,1273.0
2015-03-16 18:00:00,2075.5,2075.75,2075.0,2075.25,1252.0
2015-03-16 18:05:00,2075.25,2075.75,2075.0,2075.5,1080.0
2015-03-16 18:10:00,2075.25,2075.75,2074.25,2075.0,1890.0
2015-03-16 18:15:00,2075.0,2076.0,2074.75,2075.75,1499.0
2015-03-16 18:20:00,2075.5,2077.5,2075.5,2077.0,2209.0
2015-03-16 18:25:00,2077.25,2077.75,2076.75,2077.75,1781.0
2015-03-16 18:30:00,2077.25,2077.75,2077.0,2077.5,1249.0
2015-03-16 18:35:00,2077.5,2078.5,2076.75,2076.75,3133.0
2015-03-16 18:40:00,2077.0,2079.75,2076.75,2079.25,3432.0
2015-03-16 18:45:00,2079.0,2080.0,2078.5,2078.5,3686.0
2015-03-16 18:50:00,2078.75,2079.5,2078.5,2078.5,1064.0
2015-03-16 18:55:00,2078.5,2079.75,2078.5,2079.75,1571.0
2015-03-16 19:00:00,2079.75,2081.25,2079.25,2081.0,4964.0
2015-03-16 19:05:00,2081.0,2081.25,2079.75,2080.25,1362.0
2015-03-16 19:10:00,2080.0,2080.75,2079.5,2080.25,915.0
2015-03-16 19:15:00,2080.25,2080.5,2079.5,2079.5,924.0
2015-03-16 19:20:00,2079.5,2079.75,2078.25,2078.75,2044.0
2015-03-16 19:25:00,2078.75,2079.25,2078.5,2078.75,1614.0
2015-03-16 19:30:00,2078.75,2080.75,2078.75,2080.5,2683.0
2015-03-16 19:35:00,2080.75,2080.75,2079.0,2079.5,1969.0
2015-03-16 19:40:00,2079.75,2080.75,2078.5,2080.5,2357.0
2015-03-16 19:45:00,2080.5,2080.5,2079.0,2079.0,2900.0
2015-03-16 19:50:00,2079.25,2080.75,2078.75,2079.5,3236.0
2015-03-16 19:55:00,2079.75,2081.75,2079.25,2081.5,7287.0
2015-03-16 20:00:00,2081.5,2081.75,2079.0,2079.25,22744.0
2015-03-16 20:05:00,2079.25,2079.25,2076.5,2077.0,3542.0
2015-03-16 20:10:00,2076.75,2077.0,2075.5,2076.75,3540.0
2015-03-16 20:15:00,2076.75,2077.0,2076.0,2076.0,2362.0
2015-03-16 20:30:00,2076.0,2076.75,2076.0,2076.75,650.0
2015-03-16 20:35:00,2076.75,2077.0,2076.25,2076.5,267.0
2015-03-16 20:40:00,2076.5,2076.5,2075.75,2076.25,418.0
2015-03-16 20:45:00,2076.25,2076.5,2076.0,2076.5,137.0
2015-03-16 20:50:00,2076.25,2076.5,2076.0,2076.25,102.0
2015-03-16 20:55:00,2076.25,2076.5,2075.75,2076.25,384.0
2015-03-16 21:00:00,2076.25,2076.25,2076.0,2076.0,112.0
2015-03-16 21:05:00,2075.75,2075.75,2075.25,2075.25,324.0
2015-03-16 21:10:00,2075.5,2075.75,2075.0,2075.25,105.0
2015-03-16 21:15:00,2075.5,2075.5,2074.75,2074.75,86.0
2015-03-16 22:00:00,2074.5,2074.75,2072.75,2074.0,673.0
2015-03-16 22:05:00,2073.75,2074.25,2073.75,2074.25,287.0
2015-03-16 22:10:00,2074.5,2074.5,2074.25,2074.5,53.0
2015-03-16 22:15:00,2074.5,2074.5,2074.25,2074.25,11.0
2015-03-16 22:20:00,2074.25,2074.25,2074.25,2074.25,13.0
2015-03-16 22:25:00,2074.25,2074.5,2073.75,2074.0,74.0
2015-03-16 22:30:00,2074.0,2074.5,2074.0,2074.5,17.0
2015-03-16 22:35:00,2074.5,2074.5,2074.25,2074.25,16.0
2015-03-16 22:40:00,2074.25,2074.25,2074.0,2074.0,2.0
2015-03-16 22:45:00,2074.0,2074.0,2073.75,2073.75,95.0
2015-03-16 22:50:00,2073.75,2074.0,2073.75,2074.0,35.0
2015-03-16 22:55:00,2074.0,2074.0,2073.75,2073.75,32.0
2015-03-16 23:00:00,2073.75,2074.0,2073.5,2073.75,16.0
2015-03-16 23:05:00,2073.75,2073.75,2073.5,2073.75,63.0
2015-03-16 23:10:00,2073.75,2074.0,2073.75,2074.0,56.0
2015-03-16 23:15:00,2074.25,2074.25,2074.0,2074.0,17.0
2015-03-16 23:20:00,2074.0,2074.0,2073.75,2073.75,29.0
2015-03-16 23:25:00,2073.75,2073.75,2073.75,2073.75,8.0
2015-03-16 23:30:00,2073.75,2074.0,2073.5,2074.0,71.0
2015-03-16 23:35:00,2074.0,2074.25,2074.0,2074.25,33.0
2015-03-16 23:40:00,2074.25,2074.5,2074.25,2074.5,28.0
2015-03-16 23:45:00,2074.25,2074.75,2074.0,2074.75,97.0
2015-03-16 23:50:00,2074.75,2075.0,2074.5,2074.75,132.0
2015-03-16 23:55:00,2074.75,2075.25,2074.75,2075.0,180.0
2015-03-17 00:00:00,2075.0,2075.25,2074.5,2074.5,308.0
2015-03-17 00:05:00,2074.25,2074.25,2073.25,2073.75,87.0
2015-03-17 00:10:00,2073.75,2074.5,2073.75,2074.5,108.0
2015-03-17 00:15:00,2074.5,2074.75,2074.25,2074.75,108.0
2015-03-17 00:20:00,2074.75,2074.75,2074.5,2074.75,46.0
2015-03-17 00:25:00,2075.0,2075.0,2074.75,2075.0,39.0
2015-03-17 00:30:00,2075.0,2075.0,2074.5,2075.0,18.0
2015-03-17 00:35:00,2074.75,2075.0,2074.75,2075.0,9.0
2015-03-17 00:40:00,2074.5,2074.5,2074.0,2074.25,30.0
2015-03-17 00:45:00,2074.25,2074.25,2073.75,2074.25,21.0
2015-03-17 00:50:00,2074.0,2074.25,2074.0,2074.0,31.0
2015-03-17 00:55:00,2074.0,2074.0,2073.25,2073.5,28.0
2015-03-17 01:00:00,2073.5,2073.75,2073.5,2073.5,64.0
2015-03-17 01:05:00,2073.75,2074.25,2073.75,2073.75,57.0
2015-03-17 01:10:00,2073.75,2073.75,2073.75,2073.75,16.0
2015-03-17 01:15:00,2074.0,2074.0,2072.5,2073.0,183.0
2015-03-17 01:20:00,2073.0,2073.0,2072.5,2072.5,105.0
2015-03-17 01:25:00,2072.25,2073.5,2072.25,2073.25,60.0
2015-03-17 01:30:00,2073.25,2073.75,2073.25,2073.5,123.0
2015-03-17 01:35:00,2073.5,2073.75,2073.25,2073.25,24.0
2015-03-17 01:40:00,2073.25,2073.25,2072.5,2072.75,83.0
2015-03-17 01:45:00,2072.75,2073.0,2072.5,2073.0,9.0
2015-03-17 01:50:00,2072.75,2073.0,2072.75,2073.0,127.0
2015-03-17 01:55:00,2073.0,2073.25,2073.0,2073.0,66.0
2015-03-17 02:00:00,2072.75,2073.25,2072.75,2073.25,50.0
2015-03-17 02:05:00,2073.25,2073.5,2073.25,2073.25,15.0
2015-03-17 02:10:00,2073.25,2073.5,2073.25,2073.25,19.0
2015-03-17 02:15:00,2073.5,2073.5,2073.0,2073.0,24.0
2015-03-17 02:20:00,2073.0,2073.0,2073.0,2073.0,34.0
2015-03-17 02:25:00,2073.5,2073.5,2073.25,2073.5,14.0
2015-03-17 02:30:00,2073.5,2074.0,2073.5,2074.0,24.0
2015-03-17 02:35:00,2074.25,2074.25,2074.0,2074.25,20.0
2015-03-17 02:40:00,2074.25,2074.25,2074.25,2074.25,18.0
2015-03-17 02:45:00,2074.25,2074.5,2074.0,2074.25,34.0
2015-03-17 02:50:00,2074.0,2074.25,2074.0,2074.0,110.0
2015-03-17 02:55:00,2073.75,2074.0,2073.75,2073.75,21.0
2015-03-17 03:00:00,2074.25,2074.25,2074.0,2074.0,31.0
2015-03-17 03:05:00,2074.0,2074.25,2074.0,2074.25,5.0
2015-03-17 03:10:00,2074.25,2074.5,2074.0,2074.5,18.0
2015-03-17 03:15:00,2074.25,2074.5,2074.0,2074.0,21.0
2015-03-17 03:20:00,2074.0,2074.0,2074.0,2074.0,2.0
2015-03-17 03:25:00,2074.25,2074.5,2074.25,2074.5,26.0
2015-03-17 03:30:00,2074.5,2074.5,2074.0,2074.0,24.0
2015-03-17 03:35:00,2074.25,2074.75,2074.0,2074.75,23.0
2015-03-17 03:40:00,2074.75,2075.5,2074.5,2075.5,165.0
2015-03-17 03:45:00,2075.5,2075.5,2075.0,2075.25,61.0
2015-03-17 03:50:00,2075.5,2075.5,2075.0,2075.0,42.0
2015-03-17 03:55:00,2075.0,2075.5,2075.0,2075.25,23.0
2015-03-17 04:00:00,2075.0,2075.0,2074.5,2074.75,22.0
2015-03-17 04:05:00,2074.5,2075.0,2074.25,2075.0,68.0
2015-03-17 04:10:00,2074.75,2074.75,2074.5,2074.75,9.0
2015-03-17 04:15:00,2074.5,2074.5,2074.0,2074.25,7.0
2015-03-17 04:20:00,2074.25,2074.5,2074.25,2074.25,4.0
2015-03-17 04:25:00,2074.75,2075.25,2074.75,2075.25,84.0
2015-03-17 04:30:00,2075.25,2075.5,2075.0,2075.25,23.0
2015-03-17 04:35:00,2075.0,2075.5,2075.0,2075.5,34.0
2015-03-17 04:40:00,2075.75,2075.75,2074.75,2074.75,129.0
2015-03-17 04:45:00,2074.75,2075.0,2074.75,2074.75,5.0
2015-03-17 04:50:00,2075.0,2075.25,2074.75,2075.25,5.0
2015-03-17 04:55:00,2075.0,2075.0,2074.5,2074.5,45.0
2015-03-17 05:00:00,2074.5,2074.75,2074.5,2074.5,21.0
2015-03-17 05:05:00,2074.5,2074.5,2074.25,2074.25,33.0
2015-03-17 05:10:00,2074.25,2074.5,2074.0,2074.25,12.0
2015-03-17 05:15:00,2074.25,2074.5,2074.25,2074.5,9.0
2015-03-17 05:20:00,2074.5,2074.5,2074.0,2074.25,61.0
2015-03-17 05:25:00,2074.25,2074.25,2073.5,2073.5,177.0
2015-03-17 05:30:00,2073.75,2073.75,2073.5,2073.5,9.0
2015-03-17 05:35:00,2073.5,2073.5,2072.5,2072.75,83.0
2015-03-17 05:40:00,2073.0,2073.5,2073.0,2073.5,29.0
2015-03-17 05:45:00,2073.25,2073.5,2073.25,2073.5,9.0
2015-03-17 05:50:00,2073.5,2073.75,2073.0,2073.0,34.0
2015-03-17 05:55:00,2073.0,2073.25,2072.75,2073.0,31.0
2015-03-17 06:00:00,2073.0,2073.0,2072.5,2072.5,40.0
2015-03-17 06:05:00,2072.5,2073.25,2072.25,2073.0,66.0
2015-03-17 06:10:00,2073.0,2073.75,2073.0,2073.5,45.0
2015-03-17 06:15:00,2073.25,2074.0,2073.25,2074.0,26.0
2015-03-17 06:20:00,2073.75,2074.0,2073.75,2074.0,9.0
2015-03-17 06:25:00,2074.0,2074.0,2073.75,2073.75,19.0
2015-03-17 06:30:00,2073.5,2073.75,2073.5,2073.75,26.0
2015-03-17 06:35:00,2074.0,2074.25,2073.5,2073.5,23.0
2015-03-17 06:40:00,2073.75,2074.0,2073.75,2074.0,4.0
2015-03-17 06:45:00,2074.0,2074.5,2074.0,2074.5,59.0
2015-03-17 06:50:00,2074.5,2074.5,2074.0,2074.25,12.0
2015-03-17 06:55:00,2074.5,2074.5,2074.0,2074.0,61.0
2015-03-17 07:00:00,2074.0,2074.5,2073.75,2074.5,150.0
2015-03-17 07:05:00,2074.5,2074.75,2074.0,2074.5,76.0
2015-03-17 07:10:00,2074.5,2074.75,2074.25,2074.25,79.0
2015-03-17 07:15:00,2074.25,2075.25,2074.25,2074.5,239.0
2015-03-17 07:20:00,2074.75,2075.25,2074.5,2074.75,115.0
2015-03-17 07:25:00,2075.0,2075.75,2075.0,2075.5,195.0
2015-03-17 07:30:00,2075.25,2075.75,2074.75,2074.75,63.0
2015-03-17 07:35:00,2074.75,2075.75,2074.5,2075.5,112.0
2015-03-17 07:40:00,2075.5,2076.0,2075.25,2075.5,253.0
2015-03-17 07:45:00,2075.25,2076.0,2075.25,2075.5,334.0
2015-03-17 07:50:00,2075.25,2075.5,2075.0,2075.25,92.0
2015-03-17 07:55:00,2075.0,2077.0,2075.0,2076.75,336.0
2015-03-17 08:00:00,2076.75,2077.0,2075.5,2076.75,491.0
2015-03-17 08:05:00,2076.75,2077.5,2076.75,2077.25,462.0
2015-03-17 08:10:00,2077.5,2078.0,2076.75,2077.5,528.0
2015-03-17 08:15:00,2077.25,2077.5,2076.75,2077.0,629.0
2015-03-17 08:20:00,2077.0,2077.5,2076.75,2077.0,534.0
2015-03-17 08:25:00,2077.0,2077.0,2075.75,2076.25,333.0
2015-03-17 08:30:00,2076.25,2077.25,2075.75,2077.0,468.0
2015-03-17 08:35:00,2077.25,2077.75,2077.25,2077.25,226.0
2015-03-17 08:40:00,2077.25,2077.5,2076.75,2077.0,111.0
2015-03-17 08:45:00,2077.0,2077.25,2076.0,2076.0,353.0
2015-03-17 08:50:00,2076.0,2076.0,2075.5,2075.75,120.0
2015-03-17 08:55:00,2075.75,2075.75,2075.0,2075.0,193.0
2015-03-17 09:00:00,2075.0,2075.5,2074.5,2074.75,944.0
2015-03-17 09:05:00,2074.5,2075.0,2074.5,2074.75,168.0
2015-03-17 09:10:00,2074.5,2075.0,2074.0,2074.5,590.0
2015-03-17 09:15:00,2074.5,2074.5,2073.0,2073.0,413.0
2015-03-17 09:20:00,2073.0,2073.25,2072.75,2073.25,164.0
2015-03-17 09:25:00,2073.25,2073.25,2072.75,2072.75,255.0
2015-03-17 09:30:00,2073.0,2073.5,2073.0,2073.25,161.0
2015-03-17 09:35:00,2073.0,2073.75,2073.0,2073.75,145.0
2015-03-17 09:40:00,2073.5,2073.5,2073.25,2073.25,120.0
2015-03-17 09:45:00,2073.25,2073.5,2073.0,2073.5,204.0
2015-03-17 09:50:00,2073.25,2073.25,2072.25,2072.5,418.0
2015-03-17 09:55:00,2072.75,2073.0,2072.5,2072.5,188.0
2015-03-17 10:00:00,2072.5,2072.5,2071.75,2072.0,1010.0
2015-03-17 10:05:00,2072.0,2072.5,2070.0,2070.0,952.0
2015-03-17 10:10:00,2070.25,2070.5,2069.5,2070.25,1173.0
2015-03-17 10:15:00,2070.25,2070.5,2069.75,2070.25,450.0
2015-03-17 10:20:00,2070.25,2070.5,2069.25,2070.0,643.0
2015-03-17 10:25:00,2069.75,2070.25,2069.5,2069.75,487.0
2015-03-17 10:30:00,2069.75,2070.0,2069.5,2070.0,285.0
2015-03-17 10:35:00,2070.0,2070.5,2070.0,2070.25,325.0
2015-03-17 10:40:00,2070.5,2070.5,2069.25,2069.5,400.0
2015-03-17 10:45:00,2069.75,2070.0,2069.75,2070.0,102.0
2015-03-17 10:50:00,2069.75,2070.25,2069.75,2070.0,524.0
2015-03-17 10:55:00,2070.25,2070.25,2069.5,2069.75,464.0
2015-03-17 11:00:00,2069.75,2070.0,2069.25,2069.5,461.0
2015-03-17 11:05:00,2069.5,2070.75,2069.25,2070.5,959.0
2015-03-17 11:10:00,2070.75,2070.75,2069.5,2069.75,306.0
2015-03-17 11:15:00,2069.5,2070.0,2068.75,2069.75,574.0
2015-03-17 11:20:00,2070.0,2070.0,2069.0,2069.0,500.0
2015-03-17 11:25:00,2069.0,2069.5,2068.75,2069.25,314.0
2015-03-17 11:30:00,2069.5,2069.75,2069.0,2069.5,1275.0
2015-03-17 11:35:00,2069.5,2069.5,2068.75,2069.5,665.0
2015-03-17 11:40:00,2069.5,2070.5,2069.5,2070.25,692.0
2015-03-17 11:45:00,2070.5,2071.0,2070.25,2070.5,611.0
2015-03-17 11:50:00,2070.75,2070.75,2070.0,2070.25,379.0
2015-03-17 11:55:00,2070.0,2070.75,2070.0,2070.25,308.0
2015-03-17 12:00:00,2070.25,2071.0,2070.0,2071.0,1704.0
2015-03-17 12:05:00,2071.25,2072.0,2071.0,2071.75,470.0
2015-03-17 12:10:00,2071.75,2073.0,2071.5,2073.0,607.0
2015-03-17 12:15:00,2072.75,2073.25,2072.5,2073.25,589.0
2015-03-17 12:20:00,2073.25,2073.25,2071.75,2072.0,395.0
2015-03-17 12:25:00,2072.0,2072.25,2071.5,2072.25,422.0
2015-03-17 12:30:00,2072.25,2073.0,2070.75,2072.5,1827.0
2015-03-17 12:35:00,2072.5,2072.5,2070.25,2070.75,2377.0
2015-03-17 12:40:00,2070.5,2070.75,2069.75,2070.75,1754.0
2015-03-17 12:45:00,2070.5,2071.25,2070.25,2070.75,971.0
2015-03-17 12:50:00,2070.75,2071.5,2070.75,2071.0,1077.0
2015-03-17 12:55:00,2070.75,2072.25,2070.5,2072.25,559.0
2015-03-17 13:00:00,2072.25,2072.75,2072.0,2072.25,968.0
2015-03-17 13:05:00,2072.25,2072.25,2071.0,2071.25,916.0
2015-03-17 13:10:00,2071.5,2071.75,2071.25,2071.75,347.0
2015-03-17 13:15:00,2071.5,2072.25,2071.0,2072.0,647.0
2015-03-17 13:20:00,2071.75,2072.75,2071.25,2072.25,1211.0
2015-03-17 13:25:00,2072.5,2072.75,2071.5,2071.75,469.0
2015-03-17 13:30:00,2072.0,2072.0,2069.75,2071.5,4038.0
2015-03-17 13:35:00,2071.75,2075.25,2071.5,2074.0,5230.0
2015-03-17 13:40:00,2074.0,2074.0,2071.0,2071.5,4872.0
2015-03-17 13:45:00,2071.5,2072.25,2070.75,2071.75,4875.0
2015-03-17 13:50:00,2071.75,2071.75,2067.25,2069.0,9591.0
2015-03-17 13:55:00,2069.0,2070.75,2069.0,2070.25,2318.0
2015-03-17 14:00:00,2070.5,2070.75,2068.75,2069.75,2104.0
2015-03-17 14:05:00,2069.75,2071.25,2069.5,2070.75,2471.0
2015-03-17 14:10:00,2070.75,2072.25,2069.75,2069.75,3173.0
2015-03-17 14:15:00,2069.75,2070.75,2069.0,2069.5,3484.0
2015-03-17 14:20:00,2069.5,2071.75,2069.5,2070.5,1883.0
2015-03-17 14:25:00,2070.25,2071.5,2069.75,2070.5,2099.0
2015-03-17 14:30:00,2070.5,2073.0,2070.5,2072.0,2828.0
2015-03-17 14:35:00,2071.75,2072.25,2070.0,2070.75,2406.0
2015-03-17 14:40:00,2070.75,2072.0,2070.25,2071.0,1794.0
2015-03-17 14:45:00,2071.0,2071.75,2070.75,2071.5,1113.0
2015-03-17 14:50:00,2071.5,2072.25,2070.0,2072.0,2025.0
2015-03-17 14:55:00,2071.75,2072.75,2071.25,2071.25,2073.0
2015-03-17 15:00:00,2071.25,2071.25,2067.25,2067.75,5582.0
2015-03-17 15:05:00,2068.0,2068.75,2066.5,2067.25,5556.0
2015-03-17 15:10:00,2067.25,2068.75,2067.0,2068.5,3182.0
2015-03-17 15:15:00,2068.25,2068.5,2065.0,2065.5,6458.0
2015-03-17 15:20:00,2065.5,2066.0,2064.25,2065.5,3735.0
2015-03-17 15:25:00,2065.5,2067.25,2065.25,2066.75,3447.0
2015-03-17 15:30:00,2067.0,2068.25,2066.5,2067.0,2075.0
2015-03-17 15:35:00,2066.75,2067.5,2066.5,2067.25,1117.0
2015-03-17 15:40:00,2067.25,2067.5,2065.75,2066.75,1772.0
2015-03-17 15:45:00,2067.0,2067.75,2066.0,2067.25,2592.0
2015-03-17 15:50:00,2067.0,2067.0,2066.0,2066.5,1764.0
2015-03-17 15:55:00,2066.5,2068.0,2066.25,2067.75,1100.0
2015-03-17 16:00:00,2067.75,2069.5,2067.25,2067.5,1672.0
2015-03-17 16:05:00,2067.5,2068.0,2067.0,2067.5,749.0
2015-03-17 16:10:00,2067.5,2067.75,2065.75,2066.0,1334.0
2015-03-17 16:15:00,2066.0,2067.75,2066.0,2067.5,1121.0
2015-03-17 16:20:00,2067.25,2068.75,2067.25,2068.25,886.0
2015-03-17 16:25:00,2068.5,2070.0,2067.75,2069.25,1172.0
2015-03-17 16:30:00,2069.25,2069.75,2068.25,2069.25,1127.0
2015-03-17 16:35:00,2069.5,2071.0,2069.25,2070.75,1630.0
2015-03-17 16:40:00,2070.75,2072.0,2070.25,2071.75,1016.0
2015-03-17 16:45:00,2071.75,2072.25,2071.25,2071.25,932.0
2015-03-17 16:50:00,2071.25,2072.25,2071.0,2071.75,1023.0
2015-03-17 16:55:00,2071.75,2072.75,2071.0,2072.5,811.0
2015-03-17 17:00:00,2072.5,2073.25,2071.75,2072.5,1211.0
2015-03-17 17:05:00,2072.5,2074.0,2071.75,2073.75,1448.0
2015-03-17 17:10:00,2073.5,2074.0,2073.0,2073.75,1346.0
2015-03-17 17:15:00,2073.75,2075.0,2073.5,2073.75,1938.0
2015-03-17 17:20:00,2073.75,2074.25,2073.25,2073.25,825.0
2015-03-17 17:25:00,2073.5,2074.0,2073.25,2073.75,848.0
2015-03-17 17:30:00,2073.5,2074.5,2073.25,2073.75,753.0
2015-03-17 17:35:00,2073.75,2073.75,2072.5,2073.75,1736.0
2015-03-17 17:40:00,2073.5,2073.75,2072.75,2073.25,810.0
2015-03-17 17:45:00,2073.25,2073.75,2072.5,2072.5,661.0
2015-03-17 17:50:00,2072.75,2073.75,2072.5,2073.5,1025.0
2015-03-17 17:55:00,2073.5,2075.75,2073.0,2075.75,2410.0
2015-03-17 18:00:00,2075.75,2077.25,2075.25,2076.0,2939.0
2015-03-17 18:05:00,2076.25,2076.25,2074.75,2075.0,1267.0
2015-03-17 18:10:00,2074.75,2075.5,2074.75,2075.25,623.0
2015-03-17 18:15:00,2075.25,2075.5,2073.25,2074.25,1034.0
2015-03-17 18:20:00,2074.0,2074.75,2073.5,2073.5,804.0
2015-03-17 18:25:00,2073.75,2074.0,2072.75,2073.0,1290.0
2015-03-17 18:30:00,2073.0,2073.5,2072.5,2072.75,817.0
2015-03-17 18:35:00,2072.5,2072.75,2071.75,2072.0,1134.0
2015-03-17 18:40:00,2072.0,2073.0,2072.0,2072.75,771.0
2015-03-17 18:45:00,2073.0,2073.75,2072.5,2073.0,523.0
2015-03-17 18:50:00,2072.75,2073.5,2071.5,2073.5,1126.0
2015-03-17 18:55:00,2073.5,2075.25,2073.25,2074.5,1477.0
2015-03-17 19:00:00,2074.5,2075.75,2074.25,2075.5,804.0
2015-03-17 19:05:00,2075.5,2076.25,2075.5,2076.25,809.0
2015-03-17 19:10:00,2076.0,2077.75,2075.75,2076.5,1748.0
2015-03-17 19:15:00,2076.75,2077.25,2076.0,2077.0,2038.0
2015-03-17 19:20:00,2077.0,2078.0,2076.75,2077.75,2291.0
2015-03-17 19:25:00,2077.5,2078.0,2077.25,2077.5,1293.0
2015-03-17 19:30:00,2077.5,2078.5,2077.25,2078.25,1605.0
2015-03-17 19:35:00,2078.5,2078.75,2077.0,2077.0,1611.0
2015-03-17 19:40:00,2077.0,2077.25,2075.0,2075.5,3659.0
2015-03-17 19:45:00,2075.75,2076.75,2075.25,2076.75,2530.0
2015-03-17 19:50:00,2076.75,2077.0,2075.75,2076.0,2783.0
2015-03-17 19:55:00,2076.0,2076.75,2073.25,2074.0,11765.0
2015-03-17 20:00:00,2073.75,2074.5,2072.5,2073.25,15012.0
2015-03-17 20:05:00,2073.25,2074.25,2073.0,2074.25,1317.0
2015-03-17 20:10:00,2074.25,2075.0,2074.0,2074.0,1439.0
2015-03-17 20:15:00,2073.75,2075.0,2073.75,2075.0,670.0
2015-03-17 20:30:00,2074.75,2075.0,2074.25,2074.25,523.0
2015-03-17 20:35:00,2074.0,2074.25,2073.5,2074.0,148.0
2015-03-17 20:40:00,2074.0,2074.25,2073.75,2073.75,82.0
2015-03-17 20:45:00,2073.75,2073.75,2073.5,2073.75,181.0
2015-03-17 20:50:00,2073.5,2074.0,2073.5,2074.0,105.0
2015-03-17 20:55:00,2074.0,2074.0,2073.75,2074.0,215.0
2015-03-17 21:00:00,2074.0,2074.5,2074.0,2074.25,68.0
2015-03-17 21:05:00,2074.25,2074.5,2074.0,2074.5,23.0
2015-03-17 21:10:00,2074.5,2074.5,2074.0,2074.25,73.0
2015-03-17 21:15:00,2074.0,2074.75,2074.0,2074.5,56.0
2015-03-17 22:00:00,2074.25,2074.75,2074.25,2074.5,58.0
2015-03-17 22:05:00,2074.75,2075.0,2074.5,2075.0,79.0
2015-03-17 22:10:00,2074.75,2075.0,2074.75,2074.75,14.0
2015-03-17 22:15:00,2074.75,2075.0,2074.75,2074.75,12.0
2015-03-17 22:20:00,2074.75,2074.75,2074.25,2074.25,58.0
2015-03-17 22:25:00,2074.5,2074.75,2074.5,2074.5,14.0
2015-03-17 22:30:00,2074.75,2074.75,2074.5,2074.5,29.0
2015-03-17 22:35:00,2074.5,2074.5,2074.25,2074.5,41.0
2015-03-17 22:40:00,2074.25,2074.5,2074.25,2074.5,14.0
2015-03-17 22:45:00,2074.5,2074.5,2074.5,2074.5,35.0
2015-03-17 22:50:00,2074.5,2074.5,2074.5,2074.5,1.0
2015-03-17 22:55:00,2074.25,2074.25,2074.25,2074.25,1.0
2015-03-17 23:00:00,2074.5,2074.75,2074.5,2074.75,11.0
2015-03-17 23:05:00,2074.75,2075.0,2074.5,2074.75,49.0
2015-03-17 23:10:00,2075.0,2075.0,2074.75,2074.75,44.0
2015-03-17 23:15:00,2074.75,2075.0,2074.75,2075.0,33.0
2015-03-17 23:20:00,2075.0,2075.0,2074.75,2074.75,24.0
2015-03-17 23:25:00,2075.0,2075.0,2075.0,2075.0,15.0
2015-03-17 23:30:00,2075.0,2075.5,2075.0,2075.5,24.0
2015-03-17 23:35:00,2075.5,2075.5,2075.5,2075.5,41.0
2015-03-17 23:40:00,2075.5,2075.5,2075.25,2075.25,44.0
2015-03-17 23:45:00,2075.25,2075.25,2075.25,2075.25,8.0
2015-03-17 23:50:00,2075.25,2075.25,2075.25,2075.25,2.0
2015-03-17 23:55:00,2075.25,2075.5,2075.25,2075.5,23.0
2015-03-18 00:00:00,2075.25,2075.25,2074.75,2075.0,95.0
2015-03-18 00:05:00,2075.0,2075.0,2074.75,2075.0,10.0
2015-03-18 00:10:00,2075.0,2075.0,2074.75,2075.0,15.0
2015-03-18 00:15:00,2075.0,2075.0,2074.75,2074.75,7.0
2015-03-18 00:20:00,2075.0,2075.25,2075.0,2075.25,41.0
2015-03-18 00:25:00,2075.25,2075.25,2075.25,2075.25,11.0
2015-03-18 00:30:00,2075.0,2075.0,2075.0,2075.0,8.0
2015-03-18 00:35:00,2075.0,2075.0,2075.0,2075.0,8.0
2015-03-18 00:40:00,2074.75,2074.75,2074.75,2074.75,15.0
2015-03-18 00:45:00,2074.75,2074.75,2074.5,2074.5,7.0
2015-03-18 00:50:00,2074.5,2075.0,2074.5,2074.75,20.0
2015-03-18 00:55:00,2074.75,2074.75,2074.5,2074.5,21.0
2015-03-18 01:00:00,2074.75,2074.75,2074.5,2074.75,110.0
2015-03-18 01:05:00,2074.75,2074.75,2074.5,2074.75,11.0
2015-03-18 01:10:00,2074.75,2074.75,2074.75,2074.75,13.0
2015-03-18 01:15:00,2074.75,2074.75,2074.75,2074.75,1.0
2015-03-18 01:20:00,2074.75,2075.0,2074.75,2074.75,9.0
2015-03-18 01:25:00,2074.75,2075.0,2074.75,2075.0,6.0
2015-03-18 01:30:00,2074.75,2075.0,2074.5,2074.5,26.0
2015-03-18 01:35:00,2074.5,2074.75,2074.5,2074.75,9.0
2015-03-18 01:40:00,2074.75,2074.75,2074.5,2074.5,11.0
2015-03-18 01:45:00,2074.5,2075.25,2074.5,2075.0,162.0
2015-03-18 01:50:00,2075.0,2075.5,2075.0,2075.0,36.0
2015-03-18 01:55:00,2075.25,2075.25,2075.0,2075.0,43.0
2015-03-18 02:00:00,2075.0,2075.0,2075.0,2075.0,4.0
2015-03-18 02:05:00,2075.0,2075.25,2075.0,2075.25,12.0
2015-03-18 02:10:00,2075.25,2075.25,2075.0,2075.0,46.0
2015-03-18 02:15:00,2075.0,2075.0,2074.75,2074.75,7.0
2015-03-18 02:20:00,2075.0,2075.0,2074.75,2074.75,56.0
2015-03-18 02:25:00,2074.75,2075.0,2074.75,2075.0,5.0
2015-03-18 02:30:00,2075.25,2075.25,2075.0,2075.0,21.0
2015-03-18 02:35:00,2075.0,2075.0,2074.75,2075.0,138.0
2015-03-18 02:40:00,2075.25,2075.25,2075.0,2075.25,61.0
2015-03-18 02:50:00,2075.25,2075.25,2075.25,2075.25,11.0
2015-03-18 02:55:00,2075.0,2075.25,2074.75,2074.75,37.0
2015-03-18 03:00:00,2074.75,2074.75,2074.75,2074.75,15.0
2015-03-18 03:05:00,2074.75,2074.75,2074.75,2074.75,7.0
2015-03-18 03:10:00,2075.0,2075.0,2074.5,2074.75,19.0
2015-03-18 03:15:00,2075.0,2075.0,2074.75,2074.75,24.0
2015-03-18 03:20:00,2075.0,2075.0,2074.75,2074.75,30.0
2015-03-18 03:25:00,2074.75,2074.75,2074.75,2074.75,34.0
2015-03-18 03:30:00,2074.5,2074.5,2074.5,2074.5,3.0
2015-03-18 03:35:00,2074.5,2074.75,2074.5,2074.75,29.0
2015-03-18 03:40:00,2074.75,2075.0,2074.75,2075.0,11.0
2015-03-18 03:45:00,2075.0,2075.0,2074.75,2074.75,19.0
2015-03-18 03:50:00,2074.75,2075.0,2074.75,2074.75,18.0
2015-03-18 03:55:00,2074.75,2075.0,2074.75,2075.0,47.0
2015-03-18 04:00:00,2075.0,2076.25,2075.0,2075.75,106.0
2015-03-18 04:05:00,2076.0,2076.25,2075.75,2076.0,67.0
2015-03-18 04:10:00,2076.0,2076.25,2076.0,2076.25,47.0
2015-03-18 04:15:00,2076.25,2076.25,2076.0,2076.25,44.0
2015-03-18 04:20:00,2076.25,2076.25,2075.75,2075.75,15.0
2015-03-18 04:25:00,2075.75,2075.75,2075.5,2075.75,27.0
2015-03-18 04:30:00,2075.75,2075.75,2075.0,2075.25,89.0
2015-03-18 04:35:00,2075.25,2075.25,2075.0,2075.25,4.0
2015-03-18 04:40:00,2075.25,2075.25,2075.25,2075.25,2.0
2015-03-18 04:45:00,2075.5,2075.5,2075.25,2075.25,3.0
2015-03-18 04:50:00,2075.25,2075.5,2075.25,2075.5,12.0
2015-03-18 04:55:00,2075.5,2075.75,2075.5,2075.5,7.0
2015-03-18 05:00:00,2075.5,2075.5,2075.25,2075.5,14.0
2015-03-18 05:05:00,2075.5,2075.5,2075.5,2075.5,24.0
2015-03-18 05:10:00,2075.5,2075.5,2075.5,2075.5,34.0
2015-03-18 05:15:00,2075.5,2075.75,2075.0,2075.25,28.0
2015-03-18 05:20:00,2075.25,2075.75,2075.25,2075.75,8.0
2015-03-18 05:25:00,2076.0,2076.25,2076.0,2076.25,21.0
2015-03-18 05:30:00,2076.25,2076.25,2076.0,2076.25,7.0
2015-03-18 05:35:00,2076.0,2076.5,2076.0,2076.5,101.0
2015-03-18 05:40:00,2076.5,2076.5,2076.0,2076.0,13.0
2015-03-18 05:45:00,2076.25,2076.25,2076.0,2076.0,4.0
2015-03-18 05:50:00,2075.75,2076.25,2075.75,2076.25,11.0
2015-03-18 05:55:00,2076.25,2076.25,2076.0,2076.0,9.0
2015-03-18 06:00:00,2076.0,2076.75,2076.0,2076.25,64.0
2015-03-18 06:05:00,2076.25,2076.25,2076.25,2076.25,26.0
2015-03-18 06:10:00,2076.0,2076.25,2076.0,2076.0,19.0
2015-03-18 06:15:00,2076.0,2076.0,2076.0,2076.0,3.0
2015-03-18 06:20:00,2076.0,2076.25,2075.75,2076.0,31.0
2015-03-18 06:25:00,2076.0,2076.25,2075.75,2075.75,165.0
2015-03-18 06:30:00,2075.75,2076.0,2075.75,2075.75,8.0
2015-03-18 06:35:00,2075.75,2075.75,2075.5,2075.5,10.0
2015-03-18 06:40:00,2075.5,2075.5,2075.5,2075.5,6.0
2015-03-18 06:45:00,2075.5,2075.5,2075.5,2075.5,8.0
2015-03-18 06:50:00,2075.5,2075.75,2075.5,2075.5,13.0
2015-03-18 06:55:00,2075.5,2075.75,2075.5,2075.5,13.0
2015-03-18 07:00:00,2075.5,2075.5,2075.0,2075.25,172.0
2015-03-18 07:05:00,2075.25,2076.25,2075.25,2076.25,101.0
2015-03-18 07:10:00,2076.0,2076.25,2076.0,2076.0,159.0
2015-03-18 07:15:00,2076.25,2076.25,2075.75,2076.0,110.0
2015-03-18 07:20:00,2076.25,2076.25,2076.25,2076.25,12.0
2015-03-18 07:25:00,2076.0,2076.25,2075.75,2076.0,119.0
2015-03-18 07:30:00,2076.25,2076.25,2076.0,2076.0,76.0
2015-03-18 07:35:00,2076.25,2076.25,2075.75,2075.75,34.0
2015-03-18 07:40:00,2076.0,2076.5,2075.75,2076.25,50.0
2015-03-18 07:45:00,2076.25,2076.25,2076.0,2076.0,68.0
2015-03-18 07:50:00,2076.25,2076.5,2076.0,2076.25,62.0
2015-03-18 07:55:00,2076.5,2076.75,2076.25,2076.25,314.0
2015-03-18 08:00:00,2076.5,2076.75,2076.25,2076.5,386.0
2015-03-18 08:05:00,2076.5,2077.5,2076.0,2076.25,501.0
2015-03-18 08:10:00,2076.25,2076.25,2074.75,2075.25,843.0
2015-03-18 08:15:00,2075.25,2076.0,2074.75,2075.75,379.0
2015-03-18 08:20:00,2075.75,2077.0,2075.5,2076.75,178.0
2015-03-18 08:25:00,2076.75,2077.0,2076.25,2076.5,245.0
2015-03-18 08:30:00,2076.5,2078.0,2076.5,2078.0,727.0
2015-03-18 08:35:00,2078.0,2078.25,2077.25,2077.75,234.0
2015-03-18 08:40:00,2077.75,2078.0,2077.0,2077.5,104.0
2015-03-18 08:45:00,2077.5,2078.25,2076.5,2076.5,210.0
2015-03-18 08:50:00,2076.75,2077.0,2076.25,2076.5,111.0
2015-03-18 08:55:00,2076.5,2077.25,2076.25,2077.25,86.0
2015-03-18 09:00:00,2077.25,2077.25,2075.5,2076.5,315.0
2015-03-18 09:05:00,2076.25,2076.75,2075.5,2075.5,543.0
2015-03-18 09:10:00,2075.25,2075.5,2074.5,2075.0,802.0
2015-03-18 09:15:00,2075.0,2075.75,2074.75,2075.5,195.0
2015-03-18 09:20:00,2075.25,2076.0,2075.0,2075.25,286.0
2015-03-18 09:25:00,2075.25,2075.5,2074.5,2074.75,163.0
2015-03-18 09:30:00,2075.0,2075.5,2074.25,2075.25,395.0
2015-03-18 09:35:00,2075.5,2075.5,2074.75,2075.0,374.0
2015-03-18 09:40:00,2075.25,2076.0,2075.0,2075.5,487.0
2015-03-18 09:45:00,2075.25,2075.75,2075.0,2075.0,87.0
2015-03-18 09:50:00,2075.0,2076.0,2075.0,2075.75,401.0
2015-03-18 09:55:00,2075.75,2075.75,2075.0,2075.25,135.0
2015-03-18 10:00:00,2075.25,2075.5,2074.0,2074.5,225.0
2015-03-18 10:05:00,2074.25,2074.75,2074.0,2074.25,159.0
2015-03-18 10:10:00,2074.25,2074.5,2073.75,2073.75,137.0
2015-03-18 10:15:00,2073.75,2073.75,2072.75,2073.0,315.0
2015-03-18 10:20:00,2072.75,2073.0,2072.5,2072.5,216.0
2015-03-18 10:25:00,2072.25,2072.25,2070.75,2070.75,720.0
2015-03-18 10:30:00,2070.5,2071.5,2070.25,2071.25,392.0
2015-03-18 10:35:00,2071.5,2071.5,2068.75,2068.75,430.0
2015-03-18 10:40:00,2068.75,2069.25,2067.75,2068.75,1306.0
2015-03-18 10:45:00,2068.75,2069.25,2068.5,2069.0,281.0
2015-03-18 10:50:00,2069.0,2069.0,2068.5,2068.75,52.0
2015-03-18 10:55:00,2068.25,2068.5,2067.5,2068.25,301.0
2015-03-18 11:00:00,2068.5,2069.75,2068.25,2069.75,319.0
2015-03-18 11:05:00,2069.75,2069.75,2069.25,2069.5,461.0
2015-03-18 11:10:00,2069.25,2069.25,2068.75,2069.0,81.0
2015-03-18 11:15:00,2069.0,2069.0,2067.5,2067.5,383.0
2015-03-18 11:20:00,2067.5,2067.5,2066.0,2066.25,737.0
2015-03-18 11:25:00,2066.25,2066.25,2065.0,2066.0,700.0
2015-03-18 11:30:00,2066.0,2066.0,2065.25,2065.25,76.0
2015-03-18 11:35:00,2065.5,2066.75,2065.25,2066.25,477.0
2015-03-18 11:40:00,2066.0,2067.25,2066.0,2067.0,633.0
2015-03-18 11:45:00,2067.0,2067.0,2066.25,2066.75,328.0
2015-03-18 11:50:00,2067.0,2067.25,2065.75,2066.5,223.0
2015-03-18 11:55:00,2066.25,2066.5,2065.75,2066.0,244.0
2015-03-18 12:00:00,2066.0,2067.0,2065.75,2065.75,764.0
2015-03-18 12:05:00,2065.75,2066.75,2065.5,2066.75,838.0
2015-03-18 12:10:00,2066.75,2066.75,2065.5,2065.5,117.0
2015-03-18 12:15:00,2065.5,2066.25,2065.25,2066.25,693.0
2015-03-18 12:20:00,2066.25,2066.5,2065.5,2066.0,415.0
2015-03-18 12:25:00,2065.75,2066.25,2065.5,2065.75,309.0
2015-03-18 12:30:00,2066.0,2067.25,2066.0,2067.0,538.0
2015-03-18 12:35:00,2067.25,2067.5,2067.0,2067.5,390.0
2015-03-18 12:40:00,2067.5,2068.25,2067.25,2067.75,977.0
2015-03-18 12:45:00,2067.75,2067.75,2067.0,2067.5,516.0
2015-03-18 12:50:00,2067.5,2067.5,2065.75,2066.75,564.0
2015-03-18 12:55:00,2066.5,2068.0,2066.5,2067.75,924.0
2015-03-18 13:00:00,2068.0,2068.0,2066.75,2067.5,556.0
2015-03-18 13:05:00,2067.25,2068.25,2067.0,2068.25,635.0
2015-03-18 13:10:00,2068.25,2068.25,2067.25,2067.25,1157.0
2015-03-18 13:15:00,2067.0,2069.0,2067.0,2069.0,612.0
2015-03-18 13:20:00,2068.75,2069.25,2068.25,2068.5,791.0
2015-03-18 13:25:00,2068.5,2068.75,2067.75,2068.0,408.0
2015-03-18 13:30:00,2068.0,2069.0,2066.0,2067.5,4415.0
2015-03-18 13:35:00,2067.5,2068.0,2066.5,2067.75,2753.0
2015-03-18 13:40:00,2067.75,2068.25,2065.25,2066.5,4367.0
2015-03-18 13:45:00,2066.5,2066.5,2065.0,2065.75,1856.0
2015-03-18 13:50:00,2065.75,2067.25,2065.0,2066.0,2348.0
2015-03-18 13:55:00,2066.0,2067.0,2063.75,2064.5,3670.0
2015-03-18 14:00:00,2065.0,2067.75,2064.75,2067.5,2714.0
2015-03-18 14:05:00,2067.5,2068.5,2067.0,2068.25,1946.0
2015-03-18 14:10:00,2068.25,2069.0,2067.75,2068.0,1443.0
2015-03-18 14:15:00,2067.75,2069.0,2067.5,2068.5,1336.0
2015-03-18 14:20:00,2068.75,2069.0,2068.25,2068.5,1298.0
2015-03-18 14:25:00,2068.5,2070.0,2068.25,2068.75,1519.0
2015-03-18 14:30:00,2068.75,2069.5,2067.25,2067.25,1150.0
2015-03-18 14:35:00,2067.25,2068.0,2066.5,2067.5,1174.0
2015-03-18 14:40:00,2067.25,2067.75,2067.0,2067.75,1590.0
2015-03-18 14:45:00,2067.75,2069.75,2067.75,2069.25,1383.0
2015-03-18 14:50:00,2069.25,2069.75,2068.0,2069.0,1226.0
2015-03-18 14:55:00,2069.0,2069.5,2068.5,2069.0,753.0
2015-03-18 15:00:00,2069.0,2070.25,2069.0,2069.0,1260.0
2015-03-18 15:05:00,2069.0,2069.25,2068.25,2069.0,826.0
2015-03-18 15:10:00,2069.0,2069.75,2068.0,2068.25,1334.0
2015-03-18 15:15:00,2068.0,2068.25,2067.5,2067.75,1200.0
2015-03-18 15:20:00,2067.75,2068.0,2067.0,2067.25,1845.0
2015-03-18 15:25:00,2067.25,2067.75,2066.5,2067.0,1051.0
2015-03-18 15:30:00,2066.75,2067.0,2065.5,2066.5,1277.0
2015-03-18 15:35:00,2066.5,2066.75,2066.0,2066.25,655.0
2015-03-18 15:40:00,2066.5,2068.25,2066.25,2067.75,1321.0
2015-03-18 15:45:00,2068.0,2068.0,2066.0,2066.25,1393.0
2015-03-18 15:50:00,2066.25,2066.75,2065.75,2066.0,1341.0
2015-03-18 15:55:00,2066.0,2067.5,2065.5,2067.5,1426.0
2015-03-18 16:00:00,2067.25,2067.75,2065.75,2066.75,3137.0
2015-03-18 16:05:00,2067.0,2067.5,2066.75,2067.25,1535.0
2015-03-18 16:10:00,2067.0,2067.0,2065.25,2066.5,1348.0
2015-03-18 16:15:00,2066.5,2066.75,2065.25,2065.5,1509.0
2015-03-18 16:20:00,2065.75,2065.75,2064.0,2065.0,2002.0
2015-03-18 16:25:00,2065.0,2066.0,2064.75,2065.75,1524.0
2015-03-18 16:30:00,2065.75,2066.5,2065.25,2066.5,1450.0
2015-03-18 16:35:00,2066.5,2067.0,2066.0,2067.0,1240.0
2015-03-18 16:40:00,2067.0,2067.75,2066.75,2067.25,1125.0
2015-03-18 16:45:00,2067.0,2067.25,2065.75,2066.0,896.0
2015-03-18 16:50:00,2066.0,2066.0,2065.5,2066.0,684.0
2015-03-18 16:55:00,2066.0,2066.25,2064.5,2065.0,974.0
2015-03-18 17:00:00,2065.0,2065.5,2064.5,2065.0,2361.0
2015-03-18 17:05:00,2065.0,2065.0,2062.75,2064.25,2917.0
2015-03-18 17:10:00,2064.25,2064.5,2063.75,2064.25,786.0
2015-03-18 17:15:00,2064.25,2064.75,2063.5,2064.25,1464.0
2015-03-18 17:20:00,2064.0,2065.5,2064.0,2065.0,2326.0
2015-03-18 17:25:00,2064.75,2065.25,2063.75,2064.25,1382.0
2015-03-18 17:30:00,2064.25,2064.5,2062.5,2063.75,2096.0
2015-03-18 17:35:00,2063.75,2064.0,2062.5,2062.75,1779.0
2015-03-18 17:40:00,2062.75,2062.75,2060.5,2061.75,3860.0
2015-03-18 17:45:00,2061.5,2062.25,2061.25,2061.5,1329.0
2015-03-18 17:50:00,2061.75,2063.75,2061.5,2063.0,2732.0
2015-03-18 17:55:00,2062.5,2066.5,2062.5,2066.25,2298.0
2015-03-18 18:00:00,2066.5,2089.5,2065.5,2086.5,18755.0
2015-03-18 18:05:00,2086.5,2090.75,2081.5,2090.5,15510.0
2015-03-18 18:10:00,2090.5,2091.0,2086.0,2090.5,10221.0
2015-03-18 18:15:00,2090.25,2095.75,2090.25,2094.75,12165.0
2015-03-18 18:20:00,2094.75,2094.75,2091.0,2091.5,5510.0
2015-03-18 18:25:00,2091.5,2092.25,2089.25,2089.5,6244.0
2015-03-18 18:30:00,2089.75,2098.5,2089.75,2096.0,11323.0
2015-03-18 18:35:00,2096.25,2098.25,2095.25,2096.75,7672.0
2015-03-18 18:40:00,2096.75,2098.25,2095.25,2097.5,3941.0
2015-03-18 18:45:00,2097.5,2098.75,2092.5,2092.75,4901.0
2015-03-18 18:50:00,2092.75,2095.75,2092.75,2095.0,3398.0
2015-03-18 18:55:00,2095.25,2097.25,2094.0,2095.75,3243.0
2015-03-18 19:00:00,2095.75,2099.25,2094.75,2099.0,3691.0
2015-03-18 19:05:00,2099.0,2103.0,2099.0,2102.5,6184.0
2015-03-18 19:10:00,2102.25,2105.5,2101.25,2105.5,5095.0
2015-03-18 19:15:00,2105.25,2107.75,2103.5,2107.25,6097.0
2015-03-18 19:20:00,2106.75,2107.0,2104.5,2105.5,3970.0
2015-03-18 19:25:00,2105.75,2106.25,2102.25,2102.25,4081.0
2015-03-18 19:30:00,2102.25,2103.0,2100.25,2100.25,3652.0
2015-03-18 19:35:00,2100.5,2101.0,2098.75,2099.75,3885.0
2015-03-18 19:40:00,2099.75,2100.25,2098.0,2099.25,3370.0
2015-03-18 19:45:00,2099.25,2099.75,2097.5,2097.5,4011.0
2015-03-18 19:50:00,2097.25,2098.5,2096.25,2098.25,3365.0
2015-03-18 19:55:00,2098.25,2099.0,2097.5,2098.75,2334.0
2015-03-18 20:00:00,2098.75,2100.5,2098.75,2099.75,11765.0
2015-03-18 20:05:00,2100.0,2100.5,2099.5,2100.0,2678.0
2015-03-18 20:10:00,2100.0,2100.25,2099.25,2100.0,1328.0
2015-03-18 20:15:00,2099.75,2101.5,2099.75,2101.25,1156.0
2015-03-18 20:30:00,2101.0,2101.75,2100.75,2100.75,980.0
2015-03-18 20:35:00,2100.75,2101.0,2100.25,2100.25,122.0
2015-03-18 20:40:00,2100.25,2100.5,2099.75,2100.25,183.0
2015-03-18 20:45:00,2100.25,2100.5,2100.0,2100.5,66.0
2015-03-18 20:50:00,2100.5,2100.75,2100.25,2100.5,146.0
2015-03-18 20:55:00,2100.5,2100.75,2100.25,2100.75,241.0
2015-03-18 21:00:00,2100.75,2101.0,2100.5,2101.0,59.0
2015-03-18 21:05:00,2101.0,2101.0,2100.25,2100.25,107.0
2015-03-18 21:10:00,2100.5,2101.0,2100.25,2100.5,751.0
2015-03-18 21:15:00,2100.5,2100.5,2100.0,2100.0,15.0
2015-03-18 22:00:00,2101.0,2104.0,2101.0,2101.75,191.0
2015-03-18 22:05:00,2102.0,2102.5,2102.0,2102.25,77.0
2015-03-18 22:10:00,2102.0,2102.25,2101.5,2102.0,42.0
2015-03-18 22:15:00,2102.0,2102.0,2101.75,2101.75,30.0
2015-03-18 22:20:00,2101.75,2101.75,2101.0,2101.25,342.0
2015-03-18 22:25:00,2101.25,2101.75,2101.0,2101.75,25.0
2015-03-18 22:30:00,2101.5,2101.5,2101.25,2101.25,15.0
2015-03-18 22:35:00,2101.5,2101.5,2101.5,2101.5,21.0
2015-03-18 22:40:00,2101.5,2101.75,2101.25,2101.5,145.0
2015-03-18 22:45:00,2101.5,2101.5,2100.5,2100.75,316.0
2015-03-18 22:50:00,2100.5,2101.0,2100.5,2101.0,35.0
2015-03-18 22:55:00,2101.0,2101.0,2100.75,2101.0,28.0
2015-03-18 23:00:00,2101.0,2101.0,2100.5,2100.75,60.0
2015-03-18 23:05:00,2100.75,2101.25,2100.75,2101.25,51.0
2015-03-18 23:10:00,2101.0,2101.25,2101.0,2101.25,18.0
2015-03-18 23:15:00,2101.25,2102.0,2101.25,2101.75,85.0
2015-03-18 23:20:00,2102.0,2102.0,2101.75,2101.75,14.0
2015-03-18 23:25:00,2101.75,2102.0,2101.75,2101.75,5.0
2015-03-18 23:30:00,2102.0,2102.25,2102.0,2102.25,42.0
2015-03-18 23:35:00,2102.25,2104.75,2102.0,2102.5,1351.0
2015-03-18 23:40:00,2102.5,2102.5,2102.0,2102.5,147.0
2015-03-18 23:45:00,2102.25,2103.0,2102.25,2102.75,51.0
2015-03-18 23:50:00,2102.75,2103.0,2102.5,2103.0,89.0
2015-03-18 23:55:00,2102.75,2103.0,2102.75,2103.0,89.0
2015-03-19 00:00:00,2102.75,2103.75,2102.75,2103.0,281.0
2015-03-19 00:05:00,2103.5,2104.0,2103.5,2104.0,23.0
2015-03-19 00:10:00,2104.25,2106.5,2104.25,2105.0,487.0
2015-03-19 00:15:00,2105.0,2105.25,2105.0,2105.0,4.0
2015-03-19 00:20:00,2105.0,2105.5,2104.75,2105.5,47.0
2015-03-19 00:25:00,2105.5,2107.25,2105.25,2106.75,33.0
2015-03-19 00:30:00,2107.0,2107.0,2106.0,2106.25,29.0
2015-03-19 00:35:00,2105.75,2106.0,2104.5,2104.5,29.0
2015-03-19 00:40:00,2104.75,2104.75,2104.0,2104.25,183.0
2015-03-19 00:45:00,2104.5,2105.0,2103.75,2104.0,120.0
2015-03-19 00:50:00,2103.75,2103.75,2102.25,2102.25,184.0
2015-03-19 00:55:00,2102.0,2102.5,2101.5,2101.75,174.0
2015-03-19 01:00:00,2101.5,2102.0,2101.5,2102.0,45.0
2015-03-19 01:05:00,2101.75,2102.0,2101.75,2102.0,66.0
2015-03-19 01:10:00,2102.0,2103.25,2102.0,2103.25,47.0
2015-03-19 01:15:00,2103.25,2103.25,2101.5,2101.5,62.0
2015-03-19 01:20:00,2101.5,2102.25,2101.5,2101.75,241.0
2015-03-19 01:25:00,2101.75,2102.0,2101.25,2101.75,134.0
2015-03-19 01:30:00,2101.5,2101.5,2101.0,2101.5,101.0
2015-03-19 01:35:00,2101.5,2101.5,2101.25,2101.5,44.0
2015-03-19 01:40:00,2101.5,2101.75,2101.5,2101.75,24.0
2015-03-19 01:45:00,2102.0,2102.5,2102.0,2102.5,66.0
2015-03-19 01:50:00,2102.25,2102.25,2102.0,2102.0,3.0
2015-03-19 01:55:00,2102.0,2104.0,2102.0,2103.5,29.0
2015-03-19 02:00:00,2103.5,2103.5,2103.25,2103.5,9.0
2015-03-19 02:05:00,2103.5,2103.5,2102.75,2102.75,120.0
2015-03-19 02:10:00,2103.25,2103.25,2102.25,2103.25,131.0
2015-03-19 02:15:00,2103.0,2103.75,2102.5,2103.75,24.0
2015-03-19 02:20:00,2103.75,2104.0,2103.0,2103.0,11.0
2015-03-19 02:25:00,2103.25,2103.5,2103.25,2103.5,14.0
2015-03-19 02:30:00,2103.0,2103.25,2103.0,2103.0,72.0
2015-03-19 02:35:00,2103.0,2103.5,2103.0,2103.5,15.0
2015-03-19 02:40:00,2103.5,2103.5,2103.25,2103.5,7.0
2015-03-19 02:45:00,2103.5,2103.5,2103.0,2103.0,15.0
2015-03-19 02:50:00,2103.0,2103.5,2103.0,2103.25,32.0
2015-03-19 02:55:00,2103.25,2103.75,2103.25,2103.75,9.0
2015-03-19 03:00:00,2103.5,2103.75,2103.25,2103.5,65.0
2015-03-19 03:05:00,2103.5,2105.25,2103.25,2104.5,79.0
2015-03-19 03:10:00,2104.75,2105.5,2104.5,2105.5,37.0
2015-03-19 03:15:00,2105.0,2105.0,2104.75,2104.75,7.0
2015-03-19 03:20:00,2104.75,2104.75,2104.75,2104.75,27.0
2015-03-19 03:25:00,2104.75,2104.75,2104.75,2104.75,28.0
2015-03-19 03:30:00,2104.75,2104.75,2103.0,2103.75,398.0
2015-03-19 03:35:00,2103.75,2104.5,2103.75,2104.25,226.0
2015-03-19 03:40:00,2104.25,2104.5,2104.0,2104.25,74.0
2015-03-19 03:45:00,2104.0,2104.0,2103.75,2103.75,36.0
2015-03-19 03:50:00,2104.0,2104.0,2104.0,2104.0,14.0
2015-03-19 03:55:00,2104.0,2104.0,2103.5,2103.5,131.0
2015-03-19 04:00:00,2103.5,2103.5,2103.25,2103.5,24.0
2015-03-19 04:05:00,2103.75,2103.75,2103.75,2103.75,5.0
2015-03-19 04:10:00,2103.5,2103.5,2103.0,2103.25,14.0
2015-03-19 04:15:00,2103.5,2103.5,2103.5,2103.5,4.0
2015-03-19 04:20:00,2103.5,2103.75,2103.25,2103.25,6.0
2015-03-19 04:25:00,2103.5,2103.5,2103.25,2103.5,11.0
2015-03-19 04:30:00,2103.5,2104.0,2103.5,2104.0,8.0
2015-03-19 04:35:00,2103.75,2103.75,2103.5,2103.75,13.0
2015-03-19 04:40:00,2103.5,2103.5,2103.25,2103.25,9.0
2015-03-19 04:45:00,2103.25,2103.5,2103.25,2103.5,15.0
2015-03-19 04:50:00,2103.5,2103.5,2103.5,2103.5,64.0
2015-03-19 04:55:00,2103.5,2103.5,2103.5,2103.5,12.0
2015-03-19 05:00:00,2103.5,2103.75,2103.25,2103.25,34.0
2015-03-19 05:05:00,2103.5,2103.5,2103.5,2103.5,32.0
2015-03-19 05:10:00,2103.5,2103.5,2103.25,2103.5,27.0
2015-03-19 05:15:00,2103.5,2103.75,2103.5,2103.75,15.0
2015-03-19 05:20:00,2104.0,2104.25,2103.75,2104.0,135.0
2015-03-19 05:25:00,2104.0,2104.0,2103.75,2103.75,4.0
2015-03-19 05:30:00,2103.75,2104.25,2103.75,2104.25,82.0
2015-03-19 05:35:00,2104.25,2104.75,2104.25,2104.25,65.0
2015-03-19 05:40:00,2104.0,2104.0,2103.75,2103.75,8.0
2015-03-19 05:45:00,2104.0,2104.0,2104.0,2104.0,2.0
2015-03-19 05:50:00,2104.25,2104.25,2104.0,2104.0,16.0
2015-03-19 05:55:00,2104.0,2104.5,2104.0,2104.5,46.0
2015-03-19 06:00:00,2104.25,2104.5,2104.25,2104.5,17.0
2015-03-19 06:05:00,2104.5,2104.5,2104.0,2104.5,13.0
2015-03-19 06:10:00,2104.25,2104.75,2104.25,2104.5,69.0
2015-03-19 06:15:00,2104.75,2105.0,2104.75,2105.0,87.0
2015-03-19 06:20:00,2104.5,2105.0,2104.5,2105.0,26.0
2015-03-19 06:25:00,2105.0,2105.0,2105.0,2105.0,55.0
2015-03-19 06:30:00,2105.0,2105.0,2104.75,2105.0,29.0
2015-03-19 06:35:00,2105.25,2105.25,2105.0,2105.25,46.0
2015-03-19 06:40:00,2105.25,2105.75,2105.0,2105.5,78.0
2015-03-19 06:45:00,2105.75,2106.25,2105.5,2105.75,85.0
2015-03-19 06:50:00,2105.5,2105.75,2105.25,2105.5,27.0
2015-03-19 06:55:00,2105.75,2105.75,2105.5,2105.5,51.0
2015-03-19 07:00:00,2105.5,2105.75,2105.0,2105.25,275.0
2015-03-19 07:05:00,2105.25,2105.5,2104.5,2105.0,144.0
2015-03-19 07:10:00,2105.0,2105.0,2104.25,2104.25,360.0
2015-03-19 07:15:00,2104.25,2104.5,2103.5,2104.0,1077.0
2015-03-19 07:20:00,2103.5,2104.0,2103.25,2103.75,76.0
2015-03-19 07:25:00,2103.25,2103.5,2101.75,2103.0,1285.0
2015-03-19 07:30:00,2103.0,2103.0,2101.75,2102.75,467.0
2015-03-19 07:35:00,2102.5,2102.75,2102.0,2102.5,201.0
2015-03-19 07:40:00,2102.25,2102.75,2102.0,2102.75,326.0
2015-03-19 07:45:00,2102.75,2103.0,2102.5,2102.75,439.0
2015-03-19 07:50:00,2102.75,2103.25,2102.0,2103.0,291.0
2015-03-19 07:55:00,2103.0,2103.5,2102.5,2102.75,401.0
2015-03-19 08:00:00,2102.75,2104.0,2102.25,2103.25,718.0
2015-03-19 08:05:00,2103.25,2105.0,2102.75,2103.25,1428.0
2015-03-19 08:10:00,2103.25,2104.5,2103.25,2103.25,615.0
2015-03-19 08:15:00,2103.0,2103.75,2102.75,2103.25,943.0
2015-03-19 08:20:00,2103.0,2104.0,2101.75,2102.25,612.0
2015-03-19 08:25:00,2102.25,2102.5,2097.75,2098.5,1479.0
2015-03-19 08:30:00,2098.75,2099.75,2098.5,2098.75,317.0
2015-03-19 08:35:00,2098.75,2098.75,2097.0,2097.5,381.0
2015-03-19 08:40:00,2097.25,2098.5,2097.25,2097.75,478.0
2015-03-19 08:45:00,2097.5,2098.25,2097.0,2097.5,156.0
2015-03-19 08:50:00,2097.25,2097.75,2096.5,2096.5,404.0
2015-03-19 08:55:00,2096.5,2096.5,2095.0,2095.0,723.0
2015-03-19 09:00:00,2095.25,2095.75,2094.25,2094.75,712.0
2015-03-19 09:05:00,2095.0,2095.25,2094.25,2094.5,384.0
2015-03-19 09:10:00,2094.5,2096.5,2094.5,2096.25,215.0
2015-03-19 09:15:00,2096.0,2096.5,2094.75,2094.75,535.0
2015-03-19 09:20:00,2094.75,2096.0,2094.5,2095.75,1457.0
2015-03-19 09:25:00,2096.0,2096.25,2094.75,2095.25,133.0
2015-03-19 09:30:00,2095.25,2096.5,2095.25,2096.25,194.0
2015-03-19 09:35:00,2096.25,2096.5,2095.75,2096.0,245.0
2015-03-19 09:40:00,2096.0,2096.25,2094.75,2095.75,427.0
2015-03-19 09:45:00,2096.0,2096.25,2095.25,2095.5,139.0
2015-03-19 09:50:00,2095.25,2096.5,2095.25,2096.0,84.0
2015-03-19 09:55:00,2096.0,2097.75,2096.0,2097.0,246.0
2015-03-19 10:00:00,2097.0,2098.25,2096.5,2098.0,862.0
2015-03-19 10:05:00,2098.0,2098.0,2097.0,2097.75,735.0
2015-03-19 10:10:00,2097.5,2097.75,2096.75,2097.75,178.0
2015-03-19 10:15:00,2097.75,2098.0,2096.75,2098.0,131.0
2015-03-19 10:20:00,2098.0,2099.0,2098.0,2099.0,200.0
2015-03-19 10:25:00,2099.0,2099.25,2098.25,2099.0,122.0
2015-03-19 10:30:00,2098.75,2099.5,2097.0,2097.75,997.0
2015-03-19 10:35:00,2097.5,2098.25,2096.75,2097.75,441.0
2015-03-19 10:40:00,2097.75,2098.25,2097.25,2097.75,342.0
2015-03-19 10:45:00,2097.5,2100.0,2097.25,2099.25,797.0
2015-03-19 10:50:00,2099.25,2099.75,2098.75,2099.75,195.0
2015-03-19 10:55:00,2099.5,2099.5,2099.25,2099.5,72.0
2015-03-19 11:00:00,2099.5,2099.5,2098.0,2098.25,219.0
2015-03-19 11:05:00,2098.25,2098.25,2098.0,2098.0,140.0
2015-03-19 11:10:00,2097.75,2098.25,2097.0,2098.25,321.0
2015-03-19 11:15:00,2098.25,2099.25,2097.5,2097.5,396.0
2015-03-19 11:20:00,2097.5,2099.0,2097.25,2098.5,418.0
2015-03-19 11:25:00,2098.75,2099.75,2098.25,2099.5,214.0
2015-03-19 11:30:00,2099.5,2099.5,2098.75,2098.75,134.0
2015-03-19 11:35:00,2099.0,2099.5,2098.75,2099.25,90.0
2015-03-19 11:40:00,2099.0,2099.75,2098.75,2099.5,182.0
2015-03-19 11:45:00,2099.0,2099.5,2098.75,2099.25,388.0
2015-03-19 11:50:00,2099.25,2099.25,2099.0,2099.25,51.0
2015-03-19 11:55:00,2099.25,2099.25,2097.25,2097.5,272.0
2015-03-19 12:00:00,2097.5,2098.0,2096.75,2096.75,279.0
2015-03-19 12:05:00,2096.75,2097.75,2096.25,2097.5,385.0
2015-03-19 12:10:00,2097.5,2098.0,2096.75,2097.75,239.0
2015-03-19 12:15:00,2097.75,2098.25,2096.0,2096.0,701.0
2015-03-19 12:20:00,2096.0,2096.25,2094.75,2096.0,1569.0
2015-03-19 12:25:00,2096.0,2096.25,2095.5,2095.75,438.0
2015-03-19 12:30:00,2096.0,2096.0,2094.5,2095.25,573.0
2015-03-19 12:35:00,2095.25,2095.25,2094.0,2094.75,871.0
2015-03-19 12:40:00,2094.75,2095.5,2094.25,2094.5,529.0
2015-03-19 12:45:00,2094.5,2094.75,2094.25,2094.5,437.0
2015-03-19 12:50:00,2094.75,2094.75,2092.5,2093.25,721.0
2015-03-19 12:55:00,2093.25,2094.5,2093.0,2093.75,401.0
2015-03-19 13:00:00,2093.75,2094.25,2093.5,2093.75,204.0
2015-03-19 13:05:00,2093.5,2093.5,2093.0,2093.0,172.0
2015-03-19 13:10:00,2093.25,2094.25,2093.25,2094.0,151.0
2015-03-19 13:15:00,2094.0,2094.25,2093.25,2093.75,343.0
2015-03-19 13:20:00,2093.75,2094.0,2093.25,2093.75,522.0
2015-03-19 13:25:00,2093.75,2094.0,2093.5,2093.75,232.0
2015-03-19 13:30:00,2093.75,2095.25,2092.5,2093.0,3323.0
2015-03-19 13:35:00,2093.0,2094.5,2092.0,2094.25,2905.0
2015-03-19 13:40:00,2094.25,2095.0,2091.75,2092.5,3631.0
2015-03-19 13:45:00,2092.25,2092.5,2089.75,2090.75,3228.0
2015-03-19 13:50:00,2091.0,2092.5,2090.25,2091.75,2769.0
2015-03-19 13:55:00,2091.75,2093.5,2091.75,2093.0,1449.0
2015-03-19 14:00:00,2093.25,2095.75,2093.25,2094.75,1636.0
2015-03-19 14:05:00,2094.75,2095.0,2093.5,2093.5,1839.0
2015-03-19 14:10:00,2093.5,2095.25,2093.0,2095.0,1031.0
2015-03-19 14:15:00,2095.25,2097.5,2095.0,2097.0,1600.0
2015-03-19 14:20:00,2096.75,2097.75,2096.0,2096.25,1431.0
2015-03-19 14:25:00,2096.0,2096.0,2094.75,2095.25,845.0
2015-03-19 14:30:00,2095.25,2095.5,2093.25,2094.0,1453.0
2015-03-19 14:35:00,2094.0,2094.0,2092.5,2093.75,1024.0
2015-03-19 14:40:00,2093.5,2094.0,2092.75,2093.0,1020.0
2015-03-19 14:45:00,2093.0,2093.0,2090.5,2090.75,1172.0
2015-03-19 14:50:00,2090.75,2091.25,2089.5,2091.0,1346.0
2015-03-19 14:55:00,2091.0,2091.5,2089.75,2091.25,1178.0
2015-03-19 15:00:00,2091.25,2092.25,2091.0,2091.75,1253.0
2015-03-19 15:05:00,2091.75,2092.25,2091.5,2091.75,1031.0
2015-03-19 15:10:00,2091.75,2092.0,2090.0,2090.75,851.0
2015-03-19 15:15:00,2090.75,2092.75,2090.75,2092.75,700.0
2015-03-19 15:20:00,2092.75,2093.5,2092.25,2093.0,881.0
2015-03-19 15:25:00,2093.0,2093.5,2092.75,2092.75,683.0
2015-03-19 15:30:00,2092.75,2092.75,2087.75,2088.5,2046.0
2015-03-19 15:35:00,2088.5,2089.0,2087.5,2088.25,1061.0
2015-03-19 15:40:00,2088.5,2088.75,2086.0,2086.5,1666.0
2015-03-19 15:45:00,2086.5,2087.5,2086.25,2087.25,1639.0
2015-03-19 15:50:00,2087.5,2087.75,2085.0,2086.5,933.0
2015-03-19 15:55:00,2086.5,2088.0,2086.5,2088.0,908.0
2015-03-19 16:00:00,2088.0,2088.5,2087.25,2088.0,900.0
2015-03-19 16:05:00,2088.25,2089.5,2087.75,2088.75,1141.0
2015-03-19 16:10:00,2088.75,2089.25,2087.25,2088.0,728.0
2015-03-19 16:15:00,2088.0,2089.0,2086.75,2087.25,666.0
2015-03-19 16:20:00,2087.5,2088.5,2087.0,2088.5,522.0
2015-03-19 16:25:00,2088.25,2089.0,2087.5,2088.75,561.0
2015-03-19 16:30:00,2089.0,2089.5,2088.0,2088.75,687.0
2015-03-19 16:35:00,2089.0,2089.0,2085.5,2085.75,1050.0
2015-03-19 16:40:00,2085.75,2087.5,2085.75,2087.0,662.0
2015-03-19 16:45:00,2087.25,2088.5,2087.25,2087.25,1335.0
2015-03-19 16:50:00,2087.25,2087.75,2085.25,2085.75,1582.0
2015-03-19 16:55:00,2085.75,2087.0,2085.75,2086.75,360.0
2015-03-19 17:00:00,2086.75,2087.0,2085.5,2087.0,732.0
2015-03-19 17:05:00,2087.25,2087.75,2086.75,2087.75,421.0
2015-03-19 17:10:00,2087.5,2088.25,2087.5,2088.25,405.0
2015-03-19 17:15:00,2088.25,2089.75,2087.75,2089.75,996.0
2015-03-19 17:20:00,2089.75,2092.0,2089.75,2090.75,1182.0
2015-03-19 17:25:00,2091.0,2092.5,2090.5,2092.25,423.0
2015-03-19 17:30:00,2092.25,2092.5,2091.25,2091.75,668.0
2015-03-19 17:35:00,2091.5,2091.75,2090.75,2090.75,283.0
2015-03-19 17:40:00,2090.75,2091.0,2089.25,2090.5,676.0
2015-03-19 17:45:00,2090.25,2090.5,2089.5,2090.0,284.0
2015-03-19 17:50:00,2090.0,2090.25,2088.75,2089.75,378.0
2015-03-19 17:55:00,2089.75,2090.0,2088.0,2088.25,516.0
2015-03-19 18:00:00,2088.5,2089.0,2088.0,2088.75,886.0
2015-03-19 18:05:00,2088.75,2090.0,2088.75,2090.0,758.0
2015-03-19 18:10:00,2089.75,2092.75,2089.75,2091.0,5457.0
2015-03-19 18:15:00,2091.0,2091.25,2089.0,2089.25,1502.0
2015-03-19 18:20:00,2089.25,2089.75,2088.0,2088.5,1003.0
2015-03-19 18:25:00,2088.75,2090.0,2088.5,2089.75,535.0
2015-03-19 18:30:00,2089.5,2091.0,2089.0,2089.0,582.0
2015-03-19 18:35:00,2089.0,2089.5,2088.25,2089.25,467.0
2015-03-19 18:40:00,2089.5,2091.5,2089.5,2091.25,467.0
2015-03-19 18:45:00,2091.0,2091.5,2090.25,2090.5,553.0
2015-03-19 18:50:00,2090.75,2092.0,2090.5,2091.25,572.0
2015-03-19 18:55:00,2091.0,2091.0,2089.0,2091.0,1010.0
2015-03-19 19:00:00,2091.0,2092.5,2091.0,2092.25,969.0
2015-03-19 19:05:00,2092.25,2093.25,2091.0,2091.5,1357.0
2015-03-19 19:10:00,2091.5,2091.5,2090.0,2091.5,1161.0
2015-03-19 19:15:00,2091.5,2091.5,2090.5,2091.25,891.0
2015-03-19 19:20:00,2091.25,2091.25,2088.75,2089.0,1633.0
2015-03-19 19:25:00,2089.0,2090.5,2088.0,2090.5,1796.0
2015-03-19 19:30:00,2090.5,2092.25,2089.25,2092.0,2070.0
2015-03-19 19:35:00,2092.25,2092.5,2091.0,2092.25,1543.0
2015-03-19 19:40:00,2092.25,2092.25,2089.25,2089.5,1474.0
2015-03-19 19:45:00,2089.5,2090.5,2088.75,2090.25,819.0
2015-03-19 19:50:00,2090.25,2090.75,2089.5,2089.5,2150.0
2015-03-19 19:55:00,2089.75,2091.0,2089.75,2090.0,3159.0
2015-03-19 20:00:00,2090.25,2090.75,2089.25,2089.25,4290.0
2015-03-19 20:05:00,2089.25,2090.0,2089.0,2089.75,806.0
2015-03-19 20:10:00,2089.75,2091.25,2089.75,2090.5,600.0
2015-03-19 20:15:00,2090.5,2091.0,2090.0,2091.0,377.0
2015-03-19 20:30:00,2091.0,2091.0,2090.0,2090.25,51.0
2015-03-19 20:35:00,2090.25,2090.25,2090.25,2090.25,39.0
2015-03-19 20:40:00,2090.25,2090.25,2090.0,2090.25,136.0
2015-03-19 20:45:00,2090.0,2090.0,2089.75,2089.75,96.0
2015-03-19 20:50:00,2089.5,2089.5,2089.5,2089.5,21.0
2015-03-19 20:55:00,2089.5,2089.75,2089.25,2089.75,65.0
2015-03-19 21:00:00,2089.5,2089.5,2088.75,2088.75,57.0
2015-03-19 21:05:00,2088.75,2089.0,2088.75,2088.75,12.0
2015-03-19 21:10:00,2088.75,2089.0,2088.25,2088.5,67.0
2015-03-19 21:15:00,2088.75,2088.75,2088.5,2088.5,24.0
2015-03-19 22:00:00,2088.5,2088.75,2087.5,2087.5,9.0
2015-03-19 22:05:00,2087.5,2087.75,2087.25,2087.75,20.0
2015-03-19 22:15:00,2087.25,2087.25,2087.0,2087.25,52.0
2015-03-19 22:20:00,2087.25,2087.25,2087.0,2087.25,40.0
2015-03-19 22:25:00,2086.75,2087.0,2086.75,2087.0,6.0
2015-03-19 22:30:00,2087.0,2087.25,2087.0,2087.25,66.0
2015-03-19 22:35:00,2087.25,2087.25,2087.0,2087.0,88.0
2015-03-19 22:40:00,2087.25,2087.25,2087.0,2087.25,58.0
2015-03-19 22:45:00,2087.25,2087.25,2087.25,2087.25,25.0
2015-03-19 22:50:00,2087.25,2087.25,2087.25,2087.25,68.0
2015-03-19 22:55:00,2087.25,2087.25,2086.5,2086.75,67.0
2015-03-19 23:00:00,2086.5,2086.5,2086.5,2086.5,3.0
2015-03-19 23:05:00,2086.75,2086.75,2086.75,2086.75,1.0
2015-03-19 23:10:00,2087.0,2087.0,2087.0,2087.0,2.0
2015-03-19 23:15:00,2087.25,2087.25,2087.0,2087.0,12.0
2015-03-19 23:20:00,2087.25,2087.25,2087.25,2087.25,10.0
2015-03-19 23:25:00,2087.25,2087.25,2087.0,2087.25,262.0
2015-03-19 23:30:00,2087.25,2087.25,2087.0,2087.25,247.0
2015-03-19 23:35:00,2087.25,2088.0,2087.25,2087.75,329.0
2015-03-19 23:40:00,2087.75,2088.0,2087.75,2088.0,7.0
2015-03-19 23:45:00,2088.0,2088.0,2088.0,2088.0,4.0
2015-03-19 23:50:00,2088.5,2088.75,2088.5,2088.75,15.0
2015-03-19 23:55:00,2089.0,2089.0,2089.0,2089.0,3.0
2015-03-20 00:00:00,2089.0,2089.0,2088.75,2088.75,5.0
2015-03-20 00:05:00,2089.25,2089.25,2089.25,2089.25,4.0
2015-03-20 00:10:00,2089.0,2089.5,2089.0,2089.5,2.0
2015-03-20 00:15:00,2089.25,2089.25,2089.25,2089.25,1.0
2015-03-20 00:20:00,2089.0,2089.0,2089.0,2089.0,7.0
2015-03-20 00:25:00,2089.25,2089.25,2089.25,2089.25,2.0
2015-03-20 00:35:00,2089.0,2089.25,2088.75,2089.0,51.0
2015-03-20 00:40:00,2089.0,2089.0,2089.0,2089.0,7.0
2015-03-20 00:45:00,2089.0,2089.0,2088.75,2088.75,11.0
2015-03-20 00:50:00,2088.5,2088.5,2088.5,2088.5,1.0
2015-03-20 00:55:00,2088.5,2088.5,2088.5,2088.5,5.0
2015-03-20 01:00:00,2088.75,2089.0,2088.75,2088.75,13.0
2015-03-20 01:05:00,2088.75,2088.75,2088.75,2088.75,43.0
2015-03-20 01:10:00,2089.0,2089.0,2089.0,2089.0,20.0
2015-03-20 01:15:00,2089.0,2089.0,2089.0,2089.0,5.0
2015-03-20 01:20:00,2089.25,2089.25,2089.0,2089.0,3.0
2015-03-20 01:25:00,2089.5,2089.75,2089.25,2089.75,57.0
2015-03-20 01:30:00,2089.5,2089.75,2089.5,2089.75,13.0
2015-03-20 01:35:00,2089.5,2090.25,2089.5,2090.25,16.0
2015-03-20 01:40:00,2090.25,2091.25,2090.25,2090.75,110.0
2015-03-20 01:45:00,2090.75,2092.5,2090.75,2092.5,117.0
2015-03-20 01:50:00,2092.75,2092.75,2092.5,2092.5,6.0
2015-03-20 01:55:00,2091.75,2092.5,2091.75,2092.5,39.0
2015-03-20 02:00:00,2092.75,2092.75,2092.75,2092.75,2.0
2015-03-20 02:05:00,2092.5,2092.5,2092.5,2092.5,1.0
2015-03-20 02:10:00,2092.75,2093.25,2092.75,2093.25,9.0
2015-03-20 02:15:00,2093.0,2093.5,2093.0,2093.5,18.0
2015-03-20 02:20:00,2093.25,2093.25,2093.0,2093.25,21.0
2015-03-20 02:25:00,2093.5,2094.5,2093.5,2094.5,25.0
2015-03-20 02:30:00,2094.0,2094.0,2093.25,2093.5,115.0
2015-03-20 02:35:00,2093.5,2093.5,2093.25,2093.25,7.0
2015-03-20 02:40:00,2093.25,2093.25,2093.0,2093.0,10.0
2015-03-20 02:45:00,2092.75,2092.75,2092.5,2092.5,22.0
2015-03-20 02:50:00,2092.75,2093.25,2092.75,2093.0,25.0
2015-03-20 02:55:00,2093.0,2093.0,2093.0,2093.0,21.0
2015-03-20 03:00:00,2093.0,2093.25,2092.75,2093.25,27.0
2015-03-20 03:05:00,2093.0,2093.25,2093.0,2093.25,8.0
2015-03-20 03:10:00,2093.0,2093.0,2092.75,2093.0,6.0
2015-03-20 03:15:00,2093.25,2093.25,2093.25,2093.25,1.0
2015-03-20 03:20:00,2093.25,2093.25,2092.5,2092.5,5.0
2015-03-20 03:25:00,2092.75,2092.75,2092.75,2092.75,3.0
2015-03-20 03:35:00,2092.75,2092.75,2092.75,2092.75,1.0
2015-03-20 03:40:00,2093.0,2093.0,2092.25,2092.5,124.0
2015-03-20 03:45:00,2092.5,2092.75,2092.25,2092.5,46.0
2015-03-20 04:00:00,2092.75,2092.75,2092.75,2092.75,33.0
2015-03-20 04:05:00,2092.75,2092.75,2092.75,2092.75,17.0
2015-03-20 04:10:00,2092.75,2093.0,2092.75,2093.0,37.0
2015-03-20 04:15:00,2093.25,2093.25,2092.75,2092.75,20.0
2015-03-20 04:20:00,2092.75,2092.75,2092.75,2092.75,1.0
2015-03-20 04:30:00,2092.75,2092.75,2092.75,2092.75,4.0
2015-03-20 04:35:00,2092.75,2092.75,2092.75,2092.75,20.0
2015-03-20 04:40:00,2092.75,2092.75,2092.75,2092.75,1.0
2015-03-20 04:45:00,2092.5,2092.75,2092.5,2092.75,11.0
2015-03-20 04:50:00,2092.75,2093.0,2092.75,2092.75,10.0
2015-03-20 04:55:00,2092.75,2092.75,2092.75,2092.75,1.0
2015-03-20 05:00:00,2093.0,2093.0,2093.0,2093.0,8.0
2015-03-20 05:05:00,2093.0,2093.0,2093.0,2093.0,14.0
2015-03-20 05:10:00,2093.0,2093.0,2093.0,2093.0,131.0
2015-03-20 05:15:00,2093.0,2093.0,2093.0,2093.0,13.0
2015-03-20 05:25:00,2092.75,2092.75,2092.75,2092.75,1.0
2015-03-20 05:30:00,2093.0,2093.25,2093.0,2093.25,60.0
2015-03-20 05:35:00,2093.25,2093.25,2093.25,2093.25,1.0
2015-03-20 05:40:00,2093.5,2093.5,2093.5,2093.5,2.0
2015-03-20 05:45:00,2093.5,2093.75,2093.5,2093.75,22.0
2015-03-20 05:50:00,2093.75,2094.0,2093.5,2093.5,38.0
2015-03-20 05:55:00,2093.5,2093.75,2093.5,2093.75,27.0
2015-03-20 06:00:00,2094.0,2094.25,2094.0,2094.25,4.0
2015-03-20 06:05:00,2094.25,2095.0,2094.0,2094.0,34.0
2015-03-20 06:10:00,2093.75,2093.75,2093.25,2093.25,12.0
2015-03-20 06:15:00,2093.75,2093.75,2093.5,2093.5,2.0
2015-03-20 06:20:00,2093.25,2093.75,2093.25,2093.75,26.0
2015-03-20 06:30:00,2093.0,2093.25,2093.0,2093.25,10.0
2015-03-20 06:35:00,2093.0,2093.25,2093.0,2093.25,3.0
2015-03-20 06:40:00,2093.5,2093.5,2093.5,2093.5,10.0
2015-03-20 06:50:00,2093.25,2093.25,2093.25,2093.25,5.0
2015-03-20 06:55:00,2093.5,2093.5,2093.5,2093.5,10.0
2015-03-20 07:00:00,2093.75,2094.5,2093.5,2093.75,283.0
2015-03-20 07:05:00,2093.75,2093.75,2093.5,2093.75,20.0
2015-03-20 07:10:00,2094.0,2094.0,2093.75,2093.75,23.0
2015-03-20 07:15:00,2093.75,2093.75,2093.25,2093.25,301.0
2015-03-20 07:20:00,2093.5,2093.75,2093.5,2093.75,143.0
2015-03-20 07:25:00,2093.75,2094.0,2093.75,2093.75,15.0
2015-03-20 07:30:00,2093.75,2093.75,2093.5,2093.75,17.0
2015-03-20 07:35:00,2093.75,2093.75,2093.5,2093.75,28.0
2015-03-20 07:40:00,2093.5,2093.5,2092.75,2093.0,56.0
2015-03-20 07:45:00,2093.25,2093.25,2093.25,2093.25,5.0
2015-03-20 07:50:00,2093.5,2093.75,2093.5,2093.75,89.0
2015-03-20 07:55:00,2093.75,2093.75,2093.5,2093.5,18.0
2015-03-20 08:00:00,2093.75,2096.25,2093.5,2095.5,373.0
2015-03-20 08:05:00,2095.75,2096.25,2095.25,2095.5,78.0
2015-03-20 08:10:00,2095.5,2095.5,2095.0,2095.0,119.0
2015-03-20 08:15:00,2095.0,2095.5,2094.75,2095.5,119.0
2015-03-20 08:20:00,2095.75,2096.0,2095.5,2095.75,27.0
2015-03-20 08:25:00,2096.0,2096.75,2095.75,2096.25,88.0
2015-03-20 08:30:00,2095.75,2096.0,2095.5,2095.75,70.0
2015-03-20 08:35:00,2096.0,2096.0,2095.0,2095.5,91.0
2015-03-20 08:40:00,2095.5,2095.75,2095.0,2095.25,260.0
2015-03-20 08:45:00,2095.25,2095.5,2094.25,2095.5,252.0
2015-03-20 08:50:00,2095.5,2095.75,2095.0,2095.5,38.0
2015-03-20 08:55:00,2095.5,2096.5,2095.5,2096.25,221.0
2015-03-20 09:00:00,2096.25,2096.5,2095.75,2096.25,159.0
2015-03-20 09:05:00,2096.25,2096.5,2095.75,2095.75,147.0
2015-03-20 09:10:00,2095.75,2096.25,2095.75,2096.0,52.0
2015-03-20 09:15:00,2096.0,2096.75,2096.0,2096.75,75.0
2015-03-20 09:20:00,2096.5,2096.5,2095.25,2095.25,150.0
2015-03-20 09:25:00,2095.25,2096.0,2094.75,2096.0,204.0
2015-03-20 09:30:00,2096.5,2096.75,2096.25,2096.5,18.0
2015-03-20 09:35:00,2096.5,2096.5,2096.0,2096.0,46.0
2015-03-20 09:40:00,2096.0,2096.25,2095.5,2095.5,117.0
2015-03-20 09:45:00,2095.75,2096.25,2095.75,2095.75,109.0
2015-03-20 09:50:00,2095.75,2095.75,2095.5,2095.5,10.0
2015-03-20 09:55:00,2095.5,2096.0,2095.5,2095.5,13.0
2015-03-20 10:00:00,2095.75,2095.75,2095.25,2095.25,17.0
2015-03-20 10:05:00,2095.0,2095.25,2095.0,2095.25,91.0
2015-03-20 10:10:00,2095.25,2095.5,2094.75,2094.75,98.0
2015-03-20 10:15:00,2095.0,2095.25,2094.75,2094.75,62.0
2015-03-20 10:20:00,2095.0,2095.25,2095.0,2095.25,123.0
2015-03-20 10:25:00,2095.5,2096.0,2095.25,2095.5,84.0
2015-03-20 10:30:00,2095.75,2096.0,2095.75,2096.0,5.0
2015-03-20 10:35:00,2096.0,2096.0,2095.75,2095.75,21.0
2015-03-20 10:40:00,2096.0,2096.75,2096.0,2096.75,512.0
2015-03-20 10:45:00,2096.75,2097.5,2096.75,2097.0,182.0
2015-03-20 10:50:00,2097.25,2097.75,2097.0,2097.25,294.0
2015-03-20 10:55:00,2097.0,2097.25,2096.75,2097.0,94.0
2015-03-20 11:00:00,2097.0,2097.0,2096.25,2096.75,168.0
2015-03-20 11:05:00,2096.5,2097.0,2096.5,2097.0,158.0
2015-03-20 11:10:00,2096.5,2097.25,2096.5,2097.25,117.0
2015-03-20 11:15:00,2097.25,2097.5,2097.0,2097.0,180.0
2015-03-20 11:20:00,2096.75,2096.75,2096.25,2096.5,204.0
2015-03-20 11:25:00,2096.5,2097.5,2096.5,2097.5,579.0
2015-03-20 11:30:00,2097.5,2098.0,2097.25,2097.5,531.0
2015-03-20 11:35:00,2097.5,2099.0,2097.5,2098.5,586.0
2015-03-20 11:40:00,2098.75,2098.75,2098.5,2098.75,70.0
2015-03-20 11:45:00,2098.75,2100.25,2098.5,2100.0,491.0
2015-03-20 11:50:00,2100.25,2101.25,2100.25,2101.0,648.0
2015-03-20 11:55:00,2101.0,2101.25,2100.5,2100.5,457.0
2015-03-20 12:00:00,2100.5,2101.75,2100.5,2101.75,215.0
2015-03-20 12:05:00,2102.0,2102.0,2101.25,2102.0,212.0
2015-03-20 12:10:00,2102.0,2102.25,2101.5,2101.5,447.0
2015-03-20 12:15:00,2101.25,2102.25,2101.25,2101.75,261.0
2015-03-20 12:20:00,2101.75,2102.5,2101.75,2102.0,323.0
2015-03-20 12:25:00,2102.0,2102.25,2102.0,2102.0,241.0
2015-03-20 12:30:00,2102.0,2103.0,2102.0,2102.5,687.0
2015-03-20 12:35:00,2102.5,2102.75,2102.25,2102.5,370.0
2015-03-20 12:40:00,2102.5,2102.5,2102.0,2102.25,831.0
2015-03-20 12:45:00,2102.25,2105.5,2102.25,2105.25,1277.0
2015-03-20 12:50:00,2105.0,2105.25,2104.5,2104.75,573.0
2015-03-20 12:55:00,2104.75,2105.0,2104.5,2104.5,736.0
2015-03-20 13:00:00,2104.5,2104.5,2103.5,2104.25,1279.0
2015-03-20 13:05:00,2104.25,2104.5,2104.0,2104.25,1370.0
2015-03-20 13:10:00,2104.5,2105.0,2104.25,2104.75,1384.0
2015-03-20 13:15:00,2104.75,2105.5,2104.25,2105.0,1635.0
2015-03-20 13:20:00,2105.0,2105.0,2104.75,2105.0,508.0
2015-03-20 13:25:00,2105.0,2105.25,2102.0,2102.5,1995.0
2015-03-20 13:30:00,2102.75,2102.75,2100.75,2101.25,565.0
