DateTime,Open,High,Low,Close,Volume
2020-01-01 23:00:00,3236.25,3236.25,3234.25,3236.0,2262.0
2020-01-01 23:05:00,3236.0,3236.5,3235.25,3236.5,1158.0
2020-01-01 23:10:00,3236.5,3239.0,3236.5,3239.0,2504.0
2020-01-01 23:15:00,3239.0,3239.75,3238.5,3239.75,1422.0
2020-01-01 23:20:00,3239.75,3240.5,3239.25,3239.75,1433.0
2020-01-01 23:25:00,3239.5,3240.5,3239.0,3240.5,702.0
2020-01-01 23:30:00,3240.5,3240.75,3239.75,3239.75,619.0
2020-01-01 23:35:00,3239.75,3239.75,3238.5,3239.0,894.0
2020-01-01 23:40:00,3239.0,3239.0,3238.25,3238.75,682.0
2020-01-01 23:45:00,3238.5,3239.0,3238.25,3238.5,471.0
2020-01-01 23:50:00,3238.5,3239.0,3237.75,3238.0,561.0
2020-01-01 23:55:00,3237.75,3238.0,3237.5,3237.5,484.0
2020-01-02 00:00:00,3237.5,3238.25,3237.5,3237.75,866.0
2020-01-02 00:05:00,3237.5,3237.75,3237.0,3237.0,545.0
2020-01-02 00:10:00,3237.0,3237.75,3237.0,3237.75,342.0
2020-01-02 00:15:00,3237.75,3237.75,3237.0,3237.5,552.0
2020-01-02 00:20:00,3237.25,3237.75,3237.25,3237.5,444.0
2020-01-02 00:25:00,3237.5,3238.0,3237.25,3238.0,388.0
2020-01-02 00:30:00,3238.0,3238.5,3237.75,3238.5,491.0
2020-01-02 00:35:00,3238.75,3238.75,3238.25,3238.25,270.0
2020-01-02 00:40:00,3238.25,3239.0,3238.25,3238.75,370.0
2020-01-02 00:45:00,3238.75,3238.75,3238.5,3238.5,159.0
2020-01-02 00:50:00,3238.75,3239.25,3238.75,3239.25,269.0
2020-01-02 00:55:00,3239.0,3239.25,3238.5,3238.75,618.0
2020-01-02 01:00:00,3238.75,3240.0,3238.75,3240.0,1059.0
2020-01-02 01:05:00,3240.0,3240.5,3239.25,3239.5,922.0
2020-01-02 01:10:00,3239.5,3239.75,3239.0,3239.0,509.0
2020-01-02 01:15:00,3239.25,3239.5,3237.0,3237.0,2186.0
2020-01-02 01:20:00,3237.0,3237.5,3236.0,3237.5,2022.0
2020-01-02 01:25:00,3237.25,3237.75,3237.0,3237.25,711.0
2020-01-02 01:30:00,3237.0,3238.25,3237.0,3237.25,884.0
2020-01-02 01:35:00,3237.5,3238.75,3237.25,3237.75,853.0
2020-01-02 01:40:00,3237.75,3238.25,3237.75,3238.0,278.0
2020-01-02 01:45:00,3238.0,3238.25,3237.5,3238.0,419.0
2020-01-02 01:50:00,3238.0,3238.25,3237.25,3237.75,711.0
2020-01-02 01:55:00,3238.0,3238.5,3237.75,3238.0,558.0
2020-01-02 02:00:00,3238.25,3239.75,3238.0,3239.5,978.0
2020-01-02 02:05:00,3239.75,3239.75,3238.75,3239.0,638.0
2020-01-02 02:10:00,3238.75,3239.5,3238.75,3239.25,390.0
2020-01-02 02:15:00,3239.25,3239.75,3238.75,3239.0,507.0
2020-01-02 02:20:00,3238.75,3239.25,3238.5,3239.0,329.0
2020-01-02 02:25:00,3239.0,3239.5,3238.75,3239.25,205.0
2020-01-02 02:30:00,3239.5,3240.0,3239.25,3239.5,705.0
2020-01-02 02:35:00,3239.5,3240.0,3239.5,3239.75,524.0
2020-01-02 02:40:00,3239.75,3240.0,3239.25,3239.5,287.0
2020-01-02 02:45:00,3239.5,3239.5,3239.25,3239.25,245.0
2020-01-02 02:50:00,3239.25,3239.75,3239.25,3239.5,189.0
2020-01-02 02:55:00,3239.5,3239.75,3239.25,3239.5,126.0
2020-01-02 03:00:00,3239.5,3240.0,3239.25,3239.75,165.0
2020-01-02 03:05:00,3239.75,3240.0,3239.5,3239.75,366.0
2020-01-02 03:10:00,3239.75,3240.5,3239.5,3240.25,390.0
2020-01-02 03:15:00,3240.25,3240.75,3240.0,3240.5,445.0
2020-01-02 03:20:00,3240.25,3240.5,3240.25,3240.5,352.0
2020-01-02 03:25:00,3240.5,3240.75,3240.25,3240.5,224.0
2020-01-02 03:30:00,3240.25,3240.5,3240.0,3240.5,178.0
2020-01-02 03:35:00,3240.25,3241.0,3240.25,3240.75,423.0
2020-01-02 03:40:00,3240.75,3241.0,3240.25,3241.0,383.0
2020-01-02 03:45:00,3240.75,3241.0,3240.25,3240.25,243.0
2020-01-02 03:50:00,3240.25,3241.0,3240.25,3241.0,172.0
2020-01-02 03:55:00,3241.0,3241.0,3240.5,3240.75,163.0
2020-01-02 04:00:00,3240.75,3241.0,3240.5,3240.5,95.0
2020-01-02 04:05:00,3240.5,3240.75,3240.25,3240.25,176.0
2020-01-02 04:10:00,3240.5,3240.5,3240.25,3240.25,308.0
2020-01-02 04:15:00,3240.25,3240.25,3240.0,3240.25,115.0
2020-01-02 04:20:00,3240.25,3240.25,3239.75,3240.25,257.0
2020-01-02 04:25:00,3240.0,3240.25,3239.75,3240.25,78.0
2020-01-02 04:30:00,3240.0,3240.25,3240.0,3240.25,174.0
2020-01-02 04:35:00,3240.5,3240.5,3240.25,3240.25,40.0
2020-01-02 04:40:00,3240.25,3240.5,3240.0,3240.0,131.0
2020-01-02 04:45:00,3240.0,3240.25,3240.0,3240.25,167.0
2020-01-02 04:50:00,3240.0,3240.25,3239.75,3240.0,109.0
2020-01-02 04:55:00,3240.0,3240.0,3239.5,3239.75,255.0
2020-01-02 05:00:00,3239.75,3240.0,3239.5,3239.75,254.0
2020-01-02 05:05:00,3239.75,3240.0,3239.5,3239.75,147.0
2020-01-02 05:10:00,3239.5,3239.75,3239.25,3239.5,416.0
2020-01-02 05:15:00,3239.5,3239.75,3239.0,3239.25,410.0
2020-01-02 05:20:00,3239.0,3239.25,3239.0,3239.25,276.0
2020-01-02 05:25:00,3239.0,3239.25,3238.75,3239.0,120.0
2020-01-02 05:30:00,3239.0,3239.0,3238.5,3239.0,474.0
2020-01-02 05:35:00,3238.75,3239.25,3238.75,3239.25,109.0
2020-01-02 05:40:00,3239.25,3239.75,3239.25,3239.5,236.0
2020-01-02 05:45:00,3239.75,3239.75,3239.25,3239.25,213.0
2020-01-02 05:50:00,3239.25,3240.0,3239.25,3239.75,340.0
2020-01-02 05:55:00,3239.75,3240.0,3239.5,3240.0,130.0
2020-01-02 06:00:00,3240.0,3240.5,3240.0,3240.5,266.0
2020-01-02 06:05:00,3240.25,3240.25,3239.75,3240.0,396.0
2020-01-02 06:10:00,3239.75,3240.0,3239.5,3239.5,268.0
2020-01-02 06:15:00,3239.25,3239.75,3239.25,3239.75,86.0
2020-01-02 06:20:00,3239.75,3240.0,3239.5,3239.75,87.0
2020-01-02 06:25:00,3240.0,3240.25,3239.75,3239.75,207.0
2020-01-02 06:30:00,3239.75,3239.75,3239.5,3239.5,244.0
2020-01-02 06:35:00,3239.5,3239.75,3239.25,3239.75,219.0
2020-01-02 06:40:00,3239.75,3239.75,3239.5,3239.75,156.0
2020-01-02 06:45:00,3239.75,3239.75,3239.5,3239.75,80.0
2020-01-02 06:50:00,3239.5,3240.25,3239.5,3240.25,225.0
2020-01-02 06:55:00,3240.25,3240.5,3240.0,3240.25,427.0
2020-01-02 07:00:00,3240.25,3241.5,3240.0,3240.5,1645.0
2020-01-02 07:05:00,3240.75,3241.0,3240.25,3240.75,536.0
2020-01-02 07:10:00,3240.75,3241.0,3240.5,3240.5,1063.0
2020-01-02 07:15:00,3240.75,3242.75,3240.75,3242.5,1571.0
2020-01-02 07:20:00,3242.5,3242.75,3242.25,3242.25,1245.0
2020-01-02 07:25:00,3242.5,3242.75,3242.25,3242.5,405.0
2020-01-02 07:30:00,3242.5,3242.5,3242.0,3242.25,806.0
2020-01-02 07:35:00,3242.25,3243.0,3242.25,3242.75,496.0
2020-01-02 07:40:00,3242.75,3243.0,3242.25,3242.25,433.0
2020-01-02 07:45:00,3242.5,3243.5,3242.5,3243.25,842.0
2020-01-02 07:50:00,3243.5,3243.5,3242.75,3243.0,668.0
2020-01-02 07:55:00,3243.0,3243.0,3242.5,3242.75,546.0
2020-01-02 08:00:00,3242.75,3243.75,3242.25,3243.0,2708.0
2020-01-02 08:05:00,3243.25,3244.0,3243.0,3243.5,2779.0
2020-01-02 08:10:00,3243.75,3245.0,3243.25,3244.5,3134.0
2020-01-02 08:15:00,3244.5,3244.75,3244.0,3244.25,1931.0
2020-01-02 08:20:00,3244.25,3244.75,3243.5,3243.75,2201.0
2020-01-02 08:25:00,3243.5,3243.75,3242.75,3243.0,1630.0
2020-01-02 08:30:00,3242.75,3243.75,3242.75,3243.25,1361.0
2020-01-02 08:35:00,3243.25,3244.0,3243.0,3243.75,1498.0
2020-01-02 08:40:00,3243.75,3244.25,3242.75,3243.0,1949.0
2020-01-02 08:45:00,3243.25,3243.5,3242.5,3243.25,1408.0
2020-01-02 08:50:00,3243.0,3248.0,3242.75,3246.5,7506.0
2020-01-02 08:55:00,3246.75,3247.75,3246.0,3247.25,3023.0
2020-01-02 09:00:00,3247.5,3248.25,3247.0,3247.5,3420.0
2020-01-02 09:05:00,3247.75,3249.0,3247.25,3248.75,3272.0
2020-01-02 09:10:00,3248.75,3249.0,3248.0,3248.75,2619.0
2020-01-02 09:15:00,3248.75,3249.25,3248.25,3248.5,1443.0
2020-01-02 09:20:00,3248.5,3249.0,3248.25,3248.75,1357.0
2020-01-02 09:25:00,3248.75,3249.0,3248.5,3248.75,827.0
2020-01-02 09:30:00,3248.5,3248.75,3247.75,3248.25,1495.0
2020-01-02 09:35:00,3248.5,3249.0,3248.25,3248.75,2430.0
2020-01-02 09:40:00,3248.75,3249.75,3247.75,3247.75,2734.0
2020-01-02 09:45:00,3247.5,3248.5,3247.5,3248.25,1225.0
2020-01-02 09:50:00,3248.25,3249.25,3248.25,3249.0,979.0
2020-01-02 09:55:00,3249.0,3249.5,3248.75,3249.25,772.0
2020-01-02 10:00:00,3249.25,3249.75,3249.0,3249.5,1680.0
2020-01-02 10:05:00,3249.25,3249.75,3249.25,3249.5,1403.0
2020-01-02 10:10:00,3249.5,3249.75,3249.0,3249.25,1155.0
2020-01-02 10:15:00,3249.0,3250.0,3248.75,3249.75,1186.0
2020-01-02 10:20:00,3249.75,3250.25,3249.25,3250.25,831.0
2020-01-02 10:25:00,3250.25,3250.5,3249.5,3250.5,830.0
2020-01-02 10:30:00,3250.25,3250.5,3250.0,3250.25,1150.0
2020-01-02 10:35:00,3250.25,3250.5,3250.0,3250.5,762.0
2020-01-02 10:40:00,3250.5,3250.75,3250.0,3250.5,1556.0
2020-01-02 10:45:00,3250.75,3251.0,3250.5,3251.0,1368.0
2020-01-02 10:50:00,3251.0,3251.0,3250.0,3250.25,680.0
2020-01-02 10:55:00,3250.5,3250.75,3250.25,3250.25,993.0
2020-01-02 11:00:00,3250.0,3250.5,3249.75,3250.25,925.0
2020-01-02 11:05:00,3250.25,3250.25,3249.5,3250.0,878.0
2020-01-02 11:10:00,3249.75,3250.0,3249.25,3249.5,828.0
2020-01-02 11:15:00,3249.25,3249.5,3249.0,3249.5,926.0
2020-01-02 11:20:00,3249.25,3249.25,3248.25,3248.25,1093.0
2020-01-02 11:25:00,3248.5,3248.75,3248.25,3248.75,1004.0
2020-01-02 11:30:00,3248.5,3248.75,3247.75,3247.75,990.0
2020-01-02 11:35:00,3247.75,3248.5,3247.5,3248.25,831.0
2020-01-02 11:40:00,3248.5,3248.5,3247.75,3248.0,809.0
2020-01-02 11:45:00,3248.0,3248.0,3247.25,3248.0,1222.0
2020-01-02 11:50:00,3248.0,3248.0,3247.5,3247.75,651.0
2020-01-02 11:55:00,3247.75,3248.25,3247.5,3247.5,1221.0
2020-01-02 12:00:00,3247.5,3248.25,3247.25,3248.0,1260.0
2020-01-02 12:05:00,3247.75,3248.0,3247.5,3247.75,492.0
2020-01-02 12:10:00,3247.75,3248.25,3247.5,3247.5,1127.0
2020-01-02 12:15:00,3247.75,3248.0,3247.25,3248.0,901.0
2020-01-02 12:20:00,3248.0,3249.0,3247.75,3248.75,1545.0
2020-01-02 12:25:00,3248.75,3249.0,3248.5,3249.0,543.0
2020-01-02 12:30:00,3249.0,3249.5,3248.75,3249.5,854.0
2020-01-02 12:35:00,3249.5,3249.5,3249.0,3249.0,746.0
2020-01-02 12:40:00,3249.0,3249.5,3248.5,3248.5,1439.0
2020-01-02 12:45:00,3248.75,3249.25,3248.5,3248.75,662.0
2020-01-02 12:50:00,3248.75,3249.0,3248.75,3249.0,534.0
2020-01-02 12:55:00,3249.0,3249.5,3248.75,3249.0,1676.0
2020-01-02 13:00:00,3249.25,3249.75,3249.25,3249.5,1491.0
2020-01-02 13:05:00,3249.5,3250.25,3249.5,3250.0,2066.0
2020-01-02 13:10:00,3250.0,3250.5,3249.5,3249.75,2217.0
2020-01-02 13:15:00,3250.0,3250.0,3249.5,3249.5,1139.0
2020-01-02 13:20:00,3249.75,3250.0,3249.5,3249.75,1179.0
2020-01-02 13:25:00,3250.0,3250.25,3249.75,3249.75,1063.0
2020-01-02 13:30:00,3249.75,3250.25,3249.5,3250.0,1162.0
2020-01-02 13:35:00,3250.0,3250.5,3249.5,3249.5,1138.0
2020-01-02 13:40:00,3249.5,3251.25,3249.5,3251.25,2533.0
2020-01-02 13:45:00,3251.25,3251.75,3251.25,3251.25,1652.0
2020-01-02 13:50:00,3251.25,3251.75,3250.75,3251.5,2222.0
2020-01-02 13:55:00,3251.75,3251.75,3251.0,3251.5,1371.0
2020-01-02 14:00:00,3251.25,3251.5,3249.75,3249.75,2650.0
2020-01-02 14:05:00,3249.75,3250.0,3248.75,3248.75,3171.0
2020-01-02 14:10:00,3248.75,3249.25,3248.5,3249.0,2188.0
2020-01-02 14:15:00,3249.0,3249.75,3248.25,3249.5,2581.0
2020-01-02 14:20:00,3249.5,3249.5,3247.75,3248.5,4116.0
2020-01-02 14:25:00,3248.25,3248.75,3246.5,3247.5,6526.0
2020-01-02 14:30:00,3247.25,3249.25,3245.0,3248.75,48617.0
2020-01-02 14:35:00,3248.5,3250.75,3247.0,3248.25,40965.0
2020-01-02 14:40:00,3248.0,3250.75,3248.0,3249.25,31390.0
2020-01-02 14:45:00,3249.5,3251.0,3248.5,3249.25,30193.0
2020-01-02 14:50:00,3249.25,3249.5,3246.25,3246.5,23873.0
2020-01-02 14:55:00,3246.5,3250.0,3246.25,3248.5,25557.0
2020-01-02 15:00:00,3248.5,3249.75,3245.25,3246.0,24764.0
2020-01-02 15:05:00,3246.25,3246.75,3245.5,3246.25,14500.0
2020-01-02 15:10:00,3246.25,3247.0,3242.25,3242.75,24174.0
2020-01-02 15:15:00,3242.5,3243.5,3237.5,3240.25,45873.0
2020-01-02 15:20:00,3240.25,3240.75,3236.5,3238.25,26169.0
2020-01-02 15:25:00,3238.25,3239.75,3236.5,3239.25,32240.0
2020-01-02 15:30:00,3239.25,3240.75,3237.75,3239.5,21275.0
2020-01-02 15:35:00,3239.75,3240.25,3236.75,3237.5,14432.0
2020-01-02 15:40:00,3237.5,3239.5,3237.0,3239.25,14180.0
2020-01-02 15:45:00,3239.25,3240.25,3236.75,3237.5,15202.0
2020-01-02 15:50:00,3237.5,3239.25,3237.25,3239.25,10783.0
2020-01-02 15:55:00,3239.25,3243.5,3238.75,3243.5,19719.0
2020-01-02 16:00:00,3243.5,3243.75,3242.25,3242.5,10745.0
2020-01-02 16:05:00,3242.25,3243.75,3241.75,3242.5,8906.0
2020-01-02 16:10:00,3242.5,3243.75,3242.5,3243.0,8103.0
2020-01-02 16:15:00,3243.25,3243.75,3241.75,3242.0,8290.0
2020-01-02 16:20:00,3242.0,3242.75,3241.25,3242.5,8913.0
2020-01-02 16:25:00,3242.75,3243.5,3241.5,3242.0,7591.0
2020-01-02 16:30:00,3242.0,3242.25,3239.5,3239.75,11993.0
2020-01-02 16:35:00,3239.5,3239.75,3235.5,3238.75,26165.0
2020-01-02 16:40:00,3238.75,3239.25,3237.75,3238.75,12380.0
2020-01-02 16:45:00,3239.0,3240.25,3238.5,3240.25,11905.0
2020-01-02 16:50:00,3240.25,3241.25,3239.75,3241.0,8153.0
2020-01-02 16:55:00,3241.25,3241.25,3239.75,3239.75,7670.0
2020-01-02 17:00:00,3240.0,3241.25,3239.5,3240.25,7703.0
2020-01-02 17:05:00,3240.5,3241.5,3240.0,3241.0,8732.0
2020-01-02 17:10:00,3241.25,3241.75,3241.25,3241.25,4585.0
2020-01-02 17:15:00,3241.5,3242.5,3240.5,3242.0,7898.0
2020-01-02 17:20:00,3242.25,3243.0,3241.75,3242.0,9234.0
2020-01-02 17:25:00,3242.25,3243.25,3242.0,3242.25,5468.0
2020-01-02 17:30:00,3242.25,3242.75,3241.5,3241.75,7779.0
2020-01-02 17:35:00,3242.0,3243.25,3241.75,3243.25,6410.0
2020-01-02 17:40:00,3243.25,3244.75,3243.0,3243.75,10218.0
2020-01-02 17:45:00,3243.75,3244.25,3243.25,3243.5,5465.0
2020-01-02 17:50:00,3243.5,3244.0,3243.0,3243.75,6572.0
2020-01-02 17:55:00,3244.0,3244.0,3243.5,3243.5,2532.0
2020-01-02 18:00:00,3243.75,3244.0,3241.75,3242.25,7481.0
2020-01-02 18:05:00,3242.5,3242.5,3241.5,3241.5,4500.0
2020-01-02 18:10:00,3241.5,3241.75,3240.75,3241.25,5647.0
2020-01-02 18:15:00,3241.25,3241.25,3240.5,3240.75,5671.0
2020-01-02 18:20:00,3240.75,3241.75,3240.25,3241.5,5747.0
2020-01-02 18:25:00,3241.5,3241.75,3240.5,3240.75,4786.0
2020-01-02 18:30:00,3240.75,3241.5,3240.5,3241.0,5733.0
2020-01-02 18:35:00,3241.0,3241.0,3240.0,3241.0,5305.0
2020-01-02 18:40:00,3240.75,3241.0,3239.75,3240.25,5357.0
2020-01-02 18:45:00,3240.25,3242.25,3240.0,3242.25,8861.0
2020-01-02 18:50:00,3242.0,3242.0,3240.25,3240.5,5009.0
2020-01-02 18:55:00,3240.5,3242.0,3240.25,3241.5,5482.0
2020-01-02 19:00:00,3241.5,3242.5,3241.5,3242.25,3545.0
2020-01-02 19:05:00,3242.25,3243.25,3242.25,3243.0,5721.0
2020-01-02 19:10:00,3242.75,3243.5,3242.5,3243.25,4604.0
2020-01-02 19:15:00,3243.25,3243.5,3242.75,3243.5,5446.0
2020-01-02 19:20:00,3243.5,3245.75,3243.5,3245.25,12353.0
2020-01-02 19:25:00,3245.25,3246.25,3245.25,3246.0,6764.0
2020-01-02 19:30:00,3246.0,3246.25,3245.25,3246.0,5269.0
2020-01-02 19:35:00,3246.0,3246.75,3245.5,3246.0,5920.0
2020-01-02 19:40:00,3246.0,3248.0,3245.75,3248.0,9890.0
2020-01-02 19:45:00,3248.0,3248.5,3247.25,3248.0,8861.0
2020-01-02 19:50:00,3248.0,3249.0,3248.0,3248.75,5921.0
2020-01-02 19:55:00,3248.5,3248.75,3247.75,3247.75,5072.0
2020-01-02 20:00:00,3247.75,3249.0,3247.5,3248.5,5713.0
2020-01-02 20:05:00,3248.75,3248.75,3247.75,3247.75,5666.0
2020-01-02 20:10:00,3247.75,3249.5,3247.75,3249.0,10452.0
2020-01-02 20:15:00,3249.25,3249.5,3248.5,3248.75,6394.0
2020-01-02 20:20:00,3249.0,3249.75,3248.0,3249.5,11491.0
2020-01-02 20:25:00,3249.5,3249.5,3248.75,3249.25,6665.0
2020-01-02 20:30:00,3249.25,3250.5,3248.5,3250.0,14436.0
2020-01-02 20:35:00,3250.25,3251.0,3250.0,3250.5,9814.0
2020-01-02 20:40:00,3250.5,3251.0,3250.25,3250.5,5793.0
2020-01-02 20:45:00,3250.75,3252.0,3250.25,3251.0,17088.0
2020-01-02 20:50:00,3251.25,3254.5,3250.75,3254.25,32341.0
2020-01-02 20:55:00,3254.5,3257.25,3254.0,3256.75,54833.0
2020-01-02 21:00:00,3256.75,3259.0,3255.5,3258.25,124494.0
2020-01-02 21:05:00,3258.0,3259.5,3257.75,3259.5,12488.0
2020-01-02 21:10:00,3259.5,3259.5,3258.25,3258.75,8846.0
2020-01-02 21:15:00,3258.75,3259.75,3258.25,3259.25,6378.0
2020-01-02 21:30:00,3259.25,3260.0,3258.75,3259.75,2932.0
2020-01-02 21:35:00,3259.5,3260.0,3259.25,3259.75,1201.0
2020-01-02 21:40:00,3259.5,3260.5,3259.5,3260.25,928.0
2020-01-02 21:45:00,3260.25,3261.75,3260.25,3261.0,2478.0
2020-01-02 21:50:00,3261.0,3261.25,3260.5,3261.25,1701.0
2020-01-02 21:55:00,3261.25,3261.5,3261.0,3261.25,1393.0
2020-01-02 22:00:00,3261.25,3261.75,3261.25,3261.5,719.0
2020-01-02 23:00:00,3261.0,3262.75,3260.75,3261.75,1892.0
2020-01-02 23:05:00,3261.5,3262.5,3261.25,3262.5,855.0
2020-01-02 23:10:00,3262.5,3263.5,3262.0,3263.25,1129.0
2020-01-02 23:15:00,3263.25,3263.25,3262.5,3262.75,527.0
2020-01-02 23:20:00,3262.75,3263.0,3262.0,3262.5,765.0
2020-01-02 23:25:00,3262.5,3262.75,3262.25,3262.5,121.0
2020-01-02 23:30:00,3262.5,3263.0,3262.25,3262.5,310.0
2020-01-02 23:35:00,3262.25,3262.5,3262.0,3262.0,265.0
2020-01-02 23:40:00,3262.25,3262.25,3261.75,3261.75,272.0
2020-01-02 23:45:00,3261.75,3262.0,3261.5,3261.5,388.0
2020-01-02 23:50:00,3261.5,3261.75,3261.5,3261.75,197.0
2020-01-02 23:55:00,3261.5,3261.75,3260.75,3261.0,714.0
2020-01-03 00:00:00,3261.25,3261.75,3260.75,3261.75,496.0
2020-01-03 00:05:00,3261.75,3262.75,3261.25,3262.0,1205.0
2020-01-03 00:10:00,3262.0,3262.25,3261.25,3261.25,474.0
2020-01-03 00:15:00,3261.5,3262.0,3261.25,3261.25,342.0
2020-01-03 00:20:00,3261.5,3261.5,3260.75,3261.25,617.0
2020-01-03 00:25:00,3261.5,3262.0,3261.25,3261.25,272.0
2020-01-03 00:30:00,3261.25,3262.0,3261.25,3261.75,678.0
2020-01-03 00:35:00,3261.75,3262.0,3260.75,3261.0,271.0
2020-01-03 00:40:00,3260.75,3261.5,3260.5,3261.5,1072.0
2020-01-03 00:45:00,3261.75,3262.0,3261.25,3261.5,353.0
2020-01-03 00:50:00,3261.25,3261.75,3261.25,3261.75,188.0
2020-01-03 00:55:00,3261.75,3261.75,3261.0,3261.25,311.0
2020-01-03 01:00:00,3261.5,3262.0,3261.25,3261.75,374.0
2020-01-03 01:05:00,3261.75,3262.25,3261.5,3262.25,461.0
2020-01-03 01:10:00,3262.25,3262.75,3262.0,3262.25,409.0
2020-01-03 01:15:00,3262.25,3262.75,3261.75,3262.75,575.0
2020-01-03 01:20:00,3262.5,3262.5,3261.75,3262.0,308.0
2020-01-03 01:25:00,3262.0,3262.0,3261.5,3261.75,277.0
2020-01-03 01:30:00,3261.5,3261.5,3260.75,3260.75,865.0
2020-01-03 01:35:00,3261.0,3261.25,3259.5,3259.5,1400.0
2020-01-03 01:40:00,3259.75,3260.0,3257.25,3257.75,2640.0
2020-01-03 01:45:00,3257.75,3257.75,3256.25,3256.5,2502.0
2020-01-03 01:50:00,3256.5,3257.0,3254.0,3254.25,3396.0
2020-01-03 01:55:00,3254.25,3254.5,3252.25,3252.5,4048.0
2020-01-03 02:00:00,3252.5,3254.5,3252.5,3254.25,1847.0
2020-01-03 02:05:00,3254.25,3254.5,3251.75,3252.75,3768.0
2020-01-03 02:10:00,3252.5,3253.0,3249.75,3249.75,4256.0
2020-01-03 02:15:00,3250.0,3250.0,3246.0,3248.0,6638.0
2020-01-03 02:20:00,3248.25,3248.5,3245.5,3246.0,4728.0
2020-01-03 02:25:00,3245.75,3246.25,3240.25,3244.0,11482.0
2020-01-03 02:30:00,3244.0,3244.0,3241.0,3243.0,4799.0
2020-01-03 02:35:00,3243.0,3244.5,3238.75,3241.75,9645.0
2020-01-03 02:40:00,3241.75,3242.25,3235.75,3236.5,7192.0
2020-01-03 02:45:00,3236.5,3237.5,3235.0,3236.5,5683.0
2020-01-03 02:50:00,3236.75,3239.0,3236.0,3238.5,3496.0
2020-01-03 02:55:00,3238.75,3239.75,3238.25,3239.5,2268.0
2020-01-03 03:00:00,3239.5,3239.75,3237.75,3238.75,2632.0
2020-01-03 03:05:00,3238.75,3240.0,3238.5,3239.75,2390.0
2020-01-03 03:10:00,3239.75,3240.5,3237.0,3237.5,3468.0
2020-01-03 03:15:00,3237.75,3238.0,3231.5,3232.25,7446.0
2020-01-03 03:20:00,3232.25,3233.5,3231.0,3233.0,4246.0
2020-01-03 03:25:00,3233.0,3233.75,3232.0,3232.5,2114.0
2020-01-03 03:30:00,3232.5,3234.75,3232.5,3234.0,2157.0
2020-01-03 03:35:00,3234.0,3234.5,3233.5,3234.0,1270.0
2020-01-03 03:40:00,3234.0,3234.0,3232.25,3232.75,1132.0
2020-01-03 03:45:00,3232.75,3234.75,3232.25,3234.75,1632.0
2020-01-03 03:50:00,3235.0,3235.25,3234.25,3234.5,1683.0
2020-01-03 03:55:00,3234.75,3235.0,3234.25,3234.25,745.0
2020-01-03 04:00:00,3234.5,3237.75,3234.5,3237.0,2619.0
2020-01-03 04:05:00,3237.0,3237.75,3236.0,3237.5,1090.0
2020-01-03 04:10:00,3237.75,3237.75,3235.75,3236.75,1055.0
2020-01-03 04:15:00,3237.0,3237.0,3233.75,3235.25,1862.0
2020-01-03 04:20:00,3235.5,3237.0,3235.25,3237.0,945.0
2020-01-03 04:25:00,3237.0,3237.5,3236.25,3237.0,893.0
2020-01-03 04:30:00,3237.0,3238.75,3237.0,3238.75,1005.0
2020-01-03 04:35:00,3238.75,3239.5,3238.5,3239.5,793.0
2020-01-03 04:40:00,3239.25,3240.0,3238.75,3238.75,1408.0
2020-01-03 04:45:00,3238.75,3239.25,3238.25,3238.75,652.0
2020-01-03 04:50:00,3238.75,3239.0,3236.5,3237.5,988.0
2020-01-03 04:55:00,3237.5,3237.5,3236.5,3237.25,425.0
2020-01-03 05:00:00,3237.25,3238.25,3235.75,3235.75,1383.0
2020-01-03 05:05:00,3235.75,3236.0,3234.75,3234.75,1075.0
2020-01-03 05:10:00,3234.75,3235.5,3230.5,3232.25,3791.0
2020-01-03 05:15:00,3232.5,3233.0,3231.5,3232.25,1670.0
2020-01-03 05:20:00,3232.0,3234.25,3232.0,3233.5,867.0
2020-01-03 05:25:00,3233.5,3235.0,3233.5,3234.5,957.0
2020-01-03 05:30:00,3234.5,3235.75,3234.25,3235.5,1142.0
2020-01-03 05:35:00,3235.5,3236.25,3235.0,3235.25,808.0
2020-01-03 05:40:00,3235.0,3235.75,3234.0,3234.25,745.0
2020-01-03 05:45:00,3234.25,3235.25,3233.5,3235.0,924.0
2020-01-03 05:50:00,3234.75,3234.75,3233.75,3234.0,504.0
2020-01-03 05:55:00,3234.25,3234.25,3233.0,3233.75,784.0
2020-01-03 06:00:00,3233.75,3233.75,3232.0,3232.5,1592.0
2020-01-03 06:05:00,3232.5,3232.75,3231.5,3232.25,722.0
2020-01-03 06:10:00,3232.25,3232.5,3231.25,3232.0,921.0
2020-01-03 06:15:00,3232.0,3232.25,3231.0,3231.5,578.0
2020-01-03 06:20:00,3231.25,3232.5,3231.0,3232.0,851.0
2020-01-03 06:25:00,3232.0,3232.25,3231.25,3231.75,826.0
2020-01-03 06:30:00,3232.0,3232.5,3231.75,3232.25,657.0
2020-01-03 06:35:00,3232.25,3232.75,3231.75,3232.75,894.0
2020-01-03 06:40:00,3232.5,3233.25,3232.25,3232.75,636.0
2020-01-03 06:45:00,3232.5,3234.0,3232.5,3233.5,864.0
2020-01-03 06:50:00,3233.5,3234.5,3233.25,3234.25,817.0
2020-01-03 06:55:00,3234.25,3234.5,3233.75,3234.0,1116.0
2020-01-03 07:00:00,3234.0,3234.25,3231.75,3231.75,2698.0
2020-01-03 07:05:00,3231.75,3232.75,3231.25,3232.75,1611.0
2020-01-03 07:10:00,3233.0,3233.5,3232.0,3232.75,1002.0
2020-01-03 07:15:00,3232.5,3233.25,3232.25,3233.0,914.0
2020-01-03 07:20:00,3233.0,3233.5,3232.0,3232.0,1465.0
2020-01-03 07:25:00,3232.25,3234.25,3232.0,3234.25,1751.0
2020-01-03 07:30:00,3234.25,3235.0,3233.5,3234.0,1990.0
2020-01-03 07:35:00,3234.0,3234.25,3233.25,3233.75,897.0
2020-01-03 07:40:00,3233.5,3233.5,3232.5,3232.5,794.0
2020-01-03 07:45:00,3232.5,3233.0,3226.75,3227.75,6736.0
2020-01-03 07:50:00,3227.75,3229.5,3227.0,3228.25,4322.0
2020-01-03 07:55:00,3228.0,3228.25,3226.25,3227.0,5399.0
2020-01-03 08:00:00,3227.0,3227.5,3222.5,3227.25,13342.0
2020-01-03 08:05:00,3227.25,3228.0,3227.0,3227.5,4312.0
2020-01-03 08:10:00,3227.5,3229.5,3226.5,3228.0,4613.0
2020-01-03 08:15:00,3228.25,3229.5,3228.0,3228.75,2833.0
2020-01-03 08:20:00,3228.75,3230.75,3228.25,3228.75,2737.0
2020-01-03 08:25:00,3229.0,3230.5,3228.25,3229.25,2030.0
2020-01-03 08:30:00,3229.25,3231.0,3229.25,3230.5,1857.0
2020-01-03 08:35:00,3230.25,3230.75,3229.75,3230.25,2058.0
2020-01-03 08:40:00,3230.0,3230.25,3228.25,3228.75,1777.0
2020-01-03 08:45:00,3228.75,3229.0,3226.5,3229.0,3684.0
2020-01-03 08:50:00,3228.75,3229.75,3227.5,3228.25,2742.0
2020-01-03 08:55:00,3228.5,3228.75,3227.0,3227.5,1856.0
2020-01-03 09:00:00,3227.5,3228.0,3225.25,3225.75,4140.0
2020-01-03 09:05:00,3225.5,3226.0,3223.75,3225.0,2581.0
2020-01-03 09:10:00,3225.0,3225.0,3222.25,3222.25,2793.0
2020-01-03 09:15:00,3222.5,3224.0,3222.5,3223.75,2499.0
2020-01-03 09:20:00,3223.75,3224.5,3223.0,3223.25,2131.0
2020-01-03 09:25:00,3223.5,3224.25,3222.75,3224.0,1945.0
2020-01-03 09:30:00,3224.0,3225.25,3223.5,3224.25,2267.0
2020-01-03 09:35:00,3224.25,3225.25,3223.5,3224.75,2998.0
2020-01-03 09:40:00,3224.75,3224.75,3222.5,3223.0,2863.0
2020-01-03 09:45:00,3222.75,3223.0,3220.5,3221.25,3251.0
2020-01-03 09:50:00,3221.25,3223.5,3221.25,3222.5,2219.0
2020-01-03 09:55:00,3222.5,3223.5,3222.25,3223.25,1430.0
2020-01-03 10:00:00,3223.25,3225.75,3223.0,3225.5,2269.0
2020-01-03 10:05:00,3225.25,3226.0,3224.75,3224.75,1367.0
2020-01-03 10:10:00,3225.0,3225.5,3223.25,3224.0,1936.0
2020-01-03 10:15:00,3224.0,3224.25,3223.5,3224.0,901.0
2020-01-03 10:20:00,3224.0,3225.0,3222.75,3224.75,1925.0
2020-01-03 10:25:00,3224.75,3225.0,3222.75,3223.0,1867.0
2020-01-03 10:30:00,3222.75,3223.75,3221.75,3222.0,2014.0
2020-01-03 10:35:00,3221.75,3222.5,3220.5,3221.25,2525.0
2020-01-03 10:40:00,3221.0,3221.25,3218.5,3220.0,3735.0
2020-01-03 10:45:00,3220.0,3220.75,3218.0,3218.25,3076.0
2020-01-03 10:50:00,3218.25,3218.25,3213.5,3214.0,9907.0
2020-01-03 10:55:00,3214.0,3215.0,3206.75,3209.5,10962.0
2020-01-03 11:00:00,3209.5,3212.0,3209.0,3211.25,6009.0
2020-01-03 11:05:00,3211.5,3215.5,3211.25,3215.0,4262.0
2020-01-03 11:10:00,3214.75,3216.25,3214.0,3214.5,3542.0
2020-01-03 11:15:00,3214.5,3217.5,3213.75,3217.0,3236.0
2020-01-03 11:20:00,3217.0,3218.0,3216.25,3216.5,3297.0
2020-01-03 11:25:00,3216.5,3217.0,3216.25,3216.75,1662.0
2020-01-03 11:30:00,3216.75,3217.0,3213.75,3215.0,2372.0
2020-01-03 11:35:00,3215.0,3215.25,3214.0,3214.5,1456.0
2020-01-03 11:40:00,3214.25,3215.5,3214.25,3215.25,1105.0
2020-01-03 11:45:00,3215.25,3216.0,3214.25,3215.75,2403.0
2020-01-03 11:50:00,3215.75,3217.25,3215.75,3215.75,1555.0
2020-01-03 11:55:00,3215.5,3216.0,3214.75,3215.25,1852.0
2020-01-03 12:00:00,3215.25,3216.25,3214.25,3216.0,4025.0
2020-01-03 12:05:00,3216.0,3216.75,3215.75,3216.5,1671.0
2020-01-03 12:10:00,3216.5,3220.5,3216.25,3220.25,5028.0
2020-01-03 12:15:00,3220.5,3224.0,3220.0,3224.0,5040.0
2020-01-03 12:20:00,3224.0,3224.25,3222.75,3223.5,4073.0
2020-01-03 12:25:00,3223.25,3223.75,3222.25,3222.5,2439.0
2020-01-03 12:30:00,3222.5,3223.5,3221.75,3223.5,2894.0
2020-01-03 12:35:00,3223.5,3223.5,3222.75,3223.0,1175.0
2020-01-03 12:40:00,3223.0,3223.5,3222.5,3223.5,1727.0
2020-01-03 12:45:00,3223.5,3224.0,3223.0,3223.5,2271.0
2020-01-03 12:50:00,3223.5,3223.75,3222.0,3222.0,2523.0
2020-01-03 12:55:00,3222.25,3223.75,3221.75,3223.5,2096.0
2020-01-03 13:00:00,3223.5,3226.0,3223.25,3225.75,4271.0
2020-01-03 13:05:00,3225.75,3227.5,3225.0,3227.25,5119.0
2020-01-03 13:10:00,3227.5,3228.75,3226.5,3228.5,4332.0
2020-01-03 13:15:00,3228.5,3229.75,3227.5,3229.0,3839.0
2020-01-03 13:20:00,3229.25,3232.0,3229.25,3231.0,7367.0
2020-01-03 13:25:00,3231.0,3231.25,3229.5,3230.25,4630.0
2020-01-03 13:30:00,3230.5,3230.75,3227.25,3228.25,4577.0
2020-01-03 13:35:00,3228.0,3228.25,3226.75,3227.0,3976.0
2020-01-03 13:40:00,3227.0,3227.5,3226.5,3227.25,2442.0
2020-01-03 13:45:00,3227.25,3229.5,3227.25,3228.75,2975.0
2020-01-03 13:50:00,3229.0,3229.75,3227.25,3227.5,2629.0
2020-01-03 13:55:00,3227.25,3229.75,3227.0,3227.0,5012.0
2020-01-03 14:00:00,3227.0,3229.5,3226.75,3229.0,3401.0
2020-01-03 14:05:00,3229.0,3229.25,3228.0,3228.25,1729.0
2020-01-03 14:10:00,3228.0,3228.25,3227.0,3227.0,1865.0
2020-01-03 14:15:00,3227.0,3227.0,3225.25,3226.0,6512.0
2020-01-03 14:20:00,3226.0,3226.25,3225.0,3226.0,4652.0
2020-01-03 14:25:00,3226.0,3226.25,3222.75,3223.25,8406.0
2020-01-03 14:30:00,3223.25,3234.5,3220.25,3234.25,69448.0
2020-01-03 14:35:00,3234.25,3236.5,3232.0,3234.0,47332.0
2020-01-03 14:40:00,3234.25,3239.0,3232.75,3238.75,32630.0
2020-01-03 14:45:00,3239.0,3239.5,3236.5,3237.0,35315.0
2020-01-03 14:50:00,3237.0,3239.25,3236.0,3237.5,28164.0
2020-01-03 14:55:00,3237.5,3238.75,3234.0,3238.5,21012.0
2020-01-03 15:00:00,3238.25,3238.5,3230.0,3231.0,51284.0
2020-01-03 15:05:00,3230.75,3234.0,3230.25,3233.0,24593.0
2020-01-03 15:10:00,3233.0,3235.75,3232.75,3234.75,16972.0
2020-01-03 15:15:00,3234.75,3238.75,3234.5,3236.25,17197.0
2020-01-03 15:20:00,3236.25,3236.5,3232.0,3234.25,19898.0
2020-01-03 15:25:00,3234.0,3237.75,3234.0,3237.25,10860.0
2020-01-03 15:30:00,3237.25,3238.5,3235.75,3237.75,14714.0
2020-01-03 15:35:00,3237.5,3238.75,3236.25,3237.25,10380.0
2020-01-03 15:40:00,3237.5,3240.5,3236.75,3239.75,16557.0
2020-01-03 15:45:00,3239.75,3240.75,3238.25,3238.5,13878.0
2020-01-03 15:50:00,3238.5,3238.75,3233.75,3235.0,17800.0
2020-01-03 15:55:00,3235.0,3236.0,3233.75,3234.5,10611.0
2020-01-03 16:00:00,3234.25,3235.25,3232.75,3233.0,11230.0
2020-01-03 16:05:00,3233.0,3234.5,3232.25,3233.25,11635.0
2020-01-03 16:10:00,3233.0,3235.25,3230.75,3235.0,13196.0
2020-01-03 16:15:00,3235.0,3236.0,3233.25,3234.75,11769.0
2020-01-03 16:20:00,3234.5,3237.0,3234.25,3236.5,7425.0
2020-01-03 16:25:00,3236.25,3237.25,3235.25,3235.25,9113.0
2020-01-03 16:30:00,3235.25,3237.75,3235.0,3237.5,8841.0
2020-01-03 16:35:00,3237.5,3239.25,3237.5,3238.75,10759.0
2020-01-03 16:40:00,3238.75,3239.75,3238.0,3239.0,7660.0
2020-01-03 16:45:00,3239.0,3240.25,3238.75,3240.0,7245.0
2020-01-03 16:50:00,3240.25,3241.0,3239.25,3240.75,8594.0
2020-01-03 16:55:00,3240.75,3242.25,3240.25,3240.5,13158.0
2020-01-03 17:00:00,3240.75,3243.5,3240.5,3243.25,11883.0
2020-01-03 17:05:00,3243.25,3245.75,3243.25,3243.5,16412.0
2020-01-03 17:10:00,3243.5,3244.5,3242.0,3242.25,9373.0
2020-01-03 17:15:00,3242.25,3243.5,3241.75,3243.0,6710.0
2020-01-03 17:20:00,3242.75,3243.5,3242.25,3242.25,4265.0
2020-01-03 17:25:00,3242.25,3244.0,3242.25,3243.5,4771.0
2020-01-03 17:30:00,3243.25,3244.75,3242.25,3244.5,6239.0
2020-01-03 17:35:00,3244.5,3245.0,3243.75,3244.75,5860.0
2020-01-03 17:40:00,3244.5,3245.75,3243.5,3243.75,6361.0
2020-01-03 17:45:00,3243.75,3245.5,3243.75,3245.0,5970.0
2020-01-03 17:50:00,3245.0,3246.25,3244.5,3245.75,8376.0
2020-01-03 17:55:00,3245.5,3245.75,3243.0,3243.75,7057.0
2020-01-03 18:00:00,3243.75,3245.25,3243.5,3244.25,4935.0
2020-01-03 18:05:00,3244.5,3245.25,3243.75,3244.75,4993.0
2020-01-03 18:10:00,3245.0,3245.0,3244.25,3244.5,3468.0
2020-01-03 18:15:00,3244.5,3244.5,3242.5,3242.5,6131.0
2020-01-03 18:20:00,3242.5,3243.75,3241.75,3243.5,6888.0
2020-01-03 18:25:00,3243.5,3244.5,3243.25,3244.0,5831.0
2020-01-03 18:30:00,3244.25,3244.25,3241.5,3241.75,9314.0
2020-01-03 18:35:00,3241.75,3242.5,3233.0,3235.25,35173.0
2020-01-03 18:40:00,3235.25,3240.75,3234.5,3238.75,26750.0
2020-01-03 18:45:00,3238.5,3241.25,3238.5,3241.25,12345.0
2020-01-03 18:50:00,3241.25,3241.25,3239.5,3239.75,6670.0
2020-01-03 18:55:00,3239.75,3240.0,3238.0,3238.5,7486.0
2020-01-03 19:00:00,3238.5,3241.0,3238.0,3238.0,9632.0
2020-01-03 19:05:00,3238.25,3238.25,3236.0,3236.5,9625.0
2020-01-03 19:10:00,3236.5,3237.5,3236.0,3236.75,5855.0
2020-01-03 19:15:00,3236.5,3238.5,3235.5,3237.75,7728.0
2020-01-03 19:20:00,3237.75,3238.5,3237.0,3237.75,3480.0
2020-01-03 19:25:00,3237.75,3238.5,3236.5,3237.75,5221.0
2020-01-03 19:30:00,3237.75,3238.5,3237.25,3237.75,4224.0
2020-01-03 19:35:00,3238.0,3239.25,3237.25,3239.25,5147.0
2020-01-03 19:40:00,3239.0,3240.25,3238.75,3240.0,4547.0
2020-01-03 19:45:00,3240.0,3240.5,3239.25,3240.0,3931.0
2020-01-03 19:50:00,3240.0,3241.75,3240.0,3241.25,4840.0
2020-01-03 19:55:00,3241.0,3243.0,3241.0,3242.0,6006.0
2020-01-03 20:00:00,3242.25,3245.25,3241.25,3245.0,24801.0
2020-01-03 20:05:00,3245.25,3245.25,3242.25,3243.25,8123.0
2020-01-03 20:10:00,3243.0,3243.25,3241.5,3241.5,8181.0
2020-01-03 20:15:00,3241.75,3242.25,3239.5,3241.25,11169.0
2020-01-03 20:20:00,3241.25,3242.0,3238.25,3238.5,14708.0
2020-01-03 20:25:00,3238.5,3239.75,3237.75,3238.5,11810.0
2020-01-03 20:30:00,3238.25,3238.5,3234.25,3237.25,15112.0
2020-01-03 20:35:00,3237.0,3237.5,3235.5,3235.75,11678.0
2020-01-03 20:40:00,3235.75,3238.0,3234.5,3237.75,13938.0
2020-01-03 20:45:00,3237.5,3238.0,3234.5,3234.5,17223.0
2020-01-03 20:50:00,3234.5,3240.75,3234.25,3239.5,29433.0
2020-01-03 20:55:00,3239.5,3240.0,3235.5,3236.75,35628.0
2020-01-03 21:00:00,3236.5,3238.5,3233.75,3236.75,114967.0
2020-01-03 21:05:00,3236.75,3237.25,3235.5,3236.5,11275.0
2020-01-03 21:10:00,3236.5,3237.0,3235.75,3236.75,8386.0
2020-01-03 21:15:00,3236.75,3237.0,3235.0,3235.25,6585.0
2020-01-03 21:30:00,3235.0,3235.25,3234.5,3234.75,1980.0
2020-01-03 21:35:00,3234.75,3235.0,3234.25,3234.5,1187.0
2020-01-03 21:40:00,3234.5,3235.0,3234.25,3234.25,1000.0
2020-01-03 21:45:00,3234.5,3235.0,3234.25,3234.75,890.0
2020-01-03 21:50:00,3235.0,3235.0,3234.25,3235.0,1015.0
2020-01-03 21:55:00,3235.0,3235.5,3234.5,3235.25,1222.0
2020-01-03 22:00:00,3235.25,3235.75,3235.25,3235.5,362.0
2020-01-05 23:00:00,3220.25,3222.5,3217.25,3217.25,10815.0
2020-01-05 23:05:00,3217.25,3219.5,3216.5,3218.75,4368.0
2020-01-05 23:10:00,3218.75,3219.25,3217.0,3218.75,1901.0
2020-01-05 23:15:00,3218.75,3219.75,3216.25,3219.5,3358.0
2020-01-05 23:20:00,3219.25,3222.5,3219.25,3221.5,4161.0
2020-01-05 23:25:00,3221.5,3222.25,3220.0,3220.25,1998.0
2020-01-05 23:30:00,3220.25,3220.5,3218.5,3219.5,1844.0
2020-01-05 23:35:00,3219.75,3223.75,3219.5,3223.0,2004.0
2020-01-05 23:40:00,3223.0,3223.0,3220.5,3221.5,1522.0
2020-01-05 23:45:00,3221.75,3223.0,3221.5,3222.5,1182.0
2020-01-05 23:50:00,3222.5,3223.25,3222.5,3223.25,1251.0
2020-01-05 23:55:00,3223.0,3223.75,3222.0,3223.75,1187.0
2020-01-06 00:00:00,3223.75,3224.25,3222.5,3223.5,3736.0
2020-01-06 00:05:00,3223.5,3224.75,3222.75,3223.5,2240.0
2020-01-06 00:10:00,3223.5,3224.0,3223.0,3223.25,1345.0
2020-01-06 00:15:00,3223.25,3224.25,3222.25,3224.25,3023.0
2020-01-06 00:20:00,3224.25,3225.25,3222.5,3222.5,3278.0
2020-01-06 00:25:00,3222.75,3223.5,3222.25,3223.25,1609.0
2020-01-06 00:30:00,3223.25,3224.5,3222.75,3224.25,802.0
2020-01-06 00:35:00,3224.25,3224.25,3221.75,3222.0,1304.0
2020-01-06 00:40:00,3221.75,3222.75,3220.5,3222.75,1803.0
2020-01-06 00:45:00,3223.0,3223.5,3222.75,3223.25,742.0
2020-01-06 00:50:00,3223.5,3223.75,3223.0,3223.25,433.0
2020-01-06 00:55:00,3223.25,3223.5,3221.75,3223.0,2496.0
2020-01-06 01:00:00,3223.0,3223.25,3221.5,3222.0,1119.0
2020-01-06 01:05:00,3222.0,3223.0,3222.0,3222.0,933.0
2020-01-06 01:10:00,3222.25,3222.5,3221.25,3222.0,1413.0
2020-01-06 01:15:00,3222.0,3222.75,3220.5,3222.5,2441.0
2020-01-06 01:20:00,3222.75,3222.75,3221.5,3222.0,744.0
2020-01-06 01:25:00,3222.0,3222.25,3220.25,3220.25,700.0
2020-01-06 01:30:00,3220.5,3221.75,3220.25,3220.5,1384.0
2020-01-06 01:35:00,3220.5,3221.0,3220.25,3220.25,1148.0
2020-01-06 01:40:00,3220.25,3220.5,3219.75,3220.0,1288.0
2020-01-06 01:45:00,3220.25,3220.75,3219.5,3220.0,1982.0
2020-01-06 01:50:00,3220.0,3220.5,3219.25,3219.75,1725.0
2020-01-06 01:55:00,3219.5,3220.25,3219.0,3220.0,2741.0
2020-01-06 02:00:00,3220.0,3221.5,3219.75,3221.5,1508.0
2020-01-06 02:05:00,3221.5,3222.25,3221.25,3222.0,1097.0
2020-01-06 02:10:00,3222.0,3222.5,3221.75,3221.75,1204.0
2020-01-06 02:15:00,3221.5,3222.25,3221.5,3221.5,855.0
2020-01-06 02:20:00,3221.75,3222.0,3220.5,3220.5,1262.0
2020-01-06 02:25:00,3220.5,3221.0,3220.25,3221.0,667.0
2020-01-06 02:30:00,3221.0,3221.5,3220.5,3221.25,1175.0
2020-01-06 02:35:00,3221.25,3221.5,3219.5,3219.5,1750.0
2020-01-06 02:40:00,3219.5,3220.25,3219.25,3219.75,653.0
2020-01-06 02:45:00,3219.75,3220.0,3219.5,3219.75,510.0
2020-01-06 02:50:00,3219.75,3220.75,3219.5,3220.75,622.0
2020-01-06 02:55:00,3220.75,3221.25,3220.25,3220.5,902.0
2020-01-06 03:00:00,3220.5,3221.25,3220.5,3221.0,702.0
2020-01-06 03:05:00,3221.0,3221.5,3220.75,3221.25,464.0
2020-01-06 03:10:00,3221.25,3221.5,3221.0,3221.5,355.0
2020-01-06 03:15:00,3221.5,3221.75,3221.25,3221.75,491.0
2020-01-06 03:20:00,3221.75,3222.0,3221.5,3222.0,298.0
2020-01-06 03:25:00,3221.75,3222.5,3221.75,3222.0,610.0
2020-01-06 03:30:00,3222.25,3222.5,3221.75,3222.25,1031.0
2020-01-06 03:35:00,3222.25,3222.25,3221.5,3221.75,437.0
2020-01-06 03:40:00,3221.75,3222.75,3221.5,3222.5,922.0
2020-01-06 03:45:00,3222.5,3222.75,3222.25,3222.75,550.0
2020-01-06 03:50:00,3223.0,3225.0,3223.0,3224.75,3002.0
2020-01-06 03:55:00,3225.0,3225.75,3224.5,3224.5,1303.0
2020-01-06 04:00:00,3224.75,3225.25,3224.5,3224.5,846.0
2020-01-06 04:05:00,3224.75,3225.0,3224.25,3224.75,552.0
2020-01-06 04:10:00,3224.75,3226.25,3224.75,3225.75,1082.0
2020-01-06 04:15:00,3225.75,3226.5,3225.75,3226.25,1011.0
2020-01-06 04:20:00,3226.5,3228.0,3226.25,3227.75,2345.0
2020-01-06 04:25:00,3227.75,3230.0,3227.75,3229.5,4043.0
2020-01-06 04:30:00,3229.5,3230.0,3227.75,3228.0,1057.0
2020-01-06 04:35:00,3228.0,3228.0,3227.5,3228.0,790.0
2020-01-06 04:40:00,3228.0,3228.5,3227.75,3227.75,608.0
2020-01-06 04:45:00,3227.75,3228.25,3227.5,3227.5,328.0
2020-01-06 04:50:00,3227.5,3227.75,3226.75,3227.5,778.0
2020-01-06 04:55:00,3227.25,3228.25,3227.25,3228.0,365.0
2020-01-06 05:00:00,3228.25,3229.0,3227.75,3228.0,1179.0
2020-01-06 05:05:00,3228.0,3228.0,3227.0,3227.0,1549.0
2020-01-06 05:10:00,3227.0,3227.25,3226.75,3227.0,473.0
2020-01-06 05:15:00,3227.0,3227.5,3226.5,3227.0,457.0
2020-01-06 05:20:00,3227.0,3227.0,3226.5,3227.0,309.0
2020-01-06 05:25:00,3227.0,3227.5,3227.0,3227.0,173.0
2020-01-06 05:30:00,3227.25,3227.25,3226.25,3226.5,553.0
2020-01-06 05:35:00,3226.75,3227.25,3226.25,3226.25,590.0
2020-01-06 05:40:00,3226.25,3226.75,3226.0,3226.0,1006.0
2020-01-06 05:45:00,3226.25,3227.0,3226.0,3226.5,498.0
2020-01-06 05:50:00,3226.5,3226.75,3226.25,3226.5,614.0
2020-01-06 05:55:00,3226.75,3227.0,3226.25,3227.0,897.0
2020-01-06 06:00:00,3227.0,3227.25,3225.25,3225.25,1549.0
2020-01-06 06:05:00,3225.25,3225.5,3224.0,3224.0,1178.0
2020-01-06 06:10:00,3224.0,3224.75,3222.5,3222.5,1558.0
2020-01-06 06:15:00,3222.25,3222.75,3221.0,3222.25,2730.0
2020-01-06 06:20:00,3222.0,3223.75,3222.0,3223.5,803.0
2020-01-06 06:25:00,3223.5,3223.5,3222.75,3222.75,574.0
2020-01-06 06:30:00,3222.75,3223.75,3222.25,3223.5,1158.0
2020-01-06 06:35:00,3223.25,3223.25,3222.0,3222.25,745.0
2020-01-06 06:40:00,3222.5,3224.5,3222.0,3223.75,1448.0
2020-01-06 06:45:00,3223.75,3224.25,3223.0,3224.25,801.0
2020-01-06 06:50:00,3224.25,3224.5,3223.75,3224.0,708.0
2020-01-06 06:55:00,3224.25,3224.25,3223.75,3224.0,534.0
2020-01-06 07:00:00,3224.0,3225.25,3223.25,3224.25,2915.0
2020-01-06 07:05:00,3224.25,3224.75,3223.75,3224.25,988.0
2020-01-06 07:10:00,3224.25,3224.25,3223.0,3223.25,1084.0
2020-01-06 07:15:00,3223.25,3224.5,3223.0,3223.75,1336.0
2020-01-06 07:20:00,3223.75,3224.25,3223.5,3223.75,709.0
2020-01-06 07:25:00,3224.0,3225.0,3223.75,3224.5,1045.0
2020-01-06 07:30:00,3224.75,3228.75,3224.75,3226.5,6612.0
2020-01-06 07:35:00,3226.5,3226.75,3226.0,3226.0,1091.0
2020-01-06 07:40:00,3226.0,3226.5,3225.5,3225.75,1096.0
2020-01-06 07:45:00,3225.75,3225.75,3224.25,3224.5,1422.0
2020-01-06 07:50:00,3224.5,3224.75,3224.0,3224.5,580.0
2020-01-06 07:55:00,3224.25,3224.75,3224.0,3224.0,720.0
2020-01-06 08:00:00,3224.25,3225.5,3222.25,3223.25,6366.0
2020-01-06 08:05:00,3223.5,3224.75,3222.25,3224.25,4426.0
2020-01-06 08:10:00,3224.25,3225.5,3222.75,3223.25,3636.0
2020-01-06 08:15:00,3223.0,3223.25,3221.25,3222.75,3085.0
2020-01-06 08:20:00,3222.75,3224.0,3222.75,3223.0,1685.0
2020-01-06 08:25:00,3223.0,3223.0,3218.25,3219.25,5160.0
2020-01-06 08:30:00,3219.0,3219.75,3216.5,3216.5,5176.0
2020-01-06 08:35:00,3216.5,3218.0,3215.5,3215.75,4352.0
2020-01-06 08:40:00,3215.75,3216.25,3212.5,3213.0,8042.0
2020-01-06 08:45:00,3212.75,3214.25,3210.0,3210.5,6163.0
2020-01-06 08:50:00,3210.25,3211.75,3209.0,3209.5,6332.0
2020-01-06 08:55:00,3209.25,3211.25,3208.75,3209.5,4247.0
2020-01-06 09:00:00,3209.5,3212.25,3208.75,3212.0,5237.0
2020-01-06 09:05:00,3212.25,3212.75,3211.5,3212.0,3701.0
2020-01-06 09:10:00,3212.0,3212.5,3210.5,3211.0,2596.0
2020-01-06 09:15:00,3210.75,3212.25,3210.75,3211.5,1944.0
2020-01-06 09:20:00,3211.25,3212.0,3210.75,3211.5,1858.0
2020-01-06 09:25:00,3211.5,3211.75,3209.5,3210.25,2183.0
2020-01-06 09:30:00,3210.25,3210.75,3208.75,3209.5,2772.0
2020-01-06 09:35:00,3209.75,3210.0,3209.0,3209.0,1731.0
2020-01-06 09:40:00,3209.0,3213.5,3209.0,3212.75,5846.0
2020-01-06 09:45:00,3213.0,3213.75,3212.5,3212.75,2176.0
2020-01-06 09:50:00,3212.5,3213.75,3212.5,3213.5,2004.0
2020-01-06 09:55:00,3213.5,3215.0,3213.5,3214.25,3361.0
2020-01-06 10:00:00,3214.0,3215.0,3213.0,3215.0,2056.0
2020-01-06 10:05:00,3214.75,3216.25,3214.5,3216.25,3621.0
2020-01-06 10:10:00,3216.0,3217.0,3215.75,3216.5,3050.0
2020-01-06 10:15:00,3216.75,3217.0,3216.25,3217.0,783.0
2020-01-06 10:20:00,3216.75,3216.75,3215.25,3216.0,1494.0
2020-01-06 10:25:00,3216.0,3216.75,3215.75,3216.5,1306.0
2020-01-06 10:30:00,3216.5,3216.5,3215.5,3215.75,909.0
2020-01-06 10:35:00,3215.75,3216.5,3214.5,3216.0,1708.0
2020-01-06 10:40:00,3216.0,3217.0,3216.0,3216.25,1284.0
2020-01-06 10:45:00,3216.5,3216.5,3213.5,3215.25,2852.0
2020-01-06 10:50:00,3215.0,3216.5,3215.0,3216.5,847.0
2020-01-06 10:55:00,3216.5,3216.75,3216.0,3216.25,881.0
2020-01-06 11:00:00,3216.25,3217.5,3216.0,3216.5,2183.0
2020-01-06 11:05:00,3216.5,3216.5,3214.5,3215.5,1598.0
2020-01-06 11:10:00,3215.5,3216.5,3215.25,3216.5,1105.0
2020-01-06 11:15:00,3216.5,3217.5,3215.25,3215.5,1285.0
2020-01-06 11:20:00,3215.25,3216.75,3215.0,3216.5,1188.0
2020-01-06 11:25:00,3216.75,3217.75,3216.25,3217.0,1559.0
2020-01-06 11:30:00,3217.0,3218.0,3216.5,3216.75,1566.0
2020-01-06 11:35:00,3216.75,3217.25,3215.75,3215.75,1329.0
2020-01-06 11:40:00,3215.75,3216.75,3215.25,3216.75,1026.0
2020-01-06 11:45:00,3217.0,3217.0,3215.5,3215.5,1252.0
2020-01-06 11:50:00,3215.5,3217.5,3215.25,3217.25,1371.0
2020-01-06 11:55:00,3217.25,3217.5,3216.25,3216.75,643.0
2020-01-06 12:00:00,3216.5,3217.75,3216.5,3217.5,1275.0
2020-01-06 12:05:00,3217.5,3219.25,3217.0,3218.5,2455.0
2020-01-06 12:10:00,3218.5,3219.0,3217.5,3218.75,2042.0
2020-01-06 12:15:00,3218.5,3219.75,3218.25,3218.75,2491.0
2020-01-06 12:20:00,3218.75,3219.5,3218.5,3219.5,1144.0
2020-01-06 12:25:00,3219.25,3220.0,3219.0,3219.75,1230.0
2020-01-06 12:30:00,3219.75,3220.0,3219.25,3219.75,923.0
2020-01-06 12:35:00,3220.0,3222.25,3219.75,3221.25,3632.0
2020-01-06 12:40:00,3221.25,3222.75,3221.25,3222.25,2537.0
2020-01-06 12:45:00,3222.25,3222.75,3221.5,3221.5,1636.0
2020-01-06 12:50:00,3221.5,3222.25,3221.5,3221.75,1014.0
2020-01-06 12:55:00,3221.75,3222.0,3221.0,3221.0,1159.0
2020-01-06 13:00:00,3221.0,3221.5,3218.25,3218.75,3902.0
2020-01-06 13:05:00,3218.75,3218.75,3217.25,3217.5,3459.0
2020-01-06 13:10:00,3217.25,3218.0,3217.25,3217.25,1130.0
2020-01-06 13:15:00,3217.25,3217.25,3215.25,3216.5,4219.0
2020-01-06 13:20:00,3216.5,3218.25,3216.5,3217.25,2231.0
2020-01-06 13:25:00,3217.25,3218.75,3217.25,3217.75,2597.0
2020-01-06 13:30:00,3217.75,3218.75,3216.5,3216.75,2369.0
2020-01-06 13:35:00,3216.75,3217.25,3216.25,3216.75,1696.0
2020-01-06 13:40:00,3216.75,3217.5,3216.5,3216.75,1294.0
2020-01-06 13:45:00,3216.75,3217.75,3215.75,3216.0,1556.0
2020-01-06 13:50:00,3216.0,3217.25,3215.5,3217.0,1946.0
2020-01-06 13:55:00,3217.0,3217.5,3216.25,3217.5,1690.0
2020-01-06 14:00:00,3217.25,3218.25,3216.5,3217.25,3347.0
2020-01-06 14:05:00,3217.5,3219.75,3217.25,3219.0,2629.0
2020-01-06 14:10:00,3219.0,3219.25,3218.5,3219.25,1881.0
2020-01-06 14:15:00,3219.25,3219.25,3216.0,3216.75,4025.0
2020-01-06 14:20:00,3216.75,3217.25,3216.25,3216.5,2531.0
2020-01-06 14:25:00,3216.75,3217.0,3213.75,3214.5,7756.0
2020-01-06 14:30:00,3214.25,3221.75,3213.25,3220.25,57855.0
2020-01-06 14:35:00,3220.25,3222.75,3219.25,3221.0,34124.0
2020-01-06 14:40:00,3221.0,3224.0,3221.0,3223.75,24513.0
2020-01-06 14:45:00,3223.75,3226.75,3222.5,3226.25,26600.0
2020-01-06 14:50:00,3226.0,3227.25,3224.75,3225.0,34780.0
2020-01-06 14:55:00,3225.0,3226.75,3222.0,3226.75,30356.0
2020-01-06 15:00:00,3226.5,3227.0,3224.5,3226.75,21470.0
2020-01-06 15:05:00,3226.5,3226.75,3224.5,3225.25,18058.0
2020-01-06 15:10:00,3225.25,3228.75,3225.0,3227.75,19101.0
2020-01-06 15:15:00,3227.5,3228.5,3226.5,3228.5,17669.0
2020-01-06 15:20:00,3228.5,3231.25,3228.25,3230.0,18093.0
2020-01-06 15:25:00,3230.0,3230.0,3229.0,3229.75,10074.0
2020-01-06 15:30:00,3229.5,3231.25,3228.5,3229.0,16061.0
2020-01-06 15:35:00,3229.0,3229.75,3228.5,3229.5,8566.0
2020-01-06 15:40:00,3229.25,3232.75,3229.0,3232.75,19843.0
2020-01-06 15:45:00,3232.75,3234.5,3232.25,3233.75,19431.0
2020-01-06 15:50:00,3233.75,3234.75,3233.25,3234.5,12684.0
2020-01-06 15:55:00,3234.5,3234.75,3231.75,3232.5,14439.0
2020-01-06 16:00:00,3232.5,3233.0,3230.5,3230.75,17122.0
2020-01-06 16:05:00,3231.0,3233.5,3230.75,3233.0,8453.0
2020-01-06 16:10:00,3233.0,3234.75,3232.75,3233.75,12497.0
2020-01-06 16:15:00,3233.75,3234.75,3232.75,3234.0,12441.0
2020-01-06 16:20:00,3234.0,3235.0,3232.0,3232.5,13813.0
2020-01-06 16:25:00,3232.5,3233.0,3231.5,3232.25,7989.0
2020-01-06 16:30:00,3232.25,3235.0,3232.0,3234.75,10948.0
2020-01-06 16:35:00,3235.0,3235.5,3232.75,3234.0,10277.0
2020-01-06 16:40:00,3233.75,3234.25,3232.75,3233.5,7225.0
2020-01-06 16:45:00,3233.5,3234.0,3232.75,3233.5,4678.0
2020-01-06 16:50:00,3233.25,3233.25,3231.5,3231.75,8130.0
2020-01-06 16:55:00,3231.75,3233.0,3231.5,3232.75,6521.0
2020-01-06 17:00:00,3232.5,3232.75,3231.25,3231.5,8412.0
2020-01-06 17:05:00,3231.5,3232.75,3231.5,3232.5,3949.0
2020-01-06 17:10:00,3232.5,3234.25,3232.25,3232.5,7839.0
2020-01-06 17:15:00,3232.5,3232.75,3231.5,3231.5,7147.0
2020-01-06 17:20:00,3231.5,3232.75,3231.5,3232.75,7717.0
2020-01-06 17:25:00,3232.75,3233.0,3232.25,3232.25,4696.0
2020-01-06 17:30:00,3232.25,3233.5,3232.25,3233.25,4937.0
2020-01-06 17:35:00,3233.0,3233.75,3232.5,3233.25,3444.0
2020-01-06 17:40:00,3233.0,3235.0,3232.5,3234.75,5978.0
2020-01-06 17:45:00,3234.75,3235.0,3233.75,3233.75,4636.0
2020-01-06 17:50:00,3233.75,3234.25,3232.5,3232.75,5787.0
2020-01-06 17:55:00,3232.75,3234.0,3232.5,3233.75,5129.0
2020-01-06 18:00:00,3233.5,3234.5,3233.25,3234.25,4679.0
2020-01-06 18:05:00,3234.5,3237.25,3234.5,3237.0,15531.0
2020-01-06 18:10:00,3236.75,3237.25,3236.0,3237.25,7597.0
2020-01-06 18:15:00,3237.25,3237.75,3236.75,3237.25,6712.0
2020-01-06 18:20:00,3237.0,3237.5,3236.0,3236.25,7670.0
2020-01-06 18:25:00,3236.25,3237.75,3236.25,3237.5,3958.0
2020-01-06 18:30:00,3237.25,3238.25,3237.0,3237.25,5864.0
2020-01-06 18:35:00,3237.25,3238.0,3237.0,3237.75,7473.0
2020-01-06 18:40:00,3237.5,3237.75,3237.0,3237.5,7337.0
2020-01-06 18:45:00,3237.75,3238.75,3237.25,3238.25,4975.0
2020-01-06 18:50:00,3238.0,3238.5,3237.5,3238.0,3726.0
2020-01-06 18:55:00,3238.0,3238.0,3236.75,3237.5,5114.0
2020-01-06 19:00:00,3237.5,3237.75,3235.75,3236.75,11371.0
2020-01-06 19:05:00,3237.0,3238.25,3236.5,3238.0,7211.0
2020-01-06 19:10:00,3238.0,3241.25,3238.0,3240.75,18836.0
2020-01-06 19:15:00,3240.75,3241.25,3240.5,3241.0,7583.0
2020-01-06 19:20:00,3241.0,3241.75,3240.25,3240.5,8416.0
2020-01-06 19:25:00,3240.75,3240.75,3239.25,3240.0,7264.0
2020-01-06 19:30:00,3239.75,3240.5,3239.25,3239.25,4904.0
2020-01-06 19:35:00,3239.5,3239.75,3239.0,3239.0,3922.0
2020-01-06 19:40:00,3239.0,3239.75,3238.75,3239.25,5546.0
2020-01-06 19:45:00,3239.25,3239.75,3238.75,3239.25,4226.0
2020-01-06 19:50:00,3239.0,3240.25,3239.0,3239.5,5111.0
2020-01-06 19:55:00,3239.75,3240.0,3239.0,3240.0,3435.0
2020-01-06 20:00:00,3239.75,3240.5,3239.25,3240.25,6406.0
2020-01-06 20:05:00,3240.25,3240.5,3238.75,3239.5,7604.0
2020-01-06 20:10:00,3239.5,3241.5,3239.25,3241.5,16607.0
2020-01-06 20:15:00,3241.5,3242.25,3241.0,3241.25,14685.0
2020-01-06 20:20:00,3241.25,3241.75,3240.5,3241.5,10012.0
2020-01-06 20:25:00,3241.5,3241.75,3240.25,3240.5,5918.0
2020-01-06 20:30:00,3240.5,3241.0,3239.0,3239.75,13464.0
2020-01-06 20:35:00,3239.5,3240.5,3239.0,3240.0,16681.0
2020-01-06 20:40:00,3240.0,3241.75,3240.0,3240.75,14824.0
2020-01-06 20:45:00,3241.0,3243.75,3240.75,3243.5,24445.0
2020-01-06 20:50:00,3243.25,3245.75,3242.25,3245.25,36384.0
2020-01-06 20:55:00,3245.5,3246.0,3243.75,3246.0,42844.0
2020-01-06 21:00:00,3245.75,3249.5,3244.75,3248.25,85946.0
2020-01-06 21:05:00,3248.25,3248.5,3244.25,3244.75,16591.0
2020-01-06 21:10:00,3244.75,3245.75,3243.0,3243.5,12612.0
2020-01-06 21:15:00,3243.75,3244.0,3242.5,3243.75,8448.0
2020-01-06 21:30:00,3244.0,3244.5,3243.25,3243.25,3302.0
2020-01-06 21:35:00,3243.25,3244.0,3243.25,3243.5,947.0
2020-01-06 21:40:00,3243.75,3243.75,3242.5,3242.75,1123.0
2020-01-06 21:45:00,3243.0,3243.25,3242.75,3243.0,507.0
2020-01-06 21:50:00,3243.25,3243.5,3242.75,3243.0,758.0
2020-01-06 21:55:00,3243.0,3243.0,3242.5,3243.0,1101.0
2020-01-06 22:00:00,3242.75,3243.0,3242.25,3242.75,500.0
2020-01-06 23:00:00,3243.5,3244.0,3242.25,3242.75,1540.0
2020-01-06 23:05:00,3242.75,3244.5,3242.5,3244.5,897.0
2020-01-06 23:10:00,3244.25,3244.75,3244.0,3244.5,592.0
2020-01-06 23:15:00,3244.5,3244.75,3244.0,3244.5,646.0
2020-01-06 23:20:00,3244.5,3244.75,3243.5,3243.75,511.0
2020-01-06 23:25:00,3244.0,3244.25,3243.75,3244.0,632.0
2020-01-06 23:30:00,3244.0,3244.25,3243.25,3244.0,818.0
2020-01-06 23:35:00,3244.0,3244.0,3243.5,3243.75,217.0
2020-01-06 23:40:00,3243.5,3243.75,3242.0,3242.0,633.0
2020-01-06 23:45:00,3242.25,3242.75,3242.0,3242.0,726.0
2020-01-06 23:50:00,3242.0,3242.5,3241.75,3242.0,648.0
2020-01-06 23:55:00,3242.0,3242.75,3241.75,3241.75,542.0
2020-01-07 00:00:00,3241.75,3244.5,3241.75,3243.25,1507.0
2020-01-07 00:05:00,3243.25,3244.25,3242.5,3243.75,1520.0
2020-01-07 00:10:00,3244.0,3244.5,3242.5,3242.5,847.0
2020-01-07 00:15:00,3242.5,3243.5,3242.25,3243.25,825.0
2020-01-07 00:20:00,3243.0,3244.0,3242.75,3243.5,1053.0
2020-01-07 00:25:00,3243.5,3245.0,3243.0,3244.5,1101.0
2020-01-07 00:30:00,3244.75,3246.25,3244.5,3246.0,2323.0
2020-01-07 00:35:00,3246.0,3246.75,3245.75,3246.0,1564.0
2020-01-07 00:40:00,3246.0,3246.75,3246.0,3246.75,631.0
2020-01-07 00:45:00,3246.75,3248.75,3246.75,3248.5,2254.0
2020-01-07 00:50:00,3248.25,3248.5,3247.75,3248.25,840.0
2020-01-07 00:55:00,3248.0,3248.25,3247.0,3247.0,971.0
2020-01-07 01:00:00,3247.0,3247.75,3246.5,3246.75,967.0
2020-01-07 01:05:00,3246.5,3247.0,3246.25,3246.75,727.0
2020-01-07 01:10:00,3247.0,3247.75,3246.25,3247.75,774.0
2020-01-07 01:15:00,3247.75,3248.0,3247.25,3247.5,1379.0
2020-01-07 01:20:00,3247.25,3247.75,3246.5,3247.25,941.0
2020-01-07 01:25:00,3247.0,3247.75,3246.75,3246.75,569.0
2020-01-07 01:30:00,3246.75,3247.5,3246.5,3247.5,1086.0
2020-01-07 01:35:00,3247.5,3248.5,3247.25,3248.25,835.0
2020-01-07 01:40:00,3248.25,3249.5,3248.25,3249.0,1792.0
2020-01-07 01:45:00,3248.75,3249.5,3248.75,3249.25,1442.0
2020-01-07 01:50:00,3249.0,3249.5,3248.75,3249.0,787.0
2020-01-07 01:55:00,3249.25,3249.25,3248.5,3248.75,788.0
2020-01-07 02:00:00,3248.75,3250.5,3248.25,3250.0,2852.0
2020-01-07 02:05:00,3250.0,3250.5,3249.75,3250.5,1192.0
2020-01-07 02:10:00,3250.25,3250.5,3249.75,3250.0,851.0
2020-01-07 02:15:00,3250.0,3250.75,3249.5,3250.75,1112.0
2020-01-07 02:20:00,3250.5,3251.25,3250.25,3250.75,1609.0
2020-01-07 02:25:00,3250.75,3251.5,3250.75,3250.75,1150.0
2020-01-07 02:30:00,3250.75,3251.25,3250.5,3251.25,594.0
2020-01-07 02:35:00,3251.25,3251.25,3250.25,3250.5,688.0
2020-01-07 02:40:00,3250.5,3250.5,3248.75,3249.0,1234.0
2020-01-07 02:45:00,3249.0,3249.0,3248.5,3249.0,705.0
2020-01-07 02:50:00,3248.75,3249.25,3248.75,3249.0,500.0
2020-01-07 02:55:00,3249.0,3249.75,3249.0,3249.25,335.0
2020-01-07 03:00:00,3249.5,3249.5,3248.75,3249.5,465.0
2020-01-07 03:05:00,3249.5,3249.75,3249.0,3249.25,210.0
2020-01-07 03:10:00,3249.0,3249.0,3248.75,3248.75,323.0
2020-01-07 03:15:00,3248.75,3249.0,3248.5,3249.0,293.0
2020-01-07 03:20:00,3248.75,3249.0,3248.5,3249.0,399.0
2020-01-07 03:25:00,3249.0,3249.0,3248.5,3248.75,388.0
2020-01-07 03:30:00,3248.5,3249.0,3248.0,3248.75,1146.0
2020-01-07 03:35:00,3248.75,3249.0,3248.25,3248.5,919.0
2020-01-07 03:40:00,3248.5,3248.75,3248.5,3248.75,174.0
2020-01-07 03:45:00,3248.75,3249.0,3248.5,3249.0,212.0
2020-01-07 03:50:00,3249.0,3249.25,3248.5,3248.75,518.0
2020-01-07 03:55:00,3248.75,3249.0,3248.5,3248.5,755.0
2020-01-07 04:00:00,3248.75,3249.75,3248.75,3249.5,584.0
2020-01-07 04:05:00,3249.5,3249.5,3249.25,3249.5,294.0
2020-01-07 04:10:00,3249.5,3249.75,3249.25,3249.75,323.0
2020-01-07 04:15:00,3249.75,3250.25,3249.75,3250.0,320.0
2020-01-07 04:20:00,3250.0,3251.0,3249.75,3251.0,563.0
2020-01-07 04:25:00,3251.25,3253.5,3251.0,3252.5,2751.0
2020-01-07 04:30:00,3252.5,3253.0,3251.75,3251.75,1041.0
2020-01-07 04:35:00,3251.75,3251.75,3251.25,3251.25,348.0
2020-01-07 04:40:00,3251.5,3251.75,3251.25,3251.5,217.0
2020-01-07 04:45:00,3251.75,3252.0,3250.75,3252.0,748.0
2020-01-07 04:50:00,3252.0,3252.5,3251.75,3252.0,452.0
2020-01-07 04:55:00,3251.75,3252.75,3251.75,3252.75,703.0
2020-01-07 05:00:00,3252.75,3252.75,3251.5,3251.75,672.0
2020-01-07 05:05:00,3251.75,3251.75,3251.0,3251.25,268.0
2020-01-07 05:10:00,3251.25,3252.0,3251.25,3251.75,384.0
2020-01-07 05:15:00,3251.75,3252.25,3251.5,3251.75,345.0
2020-01-07 05:20:00,3251.75,3252.0,3251.25,3251.25,433.0
2020-01-07 05:25:00,3251.5,3251.75,3250.75,3251.0,1122.0
2020-01-07 05:30:00,3251.0,3251.0,3249.5,3249.75,1053.0
2020-01-07 05:35:00,3249.75,3250.0,3249.25,3249.5,444.0
2020-01-07 05:40:00,3249.25,3250.25,3249.25,3250.25,564.0
2020-01-07 05:45:00,3250.5,3250.5,3250.0,3250.0,403.0
2020-01-07 05:50:00,3250.25,3250.5,3249.75,3250.25,540.0
2020-01-07 05:55:00,3250.25,3250.75,3250.0,3250.5,233.0
2020-01-07 06:00:00,3250.5,3251.0,3248.25,3250.25,2293.0
2020-01-07 06:05:00,3250.25,3250.25,3249.0,3249.5,1267.0
2020-01-07 06:10:00,3249.5,3249.75,3248.5,3248.75,947.0
2020-01-07 06:15:00,3248.75,3248.75,3248.0,3248.0,932.0
2020-01-07 06:20:00,3248.0,3248.25,3246.0,3246.5,1694.0
2020-01-07 06:25:00,3246.5,3246.75,3246.25,3246.5,412.0
2020-01-07 06:30:00,3246.25,3247.25,3246.25,3247.25,889.0
2020-01-07 06:35:00,3247.25,3248.5,3246.75,3247.25,1115.0
2020-01-07 06:40:00,3247.5,3248.0,3247.0,3247.75,662.0
2020-01-07 06:45:00,3247.75,3248.25,3247.75,3248.0,584.0
2020-01-07 06:50:00,3248.25,3249.0,3248.0,3248.5,715.0
2020-01-07 06:55:00,3248.5,3249.0,3248.25,3248.25,603.0
2020-01-07 07:00:00,3248.25,3248.75,3247.75,3248.0,1122.0
2020-01-07 07:05:00,3248.25,3251.5,3248.25,3251.25,2482.0
2020-01-07 07:10:00,3251.5,3252.0,3250.75,3251.75,1513.0
2020-01-07 07:15:00,3251.75,3252.0,3250.5,3250.5,1003.0
2020-01-07 07:20:00,3250.5,3250.75,3249.75,3250.0,964.0
2020-01-07 07:25:00,3249.75,3250.25,3245.5,3247.75,4536.0
2020-01-07 07:30:00,3247.75,3248.0,3243.0,3245.25,7907.0
2020-01-07 07:35:00,3245.25,3245.75,3243.5,3243.75,2852.0
2020-01-07 07:40:00,3244.0,3245.0,3243.5,3244.25,2225.0
2020-01-07 07:45:00,3244.25,3247.5,3243.75,3246.75,3085.0
2020-01-07 07:50:00,3246.75,3247.25,3246.25,3246.75,1104.0
2020-01-07 07:55:00,3246.75,3247.0,3245.0,3245.25,1177.0
2020-01-07 08:00:00,3245.25,3247.5,3244.25,3245.25,6393.0
2020-01-07 08:05:00,3245.25,3248.25,3244.75,3248.0,3745.0
2020-01-07 08:10:00,3248.0,3251.75,3247.75,3250.25,5432.0
2020-01-07 08:15:00,3250.5,3250.75,3249.5,3250.75,2350.0
2020-01-07 08:20:00,3250.75,3250.75,3249.25,3250.0,2396.0
2020-01-07 08:25:00,3250.25,3250.75,3249.25,3250.75,1699.0
2020-01-07 08:30:00,3250.5,3251.75,3250.25,3251.75,2158.0
2020-01-07 08:35:00,3251.75,3252.0,3250.25,3250.5,1762.0
2020-01-07 08:40:00,3250.25,3250.5,3249.5,3249.75,1840.0
2020-01-07 08:45:00,3250.0,3253.0,3249.75,3252.25,2609.0
2020-01-07 08:50:00,3252.25,3254.5,3251.75,3252.5,3534.0
2020-01-07 08:55:00,3252.25,3252.25,3250.5,3250.5,1799.0
2020-01-07 09:00:00,3250.5,3251.25,3250.25,3250.75,1276.0
2020-01-07 09:05:00,3250.75,3251.25,3248.0,3248.25,2623.0
2020-01-07 09:10:00,3248.25,3249.5,3248.25,3249.0,1616.0
2020-01-07 09:15:00,3249.0,3249.75,3248.5,3249.75,1183.0
2020-01-07 09:20:00,3250.0,3250.0,3249.25,3249.5,874.0
2020-01-07 09:25:00,3249.75,3250.0,3248.25,3250.0,916.0
2020-01-07 09:30:00,3249.75,3251.0,3249.75,3250.25,1144.0
2020-01-07 09:35:00,3250.0,3250.25,3248.5,3248.75,972.0
2020-01-07 09:40:00,3248.75,3249.25,3248.25,3248.75,1432.0
2020-01-07 09:45:00,3249.0,3249.25,3245.0,3246.5,4060.0
2020-01-07 09:50:00,3246.5,3247.5,3246.0,3247.0,1226.0
2020-01-07 09:55:00,3247.0,3248.5,3247.0,3248.25,1083.0
2020-01-07 10:00:00,3248.25,3249.25,3247.75,3249.25,1701.0
2020-01-07 10:05:00,3249.25,3249.25,3248.5,3248.75,1150.0
2020-01-07 10:10:00,3248.75,3250.25,3248.0,3248.0,1235.0
2020-01-07 10:15:00,3248.0,3248.75,3247.75,3248.25,1076.0
2020-01-07 10:20:00,3248.25,3248.25,3247.25,3247.75,1080.0
2020-01-07 10:25:00,3248.0,3248.0,3245.25,3246.5,1663.0
2020-01-07 10:30:00,3246.75,3246.75,3245.75,3245.75,1156.0
2020-01-07 10:35:00,3245.75,3247.25,3245.5,3247.0,1353.0
2020-01-07 10:40:00,3247.0,3247.25,3245.5,3246.25,1214.0
2020-01-07 10:45:00,3246.5,3246.5,3245.5,3246.25,824.0
2020-01-07 10:50:00,3246.25,3248.0,3246.25,3248.0,971.0
2020-01-07 10:55:00,3248.0,3248.0,3247.25,3247.75,735.0
2020-01-07 11:00:00,3247.75,3248.5,3247.0,3248.25,1517.0
2020-01-07 11:05:00,3248.25,3249.25,3248.0,3248.25,1478.0
2020-01-07 11:10:00,3248.25,3248.5,3247.25,3247.25,734.0
2020-01-07 11:15:00,3247.25,3247.25,3246.25,3246.75,902.0
2020-01-07 11:20:00,3246.75,3246.75,3246.0,3246.75,879.0
2020-01-07 11:25:00,3246.75,3246.75,3245.25,3245.25,886.0
2020-01-07 11:30:00,3245.25,3246.0,3244.75,3245.0,1677.0
2020-01-07 11:35:00,3245.0,3246.0,3245.0,3245.25,986.0
2020-01-07 11:40:00,3245.25,3245.75,3244.75,3245.0,667.0
2020-01-07 11:45:00,3245.25,3245.5,3243.75,3244.0,1605.0
2020-01-07 11:50:00,3244.0,3244.5,3243.5,3244.0,916.0
2020-01-07 11:55:00,3244.0,3244.25,3243.5,3244.0,1023.0
2020-01-07 12:00:00,3244.0,3245.25,3243.75,3245.0,1346.0
2020-01-07 12:05:00,3245.0,3245.5,3244.5,3245.5,922.0
2020-01-07 12:10:00,3245.5,3246.25,3245.5,3246.0,1230.0
2020-01-07 12:15:00,3246.25,3246.25,3244.25,3245.0,1445.0
2020-01-07 12:20:00,3245.0,3246.0,3245.0,3245.5,750.0
2020-01-07 12:25:00,3245.25,3245.75,3245.0,3245.75,849.0
2020-01-07 12:30:00,3246.0,3246.5,3245.25,3245.5,1652.0
2020-01-07 12:35:00,3245.5,3246.25,3245.0,3245.75,882.0
2020-01-07 12:40:00,3245.75,3246.0,3245.0,3245.75,1092.0
2020-01-07 12:45:00,3245.75,3246.25,3245.25,3245.75,1036.0
2020-01-07 12:50:00,3245.75,3246.0,3245.25,3245.75,737.0
2020-01-07 12:55:00,3245.75,3247.25,3245.75,3247.0,1756.0
2020-01-07 13:00:00,3247.0,3247.25,3244.5,3244.5,2346.0
2020-01-07 13:05:00,3244.5,3245.75,3244.25,3244.75,2077.0
2020-01-07 13:10:00,3245.0,3245.25,3243.25,3244.25,2061.0
2020-01-07 13:15:00,3244.25,3244.75,3243.75,3244.25,1422.0
2020-01-07 13:20:00,3244.0,3244.5,3243.25,3244.5,2406.0
2020-01-07 13:25:00,3244.75,3245.5,3244.5,3244.75,1903.0
2020-01-07 13:30:00,3245.0,3245.0,3242.75,3243.0,3001.0
2020-01-07 13:35:00,3243.0,3243.25,3241.75,3242.5,3953.0
2020-01-07 13:40:00,3242.5,3243.25,3241.75,3242.5,3284.0
2020-01-07 13:45:00,3242.25,3242.5,3241.0,3241.25,3095.0
2020-01-07 13:50:00,3241.0,3241.5,3238.75,3240.0,7381.0
2020-01-07 13:55:00,3240.0,3240.5,3239.0,3239.25,4168.0
2020-01-07 14:00:00,3239.5,3240.25,3238.0,3240.0,6266.0
2020-01-07 14:05:00,3239.75,3241.25,3239.25,3241.0,4662.0
2020-01-07 14:10:00,3240.75,3241.25,3239.75,3240.5,2966.0
2020-01-07 14:15:00,3240.5,3240.75,3238.75,3239.5,4565.0
2020-01-07 14:20:00,3239.5,3240.25,3238.5,3240.0,4745.0
2020-01-07 14:25:00,3240.0,3240.25,3239.0,3240.25,5250.0
2020-01-07 14:30:00,3240.0,3240.75,3236.25,3238.25,50664.0
2020-01-07 14:35:00,3238.5,3242.25,3238.0,3238.25,47526.0
2020-01-07 14:40:00,3238.0,3238.25,3233.5,3234.0,45107.0
2020-01-07 14:45:00,3233.75,3235.5,3231.75,3233.25,32132.0
2020-01-07 14:50:00,3233.0,3235.75,3232.5,3233.75,27195.0
2020-01-07 14:55:00,3234.0,3235.0,3232.0,3235.0,16998.0
2020-01-07 15:00:00,3235.0,3238.0,3234.5,3237.25,33009.0
2020-01-07 15:05:00,3237.25,3238.5,3235.75,3237.25,23802.0
2020-01-07 15:10:00,3237.25,3238.75,3236.5,3238.5,15542.0
2020-01-07 15:15:00,3238.5,3239.25,3237.5,3238.25,17634.0
2020-01-07 15:20:00,3238.25,3239.25,3237.5,3237.75,14147.0
2020-01-07 15:25:00,3237.75,3238.5,3235.0,3237.25,15052.0
2020-01-07 15:30:00,3237.0,3240.75,3233.75,3235.5,31560.0
2020-01-07 15:35:00,3235.25,3238.5,3235.25,3237.75,14252.0
2020-01-07 15:40:00,3237.75,3238.5,3236.25,3237.5,11896.0
2020-01-07 15:45:00,3237.5,3239.5,3237.5,3239.25,10449.0
2020-01-07 15:50:00,3239.5,3240.0,3238.25,3239.5,14455.0
2020-01-07 15:55:00,3239.75,3243.25,3239.5,3242.5,15569.0
2020-01-07 16:00:00,3242.75,3244.25,3241.5,3244.25,14834.0
2020-01-07 16:05:00,3244.25,3244.25,3243.0,3243.25,9111.0
2020-01-07 16:10:00,3243.25,3243.75,3242.5,3243.0,9300.0
2020-01-07 16:15:00,3243.25,3244.0,3242.75,3243.5,9290.0
2020-01-07 16:20:00,3243.5,3244.0,3242.25,3243.5,7730.0
2020-01-07 16:25:00,3243.5,3244.75,3243.5,3243.75,9258.0
2020-01-07 16:30:00,3243.75,3244.25,3241.5,3242.0,15505.0
2020-01-07 16:35:00,3242.0,3242.0,3240.5,3241.25,9878.0
2020-01-07 16:40:00,3241.5,3241.5,3240.5,3241.0,5100.0
2020-01-07 16:45:00,3241.0,3241.5,3238.75,3238.75,6308.0
2020-01-07 16:50:00,3238.75,3239.25,3238.0,3238.75,7544.0
2020-01-07 16:55:00,3238.75,3238.75,3236.75,3237.5,8839.0
2020-01-07 17:00:00,3237.5,3238.5,3237.25,3238.25,5405.0
2020-01-07 17:05:00,3238.25,3238.75,3237.25,3238.5,6036.0
2020-01-07 17:10:00,3238.5,3238.5,3236.25,3237.75,6878.0
2020-01-07 17:15:00,3237.75,3239.25,3237.0,3239.25,4356.0
2020-01-07 17:20:00,3239.25,3239.5,3238.75,3239.5,4383.0
2020-01-07 17:25:00,3239.5,3240.0,3239.0,3239.75,4168.0
2020-01-07 17:30:00,3239.75,3239.75,3237.0,3237.75,6075.0
2020-01-07 17:35:00,3238.0,3239.0,3237.25,3238.25,8055.0
2020-01-07 17:40:00,3238.25,3238.25,3237.0,3238.0,6752.0
2020-01-07 17:45:00,3238.0,3238.5,3236.75,3237.0,7642.0
2020-01-07 17:50:00,3237.0,3238.25,3236.75,3238.0,4233.0
2020-01-07 17:55:00,3238.0,3239.0,3237.5,3238.75,4968.0
2020-01-07 18:00:00,3239.0,3239.75,3238.25,3239.75,4773.0
2020-01-07 18:05:00,3239.75,3239.75,3238.75,3239.25,3923.0
2020-01-07 18:10:00,3239.25,3240.5,3239.25,3240.5,4282.0
2020-01-07 18:15:00,3240.5,3240.75,3240.0,3240.25,4665.0
2020-01-07 18:20:00,3240.5,3241.0,3240.5,3240.5,3864.0
2020-01-07 18:25:00,3240.5,3240.75,3239.5,3240.25,4673.0
2020-01-07 18:30:00,3240.25,3240.75,3239.75,3240.5,2380.0
2020-01-07 18:35:00,3240.5,3240.75,3239.5,3239.75,3532.0
2020-01-07 18:40:00,3240.0,3240.0,3238.5,3238.5,3590.0
2020-01-07 18:45:00,3238.5,3239.5,3238.25,3239.5,3544.0
2020-01-07 18:50:00,3239.5,3239.5,3238.75,3239.5,2632.0
2020-01-07 18:55:00,3239.5,3240.75,3239.5,3240.5,3359.0
2020-01-07 19:00:00,3240.5,3241.25,3238.5,3239.5,8071.0
2020-01-07 19:05:00,3239.75,3239.75,3238.5,3239.5,4146.0
2020-01-07 19:10:00,3239.25,3239.5,3237.5,3237.5,4649.0
2020-01-07 19:15:00,3237.75,3237.75,3235.75,3236.5,8456.0
2020-01-07 19:20:00,3236.25,3237.75,3236.25,3237.25,5255.0
2020-01-07 19:25:00,3237.25,3238.5,3237.0,3237.75,3933.0
2020-01-07 19:30:00,3237.75,3238.75,3237.5,3238.5,4955.0
2020-01-07 19:35:00,3238.75,3239.75,3237.25,3237.5,7134.0
2020-01-07 19:40:00,3237.5,3237.75,3236.5,3237.75,5384.0
2020-01-07 19:45:00,3237.75,3238.5,3237.5,3238.5,2423.0
2020-01-07 19:50:00,3238.5,3239.0,3238.25,3238.75,2695.0
2020-01-07 19:55:00,3238.75,3239.5,3238.25,3239.0,4655.0
2020-01-07 20:00:00,3239.0,3240.25,3238.75,3239.5,6125.0
2020-01-07 20:05:00,3239.25,3240.5,3239.25,3240.25,4689.0
2020-01-07 20:10:00,3240.5,3242.25,3240.25,3242.0,12551.0
2020-01-07 20:15:00,3242.0,3243.0,3241.5,3242.25,6604.0
2020-01-07 20:20:00,3242.25,3243.0,3242.0,3242.0,3713.0
2020-01-07 20:25:00,3242.25,3242.75,3241.5,3242.25,5155.0
2020-01-07 20:30:00,3242.0,3242.5,3241.0,3241.75,5936.0
2020-01-07 20:35:00,3242.0,3242.0,3240.5,3240.5,6593.0
2020-01-07 20:40:00,3240.5,3240.75,3239.5,3240.75,6165.0
2020-01-07 20:45:00,3240.75,3241.25,3239.75,3240.5,6830.0
2020-01-07 20:50:00,3240.5,3240.75,3237.0,3237.25,16969.0
2020-01-07 20:55:00,3237.0,3238.25,3236.0,3237.25,21459.0
2020-01-07 21:00:00,3237.0,3237.75,3234.25,3235.5,70084.0
2020-01-07 21:05:00,3235.5,3236.0,3234.0,3235.75,10600.0
2020-01-07 21:10:00,3235.5,3236.5,3234.75,3236.25,5686.0
2020-01-07 21:15:00,3236.25,3236.5,3235.0,3235.25,4006.0
2020-01-07 21:30:00,3235.0,3235.25,3226.75,3228.75,11719.0
2020-01-07 21:35:00,3228.75,3229.75,3227.25,3227.5,4982.0
2020-01-07 21:40:00,3227.5,3233.5,3226.0,3231.75,7977.0
2020-01-07 21:45:00,3232.0,3232.75,3229.25,3231.0,3687.0
2020-01-07 21:50:00,3231.25,3233.25,3231.0,3232.25,3711.0
2020-01-07 21:55:00,3232.25,3233.75,3232.0,3232.75,4162.0
2020-01-07 22:00:00,3232.75,3233.0,3232.5,3233.0,846.0
2020-01-07 23:00:00,3231.75,3233.75,3229.75,3232.0,5662.0
2020-01-07 23:05:00,3232.0,3232.25,3227.25,3228.0,5075.0
2020-01-07 23:10:00,3228.0,3229.25,3225.75,3228.5,4057.0
2020-01-07 23:15:00,3228.75,3229.0,3223.75,3224.5,3941.0
2020-01-07 23:20:00,3224.5,3224.75,3207.75,3208.25,16634.0
2020-01-07 23:25:00,3208.0,3215.0,3205.5,3212.5,17773.0
2020-01-07 23:30:00,3212.25,3214.5,3208.25,3209.25,11669.0
2020-01-07 23:35:00,3209.25,3211.0,3203.75,3204.5,12253.0
2020-01-07 23:40:00,3204.75,3206.25,3195.75,3199.75,19806.0
2020-01-07 23:45:00,3199.5,3202.5,3197.25,3199.75,14232.0
2020-01-07 23:50:00,3199.5,3203.5,3197.5,3203.25,8838.0
2020-01-07 23:55:00,3203.25,3208.0,3202.25,3203.5,10100.0
2020-01-08 00:00:00,3203.5,3204.75,3200.5,3202.75,9292.0
2020-01-08 00:05:00,3203.0,3203.25,3199.25,3200.75,8245.0
2020-01-08 00:10:00,3200.75,3200.75,3192.25,3194.5,18366.0
2020-01-08 00:15:00,3194.25,3194.5,3190.5,3192.0,14686.0
2020-01-08 00:20:00,3192.25,3194.5,3191.25,3192.5,9390.0
2020-01-08 00:25:00,3192.5,3192.5,3188.0,3188.75,15030.0
2020-01-08 00:30:00,3189.0,3189.25,3184.0,3185.5,12243.0
2020-01-08 00:35:00,3185.5,3190.5,3183.5,3186.25,16071.0
2020-01-08 00:40:00,3186.25,3186.75,3181.0,3184.75,11914.0
2020-01-08 00:45:00,3184.5,3185.0,3183.0,3184.5,7585.0
2020-01-08 00:50:00,3184.5,3188.0,3183.5,3185.25,9976.0
2020-01-08 00:55:00,3185.25,3192.75,3185.25,3190.75,13243.0
2020-01-08 01:00:00,3190.75,3194.75,3188.25,3194.75,12389.0
2020-01-08 01:05:00,3194.5,3198.75,3194.5,3197.75,12397.0
2020-01-08 01:10:00,3197.75,3198.0,3193.25,3193.5,7045.0
2020-01-08 01:15:00,3193.25,3194.0,3190.75,3193.25,5951.0
2020-01-08 01:20:00,3193.25,3196.25,3193.25,3194.25,6053.0
2020-01-08 01:25:00,3194.25,3195.0,3191.5,3191.75,6198.0
2020-01-08 01:30:00,3192.0,3193.5,3191.0,3191.5,5735.0
2020-01-08 01:35:00,3191.5,3193.0,3190.75,3191.5,3620.0
2020-01-08 01:40:00,3191.5,3207.0,3191.5,3207.0,25756.0
2020-01-08 01:45:00,3207.25,3212.75,3203.25,3203.75,17480.0
2020-01-08 01:50:00,3203.75,3206.25,3201.0,3202.5,9959.0
2020-01-08 01:55:00,3202.5,3207.0,3202.25,3204.5,8364.0
2020-01-08 02:00:00,3204.5,3212.5,3204.0,3211.25,11189.0
2020-01-08 02:05:00,3211.25,3217.75,3210.0,3214.25,18796.0
2020-01-08 02:10:00,3214.25,3215.5,3212.75,3214.25,7374.0
2020-01-08 02:15:00,3214.25,3219.75,3214.0,3216.25,8137.0
2020-01-08 02:20:00,3216.25,3217.0,3212.25,3213.75,5400.0
2020-01-08 02:25:00,3213.5,3214.0,3211.25,3212.5,3727.0
2020-01-08 02:30:00,3212.5,3214.75,3211.25,3213.75,4547.0
2020-01-08 02:35:00,3213.75,3220.75,3213.5,3220.0,6959.0
2020-01-08 02:40:00,3220.0,3223.75,3219.0,3220.5,15436.0
2020-01-08 02:45:00,3220.75,3227.25,3220.5,3227.0,12729.0
2020-01-08 02:50:00,3227.0,3230.0,3226.0,3226.75,10127.0
2020-01-08 02:55:00,3227.0,3229.5,3226.5,3229.25,4758.0
2020-01-08 03:00:00,3229.25,3229.25,3226.25,3227.5,4002.0
2020-01-08 03:05:00,3227.5,3227.5,3224.5,3226.25,4623.0
2020-01-08 03:10:00,3226.25,3227.25,3225.25,3225.25,1458.0
2020-01-08 03:15:00,3225.25,3225.75,3224.0,3225.0,2584.0
2020-01-08 03:20:00,3225.25,3228.0,3224.75,3226.5,2736.0
2020-01-08 03:25:00,3226.5,3228.0,3218.75,3226.25,14611.0
2020-01-08 03:30:00,3226.5,3228.0,3225.0,3226.5,7138.0
2020-01-08 03:35:00,3226.5,3226.5,3223.5,3225.5,3674.0
2020-01-08 03:40:00,3225.5,3227.0,3224.75,3225.5,2080.0
2020-01-08 03:45:00,3225.25,3225.75,3224.75,3225.0,1382.0
2020-01-08 03:50:00,3225.25,3226.75,3224.25,3226.5,1776.0
2020-01-08 03:55:00,3226.5,3227.5,3226.25,3227.5,1442.0
2020-01-08 04:00:00,3227.75,3228.0,3226.75,3227.5,1305.0
2020-01-08 04:05:00,3227.5,3228.0,3227.0,3227.75,881.0
2020-01-08 04:10:00,3227.5,3229.5,3227.5,3227.5,1949.0
2020-01-08 04:15:00,3227.5,3227.75,3225.75,3226.25,1851.0
2020-01-08 04:20:00,3226.25,3226.75,3225.75,3226.0,644.0
2020-01-08 04:25:00,3226.0,3226.5,3225.75,3226.25,849.0
2020-01-08 04:30:00,3226.25,3226.5,3225.5,3226.0,520.0
2020-01-08 04:35:00,3226.0,3226.5,3225.75,3226.25,389.0
2020-01-08 04:40:00,3226.25,3226.5,3225.5,3226.0,613.0
2020-01-08 04:45:00,3226.0,3226.25,3225.5,3226.25,587.0
2020-01-08 04:50:00,3226.0,3226.25,3225.25,3225.5,607.0
2020-01-08 04:55:00,3225.5,3225.5,3223.75,3224.0,955.0
2020-01-08 05:00:00,3223.75,3225.0,3223.5,3224.25,1487.0
2020-01-08 05:05:00,3224.25,3226.0,3223.75,3225.5,1225.0
2020-01-08 05:10:00,3225.25,3227.25,3224.75,3227.0,1478.0
2020-01-08 05:15:00,3226.75,3226.75,3225.25,3225.5,710.0
2020-01-08 05:20:00,3225.5,3226.75,3224.75,3225.25,1189.0
2020-01-08 05:25:00,3225.25,3225.75,3225.0,3225.25,432.0
2020-01-08 05:30:00,3225.25,3225.25,3223.75,3224.0,2493.0
2020-01-08 05:35:00,3224.25,3225.5,3223.75,3225.25,1285.0
2020-01-08 05:40:00,3225.5,3226.0,3224.0,3224.25,1805.0
2020-01-08 05:45:00,3224.25,3225.0,3223.5,3224.0,1730.0
2020-01-08 05:50:00,3224.0,3224.5,3223.5,3223.75,1203.0
2020-01-08 05:55:00,3223.75,3223.75,3221.75,3222.5,1654.0
2020-01-08 06:00:00,3222.5,3224.5,3222.5,3223.25,1686.0
2020-01-08 06:05:00,3223.0,3223.5,3222.5,3223.0,902.0
2020-01-08 06:10:00,3223.0,3225.75,3223.0,3225.75,1372.0
2020-01-08 06:15:00,3225.5,3227.5,3225.25,3226.75,1553.0
2020-01-08 06:20:00,3226.75,3227.5,3226.25,3226.5,697.0
2020-01-08 06:25:00,3226.75,3227.5,3226.0,3227.25,1244.0
2020-01-08 06:30:00,3227.25,3227.5,3225.25,3225.75,760.0
2020-01-08 06:35:00,3225.75,3225.75,3223.75,3224.0,1157.0
2020-01-08 06:40:00,3224.25,3225.75,3224.0,3225.5,724.0
2020-01-08 06:45:00,3225.5,3226.0,3225.0,3225.5,390.0
2020-01-08 06:50:00,3225.5,3225.75,3224.75,3225.25,479.0
2020-01-08 06:55:00,3225.25,3226.5,3225.0,3225.25,848.0
2020-01-08 07:00:00,3225.25,3227.5,3225.25,3227.0,2398.0
2020-01-08 07:05:00,3227.0,3232.5,3227.0,3230.5,9722.0
2020-01-08 07:10:00,3230.5,3231.5,3229.5,3230.75,2063.0
2020-01-08 07:15:00,3230.75,3231.0,3228.75,3229.25,1677.0
2020-01-08 07:20:00,3229.25,3230.0,3228.75,3229.5,1146.0
2020-01-08 07:25:00,3229.5,3230.0,3228.25,3229.0,1190.0
2020-01-08 07:30:00,3228.75,3232.5,3228.75,3230.75,4608.0
2020-01-08 07:35:00,3230.75,3231.25,3230.0,3230.5,1310.0
2020-01-08 07:40:00,3230.5,3231.75,3229.75,3230.5,1656.0
2020-01-08 07:45:00,3230.5,3230.75,3229.5,3229.75,1134.0
2020-01-08 07:50:00,3229.75,3231.0,3229.5,3230.5,867.0
2020-01-08 07:55:00,3230.5,3230.5,3228.75,3229.0,1292.0
2020-01-08 08:00:00,3229.25,3235.25,3228.75,3234.25,8378.0
2020-01-08 08:05:00,3234.25,3234.25,3229.75,3230.75,5274.0
2020-01-08 08:10:00,3230.75,3232.0,3228.5,3229.75,3333.0
2020-01-08 08:15:00,3229.75,3230.0,3228.0,3229.5,3520.0
2020-01-08 08:20:00,3229.25,3233.0,3229.25,3229.75,6419.0
2020-01-08 08:25:00,3229.75,3229.75,3227.5,3228.0,3904.0
2020-01-08 08:30:00,3227.75,3230.0,3227.5,3229.0,3311.0
2020-01-08 08:35:00,3229.0,3230.5,3228.75,3229.75,2238.0
2020-01-08 08:40:00,3229.75,3231.0,3228.0,3228.25,2691.0
2020-01-08 08:45:00,3228.25,3229.0,3227.75,3228.5,1730.0
2020-01-08 08:50:00,3228.75,3229.25,3227.5,3228.75,1925.0
2020-01-08 08:55:00,3229.0,3232.0,3229.0,3230.75,4487.0
2020-01-08 09:00:00,3230.75,3232.75,3229.75,3231.25,4352.0
2020-01-08 09:05:00,3231.25,3234.0,3231.0,3232.75,3525.0
2020-01-08 09:10:00,3232.75,3234.0,3231.75,3233.0,2644.0
2020-01-08 09:15:00,3233.0,3233.25,3230.75,3232.0,3316.0
2020-01-08 09:20:00,3232.0,3232.0,3231.0,3231.75,1291.0
2020-01-08 09:25:00,3231.75,3232.25,3231.0,3231.25,1664.0
2020-01-08 09:30:00,3231.25,3231.5,3230.0,3230.25,1602.0
2020-01-08 09:35:00,3230.0,3231.0,3229.75,3230.5,1232.0
2020-01-08 09:40:00,3230.75,3231.75,3230.5,3230.75,1095.0
2020-01-08 09:45:00,3231.0,3231.75,3230.0,3230.5,1486.0
2020-01-08 09:50:00,3230.5,3232.0,3229.5,3232.0,1393.0
2020-01-08 09:55:00,3232.0,3234.0,3232.0,3233.0,1863.0
2020-01-08 10:00:00,3232.75,3233.0,3231.25,3231.75,1687.0
2020-01-08 10:05:00,3231.75,3232.25,3231.25,3232.25,1048.0
2020-01-08 10:10:00,3232.0,3232.5,3231.75,3231.75,772.0
2020-01-08 10:15:00,3231.75,3236.0,3231.75,3235.75,4078.0
2020-01-08 10:20:00,3236.0,3237.75,3235.75,3236.75,5693.0
2020-01-08 10:25:00,3236.5,3236.75,3235.0,3235.5,2099.0
2020-01-08 10:30:00,3235.25,3237.25,3235.25,3237.0,1726.0
2020-01-08 10:35:00,3236.75,3237.5,3236.0,3236.5,1669.0
2020-01-08 10:40:00,3236.75,3237.0,3236.25,3236.5,706.0
2020-01-08 10:45:00,3236.5,3238.75,3236.5,3237.25,3658.0
2020-01-08 10:50:00,3237.25,3238.5,3237.0,3237.75,2691.0
2020-01-08 10:55:00,3237.5,3243.25,3237.25,3242.25,9228.0
2020-01-08 11:00:00,3242.5,3242.5,3241.5,3242.25,4090.0
2020-01-08 11:05:00,3242.0,3242.75,3239.75,3240.0,2449.0
2020-01-08 11:10:00,3240.0,3240.25,3239.25,3239.5,1348.0
2020-01-08 11:15:00,3239.5,3241.5,3239.5,3241.0,1687.0
2020-01-08 11:20:00,3241.0,3243.25,3240.75,3242.75,2305.0
2020-01-08 11:25:00,3242.75,3246.25,3241.25,3245.25,5119.0
2020-01-08 11:30:00,3245.25,3246.0,3244.0,3244.75,4529.0
2020-01-08 11:35:00,3245.0,3246.0,3244.0,3245.25,5031.0
2020-01-08 11:40:00,3245.0,3245.25,3243.25,3244.25,3172.0
2020-01-08 11:45:00,3244.25,3244.5,3244.0,3244.25,2329.0
2020-01-08 11:50:00,3244.25,3244.75,3242.75,3243.75,3287.0
2020-01-08 11:55:00,3243.75,3244.5,3241.75,3241.75,4491.0
2020-01-08 12:00:00,3241.75,3242.5,3240.5,3241.25,5066.0
2020-01-08 12:05:00,3241.25,3243.25,3240.75,3241.25,3464.0
2020-01-08 12:10:00,3241.5,3242.0,3240.25,3241.25,1882.0
2020-01-08 12:15:00,3241.25,3241.5,3240.25,3241.0,1883.0
2020-01-08 12:20:00,3241.0,3241.75,3240.5,3241.5,1364.0
2020-01-08 12:25:00,3241.5,3241.5,3240.0,3240.25,2162.0
2020-01-08 12:30:00,3240.25,3240.75,3239.25,3240.5,1824.0
2020-01-08 12:35:00,3240.5,3241.0,3240.25,3240.5,1868.0
2020-01-08 12:40:00,3240.5,3242.25,3240.5,3241.25,3915.0
2020-01-08 12:45:00,3241.25,3242.5,3240.75,3241.75,2643.0
2020-01-08 12:50:00,3241.75,3242.75,3241.75,3242.75,1720.0
2020-01-08 12:55:00,3242.75,3244.5,3242.25,3242.25,4526.0
2020-01-08 13:00:00,3242.5,3243.75,3241.75,3242.25,2887.0
2020-01-08 13:05:00,3242.25,3242.75,3241.75,3241.75,1598.0
2020-01-08 13:10:00,3242.0,3242.75,3241.5,3241.75,1883.0
2020-01-08 13:15:00,3242.0,3246.25,3241.75,3245.75,7415.0
2020-01-08 13:20:00,3245.5,3246.25,3244.25,3244.25,5034.0
2020-01-08 13:25:00,3244.25,3244.75,3243.25,3244.0,2956.0
2020-01-08 13:30:00,3244.0,3245.5,3243.75,3245.0,3081.0
2020-01-08 13:35:00,3244.75,3245.25,3243.25,3243.75,3733.0
2020-01-08 13:40:00,3243.5,3243.75,3242.25,3243.0,4311.0
2020-01-08 13:45:00,3242.75,3243.0,3239.0,3240.0,5794.0
2020-01-08 13:50:00,3239.75,3240.5,3237.75,3238.5,6366.0
2020-01-08 13:55:00,3238.25,3240.0,3238.0,3239.5,3825.0
2020-01-08 14:00:00,3239.5,3241.0,3239.25,3240.5,3354.0
2020-01-08 14:05:00,3240.25,3241.0,3239.5,3241.0,3465.0
2020-01-08 14:10:00,3241.0,3241.5,3240.0,3240.75,2744.0
2020-01-08 14:15:00,3241.0,3241.25,3239.5,3239.5,2259.0
2020-01-08 14:20:00,3239.5,3240.75,3239.5,3240.5,2804.0
2020-01-08 14:25:00,3240.5,3241.0,3239.0,3239.0,4156.0
2020-01-08 14:30:00,3239.0,3243.75,3236.0,3241.5,47826.0
2020-01-08 14:35:00,3241.75,3244.0,3241.0,3242.0,26115.0
2020-01-08 14:40:00,3242.0,3245.0,3240.75,3243.75,23667.0
2020-01-08 14:45:00,3244.0,3245.0,3242.5,3244.5,21490.0
2020-01-08 14:50:00,3244.5,3245.25,3243.25,3245.25,17163.0
2020-01-08 14:55:00,3245.25,3248.0,3245.0,3247.0,24710.0
2020-01-08 15:00:00,3247.0,3248.0,3246.0,3247.25,18512.0
2020-01-08 15:05:00,3247.5,3248.0,3246.25,3247.0,14036.0
2020-01-08 15:10:00,3247.25,3248.5,3245.5,3248.0,17379.0
2020-01-08 15:15:00,3248.0,3249.5,3246.5,3247.0,19833.0
2020-01-08 15:20:00,3247.0,3247.5,3244.75,3245.5,21380.0
2020-01-08 15:25:00,3245.75,3245.75,3243.25,3243.75,18408.0
2020-01-08 15:30:00,3243.75,3244.5,3241.75,3242.25,19647.0
2020-01-08 15:35:00,3242.25,3243.75,3241.5,3243.25,15058.0
2020-01-08 15:40:00,3243.25,3244.25,3241.75,3241.75,11223.0
2020-01-08 15:45:00,3241.75,3241.75,3239.0,3239.5,16387.0
2020-01-08 15:50:00,3239.5,3242.25,3238.25,3242.25,16396.0
2020-01-08 15:55:00,3242.0,3243.0,3241.25,3242.5,8980.0
2020-01-08 16:00:00,3242.75,3243.0,3240.25,3241.25,11155.0
2020-01-08 16:05:00,3241.25,3244.0,3241.0,3244.0,8590.0
2020-01-08 16:10:00,3244.0,3245.75,3244.0,3245.0,9306.0
2020-01-08 16:15:00,3245.0,3247.0,3244.75,3246.5,9117.0
2020-01-08 16:20:00,3246.5,3247.25,3245.25,3245.75,7787.0
2020-01-08 16:25:00,3245.75,3246.5,3242.75,3246.5,17078.0
2020-01-08 16:30:00,3246.5,3252.5,3244.25,3246.75,59130.0
2020-01-08 16:35:00,3246.75,3254.75,3246.75,3253.5,51487.0
2020-01-08 16:40:00,3253.75,3259.75,3252.0,3258.25,53233.0
2020-01-08 16:45:00,3258.25,3260.0,3257.75,3259.5,35241.0
2020-01-08 16:50:00,3259.5,3262.0,3259.25,3260.0,29373.0
2020-01-08 16:55:00,3260.0,3261.75,3258.0,3258.5,20864.0
2020-01-08 17:00:00,3258.75,3260.5,3257.5,3260.25,18228.0
2020-01-08 17:05:00,3260.25,3260.75,3258.25,3260.0,16122.0
2020-01-08 17:10:00,3259.75,3260.0,3256.75,3257.0,17810.0
2020-01-08 17:15:00,3257.0,3259.25,3256.75,3258.75,15177.0
2020-01-08 17:20:00,3259.0,3259.75,3258.0,3259.5,8532.0
2020-01-08 17:25:00,3259.75,3260.5,3258.75,3259.75,9278.0
2020-01-08 17:30:00,3260.0,3260.25,3258.5,3259.5,10988.0
2020-01-08 17:35:00,3259.5,3259.75,3257.0,3257.5,11861.0
2020-01-08 17:40:00,3257.75,3258.75,3257.25,3257.75,7994.0
2020-01-08 17:45:00,3258.0,3259.25,3257.5,3258.75,4779.0
2020-01-08 17:50:00,3258.75,3259.25,3257.75,3258.5,7152.0
2020-01-08 17:55:00,3258.75,3260.25,3258.0,3259.5,6991.0
2020-01-08 18:00:00,3259.5,3259.5,3257.75,3258.25,8698.0
2020-01-08 18:05:00,3258.5,3258.75,3257.5,3258.0,6087.0
2020-01-08 18:10:00,3258.25,3258.25,3256.25,3257.75,8991.0
2020-01-08 18:15:00,3257.75,3257.75,3256.0,3256.75,7860.0
2020-01-08 18:20:00,3256.75,3257.25,3256.25,3257.25,5776.0
2020-01-08 18:25:00,3257.25,3258.0,3257.0,3257.75,5303.0
2020-01-08 18:30:00,3257.75,3258.5,3257.5,3258.5,5348.0
2020-01-08 18:35:00,3258.5,3259.0,3258.0,3258.25,5138.0
2020-01-08 18:40:00,3258.0,3259.75,3258.0,3258.75,8891.0
2020-01-08 18:45:00,3258.5,3258.75,3258.0,3258.25,4627.0
2020-01-08 18:50:00,3258.25,3258.5,3256.5,3256.75,4630.0
2020-01-08 18:55:00,3256.5,3257.0,3255.0,3256.0,9199.0
2020-01-08 19:00:00,3255.75,3258.0,3255.5,3257.5,10137.0
2020-01-08 19:05:00,3257.5,3259.25,3257.25,3259.25,7494.0
2020-01-08 19:10:00,3259.25,3259.5,3258.25,3259.25,6059.0
2020-01-08 19:15:00,3259.25,3259.5,3258.5,3259.0,5209.0
2020-01-08 19:20:00,3259.0,3259.75,3258.75,3259.25,5235.0
2020-01-08 19:25:00,3259.25,3259.5,3258.5,3258.75,4483.0
2020-01-08 19:30:00,3258.75,3259.0,3257.25,3258.25,5042.0
2020-01-08 19:35:00,3258.0,3259.25,3257.5,3258.75,4880.0
2020-01-08 19:40:00,3258.75,3259.5,3258.25,3259.0,4225.0
2020-01-08 19:45:00,3259.25,3261.0,3259.0,3260.5,9389.0
2020-01-08 19:50:00,3260.5,3261.5,3260.0,3261.25,11386.0
2020-01-08 19:55:00,3261.5,3262.0,3260.75,3262.0,6917.0
2020-01-08 20:00:00,3262.0,3263.75,3261.5,3262.5,13749.0
2020-01-08 20:05:00,3262.5,3264.75,3262.5,3264.25,11943.0
2020-01-08 20:10:00,3264.0,3265.75,3263.5,3265.5,17070.0
2020-01-08 20:15:00,3265.5,3266.25,3264.75,3265.75,10369.0
2020-01-08 20:20:00,3265.75,3267.75,3265.25,3266.75,12775.0
2020-01-08 20:25:00,3266.75,3267.75,3266.5,3267.5,6747.0
2020-01-08 20:30:00,3267.5,3267.75,3265.5,3266.5,13404.0
2020-01-08 20:35:00,3266.75,3267.5,3265.0,3265.75,13210.0
2020-01-08 20:40:00,3265.75,3266.25,3264.25,3264.75,15627.0
2020-01-08 20:45:00,3264.75,3265.0,3258.25,3259.5,57664.0
2020-01-08 20:50:00,3259.5,3260.0,3253.75,3253.75,57262.0
2020-01-08 20:55:00,3253.5,3256.0,3252.0,3253.25,39916.0
2020-01-08 21:00:00,3253.5,3257.5,3252.5,3256.75,71847.0
2020-01-08 21:05:00,3256.75,3258.25,3256.0,3257.75,15593.0
2020-01-08 21:10:00,3257.75,3260.25,3257.5,3260.25,10658.0
2020-01-08 21:15:00,3260.25,3261.0,3258.75,3260.25,7167.0
2020-01-08 21:30:00,3259.75,3259.75,3257.25,3259.0,3648.0
2020-01-08 21:35:00,3259.25,3259.25,3258.75,3259.0,966.0
2020-01-08 21:40:00,3258.75,3259.75,3258.75,3259.5,861.0
2020-01-08 21:45:00,3259.5,3260.25,3259.25,3260.0,1225.0
2020-01-08 21:50:00,3260.25,3261.5,3260.0,3261.25,2248.0
2020-01-08 21:55:00,3261.25,3261.5,3260.25,3260.25,2050.0
2020-01-08 22:00:00,3260.0,3260.25,3259.5,3259.75,577.0
2020-01-08 23:00:00,3261.25,3261.75,3260.0,3261.5,2379.0
2020-01-08 23:05:00,3261.25,3263.25,3261.25,3262.25,1260.0
2020-01-08 23:10:00,3262.5,3262.5,3261.75,3262.25,261.0
2020-01-08 23:15:00,3262.25,3264.5,3262.25,3264.25,1350.0
2020-01-08 23:20:00,3264.25,3264.75,3264.0,3264.5,700.0
2020-01-08 23:25:00,3264.25,3264.5,3263.25,3264.25,866.0
2020-01-08 23:30:00,3264.25,3264.5,3261.25,3261.25,1501.0
2020-01-08 23:35:00,3261.25,3261.25,3259.0,3259.75,1308.0
2020-01-08 23:40:00,3259.75,3261.25,3259.75,3261.0,1052.0
2020-01-08 23:45:00,3260.75,3262.5,3260.75,3261.25,1130.0
2020-01-08 23:50:00,3261.25,3262.0,3260.75,3261.5,488.0
2020-01-08 23:55:00,3261.5,3262.25,3261.25,3261.75,352.0
2020-01-09 00:00:00,3261.75,3263.0,3261.25,3263.0,1229.0
2020-01-09 00:05:00,3263.0,3263.5,3262.0,3263.0,1130.0
2020-01-09 00:10:00,3263.0,3265.75,3262.75,3263.0,2588.0
2020-01-09 00:15:00,3263.0,3264.25,3262.75,3263.75,1279.0
2020-01-09 00:20:00,3263.75,3264.25,3260.75,3261.25,1417.0
2020-01-09 00:25:00,3261.25,3262.25,3260.25,3261.75,1488.0
2020-01-09 00:30:00,3261.75,3262.5,3261.75,3261.75,704.0
2020-01-09 00:35:00,3262.0,3262.5,3262.0,3262.25,527.0
2020-01-09 00:40:00,3262.0,3263.0,3262.0,3262.75,412.0
2020-01-09 00:45:00,3262.75,3263.5,3262.5,3263.25,565.0
2020-01-09 00:50:00,3263.25,3263.75,3263.0,3263.0,447.0
2020-01-09 00:55:00,3263.0,3263.5,3262.75,3263.25,404.0
2020-01-09 01:00:00,3263.25,3263.5,3262.5,3262.75,416.0
2020-01-09 01:05:00,3263.0,3264.25,3262.75,3264.25,528.0
2020-01-09 01:10:00,3264.25,3264.25,3263.5,3263.75,458.0
2020-01-09 01:15:00,3263.75,3264.0,3263.25,3263.25,419.0
2020-01-09 01:20:00,3263.25,3264.0,3263.25,3263.5,337.0
2020-01-09 01:25:00,3263.5,3265.0,3263.5,3264.0,1333.0
2020-01-09 01:30:00,3263.75,3265.25,3263.5,3265.0,1509.0
2020-01-09 01:35:00,3265.0,3265.0,3263.5,3263.5,703.0
2020-01-09 01:40:00,3263.75,3264.25,3262.75,3264.0,881.0
2020-01-09 01:45:00,3264.0,3264.75,3263.25,3263.5,583.0
2020-01-09 01:50:00,3263.5,3264.0,3262.5,3263.25,1082.0
2020-01-09 01:55:00,3263.5,3263.75,3262.75,3263.5,416.0
2020-01-09 02:00:00,3263.75,3264.25,3263.25,3263.5,584.0
2020-01-09 02:05:00,3263.5,3263.75,3262.75,3263.0,409.0
2020-01-09 02:10:00,3263.25,3263.5,3262.75,3262.75,353.0
2020-01-09 02:15:00,3262.75,3263.25,3262.5,3263.0,807.0
2020-01-09 02:20:00,3263.0,3263.25,3262.75,3263.0,273.0
2020-01-09 02:25:00,3263.0,3264.0,3262.75,3263.75,398.0
2020-01-09 02:30:00,3263.75,3264.0,3263.25,3263.75,659.0
2020-01-09 02:35:00,3263.75,3264.0,3263.5,3263.5,367.0
2020-01-09 02:40:00,3263.5,3263.75,3262.75,3263.0,294.0
2020-01-09 02:45:00,3263.0,3263.0,3262.25,3262.5,373.0
2020-01-09 02:50:00,3262.5,3262.75,3262.25,3262.25,251.0
2020-01-09 02:55:00,3262.5,3262.5,3262.0,3262.0,565.0
2020-01-09 03:00:00,3262.0,3262.25,3261.75,3261.75,296.0
2020-01-09 03:05:00,3261.75,3262.5,3261.5,3261.75,461.0
2020-01-09 03:10:00,3261.75,3262.0,3260.75,3260.75,613.0
2020-01-09 03:15:00,3260.75,3261.0,3257.75,3259.0,2251.0
2020-01-09 03:20:00,3259.0,3260.25,3258.25,3260.25,1140.0
2020-01-09 03:25:00,3260.0,3261.0,3260.0,3261.0,884.0
2020-01-09 03:30:00,3261.0,3261.0,3260.25,3260.5,423.0
2020-01-09 03:35:00,3260.5,3260.75,3260.25,3260.75,315.0
2020-01-09 03:40:00,3260.75,3261.25,3260.5,3261.0,221.0
2020-01-09 03:45:00,3261.0,3261.75,3260.75,3261.5,329.0
2020-01-09 03:50:00,3261.5,3261.5,3261.25,3261.25,240.0
2020-01-09 03:55:00,3261.5,3261.75,3261.25,3261.5,288.0
2020-01-09 04:00:00,3261.25,3261.75,3261.25,3261.75,277.0
2020-01-09 04:05:00,3261.75,3262.0,3261.5,3261.75,139.0
2020-01-09 04:10:00,3261.75,3261.75,3260.75,3261.0,215.0
2020-01-09 04:15:00,3260.75,3261.5,3260.75,3261.25,193.0
2020-01-09 04:20:00,3261.25,3261.75,3261.25,3261.25,283.0
2020-01-09 04:25:00,3261.25,3261.75,3261.0,3261.5,137.0
2020-01-09 04:30:00,3261.5,3262.75,3261.5,3262.75,442.0
2020-01-09 04:35:00,3262.5,3262.75,3262.25,3262.5,301.0
2020-01-09 04:40:00,3262.75,3263.25,3262.75,3263.25,400.0
2020-01-09 04:45:00,3263.0,3263.5,3263.0,3263.25,248.0
2020-01-09 04:50:00,3263.25,3263.5,3262.75,3263.0,262.0
2020-01-09 04:55:00,3262.75,3263.0,3262.5,3262.75,149.0
2020-01-09 05:00:00,3263.0,3264.0,3263.0,3263.25,380.0
2020-01-09 05:05:00,3263.25,3263.25,3262.5,3263.0,392.0
2020-01-09 05:10:00,3263.25,3263.75,3263.25,3263.75,485.0
2020-01-09 05:15:00,3263.75,3264.25,3263.25,3264.0,590.0
2020-01-09 05:20:00,3264.25,3265.0,3264.0,3264.75,1025.0
2020-01-09 05:25:00,3264.5,3265.25,3264.5,3264.75,514.0
2020-01-09 05:30:00,3264.75,3265.25,3264.5,3264.75,822.0
2020-01-09 05:35:00,3265.0,3265.25,3264.5,3265.0,271.0
2020-01-09 05:40:00,3265.0,3265.25,3264.5,3265.25,827.0
2020-01-09 05:45:00,3265.25,3266.25,3265.0,3266.25,1252.0
2020-01-09 05:50:00,3266.0,3267.0,3265.5,3265.75,1686.0
2020-01-09 05:55:00,3265.75,3265.75,3265.0,3265.5,557.0
2020-01-09 06:00:00,3265.25,3266.25,3265.0,3265.75,807.0
2020-01-09 06:05:00,3265.75,3266.75,3265.75,3266.5,884.0
2020-01-09 06:10:00,3266.75,3266.75,3265.25,3265.25,568.0
2020-01-09 06:15:00,3265.25,3266.25,3265.25,3266.0,438.0
2020-01-09 06:20:00,3266.0,3266.25,3265.0,3265.0,446.0
2020-01-09 06:25:00,3265.0,3265.5,3264.75,3265.25,332.0
2020-01-09 06:30:00,3265.25,3266.0,3265.0,3265.5,485.0
2020-01-09 06:35:00,3265.25,3266.0,3265.0,3266.0,428.0
2020-01-09 06:40:00,3266.0,3266.5,3265.5,3266.0,451.0
2020-01-09 06:45:00,3266.25,3266.25,3265.0,3265.25,355.0
2020-01-09 06:50:00,3265.5,3265.75,3264.75,3265.5,904.0
2020-01-09 06:55:00,3265.5,3265.75,3265.25,3265.25,327.0
2020-01-09 07:00:00,3265.5,3265.75,3264.0,3265.0,1399.0
2020-01-09 07:05:00,3265.25,3267.5,3265.25,3267.0,1728.0
2020-01-09 07:10:00,3267.0,3268.75,3266.75,3268.5,2302.0
2020-01-09 07:15:00,3268.25,3270.0,3267.5,3269.25,2576.0
2020-01-09 07:20:00,3269.0,3269.25,3268.25,3269.0,1040.0
2020-01-09 07:25:00,3269.0,3271.25,3268.75,3270.0,1849.0
2020-01-09 07:30:00,3269.75,3271.0,3269.5,3271.0,1532.0
2020-01-09 07:35:00,3270.75,3271.0,3270.25,3270.5,1065.0
2020-01-09 07:40:00,3270.5,3272.0,3270.5,3270.75,2047.0
2020-01-09 07:45:00,3270.75,3272.0,3270.5,3271.5,1496.0
2020-01-09 07:50:00,3271.5,3272.25,3270.75,3271.0,1508.0
2020-01-09 07:55:00,3271.0,3272.75,3270.75,3272.5,1992.0
2020-01-09 08:00:00,3272.5,3272.75,3270.5,3271.5,2551.0
2020-01-09 08:05:00,3271.25,3271.5,3270.25,3271.25,1790.0
2020-01-09 08:10:00,3271.0,3272.0,3270.25,3271.75,1631.0
2020-01-09 08:15:00,3271.75,3272.0,3269.0,3269.5,4141.0
2020-01-09 08:20:00,3269.25,3272.0,3268.75,3270.5,2847.0
2020-01-09 08:25:00,3270.5,3271.0,3270.0,3270.75,1249.0
2020-01-09 08:30:00,3270.5,3271.5,3270.0,3271.5,1547.0
2020-01-09 08:35:00,3271.25,3272.75,3271.25,3272.25,1903.0
2020-01-09 08:40:00,3272.25,3274.0,3272.0,3273.0,3346.0
2020-01-09 08:45:00,3273.0,3273.0,3271.75,3272.25,1650.0
2020-01-09 08:50:00,3272.5,3273.25,3271.5,3272.75,1181.0
2020-01-09 08:55:00,3272.75,3272.75,3270.75,3271.0,1192.0
2020-01-09 09:00:00,3271.0,3271.75,3270.75,3271.0,1853.0
2020-01-09 09:05:00,3271.25,3271.75,3271.0,3271.25,1667.0
2020-01-09 09:10:00,3271.25,3271.75,3270.75,3271.25,992.0
2020-01-09 09:15:00,3271.5,3271.75,3270.75,3271.0,1383.0
2020-01-09 09:20:00,3271.0,3271.0,3270.5,3270.75,937.0
2020-01-09 09:25:00,3270.75,3271.0,3270.0,3270.25,1390.0
2020-01-09 09:30:00,3270.0,3271.25,3270.0,3271.0,846.0
2020-01-09 09:35:00,3271.25,3271.5,3270.5,3270.75,761.0
2020-01-09 09:40:00,3271.0,3271.25,3270.0,3270.5,1585.0
2020-01-09 09:45:00,3270.5,3271.0,3269.25,3271.0,2817.0
2020-01-09 09:50:00,3270.75,3271.25,3270.0,3270.25,1246.0
2020-01-09 09:55:00,3270.0,3270.5,3269.75,3270.5,1320.0
2020-01-09 10:00:00,3270.5,3271.75,3270.5,3271.25,1047.0
2020-01-09 10:05:00,3271.25,3272.0,3271.25,3271.75,1032.0
2020-01-09 10:10:00,3272.0,3272.0,3271.25,3272.0,922.0
2020-01-09 10:15:00,3272.0,3272.25,3271.0,3271.0,1039.0
2020-01-09 10:20:00,3271.25,3271.5,3270.25,3270.75,834.0
2020-01-09 10:25:00,3270.5,3271.0,3270.0,3270.25,914.0
2020-01-09 10:30:00,3270.0,3270.5,3269.75,3270.25,1203.0
2020-01-09 10:35:00,3270.25,3271.0,3270.25,3270.75,1043.0
2020-01-09 10:40:00,3270.75,3271.0,3270.25,3270.75,801.0
2020-01-09 10:45:00,3270.5,3270.5,3269.5,3269.75,1004.0
2020-01-09 10:50:00,3269.5,3270.25,3269.25,3269.5,876.0
2020-01-09 10:55:00,3269.5,3269.75,3268.75,3269.75,1175.0
2020-01-09 11:00:00,3269.5,3270.0,3269.25,3269.5,890.0
2020-01-09 11:05:00,3269.25,3270.25,3269.0,3270.25,1125.0
2020-01-09 11:10:00,3270.0,3270.75,3269.75,3270.0,829.0
2020-01-09 11:15:00,3270.0,3270.5,3269.75,3270.0,473.0
2020-01-09 11:20:00,3270.0,3270.25,3269.5,3270.0,836.0
2020-01-09 11:25:00,3270.0,3271.0,3270.0,3271.0,986.0
2020-01-09 11:30:00,3270.75,3271.0,3270.25,3271.0,657.0
2020-01-09 11:35:00,3271.0,3271.25,3270.5,3270.75,704.0
2020-01-09 11:40:00,3270.75,3271.0,3270.5,3270.75,825.0
2020-01-09 11:45:00,3270.75,3271.0,3270.25,3270.5,663.0
2020-01-09 11:50:00,3270.25,3271.5,3270.25,3271.25,966.0
2020-01-09 11:55:00,3271.25,3271.5,3270.75,3271.0,751.0
2020-01-09 12:00:00,3271.0,3271.5,3270.5,3270.75,645.0
2020-01-09 12:05:00,3270.75,3270.75,3270.25,3270.75,949.0
2020-01-09 12:10:00,3270.5,3272.5,3270.5,3272.25,1507.0
2020-01-09 12:15:00,3272.25,3273.0,3272.0,3272.5,1587.0
2020-01-09 12:20:00,3272.75,3273.0,3272.0,3272.0,1369.0
2020-01-09 12:25:00,3272.25,3272.25,3268.5,3270.75,7316.0
2020-01-09 12:30:00,3270.5,3270.75,3267.5,3268.5,5203.0
2020-01-09 12:35:00,3268.25,3269.0,3268.25,3268.75,1904.0
2020-01-09 12:40:00,3268.75,3269.75,3268.75,3269.5,2431.0
2020-01-09 12:45:00,3269.75,3270.25,3268.25,3268.5,2622.0
2020-01-09 12:50:00,3268.75,3269.0,3267.75,3268.0,1809.0
2020-01-09 12:55:00,3268.0,3268.75,3267.25,3268.75,2020.0
2020-01-09 13:00:00,3268.75,3269.25,3267.25,3269.0,2694.0
2020-01-09 13:05:00,3268.75,3269.75,3268.75,3269.5,1448.0
2020-01-09 13:10:00,3269.5,3269.75,3269.0,3269.5,1015.0
2020-01-09 13:15:00,3269.5,3269.75,3268.5,3268.75,1900.0
2020-01-09 13:20:00,3269.0,3269.75,3268.75,3269.5,1412.0
2020-01-09 13:25:00,3269.5,3270.5,3269.5,3269.75,2540.0
2020-01-09 13:30:00,3269.75,3271.25,3269.75,3270.5,3365.0
2020-01-09 13:35:00,3270.5,3271.25,3270.25,3271.25,1741.0
2020-01-09 13:40:00,3271.0,3271.5,3270.75,3271.5,1541.0
2020-01-09 13:45:00,3271.5,3271.75,3270.75,3271.25,2342.0
2020-01-09 13:50:00,3271.5,3271.75,3271.25,3271.75,1620.0
2020-01-09 13:55:00,3271.75,3271.75,3270.5,3270.5,1429.0
2020-01-09 14:00:00,3270.5,3271.5,3270.25,3271.5,1552.0
2020-01-09 14:05:00,3271.5,3272.0,3270.25,3270.25,2037.0
2020-01-09 14:10:00,3270.5,3271.0,3270.25,3270.5,1566.0
2020-01-09 14:15:00,3270.5,3270.75,3269.25,3270.0,2994.0
2020-01-09 14:20:00,3270.0,3270.75,3269.75,3270.0,3406.0
2020-01-09 14:25:00,3270.25,3271.75,3270.0,3271.5,4864.0
2020-01-09 14:30:00,3271.5,3274.0,3270.0,3273.0,52395.0
2020-01-09 14:35:00,3272.75,3273.5,3268.0,3271.5,48032.0
2020-01-09 14:40:00,3271.5,3271.75,3268.0,3269.75,26295.0
2020-01-09 14:45:00,3269.75,3270.0,3265.5,3268.5,28534.0
2020-01-09 14:50:00,3268.5,3270.75,3268.0,3270.5,19428.0
2020-01-09 14:55:00,3270.5,3270.5,3267.75,3268.0,18008.0
2020-01-09 15:00:00,3268.25,3269.5,3266.0,3267.75,18883.0
2020-01-09 15:05:00,3267.75,3268.75,3267.0,3268.5,12770.0
2020-01-09 15:10:00,3268.5,3269.5,3267.75,3269.0,10884.0
2020-01-09 15:15:00,3269.0,3269.75,3267.5,3269.75,13070.0
2020-01-09 15:20:00,3269.75,3270.75,3269.5,3270.25,10864.0
2020-01-09 15:25:00,3270.5,3271.25,3269.75,3271.25,10080.0
2020-01-09 15:30:00,3271.0,3271.75,3270.5,3271.25,9381.0
2020-01-09 15:35:00,3271.25,3273.5,3270.25,3273.5,9529.0
2020-01-09 15:40:00,3273.5,3274.75,3272.75,3273.0,19798.0
2020-01-09 15:45:00,3273.0,3274.25,3272.5,3274.25,11041.0
2020-01-09 15:50:00,3274.25,3274.75,3273.25,3274.75,9462.0
2020-01-09 15:55:00,3274.75,3274.75,3273.5,3274.5,8677.0
2020-01-09 16:00:00,3274.5,3274.75,3272.75,3272.75,14912.0
2020-01-09 16:05:00,3273.0,3273.75,3272.25,3272.25,9078.0
2020-01-09 16:10:00,3272.5,3273.25,3271.75,3272.75,9349.0
2020-01-09 16:15:00,3273.0,3273.0,3271.75,3272.5,7312.0
2020-01-09 16:20:00,3272.75,3273.25,3271.5,3271.5,7909.0
2020-01-09 16:25:00,3271.5,3271.75,3270.0,3270.0,10188.0
2020-01-09 16:30:00,3270.0,3272.75,3270.0,3272.5,11721.0
2020-01-09 16:35:00,3272.25,3274.0,3271.5,3273.5,11197.0
2020-01-09 16:40:00,3273.5,3273.5,3272.75,3273.25,6202.0
2020-01-09 16:45:00,3273.0,3274.75,3272.5,3274.0,13611.0
2020-01-09 16:50:00,3274.0,3275.25,3273.75,3274.75,8922.0
2020-01-09 16:55:00,3275.0,3275.0,3273.0,3274.5,10615.0
2020-01-09 17:00:00,3274.5,3275.25,3274.0,3274.5,5475.0
2020-01-09 17:05:00,3274.5,3275.25,3274.25,3274.5,5062.0
2020-01-09 17:10:00,3274.5,3274.5,3272.75,3273.0,8341.0
2020-01-09 17:15:00,3273.25,3273.5,3272.75,3273.0,4322.0
2020-01-09 17:20:00,3273.25,3273.5,3269.25,3269.25,10389.0
2020-01-09 17:25:00,3269.5,3270.5,3268.75,3269.75,13119.0
2020-01-09 17:30:00,3269.75,3270.0,3267.0,3267.25,10643.0
2020-01-09 17:35:00,3267.25,3268.0,3265.5,3267.0,15907.0
2020-01-09 17:40:00,3267.25,3267.25,3264.75,3265.25,17218.0
2020-01-09 17:45:00,3265.5,3267.75,3264.25,3267.5,15487.0
2020-01-09 17:50:00,3267.5,3269.25,3267.0,3269.0,11252.0
2020-01-09 17:55:00,3269.25,3269.75,3268.25,3269.5,11650.0
2020-01-09 18:00:00,3269.5,3270.25,3268.0,3270.25,14601.0
2020-01-09 18:05:00,3270.0,3270.75,3269.75,3269.75,7636.0
2020-01-09 18:10:00,3270.0,3270.5,3268.5,3270.25,9786.0
2020-01-09 18:15:00,3270.25,3270.5,3269.0,3270.0,6556.0
2020-01-09 18:20:00,3270.25,3270.5,3266.5,3268.25,22690.0
2020-01-09 18:25:00,3268.25,3269.75,3266.5,3269.75,7755.0
2020-01-09 18:30:00,3269.75,3270.75,3269.5,3270.0,6690.0
2020-01-09 18:35:00,3270.0,3270.5,3269.0,3269.75,5159.0
2020-01-09 18:40:00,3269.5,3271.25,3269.5,3271.25,6404.0
2020-01-09 18:45:00,3271.25,3272.0,3270.75,3271.75,5584.0
2020-01-09 18:50:00,3271.75,3273.75,3270.75,3271.25,9278.0
2020-01-09 18:55:00,3271.25,3271.75,3270.5,3271.25,4995.0
2020-01-09 19:00:00,3271.0,3273.25,3270.75,3272.75,10301.0
2020-01-09 19:05:00,3272.75,3272.75,3271.0,3272.25,7077.0
2020-01-09 19:10:00,3272.0,3272.5,3271.5,3272.25,4725.0
2020-01-09 19:15:00,3272.5,3273.25,3272.0,3272.5,5870.0
2020-01-09 19:20:00,3272.25,3273.25,3272.0,3272.5,3296.0
2020-01-09 19:25:00,3272.5,3273.5,3272.25,3272.75,4206.0
2020-01-09 19:30:00,3272.75,3273.75,3272.75,3273.75,3133.0
2020-01-09 19:35:00,3273.75,3275.0,3273.25,3274.25,5341.0
2020-01-09 19:40:00,3274.5,3276.75,3274.5,3276.0,19011.0
2020-01-09 19:45:00,3276.0,3276.0,3273.0,3273.5,9515.0
2020-01-09 19:50:00,3273.5,3274.0,3272.75,3273.25,8384.0
2020-01-09 19:55:00,3273.5,3274.75,3272.75,3274.25,5776.0
2020-01-09 20:00:00,3274.25,3274.25,3273.0,3273.5,6972.0
2020-01-09 20:05:00,3273.5,3274.0,3272.5,3272.75,4738.0
2020-01-09 20:10:00,3272.75,3273.0,3271.25,3272.0,11622.0
2020-01-09 20:15:00,3272.0,3272.5,3271.25,3272.0,5215.0
2020-01-09 20:20:00,3272.0,3272.25,3271.0,3271.0,5282.0
2020-01-09 20:25:00,3271.0,3271.75,3270.25,3271.5,9082.0
2020-01-09 20:30:00,3271.75,3273.5,3271.5,3272.5,11343.0
2020-01-09 20:35:00,3272.5,3273.0,3271.0,3272.0,10739.0
2020-01-09 20:40:00,3272.0,3272.5,3271.25,3272.5,7658.0
2020-01-09 20:45:00,3272.5,3273.5,3271.25,3271.5,13016.0
2020-01-09 20:50:00,3271.5,3273.5,3271.0,3273.5,17393.0
2020-01-09 20:55:00,3273.5,3275.75,3272.75,3274.75,27726.0
2020-01-09 21:00:00,3274.75,3276.0,3274.25,3275.0,67300.0
2020-01-09 21:05:00,3275.0,3276.75,3275.0,3276.0,11398.0
2020-01-09 21:10:00,3275.75,3276.25,3275.25,3276.0,6181.0
2020-01-09 21:15:00,3275.75,3276.25,3275.5,3275.75,4133.0
2020-01-09 21:30:00,3275.5,3275.75,3275.25,3275.5,1781.0
2020-01-09 21:35:00,3275.5,3275.75,3275.0,3275.5,1669.0
2020-01-09 21:40:00,3275.25,3275.75,3275.0,3275.5,660.0
2020-01-09 21:45:00,3275.25,3275.5,3275.0,3275.25,1050.0
2020-01-09 21:50:00,3275.0,3275.25,3275.0,3275.25,730.0
2020-01-09 21:55:00,3275.25,3275.25,3275.0,3275.25,609.0
2020-01-09 22:00:00,3275.25,3275.5,3275.0,3275.25,425.0
2020-01-09 23:00:00,3275.5,3276.75,3275.25,3276.25,1818.0
2020-01-09 23:05:00,3276.0,3276.25,3275.5,3276.0,651.0
2020-01-09 23:10:00,3276.0,3276.25,3275.5,3276.0,387.0
2020-01-09 23:15:00,3276.0,3276.75,3276.0,3276.5,328.0
2020-01-09 23:20:00,3276.75,3279.25,3276.5,3277.75,1947.0
2020-01-09 23:25:00,3277.75,3278.75,3277.5,3278.75,697.0
2020-01-09 23:30:00,3278.75,3279.0,3278.0,3278.0,633.0
2020-01-09 23:35:00,3278.0,3278.5,3278.0,3278.0,367.0
2020-01-09 23:40:00,3278.25,3278.75,3278.0,3278.5,408.0
2020-01-09 23:45:00,3278.25,3278.5,3278.0,3278.25,263.0
2020-01-09 23:50:00,3278.5,3278.5,3278.25,3278.5,502.0
2020-01-09 23:55:00,3278.75,3278.75,3278.25,3278.25,379.0
2020-01-10 00:00:00,3278.25,3279.25,3278.0,3278.5,2482.0
2020-01-10 00:05:00,3278.5,3279.25,3278.0,3278.25,1721.0
2020-01-10 00:10:00,3278.25,3278.5,3277.75,3278.25,1090.0
2020-01-10 00:15:00,3278.25,3278.5,3277.5,3278.5,965.0
2020-01-10 00:20:00,3278.5,3280.0,3278.25,3279.5,1882.0
2020-01-10 00:25:00,3279.5,3279.75,3279.0,3279.5,721.0
2020-01-10 00:30:00,3279.5,3281.5,3279.5,3281.25,2792.0
2020-01-10 00:35:00,3281.25,3283.25,3280.75,3282.0,4546.0
2020-01-10 00:40:00,3281.75,3282.5,3281.75,3281.75,791.0
2020-01-10 00:45:00,3281.75,3282.0,3281.5,3282.0,724.0
2020-01-10 00:50:00,3282.0,3282.25,3280.75,3281.25,1722.0
2020-01-10 00:55:00,3281.25,3281.75,3281.0,3281.75,894.0
2020-01-10 01:00:00,3281.75,3282.25,3281.25,3282.0,846.0
2020-01-10 01:05:00,3282.0,3282.5,3281.75,3282.25,1057.0
2020-01-10 01:10:00,3282.25,3282.5,3281.75,3282.0,843.0
2020-01-10 01:15:00,3282.0,3282.5,3281.75,3282.5,1125.0
2020-01-10 01:20:00,3282.5,3282.75,3281.75,3281.75,887.0
2020-01-10 01:25:00,3281.75,3282.25,3281.5,3281.75,686.0
2020-01-10 01:30:00,3281.75,3282.25,3281.5,3282.0,822.0
2020-01-10 01:35:00,3281.75,3282.0,3281.0,3281.0,706.0
2020-01-10 01:40:00,3281.0,3281.5,3280.75,3281.0,659.0
2020-01-10 01:45:00,3281.0,3281.0,3280.25,3280.75,1143.0
2020-01-10 01:50:00,3281.0,3281.75,3281.0,3281.75,932.0
2020-01-10 01:55:00,3281.75,3282.0,3281.5,3282.0,528.0
2020-01-10 02:00:00,3282.0,3282.25,3281.25,3281.5,542.0
2020-01-10 02:05:00,3281.25,3281.5,3281.0,3281.25,269.0
2020-01-10 02:10:00,3281.25,3281.5,3281.0,3281.25,380.0
2020-01-10 02:15:00,3281.25,3281.5,3281.0,3281.25,326.0
2020-01-10 02:20:00,3281.25,3281.5,3281.0,3281.0,465.0
2020-01-10 02:25:00,3281.25,3281.25,3280.75,3280.75,657.0
2020-01-10 02:30:00,3280.75,3281.25,3280.75,3281.0,361.0
2020-01-10 02:35:00,3281.0,3281.25,3280.5,3281.0,428.0
2020-01-10 02:40:00,3281.25,3281.25,3280.75,3281.25,355.0
2020-01-10 02:45:00,3281.0,3281.5,3280.75,3281.5,257.0
2020-01-10 02:50:00,3281.5,3282.0,3281.25,3282.0,356.0
2020-01-10 02:55:00,3282.0,3282.5,3282.0,3282.5,508.0
2020-01-10 03:00:00,3282.25,3282.5,3282.0,3282.5,388.0
2020-01-10 03:05:00,3282.5,3282.5,3282.0,3282.0,381.0
2020-01-10 03:10:00,3282.25,3282.5,3281.75,3281.75,482.0
2020-01-10 03:15:00,3281.75,3282.25,3281.5,3282.0,601.0
2020-01-10 03:20:00,3282.0,3282.25,3281.75,3282.25,303.0
2020-01-10 03:25:00,3282.0,3282.25,3281.75,3282.25,139.0
2020-01-10 03:30:00,3282.25,3282.5,3282.0,3282.0,199.0
2020-01-10 03:35:00,3282.25,3282.25,3282.0,3282.25,202.0
2020-01-10 03:40:00,3282.5,3282.75,3282.0,3282.25,326.0
2020-01-10 03:45:00,3282.25,3282.75,3282.25,3282.5,180.0
2020-01-10 03:50:00,3282.5,3283.25,3282.5,3283.25,621.0
2020-01-10 03:55:00,3283.0,3283.5,3282.5,3283.25,630.0
2020-01-10 04:00:00,3283.25,3283.5,3283.0,3283.0,460.0
2020-01-10 04:05:00,3283.0,3283.25,3282.75,3282.75,467.0
2020-01-10 04:10:00,3283.0,3283.0,3282.5,3282.75,272.0
2020-01-10 04:15:00,3282.75,3283.0,3282.75,3282.75,176.0
2020-01-10 04:20:00,3283.0,3283.5,3282.75,3283.25,574.0
2020-01-10 04:25:00,3283.25,3283.5,3283.0,3283.5,291.0
2020-01-10 04:30:00,3283.5,3284.0,3283.0,3284.0,361.0
2020-01-10 04:35:00,3284.0,3284.5,3283.75,3284.0,935.0
2020-01-10 04:40:00,3283.75,3284.25,3283.25,3283.5,640.0
2020-01-10 04:45:00,3283.25,3283.5,3283.0,3283.5,559.0
2020-01-10 04:50:00,3283.5,3283.5,3283.0,3283.0,219.0
2020-01-10 04:55:00,3283.25,3283.5,3283.0,3283.0,292.0
2020-01-10 05:00:00,3283.0,3283.5,3282.75,3283.0,375.0
2020-01-10 05:05:00,3283.0,3283.0,3282.75,3283.0,249.0
2020-01-10 05:10:00,3283.0,3283.0,3282.25,3282.5,362.0
2020-01-10 05:15:00,3282.25,3283.0,3282.25,3283.0,241.0
2020-01-10 05:20:00,3283.0,3283.25,3282.75,3282.75,270.0
2020-01-10 05:25:00,3282.75,3283.5,3282.75,3283.25,232.0
2020-01-10 05:30:00,3283.25,3284.0,3283.0,3283.25,733.0
2020-01-10 05:35:00,3283.25,3283.5,3282.75,3283.0,177.0
2020-01-10 05:40:00,3283.0,3284.0,3283.0,3283.75,385.0
2020-01-10 05:45:00,3283.75,3284.0,3283.25,3283.5,295.0
2020-01-10 05:50:00,3283.5,3284.25,3283.5,3284.0,487.0
2020-01-10 05:55:00,3284.0,3284.25,3283.75,3284.25,189.0
2020-01-10 06:00:00,3284.25,3285.25,3284.0,3285.0,1888.0
2020-01-10 06:05:00,3285.0,3285.0,3284.25,3284.5,986.0
2020-01-10 06:10:00,3284.5,3285.25,3284.25,3285.25,674.0
2020-01-10 06:15:00,3285.25,3285.25,3284.75,3285.25,449.0
2020-01-10 06:20:00,3285.25,3285.25,3284.75,3284.75,368.0
2020-01-10 06:25:00,3284.75,3284.75,3284.25,3284.5,409.0
2020-01-10 06:30:00,3284.5,3284.75,3284.25,3284.5,390.0
2020-01-10 06:35:00,3284.5,3284.5,3283.75,3284.25,817.0
2020-01-10 06:40:00,3284.0,3284.25,3283.25,3283.5,597.0
2020-01-10 06:45:00,3283.5,3283.75,3283.25,3283.5,425.0
2020-01-10 06:50:00,3283.5,3284.0,3283.5,3283.75,348.0
2020-01-10 06:55:00,3283.75,3284.25,3283.5,3284.0,531.0
2020-01-10 07:00:00,3284.0,3284.75,3283.5,3284.25,715.0
2020-01-10 07:05:00,3284.0,3284.5,3283.75,3284.25,594.0
2020-01-10 07:10:00,3284.25,3284.75,3284.25,3284.5,664.0
2020-01-10 07:15:00,3284.25,3284.5,3283.75,3284.25,882.0
2020-01-10 07:20:00,3284.25,3284.5,3284.0,3284.0,482.0
2020-01-10 07:25:00,3284.0,3284.25,3283.5,3283.75,640.0
2020-01-10 07:30:00,3283.75,3284.0,3283.0,3283.0,526.0
2020-01-10 07:35:00,3282.75,3283.5,3282.75,3283.5,758.0
2020-01-10 07:40:00,3283.5,3283.5,3282.25,3282.75,1537.0
2020-01-10 07:45:00,3282.5,3283.5,3282.5,3283.25,1575.0
2020-01-10 07:50:00,3283.25,3283.75,3283.25,3283.5,657.0
2020-01-10 07:55:00,3283.5,3283.75,3283.25,3283.75,574.0
2020-01-10 08:00:00,3283.75,3284.0,3283.25,3283.25,3030.0
2020-01-10 08:05:00,3283.25,3283.25,3282.25,3282.75,1708.0
2020-01-10 08:10:00,3282.5,3282.75,3282.0,3282.75,1166.0
2020-01-10 08:15:00,3282.75,3282.75,3282.0,3282.0,1372.0
2020-01-10 08:20:00,3282.0,3282.5,3280.75,3280.75,1743.0
2020-01-10 08:25:00,3280.75,3281.25,3279.75,3280.75,2225.0
2020-01-10 08:30:00,3280.75,3281.5,3280.25,3281.0,1251.0
2020-01-10 08:35:00,3280.75,3281.0,3279.75,3280.0,1432.0
2020-01-10 08:40:00,3279.75,3280.0,3279.5,3279.75,1618.0
2020-01-10 08:45:00,3279.75,3281.0,3279.5,3281.0,1236.0
2020-01-10 08:50:00,3281.0,3281.5,3280.5,3280.75,1311.0
2020-01-10 08:55:00,3281.0,3281.75,3280.5,3281.5,1135.0
2020-01-10 09:00:00,3281.5,3281.5,3280.25,3281.25,1228.0
2020-01-10 09:05:00,3281.5,3281.5,3280.25,3280.5,1896.0
2020-01-10 09:10:00,3280.5,3281.25,3280.5,3281.0,622.0
2020-01-10 09:15:00,3281.25,3281.25,3280.75,3281.25,643.0
2020-01-10 09:20:00,3281.0,3281.75,3281.0,3281.75,1044.0
2020-01-10 09:25:00,3281.75,3282.5,3281.75,3282.0,1075.0
2020-01-10 09:30:00,3281.75,3282.5,3281.75,3282.5,600.0
2020-01-10 09:35:00,3282.5,3282.75,3282.0,3282.5,1354.0
2020-01-10 09:40:00,3282.5,3282.75,3282.25,3282.25,700.0
2020-01-10 09:45:00,3282.25,3283.25,3282.25,3283.25,969.0
2020-01-10 09:50:00,3283.25,3283.5,3282.5,3282.75,1186.0
2020-01-10 09:55:00,3283.0,3283.5,3282.75,3283.5,1029.0
2020-01-10 10:00:00,3283.5,3283.75,3283.0,3283.25,668.0
2020-01-10 10:05:00,3283.0,3283.5,3283.0,3283.5,876.0
2020-01-10 10:10:00,3283.25,3284.25,3283.25,3284.25,1051.0
2020-01-10 10:15:00,3284.25,3284.75,3283.5,3283.75,1864.0
2020-01-10 10:20:00,3284.0,3284.25,3283.75,3284.0,822.0
2020-01-10 10:25:00,3283.75,3284.0,3283.0,3283.75,1487.0
2020-01-10 10:30:00,3284.0,3284.75,3283.75,3284.25,920.0
2020-01-10 10:35:00,3284.0,3284.5,3283.75,3284.0,1091.0
2020-01-10 10:40:00,3284.0,3284.25,3283.75,3283.75,995.0
2020-01-10 10:45:00,3284.0,3284.25,3283.5,3284.25,903.0
2020-01-10 10:50:00,3284.25,3284.25,3283.5,3283.5,791.0
2020-01-10 10:55:00,3283.75,3284.0,3283.0,3283.25,958.0
2020-01-10 11:00:00,3283.25,3283.5,3283.0,3283.5,676.0
2020-01-10 11:05:00,3283.5,3285.0,3283.5,3285.0,730.0
2020-01-10 11:10:00,3284.75,3285.0,3284.25,3284.5,431.0
2020-01-10 11:15:00,3284.5,3285.25,3284.5,3285.25,717.0
2020-01-10 11:20:00,3285.25,3285.75,3285.0,3285.75,1075.0
2020-01-10 11:25:00,3285.5,3287.0,3285.5,3286.5,2858.0
2020-01-10 11:30:00,3286.5,3287.0,3286.0,3286.75,1051.0
2020-01-10 11:35:00,3286.5,3286.75,3285.25,3285.25,1258.0
2020-01-10 11:40:00,3285.5,3285.5,3285.0,3285.5,491.0
2020-01-10 11:45:00,3285.5,3285.75,3285.0,3285.25,606.0
2020-01-10 11:50:00,3285.25,3285.5,3285.0,3285.25,647.0
2020-01-10 11:55:00,3285.25,3285.5,3285.0,3285.0,721.0
2020-01-10 12:00:00,3285.0,3285.25,3284.75,3285.0,866.0
2020-01-10 12:05:00,3285.0,3285.25,3284.25,3284.5,1390.0
2020-01-10 12:10:00,3284.5,3284.75,3284.0,3284.0,1542.0
2020-01-10 12:15:00,3284.0,3284.25,3283.75,3284.0,835.0
2020-01-10 12:20:00,3283.75,3284.25,3283.75,3283.75,1158.0
2020-01-10 12:25:00,3284.0,3284.0,3283.5,3283.75,660.0
2020-01-10 12:30:00,3283.75,3284.25,3283.5,3284.0,1818.0
2020-01-10 12:35:00,3284.0,3284.25,3284.0,3284.25,874.0
2020-01-10 12:40:00,3284.25,3284.25,3283.75,3284.0,697.0
2020-01-10 12:45:00,3284.25,3284.25,3282.5,3283.25,2545.0
2020-01-10 12:50:00,3283.25,3283.5,3283.25,3283.5,718.0
2020-01-10 12:55:00,3283.5,3284.0,3283.0,3283.75,925.0
2020-01-10 13:00:00,3283.5,3283.75,3283.0,3283.0,1305.0
2020-01-10 13:05:00,3283.25,3283.75,3282.75,3282.75,1977.0
2020-01-10 13:10:00,3283.0,3283.0,3280.5,3281.25,4284.0
2020-01-10 13:15:00,3281.25,3281.5,3280.0,3280.5,3032.0
2020-01-10 13:20:00,3280.5,3282.0,3279.75,3281.75,4333.0
2020-01-10 13:25:00,3281.75,3282.5,3280.5,3282.5,4085.0
2020-01-10 13:30:00,3282.75,3284.0,3279.0,3283.75,15051.0
2020-01-10 13:35:00,3283.75,3284.0,3280.0,3280.5,8113.0
2020-01-10 13:40:00,3280.5,3281.25,3279.75,3280.0,3851.0
2020-01-10 13:45:00,3279.75,3281.0,3277.5,3281.0,9202.0
2020-01-10 13:50:00,3280.75,3282.75,3280.5,3282.25,5821.0
2020-01-10 13:55:00,3282.0,3283.5,3281.0,3281.75,4608.0
2020-01-10 14:00:00,3281.75,3282.75,3280.75,3282.0,4320.0
2020-01-10 14:05:00,3281.75,3282.75,3281.25,3281.75,7889.0
2020-01-10 14:10:00,3281.75,3282.0,3280.75,3282.0,4614.0
2020-01-10 14:15:00,3282.0,3282.0,3280.75,3281.75,3425.0
2020-01-10 14:20:00,3281.75,3283.25,3281.5,3282.75,4943.0
2020-01-10 14:25:00,3282.5,3283.5,3282.5,3283.25,9344.0
2020-01-10 14:30:00,3283.25,3283.5,3279.0,3279.0,39281.0
2020-01-10 14:35:00,3279.25,3279.5,3275.5,3276.25,45147.0
2020-01-10 14:40:00,3276.25,3278.0,3275.25,3277.25,34393.0
2020-01-10 14:45:00,3277.25,3277.75,3274.75,3277.25,29346.0
2020-01-10 14:50:00,3277.25,3280.25,3277.0,3279.75,25801.0
2020-01-10 14:55:00,3279.75,3280.75,3278.75,3280.5,20086.0
2020-01-10 15:00:00,3280.5,3282.0,3280.0,3281.75,24286.0
2020-01-10 15:05:00,3282.0,3283.75,3281.5,3283.0,27186.0
2020-01-10 15:10:00,3283.25,3283.25,3279.5,3279.5,24793.0
2020-01-10 15:15:00,3279.75,3282.0,3279.5,3281.25,15883.0
2020-01-10 15:20:00,3281.25,3282.25,3280.25,3280.75,13700.0
2020-01-10 15:25:00,3280.75,3281.5,3279.25,3280.5,13986.0
2020-01-10 15:30:00,3280.5,3281.0,3279.5,3280.25,9441.0
2020-01-10 15:35:00,3280.25,3281.5,3279.75,3281.0,14952.0
2020-01-10 15:40:00,3281.0,3282.0,3280.75,3281.5,8162.0
2020-01-10 15:45:00,3281.75,3282.5,3280.75,3281.5,9463.0
2020-01-10 15:50:00,3281.5,3281.5,3278.25,3279.5,21695.0
2020-01-10 15:55:00,3279.5,3281.75,3279.0,3281.5,9495.0
2020-01-10 16:00:00,3281.5,3281.75,3280.5,3280.75,7437.0
2020-01-10 16:05:00,3280.75,3281.75,3280.0,3281.5,6717.0
2020-01-10 16:10:00,3281.5,3282.25,3281.25,3282.0,7548.0
2020-01-10 16:15:00,3281.75,3282.25,3280.0,3280.0,6700.0
2020-01-10 16:20:00,3280.0,3281.0,3279.25,3279.5,11998.0
2020-01-10 16:25:00,3279.25,3279.5,3277.0,3278.0,15169.0
2020-01-10 16:30:00,3278.0,3278.0,3274.5,3276.0,23502.0
2020-01-10 16:35:00,3275.75,3277.5,3275.75,3277.25,13606.0
2020-01-10 16:40:00,3277.5,3278.0,3275.5,3275.75,15678.0
2020-01-10 16:45:00,3275.5,3276.0,3274.0,3274.0,17877.0
2020-01-10 16:50:00,3274.0,3276.0,3273.25,3275.0,14848.0
2020-01-10 16:55:00,3275.25,3276.0,3275.0,3275.25,10155.0
2020-01-10 17:00:00,3275.25,3275.75,3271.75,3272.75,13199.0
2020-01-10 17:05:00,3272.75,3273.75,3270.0,3270.0,16499.0
2020-01-10 17:10:00,3270.25,3272.0,3268.5,3271.25,24065.0
2020-01-10 17:15:00,3271.5,3271.75,3269.25,3269.75,14750.0
2020-01-10 17:20:00,3270.0,3271.5,3269.75,3270.75,21020.0
2020-01-10 17:25:00,3270.75,3272.75,3270.0,3272.75,22633.0
2020-01-10 17:30:00,3272.75,3273.5,3272.5,3273.25,9181.0
2020-01-10 17:35:00,3273.25,3274.25,3272.75,3274.25,9780.0
2020-01-10 17:40:00,3274.25,3274.75,3274.0,3274.25,5591.0
2020-01-10 17:45:00,3274.5,3275.25,3274.0,3275.0,9863.0
2020-01-10 17:50:00,3275.25,3275.5,3274.5,3274.75,7265.0
2020-01-10 17:55:00,3275.0,3275.25,3274.25,3274.25,5962.0
2020-01-10 18:00:00,3274.5,3275.75,3273.75,3275.75,6478.0
2020-01-10 18:05:00,3275.75,3276.5,3275.25,3276.5,4316.0
2020-01-10 18:10:00,3276.5,3276.75,3276.0,3276.75,5672.0
2020-01-10 18:15:00,3276.75,3278.0,3276.5,3277.75,8979.0
2020-01-10 18:20:00,3278.0,3278.0,3277.0,3277.25,4561.0
2020-01-10 18:25:00,3277.25,3277.75,3276.5,3276.5,6526.0
2020-01-10 18:30:00,3276.5,3277.0,3276.25,3277.0,3548.0
2020-01-10 18:35:00,3277.0,3277.5,3276.5,3277.25,5759.0
2020-01-10 18:40:00,3277.25,3278.0,3275.25,3278.0,9550.0
2020-01-10 18:45:00,3278.0,3278.0,3277.25,3277.75,4181.0
2020-01-10 18:50:00,3277.75,3278.0,3276.5,3277.0,4958.0
2020-01-10 18:55:00,3277.0,3277.5,3276.75,3277.25,2107.0
2020-01-10 19:00:00,3277.25,3277.5,3276.0,3276.5,6632.0
2020-01-10 19:05:00,3276.5,3276.75,3274.75,3275.25,9307.0
2020-01-10 19:10:00,3275.25,3275.75,3272.75,3273.25,16861.0
2020-01-10 19:15:00,3273.25,3274.25,3272.0,3274.0,13875.0
2020-01-10 19:20:00,3274.25,3274.75,3273.5,3274.0,7439.0
2020-01-10 19:25:00,3274.0,3274.25,3272.5,3273.0,4768.0
2020-01-10 19:30:00,3273.0,3273.0,3271.5,3271.75,5509.0
2020-01-10 19:35:00,3271.75,3272.25,3271.0,3271.5,9196.0
2020-01-10 19:40:00,3271.5,3271.75,3270.25,3270.75,6305.0
2020-01-10 19:45:00,3270.5,3271.75,3269.5,3271.25,10357.0
2020-01-10 19:50:00,3271.5,3271.5,3270.5,3271.0,7659.0
2020-01-10 19:55:00,3271.0,3272.0,3270.75,3271.75,4200.0
2020-01-10 20:00:00,3272.0,3272.25,3269.0,3270.75,16371.0
2020-01-10 20:05:00,3270.75,3271.0,3267.5,3267.5,14099.0
2020-01-10 20:10:00,3267.5,3269.25,3267.5,3268.75,11658.0
2020-01-10 20:15:00,3268.75,3268.75,3266.75,3267.0,12373.0
2020-01-10 20:20:00,3267.25,3268.5,3266.25,3267.75,12399.0
2020-01-10 20:25:00,3267.75,3269.0,3267.0,3269.0,12429.0
2020-01-10 20:30:00,3269.0,3269.0,3264.5,3264.75,22610.0
2020-01-10 20:35:00,3264.75,3265.5,3263.5,3265.0,16238.0
2020-01-10 20:40:00,3265.0,3265.5,3260.75,3262.5,23451.0
2020-01-10 20:45:00,3262.5,3265.75,3262.25,3265.0,24457.0
2020-01-10 20:50:00,3265.0,3267.0,3261.0,3266.75,35161.0
2020-01-10 20:55:00,3266.75,3267.0,3265.0,3266.0,35951.0
2020-01-10 21:00:00,3266.0,3267.25,3264.25,3265.0,77459.0
2020-01-10 21:05:00,3265.0,3265.25,3263.75,3265.0,8728.0
2020-01-10 21:10:00,3265.0,3265.5,3264.5,3265.5,7088.0
2020-01-10 21:15:00,3265.5,3265.5,3264.25,3264.75,5462.0
2020-01-10 21:30:00,3264.75,3265.5,3264.25,3264.5,1791.0
2020-01-10 21:35:00,3264.5,3265.0,3264.5,3265.0,837.0
2020-01-10 21:40:00,3265.0,3265.5,3264.75,3265.0,886.0
2020-01-10 21:45:00,3265.0,3265.25,3264.25,3264.75,894.0
2020-01-10 21:50:00,3264.5,3265.0,3264.0,3265.0,1057.0
2020-01-10 21:55:00,3264.75,3265.0,3263.25,3263.75,1104.0
2020-01-10 22:00:00,3263.75,3263.75,3263.25,3263.5,549.0
2020-01-12 23:00:00,3265.75,3271.5,3265.5,3269.75,4396.0
2020-01-12 23:05:00,3269.75,3270.0,3268.5,3269.0,1159.0
2020-01-12 23:10:00,3269.0,3269.25,3268.25,3269.25,467.0
2020-01-12 23:15:00,3269.25,3270.25,3269.25,3270.25,574.0
2020-01-12 23:20:00,3270.0,3270.5,3269.5,3269.75,715.0
2020-01-12 23:25:00,3270.0,3270.25,3269.75,3270.0,173.0
2020-01-12 23:30:00,3270.0,3270.5,3269.25,3270.5,560.0
2020-01-12 23:35:00,3270.5,3271.0,3270.0,3271.0,288.0
2020-01-12 23:40:00,3271.0,3271.25,3270.5,3270.5,599.0
2020-01-12 23:45:00,3270.75,3270.75,3269.25,3269.75,708.0
2020-01-12 23:50:00,3269.75,3269.75,3269.0,3269.0,410.0
2020-01-12 23:55:00,3269.0,3269.0,3268.25,3268.25,1220.0
2020-01-13 00:00:00,3268.25,3268.75,3266.75,3268.5,1546.0
2020-01-13 00:05:00,3268.75,3269.0,3268.0,3268.75,402.0
2020-01-13 00:10:00,3268.75,3268.75,3267.25,3268.25,603.0
2020-01-13 00:15:00,3268.25,3269.0,3268.0,3268.0,546.0
2020-01-13 00:20:00,3268.25,3268.25,3267.5,3267.75,543.0
2020-01-13 00:25:00,3267.75,3267.75,3267.0,3267.0,476.0
2020-01-13 00:30:00,3267.0,3268.0,3266.75,3267.5,415.0
2020-01-13 00:35:00,3267.75,3267.75,3267.25,3267.25,120.0
2020-01-13 00:40:00,3267.5,3269.0,3267.25,3269.0,448.0
2020-01-13 00:45:00,3269.0,3269.5,3268.75,3269.5,363.0
2020-01-13 00:50:00,3269.5,3270.25,3269.25,3269.5,607.0
2020-01-13 00:55:00,3269.5,3270.0,3269.25,3270.0,251.0
2020-01-13 01:00:00,3270.25,3271.25,3269.75,3270.75,816.0
2020-01-13 01:05:00,3270.75,3271.25,3270.25,3270.5,416.0
2020-01-13 01:10:00,3270.75,3272.0,3270.5,3271.5,1023.0
2020-01-13 01:15:00,3271.5,3272.75,3271.5,3272.25,1348.0
2020-01-13 01:20:00,3272.5,3273.25,3272.25,3273.0,1308.0
2020-01-13 01:25:00,3273.0,3274.0,3272.75,3273.0,1267.0
2020-01-13 01:30:00,3273.25,3273.25,3272.0,3272.0,866.0
2020-01-13 01:35:00,3272.0,3272.25,3271.0,3271.25,942.0
2020-01-13 01:40:00,3271.5,3272.75,3271.0,3272.5,867.0
2020-01-13 01:45:00,3272.5,3272.75,3272.0,3272.0,589.0
2020-01-13 01:50:00,3272.0,3273.0,3272.0,3272.75,472.0
2020-01-13 01:55:00,3272.5,3273.0,3271.25,3271.25,609.0
2020-01-13 02:00:00,3271.25,3271.5,3270.25,3270.75,1211.0
2020-01-13 02:05:00,3270.75,3271.5,3270.5,3271.25,421.0
2020-01-13 02:10:00,3271.25,3272.25,3271.0,3272.0,355.0
2020-01-13 02:15:00,3272.0,3272.5,3271.25,3272.0,615.0
2020-01-13 02:20:00,3272.0,3272.25,3271.5,3272.25,288.0
2020-01-13 02:25:00,3272.25,3272.5,3272.0,3272.25,261.0
2020-01-13 02:30:00,3272.25,3272.5,3271.75,3272.25,439.0
2020-01-13 02:35:00,3272.25,3272.75,3272.0,3272.5,289.0
2020-01-13 02:40:00,3272.5,3272.75,3272.25,3272.75,187.0
2020-01-13 02:45:00,3272.75,3273.0,3272.25,3272.75,252.0
2020-01-13 02:50:00,3272.5,3273.25,3272.5,3273.0,381.0
2020-01-13 02:55:00,3273.25,3273.75,3273.0,3273.5,465.0
2020-01-13 03:00:00,3273.5,3274.0,3273.25,3273.5,452.0
2020-01-13 03:05:00,3273.75,3274.25,3273.5,3273.75,799.0
2020-01-13 03:10:00,3274.0,3274.25,3273.75,3274.25,402.0
2020-01-13 03:15:00,3274.25,3274.25,3273.75,3274.0,211.0
2020-01-13 03:20:00,3273.75,3274.25,3273.0,3273.25,375.0
2020-01-13 03:25:00,3273.5,3273.75,3273.0,3273.5,182.0
2020-01-13 03:30:00,3273.5,3273.5,3273.25,3273.5,85.0
2020-01-13 03:35:00,3273.5,3273.5,3273.0,3273.5,135.0
2020-01-13 03:40:00,3273.25,3273.5,3273.0,3273.0,112.0
2020-01-13 03:45:00,3273.25,3274.0,3273.0,3273.75,337.0
2020-01-13 03:50:00,3273.75,3273.75,3273.25,3273.5,133.0
2020-01-13 03:55:00,3273.25,3273.5,3273.0,3273.5,456.0
2020-01-13 04:00:00,3273.75,3273.75,3273.25,3273.5,129.0
2020-01-13 04:05:00,3273.25,3273.75,3273.25,3273.75,216.0
2020-01-13 04:10:00,3273.75,3273.75,3273.5,3273.5,193.0
2020-01-13 04:15:00,3273.5,3274.0,3273.5,3273.75,179.0
2020-01-13 04:20:00,3273.75,3273.75,3273.25,3273.5,128.0
2020-01-13 04:25:00,3273.5,3273.5,3273.25,3273.5,56.0
2020-01-13 04:30:00,3273.5,3273.5,3273.25,3273.5,112.0
2020-01-13 04:35:00,3273.5,3273.5,3273.25,3273.25,76.0
2020-01-13 04:40:00,3273.25,3273.5,3273.25,3273.25,59.0
2020-01-13 04:45:00,3273.5,3273.5,3273.25,3273.5,271.0
2020-01-13 04:50:00,3273.5,3273.75,3273.25,3273.75,85.0
2020-01-13 04:55:00,3273.75,3273.75,3273.25,3273.5,63.0
2020-01-13 05:00:00,3273.5,3273.75,3273.25,3273.75,112.0
2020-01-13 05:05:00,3273.75,3274.0,3273.5,3273.5,135.0
2020-01-13 05:10:00,3273.75,3274.0,3273.75,3274.0,233.0
2020-01-13 05:15:00,3273.75,3274.75,3273.75,3274.5,742.0
2020-01-13 05:20:00,3274.5,3274.75,3274.25,3274.25,394.0
2020-01-13 05:25:00,3274.25,3274.5,3274.0,3274.0,252.0
2020-01-13 05:30:00,3274.0,3274.25,3273.5,3273.75,232.0
2020-01-13 05:35:00,3273.75,3274.25,3273.5,3274.25,183.0
2020-01-13 05:40:00,3274.25,3274.25,3273.75,3274.0,93.0
2020-01-13 05:45:00,3274.0,3274.5,3273.75,3274.5,98.0
2020-01-13 05:50:00,3274.5,3274.5,3273.75,3274.0,107.0
2020-01-13 05:55:00,3274.25,3274.25,3274.0,3274.25,105.0
2020-01-13 06:00:00,3274.25,3274.75,3273.75,3274.5,283.0
2020-01-13 06:05:00,3274.75,3275.0,3274.25,3274.25,411.0
2020-01-13 06:10:00,3274.5,3274.75,3274.0,3274.75,233.0
2020-01-13 06:15:00,3274.75,3274.75,3274.25,3274.5,172.0
2020-01-13 06:20:00,3274.5,3274.75,3274.0,3274.0,299.0
2020-01-13 06:25:00,3274.0,3274.25,3273.5,3274.0,371.0
2020-01-13 06:30:00,3273.75,3274.25,3273.5,3274.25,208.0
2020-01-13 06:35:00,3274.25,3274.5,3274.0,3274.5,160.0
2020-01-13 06:40:00,3274.5,3274.75,3274.0,3274.0,240.0
2020-01-13 06:45:00,3274.0,3274.25,3273.5,3274.0,258.0
2020-01-13 06:50:00,3274.25,3274.25,3273.75,3274.0,222.0
2020-01-13 06:55:00,3274.0,3274.25,3273.5,3273.5,371.0
2020-01-13 07:00:00,3273.5,3274.75,3273.25,3274.75,892.0
2020-01-13 07:05:00,3274.75,3274.75,3274.25,3274.5,298.0
2020-01-13 07:10:00,3274.5,3274.75,3274.0,3274.25,308.0
2020-01-13 07:15:00,3274.0,3274.5,3273.75,3273.75,438.0
2020-01-13 07:20:00,3273.75,3274.0,3273.25,3273.5,855.0
2020-01-13 07:25:00,3273.25,3273.25,3272.5,3273.0,937.0
2020-01-13 07:30:00,3273.25,3273.25,3272.75,3272.75,316.0
2020-01-13 07:35:00,3272.75,3273.25,3272.75,3273.25,123.0
2020-01-13 07:40:00,3273.25,3273.25,3272.75,3273.0,249.0
2020-01-13 07:45:00,3272.75,3273.0,3272.5,3273.0,339.0
2020-01-13 07:50:00,3273.0,3273.5,3272.5,3273.5,511.0
2020-01-13 07:55:00,3273.5,3273.5,3272.75,3273.0,407.0
2020-01-13 08:00:00,3273.0,3274.25,3273.0,3273.5,1927.0
2020-01-13 08:05:00,3273.25,3275.25,3273.0,3275.0,2591.0
2020-01-13 08:10:00,3275.0,3275.0,3274.0,3274.25,1342.0
2020-01-13 08:15:00,3274.25,3274.5,3273.75,3274.25,949.0
2020-01-13 08:20:00,3274.25,3274.75,3273.5,3274.5,783.0
2020-01-13 08:25:00,3274.5,3275.25,3274.25,3275.0,788.0
2020-01-13 08:30:00,3275.0,3276.75,3274.25,3276.0,2451.0
2020-01-13 08:35:00,3276.0,3276.75,3275.75,3276.25,1287.0
2020-01-13 08:40:00,3276.25,3276.75,3275.5,3275.75,1630.0
2020-01-13 08:45:00,3275.75,3276.0,3275.5,3276.0,814.0
2020-01-13 08:50:00,3276.0,3276.5,3275.5,3276.5,755.0
2020-01-13 08:55:00,3276.5,3276.5,3275.25,3276.25,835.0
2020-01-13 09:00:00,3276.25,3276.5,3274.25,3274.75,2381.0
2020-01-13 09:05:00,3274.75,3276.5,3274.5,3276.25,2450.0
2020-01-13 09:10:00,3276.25,3276.5,3275.75,3276.0,1348.0
2020-01-13 09:15:00,3276.25,3276.75,3274.5,3274.5,1000.0
2020-01-13 09:20:00,3274.5,3275.75,3274.25,3275.25,1749.0
2020-01-13 09:25:00,3275.5,3276.0,3275.25,3276.0,924.0
2020-01-13 09:30:00,3275.75,3276.25,3274.5,3275.75,1052.0
2020-01-13 09:35:00,3275.75,3276.5,3275.0,3276.25,1216.0
2020-01-13 09:40:00,3276.5,3276.75,3275.75,3276.75,840.0
2020-01-13 09:45:00,3276.5,3277.25,3276.25,3277.0,1625.0
2020-01-13 09:50:00,3277.0,3278.0,3276.5,3277.5,1942.0
2020-01-13 09:55:00,3277.5,3278.25,3277.25,3278.0,866.0
2020-01-13 10:00:00,3278.25,3278.25,3277.25,3277.5,1439.0
2020-01-13 10:05:00,3277.25,3277.75,3277.0,3277.5,1150.0
2020-01-13 10:10:00,3277.5,3277.5,3276.5,3276.75,877.0
2020-01-13 10:15:00,3276.5,3277.0,3276.25,3276.5,808.0
2020-01-13 10:20:00,3276.5,3277.25,3276.25,3277.25,828.0
2020-01-13 10:25:00,3277.5,3277.75,3277.5,3277.75,529.0
2020-01-13 10:30:00,3277.5,3278.0,3276.75,3277.5,835.0
2020-01-13 10:35:00,3277.5,3277.75,3277.0,3277.5,514.0
2020-01-13 10:40:00,3277.25,3277.75,3277.0,3277.75,427.0
2020-01-13 10:45:00,3277.75,3277.75,3277.25,3277.75,295.0
2020-01-13 10:50:00,3277.5,3278.0,3276.75,3277.25,1006.0
2020-01-13 10:55:00,3277.0,3277.75,3276.75,3277.75,626.0
2020-01-13 11:00:00,3277.75,3278.0,3277.5,3277.75,740.0
2020-01-13 11:05:00,3277.75,3278.0,3277.25,3277.75,545.0
2020-01-13 11:10:00,3277.75,3278.0,3277.25,3277.25,524.0
2020-01-13 11:15:00,3277.25,3277.5,3276.5,3276.75,1135.0
2020-01-13 11:20:00,3276.75,3277.5,3276.5,3276.5,1242.0
2020-01-13 11:25:00,3276.5,3276.75,3276.0,3276.25,677.0
2020-01-13 11:30:00,3276.25,3276.75,3276.0,3276.5,696.0
2020-01-13 11:35:00,3276.5,3277.0,3275.25,3275.75,842.0
2020-01-13 11:40:00,3275.5,3275.75,3274.25,3274.75,1643.0
2020-01-13 11:45:00,3274.5,3274.5,3273.25,3274.25,1746.0
2020-01-13 11:50:00,3274.25,3274.25,3273.25,3273.5,1933.0
2020-01-13 11:55:00,3273.5,3273.75,3271.5,3272.75,3296.0
2020-01-13 12:00:00,3272.5,3272.75,3271.25,3272.25,2029.0
2020-01-13 12:05:00,3272.25,3274.0,3272.0,3273.5,2909.0
2020-01-13 12:10:00,3273.25,3273.75,3272.75,3273.0,1227.0
2020-01-13 12:15:00,3273.25,3274.0,3272.75,3273.75,1100.0
2020-01-13 12:20:00,3273.75,3274.25,3273.5,3274.25,802.0
2020-01-13 12:25:00,3274.25,3274.75,3274.0,3274.75,875.0
2020-01-13 12:30:00,3274.75,3274.75,3274.25,3274.5,1150.0
2020-01-13 12:35:00,3274.25,3274.75,3273.0,3274.75,1689.0
2020-01-13 12:40:00,3274.5,3275.25,3274.5,3275.25,1273.0
2020-01-13 12:45:00,3275.0,3275.5,3274.25,3274.25,756.0
2020-01-13 12:50:00,3274.25,3274.5,3273.25,3274.5,1708.0
2020-01-13 12:55:00,3274.5,3275.0,3274.25,3275.0,1278.0
2020-01-13 13:00:00,3274.75,3275.0,3273.75,3275.0,1806.0
2020-01-13 13:05:00,3275.25,3276.75,3275.0,3276.25,2302.0
2020-01-13 13:10:00,3276.5,3276.5,3275.5,3276.5,1447.0
2020-01-13 13:15:00,3276.5,3276.75,3275.5,3276.75,1821.0
2020-01-13 13:20:00,3276.5,3277.5,3276.25,3277.0,3288.0
2020-01-13 13:25:00,3277.0,3277.25,3276.5,3277.0,760.0
2020-01-13 13:30:00,3276.75,3276.75,3275.5,3276.25,1902.0
2020-01-13 13:35:00,3276.25,3276.5,3276.0,3276.0,637.0
2020-01-13 13:40:00,3276.0,3276.5,3275.75,3276.0,1332.0
2020-01-13 13:45:00,3276.0,3276.25,3275.5,3275.5,1162.0
2020-01-13 13:50:00,3275.75,3276.25,3274.25,3274.5,1902.0
2020-01-13 13:55:00,3274.25,3274.75,3273.25,3274.25,2902.0
2020-01-13 14:00:00,3274.5,3274.5,3273.75,3274.0,1961.0
2020-01-13 14:05:00,3274.0,3274.5,3273.75,3274.25,1651.0
2020-01-13 14:10:00,3274.5,3274.5,3273.0,3273.0,2286.0
2020-01-13 14:15:00,3273.0,3274.0,3272.75,3273.75,2026.0
2020-01-13 14:20:00,3273.75,3274.25,3272.5,3272.75,1972.0
2020-01-13 14:25:00,3272.5,3273.5,3272.25,3273.25,3503.0
2020-01-13 14:30:00,3273.25,3274.5,3270.25,3270.75,34424.0
2020-01-13 14:35:00,3270.75,3272.5,3269.0,3271.5,24280.0
2020-01-13 14:40:00,3271.25,3273.75,3268.0,3272.5,38547.0
2020-01-13 14:45:00,3272.25,3274.5,3271.75,3273.5,21517.0
2020-01-13 14:50:00,3273.25,3274.25,3272.25,3272.75,14435.0
2020-01-13 14:55:00,3273.0,3276.0,3272.25,3275.75,15691.0
2020-01-13 15:00:00,3275.5,3276.0,3274.75,3275.5,13045.0
2020-01-13 15:05:00,3275.5,3275.5,3273.0,3274.0,10494.0
2020-01-13 15:10:00,3274.25,3274.5,3272.5,3272.75,10720.0
2020-01-13 15:15:00,3272.75,3275.0,3272.5,3273.75,13180.0
2020-01-13 15:20:00,3273.75,3274.5,3271.75,3274.25,12540.0
2020-01-13 15:25:00,3274.25,3275.5,3274.25,3274.75,11716.0
2020-01-13 15:30:00,3274.75,3275.5,3272.5,3274.25,9390.0
2020-01-13 15:35:00,3274.0,3274.75,3273.0,3274.5,7529.0
2020-01-13 15:40:00,3274.5,3275.0,3273.0,3274.25,9503.0
2020-01-13 15:45:00,3274.5,3276.0,3273.25,3276.0,9462.0
2020-01-13 15:50:00,3276.0,3276.75,3275.0,3276.75,7564.0
2020-01-13 15:55:00,3276.75,3278.0,3276.0,3277.5,12789.0
2020-01-13 16:00:00,3277.5,3277.75,3276.25,3277.5,7585.0
2020-01-13 16:05:00,3277.5,3278.0,3277.0,3277.75,7227.0
2020-01-13 16:10:00,3277.5,3278.25,3276.5,3277.5,8740.0
2020-01-13 16:15:00,3277.5,3278.75,3277.0,3278.25,7598.0
2020-01-13 16:20:00,3278.25,3278.75,3277.5,3277.5,7975.0
2020-01-13 16:25:00,3277.5,3281.0,3276.25,3277.25,25822.0
2020-01-13 16:30:00,3277.25,3280.5,3276.25,3278.75,26515.0
2020-01-13 16:35:00,3279.0,3279.25,3277.75,3278.5,8589.0
2020-01-13 16:40:00,3278.75,3279.75,3278.5,3279.5,7021.0
2020-01-13 16:45:00,3279.5,3280.25,3278.75,3280.0,5662.0
2020-01-13 16:50:00,3280.0,3281.0,3280.0,3280.0,7653.0
2020-01-13 16:55:00,3280.25,3281.0,3279.5,3281.0,6951.0
2020-01-13 17:00:00,3281.0,3283.0,3281.0,3283.0,16385.0
2020-01-13 17:05:00,3283.0,3283.0,3282.25,3282.5,6288.0
2020-01-13 17:10:00,3282.75,3284.0,3282.5,3283.75,9626.0
2020-01-13 17:15:00,3283.75,3284.5,3283.5,3284.0,8258.0
2020-01-13 17:20:00,3284.0,3284.25,3283.25,3283.5,4692.0
2020-01-13 17:25:00,3283.5,3283.75,3283.0,3283.25,5930.0
2020-01-13 17:30:00,3283.5,3284.25,3283.0,3284.0,6138.0
2020-01-13 17:35:00,3284.25,3284.25,3282.25,3282.5,10157.0
2020-01-13 17:40:00,3282.5,3283.0,3282.25,3282.25,3365.0
2020-01-13 17:45:00,3282.25,3282.5,3281.5,3282.0,4028.0
2020-01-13 17:50:00,3282.0,3282.75,3281.5,3282.75,3190.0
2020-01-13 17:55:00,3282.75,3282.75,3282.0,3282.5,2678.0
2020-01-13 18:00:00,3282.5,3282.5,3281.5,3282.0,4041.0
2020-01-13 18:05:00,3282.0,3283.0,3281.75,3282.75,4158.0
2020-01-13 18:10:00,3283.0,3283.0,3282.5,3282.75,2002.0
2020-01-13 18:15:00,3282.75,3282.75,3281.5,3282.5,6111.0
2020-01-13 18:20:00,3282.5,3283.75,3282.25,3282.75,6670.0
2020-01-13 18:25:00,3282.75,3282.75,3281.75,3282.25,3352.0
2020-01-13 18:30:00,3282.25,3282.5,3281.5,3281.5,5051.0
2020-01-13 18:35:00,3281.5,3282.0,3280.75,3281.75,6110.0
2020-01-13 18:40:00,3281.5,3282.0,3281.25,3281.25,3341.0
2020-01-13 18:45:00,3281.25,3282.0,3281.25,3282.0,2990.0
2020-01-13 18:50:00,3282.0,3282.75,3281.5,3281.75,3801.0
2020-01-13 18:55:00,3281.75,3282.25,3281.5,3281.5,2425.0
2020-01-13 19:00:00,3281.25,3282.0,3280.25,3280.75,7734.0
2020-01-13 19:05:00,3280.75,3283.25,3280.75,3283.0,7906.0
2020-01-13 19:10:00,3283.0,3283.25,3282.5,3283.25,3783.0
2020-01-13 19:15:00,3283.25,3283.5,3281.75,3282.5,3644.0
2020-01-13 19:20:00,3282.5,3283.25,3282.25,3283.25,3993.0
2020-01-13 19:25:00,3283.25,3284.0,3283.25,3284.0,5905.0
2020-01-13 19:30:00,3284.0,3284.75,3283.75,3284.25,3174.0
2020-01-13 19:35:00,3284.5,3284.75,3284.0,3284.25,3730.0
2020-01-13 19:40:00,3284.25,3285.0,3283.5,3283.5,6000.0
2020-01-13 19:45:00,3283.5,3284.25,3283.5,3284.0,4512.0
2020-01-13 19:50:00,3284.0,3284.0,3283.25,3284.0,3957.0
2020-01-13 19:55:00,3283.75,3285.0,3283.75,3284.75,4281.0
2020-01-13 20:00:00,3284.5,3285.0,3284.25,3284.75,2876.0
2020-01-13 20:05:00,3285.0,3285.25,3284.0,3284.75,4883.0
2020-01-13 20:10:00,3284.75,3285.0,3283.75,3284.0,3401.0
2020-01-13 20:15:00,3284.0,3284.25,3283.0,3283.5,5392.0
2020-01-13 20:20:00,3283.5,3284.0,3283.25,3283.75,4279.0
2020-01-13 20:25:00,3284.0,3284.25,3282.5,3282.5,3794.0
2020-01-13 20:30:00,3282.75,3284.5,3282.5,3284.0,8041.0
2020-01-13 20:35:00,3284.0,3285.0,3284.0,3284.75,3402.0
2020-01-13 20:40:00,3285.0,3285.5,3284.25,3285.0,8726.0
2020-01-13 20:45:00,3284.75,3285.0,3284.0,3285.0,5933.0
2020-01-13 20:50:00,3285.0,3287.0,3284.5,3287.0,20479.0
2020-01-13 20:55:00,3287.0,3288.25,3286.5,3287.75,33240.0
2020-01-13 21:00:00,3288.0,3289.0,3287.5,3288.5,66931.0
2020-01-13 21:05:00,3288.25,3289.5,3288.0,3288.5,9749.0
2020-01-13 21:10:00,3288.75,3289.25,3288.0,3289.25,5555.0
2020-01-13 21:15:00,3289.25,3290.0,3289.25,3289.75,7529.0
2020-01-13 21:30:00,3290.0,3290.75,3289.25,3290.75,4110.0
2020-01-13 21:35:00,3290.75,3291.0,3290.5,3290.5,1287.0
2020-01-13 21:40:00,3290.75,3291.0,3290.25,3290.5,968.0
2020-01-13 21:45:00,3290.5,3290.5,3289.0,3289.25,2472.0
2020-01-13 21:50:00,3289.25,3289.5,3288.75,3289.0,1561.0
2020-01-13 21:55:00,3289.0,3289.25,3288.5,3289.0,973.0
2020-01-13 22:00:00,3289.25,3289.25,3287.5,3289.0,1732.0
2020-01-13 23:00:00,3289.25,3290.0,3288.75,3289.75,1719.0
2020-01-13 23:05:00,3289.5,3290.5,3289.25,3289.75,968.0
2020-01-13 23:10:00,3289.75,3290.25,3289.5,3290.0,448.0
2020-01-13 23:15:00,3290.0,3290.5,3289.75,3290.5,328.0
2020-01-13 23:20:00,3290.5,3291.5,3290.25,3291.25,1257.0
2020-01-13 23:25:00,3291.0,3292.0,3291.0,3291.75,866.0
2020-01-13 23:30:00,3291.75,3292.0,3291.0,3291.5,730.0
2020-01-13 23:35:00,3291.5,3291.75,3291.0,3291.0,414.0
2020-01-13 23:40:00,3291.25,3291.5,3290.5,3291.0,720.0
2020-01-13 23:45:00,3291.0,3292.0,3291.0,3291.75,896.0
2020-01-13 23:50:00,3291.5,3293.5,3291.5,3293.5,1853.0
2020-01-13 23:55:00,3293.5,3294.25,3293.0,3293.75,1360.0
2020-01-14 00:00:00,3293.75,3294.5,3293.25,3294.25,2534.0
2020-01-14 00:05:00,3294.25,3295.25,3294.0,3294.0,2647.0
2020-01-14 00:10:00,3294.0,3295.75,3293.75,3295.0,2004.0
2020-01-14 00:15:00,3295.25,3295.75,3294.5,3295.5,1158.0
2020-01-14 00:20:00,3295.5,3296.75,3295.5,3296.25,1861.0
2020-01-14 00:25:00,3296.0,3296.0,3295.5,3295.75,813.0
2020-01-14 00:30:00,3295.5,3296.5,3295.5,3295.75,924.0
2020-01-14 00:35:00,3295.5,3295.75,3295.0,3295.0,752.0
2020-01-14 00:40:00,3295.0,3295.25,3294.25,3294.25,871.0
2020-01-14 00:45:00,3294.25,3295.25,3294.0,3295.0,718.0
2020-01-14 00:50:00,3295.25,3296.0,3295.0,3295.5,611.0
2020-01-14 00:55:00,3295.5,3295.75,3294.75,3294.75,433.0
2020-01-14 01:00:00,3295.0,3295.0,3294.5,3294.5,562.0
2020-01-14 01:05:00,3294.5,3294.5,3293.25,3294.0,1337.0
2020-01-14 01:10:00,3293.75,3294.75,3293.75,3294.5,750.0
2020-01-14 01:15:00,3294.5,3295.25,3293.5,3293.5,1215.0
2020-01-14 01:20:00,3293.5,3294.0,3292.75,3293.0,892.0
2020-01-14 01:25:00,3293.25,3293.5,3292.75,3293.0,1070.0
2020-01-14 01:30:00,3293.0,3293.75,3292.5,3293.0,1475.0
2020-01-14 01:35:00,3292.75,3293.5,3292.75,3293.0,914.0
2020-01-14 01:40:00,3293.25,3293.5,3292.75,3293.25,618.0
2020-01-14 01:45:00,3293.5,3293.75,3292.75,3293.0,1065.0
2020-01-14 01:50:00,3293.0,3293.25,3292.5,3292.5,905.0
2020-01-14 01:55:00,3292.5,3293.25,3292.5,3292.75,580.0
2020-01-14 02:00:00,3292.5,3293.25,3292.25,3292.75,1097.0
2020-01-14 02:05:00,3292.75,3293.25,3292.0,3292.0,1279.0
2020-01-14 02:10:00,3292.0,3292.5,3291.25,3292.25,1790.0
2020-01-14 02:15:00,3292.0,3292.75,3292.0,3292.75,418.0
2020-01-14 02:20:00,3293.0,3293.0,3292.25,3292.75,428.0
2020-01-14 02:25:00,3292.75,3293.0,3292.75,3292.75,433.0
2020-01-14 02:30:00,3292.75,3293.5,3292.75,3293.25,386.0
2020-01-14 02:35:00,3293.5,3293.5,3293.0,3293.25,244.0
2020-01-14 02:40:00,3293.25,3293.75,3293.25,3293.5,360.0
2020-01-14 02:45:00,3293.75,3293.75,3293.25,3293.5,165.0
2020-01-14 02:50:00,3293.5,3293.5,3292.75,3292.75,258.0
2020-01-14 02:55:00,3292.75,3293.25,3292.25,3292.25,490.0
2020-01-14 03:00:00,3292.25,3292.25,3289.75,3290.5,2188.0
2020-01-14 03:05:00,3290.5,3291.0,3290.0,3290.5,512.0
2020-01-14 03:10:00,3290.25,3290.75,3290.25,3290.5,542.0
2020-01-14 03:15:00,3290.5,3291.0,3290.25,3290.25,614.0
2020-01-14 03:20:00,3290.5,3290.5,3288.0,3288.75,1872.0
2020-01-14 03:25:00,3288.5,3289.25,3288.0,3288.0,800.0
2020-01-14 03:30:00,3288.0,3288.5,3287.5,3288.0,1028.0
2020-01-14 03:35:00,3288.0,3289.0,3288.0,3289.0,629.0
2020-01-14 03:40:00,3289.0,3289.25,3288.5,3288.75,667.0
2020-01-14 03:45:00,3288.75,3289.0,3288.25,3288.25,895.0
2020-01-14 03:50:00,3288.0,3289.0,3287.5,3288.75,1101.0
2020-01-14 03:55:00,3288.5,3289.25,3288.5,3289.25,242.0
2020-01-14 04:00:00,3289.25,3289.25,3288.75,3288.75,448.0
2020-01-14 04:05:00,3288.75,3289.5,3288.75,3289.5,425.0
2020-01-14 04:10:00,3289.75,3290.0,3289.5,3289.5,378.0
2020-01-14 04:15:00,3289.5,3290.0,3289.5,3289.75,141.0
2020-01-14 04:20:00,3289.5,3289.75,3289.25,3289.5,202.0
2020-01-14 04:25:00,3289.5,3289.5,3289.25,3289.5,314.0
2020-01-14 04:30:00,3289.75,3289.75,3288.75,3288.75,286.0
2020-01-14 04:35:00,3289.0,3289.0,3288.5,3288.75,550.0
2020-01-14 04:40:00,3289.0,3289.5,3288.5,3289.5,352.0
2020-01-14 04:45:00,3289.5,3289.5,3289.0,3289.25,257.0
2020-01-14 04:50:00,3289.5,3289.75,3289.0,3289.5,221.0
2020-01-14 04:55:00,3289.5,3289.5,3288.75,3289.5,454.0
2020-01-14 05:00:00,3289.5,3289.5,3288.5,3288.75,646.0
2020-01-14 05:05:00,3288.75,3289.25,3288.5,3289.25,305.0
2020-01-14 05:10:00,3289.25,3290.0,3289.25,3290.0,388.0
2020-01-14 05:15:00,3290.0,3290.5,3289.75,3290.25,666.0
2020-01-14 05:20:00,3290.25,3290.75,3290.0,3290.25,282.0
2020-01-14 05:25:00,3290.0,3290.25,3289.75,3290.25,565.0
2020-01-14 05:30:00,3290.5,3290.5,3289.25,3289.25,618.0
2020-01-14 05:35:00,3289.5,3289.75,3288.25,3289.0,602.0
2020-01-14 05:40:00,3289.0,3289.25,3288.75,3289.25,277.0
2020-01-14 05:45:00,3289.25,3289.5,3288.75,3289.0,385.0
2020-01-14 05:50:00,3288.75,3289.0,3288.0,3288.0,390.0
2020-01-14 05:55:00,3288.0,3288.25,3287.5,3287.75,581.0
2020-01-14 06:00:00,3288.0,3288.75,3287.75,3287.75,542.0
2020-01-14 06:05:00,3288.0,3288.75,3287.75,3288.5,548.0
2020-01-14 06:10:00,3288.5,3289.0,3288.25,3289.0,670.0
2020-01-14 06:15:00,3289.0,3289.0,3288.0,3288.25,386.0
2020-01-14 06:20:00,3288.25,3288.75,3288.0,3288.0,259.0
2020-01-14 06:25:00,3288.0,3288.5,3288.0,3288.25,368.0
2020-01-14 06:30:00,3288.25,3289.25,3288.25,3289.0,231.0
2020-01-14 06:35:00,3288.75,3289.5,3288.75,3289.5,458.0
2020-01-14 06:40:00,3289.5,3289.75,3289.0,3289.75,304.0
2020-01-14 06:45:00,3289.75,3289.75,3289.0,3289.0,359.0
2020-01-14 06:50:00,3289.25,3290.0,3289.25,3289.25,253.0
2020-01-14 06:55:00,3289.25,3290.25,3289.25,3289.75,522.0
2020-01-14 07:00:00,3289.75,3290.5,3289.5,3289.75,728.0
2020-01-14 07:05:00,3289.75,3290.25,3289.5,3290.0,527.0
2020-01-14 07:10:00,3289.75,3290.0,3288.5,3288.5,630.0
2020-01-14 07:15:00,3288.5,3288.5,3287.75,3288.25,762.0
2020-01-14 07:20:00,3288.25,3288.25,3286.25,3286.5,1576.0
2020-01-14 07:25:00,3286.5,3287.25,3286.5,3286.75,910.0
2020-01-14 07:30:00,3286.75,3287.25,3286.75,3287.0,626.0
2020-01-14 07:35:00,3287.0,3287.25,3286.25,3286.25,830.0
2020-01-14 07:40:00,3286.5,3286.5,3286.0,3286.25,674.0
2020-01-14 07:45:00,3286.25,3286.5,3286.0,3286.0,757.0
2020-01-14 07:50:00,3286.25,3286.5,3285.75,3286.5,948.0
2020-01-14 07:55:00,3286.25,3286.75,3285.25,3285.5,1366.0
2020-01-14 08:00:00,3285.5,3286.0,3284.0,3284.5,4325.0
2020-01-14 08:05:00,3284.75,3285.0,3283.0,3284.25,3291.0
2020-01-14 08:10:00,3284.25,3284.25,3282.75,3283.0,2300.0
2020-01-14 08:15:00,3283.0,3283.25,3280.0,3281.5,4234.0
2020-01-14 08:20:00,3281.5,3282.0,3277.25,3277.25,7599.0
2020-01-14 08:25:00,3277.25,3279.0,3275.75,3277.0,5540.0
2020-01-14 08:30:00,3276.75,3278.75,3275.25,3277.75,6942.0
2020-01-14 08:35:00,3277.75,3278.75,3276.75,3278.75,2325.0
2020-01-14 08:40:00,3278.75,3279.5,3277.75,3278.5,2990.0
2020-01-14 08:45:00,3278.5,3280.0,3278.25,3279.75,2501.0
2020-01-14 08:50:00,3279.5,3281.25,3279.25,3280.75,3069.0
2020-01-14 08:55:00,3280.75,3282.5,3280.5,3282.25,2544.0
2020-01-14 09:00:00,3282.5,3283.25,3282.0,3282.5,2864.0
2020-01-14 09:05:00,3282.5,3283.5,3282.25,3282.75,1803.0
2020-01-14 09:10:00,3282.75,3284.25,3282.25,3284.0,1808.0
2020-01-14 09:15:00,3283.75,3284.75,3283.25,3284.75,2112.0
2020-01-14 09:20:00,3284.75,3285.75,3284.25,3285.25,3769.0
2020-01-14 09:25:00,3285.25,3286.75,3285.25,3286.25,3126.0
2020-01-14 09:30:00,3286.25,3287.75,3285.75,3287.25,2329.0
2020-01-14 09:35:00,3287.5,3290.5,3287.25,3289.25,5973.0
2020-01-14 09:40:00,3289.25,3289.5,3288.25,3289.0,1377.0
2020-01-14 09:45:00,3288.75,3290.0,3288.75,3289.5,2690.0
2020-01-14 09:50:00,3289.25,3292.5,3289.25,3291.0,3770.0
2020-01-14 09:55:00,3291.0,3291.5,3290.5,3291.5,1341.0
2020-01-14 10:00:00,3291.5,3291.75,3289.75,3290.0,2164.0
2020-01-14 10:05:00,3289.75,3290.25,3288.75,3289.0,1646.0
2020-01-14 10:10:00,3289.0,3291.75,3288.75,3291.5,2575.0
2020-01-14 10:15:00,3291.25,3291.25,3290.25,3290.5,952.0
2020-01-14 10:20:00,3290.5,3291.0,3290.25,3290.5,1245.0
2020-01-14 10:25:00,3290.25,3290.75,3289.25,3290.25,1404.0
2020-01-14 10:30:00,3290.25,3291.0,3288.5,3289.0,2445.0
2020-01-14 10:35:00,3289.0,3289.25,3288.25,3288.25,1652.0
2020-01-14 10:40:00,3288.5,3289.25,3288.0,3288.25,2219.0
2020-01-14 10:45:00,3288.0,3288.25,3284.0,3284.25,3707.0
2020-01-14 10:50:00,3284.0,3286.25,3283.5,3286.0,2994.0
2020-01-14 10:55:00,3285.75,3286.75,3285.75,3286.25,758.0
2020-01-14 11:00:00,3286.0,3286.5,3285.75,3286.5,785.0
2020-01-14 11:05:00,3286.5,3287.5,3286.25,3286.75,1292.0
2020-01-14 11:10:00,3286.75,3286.75,3281.75,3283.5,4071.0
2020-01-14 11:15:00,3283.25,3283.75,3281.25,3282.75,2676.0
2020-01-14 11:20:00,3282.5,3284.0,3282.5,3284.0,2551.0
2020-01-14 11:25:00,3284.0,3284.75,3283.75,3284.25,1823.0
2020-01-14 11:30:00,3284.25,3285.0,3283.25,3283.75,1664.0
2020-01-14 11:35:00,3283.75,3284.5,3283.0,3283.75,1947.0
2020-01-14 11:40:00,3283.5,3284.5,3283.5,3284.0,605.0
2020-01-14 11:45:00,3284.0,3285.25,3283.0,3285.0,2904.0
2020-01-14 11:50:00,3285.0,3287.5,3284.5,3286.25,3471.0
2020-01-14 11:55:00,3286.25,3286.75,3286.0,3286.25,1150.0
2020-01-14 12:00:00,3286.25,3287.5,3285.75,3287.5,2301.0
2020-01-14 12:05:00,3287.5,3287.5,3286.5,3286.5,1069.0
2020-01-14 12:10:00,3286.5,3287.75,3286.5,3287.25,1064.0
2020-01-14 12:15:00,3287.25,3287.75,3287.0,3287.0,909.0
2020-01-14 12:20:00,3287.0,3287.75,3287.0,3287.5,817.0
2020-01-14 12:25:00,3287.5,3289.0,3287.0,3288.5,2227.0
2020-01-14 12:30:00,3288.5,3288.75,3288.25,3288.75,1441.0
2020-01-14 12:35:00,3289.0,3289.0,3288.25,3288.75,1111.0
2020-01-14 12:40:00,3288.5,3288.5,3287.0,3287.25,1379.0
2020-01-14 12:45:00,3287.0,3287.0,3286.0,3286.25,2374.0
2020-01-14 12:50:00,3286.25,3287.0,3285.75,3286.5,1833.0
2020-01-14 12:55:00,3286.5,3286.75,3286.0,3286.5,1402.0
2020-01-14 13:00:00,3286.5,3288.5,3286.25,3287.5,2963.0
2020-01-14 13:05:00,3287.5,3287.75,3286.5,3287.0,2885.0
2020-01-14 13:10:00,3287.0,3288.25,3286.75,3287.0,1997.0
2020-01-14 13:15:00,3287.0,3287.5,3286.25,3286.25,1486.0
2020-01-14 13:20:00,3286.25,3287.0,3286.0,3286.25,1891.0
2020-01-14 13:25:00,3286.0,3286.5,3285.5,3285.75,1578.0
2020-01-14 13:30:00,3286.0,3288.5,3284.25,3287.75,7647.0
2020-01-14 13:35:00,3287.75,3288.5,3287.25,3287.5,4293.0
2020-01-14 13:40:00,3287.75,3288.5,3287.25,3287.5,2646.0
2020-01-14 13:45:00,3287.5,3289.25,3287.5,3288.75,2190.0
2020-01-14 13:50:00,3289.0,3289.5,3288.75,3289.25,3212.0
2020-01-14 13:55:00,3289.5,3289.5,3288.25,3288.5,4208.0
2020-01-14 14:00:00,3288.5,3288.75,3287.0,3287.0,3477.0
2020-01-14 14:05:00,3287.0,3287.5,3286.25,3287.25,2301.0
2020-01-14 14:10:00,3287.25,3288.0,3286.75,3286.75,2519.0
2020-01-14 14:15:00,3286.75,3288.25,3286.75,3288.0,2605.0
2020-01-14 14:20:00,3288.25,3288.75,3287.75,3288.5,1768.0
2020-01-14 14:25:00,3288.5,3288.5,3283.75,3284.25,12945.0
2020-01-14 14:30:00,3284.25,3286.5,3281.5,3285.25,50708.0
2020-01-14 14:35:00,3285.25,3285.75,3281.75,3284.5,41779.0
2020-01-14 14:40:00,3284.75,3285.25,3280.5,3282.0,28584.0
2020-01-14 14:45:00,3282.0,3284.75,3281.75,3283.5,26949.0
2020-01-14 14:50:00,3283.5,3284.0,3279.5,3281.0,28419.0
2020-01-14 14:55:00,3281.25,3282.5,3279.25,3280.0,22296.0
2020-01-14 15:00:00,3279.75,3283.25,3279.0,3283.0,28201.0
2020-01-14 15:05:00,3282.75,3283.5,3282.25,3283.25,15992.0
2020-01-14 15:10:00,3283.25,3284.25,3282.5,3283.5,13541.0
2020-01-14 15:15:00,3283.5,3285.0,3283.25,3284.25,18239.0
2020-01-14 15:20:00,3284.25,3284.75,3281.5,3282.0,16709.0
2020-01-14 15:25:00,3282.0,3284.25,3281.25,3283.25,14525.0
2020-01-14 15:30:00,3283.0,3286.5,3283.0,3286.0,16196.0
2020-01-14 15:35:00,3286.0,3286.25,3285.0,3285.5,11617.0
2020-01-14 15:40:00,3285.5,3286.75,3285.5,3286.5,12385.0
2020-01-14 15:45:00,3286.5,3286.75,3285.5,3285.75,9440.0
2020-01-14 15:50:00,3285.5,3285.75,3282.75,3283.25,20292.0
2020-01-14 15:55:00,3283.5,3284.5,3281.25,3284.5,16106.0
2020-01-14 16:00:00,3284.5,3285.75,3283.75,3284.75,14370.0
2020-01-14 16:05:00,3284.75,3286.25,3283.75,3285.75,12191.0
2020-01-14 16:10:00,3286.0,3286.5,3285.25,3285.5,9892.0
2020-01-14 16:15:00,3285.5,3286.5,3285.5,3286.25,10211.0
2020-01-14 16:20:00,3286.0,3287.25,3284.75,3286.5,12970.0
2020-01-14 16:25:00,3286.5,3286.75,3285.5,3285.75,8409.0
2020-01-14 16:30:00,3286.0,3287.25,3285.5,3286.25,9046.0
2020-01-14 16:35:00,3286.25,3287.75,3285.75,3287.25,12989.0
2020-01-14 16:40:00,3287.25,3287.5,3286.0,3286.0,6389.0
2020-01-14 16:45:00,3286.25,3287.5,3285.5,3287.25,6764.0
2020-01-14 16:50:00,3287.0,3288.5,3287.0,3288.0,6786.0
2020-01-14 16:55:00,3287.75,3288.75,3287.75,3288.5,4741.0
2020-01-14 17:00:00,3288.75,3289.25,3288.25,3289.0,4577.0
2020-01-14 17:05:00,3289.25,3289.25,3288.0,3288.5,4393.0
2020-01-14 17:10:00,3288.5,3289.25,3288.25,3288.75,5423.0
2020-01-14 17:15:00,3289.0,3289.25,3287.75,3288.75,5938.0
2020-01-14 17:20:00,3288.75,3290.0,3288.5,3289.75,6350.0
2020-01-14 17:25:00,3289.5,3290.25,3289.25,3289.75,6770.0
2020-01-14 17:30:00,3289.75,3290.75,3289.5,3290.75,6475.0
2020-01-14 17:35:00,3290.75,3292.0,3290.5,3291.75,7205.0
2020-01-14 17:40:00,3291.75,3292.25,3291.0,3291.25,7978.0
2020-01-14 17:45:00,3291.5,3292.75,3291.25,3292.0,8886.0
2020-01-14 17:50:00,3292.25,3292.75,3292.0,3292.75,6541.0
2020-01-14 17:55:00,3292.75,3293.0,3292.0,3292.25,4314.0
2020-01-14 18:00:00,3292.25,3293.0,3291.5,3292.75,7672.0
2020-01-14 18:05:00,3292.75,3294.0,3292.25,3293.0,10089.0
2020-01-14 18:10:00,3293.25,3293.5,3292.0,3292.5,6258.0
2020-01-14 18:15:00,3292.5,3293.5,3292.5,3293.5,4437.0
2020-01-14 18:20:00,3293.25,3294.0,3292.75,3293.75,7016.0
2020-01-14 18:25:00,3293.75,3294.25,3293.5,3294.25,4927.0
2020-01-14 18:30:00,3294.25,3295.0,3293.25,3294.75,8688.0
2020-01-14 18:35:00,3294.5,3294.75,3282.5,3290.0,79303.0
2020-01-14 18:40:00,3289.75,3292.75,3284.75,3285.0,45391.0
2020-01-14 18:45:00,3285.0,3288.25,3283.5,3285.5,39644.0
2020-01-14 18:50:00,3285.25,3288.0,3284.75,3287.5,19859.0
2020-01-14 18:55:00,3287.5,3288.25,3284.75,3287.0,20985.0
2020-01-14 19:00:00,3287.0,3287.5,3280.75,3281.0,26227.0
2020-01-14 19:05:00,3281.0,3284.25,3280.0,3280.5,25432.0
2020-01-14 19:10:00,3280.5,3282.5,3277.5,3277.5,32340.0
2020-01-14 19:15:00,3277.5,3282.5,3277.25,3281.5,27238.0
2020-01-14 19:20:00,3281.5,3283.5,3280.25,3283.0,15582.0
2020-01-14 19:25:00,3283.0,3286.0,3282.5,3286.0,18886.0
2020-01-14 19:30:00,3286.0,3287.0,3285.25,3286.75,15411.0
2020-01-14 19:35:00,3287.0,3288.5,3286.5,3288.25,11717.0
2020-01-14 19:40:00,3288.5,3288.75,3287.5,3288.75,11361.0
2020-01-14 19:45:00,3288.75,3289.75,3288.25,3288.75,10648.0
2020-01-14 19:50:00,3288.75,3288.75,3286.25,3287.0,12609.0
2020-01-14 19:55:00,3287.0,3287.5,3284.75,3285.0,7716.0
2020-01-14 20:00:00,3285.0,3286.5,3284.5,3285.0,13006.0
2020-01-14 20:05:00,3285.0,3286.0,3283.75,3284.25,12296.0
2020-01-14 20:10:00,3284.0,3284.5,3281.25,3281.5,15312.0
2020-01-14 20:15:00,3281.25,3283.0,3280.75,3282.5,11030.0
2020-01-14 20:20:00,3282.5,3284.5,3282.0,3284.0,8730.0
2020-01-14 20:25:00,3284.0,3284.25,3279.75,3280.0,14127.0
2020-01-14 20:30:00,3279.75,3283.5,3279.25,3282.75,16889.0
2020-01-14 20:35:00,3282.75,3283.25,3281.25,3282.0,11831.0
2020-01-14 20:40:00,3282.0,3285.5,3281.75,3285.25,16060.0
2020-01-14 20:45:00,3285.25,3285.25,3282.75,3282.75,14998.0
2020-01-14 20:50:00,3282.75,3283.0,3278.75,3280.5,30878.0
2020-01-14 20:55:00,3280.5,3283.0,3279.5,3282.5,31698.0
2020-01-14 21:00:00,3282.25,3285.75,3282.0,3285.5,71885.0
2020-01-14 21:05:00,3285.75,3287.0,3285.25,3287.0,9374.0
2020-01-14 21:10:00,3287.0,3288.0,3287.0,3287.25,7718.0
2020-01-14 21:15:00,3287.5,3288.5,3287.25,3287.5,4622.0
2020-01-14 21:30:00,3287.25,3288.25,3287.25,3287.75,1423.0
2020-01-14 21:35:00,3287.75,3288.0,3287.5,3287.5,937.0
2020-01-14 21:40:00,3287.75,3288.0,3287.5,3287.75,461.0
2020-01-14 21:45:00,3287.75,3288.5,3287.5,3288.25,889.0
2020-01-14 21:50:00,3288.5,3288.5,3287.5,3287.75,918.0
2020-01-14 21:55:00,3287.5,3288.0,3287.5,3287.75,490.0
2020-01-14 22:00:00,3287.5,3288.0,3287.5,3287.75,412.0
2020-01-14 23:00:00,3287.75,3288.25,3285.5,3286.0,2490.0
2020-01-14 23:05:00,3285.75,3286.5,3285.75,3286.5,634.0
2020-01-14 23:10:00,3286.25,3286.25,3285.5,3285.5,439.0
2020-01-14 23:15:00,3285.75,3285.75,3285.0,3285.0,376.0
2020-01-14 23:20:00,3285.25,3285.25,3284.25,3284.75,823.0
2020-01-14 23:25:00,3284.75,3285.0,3282.75,3283.75,1384.0
2020-01-14 23:30:00,3283.5,3284.25,3281.5,3281.75,2011.0
2020-01-14 23:35:00,3282.0,3283.5,3281.5,3283.25,1297.0
2020-01-14 23:40:00,3283.5,3283.5,3281.0,3281.5,2307.0
2020-01-14 23:45:00,3281.5,3282.5,3279.5,3279.75,2614.0
2020-01-14 23:50:00,3279.75,3280.75,3279.5,3280.5,1717.0
2020-01-14 23:55:00,3280.5,3280.75,3280.25,3280.5,545.0
2020-01-15 00:00:00,3280.5,3280.5,3278.5,3278.5,2990.0
2020-01-15 00:05:00,3278.75,3279.75,3277.75,3279.75,990.0
2020-01-15 00:10:00,3279.75,3281.5,3279.75,3281.0,1679.0
2020-01-15 00:15:00,3281.0,3281.25,3280.5,3280.75,612.0
2020-01-15 00:20:00,3280.75,3282.25,3280.5,3282.0,1017.0
2020-01-15 00:25:00,3282.0,3282.5,3281.5,3282.25,860.0
2020-01-15 00:30:00,3282.25,3282.5,3280.75,3281.5,1790.0
2020-01-15 00:35:00,3281.5,3282.0,3281.0,3281.75,684.0
2020-01-15 00:40:00,3281.75,3281.75,3281.25,3281.5,418.0
2020-01-15 00:45:00,3281.25,3281.75,3280.5,3281.5,598.0
2020-01-15 00:50:00,3281.5,3281.5,3280.5,3280.75,411.0
2020-01-15 00:55:00,3280.75,3281.0,3280.25,3280.5,603.0
2020-01-15 01:00:00,3280.5,3283.0,3280.25,3282.0,1517.0
2020-01-15 01:05:00,3282.25,3283.0,3282.0,3283.0,541.0
2020-01-15 01:10:00,3283.0,3283.0,3282.25,3282.5,590.0
2020-01-15 01:15:00,3282.5,3283.0,3281.25,3282.0,898.0
2020-01-15 01:20:00,3282.0,3283.75,3282.0,3283.75,1077.0
2020-01-15 01:25:00,3283.75,3284.25,3283.0,3283.5,1433.0
2020-01-15 01:30:00,3283.25,3284.0,3283.25,3283.75,740.0
2020-01-15 01:35:00,3283.75,3286.0,3283.5,3285.75,2182.0
2020-01-15 01:40:00,3286.0,3286.25,3284.75,3285.0,1510.0
2020-01-15 01:45:00,3285.0,3285.25,3284.25,3284.25,561.0
2020-01-15 01:50:00,3284.25,3284.75,3283.75,3283.75,1443.0
2020-01-15 01:55:00,3283.75,3284.5,3283.25,3284.25,559.0
2020-01-15 02:00:00,3284.25,3284.5,3282.75,3282.75,909.0
2020-01-15 02:05:00,3282.75,3283.25,3281.75,3282.25,2289.0
2020-01-15 02:10:00,3282.25,3283.0,3282.25,3282.5,837.0
2020-01-15 02:15:00,3282.5,3282.5,3280.0,3280.0,1613.0
2020-01-15 02:20:00,3280.0,3281.0,3279.25,3280.25,1751.0
2020-01-15 02:25:00,3280.25,3280.75,3279.5,3280.0,694.0
2020-01-15 02:30:00,3279.75,3280.5,3278.75,3280.5,1309.0
2020-01-15 02:35:00,3280.5,3281.75,3280.25,3280.25,1135.0
2020-01-15 02:40:00,3280.0,3280.25,3279.25,3280.0,738.0
2020-01-15 02:45:00,3280.0,3281.0,3279.75,3280.75,455.0
2020-01-15 02:50:00,3281.0,3281.0,3280.0,3280.5,442.0
2020-01-15 02:55:00,3280.5,3280.5,3279.75,3279.75,540.0
2020-01-15 03:00:00,3279.75,3280.0,3279.5,3279.75,358.0
2020-01-15 03:05:00,3279.5,3279.5,3278.5,3279.0,612.0
2020-01-15 03:10:00,3279.0,3280.25,3279.0,3279.75,986.0
2020-01-15 03:15:00,3279.75,3280.0,3279.25,3279.25,363.0
2020-01-15 03:20:00,3279.5,3279.5,3278.25,3278.5,807.0
2020-01-15 03:25:00,3278.5,3278.75,3278.25,3278.5,530.0
2020-01-15 03:30:00,3278.5,3279.75,3278.5,3279.5,719.0
2020-01-15 03:35:00,3279.75,3280.5,3279.5,3280.25,482.0
2020-01-15 03:40:00,3280.5,3280.75,3280.0,3280.5,730.0
2020-01-15 03:45:00,3280.5,3280.75,3280.25,3280.75,422.0
2020-01-15 03:50:00,3280.5,3280.5,3279.5,3280.0,580.0
2020-01-15 03:55:00,3280.0,3280.5,3279.75,3280.5,377.0
2020-01-15 04:00:00,3280.5,3280.5,3279.75,3280.25,632.0
2020-01-15 04:05:00,3280.25,3280.25,3280.0,3280.25,381.0
2020-01-15 04:10:00,3280.25,3280.5,3279.75,3280.0,342.0
2020-01-15 04:15:00,3279.75,3280.25,3279.75,3280.0,200.0
2020-01-15 04:20:00,3280.0,3280.25,3280.0,3280.0,311.0
2020-01-15 04:25:00,3280.25,3280.75,3279.75,3280.0,420.0
2020-01-15 04:30:00,3280.0,3280.0,3279.25,3279.75,492.0
2020-01-15 04:35:00,3279.5,3280.5,3279.5,3280.25,319.0
2020-01-15 04:40:00,3280.25,3280.5,3280.25,3280.5,167.0
2020-01-15 04:45:00,3280.25,3280.5,3280.0,3280.25,200.0
2020-01-15 04:50:00,3280.0,3280.25,3279.5,3280.25,315.0
2020-01-15 04:55:00,3280.25,3281.0,3280.25,3280.75,506.0
2020-01-15 05:00:00,3280.75,3280.75,3280.0,3280.5,474.0
2020-01-15 05:05:00,3280.25,3280.5,3280.0,3280.0,179.0
2020-01-15 05:10:00,3279.75,3281.25,3279.0,3281.0,1282.0
2020-01-15 05:15:00,3281.0,3281.25,3280.5,3281.0,388.0
2020-01-15 05:20:00,3280.75,3280.75,3280.0,3280.0,371.0
2020-01-15 05:25:00,3280.0,3280.5,3279.75,3279.75,446.0
2020-01-15 05:30:00,3279.75,3281.0,3279.75,3280.75,593.0
2020-01-15 05:35:00,3280.75,3281.0,3280.25,3280.5,461.0
2020-01-15 05:40:00,3280.5,3280.75,3280.25,3280.5,230.0
2020-01-15 05:45:00,3280.75,3281.0,3280.5,3280.75,299.0
2020-01-15 05:50:00,3280.75,3281.5,3280.5,3281.5,410.0
2020-01-15 05:55:00,3281.5,3282.75,3281.5,3282.0,1264.0
2020-01-15 06:00:00,3281.75,3282.25,3281.25,3281.5,1070.0
2020-01-15 06:05:00,3281.5,3281.75,3281.0,3281.25,459.0
2020-01-15 06:10:00,3281.5,3282.25,3281.25,3282.25,427.0
2020-01-15 06:15:00,3282.0,3283.5,3282.0,3283.5,921.0
2020-01-15 06:20:00,3283.25,3283.75,3283.25,3283.25,460.0
2020-01-15 06:25:00,3283.25,3283.25,3282.5,3282.75,533.0
2020-01-15 06:30:00,3283.0,3283.5,3282.75,3283.0,457.0
2020-01-15 06:35:00,3283.0,3283.25,3282.75,3282.75,102.0
2020-01-15 06:40:00,3282.75,3283.25,3282.0,3282.75,331.0
2020-01-15 06:45:00,3282.75,3282.75,3282.25,3282.5,169.0
2020-01-15 06:50:00,3282.5,3282.75,3282.25,3282.75,153.0
2020-01-15 06:55:00,3282.75,3283.5,3282.25,3283.25,545.0
2020-01-15 07:00:00,3283.0,3283.5,3282.25,3283.5,697.0
2020-01-15 07:05:00,3283.25,3283.75,3282.75,3283.25,701.0
2020-01-15 07:10:00,3283.25,3284.0,3282.75,3283.5,609.0
2020-01-15 07:15:00,3283.75,3284.0,3283.25,3283.5,540.0
2020-01-15 07:20:00,3283.5,3284.75,3283.25,3284.5,827.0
2020-01-15 07:25:00,3284.75,3285.5,3284.5,3285.25,1079.0
2020-01-15 07:30:00,3285.0,3285.5,3285.0,3285.0,336.0
2020-01-15 07:35:00,3285.0,3285.75,3284.75,3285.5,571.0
2020-01-15 07:40:00,3285.5,3285.5,3284.75,3285.0,763.0
2020-01-15 07:45:00,3285.0,3285.25,3284.0,3284.25,681.0
2020-01-15 07:50:00,3284.0,3285.25,3284.0,3285.0,718.0
2020-01-15 07:55:00,3285.0,3285.5,3284.75,3285.0,762.0
2020-01-15 08:00:00,3285.0,3286.5,3284.5,3285.5,2304.0
2020-01-15 08:05:00,3285.25,3286.25,3285.25,3286.0,1556.0
2020-01-15 08:10:00,3286.0,3286.0,3282.25,3282.5,3006.0
2020-01-15 08:15:00,3282.25,3282.5,3281.0,3281.75,2623.0
2020-01-15 08:20:00,3281.75,3283.25,3280.75,3283.0,2758.0
2020-01-15 08:25:00,3282.75,3283.5,3282.25,3283.5,1432.0
2020-01-15 08:30:00,3283.5,3284.25,3283.25,3284.0,1256.0
2020-01-15 08:35:00,3283.75,3285.5,3283.75,3285.0,1271.0
2020-01-15 08:40:00,3285.0,3285.0,3284.0,3284.5,1813.0
2020-01-15 08:45:00,3284.25,3285.5,3284.25,3285.0,2418.0
2020-01-15 08:50:00,3284.75,3285.0,3283.25,3283.25,1112.0
2020-01-15 08:55:00,3283.25,3284.25,3283.0,3284.0,1049.0
2020-01-15 09:00:00,3284.0,3284.0,3282.5,3283.25,1645.0
2020-01-15 09:05:00,3283.25,3283.5,3282.25,3282.75,989.0
2020-01-15 09:10:00,3282.75,3284.0,3282.75,3282.75,1355.0
2020-01-15 09:15:00,3283.0,3283.75,3282.75,3283.25,831.0
2020-01-15 09:20:00,3283.0,3284.0,3283.0,3283.75,798.0
2020-01-15 09:25:00,3284.0,3284.0,3282.25,3282.75,936.0
2020-01-15 09:30:00,3282.75,3283.75,3282.25,3283.0,923.0
2020-01-15 09:35:00,3283.0,3283.5,3282.5,3283.25,693.0
2020-01-15 09:40:00,3283.5,3283.75,3283.0,3283.25,676.0
2020-01-15 09:45:00,3283.5,3284.5,3283.5,3283.75,607.0
2020-01-15 09:50:00,3283.5,3283.75,3282.75,3282.75,560.0
2020-01-15 09:55:00,3283.0,3283.75,3282.75,3283.5,955.0
2020-01-15 10:00:00,3283.5,3284.0,3283.0,3284.0,818.0
2020-01-15 10:05:00,3283.75,3285.25,3283.5,3284.75,1463.0
2020-01-15 10:10:00,3284.75,3285.25,3284.75,3284.75,511.0
2020-01-15 10:15:00,3284.75,3285.5,3284.75,3285.0,558.0
2020-01-15 10:20:00,3285.25,3285.5,3285.0,3285.25,559.0
2020-01-15 10:25:00,3285.0,3285.5,3285.0,3285.25,344.0
2020-01-15 10:30:00,3285.25,3285.75,3285.0,3285.5,480.0
2020-01-15 10:35:00,3285.5,3285.75,3284.75,3285.0,518.0
2020-01-15 10:40:00,3285.0,3285.5,3284.75,3285.0,652.0
2020-01-15 10:45:00,3285.0,3285.25,3284.5,3284.75,479.0
2020-01-15 10:50:00,3284.75,3285.0,3284.0,3284.25,1082.0
2020-01-15 10:55:00,3284.25,3285.25,3284.25,3284.75,1494.0
2020-01-15 11:00:00,3284.75,3286.5,3284.75,3285.5,2003.0
2020-01-15 11:05:00,3285.5,3286.0,3285.0,3285.75,739.0
2020-01-15 11:10:00,3286.0,3286.5,3285.5,3286.0,1102.0
2020-01-15 11:15:00,3285.75,3286.25,3285.5,3286.25,879.0
2020-01-15 11:20:00,3286.0,3286.0,3285.5,3286.0,1275.0
2020-01-15 11:25:00,3285.75,3286.0,3285.5,3285.5,877.0
2020-01-15 11:30:00,3285.75,3286.25,3285.0,3285.25,1628.0
2020-01-15 11:35:00,3285.5,3286.5,3285.25,3286.5,884.0
2020-01-15 11:40:00,3286.5,3286.75,3286.0,3286.5,677.0
2020-01-15 11:45:00,3286.5,3287.5,3286.5,3286.5,2086.0
2020-01-15 11:50:00,3286.5,3287.0,3286.25,3286.25,683.0
2020-01-15 11:55:00,3286.5,3287.0,3286.25,3286.75,506.0
2020-01-15 12:00:00,3286.75,3287.0,3286.25,3286.75,822.0
2020-01-15 12:05:00,3287.0,3287.0,3286.25,3286.5,770.0
2020-01-15 12:10:00,3286.5,3286.75,3286.25,3286.5,519.0
2020-01-15 12:15:00,3286.5,3287.75,3286.5,3287.75,1294.0
2020-01-15 12:20:00,3287.75,3288.0,3285.0,3285.0,3734.0
2020-01-15 12:25:00,3285.25,3286.75,3284.75,3285.25,4049.0
2020-01-15 12:30:00,3285.0,3285.75,3284.5,3285.0,1712.0
2020-01-15 12:35:00,3285.25,3285.25,3284.5,3285.0,1150.0
2020-01-15 12:40:00,3285.0,3285.75,3284.75,3285.5,1412.0
2020-01-15 12:45:00,3285.5,3286.5,3285.25,3286.0,1381.0
2020-01-15 12:50:00,3286.25,3288.0,3285.75,3288.0,1577.0
2020-01-15 12:55:00,3288.0,3288.5,3287.0,3287.0,1655.0
2020-01-15 13:00:00,3287.0,3287.75,3286.5,3287.5,1220.0
2020-01-15 13:05:00,3287.25,3287.5,3286.75,3286.75,972.0
2020-01-15 13:10:00,3286.5,3287.5,3286.5,3286.75,1776.0
2020-01-15 13:15:00,3286.75,3287.25,3286.25,3286.5,1025.0
2020-01-15 13:20:00,3286.5,3286.75,3285.5,3286.0,1405.0
2020-01-15 13:25:00,3286.0,3286.0,3285.25,3285.75,1363.0
2020-01-15 13:30:00,3285.75,3286.75,3284.25,3285.25,2846.0
2020-01-15 13:35:00,3285.0,3285.5,3284.25,3284.5,1320.0
2020-01-15 13:40:00,3284.5,3284.75,3280.5,3282.25,7694.0
2020-01-15 13:45:00,3282.25,3284.0,3282.0,3282.5,4331.0
2020-01-15 13:50:00,3282.5,3282.5,3279.5,3280.5,6037.0
2020-01-15 13:55:00,3280.5,3281.0,3279.0,3280.75,3536.0
2020-01-15 14:00:00,3281.0,3281.0,3279.0,3280.75,3906.0
2020-01-15 14:05:00,3280.75,3282.0,3280.75,3281.25,3100.0
2020-01-15 14:10:00,3281.25,3281.5,3280.5,3281.25,2185.0
2020-01-15 14:15:00,3281.0,3282.0,3280.75,3281.5,1560.0
2020-01-15 14:20:00,3281.75,3282.5,3281.25,3282.0,2690.0
2020-01-15 14:25:00,3282.25,3282.25,3280.75,3282.0,2779.0
2020-01-15 14:30:00,3281.75,3288.5,3281.75,3287.0,36970.0
2020-01-15 14:35:00,3287.25,3290.5,3286.25,3290.0,36396.0
2020-01-15 14:40:00,3290.0,3291.0,3289.0,3289.5,23513.0
2020-01-15 14:45:00,3289.75,3291.25,3289.0,3290.25,17202.0
2020-01-15 14:50:00,3290.25,3293.75,3290.0,3293.5,33779.0
2020-01-15 14:55:00,3293.5,3294.75,3293.0,3293.75,24904.0
2020-01-15 15:00:00,3293.5,3295.5,3293.25,3294.0,23384.0
2020-01-15 15:05:00,3294.0,3295.5,3293.75,3295.5,15256.0
2020-01-15 15:10:00,3295.5,3297.0,3292.75,3293.0,28109.0
2020-01-15 15:15:00,3293.0,3294.25,3292.75,3294.0,18831.0
2020-01-15 15:20:00,3294.0,3294.25,3291.75,3292.5,12699.0
2020-01-15 15:25:00,3292.5,3293.75,3291.75,3293.0,17027.0
2020-01-15 15:30:00,3293.0,3294.5,3292.25,3294.25,13437.0
2020-01-15 15:35:00,3294.0,3297.5,3293.75,3296.5,16846.0
2020-01-15 15:40:00,3296.75,3297.5,3295.0,3297.0,17221.0
2020-01-15 15:45:00,3297.25,3297.75,3296.25,3297.0,10918.0
2020-01-15 15:50:00,3297.0,3297.75,3296.25,3297.0,14336.0
2020-01-15 15:55:00,3297.25,3298.0,3296.25,3297.5,17378.0
2020-01-15 16:00:00,3297.5,3298.0,3296.0,3297.25,18134.0
2020-01-15 16:05:00,3297.25,3298.75,3295.25,3295.75,23789.0
2020-01-15 16:10:00,3295.75,3296.0,3292.0,3294.5,19459.0
2020-01-15 16:15:00,3294.5,3295.75,3294.0,3295.0,11764.0
2020-01-15 16:20:00,3295.0,3296.5,3294.5,3295.75,11966.0
2020-01-15 16:25:00,3296.0,3296.0,3294.5,3295.25,10117.0
2020-01-15 16:30:00,3295.25,3297.0,3294.5,3296.75,9839.0
2020-01-15 16:35:00,3296.75,3298.5,3296.75,3298.25,12059.0
2020-01-15 16:40:00,3298.5,3299.0,3298.0,3298.5,9424.0
2020-01-15 16:45:00,3298.5,3298.75,3297.5,3298.25,9897.0
2020-01-15 16:50:00,3298.25,3299.0,3298.0,3298.5,8777.0
2020-01-15 16:55:00,3298.5,3298.5,3293.5,3294.0,15791.0
2020-01-15 17:00:00,3293.75,3296.0,3293.75,3295.0,9333.0
2020-01-15 17:05:00,3295.0,3296.25,3294.0,3296.0,8597.0
2020-01-15 17:10:00,3296.0,3297.5,3295.25,3296.5,11624.0
2020-01-15 17:15:00,3296.5,3297.25,3295.5,3295.5,6610.0
2020-01-15 17:20:00,3295.75,3296.5,3294.25,3295.5,6074.0
2020-01-15 17:25:00,3295.75,3296.75,3295.0,3295.75,6112.0
2020-01-15 17:30:00,3295.75,3296.0,3294.0,3295.25,7230.0
2020-01-15 17:35:00,3295.25,3296.25,3293.75,3295.5,9613.0
2020-01-15 17:40:00,3295.75,3296.75,3295.5,3295.75,5538.0
2020-01-15 17:45:00,3296.0,3296.0,3294.25,3294.5,7192.0
2020-01-15 17:50:00,3294.75,3294.75,3290.0,3291.75,17193.0
2020-01-15 17:55:00,3291.75,3292.0,3290.25,3290.75,12005.0
2020-01-15 18:00:00,3290.75,3291.5,3289.25,3291.0,17191.0
2020-01-15 18:05:00,3290.75,3291.75,3288.5,3289.5,13940.0
2020-01-15 18:10:00,3289.5,3291.0,3288.75,3290.5,11446.0
2020-01-15 18:15:00,3290.25,3291.25,3289.75,3290.75,7486.0
2020-01-15 18:20:00,3290.5,3291.5,3289.25,3289.75,10177.0
2020-01-15 18:25:00,3289.5,3291.0,3288.5,3290.5,9265.0
2020-01-15 18:30:00,3290.5,3291.75,3287.0,3288.5,16381.0
2020-01-15 18:35:00,3288.25,3290.75,3288.25,3290.0,8924.0
2020-01-15 18:40:00,3290.25,3291.5,3290.0,3291.0,8800.0
2020-01-15 18:45:00,3291.0,3291.5,3290.0,3290.5,5407.0
2020-01-15 18:50:00,3290.5,3291.0,3287.75,3288.25,8938.0
2020-01-15 18:55:00,3288.0,3288.75,3286.25,3286.75,12359.0
2020-01-15 19:00:00,3286.75,3290.0,3286.5,3289.5,15564.0
2020-01-15 19:05:00,3289.25,3290.5,3289.0,3290.5,7647.0
2020-01-15 19:10:00,3290.5,3293.0,3290.25,3292.75,13575.0
2020-01-15 19:15:00,3292.75,3294.0,3292.75,3293.25,7623.0
2020-01-15 19:20:00,3293.5,3295.0,3293.25,3294.5,6688.0
2020-01-15 19:25:00,3294.5,3294.75,3293.75,3294.5,4893.0
2020-01-15 19:30:00,3294.5,3295.5,3294.5,3295.0,6012.0
2020-01-15 19:35:00,3295.25,3295.5,3294.5,3295.0,4112.0
2020-01-15 19:40:00,3295.25,3295.25,3294.25,3294.25,3196.0
2020-01-15 19:45:00,3294.25,3295.0,3293.75,3293.75,5129.0
2020-01-15 19:50:00,3293.75,3294.0,3292.5,3293.25,9019.0
2020-01-15 19:55:00,3293.5,3294.5,3292.5,3292.5,6804.0
2020-01-15 20:00:00,3292.5,3292.5,3289.25,3290.0,12486.0
2020-01-15 20:05:00,3289.75,3290.0,3288.0,3288.5,10957.0
2020-01-15 20:10:00,3288.75,3288.75,3286.25,3288.0,21354.0
2020-01-15 20:15:00,3288.0,3288.5,3286.25,3286.75,14776.0
2020-01-15 20:20:00,3286.75,3287.75,3285.5,3286.25,19093.0
2020-01-15 20:25:00,3286.25,3286.75,3283.0,3283.75,26778.0
2020-01-15 20:30:00,3283.75,3285.75,3281.25,3281.5,30473.0
2020-01-15 20:35:00,3281.5,3285.5,3281.5,3284.75,25276.0
2020-01-15 20:40:00,3284.75,3285.25,3282.75,3284.75,16500.0
2020-01-15 20:45:00,3285.0,3288.25,3284.0,3287.5,20244.0
2020-01-15 20:50:00,3287.75,3289.25,3287.25,3288.25,19718.0
2020-01-15 20:55:00,3288.25,3289.5,3287.0,3289.25,29702.0
2020-01-15 21:00:00,3289.25,3292.25,3288.75,3291.75,56480.0
2020-01-15 21:05:00,3291.75,3293.75,3291.5,3293.25,12123.0
2020-01-15 21:10:00,3293.25,3293.5,3292.25,3293.25,7105.0
2020-01-15 21:15:00,3293.5,3294.25,3293.0,3293.75,6492.0
2020-01-15 21:30:00,3293.5,3294.0,3293.25,3293.5,2944.0
2020-01-15 21:35:00,3293.25,3293.75,3293.0,3293.5,749.0
2020-01-15 21:40:00,3293.75,3294.0,3293.25,3293.5,1212.0
2020-01-15 21:45:00,3293.5,3293.75,3293.5,3293.5,779.0
2020-01-15 21:50:00,3293.5,3294.0,3293.5,3293.5,728.0
2020-01-15 21:55:00,3293.5,3293.75,3293.25,3293.75,931.0
2020-01-15 22:00:00,3293.5,3294.25,3293.5,3294.25,701.0
2020-01-15 23:00:00,3294.25,3297.25,3294.0,3297.25,3325.0
2020-01-15 23:05:00,3297.0,3297.5,3296.25,3297.25,1560.0
2020-01-15 23:10:00,3297.5,3297.5,3296.75,3297.25,1080.0
2020-01-15 23:15:00,3297.25,3300.0,3297.0,3299.5,3294.0
2020-01-15 23:20:00,3299.25,3299.5,3298.25,3298.5,939.0
2020-01-15 23:25:00,3298.5,3299.0,3298.0,3298.0,1029.0
2020-01-15 23:30:00,3298.25,3298.25,3297.25,3297.25,863.0
2020-01-15 23:35:00,3297.25,3297.5,3297.0,3297.0,949.0
2020-01-15 23:40:00,3297.0,3298.0,3297.0,3298.0,465.0
2020-01-15 23:45:00,3298.0,3298.75,3296.75,3296.75,839.0
2020-01-15 23:50:00,3297.0,3297.5,3296.75,3297.0,453.0
2020-01-15 23:55:00,3297.0,3297.25,3296.75,3296.75,249.0
2020-01-16 00:00:00,3297.0,3297.25,3296.25,3296.5,1103.0
2020-01-16 00:05:00,3296.75,3296.75,3295.5,3295.75,1627.0
2020-01-16 00:10:00,3296.0,3296.75,3295.5,3296.75,946.0
2020-01-16 00:15:00,3296.75,3298.0,3296.75,3297.25,1360.0
2020-01-16 00:20:00,3297.25,3297.5,3296.0,3296.0,835.0
2020-01-16 00:25:00,3296.0,3296.5,3295.75,3296.5,575.0
2020-01-16 00:30:00,3296.5,3296.5,3295.75,3296.5,737.0
2020-01-16 00:35:00,3296.5,3296.75,3296.5,3296.5,480.0
2020-01-16 00:40:00,3296.5,3296.75,3296.25,3296.75,204.0
2020-01-16 00:45:00,3296.5,3296.75,3296.25,3296.25,306.0
2020-01-16 00:50:00,3296.0,3296.25,3295.75,3296.0,402.0
2020-01-16 00:55:00,3296.0,3296.0,3295.5,3295.75,631.0
2020-01-16 01:00:00,3295.5,3296.75,3295.25,3296.25,804.0
2020-01-16 01:05:00,3296.5,3296.5,3296.0,3296.0,457.0
2020-01-16 01:10:00,3296.0,3296.25,3295.75,3296.0,232.0
2020-01-16 01:15:00,3296.0,3296.75,3296.0,3296.25,592.0
2020-01-16 01:20:00,3296.5,3297.25,3296.25,3296.75,490.0
2020-01-16 01:25:00,3296.75,3296.75,3296.25,3296.25,607.0
2020-01-16 01:30:00,3296.25,3296.5,3295.0,3295.25,1575.0
2020-01-16 01:35:00,3295.25,3295.5,3294.5,3295.5,1311.0
2020-01-16 01:40:00,3295.5,3296.0,3295.25,3295.75,699.0
2020-01-16 01:45:00,3295.75,3295.75,3295.25,3295.5,750.0
2020-01-16 01:50:00,3295.25,3296.0,3294.75,3295.5,541.0
2020-01-16 01:55:00,3295.5,3296.75,3295.5,3296.75,1056.0
2020-01-16 02:00:00,3296.75,3297.75,3296.75,3297.25,1364.0
2020-01-16 02:05:00,3297.25,3297.5,3296.75,3297.25,449.0
2020-01-16 02:10:00,3297.25,3297.5,3296.75,3296.75,687.0
2020-01-16 02:15:00,3296.75,3297.0,3296.75,3296.75,624.0
2020-01-16 02:20:00,3297.0,3297.25,3296.75,3297.25,653.0
2020-01-16 02:25:00,3297.25,3297.25,3296.5,3296.5,575.0
2020-01-16 02:30:00,3296.25,3296.5,3296.25,3296.25,112.0
2020-01-16 02:35:00,3296.25,3296.5,3296.0,3296.25,380.0
2020-01-16 02:40:00,3296.0,3296.25,3295.25,3295.75,502.0
2020-01-16 02:45:00,3295.5,3296.0,3295.25,3295.75,472.0
2020-01-16 02:50:00,3295.75,3296.25,3295.5,3296.25,551.0
2020-01-16 02:55:00,3296.25,3296.25,3296.0,3296.0,217.0
2020-01-16 03:00:00,3296.0,3296.5,3295.75,3296.25,606.0
2020-01-16 03:05:00,3296.25,3296.5,3295.5,3295.75,446.0
2020-01-16 03:10:00,3296.0,3296.0,3295.25,3295.25,1140.0
2020-01-16 03:15:00,3295.25,3295.75,3294.75,3295.5,937.0
2020-01-16 03:20:00,3295.75,3296.0,3295.5,3296.0,446.0
2020-01-16 03:25:00,3296.0,3296.25,3295.75,3296.25,435.0
2020-01-16 03:30:00,3296.25,3296.25,3295.75,3296.0,961.0
2020-01-16 03:35:00,3296.0,3296.0,3295.75,3295.75,281.0
2020-01-16 03:40:00,3295.75,3296.25,3295.75,3295.75,368.0
2020-01-16 03:45:00,3295.75,3296.25,3295.5,3296.25,554.0
2020-01-16 03:50:00,3296.25,3296.25,3295.75,3296.25,392.0
2020-01-16 03:55:00,3296.0,3296.75,3296.0,3296.5,446.0
2020-01-16 04:00:00,3296.25,3296.75,3296.25,3296.25,265.0
2020-01-16 04:05:00,3296.25,3296.75,3296.25,3296.5,255.0
2020-01-16 04:10:00,3296.5,3297.5,3296.5,3297.25,550.0
2020-01-16 04:15:00,3297.25,3297.5,3297.0,3297.5,352.0
2020-01-16 04:20:00,3297.5,3297.5,3297.0,3297.25,423.0
2020-01-16 04:25:00,3297.25,3298.0,3297.25,3297.5,560.0
2020-01-16 04:30:00,3297.75,3298.0,3297.5,3297.75,579.0
2020-01-16 04:35:00,3297.5,3298.0,3297.5,3297.75,496.0
2020-01-16 04:40:00,3297.75,3298.0,3297.25,3297.25,440.0
2020-01-16 04:45:00,3297.5,3297.75,3297.25,3297.5,588.0
2020-01-16 04:50:00,3297.5,3298.5,3297.5,3298.0,398.0
2020-01-16 04:55:00,3298.25,3298.25,3298.0,3298.0,178.0
2020-01-16 05:00:00,3298.25,3298.5,3298.0,3298.25,627.0
2020-01-16 05:05:00,3298.25,3299.0,3298.0,3298.75,653.0
2020-01-16 05:10:00,3298.75,3298.75,3298.25,3298.5,378.0
2020-01-16 05:15:00,3298.5,3299.0,3298.25,3298.25,470.0
2020-01-16 05:20:00,3298.5,3298.5,3298.0,3298.5,304.0
2020-01-16 05:25:00,3298.5,3298.75,3298.25,3298.5,359.0
2020-01-16 05:30:00,3298.5,3298.75,3298.25,3298.75,402.0
2020-01-16 05:35:00,3298.75,3298.75,3298.25,3298.75,257.0
2020-01-16 05:40:00,3298.75,3299.0,3298.5,3298.75,329.0
2020-01-16 05:45:00,3298.75,3299.75,3298.75,3299.75,748.0
2020-01-16 05:50:00,3299.75,3299.75,3299.5,3299.75,817.0
2020-01-16 05:55:00,3299.75,3300.0,3299.5,3299.5,752.0
2020-01-16 06:00:00,3299.5,3300.0,3299.5,3299.5,672.0
2020-01-16 06:05:00,3299.5,3300.0,3299.25,3299.75,753.0
2020-01-16 06:10:00,3299.75,3299.75,3299.25,3299.5,301.0
2020-01-16 06:15:00,3299.25,3299.75,3299.25,3299.5,664.0
2020-01-16 06:20:00,3299.5,3299.5,3299.25,3299.25,498.0
2020-01-16 06:25:00,3299.25,3299.5,3299.0,3299.25,299.0
2020-01-16 06:30:00,3299.25,3299.75,3299.25,3299.5,574.0
2020-01-16 06:35:00,3299.75,3299.75,3299.0,3299.25,367.0
2020-01-16 06:40:00,3299.0,3299.0,3298.5,3298.5,744.0
2020-01-16 06:45:00,3298.75,3299.25,3298.75,3299.0,504.0
2020-01-16 06:50:00,3299.0,3299.5,3298.75,3298.75,781.0
2020-01-16 06:55:00,3299.0,3299.5,3298.75,3299.25,395.0
2020-01-16 07:00:00,3299.25,3299.5,3299.0,3299.25,1782.0
2020-01-16 07:05:00,3299.25,3299.5,3298.5,3298.5,598.0
2020-01-16 07:10:00,3298.5,3299.0,3298.25,3298.5,323.0
2020-01-16 07:15:00,3298.25,3298.5,3297.75,3298.5,887.0
2020-01-16 07:20:00,3298.25,3299.0,3298.0,3299.0,413.0
2020-01-16 07:25:00,3299.0,3299.25,3298.75,3299.25,415.0
2020-01-16 07:30:00,3299.0,3299.5,3299.0,3299.25,1004.0
2020-01-16 07:35:00,3299.25,3299.25,3298.75,3299.0,328.0
2020-01-16 07:40:00,3298.75,3299.75,3298.75,3299.75,509.0
2020-01-16 07:45:00,3299.5,3299.75,3299.5,3299.75,483.0
2020-01-16 07:50:00,3299.75,3299.75,3299.25,3299.5,571.0
2020-01-16 07:55:00,3299.5,3300.0,3299.25,3299.5,514.0
2020-01-16 08:00:00,3299.75,3302.25,3299.25,3302.0,7959.0
2020-01-16 08:05:00,3302.0,3302.25,3301.0,3301.25,3009.0
2020-01-16 08:10:00,3301.25,3301.5,3300.5,3301.25,2084.0
2020-01-16 08:15:00,3301.0,3301.75,3300.75,3301.0,1936.0
2020-01-16 08:20:00,3301.0,3301.0,3300.5,3301.0,1279.0
2020-01-16 08:25:00,3301.0,3302.0,3301.0,3302.0,1591.0
2020-01-16 08:30:00,3302.0,3308.0,3301.75,3306.25,11665.0
2020-01-16 08:35:00,3306.25,3306.75,3304.25,3304.75,5487.0
2020-01-16 08:40:00,3304.5,3305.5,3304.5,3304.75,3305.0
2020-01-16 08:45:00,3304.5,3305.5,3304.25,3304.25,2346.0
2020-01-16 08:50:00,3304.5,3305.5,3304.5,3305.0,2673.0
2020-01-16 08:55:00,3305.0,3305.5,3304.5,3304.5,1756.0
2020-01-16 09:00:00,3304.5,3305.5,3304.0,3304.25,3337.0
2020-01-16 09:05:00,3304.5,3305.0,3303.75,3303.75,2215.0
2020-01-16 09:10:00,3303.75,3304.75,3303.75,3304.0,1833.0
2020-01-16 09:15:00,3304.0,3304.5,3303.75,3304.0,1231.0
2020-01-16 09:20:00,3304.25,3304.5,3303.75,3304.0,629.0
2020-01-16 09:25:00,3303.75,3304.25,3301.5,3302.0,3538.0
2020-01-16 09:30:00,3302.0,3303.25,3302.0,3303.0,1218.0
2020-01-16 09:35:00,3303.0,3303.5,3303.0,3303.25,834.0
2020-01-16 09:40:00,3303.25,3303.25,3302.25,3303.25,1051.0
2020-01-16 09:45:00,3303.0,3303.0,3302.25,3302.5,1326.0
2020-01-16 09:50:00,3302.5,3302.5,3301.25,3302.25,2886.0
2020-01-16 09:55:00,3302.0,3303.0,3302.0,3302.5,1685.0
2020-01-16 10:00:00,3302.75,3302.75,3301.75,3301.75,2079.0
2020-01-16 10:05:00,3301.75,3302.75,3301.0,3302.75,2985.0
2020-01-16 10:10:00,3302.75,3303.0,3301.75,3302.0,1175.0
2020-01-16 10:15:00,3302.25,3303.0,3302.25,3302.75,1416.0
2020-01-16 10:20:00,3303.0,3303.5,3302.5,3302.5,1637.0
2020-01-16 10:25:00,3302.5,3303.0,3302.0,3303.0,1868.0
2020-01-16 10:30:00,3302.75,3303.5,3302.75,3303.25,1188.0
2020-01-16 10:35:00,3303.25,3303.75,3303.0,3303.5,1584.0
2020-01-16 10:40:00,3303.5,3304.0,3303.0,3303.5,1214.0
2020-01-16 10:45:00,3303.75,3304.75,3303.5,3304.75,905.0
2020-01-16 10:50:00,3304.75,3304.75,3303.75,3304.0,1505.0
2020-01-16 10:55:00,3304.0,3304.75,3303.75,3304.5,1193.0
2020-01-16 11:00:00,3304.5,3305.0,3304.25,3304.25,2136.0
2020-01-16 11:05:00,3304.25,3304.5,3303.5,3303.5,1125.0
2020-01-16 11:10:00,3303.75,3304.0,3302.0,3302.25,3015.0
2020-01-16 11:15:00,3302.25,3303.25,3302.0,3303.0,1322.0
2020-01-16 11:20:00,3303.25,3304.0,3303.0,3303.5,704.0
2020-01-16 11:25:00,3303.75,3304.0,3303.5,3303.75,530.0
2020-01-16 11:30:00,3303.75,3304.25,3303.0,3303.25,1321.0
2020-01-16 11:35:00,3303.5,3304.25,3303.25,3304.25,975.0
2020-01-16 11:40:00,3304.0,3304.5,3303.75,3304.5,597.0
2020-01-16 11:45:00,3304.5,3304.75,3304.0,3304.25,1106.0
2020-01-16 11:50:00,3304.5,3305.5,3304.25,3305.5,847.0
2020-01-16 11:55:00,3305.5,3305.5,3304.5,3305.0,1439.0
2020-01-16 12:00:00,3304.75,3305.5,3304.5,3304.75,1006.0
2020-01-16 12:05:00,3304.75,3305.0,3304.25,3305.0,761.0
2020-01-16 12:10:00,3304.75,3305.75,3304.75,3305.5,1445.0
2020-01-16 12:15:00,3305.75,3305.75,3304.75,3305.0,1075.0
2020-01-16 12:20:00,3305.0,3305.5,3304.75,3304.75,1043.0
2020-01-16 12:25:00,3304.75,3304.75,3304.0,3304.5,1032.0
2020-01-16 12:30:00,3304.25,3304.25,3303.5,3303.75,1133.0
2020-01-16 12:35:00,3304.0,3304.0,3303.25,3304.0,1638.0
2020-01-16 12:40:00,3304.0,3304.5,3304.0,3304.5,907.0
2020-01-16 12:45:00,3304.5,3305.0,3304.25,3304.5,752.0
2020-01-16 12:50:00,3304.75,3305.0,3303.75,3304.0,870.0
2020-01-16 12:55:00,3304.25,3304.75,3302.5,3303.0,2771.0
2020-01-16 13:00:00,3303.25,3304.5,3302.75,3303.75,3285.0
2020-01-16 13:05:00,3304.0,3304.0,3303.0,3303.5,1433.0
2020-01-16 13:10:00,3303.5,3303.75,3303.0,3303.25,701.0
2020-01-16 13:15:00,3303.5,3304.25,3303.25,3303.75,2313.0
2020-01-16 13:20:00,3303.75,3304.5,3303.75,3303.75,1532.0
2020-01-16 13:25:00,3303.5,3303.75,3303.25,3303.25,819.0
2020-01-16 13:30:00,3303.25,3305.0,3303.0,3305.0,5894.0
2020-01-16 13:35:00,3305.0,3305.5,3304.0,3305.0,5064.0
2020-01-16 13:40:00,3305.0,3305.5,3304.5,3304.5,2208.0
2020-01-16 13:45:00,3304.75,3304.75,3304.25,3304.75,1521.0
2020-01-16 13:50:00,3304.75,3305.25,3304.25,3304.5,1904.0
2020-01-16 13:55:00,3304.5,3305.25,3304.25,3304.5,1836.0
2020-01-16 14:00:00,3304.5,3305.0,3303.75,3304.25,2374.0
2020-01-16 14:05:00,3304.0,3305.0,3304.0,3305.0,2077.0
2020-01-16 14:10:00,3304.75,3305.75,3304.5,3305.5,3238.0
2020-01-16 14:15:00,3305.5,3305.5,3305.0,3305.25,2169.0
2020-01-16 14:20:00,3305.0,3305.25,3304.5,3305.25,1770.0
2020-01-16 14:25:00,3305.25,3305.75,3304.75,3305.75,4418.0
2020-01-16 14:30:00,3305.5,3307.5,3304.0,3307.0,45530.0
2020-01-16 14:35:00,3307.0,3307.75,3305.25,3306.25,36885.0
2020-01-16 14:40:00,3306.25,3308.5,3306.0,3306.5,26986.0
2020-01-16 14:45:00,3306.5,3308.0,3303.25,3304.0,40732.0
2020-01-16 14:50:00,3303.75,3305.25,3302.75,3305.0,32389.0
2020-01-16 14:55:00,3305.0,3305.75,3304.5,3304.75,22271.0
2020-01-16 15:00:00,3304.75,3306.25,3304.25,3304.75,21285.0
2020-01-16 15:05:00,3304.75,3307.0,3304.0,3307.0,17911.0
2020-01-16 15:10:00,3307.0,3307.75,3306.5,3307.75,16315.0
2020-01-16 15:15:00,3307.5,3307.75,3306.25,3307.25,12468.0
2020-01-16 15:20:00,3307.0,3307.25,3303.25,3305.25,25870.0
2020-01-16 15:25:00,3305.25,3306.5,3304.5,3306.25,17492.0
2020-01-16 15:30:00,3306.25,3307.5,3306.0,3307.25,13151.0
2020-01-16 15:35:00,3307.25,3308.75,3305.75,3306.0,21670.0
2020-01-16 15:40:00,3306.25,3308.25,3305.75,3307.0,13244.0
2020-01-16 15:45:00,3307.0,3308.0,3306.25,3307.25,10440.0
2020-01-16 15:50:00,3307.25,3307.25,3304.5,3305.25,19768.0
2020-01-16 15:55:00,3305.0,3306.25,3304.75,3305.5,15264.0
2020-01-16 16:00:00,3305.5,3306.25,3304.75,3305.25,12748.0
2020-01-16 16:05:00,3305.0,3307.75,3305.0,3306.5,14491.0
2020-01-16 16:10:00,3306.25,3307.25,3304.25,3305.0,12746.0
2020-01-16 16:15:00,3305.0,3305.5,3303.0,3304.75,22274.0
2020-01-16 16:20:00,3304.75,3305.0,3303.25,3304.0,10957.0
2020-01-16 16:25:00,3304.0,3306.25,3303.75,3305.5,15026.0
2020-01-16 16:30:00,3305.5,3305.75,3304.25,3305.25,10653.0
2020-01-16 16:35:00,3305.25,3306.5,3305.0,3306.5,8136.0
2020-01-16 16:40:00,3306.5,3306.75,3306.0,3306.5,7255.0
2020-01-16 16:45:00,3306.75,3307.5,3306.5,3306.75,7868.0
2020-01-16 16:50:00,3306.75,3307.75,3306.5,3307.5,5795.0
2020-01-16 16:55:00,3307.75,3307.75,3306.25,3307.0,5889.0
2020-01-16 17:00:00,3307.25,3308.0,3306.75,3307.75,8805.0
2020-01-16 17:05:00,3307.75,3308.0,3307.25,3307.25,6993.0
2020-01-16 17:10:00,3307.5,3308.0,3306.25,3306.5,9680.0
2020-01-16 17:15:00,3306.75,3307.75,3306.5,3307.25,7396.0
2020-01-16 17:20:00,3307.5,3307.5,3306.25,3307.0,6022.0
2020-01-16 17:25:00,3307.25,3307.25,3306.0,3306.5,6514.0
2020-01-16 17:30:00,3306.5,3307.75,3306.0,3307.5,5236.0
2020-01-16 17:35:00,3307.5,3308.25,3307.25,3308.25,4549.0
2020-01-16 17:40:00,3308.25,3308.5,3307.25,3307.25,5698.0
2020-01-16 17:45:00,3307.5,3308.25,3307.0,3308.0,3977.0
2020-01-16 17:50:00,3308.0,3308.25,3307.5,3308.0,3354.0
2020-01-16 17:55:00,3308.0,3308.5,3307.5,3307.75,4991.0
2020-01-16 18:00:00,3308.0,3308.25,3307.0,3308.0,5649.0
2020-01-16 18:05:00,3308.0,3308.25,3307.5,3308.0,2386.0
2020-01-16 18:10:00,3308.0,3308.25,3307.0,3307.5,4638.0
2020-01-16 18:15:00,3307.5,3307.75,3306.75,3306.75,5380.0
2020-01-16 18:20:00,3306.75,3307.5,3306.5,3307.0,4421.0
2020-01-16 18:25:00,3307.0,3307.5,3306.75,3307.25,3392.0
2020-01-16 18:30:00,3307.5,3308.0,3306.5,3308.0,4003.0
2020-01-16 18:35:00,3307.75,3308.75,3307.75,3308.25,9767.0
2020-01-16 18:40:00,3308.5,3309.75,3308.25,3309.0,9398.0
2020-01-16 18:45:00,3309.25,3309.75,3309.0,3309.25,5878.0
2020-01-16 18:50:00,3309.5,3309.75,3308.75,3309.25,7301.0
2020-01-16 18:55:00,3309.25,3309.5,3308.5,3309.25,7143.0
2020-01-16 19:00:00,3309.5,3309.5,3308.5,3308.75,8991.0
2020-01-16 19:05:00,3308.5,3309.25,3308.25,3309.25,3977.0
2020-01-16 19:10:00,3309.0,3309.5,3308.5,3309.0,7203.0
2020-01-16 19:15:00,3309.0,3309.75,3308.75,3309.25,5977.0
2020-01-16 19:20:00,3309.25,3309.75,3309.0,3309.25,4979.0
2020-01-16 19:25:00,3309.0,3309.5,3308.75,3309.25,7231.0
2020-01-16 19:30:00,3309.25,3309.5,3308.5,3308.75,5095.0
2020-01-16 19:35:00,3308.75,3308.75,3308.25,3308.5,3025.0
2020-01-16 19:40:00,3308.5,3308.75,3308.25,3308.25,3352.0
2020-01-16 19:45:00,3308.25,3308.5,3307.25,3308.0,4957.0
2020-01-16 19:50:00,3308.0,3308.5,3307.75,3308.25,3509.0
2020-01-16 19:55:00,3308.5,3309.0,3308.25,3308.5,2473.0
2020-01-16 20:00:00,3308.5,3308.75,3307.5,3308.75,7500.0
2020-01-16 20:05:00,3308.5,3309.0,3308.25,3308.5,6404.0
2020-01-16 20:10:00,3308.75,3309.5,3308.5,3309.25,6691.0
2020-01-16 20:15:00,3309.25,3310.75,3309.25,3310.0,10025.0
2020-01-16 20:20:00,3310.0,3310.75,3310.0,3310.5,7821.0
2020-01-16 20:25:00,3310.5,3310.5,3309.5,3310.0,7873.0
2020-01-16 20:30:00,3310.25,3312.0,3309.75,3311.75,13651.0
2020-01-16 20:35:00,3311.75,3313.0,3311.5,3312.0,17612.0
2020-01-16 20:40:00,3312.0,3313.0,3311.75,3313.0,9293.0
2020-01-16 20:45:00,3313.0,3314.25,3311.75,3312.75,19359.0
2020-01-16 20:50:00,3312.5,3316.25,3312.25,3315.0,36283.0
2020-01-16 20:55:00,3315.0,3317.0,3314.0,3316.75,51517.0
2020-01-16 21:00:00,3316.75,3318.0,3316.0,3316.5,85631.0
2020-01-16 21:05:00,3316.75,3317.0,3315.75,3316.0,13950.0
2020-01-16 21:10:00,3315.75,3316.75,3315.5,3316.75,8755.0
2020-01-16 21:15:00,3316.5,3316.75,3316.0,3316.5,8805.0
2020-01-16 21:30:00,3316.5,3317.25,3316.25,3317.25,1825.0
2020-01-16 21:35:00,3317.25,3317.75,3317.0,3317.5,1520.0
2020-01-16 21:40:00,3317.5,3318.0,3317.25,3317.5,1025.0
2020-01-16 21:45:00,3317.75,3318.0,3317.0,3317.25,1249.0
2020-01-16 21:50:00,3317.5,3317.5,3317.0,3317.0,452.0
2020-01-16 21:55:00,3317.25,3317.75,3317.0,3317.25,1095.0
2020-01-16 22:00:00,3317.25,3317.5,3317.0,3317.25,532.0
2020-01-16 23:00:00,3316.75,3317.5,3316.5,3316.5,1464.0
2020-01-16 23:05:00,3316.5,3317.25,3316.0,3316.75,1038.0
2020-01-16 23:10:00,3316.75,3317.5,3316.75,3317.5,768.0
2020-01-16 23:15:00,3317.5,3322.25,3317.25,3322.25,5424.0
2020-01-16 23:20:00,3322.5,3323.25,3320.25,3320.5,3644.0
2020-01-16 23:25:00,3320.5,3320.75,3319.5,3319.75,1270.0
2020-01-16 23:30:00,3319.75,3320.5,3319.5,3320.5,1246.0
2020-01-16 23:35:00,3320.25,3320.25,3319.5,3319.75,600.0
2020-01-16 23:40:00,3320.0,3320.5,3319.75,3319.75,1018.0
2020-01-16 23:45:00,3319.75,3320.25,3319.75,3320.25,605.0
2020-01-16 23:50:00,3320.25,3320.25,3319.5,3320.0,509.0
2020-01-16 23:55:00,3320.0,3320.0,3319.5,3319.5,241.0
2020-01-17 00:00:00,3319.5,3320.0,3319.25,3319.5,1016.0
2020-01-17 00:05:00,3319.75,3319.75,3319.0,3319.0,1171.0
2020-01-17 00:10:00,3319.0,3319.5,3318.5,3318.75,603.0
2020-01-17 00:15:00,3318.75,3319.5,3318.75,3319.5,968.0
2020-01-17 00:20:00,3319.25,3319.75,3318.25,3318.5,1154.0
2020-01-17 00:25:00,3318.5,3319.0,3318.5,3318.75,502.0
2020-01-17 00:30:00,3318.75,3320.0,3318.75,3319.75,693.0
2020-01-17 00:35:00,3319.75,3320.0,3319.25,3319.75,419.0
2020-01-17 00:40:00,3319.5,3320.0,3319.5,3319.75,437.0
2020-01-17 00:45:00,3319.75,3320.0,3319.25,3319.5,350.0
2020-01-17 00:50:00,3319.5,3319.75,3319.25,3319.5,375.0
2020-01-17 00:55:00,3319.5,3320.0,3319.25,3319.25,616.0
2020-01-17 01:00:00,3319.25,3319.5,3318.75,3319.0,746.0
2020-01-17 01:05:00,3319.0,3319.25,3318.75,3319.25,405.0
2020-01-17 01:10:00,3319.5,3319.75,3319.25,3319.5,297.0
2020-01-17 01:15:00,3319.25,3319.5,3318.75,3319.0,587.0
2020-01-17 01:20:00,3319.0,3319.25,3318.5,3318.5,429.0
2020-01-17 01:25:00,3318.5,3319.25,3318.25,3319.0,545.0
2020-01-17 01:30:00,3318.75,3319.0,3318.25,3319.0,843.0
2020-01-17 01:35:00,3318.75,3319.0,3316.75,3317.0,2282.0
2020-01-17 01:40:00,3317.0,3317.75,3316.75,3317.5,844.0
2020-01-17 01:45:00,3317.5,3318.5,3317.0,3318.0,1301.0
2020-01-17 01:50:00,3318.0,3318.5,3317.75,3318.0,431.0
2020-01-17 01:55:00,3318.25,3318.75,3318.0,3318.75,551.0
2020-01-17 02:00:00,3318.5,3320.25,3318.25,3319.5,2529.0
2020-01-17 02:05:00,3319.5,3320.0,3319.25,3320.0,741.0
2020-01-17 02:10:00,3320.0,3320.5,3319.75,3320.25,1291.0
2020-01-17 02:15:00,3320.25,3320.5,3320.0,3320.0,618.0
2020-01-17 02:20:00,3320.25,3320.5,3319.25,3319.25,773.0
2020-01-17 02:25:00,3319.5,3319.5,3319.0,3319.5,549.0
2020-01-17 02:30:00,3319.75,3319.75,3319.25,3319.5,314.0
2020-01-17 02:35:00,3319.5,3320.0,3318.75,3319.0,687.0
2020-01-17 02:40:00,3319.25,3319.5,3319.0,3319.0,421.0
2020-01-17 02:45:00,3319.0,3319.0,3318.25,3318.25,727.0
2020-01-17 02:50:00,3318.25,3318.75,3318.0,3318.75,413.0
2020-01-17 02:55:00,3318.5,3318.75,3318.25,3318.5,289.0
2020-01-17 03:00:00,3318.5,3319.0,3318.0,3318.25,578.0
2020-01-17 03:05:00,3318.0,3318.25,3317.5,3318.0,837.0
2020-01-17 03:10:00,3318.0,3318.5,3317.75,3318.0,656.0
2020-01-17 03:15:00,3318.0,3318.75,3317.75,3318.75,227.0
2020-01-17 03:20:00,3318.75,3319.25,3318.25,3319.0,410.0
2020-01-17 03:25:00,3319.0,3319.0,3318.75,3318.75,151.0
2020-01-17 03:30:00,3318.75,3319.25,3318.75,3319.25,216.0
2020-01-17 03:35:00,3319.25,3319.25,3318.75,3319.0,349.0
2020-01-17 03:40:00,3318.75,3319.0,3318.25,3318.75,224.0
2020-01-17 03:45:00,3318.75,3319.0,3318.5,3318.75,145.0
2020-01-17 03:50:00,3319.0,3319.0,3318.5,3318.5,197.0
2020-01-17 03:55:00,3318.5,3318.75,3318.25,3318.5,223.0
2020-01-17 04:00:00,3318.25,3318.5,3318.0,3318.0,200.0
2020-01-17 04:05:00,3318.0,3318.5,3317.75,3318.5,381.0
2020-01-17 04:10:00,3318.25,3318.5,3317.75,3318.25,350.0
2020-01-17 04:15:00,3318.25,3318.5,3317.75,3318.25,186.0
2020-01-17 04:20:00,3318.25,3318.25,3318.0,3318.25,61.0
2020-01-17 04:25:00,3318.25,3318.75,3318.25,3318.5,280.0
2020-01-17 04:30:00,3318.75,3318.75,3318.25,3318.25,140.0
2020-01-17 04:35:00,3318.5,3318.5,3317.75,3318.25,452.0
2020-01-17 04:40:00,3318.25,3318.25,3317.75,3318.25,199.0
2020-01-17 04:45:00,3318.0,3318.25,3318.0,3318.25,23.0
2020-01-17 04:50:00,3318.0,3318.25,3317.75,3318.0,399.0
2020-01-17 04:55:00,3317.75,3318.0,3317.5,3317.75,215.0
2020-01-17 05:00:00,3317.75,3317.75,3317.25,3317.75,417.0
2020-01-17 05:05:00,3317.75,3317.75,3317.5,3317.5,139.0
2020-01-17 05:10:00,3317.5,3317.75,3317.25,3317.75,257.0
2020-01-17 05:15:00,3317.75,3317.75,3317.5,3317.75,180.0
2020-01-17 05:20:00,3317.75,3318.0,3317.5,3317.75,157.0
2020-01-17 05:25:00,3317.5,3317.75,3317.25,3317.5,203.0
2020-01-17 05:30:00,3317.5,3318.0,3317.25,3317.75,380.0
2020-01-17 05:35:00,3317.75,3318.5,3317.75,3318.25,341.0
2020-01-17 05:40:00,3318.25,3318.5,3318.0,3318.25,360.0
2020-01-17 05:45:00,3318.5,3318.5,3318.25,3318.5,136.0
2020-01-17 05:50:00,3318.5,3319.0,3318.25,3318.5,388.0
2020-01-17 05:55:00,3318.5,3319.0,3318.25,3318.75,442.0
2020-01-17 06:00:00,3318.5,3319.0,3318.5,3318.75,621.0
2020-01-17 06:05:00,3318.75,3319.0,3318.0,3318.0,538.0
2020-01-17 06:10:00,3318.0,3319.5,3318.0,3318.75,1202.0
2020-01-17 06:15:00,3318.75,3318.75,3318.0,3318.0,453.0
2020-01-17 06:20:00,3318.25,3318.5,3317.75,3318.25,260.0
2020-01-17 06:25:00,3318.25,3318.5,3318.25,3318.5,406.0
2020-01-17 06:30:00,3318.5,3318.5,3318.25,3318.25,308.0
2020-01-17 06:35:00,3318.25,3318.25,3318.0,3318.0,345.0
2020-01-17 06:40:00,3318.25,3318.5,3318.0,3318.25,239.0
2020-01-17 06:45:00,3318.25,3318.5,3318.25,3318.25,327.0
2020-01-17 06:50:00,3318.5,3318.75,3318.25,3318.5,517.0
2020-01-17 06:55:00,3318.5,3319.0,3318.25,3318.75,318.0
2020-01-17 07:00:00,3318.75,3319.25,3318.5,3319.25,507.0
2020-01-17 07:05:00,3319.25,3319.5,3318.75,3319.25,628.0
2020-01-17 07:10:00,3319.25,3319.5,3318.75,3319.0,593.0
2020-01-17 07:15:00,3319.0,3319.5,3318.75,3319.0,379.0
2020-01-17 07:20:00,3319.25,3320.0,3319.0,3319.75,484.0
2020-01-17 07:25:00,3319.75,3320.0,3319.25,3319.75,795.0
2020-01-17 07:30:00,3319.5,3320.0,3319.25,3320.0,1036.0
2020-01-17 07:35:00,3320.0,3320.0,3319.5,3320.0,552.0
2020-01-17 07:40:00,3319.75,3320.5,3319.75,3320.0,1448.0
2020-01-17 07:45:00,3319.75,3320.0,3319.5,3319.75,617.0
2020-01-17 07:50:00,3319.5,3320.0,3319.5,3320.0,883.0
2020-01-17 07:55:00,3319.75,3321.0,3319.75,3321.0,1104.0
2020-01-17 08:00:00,3321.0,3321.75,3320.75,3321.25,3204.0
2020-01-17 08:05:00,3321.25,3322.5,3321.0,3321.75,2488.0
2020-01-17 08:10:00,3321.75,3322.0,3321.5,3321.75,1117.0
2020-01-17 08:15:00,3321.75,3322.5,3321.5,3322.25,1459.0
2020-01-17 08:20:00,3322.25,3323.25,3322.25,3322.75,1570.0
2020-01-17 08:25:00,3322.5,3322.75,3322.0,3322.5,1425.0
2020-01-17 08:30:00,3322.5,3323.5,3322.0,3323.5,2491.0
2020-01-17 08:35:00,3323.25,3324.75,3323.25,3324.0,2668.0
2020-01-17 08:40:00,3323.75,3325.0,3323.5,3324.75,2246.0
2020-01-17 08:45:00,3325.0,3325.0,3323.5,3323.75,1901.0
2020-01-17 08:50:00,3323.75,3324.25,3323.25,3323.25,1450.0
2020-01-17 08:55:00,3323.25,3323.5,3323.0,3323.25,1411.0
2020-01-17 09:00:00,3323.0,3323.25,3322.25,3322.75,2288.0
2020-01-17 09:05:00,3322.75,3323.0,3322.25,3322.75,1338.0
2020-01-17 09:10:00,3322.75,3323.75,3322.5,3323.75,1031.0
2020-01-17 09:15:00,3323.75,3324.0,3323.5,3323.5,1188.0
2020-01-17 09:20:00,3323.5,3324.0,3323.0,3323.5,2255.0
2020-01-17 09:25:00,3323.75,3324.0,3323.25,3323.5,1101.0
2020-01-17 09:30:00,3323.25,3323.5,3322.25,3322.75,1497.0
2020-01-17 09:35:00,3322.75,3323.5,3322.5,3323.25,1203.0
2020-01-17 09:40:00,3323.25,3324.0,3323.0,3323.75,1250.0
2020-01-17 09:45:00,3323.75,3324.0,3323.0,3323.75,800.0
2020-01-17 09:50:00,3324.0,3325.25,3323.75,3325.0,2077.0
2020-01-17 09:55:00,3324.75,3325.0,3324.5,3324.5,585.0
2020-01-17 10:00:00,3324.75,3325.0,3324.0,3324.5,1680.0
2020-01-17 10:05:00,3324.5,3325.0,3324.5,3324.75,877.0
2020-01-17 10:10:00,3324.75,3326.25,3324.75,3326.0,2079.0
2020-01-17 10:15:00,3326.25,3327.0,3326.0,3326.75,1929.0
2020-01-17 10:20:00,3326.75,3326.75,3325.25,3325.5,1435.0
2020-01-17 10:25:00,3325.25,3325.5,3324.75,3324.75,1621.0
2020-01-17 10:30:00,3324.75,3325.0,3324.0,3324.75,2208.0
2020-01-17 10:35:00,3324.5,3325.25,3324.5,3325.25,1796.0
2020-01-17 10:40:00,3325.0,3325.0,3324.5,3324.75,693.0
2020-01-17 10:45:00,3324.75,3325.25,3324.75,3325.25,515.0
2020-01-17 10:50:00,3325.0,3325.25,3324.5,3324.75,2149.0
2020-01-17 10:55:00,3324.75,3325.0,3324.25,3324.25,1158.0
2020-01-17 11:00:00,3324.25,3325.25,3324.25,3325.25,1338.0
2020-01-17 11:05:00,3325.25,3325.25,3324.25,3324.5,991.0
2020-01-17 11:10:00,3324.5,3324.5,3323.75,3323.75,757.0
2020-01-17 11:15:00,3324.0,3324.75,3323.5,3324.5,1337.0
2020-01-17 11:20:00,3324.5,3325.0,3324.25,3324.5,1329.0
2020-01-17 11:25:00,3324.5,3325.0,3324.25,3324.75,740.0
2020-01-17 11:30:00,3324.75,3325.0,3324.25,3324.5,614.0
2020-01-17 11:35:00,3324.75,3325.25,3324.5,3325.25,1192.0
2020-01-17 11:40:00,3325.0,3325.25,3324.5,3324.5,703.0
2020-01-17 11:45:00,3324.75,3325.0,3324.5,3324.75,845.0
2020-01-17 11:50:00,3324.75,3324.75,3324.0,3324.25,766.0
2020-01-17 11:55:00,3324.5,3325.0,3324.25,3324.75,686.0
2020-01-17 12:00:00,3324.75,3325.25,3324.5,3324.5,1536.0
2020-01-17 12:05:00,3324.75,3325.0,3323.75,3324.25,1940.0
2020-01-17 12:10:00,3324.5,3324.75,3324.0,3324.5,623.0
2020-01-17 12:15:00,3324.75,3324.75,3323.75,3324.0,1007.0
2020-01-17 12:20:00,3324.0,3324.0,3323.25,3323.75,1281.0
2020-01-17 12:25:00,3324.0,3324.0,3323.5,3323.75,948.0
2020-01-17 12:30:00,3323.75,3324.25,3323.5,3324.25,1734.0
2020-01-17 12:35:00,3324.0,3324.5,3323.25,3323.5,999.0
2020-01-17 12:40:00,3323.5,3323.75,3322.75,3323.0,2124.0
2020-01-17 12:45:00,3323.25,3323.25,3322.5,3323.0,2382.0
2020-01-17 12:50:00,3323.25,3323.25,3322.75,3323.25,1096.0
2020-01-17 12:55:00,3323.0,3323.75,3323.0,3323.5,893.0
2020-01-17 13:00:00,3323.5,3324.5,3323.25,3324.25,2075.0
2020-01-17 13:05:00,3324.0,3324.75,3324.0,3324.5,1427.0
2020-01-17 13:10:00,3324.5,3325.0,3323.75,3324.25,3776.0
2020-01-17 13:15:00,3324.5,3324.5,3323.5,3324.0,1900.0
2020-01-17 13:20:00,3323.75,3324.5,3323.75,3324.25,1800.0
2020-01-17 13:25:00,3324.25,3324.75,3324.25,3324.5,1435.0
2020-01-17 13:30:00,3324.5,3326.0,3324.5,3326.0,4459.0
2020-01-17 13:35:00,3326.25,3326.25,3325.5,3326.25,2640.0
2020-01-17 13:40:00,3326.25,3328.0,3326.25,3327.0,8444.0
2020-01-17 13:45:00,3327.0,3328.75,3327.0,3328.25,7359.0
2020-01-17 13:50:00,3328.5,3328.5,3327.0,3328.25,6537.0
2020-01-17 13:55:00,3328.0,3328.0,3324.25,3325.0,11994.0
2020-01-17 14:00:00,3325.0,3326.75,3325.0,3326.25,3340.0
2020-01-17 14:05:00,3326.5,3326.5,3325.5,3326.0,2910.0
2020-01-17 14:10:00,3326.0,3326.25,3324.25,3324.5,4414.0
2020-01-17 14:15:00,3324.5,3325.5,3323.5,3323.5,4155.0
2020-01-17 14:20:00,3323.5,3325.75,3322.75,3324.5,11793.0
2020-01-17 14:25:00,3324.5,3327.0,3324.5,3325.25,18051.0
2020-01-17 14:30:00,3325.25,3326.25,3320.75,3322.25,59639.0
2020-01-17 14:35:00,3322.25,3323.5,3320.75,3320.75,38084.0
2020-01-17 14:40:00,3320.75,3323.25,3320.0,3323.0,28938.0
2020-01-17 14:45:00,3323.0,3323.0,3321.5,3322.75,18057.0
2020-01-17 14:50:00,3322.75,3323.75,3322.25,3322.25,14306.0
2020-01-17 14:55:00,3322.0,3323.75,3321.25,3323.5,16244.0
2020-01-17 15:00:00,3323.25,3325.25,3323.25,3324.75,22970.0
2020-01-17 15:05:00,3325.0,3325.5,3323.25,3324.0,17844.0
2020-01-17 15:10:00,3324.25,3325.0,3321.75,3322.25,14889.0
2020-01-17 15:15:00,3322.5,3323.0,3321.5,3322.75,12226.0
2020-01-17 15:20:00,3323.0,3325.5,3322.75,3325.25,15897.0
2020-01-17 15:25:00,3325.5,3326.25,3325.0,3326.0,11798.0
2020-01-17 15:30:00,3325.75,3326.5,3325.25,3325.75,11478.0
2020-01-17 15:35:00,3325.75,3326.0,3323.75,3325.0,14472.0
2020-01-17 15:40:00,3325.0,3325.0,3323.25,3324.5,11872.0
2020-01-17 15:45:00,3324.75,3325.25,3323.75,3323.75,9764.0
2020-01-17 15:50:00,3323.75,3324.0,3321.75,3322.0,13178.0
2020-01-17 15:55:00,3322.0,3323.0,3321.75,3322.5,9558.0
2020-01-17 16:00:00,3322.25,3324.75,3322.25,3324.25,12133.0
2020-01-17 16:05:00,3324.5,3324.75,3322.5,3323.75,9791.0
2020-01-17 16:10:00,3323.75,3323.75,3320.75,3320.75,11279.0
2020-01-17 16:15:00,3320.75,3321.25,3319.25,3319.75,24640.0
2020-01-17 16:20:00,3319.75,3320.75,3319.0,3319.0,14342.0
2020-01-17 16:25:00,3319.0,3321.25,3319.0,3321.0,12701.0
2020-01-17 16:30:00,3321.0,3323.25,3321.0,3323.0,9453.0
2020-01-17 16:35:00,3323.25,3323.25,3322.25,3323.25,9218.0
2020-01-17 16:40:00,3323.0,3323.5,3321.75,3322.5,7390.0
2020-01-17 16:45:00,3322.5,3323.75,3321.75,3321.75,7629.0
2020-01-17 16:50:00,3321.75,3323.5,3321.75,3323.5,9095.0
2020-01-17 16:55:00,3323.5,3323.75,3322.25,3323.75,7498.0
2020-01-17 17:00:00,3324.0,3324.25,3323.5,3323.75,5124.0
2020-01-17 17:05:00,3323.75,3324.25,3323.25,3323.5,4638.0
2020-01-17 17:10:00,3323.5,3324.75,3323.0,3324.75,5365.0
2020-01-17 17:15:00,3324.75,3325.5,3324.25,3325.5,7711.0
2020-01-17 17:20:00,3325.5,3325.75,3325.0,3325.5,4111.0
2020-01-17 17:25:00,3325.5,3326.5,3325.0,3326.5,5831.0
2020-01-17 17:30:00,3326.5,3326.5,3324.75,3324.75,10219.0
2020-01-17 17:35:00,3325.0,3325.25,3324.25,3325.0,4051.0
2020-01-17 17:40:00,3325.0,3325.25,3324.25,3324.75,3468.0
2020-01-17 17:45:00,3324.75,3325.25,3324.25,3324.25,3916.0
2020-01-17 17:50:00,3324.5,3324.75,3324.0,3324.5,3621.0
2020-01-17 17:55:00,3324.5,3324.75,3323.75,3323.75,3795.0
2020-01-17 18:00:00,3324.0,3324.25,3323.25,3324.25,4222.0
2020-01-17 18:05:00,3324.0,3325.0,3324.0,3325.0,3592.0
2020-01-17 18:10:00,3325.0,3325.75,3324.75,3325.25,4424.0
2020-01-17 18:15:00,3325.25,3325.75,3324.5,3325.5,4421.0
2020-01-17 18:20:00,3325.75,3326.25,3324.75,3325.0,6247.0
2020-01-17 18:25:00,3324.75,3325.25,3324.25,3324.75,3893.0
2020-01-17 18:30:00,3324.5,3325.0,3324.25,3325.0,2718.0
2020-01-17 18:35:00,3325.0,3325.0,3324.25,3324.75,3949.0
2020-01-17 18:40:00,3324.5,3324.75,3323.75,3324.25,3920.0
2020-01-17 18:45:00,3324.0,3325.0,3324.0,3324.5,3893.0
2020-01-17 18:50:00,3324.5,3325.5,3324.25,3325.5,4628.0
2020-01-17 18:55:00,3325.5,3325.5,3324.75,3325.25,2803.0
2020-01-17 19:00:00,3325.0,3325.5,3324.75,3324.75,3081.0
2020-01-17 19:05:00,3324.75,3325.5,3324.75,3325.5,2414.0
2020-01-17 19:10:00,3325.5,3326.0,3325.0,3325.5,3512.0
2020-01-17 19:15:00,3325.25,3326.25,3325.25,3326.0,5237.0
2020-01-17 19:20:00,3326.0,3326.0,3324.5,3324.5,2741.0
2020-01-17 19:25:00,3324.5,3325.0,3324.25,3324.5,5372.0
2020-01-17 19:30:00,3324.75,3325.0,3324.25,3324.75,4354.0
2020-01-17 19:35:00,3324.75,3325.5,3323.75,3324.0,5438.0
2020-01-17 19:40:00,3324.0,3324.75,3323.5,3323.75,8948.0
2020-01-17 19:45:00,3323.75,3324.25,3323.25,3323.5,5432.0
2020-01-17 19:50:00,3323.75,3324.0,3323.25,3323.75,4064.0
2020-01-17 19:55:00,3323.75,3325.75,3323.5,3325.25,6031.0
2020-01-17 20:00:00,3325.5,3326.25,3325.0,3325.5,7058.0
2020-01-17 20:05:00,3325.5,3325.5,3322.25,3322.75,10712.0
2020-01-17 20:10:00,3322.75,3323.25,3321.25,3322.5,10360.0
2020-01-17 20:15:00,3322.5,3324.5,3322.25,3322.5,10880.0
2020-01-17 20:20:00,3322.5,3323.25,3322.5,3323.0,7194.0
2020-01-17 20:25:00,3323.0,3324.5,3322.5,3324.25,7571.0
2020-01-17 20:30:00,3324.25,3327.0,3324.25,3326.75,18034.0
2020-01-17 20:35:00,3326.75,3326.75,3325.0,3325.75,7953.0
2020-01-17 20:40:00,3325.5,3326.0,3324.0,3325.5,12507.0
2020-01-17 20:45:00,3325.75,3326.5,3325.0,3326.5,9261.0
2020-01-17 20:50:00,3326.5,3327.5,3326.0,3327.5,27148.0
2020-01-17 20:55:00,3327.5,3330.25,3327.25,3327.25,51176.0
2020-01-17 21:00:00,3327.5,3329.25,3325.75,3326.25,96334.0
2020-01-17 21:05:00,3326.5,3326.75,3325.0,3325.0,12205.0
2020-01-17 21:10:00,3325.0,3325.5,3324.0,3325.5,9360.0
2020-01-17 21:15:00,3325.5,3325.5,3324.25,3324.25,6860.0
2020-01-17 21:30:00,3324.25,3324.5,3323.25,3323.75,2887.0
2020-01-17 21:35:00,3323.75,3324.25,3323.5,3323.75,1291.0
2020-01-17 21:40:00,3323.75,3324.0,3323.5,3323.75,1171.0
2020-01-17 21:45:00,3323.75,3324.0,3323.5,3324.0,892.0
2020-01-17 21:50:00,3323.75,3324.0,3323.25,3323.75,1079.0
2020-01-17 21:55:00,3323.75,3323.75,3323.0,3323.25,1382.0
2020-01-17 22:00:00,3323.25,3323.75,3323.25,3323.75,702.0
2020-01-19 20:30:00,3323.75,3323.75,3323.75,3323.75,4.0
2020-01-19 20:50:00,3323.75,3323.75,3323.75,3323.75,4.0
2020-01-19 23:00:00,3325.0,3326.5,3323.25,3323.25,2656.0
2020-01-19 23:05:00,3323.25,3325.5,3323.25,3325.5,1476.0
2020-01-19 23:10:00,3325.75,3326.25,3325.25,3326.0,891.0
2020-01-19 23:15:00,3325.75,3326.0,3325.5,3326.0,235.0
2020-01-19 23:20:00,3325.75,3326.0,3324.5,3325.0,550.0
2020-01-19 23:25:00,3325.0,3325.75,3324.75,3325.5,206.0
2020-01-19 23:30:00,3325.5,3326.0,3325.5,3325.75,307.0
2020-01-19 23:35:00,3325.75,3326.5,3325.5,3326.25,375.0
2020-01-19 23:40:00,3326.5,3326.5,3325.75,3325.75,225.0
2020-01-19 23:45:00,3326.0,3326.25,3325.5,3326.0,400.0
2020-01-19 23:50:00,3326.0,3327.75,3326.0,3327.0,815.0
2020-01-19 23:55:00,3327.0,3327.75,3326.75,3327.75,387.0
2020-01-20 00:00:00,3327.5,3328.5,3327.0,3328.0,1062.0
2020-01-20 00:05:00,3327.75,3328.0,3327.5,3327.5,487.0
2020-01-20 00:10:00,3327.5,3328.0,3327.5,3327.75,482.0
2020-01-20 00:15:00,3328.0,3328.5,3328.0,3328.25,413.0
2020-01-20 00:20:00,3328.25,3328.25,3328.0,3328.0,198.0
2020-01-20 00:25:00,3328.25,3328.5,3327.5,3327.75,364.0
2020-01-20 00:30:00,3327.75,3327.75,3327.25,3327.25,289.0
2020-01-20 00:35:00,3327.5,3327.75,3327.0,3327.25,227.0
2020-01-20 00:40:00,3327.25,3327.5,3326.0,3326.25,911.0
2020-01-20 00:45:00,3326.25,3326.5,3325.75,3326.0,407.0
2020-01-20 00:50:00,3325.75,3326.25,3325.75,3326.25,254.0
2020-01-20 00:55:00,3326.25,3327.0,3326.0,3327.0,350.0
2020-01-20 01:00:00,3327.0,3327.0,3326.25,3327.0,426.0
2020-01-20 01:05:00,3327.0,3327.0,3326.0,3326.25,247.0
2020-01-20 01:10:00,3326.25,3326.75,3326.25,3326.5,116.0
2020-01-20 01:15:00,3326.5,3326.75,3326.0,3326.75,329.0
2020-01-20 01:20:00,3327.0,3327.75,3326.75,3327.5,446.0
2020-01-20 01:25:00,3327.5,3327.5,3327.0,3327.5,241.0
2020-01-20 01:30:00,3327.5,3327.5,3326.25,3326.25,517.0
2020-01-20 01:35:00,3326.5,3327.0,3326.0,3326.25,387.0
2020-01-20 01:40:00,3326.25,3327.0,3326.25,3327.0,255.0
2020-01-20 01:45:00,3327.25,3327.25,3326.25,3326.5,421.0
2020-01-20 01:50:00,3326.5,3327.0,3326.25,3326.25,458.0
2020-01-20 01:55:00,3326.5,3326.75,3326.5,3326.75,195.0
2020-01-20 02:00:00,3326.75,3327.0,3326.25,3326.75,184.0
2020-01-20 02:05:00,3326.75,3327.0,3326.5,3326.5,251.0
2020-01-20 02:10:00,3326.5,3327.0,3326.25,3326.5,358.0
2020-01-20 02:15:00,3326.5,3327.25,3326.5,3326.75,248.0
2020-01-20 02:20:00,3327.0,3327.25,3326.75,3327.0,382.0
2020-01-20 02:25:00,3327.0,3327.25,3327.0,3327.25,96.0
2020-01-20 02:30:00,3327.25,3327.25,3327.0,3327.25,240.0
2020-01-20 02:35:00,3327.25,3327.5,3326.75,3326.75,166.0
2020-01-20 02:40:00,3326.75,3326.75,3326.0,3326.25,415.0
2020-01-20 02:45:00,3326.5,3326.75,3326.25,3326.5,215.0
2020-01-20 02:50:00,3326.25,3326.5,3326.0,3326.0,222.0
2020-01-20 02:55:00,3326.0,3326.5,3325.75,3326.0,344.0
2020-01-20 03:00:00,3326.25,3326.5,3326.0,3326.25,137.0
2020-01-20 03:05:00,3326.5,3327.0,3326.25,3326.75,149.0
2020-01-20 03:10:00,3326.75,3327.0,3326.5,3327.0,98.0
2020-01-20 03:15:00,3326.75,3327.0,3326.25,3326.75,547.0
2020-01-20 03:20:00,3326.75,3326.75,3326.5,3326.75,100.0
2020-01-20 03:25:00,3326.75,3327.0,3326.75,3327.0,69.0
2020-01-20 03:30:00,3327.0,3327.0,3326.5,3326.5,500.0
2020-01-20 03:35:00,3326.5,3326.75,3326.5,3326.5,164.0
2020-01-20 03:40:00,3326.5,3326.75,3326.25,3326.5,108.0
2020-01-20 03:45:00,3326.5,3326.75,3326.5,3326.5,40.0
2020-01-20 03:50:00,3326.5,3326.75,3326.5,3326.5,8.0
2020-01-20 03:55:00,3326.75,3327.0,3326.5,3326.75,249.0
2020-01-20 04:00:00,3326.75,3326.75,3326.5,3326.75,93.0
2020-01-20 04:05:00,3326.75,3327.0,3326.5,3326.5,42.0
2020-01-20 04:10:00,3326.5,3326.75,3326.5,3326.5,39.0
2020-01-20 04:15:00,3326.75,3326.75,3326.25,3326.25,188.0
2020-01-20 04:20:00,3326.5,3326.5,3326.25,3326.5,12.0
2020-01-20 04:25:00,3326.5,3326.5,3326.25,3326.5,15.0
2020-01-20 04:30:00,3326.25,3326.5,3326.0,3326.25,260.0
2020-01-20 04:35:00,3326.5,3326.75,3326.5,3326.5,80.0
2020-01-20 04:40:00,3326.25,3326.5,3326.25,3326.25,58.0
2020-01-20 04:45:00,3326.25,3326.5,3326.25,3326.25,87.0
2020-01-20 04:50:00,3326.25,3326.5,3326.25,3326.25,43.0
2020-01-20 04:55:00,3326.25,3326.25,3326.0,3326.25,68.0
2020-01-20 05:00:00,3326.25,3326.5,3326.0,3326.5,251.0
2020-01-20 05:05:00,3326.5,3326.75,3326.25,3326.25,288.0
2020-01-20 05:10:00,3326.5,3326.75,3326.25,3326.25,123.0
2020-01-20 05:15:00,3326.5,3326.75,3326.25,3326.25,234.0
2020-01-20 05:20:00,3326.5,3326.5,3326.25,3326.25,147.0
2020-01-20 05:25:00,3326.25,3326.25,3325.75,3325.75,503.0
2020-01-20 05:30:00,3325.75,3326.0,3325.75,3326.0,132.0
2020-01-20 05:35:00,3326.0,3326.0,3325.75,3325.75,152.0
2020-01-20 05:40:00,3325.75,3326.0,3325.5,3326.0,211.0
2020-01-20 05:45:00,3326.0,3326.0,3325.5,3325.5,368.0
2020-01-20 05:50:00,3325.5,3325.75,3325.5,3325.5,153.0
2020-01-20 05:55:00,3325.5,3325.5,3325.0,3325.25,369.0
2020-01-20 06:00:00,3325.5,3325.75,3325.25,3325.75,565.0
2020-01-20 06:05:00,3325.75,3326.25,3325.75,3326.25,314.0
2020-01-20 06:10:00,3326.0,3326.25,3326.0,3326.25,78.0
2020-01-20 06:15:00,3326.25,3327.0,3326.0,3326.0,753.0
2020-01-20 06:20:00,3326.25,3326.5,3326.0,3326.5,170.0
2020-01-20 06:25:00,3326.75,3326.75,3326.25,3326.25,38.0
2020-01-20 06:30:00,3326.25,3326.75,3326.25,3326.5,189.0
2020-01-20 06:35:00,3326.5,3326.75,3326.5,3326.75,115.0
2020-01-20 06:40:00,3326.75,3326.75,3326.25,3326.25,174.0
2020-01-20 06:45:00,3326.5,3326.75,3326.25,3326.5,131.0
2020-01-20 06:50:00,3326.75,3327.0,3326.75,3327.0,122.0
2020-01-20 06:55:00,3326.75,3326.75,3326.25,3326.25,391.0
2020-01-20 07:00:00,3326.25,3326.5,3325.75,3325.75,443.0
2020-01-20 07:05:00,3325.75,3326.0,3324.75,3324.75,741.0
2020-01-20 07:10:00,3324.75,3325.0,3324.25,3324.5,598.0
2020-01-20 07:15:00,3324.5,3324.75,3324.25,3324.25,423.0
2020-01-20 07:20:00,3324.25,3324.5,3323.75,3324.0,834.0
2020-01-20 07:25:00,3324.0,3324.25,3323.0,3323.0,789.0
2020-01-20 07:30:00,3323.25,3324.25,3323.0,3324.0,780.0
2020-01-20 07:35:00,3324.0,3324.0,3322.75,3323.25,1019.0
2020-01-20 07:40:00,3323.5,3323.75,3322.75,3323.5,571.0
2020-01-20 07:45:00,3323.5,3323.5,3322.5,3322.5,676.0
2020-01-20 07:50:00,3322.5,3323.0,3322.0,3323.0,681.0
2020-01-20 07:55:00,3323.0,3323.0,3322.25,3322.75,484.0
2020-01-20 08:00:00,3322.75,3322.75,3321.25,3321.25,1752.0
2020-01-20 08:05:00,3321.5,3322.0,3321.5,3321.5,1208.0
2020-01-20 08:10:00,3321.5,3322.0,3320.75,3321.0,1011.0
2020-01-20 08:15:00,3321.25,3321.5,3320.25,3321.0,1552.0
2020-01-20 08:20:00,3321.0,3321.0,3319.75,3320.0,1353.0
2020-01-20 08:25:00,3320.0,3320.5,3319.5,3320.0,955.0
2020-01-20 08:30:00,3320.0,3320.25,3319.75,3319.75,1110.0
2020-01-20 08:35:00,3319.75,3320.25,3319.0,3320.0,952.0
2020-01-20 08:40:00,3320.0,3320.25,3319.75,3320.0,603.0
2020-01-20 08:45:00,3320.25,3320.25,3319.75,3319.75,488.0
2020-01-20 08:50:00,3319.75,3320.25,3319.5,3320.0,549.0
2020-01-20 08:55:00,3320.25,3320.25,3319.0,3319.0,1201.0
2020-01-20 09:00:00,3319.25,3320.25,3319.0,3319.5,1062.0
2020-01-20 09:05:00,3319.5,3320.25,3319.5,3320.0,1045.0
2020-01-20 09:10:00,3320.0,3320.0,3318.5,3319.0,1306.0
2020-01-20 09:15:00,3319.0,3320.0,3318.75,3319.5,715.0
2020-01-20 09:20:00,3319.75,3319.75,3319.25,3319.5,550.0
2020-01-20 09:25:00,3319.75,3320.0,3319.5,3320.0,208.0
2020-01-20 09:30:00,3319.75,3320.25,3319.5,3320.0,920.0
2020-01-20 09:35:00,3320.0,3320.25,3319.75,3320.0,554.0
2020-01-20 09:40:00,3320.25,3320.25,3319.75,3320.0,513.0
2020-01-20 09:45:00,3320.0,3321.25,3320.0,3321.0,874.0
2020-01-20 09:50:00,3321.0,3321.5,3321.0,3321.5,458.0
2020-01-20 09:55:00,3321.5,3321.5,3321.0,3321.0,680.0
2020-01-20 10:00:00,3321.0,3321.0,3319.75,3320.0,819.0
2020-01-20 10:05:00,3320.0,3320.0,3319.25,3319.75,596.0
2020-01-20 10:10:00,3319.75,3320.0,3319.5,3320.0,267.0
2020-01-20 10:15:00,3319.75,3320.0,3319.5,3319.5,631.0
2020-01-20 10:20:00,3319.75,3320.0,3319.5,3319.75,131.0
2020-01-20 10:25:00,3320.0,3320.0,3319.5,3319.5,214.0
2020-01-20 10:30:00,3319.75,3319.75,3319.5,3319.75,53.0
2020-01-20 10:35:00,3319.75,3320.0,3319.5,3319.5,482.0
2020-01-20 10:40:00,3319.5,3320.0,3319.5,3319.75,647.0
2020-01-20 10:45:00,3319.5,3320.0,3319.25,3319.75,510.0
2020-01-20 10:50:00,3319.75,3320.0,3319.5,3319.5,269.0
2020-01-20 10:55:00,3319.75,3320.0,3319.5,3319.75,258.0
2020-01-20 11:00:00,3319.75,3320.0,3319.75,3320.0,278.0
2020-01-20 11:05:00,3320.0,3320.5,3319.75,3320.5,807.0
2020-01-20 11:10:00,3320.5,3321.0,3320.25,3320.75,627.0
2020-01-20 11:15:00,3321.0,3321.0,3320.75,3321.0,239.0
2020-01-20 11:20:00,3321.0,3321.0,3320.5,3320.75,276.0
2020-01-20 11:25:00,3320.75,3321.0,3320.75,3321.0,194.0
2020-01-20 11:30:00,3321.0,3321.25,3320.75,3321.0,226.0
2020-01-20 11:35:00,3321.0,3321.75,3321.0,3321.5,829.0
2020-01-20 11:40:00,3321.25,3321.5,3320.75,3321.0,311.0
2020-01-20 11:45:00,3321.0,3322.5,3321.0,3322.5,1432.0
2020-01-20 11:50:00,3322.25,3322.5,3322.25,3322.25,376.0
2020-01-20 11:55:00,3322.5,3322.75,3321.75,3322.0,598.0
2020-01-20 12:00:00,3322.0,3323.5,3322.0,3322.75,1508.0
2020-01-20 12:05:00,3323.0,3323.0,3322.5,3323.0,353.0
2020-01-20 12:10:00,3322.75,3323.25,3322.75,3323.0,395.0
2020-01-20 12:15:00,3322.75,3323.25,3322.5,3322.5,413.0
2020-01-20 12:20:00,3322.75,3322.75,3322.25,3322.25,252.0
2020-01-20 12:25:00,3322.25,3322.5,3322.0,3322.0,282.0
2020-01-20 12:30:00,3322.0,3322.5,3322.0,3322.5,285.0
2020-01-20 12:35:00,3322.5,3323.25,3322.5,3323.0,505.0
2020-01-20 12:40:00,3323.0,3323.25,3322.75,3323.0,240.0
2020-01-20 12:45:00,3323.0,3323.25,3322.5,3322.5,512.0
2020-01-20 12:50:00,3322.25,3322.75,3322.25,3322.5,391.0
2020-01-20 12:55:00,3322.5,3322.75,3322.25,3322.5,308.0
2020-01-20 13:00:00,3322.5,3322.5,3321.75,3322.0,693.0
2020-01-20 13:05:00,3322.0,3322.0,3321.25,3321.75,572.0
2020-01-20 13:10:00,3321.5,3322.25,3321.5,3322.0,321.0
2020-01-20 13:15:00,3322.25,3322.5,3322.0,3322.0,407.0
2020-01-20 13:20:00,3322.0,3322.25,3321.75,3322.0,195.0
2020-01-20 13:25:00,3322.0,3322.5,3322.0,3322.0,167.0
2020-01-20 13:30:00,3322.0,3322.25,3321.75,3322.0,234.0
2020-01-20 13:35:00,3321.75,3322.25,3321.5,3321.5,466.0
2020-01-20 13:40:00,3321.5,3321.75,3321.0,3321.25,432.0
2020-01-20 13:45:00,3321.25,3321.75,3321.0,3321.5,383.0
2020-01-20 13:50:00,3321.5,3321.5,3321.0,3321.25,228.0
2020-01-20 13:55:00,3321.0,3321.25,3320.75,3321.0,245.0
2020-01-20 14:00:00,3320.75,3321.75,3320.75,3321.5,534.0
2020-01-20 14:05:00,3321.5,3321.75,3321.0,3321.0,598.0
2020-01-20 14:10:00,3321.25,3321.5,3320.75,3321.0,597.0
2020-01-20 14:15:00,3321.25,3321.25,3321.0,3321.0,341.0
2020-01-20 14:20:00,3321.0,3321.25,3320.75,3321.0,361.0
2020-01-20 14:25:00,3321.0,3321.0,3320.25,3320.25,715.0
2020-01-20 14:30:00,3320.5,3321.75,3320.25,3321.25,1867.0
2020-01-20 14:35:00,3321.25,3322.25,3321.0,3322.25,1196.0
2020-01-20 14:40:00,3322.25,3322.75,3321.75,3322.5,993.0
2020-01-20 14:45:00,3322.5,3322.75,3321.75,3321.75,528.0
2020-01-20 14:50:00,3321.75,3323.0,3321.75,3322.5,948.0
2020-01-20 14:55:00,3322.5,3323.0,3322.25,3323.0,988.0
2020-01-20 15:00:00,3322.75,3323.0,3322.0,3322.0,1074.0
2020-01-20 15:05:00,3322.25,3322.25,3321.5,3322.0,1117.0
2020-01-20 15:10:00,3322.0,3322.75,3322.0,3322.25,587.0
2020-01-20 15:15:00,3322.5,3322.75,3322.25,3322.25,638.0
2020-01-20 15:20:00,3322.25,3322.75,3322.25,3322.5,433.0
2020-01-20 15:25:00,3322.75,3322.75,3322.25,3322.75,356.0
2020-01-20 15:30:00,3322.5,3323.0,3321.75,3322.0,1456.0
2020-01-20 15:35:00,3321.75,3322.25,3321.25,3322.25,1543.0
2020-01-20 15:40:00,3322.25,3322.5,3321.5,3322.25,582.0
2020-01-20 15:45:00,3322.25,3322.25,3321.75,3322.0,771.0
2020-01-20 15:50:00,3322.0,3322.25,3321.5,3322.0,920.0
2020-01-20 15:55:00,3322.25,3323.0,3322.0,3322.75,655.0
2020-01-20 16:00:00,3322.5,3323.0,3322.25,3322.25,1150.0
2020-01-20 16:05:00,3322.25,3322.75,3321.75,3322.5,1177.0
2020-01-20 16:10:00,3322.5,3322.75,3322.25,3322.5,517.0
2020-01-20 16:15:00,3322.5,3322.75,3322.25,3322.5,447.0
2020-01-20 16:20:00,3322.5,3322.75,3322.25,3322.5,1319.0
2020-01-20 16:25:00,3322.75,3323.5,3322.5,3323.25,1050.0
2020-01-20 16:30:00,3323.25,3324.25,3323.25,3323.75,1169.0
2020-01-20 16:35:00,3323.75,3324.25,3323.5,3324.25,861.0
2020-01-20 16:40:00,3324.25,3324.75,3324.0,3324.5,1049.0
2020-01-20 16:45:00,3324.5,3324.75,3324.5,3324.5,396.0
2020-01-20 16:50:00,3324.5,3324.75,3324.25,3324.5,600.0
2020-01-20 16:55:00,3324.5,3324.75,3324.25,3324.25,226.0
2020-01-20 17:00:00,3324.25,3325.0,3324.25,3324.75,341.0
2020-01-20 17:05:00,3325.0,3325.0,3324.5,3324.75,276.0
2020-01-20 17:10:00,3325.0,3325.25,3324.5,3324.5,423.0
2020-01-20 17:15:00,3324.75,3324.75,3324.5,3324.5,254.0
2020-01-20 17:20:00,3324.5,3325.25,3324.5,3325.0,246.0
2020-01-20 17:25:00,3325.25,3325.25,3324.75,3324.75,415.0
2020-01-20 17:30:00,3325.0,3325.25,3324.75,3325.0,190.0
2020-01-20 17:35:00,3325.0,3325.25,3324.5,3324.75,405.0
2020-01-20 17:40:00,3324.75,3325.0,3324.75,3325.0,209.0
2020-01-20 17:45:00,3325.25,3325.25,3324.75,3324.75,377.0
2020-01-20 17:50:00,3324.75,3324.75,3324.25,3324.25,376.0
2020-01-20 17:55:00,3324.5,3325.75,3324.25,3325.75,890.0
2020-01-20 18:00:00,3325.75,3325.75,3325.0,3325.25,687.0
2020-01-20 23:00:00,3325.5,3326.0,3324.5,3325.25,1303.0
2020-01-20 23:05:00,3325.25,3325.5,3325.0,3325.5,148.0
2020-01-20 23:10:00,3325.5,3325.5,3325.0,3325.25,168.0
2020-01-20 23:15:00,3325.0,3325.25,3324.25,3324.25,302.0
2020-01-20 23:20:00,3324.5,3324.5,3323.75,3324.0,548.0
2020-01-20 23:25:00,3324.0,3324.0,3323.25,3323.25,512.0
2020-01-20 23:30:00,3323.25,3323.5,3323.0,3323.25,328.0
2020-01-20 23:35:00,3323.0,3323.25,3323.0,3323.25,298.0
2020-01-20 23:40:00,3323.5,3324.0,3323.5,3324.0,269.0
2020-01-20 23:45:00,3324.0,3324.0,3323.5,3323.75,335.0
2020-01-20 23:50:00,3323.75,3323.75,3323.5,3323.75,107.0
2020-01-20 23:55:00,3323.5,3323.75,3322.75,3323.0,378.0
2020-01-21 00:00:00,3323.0,3323.5,3322.5,3322.75,609.0
2020-01-21 00:05:00,3322.75,3323.5,3322.5,3323.0,773.0
2020-01-21 00:10:00,3323.25,3323.5,3323.0,3323.0,268.0
2020-01-21 00:15:00,3323.25,3323.25,3323.0,3323.25,229.0
2020-01-21 00:20:00,3323.5,3323.75,3323.25,3323.25,525.0
2020-01-21 00:25:00,3323.25,3323.5,3323.25,3323.25,48.0
2020-01-21 00:30:00,3323.5,3323.5,3323.0,3323.5,151.0
2020-01-21 00:35:00,3323.5,3323.5,3323.25,3323.25,117.0
2020-01-21 00:40:00,3323.5,3323.75,3323.5,3323.75,291.0
2020-01-21 00:45:00,3323.5,3323.75,3323.25,3323.25,75.0
2020-01-21 00:50:00,3323.25,3323.5,3323.0,3323.25,253.0
2020-01-21 00:55:00,3323.5,3323.5,3323.0,3323.25,224.0
2020-01-21 01:00:00,3323.25,3323.25,3322.0,3322.0,668.0
2020-01-21 01:05:00,3322.0,3322.25,3320.25,3320.5,1798.0
2020-01-21 01:10:00,3320.5,3320.75,3318.75,3319.5,2401.0
2020-01-21 01:15:00,3319.5,3319.5,3315.5,3316.5,5785.0
2020-01-21 01:20:00,3316.5,3316.75,3312.75,3316.0,6913.0
2020-01-21 01:25:00,3316.0,3316.0,3314.0,3315.5,2689.0
2020-01-21 01:30:00,3315.5,3315.75,3312.5,3312.5,3599.0
2020-01-21 01:35:00,3312.5,3314.0,3312.0,3313.75,3704.0
2020-01-21 01:40:00,3313.75,3313.75,3311.75,3313.0,3708.0
2020-01-21 01:45:00,3312.75,3313.75,3312.25,3313.0,2073.0
2020-01-21 01:50:00,3313.0,3313.75,3312.5,3312.75,1218.0
2020-01-21 01:55:00,3312.75,3313.0,3311.25,3312.75,2787.0
2020-01-21 02:00:00,3312.75,3314.5,3312.5,3314.25,2176.0
2020-01-21 02:05:00,3314.5,3314.5,3313.75,3314.0,1144.0
2020-01-21 02:10:00,3314.0,3314.5,3313.75,3313.75,645.0
2020-01-21 02:15:00,3314.0,3314.25,3313.25,3314.25,1268.0
2020-01-21 02:20:00,3314.25,3314.25,3312.25,3312.5,1615.0
2020-01-21 02:25:00,3312.5,3313.25,3312.25,3312.75,944.0
2020-01-21 02:30:00,3312.5,3312.75,3311.0,3311.75,1783.0
2020-01-21 02:35:00,3311.75,3311.75,3308.75,3310.25,5269.0
2020-01-21 02:40:00,3310.25,3310.5,3309.0,3309.75,2196.0
2020-01-21 02:45:00,3309.75,3311.25,3309.75,3311.25,1177.0
2020-01-21 02:50:00,3311.0,3311.25,3310.25,3310.25,1337.0
2020-01-21 02:55:00,3310.5,3310.75,3309.75,3310.75,991.0
2020-01-21 03:00:00,3311.0,3311.75,3310.5,3311.75,781.0
2020-01-21 03:05:00,3311.75,3312.25,3311.5,3311.75,1602.0
2020-01-21 03:10:00,3311.75,3312.75,3311.25,3311.5,1307.0
2020-01-21 03:15:00,3311.5,3312.5,3311.25,3312.25,805.0
2020-01-21 03:20:00,3312.0,3312.75,3312.0,3312.5,562.0
2020-01-21 03:25:00,3312.25,3312.5,3312.0,3312.0,345.0
2020-01-21 03:30:00,3312.0,3312.25,3310.75,3311.25,735.0
2020-01-21 03:35:00,3311.0,3312.0,3311.0,3311.5,644.0
2020-01-21 03:40:00,3311.5,3312.5,3311.25,3312.25,880.0
2020-01-21 03:45:00,3312.25,3312.75,3311.75,3311.75,752.0
2020-01-21 03:50:00,3311.75,3312.0,3311.0,3311.75,949.0
2020-01-21 03:55:00,3311.75,3311.75,3311.0,3311.25,544.0
2020-01-21 04:00:00,3311.25,3312.25,3310.75,3311.75,490.0
2020-01-21 04:05:00,3311.75,3312.0,3311.25,3311.25,315.0
2020-01-21 04:10:00,3311.25,3312.0,3311.25,3312.0,180.0
2020-01-21 04:15:00,3312.0,3312.0,3311.25,3311.25,317.0
2020-01-21 04:20:00,3311.5,3311.5,3310.25,3310.75,671.0
2020-01-21 04:25:00,3310.75,3311.0,3310.0,3310.25,681.0
2020-01-21 04:30:00,3310.25,3310.75,3310.0,3310.75,394.0
2020-01-21 04:35:00,3310.75,3311.0,3310.5,3311.0,310.0
2020-01-21 04:40:00,3311.0,3311.25,3310.75,3311.0,209.0
2020-01-21 04:45:00,3311.0,3312.0,3311.0,3311.5,497.0
2020-01-21 04:50:00,3311.75,3311.75,3311.5,3311.5,187.0
2020-01-21 04:55:00,3311.5,3312.0,3311.5,3311.5,195.0
2020-01-21 05:00:00,3311.75,3312.25,3311.25,3312.25,331.0
2020-01-21 05:05:00,3312.25,3312.5,3311.75,3312.0,438.0
2020-01-21 05:10:00,3312.0,3312.5,3312.0,3312.0,661.0
2020-01-21 05:15:00,3312.25,3312.25,3311.5,3312.0,363.0
2020-01-21 05:20:00,3311.75,3312.0,3311.25,3311.5,444.0
2020-01-21 05:25:00,3311.5,3312.0,3311.5,3311.75,232.0
2020-01-21 05:30:00,3311.75,3312.0,3311.5,3311.75,404.0
2020-01-21 05:35:00,3311.75,3312.5,3311.5,3312.5,424.0
2020-01-21 05:40:00,3312.25,3312.5,3312.25,3312.5,469.0
2020-01-21 05:45:00,3312.25,3312.5,3311.5,3311.5,371.0
2020-01-21 05:50:00,3311.75,3311.75,3310.0,3310.75,1691.0
2020-01-21 05:55:00,3310.75,3311.0,3310.25,3310.75,773.0
2020-01-21 06:00:00,3310.75,3312.0,3310.75,3311.5,1654.0
2020-01-21 06:05:00,3311.5,3311.5,3311.0,3311.5,789.0
2020-01-21 06:10:00,3311.5,3312.25,3311.5,3312.0,458.0
2020-01-21 06:15:00,3312.0,3312.0,3311.25,3311.75,505.0
2020-01-21 06:20:00,3311.75,3312.25,3311.25,3312.25,507.0
2020-01-21 06:25:00,3312.25,3312.5,3311.75,3312.25,310.0
2020-01-21 06:30:00,3312.25,3312.75,3312.0,3312.0,729.0
2020-01-21 06:35:00,3312.25,3312.5,3311.75,3311.75,428.0
2020-01-21 06:40:00,3312.0,3312.0,3310.25,3310.25,1045.0
2020-01-21 06:45:00,3310.25,3310.5,3309.0,3310.25,2040.0
2020-01-21 06:50:00,3310.0,3310.25,3309.75,3310.0,644.0
2020-01-21 06:55:00,3310.0,3310.25,3309.5,3310.25,936.0
2020-01-21 07:00:00,3310.0,3310.75,3309.25,3310.5,1674.0
2020-01-21 07:05:00,3310.5,3310.75,3309.75,3310.0,1004.0
2020-01-21 07:10:00,3310.0,3310.75,3309.75,3310.5,1395.0
2020-01-21 07:15:00,3310.75,3311.75,3310.5,3311.5,1382.0
2020-01-21 07:20:00,3311.5,3311.5,3310.75,3311.5,800.0
2020-01-21 07:25:00,3311.25,3313.75,3311.25,3313.5,1419.0
2020-01-21 07:30:00,3313.5,3316.25,3313.25,3315.5,5185.0
2020-01-21 07:35:00,3315.25,3315.5,3314.25,3314.25,2151.0
2020-01-21 07:40:00,3314.25,3314.5,3313.5,3314.5,1263.0
2020-01-21 07:45:00,3314.25,3314.25,3313.25,3313.5,1751.0
2020-01-21 07:50:00,3313.5,3314.25,3313.0,3314.25,1969.0
2020-01-21 07:55:00,3314.25,3315.25,3314.25,3315.0,1697.0
2020-01-21 08:00:00,3314.75,3315.25,3311.0,3313.25,7685.0
2020-01-21 08:05:00,3313.25,3313.5,3311.25,3312.0,4444.0
2020-01-21 08:10:00,3311.75,3311.75,3308.5,3310.25,6747.0
2020-01-21 08:15:00,3310.0,3311.0,3309.0,3310.75,3414.0
2020-01-21 08:20:00,3310.75,3311.5,3310.5,3311.0,2005.0
2020-01-21 08:25:00,3311.0,3311.75,3309.25,3310.75,3008.0
2020-01-21 08:30:00,3310.75,3311.5,3307.25,3308.5,4048.0
2020-01-21 08:35:00,3308.5,3310.75,3308.25,3310.5,2737.0
2020-01-21 08:40:00,3310.5,3312.0,3310.0,3311.5,2194.0
2020-01-21 08:45:00,3311.25,3311.25,3309.75,3311.25,2002.0
2020-01-21 08:50:00,3311.0,3311.25,3310.0,3310.25,2061.0
2020-01-21 08:55:00,3310.25,3312.5,3310.25,3312.25,2323.0
2020-01-21 09:00:00,3312.0,3313.25,3312.0,3312.75,1726.0
2020-01-21 09:05:00,3313.0,3313.5,3312.5,3312.5,1751.0
2020-01-21 09:10:00,3312.25,3313.25,3312.25,3312.75,1283.0
2020-01-21 09:15:00,3313.0,3313.25,3311.25,3311.5,1841.0
2020-01-21 09:20:00,3311.75,3312.25,3311.25,3312.25,2090.0
2020-01-21 09:25:00,3312.25,3312.5,3311.5,3311.75,909.0
2020-01-21 09:30:00,3311.75,3312.5,3311.25,3312.25,1081.0
2020-01-21 09:35:00,3312.25,3312.25,3311.25,3311.75,869.0
2020-01-21 09:40:00,3312.0,3312.0,3310.25,3310.5,1447.0
2020-01-21 09:45:00,3310.5,3310.75,3309.75,3310.0,1100.0
2020-01-21 09:50:00,3309.75,3310.25,3309.0,3310.0,1487.0
2020-01-21 09:55:00,3310.0,3311.25,3309.75,3311.0,1435.0
2020-01-21 10:00:00,3311.0,3312.0,3311.0,3311.5,1021.0
2020-01-21 10:05:00,3311.5,3312.0,3311.25,3311.75,1452.0
2020-01-21 10:10:00,3311.75,3312.25,3311.25,3311.75,1030.0
2020-01-21 10:15:00,3311.5,3312.25,3311.0,3311.25,1096.0
2020-01-21 10:20:00,3311.25,3311.75,3311.25,3311.25,657.0
2020-01-21 10:25:00,3311.25,3312.5,3311.0,3312.25,940.0
2020-01-21 10:30:00,3312.0,3312.25,3311.25,3312.0,1199.0
2020-01-21 10:35:00,3312.25,3312.25,3310.5,3311.5,2117.0
2020-01-21 10:40:00,3311.5,3311.75,3310.75,3310.75,1064.0
2020-01-21 10:45:00,3310.75,3311.25,3310.25,3310.5,770.0
2020-01-21 10:50:00,3310.5,3311.5,3310.5,3311.0,1050.0
2020-01-21 10:55:00,3311.0,3312.25,3310.5,3312.0,1805.0
2020-01-21 11:00:00,3312.0,3313.0,3311.75,3312.5,1556.0
2020-01-21 11:05:00,3312.5,3312.75,3312.0,3312.25,1495.0
2020-01-21 11:10:00,3312.25,3314.5,3312.0,3313.5,3343.0
2020-01-21 11:15:00,3313.5,3313.75,3312.25,3312.25,711.0
2020-01-21 11:20:00,3312.25,3313.0,3312.0,3313.0,933.0
2020-01-21 11:25:00,3313.0,3313.0,3311.5,3312.0,927.0
2020-01-21 11:30:00,3312.25,3313.0,3311.75,3313.0,978.0
2020-01-21 11:35:00,3313.0,3313.75,3313.0,3313.25,680.0
2020-01-21 11:40:00,3313.5,3314.5,3313.5,3314.0,1167.0
2020-01-21 11:45:00,3314.25,3314.5,3313.5,3313.5,678.0
2020-01-21 11:50:00,3313.5,3314.5,3313.5,3314.25,912.0
2020-01-21 11:55:00,3314.25,3314.75,3314.0,3314.75,870.0
2020-01-21 12:00:00,3314.75,3316.75,3314.75,3316.0,3517.0
2020-01-21 12:05:00,3316.0,3316.25,3315.25,3315.5,1739.0
2020-01-21 12:10:00,3315.25,3315.5,3315.25,3315.25,633.0
2020-01-21 12:15:00,3315.25,3315.5,3315.0,3315.0,930.0
2020-01-21 12:20:00,3315.0,3315.5,3314.5,3315.0,1343.0
2020-01-21 12:25:00,3314.75,3315.75,3314.75,3315.5,909.0
2020-01-21 12:30:00,3315.75,3316.5,3315.5,3315.75,888.0
2020-01-21 12:35:00,3316.0,3316.25,3315.0,3315.0,605.0
2020-01-21 12:40:00,3315.0,3315.25,3314.5,3314.5,890.0
2020-01-21 12:45:00,3314.75,3315.0,3314.25,3314.75,1272.0
2020-01-21 12:50:00,3314.75,3315.5,3314.75,3315.5,1117.0
2020-01-21 12:55:00,3315.5,3315.75,3315.0,3315.25,754.0
2020-01-21 13:00:00,3315.0,3315.25,3314.5,3314.5,1308.0
2020-01-21 13:05:00,3314.5,3316.0,3314.25,3315.25,1645.0
2020-01-21 13:10:00,3315.25,3315.5,3314.5,3314.75,1739.0
2020-01-21 13:15:00,3315.0,3315.5,3314.5,3315.0,1810.0
2020-01-21 13:20:00,3314.75,3315.75,3314.75,3315.0,1866.0
2020-01-21 13:25:00,3315.25,3316.75,3315.0,3316.5,2538.0
2020-01-21 13:30:00,3316.75,3316.75,3315.25,3316.0,2534.0
2020-01-21 13:35:00,3316.0,3316.25,3315.25,3315.25,1987.0
2020-01-21 13:40:00,3315.25,3315.25,3314.0,3314.25,3186.0
2020-01-21 13:45:00,3314.5,3314.75,3314.0,3314.75,1331.0
2020-01-21 13:50:00,3314.75,3315.25,3314.5,3314.5,1140.0
2020-01-21 13:55:00,3314.5,3314.75,3313.75,3313.75,2292.0
2020-01-21 14:00:00,3313.75,3315.25,3313.75,3315.0,2555.0
2020-01-21 14:05:00,3315.25,3315.5,3314.75,3315.25,1799.0
2020-01-21 14:10:00,3315.0,3315.5,3314.75,3315.25,1903.0
2020-01-21 14:15:00,3315.25,3315.5,3314.75,3315.0,1357.0
2020-01-21 14:20:00,3314.75,3315.5,3314.5,3315.5,3529.0
2020-01-21 14:25:00,3315.5,3316.75,3315.0,3316.75,5622.0
2020-01-21 14:30:00,3316.5,3323.5,3316.0,3322.25,53574.0
2020-01-21 14:35:00,3322.5,3323.25,3319.75,3320.25,31465.0
2020-01-21 14:40:00,3320.0,3320.5,3318.0,3318.5,26170.0
2020-01-21 14:45:00,3318.25,3321.75,3318.25,3321.25,23448.0
2020-01-21 14:50:00,3321.5,3322.5,3320.5,3320.5,21926.0
2020-01-21 14:55:00,3320.75,3322.75,3320.5,3321.5,16886.0
2020-01-21 15:00:00,3321.75,3323.0,3319.5,3322.25,23047.0
2020-01-21 15:05:00,3322.5,3323.0,3321.0,3321.75,18937.0
2020-01-21 15:10:00,3322.0,3322.25,3320.5,3321.0,16720.0
2020-01-21 15:15:00,3320.75,3321.25,3317.5,3317.5,22690.0
2020-01-21 15:20:00,3317.5,3319.25,3317.25,3318.75,20607.0
2020-01-21 15:25:00,3318.75,3321.25,3317.5,3320.5,16559.0
2020-01-21 15:30:00,3320.75,3322.25,3320.25,3321.25,14168.0
2020-01-21 15:35:00,3321.25,3323.0,3320.75,3321.75,16793.0
2020-01-21 15:40:00,3321.75,3322.25,3320.5,3321.0,13423.0
2020-01-21 15:45:00,3321.0,3321.75,3320.75,3321.5,8770.0
2020-01-21 15:50:00,3321.5,3321.75,3319.25,3320.75,11163.0
2020-01-21 15:55:00,3320.5,3321.75,3319.75,3320.0,10705.0
2020-01-21 16:00:00,3320.0,3321.5,3319.25,3321.25,14628.0
2020-01-21 16:05:00,3321.25,3323.0,3321.0,3322.5,13168.0
2020-01-21 16:10:00,3322.5,3324.25,3322.0,3323.5,9607.0
2020-01-21 16:15:00,3323.75,3325.5,3323.5,3324.75,14996.0
2020-01-21 16:20:00,3324.75,3326.0,3324.5,3325.0,10978.0
2020-01-21 16:25:00,3325.0,3325.5,3324.25,3325.25,8805.0
2020-01-21 16:30:00,3325.25,3326.5,3325.25,3326.25,8876.0
2020-01-21 16:35:00,3326.5,3326.5,3325.25,3326.5,9518.0
2020-01-21 16:40:00,3326.25,3328.75,3326.0,3327.0,17994.0
2020-01-21 16:45:00,3327.0,3328.0,3326.75,3327.25,10821.0
2020-01-21 16:50:00,3327.25,3328.25,3327.0,3328.0,7915.0
2020-01-21 16:55:00,3328.25,3328.75,3327.25,3327.5,6391.0
2020-01-21 17:00:00,3327.5,3328.0,3326.75,3328.0,7620.0
2020-01-21 17:05:00,3328.0,3328.75,3327.5,3328.25,6725.0
2020-01-21 17:10:00,3328.5,3328.75,3327.0,3327.25,7568.0
2020-01-21 17:15:00,3327.25,3328.0,3327.0,3327.25,2967.0
2020-01-21 17:20:00,3327.25,3328.25,3327.25,3327.5,5126.0
2020-01-21 17:25:00,3327.75,3328.5,3327.5,3328.25,3340.0
2020-01-21 17:30:00,3328.5,3329.0,3327.75,3329.0,4249.0
2020-01-21 17:35:00,3329.0,3329.75,3328.75,3329.75,5434.0
2020-01-21 17:40:00,3329.75,3329.75,3328.5,3328.5,5131.0
2020-01-21 17:45:00,3328.5,3328.75,3327.5,3328.75,5295.0
2020-01-21 17:50:00,3328.75,3328.75,3327.5,3328.25,3722.0
2020-01-21 17:55:00,3328.25,3328.5,3327.5,3328.25,3225.0
2020-01-21 18:00:00,3328.25,3329.0,3327.75,3328.75,3299.0
2020-01-21 18:05:00,3329.0,3329.0,3328.5,3328.5,1758.0
2020-01-21 18:10:00,3328.5,3329.0,3328.0,3328.75,2368.0
2020-01-21 18:15:00,3328.75,3329.0,3324.5,3324.5,14305.0
2020-01-21 18:20:00,3324.5,3325.25,3322.0,3323.25,28435.0
2020-01-21 18:25:00,3323.0,3324.75,3322.75,3323.75,11552.0
2020-01-21 18:30:00,3323.75,3324.0,3320.25,3321.75,17912.0
2020-01-21 18:35:00,3321.75,3322.5,3319.25,3320.5,15508.0
2020-01-21 18:40:00,3320.75,3321.5,3318.5,3321.25,13822.0
2020-01-21 18:45:00,3321.25,3321.75,3320.5,3320.75,10548.0
2020-01-21 18:50:00,3320.75,3321.5,3317.5,3318.0,17187.0
2020-01-21 18:55:00,3318.0,3320.0,3318.0,3318.75,18441.0
2020-01-21 19:00:00,3318.75,3319.25,3316.25,3318.75,22830.0
2020-01-21 19:05:00,3318.75,3320.0,3318.0,3319.25,14008.0
2020-01-21 19:10:00,3319.25,3321.75,3319.0,3321.25,9855.0
2020-01-21 19:15:00,3321.5,3323.0,3320.75,3322.75,9767.0
2020-01-21 19:20:00,3322.75,3323.0,3319.75,3321.0,9216.0
2020-01-21 19:25:00,3321.0,3321.25,3319.75,3319.75,7765.0
2020-01-21 19:30:00,3320.0,3320.75,3318.75,3319.75,7524.0
2020-01-21 19:35:00,3319.5,3320.25,3317.75,3319.75,12001.0
2020-01-21 19:40:00,3320.0,3321.5,3320.0,3321.0,8089.0
2020-01-21 19:45:00,3321.25,3321.5,3318.5,3318.5,14443.0
2020-01-21 19:50:00,3318.5,3320.5,3318.5,3320.5,12885.0
2020-01-21 19:55:00,3320.5,3322.25,3320.25,3322.0,9559.0
2020-01-21 20:00:00,3322.0,3323.75,3321.75,3323.75,9382.0
2020-01-21 20:05:00,3323.75,3325.0,3323.5,3324.75,9744.0
2020-01-21 20:10:00,3324.5,3325.75,3324.0,3325.5,7441.0
2020-01-21 20:15:00,3325.5,3325.75,3324.75,3325.25,5404.0
2020-01-21 20:20:00,3325.25,3325.5,3323.5,3324.0,9638.0
2020-01-21 20:25:00,3324.0,3324.5,3322.5,3323.5,7809.0
2020-01-21 20:30:00,3323.5,3325.5,3323.0,3323.0,12376.0
2020-01-21 20:35:00,3323.0,3323.75,3321.25,3321.75,16681.0
2020-01-21 20:40:00,3321.75,3322.0,3320.25,3321.25,12694.0
2020-01-21 20:45:00,3321.0,3322.0,3320.0,3320.75,12749.0
2020-01-21 20:50:00,3320.75,3321.25,3318.25,3319.25,26708.0
2020-01-21 20:55:00,3319.5,3321.25,3318.25,3321.25,28214.0
2020-01-21 21:00:00,3321.25,3323.0,3320.0,3320.75,64454.0
2020-01-21 21:05:00,3320.75,3321.5,3319.25,3319.75,13027.0
2020-01-21 21:10:00,3319.75,3321.0,3319.25,3321.0,6982.0
2020-01-21 21:15:00,3321.0,3321.25,3319.0,3319.5,6194.0
2020-01-21 21:30:00,3319.75,3321.0,3319.25,3320.75,1598.0
2020-01-21 21:35:00,3320.75,3321.25,3320.5,3321.0,748.0
2020-01-21 21:40:00,3320.75,3321.0,3320.5,3320.75,619.0
2020-01-21 21:45:00,3320.75,3321.0,3320.5,3320.75,604.0
2020-01-21 21:50:00,3320.75,3320.75,3320.0,3320.25,539.0
2020-01-21 21:55:00,3320.25,3320.25,3319.25,3319.5,1238.0
2020-01-21 22:00:00,3319.75,3320.25,3319.5,3320.25,272.0
2020-01-21 23:00:00,3321.25,3322.0,3320.5,3321.25,1230.0
2020-01-21 23:05:00,3321.25,3322.0,3321.25,3321.75,466.0
2020-01-21 23:10:00,3321.75,3322.25,3321.5,3322.0,387.0
2020-01-21 23:15:00,3322.0,3322.25,3321.75,3321.75,233.0
2020-01-21 23:20:00,3321.75,3321.75,3321.5,3321.75,155.0
2020-01-21 23:25:00,3321.5,3322.0,3321.25,3321.5,376.0
2020-01-21 23:30:00,3321.5,3321.75,3319.75,3320.0,708.0
2020-01-21 23:35:00,3320.0,3320.5,3319.25,3319.5,628.0
2020-01-21 23:40:00,3319.5,3320.0,3319.5,3319.5,478.0
2020-01-21 23:45:00,3319.75,3321.25,3319.5,3321.0,2369.0
2020-01-21 23:50:00,3321.0,3321.75,3320.75,3320.75,1121.0
2020-01-21 23:55:00,3320.75,3321.5,3320.25,3320.25,670.0
2020-01-22 00:00:00,3320.25,3321.75,3320.25,3321.0,2642.0
2020-01-22 00:05:00,3321.0,3321.75,3320.75,3321.5,1927.0
2020-01-22 00:10:00,3321.5,3321.75,3321.0,3321.5,591.0
2020-01-22 00:15:00,3321.75,3322.75,3321.75,3322.75,875.0
2020-01-22 00:20:00,3322.5,3324.25,3322.5,3324.0,2507.0
2020-01-22 00:25:00,3324.0,3324.75,3323.5,3324.0,1995.0
2020-01-22 00:30:00,3324.0,3324.5,3324.0,3324.0,1296.0
2020-01-22 00:35:00,3324.0,3324.0,3323.0,3323.0,803.0
2020-01-22 00:40:00,3323.0,3323.25,3322.75,3323.25,891.0
2020-01-22 00:45:00,3323.25,3324.0,3323.0,3323.75,527.0
2020-01-22 00:50:00,3323.5,3324.0,3323.5,3323.5,540.0
2020-01-22 00:55:00,3323.25,3323.75,3323.25,3323.25,276.0
2020-01-22 01:00:00,3323.25,3324.75,3323.0,3324.75,1004.0
2020-01-22 01:05:00,3324.75,3324.75,3323.25,3324.0,2269.0
2020-01-22 01:10:00,3324.25,3324.5,3324.0,3324.25,638.0
2020-01-22 01:15:00,3324.25,3325.5,3324.0,3325.0,2106.0
2020-01-22 01:20:00,3325.0,3325.75,3324.75,3325.25,1781.0
2020-01-22 01:25:00,3325.25,3325.25,3324.5,3325.25,1060.0
2020-01-22 01:30:00,3325.25,3326.75,3325.25,3325.5,3134.0
2020-01-22 01:35:00,3325.75,3325.75,3325.0,3325.25,1129.0
2020-01-22 01:40:00,3325.5,3325.75,3324.25,3324.25,2124.0
2020-01-22 01:45:00,3324.25,3325.5,3323.75,3325.25,1923.0
2020-01-22 01:50:00,3325.25,3325.25,3323.75,3324.0,1683.0
2020-01-22 01:55:00,3324.0,3324.5,3323.75,3324.5,660.0
2020-01-22 02:00:00,3324.25,3326.25,3324.0,3326.0,1699.0
2020-01-22 02:05:00,3326.0,3326.5,3325.75,3326.25,1475.0
2020-01-22 02:10:00,3326.25,3326.25,3325.25,3326.0,1362.0
2020-01-22 02:15:00,3326.0,3326.5,3325.75,3326.5,1560.0
2020-01-22 02:20:00,3326.5,3328.5,3326.5,3328.0,2980.0
2020-01-22 02:25:00,3328.0,3329.0,3327.75,3328.0,1220.0
2020-01-22 02:30:00,3328.0,3328.75,3327.5,3328.5,1323.0
2020-01-22 02:35:00,3328.75,3329.75,3328.75,3329.25,2178.0
2020-01-22 02:40:00,3329.5,3329.5,3328.5,3329.0,2013.0
2020-01-22 02:45:00,3329.0,3329.25,3328.5,3329.0,1223.0
2020-01-22 02:50:00,3329.0,3334.75,3328.75,3333.75,12148.0
2020-01-22 02:55:00,3333.75,3336.5,3333.25,3335.0,5955.0
2020-01-22 03:00:00,3334.75,3335.25,3334.25,3335.0,2399.0
2020-01-22 03:05:00,3335.0,3335.75,3333.25,3334.0,2599.0
2020-01-22 03:10:00,3334.25,3334.25,3333.25,3333.5,978.0
2020-01-22 03:15:00,3333.75,3333.75,3333.0,3333.25,929.0
2020-01-22 03:20:00,3333.0,3334.25,3332.5,3333.5,1407.0
2020-01-22 03:25:00,3333.5,3334.75,3333.5,3334.75,1403.0
2020-01-22 03:30:00,3334.75,3336.0,3334.25,3335.0,2399.0
2020-01-22 03:35:00,3335.0,3335.0,3334.0,3334.5,1413.0
2020-01-22 03:40:00,3334.25,3335.0,3334.0,3334.25,556.0
2020-01-22 03:45:00,3334.5,3334.5,3334.0,3334.25,296.0
2020-01-22 03:50:00,3334.0,3334.75,3334.0,3334.25,361.0
2020-01-22 03:55:00,3334.5,3334.75,3333.75,3334.25,714.0
2020-01-22 04:00:00,3334.25,3334.75,3334.0,3334.5,370.0
2020-01-22 04:05:00,3334.5,3334.75,3334.25,3334.25,545.0
2020-01-22 04:10:00,3334.25,3334.25,3334.0,3334.25,184.0
2020-01-22 04:15:00,3334.25,3334.5,3333.75,3334.25,510.0
2020-01-22 04:20:00,3334.25,3334.5,3334.25,3334.25,420.0
2020-01-22 04:25:00,3334.25,3334.5,3334.0,3334.0,193.0
2020-01-22 04:30:00,3334.25,3334.5,3334.0,3334.25,298.0
2020-01-22 04:35:00,3334.25,3335.0,3334.25,3334.75,281.0
2020-01-22 04:40:00,3335.0,3335.0,3334.5,3334.5,349.0
2020-01-22 04:45:00,3334.5,3335.0,3334.5,3334.75,302.0
2020-01-22 04:50:00,3335.0,3335.0,3334.25,3334.25,209.0
2020-01-22 04:55:00,3334.25,3334.75,3334.25,3334.5,246.0
2020-01-22 05:00:00,3334.5,3335.5,3334.25,3335.0,731.0
2020-01-22 05:05:00,3335.25,3335.5,3334.75,3334.75,272.0
2020-01-22 05:10:00,3334.75,3335.25,3334.75,3335.0,302.0
2020-01-22 05:15:00,3335.25,3335.5,3335.0,3335.5,148.0
2020-01-22 05:20:00,3335.5,3335.75,3335.0,3335.75,427.0
2020-01-22 05:25:00,3335.75,3336.0,3335.25,3335.5,735.0
2020-01-22 05:30:00,3335.5,3336.0,3335.0,3335.75,798.0
2020-01-22 05:35:00,3335.75,3336.25,3335.5,3336.25,588.0
2020-01-22 05:40:00,3336.25,3336.25,3335.75,3335.75,692.0
2020-01-22 05:45:00,3335.75,3336.0,3335.25,3335.5,426.0
2020-01-22 05:50:00,3335.5,3335.5,3335.25,3335.25,129.0
2020-01-22 05:55:00,3335.25,3335.5,3335.25,3335.5,334.0
2020-01-22 06:00:00,3335.5,3335.75,3334.75,3334.75,899.0
2020-01-22 06:05:00,3335.0,3336.25,3335.0,3335.75,1060.0
2020-01-22 06:10:00,3335.75,3336.0,3335.5,3335.75,469.0
2020-01-22 06:15:00,3336.0,3336.0,3335.25,3335.5,902.0
2020-01-22 06:20:00,3335.75,3336.25,3335.5,3335.75,458.0
2020-01-22 06:25:00,3335.75,3336.0,3335.25,3335.75,489.0
2020-01-22 06:30:00,3335.5,3336.0,3335.25,3335.25,368.0
2020-01-22 06:35:00,3335.5,3335.5,3335.0,3335.0,307.0
2020-01-22 06:40:00,3335.0,3335.5,3334.75,3335.5,576.0
2020-01-22 06:45:00,3335.5,3335.75,3335.25,3335.25,416.0
2020-01-22 06:50:00,3335.5,3336.0,3335.5,3335.5,473.0
2020-01-22 06:55:00,3335.5,3336.0,3335.25,3335.5,448.0
2020-01-22 07:00:00,3335.75,3335.75,3335.0,3335.5,886.0
2020-01-22 07:05:00,3335.25,3335.5,3334.75,3335.0,492.0
2020-01-22 07:10:00,3335.0,3335.5,3334.75,3335.0,384.0
2020-01-22 07:15:00,3335.0,3335.5,3334.75,3335.0,812.0
2020-01-22 07:20:00,3335.0,3335.0,3334.25,3334.75,585.0
2020-01-22 07:25:00,3334.75,3334.75,3334.25,3334.25,923.0
2020-01-22 07:30:00,3334.25,3335.0,3334.25,3334.75,730.0
2020-01-22 07:35:00,3334.5,3334.75,3334.25,3334.25,657.0
2020-01-22 07:40:00,3334.5,3335.0,3334.25,3334.75,664.0
2020-01-22 07:45:00,3334.75,3334.75,3334.25,3334.25,1039.0
2020-01-22 07:50:00,3334.25,3334.75,3334.0,3334.25,1092.0
2020-01-22 07:55:00,3334.25,3334.25,3333.75,3333.75,600.0
2020-01-22 08:00:00,3334.0,3334.5,3332.75,3333.25,3562.0
2020-01-22 08:05:00,3333.25,3334.25,3332.5,3333.0,3611.0
2020-01-22 08:10:00,3333.0,3333.25,3332.25,3332.5,1791.0
2020-01-22 08:15:00,3332.75,3333.5,3332.25,3333.5,1199.0
2020-01-22 08:20:00,3333.5,3335.0,3333.25,3335.0,2338.0
2020-01-22 08:25:00,3335.0,3335.0,3333.75,3334.5,1747.0
2020-01-22 08:30:00,3334.5,3334.75,3333.25,3333.25,1385.0
2020-01-22 08:35:00,3333.25,3333.5,3332.5,3333.5,1932.0
2020-01-22 08:40:00,3333.25,3333.75,3332.0,3332.5,1935.0
2020-01-22 08:45:00,3332.75,3333.0,3331.75,3331.75,1945.0
2020-01-22 08:50:00,3332.0,3332.25,3331.25,3332.25,2017.0
2020-01-22 08:55:00,3332.0,3332.25,3331.75,3331.75,1218.0
2020-01-22 09:00:00,3331.75,3332.5,3330.5,3332.25,3303.0
2020-01-22 09:05:00,3332.0,3333.5,3332.0,3333.0,2530.0
2020-01-22 09:10:00,3333.0,3333.25,3332.5,3332.75,1796.0
2020-01-22 09:15:00,3332.75,3332.75,3329.75,3331.5,5269.0
2020-01-22 09:20:00,3331.5,3332.25,3330.25,3331.5,1956.0
2020-01-22 09:25:00,3331.5,3331.5,3330.25,3330.5,1766.0
2020-01-22 09:30:00,3330.25,3330.75,3329.75,3330.25,1684.0
2020-01-22 09:35:00,3330.25,3331.0,3330.0,3330.75,1313.0
2020-01-22 09:40:00,3331.0,3331.5,3330.75,3331.0,1279.0
2020-01-22 09:45:00,3331.25,3331.5,3330.0,3331.25,1318.0
2020-01-22 09:50:00,3331.25,3332.5,3331.25,3332.5,1443.0
2020-01-22 09:55:00,3332.5,3332.75,3331.5,3331.75,1420.0
2020-01-22 10:00:00,3331.75,3331.75,3331.25,3331.5,1171.0
2020-01-22 10:05:00,3331.75,3332.0,3331.5,3331.5,773.0
2020-01-22 10:10:00,3331.5,3332.25,3331.5,3331.75,1234.0
2020-01-22 10:15:00,3331.75,3332.0,3331.25,3331.5,900.0
2020-01-22 10:20:00,3331.5,3332.25,3331.25,3332.0,793.0
2020-01-22 10:25:00,3332.25,3332.5,3331.75,3332.0,1226.0
2020-01-22 10:30:00,3332.25,3332.5,3331.75,3332.25,1101.0
2020-01-22 10:35:00,3332.5,3333.25,3332.25,3333.0,896.0
2020-01-22 10:40:00,3333.0,3333.25,3332.0,3332.0,1511.0
2020-01-22 10:45:00,3332.0,3332.5,3331.5,3332.25,1539.0
2020-01-22 10:50:00,3332.25,3332.5,3332.0,3332.0,463.0
2020-01-22 10:55:00,3332.0,3332.25,3331.75,3332.0,524.0
2020-01-22 11:00:00,3332.0,3332.25,3331.5,3332.0,878.0
2020-01-22 11:05:00,3331.75,3332.0,3331.5,3331.75,731.0
2020-01-22 11:10:00,3331.75,3332.25,3330.75,3332.0,1276.0
2020-01-22 11:15:00,3332.0,3332.25,3331.75,3332.25,717.0
2020-01-22 11:20:00,3332.0,3332.25,3331.25,3331.5,548.0
2020-01-22 11:25:00,3331.5,3332.0,3331.0,3331.0,1103.0
2020-01-22 11:30:00,3331.0,3331.75,3330.75,3331.75,1412.0
2020-01-22 11:35:00,3331.75,3332.75,3331.5,3332.5,1488.0
2020-01-22 11:40:00,3332.5,3332.75,3332.0,3332.0,1041.0
2020-01-22 11:45:00,3332.25,3333.0,3332.25,3332.5,1131.0
2020-01-22 11:50:00,3332.75,3333.25,3332.5,3333.25,1677.0
2020-01-22 11:55:00,3333.25,3333.5,3332.75,3333.25,997.0
2020-01-22 12:00:00,3333.0,3333.5,3332.75,3333.25,1437.0
2020-01-22 12:05:00,3333.25,3333.5,3333.0,3333.25,1403.0
2020-01-22 12:10:00,3333.25,3334.0,3333.25,3333.75,1613.0
2020-01-22 12:15:00,3334.0,3334.25,3333.0,3333.25,1509.0
2020-01-22 12:20:00,3333.0,3333.5,3332.75,3333.0,1567.0
2020-01-22 12:25:00,3333.0,3333.75,3332.75,3333.75,1628.0
2020-01-22 12:30:00,3333.5,3334.75,3333.5,3334.75,1747.0
2020-01-22 12:35:00,3334.75,3335.0,3334.5,3334.5,2040.0
2020-01-22 12:40:00,3334.5,3335.0,3334.25,3334.5,2007.0
2020-01-22 12:45:00,3334.5,3334.5,3333.75,3334.5,1615.0
2020-01-22 12:50:00,3334.5,3335.0,3334.25,3334.5,1783.0
2020-01-22 12:55:00,3334.25,3334.5,3332.75,3332.75,1496.0
2020-01-22 13:00:00,3332.75,3333.0,3332.25,3332.5,2763.0
2020-01-22 13:05:00,3332.5,3333.25,3332.25,3333.0,1389.0
2020-01-22 13:10:00,3333.25,3333.75,3332.5,3332.75,1835.0
2020-01-22 13:15:00,3333.0,3333.25,3332.25,3333.25,1297.0
2020-01-22 13:20:00,3333.25,3333.25,3332.25,3332.75,1070.0
2020-01-22 13:25:00,3332.75,3333.0,3331.25,3332.25,3341.0
2020-01-22 13:30:00,3332.25,3332.5,3331.75,3332.25,1274.0
2020-01-22 13:35:00,3332.0,3332.25,3331.25,3331.5,1370.0
2020-01-22 13:40:00,3331.5,3331.5,3330.25,3331.0,2319.0
2020-01-22 13:45:00,3331.0,3332.25,3330.75,3332.25,1776.0
2020-01-22 13:50:00,3332.25,3332.75,3332.0,3332.5,1522.0
2020-01-22 13:55:00,3332.5,3332.75,3331.5,3332.0,2078.0
2020-01-22 14:00:00,3331.75,3332.0,3331.0,3331.75,2265.0
2020-01-22 14:05:00,3332.0,3332.25,3331.0,3332.0,2494.0
2020-01-22 14:10:00,3332.0,3332.5,3331.75,3332.5,2431.0
2020-01-22 14:15:00,3332.5,3332.75,3332.25,3332.25,1235.0
2020-01-22 14:20:00,3332.25,3332.5,3331.5,3331.75,2656.0
2020-01-22 14:25:00,3331.75,3332.0,3330.25,3330.25,4841.0
2020-01-22 14:30:00,3330.5,3332.0,3328.0,3330.75,50927.0
2020-01-22 14:35:00,3330.75,3333.5,3330.5,3333.0,29203.0
2020-01-22 14:40:00,3333.25,3335.0,3333.0,3335.0,28510.0
2020-01-22 14:45:00,3334.75,3335.5,3333.75,3334.75,26515.0
2020-01-22 14:50:00,3334.75,3335.5,3332.75,3333.5,22155.0
2020-01-22 14:55:00,3333.5,3335.0,3333.0,3334.5,15203.0
2020-01-22 15:00:00,3334.75,3335.5,3333.75,3334.0,25504.0
2020-01-22 15:05:00,3334.0,3334.25,3330.5,3332.5,33577.0
2020-01-22 15:10:00,3332.75,3333.5,3331.5,3332.75,24400.0
2020-01-22 15:15:00,3332.75,3333.5,3331.0,3333.5,18164.0
2020-01-22 15:20:00,3333.5,3334.75,3332.75,3334.5,19486.0
2020-01-22 15:25:00,3334.5,3336.0,3334.25,3335.0,15355.0
2020-01-22 15:30:00,3335.0,3335.75,3334.5,3335.75,12576.0
2020-01-22 15:35:00,3335.5,3335.75,3334.5,3335.25,8627.0
2020-01-22 15:40:00,3335.0,3337.5,3335.0,3337.0,12406.0
2020-01-22 15:45:00,3337.0,3337.5,3335.75,3336.0,12113.0
2020-01-22 15:50:00,3336.0,3336.0,3333.5,3334.0,18805.0
2020-01-22 15:55:00,3334.25,3334.25,3332.75,3332.75,11830.0
2020-01-22 16:00:00,3332.75,3332.75,3330.25,3331.0,23851.0
2020-01-22 16:05:00,3331.0,3331.25,3328.75,3330.0,20114.0
2020-01-22 16:10:00,3330.0,3331.0,3327.0,3328.0,19838.0
2020-01-22 16:15:00,3327.75,3328.25,3326.0,3328.0,26352.0
2020-01-22 16:20:00,3328.25,3328.5,3326.25,3328.0,16295.0
2020-01-22 16:25:00,3328.0,3328.25,3326.75,3328.0,12153.0
2020-01-22 16:30:00,3328.0,3329.5,3327.5,3329.5,15011.0
2020-01-22 16:35:00,3329.25,3330.25,3329.0,3329.5,10028.0
2020-01-22 16:40:00,3329.25,3330.0,3329.0,3329.25,11599.0
2020-01-22 16:45:00,3329.25,3329.75,3328.5,3329.25,11085.0
2020-01-22 16:50:00,3329.25,3330.25,3327.25,3329.75,15954.0
2020-01-22 16:55:00,3329.5,3329.75,3327.0,3328.0,10635.0
2020-01-22 17:00:00,3328.0,3329.0,3327.25,3327.25,10499.0
2020-01-22 17:05:00,3327.25,3328.5,3326.75,3328.0,7571.0
2020-01-22 17:10:00,3328.0,3329.25,3327.5,3328.0,7282.0
2020-01-22 17:15:00,3328.0,3328.25,3326.5,3327.75,12538.0
2020-01-22 17:20:00,3327.5,3327.5,3324.25,3325.25,21914.0
2020-01-22 17:25:00,3325.5,3325.75,3324.25,3325.0,9315.0
2020-01-22 17:30:00,3325.0,3327.25,3324.75,3326.5,9178.0
2020-01-22 17:35:00,3326.5,3327.25,3326.25,3326.5,4516.0
2020-01-22 17:40:00,3326.5,3328.0,3326.25,3327.75,9912.0
2020-01-22 17:45:00,3327.75,3328.75,3327.0,3328.5,6500.0
2020-01-22 17:50:00,3328.25,3328.75,3328.0,3328.75,5169.0
2020-01-22 17:55:00,3328.75,3329.5,3328.5,3329.25,7279.0
2020-01-22 18:00:00,3329.25,3329.5,3328.75,3329.0,7257.0
2020-01-22 18:05:00,3329.0,3329.75,3328.75,3329.5,6184.0
2020-01-22 18:10:00,3329.5,3330.0,3328.75,3329.75,8713.0
2020-01-22 18:15:00,3330.0,3331.25,3329.5,3330.75,16201.0
2020-01-22 18:20:00,3330.5,3331.0,3330.25,3330.75,6593.0
2020-01-22 18:25:00,3331.0,3331.0,3330.25,3330.75,4773.0
2020-01-22 18:30:00,3330.75,3331.0,3330.0,3330.75,5170.0
2020-01-22 18:35:00,3330.75,3331.75,3330.5,3331.5,4342.0
2020-01-22 18:40:00,3331.25,3331.75,3331.0,3331.5,3101.0
2020-01-22 18:45:00,3331.5,3331.5,3330.0,3331.0,6906.0
2020-01-22 18:50:00,3331.0,3331.0,3329.25,3329.5,7647.0
2020-01-22 18:55:00,3329.75,3330.25,3328.75,3328.75,5375.0
2020-01-22 19:00:00,3328.75,3330.0,3328.25,3329.5,7986.0
2020-01-22 19:05:00,3329.5,3330.5,3329.25,3330.25,3334.0
2020-01-22 19:10:00,3330.0,3330.25,3329.5,3330.25,3743.0
2020-01-22 19:15:00,3330.25,3330.25,3328.5,3328.5,6770.0
2020-01-22 19:20:00,3328.75,3329.0,3328.0,3328.5,5601.0
2020-01-22 19:25:00,3328.5,3329.25,3328.0,3329.0,6266.0
2020-01-22 19:30:00,3328.75,3329.0,3327.75,3328.5,5504.0
2020-01-22 19:35:00,3328.5,3328.75,3328.0,3328.5,2834.0
2020-01-22 19:40:00,3328.75,3328.75,3327.0,3327.25,5745.0
2020-01-22 19:45:00,3327.5,3328.25,3327.25,3327.75,4654.0
2020-01-22 19:50:00,3327.75,3329.0,3327.25,3328.0,5676.0
2020-01-22 19:55:00,3328.0,3328.75,3328.0,3328.5,3175.0
2020-01-22 20:00:00,3328.25,3328.75,3326.0,3326.25,11424.0
2020-01-22 20:05:00,3326.25,3326.75,3323.75,3326.25,19913.0
2020-01-22 20:10:00,3326.25,3326.5,3324.25,3324.75,11612.0
2020-01-22 20:15:00,3324.75,3325.0,3322.0,3323.25,23270.0
2020-01-22 20:20:00,3323.25,3324.25,3320.25,3320.5,21243.0
2020-01-22 20:25:00,3320.25,3322.5,3319.5,3321.75,21362.0
2020-01-22 20:30:00,3321.75,3324.5,3321.0,3323.75,21302.0
2020-01-22 20:35:00,3323.75,3325.75,3323.0,3324.5,16788.0
2020-01-22 20:40:00,3324.5,3324.75,3321.75,3322.25,18759.0
2020-01-22 20:45:00,3322.25,3325.0,3320.75,3325.0,19069.0
2020-01-22 20:50:00,3324.75,3325.0,3322.25,3324.5,25153.0
2020-01-22 20:55:00,3324.5,3325.25,3322.25,3322.75,43998.0
2020-01-22 21:00:00,3322.75,3323.0,3320.25,3321.25,81466.0
2020-01-22 21:05:00,3321.5,3321.75,3320.0,3320.5,13605.0
2020-01-22 21:10:00,3320.5,3321.0,3320.0,3320.25,6942.0
2020-01-22 21:15:00,3320.5,3320.5,3319.5,3320.0,5841.0
2020-01-22 21:30:00,3320.0,3320.75,3319.75,3320.25,2828.0
2020-01-22 21:35:00,3320.0,3320.5,3318.75,3319.25,1594.0
2020-01-22 21:40:00,3319.25,3319.5,3315.25,3316.75,4517.0
2020-01-22 21:45:00,3316.75,3317.5,3316.5,3317.0,1894.0
2020-01-22 21:50:00,3317.25,3317.5,3316.75,3317.25,1390.0
2020-01-22 21:55:00,3317.25,3317.5,3317.0,3317.25,1369.0
2020-01-22 22:00:00,3317.25,3317.5,3317.0,3317.25,783.0
2020-01-22 23:00:00,3317.25,3317.75,3316.0,3317.75,2908.0
2020-01-22 23:05:00,3317.75,3319.0,3317.75,3318.75,1694.0
2020-01-22 23:10:00,3318.75,3319.5,3318.25,3318.5,948.0
2020-01-22 23:15:00,3318.75,3319.0,3318.5,3318.5,334.0
2020-01-22 23:20:00,3318.5,3319.0,3318.5,3318.5,2348.0
2020-01-22 23:25:00,3318.5,3318.75,3318.0,3318.0,385.0
2020-01-22 23:30:00,3318.0,3318.5,3313.75,3314.75,3534.0
2020-01-22 23:35:00,3314.75,3316.75,3314.25,3316.5,2073.0
2020-01-22 23:40:00,3316.5,3317.75,3315.75,3315.75,1429.0
2020-01-22 23:45:00,3316.0,3317.0,3315.75,3316.25,1442.0
2020-01-22 23:50:00,3316.25,3316.5,3314.75,3315.25,1823.0
2020-01-22 23:55:00,3315.25,3315.25,3314.25,3314.75,1079.0
2020-01-23 00:00:00,3314.75,3317.5,3314.25,3317.0,2790.0
2020-01-23 00:05:00,3317.0,3318.5,3316.5,3317.0,2059.0
2020-01-23 00:10:00,3317.0,3317.5,3315.0,3315.5,1699.0
2020-01-23 00:15:00,3315.75,3316.0,3314.0,3314.5,2217.0
2020-01-23 00:20:00,3314.75,3316.0,3314.5,3315.0,1685.0
2020-01-23 00:25:00,3315.0,3315.25,3313.75,3313.75,1074.0
2020-01-23 00:30:00,3313.75,3316.5,3313.0,3316.0,3600.0
2020-01-23 00:35:00,3316.25,3318.25,3316.0,3317.75,1662.0
2020-01-23 00:40:00,3317.75,3318.0,3316.25,3317.5,1497.0
2020-01-23 00:45:00,3317.5,3318.25,3316.75,3318.0,993.0
2020-01-23 00:50:00,3318.0,3318.75,3317.0,3317.0,1446.0
2020-01-23 00:55:00,3317.0,3318.0,3316.75,3317.75,1995.0
2020-01-23 01:00:00,3317.75,3318.5,3315.5,3317.0,2144.0
2020-01-23 01:05:00,3317.0,3317.25,3316.25,3317.25,1381.0
2020-01-23 01:10:00,3317.25,3318.0,3316.5,3317.75,789.0
2020-01-23 01:15:00,3317.75,3319.0,3316.5,3319.0,1429.0
2020-01-23 01:20:00,3319.0,3319.25,3318.25,3318.5,2491.0
2020-01-23 01:25:00,3318.5,3319.75,3318.5,3319.0,1429.0
2020-01-23 01:30:00,3319.25,3319.75,3318.0,3318.75,1301.0
2020-01-23 01:35:00,3318.75,3319.5,3318.5,3319.0,626.0
2020-01-23 01:40:00,3319.25,3319.5,3318.0,3318.25,2129.0
2020-01-23 01:45:00,3318.25,3319.5,3317.5,3319.5,984.0
2020-01-23 01:50:00,3319.5,3320.5,3319.25,3319.25,1424.0
2020-01-23 01:55:00,3319.25,3319.75,3318.75,3319.5,809.0
2020-01-23 02:00:00,3319.5,3321.0,3319.5,3321.0,1148.0
2020-01-23 02:05:00,3321.0,3321.25,3320.5,3321.0,1252.0
2020-01-23 02:10:00,3321.0,3321.25,3320.25,3320.25,780.0
2020-01-23 02:15:00,3320.25,3320.5,3319.25,3320.5,1586.0
2020-01-23 02:20:00,3320.5,3320.5,3319.75,3320.0,429.0
2020-01-23 02:25:00,3320.0,3320.5,3320.0,3320.25,299.0
2020-01-23 02:30:00,3320.5,3320.5,3319.75,3320.0,538.0
2020-01-23 02:35:00,3320.25,3320.5,3320.25,3320.5,331.0
2020-01-23 02:40:00,3320.5,3320.5,3318.75,3318.75,829.0
2020-01-23 02:45:00,3318.75,3319.0,3317.75,3318.75,950.0
2020-01-23 02:50:00,3318.5,3319.75,3318.25,3319.25,871.0
2020-01-23 02:55:00,3319.0,3319.75,3319.0,3319.0,312.0
2020-01-23 03:00:00,3319.0,3319.25,3318.75,3319.25,294.0
2020-01-23 03:05:00,3319.5,3320.0,3319.5,3319.5,365.0
2020-01-23 03:10:00,3319.75,3319.75,3319.0,3319.0,195.0
2020-01-23 03:15:00,3319.0,3319.0,3317.25,3317.5,1070.0
2020-01-23 03:20:00,3317.25,3317.75,3317.0,3317.5,688.0
2020-01-23 03:25:00,3317.25,3318.5,3317.25,3317.5,1463.0
2020-01-23 03:30:00,3317.5,3318.0,3317.25,3317.75,653.0
2020-01-23 03:35:00,3317.75,3317.75,3317.0,3317.25,583.0
2020-01-23 03:40:00,3317.25,3317.5,3315.5,3316.0,1773.0
2020-01-23 03:45:00,3316.0,3317.0,3315.5,3317.0,1090.0
2020-01-23 03:50:00,3316.75,3317.0,3315.75,3316.0,705.0
2020-01-23 03:55:00,3316.0,3316.25,3314.25,3314.5,1844.0
2020-01-23 04:00:00,3314.25,3315.0,3314.0,3314.5,977.0
2020-01-23 04:05:00,3314.25,3315.5,3314.25,3315.25,710.0
2020-01-23 04:10:00,3315.5,3315.5,3315.0,3315.5,729.0
2020-01-23 04:15:00,3315.5,3315.75,3315.25,3315.75,468.0
2020-01-23 04:20:00,3315.5,3316.75,3315.25,3316.25,1153.0
2020-01-23 04:25:00,3316.5,3318.0,3316.25,3317.5,1312.0
2020-01-23 04:30:00,3317.75,3317.75,3316.75,3317.0,684.0
2020-01-23 04:35:00,3317.0,3317.25,3316.5,3317.25,401.0
2020-01-23 04:40:00,3317.0,3318.0,3317.0,3317.75,410.0
2020-01-23 04:45:00,3317.75,3317.75,3317.0,3317.0,239.0
2020-01-23 04:50:00,3317.0,3317.25,3316.5,3316.75,422.0
2020-01-23 04:55:00,3316.75,3317.0,3316.25,3316.25,362.0
2020-01-23 05:00:00,3316.25,3316.5,3315.0,3315.0,497.0
2020-01-23 05:05:00,3315.0,3315.75,3314.75,3314.75,734.0
2020-01-23 05:10:00,3314.5,3314.75,3313.5,3313.75,1590.0
2020-01-23 05:15:00,3313.75,3314.5,3313.5,3314.0,1233.0
2020-01-23 05:20:00,3314.0,3314.75,3313.5,3313.75,513.0
2020-01-23 05:25:00,3313.75,3314.5,3312.25,3314.0,2960.0
2020-01-23 05:30:00,3314.0,3314.5,3312.5,3312.75,1131.0
2020-01-23 05:35:00,3313.0,3314.0,3312.5,3313.0,793.0
2020-01-23 05:40:00,3313.0,3313.75,3312.25,3313.0,869.0
2020-01-23 05:45:00,3313.0,3315.0,3312.75,3314.75,1860.0
2020-01-23 05:50:00,3314.5,3315.0,3314.0,3314.25,868.0
2020-01-23 05:55:00,3314.25,3314.5,3313.0,3313.25,931.0
2020-01-23 06:00:00,3313.0,3313.75,3312.75,3313.75,1680.0
2020-01-23 06:05:00,3313.75,3314.25,3313.0,3314.25,744.0
2020-01-23 06:10:00,3314.0,3314.75,3313.5,3314.5,634.0
2020-01-23 06:15:00,3314.5,3314.5,3313.0,3313.25,601.0
2020-01-23 06:20:00,3313.25,3314.0,3313.25,3313.5,471.0
2020-01-23 06:25:00,3313.5,3314.5,3313.5,3313.5,590.0
2020-01-23 06:30:00,3313.5,3313.75,3312.5,3312.75,863.0
2020-01-23 06:35:00,3312.75,3313.25,3312.5,3312.75,386.0
2020-01-23 06:40:00,3312.5,3313.75,3312.0,3313.5,754.0
2020-01-23 06:45:00,3313.5,3314.5,3313.5,3314.5,412.0
2020-01-23 06:50:00,3314.25,3314.5,3313.5,3313.5,251.0
2020-01-23 06:55:00,3313.5,3313.75,3313.0,3313.25,279.0
2020-01-23 07:00:00,3313.25,3314.5,3313.25,3314.0,740.0
2020-01-23 07:05:00,3313.75,3316.0,3313.75,3315.75,1583.0
2020-01-23 07:10:00,3315.75,3317.5,3315.5,3316.5,1517.0
2020-01-23 07:15:00,3316.5,3316.5,3315.25,3316.0,1085.0
2020-01-23 07:20:00,3316.0,3317.0,3315.75,3317.0,800.0
2020-01-23 07:25:00,3317.0,3317.25,3315.25,3316.0,1071.0
2020-01-23 07:30:00,3316.0,3319.0,3316.0,3317.5,2573.0
2020-01-23 07:35:00,3317.75,3318.25,3317.5,3318.0,605.0
2020-01-23 07:40:00,3317.75,3319.75,3317.75,3319.0,1390.0
2020-01-23 07:45:00,3319.25,3320.0,3318.5,3318.75,1619.0
2020-01-23 07:50:00,3318.5,3318.5,3317.75,3318.0,1665.0
2020-01-23 07:55:00,3318.25,3320.75,3318.25,3319.5,3026.0
2020-01-23 08:00:00,3319.5,3320.25,3318.0,3318.25,3252.0
2020-01-23 08:05:00,3318.5,3319.5,3317.25,3318.0,1943.0
2020-01-23 08:10:00,3317.75,3318.5,3317.0,3318.0,1794.0
2020-01-23 08:15:00,3318.0,3319.0,3317.75,3318.75,1648.0
2020-01-23 08:20:00,3318.75,3319.75,3318.25,3319.0,1606.0
2020-01-23 08:25:00,3319.0,3319.25,3317.75,3317.75,1521.0
2020-01-23 08:30:00,3317.75,3319.5,3317.25,3317.5,2826.0
2020-01-23 08:35:00,3317.5,3318.75,3317.25,3317.5,1338.0
2020-01-23 08:40:00,3317.5,3317.75,3316.75,3317.0,1823.0
2020-01-23 08:45:00,3317.0,3318.5,3317.0,3318.5,1562.0
2020-01-23 08:50:00,3318.5,3319.25,3316.75,3317.0,1804.0
2020-01-23 08:55:00,3316.75,3316.75,3315.75,3316.25,3196.0
2020-01-23 09:00:00,3316.0,3318.75,3316.0,3318.25,1671.0
2020-01-23 09:05:00,3318.25,3318.5,3317.25,3317.5,1949.0
2020-01-23 09:10:00,3317.5,3318.5,3316.75,3317.0,2688.0
2020-01-23 09:15:00,3317.0,3318.25,3316.75,3318.25,1158.0
2020-01-23 09:20:00,3318.25,3318.5,3317.5,3318.5,1486.0
2020-01-23 09:25:00,3318.5,3318.5,3318.0,3318.25,903.0
2020-01-23 09:30:00,3318.25,3319.0,3317.75,3318.75,999.0
2020-01-23 09:35:00,3318.75,3319.0,3318.25,3318.5,930.0
2020-01-23 09:40:00,3318.5,3318.75,3317.25,3318.0,940.0
2020-01-23 09:45:00,3317.75,3318.25,3317.5,3317.75,946.0
2020-01-23 09:50:00,3318.0,3319.5,3318.0,3319.0,921.0
2020-01-23 09:55:00,3319.0,3319.0,3318.25,3318.5,693.0
2020-01-23 10:00:00,3318.75,3318.75,3317.5,3317.75,1538.0
2020-01-23 10:05:00,3318.0,3318.5,3317.75,3318.0,845.0
2020-01-23 10:10:00,3318.25,3318.75,3318.25,3318.75,517.0
2020-01-23 10:15:00,3318.75,3319.5,3318.5,3319.5,777.0
2020-01-23 10:20:00,3319.5,3319.75,3319.25,3319.25,805.0
2020-01-23 10:25:00,3319.25,3320.75,3319.25,3320.5,1232.0
2020-01-23 10:30:00,3320.5,3320.75,3320.0,3320.25,1588.0
2020-01-23 10:35:00,3320.25,3320.5,3320.0,3320.5,1168.0
2020-01-23 10:40:00,3320.5,3320.75,3320.0,3320.5,896.0
2020-01-23 10:45:00,3320.25,3320.5,3319.75,3320.0,559.0
2020-01-23 10:50:00,3319.75,3320.25,3319.25,3319.75,817.0
2020-01-23 10:55:00,3319.75,3320.5,3319.5,3320.5,718.0
2020-01-23 11:00:00,3320.75,3321.25,3320.0,3321.0,1149.0
2020-01-23 11:05:00,3321.25,3321.25,3320.0,3320.25,892.0
2020-01-23 11:10:00,3320.25,3320.25,3319.25,3319.75,864.0
2020-01-23 11:15:00,3319.5,3319.75,3318.75,3319.5,1215.0
2020-01-23 11:20:00,3319.25,3319.5,3318.75,3319.0,947.0
2020-01-23 11:25:00,3318.75,3319.75,3318.75,3319.5,564.0
2020-01-23 11:30:00,3319.25,3319.5,3319.0,3319.5,472.0
2020-01-23 11:35:00,3319.5,3319.75,3319.25,3319.5,431.0
2020-01-23 11:40:00,3319.25,3319.5,3318.75,3319.0,425.0
2020-01-23 11:45:00,3319.0,3319.25,3318.5,3319.0,1030.0
2020-01-23 11:50:00,3319.0,3320.0,3318.5,3319.75,1019.0
2020-01-23 11:55:00,3319.75,3320.75,3319.75,3319.75,1292.0
2020-01-23 12:00:00,3319.75,3321.0,3319.5,3320.5,2420.0
2020-01-23 12:05:00,3320.25,3321.0,3320.25,3320.25,1555.0
2020-01-23 12:10:00,3320.25,3320.5,3319.0,3319.25,1108.0
2020-01-23 12:15:00,3319.0,3319.5,3318.75,3319.25,1397.0
2020-01-23 12:20:00,3319.25,3319.75,3319.0,3319.5,1375.0
2020-01-23 12:25:00,3319.5,3319.5,3317.25,3318.0,1840.0
2020-01-23 12:30:00,3318.25,3318.25,3314.5,3314.75,4541.0
2020-01-23 12:35:00,3314.75,3316.0,3314.75,3315.75,1761.0
2020-01-23 12:40:00,3315.75,3316.0,3314.75,3315.5,1293.0
2020-01-23 12:45:00,3315.5,3316.75,3315.25,3316.5,1935.0
2020-01-23 12:50:00,3316.5,3316.75,3315.0,3315.25,1902.0
2020-01-23 12:55:00,3315.25,3315.5,3314.5,3315.5,2281.0
2020-01-23 13:00:00,3315.5,3317.0,3315.25,3315.75,2049.0
2020-01-23 13:05:00,3315.5,3316.0,3314.25,3315.75,3166.0
2020-01-23 13:10:00,3315.5,3316.0,3313.0,3313.5,3090.0
2020-01-23 13:15:00,3313.25,3314.5,3313.0,3314.0,3083.0
2020-01-23 13:20:00,3314.0,3314.25,3313.25,3313.75,1929.0
2020-01-23 13:25:00,3313.5,3314.75,3313.5,3314.5,1505.0
2020-01-23 13:30:00,3314.5,3315.25,3314.0,3315.25,2935.0
2020-01-23 13:35:00,3315.25,3317.75,3314.75,3315.25,5567.0
2020-01-23 13:40:00,3315.0,3315.75,3314.25,3315.25,3084.0
2020-01-23 13:45:00,3315.25,3316.5,3314.5,3316.25,3267.0
2020-01-23 13:50:00,3316.25,3316.5,3315.0,3315.25,2867.0
2020-01-23 13:55:00,3315.0,3315.5,3313.0,3313.0,3306.0
2020-01-23 14:00:00,3313.0,3315.25,3313.0,3314.75,3491.0
2020-01-23 14:05:00,3314.75,3315.5,3314.0,3315.0,1929.0
2020-01-23 14:10:00,3315.0,3315.25,3311.5,3312.5,4677.0
2020-01-23 14:15:00,3312.75,3312.75,3310.5,3312.25,7521.0
2020-01-23 14:20:00,3312.5,3313.5,3312.0,3313.25,5006.0
2020-01-23 14:25:00,3313.0,3313.75,3312.75,3313.0,5096.0
2020-01-23 14:30:00,3313.0,3315.75,3304.5,3307.0,70034.0
2020-01-23 14:35:00,3307.0,3307.75,3301.25,3304.25,64211.0
2020-01-23 14:40:00,3304.25,3307.5,3302.5,3304.0,51906.0
2020-01-23 14:45:00,3304.0,3306.75,3302.25,3306.25,31662.0
2020-01-23 14:50:00,3306.25,3307.5,3303.25,3304.0,30301.0
2020-01-23 14:55:00,3304.25,3309.0,3303.75,3309.0,26208.0
2020-01-23 15:00:00,3309.0,3310.25,3308.25,3308.25,25936.0
2020-01-23 15:05:00,3308.25,3312.75,3307.75,3311.5,34347.0
2020-01-23 15:10:00,3311.5,3312.75,3310.75,3312.25,23912.0
2020-01-23 15:15:00,3312.5,3313.25,3311.0,3311.5,19357.0
2020-01-23 15:20:00,3311.75,3313.0,3309.5,3310.25,22358.0
2020-01-23 15:25:00,3310.25,3312.25,3310.0,3311.5,15901.0
2020-01-23 15:30:00,3311.5,3314.75,3311.5,3314.25,28053.0
2020-01-23 15:35:00,3314.25,3315.0,3313.0,3314.0,14999.0
2020-01-23 15:40:00,3314.25,3315.25,3313.0,3313.75,15518.0
2020-01-23 15:45:00,3314.0,3314.25,3309.75,3310.0,15851.0
2020-01-23 15:50:00,3310.0,3312.25,3309.75,3311.25,13126.0
2020-01-23 15:55:00,3311.25,3311.5,3308.75,3309.25,9541.0
2020-01-23 16:00:00,3309.0,3311.0,3307.0,3308.5,21908.0
2020-01-23 16:05:00,3308.5,3309.0,3307.0,3307.5,12263.0
2020-01-23 16:10:00,3307.5,3307.5,3305.0,3305.75,17064.0
2020-01-23 16:15:00,3305.75,3308.0,3305.5,3306.25,18354.0
2020-01-23 16:20:00,3306.5,3307.25,3305.25,3305.75,13279.0
2020-01-23 16:25:00,3305.75,3306.0,3303.0,3303.75,19172.0
2020-01-23 16:30:00,3303.5,3306.0,3303.25,3305.25,15872.0
2020-01-23 16:35:00,3305.25,3308.75,3305.0,3308.5,14827.0
2020-01-23 16:40:00,3308.75,3309.5,3307.0,3307.0,14814.0
2020-01-23 16:45:00,3307.25,3307.75,3305.5,3305.75,11587.0
2020-01-23 16:50:00,3305.75,3306.5,3304.25,3305.75,14232.0
2020-01-23 16:55:00,3306.0,3308.5,3305.75,3307.25,15465.0
2020-01-23 17:00:00,3307.25,3309.0,3307.0,3307.25,15294.0
2020-01-23 17:05:00,3307.25,3311.25,3307.25,3311.25,19051.0
2020-01-23 17:10:00,3311.0,3312.25,3310.25,3312.0,15716.0
2020-01-23 17:15:00,3312.0,3313.25,3311.5,3312.25,14948.0
2020-01-23 17:20:00,3312.25,3313.25,3311.25,3313.0,15623.0
2020-01-23 17:25:00,3312.75,3313.25,3312.0,3312.75,6709.0
2020-01-23 17:30:00,3312.75,3313.75,3312.5,3313.0,7260.0
2020-01-23 17:35:00,3312.75,3313.0,3310.5,3311.0,15327.0
2020-01-23 17:40:00,3310.75,3311.5,3310.0,3311.0,11393.0
2020-01-23 17:45:00,3310.75,3312.0,3310.75,3312.0,5406.0
2020-01-23 17:50:00,3311.75,3313.0,3311.25,3312.5,5985.0
2020-01-23 17:55:00,3312.25,3312.5,3309.75,3309.75,11678.0
2020-01-23 18:00:00,3309.75,3310.75,3309.0,3310.25,7579.0
2020-01-23 18:05:00,3310.25,3310.75,3309.5,3309.5,7261.0
2020-01-23 18:10:00,3309.5,3311.0,3309.5,3310.5,4973.0
2020-01-23 18:15:00,3310.5,3311.0,3309.75,3310.5,5056.0
2020-01-23 18:20:00,3310.5,3314.75,3310.5,3314.75,13354.0
2020-01-23 18:25:00,3314.75,3317.0,3314.25,3314.25,28713.0
2020-01-23 18:30:00,3314.25,3314.75,3313.0,3314.25,10662.0
2020-01-23 18:35:00,3314.0,3314.75,3313.75,3314.0,12601.0
2020-01-23 18:40:00,3314.0,3316.25,3314.0,3316.25,13165.0
2020-01-23 18:45:00,3316.25,3318.25,3316.0,3317.5,16981.0
2020-01-23 18:50:00,3317.25,3319.25,3317.25,3318.25,12147.0
2020-01-23 18:55:00,3318.5,3319.0,3317.75,3318.25,12743.0
2020-01-23 19:00:00,3318.0,3321.5,3318.0,3320.0,19342.0
2020-01-23 19:05:00,3320.0,3320.25,3318.5,3320.0,12979.0
2020-01-23 19:10:00,3320.25,3321.5,3319.5,3320.0,10773.0
2020-01-23 19:15:00,3320.0,3322.75,3320.0,3322.0,11647.0
2020-01-23 19:20:00,3322.25,3323.5,3322.0,3322.75,12131.0
2020-01-23 19:25:00,3322.5,3323.5,3321.25,3322.0,13877.0
2020-01-23 19:30:00,3321.75,3323.75,3321.75,3323.25,12127.0
2020-01-23 19:35:00,3323.25,3323.5,3322.25,3323.25,10280.0
2020-01-23 19:40:00,3323.0,3323.25,3321.75,3322.0,8820.0
2020-01-23 19:45:00,3322.0,3322.75,3321.25,3321.25,3892.0
2020-01-23 19:50:00,3321.25,3323.0,3321.0,3322.5,12148.0
2020-01-23 19:55:00,3322.5,3323.5,3321.75,3323.0,7008.0
2020-01-23 20:00:00,3323.0,3324.75,3323.0,3324.0,8266.0
2020-01-23 20:05:00,3324.25,3324.5,3321.5,3324.0,12274.0
2020-01-23 20:10:00,3323.75,3324.0,3322.0,3323.25,8423.0
2020-01-23 20:15:00,3323.0,3323.75,3322.0,3322.5,9179.0
2020-01-23 20:20:00,3322.5,3324.25,3322.0,3324.25,5661.0
2020-01-23 20:25:00,3324.25,3324.25,3321.5,3324.0,13243.0
2020-01-23 20:30:00,3324.0,3326.5,3323.5,3325.5,20628.0
2020-01-23 20:35:00,3325.25,3325.75,3324.0,3324.0,5636.0
2020-01-23 20:40:00,3324.25,3324.75,3322.25,3323.5,14102.0
2020-01-23 20:45:00,3323.5,3326.0,3323.25,3325.5,14430.0
2020-01-23 20:50:00,3325.5,3325.75,3322.0,3324.75,26375.0
2020-01-23 20:55:00,3325.0,3326.0,3324.0,3325.0,22934.0
2020-01-23 21:00:00,3324.75,3327.0,3324.5,3325.25,72087.0
2020-01-23 21:05:00,3325.25,3327.0,3324.75,3326.25,10831.0
2020-01-23 21:10:00,3326.5,3326.75,3326.0,3326.75,4717.0
2020-01-23 21:15:00,3326.75,3327.0,3325.5,3326.0,4131.0
2020-01-23 21:30:00,3325.75,3326.25,3325.5,3325.5,1886.0
2020-01-23 21:35:00,3325.5,3325.5,3325.25,3325.25,884.0
2020-01-23 21:40:00,3325.25,3325.5,3325.0,3325.25,878.0
2020-01-23 21:45:00,3325.5,3325.75,3325.0,3325.5,1230.0
2020-01-23 21:50:00,3325.5,3326.75,3325.25,3326.75,1293.0
2020-01-23 21:55:00,3326.5,3326.75,3326.0,3326.25,1013.0
2020-01-23 22:00:00,3326.25,3326.5,3326.0,3326.0,327.0
2020-01-23 23:00:00,3326.5,3332.0,3325.75,3330.25,5785.0
2020-01-23 23:05:00,3330.25,3331.5,3328.75,3329.25,2175.0
2020-01-23 23:10:00,3329.25,3329.25,3327.75,3327.75,1117.0
2020-01-23 23:15:00,3328.0,3329.0,3327.75,3328.5,818.0
2020-01-23 23:20:00,3328.5,3328.75,3328.0,3328.0,384.0
2020-01-23 23:25:00,3328.0,3328.0,3327.25,3327.5,500.0
2020-01-23 23:30:00,3327.75,3329.25,3327.5,3329.25,789.0
2020-01-23 23:35:00,3329.25,3329.5,3328.0,3328.25,1038.0
2020-01-23 23:40:00,3328.5,3329.0,3327.75,3328.0,700.0
2020-01-23 23:45:00,3328.0,3328.75,3327.75,3328.5,535.0
2020-01-23 23:50:00,3328.5,3329.25,3328.25,3329.0,505.0
2020-01-23 23:55:00,3329.25,3330.25,3329.0,3330.25,743.0
2020-01-24 00:00:00,3330.25,3330.75,3328.75,3329.25,2306.0
2020-01-24 00:05:00,3329.25,3329.75,3329.0,3329.75,488.0
2020-01-24 00:10:00,3329.75,3330.0,3329.25,3330.0,600.0
2020-01-24 00:15:00,3330.0,3330.25,3329.75,3330.0,833.0
2020-01-24 00:20:00,3329.75,3329.75,3328.25,3328.5,848.0
2020-01-24 00:25:00,3328.25,3328.75,3328.0,3328.5,599.0
2020-01-24 00:30:00,3328.5,3330.0,3328.25,3329.5,1164.0
2020-01-24 00:35:00,3329.75,3329.75,3329.0,3329.0,320.0
2020-01-24 00:40:00,3329.25,3329.25,3327.5,3328.0,804.0
2020-01-24 00:45:00,3327.75,3328.0,3327.25,3327.5,692.0
2020-01-24 00:50:00,3327.5,3327.5,3327.0,3327.5,1187.0
2020-01-24 00:55:00,3327.75,3328.25,3327.5,3327.75,902.0
2020-01-24 01:00:00,3327.75,3327.75,3327.25,3327.5,441.0
2020-01-24 01:05:00,3327.25,3327.5,3326.75,3326.75,348.0
2020-01-24 01:10:00,3326.75,3326.75,3326.25,3326.75,551.0
2020-01-24 01:15:00,3326.75,3328.75,3326.5,3328.75,1509.0
2020-01-24 01:20:00,3328.5,3329.25,3328.25,3328.75,893.0
2020-01-24 01:25:00,3328.5,3328.75,3328.25,3328.5,628.0
2020-01-24 01:30:00,3328.75,3329.25,3328.0,3328.25,1016.0
2020-01-24 01:35:00,3328.5,3328.5,3327.25,3327.25,529.0
2020-01-24 01:40:00,3327.25,3327.75,3326.75,3327.0,451.0
2020-01-24 01:45:00,3326.75,3327.0,3325.0,3325.0,1116.0
2020-01-24 01:50:00,3325.25,3326.75,3325.0,3326.75,1725.0
2020-01-24 01:55:00,3326.75,3327.5,3326.75,3327.25,663.0
2020-01-24 02:00:00,3327.25,3327.25,3326.5,3326.5,446.0
2020-01-24 02:05:00,3326.5,3327.5,3326.5,3327.0,281.0
2020-01-24 02:10:00,3327.25,3327.75,3327.25,3327.5,414.0
2020-01-24 02:15:00,3327.25,3327.5,3326.75,3327.5,422.0
2020-01-24 02:20:00,3327.25,3328.25,3327.25,3328.0,522.0
2020-01-24 02:25:00,3328.25,3328.25,3327.5,3327.5,315.0
2020-01-24 02:30:00,3327.5,3327.75,3326.25,3326.5,437.0
2020-01-24 02:35:00,3326.25,3327.0,3326.0,3326.75,398.0
2020-01-24 02:40:00,3327.0,3327.5,3326.75,3327.25,281.0
2020-01-24 02:45:00,3327.5,3327.5,3327.0,3327.0,280.0
2020-01-24 02:50:00,3327.25,3328.25,3327.0,3328.0,692.0
2020-01-24 02:55:00,3328.25,3328.25,3327.75,3327.75,564.0
2020-01-24 03:00:00,3328.0,3328.25,3327.5,3328.0,340.0
2020-01-24 03:05:00,3328.0,3328.5,3328.0,3328.0,408.0
2020-01-24 03:10:00,3328.0,3328.25,3327.5,3328.25,367.0
2020-01-24 03:15:00,3328.0,3328.25,3327.75,3327.75,195.0
2020-01-24 03:20:00,3328.0,3328.0,3327.5,3328.0,249.0
2020-01-24 03:25:00,3327.75,3328.0,3327.75,3328.0,97.0
2020-01-24 03:30:00,3328.0,3328.25,3327.75,3327.75,368.0
2020-01-24 03:35:00,3327.75,3328.0,3327.25,3327.5,463.0
2020-01-24 03:40:00,3327.75,3328.25,3327.5,3328.0,385.0
2020-01-24 03:45:00,3328.0,3328.0,3327.25,3327.25,146.0
2020-01-24 03:50:00,3327.5,3327.75,3327.25,3327.5,235.0
2020-01-24 03:55:00,3327.5,3328.25,3327.5,3328.0,307.0
2020-01-24 04:00:00,3327.75,3328.25,3327.75,3328.0,144.0
2020-01-24 04:05:00,3327.75,3328.25,3327.75,3328.0,200.0
2020-01-24 04:10:00,3328.25,3328.5,3328.0,3328.5,281.0
2020-01-24 04:15:00,3328.25,3329.25,3328.25,3329.25,735.0
2020-01-24 04:20:00,3329.0,3329.5,3328.75,3329.0,364.0
2020-01-24 04:25:00,3329.0,3329.25,3329.0,3329.0,197.0
2020-01-24 04:30:00,3329.0,3330.25,3329.0,3330.0,704.0
2020-01-24 04:35:00,3330.0,3330.25,3329.5,3329.75,311.0
2020-01-24 04:40:00,3329.5,3330.5,3329.5,3330.5,352.0
2020-01-24 04:45:00,3330.25,3330.5,3329.75,3329.75,290.0
2020-01-24 04:50:00,3329.75,3330.0,3329.75,3330.0,105.0
2020-01-24 04:55:00,3330.0,3330.0,3329.5,3329.75,300.0
2020-01-24 05:00:00,3330.0,3330.0,3329.75,3329.75,84.0
2020-01-24 05:05:00,3329.75,3330.0,3329.5,3329.5,237.0
2020-01-24 05:10:00,3329.5,3329.5,3329.0,3329.5,592.0
2020-01-24 05:15:00,3329.5,3329.75,3329.25,3329.25,265.0
2020-01-24 05:20:00,3329.5,3329.75,3329.0,3329.25,190.0
2020-01-24 05:25:00,3329.0,3329.5,3329.0,3329.5,169.0
2020-01-24 05:30:00,3329.5,3330.0,3329.5,3329.5,308.0
2020-01-24 05:35:00,3329.5,3329.5,3329.0,3329.0,126.0
2020-01-24 05:40:00,3329.25,3329.5,3329.0,3329.25,158.0
2020-01-24 05:45:00,3329.0,3329.0,3328.75,3328.75,227.0
2020-01-24 05:50:00,3328.75,3329.25,3328.75,3329.25,333.0
2020-01-24 05:55:00,3329.0,3329.75,3329.0,3329.75,218.0
2020-01-24 06:00:00,3329.75,3330.25,3329.25,3329.75,657.0
2020-01-24 06:05:00,3329.75,3329.75,3329.5,3329.5,111.0
2020-01-24 06:10:00,3329.5,3329.5,3329.0,3329.25,273.0
2020-01-24 06:15:00,3329.5,3329.75,3329.25,3329.75,194.0
2020-01-24 06:20:00,3329.5,3330.0,3329.5,3329.75,86.0
2020-01-24 06:25:00,3329.5,3329.75,3329.5,3329.75,77.0
2020-01-24 06:30:00,3329.75,3330.25,3329.75,3330.25,147.0
2020-01-24 06:35:00,3330.25,3330.25,3329.75,3329.75,143.0
2020-01-24 06:40:00,3329.75,3329.75,3329.25,3329.75,228.0
2020-01-24 06:45:00,3329.75,3330.0,3329.5,3329.75,76.0
2020-01-24 06:50:00,3329.75,3329.75,3329.5,3329.75,74.0
2020-01-24 06:55:00,3329.75,3329.75,3329.25,3329.25,119.0
2020-01-24 07:00:00,3329.5,3329.5,3328.25,3328.5,842.0
2020-01-24 07:05:00,3328.5,3329.0,3327.5,3327.75,768.0
2020-01-24 07:10:00,3327.5,3328.25,3327.25,3328.25,876.0
2020-01-24 07:15:00,3328.0,3328.25,3327.75,3327.75,400.0
2020-01-24 07:20:00,3327.75,3328.25,3327.25,3328.0,1010.0
2020-01-24 07:25:00,3327.75,3328.0,3327.5,3327.5,385.0
2020-01-24 07:30:00,3327.25,3328.25,3327.25,3328.25,576.0
2020-01-24 07:35:00,3328.25,3328.75,3328.25,3328.75,514.0
2020-01-24 07:40:00,3328.5,3329.0,3328.5,3328.5,510.0
2020-01-24 07:45:00,3328.75,3329.0,3328.5,3329.0,587.0
2020-01-24 07:50:00,3328.75,3328.75,3328.25,3328.25,683.0
2020-01-24 07:55:00,3328.25,3328.75,3328.0,3328.5,698.0
2020-01-24 08:00:00,3328.75,3331.25,3327.75,3331.0,4958.0
2020-01-24 08:05:00,3331.25,3333.5,3330.75,3332.0,6219.0
2020-01-24 08:10:00,3331.75,3333.25,3331.75,3332.5,2496.0
2020-01-24 08:15:00,3332.25,3333.0,3332.25,3332.25,2179.0
2020-01-24 08:20:00,3332.5,3332.75,3332.25,3332.5,1187.0
2020-01-24 08:25:00,3332.5,3333.0,3332.25,3333.0,1107.0
2020-01-24 08:30:00,3332.75,3335.0,3332.5,3334.5,6876.0
2020-01-24 08:35:00,3334.75,3336.75,3334.0,3335.75,4577.0
2020-01-24 08:40:00,3336.0,3336.5,3335.75,3336.25,2586.0
2020-01-24 08:45:00,3336.0,3336.5,3336.0,3336.25,2052.0
2020-01-24 08:50:00,3336.0,3337.0,3335.75,3336.25,1807.0
2020-01-24 08:55:00,3336.25,3336.5,3335.0,3335.5,1606.0
2020-01-24 09:00:00,3335.5,3335.5,3334.25,3334.75,1982.0
2020-01-24 09:05:00,3334.75,3336.25,3334.5,3335.5,2218.0
2020-01-24 09:10:00,3335.5,3336.5,3335.25,3336.0,1673.0
2020-01-24 09:15:00,3336.0,3336.25,3335.0,3335.5,1583.0
2020-01-24 09:20:00,3335.5,3335.75,3335.25,3335.75,812.0
2020-01-24 09:25:00,3335.75,3335.75,3334.75,3334.75,1379.0
2020-01-24 09:30:00,3334.5,3335.25,3334.25,3335.0,1497.0
2020-01-24 09:35:00,3335.0,3335.25,3334.25,3335.0,2620.0
2020-01-24 09:40:00,3335.0,3335.25,3334.5,3334.5,886.0
2020-01-24 09:45:00,3334.5,3335.0,3334.0,3334.25,870.0
2020-01-24 09:50:00,3334.25,3334.25,3333.0,3333.25,1823.0
2020-01-24 09:55:00,3333.25,3333.5,3333.0,3333.5,1573.0
2020-01-24 10:00:00,3333.25,3333.25,3331.5,3332.0,2421.0
2020-01-24 10:05:00,3332.0,3333.25,3331.5,3332.75,1578.0
2020-01-24 10:10:00,3332.75,3333.0,3332.25,3332.75,607.0
2020-01-24 10:15:00,3332.75,3332.75,3332.5,3332.75,245.0
2020-01-24 10:20:00,3332.75,3334.5,3332.5,3333.75,1681.0
2020-01-24 10:25:00,3334.0,3334.0,3333.25,3333.25,790.0
2020-01-24 10:30:00,3333.5,3334.0,3332.75,3333.75,1484.0
2020-01-24 10:35:00,3333.75,3333.75,3332.0,3332.0,994.0
2020-01-24 10:40:00,3332.25,3333.5,3332.25,3333.5,823.0
2020-01-24 10:45:00,3333.5,3333.75,3332.25,3332.75,1196.0
2020-01-24 10:50:00,3332.5,3332.75,3331.75,3332.75,1122.0
2020-01-24 10:55:00,3332.75,3333.0,3331.25,3331.5,1898.0
2020-01-24 11:00:00,3331.5,3332.5,3331.5,3332.0,1324.0
2020-01-24 11:05:00,3332.0,3333.75,3332.0,3333.5,1255.0
2020-01-24 11:10:00,3333.25,3334.0,3333.0,3333.75,1107.0
2020-01-24 11:15:00,3333.5,3334.0,3333.0,3333.5,1093.0
2020-01-24 11:20:00,3333.5,3333.75,3332.5,3332.75,632.0
2020-01-24 11:25:00,3332.75,3333.0,3332.5,3333.0,463.0
2020-01-24 11:30:00,3333.0,3333.25,3333.0,3333.0,570.0
2020-01-24 11:35:00,3333.0,3333.5,3332.5,3332.75,1222.0
2020-01-24 11:40:00,3332.5,3333.75,3332.5,3333.25,707.0
2020-01-24 11:45:00,3333.5,3333.75,3333.25,3333.75,466.0
2020-01-24 11:50:00,3333.75,3334.0,3333.0,3333.75,1548.0
2020-01-24 11:55:00,3334.0,3334.75,3333.75,3334.25,1343.0
2020-01-24 12:00:00,3334.25,3335.25,3334.0,3334.75,1674.0
2020-01-24 12:05:00,3335.0,3335.0,3333.75,3333.75,897.0
2020-01-24 12:10:00,3333.75,3333.75,3332.5,3333.0,1693.0
2020-01-24 12:15:00,3333.25,3333.5,3332.25,3332.5,1606.0
2020-01-24 12:20:00,3332.25,3333.5,3332.25,3333.25,1345.0
2020-01-24 12:25:00,3333.25,3334.0,3331.5,3332.0,2942.0
2020-01-24 12:30:00,3332.25,3333.75,3332.0,3332.75,2707.0
2020-01-24 12:35:00,3332.5,3333.5,3332.5,3332.5,2016.0
2020-01-24 12:40:00,3332.5,3334.0,3332.5,3333.0,1743.0
2020-01-24 12:45:00,3333.0,3334.0,3333.0,3334.0,1461.0
2020-01-24 12:50:00,3334.0,3334.0,3332.75,3333.0,680.0
2020-01-24 12:55:00,3333.0,3333.75,3332.5,3333.5,1337.0
2020-01-24 13:00:00,3333.25,3334.0,3332.75,3333.5,1942.0
2020-01-24 13:05:00,3333.5,3334.25,3333.25,3333.25,1400.0
2020-01-24 13:10:00,3333.5,3334.0,3333.25,3333.75,797.0
2020-01-24 13:15:00,3334.0,3334.25,3333.25,3333.5,2241.0
2020-01-24 13:20:00,3333.75,3334.75,3333.75,3334.25,2451.0
2020-01-24 13:25:00,3334.25,3334.5,3333.0,3333.0,1650.0
2020-01-24 13:30:00,3333.25,3333.25,3332.5,3333.0,1244.0
2020-01-24 13:35:00,3333.0,3333.5,3332.0,3332.5,2035.0
2020-01-24 13:40:00,3332.5,3332.75,3331.75,3331.75,1946.0
2020-01-24 13:45:00,3331.75,3332.5,3331.5,3332.0,1064.0
2020-01-24 13:50:00,3332.0,3332.5,3331.75,3332.0,1203.0
2020-01-24 13:55:00,3332.0,3332.5,3331.5,3332.5,2448.0
2020-01-24 14:00:00,3332.5,3332.5,3331.5,3331.5,2114.0
2020-01-24 14:05:00,3331.25,3332.0,3330.75,3331.25,3338.0
2020-01-24 14:10:00,3331.5,3333.0,3331.25,3333.0,2872.0
2020-01-24 14:15:00,3333.0,3333.25,3332.25,3333.25,3651.0
2020-01-24 14:20:00,3333.25,3333.75,3332.25,3332.5,2282.0
2020-01-24 14:25:00,3332.5,3333.0,3332.0,3332.75,3646.0
2020-01-24 14:30:00,3332.75,3333.0,3329.0,3329.5,45593.0
2020-01-24 14:35:00,3329.5,3330.0,3327.0,3329.0,32036.0
2020-01-24 14:40:00,3328.75,3329.5,3327.25,3329.25,23569.0
2020-01-24 14:45:00,3329.25,3329.5,3325.25,3326.0,30133.0
2020-01-24 14:50:00,3326.0,3327.75,3326.0,3326.5,24534.0
2020-01-24 14:55:00,3326.75,3329.0,3324.75,3328.5,30142.0
2020-01-24 15:00:00,3328.75,3329.75,3325.25,3325.5,24930.0
2020-01-24 15:05:00,3325.5,3326.5,3324.25,3325.0,24374.0
2020-01-24 15:10:00,3324.75,3326.25,3323.75,3325.5,22795.0
2020-01-24 15:15:00,3325.5,3326.5,3322.25,3322.25,24176.0
2020-01-24 15:20:00,3322.25,3322.75,3320.25,3322.0,26005.0
2020-01-24 15:25:00,3322.25,3322.75,3318.75,3319.25,23399.0
2020-01-24 15:30:00,3319.25,3319.25,3316.25,3317.75,36729.0
2020-01-24 15:35:00,3317.75,3320.5,3317.0,3320.0,30095.0
2020-01-24 15:40:00,3320.0,3320.25,3317.25,3317.5,21145.0
2020-01-24 15:45:00,3317.5,3318.75,3315.5,3317.25,26410.0
2020-01-24 15:50:00,3317.5,3317.75,3315.75,3316.5,24487.0
2020-01-24 15:55:00,3316.5,3319.25,3316.25,3319.0,16379.0
2020-01-24 16:00:00,3319.0,3321.25,3317.75,3321.0,20260.0
2020-01-24 16:05:00,3321.0,3322.5,3321.0,3322.25,13132.0
2020-01-24 16:10:00,3322.25,3322.5,3321.5,3321.5,12599.0
2020-01-24 16:15:00,3321.5,3322.0,3313.25,3313.75,30341.0
2020-01-24 16:20:00,3313.75,3316.75,3312.75,3314.5,41776.0
2020-01-24 16:25:00,3314.75,3314.75,3310.75,3313.0,35593.0
2020-01-24 16:30:00,3313.0,3314.5,3310.25,3311.25,36417.0
2020-01-24 16:35:00,3311.0,3315.0,3310.75,3313.75,31116.0
2020-01-24 16:40:00,3313.75,3314.0,3307.25,3309.5,40074.0
2020-01-24 16:45:00,3309.75,3311.5,3307.75,3309.0,26876.0
2020-01-24 16:50:00,3309.0,3311.25,3308.75,3310.0,20162.0
2020-01-24 16:55:00,3310.25,3311.25,3306.5,3307.25,29939.0
2020-01-24 17:00:00,3307.25,3307.5,3304.25,3305.75,30693.0
2020-01-24 17:05:00,3306.0,3306.75,3303.0,3303.5,23031.0
2020-01-24 17:10:00,3303.75,3304.25,3301.25,3302.5,37211.0
2020-01-24 17:15:00,3302.5,3302.75,3295.0,3295.0,53721.0
2020-01-24 17:20:00,3295.25,3298.75,3293.75,3298.25,58583.0
2020-01-24 17:25:00,3298.25,3300.75,3294.75,3296.25,37076.0
2020-01-24 17:30:00,3296.5,3302.5,3296.0,3301.75,32696.0
2020-01-24 17:35:00,3302.0,3303.75,3301.5,3303.25,20297.0
2020-01-24 17:40:00,3303.0,3306.0,3302.75,3304.5,25142.0
2020-01-24 17:45:00,3304.5,3305.5,3301.5,3302.75,19730.0
2020-01-24 17:50:00,3302.75,3305.0,3302.75,3304.25,16773.0
2020-01-24 17:55:00,3304.5,3304.75,3302.0,3303.75,14659.0
2020-01-24 18:00:00,3303.75,3305.25,3299.75,3300.0,17883.0
2020-01-24 18:05:00,3300.0,3301.75,3297.25,3301.5,17330.0
2020-01-24 18:10:00,3301.5,3301.75,3297.5,3297.5,15177.0
2020-01-24 18:15:00,3297.75,3299.75,3297.0,3297.25,13746.0
2020-01-24 18:20:00,3297.0,3300.5,3296.5,3300.0,12162.0
2020-01-24 18:25:00,3300.0,3300.5,3296.5,3297.75,10718.0
2020-01-24 18:30:00,3297.75,3297.75,3293.25,3294.5,22420.0
2020-01-24 18:35:00,3294.5,3296.25,3292.75,3296.0,19727.0
2020-01-24 18:40:00,3296.0,3296.0,3291.5,3292.0,20354.0
2020-01-24 18:45:00,3292.0,3294.75,3291.0,3291.25,15063.0
2020-01-24 18:50:00,3291.25,3291.5,3287.0,3289.25,33273.0
2020-01-24 18:55:00,3289.25,3291.5,3288.25,3291.0,19878.0
2020-01-24 19:00:00,3291.0,3292.25,3287.0,3287.0,23040.0
2020-01-24 19:05:00,3287.0,3290.75,3287.0,3290.25,20243.0
2020-01-24 19:10:00,3290.25,3290.75,3286.25,3287.5,21226.0
2020-01-24 19:15:00,3287.5,3287.5,3285.0,3285.75,22928.0
2020-01-24 19:20:00,3285.5,3286.0,3280.5,3281.0,32383.0
2020-01-24 19:25:00,3280.75,3286.25,3280.5,3282.25,37449.0
2020-01-24 19:30:00,3282.25,3287.0,3281.25,3287.0,25227.0
2020-01-24 19:35:00,3286.75,3287.5,3283.0,3284.25,21618.0
2020-01-24 19:40:00,3284.25,3287.5,3283.5,3283.75,23404.0
2020-01-24 19:45:00,3284.0,3285.5,3281.75,3283.75,21004.0
2020-01-24 19:50:00,3283.75,3288.0,3283.75,3287.25,28603.0
2020-01-24 19:55:00,3287.25,3292.5,3286.5,3292.25,36620.0
2020-01-24 20:00:00,3292.5,3297.0,3291.25,3295.0,35866.0
2020-01-24 20:05:00,3295.0,3295.75,3293.0,3294.0,26243.0
2020-01-24 20:10:00,3293.75,3295.75,3293.5,3293.75,22568.0
2020-01-24 20:15:00,3293.75,3298.0,3293.75,3297.0,22538.0
2020-01-24 20:20:00,3297.0,3299.75,3296.25,3297.0,24075.0
2020-01-24 20:25:00,3296.75,3298.0,3296.5,3296.75,15917.0
2020-01-24 20:30:00,3296.75,3297.75,3289.25,3289.25,37121.0
2020-01-24 20:35:00,3289.25,3294.25,3289.0,3290.5,30667.0
2020-01-24 20:40:00,3290.5,3291.0,3285.25,3286.0,34025.0
2020-01-24 20:45:00,3285.75,3291.75,3285.5,3291.25,37007.0
2020-01-24 20:50:00,3291.0,3294.25,3288.5,3294.25,37440.0
2020-01-24 20:55:00,3294.25,3296.75,3293.0,3293.75,51264.0
2020-01-24 21:00:00,3293.5,3296.75,3293.0,3295.5,78377.0
2020-01-24 21:05:00,3295.75,3297.5,3295.5,3296.5,14407.0
2020-01-24 21:10:00,3296.75,3296.75,3294.25,3294.5,12951.0
2020-01-24 21:15:00,3294.75,3294.75,3293.0,3293.25,7817.0
2020-01-24 21:30:00,3293.5,3293.5,3292.0,3292.0,3360.0
2020-01-24 21:35:00,3292.0,3293.5,3292.0,3292.75,1834.0
2020-01-24 21:40:00,3293.0,3293.5,3292.25,3293.5,1422.0
2020-01-24 21:45:00,3293.5,3294.75,3293.0,3293.25,1957.0
2020-01-24 21:50:00,3293.25,3293.25,3292.0,3292.25,1001.0
2020-01-24 21:55:00,3292.25,3292.75,3291.0,3291.5,2619.0
2020-01-24 22:00:00,3291.5,3291.5,3290.5,3291.0,793.0
2020-01-26 23:00:00,3269.75,3269.75,3262.75,3265.75,20959.0
2020-01-26 23:05:00,3265.75,3267.0,3253.5,3254.25,12535.0
2020-01-26 23:10:00,3254.0,3262.25,3253.5,3260.75,10135.0
2020-01-26 23:15:00,3260.75,3262.25,3256.0,3258.25,5326.0
2020-01-26 23:20:00,3258.5,3262.5,3258.0,3261.75,4305.0
2020-01-26 23:25:00,3261.5,3261.5,3256.75,3258.25,5873.0
2020-01-26 23:30:00,3258.25,3259.75,3255.5,3259.5,5653.0
2020-01-26 23:35:00,3259.5,3260.75,3257.25,3258.0,5200.0
2020-01-26 23:40:00,3258.0,3259.5,3254.5,3255.0,5883.0
2020-01-26 23:45:00,3255.0,3257.0,3252.25,3256.5,7414.0
2020-01-26 23:50:00,3256.75,3257.5,3254.0,3257.5,4394.0
2020-01-26 23:55:00,3257.25,3259.5,3256.0,3259.5,5539.0
2020-01-27 00:00:00,3259.5,3261.0,3257.5,3260.75,6029.0
2020-01-27 00:05:00,3260.5,3261.0,3258.75,3260.25,3548.0
2020-01-27 00:10:00,3260.25,3264.75,3260.25,3262.0,6924.0
2020-01-27 00:15:00,3262.25,3266.75,3261.75,3265.0,7443.0
2020-01-27 00:20:00,3264.75,3265.75,3264.0,3265.0,4579.0
2020-01-27 00:25:00,3265.0,3266.25,3263.5,3264.5,3345.0
2020-01-27 00:30:00,3264.5,3265.0,3262.0,3263.0,3262.0
2020-01-27 00:35:00,3263.0,3264.75,3263.0,3264.25,1738.0
2020-01-27 00:40:00,3264.25,3266.25,3264.0,3265.5,3363.0
2020-01-27 00:45:00,3265.5,3265.75,3264.0,3264.75,2363.0
2020-01-27 00:50:00,3264.75,3266.75,3264.75,3266.75,2258.0
2020-01-27 00:55:00,3266.75,3268.0,3266.5,3267.5,3258.0
2020-01-27 01:00:00,3267.75,3269.0,3266.75,3268.25,3643.0
2020-01-27 01:05:00,3268.25,3268.25,3266.75,3267.75,2115.0
2020-01-27 01:10:00,3267.5,3268.5,3266.75,3267.5,2200.0
2020-01-27 01:15:00,3267.5,3267.5,3266.75,3267.0,1115.0
2020-01-27 01:20:00,3267.25,3268.75,3266.75,3268.25,1284.0
2020-01-27 01:25:00,3268.25,3268.75,3267.75,3268.25,785.0
2020-01-27 01:30:00,3268.25,3268.5,3267.75,3268.25,796.0
2020-01-27 01:35:00,3268.0,3268.5,3266.0,3266.0,2392.0
2020-01-27 01:40:00,3266.0,3266.5,3264.25,3264.5,2286.0
2020-01-27 01:45:00,3264.75,3265.75,3264.25,3264.5,1034.0
2020-01-27 01:50:00,3264.5,3266.75,3264.5,3265.75,1351.0
2020-01-27 01:55:00,3265.75,3266.75,3264.75,3266.5,1031.0
2020-01-27 02:00:00,3266.75,3266.75,3264.75,3264.75,1237.0
2020-01-27 02:05:00,3265.0,3265.0,3262.75,3263.25,2055.0
2020-01-27 02:10:00,3263.5,3263.5,3262.75,3263.25,891.0
2020-01-27 02:15:00,3263.25,3263.5,3261.5,3261.75,1682.0
2020-01-27 02:20:00,3261.5,3262.5,3260.5,3261.25,2388.0
2020-01-27 02:25:00,3261.25,3261.5,3259.0,3259.75,3498.0
2020-01-27 02:30:00,3259.75,3260.5,3257.75,3258.0,2293.0
2020-01-27 02:35:00,3258.0,3260.0,3257.75,3258.5,1958.0
2020-01-27 02:40:00,3258.5,3261.0,3258.25,3261.0,1659.0
2020-01-27 02:45:00,3261.0,3262.5,3260.5,3261.25,1977.0
2020-01-27 02:50:00,3261.25,3261.5,3259.0,3259.5,2424.0
2020-01-27 02:55:00,3259.5,3260.75,3259.5,3260.5,787.0
2020-01-27 03:00:00,3260.25,3262.0,3259.25,3261.75,1424.0
2020-01-27 03:05:00,3261.5,3262.25,3261.25,3262.0,692.0
2020-01-27 03:10:00,3262.25,3264.25,3262.0,3263.75,1591.0
2020-01-27 03:15:00,3263.5,3264.25,3263.25,3264.0,954.0
2020-01-27 03:20:00,3264.0,3264.0,3262.75,3263.0,925.0
2020-01-27 03:25:00,3263.0,3263.5,3262.25,3263.5,740.0
2020-01-27 03:30:00,3263.25,3263.75,3262.25,3263.25,725.0
2020-01-27 03:35:00,3263.25,3264.25,3263.0,3263.5,714.0
2020-01-27 03:40:00,3263.75,3266.0,3263.75,3265.75,1808.0
2020-01-27 03:45:00,3265.75,3266.0,3264.75,3265.25,1765.0
2020-01-27 03:50:00,3265.5,3265.5,3264.0,3264.0,719.0
2020-01-27 03:55:00,3264.25,3264.75,3263.75,3264.25,486.0
2020-01-27 04:00:00,3264.0,3264.75,3263.0,3263.25,793.0
2020-01-27 04:05:00,3263.25,3264.5,3263.0,3264.25,441.0
2020-01-27 04:10:00,3264.25,3264.5,3263.0,3263.0,404.0
2020-01-27 04:15:00,3263.0,3263.75,3263.0,3263.0,653.0
2020-01-27 04:20:00,3263.0,3265.25,3263.0,3264.75,671.0
2020-01-27 04:25:00,3264.75,3264.75,3264.0,3264.25,457.0
2020-01-27 04:30:00,3264.25,3264.5,3263.5,3264.0,607.0
2020-01-27 04:35:00,3264.0,3264.0,3263.0,3263.5,642.0
2020-01-27 04:40:00,3263.5,3263.75,3262.75,3263.25,471.0
2020-01-27 04:45:00,3263.25,3264.0,3263.0,3263.25,354.0
2020-01-27 04:50:00,3263.25,3263.5,3262.5,3262.5,407.0
2020-01-27 04:55:00,3262.5,3263.0,3261.75,3261.75,651.0
2020-01-27 05:00:00,3261.75,3263.0,3261.0,3261.0,715.0
2020-01-27 05:05:00,3261.0,3261.5,3259.75,3260.0,1147.0
2020-01-27 05:10:00,3260.0,3261.25,3260.0,3260.25,825.0
2020-01-27 05:15:00,3260.25,3260.5,3259.0,3259.75,759.0
2020-01-27 05:20:00,3259.75,3261.25,3259.5,3261.25,584.0
2020-01-27 05:25:00,3261.25,3262.0,3261.0,3261.5,696.0
2020-01-27 05:30:00,3261.5,3263.25,3261.25,3262.75,1466.0
2020-01-27 05:35:00,3262.75,3263.0,3261.25,3261.25,855.0
2020-01-27 05:40:00,3261.25,3261.5,3260.25,3261.0,824.0
2020-01-27 05:45:00,3261.0,3262.25,3260.25,3260.25,897.0
2020-01-27 05:50:00,3260.25,3260.5,3259.25,3260.0,1027.0
2020-01-27 05:55:00,3260.0,3260.0,3259.0,3259.25,1097.0
2020-01-27 06:00:00,3259.25,3260.5,3259.0,3259.25,1612.0
2020-01-27 06:05:00,3259.25,3260.0,3259.25,3259.25,704.0
2020-01-27 06:10:00,3259.5,3260.5,3258.25,3259.25,1585.0
2020-01-27 06:15:00,3259.25,3261.75,3259.25,3261.25,1126.0
2020-01-27 06:20:00,3261.25,3261.75,3261.0,3261.5,749.0
2020-01-27 06:25:00,3261.75,3261.75,3260.75,3261.0,497.0
2020-01-27 06:30:00,3261.0,3261.75,3261.0,3261.5,545.0
2020-01-27 06:35:00,3261.5,3261.5,3260.75,3261.5,480.0
2020-01-27 06:40:00,3261.5,3262.0,3261.25,3262.0,689.0
2020-01-27 06:45:00,3262.0,3262.25,3261.25,3262.0,651.0
2020-01-27 06:50:00,3262.0,3262.0,3260.5,3260.75,889.0
2020-01-27 06:55:00,3260.75,3261.25,3260.25,3261.25,670.0
2020-01-27 07:00:00,3261.0,3262.25,3260.25,3261.5,2326.0
2020-01-27 07:05:00,3261.5,3263.25,3261.25,3262.0,1591.0
2020-01-27 07:10:00,3262.25,3263.0,3260.75,3261.0,1733.0
2020-01-27 07:15:00,3261.0,3262.0,3260.5,3261.5,1248.0
2020-01-27 07:20:00,3261.25,3261.25,3258.25,3259.75,3776.0
2020-01-27 07:25:00,3259.75,3260.5,3259.5,3260.25,1221.0
2020-01-27 07:30:00,3260.0,3262.0,3259.5,3261.5,2127.0
2020-01-27 07:35:00,3261.5,3261.5,3260.0,3260.25,2121.0
2020-01-27 07:40:00,3260.25,3261.25,3260.0,3260.75,1341.0
2020-01-27 07:45:00,3260.5,3261.25,3259.75,3260.0,1639.0
2020-01-27 07:50:00,3260.0,3261.5,3259.25,3261.25,1956.0
2020-01-27 07:55:00,3261.25,3261.75,3260.25,3260.75,1301.0
2020-01-27 08:00:00,3260.75,3261.75,3259.25,3261.0,3988.0
2020-01-27 08:05:00,3261.25,3262.0,3260.0,3260.75,3409.0
2020-01-27 08:10:00,3260.75,3260.75,3257.0,3259.25,7440.0
2020-01-27 08:15:00,3259.5,3263.0,3258.75,3262.75,5070.0
2020-01-27 08:20:00,3262.75,3266.5,3262.5,3266.0,7232.0
2020-01-27 08:25:00,3266.0,3266.25,3264.75,3265.5,2970.0
2020-01-27 08:30:00,3265.5,3266.25,3264.75,3265.25,4313.0
2020-01-27 08:35:00,3265.25,3265.75,3264.0,3264.25,2036.0
2020-01-27 08:40:00,3264.5,3264.75,3263.25,3263.25,2825.0
2020-01-27 08:45:00,3263.25,3264.25,3262.75,3263.75,2581.0
2020-01-27 08:50:00,3264.0,3264.0,3261.25,3262.0,4177.0
2020-01-27 08:55:00,3261.75,3263.5,3261.75,3262.25,3290.0
2020-01-27 09:00:00,3262.25,3262.5,3260.25,3260.25,3659.0
2020-01-27 09:05:00,3260.25,3261.0,3259.5,3259.75,3646.0
2020-01-27 09:10:00,3259.75,3261.25,3258.0,3258.25,6496.0
2020-01-27 09:15:00,3258.25,3259.0,3255.25,3255.5,6559.0
2020-01-27 09:20:00,3255.5,3257.5,3255.25,3257.0,3464.0
2020-01-27 09:25:00,3256.75,3257.25,3253.75,3254.75,4521.0
2020-01-27 09:30:00,3254.5,3255.5,3253.5,3254.25,4332.0
2020-01-27 09:35:00,3254.5,3254.75,3252.25,3253.0,5176.0
2020-01-27 09:40:00,3252.75,3253.25,3251.0,3251.75,5558.0
2020-01-27 09:45:00,3251.75,3252.25,3249.25,3250.0,4476.0
2020-01-27 09:50:00,3250.0,3252.0,3249.5,3252.0,4665.0
2020-01-27 09:55:00,3252.0,3253.5,3252.0,3253.25,3376.0
2020-01-27 10:00:00,3253.5,3253.5,3249.75,3250.0,3824.0
2020-01-27 10:05:00,3250.25,3251.75,3249.5,3251.5,2372.0
2020-01-27 10:10:00,3251.25,3251.25,3247.25,3248.0,5497.0
2020-01-27 10:15:00,3248.0,3250.0,3247.75,3248.75,4244.0
2020-01-27 10:20:00,3248.75,3248.75,3243.25,3245.0,13996.0
2020-01-27 10:25:00,3245.0,3247.5,3244.75,3247.5,6028.0
2020-01-27 10:30:00,3247.25,3248.25,3246.75,3247.0,5003.0
2020-01-27 10:35:00,3247.0,3247.0,3244.75,3245.0,4834.0
2020-01-27 10:40:00,3245.25,3245.5,3243.5,3244.0,4185.0
2020-01-27 10:45:00,3244.0,3244.5,3242.25,3243.0,5206.0
2020-01-27 10:50:00,3243.0,3244.0,3240.75,3241.25,4780.0
2020-01-27 10:55:00,3241.5,3243.0,3239.5,3239.75,6689.0
2020-01-27 11:00:00,3239.75,3240.75,3235.75,3239.0,12406.0
2020-01-27 11:05:00,3239.0,3240.0,3238.0,3238.0,5178.0
2020-01-27 11:10:00,3238.25,3239.75,3237.5,3238.5,4060.0
2020-01-27 11:15:00,3238.25,3239.75,3237.75,3239.5,3077.0
2020-01-27 11:20:00,3239.5,3244.25,3239.5,3244.0,6248.0
2020-01-27 11:25:00,3244.25,3246.75,3243.5,3245.5,5450.0
2020-01-27 11:30:00,3245.75,3248.5,3245.25,3247.0,7258.0
2020-01-27 11:35:00,3247.25,3248.25,3245.25,3246.5,5804.0
2020-01-27 11:40:00,3246.75,3247.5,3245.5,3246.75,3791.0
2020-01-27 11:45:00,3246.5,3247.0,3245.0,3245.75,2893.0
2020-01-27 11:50:00,3245.75,3245.75,3243.5,3243.75,3673.0
2020-01-27 11:55:00,3244.0,3245.5,3242.5,3245.25,3954.0
2020-01-27 12:00:00,3245.25,3248.0,3245.25,3247.0,6569.0
2020-01-27 12:05:00,3246.75,3248.0,3245.5,3248.0,2852.0
2020-01-27 12:10:00,3248.25,3250.5,3248.0,3248.25,5795.0
2020-01-27 12:15:00,3248.5,3249.5,3247.25,3249.25,2579.0
2020-01-27 12:20:00,3249.0,3252.0,3248.75,3250.0,6004.0
2020-01-27 12:25:00,3250.0,3253.0,3249.75,3253.0,7698.0
2020-01-27 12:30:00,3252.75,3252.75,3248.0,3248.25,6594.0
2020-01-27 12:35:00,3248.25,3249.0,3246.75,3247.5,3591.0
2020-01-27 12:40:00,3247.5,3251.25,3247.25,3248.5,6219.0
2020-01-27 12:45:00,3248.5,3250.75,3248.5,3249.75,3841.0
2020-01-27 12:50:00,3249.75,3250.5,3246.5,3247.25,4577.0
2020-01-27 12:55:00,3247.0,3247.75,3245.0,3245.0,6141.0
2020-01-27 13:00:00,3245.25,3246.75,3244.25,3244.75,6384.0
2020-01-27 13:05:00,3244.75,3246.0,3243.25,3244.0,4904.0
2020-01-27 13:10:00,3244.0,3244.25,3241.5,3243.0,6718.0
2020-01-27 13:15:00,3243.0,3243.25,3241.75,3243.0,4557.0
2020-01-27 13:20:00,3243.0,3245.75,3243.0,3244.5,5916.0
2020-01-27 13:25:00,3244.75,3246.5,3244.5,3244.5,5315.0
2020-01-27 13:30:00,3244.5,3245.75,3240.75,3242.75,8883.0
2020-01-27 13:35:00,3242.75,3243.5,3241.25,3243.25,4504.0
2020-01-27 13:40:00,3243.5,3246.25,3243.25,3243.75,9188.0
2020-01-27 13:45:00,3243.5,3244.0,3242.25,3243.25,3347.0
2020-01-27 13:50:00,3243.25,3245.5,3243.0,3244.25,4194.0
2020-01-27 13:55:00,3244.5,3245.0,3243.0,3243.0,4688.0
2020-01-27 14:00:00,3243.0,3243.5,3240.75,3241.0,5183.0
2020-01-27 14:05:00,3241.0,3242.75,3240.25,3241.5,8151.0
2020-01-27 14:10:00,3241.75,3241.75,3239.5,3239.75,6832.0
2020-01-27 14:15:00,3239.5,3240.25,3236.75,3238.25,14822.0
2020-01-27 14:20:00,3238.5,3240.5,3238.0,3239.0,8772.0
2020-01-27 14:25:00,3239.0,3240.5,3237.0,3238.25,11871.0
2020-01-27 14:30:00,3238.0,3244.75,3233.0,3242.5,103332.0
2020-01-27 14:35:00,3242.5,3247.25,3240.75,3246.0,76798.0
2020-01-27 14:40:00,3246.0,3247.75,3244.25,3247.25,43086.0
2020-01-27 14:45:00,3247.25,3252.25,3246.5,3252.0,42740.0
2020-01-27 14:50:00,3252.0,3253.5,3249.0,3251.0,40663.0
2020-01-27 14:55:00,3251.0,3252.75,3247.5,3248.0,37870.0
2020-01-27 15:00:00,3248.25,3251.75,3245.75,3247.75,37812.0
2020-01-27 15:05:00,3247.5,3248.5,3243.25,3245.5,42365.0
2020-01-27 15:10:00,3245.5,3249.0,3244.75,3246.5,33141.0
2020-01-27 15:15:00,3246.25,3249.0,3243.5,3243.75,26593.0
2020-01-27 15:20:00,3243.5,3247.75,3242.0,3247.5,30083.0
2020-01-27 15:25:00,3247.25,3252.75,3245.75,3252.5,28970.0
2020-01-27 15:30:00,3252.5,3252.75,3248.25,3248.75,29201.0
2020-01-27 15:35:00,3248.5,3249.5,3245.75,3249.25,27285.0
2020-01-27 15:40:00,3249.25,3250.75,3245.5,3245.75,26399.0
2020-01-27 15:45:00,3245.75,3246.5,3244.0,3244.5,16409.0
2020-01-27 15:50:00,3244.25,3245.75,3241.5,3241.75,24655.0
2020-01-27 15:55:00,3241.75,3244.5,3239.5,3244.25,25062.0
2020-01-27 16:00:00,3244.25,3248.25,3243.75,3246.25,20532.0
2020-01-27 16:05:00,3246.5,3248.5,3245.25,3245.5,19712.0
2020-01-27 16:10:00,3245.5,3246.5,3242.75,3243.75,13684.0
2020-01-27 16:15:00,3243.5,3243.5,3240.75,3241.0,14745.0
2020-01-27 16:20:00,3241.0,3245.25,3239.5,3244.25,19107.0
2020-01-27 16:25:00,3244.5,3246.0,3241.5,3245.0,20078.0
2020-01-27 16:30:00,3245.0,3246.5,3241.5,3241.75,22312.0
2020-01-27 16:35:00,3241.75,3250.25,3241.75,3247.75,39535.0
2020-01-27 16:40:00,3247.5,3249.5,3246.75,3248.0,20447.0
2020-01-27 16:45:00,3248.0,3250.75,3247.5,3248.25,19617.0
2020-01-27 16:50:00,3248.0,3249.25,3246.5,3248.25,14545.0
2020-01-27 16:55:00,3248.0,3250.5,3247.0,3250.5,16297.0
2020-01-27 17:00:00,3250.5,3250.75,3247.0,3247.25,12952.0
2020-01-27 17:05:00,3247.25,3251.25,3246.25,3250.0,16538.0
2020-01-27 17:10:00,3249.75,3252.75,3249.5,3251.75,14316.0
2020-01-27 17:15:00,3251.75,3254.5,3250.5,3253.0,17314.0
2020-01-27 17:20:00,3252.75,3256.75,3252.5,3255.75,20670.0
2020-01-27 17:25:00,3255.75,3256.0,3253.0,3253.25,16196.0
2020-01-27 17:30:00,3253.25,3255.75,3252.5,3254.75,10668.0
2020-01-27 17:35:00,3254.75,3256.0,3254.0,3254.25,12016.0
2020-01-27 17:40:00,3254.25,3256.5,3253.5,3256.25,11854.0
2020-01-27 17:45:00,3256.5,3257.75,3255.0,3257.0,13548.0
2020-01-27 17:50:00,3257.0,3257.5,3254.0,3254.25,15045.0
2020-01-27 17:55:00,3254.25,3255.25,3251.5,3253.0,17496.0
2020-01-27 18:00:00,3252.75,3255.75,3252.25,3255.0,11748.0
2020-01-27 18:05:00,3255.0,3255.75,3252.5,3252.5,13288.0
2020-01-27 18:10:00,3252.5,3252.75,3250.75,3251.75,8381.0
2020-01-27 18:15:00,3251.75,3255.0,3251.5,3254.75,8302.0
2020-01-27 18:20:00,3254.75,3257.0,3254.5,3254.75,14439.0
2020-01-27 18:25:00,3254.75,3255.5,3253.75,3255.25,7659.0
2020-01-27 18:30:00,3255.0,3256.75,3254.5,3255.75,11642.0
2020-01-27 18:35:00,3255.5,3257.0,3254.75,3257.0,12170.0
2020-01-27 18:40:00,3257.0,3257.25,3255.25,3255.75,9339.0
2020-01-27 18:45:00,3256.0,3256.0,3254.0,3254.75,9871.0
2020-01-27 18:50:00,3254.75,3255.25,3252.25,3252.75,10565.0
2020-01-27 18:55:00,3252.75,3253.75,3251.75,3252.25,7993.0
2020-01-27 19:00:00,3252.25,3253.0,3248.5,3249.75,17714.0
2020-01-27 19:05:00,3250.0,3251.5,3249.25,3251.25,11494.0
2020-01-27 19:10:00,3251.25,3254.0,3251.0,3252.5,12031.0
2020-01-27 19:15:00,3252.5,3254.75,3252.0,3253.25,7069.0
2020-01-27 19:20:00,3253.25,3254.75,3250.5,3251.0,13013.0
2020-01-27 19:25:00,3251.0,3255.5,3251.0,3254.75,8495.0
2020-01-27 19:30:00,3254.5,3256.25,3253.5,3253.5,10196.0
2020-01-27 19:35:00,3253.75,3255.5,3251.5,3254.0,13018.0
2020-01-27 19:40:00,3254.0,3255.0,3252.25,3253.75,11677.0
2020-01-27 19:45:00,3253.75,3254.0,3249.5,3250.25,12762.0
2020-01-27 19:50:00,3250.0,3250.25,3245.5,3245.5,21651.0
2020-01-27 19:55:00,3245.5,3248.5,3245.25,3247.75,12439.0
2020-01-27 20:00:00,3247.5,3249.75,3247.0,3248.5,12720.0
2020-01-27 20:05:00,3248.5,3250.75,3247.25,3250.5,11680.0
2020-01-27 20:10:00,3250.25,3250.5,3244.5,3247.25,20810.0
2020-01-27 20:15:00,3247.25,3251.5,3246.5,3250.5,13879.0
2020-01-27 20:20:00,3250.5,3252.0,3249.75,3250.75,12185.0
2020-01-27 20:25:00,3250.75,3251.25,3248.25,3248.75,14326.0
2020-01-27 20:30:00,3248.75,3249.75,3244.5,3245.0,19132.0
2020-01-27 20:35:00,3245.0,3246.25,3243.5,3244.75,18898.0
2020-01-27 20:40:00,3244.5,3246.75,3244.0,3246.5,19425.0
2020-01-27 20:45:00,3246.5,3248.25,3242.5,3243.25,26589.0
2020-01-27 20:50:00,3243.5,3244.5,3241.0,3244.5,44415.0
2020-01-27 20:55:00,3244.5,3244.75,3242.25,3242.75,57099.0
2020-01-27 21:00:00,3242.5,3244.75,3240.25,3240.75,130771.0
2020-01-27 21:05:00,3240.75,3241.0,3237.5,3240.25,21011.0
2020-01-27 21:10:00,3240.25,3240.75,3239.25,3239.75,10017.0
2020-01-27 21:15:00,3240.0,3240.25,3239.0,3239.25,8951.0
2020-01-27 21:30:00,3239.75,3242.25,3239.25,3241.75,2845.0
2020-01-27 21:35:00,3241.75,3242.0,3240.0,3240.75,2048.0
2020-01-27 21:40:00,3240.75,3242.5,3240.75,3242.5,1564.0
2020-01-27 21:45:00,3242.5,3242.75,3241.5,3242.0,1382.0
2020-01-27 21:50:00,3242.0,3242.25,3241.75,3242.0,828.0
2020-01-27 21:55:00,3242.0,3242.0,3241.25,3241.5,1376.0
2020-01-27 22:00:00,3241.5,3241.75,3240.75,3240.75,676.0
2020-01-27 23:00:00,3239.5,3244.0,3238.75,3243.75,3372.0
2020-01-27 23:05:00,3243.75,3245.75,3243.75,3244.75,2405.0
2020-01-27 23:10:00,3244.75,3246.0,3244.0,3244.25,1495.0
2020-01-27 23:15:00,3244.25,3245.25,3244.0,3244.25,605.0
2020-01-27 23:20:00,3244.25,3245.0,3244.0,3244.75,621.0
2020-01-27 23:25:00,3244.75,3246.5,3244.5,3246.25,783.0
2020-01-27 23:30:00,3246.25,3246.75,3245.5,3246.5,1255.0
2020-01-27 23:35:00,3246.25,3247.25,3246.0,3246.5,878.0
2020-01-27 23:40:00,3246.75,3248.0,3246.5,3247.5,1544.0
2020-01-27 23:45:00,3247.5,3249.0,3247.25,3248.75,1511.0
2020-01-27 23:50:00,3248.75,3249.0,3247.5,3247.75,1467.0
2020-01-27 23:55:00,3247.5,3248.25,3246.5,3246.75,797.0
2020-01-28 00:00:00,3246.75,3248.5,3246.75,3248.5,2009.0
2020-01-28 00:05:00,3248.5,3249.5,3248.0,3248.25,2949.0
2020-01-28 00:10:00,3248.25,3249.0,3248.0,3248.0,1416.0
2020-01-28 00:15:00,3248.25,3248.5,3246.5,3247.25,1702.0
2020-01-28 00:20:00,3247.0,3248.75,3247.0,3248.5,1415.0
2020-01-28 00:25:00,3248.5,3248.5,3247.0,3247.25,777.0
2020-01-28 00:30:00,3247.25,3248.25,3247.0,3247.5,1094.0
2020-01-28 00:35:00,3247.5,3248.0,3247.25,3248.0,565.0
2020-01-28 00:40:00,3248.0,3248.5,3247.75,3248.5,380.0
2020-01-28 00:45:00,3248.5,3248.75,3248.0,3248.5,706.0
2020-01-28 00:50:00,3248.25,3249.0,3248.25,3248.75,928.0
2020-01-28 00:55:00,3248.5,3248.75,3244.5,3245.0,5770.0
2020-01-28 01:00:00,3244.75,3252.75,3244.75,3252.25,7859.0
2020-01-28 01:05:00,3252.25,3253.5,3251.75,3252.0,3777.0
2020-01-28 01:10:00,3252.0,3252.75,3251.5,3252.0,1963.0
2020-01-28 01:15:00,3252.0,3253.75,3251.25,3251.75,2932.0
2020-01-28 01:20:00,3251.75,3251.75,3250.5,3251.0,1738.0
2020-01-28 01:25:00,3251.0,3251.5,3249.5,3249.75,1360.0
2020-01-28 01:30:00,3249.5,3250.5,3248.25,3250.5,1865.0
2020-01-28 01:35:00,3250.5,3250.5,3249.75,3250.0,516.0
2020-01-28 01:40:00,3250.0,3251.0,3249.5,3249.75,818.0
2020-01-28 01:45:00,3249.75,3250.5,3249.0,3250.0,683.0
2020-01-28 01:50:00,3250.25,3251.75,3250.0,3251.25,998.0
2020-01-28 01:55:00,3251.25,3251.5,3250.75,3251.0,645.0
2020-01-28 02:00:00,3250.75,3250.75,3246.25,3246.5,4499.0
2020-01-28 02:05:00,3246.5,3248.5,3245.5,3248.0,2643.0
2020-01-28 02:10:00,3248.0,3249.25,3247.25,3249.0,1633.0
2020-01-28 02:15:00,3249.0,3249.5,3248.5,3248.75,1231.0
2020-01-28 02:20:00,3248.75,3249.25,3248.5,3249.0,676.0
2020-01-28 02:25:00,3249.0,3249.0,3247.5,3248.25,776.0
2020-01-28 02:30:00,3248.5,3250.0,3248.25,3249.75,1112.0
2020-01-28 02:35:00,3249.75,3250.75,3249.5,3249.5,753.0
2020-01-28 02:40:00,3249.5,3250.25,3248.75,3250.25,784.0
2020-01-28 02:45:00,3250.25,3250.25,3249.5,3250.0,425.0
2020-01-28 02:50:00,3250.0,3250.5,3248.75,3249.5,781.0
2020-01-28 02:55:00,3249.25,3250.0,3249.0,3249.5,651.0
2020-01-28 03:00:00,3249.5,3250.0,3249.25,3249.25,447.0
2020-01-28 03:05:00,3249.0,3249.5,3248.5,3248.5,653.0
2020-01-28 03:10:00,3248.75,3249.5,3248.5,3249.0,399.0
2020-01-28 03:15:00,3249.25,3249.5,3248.0,3248.0,504.0
2020-01-28 03:20:00,3248.0,3248.25,3247.75,3248.0,333.0
2020-01-28 03:25:00,3247.75,3248.5,3247.0,3248.25,776.0
2020-01-28 03:30:00,3248.0,3249.25,3248.0,3249.0,614.0
2020-01-28 03:35:00,3249.0,3249.5,3248.25,3248.25,510.0
2020-01-28 03:40:00,3248.5,3249.5,3248.25,3249.0,369.0
2020-01-28 03:45:00,3249.0,3249.5,3248.25,3249.25,767.0
2020-01-28 03:50:00,3249.25,3249.5,3249.0,3249.0,533.0
2020-01-28 03:55:00,3249.25,3249.75,3249.0,3249.5,915.0
2020-01-28 04:00:00,3249.5,3251.25,3249.25,3250.5,2549.0
2020-01-28 04:05:00,3250.5,3250.75,3250.25,3250.5,885.0
2020-01-28 04:10:00,3250.75,3251.0,3250.25,3251.0,541.0
2020-01-28 04:15:00,3251.0,3252.5,3250.25,3251.75,2033.0
2020-01-28 04:20:00,3251.75,3254.5,3251.75,3252.25,3060.0
2020-01-28 04:25:00,3252.5,3252.5,3252.0,3252.25,684.0
2020-01-28 04:30:00,3252.25,3254.0,3252.25,3253.0,1239.0
2020-01-28 04:35:00,3253.0,3255.5,3253.0,3255.0,2139.0
2020-01-28 04:40:00,3255.0,3255.25,3254.5,3254.75,1143.0
2020-01-28 04:45:00,3254.5,3256.0,3254.5,3255.0,1155.0
2020-01-28 04:50:00,3255.0,3256.0,3254.75,3255.25,854.0
2020-01-28 04:55:00,3255.25,3255.75,3254.75,3255.25,615.0
2020-01-28 05:00:00,3255.0,3255.5,3254.5,3254.75,604.0
2020-01-28 05:05:00,3254.75,3254.75,3254.0,3254.5,825.0
2020-01-28 05:10:00,3254.25,3254.75,3253.5,3254.0,1023.0
2020-01-28 05:15:00,3254.0,3254.75,3253.75,3254.75,573.0
2020-01-28 05:20:00,3254.5,3254.75,3254.0,3254.5,364.0
2020-01-28 05:25:00,3254.5,3255.5,3254.25,3255.25,815.0
2020-01-28 05:30:00,3255.0,3258.25,3255.0,3256.5,3323.0
2020-01-28 05:35:00,3256.5,3257.0,3256.25,3257.0,423.0
2020-01-28 05:40:00,3257.0,3257.75,3256.5,3257.25,786.0
2020-01-28 05:45:00,3257.25,3260.0,3257.0,3258.5,2829.0
2020-01-28 05:50:00,3258.5,3259.25,3257.75,3258.75,1337.0
2020-01-28 05:55:00,3258.75,3259.5,3258.75,3259.0,994.0
2020-01-28 06:00:00,3259.0,3259.0,3257.0,3257.5,1857.0
2020-01-28 06:05:00,3257.5,3258.5,3257.0,3258.25,1359.0
2020-01-28 06:10:00,3258.5,3259.0,3257.75,3258.5,715.0
2020-01-28 06:15:00,3258.5,3258.75,3257.75,3257.75,622.0
2020-01-28 06:20:00,3257.75,3260.75,3257.75,3260.75,1645.0
2020-01-28 06:25:00,3260.75,3260.75,3259.25,3260.5,994.0
2020-01-28 06:30:00,3260.5,3261.0,3260.0,3260.75,1011.0
2020-01-28 06:35:00,3260.5,3263.5,3260.0,3262.75,2877.0
2020-01-28 06:40:00,3262.75,3262.75,3261.0,3261.25,877.0
2020-01-28 06:45:00,3261.5,3262.0,3260.75,3261.75,624.0
2020-01-28 06:50:00,3261.75,3262.75,3261.5,3262.5,669.0
2020-01-28 06:55:00,3262.5,3263.0,3262.0,3263.0,1210.0
2020-01-28 07:00:00,3263.0,3263.5,3261.75,3262.5,1338.0
2020-01-28 07:05:00,3262.25,3262.75,3260.0,3260.0,1548.0
2020-01-28 07:10:00,3260.25,3261.75,3259.5,3261.25,2195.0
2020-01-28 07:15:00,3261.25,3263.25,3261.25,3262.5,1716.0
2020-01-28 07:20:00,3262.25,3263.5,3262.0,3262.75,1721.0
2020-01-28 07:25:00,3262.75,3263.25,3262.5,3262.75,1110.0
2020-01-28 07:30:00,3262.75,3263.75,3262.75,3263.0,1242.0
2020-01-28 07:35:00,3263.0,3263.25,3262.5,3262.5,923.0
2020-01-28 07:40:00,3262.5,3262.75,3261.75,3262.25,1029.0
2020-01-28 07:45:00,3262.25,3262.75,3261.5,3261.5,815.0
2020-01-28 07:50:00,3261.5,3262.0,3260.25,3260.75,1699.0
2020-01-28 07:55:00,3260.5,3261.25,3260.5,3260.75,1025.0
2020-01-28 08:00:00,3260.75,3261.25,3259.5,3260.25,3822.0
2020-01-28 08:05:00,3260.25,3260.25,3258.25,3259.0,3193.0
2020-01-28 08:10:00,3259.25,3261.75,3258.75,3261.75,2784.0
2020-01-28 08:15:00,3261.75,3262.0,3259.75,3260.25,2609.0
2020-01-28 08:20:00,3260.25,3260.25,3257.75,3258.0,2625.0
2020-01-28 08:25:00,3258.0,3258.5,3256.0,3256.0,3603.0
2020-01-28 08:30:00,3256.25,3256.5,3253.0,3255.5,4445.0
2020-01-28 08:35:00,3255.25,3256.75,3254.5,3255.75,3979.0
2020-01-28 08:40:00,3255.75,3255.75,3253.5,3254.5,3104.0
2020-01-28 08:45:00,3254.5,3255.25,3250.0,3250.25,5577.0
2020-01-28 08:50:00,3250.25,3253.25,3249.5,3252.25,5981.0
2020-01-28 08:55:00,3252.25,3252.5,3250.25,3251.25,3035.0
2020-01-28 09:00:00,3251.25,3251.5,3245.25,3247.25,12411.0
2020-01-28 09:05:00,3247.25,3247.5,3244.75,3247.25,7024.0
2020-01-28 09:10:00,3247.25,3248.75,3247.0,3248.25,5045.0
2020-01-28 09:15:00,3248.25,3249.5,3247.0,3247.75,4197.0
2020-01-28 09:20:00,3247.5,3249.25,3247.5,3248.75,2589.0
2020-01-28 09:25:00,3248.75,3248.75,3244.75,3246.0,4059.0
2020-01-28 09:30:00,3246.0,3249.5,3245.75,3248.75,5093.0
2020-01-28 09:35:00,3248.75,3250.0,3248.25,3248.75,1999.0
2020-01-28 09:40:00,3248.75,3251.0,3248.0,3251.0,4504.0
2020-01-28 09:45:00,3250.75,3251.5,3248.75,3249.0,3644.0
2020-01-28 09:50:00,3249.0,3249.5,3247.75,3248.0,3031.0
2020-01-28 09:55:00,3248.0,3249.75,3247.25,3248.75,3380.0
2020-01-28 10:00:00,3248.75,3249.5,3247.75,3248.75,2279.0
2020-01-28 10:05:00,3248.5,3249.5,3248.5,3249.25,1955.0
2020-01-28 10:10:00,3249.0,3251.0,3246.75,3247.75,3795.0
2020-01-28 10:15:00,3247.75,3250.5,3247.75,3250.5,2921.0
2020-01-28 10:20:00,3250.5,3250.5,3249.5,3250.25,1418.0
2020-01-28 10:25:00,3250.25,3250.5,3246.0,3246.75,3403.0
2020-01-28 10:30:00,3246.75,3248.0,3245.5,3247.0,3293.0
2020-01-28 10:35:00,3247.0,3248.75,3246.75,3248.5,2088.0
2020-01-28 10:40:00,3248.5,3249.75,3248.0,3249.0,1677.0
2020-01-28 10:45:00,3249.0,3249.75,3248.25,3249.5,993.0
2020-01-28 10:50:00,3249.25,3250.25,3249.25,3249.25,1368.0
2020-01-28 10:55:00,3249.25,3249.25,3247.5,3248.5,1480.0
2020-01-28 11:00:00,3248.5,3248.5,3246.0,3247.25,2116.0
2020-01-28 11:05:00,3247.25,3247.75,3246.5,3247.25,1231.0
2020-01-28 11:10:00,3247.0,3248.0,3246.0,3246.5,2662.0
2020-01-28 11:15:00,3246.25,3246.5,3241.75,3243.0,6621.0
2020-01-28 11:20:00,3243.0,3245.25,3243.0,3244.75,3243.0
2020-01-28 11:25:00,3244.75,3247.0,3244.5,3246.75,3232.0
2020-01-28 11:30:00,3246.75,3247.75,3246.5,3247.0,3349.0
2020-01-28 11:35:00,3247.0,3249.0,3246.25,3246.5,2891.0
2020-01-28 11:40:00,3246.75,3249.0,3246.25,3248.75,2248.0
2020-01-28 11:45:00,3248.75,3250.0,3248.0,3249.25,5441.0
2020-01-28 11:50:00,3249.25,3252.5,3248.75,3252.5,4803.0
2020-01-28 11:55:00,3252.5,3254.75,3252.0,3254.0,5036.0
2020-01-28 12:00:00,3254.0,3256.0,3253.5,3254.5,6431.0
2020-01-28 12:05:00,3254.5,3255.0,3252.75,3253.25,3374.0
2020-01-28 12:10:00,3253.25,3257.5,3253.0,3257.5,5761.0
2020-01-28 12:15:00,3257.25,3259.0,3256.25,3257.5,6634.0
2020-01-28 12:20:00,3257.75,3258.0,3256.25,3257.25,3816.0
2020-01-28 12:25:00,3257.25,3259.25,3256.25,3259.0,3253.0
2020-01-28 12:30:00,3259.0,3259.5,3257.5,3259.25,5409.0
2020-01-28 12:35:00,3259.25,3262.25,3259.0,3260.25,8647.0
2020-01-28 12:40:00,3260.0,3261.75,3260.0,3260.25,3735.0
2020-01-28 12:45:00,3260.25,3262.75,3259.5,3262.5,4569.0
2020-01-28 12:50:00,3262.5,3262.75,3260.5,3261.5,3568.0
2020-01-28 12:55:00,3261.25,3261.5,3258.25,3258.5,5178.0
2020-01-28 13:00:00,3258.5,3259.75,3257.25,3258.25,8504.0
2020-01-28 13:05:00,3258.25,3260.25,3257.75,3260.0,4236.0
2020-01-28 13:10:00,3260.0,3261.0,3258.5,3260.5,3342.0
2020-01-28 13:15:00,3260.75,3261.0,3258.5,3259.25,3177.0
2020-01-28 13:20:00,3259.5,3261.0,3258.75,3260.5,2981.0
2020-01-28 13:25:00,3260.75,3260.75,3259.25,3260.75,2921.0
2020-01-28 13:30:00,3260.75,3262.25,3260.25,3261.5,4338.0
2020-01-28 13:35:00,3261.5,3262.0,3259.5,3259.5,3976.0
2020-01-28 13:40:00,3259.5,3260.5,3259.25,3259.5,3089.0
2020-01-28 13:45:00,3259.5,3260.25,3259.25,3259.5,3422.0
2020-01-28 13:50:00,3259.5,3260.0,3258.5,3259.25,4109.0
2020-01-28 13:55:00,3259.25,3259.5,3258.0,3258.5,3037.0
2020-01-28 14:00:00,3258.5,3260.0,3258.25,3258.25,4784.0
2020-01-28 14:05:00,3258.25,3259.0,3256.75,3257.0,3923.0
2020-01-28 14:10:00,3256.75,3258.5,3256.5,3257.5,6930.0
2020-01-28 14:15:00,3257.75,3258.75,3256.75,3258.0,6652.0
2020-01-28 14:20:00,3258.25,3259.25,3258.0,3258.25,3078.0
2020-01-28 14:25:00,3258.25,3258.75,3256.75,3257.0,6504.0
2020-01-28 14:30:00,3257.0,3261.25,3255.75,3260.0,55229.0
2020-01-28 14:35:00,3259.75,3260.5,3253.25,3253.5,47271.0
2020-01-28 14:40:00,3253.25,3254.25,3251.75,3254.0,38348.0
2020-01-28 14:45:00,3254.0,3255.5,3252.25,3254.5,27282.0
2020-01-28 14:50:00,3254.5,3257.75,3254.25,3257.0,28902.0
2020-01-28 14:55:00,3257.0,3258.25,3255.0,3256.0,20888.0
2020-01-28 15:00:00,3256.0,3262.25,3255.75,3258.75,41724.0
2020-01-28 15:05:00,3259.0,3264.5,3257.5,3264.25,40420.0
2020-01-28 15:10:00,3264.25,3266.0,3262.75,3265.75,26286.0
2020-01-28 15:15:00,3266.0,3268.0,3265.75,3266.25,26439.0
2020-01-28 15:20:00,3266.0,3267.25,3265.25,3267.25,19889.0
2020-01-28 15:25:00,3267.25,3272.25,3267.25,3271.5,39768.0
2020-01-28 15:30:00,3271.75,3272.25,3268.75,3271.25,28273.0
2020-01-28 15:35:00,3271.25,3272.5,3271.0,3272.5,17600.0
2020-01-28 15:40:00,3272.25,3275.25,3271.25,3275.0,20208.0
2020-01-28 15:45:00,3275.25,3276.75,3273.75,3273.75,24409.0
2020-01-28 15:50:00,3274.0,3276.25,3272.75,3276.0,23294.0
2020-01-28 15:55:00,3276.0,3276.0,3273.25,3274.5,17586.0
2020-01-28 16:00:00,3274.5,3276.0,3272.25,3272.25,21282.0
2020-01-28 16:05:00,3272.25,3273.75,3271.5,3271.5,19917.0
2020-01-28 16:10:00,3271.75,3273.75,3270.75,3273.5,14755.0
2020-01-28 16:15:00,3273.5,3275.0,3271.75,3274.5,14677.0
2020-01-28 16:20:00,3274.75,3276.0,3273.5,3275.25,20023.0
2020-01-28 16:25:00,3275.5,3277.5,3274.75,3276.5,16642.0
2020-01-28 16:30:00,3276.25,3278.0,3276.0,3277.5,15585.0
2020-01-28 16:35:00,3277.5,3277.75,3275.75,3277.0,11413.0
2020-01-28 16:40:00,3277.0,3277.25,3275.75,3276.75,9038.0
2020-01-28 16:45:00,3277.0,3277.0,3274.0,3275.0,10250.0
2020-01-28 16:50:00,3275.25,3277.5,3274.75,3276.75,9526.0
2020-01-28 16:55:00,3276.75,3278.75,3276.0,3278.25,8668.0
2020-01-28 17:00:00,3278.5,3279.25,3277.5,3277.75,10400.0
2020-01-28 17:05:00,3277.75,3278.5,3276.75,3277.5,6976.0
2020-01-28 17:10:00,3277.5,3279.25,3277.25,3278.5,8418.0
2020-01-28 17:15:00,3278.75,3280.0,3278.0,3279.75,8233.0
2020-01-28 17:20:00,3280.0,3281.0,3279.75,3281.0,12840.0
2020-01-28 17:25:00,3281.0,3281.25,3280.0,3280.25,7769.0
2020-01-28 17:30:00,3280.5,3280.75,3279.5,3280.0,8585.0
2020-01-28 17:35:00,3280.25,3280.25,3278.5,3278.5,7156.0
2020-01-28 17:40:00,3278.75,3279.0,3277.0,3278.0,8732.0
2020-01-28 17:45:00,3278.0,3279.25,3277.75,3278.25,8961.0
2020-01-28 17:50:00,3278.5,3278.75,3276.5,3277.75,10698.0
2020-01-28 17:55:00,3278.0,3278.25,3277.5,3277.5,5319.0
2020-01-28 18:00:00,3277.75,3278.0,3274.5,3274.75,12255.0
2020-01-28 18:05:00,3274.5,3275.5,3274.0,3274.25,11260.0
2020-01-28 18:10:00,3274.5,3275.5,3273.5,3275.0,9917.0
2020-01-28 18:15:00,3275.25,3275.75,3274.0,3274.75,6346.0
2020-01-28 18:20:00,3275.0,3276.0,3274.0,3275.75,8297.0
2020-01-28 18:25:00,3275.75,3276.25,3274.75,3275.25,5948.0
2020-01-28 18:30:00,3275.0,3275.75,3274.0,3275.75,5441.0
2020-01-28 18:35:00,3275.75,3275.75,3272.75,3273.25,9585.0
2020-01-28 18:40:00,3273.25,3275.5,3273.0,3275.5,7142.0
2020-01-28 18:45:00,3275.25,3277.0,3275.0,3276.75,5932.0
2020-01-28 18:50:00,3276.75,3277.5,3276.5,3277.0,4825.0
2020-01-28 18:55:00,3277.0,3278.0,3276.75,3277.25,4063.0
2020-01-28 19:00:00,3277.0,3279.0,3277.0,3279.0,9369.0
2020-01-28 19:05:00,3279.0,3279.5,3278.25,3278.5,4843.0
2020-01-28 19:10:00,3278.75,3280.5,3278.5,3280.25,6052.0
2020-01-28 19:15:00,3280.25,3282.25,3280.25,3281.25,10879.0
2020-01-28 19:20:00,3281.0,3282.25,3280.75,3281.5,7006.0
2020-01-28 19:25:00,3281.25,3281.5,3280.0,3280.0,6768.0
2020-01-28 19:30:00,3280.0,3281.25,3279.75,3281.0,6589.0
2020-01-28 19:35:00,3281.0,3284.0,3280.75,3284.0,16972.0
2020-01-28 19:40:00,3284.0,3284.75,3283.0,3283.5,13608.0
2020-01-28 19:45:00,3283.5,3285.0,3283.5,3283.75,11606.0
2020-01-28 19:50:00,3283.75,3283.75,3280.75,3281.25,15730.0
2020-01-28 19:55:00,3281.25,3282.5,3280.75,3281.0,9523.0
2020-01-28 20:00:00,3280.75,3281.75,3279.75,3280.0,10070.0
2020-01-28 20:05:00,3280.0,3280.75,3278.5,3279.0,11905.0
2020-01-28 20:10:00,3278.75,3279.75,3278.25,3279.5,8662.0
2020-01-28 20:15:00,3279.5,3280.5,3278.25,3279.25,16800.0
2020-01-28 20:20:00,3279.25,3282.75,3279.0,3282.5,11357.0
2020-01-28 20:25:00,3282.5,3283.0,3281.5,3282.25,13637.0
2020-01-28 20:30:00,3282.25,3283.5,3281.25,3281.5,17615.0
2020-01-28 20:35:00,3281.5,3282.5,3279.25,3279.5,12421.0
2020-01-28 20:40:00,3279.25,3279.5,3277.0,3278.75,18928.0
2020-01-28 20:45:00,3279.0,3280.75,3278.5,3280.0,19389.0
2020-01-28 20:50:00,3280.0,3280.75,3276.5,3278.5,41371.0
2020-01-28 20:55:00,3278.5,3280.0,3276.5,3276.75,36763.0
2020-01-28 21:00:00,3276.5,3278.5,3275.0,3278.25,76730.0
2020-01-28 21:05:00,3278.5,3278.5,3276.25,3276.75,15795.0
2020-01-28 21:10:00,3276.75,3279.25,3276.5,3279.0,7334.0
2020-01-28 21:15:00,3279.25,3279.5,3276.75,3277.25,9679.0
2020-01-28 21:30:00,3277.0,3283.25,3277.0,3281.0,9053.0
2020-01-28 21:35:00,3280.75,3282.25,3280.25,3281.25,3394.0
2020-01-28 21:40:00,3281.25,3282.5,3281.0,3282.0,2148.0
2020-01-28 21:45:00,3282.0,3282.5,3281.0,3282.5,2009.0
2020-01-28 21:50:00,3282.5,3284.25,3282.5,3283.5,2761.0
2020-01-28 21:55:00,3283.5,3283.75,3282.25,3282.25,2104.0
2020-01-28 22:00:00,3282.5,3283.0,3282.25,3283.0,702.0
2020-01-28 23:00:00,3281.75,3283.0,3277.25,3279.0,5396.0
2020-01-28 23:05:00,3279.0,3279.5,3274.75,3276.75,4764.0
2020-01-28 23:10:00,3276.75,3277.5,3273.75,3273.75,2161.0
2020-01-28 23:15:00,3273.75,3276.25,3273.75,3275.75,1474.0
2020-01-28 23:20:00,3275.5,3275.75,3274.5,3274.75,983.0
2020-01-28 23:25:00,3274.75,3275.5,3273.75,3275.25,1188.0
2020-01-28 23:30:00,3275.25,3277.75,3275.0,3276.5,2834.0
2020-01-28 23:35:00,3276.5,3276.75,3275.75,3276.0,818.0
2020-01-28 23:40:00,3276.0,3276.0,3275.25,3275.75,774.0
2020-01-28 23:45:00,3275.75,3277.25,3274.75,3277.0,2181.0
2020-01-28 23:50:00,3277.0,3277.5,3275.75,3275.75,1111.0
2020-01-28 23:55:00,3275.75,3276.25,3274.75,3275.0,1098.0
2020-01-29 00:00:00,3275.0,3275.75,3274.0,3274.5,1231.0
2020-01-29 00:05:00,3274.75,3275.25,3273.25,3273.5,2440.0
2020-01-29 00:10:00,3273.5,3275.0,3273.0,3274.75,2009.0
2020-01-29 00:15:00,3274.75,3275.75,3274.75,3275.0,1426.0
2020-01-29 00:20:00,3275.0,3275.25,3274.0,3274.0,817.0
2020-01-29 00:25:00,3274.0,3274.0,3273.25,3273.75,1295.0
2020-01-29 00:30:00,3273.5,3274.25,3273.0,3273.75,1108.0
2020-01-29 00:35:00,3273.5,3274.5,3273.5,3274.25,404.0
2020-01-29 00:40:00,3274.5,3275.25,3274.25,3274.75,691.0
2020-01-29 00:45:00,3274.75,3275.75,3274.75,3275.25,897.0
2020-01-29 00:50:00,3275.25,3275.5,3274.25,3275.0,860.0
2020-01-29 00:55:00,3275.0,3275.0,3273.75,3274.25,759.0
2020-01-29 01:00:00,3274.5,3275.5,3273.75,3274.5,1239.0
2020-01-29 01:05:00,3274.5,3275.5,3274.5,3274.75,525.0
2020-01-29 01:10:00,3274.75,3275.5,3274.75,3275.5,503.0
2020-01-29 01:15:00,3275.75,3282.75,3275.75,3281.75,7005.0
2020-01-29 01:20:00,3281.75,3282.75,3280.75,3281.75,2969.0
2020-01-29 01:25:00,3281.75,3284.0,3281.75,3283.0,3836.0
2020-01-29 01:30:00,3283.0,3284.75,3282.25,3283.25,3565.0
2020-01-29 01:35:00,3283.0,3284.25,3282.25,3284.25,2222.0
2020-01-29 01:40:00,3284.5,3288.5,3284.0,3288.25,5536.0
2020-01-29 01:45:00,3288.25,3289.0,3287.25,3288.0,3595.0
2020-01-29 01:50:00,3288.0,3289.0,3286.5,3288.25,2912.0
2020-01-29 01:55:00,3288.25,3288.25,3286.25,3286.25,2131.0
2020-01-29 02:00:00,3286.25,3286.5,3285.0,3285.25,2012.0
2020-01-29 02:05:00,3285.25,3287.25,3285.0,3286.75,1879.0
2020-01-29 02:10:00,3286.75,3287.25,3286.25,3286.75,884.0
2020-01-29 02:15:00,3286.75,3288.0,3286.5,3287.25,1073.0
2020-01-29 02:20:00,3287.5,3288.25,3287.25,3287.5,1498.0
2020-01-29 02:25:00,3287.25,3287.25,3286.0,3287.0,1274.0
2020-01-29 02:30:00,3286.75,3287.25,3286.0,3286.0,651.0
2020-01-29 02:35:00,3286.25,3286.75,3285.75,3286.25,521.0
2020-01-29 02:40:00,3286.25,3286.5,3286.0,3286.25,502.0
2020-01-29 02:45:00,3286.25,3286.5,3286.0,3286.25,417.0
2020-01-29 02:50:00,3286.25,3288.0,3286.0,3287.25,901.0
2020-01-29 02:55:00,3287.5,3287.75,3287.0,3287.5,410.0
2020-01-29 03:00:00,3287.5,3287.75,3286.75,3286.75,464.0
2020-01-29 03:05:00,3287.0,3288.0,3286.75,3288.0,599.0
2020-01-29 03:10:00,3288.0,3288.75,3287.5,3288.75,964.0
2020-01-29 03:15:00,3288.75,3290.75,3288.75,3290.0,2904.0
2020-01-29 03:20:00,3290.0,3290.25,3289.25,3289.75,914.0
2020-01-29 03:25:00,3289.5,3290.0,3289.0,3289.0,622.0
2020-01-29 03:30:00,3289.0,3289.25,3288.5,3289.0,693.0
2020-01-29 03:35:00,3289.0,3289.25,3288.5,3288.5,509.0
2020-01-29 03:40:00,3288.5,3288.75,3288.0,3288.5,683.0
2020-01-29 03:45:00,3288.5,3289.0,3288.25,3289.0,581.0
2020-01-29 03:50:00,3289.0,3289.75,3289.0,3289.25,586.0
2020-01-29 03:55:00,3289.25,3289.75,3288.75,3289.75,366.0
2020-01-29 04:00:00,3289.75,3290.0,3288.75,3289.0,446.0
2020-01-29 04:05:00,3289.0,3289.5,3288.5,3288.5,391.0
2020-01-29 04:10:00,3288.5,3288.5,3287.75,3288.0,639.0
2020-01-29 04:15:00,3288.0,3288.5,3287.75,3287.75,517.0
2020-01-29 04:20:00,3287.75,3288.5,3287.5,3288.25,418.0
2020-01-29 04:25:00,3288.25,3288.75,3287.75,3288.0,555.0
2020-01-29 04:30:00,3287.75,3288.0,3287.25,3287.25,524.0
2020-01-29 04:35:00,3287.25,3287.75,3287.25,3287.25,456.0
2020-01-29 04:40:00,3287.25,3287.5,3287.0,3287.5,553.0
2020-01-29 04:45:00,3287.5,3287.5,3287.25,3287.25,429.0
2020-01-29 04:50:00,3287.25,3287.25,3287.0,3287.0,356.0
2020-01-29 04:55:00,3287.0,3288.0,3287.0,3288.0,268.0
2020-01-29 05:00:00,3287.75,3289.0,3287.75,3288.5,634.0
2020-01-29 05:05:00,3288.5,3288.75,3287.5,3287.5,465.0
2020-01-29 05:10:00,3287.5,3287.75,3287.0,3287.25,766.0
2020-01-29 05:15:00,3287.25,3287.25,3286.75,3286.75,393.0
2020-01-29 05:20:00,3286.75,3287.25,3286.5,3286.5,352.0
2020-01-29 05:25:00,3286.5,3287.0,3286.5,3287.0,405.0
2020-01-29 05:30:00,3287.0,3287.75,3286.75,3287.25,381.0
2020-01-29 05:35:00,3287.25,3287.75,3286.75,3287.25,542.0
2020-01-29 05:40:00,3287.25,3287.5,3287.0,3287.25,277.0
2020-01-29 05:45:00,3287.25,3287.25,3286.5,3286.5,525.0
2020-01-29 05:50:00,3286.75,3287.25,3286.5,3287.0,367.0
2020-01-29 05:55:00,3287.0,3287.0,3286.5,3287.0,285.0
2020-01-29 06:00:00,3286.75,3287.75,3286.5,3287.0,759.0
2020-01-29 06:05:00,3287.0,3287.5,3287.0,3287.25,724.0
2020-01-29 06:10:00,3287.25,3287.5,3286.5,3287.0,813.0
2020-01-29 06:15:00,3287.0,3287.5,3287.0,3287.25,332.0
2020-01-29 06:20:00,3287.25,3287.25,3287.0,3287.0,313.0
2020-01-29 06:25:00,3287.25,3287.25,3285.5,3285.5,902.0
2020-01-29 06:30:00,3285.75,3286.0,3285.25,3285.25,938.0
2020-01-29 06:35:00,3285.0,3285.25,3284.75,3285.0,529.0
2020-01-29 06:40:00,3285.25,3285.5,3285.0,3285.25,256.0
2020-01-29 06:45:00,3285.25,3285.75,3285.0,3285.75,277.0
2020-01-29 06:50:00,3285.5,3285.5,3284.5,3285.0,430.0
2020-01-29 06:55:00,3285.0,3285.25,3284.5,3285.0,356.0
2020-01-29 07:00:00,3285.0,3285.25,3283.5,3284.0,1358.0
2020-01-29 07:05:00,3284.0,3284.25,3283.0,3283.25,1064.0
2020-01-29 07:10:00,3283.25,3283.25,3282.5,3283.25,1104.0
2020-01-29 07:15:00,3283.25,3284.75,3283.0,3284.25,1507.0
2020-01-29 07:20:00,3284.0,3284.5,3283.75,3284.25,899.0
2020-01-29 07:25:00,3284.25,3284.5,3283.5,3283.75,723.0
2020-01-29 07:30:00,3283.75,3284.5,3283.5,3284.25,896.0
2020-01-29 07:35:00,3284.5,3285.0,3284.25,3284.75,755.0
2020-01-29 07:40:00,3284.75,3284.75,3283.75,3284.5,688.0
2020-01-29 07:45:00,3284.25,3285.25,3284.0,3285.0,620.0
2020-01-29 07:50:00,3285.0,3285.0,3284.25,3284.25,816.0
2020-01-29 07:55:00,3284.25,3285.25,3284.25,3284.5,1197.0
2020-01-29 08:00:00,3284.5,3285.0,3281.25,3282.25,4486.0
2020-01-29 08:05:00,3282.0,3283.25,3281.5,3283.0,2811.0
2020-01-29 08:10:00,3283.0,3286.0,3283.0,3284.25,2941.0
2020-01-29 08:15:00,3284.25,3287.0,3284.25,3286.75,2188.0
2020-01-29 08:20:00,3286.75,3289.0,3286.25,3289.0,2507.0
2020-01-29 08:25:00,3289.0,3289.5,3287.25,3288.0,3868.0
2020-01-29 08:30:00,3288.0,3290.0,3287.5,3288.25,3856.0
2020-01-29 08:35:00,3288.0,3288.25,3286.25,3286.5,2494.0
2020-01-29 08:40:00,3286.5,3287.25,3285.5,3285.75,1883.0
2020-01-29 08:45:00,3285.75,3286.25,3285.0,3286.25,1594.0
2020-01-29 08:50:00,3286.25,3287.5,3286.0,3287.25,1898.0
2020-01-29 08:55:00,3287.25,3287.5,3285.5,3286.5,1661.0
2020-01-29 09:00:00,3286.5,3288.5,3286.25,3288.0,1675.0
2020-01-29 09:05:00,3288.0,3288.5,3287.25,3287.75,1768.0
2020-01-29 09:10:00,3287.75,3288.0,3284.5,3284.75,3363.0
2020-01-29 09:15:00,3285.0,3285.25,3283.75,3284.5,2250.0
2020-01-29 09:20:00,3284.5,3284.5,3282.0,3282.25,2562.0
2020-01-29 09:25:00,3282.0,3282.75,3281.25,3282.75,2908.0
2020-01-29 09:30:00,3283.0,3283.75,3281.75,3283.25,2328.0
2020-01-29 09:35:00,3283.25,3284.25,3283.0,3283.5,1607.0
2020-01-29 09:40:00,3283.75,3284.0,3282.5,3283.25,1442.0
2020-01-29 09:45:00,3283.25,3284.0,3282.25,3283.0,2251.0
2020-01-29 09:50:00,3283.0,3283.25,3281.5,3282.0,1021.0
2020-01-29 09:55:00,3281.75,3283.25,3281.5,3283.0,1173.0
2020-01-29 10:00:00,3282.75,3284.25,3282.5,3283.0,1387.0
2020-01-29 10:05:00,3283.0,3285.0,3282.75,3284.75,983.0
2020-01-29 10:10:00,3284.75,3285.0,3284.0,3284.25,710.0
2020-01-29 10:15:00,3284.25,3285.0,3283.0,3283.25,842.0
2020-01-29 10:20:00,3283.0,3284.25,3282.75,3284.0,653.0
2020-01-29 10:25:00,3284.25,3284.25,3283.5,3284.0,919.0
2020-01-29 10:30:00,3284.0,3285.5,3284.0,3284.75,1659.0
2020-01-29 10:35:00,3284.5,3284.75,3283.75,3284.75,867.0
2020-01-29 10:40:00,3284.75,3285.25,3284.25,3284.5,1420.0
2020-01-29 10:45:00,3284.75,3285.0,3284.25,3284.25,664.0
2020-01-29 10:50:00,3284.25,3286.75,3284.25,3286.75,1435.0
2020-01-29 10:55:00,3286.75,3288.25,3286.5,3287.25,2180.0
2020-01-29 11:00:00,3287.25,3289.0,3287.0,3288.25,2727.0
2020-01-29 11:05:00,3288.25,3289.25,3287.75,3288.75,2455.0
2020-01-29 11:10:00,3288.75,3288.75,3287.25,3287.25,1585.0
2020-01-29 11:15:00,3287.25,3287.5,3286.0,3286.5,1427.0
2020-01-29 11:20:00,3286.25,3286.75,3286.0,3286.25,1653.0
2020-01-29 11:25:00,3286.0,3287.5,3286.0,3287.25,1153.0
2020-01-29 11:30:00,3287.25,3287.5,3286.5,3286.75,1103.0
2020-01-29 11:35:00,3286.75,3287.5,3286.75,3287.25,1493.0
2020-01-29 11:40:00,3287.25,3288.75,3287.25,3288.5,1680.0
2020-01-29 11:45:00,3288.25,3288.75,3287.75,3288.5,702.0
2020-01-29 11:50:00,3288.5,3289.0,3288.0,3288.25,982.0
2020-01-29 11:55:00,3288.25,3290.0,3288.0,3289.75,1647.0
2020-01-29 12:00:00,3289.75,3291.25,3289.5,3290.75,5831.0
2020-01-29 12:05:00,3290.5,3291.5,3290.0,3291.25,2221.0
2020-01-29 12:10:00,3291.25,3291.75,3290.25,3291.75,1485.0
2020-01-29 12:15:00,3291.75,3291.75,3290.25,3290.75,2189.0
2020-01-29 12:20:00,3290.5,3290.75,3289.25,3289.75,2994.0
2020-01-29 12:25:00,3289.75,3290.75,3289.5,3289.5,2104.0
2020-01-29 12:30:00,3289.75,3290.0,3287.75,3288.75,6535.0
2020-01-29 12:35:00,3288.75,3291.5,3288.5,3290.75,4076.0
2020-01-29 12:40:00,3290.75,3290.75,3289.0,3289.25,1907.0
2020-01-29 12:45:00,3289.25,3291.0,3288.25,3288.5,4963.0
2020-01-29 12:50:00,3288.5,3289.25,3288.5,3289.0,1639.0
2020-01-29 12:55:00,3289.25,3289.25,3288.25,3288.5,2096.0
2020-01-29 13:00:00,3288.75,3290.25,3288.5,3289.5,2772.0
2020-01-29 13:05:00,3289.75,3290.0,3289.0,3289.25,1708.0
2020-01-29 13:10:00,3289.25,3290.0,3288.5,3289.25,2237.0
2020-01-29 13:15:00,3289.25,3290.0,3289.0,3289.5,1736.0
2020-01-29 13:20:00,3289.5,3290.25,3287.75,3290.0,4136.0
2020-01-29 13:25:00,3290.0,3290.5,3288.75,3288.75,2403.0
2020-01-29 13:30:00,3289.0,3289.5,3287.25,3287.5,4720.0
2020-01-29 13:35:00,3287.5,3287.75,3286.75,3287.5,2512.0
2020-01-29 13:40:00,3287.5,3288.0,3285.5,3285.5,4548.0
2020-01-29 13:45:00,3285.5,3286.5,3285.25,3286.25,3628.0
2020-01-29 13:50:00,3286.25,3286.75,3285.75,3286.25,2676.0
2020-01-29 13:55:00,3286.25,3287.75,3286.25,3286.5,2977.0
2020-01-29 14:00:00,3286.5,3287.25,3285.75,3286.25,3032.0
2020-01-29 14:05:00,3286.5,3287.5,3286.25,3287.5,2530.0
2020-01-29 14:10:00,3287.5,3288.25,3287.25,3288.0,2012.0
2020-01-29 14:15:00,3288.0,3288.5,3287.5,3288.25,1781.0
2020-01-29 14:20:00,3288.5,3289.75,3288.0,3289.0,4398.0
2020-01-29 14:25:00,3289.0,3289.75,3288.5,3289.5,3799.0
2020-01-29 14:30:00,3289.5,3291.25,3287.75,3289.75,39063.0
2020-01-29 14:35:00,3289.75,3290.75,3287.5,3287.75,28258.0
2020-01-29 14:40:00,3287.5,3289.0,3285.75,3287.75,25919.0
2020-01-29 14:45:00,3287.75,3288.25,3284.0,3284.25,21474.0
2020-01-29 14:50:00,3284.25,3285.25,3282.25,3284.5,26901.0
2020-01-29 14:55:00,3284.25,3284.25,3277.75,3279.0,31411.0
2020-01-29 15:00:00,3278.75,3279.75,3273.5,3275.5,39479.0
2020-01-29 15:05:00,3275.5,3275.75,3270.75,3272.75,48609.0
2020-01-29 15:10:00,3272.5,3274.5,3270.25,3273.0,37401.0
2020-01-29 15:15:00,3273.0,3276.25,3272.5,3274.25,29248.0
2020-01-29 15:20:00,3274.5,3277.25,3273.25,3277.0,22659.0
2020-01-29 15:25:00,3277.0,3279.0,3276.0,3278.75,19006.0
2020-01-29 15:30:00,3278.75,3280.25,3278.0,3279.0,19948.0
2020-01-29 15:35:00,3279.25,3280.0,3277.25,3279.25,22953.0
2020-01-29 15:40:00,3279.5,3281.75,3279.25,3280.5,22395.0
2020-01-29 15:45:00,3280.5,3282.25,3280.0,3281.5,15875.0
2020-01-29 15:50:00,3281.5,3285.25,3281.25,3284.5,19113.0
2020-01-29 15:55:00,3284.5,3285.25,3283.5,3284.0,12124.0
2020-01-29 16:00:00,3284.0,3285.75,3284.0,3285.0,10223.0
2020-01-29 16:05:00,3285.0,3286.0,3283.25,3284.0,11914.0
2020-01-29 16:10:00,3284.0,3284.75,3282.25,3284.0,8627.0
2020-01-29 16:15:00,3284.0,3285.75,3283.5,3283.5,12111.0
2020-01-29 16:20:00,3283.5,3286.0,3282.75,3285.5,10957.0
2020-01-29 16:25:00,3285.75,3287.0,3285.25,3287.0,12724.0
2020-01-29 16:30:00,3287.0,3287.0,3285.0,3285.25,13311.0
2020-01-29 16:35:00,3285.0,3285.75,3283.0,3283.5,19456.0
2020-01-29 16:40:00,3283.5,3284.25,3282.5,3283.5,11738.0
2020-01-29 16:45:00,3283.25,3285.75,3282.75,3285.5,8837.0
2020-01-29 16:50:00,3285.5,3285.75,3283.75,3285.25,9187.0
2020-01-29 16:55:00,3285.0,3286.25,3285.0,3285.75,9856.0
2020-01-29 17:00:00,3285.75,3286.25,3284.75,3285.25,10950.0
2020-01-29 17:05:00,3285.5,3286.75,3285.25,3286.0,6286.0
2020-01-29 17:10:00,3286.25,3286.25,3285.25,3286.0,5260.0
2020-01-29 17:15:00,3286.25,3287.25,3286.0,3287.0,5977.0
2020-01-29 17:20:00,3287.25,3287.25,3285.75,3286.0,8251.0
2020-01-29 17:25:00,3286.25,3286.5,3285.25,3285.75,6260.0
2020-01-29 17:30:00,3286.0,3286.5,3285.25,3285.25,6773.0
2020-01-29 17:35:00,3285.5,3285.5,3284.75,3285.0,5917.0
2020-01-29 17:40:00,3285.0,3285.5,3284.0,3284.5,8361.0
2020-01-29 17:45:00,3284.5,3285.5,3284.5,3285.0,5338.0
2020-01-29 17:50:00,3285.25,3286.25,3284.75,3286.25,4382.0
2020-01-29 17:55:00,3286.25,3286.25,3284.0,3284.5,5281.0
2020-01-29 18:00:00,3284.75,3285.25,3284.25,3285.0,4560.0
2020-01-29 18:05:00,3285.0,3285.5,3283.25,3283.25,6877.0
2020-01-29 18:10:00,3283.25,3284.5,3283.0,3284.5,5424.0
2020-01-29 18:15:00,3284.25,3286.5,3284.0,3286.25,5418.0
2020-01-29 18:20:00,3286.5,3287.0,3286.0,3286.75,4047.0
2020-01-29 18:25:00,3286.75,3287.75,3286.5,3287.25,7532.0
2020-01-29 18:30:00,3287.25,3289.0,3287.25,3288.75,8173.0
2020-01-29 18:35:00,3289.0,3289.5,3287.75,3288.5,8168.0
2020-01-29 18:40:00,3288.5,3288.75,3287.25,3287.5,5622.0
2020-01-29 18:45:00,3287.75,3288.5,3287.5,3288.25,6315.0
2020-01-29 18:50:00,3288.25,3288.75,3286.75,3287.0,6292.0
2020-01-29 18:55:00,3286.75,3287.5,3285.75,3286.75,5050.0
2020-01-29 19:00:00,3286.75,3289.5,3284.0,3289.5,16115.0
2020-01-29 19:05:00,3289.5,3292.75,3289.25,3290.25,22748.0
2020-01-29 19:10:00,3290.25,3290.75,3288.25,3288.5,10831.0
2020-01-29 19:15:00,3288.5,3289.25,3287.75,3288.75,8160.0
2020-01-29 19:20:00,3288.75,3290.0,3287.25,3288.0,11120.0
2020-01-29 19:25:00,3288.0,3288.25,3286.25,3288.0,5928.0
2020-01-29 19:30:00,3287.75,3289.0,3287.0,3288.0,7823.0
2020-01-29 19:35:00,3288.25,3289.0,3285.5,3288.5,17225.0
2020-01-29 19:40:00,3288.5,3288.75,3285.75,3287.25,15134.0
2020-01-29 19:45:00,3287.5,3288.0,3285.0,3286.0,12038.0
2020-01-29 19:50:00,3286.0,3287.25,3284.25,3284.5,12003.0
2020-01-29 19:55:00,3284.75,3286.0,3284.25,3284.75,8918.0
2020-01-29 20:00:00,3284.75,3285.25,3279.5,3280.0,19457.0
2020-01-29 20:05:00,3280.0,3283.0,3279.0,3282.25,18940.0
2020-01-29 20:10:00,3282.25,3283.5,3279.25,3279.5,21479.0
2020-01-29 20:15:00,3279.25,3280.25,3275.25,3277.25,27139.0
2020-01-29 20:20:00,3277.0,3278.5,3273.5,3273.5,19935.0
2020-01-29 20:25:00,3273.5,3280.75,3273.5,3280.5,30035.0
2020-01-29 20:30:00,3280.5,3282.5,3279.0,3282.0,19674.0
2020-01-29 20:35:00,3281.75,3282.25,3279.5,3280.25,12947.0
2020-01-29 20:40:00,3280.25,3280.5,3275.75,3277.25,24562.0
2020-01-29 20:45:00,3277.5,3278.5,3275.5,3278.0,16567.0
2020-01-29 20:50:00,3278.0,3278.0,3275.0,3275.25,23215.0
2020-01-29 20:55:00,3275.25,3276.25,3272.5,3273.0,31820.0
2020-01-29 21:00:00,3273.0,3274.25,3271.5,3273.75,66253.0
2020-01-29 21:05:00,3274.0,3275.0,3269.5,3271.75,26555.0
2020-01-29 21:10:00,3271.75,3274.5,3271.25,3273.75,9325.0
2020-01-29 21:15:00,3273.5,3273.75,3271.25,3271.25,7099.0
2020-01-29 21:30:00,3270.0,3270.75,3266.5,3266.75,6545.0
2020-01-29 21:35:00,3267.0,3268.25,3265.25,3267.0,4340.0
2020-01-29 21:40:00,3266.75,3269.0,3266.75,3267.75,1994.0
2020-01-29 21:45:00,3267.75,3269.75,3267.0,3269.75,1822.0
2020-01-29 21:50:00,3269.75,3269.75,3267.75,3268.0,1540.0
2020-01-29 21:55:00,3268.0,3271.75,3268.0,3271.0,2440.0
2020-01-29 22:00:00,3270.75,3271.25,3270.25,3270.75,527.0
2020-01-29 23:00:00,3271.5,3276.25,3270.25,3276.0,4933.0
2020-01-29 23:05:00,3275.75,3277.0,3275.25,3275.75,2503.0
2020-01-29 23:10:00,3275.75,3276.0,3274.5,3276.0,1447.0
2020-01-29 23:15:00,3276.0,3277.5,3275.75,3277.0,1627.0
2020-01-29 23:20:00,3277.0,3277.0,3275.25,3275.75,708.0
2020-01-29 23:25:00,3275.75,3275.75,3275.25,3275.5,438.0
2020-01-29 23:30:00,3275.5,3276.25,3275.25,3275.75,602.0
2020-01-29 23:35:00,3275.75,3275.75,3274.75,3275.25,1010.0
2020-01-29 23:40:00,3275.25,3276.25,3275.0,3275.25,865.0
2020-01-29 23:45:00,3275.25,3275.75,3273.5,3273.75,1097.0
2020-01-29 23:50:00,3273.75,3274.0,3271.25,3273.0,1746.0
2020-01-29 23:55:00,3273.0,3274.0,3272.75,3273.75,818.0
2020-01-30 00:00:00,3273.5,3274.5,3272.75,3274.5,1505.0
2020-01-30 00:05:00,3274.5,3274.75,3272.0,3272.75,1302.0
2020-01-30 00:10:00,3272.75,3273.0,3271.0,3271.75,1022.0
2020-01-30 00:15:00,3272.0,3273.0,3271.0,3271.0,1389.0
2020-01-30 00:20:00,3270.75,3272.0,3268.25,3268.5,2424.0
2020-01-30 00:25:00,3268.75,3269.0,3264.5,3267.75,4970.0
2020-01-30 00:30:00,3267.75,3268.0,3264.75,3266.5,2803.0
2020-01-30 00:35:00,3266.75,3267.25,3266.25,3266.75,1022.0
2020-01-30 00:40:00,3266.75,3268.75,3266.75,3267.75,1494.0
2020-01-30 00:45:00,3267.75,3269.0,3267.75,3268.5,1835.0
2020-01-30 00:50:00,3268.5,3269.25,3267.0,3268.0,2033.0
2020-01-30 00:55:00,3268.25,3268.5,3267.75,3267.75,741.0
2020-01-30 01:00:00,3267.75,3269.0,3266.75,3267.75,1248.0
2020-01-30 01:05:00,3267.75,3268.0,3266.75,3267.75,902.0
2020-01-30 01:10:00,3267.5,3267.5,3263.75,3264.75,3549.0
2020-01-30 01:15:00,3264.75,3267.0,3263.5,3265.75,2665.0
2020-01-30 01:20:00,3265.75,3266.25,3264.25,3266.25,1607.0
2020-01-30 01:25:00,3266.25,3266.75,3265.25,3266.25,1120.0
2020-01-30 01:30:00,3266.25,3269.25,3265.5,3269.0,2383.0
2020-01-30 01:35:00,3269.0,3269.5,3266.25,3266.75,2413.0
2020-01-30 01:40:00,3266.75,3267.5,3265.25,3267.25,1467.0
2020-01-30 01:45:00,3267.25,3267.75,3266.0,3266.25,1283.0
2020-01-30 01:50:00,3266.25,3266.5,3265.25,3266.25,1282.0
2020-01-30 01:55:00,3266.25,3266.25,3264.5,3265.75,1085.0
2020-01-30 02:00:00,3265.5,3266.0,3264.0,3264.25,1986.0
2020-01-30 02:05:00,3264.25,3264.5,3262.25,3263.75,2610.0
2020-01-30 02:10:00,3263.75,3263.75,3261.75,3262.25,2235.0
2020-01-30 02:15:00,3262.0,3262.75,3261.5,3261.75,1838.0
2020-01-30 02:20:00,3261.5,3262.25,3259.25,3259.5,3647.0
2020-01-30 02:25:00,3259.5,3259.75,3257.0,3258.0,6773.0
2020-01-30 02:30:00,3258.0,3259.5,3256.5,3259.25,3757.0
2020-01-30 02:35:00,3259.25,3259.75,3257.0,3257.5,2235.0
2020-01-30 02:40:00,3257.5,3258.75,3257.0,3258.25,2280.0
2020-01-30 02:45:00,3258.25,3258.25,3255.5,3257.25,4610.0
2020-01-30 02:50:00,3257.25,3257.5,3255.25,3256.0,2621.0
2020-01-30 02:55:00,3256.25,3257.0,3253.25,3256.75,4721.0
2020-01-30 03:00:00,3257.0,3257.5,3255.75,3256.5,1887.0
2020-01-30 03:05:00,3256.75,3258.5,3256.75,3258.25,1590.0
2020-01-30 03:10:00,3258.25,3259.25,3258.25,3259.25,1408.0
2020-01-30 03:15:00,3259.25,3261.0,3258.5,3259.25,3132.0
2020-01-30 03:20:00,3259.5,3259.5,3258.0,3258.25,1106.0
2020-01-30 03:25:00,3258.25,3259.25,3257.5,3258.75,1382.0
2020-01-30 03:30:00,3258.75,3259.25,3258.0,3259.0,1282.0
2020-01-30 03:35:00,3258.75,3259.25,3257.25,3257.5,890.0
2020-01-30 03:40:00,3257.25,3257.25,3255.0,3256.25,2212.0
2020-01-30 03:45:00,3256.25,3256.25,3254.5,3254.5,1463.0
2020-01-30 03:50:00,3254.75,3254.75,3251.5,3252.75,4011.0
2020-01-30 03:55:00,3253.0,3254.5,3252.5,3253.75,1292.0
2020-01-30 04:00:00,3253.75,3254.25,3252.0,3252.25,1468.0
2020-01-30 04:05:00,3252.25,3252.5,3251.5,3252.0,1553.0
2020-01-30 04:10:00,3252.25,3253.75,3252.0,3253.25,1104.0
2020-01-30 04:15:00,3253.25,3254.0,3253.0,3253.75,739.0
2020-01-30 04:20:00,3253.5,3254.0,3253.0,3254.0,945.0
2020-01-30 04:25:00,3254.0,3254.5,3252.5,3252.5,1672.0
2020-01-30 04:30:00,3252.5,3253.5,3252.0,3253.25,1226.0
2020-01-30 04:35:00,3253.25,3254.0,3252.75,3253.75,952.0
2020-01-30 04:40:00,3254.0,3254.5,3253.75,3254.25,668.0
2020-01-30 04:45:00,3254.0,3254.25,3252.75,3253.5,677.0
2020-01-30 04:50:00,3253.5,3253.5,3252.5,3253.25,592.0
2020-01-30 04:55:00,3253.25,3253.25,3252.5,3253.25,710.0
2020-01-30 05:00:00,3253.5,3254.25,3252.0,3252.25,1695.0
2020-01-30 05:05:00,3252.25,3253.5,3251.0,3251.0,1785.0
2020-01-30 05:10:00,3251.0,3252.5,3250.75,3251.25,1786.0
2020-01-30 05:15:00,3251.0,3251.75,3250.75,3251.0,1267.0
2020-01-30 05:20:00,3250.75,3252.75,3250.0,3252.25,2702.0
2020-01-30 05:25:00,3252.25,3253.25,3252.25,3252.5,1193.0
2020-01-30 05:30:00,3252.75,3254.0,3252.0,3252.75,1609.0
2020-01-30 05:35:00,3252.5,3252.75,3251.25,3251.25,1382.0
2020-01-30 05:40:00,3251.5,3252.25,3250.75,3251.75,1178.0
2020-01-30 05:45:00,3251.75,3253.75,3251.0,3253.75,1245.0
2020-01-30 05:50:00,3253.75,3257.0,3253.25,3255.0,3322.0
2020-01-30 05:55:00,3255.25,3255.25,3253.0,3254.0,1557.0
2020-01-30 06:00:00,3253.75,3254.5,3253.0,3254.0,1580.0
2020-01-30 06:05:00,3254.0,3254.0,3252.75,3254.0,1066.0
2020-01-30 06:10:00,3254.0,3255.75,3253.5,3255.5,2128.0
2020-01-30 06:15:00,3255.5,3256.0,3255.25,3255.75,742.0
2020-01-30 06:20:00,3255.75,3256.0,3253.75,3254.25,877.0
2020-01-30 06:25:00,3254.25,3255.0,3253.75,3254.5,750.0
2020-01-30 06:30:00,3254.25,3254.5,3252.0,3252.75,1544.0
2020-01-30 06:35:00,3252.75,3254.25,3252.5,3254.0,1004.0
2020-01-30 06:40:00,3254.0,3254.0,3253.25,3253.5,513.0
2020-01-30 06:45:00,3253.5,3254.0,3251.75,3252.0,1490.0
2020-01-30 06:50:00,3252.0,3252.0,3251.0,3251.75,921.0
2020-01-30 06:55:00,3251.75,3252.25,3251.5,3251.75,954.0
2020-01-30 07:00:00,3251.75,3253.25,3248.0,3248.0,5589.0
2020-01-30 07:05:00,3248.0,3248.25,3243.25,3243.5,10740.0
2020-01-30 07:10:00,3243.5,3246.25,3243.25,3246.25,3914.0
2020-01-30 07:15:00,3246.5,3246.75,3244.0,3244.25,5238.0
2020-01-30 07:20:00,3244.0,3245.0,3242.25,3244.25,4348.0
2020-01-30 07:25:00,3244.25,3245.0,3242.25,3243.5,3810.0
2020-01-30 07:30:00,3243.5,3245.75,3243.25,3244.75,4017.0
2020-01-30 07:35:00,3244.75,3244.75,3241.5,3241.5,4027.0
2020-01-30 07:40:00,3241.5,3243.25,3239.75,3243.0,5963.0
2020-01-30 07:45:00,3243.25,3247.25,3242.75,3247.0,4255.0
2020-01-30 07:50:00,3247.0,3247.5,3244.5,3245.0,3600.0
2020-01-30 07:55:00,3245.0,3246.0,3244.75,3245.0,2059.0
2020-01-30 08:00:00,3245.0,3245.75,3241.25,3242.0,6111.0
2020-01-30 08:05:00,3242.0,3250.0,3241.5,3249.25,9110.0
2020-01-30 08:10:00,3249.25,3249.75,3247.0,3248.75,5078.0
2020-01-30 08:15:00,3248.75,3249.5,3247.0,3247.5,3217.0
2020-01-30 08:20:00,3247.5,3248.0,3243.25,3246.5,7038.0
2020-01-30 08:25:00,3246.75,3249.25,3246.25,3248.5,3201.0
2020-01-30 08:30:00,3248.5,3248.75,3245.25,3245.25,3857.0
2020-01-30 08:35:00,3245.5,3247.5,3244.75,3247.25,3582.0
2020-01-30 08:40:00,3247.25,3249.0,3246.75,3248.75,3360.0
2020-01-30 08:45:00,3248.75,3249.75,3248.0,3248.5,3734.0
2020-01-30 08:50:00,3248.5,3250.25,3247.75,3248.5,2742.0
2020-01-30 08:55:00,3248.5,3250.5,3248.0,3249.75,2686.0
2020-01-30 09:00:00,3250.0,3250.25,3248.5,3249.25,2193.0
2020-01-30 09:05:00,3249.25,3254.25,3248.0,3252.0,9749.0
2020-01-30 09:10:00,3252.0,3253.75,3251.75,3252.25,4609.0
2020-01-30 09:15:00,3252.0,3253.0,3252.0,3252.75,2212.0
2020-01-30 09:20:00,3252.5,3257.75,3252.5,3257.5,9058.0
2020-01-30 09:25:00,3257.5,3258.75,3256.5,3257.25,5604.0
2020-01-30 09:30:00,3257.25,3257.5,3253.75,3254.0,4101.0
2020-01-30 09:35:00,3254.0,3255.75,3253.5,3255.0,2326.0
2020-01-30 09:40:00,3255.0,3255.25,3251.75,3253.25,2878.0
2020-01-30 09:45:00,3253.25,3253.5,3251.5,3251.75,2155.0
2020-01-30 09:50:00,3252.0,3254.25,3251.75,3254.0,2079.0
2020-01-30 09:55:00,3254.25,3254.75,3253.0,3253.25,1405.0
2020-01-30 10:00:00,3253.0,3253.75,3250.75,3252.5,2881.0
2020-01-30 10:05:00,3252.5,3254.25,3251.5,3251.75,2305.0
2020-01-30 10:10:00,3251.75,3253.0,3251.75,3252.5,2365.0
2020-01-30 10:15:00,3252.5,3254.0,3250.25,3252.0,3453.0
2020-01-30 10:20:00,3251.75,3252.0,3250.75,3251.75,2107.0
2020-01-30 10:25:00,3251.5,3252.25,3250.25,3251.5,1645.0
2020-01-30 10:30:00,3251.5,3251.75,3249.5,3251.0,3248.0
2020-01-30 10:35:00,3251.0,3251.0,3249.75,3250.75,2020.0
2020-01-30 10:40:00,3250.75,3251.75,3250.0,3251.5,1604.0
2020-01-30 10:45:00,3251.5,3253.5,3250.75,3253.25,2134.0
2020-01-30 10:50:00,3253.25,3253.75,3252.75,3253.25,1473.0
2020-01-30 10:55:00,3253.25,3253.5,3250.5,3251.25,2406.0
2020-01-30 11:00:00,3251.25,3251.5,3249.25,3249.75,1990.0
2020-01-30 11:05:00,3249.75,3251.0,3248.5,3248.75,3131.0
2020-01-30 11:10:00,3248.5,3248.5,3247.0,3247.25,3566.0
2020-01-30 11:15:00,3247.25,3247.25,3245.25,3245.5,4076.0
2020-01-30 11:20:00,3245.5,3246.25,3243.5,3244.5,3098.0
2020-01-30 11:25:00,3244.25,3245.0,3242.75,3244.5,4921.0
2020-01-30 11:30:00,3244.5,3247.5,3244.5,3247.25,3863.0
2020-01-30 11:35:00,3247.0,3247.5,3246.0,3247.0,2668.0
2020-01-30 11:40:00,3247.0,3248.75,3247.0,3248.0,3097.0
2020-01-30 11:45:00,3247.75,3249.5,3247.75,3249.5,1876.0
2020-01-30 11:50:00,3249.25,3250.5,3247.25,3247.5,2732.0
2020-01-30 11:55:00,3247.5,3247.75,3247.0,3247.0,1192.0
2020-01-30 12:00:00,3247.0,3249.75,3246.75,3249.25,5279.0
2020-01-30 12:05:00,3249.25,3249.75,3247.0,3248.75,2823.0
2020-01-30 12:10:00,3248.75,3250.0,3248.25,3249.25,2604.0
2020-01-30 12:15:00,3249.25,3250.5,3249.0,3250.25,2328.0
2020-01-30 12:20:00,3250.5,3250.75,3247.5,3247.75,3120.0
2020-01-30 12:25:00,3247.75,3248.25,3246.75,3247.25,2868.0
2020-01-30 12:30:00,3247.0,3247.5,3245.25,3246.0,2650.0
2020-01-30 12:35:00,3246.25,3246.5,3245.25,3246.25,2015.0
2020-01-30 12:40:00,3246.25,3248.5,3246.25,3248.5,4140.0
2020-01-30 12:45:00,3248.5,3248.75,3246.25,3247.25,2727.0
2020-01-30 12:50:00,3247.5,3247.5,3246.0,3246.25,1874.0
2020-01-30 12:55:00,3246.0,3247.0,3244.5,3245.75,4301.0
2020-01-30 13:00:00,3245.75,3247.25,3245.0,3246.5,3707.0
2020-01-30 13:05:00,3246.5,3247.5,3245.5,3246.5,2750.0
2020-01-30 13:10:00,3246.5,3246.5,3243.5,3246.0,5790.0
2020-01-30 13:15:00,3246.0,3248.25,3246.0,3247.25,5703.0
2020-01-30 13:20:00,3247.25,3250.0,3246.75,3250.0,5238.0
2020-01-30 13:25:00,3249.75,3252.25,3249.75,3251.25,5646.0
2020-01-30 13:30:00,3251.0,3256.75,3248.0,3256.0,14573.0
2020-01-30 13:35:00,3256.0,3256.75,3252.25,3253.25,9663.0
2020-01-30 13:40:00,3253.0,3255.0,3250.75,3251.75,7304.0
2020-01-30 13:45:00,3251.5,3252.5,3250.5,3251.75,3731.0
2020-01-30 13:50:00,3251.75,3252.0,3250.0,3250.0,3558.0
2020-01-30 13:55:00,3250.25,3251.75,3249.5,3251.25,3209.0
2020-01-30 14:00:00,3251.25,3255.25,3251.0,3255.25,6459.0
2020-01-30 14:05:00,3255.25,3256.0,3252.5,3253.0,4949.0
2020-01-30 14:10:00,3252.75,3253.5,3251.25,3251.75,4946.0
2020-01-30 14:15:00,3251.5,3252.75,3250.25,3250.75,4376.0
2020-01-30 14:20:00,3250.75,3251.5,3250.25,3251.25,3149.0
2020-01-30 14:25:00,3251.25,3251.5,3248.75,3249.75,6753.0
2020-01-30 14:30:00,3250.0,3256.75,3248.5,3256.25,49429.0
2020-01-30 14:35:00,3256.25,3264.25,3256.25,3261.0,62126.0
2020-01-30 14:40:00,3261.25,3263.75,3258.75,3260.25,34964.0
2020-01-30 14:45:00,3260.25,3264.75,3259.5,3263.0,30873.0
2020-01-30 14:50:00,3263.0,3263.75,3259.5,3259.5,30990.0
2020-01-30 14:55:00,3259.5,3261.5,3257.25,3257.75,22317.0
2020-01-30 15:00:00,3258.0,3260.0,3257.0,3258.75,20847.0
2020-01-30 15:05:00,3259.0,3263.0,3258.5,3262.75,22847.0
2020-01-30 15:10:00,3262.75,3264.5,3260.0,3260.5,22656.0
2020-01-30 15:15:00,3260.75,3261.75,3256.5,3256.5,25341.0
2020-01-30 15:20:00,3256.5,3257.5,3255.0,3255.75,19747.0
2020-01-30 15:25:00,3255.5,3258.25,3255.5,3258.0,12625.0
2020-01-30 15:30:00,3258.0,3258.5,3253.5,3255.25,21397.0
2020-01-30 15:35:00,3255.25,3255.5,3250.5,3250.75,20967.0
2020-01-30 15:40:00,3250.5,3251.25,3245.75,3247.5,26681.0
2020-01-30 15:45:00,3247.5,3248.0,3244.0,3247.25,21323.0
2020-01-30 15:50:00,3247.5,3248.0,3243.75,3244.25,28821.0
2020-01-30 15:55:00,3244.0,3246.25,3241.0,3244.25,37087.0
2020-01-30 16:00:00,3244.0,3247.0,3242.0,3245.5,25537.0
2020-01-30 16:05:00,3245.5,3248.75,3245.0,3247.5,23116.0
2020-01-30 16:10:00,3247.25,3250.5,3245.5,3250.5,19697.0
2020-01-30 16:15:00,3250.5,3252.0,3249.5,3250.5,20752.0
2020-01-30 16:20:00,3250.5,3253.25,3249.75,3252.5,20179.0
2020-01-30 16:25:00,3252.5,3256.75,3252.5,3255.0,21654.0
2020-01-30 16:30:00,3255.0,3255.5,3253.0,3253.25,20137.0
2020-01-30 16:35:00,3253.25,3257.75,3253.0,3257.25,20310.0
2020-01-30 16:40:00,3257.25,3259.75,3255.75,3257.5,20805.0
2020-01-30 16:45:00,3257.5,3260.5,3256.5,3260.0,22007.0
2020-01-30 16:50:00,3260.25,3262.75,3259.0,3262.5,19529.0
2020-01-30 16:55:00,3262.5,3262.75,3258.25,3258.25,19047.0
2020-01-30 17:00:00,3258.25,3259.25,3257.0,3258.0,15206.0
2020-01-30 17:05:00,3257.75,3259.25,3256.0,3256.0,10451.0
2020-01-30 17:10:00,3256.0,3256.5,3254.5,3254.5,12035.0
2020-01-30 17:15:00,3254.5,3255.75,3254.0,3255.5,8896.0
2020-01-30 17:20:00,3255.25,3257.5,3255.25,3256.75,9903.0
2020-01-30 17:25:00,3256.5,3257.25,3251.5,3252.0,11716.0
2020-01-30 17:30:00,3252.0,3252.75,3250.5,3251.75,13434.0
2020-01-30 17:35:00,3251.5,3252.25,3245.0,3246.0,34655.0
2020-01-30 17:40:00,3245.75,3248.0,3244.25,3246.5,28031.0
2020-01-30 17:45:00,3246.25,3247.0,3244.0,3245.5,23704.0
2020-01-30 17:50:00,3245.25,3249.75,3244.25,3248.25,21364.0
2020-01-30 17:55:00,3248.25,3249.25,3246.25,3248.0,12834.0
2020-01-30 18:00:00,3247.75,3251.25,3247.75,3251.25,13439.0
2020-01-30 18:05:00,3251.0,3251.25,3247.25,3247.25,8471.0
2020-01-30 18:10:00,3247.5,3250.5,3247.0,3249.5,6979.0
2020-01-30 18:15:00,3249.5,3251.0,3248.25,3248.5,6474.0
2020-01-30 18:20:00,3248.5,3248.5,3246.0,3248.5,8004.0
2020-01-30 18:25:00,3248.25,3250.75,3248.0,3250.25,7162.0
2020-01-30 18:30:00,3250.25,3252.75,3248.0,3252.5,11435.0
2020-01-30 18:35:00,3252.25,3252.25,3249.75,3251.25,7237.0
2020-01-30 18:40:00,3251.25,3252.0,3250.75,3251.25,5720.0
2020-01-30 18:45:00,3251.25,3252.75,3250.75,3251.75,6262.0
2020-01-30 18:50:00,3251.75,3251.75,3249.5,3250.5,7481.0
2020-01-30 18:55:00,3250.5,3251.5,3248.75,3249.25,6718.0
2020-01-30 19:00:00,3249.5,3252.5,3249.5,3251.25,12655.0
2020-01-30 19:05:00,3251.5,3252.75,3250.75,3252.5,9017.0
2020-01-30 19:10:00,3252.5,3256.25,3252.5,3256.0,18408.0
2020-01-30 19:15:00,3256.0,3257.0,3255.75,3256.25,8456.0
2020-01-30 19:20:00,3256.5,3258.75,3256.25,3257.75,10287.0
2020-01-30 19:25:00,3257.75,3258.25,3256.75,3257.0,8387.0
2020-01-30 19:30:00,3257.25,3257.75,3255.75,3255.75,8963.0
2020-01-30 19:35:00,3256.0,3256.0,3253.5,3254.5,10850.0
2020-01-30 19:40:00,3254.25,3267.25,3254.25,3254.25,64664.0
2020-01-30 19:45:00,3254.5,3263.5,3252.5,3260.75,79637.0
2020-01-30 19:50:00,3260.75,3262.75,3256.5,3257.5,31396.0
2020-01-30 19:55:00,3257.5,3265.75,3257.5,3263.0,24856.0
2020-01-30 20:00:00,3263.0,3268.25,3263.0,3268.0,36695.0
2020-01-30 20:05:00,3267.75,3271.0,3265.25,3266.0,30303.0
2020-01-30 20:10:00,3266.25,3266.5,3263.0,3263.75,18986.0
2020-01-30 20:15:00,3263.5,3269.25,3263.0,3268.75,17454.0
2020-01-30 20:20:00,3269.0,3272.75,3268.25,3271.5,24248.0
2020-01-30 20:25:00,3271.75,3272.25,3268.25,3270.5,20620.0
2020-01-30 20:30:00,3270.5,3272.25,3269.0,3270.0,20123.0
2020-01-30 20:35:00,3270.0,3273.0,3269.5,3270.0,19100.0
2020-01-30 20:40:00,3270.0,3278.0,3270.0,3277.75,30221.0
2020-01-30 20:45:00,3278.0,3279.75,3275.5,3279.25,32033.0
2020-01-30 20:50:00,3279.25,3281.25,3278.0,3281.0,35230.0
2020-01-30 20:55:00,3281.0,3283.75,3279.0,3283.5,44809.0
2020-01-30 21:00:00,3283.5,3290.5,3281.75,3289.75,90804.0
2020-01-30 21:05:00,3289.75,3292.0,3289.5,3290.5,25217.0
2020-01-30 21:10:00,3290.5,3290.5,3288.75,3290.0,18633.0
2020-01-30 21:15:00,3290.0,3291.25,3289.25,3290.5,10346.0
2020-01-30 21:30:00,3291.0,3293.75,3290.5,3292.75,6221.0
2020-01-30 21:35:00,3293.0,3293.75,3292.5,3293.75,2744.0
2020-01-30 21:40:00,3293.5,3294.0,3292.75,3292.75,2110.0
2020-01-30 21:45:00,3292.75,3294.0,3292.75,3293.25,2061.0
2020-01-30 21:50:00,3293.25,3295.25,3293.25,3295.25,1791.0
2020-01-30 21:55:00,3295.25,3295.25,3294.0,3294.0,1748.0
2020-01-30 22:00:00,3294.25,3294.5,3294.0,3294.25,534.0
2020-01-30 23:00:00,3292.0,3292.5,3289.25,3290.25,4731.0
2020-01-30 23:05:00,3290.25,3291.5,3288.75,3290.0,2153.0
2020-01-30 23:10:00,3290.0,3290.75,3288.75,3289.75,1320.0
2020-01-30 23:15:00,3289.75,3290.5,3289.25,3289.5,722.0
2020-01-30 23:20:00,3289.5,3290.5,3288.75,3290.25,1237.0
2020-01-30 23:25:00,3290.0,3290.25,3289.25,3290.25,887.0
2020-01-30 23:30:00,3290.25,3290.75,3289.25,3289.75,863.0
2020-01-30 23:35:00,3289.75,3290.75,3289.25,3289.75,1566.0
2020-01-30 23:40:00,3289.5,3292.0,3289.5,3290.75,1555.0
2020-01-30 23:45:00,3290.75,3291.25,3290.25,3290.25,1348.0
2020-01-30 23:50:00,3290.25,3290.5,3289.25,3289.75,1142.0
2020-01-30 23:55:00,3289.5,3290.5,3289.5,3289.75,724.0
2020-01-31 00:00:00,3289.5,3291.0,3289.0,3290.25,1981.0
2020-01-31 00:05:00,3290.25,3290.25,3288.25,3288.25,1530.0
2020-01-31 00:10:00,3288.25,3288.25,3286.5,3287.0,3337.0
2020-01-31 00:15:00,3287.0,3287.5,3286.25,3286.75,2201.0
2020-01-31 00:20:00,3286.75,3287.0,3285.5,3286.0,1342.0
2020-01-31 00:25:00,3285.75,3286.5,3284.75,3284.75,1338.0
2020-01-31 00:30:00,3284.75,3287.25,3284.75,3287.0,1662.0
2020-01-31 00:35:00,3287.25,3289.75,3286.5,3286.75,3933.0
2020-01-31 00:40:00,3287.0,3287.25,3285.75,3286.25,1303.0
2020-01-31 00:45:00,3286.5,3288.25,3286.25,3288.0,855.0
2020-01-31 00:50:00,3288.0,3291.75,3288.0,3290.75,2654.0
2020-01-31 00:55:00,3291.0,3292.5,3290.0,3291.5,2610.0
2020-01-31 01:00:00,3291.75,3295.75,3290.75,3295.5,5878.0
2020-01-31 01:05:00,3295.75,3296.75,3294.5,3295.25,4591.0
2020-01-31 01:10:00,3295.25,3297.5,3295.25,3296.5,2691.0
2020-01-31 01:15:00,3296.5,3296.75,3295.0,3296.5,2034.0
2020-01-31 01:20:00,3296.5,3296.75,3295.5,3295.75,930.0
2020-01-31 01:25:00,3295.75,3295.75,3294.25,3294.5,1629.0
2020-01-31 01:30:00,3294.75,3296.75,3294.75,3295.5,1963.0
2020-01-31 01:35:00,3295.5,3295.75,3293.0,3293.75,2180.0
2020-01-31 01:40:00,3293.75,3294.0,3293.0,3293.5,2148.0
2020-01-31 01:45:00,3293.25,3293.5,3288.75,3290.5,3912.0
2020-01-31 01:50:00,3290.5,3291.75,3288.5,3289.25,2578.0
2020-01-31 01:55:00,3289.0,3290.75,3288.5,3289.25,1661.0
2020-01-31 02:00:00,3289.0,3289.5,3287.75,3288.75,2245.0
2020-01-31 02:05:00,3288.75,3291.5,3287.75,3291.0,2808.0
2020-01-31 02:10:00,3291.0,3292.75,3290.75,3291.75,1465.0
2020-01-31 02:15:00,3291.75,3294.5,3291.0,3294.0,2257.0
2020-01-31 02:20:00,3294.25,3296.5,3293.75,3295.0,2466.0
2020-01-31 02:25:00,3295.25,3295.75,3293.25,3294.0,1606.0
2020-01-31 02:30:00,3294.0,3296.0,3294.0,3295.25,1173.0
2020-01-31 02:35:00,3295.25,3295.25,3293.25,3293.5,1564.0
2020-01-31 02:40:00,3293.5,3294.75,3293.0,3294.25,960.0
2020-01-31 02:45:00,3294.25,3294.5,3293.5,3294.5,943.0
2020-01-31 02:50:00,3294.25,3295.25,3294.0,3294.25,797.0
2020-01-31 02:55:00,3294.25,3294.75,3292.5,3293.0,1403.0
2020-01-31 03:00:00,3293.0,3293.5,3292.5,3292.75,763.0
2020-01-31 03:05:00,3292.75,3293.25,3291.0,3292.75,1450.0
2020-01-31 03:10:00,3292.75,3293.25,3292.5,3292.75,373.0
2020-01-31 03:15:00,3292.75,3294.5,3292.0,3294.0,1080.0
2020-01-31 03:20:00,3294.0,3294.25,3292.25,3292.25,938.0
2020-01-31 03:25:00,3292.25,3292.5,3291.5,3292.5,478.0
2020-01-31 03:30:00,3292.25,3293.25,3292.0,3293.0,531.0
2020-01-31 03:35:00,3293.0,3293.75,3292.75,3293.5,466.0
2020-01-31 03:40:00,3293.75,3294.0,3292.75,3293.0,576.0
2020-01-31 03:45:00,3293.25,3293.25,3292.25,3292.25,437.0
2020-01-31 03:50:00,3292.25,3292.75,3292.0,3292.75,438.0
2020-01-31 03:55:00,3292.75,3293.25,3292.25,3292.75,346.0
2020-01-31 04:00:00,3292.75,3292.75,3291.75,3292.25,560.0
2020-01-31 04:05:00,3292.0,3292.5,3291.75,3292.5,314.0
2020-01-31 04:10:00,3292.5,3292.75,3291.75,3292.5,366.0
2020-01-31 04:15:00,3292.75,3293.25,3292.5,3292.5,481.0
2020-01-31 04:20:00,3292.5,3292.5,3292.0,3292.25,317.0
2020-01-31 04:25:00,3292.25,3292.5,3291.5,3292.25,572.0
2020-01-31 04:30:00,3292.0,3293.25,3292.0,3293.0,389.0
2020-01-31 04:35:00,3293.25,3293.5,3292.5,3292.75,268.0
2020-01-31 04:40:00,3292.75,3294.25,3292.25,3294.25,948.0
2020-01-31 04:45:00,3294.25,3294.5,3293.5,3293.75,459.0
2020-01-31 04:50:00,3293.5,3294.25,3293.5,3293.75,273.0
2020-01-31 04:55:00,3294.0,3294.75,3293.75,3294.5,456.0
2020-01-31 05:00:00,3294.5,3296.25,3294.5,3295.0,1384.0
2020-01-31 05:05:00,3294.75,3295.25,3293.5,3293.75,335.0
2020-01-31 05:10:00,3293.75,3294.5,3293.5,3294.0,484.0
2020-01-31 05:15:00,3293.75,3294.25,3293.5,3294.25,459.0
2020-01-31 05:20:00,3294.25,3294.5,3293.5,3294.25,408.0
2020-01-31 05:25:00,3294.0,3294.5,3293.5,3294.5,422.0
2020-01-31 05:30:00,3294.5,3294.75,3293.5,3293.5,578.0
2020-01-31 05:35:00,3293.5,3293.75,3293.0,3293.25,717.0
2020-01-31 05:40:00,3293.25,3293.75,3293.0,3293.25,444.0
2020-01-31 05:45:00,3293.25,3293.25,3292.0,3292.25,1198.0
2020-01-31 05:50:00,3292.25,3292.25,3291.5,3291.75,693.0
2020-01-31 05:55:00,3291.5,3292.25,3290.75,3291.0,1305.0
2020-01-31 06:00:00,3291.0,3291.0,3288.0,3288.5,3630.0
2020-01-31 06:05:00,3288.25,3288.5,3287.75,3288.0,1352.0
2020-01-31 06:10:00,3287.75,3288.25,3286.75,3287.75,1430.0
2020-01-31 06:15:00,3287.75,3289.5,3287.5,3289.0,1059.0
2020-01-31 06:20:00,3289.0,3289.0,3287.5,3288.25,875.0
2020-01-31 06:25:00,3288.5,3288.5,3286.75,3287.75,1091.0
2020-01-31 06:30:00,3288.0,3288.25,3285.5,3285.75,1494.0
2020-01-31 06:35:00,3286.0,3286.25,3285.25,3285.5,751.0
2020-01-31 06:40:00,3285.75,3286.0,3285.5,3286.0,588.0
2020-01-31 06:45:00,3286.0,3287.5,3286.0,3287.5,794.0
2020-01-31 06:50:00,3287.5,3288.25,3287.0,3288.0,962.0
2020-01-31 06:55:00,3288.0,3288.25,3287.5,3288.0,696.0
2020-01-31 07:00:00,3288.0,3288.25,3286.25,3287.25,1618.0
2020-01-31 07:05:00,3287.25,3289.0,3287.25,3287.5,1895.0
2020-01-31 07:10:00,3287.25,3288.25,3286.75,3286.75,1202.0
2020-01-31 07:15:00,3287.0,3287.0,3286.25,3286.25,866.0
2020-01-31 07:20:00,3286.25,3287.75,3286.25,3286.75,1461.0
2020-01-31 07:25:00,3286.75,3287.25,3285.25,3285.25,1494.0
2020-01-31 07:30:00,3285.25,3287.0,3284.5,3284.75,3130.0
2020-01-31 07:35:00,3284.75,3285.5,3284.5,3285.0,1649.0
2020-01-31 07:40:00,3285.0,3285.0,3281.75,3282.5,4471.0
2020-01-31 07:45:00,3282.5,3284.25,3282.25,3284.25,2317.0
2020-01-31 07:50:00,3284.25,3284.25,3283.0,3283.25,918.0
2020-01-31 07:55:00,3283.25,3283.5,3281.75,3282.75,2167.0
2020-01-31 08:00:00,3282.75,3283.0,3281.25,3281.25,4380.0
2020-01-31 08:05:00,3281.25,3282.5,3280.75,3281.0,3691.0
2020-01-31 08:10:00,3280.75,3282.25,3280.5,3281.75,2766.0
2020-01-31 08:15:00,3281.5,3283.75,3281.5,3283.5,2135.0
2020-01-31 08:20:00,3283.25,3284.0,3280.25,3281.5,3250.0
2020-01-31 08:25:00,3281.5,3281.75,3280.0,3280.75,2683.0
2020-01-31 08:30:00,3280.5,3281.75,3278.75,3279.0,3479.0
2020-01-31 08:35:00,3278.75,3280.0,3278.5,3279.25,2526.0
2020-01-31 08:40:00,3279.0,3280.25,3278.25,3279.75,2674.0
2020-01-31 08:45:00,3279.75,3281.25,3279.25,3280.5,3006.0
2020-01-31 08:50:00,3280.5,3282.25,3279.0,3281.75,3647.0
2020-01-31 08:55:00,3282.0,3282.25,3278.25,3278.75,2846.0
2020-01-31 09:00:00,3278.75,3280.5,3277.5,3280.25,3772.0
2020-01-31 09:05:00,3280.5,3280.75,3278.5,3279.75,2541.0
2020-01-31 09:10:00,3280.0,3280.0,3278.0,3279.25,2229.0
2020-01-31 09:15:00,3279.25,3280.25,3278.25,3280.0,2528.0
2020-01-31 09:20:00,3280.0,3280.5,3279.25,3280.0,1694.0
2020-01-31 09:25:00,3279.75,3280.5,3279.25,3280.25,1546.0
2020-01-31 09:30:00,3280.25,3280.75,3278.0,3278.5,2720.0
2020-01-31 09:35:00,3278.5,3278.5,3275.5,3275.75,5434.0
2020-01-31 09:40:00,3275.75,3277.0,3274.75,3276.75,3611.0
2020-01-31 09:45:00,3276.75,3277.0,3275.75,3277.0,2302.0
2020-01-31 09:50:00,3277.25,3278.0,3276.25,3277.5,2453.0
2020-01-31 09:55:00,3277.25,3278.0,3276.75,3276.75,2250.0
2020-01-31 10:00:00,3276.75,3277.75,3274.5,3277.25,3927.0
2020-01-31 10:05:00,3277.25,3278.75,3276.75,3278.75,3200.0
2020-01-31 10:10:00,3278.75,3278.75,3274.0,3274.5,4429.0
2020-01-31 10:15:00,3274.5,3276.25,3274.25,3275.0,2724.0
2020-01-31 10:20:00,3275.0,3275.75,3271.75,3272.0,5738.0
2020-01-31 10:25:00,3271.75,3272.25,3268.5,3269.5,10697.0
2020-01-31 10:30:00,3269.5,3270.0,3266.5,3266.5,6594.0
2020-01-31 10:35:00,3266.5,3268.5,3265.75,3268.0,6271.0
2020-01-31 10:40:00,3268.25,3268.25,3266.75,3267.75,3607.0
2020-01-31 10:45:00,3267.75,3271.25,3267.5,3270.75,5518.0
2020-01-31 10:50:00,3270.75,3271.5,3269.5,3270.5,3692.0
2020-01-31 10:55:00,3270.75,3272.25,3270.25,3271.75,2658.0
2020-01-31 11:00:00,3271.5,3274.25,3271.5,3274.0,4652.0
2020-01-31 11:05:00,3274.0,3275.75,3273.5,3274.25,4249.0
2020-01-31 11:10:00,3274.25,3274.5,3272.75,3273.75,3563.0
2020-01-31 11:15:00,3273.75,3275.75,3273.25,3274.75,3090.0
2020-01-31 11:20:00,3274.5,3274.75,3273.0,3273.75,1933.0
2020-01-31 11:25:00,3273.5,3274.0,3269.75,3271.25,4366.0
2020-01-31 11:30:00,3271.5,3273.75,3270.0,3273.75,4830.0
2020-01-31 11:35:00,3273.5,3274.0,3271.0,3271.75,3281.0
2020-01-31 11:40:00,3271.75,3273.0,3271.5,3272.25,1947.0
2020-01-31 11:45:00,3272.0,3272.75,3270.25,3272.25,3249.0
2020-01-31 11:50:00,3272.25,3274.0,3271.75,3272.5,2653.0
2020-01-31 11:55:00,3272.25,3274.25,3272.25,3273.5,2354.0
2020-01-31 12:00:00,3273.5,3277.0,3273.5,3276.0,5911.0
2020-01-31 12:05:00,3276.25,3276.5,3275.0,3276.0,2625.0
2020-01-31 12:10:00,3276.0,3278.5,3275.5,3278.0,4155.0
2020-01-31 12:15:00,3278.25,3279.0,3278.0,3278.25,3311.0
2020-01-31 12:20:00,3278.5,3279.25,3277.75,3278.25,3379.0
2020-01-31 12:25:00,3278.25,3278.5,3276.5,3276.75,3480.0
2020-01-31 12:30:00,3276.5,3279.25,3276.5,3277.75,3363.0
2020-01-31 12:35:00,3278.0,3279.75,3277.75,3279.25,2934.0
2020-01-31 12:40:00,3279.25,3280.5,3279.0,3280.0,3503.0
2020-01-31 12:45:00,3280.0,3280.0,3276.25,3276.75,5289.0
2020-01-31 12:50:00,3276.75,3277.0,3275.0,3275.5,3843.0
2020-01-31 12:55:00,3275.5,3276.75,3275.25,3276.75,2964.0
2020-01-31 13:00:00,3276.5,3277.25,3272.75,3274.5,6550.0
2020-01-31 13:05:00,3274.5,3275.25,3273.5,3274.25,4363.0
2020-01-31 13:10:00,3274.25,3274.5,3272.75,3273.0,3002.0
2020-01-31 13:15:00,3273.25,3275.0,3272.75,3273.75,4033.0
2020-01-31 13:20:00,3273.5,3275.5,3272.75,3274.75,3935.0
2020-01-31 13:25:00,3275.0,3275.25,3273.75,3275.0,2196.0
2020-01-31 13:30:00,3275.25,3277.5,3274.75,3276.25,4187.0
2020-01-31 13:35:00,3276.5,3277.5,3274.25,3274.75,4090.0
2020-01-31 13:40:00,3274.75,3274.75,3272.5,3274.5,6778.0
2020-01-31 13:45:00,3274.5,3276.0,3274.0,3275.0,4087.0
2020-01-31 13:50:00,3274.75,3277.75,3274.75,3276.25,5724.0
2020-01-31 13:55:00,3276.25,3277.75,3275.75,3277.0,3794.0
2020-01-31 14:00:00,3277.0,3278.25,3276.5,3277.25,4918.0
2020-01-31 14:05:00,3277.25,3277.75,3275.75,3277.5,2841.0
2020-01-31 14:10:00,3277.5,3280.0,3276.75,3278.75,8436.0
2020-01-31 14:15:00,3278.5,3280.0,3277.5,3277.75,4532.0
2020-01-31 14:20:00,3277.75,3278.25,3276.25,3276.75,4691.0
2020-01-31 14:25:00,3276.5,3277.25,3274.75,3275.0,6499.0
2020-01-31 14:30:00,3275.0,3277.5,3269.25,3271.0,49883.0
2020-01-31 14:35:00,3270.75,3271.75,3266.25,3268.0,49191.0
2020-01-31 14:40:00,3268.25,3272.75,3266.25,3267.0,41136.0
2020-01-31 14:45:00,3267.0,3267.75,3263.0,3264.75,45267.0
2020-01-31 14:50:00,3264.75,3266.5,3259.75,3261.0,51491.0
2020-01-31 14:55:00,3261.0,3267.25,3260.25,3266.5,28916.0
2020-01-31 15:00:00,3266.25,3267.0,3259.75,3260.0,30136.0
2020-01-31 15:05:00,3259.75,3261.0,3257.0,3257.0,42854.0
2020-01-31 15:10:00,3257.25,3260.75,3255.25,3255.75,39324.0
2020-01-31 15:15:00,3255.75,3256.75,3253.5,3255.5,34310.0
2020-01-31 15:20:00,3255.25,3260.0,3254.5,3259.0,28892.0
2020-01-31 15:25:00,3258.75,3260.5,3254.0,3254.0,26652.0
2020-01-31 15:30:00,3254.0,3254.75,3251.25,3253.25,36049.0
2020-01-31 15:35:00,3253.5,3254.75,3251.0,3251.75,26849.0
2020-01-31 15:40:00,3252.0,3253.5,3249.0,3249.25,30324.0
2020-01-31 15:45:00,3249.25,3250.5,3247.5,3249.75,32403.0
2020-01-31 15:50:00,3249.5,3250.0,3243.5,3243.5,34987.0
2020-01-31 15:55:00,3243.5,3247.75,3243.0,3245.5,29379.0
2020-01-31 16:00:00,3245.25,3248.0,3244.0,3247.75,34149.0
2020-01-31 16:05:00,3247.75,3249.0,3241.25,3241.25,36746.0
2020-01-31 16:10:00,3241.25,3245.75,3240.5,3240.75,38468.0
2020-01-31 16:15:00,3240.5,3242.25,3233.25,3241.5,62476.0
2020-01-31 16:20:00,3241.75,3243.75,3240.25,3241.25,33433.0
2020-01-31 16:25:00,3241.25,3241.5,3235.75,3236.0,36409.0
2020-01-31 16:30:00,3235.75,3238.75,3235.25,3238.5,34679.0
2020-01-31 16:35:00,3238.5,3240.5,3232.25,3232.75,43346.0
2020-01-31 16:40:00,3232.5,3240.75,3231.75,3240.5,35031.0
2020-01-31 16:45:00,3240.25,3245.25,3238.75,3243.25,31571.0
2020-01-31 16:50:00,3243.0,3243.75,3240.5,3241.5,21810.0
2020-01-31 16:55:00,3241.5,3246.0,3240.5,3245.0,25160.0
2020-01-31 17:00:00,3244.75,3246.5,3243.5,3245.5,19454.0
2020-01-31 17:05:00,3245.25,3245.25,3240.75,3241.5,16019.0
2020-01-31 17:10:00,3241.5,3243.5,3240.0,3240.0,12385.0
2020-01-31 17:15:00,3240.0,3240.0,3237.5,3239.0,20725.0
2020-01-31 17:20:00,3239.0,3240.25,3237.0,3238.0,14114.0
2020-01-31 17:25:00,3237.75,3239.75,3236.5,3239.75,18012.0
2020-01-31 17:30:00,3239.5,3241.0,3236.0,3236.5,18429.0
2020-01-31 17:35:00,3236.5,3237.0,3227.75,3229.5,54524.0
2020-01-31 17:40:00,3229.5,3234.0,3227.5,3233.5,39669.0
2020-01-31 17:45:00,3233.25,3236.25,3230.5,3230.75,40658.0
2020-01-31 17:50:00,3230.5,3231.0,3226.25,3227.75,27356.0
2020-01-31 17:55:00,3227.75,3235.0,3227.25,3232.75,39996.0
2020-01-31 18:00:00,3232.5,3237.0,3231.0,3234.75,21154.0
2020-01-31 18:05:00,3234.75,3234.75,3229.5,3230.5,22148.0
2020-01-31 18:10:00,3230.5,3231.0,3228.75,3229.0,12236.0
2020-01-31 18:15:00,3229.25,3230.0,3226.75,3230.0,14850.0
2020-01-31 18:20:00,3230.0,3230.25,3226.25,3228.75,20085.0
2020-01-31 18:25:00,3228.75,3231.75,3227.75,3227.75,16247.0
2020-01-31 18:30:00,3227.5,3230.0,3223.75,3226.25,22677.0
2020-01-31 18:35:00,3226.5,3228.75,3224.0,3224.0,20120.0
2020-01-31 18:40:00,3224.25,3227.25,3223.0,3223.25,22484.0
2020-01-31 18:45:00,3223.25,3225.25,3222.0,3224.5,20129.0
2020-01-31 18:50:00,3224.75,3227.75,3223.25,3227.75,25493.0
2020-01-31 18:55:00,3227.5,3230.0,3226.25,3229.75,21051.0
2020-01-31 19:00:00,3230.0,3234.5,3229.5,3234.5,22682.0
2020-01-31 19:05:00,3234.5,3235.25,3232.25,3233.25,18812.0
2020-01-31 19:10:00,3233.5,3235.0,3232.0,3232.25,14882.0
2020-01-31 19:15:00,3232.0,3234.0,3230.75,3233.25,19080.0
2020-01-31 19:20:00,3233.25,3234.75,3227.25,3227.75,28616.0
2020-01-31 19:25:00,3227.75,3229.75,3227.0,3228.25,13606.0
2020-01-31 19:30:00,3228.0,3237.75,3227.5,3236.5,27107.0
2020-01-31 19:35:00,3236.75,3236.75,3233.25,3234.75,20836.0
2020-01-31 19:40:00,3235.0,3235.5,3230.5,3230.75,20119.0
2020-01-31 19:45:00,3230.75,3232.5,3228.75,3230.25,14335.0
2020-01-31 19:50:00,3230.5,3231.0,3228.75,3229.25,13051.0
2020-01-31 19:55:00,3229.25,3233.0,3228.75,3230.75,16840.0
2020-01-31 20:00:00,3230.5,3233.0,3228.0,3230.5,22160.0
2020-01-31 20:05:00,3230.75,3231.5,3224.5,3226.25,27775.0
2020-01-31 20:10:00,3226.25,3226.5,3222.75,3223.25,26266.0
2020-01-31 20:15:00,3223.0,3225.75,3220.5,3224.5,28944.0
2020-01-31 20:20:00,3224.5,3226.25,3221.5,3225.5,24363.0
2020-01-31 20:25:00,3225.5,3226.25,3221.25,3221.75,23824.0
2020-01-31 20:30:00,3221.75,3222.5,3217.75,3221.5,32547.0
2020-01-31 20:35:00,3221.75,3222.0,3215.5,3216.75,29122.0
2020-01-31 20:40:00,3216.75,3222.25,3212.75,3220.5,52765.0
2020-01-31 20:45:00,3220.5,3224.75,3218.0,3222.75,65631.0
2020-01-31 20:50:00,3222.75,3226.25,3218.75,3226.0,60043.0
2020-01-31 20:55:00,3226.0,3227.0,3221.75,3226.5,65521.0
2020-01-31 21:00:00,3226.5,3228.0,3221.5,3225.5,178917.0
2020-01-31 21:05:00,3225.75,3228.0,3224.75,3226.75,31836.0
2020-01-31 21:10:00,3226.75,3229.25,3226.25,3227.5,23955.0
2020-01-31 21:15:00,3227.5,3229.25,3227.5,3228.0,7139.0
2020-01-31 21:30:00,3228.0,3228.75,3226.25,3228.5,5475.0
2020-01-31 21:35:00,3228.5,3229.0,3227.25,3227.25,2773.0
2020-01-31 21:40:00,3227.25,3227.75,3226.25,3226.5,2472.0
2020-01-31 21:45:00,3226.5,3228.0,3226.5,3227.75,2107.0
2020-01-31 21:50:00,3228.0,3228.5,3227.0,3227.5,2669.0
2020-01-31 21:55:00,3227.5,3228.0,3227.25,3228.0,1403.0
2020-01-31 22:00:00,3227.75,3228.25,3227.0,3227.0,848.0
2020-02-02 21:10:00,3227.0,3227.0,3227.0,3227.0,1.0
2020-02-02 23:00:00,3222.75,3234.25,3222.0,3233.0,15715.0
2020-02-02 23:05:00,3233.0,3234.0,3229.25,3229.25,5645.0
2020-02-02 23:10:00,3229.5,3231.5,3226.25,3231.0,8813.0
2020-02-02 23:15:00,3231.25,3234.75,3230.0,3232.5,3970.0
2020-02-02 23:20:00,3232.75,3235.75,3232.0,3232.5,2587.0
2020-02-02 23:25:00,3232.5,3236.0,3232.5,3234.75,3285.0
2020-02-02 23:30:00,3234.75,3236.25,3233.25,3234.75,2317.0
2020-02-02 23:35:00,3234.5,3234.5,3232.25,3234.25,2366.0
2020-02-02 23:40:00,3234.25,3235.75,3233.5,3234.0,1455.0
2020-02-02 23:45:00,3234.25,3235.25,3231.75,3232.5,2236.0
2020-02-02 23:50:00,3232.5,3232.75,3229.75,3230.0,2265.0
2020-02-02 23:55:00,3229.75,3232.0,3229.5,3231.5,2197.0
2020-02-03 00:00:00,3231.5,3233.25,3229.75,3231.5,2906.0
2020-02-03 00:05:00,3231.25,3232.75,3231.0,3232.0,1684.0
2020-02-03 00:10:00,3232.0,3234.75,3231.25,3234.0,3745.0
2020-02-03 00:15:00,3234.0,3234.0,3231.25,3232.0,2744.0
2020-02-03 00:20:00,3232.0,3233.5,3231.5,3233.25,1341.0
2020-02-03 00:25:00,3233.25,3234.0,3233.0,3233.5,943.0
2020-02-03 00:30:00,3233.5,3234.75,3232.75,3234.5,1161.0
2020-02-03 00:35:00,3234.5,3241.0,3234.25,3240.5,6859.0
2020-02-03 00:40:00,3240.5,3240.5,3238.0,3239.25,2796.0
2020-02-03 00:45:00,3239.5,3244.5,3239.25,3242.25,6296.0
2020-02-03 00:50:00,3242.25,3242.5,3239.0,3239.5,3289.0
2020-02-03 00:55:00,3239.75,3241.25,3239.25,3239.75,2686.0
2020-02-03 01:00:00,3240.0,3240.0,3234.0,3237.25,6560.0
2020-02-03 01:05:00,3237.25,3240.5,3234.25,3239.0,6397.0
2020-02-03 01:10:00,3238.75,3242.25,3238.75,3240.0,4248.0
2020-02-03 01:15:00,3240.25,3240.75,3237.5,3240.0,4403.0
2020-02-03 01:20:00,3239.75,3240.5,3235.75,3236.5,2656.0
2020-02-03 01:25:00,3236.5,3239.0,3235.5,3235.75,3649.0
2020-02-03 01:30:00,3235.75,3246.25,3235.25,3246.25,9709.0
2020-02-03 01:35:00,3246.0,3248.75,3243.75,3247.0,9400.0
2020-02-03 01:40:00,3247.0,3248.25,3245.25,3246.5,5520.0
2020-02-03 01:45:00,3246.5,3247.25,3243.0,3243.25,4926.0
2020-02-03 01:50:00,3243.25,3247.25,3243.25,3246.25,3275.0
2020-02-03 01:55:00,3246.25,3247.25,3244.75,3246.5,2668.0
2020-02-03 02:00:00,3246.5,3250.5,3246.5,3247.25,7404.0
2020-02-03 02:05:00,3247.0,3247.75,3244.25,3244.5,3356.0
2020-02-03 02:10:00,3244.5,3245.75,3243.75,3244.5,3687.0
2020-02-03 02:15:00,3244.5,3246.0,3242.75,3245.5,3889.0
2020-02-03 02:20:00,3245.5,3246.75,3244.75,3245.75,1758.0
2020-02-03 02:25:00,3246.0,3246.25,3244.0,3244.75,2284.0
2020-02-03 02:30:00,3244.5,3245.0,3242.75,3242.75,2270.0
2020-02-03 02:35:00,3242.75,3244.75,3242.25,3244.5,2394.0
2020-02-03 02:40:00,3244.5,3244.5,3243.0,3244.0,1062.0
2020-02-03 02:45:00,3243.75,3244.0,3241.25,3241.5,2269.0
2020-02-03 02:50:00,3241.5,3242.25,3240.5,3240.75,1922.0
2020-02-03 02:55:00,3240.75,3242.25,3240.5,3241.0,1590.0
2020-02-03 03:00:00,3241.0,3243.0,3241.0,3241.25,1346.0
2020-02-03 03:05:00,3241.25,3241.25,3240.0,3240.25,1724.0
2020-02-03 03:10:00,3240.25,3242.5,3240.0,3242.25,1625.0
2020-02-03 03:15:00,3242.5,3245.0,3240.75,3243.75,3906.0
2020-02-03 03:20:00,3243.75,3246.0,3243.75,3245.5,2727.0
2020-02-03 03:25:00,3245.5,3246.75,3244.75,3245.0,2389.0
2020-02-03 03:30:00,3245.25,3246.75,3244.25,3246.25,1492.0
2020-02-03 03:35:00,3246.5,3247.0,3245.0,3245.5,1451.0
2020-02-03 03:40:00,3245.25,3245.5,3244.5,3244.75,643.0
2020-02-03 03:45:00,3244.75,3245.75,3244.0,3245.0,1293.0
2020-02-03 03:50:00,3245.0,3246.5,3244.25,3245.75,940.0
2020-02-03 03:55:00,3245.75,3246.0,3244.75,3245.5,953.0
2020-02-03 04:00:00,3245.25,3246.5,3243.0,3243.25,1334.0
2020-02-03 04:05:00,3243.5,3243.75,3242.75,3243.25,1435.0
2020-02-03 04:10:00,3243.0,3243.5,3243.0,3243.0,619.0
2020-02-03 04:15:00,3243.0,3245.0,3242.75,3244.5,1097.0
2020-02-03 04:20:00,3244.5,3244.75,3244.0,3244.5,399.0
2020-02-03 04:25:00,3244.25,3244.75,3243.75,3244.25,612.0
2020-02-03 04:30:00,3244.25,3245.25,3243.75,3243.75,622.0
2020-02-03 04:35:00,3243.75,3245.0,3243.75,3244.5,551.0
2020-02-03 04:40:00,3244.75,3245.0,3244.0,3244.0,639.0
2020-02-03 04:45:00,3244.0,3244.75,3244.0,3244.25,549.0
2020-02-03 04:50:00,3244.0,3245.25,3243.5,3245.0,755.0
2020-02-03 04:55:00,3245.0,3245.75,3244.75,3245.25,497.0
2020-02-03 05:00:00,3245.25,3247.0,3244.5,3246.25,1115.0
2020-02-03 05:05:00,3246.25,3247.5,3246.25,3247.25,1894.0
2020-02-03 05:10:00,3247.25,3247.25,3245.75,3247.0,1025.0
2020-02-03 05:15:00,3247.25,3249.0,3247.25,3248.75,1821.0
2020-02-03 05:20:00,3248.75,3249.75,3248.0,3249.25,1467.0
2020-02-03 05:25:00,3249.25,3249.75,3247.25,3247.75,1988.0
2020-02-03 05:30:00,3248.0,3250.0,3247.5,3248.0,2014.0
2020-02-03 05:35:00,3248.25,3249.0,3247.5,3249.0,1174.0
2020-02-03 05:40:00,3249.0,3249.0,3246.75,3247.25,1315.0
2020-02-03 05:45:00,3247.5,3247.75,3245.75,3246.25,1876.0
2020-02-03 05:50:00,3246.25,3246.5,3245.5,3246.25,1486.0
2020-02-03 05:55:00,3246.25,3248.0,3246.0,3247.25,1439.0
2020-02-03 06:00:00,3247.25,3248.0,3245.0,3245.5,1856.0
2020-02-03 06:05:00,3245.5,3245.75,3244.0,3244.5,2288.0
2020-02-03 06:10:00,3244.25,3244.5,3241.5,3242.25,2420.0
2020-02-03 06:15:00,3242.0,3243.25,3241.0,3243.0,1213.0
2020-02-03 06:20:00,3242.75,3243.25,3242.25,3242.5,534.0
2020-02-03 06:25:00,3242.5,3243.25,3242.25,3243.0,338.0
2020-02-03 06:30:00,3243.0,3244.0,3242.5,3244.0,479.0
2020-02-03 06:35:00,3244.0,3244.25,3242.5,3242.5,862.0
2020-02-03 06:40:00,3242.75,3243.0,3240.75,3241.0,1219.0
2020-02-03 06:45:00,3241.0,3242.0,3240.5,3241.5,1522.0
2020-02-03 06:50:00,3241.5,3242.5,3241.5,3242.0,815.0
2020-02-03 06:55:00,3242.25,3243.0,3242.0,3242.75,902.0
2020-02-03 07:00:00,3242.75,3244.25,3240.5,3243.0,3201.0
2020-02-03 07:05:00,3242.75,3243.25,3241.0,3241.25,1169.0
2020-02-03 07:10:00,3241.0,3242.75,3240.75,3242.5,1633.0
2020-02-03 07:15:00,3242.5,3244.25,3242.25,3243.75,1806.0
2020-02-03 07:20:00,3244.0,3244.75,3242.75,3243.0,1568.0
2020-02-03 07:25:00,3243.0,3245.75,3243.0,3245.0,1968.0
2020-02-03 07:30:00,3245.0,3247.0,3244.75,3245.75,3222.0
2020-02-03 07:35:00,3245.5,3247.5,3245.5,3246.0,2052.0
2020-02-03 07:40:00,3246.0,3247.75,3246.0,3246.25,1357.0
2020-02-03 07:45:00,3246.5,3247.5,3246.0,3246.25,1335.0
2020-02-03 07:50:00,3246.25,3247.0,3245.5,3245.5,1802.0
2020-02-03 07:55:00,3245.75,3245.75,3243.75,3244.0,2788.0
2020-02-03 08:00:00,3244.0,3246.75,3243.75,3244.5,5285.0
2020-02-03 08:05:00,3244.75,3245.5,3242.25,3242.75,4843.0
2020-02-03 08:10:00,3242.5,3242.75,3238.25,3238.5,8528.0
2020-02-03 08:15:00,3238.5,3239.25,3237.0,3238.0,7009.0
2020-02-03 08:20:00,3237.75,3238.75,3233.5,3234.75,5771.0
2020-02-03 08:25:00,3234.5,3237.0,3233.25,3236.75,4986.0
2020-02-03 08:30:00,3236.5,3236.5,3235.0,3235.0,3182.0
2020-02-03 08:35:00,3234.75,3238.75,3234.25,3238.5,4795.0
2020-02-03 08:40:00,3238.25,3241.0,3238.0,3238.75,6050.0
2020-02-03 08:45:00,3238.75,3239.25,3236.75,3239.0,1876.0
2020-02-03 08:50:00,3239.25,3243.75,3239.25,3242.0,4914.0
2020-02-03 08:55:00,3241.75,3242.5,3241.0,3241.25,2400.0
2020-02-03 09:00:00,3241.25,3242.25,3238.25,3239.5,3141.0
2020-02-03 09:05:00,3239.5,3239.75,3236.25,3237.25,3439.0
2020-02-03 09:10:00,3237.0,3240.75,3236.25,3240.25,3846.0
2020-02-03 09:15:00,3240.25,3240.75,3238.75,3238.75,3664.0
2020-02-03 09:20:00,3239.0,3239.75,3236.5,3237.25,3549.0
2020-02-03 09:25:00,3237.25,3237.75,3235.75,3236.5,2570.0
2020-02-03 09:30:00,3236.5,3238.5,3235.0,3236.5,3797.0
2020-02-03 09:35:00,3236.5,3237.25,3235.0,3235.25,2997.0
2020-02-03 09:40:00,3235.25,3236.0,3234.5,3235.25,2051.0
2020-02-03 09:45:00,3235.0,3235.75,3233.75,3235.0,2807.0
2020-02-03 09:50:00,3235.0,3236.75,3233.75,3234.5,2475.0
2020-02-03 09:55:00,3234.5,3235.75,3234.25,3234.75,1663.0
2020-02-03 10:00:00,3234.75,3235.25,3232.75,3233.75,3138.0
2020-02-03 10:05:00,3233.75,3235.25,3233.0,3235.25,1820.0
2020-02-03 10:10:00,3235.0,3238.75,3235.0,3238.0,3167.0
2020-02-03 10:15:00,3238.0,3238.75,3237.5,3238.0,2104.0
2020-02-03 10:20:00,3238.0,3238.25,3235.25,3236.0,3116.0
2020-02-03 10:25:00,3236.0,3236.5,3235.25,3236.0,2014.0
2020-02-03 10:30:00,3236.0,3239.0,3236.0,3236.75,2618.0
2020-02-03 10:35:00,3236.75,3238.25,3236.5,3237.75,2174.0
2020-02-03 10:40:00,3237.75,3237.75,3235.25,3236.0,2931.0
2020-02-03 10:45:00,3236.0,3238.75,3235.75,3238.0,1832.0
2020-02-03 10:50:00,3238.0,3238.75,3237.25,3237.75,1990.0
2020-02-03 10:55:00,3238.0,3238.5,3236.0,3236.75,1858.0
2020-02-03 11:00:00,3236.75,3241.75,3236.75,3240.75,3338.0
2020-02-03 11:05:00,3240.75,3241.75,3240.25,3241.0,2737.0
2020-02-03 11:10:00,3241.0,3241.25,3239.5,3240.0,2402.0
2020-02-03 11:15:00,3239.75,3240.5,3238.5,3239.25,2459.0
2020-02-03 11:20:00,3239.25,3239.5,3237.5,3238.0,2494.0
2020-02-03 11:25:00,3237.75,3239.0,3237.5,3238.0,2436.0
2020-02-03 11:30:00,3238.0,3239.25,3237.25,3238.75,3591.0
2020-02-03 11:35:00,3238.5,3238.75,3238.0,3238.5,1317.0
2020-02-03 11:40:00,3238.75,3240.25,3238.0,3240.0,1740.0
2020-02-03 11:45:00,3239.75,3240.5,3239.5,3239.75,1713.0
2020-02-03 11:50:00,3239.75,3241.5,3239.5,3241.5,1790.0
2020-02-03 11:55:00,3241.5,3241.75,3240.0,3240.0,1305.0
2020-02-03 12:00:00,3240.25,3240.5,3239.0,3240.0,1441.0
2020-02-03 12:05:00,3240.0,3240.0,3238.0,3238.0,2939.0
2020-02-03 12:10:00,3238.0,3238.25,3237.5,3238.0,1824.0
2020-02-03 12:15:00,3237.75,3239.0,3237.0,3237.25,2462.0
2020-02-03 12:20:00,3237.25,3237.25,3235.75,3236.75,2609.0
2020-02-03 12:25:00,3236.75,3237.5,3236.75,3237.5,927.0
2020-02-03 12:30:00,3237.5,3239.5,3237.25,3239.25,1540.0
2020-02-03 12:35:00,3239.25,3240.0,3238.75,3239.25,2094.0
2020-02-03 12:40:00,3239.25,3240.0,3238.75,3239.75,1533.0
2020-02-03 12:45:00,3239.75,3240.25,3238.75,3240.0,1232.0
2020-02-03 12:50:00,3240.25,3240.25,3237.5,3238.0,1701.0
2020-02-03 12:55:00,3238.25,3239.0,3237.75,3238.5,1640.0
2020-02-03 13:00:00,3238.5,3241.75,3238.25,3240.5,3311.0
2020-02-03 13:05:00,3240.5,3240.75,3239.5,3239.75,2016.0
2020-02-03 13:10:00,3240.0,3241.5,3239.75,3241.25,3353.0
2020-02-03 13:15:00,3241.25,3244.5,3241.25,3244.0,6086.0
2020-02-03 13:20:00,3244.0,3245.25,3244.0,3244.25,4191.0
2020-02-03 13:25:00,3244.0,3247.75,3244.0,3246.75,5835.0
2020-02-03 13:30:00,3247.0,3247.0,3244.75,3245.75,4323.0
2020-02-03 13:35:00,3245.75,3246.0,3244.0,3244.25,2735.0
2020-02-03 13:40:00,3244.25,3244.5,3242.75,3243.25,4903.0
2020-02-03 13:45:00,3243.0,3244.5,3242.25,3243.75,4804.0
2020-02-03 13:50:00,3244.0,3244.0,3241.0,3241.75,4063.0
2020-02-03 13:55:00,3241.75,3243.25,3241.25,3242.25,5260.0
2020-02-03 14:00:00,3242.25,3242.5,3240.25,3241.25,3409.0
2020-02-03 14:05:00,3241.25,3242.5,3241.0,3242.5,2254.0
2020-02-03 14:10:00,3242.25,3242.75,3240.75,3241.0,4635.0
2020-02-03 14:15:00,3240.75,3241.5,3240.25,3240.75,3937.0
2020-02-03 14:20:00,3240.5,3240.75,3239.0,3240.0,5886.0
2020-02-03 14:25:00,3240.0,3241.0,3238.75,3239.0,6086.0
2020-02-03 14:30:00,3239.0,3243.75,3237.75,3242.25,43153.0
2020-02-03 14:35:00,3242.25,3249.25,3241.5,3248.0,37223.0
2020-02-03 14:40:00,3248.25,3249.0,3247.0,3249.0,26214.0
2020-02-03 14:45:00,3249.0,3255.5,3248.75,3255.0,37056.0
2020-02-03 14:50:00,3255.0,3256.75,3254.0,3256.0,23691.0
2020-02-03 14:55:00,3256.25,3257.75,3256.0,3257.5,24360.0
2020-02-03 15:00:00,3257.5,3264.75,3256.5,3264.5,53026.0
2020-02-03 15:05:00,3264.75,3264.75,3255.5,3258.5,60679.0
2020-02-03 15:10:00,3258.75,3262.25,3258.25,3260.25,23564.0
2020-02-03 15:15:00,3260.25,3263.5,3259.0,3263.0,24545.0
2020-02-03 15:20:00,3263.25,3264.0,3261.5,3263.25,19614.0
2020-02-03 15:25:00,3263.0,3267.25,3263.0,3266.25,25591.0
2020-02-03 15:30:00,3266.5,3267.25,3264.75,3265.0,18824.0
2020-02-03 15:35:00,3265.0,3265.0,3263.0,3263.5,17129.0
2020-02-03 15:40:00,3263.5,3263.5,3260.25,3261.25,17245.0
2020-02-03 15:45:00,3261.5,3261.5,3256.5,3256.5,16991.0
2020-02-03 15:50:00,3256.75,3257.75,3255.0,3256.0,15340.0
2020-02-03 15:55:00,3256.0,3257.75,3254.75,3257.25,16384.0
2020-02-03 16:00:00,3257.25,3259.25,3256.75,3257.0,15536.0
2020-02-03 16:05:00,3257.0,3260.5,3256.75,3260.25,13995.0
2020-02-03 16:10:00,3260.0,3260.75,3255.75,3256.0,14607.0
2020-02-03 16:15:00,3255.75,3256.25,3252.5,3252.75,19825.0
2020-02-03 16:20:00,3252.5,3256.75,3252.25,3254.5,17720.0
2020-02-03 16:25:00,3254.75,3256.5,3253.0,3253.75,14789.0
2020-02-03 16:30:00,3253.5,3253.5,3250.75,3252.0,21663.0
2020-02-03 16:35:00,3252.0,3252.25,3248.75,3250.0,14783.0
2020-02-03 16:40:00,3250.0,3250.25,3243.0,3244.25,30662.0
2020-02-03 16:45:00,3244.5,3246.0,3243.25,3244.5,20455.0
2020-02-03 16:50:00,3244.75,3245.0,3242.5,3244.0,15984.0
2020-02-03 16:55:00,3244.0,3248.0,3243.75,3248.0,15578.0
2020-02-03 17:00:00,3248.0,3248.25,3245.5,3248.0,12508.0
2020-02-03 17:05:00,3248.25,3249.5,3245.75,3247.0,11595.0
2020-02-03 17:10:00,3247.25,3247.25,3244.25,3246.5,10210.0
2020-02-03 17:15:00,3246.5,3250.5,3246.5,3250.25,13812.0
2020-02-03 17:20:00,3250.25,3253.0,3250.0,3252.5,10706.0
2020-02-03 17:25:00,3252.5,3253.0,3251.25,3252.0,7135.0
2020-02-03 17:30:00,3252.0,3252.25,3248.5,3249.25,9822.0
2020-02-03 17:35:00,3249.5,3250.5,3249.0,3249.5,7902.0
2020-02-03 17:40:00,3249.5,3252.25,3248.75,3252.0,9060.0
2020-02-03 17:45:00,3252.0,3253.0,3250.25,3252.75,7323.0
2020-02-03 17:50:00,3252.75,3253.25,3251.75,3252.5,6166.0
2020-02-03 17:55:00,3252.5,3254.5,3252.5,3254.25,10305.0
2020-02-03 18:00:00,3254.5,3254.75,3252.25,3253.25,8689.0
2020-02-03 18:05:00,3253.5,3253.75,3250.75,3251.25,7711.0
2020-02-03 18:10:00,3251.25,3251.5,3245.75,3246.0,15259.0
2020-02-03 18:15:00,3246.0,3248.0,3245.75,3247.75,15192.0
2020-02-03 18:20:00,3247.75,3250.0,3247.75,3248.75,10874.0
2020-02-03 18:25:00,3248.75,3250.25,3247.75,3248.0,7678.0
2020-02-03 18:30:00,3247.75,3249.25,3245.75,3247.0,10918.0
2020-02-03 18:35:00,3247.0,3251.75,3246.75,3251.25,12209.0
2020-02-03 18:40:00,3251.25,3252.0,3249.75,3250.25,5181.0
2020-02-03 18:45:00,3250.25,3251.5,3248.75,3251.0,6876.0
2020-02-03 18:50:00,3251.0,3251.75,3248.25,3250.0,8494.0
2020-02-03 18:55:00,3250.0,3252.0,3249.25,3252.0,6520.0
2020-02-03 19:00:00,3252.25,3252.25,3248.5,3249.5,7831.0
2020-02-03 19:05:00,3249.5,3250.5,3247.0,3247.5,9489.0
2020-02-03 19:10:00,3247.25,3248.5,3245.5,3246.0,9449.0
2020-02-03 19:15:00,3245.75,3247.75,3245.25,3247.25,9479.0
2020-02-03 19:20:00,3247.0,3250.0,3247.0,3248.75,10213.0
2020-02-03 19:25:00,3249.0,3249.75,3247.25,3247.75,6911.0
2020-02-03 19:30:00,3247.5,3250.0,3246.25,3246.5,8968.0
2020-02-03 19:35:00,3246.5,3247.75,3244.75,3247.5,12269.0
2020-02-03 19:40:00,3247.75,3250.75,3246.75,3249.75,8306.0
2020-02-03 19:45:00,3249.75,3251.75,3249.75,3251.5,7121.0
2020-02-03 19:50:00,3251.25,3252.75,3251.0,3251.25,8277.0
2020-02-03 19:55:00,3251.25,3252.0,3250.25,3251.5,5105.0
2020-02-03 20:00:00,3251.5,3251.5,3250.0,3251.0,6546.0
2020-02-03 20:05:00,3250.75,3253.25,3250.75,3252.0,7081.0
2020-02-03 20:10:00,3251.75,3252.5,3249.5,3249.75,6862.0
2020-02-03 20:15:00,3249.75,3250.75,3248.75,3249.5,7092.0
2020-02-03 20:20:00,3249.5,3253.25,3249.5,3253.0,10551.0
2020-02-03 20:25:00,3252.75,3254.5,3251.75,3254.0,9758.0
2020-02-03 20:30:00,3254.0,3255.0,3253.25,3254.0,14519.0
2020-02-03 20:35:00,3253.75,3255.25,3252.5,3252.75,12249.0
2020-02-03 20:40:00,3253.0,3253.5,3250.5,3251.0,13152.0
2020-02-03 20:45:00,3250.75,3251.0,3247.25,3247.25,15975.0
2020-02-03 20:50:00,3247.25,3247.75,3244.25,3244.5,23408.0
2020-02-03 20:55:00,3244.25,3247.5,3244.25,3246.0,29062.0
2020-02-03 21:00:00,3246.25,3248.5,3242.25,3243.0,94573.0
2020-02-03 21:05:00,3242.75,3245.5,3242.75,3243.75,15396.0
2020-02-03 21:10:00,3243.75,3244.75,3243.5,3243.75,9571.0
2020-02-03 21:15:00,3244.0,3246.5,3243.5,3245.75,8923.0
2020-02-03 21:30:00,3245.75,3246.25,3244.75,3245.0,2220.0
2020-02-03 21:35:00,3245.25,3245.5,3245.0,3245.0,1056.0
2020-02-03 21:40:00,3245.0,3245.25,3244.25,3244.5,1437.0
2020-02-03 21:45:00,3244.5,3246.0,3244.5,3246.0,1185.0
2020-02-03 21:50:00,3246.0,3246.0,3245.5,3245.75,966.0
2020-02-03 21:55:00,3245.75,3245.75,3245.0,3245.25,982.0
2020-02-03 22:00:00,3245.5,3245.5,3245.0,3245.0,496.0
2020-02-03 23:00:00,3244.25,3244.25,3236.0,3238.5,5835.0
2020-02-03 23:05:00,3238.75,3241.25,3237.5,3238.75,2489.0
2020-02-03 23:10:00,3238.75,3239.5,3238.0,3238.0,777.0
2020-02-03 23:15:00,3238.25,3241.0,3238.0,3240.5,1137.0
2020-02-03 23:20:00,3240.75,3241.75,3240.25,3241.5,530.0
2020-02-03 23:25:00,3241.5,3241.75,3239.75,3240.25,692.0
2020-02-03 23:30:00,3240.0,3241.5,3239.5,3241.25,666.0
2020-02-03 23:35:00,3241.0,3242.5,3240.75,3241.75,762.0
2020-02-03 23:40:00,3242.0,3242.0,3241.25,3242.0,316.0
2020-02-03 23:45:00,3242.0,3243.25,3241.75,3243.25,897.0
2020-02-03 23:50:00,3243.25,3243.5,3242.75,3243.25,1049.0
2020-02-03 23:55:00,3243.25,3243.25,3240.75,3241.25,862.0
2020-02-04 00:00:00,3241.25,3243.5,3240.75,3243.0,1236.0
2020-02-04 00:05:00,3243.25,3245.0,3243.25,3244.5,1725.0
2020-02-04 00:10:00,3244.75,3247.5,3244.75,3247.25,2379.0
2020-02-04 00:15:00,3247.0,3247.25,3245.75,3245.75,1285.0
2020-02-04 00:20:00,3245.75,3247.5,3245.75,3246.5,1113.0
2020-02-04 00:25:00,3246.25,3247.0,3245.75,3247.0,975.0
2020-02-04 00:30:00,3247.0,3247.5,3246.5,3247.25,742.0
2020-02-04 00:35:00,3247.25,3247.25,3245.5,3245.5,766.0
2020-02-04 00:40:00,3245.5,3247.0,3245.0,3246.0,1432.0
2020-02-04 00:45:00,3246.0,3247.25,3245.5,3247.0,921.0
2020-02-04 00:50:00,3247.0,3247.25,3245.5,3245.75,959.0
2020-02-04 00:55:00,3245.75,3247.0,3245.25,3246.5,1008.0
2020-02-04 01:00:00,3246.5,3253.5,3246.25,3249.5,6461.0
2020-02-04 01:05:00,3249.25,3249.25,3247.25,3248.0,1745.0
2020-02-04 01:10:00,3248.0,3250.25,3246.75,3250.0,1918.0
2020-02-04 01:15:00,3250.0,3251.5,3249.25,3249.5,2667.0
2020-02-04 01:20:00,3249.75,3255.75,3249.0,3254.25,4792.0
2020-02-04 01:25:00,3254.25,3254.5,3252.75,3253.25,2066.0
2020-02-04 01:30:00,3253.5,3255.5,3252.75,3255.25,5210.0
2020-02-04 01:35:00,3255.25,3258.5,3254.25,3258.0,3931.0
2020-02-04 01:40:00,3257.75,3258.75,3256.25,3256.25,4315.0
2020-02-04 01:45:00,3256.25,3257.25,3255.5,3257.0,3282.0
2020-02-04 01:50:00,3257.0,3257.75,3256.0,3256.5,1901.0
2020-02-04 01:55:00,3256.5,3259.0,3256.5,3258.5,1930.0
2020-02-04 02:00:00,3258.75,3259.0,3256.25,3257.0,1939.0
2020-02-04 02:05:00,3257.0,3257.5,3255.0,3256.25,1533.0
2020-02-04 02:10:00,3256.25,3257.5,3255.5,3256.0,2727.0
2020-02-04 02:15:00,3256.0,3256.5,3255.25,3255.25,962.0
2020-02-04 02:20:00,3255.25,3255.5,3253.0,3254.25,2705.0
2020-02-04 02:25:00,3254.5,3256.5,3254.5,3256.0,1289.0
2020-02-04 02:30:00,3256.0,3257.25,3255.0,3256.75,1813.0
2020-02-04 02:35:00,3256.75,3258.0,3254.5,3255.25,1935.0
2020-02-04 02:40:00,3255.25,3256.0,3254.75,3255.75,941.0
2020-02-04 02:45:00,3255.75,3255.75,3253.25,3255.25,1281.0
2020-02-04 02:50:00,3255.0,3256.0,3254.25,3256.0,867.0
2020-02-04 02:55:00,3256.0,3257.25,3255.25,3256.25,1022.0
2020-02-04 03:00:00,3256.25,3256.75,3255.25,3256.0,1596.0
2020-02-04 03:05:00,3256.0,3256.0,3253.75,3254.75,1695.0
2020-02-04 03:10:00,3254.75,3256.25,3254.25,3256.25,866.0
2020-02-04 03:15:00,3256.25,3257.0,3255.25,3256.5,676.0
2020-02-04 03:20:00,3256.5,3258.0,3256.25,3257.5,948.0
2020-02-04 03:25:00,3257.5,3257.75,3256.75,3256.75,551.0
2020-02-04 03:30:00,3256.5,3258.75,3256.5,3258.5,1442.0
2020-02-04 03:35:00,3258.5,3264.75,3257.5,3264.0,8100.0
2020-02-04 03:40:00,3264.0,3266.0,3263.75,3264.25,3916.0
2020-02-04 03:45:00,3264.25,3266.75,3263.0,3263.0,2995.0
2020-02-04 03:50:00,3263.0,3264.0,3262.5,3262.75,1139.0
2020-02-04 03:55:00,3263.0,3263.5,3262.5,3263.0,865.0
2020-02-04 04:00:00,3263.0,3265.0,3262.75,3263.5,1304.0
2020-02-04 04:05:00,3263.25,3263.25,3262.0,3263.0,1575.0
2020-02-04 04:10:00,3263.0,3263.0,3261.5,3261.75,1190.0
2020-02-04 04:15:00,3261.5,3262.5,3261.5,3262.0,1135.0
2020-02-04 04:20:00,3262.25,3263.75,3262.25,3263.0,1231.0
2020-02-04 04:25:00,3263.0,3265.0,3263.0,3264.75,1207.0
2020-02-04 04:30:00,3264.75,3265.25,3263.25,3265.0,1638.0
2020-02-04 04:35:00,3264.75,3267.0,3264.75,3264.75,2190.0
2020-02-04 04:40:00,3265.0,3265.25,3263.5,3264.25,1344.0
2020-02-04 04:45:00,3264.25,3264.5,3263.75,3264.0,506.0
2020-02-04 04:50:00,3264.0,3264.25,3263.5,3263.75,508.0
2020-02-04 04:55:00,3263.5,3264.25,3263.25,3263.25,639.0
2020-02-04 05:00:00,3263.0,3264.25,3262.75,3263.0,754.0
2020-02-04 05:05:00,3263.0,3267.0,3262.75,3265.5,3448.0
2020-02-04 05:10:00,3265.5,3266.0,3264.25,3265.25,1330.0
2020-02-04 05:15:00,3265.25,3266.75,3265.0,3266.5,1280.0
2020-02-04 05:20:00,3266.5,3266.75,3264.5,3264.75,1408.0
2020-02-04 05:25:00,3264.75,3265.25,3264.0,3265.25,1443.0
2020-02-04 05:30:00,3265.25,3265.25,3263.75,3264.5,1266.0
2020-02-04 05:35:00,3264.5,3266.0,3264.0,3265.5,917.0
2020-02-04 05:40:00,3265.5,3268.75,3265.5,3267.5,2843.0
2020-02-04 05:45:00,3267.5,3268.5,3266.75,3268.0,1742.0
2020-02-04 05:50:00,3268.0,3268.75,3266.25,3266.5,2545.0
2020-02-04 05:55:00,3266.75,3267.0,3266.0,3266.75,826.0
2020-02-04 06:00:00,3266.5,3267.75,3266.25,3267.25,1593.0
2020-02-04 06:05:00,3267.5,3267.75,3266.75,3267.5,510.0
2020-02-04 06:10:00,3267.25,3268.0,3266.25,3268.0,607.0
2020-02-04 06:15:00,3268.0,3270.75,3267.75,3269.75,2264.0
2020-02-04 06:20:00,3269.75,3270.25,3269.25,3269.5,1479.0
2020-02-04 06:25:00,3269.25,3270.25,3269.25,3269.25,691.0
2020-02-04 06:30:00,3269.25,3269.25,3268.25,3268.75,789.0
2020-02-04 06:35:00,3268.75,3269.5,3268.5,3269.25,772.0
2020-02-04 06:40:00,3269.0,3270.0,3268.75,3270.0,641.0
2020-02-04 06:45:00,3270.0,3270.25,3269.25,3269.5,928.0
2020-02-04 06:50:00,3269.5,3269.75,3269.0,3269.5,637.0
2020-02-04 06:55:00,3269.5,3272.5,3269.5,3271.5,2410.0
2020-02-04 07:00:00,3271.25,3271.75,3269.25,3269.5,2847.0
2020-02-04 07:05:00,3269.5,3269.5,3267.5,3267.75,1914.0
2020-02-04 07:10:00,3267.75,3268.5,3266.75,3268.25,1110.0
2020-02-04 07:15:00,3268.0,3268.5,3265.75,3266.75,1645.0
2020-02-04 07:20:00,3266.5,3267.0,3266.25,3266.25,891.0
2020-02-04 07:25:00,3266.25,3267.25,3266.0,3266.75,1206.0
2020-02-04 07:30:00,3267.0,3267.0,3265.75,3266.0,944.0
2020-02-04 07:35:00,3265.75,3266.75,3265.25,3265.75,1336.0
2020-02-04 07:40:00,3265.75,3265.75,3263.75,3265.5,2095.0
2020-02-04 07:45:00,3265.75,3267.25,3265.5,3266.75,1023.0
2020-02-04 07:50:00,3266.5,3267.0,3265.75,3267.0,825.0
2020-02-04 07:55:00,3267.0,3268.75,3266.75,3268.5,1686.0
2020-02-04 08:00:00,3268.5,3271.5,3268.25,3270.25,5744.0
2020-02-04 08:05:00,3270.0,3273.75,3269.75,3273.5,5352.0
2020-02-04 08:10:00,3273.5,3277.25,3273.0,3276.0,10104.0
2020-02-04 08:15:00,3276.0,3278.0,3275.25,3277.25,5239.0
2020-02-04 08:20:00,3277.25,3279.75,3276.5,3279.5,6705.0
2020-02-04 08:25:00,3279.5,3282.75,3278.5,3281.75,8558.0
2020-02-04 08:30:00,3281.75,3282.25,3278.5,3279.0,5923.0
2020-02-04 08:35:00,3279.0,3279.25,3276.75,3277.75,4606.0
2020-02-04 08:40:00,3277.5,3279.25,3277.25,3277.5,2702.0
2020-02-04 08:45:00,3277.75,3279.25,3277.25,3278.0,2061.0
2020-02-04 08:50:00,3277.75,3280.25,3277.75,3280.0,2850.0
2020-02-04 08:55:00,3280.0,3280.5,3278.5,3279.5,2803.0
2020-02-04 09:00:00,3279.75,3279.75,3278.25,3279.5,2826.0
2020-02-04 09:05:00,3279.75,3280.25,3278.0,3279.0,2812.0
2020-02-04 09:10:00,3279.0,3279.25,3277.5,3277.5,2239.0
2020-02-04 09:15:00,3277.5,3278.75,3277.0,3277.5,2888.0
2020-02-04 09:20:00,3277.75,3279.0,3277.5,3278.25,1078.0
2020-02-04 09:25:00,3278.25,3279.0,3278.0,3278.0,1384.0
2020-02-04 09:30:00,3278.0,3280.5,3277.75,3279.75,2297.0
2020-02-04 09:35:00,3279.75,3282.5,3279.75,3281.5,2637.0
2020-02-04 09:40:00,3281.75,3282.5,3281.0,3281.25,2052.0
2020-02-04 09:45:00,3281.5,3283.75,3280.75,3283.0,2617.0
2020-02-04 09:50:00,3283.0,3284.75,3282.75,3283.25,3269.0
2020-02-04 09:55:00,3283.0,3284.0,3282.75,3283.0,1534.0
2020-02-04 10:00:00,3283.0,3283.75,3281.75,3282.75,1971.0
2020-02-04 10:05:00,3282.75,3283.75,3282.0,3282.0,1669.0
2020-02-04 10:10:00,3282.25,3284.25,3282.0,3283.25,2521.0
2020-02-04 10:15:00,3283.25,3283.25,3281.5,3281.5,1946.0
2020-02-04 10:20:00,3281.75,3281.75,3280.75,3281.25,2031.0
2020-02-04 10:25:00,3281.25,3281.75,3280.75,3281.5,1420.0
2020-02-04 10:30:00,3281.25,3281.75,3281.0,3281.5,945.0
2020-02-04 10:35:00,3281.25,3281.5,3280.0,3280.0,1484.0
2020-02-04 10:40:00,3280.0,3280.5,3279.75,3280.0,1377.0
2020-02-04 10:45:00,3280.0,3280.75,3279.75,3279.75,1670.0
2020-02-04 10:50:00,3279.75,3280.25,3279.25,3280.25,1327.0
2020-02-04 10:55:00,3280.0,3280.25,3279.25,3279.5,957.0
2020-02-04 11:00:00,3279.5,3279.5,3278.0,3279.0,2037.0
2020-02-04 11:05:00,3279.0,3279.25,3278.0,3278.75,2990.0
2020-02-04 11:10:00,3279.0,3282.75,3278.75,3281.5,4552.0
2020-02-04 11:15:00,3281.5,3283.25,3281.25,3282.5,2480.0
2020-02-04 11:20:00,3282.5,3282.75,3281.0,3281.25,1329.0
2020-02-04 11:25:00,3281.25,3281.25,3279.5,3280.0,1915.0
2020-02-04 11:30:00,3280.25,3282.5,3280.0,3282.5,1762.0
2020-02-04 11:35:00,3282.5,3282.5,3280.0,3280.0,1497.0
2020-02-04 11:40:00,3280.0,3281.0,3279.25,3280.75,2665.0
2020-02-04 11:45:00,3280.75,3282.0,3280.0,3282.0,1552.0
2020-02-04 11:50:00,3282.0,3282.25,3281.0,3281.0,1478.0
2020-02-04 11:55:00,3281.0,3281.5,3280.75,3281.0,1800.0
2020-02-04 12:00:00,3281.0,3281.75,3280.0,3280.25,2968.0
2020-02-04 12:05:00,3280.25,3280.5,3279.25,3280.25,2629.0
2020-02-04 12:10:00,3280.25,3280.5,3279.25,3280.0,1382.0
2020-02-04 12:15:00,3279.75,3281.0,3279.5,3280.5,1862.0
2020-02-04 12:20:00,3280.5,3281.0,3279.75,3280.25,1180.0
2020-02-04 12:25:00,3280.25,3282.5,3280.0,3282.25,2291.0
2020-02-04 12:30:00,3282.25,3285.5,3282.25,3283.0,7653.0
2020-02-04 12:35:00,3283.0,3286.25,3283.0,3285.5,5238.0
2020-02-04 12:40:00,3285.5,3287.5,3285.0,3286.75,6493.0
2020-02-04 12:45:00,3286.75,3287.0,3285.0,3285.75,2718.0
2020-02-04 12:50:00,3285.5,3287.25,3285.5,3287.0,3062.0
2020-02-04 12:55:00,3287.0,3288.25,3286.5,3287.5,3732.0
2020-02-04 13:00:00,3287.5,3288.5,3285.75,3286.5,3640.0
2020-02-04 13:05:00,3286.5,3286.75,3284.75,3286.75,6043.0
2020-02-04 13:10:00,3286.75,3287.0,3285.75,3286.5,3194.0
2020-02-04 13:15:00,3286.5,3286.75,3285.25,3285.5,3475.0
2020-02-04 13:20:00,3285.25,3287.0,3285.0,3286.75,3941.0
2020-02-04 13:25:00,3286.5,3288.25,3285.75,3287.5,5626.0
2020-02-04 13:30:00,3287.75,3288.5,3287.0,3287.75,6518.0
2020-02-04 13:35:00,3287.5,3288.5,3287.5,3288.25,2881.0
2020-02-04 13:40:00,3288.25,3289.0,3288.0,3288.5,5047.0
2020-02-04 13:45:00,3288.5,3289.75,3287.75,3288.25,6038.0
2020-02-04 13:50:00,3288.0,3288.5,3287.5,3288.25,2970.0
2020-02-04 13:55:00,3288.25,3289.75,3287.5,3288.75,5374.0
2020-02-04 14:00:00,3288.75,3289.5,3287.25,3287.75,5796.0
2020-02-04 14:05:00,3287.75,3288.25,3286.25,3287.75,6651.0
2020-02-04 14:10:00,3288.0,3288.25,3286.25,3286.25,3210.0
2020-02-04 14:15:00,3286.25,3286.75,3283.75,3284.0,8752.0
2020-02-04 14:20:00,3284.0,3286.0,3284.0,3285.75,7020.0
2020-02-04 14:25:00,3286.0,3286.0,3284.5,3285.5,7323.0
2020-02-04 14:30:00,3285.5,3289.25,3283.0,3284.5,60027.0
2020-02-04 14:35:00,3284.25,3288.25,3283.75,3284.0,38715.0
2020-02-04 14:40:00,3283.75,3287.75,3282.25,3287.75,30731.0
2020-02-04 14:45:00,3287.75,3292.75,3286.5,3292.25,38103.0
2020-02-04 14:50:00,3292.25,3293.75,3291.25,3293.25,31772.0
2020-02-04 14:55:00,3293.25,3294.75,3291.75,3294.0,27770.0
2020-02-04 15:00:00,3294.0,3294.25,3291.25,3291.75,27248.0
2020-02-04 15:05:00,3291.75,3293.75,3290.5,3293.25,27017.0
2020-02-04 15:10:00,3293.5,3294.25,3288.5,3288.75,30528.0
2020-02-04 15:15:00,3288.75,3290.5,3288.0,3289.25,22713.0
2020-02-04 15:20:00,3289.25,3291.75,3289.0,3291.75,18910.0
2020-02-04 15:25:00,3291.75,3295.25,3291.75,3295.25,18207.0
2020-02-04 15:30:00,3295.0,3296.75,3294.75,3296.25,24752.0
2020-02-04 15:35:00,3296.25,3298.5,3295.25,3298.25,22051.0
2020-02-04 15:40:00,3298.0,3298.75,3297.25,3298.25,14197.0
2020-02-04 15:45:00,3298.25,3299.0,3296.25,3296.75,17124.0
2020-02-04 15:50:00,3296.75,3297.0,3295.25,3295.5,14734.0
2020-02-04 15:55:00,3295.75,3297.75,3294.0,3294.5,14831.0
2020-02-04 16:00:00,3294.75,3296.0,3294.25,3295.0,12676.0
2020-02-04 16:05:00,3295.25,3297.0,3293.75,3294.5,10815.0
2020-02-04 16:10:00,3294.5,3297.25,3294.5,3296.75,14827.0
2020-02-04 16:15:00,3296.75,3298.25,3295.0,3298.25,13697.0
2020-02-04 16:20:00,3298.25,3299.5,3297.75,3299.5,14329.0
2020-02-04 16:25:00,3299.5,3300.75,3298.75,3300.25,13272.0
2020-02-04 16:30:00,3300.25,3302.25,3298.5,3301.25,22871.0
2020-02-04 16:35:00,3301.25,3302.25,3300.75,3302.0,11828.0
2020-02-04 16:40:00,3302.25,3302.75,3300.75,3302.0,12564.0
2020-02-04 16:45:00,3302.0,3304.5,3301.25,3302.25,16563.0
2020-02-04 16:50:00,3302.5,3302.75,3300.25,3300.75,11471.0
2020-02-04 16:55:00,3301.0,3301.0,3299.5,3300.25,9426.0
2020-02-04 17:00:00,3300.25,3302.0,3300.0,3301.0,9786.0
2020-02-04 17:05:00,3301.25,3302.25,3300.5,3301.25,8897.0
2020-02-04 17:10:00,3301.25,3303.5,3301.25,3302.75,7887.0
2020-02-04 17:15:00,3302.75,3304.0,3300.0,3303.0,19725.0
2020-02-04 17:20:00,3303.0,3303.5,3301.25,3303.5,7437.0
2020-02-04 17:25:00,3303.5,3304.0,3302.25,3302.75,6476.0
2020-02-04 17:30:00,3303.0,3304.0,3302.0,3302.25,7881.0
2020-02-04 17:35:00,3302.25,3302.75,3301.5,3302.0,4246.0
2020-02-04 17:40:00,3302.0,3302.75,3301.0,3301.75,5510.0
2020-02-04 17:45:00,3302.0,3303.25,3301.0,3301.25,6875.0
2020-02-04 17:50:00,3301.5,3302.0,3300.75,3301.25,5327.0
2020-02-04 17:55:00,3301.25,3302.75,3301.25,3302.5,3904.0
2020-02-04 18:00:00,3302.5,3303.5,3301.5,3302.5,4775.0
2020-02-04 18:05:00,3302.75,3303.5,3301.75,3302.25,4463.0
2020-02-04 18:10:00,3302.25,3302.5,3300.75,3300.75,4502.0
2020-02-04 18:15:00,3300.75,3301.0,3298.5,3298.75,10235.0
2020-02-04 18:20:00,3298.75,3299.25,3298.25,3298.25,6614.0
2020-02-04 18:25:00,3298.5,3298.5,3296.25,3298.25,8630.0
2020-02-04 18:30:00,3298.25,3299.0,3298.0,3299.0,6105.0
2020-02-04 18:35:00,3299.0,3300.25,3298.75,3299.75,4447.0
2020-02-04 18:40:00,3299.75,3300.25,3298.75,3299.75,4144.0
2020-02-04 18:45:00,3299.75,3301.25,3299.75,3301.0,6229.0
2020-02-04 18:50:00,3301.0,3301.75,3300.25,3301.25,5382.0
2020-02-04 18:55:00,3301.25,3301.5,3301.0,3301.5,3748.0
2020-02-04 19:00:00,3301.5,3302.75,3300.75,3302.25,6151.0
2020-02-04 19:05:00,3302.5,3303.25,3302.0,3303.0,5181.0
2020-02-04 19:10:00,3303.0,3304.0,3302.5,3304.0,4493.0
2020-02-04 19:15:00,3303.75,3304.0,3302.5,3302.5,4848.0
2020-02-04 19:20:00,3302.5,3303.0,3302.0,3302.25,5226.0
2020-02-04 19:25:00,3302.0,3302.25,3300.5,3300.75,5446.0
2020-02-04 19:30:00,3300.75,3303.0,3300.25,3302.0,7730.0
2020-02-04 19:35:00,3302.0,3303.75,3301.0,3302.25,6773.0
2020-02-04 19:40:00,3302.5,3304.25,3302.0,3304.25,8510.0
2020-02-04 19:45:00,3304.25,3305.25,3303.75,3305.0,9550.0
2020-02-04 19:50:00,3305.0,3305.25,3303.5,3303.75,6092.0
2020-02-04 19:55:00,3303.75,3304.0,3302.25,3302.75,5669.0
2020-02-04 20:00:00,3302.5,3302.75,3301.25,3301.75,6823.0
2020-02-04 20:05:00,3301.75,3302.75,3301.0,3301.5,6631.0
2020-02-04 20:10:00,3301.5,3302.0,3300.25,3300.75,7684.0
2020-02-04 20:15:00,3300.75,3301.75,3299.5,3301.75,10541.0
2020-02-04 20:20:00,3301.75,3303.75,3301.5,3303.5,15722.0
2020-02-04 20:25:00,3303.5,3303.75,3302.25,3303.25,9345.0
2020-02-04 20:30:00,3303.0,3304.0,3302.25,3302.5,12017.0
2020-02-04 20:35:00,3302.25,3303.25,3300.5,3300.75,12938.0
2020-02-04 20:40:00,3300.75,3301.0,3298.5,3298.75,13511.0
2020-02-04 20:45:00,3298.75,3301.0,3297.5,3300.0,17826.0
2020-02-04 20:50:00,3300.0,3300.25,3295.75,3296.25,21668.0
2020-02-04 20:55:00,3296.25,3296.75,3294.0,3295.0,32499.0
2020-02-04 21:00:00,3295.25,3297.25,3294.25,3296.75,98397.0
2020-02-04 21:05:00,3297.0,3297.5,3295.5,3297.0,18051.0
2020-02-04 21:10:00,3296.75,3298.5,3296.25,3298.5,10195.0
2020-02-04 21:15:00,3298.5,3300.0,3297.5,3299.5,8426.0
2020-02-04 21:30:00,3299.25,3300.5,3298.5,3300.0,3366.0
2020-02-04 21:35:00,3300.0,3300.0,3299.5,3299.75,1430.0
2020-02-04 21:40:00,3299.5,3302.75,3299.5,3302.25,3229.0
2020-02-04 21:45:00,3302.25,3302.75,3298.25,3299.75,4696.0
2020-02-04 21:50:00,3299.75,3301.0,3299.75,3300.5,1426.0
2020-02-04 21:55:00,3300.5,3301.0,3299.75,3300.25,1378.0
2020-02-04 22:00:00,3300.25,3300.5,3299.75,3300.25,618.0
2020-02-04 23:00:00,3300.25,3300.25,3296.75,3298.75,4079.0
2020-02-04 23:05:00,3298.75,3299.0,3298.0,3298.25,802.0
2020-02-04 23:10:00,3298.25,3299.25,3298.0,3299.0,827.0
2020-02-04 23:15:00,3299.0,3299.0,3298.25,3298.75,868.0
2020-02-04 23:20:00,3299.0,3300.0,3298.75,3299.75,771.0
2020-02-04 23:25:00,3299.75,3300.75,3299.5,3299.75,1087.0
2020-02-04 23:30:00,3299.5,3299.75,3298.25,3298.25,620.0
2020-02-04 23:35:00,3298.5,3298.5,3296.0,3296.25,1795.0
2020-02-04 23:40:00,3296.25,3297.0,3295.0,3295.75,2178.0
2020-02-04 23:45:00,3295.5,3295.75,3295.0,3295.25,1451.0
2020-02-04 23:50:00,3295.0,3295.5,3293.75,3294.25,1461.0
2020-02-04 23:55:00,3294.25,3294.75,3293.75,3294.0,1265.0
2020-02-05 00:00:00,3294.0,3295.0,3292.25,3292.5,3137.0
2020-02-05 00:05:00,3292.5,3294.0,3292.25,3293.5,1014.0
2020-02-05 00:10:00,3293.5,3297.75,3293.5,3297.25,2995.0
2020-02-05 00:15:00,3297.25,3298.25,3296.0,3297.0,1771.0
2020-02-05 00:20:00,3296.75,3297.0,3294.25,3294.25,1866.0
2020-02-05 00:25:00,3294.0,3294.75,3292.75,3293.25,1896.0
2020-02-05 00:30:00,3293.25,3294.0,3292.0,3293.0,1831.0
2020-02-05 00:35:00,3293.0,3294.0,3292.5,3293.5,1215.0
2020-02-05 00:40:00,3293.5,3294.0,3292.5,3292.75,893.0
2020-02-05 00:45:00,3292.75,3293.0,3291.0,3291.0,2455.0
2020-02-05 00:50:00,3291.0,3292.25,3290.75,3292.25,982.0
2020-02-05 00:55:00,3292.5,3293.0,3291.25,3291.75,1443.0
2020-02-05 01:00:00,3291.5,3292.5,3290.0,3290.5,2294.0
2020-02-05 01:05:00,3290.5,3291.75,3290.0,3291.5,1486.0
2020-02-05 01:10:00,3291.75,3293.0,3291.25,3291.25,1572.0
2020-02-05 01:15:00,3291.5,3293.25,3291.5,3292.75,1863.0
2020-02-05 01:20:00,3292.5,3292.5,3291.5,3291.5,1003.0
2020-02-05 01:25:00,3291.5,3292.75,3291.25,3292.5,1375.0
2020-02-05 01:30:00,3292.5,3293.0,3289.0,3289.0,2496.0
2020-02-05 01:35:00,3289.0,3291.0,3288.25,3290.75,2673.0
2020-02-05 01:40:00,3290.5,3292.5,3290.5,3291.0,1705.0
2020-02-05 01:45:00,3290.75,3294.0,3290.75,3293.5,2215.0
2020-02-05 01:50:00,3293.5,3294.5,3292.75,3294.25,2265.0
2020-02-05 01:55:00,3294.0,3298.0,3294.0,3297.75,4975.0
2020-02-05 02:00:00,3297.75,3297.75,3295.5,3295.5,1825.0
2020-02-05 02:05:00,3295.75,3296.25,3294.5,3294.75,1611.0
2020-02-05 02:10:00,3295.0,3295.25,3294.25,3294.5,1195.0
2020-02-05 02:15:00,3294.75,3294.75,3293.5,3294.25,1063.0
2020-02-05 02:20:00,3294.25,3296.0,3294.0,3294.75,1462.0
2020-02-05 02:25:00,3295.0,3295.0,3293.0,3294.0,1114.0
2020-02-05 02:30:00,3293.75,3294.5,3293.0,3293.5,621.0
2020-02-05 02:35:00,3293.5,3295.0,3293.5,3295.0,1480.0
2020-02-05 02:40:00,3294.75,3295.5,3294.5,3295.5,1989.0
2020-02-05 02:45:00,3295.25,3295.5,3293.0,3293.75,1435.0
2020-02-05 02:50:00,3293.75,3294.75,3293.5,3294.25,863.0
2020-02-05 02:55:00,3294.5,3294.5,3292.75,3293.0,1130.0
2020-02-05 03:00:00,3292.75,3293.0,3291.5,3293.0,1092.0
2020-02-05 03:05:00,3292.75,3293.0,3292.0,3292.25,611.0
2020-02-05 03:10:00,3292.5,3292.5,3290.25,3291.0,1585.0
2020-02-05 03:15:00,3291.0,3292.25,3290.75,3292.25,915.0
2020-02-05 03:20:00,3292.25,3293.25,3292.0,3293.25,1142.0
2020-02-05 03:25:00,3293.0,3293.5,3291.75,3291.75,809.0
2020-02-05 03:30:00,3292.0,3293.25,3291.75,3292.25,771.0
2020-02-05 03:35:00,3292.25,3293.25,3292.25,3293.0,330.0
2020-02-05 03:40:00,3292.75,3294.25,3292.75,3294.25,985.0
2020-02-05 03:45:00,3294.25,3294.5,3293.75,3293.75,581.0
2020-02-05 03:50:00,3293.75,3295.0,3293.75,3294.0,476.0
2020-02-05 03:55:00,3294.25,3294.25,3293.25,3293.5,481.0
2020-02-05 04:00:00,3293.25,3294.0,3293.25,3294.0,342.0
2020-02-05 04:05:00,3294.0,3295.0,3293.75,3294.25,480.0
2020-02-05 04:10:00,3294.25,3294.25,3293.25,3293.5,348.0
2020-02-05 04:15:00,3293.5,3293.75,3293.0,3293.5,346.0
2020-02-05 04:20:00,3293.5,3294.0,3293.25,3293.5,439.0
2020-02-05 04:25:00,3293.5,3293.75,3293.25,3293.75,236.0
2020-02-05 04:30:00,3293.75,3295.25,3293.75,3295.0,758.0
2020-02-05 04:35:00,3295.25,3295.5,3294.5,3294.75,579.0
2020-02-05 04:40:00,3294.75,3294.75,3294.25,3294.75,271.0
2020-02-05 04:45:00,3294.75,3295.75,3294.5,3295.5,329.0
2020-02-05 04:50:00,3295.25,3295.75,3295.0,3295.75,379.0
2020-02-05 04:55:00,3296.0,3296.0,3295.0,3295.25,361.0
2020-02-05 05:00:00,3295.25,3295.75,3294.5,3295.25,597.0
2020-02-05 05:05:00,3295.0,3295.75,3295.0,3295.25,358.0
2020-02-05 05:10:00,3295.25,3295.75,3295.0,3295.25,596.0
2020-02-05 05:15:00,3295.0,3295.0,3294.25,3294.5,496.0
2020-02-05 05:20:00,3294.25,3294.5,3292.5,3293.0,1016.0
2020-02-05 05:25:00,3293.25,3294.0,3293.0,3293.5,434.0
2020-02-05 05:30:00,3293.5,3293.75,3292.25,3292.25,939.0
2020-02-05 05:35:00,3292.25,3292.75,3291.0,3291.0,885.0
2020-02-05 05:40:00,3291.0,3292.5,3290.75,3292.25,1139.0
2020-02-05 05:45:00,3292.0,3292.5,3290.25,3290.25,1830.0
2020-02-05 05:50:00,3290.5,3291.25,3289.0,3291.0,2320.0
2020-02-05 05:55:00,3291.25,3291.5,3289.75,3290.5,1093.0
2020-02-05 06:00:00,3290.5,3293.0,3290.25,3292.75,1933.0
2020-02-05 06:05:00,3292.75,3294.25,3292.5,3293.75,1435.0
2020-02-05 06:10:00,3294.0,3295.0,3293.5,3294.0,1903.0
2020-02-05 06:15:00,3294.0,3294.25,3292.75,3292.75,980.0
2020-02-05 06:20:00,3293.0,3293.75,3292.0,3292.75,1163.0
2020-02-05 06:25:00,3292.75,3293.5,3292.0,3292.75,467.0
2020-02-05 06:30:00,3292.75,3293.5,3292.5,3292.5,554.0
2020-02-05 06:35:00,3292.5,3293.5,3292.5,3293.25,375.0
2020-02-05 06:40:00,3293.0,3293.25,3292.75,3293.0,281.0
2020-02-05 06:45:00,3293.25,3293.5,3292.75,3293.0,468.0
2020-02-05 06:50:00,3293.0,3293.5,3292.75,3293.5,218.0
2020-02-05 06:55:00,3293.75,3294.0,3293.0,3293.0,588.0
2020-02-05 07:00:00,3293.0,3295.0,3292.75,3294.75,989.0
2020-02-05 07:05:00,3295.0,3295.0,3292.75,3293.0,1076.0
2020-02-05 07:10:00,3293.0,3293.5,3291.75,3291.75,805.0
2020-02-05 07:15:00,3291.75,3292.0,3291.0,3291.75,959.0
2020-02-05 07:20:00,3291.75,3292.25,3291.0,3291.25,934.0
2020-02-05 07:25:00,3291.25,3292.5,3291.0,3292.25,482.0
2020-02-05 07:30:00,3292.25,3292.25,3290.75,3291.25,972.0
2020-02-05 07:35:00,3291.25,3292.5,3290.75,3292.25,1081.0
2020-02-05 07:40:00,3292.25,3292.5,3291.5,3292.0,649.0
2020-02-05 07:45:00,3292.25,3293.5,3292.0,3292.75,823.0
2020-02-05 07:50:00,3292.75,3293.25,3291.25,3291.5,1131.0
2020-02-05 07:55:00,3291.5,3292.25,3291.25,3291.5,697.0
2020-02-05 08:00:00,3291.75,3292.5,3291.0,3292.0,2177.0
2020-02-05 08:05:00,3292.25,3296.25,3292.0,3295.0,4232.0
2020-02-05 08:10:00,3295.0,3295.75,3294.0,3294.75,2583.0
2020-02-05 08:15:00,3294.75,3295.5,3294.25,3294.75,1846.0
2020-02-05 08:20:00,3294.75,3295.75,3294.0,3295.0,2211.0
2020-02-05 08:25:00,3295.0,3300.25,3295.0,3300.25,5866.0
2020-02-05 08:30:00,3300.5,3304.0,3300.5,3303.75,8909.0
2020-02-05 08:35:00,3303.75,3318.5,3303.5,3315.25,36609.0
2020-02-05 08:40:00,3315.25,3317.5,3314.0,3314.25,17816.0
2020-02-05 08:45:00,3314.5,3319.25,3312.0,3316.75,18018.0
2020-02-05 08:50:00,3317.0,3317.25,3314.25,3314.5,11684.0
2020-02-05 08:55:00,3314.5,3315.25,3312.75,3315.0,4742.0
2020-02-05 09:00:00,3315.0,3316.25,3312.75,3316.25,6491.0
2020-02-05 09:05:00,3316.25,3322.0,3315.25,3319.25,10279.0
2020-02-05 09:10:00,3319.25,3322.75,3318.0,3318.0,8125.0
2020-02-05 09:15:00,3318.0,3320.5,3317.25,3319.75,6353.0
2020-02-05 09:20:00,3320.0,3323.5,3319.5,3322.5,8456.0
2020-02-05 09:25:00,3322.5,3325.25,3321.75,3325.25,11332.0
2020-02-05 09:30:00,3325.25,3326.25,3323.25,3326.0,6708.0
2020-02-05 09:35:00,3326.0,3327.0,3325.0,3325.0,6382.0
2020-02-05 09:40:00,3325.0,3327.75,3325.0,3327.75,5496.0
2020-02-05 09:45:00,3327.5,3328.0,3326.0,3327.0,5078.0
2020-02-05 09:50:00,3327.0,3331.0,3326.25,3330.75,7986.0
2020-02-05 09:55:00,3330.75,3331.25,3328.25,3328.5,6118.0
2020-02-05 10:00:00,3328.75,3329.25,3327.25,3328.25,3678.0
2020-02-05 10:05:00,3328.25,3330.5,3328.0,3328.75,7350.0
2020-02-05 10:10:00,3329.0,3329.5,3327.25,3327.5,4797.0
2020-02-05 10:15:00,3327.5,3327.75,3326.0,3326.25,5431.0
2020-02-05 10:20:00,3326.25,3327.75,3326.0,3326.5,3496.0
2020-02-05 10:25:00,3326.75,3327.0,3325.25,3325.25,3312.0
2020-02-05 10:30:00,3325.25,3325.75,3323.5,3324.0,4888.0
2020-02-05 10:35:00,3324.0,3326.5,3324.0,3325.75,4755.0
2020-02-05 10:40:00,3325.75,3326.5,3324.75,3325.75,2827.0
2020-02-05 10:45:00,3325.75,3325.75,3323.75,3323.75,4051.0
2020-02-05 10:50:00,3323.75,3325.5,3323.75,3325.0,2398.0
2020-02-05 10:55:00,3325.0,3327.25,3324.5,3325.0,3587.0
2020-02-05 11:00:00,3325.0,3325.5,3324.5,3325.25,2069.0
2020-02-05 11:05:00,3325.0,3326.5,3324.25,3324.75,3102.0
2020-02-05 11:10:00,3325.0,3325.75,3324.0,3325.0,3414.0
2020-02-05 11:15:00,3325.0,3326.5,3324.25,3326.25,2488.0
2020-02-05 11:20:00,3326.25,3328.5,3325.75,3328.25,3451.0
2020-02-05 11:25:00,3328.5,3328.5,3327.25,3327.5,2237.0
2020-02-05 11:30:00,3327.5,3328.5,3327.25,3327.5,3278.0
2020-02-05 11:35:00,3327.5,3327.5,3319.75,3323.5,24496.0
2020-02-05 11:40:00,3323.5,3326.5,3321.25,3324.0,8680.0
2020-02-05 11:45:00,3324.0,3326.25,3323.75,3324.75,6922.0
2020-02-05 11:50:00,3324.75,3325.5,3322.75,3324.0,3595.0
2020-02-05 11:55:00,3324.0,3324.0,3322.5,3322.5,2627.0
2020-02-05 12:00:00,3322.5,3322.5,3319.5,3321.0,6821.0
2020-02-05 12:05:00,3320.75,3321.5,3320.0,3321.25,2121.0
2020-02-05 12:10:00,3321.25,3323.75,3321.0,3323.75,2678.0
2020-02-05 12:15:00,3323.5,3325.25,3323.0,3325.25,3658.0
2020-02-05 12:20:00,3325.25,3325.25,3324.25,3324.5,2449.0
2020-02-05 12:25:00,3324.5,3325.0,3323.75,3324.25,1359.0
2020-02-05 12:30:00,3324.5,3324.5,3322.75,3323.5,2852.0
2020-02-05 12:35:00,3323.5,3325.75,3323.0,3325.25,3101.0
2020-02-05 12:40:00,3325.25,3325.25,3324.0,3324.75,2105.0
2020-02-05 12:45:00,3324.75,3325.25,3323.5,3324.25,3229.0
2020-02-05 12:50:00,3324.5,3324.5,3322.75,3323.0,2730.0
2020-02-05 12:55:00,3323.0,3323.5,3321.25,3322.0,8395.0
2020-02-05 13:00:00,3322.0,3323.0,3321.0,3322.75,5266.0
2020-02-05 13:05:00,3323.0,3325.0,3322.75,3324.5,4684.0
2020-02-05 13:10:00,3324.5,3325.75,3323.75,3324.75,5111.0
2020-02-05 13:15:00,3325.0,3327.75,3323.75,3327.0,11269.0
2020-02-05 13:20:00,3326.75,3327.5,3326.5,3327.0,3537.0
2020-02-05 13:25:00,3327.25,3328.0,3326.0,3326.5,5309.0
2020-02-05 13:30:00,3326.5,3328.75,3326.25,3328.25,5299.0
2020-02-05 13:35:00,3328.25,3328.75,3327.25,3327.5,3458.0
2020-02-05 13:40:00,3327.25,3328.0,3326.75,3327.25,3134.0
2020-02-05 13:45:00,3327.25,3327.75,3325.75,3327.5,3947.0
2020-02-05 13:50:00,3327.75,3328.5,3327.25,3328.5,3731.0
2020-02-05 13:55:00,3328.5,3328.75,3327.25,3327.5,5189.0
2020-02-05 14:00:00,3327.5,3328.25,3326.5,3326.5,3887.0
2020-02-05 14:05:00,3326.5,3327.25,3325.75,3326.75,5379.0
2020-02-05 14:10:00,3326.75,3326.75,3324.25,3325.0,6603.0
2020-02-05 14:15:00,3325.0,3327.5,3325.0,3326.25,5086.0
2020-02-05 14:20:00,3326.25,3327.75,3326.0,3327.75,3277.0
2020-02-05 14:25:00,3327.75,3328.75,3327.25,3328.5,6720.0
2020-02-05 14:30:00,3328.5,3329.25,3325.0,3326.25,48929.0
2020-02-05 14:35:00,3326.5,3326.75,3322.0,3322.25,34928.0
2020-02-05 14:40:00,3322.25,3322.75,3317.5,3318.5,33791.0
2020-02-05 14:45:00,3318.25,3326.75,3318.0,3326.75,36027.0
2020-02-05 14:50:00,3326.75,3326.75,3323.5,3324.75,34519.0
2020-02-05 14:55:00,3324.5,3325.75,3322.25,3323.25,26683.0
2020-02-05 15:00:00,3323.5,3327.75,3323.0,3326.75,23895.0
2020-02-05 15:05:00,3326.75,3328.5,3324.0,3324.5,30678.0
2020-02-05 15:10:00,3324.5,3325.5,3320.75,3322.0,24830.0
2020-02-05 15:15:00,3321.75,3322.5,3319.5,3320.5,27165.0
2020-02-05 15:20:00,3320.25,3324.0,3320.0,3323.75,24609.0
2020-02-05 15:25:00,3324.0,3324.25,3313.5,3314.75,43197.0
2020-02-05 15:30:00,3314.5,3318.25,3313.75,3317.5,31567.0
2020-02-05 15:35:00,3317.75,3318.0,3312.25,3314.25,45783.0
2020-02-05 15:40:00,3314.0,3315.5,3311.75,3314.5,33229.0
2020-02-05 15:45:00,3314.5,3317.75,3314.0,3316.25,24485.0
2020-02-05 15:50:00,3316.25,3320.25,3316.25,3319.25,27089.0
2020-02-05 15:55:00,3319.25,3322.0,3317.75,3321.5,17621.0
2020-02-05 16:00:00,3321.5,3322.25,3319.0,3320.0,17187.0
2020-02-05 16:05:00,3319.75,3321.25,3318.0,3320.0,20094.0
2020-02-05 16:10:00,3320.25,3322.25,3320.0,3322.0,14138.0
2020-02-05 16:15:00,3322.0,3323.0,3321.25,3322.75,12215.0
2020-02-05 16:20:00,3323.0,3323.25,3321.75,3322.75,12048.0
2020-02-05 16:25:00,3322.75,3323.0,3321.0,3321.75,13346.0
2020-02-05 16:30:00,3321.75,3324.0,3321.5,3323.25,15315.0
2020-02-05 16:35:00,3323.0,3323.5,3318.75,3319.25,22821.0
2020-02-05 16:40:00,3319.25,3320.25,3316.75,3317.25,17488.0
2020-02-05 16:45:00,3317.25,3321.25,3316.5,3321.0,10678.0
2020-02-05 16:50:00,3321.0,3322.75,3320.75,3322.5,9600.0
2020-02-05 16:55:00,3322.5,3325.0,3322.25,3325.0,11311.0
2020-02-05 17:00:00,3325.0,3325.5,3324.25,3324.75,9826.0
2020-02-05 17:05:00,3325.0,3327.0,3324.25,3327.0,10360.0
2020-02-05 17:10:00,3327.0,3327.5,3326.0,3326.75,7799.0
2020-02-05 17:15:00,3326.75,3327.75,3326.0,3326.5,8036.0
2020-02-05 17:20:00,3326.75,3326.75,3325.0,3325.75,6847.0
2020-02-05 17:25:00,3326.0,3327.0,3325.25,3326.0,6809.0
2020-02-05 17:30:00,3326.0,3326.25,3324.25,3326.0,8894.0
2020-02-05 17:35:00,3326.0,3326.75,3324.75,3326.0,5821.0
2020-02-05 17:40:00,3326.25,3326.5,3324.25,3325.0,5633.0
2020-02-05 17:45:00,3325.0,3325.75,3324.5,3325.5,4412.0
2020-02-05 17:50:00,3325.5,3327.25,3325.25,3325.25,5886.0
2020-02-05 17:55:00,3325.5,3325.5,3323.75,3323.75,6483.0
2020-02-05 18:00:00,3324.0,3324.75,3322.75,3322.75,7692.0
2020-02-05 18:05:00,3323.0,3323.75,3321.75,3322.0,8574.0
2020-02-05 18:10:00,3322.0,3323.5,3321.75,3323.0,9521.0
2020-02-05 18:15:00,3322.75,3323.25,3321.25,3322.25,6206.0
2020-02-05 18:20:00,3322.25,3323.75,3322.0,3323.25,7604.0
2020-02-05 18:25:00,3323.25,3324.75,3323.0,3323.75,6939.0
2020-02-05 18:30:00,3323.75,3325.0,3323.0,3324.0,7886.0
2020-02-05 18:35:00,3323.75,3324.5,3323.25,3324.0,5860.0
2020-02-05 18:40:00,3323.75,3325.75,3323.25,3325.25,9643.0
2020-02-05 18:45:00,3325.25,3327.5,3325.25,3326.5,10143.0
2020-02-05 18:50:00,3326.5,3327.5,3326.5,3326.75,4661.0
2020-02-05 18:55:00,3326.75,3327.75,3325.75,3326.5,7045.0
2020-02-05 19:00:00,3326.5,3326.75,3324.5,3325.25,9499.0
2020-02-05 19:05:00,3325.25,3325.75,3323.0,3323.5,10156.0
2020-02-05 19:10:00,3323.5,3324.5,3322.75,3323.25,9124.0
2020-02-05 19:15:00,3323.0,3326.25,3323.0,3326.0,7405.0
2020-02-05 19:20:00,3326.25,3327.25,3325.25,3327.0,6019.0
2020-02-05 19:25:00,3327.0,3328.0,3326.75,3327.5,8532.0
2020-02-05 19:30:00,3327.75,3328.0,3326.5,3326.5,7139.0
2020-02-05 19:35:00,3326.75,3328.25,3326.5,3328.0,5325.0
2020-02-05 19:40:00,3328.0,3328.75,3327.5,3328.5,5949.0
2020-02-05 19:45:00,3328.25,3329.0,3327.5,3328.5,7639.0
2020-02-05 19:50:00,3328.5,3331.75,3328.25,3331.5,17083.0
2020-02-05 19:55:00,3331.75,3332.5,3331.25,3332.0,10412.0
2020-02-05 20:00:00,3332.0,3335.25,3331.5,3333.75,23126.0
2020-02-05 20:05:00,3333.75,3335.0,3333.5,3333.75,9197.0
2020-02-05 20:10:00,3334.0,3334.0,3332.0,3332.25,10977.0
2020-02-05 20:15:00,3332.25,3334.0,3331.5,3333.75,11260.0
2020-02-05 20:20:00,3333.75,3336.0,3333.25,3335.5,15098.0
2020-02-05 20:25:00,3335.5,3336.0,3332.75,3333.75,12461.0
2020-02-05 20:30:00,3334.0,3334.0,3330.25,3331.25,16971.0
2020-02-05 20:35:00,3331.25,3332.0,3330.0,3331.0,12701.0
2020-02-05 20:40:00,3331.0,3333.5,3330.0,3333.0,12622.0
2020-02-05 20:45:00,3333.0,3334.0,3330.0,3331.0,21094.0
2020-02-05 20:50:00,3331.25,3333.0,3327.25,3327.75,32101.0
2020-02-05 20:55:00,3327.75,3331.5,3327.0,3331.0,45134.0
2020-02-05 21:00:00,3331.0,3336.0,3330.25,3333.0,107524.0
2020-02-05 21:05:00,3333.0,3336.0,3332.5,3332.5,19070.0
2020-02-05 21:10:00,3332.5,3334.75,3332.5,3334.25,11684.0
2020-02-05 21:15:00,3334.0,3335.5,3334.0,3334.75,8517.0
2020-02-05 21:30:00,3335.75,3336.25,3334.75,3336.0,4468.0
2020-02-05 21:35:00,3336.0,3338.0,3335.5,3337.75,3146.0
2020-02-05 21:40:00,3338.0,3338.0,3337.0,3338.0,1708.0
2020-02-05 21:45:00,3338.0,3338.0,3337.0,3337.25,1259.0
2020-02-05 21:50:00,3337.25,3337.25,3335.75,3335.75,1152.0
2020-02-05 21:55:00,3335.75,3336.25,3335.25,3335.75,1143.0
2020-02-05 22:00:00,3335.75,3335.75,3335.5,3335.5,372.0
2020-02-05 23:00:00,3337.0,3339.5,3336.75,3338.0,2639.0
2020-02-05 23:05:00,3338.0,3338.5,3336.0,3336.5,1414.0
2020-02-05 23:10:00,3336.5,3337.5,3336.5,3336.75,771.0
2020-02-05 23:15:00,3336.75,3337.0,3336.25,3336.5,456.0
2020-02-05 23:20:00,3336.25,3337.25,3336.25,3337.25,694.0
2020-02-05 23:25:00,3337.0,3337.25,3337.0,3337.0,398.0
2020-02-05 23:30:00,3337.0,3337.5,3336.5,3336.75,765.0
2020-02-05 23:35:00,3336.5,3337.5,3336.5,3337.0,514.0
2020-02-05 23:40:00,3337.0,3338.0,3337.0,3337.75,596.0
2020-02-05 23:45:00,3337.5,3338.5,3334.25,3334.25,2467.0
2020-02-05 23:50:00,3334.25,3335.25,3333.75,3333.75,1193.0
2020-02-05 23:55:00,3333.75,3334.5,3333.75,3334.0,430.0
2020-02-06 00:00:00,3334.0,3334.5,3332.5,3333.0,1700.0
2020-02-06 00:05:00,3333.0,3336.0,3332.5,3335.0,1557.0
2020-02-06 00:10:00,3335.0,3335.5,3333.25,3333.25,1355.0
2020-02-06 00:15:00,3333.25,3334.25,3332.75,3333.5,1291.0
2020-02-06 00:20:00,3333.25,3334.5,3332.5,3332.5,1191.0
2020-02-06 00:25:00,3332.75,3333.25,3332.5,3332.75,841.0
2020-02-06 00:30:00,3332.75,3334.25,3332.5,3333.75,1193.0
2020-02-06 00:35:00,3333.75,3334.0,3333.0,3333.25,313.0
2020-02-06 00:40:00,3333.25,3336.75,3333.0,3335.5,2125.0
2020-02-06 00:45:00,3335.75,3336.0,3334.0,3334.5,1193.0
2020-02-06 00:50:00,3334.5,3335.5,3334.25,3334.5,1316.0
2020-02-06 00:55:00,3334.5,3335.5,3333.75,3335.25,1779.0
2020-02-06 01:00:00,3335.25,3336.25,3334.5,3335.25,1004.0
2020-02-06 01:05:00,3335.25,3336.5,3334.75,3336.0,1284.0
2020-02-06 01:10:00,3336.0,3337.5,3335.25,3337.25,1133.0
2020-02-06 01:15:00,3337.25,3346.25,3337.0,3345.5,14467.0
2020-02-06 01:20:00,3345.5,3345.5,3343.0,3344.0,3209.0
2020-02-06 01:25:00,3344.0,3347.0,3343.0,3343.5,5037.0
2020-02-06 01:30:00,3343.5,3344.0,3339.0,3340.5,5599.0
2020-02-06 01:35:00,3340.5,3342.25,3339.25,3341.5,2823.0
2020-02-06 01:40:00,3341.5,3342.0,3340.0,3340.75,2129.0
2020-02-06 01:45:00,3340.5,3341.75,3340.25,3341.5,1532.0
2020-02-06 01:50:00,3341.5,3342.0,3340.5,3341.0,1157.0
2020-02-06 01:55:00,3341.0,3341.5,3340.5,3340.75,901.0
2020-02-06 02:00:00,3340.75,3343.75,3340.75,3343.75,1758.0
2020-02-06 02:05:00,3343.5,3345.0,3343.5,3344.75,1910.0
2020-02-06 02:10:00,3344.5,3346.0,3344.0,3344.25,2225.0
2020-02-06 02:15:00,3344.25,3344.75,3343.75,3343.75,886.0
2020-02-06 02:20:00,3343.75,3344.5,3343.75,3344.25,754.0
2020-02-06 02:25:00,3344.5,3345.5,3344.25,3344.75,1020.0
2020-02-06 02:30:00,3345.0,3346.0,3345.0,3345.0,945.0
2020-02-06 02:35:00,3345.0,3345.75,3344.25,3345.25,875.0
2020-02-06 02:40:00,3345.0,3346.5,3345.0,3346.5,1507.0
2020-02-06 02:45:00,3346.5,3347.0,3346.0,3346.25,1577.0
2020-02-06 02:50:00,3346.5,3347.25,3345.75,3346.0,1627.0
2020-02-06 02:55:00,3346.0,3347.0,3346.0,3346.25,816.0
2020-02-06 03:00:00,3346.25,3347.5,3346.25,3346.75,1424.0
2020-02-06 03:05:00,3346.75,3349.25,3346.5,3347.0,3056.0
2020-02-06 03:10:00,3347.0,3347.25,3346.0,3346.5,1943.0
2020-02-06 03:15:00,3346.25,3346.5,3344.5,3345.0,1267.0
2020-02-06 03:20:00,3345.0,3345.75,3345.0,3345.25,591.0
2020-02-06 03:25:00,3345.0,3345.75,3345.0,3345.25,541.0
2020-02-06 03:30:00,3345.0,3345.25,3344.0,3344.75,1174.0
2020-02-06 03:35:00,3344.75,3346.5,3344.75,3346.5,553.0
2020-02-06 03:40:00,3346.25,3346.5,3345.5,3346.0,708.0
2020-02-06 03:45:00,3345.75,3346.5,3345.75,3346.25,475.0
2020-02-06 03:50:00,3346.25,3346.75,3345.75,3346.0,349.0
2020-02-06 03:55:00,3346.0,3346.5,3345.75,3346.25,195.0
2020-02-06 04:00:00,3346.0,3347.75,3344.75,3347.25,2303.0
2020-02-06 04:05:00,3347.25,3350.0,3347.0,3349.5,6864.0
2020-02-06 04:10:00,3349.75,3350.5,3348.25,3349.0,4375.0
2020-02-06 04:15:00,3348.75,3349.25,3347.75,3348.0,1887.0
2020-02-06 04:20:00,3348.0,3349.5,3348.0,3349.0,1555.0
2020-02-06 04:25:00,3349.0,3349.5,3348.5,3349.0,1485.0
2020-02-06 04:30:00,3349.0,3350.25,3348.5,3348.5,3649.0
2020-02-06 04:35:00,3348.5,3349.25,3348.25,3349.25,974.0
2020-02-06 04:40:00,3349.25,3349.75,3349.0,3349.75,895.0
2020-02-06 04:45:00,3349.5,3350.25,3349.5,3350.0,977.0
2020-02-06 04:50:00,3350.0,3352.25,3349.75,3352.25,2629.0
2020-02-06 04:55:00,3352.25,3352.75,3351.5,3352.5,2155.0
2020-02-06 05:00:00,3352.5,3353.25,3352.0,3352.5,2462.0
2020-02-06 05:05:00,3352.75,3355.5,3352.25,3354.5,5896.0
2020-02-06 05:10:00,3354.5,3355.25,3353.5,3354.25,2213.0
2020-02-06 05:15:00,3354.25,3355.25,3353.75,3353.75,1700.0
2020-02-06 05:20:00,3353.75,3354.25,3352.75,3353.75,1551.0
2020-02-06 05:25:00,3353.75,3354.0,3353.0,3353.75,991.0
2020-02-06 05:30:00,3353.75,3355.5,3353.5,3355.5,1589.0
2020-02-06 05:35:00,3355.25,3355.5,3353.75,3354.0,932.0
2020-02-06 05:40:00,3354.0,3354.25,3352.5,3354.0,1242.0
2020-02-06 05:45:00,3354.0,3355.25,3353.75,3354.25,963.0
2020-02-06 05:50:00,3354.0,3354.25,3353.0,3354.0,815.0
2020-02-06 05:55:00,3353.75,3354.0,3353.0,3353.5,794.0
2020-02-06 06:00:00,3353.5,3354.0,3352.5,3354.0,1753.0
2020-02-06 06:05:00,3354.0,3355.5,3354.0,3355.25,1749.0
2020-02-06 06:10:00,3355.25,3355.5,3354.25,3354.75,1692.0
2020-02-06 06:15:00,3354.75,3355.5,3354.75,3355.5,1970.0
2020-02-06 06:20:00,3355.25,3355.25,3354.25,3354.25,1189.0
2020-02-06 06:25:00,3354.25,3355.5,3354.0,3355.25,1062.0
2020-02-06 06:30:00,3355.25,3357.75,3355.0,3355.75,3563.0
2020-02-06 06:35:00,3355.75,3356.0,3355.5,3355.75,1141.0
2020-02-06 06:40:00,3355.75,3356.25,3353.75,3354.0,2640.0
2020-02-06 06:45:00,3354.0,3354.0,3352.25,3352.5,1541.0
2020-02-06 06:50:00,3352.25,3352.5,3350.75,3352.25,2133.0
2020-02-06 06:55:00,3352.25,3352.5,3350.5,3350.75,1001.0
2020-02-06 07:00:00,3350.75,3351.0,3348.25,3349.0,2989.0
2020-02-06 07:05:00,3349.0,3349.5,3348.75,3349.25,1042.0
2020-02-06 07:10:00,3349.25,3350.5,3348.75,3350.5,1092.0
2020-02-06 07:15:00,3350.25,3351.25,3350.0,3350.0,1350.0
2020-02-06 07:20:00,3350.0,3350.75,3349.0,3349.0,808.0
2020-02-06 07:25:00,3349.0,3350.0,3348.25,3350.0,1289.0
2020-02-06 07:30:00,3350.0,3350.0,3348.25,3348.5,997.0
2020-02-06 07:35:00,3348.5,3349.5,3347.5,3348.5,1206.0
2020-02-06 07:40:00,3348.5,3349.25,3348.0,3349.0,834.0
2020-02-06 07:45:00,3349.0,3350.25,3348.75,3350.25,1008.0
2020-02-06 07:50:00,3350.0,3351.0,3349.5,3350.5,1105.0
2020-02-06 07:55:00,3350.5,3353.5,3350.5,3353.25,2044.0
2020-02-06 08:00:00,3353.25,3353.25,3350.5,3352.5,5004.0
2020-02-06 08:05:00,3352.5,3354.0,3351.75,3353.5,4342.0
2020-02-06 08:10:00,3353.75,3353.75,3350.25,3351.5,3680.0
2020-02-06 08:15:00,3351.5,3352.25,3349.75,3352.0,3466.0
2020-02-06 08:20:00,3352.0,3352.0,3350.0,3350.25,2339.0
2020-02-06 08:25:00,3350.25,3351.0,3350.0,3350.25,2385.0
2020-02-06 08:30:00,3350.25,3351.75,3349.0,3349.0,3807.0
2020-02-06 08:35:00,3349.0,3350.75,3349.0,3350.25,2600.0
2020-02-06 08:40:00,3350.25,3352.0,3350.25,3351.5,1976.0
2020-02-06 08:45:00,3351.5,3351.75,3349.0,3349.75,2599.0
2020-02-06 08:50:00,3349.75,3352.0,3349.75,3350.5,2162.0
2020-02-06 08:55:00,3350.5,3351.0,3349.5,3349.75,1599.0
2020-02-06 09:00:00,3349.75,3350.0,3348.5,3349.0,2249.0
2020-02-06 09:05:00,3348.75,3351.25,3348.75,3351.0,2501.0
2020-02-06 09:10:00,3351.0,3351.5,3349.5,3350.25,1512.0
2020-02-06 09:15:00,3350.5,3350.75,3347.5,3348.0,3540.0
2020-02-06 09:20:00,3348.0,3348.0,3344.0,3344.0,4242.0
2020-02-06 09:25:00,3344.0,3344.25,3342.0,3343.5,4664.0
2020-02-06 09:30:00,3343.5,3345.75,3342.5,3345.75,3370.0
2020-02-06 09:35:00,3345.5,3345.75,3344.75,3344.75,1722.0
2020-02-06 09:40:00,3345.0,3345.0,3342.5,3343.5,2796.0
2020-02-06 09:45:00,3343.25,3344.25,3342.5,3343.25,1880.0
2020-02-06 09:50:00,3343.25,3345.25,3342.5,3344.75,2843.0
2020-02-06 09:55:00,3344.75,3345.0,3343.25,3343.5,1625.0
2020-02-06 10:00:00,3343.75,3344.0,3342.25,3342.75,2400.0
2020-02-06 10:05:00,3342.75,3343.75,3341.75,3342.0,2052.0
2020-02-06 10:10:00,3342.0,3343.25,3341.0,3342.5,3039.0
2020-02-06 10:15:00,3342.5,3344.25,3342.0,3343.25,2017.0
2020-02-06 10:20:00,3343.25,3344.5,3342.25,3344.0,2399.0
2020-02-06 10:25:00,3344.0,3345.25,3343.5,3344.25,2247.0
2020-02-06 10:30:00,3344.25,3345.0,3344.0,3345.0,1111.0
2020-02-06 10:35:00,3345.0,3345.25,3343.0,3344.25,1442.0
2020-02-06 10:40:00,3344.25,3344.25,3342.5,3343.0,2011.0
2020-02-06 10:45:00,3343.0,3343.5,3342.0,3342.25,1921.0
2020-02-06 10:50:00,3342.5,3342.75,3341.25,3342.0,3033.0
2020-02-06 10:55:00,3342.0,3343.0,3340.75,3341.0,3274.0
2020-02-06 11:00:00,3341.0,3343.0,3340.5,3342.5,3025.0
2020-02-06 11:05:00,3342.75,3344.0,3342.25,3343.75,2218.0
2020-02-06 11:10:00,3343.5,3343.75,3342.25,3342.25,1686.0
2020-02-06 11:15:00,3342.5,3342.75,3341.75,3342.5,1441.0
2020-02-06 11:20:00,3342.75,3342.75,3341.5,3341.75,1592.0
2020-02-06 11:25:00,3342.0,3344.0,3341.75,3343.25,2312.0
2020-02-06 11:30:00,3343.25,3346.25,3343.25,3346.0,3203.0
2020-02-06 11:35:00,3346.0,3346.75,3345.25,3346.25,2734.0
2020-02-06 11:40:00,3346.25,3347.0,3346.0,3346.5,1452.0
2020-02-06 11:45:00,3346.5,3347.5,3346.5,3346.5,1670.0
2020-02-06 11:50:00,3346.75,3346.75,3345.5,3345.75,2008.0
2020-02-06 11:55:00,3345.75,3349.75,3345.75,3349.75,4032.0
2020-02-06 12:00:00,3349.75,3349.75,3347.0,3348.25,5112.0
2020-02-06 12:05:00,3348.25,3349.5,3348.0,3348.25,2792.0
2020-02-06 12:10:00,3348.25,3349.75,3348.25,3348.25,1959.0
2020-02-06 12:15:00,3348.5,3349.0,3346.5,3347.75,1941.0
2020-02-06 12:20:00,3347.75,3348.5,3347.5,3347.75,1206.0
2020-02-06 12:25:00,3347.75,3348.5,3347.25,3347.25,888.0
2020-02-06 12:30:00,3347.0,3347.0,3346.25,3346.75,1288.0
2020-02-06 12:35:00,3346.75,3347.5,3346.5,3347.25,1048.0
2020-02-06 12:40:00,3347.25,3347.75,3346.25,3346.5,1021.0
2020-02-06 12:45:00,3346.75,3347.5,3346.5,3347.0,1188.0
2020-02-06 12:50:00,3347.0,3347.0,3344.25,3344.5,3123.0
2020-02-06 12:55:00,3344.5,3345.0,3343.75,3344.75,2382.0
2020-02-06 13:00:00,3345.0,3345.25,3342.75,3343.75,4546.0
2020-02-06 13:05:00,3343.75,3344.25,3342.75,3344.0,1520.0
2020-02-06 13:10:00,3344.25,3344.75,3343.5,3343.75,2078.0
2020-02-06 13:15:00,3343.75,3345.0,3343.25,3345.0,1915.0
2020-02-06 13:20:00,3344.75,3346.25,3344.75,3346.0,2822.0
2020-02-06 13:25:00,3346.0,3346.75,3345.5,3346.5,1563.0
2020-02-06 13:30:00,3346.25,3348.5,3346.25,3347.25,4083.0
2020-02-06 13:35:00,3347.25,3348.5,3347.0,3348.0,1920.0
2020-02-06 13:40:00,3347.75,3348.75,3346.5,3346.5,3612.0
2020-02-06 13:45:00,3346.5,3346.75,3343.75,3345.0,6871.0
2020-02-06 13:50:00,3345.0,3345.25,3343.0,3344.5,2987.0
2020-02-06 13:55:00,3344.5,3345.5,3343.5,3345.25,3624.0
2020-02-06 14:00:00,3345.25,3345.5,3342.75,3345.25,6122.0
2020-02-06 14:05:00,3345.25,3345.75,3343.5,3344.25,4544.0
2020-02-06 14:10:00,3344.25,3346.0,3344.0,3345.5,3394.0
2020-02-06 14:15:00,3345.5,3346.5,3343.75,3344.25,6236.0
2020-02-06 14:20:00,3344.25,3344.75,3343.25,3344.0,3936.0
2020-02-06 14:25:00,3343.75,3345.75,3343.75,3344.75,4272.0
2020-02-06 14:30:00,3344.75,3345.5,3340.25,3341.0,42636.0
2020-02-06 14:35:00,3340.75,3340.75,3336.0,3337.0,42849.0
2020-02-06 14:40:00,3337.0,3337.25,3332.75,3334.5,37736.0
2020-02-06 14:45:00,3334.25,3337.25,3333.75,3336.75,33545.0
2020-02-06 14:50:00,3336.75,3337.25,3334.25,3336.75,25457.0
2020-02-06 14:55:00,3336.5,3338.75,3336.25,3338.25,20894.0
2020-02-06 15:00:00,3338.5,3342.5,3338.25,3340.75,32745.0
2020-02-06 15:05:00,3340.5,3344.0,3340.5,3343.0,20859.0
2020-02-06 15:10:00,3343.0,3344.25,3341.5,3342.75,14673.0
2020-02-06 15:15:00,3342.75,3343.0,3337.5,3337.5,23124.0
2020-02-06 15:20:00,3337.75,3338.0,3334.0,3334.5,25243.0
2020-02-06 15:25:00,3334.5,3339.25,3334.0,3336.75,23288.0
2020-02-06 15:30:00,3336.75,3338.75,3335.25,3337.75,22249.0
2020-02-06 15:35:00,3337.75,3340.75,3337.5,3340.0,15962.0
2020-02-06 15:40:00,3339.75,3341.5,3338.75,3339.25,12908.0
2020-02-06 15:45:00,3339.25,3342.5,3337.75,3341.5,15973.0
2020-02-06 15:50:00,3341.75,3341.75,3338.0,3338.5,12024.0
2020-02-06 15:55:00,3338.75,3340.5,3337.0,3340.25,11429.0
2020-02-06 16:00:00,3340.25,3341.75,3338.0,3341.5,15827.0
2020-02-06 16:05:00,3341.5,3341.5,3339.5,3340.75,14525.0
2020-02-06 16:10:00,3340.75,3343.75,3340.5,3342.0,21675.0
2020-02-06 16:15:00,3342.0,3343.25,3341.75,3342.25,14790.0
2020-02-06 16:20:00,3342.25,3345.5,3342.0,3344.5,13578.0
2020-02-06 16:25:00,3344.75,3345.25,3343.75,3344.25,10501.0
2020-02-06 16:30:00,3344.25,3345.0,3342.75,3343.0,14785.0
2020-02-06 16:35:00,3343.0,3344.5,3342.25,3343.25,12377.0
2020-02-06 16:40:00,3343.5,3345.5,3342.5,3343.0,10285.0
2020-02-06 16:45:00,3343.0,3343.0,3341.5,3342.0,9018.0
2020-02-06 16:50:00,3341.75,3343.25,3340.25,3340.5,9804.0
2020-02-06 16:55:00,3340.5,3341.75,3339.75,3340.0,9967.0
2020-02-06 17:00:00,3340.0,3341.5,3338.75,3340.5,9253.0
2020-02-06 17:05:00,3340.75,3343.0,3340.75,3342.75,7232.0
2020-02-06 17:10:00,3342.5,3343.25,3341.25,3342.0,6073.0
2020-02-06 17:15:00,3341.75,3343.5,3341.25,3343.5,5411.0
2020-02-06 17:20:00,3343.5,3344.0,3343.25,3343.75,4442.0
2020-02-06 17:25:00,3343.5,3345.0,3343.5,3345.0,4428.0
2020-02-06 17:30:00,3345.0,3346.0,3344.25,3345.25,7182.0
2020-02-06 17:35:00,3345.0,3345.5,3344.25,3344.5,6712.0
2020-02-06 17:40:00,3344.75,3345.75,3344.25,3345.25,4660.0
2020-02-06 17:45:00,3345.5,3345.75,3343.25,3344.0,6436.0
2020-02-06 17:50:00,3344.25,3345.5,3343.5,3345.25,6240.0
2020-02-06 17:55:00,3345.5,3346.0,3344.25,3345.25,5185.0
2020-02-06 18:00:00,3345.25,3346.25,3345.25,3346.0,6423.0
2020-02-06 18:05:00,3346.0,3346.5,3344.5,3344.5,6378.0
2020-02-06 18:10:00,3344.5,3345.25,3343.5,3343.75,5201.0
2020-02-06 18:15:00,3343.75,3344.25,3343.25,3344.0,4319.0
2020-02-06 18:20:00,3343.75,3344.25,3342.5,3342.75,6391.0
2020-02-06 18:25:00,3342.75,3343.25,3342.25,3342.5,3525.0
2020-02-06 18:30:00,3342.5,3343.0,3341.25,3341.5,4726.0
2020-02-06 18:35:00,3341.5,3342.0,3340.25,3340.75,5293.0
2020-02-06 18:40:00,3340.5,3341.5,3339.75,3341.5,5547.0
2020-02-06 18:45:00,3341.25,3342.25,3341.0,3342.0,4717.0
2020-02-06 18:50:00,3342.0,3343.5,3342.0,3343.25,3896.0
2020-02-06 18:55:00,3343.25,3344.0,3342.75,3344.0,4046.0
2020-02-06 19:00:00,3343.75,3344.0,3342.25,3342.75,7465.0
2020-02-06 19:05:00,3343.0,3344.75,3342.75,3344.75,6261.0
2020-02-06 19:10:00,3344.75,3345.5,3344.25,3345.25,5016.0
2020-02-06 19:15:00,3345.25,3345.75,3343.5,3343.75,5032.0
2020-02-06 19:20:00,3343.75,3344.0,3342.0,3342.25,6682.0
2020-02-06 19:25:00,3342.25,3344.5,3341.75,3344.25,6724.0
2020-02-06 19:30:00,3344.25,3345.75,3343.75,3344.0,8172.0
2020-02-06 19:35:00,3344.0,3344.75,3343.0,3343.75,6698.0
2020-02-06 19:40:00,3343.75,3344.5,3343.0,3344.25,3781.0
2020-02-06 19:45:00,3344.0,3344.0,3342.5,3344.0,5219.0
2020-02-06 19:50:00,3343.75,3345.0,3343.75,3344.5,4773.0
2020-02-06 19:55:00,3344.5,3344.75,3343.25,3343.5,3472.0
2020-02-06 20:00:00,3343.25,3343.5,3341.75,3342.25,7054.0
2020-02-06 20:05:00,3342.25,3344.25,3342.25,3344.0,7093.0
2020-02-06 20:10:00,3344.0,3344.75,3341.0,3341.0,7942.0
2020-02-06 20:15:00,3341.25,3342.5,3340.75,3341.75,6404.0
2020-02-06 20:20:00,3341.5,3341.75,3339.5,3340.25,8872.0
2020-02-06 20:25:00,3340.5,3341.5,3340.0,3340.25,7360.0
2020-02-06 20:30:00,3340.25,3342.75,3339.75,3342.75,10537.0
2020-02-06 20:35:00,3342.75,3344.0,3342.5,3343.25,10607.0
2020-02-06 20:40:00,3343.25,3344.25,3343.25,3344.0,8678.0
2020-02-06 20:45:00,3344.0,3344.25,3342.0,3342.25,11987.0
2020-02-06 20:50:00,3342.5,3343.25,3341.25,3343.25,13663.0
2020-02-06 20:55:00,3343.25,3345.0,3342.75,3344.75,18741.0
2020-02-06 21:00:00,3345.0,3345.75,3342.0,3342.5,83446.0
2020-02-06 21:05:00,3342.5,3343.75,3342.25,3343.5,11322.0
2020-02-06 21:10:00,3343.5,3345.25,3343.5,3344.75,6643.0
2020-02-06 21:15:00,3344.5,3345.5,3344.0,3345.25,8450.0
2020-02-06 21:30:00,3345.25,3345.75,3344.75,3345.5,1464.0
2020-02-06 21:35:00,3345.5,3346.5,3345.25,3345.5,1695.0
2020-02-06 21:40:00,3345.25,3346.5,3344.5,3346.5,1477.0
2020-02-06 21:45:00,3346.5,3347.25,3345.5,3346.5,1826.0
2020-02-06 21:50:00,3346.75,3346.75,3345.5,3346.75,1106.0
2020-02-06 21:55:00,3346.5,3348.25,3346.5,3348.0,2231.0
2020-02-06 22:00:00,3348.0,3348.25,3347.75,3348.0,952.0
2020-02-06 23:00:00,3349.0,3350.0,3347.25,3349.25,2626.0
2020-02-06 23:05:00,3349.25,3350.0,3348.5,3349.5,888.0
2020-02-06 23:10:00,3349.5,3349.75,3348.5,3349.25,565.0
2020-02-06 23:15:00,3349.25,3349.75,3348.75,3348.75,552.0
2020-02-06 23:20:00,3348.75,3349.0,3348.0,3348.5,300.0
2020-02-06 23:25:00,3348.5,3348.75,3347.75,3347.75,389.0
2020-02-06 23:30:00,3347.75,3348.25,3347.25,3348.0,880.0
2020-02-06 23:35:00,3348.0,3349.0,3348.0,3349.0,430.0
2020-02-06 23:40:00,3349.0,3349.0,3348.5,3348.5,307.0
2020-02-06 23:45:00,3348.25,3349.0,3347.25,3348.0,804.0
2020-02-06 23:50:00,3348.0,3349.0,3348.0,3348.75,287.0
2020-02-06 23:55:00,3348.75,3349.75,3348.75,3349.25,363.0
2020-02-07 00:00:00,3349.25,3350.0,3348.0,3348.5,1062.0
2020-02-07 00:05:00,3348.5,3349.5,3348.25,3349.5,666.0
2020-02-07 00:10:00,3349.5,3349.75,3348.0,3348.0,1023.0
2020-02-07 00:15:00,3348.0,3348.75,3346.5,3346.75,1266.0
2020-02-07 00:20:00,3346.5,3348.0,3346.5,3347.75,805.0
2020-02-07 00:25:00,3347.75,3348.25,3346.5,3347.25,494.0
2020-02-07 00:30:00,3347.0,3347.25,3346.0,3346.0,1112.0
2020-02-07 00:35:00,3345.75,3346.0,3342.5,3342.5,2881.0
2020-02-07 00:40:00,3342.25,3343.25,3341.0,3341.75,3601.0
2020-02-07 00:45:00,3341.5,3341.75,3336.5,3338.5,6240.0
2020-02-07 00:50:00,3338.5,3340.25,3336.25,3339.75,4281.0
2020-02-07 00:55:00,3339.75,3341.25,3339.5,3340.0,2660.0
2020-02-07 01:00:00,3340.25,3341.75,3340.0,3340.25,2157.0
2020-02-07 01:05:00,3340.5,3341.25,3337.0,3338.0,3021.0
2020-02-07 01:10:00,3338.0,3339.0,3336.25,3338.5,4734.0
2020-02-07 01:15:00,3338.5,3341.0,3337.75,3340.5,2558.0
2020-02-07 01:20:00,3340.5,3340.75,3337.75,3338.75,2509.0
2020-02-07 01:25:00,3339.0,3340.25,3338.25,3339.75,1617.0
2020-02-07 01:30:00,3340.0,3341.25,3339.5,3340.5,2040.0
2020-02-07 01:35:00,3340.25,3343.25,3339.5,3341.5,3616.0
2020-02-07 01:40:00,3341.75,3343.5,3341.25,3343.25,1361.0
2020-02-07 01:45:00,3343.25,3343.5,3341.25,3343.0,1297.0
2020-02-07 01:50:00,3343.0,3343.25,3339.25,3339.75,1789.0
2020-02-07 01:55:00,3340.0,3341.5,3339.75,3340.0,1703.0
2020-02-07 02:00:00,3339.75,3341.25,3339.75,3341.25,1003.0
2020-02-07 02:05:00,3341.25,3341.5,3340.25,3341.25,677.0
2020-02-07 02:10:00,3341.25,3341.5,3340.25,3341.0,576.0
2020-02-07 02:15:00,3340.75,3341.0,3340.0,3340.5,832.0
2020-02-07 02:20:00,3340.75,3343.0,3340.75,3342.75,1023.0
2020-02-07 02:25:00,3342.75,3344.0,3342.5,3343.5,1974.0
2020-02-07 02:30:00,3343.5,3344.5,3342.75,3343.75,1275.0
2020-02-07 02:35:00,3343.75,3344.0,3342.0,3342.75,2475.0
2020-02-07 02:40:00,3342.5,3342.5,3341.25,3341.75,2662.0
2020-02-07 02:45:00,3341.75,3342.25,3341.25,3341.75,509.0
2020-02-07 02:50:00,3341.75,3342.25,3340.75,3340.75,1027.0
2020-02-07 02:55:00,3340.5,3341.0,3339.5,3339.5,1049.0
2020-02-07 03:00:00,3339.5,3341.5,3339.5,3340.25,2056.0
2020-02-07 03:05:00,3340.0,3341.75,3340.0,3341.25,1276.0
2020-02-07 03:10:00,3341.25,3341.5,3340.0,3340.75,674.0
2020-02-07 03:15:00,3340.75,3342.0,3339.75,3341.75,677.0
2020-02-07 03:20:00,3341.75,3342.5,3341.75,3342.25,521.0
2020-02-07 03:25:00,3342.5,3342.5,3341.25,3341.5,360.0
2020-02-07 03:30:00,3341.5,3341.75,3340.5,3341.25,389.0
2020-02-07 03:35:00,3341.0,3341.75,3340.75,3341.0,1168.0
2020-02-07 03:40:00,3341.0,3341.5,3340.75,3341.5,867.0
2020-02-07 03:45:00,3341.75,3342.25,3341.25,3342.0,942.0
2020-02-07 03:50:00,3342.0,3342.5,3341.75,3342.5,646.0
2020-02-07 03:55:00,3342.25,3342.5,3341.75,3342.0,1065.0
2020-02-07 04:00:00,3342.25,3342.75,3341.5,3341.5,1374.0
2020-02-07 04:05:00,3341.5,3342.25,3341.5,3341.5,566.0
2020-02-07 04:10:00,3341.25,3341.5,3340.25,3341.0,619.0
2020-02-07 04:15:00,3341.0,3341.0,3340.5,3340.75,170.0
2020-02-07 04:20:00,3340.75,3341.25,3340.75,3341.25,89.0
2020-02-07 04:25:00,3341.25,3342.25,3341.0,3341.75,683.0
2020-02-07 04:30:00,3341.75,3342.0,3341.0,3341.0,251.0
2020-02-07 04:35:00,3341.0,3341.0,3340.25,3340.75,190.0
2020-02-07 04:40:00,3341.0,3341.75,3340.75,3341.25,262.0
2020-02-07 04:45:00,3341.0,3341.25,3340.25,3340.5,482.0
2020-02-07 04:50:00,3340.5,3341.0,3340.25,3340.75,260.0
2020-02-07 04:55:00,3340.5,3341.25,3340.5,3341.0,273.0
2020-02-07 05:00:00,3341.0,3341.0,3340.25,3340.75,1236.0
2020-02-07 05:05:00,3341.0,3341.0,3340.5,3341.0,274.0
2020-02-07 05:10:00,3340.75,3341.0,3339.5,3339.5,652.0
2020-02-07 05:15:00,3339.5,3340.0,3337.75,3338.0,1237.0
2020-02-07 05:20:00,3338.0,3339.25,3338.0,3339.25,1268.0
2020-02-07 05:25:00,3339.25,3340.25,3338.75,3340.25,798.0
2020-02-07 05:30:00,3340.0,3340.5,3339.5,3340.25,615.0
2020-02-07 05:35:00,3340.25,3340.25,3339.25,3339.75,581.0
2020-02-07 05:40:00,3339.75,3340.25,3339.5,3340.0,318.0
2020-02-07 05:45:00,3340.0,3341.5,3340.0,3341.0,573.0
2020-02-07 05:50:00,3341.0,3341.25,3340.75,3341.0,372.0
2020-02-07 05:55:00,3341.0,3341.25,3340.0,3340.0,359.0
2020-02-07 06:00:00,3340.0,3341.25,3339.5,3339.75,1145.0
2020-02-07 06:05:00,3340.0,3340.25,3339.0,3340.25,466.0
2020-02-07 06:10:00,3340.0,3341.75,3340.0,3341.25,455.0
2020-02-07 06:15:00,3341.25,3343.25,3341.25,3343.25,942.0
2020-02-07 06:20:00,3343.25,3346.5,3343.0,3346.0,2828.0
2020-02-07 06:25:00,3345.75,3346.25,3345.5,3346.25,835.0
2020-02-07 06:30:00,3346.25,3347.75,3346.25,3346.5,1566.0
2020-02-07 06:35:00,3346.5,3346.5,3344.75,3345.0,649.0
2020-02-07 06:40:00,3345.0,3345.5,3344.75,3345.25,766.0
2020-02-07 06:45:00,3345.0,3345.5,3344.75,3345.5,465.0
2020-02-07 06:50:00,3345.5,3346.75,3345.25,3346.0,419.0
2020-02-07 06:55:00,3345.75,3346.25,3345.5,3346.0,370.0
2020-02-07 07:00:00,3346.0,3347.5,3344.75,3345.25,1174.0
2020-02-07 07:05:00,3345.25,3345.5,3344.5,3345.0,910.0
2020-02-07 07:10:00,3345.0,3346.5,3344.75,3345.75,1038.0
2020-02-07 07:15:00,3345.75,3347.5,3345.5,3346.25,931.0
2020-02-07 07:20:00,3346.25,3346.5,3345.25,3345.25,389.0
2020-02-07 07:25:00,3345.25,3345.25,3341.75,3342.25,1992.0
2020-02-07 07:30:00,3342.0,3342.5,3339.75,3342.25,2573.0
2020-02-07 07:35:00,3342.25,3342.75,3340.25,3340.5,1410.0
2020-02-07 07:40:00,3340.5,3341.75,3340.0,3341.5,1510.0
2020-02-07 07:45:00,3341.5,3342.0,3340.5,3341.0,1447.0
2020-02-07 07:50:00,3341.0,3341.75,3341.0,3341.5,732.0
2020-02-07 07:55:00,3341.5,3342.75,3341.5,3342.0,1292.0
2020-02-07 08:00:00,3342.0,3343.5,3339.0,3339.75,4764.0
2020-02-07 08:05:00,3339.5,3343.0,3339.25,3343.0,2326.0
2020-02-07 08:10:00,3342.75,3343.5,3342.0,3343.5,2188.0
2020-02-07 08:15:00,3343.25,3343.5,3341.5,3341.75,2062.0
2020-02-07 08:20:00,3341.75,3342.5,3340.5,3340.5,2652.0
2020-02-07 08:25:00,3340.5,3342.75,3340.5,3342.75,2396.0
2020-02-07 08:30:00,3342.5,3342.75,3340.5,3341.25,1866.0
2020-02-07 08:35:00,3341.5,3343.25,3340.75,3342.75,3816.0
2020-02-07 08:40:00,3342.75,3344.25,3342.25,3344.25,1275.0
2020-02-07 08:45:00,3344.25,3344.5,3342.5,3342.75,1495.0
2020-02-07 08:50:00,3342.75,3343.0,3341.5,3341.5,1996.0
2020-02-07 08:55:00,3341.5,3343.0,3341.25,3342.25,2541.0
2020-02-07 09:00:00,3342.25,3343.25,3341.0,3342.25,3016.0
2020-02-07 09:05:00,3342.25,3342.75,3341.75,3342.5,1344.0
2020-02-07 09:10:00,3342.5,3343.0,3341.75,3342.5,951.0
2020-02-07 09:15:00,3342.25,3342.5,3341.25,3341.5,1333.0
2020-02-07 09:20:00,3341.25,3342.75,3341.25,3342.0,888.0
2020-02-07 09:25:00,3341.75,3343.25,3340.0,3340.0,1981.0
2020-02-07 09:30:00,3340.0,3340.25,3338.25,3339.5,3129.0
2020-02-07 09:35:00,3339.5,3340.75,3339.5,3339.75,1522.0
2020-02-07 09:40:00,3340.0,3340.25,3338.75,3339.0,1409.0
2020-02-07 09:45:00,3339.0,3339.0,3335.5,3335.75,3782.0
2020-02-07 09:50:00,3335.75,3337.0,3334.75,3336.75,3522.0
2020-02-07 09:55:00,3336.5,3336.75,3335.5,3336.0,2516.0
2020-02-07 10:00:00,3336.25,3336.75,3334.75,3336.75,1445.0
2020-02-07 10:05:00,3336.75,3336.75,3335.75,3336.0,1294.0
2020-02-07 10:10:00,3336.0,3336.75,3331.0,3332.25,8210.0
2020-02-07 10:15:00,3332.25,3333.0,3331.0,3332.75,3328.0
2020-02-07 10:20:00,3333.0,3333.0,3331.5,3332.5,2555.0
2020-02-07 10:25:00,3332.75,3334.25,3332.25,3333.5,2700.0
2020-02-07 10:30:00,3333.5,3334.5,3331.75,3332.75,4564.0
2020-02-07 10:35:00,3332.75,3333.75,3331.0,3333.25,3847.0
2020-02-07 10:40:00,3333.0,3333.25,3331.5,3332.25,3809.0
2020-02-07 10:45:00,3332.5,3333.25,3330.25,3331.5,4422.0
2020-02-07 10:50:00,3331.5,3332.75,3331.0,3331.25,2702.0
2020-02-07 10:55:00,3331.25,3331.5,3330.0,3330.25,1820.0
2020-02-07 11:00:00,3330.25,3331.0,3327.5,3328.75,5481.0
2020-02-07 11:05:00,3328.75,3330.25,3328.25,3329.25,3160.0
2020-02-07 11:10:00,3329.25,3331.75,3329.0,3331.25,3411.0
2020-02-07 11:15:00,3331.5,3334.0,3331.0,3333.0,4749.0
2020-02-07 11:20:00,3332.75,3334.25,3332.25,3333.25,2536.0
2020-02-07 11:25:00,3333.25,3333.5,3332.25,3332.5,1818.0
2020-02-07 11:30:00,3332.5,3333.0,3331.5,3332.25,1858.0
2020-02-07 11:35:00,3332.25,3333.0,3332.0,3332.75,1146.0
2020-02-07 11:40:00,3332.75,3333.0,3331.25,3331.5,1245.0
2020-02-07 11:45:00,3331.5,3332.75,3331.25,3332.25,1189.0
2020-02-07 11:50:00,3332.0,3334.25,3332.0,3334.0,1664.0
2020-02-07 11:55:00,3334.0,3334.5,3333.25,3334.5,2047.0
2020-02-07 12:00:00,3334.25,3334.75,3334.0,3334.25,2123.0
2020-02-07 12:05:00,3334.25,3335.25,3334.0,3335.0,1483.0
2020-02-07 12:10:00,3335.0,3335.25,3334.25,3335.25,1343.0
2020-02-07 12:15:00,3335.25,3337.0,3334.75,3337.0,5172.0
2020-02-07 12:20:00,3336.75,3336.75,3335.0,3336.25,1485.0
2020-02-07 12:25:00,3336.0,3336.25,3334.75,3335.5,2294.0
2020-02-07 12:30:00,3335.5,3336.75,3335.5,3336.5,1509.0
2020-02-07 12:35:00,3336.5,3337.0,3335.75,3335.75,1231.0
2020-02-07 12:40:00,3336.0,3336.25,3335.0,3335.25,1079.0
2020-02-07 12:45:00,3335.5,3336.0,3335.0,3335.0,1230.0
2020-02-07 12:50:00,3335.0,3335.75,3334.75,3335.25,1011.0
2020-02-07 12:55:00,3335.25,3337.5,3335.25,3337.0,2430.0
2020-02-07 13:00:00,3337.0,3337.75,3336.0,3336.25,2170.0
2020-02-07 13:05:00,3336.25,3336.5,3334.0,3334.0,3676.0
2020-02-07 13:10:00,3334.25,3335.5,3334.0,3335.0,2077.0
2020-02-07 13:15:00,3335.0,3336.75,3334.75,3336.25,1841.0
2020-02-07 13:20:00,3336.25,3338.0,3335.25,3337.75,2577.0
2020-02-07 13:25:00,3338.0,3340.75,3337.5,3340.25,5079.0
2020-02-07 13:30:00,3340.0,3345.0,3337.5,3338.5,21635.0
2020-02-07 13:35:00,3338.25,3339.25,3330.0,3333.75,25484.0
2020-02-07 13:40:00,3333.5,3336.0,3330.0,3331.0,15790.0
2020-02-07 13:45:00,3331.0,3333.0,3330.25,3331.0,8744.0
2020-02-07 13:50:00,3330.75,3334.75,3330.25,3334.75,7638.0
2020-02-07 13:55:00,3334.75,3335.5,3333.0,3333.25,4942.0
2020-02-07 14:00:00,3333.5,3335.75,3333.0,3335.0,4804.0
2020-02-07 14:05:00,3335.0,3335.75,3334.0,3334.5,3330.0
2020-02-07 14:10:00,3334.25,3334.75,3333.25,3334.0,3314.0
2020-02-07 14:15:00,3334.0,3334.5,3331.0,3332.0,5618.0
2020-02-07 14:20:00,3332.0,3332.0,3331.0,3331.25,2663.0
2020-02-07 14:25:00,3331.25,3332.5,3330.5,3331.5,5672.0
2020-02-07 14:30:00,3331.75,3334.75,3326.25,3327.25,56809.0
2020-02-07 14:35:00,3327.25,3332.5,3324.25,3332.5,57008.0
2020-02-07 14:40:00,3332.5,3332.75,3326.75,3330.0,32339.0
2020-02-07 14:45:00,3330.0,3330.75,3326.25,3330.5,29388.0
2020-02-07 14:50:00,3330.5,3332.75,3329.0,3332.25,24098.0
2020-02-07 14:55:00,3332.25,3333.0,3327.25,3328.0,20142.0
2020-02-07 15:00:00,3328.0,3328.75,3324.25,3324.75,33125.0
2020-02-07 15:05:00,3324.75,3329.75,3324.0,3328.75,25007.0
2020-02-07 15:10:00,3328.75,3331.25,3328.0,3330.5,17946.0
2020-02-07 15:15:00,3330.5,3332.0,3328.75,3331.75,20194.0
2020-02-07 15:20:00,3331.75,3334.25,3331.25,3333.25,19053.0
2020-02-07 15:25:00,3333.0,3334.5,3331.5,3333.75,12986.0
2020-02-07 15:30:00,3333.75,3335.75,3333.75,3334.5,17169.0
2020-02-07 15:35:00,3334.25,3335.0,3332.5,3334.0,13313.0
2020-02-07 15:40:00,3334.0,3336.5,3331.75,3336.0,22334.0
2020-02-07 15:45:00,3336.25,3336.25,3332.25,3332.25,16909.0
2020-02-07 15:50:00,3332.5,3335.0,3332.5,3333.75,11218.0
2020-02-07 15:55:00,3333.5,3336.5,3333.0,3335.25,11549.0
2020-02-07 16:00:00,3335.25,3335.25,3330.5,3332.5,17375.0
2020-02-07 16:05:00,3332.75,3335.75,3332.0,3334.0,13151.0
2020-02-07 16:10:00,3333.75,3334.0,3331.5,3333.0,17019.0
2020-02-07 16:15:00,3333.0,3335.0,3333.0,3334.75,11774.0
2020-02-07 16:20:00,3334.75,3338.0,3333.75,3338.0,14685.0
2020-02-07 16:25:00,3338.0,3338.75,3337.5,3338.25,9197.0
2020-02-07 16:30:00,3338.5,3341.25,3337.5,3339.25,21796.0
2020-02-07 16:35:00,3339.0,3339.5,3337.25,3337.75,10074.0
2020-02-07 16:40:00,3337.75,3338.25,3337.0,3337.5,7457.0
2020-02-07 16:45:00,3337.5,3337.75,3334.25,3335.25,11780.0
2020-02-07 16:50:00,3335.25,3335.25,3333.5,3335.25,9860.0
2020-02-07 16:55:00,3335.25,3336.5,3335.0,3336.25,6353.0
2020-02-07 17:00:00,3336.25,3337.75,3335.0,3337.0,8222.0
2020-02-07 17:05:00,3337.0,3339.0,3336.5,3338.25,6568.0
2020-02-07 17:10:00,3338.25,3338.5,3336.5,3338.25,6039.0
2020-02-07 17:15:00,3338.25,3339.25,3338.0,3338.5,4470.0
2020-02-07 17:20:00,3338.75,3339.5,3337.75,3338.25,6238.0
2020-02-07 17:25:00,3338.25,3339.0,3337.75,3339.0,4308.0
2020-02-07 17:30:00,3339.0,3339.25,3337.0,3337.25,5837.0
2020-02-07 17:35:00,3337.25,3337.25,3335.5,3335.5,5122.0
2020-02-07 17:40:00,3335.5,3336.75,3335.5,3335.5,4317.0
2020-02-07 17:45:00,3335.5,3336.25,3335.0,3335.5,4723.0
2020-02-07 17:50:00,3335.75,3336.5,3335.25,3335.75,4295.0
2020-02-07 17:55:00,3335.5,3337.25,3334.75,3337.0,6752.0
2020-02-07 18:00:00,3337.0,3337.0,3335.0,3335.75,3861.0
2020-02-07 18:05:00,3335.5,3336.0,3334.5,3335.25,4926.0
2020-02-07 18:10:00,3335.25,3335.75,3334.5,3334.75,2579.0
2020-02-07 18:15:00,3334.5,3335.25,3334.0,3334.5,4136.0
2020-02-07 18:20:00,3334.5,3334.75,3333.5,3334.5,4514.0
2020-02-07 18:25:00,3334.5,3335.25,3334.0,3335.0,3756.0
2020-02-07 18:30:00,3335.25,3336.5,3335.0,3336.25,4166.0
2020-02-07 18:35:00,3336.25,3336.5,3331.75,3332.75,34914.0
2020-02-07 18:40:00,3332.75,3333.0,3330.5,3331.75,11554.0
2020-02-07 18:45:00,3331.75,3332.5,3329.5,3330.5,9830.0
2020-02-07 18:50:00,3330.5,3331.25,3329.5,3330.5,6775.0
2020-02-07 18:55:00,3330.5,3331.25,3327.5,3327.75,14827.0
2020-02-07 19:00:00,3327.75,3328.0,3324.25,3325.5,18988.0
2020-02-07 19:05:00,3325.5,3326.25,3322.75,3323.0,25010.0
2020-02-07 19:10:00,3323.0,3324.0,3320.75,3321.25,21302.0
2020-02-07 19:15:00,3321.0,3324.5,3321.0,3323.0,16800.0
2020-02-07 19:20:00,3322.75,3323.75,3321.0,3323.0,15396.0
2020-02-07 19:25:00,3323.0,3325.0,3321.0,3324.5,13479.0
2020-02-07 19:30:00,3324.5,3327.0,3324.0,3326.25,14733.0
2020-02-07 19:35:00,3326.5,3327.5,3325.5,3327.25,8406.0
2020-02-07 19:40:00,3327.25,3327.25,3324.5,3326.5,7600.0
2020-02-07 19:45:00,3326.75,3328.5,3326.0,3326.25,11572.0
2020-02-07 19:50:00,3326.0,3327.25,3324.25,3324.25,8061.0
2020-02-07 19:55:00,3324.25,3328.25,3324.25,3327.75,11267.0
2020-02-07 20:00:00,3327.5,3330.0,3327.5,3329.0,14595.0
2020-02-07 20:05:00,3329.0,3329.0,3327.25,3327.75,8362.0
2020-02-07 20:10:00,3327.75,3328.0,3326.0,3327.0,7456.0
2020-02-07 20:15:00,3327.25,3328.75,3327.0,3327.5,7861.0
2020-02-07 20:20:00,3327.5,3328.75,3325.0,3325.75,8727.0
2020-02-07 20:25:00,3325.75,3328.0,3325.25,3327.75,6893.0
2020-02-07 20:30:00,3327.75,3329.0,3326.5,3328.25,10878.0
2020-02-07 20:35:00,3328.5,3329.5,3326.75,3327.25,9435.0
2020-02-07 20:40:00,3327.25,3330.25,3326.75,3329.5,16639.0
2020-02-07 20:45:00,3329.75,3331.0,3329.0,3329.75,11217.0
2020-02-07 20:50:00,3329.75,3330.0,3325.75,3326.25,27105.0
2020-02-07 20:55:00,3326.25,3327.5,3322.75,3327.5,40941.0
2020-02-07 21:00:00,3327.25,3328.0,3324.0,3326.0,83789.0
2020-02-07 21:05:00,3326.0,3327.75,3325.5,3326.0,13418.0
2020-02-07 21:10:00,3326.0,3326.0,3323.75,3325.25,12033.0
2020-02-07 21:15:00,3325.25,3326.0,3324.25,3326.0,8088.0
2020-02-07 21:30:00,3325.5,3325.75,3324.25,3324.75,1777.0
2020-02-07 21:35:00,3324.75,3325.25,3323.75,3324.0,1727.0
2020-02-07 21:40:00,3323.75,3325.0,3323.75,3324.0,1332.0
2020-02-07 21:45:00,3324.25,3324.25,3323.0,3323.25,801.0
2020-02-07 21:50:00,3323.25,3324.0,3323.25,3323.5,899.0
2020-02-07 21:55:00,3323.5,3323.75,3322.75,3323.0,967.0
2020-02-07 22:00:00,3322.75,3323.5,3322.75,3323.0,639.0
2020-02-09 19:50:00,3323.0,3323.0,3323.0,3323.0,1.0
2020-02-09 23:00:00,3322.25,3327.75,3319.5,3327.0,7945.0
2020-02-09 23:05:00,3327.0,3329.25,3326.25,3326.75,3281.0
2020-02-09 23:10:00,3326.75,3328.0,3324.75,3326.25,2175.0
2020-02-09 23:15:00,3326.25,3326.25,3324.0,3324.75,2567.0
2020-02-09 23:20:00,3324.75,3325.0,3323.0,3323.25,1962.0
2020-02-09 23:25:00,3323.25,3323.5,3320.5,3321.5,2191.0
2020-02-09 23:30:00,3321.5,3321.5,3315.25,3315.5,3508.0
2020-02-09 23:35:00,3315.5,3315.5,3303.5,3309.0,14840.0
2020-02-09 23:40:00,3309.0,3312.0,3307.5,3310.5,6641.0
2020-02-09 23:45:00,3310.25,3313.75,3309.25,3312.75,4981.0
2020-02-09 23:50:00,3312.5,3313.75,3311.75,3312.75,1806.0
2020-02-09 23:55:00,3313.0,3313.0,3311.25,3312.25,2140.0
2020-02-10 00:00:00,3312.25,3314.5,3311.25,3314.25,2070.0
2020-02-10 00:05:00,3314.25,3314.75,3312.75,3314.0,2757.0
2020-02-10 00:10:00,3313.75,3314.0,3312.25,3312.5,2240.0
2020-02-10 00:15:00,3312.5,3314.0,3311.75,3312.0,2001.0
2020-02-10 00:20:00,3312.0,3314.0,3311.5,3313.75,1419.0
2020-02-10 00:25:00,3313.75,3315.0,3313.0,3314.5,2266.0
2020-02-10 00:30:00,3314.5,3314.75,3313.5,3314.75,1098.0
2020-02-10 00:35:00,3315.0,3316.75,3314.5,3315.5,2455.0
2020-02-10 00:40:00,3315.25,3316.25,3314.75,3315.5,1419.0
2020-02-10 00:45:00,3315.25,3316.25,3314.25,3314.5,1541.0
2020-02-10 00:50:00,3314.75,3314.75,3313.25,3314.25,1651.0
2020-02-10 00:55:00,3314.25,3314.5,3312.75,3313.75,1207.0
2020-02-10 01:00:00,3314.0,3317.5,3314.0,3315.75,4118.0
2020-02-10 01:05:00,3315.75,3315.75,3312.75,3315.25,3354.0
2020-02-10 01:10:00,3315.25,3315.5,3313.25,3314.5,1754.0
2020-02-10 01:15:00,3314.25,3319.0,3314.25,3318.25,4529.0
2020-02-10 01:20:00,3318.25,3319.0,3316.5,3318.5,3329.0
2020-02-10 01:25:00,3318.75,3320.25,3316.5,3317.25,3019.0
2020-02-10 01:30:00,3317.5,3319.25,3316.0,3319.0,2236.0
2020-02-10 01:35:00,3319.25,3325.0,3319.0,3322.5,7474.0
2020-02-10 01:40:00,3322.5,3324.75,3321.75,3324.25,2691.0
2020-02-10 01:45:00,3324.25,3328.25,3324.25,3326.25,7388.0
2020-02-10 01:50:00,3326.25,3326.75,3324.0,3324.25,1817.0
2020-02-10 01:55:00,3324.25,3325.75,3323.5,3324.25,2223.0
2020-02-10 02:00:00,3324.5,3326.5,3323.75,3326.25,2502.0
2020-02-10 02:05:00,3326.25,3327.0,3324.25,3325.5,2733.0
2020-02-10 02:10:00,3325.5,3329.25,3325.5,3329.0,2587.0
2020-02-10 02:15:00,3328.75,3331.5,3328.5,3329.5,4017.0
2020-02-10 02:20:00,3329.5,3330.5,3328.5,3329.25,1912.0
2020-02-10 02:25:00,3329.0,3331.0,3328.75,3330.0,1676.0
2020-02-10 02:30:00,3330.0,3331.0,3328.75,3330.75,2041.0
2020-02-10 02:35:00,3330.75,3334.25,3330.75,3333.5,3982.0
2020-02-10 02:40:00,3333.5,3334.5,3332.25,3332.25,1634.0
2020-02-10 02:45:00,3332.25,3332.75,3331.5,3332.0,954.0
2020-02-10 02:50:00,3332.0,3332.75,3331.5,3332.0,1001.0
2020-02-10 02:55:00,3331.75,3332.25,3330.25,3331.25,991.0
2020-02-10 03:00:00,3331.5,3333.0,3331.25,3332.25,940.0
2020-02-10 03:05:00,3332.25,3332.75,3331.75,3332.25,876.0
2020-02-10 03:10:00,3332.25,3332.75,3331.0,3332.0,866.0
2020-02-10 03:15:00,3332.0,3332.25,3329.5,3330.75,1227.0
2020-02-10 03:20:00,3330.75,3330.75,3329.0,3329.75,1820.0
2020-02-10 03:25:00,3329.75,3330.75,3329.5,3329.75,557.0
2020-02-10 03:30:00,3329.75,3330.25,3329.0,3329.25,753.0
2020-02-10 03:35:00,3329.25,3329.5,3328.25,3328.25,1725.0
2020-02-10 03:40:00,3328.25,3330.25,3328.25,3329.25,1544.0
2020-02-10 03:45:00,3329.0,3329.25,3328.5,3329.0,1481.0
2020-02-10 03:50:00,3329.0,3329.0,3327.0,3328.0,1682.0
2020-02-10 03:55:00,3328.0,3328.25,3327.5,3328.0,382.0
2020-02-10 04:00:00,3328.0,3328.5,3327.0,3328.25,1387.0
2020-02-10 04:05:00,3328.0,3328.5,3327.75,3327.75,697.0
2020-02-10 04:10:00,3327.75,3328.0,3327.0,3328.0,495.0
2020-02-10 04:15:00,3328.0,3328.75,3328.0,3328.25,884.0
2020-02-10 04:20:00,3328.25,3328.5,3327.0,3327.75,651.0
2020-02-10 04:25:00,3328.0,3328.25,3327.75,3328.0,145.0
2020-02-10 04:30:00,3328.0,3328.25,3327.75,3327.75,118.0
2020-02-10 04:35:00,3327.75,3328.75,3326.5,3328.5,666.0
2020-02-10 04:40:00,3328.5,3329.5,3328.0,3329.5,717.0
2020-02-10 04:45:00,3329.25,3329.75,3328.25,3329.25,638.0
2020-02-10 04:50:00,3329.0,3329.25,3327.75,3328.0,683.0
2020-02-10 04:55:00,3327.75,3327.75,3324.0,3326.0,3266.0
2020-02-10 05:00:00,3325.75,3326.5,3324.5,3326.0,1658.0
2020-02-10 05:05:00,3326.25,3326.25,3324.75,3325.0,432.0
2020-02-10 05:10:00,3325.0,3326.5,3325.0,3325.25,666.0
2020-02-10 05:15:00,3325.5,3325.5,3324.25,3325.0,569.0
2020-02-10 05:20:00,3325.0,3327.0,3325.0,3326.5,726.0
2020-02-10 05:25:00,3326.5,3327.5,3326.5,3327.25,591.0
2020-02-10 05:30:00,3327.5,3327.75,3326.5,3326.75,578.0
2020-02-10 05:35:00,3327.0,3328.25,3327.0,3328.25,653.0
2020-02-10 05:40:00,3328.5,3329.25,3328.0,3328.25,883.0
2020-02-10 05:45:00,3328.25,3329.0,3327.75,3328.75,450.0
2020-02-10 05:50:00,3328.75,3329.5,3327.25,3327.5,739.0
2020-02-10 05:55:00,3327.5,3327.75,3326.5,3327.75,634.0
2020-02-10 06:00:00,3327.75,3328.75,3327.25,3328.0,812.0
2020-02-10 06:05:00,3327.75,3328.0,3327.0,3327.25,563.0
2020-02-10 06:10:00,3327.0,3329.25,3326.5,3329.0,870.0
2020-02-10 06:15:00,3329.0,3329.5,3328.25,3329.25,562.0
2020-02-10 06:20:00,3329.5,3329.75,3328.75,3329.0,551.0
2020-02-10 06:25:00,3329.25,3329.5,3328.25,3328.75,337.0
2020-02-10 06:30:00,3328.5,3328.75,3327.75,3328.25,404.0
2020-02-10 06:35:00,3328.25,3328.75,3328.0,3328.5,298.0
2020-02-10 06:40:00,3328.5,3329.5,3328.5,3329.0,506.0
2020-02-10 06:45:00,3329.0,3331.75,3329.0,3331.75,1089.0
2020-02-10 06:50:00,3331.75,3331.75,3330.5,3331.25,1363.0
2020-02-10 06:55:00,3331.25,3332.25,3331.0,3331.0,993.0
2020-02-10 07:00:00,3331.0,3332.75,3329.75,3330.25,1532.0
2020-02-10 07:05:00,3330.0,3330.0,3328.25,3329.0,1112.0
2020-02-10 07:10:00,3328.75,3329.25,3326.75,3326.75,943.0
2020-02-10 07:15:00,3326.75,3327.75,3326.75,3327.75,851.0
2020-02-10 07:20:00,3328.0,3330.75,3327.75,3329.75,1229.0
2020-02-10 07:25:00,3329.75,3330.0,3328.75,3329.0,502.0
2020-02-10 07:30:00,3328.75,3331.0,3328.75,3330.25,1734.0
2020-02-10 07:35:00,3330.5,3330.5,3328.0,3330.25,1470.0
2020-02-10 07:40:00,3330.25,3331.75,3330.25,3331.0,1629.0
2020-02-10 07:45:00,3330.75,3331.0,3328.5,3329.0,2271.0
2020-02-10 07:50:00,3329.0,3330.25,3327.75,3328.25,1343.0
2020-02-10 07:55:00,3328.25,3328.25,3326.5,3327.75,1739.0
2020-02-10 08:00:00,3327.5,3328.25,3325.25,3327.75,3481.0
2020-02-10 08:05:00,3327.75,3329.75,3327.25,3328.25,2883.0
2020-02-10 08:10:00,3328.25,3329.75,3327.75,3329.5,3896.0
2020-02-10 08:15:00,3329.5,3330.0,3327.0,3328.25,3785.0
2020-02-10 08:20:00,3328.25,3328.25,3324.0,3324.0,4273.0
2020-02-10 08:25:00,3324.25,3325.25,3322.75,3324.25,4097.0
2020-02-10 08:30:00,3324.5,3325.5,3322.75,3324.5,3076.0
2020-02-10 08:35:00,3324.5,3325.25,3322.0,3322.0,2973.0
2020-02-10 08:40:00,3322.0,3323.75,3320.75,3322.25,4743.0
2020-02-10 08:45:00,3322.5,3322.5,3318.75,3321.0,7558.0
2020-02-10 08:50:00,3321.0,3321.75,3319.25,3321.25,3240.0
2020-02-10 08:55:00,3321.5,3322.25,3321.0,3321.5,1396.0
2020-02-10 09:00:00,3321.5,3324.0,3321.25,3323.75,2955.0
2020-02-10 09:05:00,3323.75,3328.75,3323.75,3328.0,4901.0
2020-02-10 09:10:00,3327.75,3328.25,3326.25,3326.25,1957.0
2020-02-10 09:15:00,3326.25,3327.75,3326.25,3327.0,2125.0
2020-02-10 09:20:00,3327.0,3327.0,3325.25,3325.75,1527.0
2020-02-10 09:25:00,3325.75,3326.0,3324.25,3325.5,2626.0
2020-02-10 09:30:00,3325.5,3325.75,3324.0,3325.25,2736.0
2020-02-10 09:35:00,3325.0,3325.5,3324.0,3324.75,1851.0
2020-02-10 09:40:00,3324.75,3325.25,3323.75,3323.75,1683.0
2020-02-10 09:45:00,3323.75,3324.25,3322.5,3324.0,2604.0
2020-02-10 09:50:00,3324.25,3324.25,3322.75,3324.0,1895.0
2020-02-10 09:55:00,3324.0,3324.5,3321.75,3322.0,2427.0
2020-02-10 10:00:00,3322.25,3322.5,3320.25,3321.75,2281.0
2020-02-10 10:05:00,3321.75,3322.0,3320.5,3321.5,1933.0
2020-02-10 10:10:00,3321.5,3321.75,3320.75,3321.5,1776.0
2020-02-10 10:15:00,3321.75,3321.75,3320.25,3320.5,1596.0
2020-02-10 10:20:00,3320.5,3321.5,3319.75,3320.75,1850.0
2020-02-10 10:25:00,3320.75,3321.5,3320.5,3321.0,814.0
2020-02-10 10:30:00,3321.0,3322.25,3320.75,3321.0,1511.0
2020-02-10 10:35:00,3321.0,3322.75,3321.0,3322.5,1327.0
2020-02-10 10:40:00,3322.25,3326.5,3322.0,3326.5,3939.0
2020-02-10 10:45:00,3326.75,3329.75,3324.5,3328.25,13760.0
2020-02-10 10:50:00,3328.5,3329.25,3327.0,3327.5,2278.0
2020-02-10 10:55:00,3327.25,3327.75,3326.0,3326.5,1402.0
2020-02-10 11:00:00,3326.5,3327.75,3326.5,3326.5,1027.0
2020-02-10 11:05:00,3326.5,3327.75,3326.0,3327.25,1315.0
2020-02-10 11:10:00,3327.5,3327.75,3325.75,3326.0,1823.0
2020-02-10 11:15:00,3326.0,3327.25,3326.0,3326.75,1531.0
2020-02-10 11:20:00,3326.75,3327.25,3326.5,3326.75,571.0
2020-02-10 11:25:00,3326.5,3327.25,3326.0,3327.0,1054.0
2020-02-10 11:30:00,3326.75,3328.5,3326.5,3327.25,1489.0
2020-02-10 11:35:00,3327.25,3327.5,3326.0,3326.75,1020.0
2020-02-10 11:40:00,3327.0,3328.25,3327.0,3327.75,767.0
2020-02-10 11:45:00,3327.75,3328.25,3327.25,3327.5,747.0
2020-02-10 11:50:00,3327.5,3327.5,3326.25,3326.75,715.0
2020-02-10 11:55:00,3326.75,3327.5,3326.25,3326.5,585.0
2020-02-10 12:00:00,3326.5,3328.75,3326.25,3327.25,1525.0
2020-02-10 12:05:00,3327.25,3327.25,3323.0,3325.25,5318.0
2020-02-10 12:10:00,3325.25,3326.0,3325.0,3325.0,1371.0
2020-02-10 12:15:00,3325.0,3325.5,3324.5,3324.5,515.0
2020-02-10 12:20:00,3324.5,3325.5,3323.75,3325.0,1008.0
2020-02-10 12:25:00,3324.75,3325.25,3324.25,3325.25,612.0
2020-02-10 12:30:00,3325.25,3325.25,3323.5,3324.0,806.0
2020-02-10 12:35:00,3324.0,3325.0,3324.0,3325.0,811.0
2020-02-10 12:40:00,3325.0,3326.5,3325.0,3326.25,1468.0
2020-02-10 12:45:00,3326.25,3326.5,3325.25,3325.5,948.0
2020-02-10 12:50:00,3325.5,3326.5,3325.5,3325.5,1982.0
2020-02-10 12:55:00,3325.5,3325.75,3323.5,3324.25,2364.0
2020-02-10 13:00:00,3324.5,3324.75,3322.0,3322.5,3636.0
2020-02-10 13:05:00,3322.5,3323.25,3319.25,3321.0,6323.0
2020-02-10 13:10:00,3321.25,3322.0,3319.75,3321.75,2804.0
2020-02-10 13:15:00,3321.75,3323.5,3321.5,3323.25,2334.0
2020-02-10 13:20:00,3323.25,3325.75,3323.0,3324.75,3566.0
2020-02-10 13:25:00,3325.0,3326.25,3324.75,3325.25,1696.0
2020-02-10 13:30:00,3325.25,3326.5,3325.0,3325.5,1726.0
2020-02-10 13:35:00,3325.25,3325.75,3324.0,3324.0,1659.0
2020-02-10 13:40:00,3324.0,3324.75,3323.25,3323.25,2208.0
2020-02-10 13:45:00,3323.5,3324.5,3321.5,3321.75,2592.0
2020-02-10 13:50:00,3322.0,3323.25,3320.25,3320.75,4512.0
2020-02-10 13:55:00,3320.75,3321.5,3320.25,3321.0,1931.0
2020-02-10 14:00:00,3320.75,3322.0,3318.5,3318.75,4565.0
2020-02-10 14:05:00,3318.75,3319.0,3317.0,3317.25,6704.0
2020-02-10 14:10:00,3317.25,3317.75,3315.5,3315.75,7644.0
2020-02-10 14:15:00,3315.75,3317.75,3314.75,3317.25,6275.0
2020-02-10 14:20:00,3317.25,3317.25,3316.25,3317.25,2662.0
2020-02-10 14:25:00,3317.0,3318.25,3316.25,3316.75,4485.0
2020-02-10 14:30:00,3317.0,3324.0,3316.25,3324.0,42547.0
2020-02-10 14:35:00,3324.0,3326.5,3323.5,3326.25,32029.0
2020-02-10 14:40:00,3326.25,3328.25,3325.5,3327.75,21629.0
2020-02-10 14:45:00,3327.75,3328.25,3325.5,3325.5,18419.0
2020-02-10 14:50:00,3325.5,3327.75,3324.5,3327.5,17353.0
2020-02-10 14:55:00,3327.5,3331.25,3327.0,3331.25,27323.0
2020-02-10 15:00:00,3331.25,3333.75,3330.5,3332.75,27559.0
2020-02-10 15:05:00,3333.0,3333.75,3332.25,3332.5,15450.0
2020-02-10 15:10:00,3332.5,3334.75,3332.25,3332.75,18523.0
2020-02-10 15:15:00,3332.75,3336.5,3332.5,3336.5,19282.0
2020-02-10 15:20:00,3336.25,3337.75,3335.25,3336.25,20191.0
2020-02-10 15:25:00,3336.25,3338.0,3336.0,3336.75,14189.0
2020-02-10 15:30:00,3336.75,3338.5,3336.5,3337.75,14789.0
2020-02-10 15:35:00,3337.75,3341.0,3337.75,3341.0,19041.0
2020-02-10 15:40:00,3340.75,3341.5,3338.75,3339.0,18369.0
2020-02-10 15:45:00,3339.0,3340.5,3338.75,3340.25,9278.0
2020-02-10 15:50:00,3340.25,3341.25,3338.25,3339.5,13103.0
2020-02-10 15:55:00,3339.25,3339.5,3337.0,3337.25,11600.0
2020-02-10 16:00:00,3337.0,3338.75,3337.0,3338.0,14077.0
2020-02-10 16:05:00,3338.0,3339.5,3337.5,3338.25,10772.0
2020-02-10 16:10:00,3338.0,3338.75,3336.25,3336.5,8864.0
2020-02-10 16:15:00,3336.25,3338.0,3335.75,3337.5,9263.0
2020-02-10 16:20:00,3337.25,3338.0,3336.75,3337.25,5118.0
2020-02-10 16:25:00,3337.25,3339.5,3337.0,3339.25,6195.0
2020-02-10 16:30:00,3339.0,3340.0,3337.75,3338.25,9643.0
2020-02-10 16:35:00,3338.5,3339.75,3337.0,3339.0,8926.0
2020-02-10 16:40:00,3339.0,3339.75,3338.0,3338.5,8691.0
2020-02-10 16:45:00,3338.75,3341.75,3338.0,3341.5,9772.0
2020-02-10 16:50:00,3341.5,3341.5,3338.0,3338.25,10126.0
2020-02-10 16:55:00,3338.25,3338.5,3337.25,3338.25,5037.0
2020-02-10 17:00:00,3338.25,3338.25,3336.75,3337.0,5341.0
2020-02-10 17:05:00,3337.25,3337.25,3335.0,3336.5,15346.0
2020-02-10 17:10:00,3336.75,3337.75,3336.25,3337.75,9045.0
2020-02-10 17:15:00,3337.5,3337.5,3335.5,3335.5,6204.0
2020-02-10 17:20:00,3335.75,3336.5,3334.75,3335.25,6458.0
2020-02-10 17:25:00,3335.0,3336.0,3334.75,3335.75,5177.0
2020-02-10 17:30:00,3335.75,3336.75,3335.75,3336.0,4528.0
2020-02-10 17:35:00,3336.0,3336.0,3333.25,3333.5,10805.0
2020-02-10 17:40:00,3333.75,3335.75,3333.75,3335.0,7821.0
2020-02-10 17:45:00,3335.25,3336.5,3335.0,3335.75,4060.0
2020-02-10 17:50:00,3336.0,3336.0,3334.0,3334.25,4374.0
2020-02-10 17:55:00,3334.5,3335.5,3334.0,3335.0,3255.0
2020-02-10 18:00:00,3335.25,3336.0,3334.75,3335.0,3743.0
2020-02-10 18:05:00,3335.25,3336.0,3334.25,3335.0,3526.0
2020-02-10 18:10:00,3335.0,3337.25,3334.5,3337.0,7267.0
2020-02-10 18:15:00,3337.0,3337.5,3336.5,3337.25,3500.0
2020-02-10 18:20:00,3337.25,3337.75,3336.75,3336.75,4226.0
2020-02-10 18:25:00,3337.0,3337.5,3336.25,3336.25,3874.0
2020-02-10 18:30:00,3336.25,3338.25,3336.0,3337.75,5032.0
2020-02-10 18:35:00,3338.0,3338.0,3337.0,3337.25,3541.0
2020-02-10 18:40:00,3337.25,3337.75,3336.5,3336.5,3523.0
2020-02-10 18:45:00,3336.75,3337.25,3335.5,3337.25,3736.0
2020-02-10 18:50:00,3337.0,3337.75,3336.5,3336.75,3188.0
2020-02-10 18:55:00,3336.75,3337.75,3336.5,3337.0,3776.0
2020-02-10 19:00:00,3337.0,3337.25,3334.5,3335.0,6762.0
2020-02-10 19:05:00,3335.0,3336.5,3334.5,3336.0,3913.0
2020-02-10 19:10:00,3336.0,3336.75,3335.25,3336.25,2607.0
2020-02-10 19:15:00,3336.0,3337.5,3335.75,3336.75,3975.0
2020-02-10 19:20:00,3337.0,3337.75,3336.75,3337.5,2451.0
2020-02-10 19:25:00,3337.5,3338.0,3337.25,3338.0,2997.0
2020-02-10 19:30:00,3338.0,3338.5,3337.5,3338.25,3711.0
2020-02-10 19:35:00,3338.25,3339.5,3337.75,3338.0,6787.0
2020-02-10 19:40:00,3338.25,3339.0,3337.75,3338.75,4068.0
2020-02-10 19:45:00,3339.0,3339.75,3338.5,3339.25,3053.0
2020-02-10 19:50:00,3339.5,3341.0,3339.25,3341.0,6076.0
2020-02-10 19:55:00,3341.0,3342.0,3340.75,3342.0,3965.0
2020-02-10 20:00:00,3342.0,3343.25,3341.75,3343.25,7046.0
2020-02-10 20:05:00,3343.25,3344.5,3342.75,3343.75,7161.0
2020-02-10 20:10:00,3343.75,3346.5,3343.5,3345.0,17725.0
2020-02-10 20:15:00,3345.0,3345.5,3343.75,3343.75,7079.0
2020-02-10 20:20:00,3344.0,3345.5,3343.75,3345.25,7423.0
2020-02-10 20:25:00,3345.25,3346.25,3344.25,3346.0,6138.0
2020-02-10 20:30:00,3345.75,3346.25,3343.5,3345.25,13670.0
2020-02-10 20:35:00,3345.5,3346.0,3344.25,3345.75,7530.0
2020-02-10 20:40:00,3346.0,3346.25,3344.5,3346.25,7705.0
2020-02-10 20:45:00,3346.25,3346.5,3344.25,3345.5,9088.0
2020-02-10 20:50:00,3345.75,3347.5,3344.25,3347.25,24882.0
2020-02-10 20:55:00,3347.25,3349.75,3346.25,3349.75,50595.0
2020-02-10 21:00:00,3349.5,3352.75,3349.5,3351.75,81743.0
2020-02-10 21:05:00,3351.75,3353.5,3351.75,3352.75,12318.0
2020-02-10 21:10:00,3353.0,3353.5,3352.0,3353.0,11834.0
2020-02-10 21:15:00,3353.0,3353.5,3352.5,3353.0,5765.0
2020-02-10 21:30:00,3353.0,3353.25,3352.0,3352.25,2023.0
2020-02-10 21:35:00,3352.25,3352.5,3352.0,3352.25,1112.0
2020-02-10 21:40:00,3352.5,3353.25,3352.25,3352.5,1250.0
2020-02-10 21:45:00,3352.5,3353.0,3352.0,3352.75,844.0
2020-02-10 21:50:00,3352.75,3353.0,3351.75,3351.75,923.0
2020-02-10 21:55:00,3352.0,3352.25,3351.75,3352.25,821.0
2020-02-10 22:00:00,3352.25,3352.5,3352.0,3352.25,376.0
2020-02-10 23:00:00,3351.0,3352.75,3350.25,3351.5,2323.0
2020-02-10 23:05:00,3351.75,3351.75,3349.75,3350.25,1395.0
2020-02-10 23:10:00,3350.25,3351.0,3349.75,3350.0,1054.0
2020-02-10 23:15:00,3350.0,3350.75,3349.75,3350.75,763.0
2020-02-10 23:20:00,3350.5,3351.75,3350.5,3351.25,554.0
2020-02-10 23:25:00,3351.25,3353.0,3351.25,3352.5,893.0
2020-02-10 23:30:00,3352.25,3352.25,3351.5,3351.5,481.0
2020-02-10 23:35:00,3351.5,3351.75,3350.5,3350.5,604.0
2020-02-10 23:40:00,3350.75,3351.0,3350.0,3350.5,509.0
2020-02-10 23:45:00,3350.5,3352.5,3350.5,3351.5,633.0
2020-02-10 23:50:00,3351.5,3351.5,3350.25,3350.75,474.0
2020-02-10 23:55:00,3351.0,3351.75,3350.75,3351.5,415.0
2020-02-11 00:00:00,3351.5,3351.75,3349.25,3350.0,1275.0
2020-02-11 00:05:00,3350.0,3351.25,3349.75,3350.75,832.0
2020-02-11 00:10:00,3350.75,3351.5,3350.5,3351.0,726.0
2020-02-11 00:15:00,3350.75,3351.75,3350.5,3351.5,610.0
2020-02-11 00:20:00,3351.25,3352.25,3351.25,3352.0,575.0
2020-02-11 00:25:00,3352.0,3355.0,3352.0,3354.5,3864.0
2020-02-11 00:30:00,3354.75,3355.25,3353.75,3354.75,1421.0
2020-02-11 00:35:00,3354.75,3355.0,3354.5,3354.5,523.0
2020-02-11 00:40:00,3354.75,3356.0,3354.5,3356.0,2132.0
2020-02-11 00:45:00,3356.0,3358.25,3355.5,3357.5,3005.0
2020-02-11 00:50:00,3357.5,3357.75,3356.25,3356.25,1040.0
2020-02-11 00:55:00,3356.5,3356.5,3355.25,3355.5,838.0
2020-02-11 01:00:00,3355.5,3357.5,3355.25,3357.25,1343.0
2020-02-11 01:05:00,3357.25,3357.5,3355.75,3356.25,1485.0
2020-02-11 01:10:00,3356.25,3357.25,3356.25,3356.75,595.0
2020-02-11 01:15:00,3356.75,3361.0,3356.5,3360.25,4583.0
2020-02-11 01:20:00,3360.25,3360.5,3359.5,3359.75,3024.0
2020-02-11 01:25:00,3359.75,3360.0,3359.25,3359.5,1217.0
2020-02-11 01:30:00,3359.5,3360.5,3359.0,3359.0,1946.0
2020-02-11 01:35:00,3359.0,3360.25,3358.75,3360.25,1071.0
2020-02-11 01:40:00,3360.25,3361.0,3359.5,3359.75,1736.0
2020-02-11 01:45:00,3359.5,3362.25,3359.25,3361.75,2477.0
2020-02-11 01:50:00,3361.75,3362.5,3361.25,3361.75,1054.0
2020-02-11 01:55:00,3361.5,3362.5,3361.25,3362.0,775.0
2020-02-11 02:00:00,3362.0,3362.5,3361.5,3361.75,734.0
2020-02-11 02:05:00,3361.75,3362.75,3361.5,3362.25,877.0
2020-02-11 02:10:00,3362.25,3363.0,3362.0,3362.5,1030.0
2020-02-11 02:15:00,3362.25,3362.75,3361.75,3362.5,851.0
2020-02-11 02:20:00,3362.25,3364.0,3362.25,3363.5,1859.0
2020-02-11 02:25:00,3363.5,3363.75,3363.25,3363.5,1800.0
2020-02-11 02:30:00,3363.5,3364.75,3363.25,3364.0,1658.0
2020-02-11 02:35:00,3364.0,3364.5,3363.5,3364.0,1298.0
2020-02-11 02:40:00,3363.75,3364.75,3363.5,3364.0,997.0
2020-02-11 02:45:00,3364.0,3364.0,3362.75,3362.75,904.0
2020-02-11 02:50:00,3362.75,3363.0,3362.0,3362.0,924.0
2020-02-11 02:55:00,3362.0,3362.5,3362.0,3362.25,433.0
2020-02-11 03:00:00,3362.25,3362.75,3361.75,3362.5,830.0
2020-02-11 03:05:00,3362.5,3363.0,3362.25,3362.5,730.0
2020-02-11 03:10:00,3362.5,3363.25,3362.5,3363.0,617.0
2020-02-11 03:15:00,3363.0,3363.25,3360.75,3361.0,1422.0
2020-02-11 03:20:00,3361.25,3362.0,3361.0,3362.0,612.0
2020-02-11 03:25:00,3361.75,3362.0,3361.25,3361.5,402.0
2020-02-11 03:30:00,3361.5,3361.75,3361.0,3361.25,612.0
2020-02-11 03:35:00,3361.0,3361.75,3360.75,3361.75,392.0
2020-02-11 03:40:00,3361.75,3362.25,3361.5,3361.75,280.0
2020-02-11 03:45:00,3361.75,3362.0,3361.75,3361.75,245.0
2020-02-11 03:50:00,3361.75,3362.75,3361.5,3362.75,653.0
2020-02-11 03:55:00,3362.75,3363.25,3362.25,3362.5,578.0
2020-02-11 04:00:00,3362.5,3362.5,3361.5,3362.0,522.0
2020-02-11 04:05:00,3362.0,3362.0,3361.5,3361.75,173.0
2020-02-11 04:10:00,3361.75,3362.0,3361.25,3361.75,261.0
2020-02-11 04:15:00,3361.75,3361.75,3361.25,3361.5,256.0
2020-02-11 04:20:00,3361.5,3361.75,3361.25,3361.75,168.0
2020-02-11 04:25:00,3361.5,3361.75,3361.25,3361.75,212.0
2020-02-11 04:30:00,3361.5,3361.75,3361.0,3361.25,265.0
2020-02-11 04:35:00,3361.5,3361.5,3360.75,3361.0,494.0
2020-02-11 04:40:00,3361.0,3361.75,3361.0,3361.75,179.0
2020-02-11 04:45:00,3361.75,3362.25,3361.75,3362.0,306.0
2020-02-11 04:50:00,3362.0,3362.5,3361.75,3362.5,256.0
2020-02-11 04:55:00,3362.5,3362.5,3362.25,3362.25,137.0
2020-02-11 05:00:00,3362.25,3362.5,3361.5,3362.0,487.0
2020-02-11 05:05:00,3362.25,3362.25,3360.75,3361.25,379.0
2020-02-11 05:10:00,3361.0,3362.0,3361.0,3361.5,373.0
2020-02-11 05:15:00,3361.75,3362.5,3361.75,3362.25,239.0
2020-02-11 05:20:00,3362.25,3362.5,3362.25,3362.5,163.0
2020-02-11 05:25:00,3362.5,3362.75,3362.0,3362.5,214.0
2020-02-11 05:30:00,3362.75,3364.5,3362.75,3363.75,988.0
2020-02-11 05:35:00,3363.5,3364.0,3363.5,3364.0,222.0
2020-02-11 05:40:00,3364.0,3364.0,3362.5,3362.75,464.0
2020-02-11 05:45:00,3362.75,3364.0,3362.75,3363.75,570.0
2020-02-11 05:50:00,3364.0,3364.25,3363.5,3364.25,646.0
2020-02-11 05:55:00,3364.0,3364.75,3364.0,3364.0,613.0
2020-02-11 06:00:00,3363.75,3364.25,3363.5,3363.75,791.0
2020-02-11 06:05:00,3364.0,3364.0,3363.5,3364.0,298.0
2020-02-11 06:10:00,3364.0,3364.0,3363.25,3363.25,666.0
2020-02-11 06:15:00,3363.5,3363.5,3361.75,3362.0,1219.0
2020-02-11 06:20:00,3362.0,3363.25,3361.75,3363.0,733.0
2020-02-11 06:25:00,3362.75,3363.25,3362.5,3362.75,386.0
2020-02-11 06:30:00,3363.0,3363.5,3362.5,3363.0,606.0
2020-02-11 06:35:00,3363.0,3363.25,3362.25,3362.75,505.0
2020-02-11 06:40:00,3362.75,3363.0,3362.25,3362.25,539.0
2020-02-11 06:45:00,3362.25,3362.5,3361.5,3362.0,536.0
2020-02-11 06:50:00,3362.0,3363.0,3362.0,3363.0,582.0
2020-02-11 06:55:00,3362.75,3363.25,3362.5,3362.75,310.0
2020-02-11 07:00:00,3362.5,3362.75,3361.25,3361.75,1556.0
2020-02-11 07:05:00,3361.5,3362.0,3361.25,3361.75,1085.0
2020-02-11 07:10:00,3361.75,3362.0,3361.25,3361.25,648.0
2020-02-11 07:15:00,3361.25,3361.5,3360.75,3360.75,546.0
2020-02-11 07:20:00,3360.75,3361.0,3359.5,3360.5,1435.0
2020-02-11 07:25:00,3360.5,3361.0,3360.0,3360.75,737.0
2020-02-11 07:30:00,3360.75,3361.0,3359.75,3359.75,1065.0
2020-02-11 07:35:00,3359.5,3360.0,3358.5,3358.75,1504.0
2020-02-11 07:40:00,3359.0,3359.5,3358.75,3359.5,793.0
2020-02-11 07:45:00,3359.5,3360.25,3359.25,3360.25,854.0
2020-02-11 07:50:00,3360.25,3361.5,3360.0,3360.5,1041.0
2020-02-11 07:55:00,3360.5,3361.0,3360.25,3360.25,803.0
2020-02-11 08:00:00,3360.25,3361.75,3359.5,3361.0,3689.0
2020-02-11 08:05:00,3361.0,3362.0,3358.75,3361.25,3985.0
2020-02-11 08:10:00,3361.25,3362.0,3360.0,3360.5,3479.0
2020-02-11 08:15:00,3360.5,3361.75,3359.75,3360.25,2980.0
2020-02-11 08:20:00,3360.25,3361.75,3360.0,3361.25,2034.0
2020-02-11 08:25:00,3361.25,3361.25,3359.75,3360.25,1783.0
2020-02-11 08:30:00,3360.0,3361.25,3359.75,3360.75,1142.0
2020-02-11 08:35:00,3361.0,3362.5,3360.75,3361.0,2028.0
2020-02-11 08:40:00,3361.25,3361.5,3359.5,3359.75,1174.0
2020-02-11 08:45:00,3359.75,3360.25,3357.5,3358.0,2762.0
2020-02-11 08:50:00,3357.75,3360.25,3357.75,3360.25,2010.0
2020-02-11 08:55:00,3360.25,3360.25,3359.5,3359.5,1470.0
2020-02-11 09:00:00,3359.75,3360.25,3358.25,3358.5,2154.0
2020-02-11 09:05:00,3358.5,3358.5,3356.25,3357.25,3478.0
2020-02-11 09:10:00,3357.25,3357.5,3355.25,3356.0,2299.0
2020-02-11 09:15:00,3355.75,3357.75,3355.75,3357.0,1949.0
2020-02-11 09:20:00,3357.0,3358.5,3356.25,3358.25,1892.0
2020-02-11 09:25:00,3358.0,3358.25,3357.25,3357.25,1127.0
2020-02-11 09:30:00,3357.5,3360.0,3356.5,3357.5,3419.0
2020-02-11 09:35:00,3357.5,3358.25,3356.75,3357.5,1540.0
2020-02-11 09:40:00,3357.75,3358.25,3357.5,3358.0,1344.0
2020-02-11 09:45:00,3358.25,3358.75,3356.75,3358.0,1479.0
2020-02-11 09:50:00,3358.0,3359.25,3357.75,3358.75,897.0
2020-02-11 09:55:00,3359.0,3359.25,3358.5,3359.0,1119.0
2020-02-11 10:00:00,3359.0,3360.75,3359.0,3360.5,1522.0
2020-02-11 10:05:00,3360.5,3360.5,3358.75,3359.0,913.0
2020-02-11 10:10:00,3359.0,3359.75,3358.75,3359.75,1632.0
2020-02-11 10:15:00,3360.0,3361.25,3360.0,3361.0,1396.0
2020-02-11 10:20:00,3360.75,3361.5,3360.5,3361.0,1436.0
2020-02-11 10:25:00,3361.0,3361.0,3360.0,3360.5,938.0
2020-02-11 10:30:00,3360.75,3361.25,3360.5,3360.75,796.0
2020-02-11 10:35:00,3361.0,3361.75,3360.5,3361.25,901.0
2020-02-11 10:40:00,3361.25,3361.75,3361.25,3361.5,945.0
2020-02-11 10:45:00,3361.25,3362.25,3361.0,3361.5,1676.0
2020-02-11 10:50:00,3361.5,3362.5,3361.0,3361.0,1687.0
2020-02-11 10:55:00,3361.0,3362.0,3361.0,3361.75,1961.0
2020-02-11 11:00:00,3361.75,3362.0,3360.75,3360.75,692.0
2020-02-11 11:05:00,3361.0,3361.25,3360.5,3361.0,831.0
2020-02-11 11:10:00,3361.0,3362.0,3360.75,3362.0,780.0
2020-02-11 11:15:00,3362.0,3363.25,3361.25,3361.75,1910.0
2020-02-11 11:20:00,3361.75,3362.0,3360.75,3360.75,1151.0
2020-02-11 11:25:00,3360.75,3360.75,3359.75,3360.0,1521.0
2020-02-11 11:30:00,3360.0,3360.25,3359.25,3360.25,1291.0
2020-02-11 11:35:00,3360.25,3360.5,3360.0,3360.0,784.0
2020-02-11 11:40:00,3360.0,3360.25,3359.0,3360.0,1261.0
2020-02-11 11:45:00,3359.75,3361.0,3359.25,3360.0,1714.0
2020-02-11 11:50:00,3360.0,3361.0,3360.0,3360.5,1401.0
2020-02-11 11:55:00,3360.5,3360.75,3358.75,3359.5,1661.0
2020-02-11 12:00:00,3359.25,3359.5,3359.0,3359.25,1210.0
2020-02-11 12:05:00,3359.0,3360.5,3359.0,3359.75,1835.0
2020-02-11 12:10:00,3360.0,3360.25,3359.5,3360.0,780.0
2020-02-11 12:15:00,3360.0,3361.0,3359.75,3360.25,1800.0
2020-02-11 12:20:00,3360.25,3361.75,3360.25,3361.75,1136.0
2020-02-11 12:25:00,3361.75,3363.0,3361.25,3362.75,2546.0
2020-02-11 12:30:00,3362.5,3363.75,3362.5,3363.25,3278.0
2020-02-11 12:35:00,3363.5,3363.75,3362.5,3362.5,1264.0
2020-02-11 12:40:00,3362.75,3363.0,3362.0,3362.25,1239.0
2020-02-11 12:45:00,3362.0,3364.0,3362.0,3363.0,2026.0
2020-02-11 12:50:00,3363.25,3364.0,3363.0,3363.5,1031.0
2020-02-11 12:55:00,3363.5,3364.0,3363.25,3363.25,2075.0
2020-02-11 13:00:00,3363.25,3363.75,3362.5,3362.75,2419.0
2020-02-11 13:05:00,3362.75,3363.5,3362.75,3363.5,906.0
2020-02-11 13:10:00,3363.5,3363.5,3362.5,3362.75,2033.0
2020-02-11 13:15:00,3363.0,3364.0,3362.75,3363.5,1778.0
2020-02-11 13:20:00,3363.75,3364.0,3362.75,3363.0,2152.0
2020-02-11 13:25:00,3363.0,3363.5,3362.5,3363.25,3091.0
2020-02-11 13:30:00,3363.5,3365.5,3361.0,3361.75,10075.0
2020-02-11 13:35:00,3361.75,3362.0,3361.0,3361.25,2474.0
2020-02-11 13:40:00,3361.25,3362.5,3360.75,3362.5,2417.0
2020-02-11 13:45:00,3362.5,3363.75,3362.25,3363.25,3183.0
2020-02-11 13:50:00,3363.5,3364.25,3363.0,3363.75,1673.0
2020-02-11 13:55:00,3364.0,3364.0,3363.5,3363.75,1167.0
2020-02-11 14:00:00,3364.0,3365.0,3363.5,3364.5,3866.0
2020-02-11 14:05:00,3364.5,3364.75,3363.5,3363.75,2571.0
2020-02-11 14:10:00,3364.0,3364.5,3363.5,3364.25,1930.0
2020-02-11 14:15:00,3364.25,3366.5,3364.0,3366.25,6374.0
2020-02-11 14:20:00,3366.25,3367.25,3366.0,3366.5,4646.0
2020-02-11 14:25:00,3366.5,3366.5,3365.5,3366.0,3817.0
2020-02-11 14:30:00,3366.0,3366.75,3362.5,3363.75,39855.0
2020-02-11 14:35:00,3363.75,3364.0,3359.25,3360.75,42467.0
2020-02-11 14:40:00,3360.75,3364.75,3359.25,3364.5,28973.0
2020-02-11 14:45:00,3364.5,3366.5,3363.75,3365.75,27467.0
2020-02-11 14:50:00,3365.75,3367.0,3364.25,3365.25,26777.0
2020-02-11 14:55:00,3365.5,3366.5,3364.25,3364.5,18661.0
2020-02-11 15:00:00,3364.75,3369.25,3364.0,3369.0,27620.0
2020-02-11 15:05:00,3369.0,3370.0,3368.75,3369.75,17010.0
2020-02-11 15:10:00,3369.75,3371.25,3369.0,3370.25,15485.0
2020-02-11 15:15:00,3370.25,3373.75,3370.25,3372.0,29401.0
2020-02-11 15:20:00,3372.0,3373.75,3371.0,3372.5,22781.0
2020-02-11 15:25:00,3372.25,3373.5,3371.5,3372.75,13802.0
2020-02-11 15:30:00,3372.5,3374.5,3372.5,3373.75,18800.0
2020-02-11 15:35:00,3373.75,3373.75,3370.25,3371.5,17118.0
2020-02-11 15:40:00,3371.25,3374.5,3371.25,3372.75,11304.0
2020-02-11 15:45:00,3372.75,3373.5,3370.0,3371.0,14438.0
2020-02-11 15:50:00,3371.0,3371.75,3369.5,3370.0,14436.0
2020-02-11 15:55:00,3370.25,3370.25,3368.75,3369.5,9540.0
2020-02-11 16:00:00,3369.5,3371.5,3369.0,3370.5,16332.0
2020-02-11 16:05:00,3370.5,3370.75,3369.0,3370.5,13845.0
2020-02-11 16:10:00,3370.5,3370.75,3368.25,3369.25,13613.0
2020-02-11 16:15:00,3369.25,3370.75,3367.5,3370.5,19440.0
2020-02-11 16:20:00,3370.25,3370.5,3367.75,3368.25,9691.0
2020-02-11 16:25:00,3368.5,3368.5,3366.75,3367.0,12984.0
2020-02-11 16:30:00,3367.0,3367.5,3363.0,3363.0,23145.0
2020-02-11 16:35:00,3363.25,3364.75,3361.25,3361.5,29406.0
2020-02-11 16:40:00,3361.5,3364.75,3360.5,3364.25,24976.0
2020-02-11 16:45:00,3364.0,3365.75,3363.75,3365.25,14639.0
2020-02-11 16:50:00,3365.25,3365.75,3364.25,3364.75,8974.0
2020-02-11 16:55:00,3364.75,3365.25,3362.5,3362.75,11197.0
2020-02-11 17:00:00,3362.5,3365.0,3361.75,3364.5,10709.0
2020-02-11 17:05:00,3364.5,3364.75,3362.5,3363.75,9106.0
2020-02-11 17:10:00,3364.0,3364.5,3362.5,3364.0,6718.0
2020-02-11 17:15:00,3364.25,3366.5,3363.5,3366.25,10902.0
2020-02-11 17:20:00,3366.5,3366.75,3365.25,3365.25,4918.0
2020-02-11 17:25:00,3365.5,3366.25,3365.0,3365.5,5127.0
2020-02-11 17:30:00,3365.75,3366.5,3364.25,3366.25,6576.0
2020-02-11 17:35:00,3366.5,3366.75,3364.75,3365.75,5369.0
2020-02-11 17:40:00,3365.75,3366.5,3364.75,3366.0,6423.0
2020-02-11 17:45:00,3366.0,3366.25,3364.25,3365.0,4288.0
2020-02-11 17:50:00,3365.0,3365.5,3364.25,3365.5,3935.0
2020-02-11 17:55:00,3365.5,3367.0,3365.25,3367.0,6065.0
2020-02-11 18:00:00,3367.0,3368.5,3366.5,3368.5,7210.0
2020-02-11 18:05:00,3368.5,3369.25,3367.75,3369.0,7457.0
2020-02-11 18:10:00,3369.0,3369.0,3367.75,3368.25,5016.0
2020-02-11 18:15:00,3368.0,3368.5,3367.0,3367.75,4970.0
2020-02-11 18:20:00,3367.75,3367.75,3365.75,3366.25,6569.0
2020-02-11 18:25:00,3366.25,3367.0,3365.5,3366.75,3946.0
2020-02-11 18:30:00,3366.75,3367.75,3365.75,3366.0,5198.0
2020-02-11 18:35:00,3366.0,3367.0,3365.5,3366.0,5046.0
2020-02-11 18:40:00,3365.75,3366.25,3365.0,3366.0,5729.0
2020-02-11 18:45:00,3366.0,3366.25,3364.75,3365.0,4605.0
2020-02-11 18:50:00,3365.0,3365.25,3361.75,3361.75,11017.0
2020-02-11 18:55:00,3361.75,3363.5,3360.5,3363.25,11658.0
2020-02-11 19:00:00,3363.25,3363.75,3359.75,3360.25,14237.0
2020-02-11 19:05:00,3360.25,3361.25,3358.5,3359.5,13410.0
2020-02-11 19:10:00,3359.5,3362.5,3359.25,3361.5,11871.0
2020-02-11 19:15:00,3361.25,3362.25,3359.5,3359.75,12389.0
2020-02-11 19:20:00,3359.75,3360.5,3357.25,3357.75,17760.0
2020-02-11 19:25:00,3357.75,3360.0,3357.25,3359.0,12951.0
2020-02-11 19:30:00,3359.0,3361.75,3358.25,3361.75,14150.0
2020-02-11 19:35:00,3361.5,3362.75,3361.0,3362.0,9798.0
2020-02-11 19:40:00,3362.0,3363.0,3360.5,3362.25,10116.0
2020-02-11 19:45:00,3362.25,3363.5,3361.5,3362.75,11797.0
2020-02-11 19:50:00,3362.5,3363.5,3361.0,3362.0,7759.0
2020-02-11 19:55:00,3362.0,3362.25,3359.5,3359.75,7106.0
2020-02-11 20:00:00,3359.5,3361.25,3357.5,3357.75,17858.0
2020-02-11 20:05:00,3357.75,3359.25,3356.5,3356.75,17540.0
2020-02-11 20:10:00,3356.5,3356.75,3354.0,3354.25,21718.0
2020-02-11 20:15:00,3354.0,3355.5,3351.75,3353.0,29636.0
2020-02-11 20:20:00,3353.25,3356.0,3352.5,3355.75,18719.0
2020-02-11 20:25:00,3355.75,3357.5,3355.5,3357.25,12054.0
2020-02-11 20:30:00,3357.25,3358.75,3355.5,3356.0,15302.0
2020-02-11 20:35:00,3356.0,3358.75,3355.5,3357.75,13184.0
2020-02-11 20:40:00,3357.75,3360.25,3357.0,3359.75,10727.0
2020-02-11 20:45:00,3359.75,3360.25,3356.75,3358.0,12248.0
2020-02-11 20:50:00,3358.0,3360.25,3354.5,3358.5,24219.0
2020-02-11 20:55:00,3358.5,3360.25,3354.25,3354.5,33569.0
2020-02-11 21:00:00,3354.5,3358.25,3354.5,3357.5,46717.0
2020-02-11 21:05:00,3357.5,3358.25,3356.5,3356.75,8653.0
2020-02-11 21:10:00,3356.75,3357.75,3356.75,3357.0,4998.0
2020-02-11 21:15:00,3357.25,3358.0,3356.75,3357.75,4864.0
2020-02-11 21:30:00,3357.25,3359.25,3357.0,3358.5,2041.0
2020-02-11 21:35:00,3358.75,3359.25,3358.5,3359.25,1244.0
2020-02-11 21:40:00,3359.25,3359.75,3357.75,3358.25,1586.0
2020-02-11 21:45:00,3358.25,3358.5,3357.5,3358.25,1105.0
2020-02-11 21:50:00,3358.5,3359.25,3358.25,3359.25,468.0
2020-02-11 21:55:00,3359.25,3359.5,3359.0,3359.25,628.0
2020-02-11 22:00:00,3359.0,3359.5,3359.0,3359.25,747.0
2020-02-11 23:00:00,3360.5,3361.5,3359.0,3361.0,2582.0
2020-02-11 23:05:00,3361.0,3361.75,3360.5,3361.5,1077.0
2020-02-11 23:10:00,3361.5,3361.75,3360.75,3361.5,426.0
2020-02-11 23:15:00,3361.5,3361.75,3361.25,3361.5,540.0
2020-02-11 23:20:00,3361.75,3361.75,3361.25,3361.25,304.0
2020-02-11 23:25:00,3361.5,3361.5,3361.25,3361.25,315.0
2020-02-11 23:30:00,3361.25,3361.75,3361.0,3361.0,608.0
2020-02-11 23:35:00,3361.25,3362.75,3361.0,3362.25,798.0
2020-02-11 23:40:00,3362.5,3362.75,3362.25,3362.25,562.0
2020-02-11 23:45:00,3362.25,3362.5,3360.0,3361.25,1543.0
2020-02-11 23:50:00,3361.25,3361.5,3360.75,3361.0,448.0
2020-02-11 23:55:00,3360.75,3361.25,3360.75,3361.25,337.0
2020-02-12 00:00:00,3361.0,3362.5,3359.5,3359.5,1476.0
2020-02-12 00:05:00,3359.5,3359.75,3358.0,3359.5,1991.0
2020-02-12 00:10:00,3359.5,3361.0,3359.25,3360.25,1536.0
2020-02-12 00:15:00,3360.25,3361.25,3359.5,3360.5,943.0
2020-02-12 00:20:00,3360.5,3360.75,3359.0,3359.25,883.0
2020-02-12 00:25:00,3359.25,3360.0,3358.25,3359.25,1203.0
2020-02-12 00:30:00,3359.0,3359.5,3357.75,3358.75,1235.0
2020-02-12 00:35:00,3358.5,3359.0,3357.75,3359.0,984.0
2020-02-12 00:40:00,3359.0,3359.0,3358.0,3358.5,821.0
2020-02-12 00:45:00,3358.25,3358.5,3356.0,3356.25,1698.0
2020-02-12 00:50:00,3356.0,3358.0,3355.5,3357.0,1938.0
2020-02-12 00:55:00,3357.0,3358.25,3356.75,3358.25,835.0
2020-02-12 01:00:00,3358.25,3361.25,3357.75,3360.5,2766.0
2020-02-12 01:05:00,3360.25,3361.5,3359.75,3359.75,1477.0
2020-02-12 01:10:00,3359.75,3360.5,3359.0,3360.5,1236.0
2020-02-12 01:15:00,3360.5,3361.0,3359.75,3360.5,817.0
2020-02-12 01:20:00,3360.5,3360.75,3360.0,3360.0,612.0
2020-02-12 01:25:00,3360.0,3361.25,3359.25,3359.5,932.0
2020-02-12 01:30:00,3359.5,3359.5,3358.0,3358.25,2777.0
2020-02-12 01:35:00,3358.25,3358.5,3357.0,3358.5,1485.0
2020-02-12 01:40:00,3358.5,3360.75,3358.0,3360.25,1116.0
2020-02-12 01:45:00,3360.25,3360.75,3359.5,3360.25,1020.0
2020-02-12 01:50:00,3360.0,3360.0,3358.75,3359.0,851.0
2020-02-12 01:55:00,3359.0,3360.0,3358.5,3359.75,435.0
2020-02-12 02:00:00,3359.75,3360.5,3359.5,3360.5,739.0
2020-02-12 02:05:00,3360.5,3360.75,3359.25,3359.5,598.0
2020-02-12 02:10:00,3359.5,3359.75,3359.0,3359.25,585.0
2020-02-12 02:15:00,3359.25,3360.0,3359.25,3359.5,355.0
2020-02-12 02:20:00,3359.5,3360.25,3359.25,3360.0,320.0
2020-02-12 02:25:00,3360.0,3360.75,3359.75,3360.5,488.0
2020-02-12 02:30:00,3360.5,3361.25,3360.25,3361.0,726.0
2020-02-12 02:35:00,3361.25,3361.25,3360.5,3361.0,619.0
2020-02-12 02:40:00,3361.0,3361.25,3360.0,3360.0,558.0
2020-02-12 02:45:00,3360.0,3361.0,3360.0,3360.5,617.0
2020-02-12 02:50:00,3360.5,3360.75,3358.5,3359.25,1708.0
2020-02-12 02:55:00,3359.25,3359.75,3359.0,3359.5,517.0
2020-02-12 03:00:00,3359.5,3360.25,3359.25,3360.25,455.0
2020-02-12 03:05:00,3360.0,3360.25,3359.75,3360.0,286.0
2020-02-12 03:10:00,3360.0,3360.75,3359.5,3359.75,519.0
2020-02-12 03:15:00,3359.75,3360.5,3359.75,3360.25,416.0
2020-02-12 03:20:00,3360.25,3360.75,3360.0,3360.75,469.0
2020-02-12 03:25:00,3360.5,3361.5,3360.25,3360.75,676.0
2020-02-12 03:30:00,3360.75,3362.0,3360.75,3362.0,884.0
2020-02-12 03:35:00,3361.75,3362.25,3361.5,3361.75,609.0
2020-02-12 03:40:00,3361.75,3362.0,3361.25,3361.5,468.0
2020-02-12 03:45:00,3361.5,3362.0,3361.5,3362.0,418.0
2020-02-12 03:50:00,3362.0,3362.75,3362.0,3362.5,742.0
2020-02-12 03:55:00,3362.75,3363.25,3362.25,3362.25,816.0
2020-02-12 04:00:00,3362.5,3362.75,3362.0,3362.25,498.0
2020-02-12 04:05:00,3362.0,3362.5,3361.75,3361.75,244.0
2020-02-12 04:10:00,3362.0,3362.5,3361.75,3362.0,371.0
2020-02-12 04:15:00,3362.0,3362.25,3361.75,3362.0,209.0
2020-02-12 04:20:00,3362.0,3363.25,3362.0,3363.25,426.0
2020-02-12 04:25:00,3363.25,3363.5,3362.5,3362.5,754.0
2020-02-12 04:30:00,3362.75,3363.5,3362.5,3362.75,512.0
2020-02-12 04:35:00,3362.75,3363.0,3362.5,3363.0,331.0
2020-02-12 04:40:00,3362.75,3363.5,3362.75,3363.0,384.0
2020-02-12 04:45:00,3363.25,3364.5,3363.0,3364.25,1193.0
2020-02-12 04:50:00,3364.25,3364.5,3363.75,3364.25,496.0
2020-02-12 04:55:00,3364.25,3364.5,3363.75,3364.25,333.0
2020-02-12 05:00:00,3364.0,3365.5,3363.5,3365.25,1226.0
2020-02-12 05:05:00,3365.0,3365.75,3364.75,3365.5,658.0
2020-02-12 05:10:00,3365.5,3365.5,3364.5,3365.25,642.0
2020-02-12 05:15:00,3365.25,3365.25,3364.0,3364.25,578.0
2020-02-12 05:20:00,3364.0,3364.75,3364.0,3364.5,275.0
2020-02-12 05:25:00,3364.25,3365.25,3364.25,3364.5,455.0
2020-02-12 05:30:00,3364.5,3364.75,3363.75,3364.25,503.0
2020-02-12 05:35:00,3364.5,3364.75,3364.0,3364.5,419.0
2020-02-12 05:40:00,3364.5,3365.75,3364.25,3365.75,1157.0
2020-02-12 05:45:00,3365.5,3365.75,3365.0,3365.5,650.0
2020-02-12 05:50:00,3365.25,3365.5,3364.75,3365.0,486.0
2020-02-12 05:55:00,3365.25,3366.5,3365.0,3366.0,758.0
2020-02-12 06:00:00,3366.0,3366.5,3365.25,3366.5,799.0
2020-02-12 06:05:00,3366.5,3367.25,3366.25,3367.0,991.0
2020-02-12 06:10:00,3367.0,3368.0,3366.5,3366.5,977.0
2020-02-12 06:15:00,3366.5,3366.75,3365.75,3366.25,402.0
2020-02-12 06:20:00,3366.25,3366.75,3366.25,3366.5,407.0
2020-02-12 06:25:00,3366.25,3366.25,3365.0,3365.0,864.0
2020-02-12 06:30:00,3365.0,3365.75,3364.75,3365.5,576.0
2020-02-12 06:35:00,3365.75,3365.75,3365.0,3365.0,456.0
2020-02-12 06:40:00,3365.25,3365.5,3365.0,3365.25,460.0
2020-02-12 06:45:00,3365.5,3365.5,3365.0,3365.25,354.0
2020-02-12 06:50:00,3365.25,3365.5,3365.0,3365.25,449.0
2020-02-12 06:55:00,3365.25,3365.5,3364.75,3365.5,525.0
2020-02-12 07:00:00,3365.25,3367.0,3365.25,3366.25,1290.0
2020-02-12 07:05:00,3366.25,3366.5,3365.25,3365.5,658.0
2020-02-12 07:10:00,3365.5,3365.75,3364.5,3365.0,1117.0
2020-02-12 07:15:00,3365.0,3366.5,3364.5,3366.25,1167.0
2020-02-12 07:20:00,3366.25,3366.5,3365.75,3366.25,621.0
2020-02-12 07:25:00,3366.25,3366.25,3365.75,3366.25,513.0
2020-02-12 07:30:00,3366.25,3366.5,3365.75,3366.25,623.0
2020-02-12 07:35:00,3366.25,3367.0,3366.25,3366.75,908.0
2020-02-12 07:40:00,3367.0,3367.5,3366.25,3366.25,702.0
2020-02-12 07:45:00,3366.25,3366.75,3365.5,3365.5,739.0
2020-02-12 07:50:00,3365.5,3365.5,3364.5,3364.75,1022.0
2020-02-12 07:55:00,3364.75,3365.5,3364.25,3364.5,952.0
2020-02-12 08:00:00,3364.5,3366.5,3364.5,3366.25,2275.0
2020-02-12 08:05:00,3366.25,3366.25,3365.25,3365.25,1531.0
2020-02-12 08:10:00,3365.25,3365.5,3363.5,3364.25,1790.0
2020-02-12 08:15:00,3364.25,3366.0,3364.25,3365.0,1438.0
2020-02-12 08:20:00,3365.0,3366.25,3364.5,3366.0,1603.0
2020-02-12 08:25:00,3365.75,3370.0,3365.75,3368.75,4974.0
2020-02-12 08:30:00,3368.75,3372.75,3368.5,3372.0,8113.0
2020-02-12 08:35:00,3372.0,3372.25,3368.5,3368.5,4695.0
2020-02-12 08:40:00,3368.5,3370.0,3368.25,3370.0,1808.0
2020-02-12 08:45:00,3370.0,3371.0,3369.25,3371.0,3786.0
2020-02-12 08:50:00,3371.0,3371.0,3369.5,3370.25,1705.0
2020-02-12 08:55:00,3370.5,3371.0,3370.0,3370.25,1353.0
2020-02-12 09:00:00,3370.25,3371.5,3370.0,3370.5,3406.0
2020-02-12 09:05:00,3370.5,3370.5,3369.0,3369.5,2069.0
2020-02-12 09:10:00,3369.5,3369.75,3368.75,3369.25,1758.0
2020-02-12 09:15:00,3369.25,3369.25,3368.0,3368.75,1758.0
2020-02-12 09:20:00,3368.75,3369.0,3368.0,3368.25,1005.0
2020-02-12 09:25:00,3368.5,3368.5,3367.75,3368.25,870.0
2020-02-12 09:30:00,3368.0,3368.75,3367.75,3367.75,1131.0
2020-02-12 09:35:00,3367.75,3368.75,3367.25,3368.75,1122.0
2020-02-12 09:40:00,3368.75,3369.25,3368.5,3369.25,1078.0
2020-02-12 09:45:00,3369.25,3369.5,3368.0,3368.5,1163.0
2020-02-12 09:50:00,3368.75,3369.0,3368.5,3368.75,417.0
2020-02-12 09:55:00,3368.75,3369.5,3368.5,3369.0,484.0
2020-02-12 10:00:00,3369.0,3369.0,3367.5,3367.5,1052.0
2020-02-12 10:05:00,3367.5,3368.5,3367.5,3368.5,987.0
2020-02-12 10:10:00,3368.75,3369.25,3368.5,3369.0,693.0
2020-02-12 10:15:00,3368.75,3369.0,3368.5,3368.75,596.0
2020-02-12 10:20:00,3369.0,3369.25,3368.5,3368.75,805.0
2020-02-12 10:25:00,3368.75,3369.0,3367.5,3368.75,746.0
2020-02-12 10:30:00,3368.75,3369.0,3368.25,3368.25,608.0
2020-02-12 10:35:00,3368.25,3368.75,3367.5,3368.0,902.0
2020-02-12 10:40:00,3367.75,3369.0,3367.5,3369.0,1460.0
2020-02-12 10:45:00,3369.0,3369.5,3368.25,3369.25,679.0
2020-02-12 10:50:00,3369.25,3369.5,3368.75,3369.5,447.0
2020-02-12 10:55:00,3369.5,3370.75,3369.5,3370.0,1506.0
2020-02-12 11:00:00,3370.25,3371.0,3370.0,3370.75,1396.0
2020-02-12 11:05:00,3370.75,3371.0,3370.5,3370.75,623.0
2020-02-12 11:10:00,3370.75,3370.75,3370.0,3370.0,263.0
2020-02-12 11:15:00,3370.0,3371.0,3369.75,3371.0,382.0
2020-02-12 11:20:00,3370.75,3371.0,3370.5,3370.75,591.0
2020-02-12 11:25:00,3370.75,3371.75,3370.25,3370.5,2838.0
2020-02-12 11:30:00,3370.5,3371.25,3370.5,3371.0,1799.0
2020-02-12 11:35:00,3371.0,3371.0,3370.5,3370.75,575.0
2020-02-12 11:40:00,3371.0,3371.5,3370.75,3370.75,1637.0
2020-02-12 11:45:00,3370.75,3371.0,3370.25,3370.25,667.0
2020-02-12 11:50:00,3370.25,3371.0,3370.0,3370.5,1176.0
2020-02-12 11:55:00,3370.5,3370.5,3370.0,3370.5,907.0
2020-02-12 12:00:00,3370.5,3371.0,3370.25,3370.75,1082.0
2020-02-12 12:05:00,3370.5,3371.0,3369.75,3369.75,837.0
2020-02-12 12:10:00,3369.75,3370.5,3369.0,3370.25,1368.0
2020-02-12 12:15:00,3370.5,3370.75,3370.0,3370.5,1085.0
2020-02-12 12:20:00,3370.75,3371.0,3370.25,3370.5,1861.0
2020-02-12 12:25:00,3370.25,3370.75,3370.0,3370.75,636.0
2020-02-12 12:30:00,3370.75,3370.75,3370.0,3370.0,546.0
2020-02-12 12:35:00,3370.25,3370.25,3369.5,3369.75,1424.0
2020-02-12 12:40:00,3369.75,3370.25,3369.5,3369.5,894.0
2020-02-12 12:45:00,3369.5,3370.0,3367.75,3367.75,3199.0
2020-02-12 12:50:00,3367.75,3368.5,3367.5,3368.25,3271.0
2020-02-12 12:55:00,3368.25,3369.0,3368.0,3369.0,1010.0
2020-02-12 13:00:00,3369.0,3369.5,3368.5,3369.0,1667.0
2020-02-12 13:05:00,3369.25,3370.5,3368.75,3370.5,1585.0
2020-02-12 13:10:00,3370.5,3371.5,3370.0,3371.0,1619.0
2020-02-12 13:15:00,3371.25,3372.0,3371.0,3371.75,2160.0
2020-02-12 13:20:00,3371.75,3371.75,3370.75,3371.0,1490.0
2020-02-12 13:25:00,3371.0,3372.0,3370.75,3371.25,2175.0
2020-02-12 13:30:00,3371.25,3371.5,3370.5,3371.25,1637.0
2020-02-12 13:35:00,3371.25,3371.75,3370.5,3370.75,1629.0
2020-02-12 13:40:00,3370.75,3371.75,3370.5,3371.0,2492.0
2020-02-12 13:45:00,3371.25,3371.5,3370.0,3370.75,2417.0
2020-02-12 13:50:00,3370.5,3371.75,3370.5,3371.5,2100.0
2020-02-12 13:55:00,3371.5,3372.5,3370.25,3370.75,4674.0
2020-02-12 14:00:00,3370.75,3372.5,3370.75,3372.5,2913.0
2020-02-12 14:05:00,3372.5,3373.5,3372.0,3373.25,4665.0
2020-02-12 14:10:00,3373.0,3373.75,3372.5,3373.75,2340.0
2020-02-12 14:15:00,3373.5,3374.0,3373.0,3373.75,4019.0
2020-02-12 14:20:00,3373.75,3374.0,3373.25,3374.0,3009.0
2020-02-12 14:25:00,3374.0,3374.0,3373.0,3373.25,6327.0
2020-02-12 14:30:00,3373.25,3375.75,3371.25,3375.75,42541.0
2020-02-12 14:35:00,3375.5,3376.75,3373.0,3375.75,34404.0
2020-02-12 14:40:00,3376.0,3377.0,3374.0,3374.5,29536.0
2020-02-12 14:45:00,3374.5,3375.25,3373.5,3373.75,25359.0
2020-02-12 14:50:00,3373.5,3374.0,3370.5,3371.5,25012.0
2020-02-12 14:55:00,3371.75,3373.0,3370.25,3372.75,18212.0
2020-02-12 15:00:00,3373.0,3376.25,3371.75,3371.75,31667.0
2020-02-12 15:05:00,3372.0,3372.25,3368.5,3369.75,32787.0
2020-02-12 15:10:00,3369.75,3372.75,3369.0,3372.0,17173.0
2020-02-12 15:15:00,3372.0,3372.5,3371.0,3372.0,13123.0
2020-02-12 15:20:00,3371.75,3373.75,3370.5,3373.5,19535.0
2020-02-12 15:25:00,3373.5,3373.75,3371.5,3372.5,14555.0
2020-02-12 15:30:00,3372.25,3374.25,3370.5,3370.5,18083.0
2020-02-12 15:35:00,3370.5,3372.75,3370.25,3371.75,10632.0
2020-02-12 15:40:00,3371.75,3373.0,3369.25,3369.25,12407.0
2020-02-12 15:45:00,3369.5,3371.75,3369.5,3369.75,10135.0
2020-02-12 15:50:00,3370.0,3371.5,3369.5,3371.25,8946.0
2020-02-12 15:55:00,3371.5,3372.25,3369.25,3369.5,8225.0
2020-02-12 16:00:00,3369.5,3372.0,3369.25,3371.75,9264.0
2020-02-12 16:05:00,3371.75,3373.5,3371.75,3373.0,8194.0
2020-02-12 16:10:00,3373.0,3373.5,3372.25,3372.75,9581.0
2020-02-12 16:15:00,3373.0,3373.5,3371.75,3373.25,8528.0
2020-02-12 16:20:00,3373.25,3375.25,3373.0,3375.0,10189.0
2020-02-12 16:25:00,3375.0,3376.0,3374.5,3375.5,12047.0
2020-02-12 16:30:00,3375.5,3376.25,3375.0,3375.25,13490.0
2020-02-12 16:35:00,3375.25,3376.25,3374.5,3375.25,9511.0
2020-02-12 16:40:00,3375.25,3375.75,3373.25,3374.0,7789.0
2020-02-12 16:45:00,3374.0,3374.75,3373.0,3374.5,7041.0
2020-02-12 16:50:00,3374.5,3375.5,3374.5,3375.25,6973.0
2020-02-12 16:55:00,3375.25,3375.75,3373.75,3374.25,4051.0
2020-02-12 17:00:00,3374.25,3375.5,3374.0,3375.0,4937.0
2020-02-12 17:05:00,3375.0,3375.75,3373.75,3373.75,5076.0
2020-02-12 17:10:00,3374.0,3374.75,3372.5,3373.0,5843.0
2020-02-12 17:15:00,3373.0,3374.25,3372.75,3373.5,4692.0
2020-02-12 17:20:00,3373.75,3374.25,3373.0,3373.5,5048.0
2020-02-12 17:25:00,3373.5,3375.0,3373.25,3374.5,4913.0
2020-02-12 17:30:00,3374.75,3376.25,3373.5,3375.75,8833.0
2020-02-12 17:35:00,3376.0,3376.75,3375.5,3376.5,9777.0
2020-02-12 17:40:00,3376.5,3376.5,3375.0,3375.75,6829.0
2020-02-12 17:45:00,3376.0,3376.75,3375.5,3376.25,9262.0
2020-02-12 17:50:00,3376.5,3376.5,3374.5,3374.5,5096.0
2020-02-12 17:55:00,3374.5,3375.0,3373.5,3374.0,7307.0
2020-02-12 18:00:00,3374.25,3374.75,3372.75,3372.75,6611.0
2020-02-12 18:05:00,3372.75,3373.5,3371.75,3372.25,9599.0
2020-02-12 18:10:00,3372.0,3372.5,3370.75,3371.25,9384.0
2020-02-12 18:15:00,3371.25,3372.25,3371.0,3371.75,7698.0
2020-02-12 18:20:00,3371.5,3371.75,3370.0,3370.0,6725.0
2020-02-12 18:25:00,3370.25,3371.25,3369.5,3371.25,7992.0
2020-02-12 18:30:00,3371.25,3373.25,3371.0,3372.75,7876.0
2020-02-12 18:35:00,3373.0,3373.75,3372.5,3373.25,5327.0
2020-02-12 18:40:00,3373.5,3374.0,3373.25,3373.25,3734.0
2020-02-12 18:45:00,3373.5,3374.0,3372.5,3373.25,5896.0
2020-02-12 18:50:00,3373.25,3373.5,3372.5,3372.75,4141.0
2020-02-12 18:55:00,3372.75,3374.25,3372.25,3374.25,4824.0
2020-02-12 19:00:00,3374.25,3375.25,3373.75,3373.75,6918.0
2020-02-12 19:05:00,3373.75,3375.25,3373.5,3375.25,4015.0
2020-02-12 19:10:00,3375.25,3375.75,3374.5,3374.5,5826.0
2020-02-12 19:15:00,3374.5,3375.5,3374.25,3375.0,4274.0
2020-02-12 19:20:00,3375.25,3375.75,3374.75,3375.25,4044.0
2020-02-12 19:25:00,3375.5,3376.0,3374.5,3374.75,3880.0
2020-02-12 19:30:00,3375.0,3375.0,3374.25,3374.75,3839.0
2020-02-12 19:35:00,3374.75,3375.75,3374.5,3375.75,3912.0
2020-02-12 19:40:00,3375.75,3375.75,3375.0,3375.25,3638.0
2020-02-12 19:45:00,3375.25,3377.25,3374.75,3377.0,7713.0
2020-02-12 19:50:00,3377.0,3377.5,3376.5,3376.75,7002.0
2020-02-12 19:55:00,3377.0,3377.0,3375.25,3376.0,7358.0
2020-02-12 20:00:00,3376.25,3377.5,3375.75,3377.25,7552.0
2020-02-12 20:05:00,3377.0,3378.25,3376.0,3376.25,9756.0
2020-02-12 20:10:00,3376.0,3376.5,3373.5,3373.75,12587.0
2020-02-12 20:15:00,3373.75,3375.25,3373.75,3375.0,5896.0
2020-02-12 20:20:00,3375.25,3376.5,3375.0,3376.5,6155.0
2020-02-12 20:25:00,3376.25,3377.0,3376.0,3376.25,4292.0
2020-02-12 20:30:00,3376.25,3376.5,3374.75,3376.0,9624.0
2020-02-12 20:35:00,3376.25,3377.75,3376.25,3377.0,6725.0
2020-02-12 20:40:00,3377.25,3378.25,3376.75,3378.0,8189.0
2020-02-12 20:45:00,3378.25,3379.0,3377.75,3378.75,17303.0
2020-02-12 20:50:00,3379.0,3380.0,3377.75,3380.0,23064.0
2020-02-12 20:55:00,3380.0,3380.75,3377.75,3378.5,41037.0
2020-02-12 21:00:00,3378.25,3380.75,3378.0,3378.25,73735.0
2020-02-12 21:05:00,3378.25,3379.25,3377.5,3378.5,15099.0
2020-02-12 21:10:00,3378.75,3380.75,3378.5,3380.25,7950.0
2020-02-12 21:15:00,3380.5,3380.75,3380.0,3380.5,5772.0
2020-02-12 21:30:00,3380.25,3380.5,3379.75,3380.25,1885.0
2020-02-12 21:35:00,3380.0,3380.25,3380.0,3380.25,611.0
2020-02-12 21:40:00,3380.25,3380.5,3380.0,3380.25,680.0
2020-02-12 21:45:00,3380.25,3381.5,3380.25,3381.25,1739.0
2020-02-12 21:50:00,3381.25,3381.5,3380.5,3380.5,1239.0
2020-02-12 21:55:00,3380.75,3381.25,3380.5,3380.75,941.0
2020-02-12 22:00:00,3380.75,3381.0,3380.5,3380.5,424.0
2020-02-12 23:00:00,3381.25,3381.5,3379.75,3381.0,1562.0
2020-02-12 23:05:00,3381.0,3381.25,3379.75,3380.25,651.0
2020-02-12 23:10:00,3380.5,3380.5,3380.25,3380.25,229.0
2020-02-12 23:15:00,3380.25,3381.25,3380.25,3381.0,375.0
2020-02-12 23:20:00,3381.0,3381.25,3380.75,3381.0,302.0
2020-02-12 23:25:00,3381.0,3381.25,3380.5,3381.25,348.0
2020-02-12 23:30:00,3381.25,3382.0,3381.25,3381.5,892.0
2020-02-12 23:35:00,3381.75,3382.0,3381.5,3381.75,233.0
2020-02-12 23:40:00,3381.75,3382.0,3381.5,3382.0,347.0
2020-02-12 23:45:00,3381.75,3382.5,3373.0,3374.75,6906.0
2020-02-12 23:50:00,3374.75,3380.25,3370.75,3371.25,15126.0
2020-02-12 23:55:00,3371.25,3371.75,3363.75,3368.75,14106.0
2020-02-13 00:00:00,3368.75,3369.75,3364.75,3367.5,7992.0
2020-02-13 00:05:00,3367.25,3370.5,3367.0,3369.75,4657.0
2020-02-13 00:10:00,3370.0,3372.0,3369.75,3371.0,4686.0
2020-02-13 00:15:00,3371.0,3372.0,3369.75,3369.75,4262.0
2020-02-13 00:20:00,3369.5,3371.25,3369.0,3371.0,2704.0
2020-02-13 00:25:00,3371.0,3371.25,3368.5,3368.75,2646.0
2020-02-13 00:30:00,3368.75,3369.75,3367.75,3368.25,2725.0
2020-02-13 00:35:00,3368.25,3369.75,3367.5,3367.5,2664.0
2020-02-13 00:40:00,3367.5,3367.5,3366.0,3367.0,3971.0
2020-02-13 00:45:00,3367.25,3367.5,3366.25,3367.25,1990.0
2020-02-13 00:50:00,3367.0,3368.75,3367.0,3368.0,2682.0
2020-02-13 00:55:00,3368.0,3368.25,3367.25,3368.25,1464.0
2020-02-13 01:00:00,3368.25,3370.25,3367.75,3369.75,2827.0
2020-02-13 01:05:00,3369.5,3370.75,3369.5,3370.5,1959.0
2020-02-13 01:10:00,3370.5,3371.5,3370.0,3370.25,1912.0
2020-02-13 01:15:00,3370.25,3371.5,3369.75,3370.5,2040.0
2020-02-13 01:20:00,3370.5,3371.0,3370.0,3370.75,1353.0
2020-02-13 01:25:00,3370.75,3373.25,3370.75,3372.25,3829.0
2020-02-13 01:30:00,3372.0,3372.25,3369.75,3369.75,2670.0
2020-02-13 01:35:00,3369.5,3371.75,3369.25,3370.0,2744.0
2020-02-13 01:40:00,3370.0,3371.25,3369.25,3371.0,2582.0
2020-02-13 01:45:00,3371.0,3372.75,3371.0,3372.0,1780.0
2020-02-13 01:50:00,3372.0,3372.5,3371.0,3372.0,1111.0
2020-02-13 01:55:00,3372.0,3372.25,3370.0,3370.5,1166.0
2020-02-13 02:00:00,3370.25,3371.0,3368.5,3369.0,2087.0
2020-02-13 02:05:00,3368.75,3370.75,3368.5,3370.25,1245.0
2020-02-13 02:10:00,3370.25,3371.25,3369.75,3370.25,797.0
2020-02-13 02:15:00,3370.25,3371.5,3370.0,3370.75,944.0
2020-02-13 02:20:00,3370.75,3371.25,3370.25,3370.75,621.0
2020-02-13 02:25:00,3370.75,3371.25,3370.5,3370.5,800.0
2020-02-13 02:30:00,3370.5,3372.0,3369.5,3371.75,1593.0
2020-02-13 02:35:00,3371.75,3372.5,3371.25,3372.5,1244.0
2020-02-13 02:40:00,3372.25,3372.75,3371.5,3371.5,880.0
2020-02-13 02:45:00,3371.75,3372.5,3371.75,3372.0,682.0
2020-02-13 02:50:00,3372.25,3372.75,3371.75,3372.5,519.0
2020-02-13 02:55:00,3372.5,3372.5,3371.25,3371.25,614.0
2020-02-13 03:00:00,3371.25,3372.0,3370.75,3371.75,998.0
2020-02-13 03:05:00,3371.75,3372.5,3371.5,3372.0,702.0
2020-02-13 03:10:00,3372.25,3372.25,3371.0,3371.5,601.0
2020-02-13 03:15:00,3371.5,3372.5,3371.25,3371.75,700.0
2020-02-13 03:20:00,3372.0,3372.0,3371.0,3371.5,480.0
2020-02-13 03:25:00,3371.5,3371.5,3370.25,3370.75,1055.0
2020-02-13 03:30:00,3370.5,3371.0,3370.25,3370.25,424.0
2020-02-13 03:35:00,3370.25,3371.25,3370.25,3371.25,577.0
2020-02-13 03:40:00,3371.0,3371.5,3370.75,3371.0,433.0
2020-02-13 03:45:00,3371.25,3371.25,3370.5,3370.75,522.0
2020-02-13 03:50:00,3370.75,3370.75,3370.25,3370.5,647.0
2020-02-13 03:55:00,3370.5,3370.5,3369.25,3369.75,1081.0
2020-02-13 04:00:00,3369.5,3370.25,3369.0,3370.25,1127.0
2020-02-13 04:05:00,3370.0,3370.75,3370.0,3370.25,504.0
2020-02-13 04:10:00,3370.25,3371.0,3369.75,3370.75,465.0
2020-02-13 04:15:00,3370.75,3371.0,3370.25,3370.75,337.0
2020-02-13 04:20:00,3370.5,3370.75,3369.75,3369.75,412.0
2020-02-13 04:25:00,3370.0,3370.0,3368.5,3369.0,910.0
2020-02-13 04:30:00,3369.0,3369.25,3368.25,3369.0,727.0
2020-02-13 04:35:00,3369.0,3369.5,3368.75,3369.25,486.0
2020-02-13 04:40:00,3369.5,3369.75,3368.25,3368.5,411.0
2020-02-13 04:45:00,3368.25,3368.5,3367.5,3368.25,771.0
2020-02-13 04:50:00,3368.25,3368.25,3367.5,3368.0,669.0
2020-02-13 04:55:00,3368.0,3368.5,3367.25,3367.5,710.0
2020-02-13 05:00:00,3367.5,3368.25,3367.0,3368.25,1031.0
2020-02-13 05:05:00,3368.0,3368.75,3367.5,3368.0,929.0
2020-02-13 05:10:00,3368.0,3368.75,3367.5,3368.75,709.0
2020-02-13 05:15:00,3369.0,3369.0,3368.0,3368.75,755.0
2020-02-13 05:20:00,3369.0,3369.0,3368.25,3368.5,528.0
2020-02-13 05:25:00,3368.25,3368.5,3367.75,3367.75,457.0
2020-02-13 05:30:00,3367.75,3368.5,3367.25,3367.25,1218.0
2020-02-13 05:35:00,3367.5,3368.5,3367.0,3368.5,629.0
2020-02-13 05:40:00,3368.5,3368.5,3368.0,3368.25,487.0
2020-02-13 05:45:00,3368.0,3369.25,3368.0,3369.0,629.0
2020-02-13 05:50:00,3369.0,3369.75,3368.75,3369.0,1074.0
2020-02-13 05:55:00,3369.0,3369.5,3369.0,3369.25,445.0
2020-02-13 06:00:00,3369.25,3370.0,3368.75,3369.5,976.0
2020-02-13 06:05:00,3369.5,3369.75,3369.25,3369.25,334.0
2020-02-13 06:10:00,3369.25,3369.25,3367.25,3367.75,671.0
2020-02-13 06:15:00,3367.5,3368.0,3366.25,3366.5,1578.0
2020-02-13 06:20:00,3366.5,3367.75,3366.5,3367.75,837.0
2020-02-13 06:25:00,3367.75,3368.25,3367.5,3368.0,547.0
2020-02-13 06:30:00,3368.0,3368.0,3366.5,3366.5,1217.0
2020-02-13 06:35:00,3366.75,3367.0,3366.25,3366.75,490.0
2020-02-13 06:40:00,3367.0,3367.0,3366.25,3366.5,382.0
2020-02-13 06:45:00,3366.5,3367.25,3366.25,3367.0,623.0
2020-02-13 06:50:00,3367.0,3367.75,3366.75,3367.5,431.0
2020-02-13 06:55:00,3367.5,3367.5,3366.5,3366.75,525.0
2020-02-13 07:00:00,3366.75,3367.0,3365.25,3365.25,1693.0
2020-02-13 07:05:00,3365.25,3366.25,3364.75,3366.25,2490.0
2020-02-13 07:10:00,3366.0,3366.5,3365.25,3365.25,978.0
2020-02-13 07:15:00,3365.25,3365.5,3364.25,3365.0,1714.0
2020-02-13 07:20:00,3365.0,3365.25,3364.5,3364.75,1292.0
2020-02-13 07:25:00,3365.0,3365.75,3364.75,3365.5,1124.0
2020-02-13 07:30:00,3365.5,3367.25,3365.5,3367.0,2064.0
2020-02-13 07:35:00,3367.25,3367.25,3366.5,3367.0,599.0
2020-02-13 07:40:00,3367.0,3367.0,3366.25,3366.5,852.0
2020-02-13 07:45:00,3366.25,3366.25,3364.75,3365.5,1645.0
2020-02-13 07:50:00,3365.5,3365.5,3364.0,3364.5,1954.0
2020-02-13 07:55:00,3364.5,3364.75,3364.25,3364.25,1110.0
2020-02-13 08:00:00,3364.25,3365.0,3362.5,3364.0,10189.0
2020-02-13 08:05:00,3364.0,3365.25,3363.5,3365.25,3298.0
2020-02-13 08:10:00,3365.25,3365.25,3363.0,3363.5,3326.0
2020-02-13 08:15:00,3363.25,3364.75,3363.25,3364.5,2769.0
2020-02-13 08:20:00,3364.5,3367.25,3364.25,3366.75,3553.0
2020-02-13 08:25:00,3366.75,3367.0,3365.75,3366.0,2405.0
2020-02-13 08:30:00,3366.0,3366.75,3365.25,3365.5,2162.0
2020-02-13 08:35:00,3365.5,3366.25,3364.75,3365.25,2130.0
2020-02-13 08:40:00,3365.0,3365.25,3364.0,3364.25,1730.0
2020-02-13 08:45:00,3364.5,3365.75,3364.25,3365.0,1677.0
2020-02-13 08:50:00,3365.25,3365.5,3364.25,3364.25,1646.0
2020-02-13 08:55:00,3364.5,3364.75,3363.75,3364.0,2090.0
2020-02-13 09:00:00,3364.25,3364.5,3363.25,3364.0,1843.0
2020-02-13 09:05:00,3363.75,3364.5,3362.5,3362.5,2413.0
2020-02-13 09:10:00,3362.5,3364.25,3361.75,3363.75,4187.0
2020-02-13 09:15:00,3363.75,3364.0,3361.75,3362.0,1852.0
2020-02-13 09:20:00,3362.0,3363.25,3361.25,3362.25,3345.0
2020-02-13 09:25:00,3362.5,3362.5,3359.75,3360.0,3076.0
2020-02-13 09:30:00,3359.75,3360.5,3359.25,3359.75,4241.0
2020-02-13 09:35:00,3359.5,3360.25,3359.25,3359.75,1462.0
2020-02-13 09:40:00,3359.75,3360.25,3359.0,3359.75,1417.0
2020-02-13 09:45:00,3359.75,3360.75,3359.25,3359.75,1929.0
2020-02-13 09:50:00,3359.75,3360.0,3355.0,3355.5,7137.0
2020-02-13 09:55:00,3355.25,3357.0,3354.0,3357.0,5751.0
2020-02-13 10:00:00,3357.0,3357.25,3354.25,3355.5,5326.0
2020-02-13 10:05:00,3355.25,3355.25,3352.0,3353.5,7234.0
2020-02-13 10:10:00,3353.75,3353.75,3348.5,3352.25,11907.0
2020-02-13 10:15:00,3352.5,3354.0,3352.5,3353.5,4138.0
2020-02-13 10:20:00,3353.5,3355.0,3353.25,3354.75,3061.0
2020-02-13 10:25:00,3354.75,3359.25,3354.75,3358.75,6996.0
2020-02-13 10:30:00,3358.75,3358.75,3356.25,3357.5,4248.0
2020-02-13 10:35:00,3357.25,3357.25,3356.0,3357.25,2496.0
2020-02-13 10:40:00,3357.25,3357.25,3356.25,3357.0,2022.0
2020-02-13 10:45:00,3356.75,3356.75,3354.5,3356.25,3202.0
2020-02-13 10:50:00,3356.5,3358.25,3356.25,3358.0,2839.0
2020-02-13 10:55:00,3358.0,3358.25,3356.0,3356.25,2152.0
2020-02-13 11:00:00,3356.5,3357.0,3353.75,3354.0,3783.0
2020-02-13 11:05:00,3354.0,3355.5,3352.75,3353.75,2694.0
2020-02-13 11:10:00,3353.75,3355.25,3352.5,3352.5,2317.0
2020-02-13 11:15:00,3352.5,3354.75,3352.25,3353.5,2367.0
2020-02-13 11:20:00,3353.5,3354.0,3352.5,3353.75,2347.0
2020-02-13 11:25:00,3353.5,3354.25,3352.5,3353.5,2422.0
2020-02-13 11:30:00,3353.5,3354.25,3352.25,3353.0,3790.0
2020-02-13 11:35:00,3353.25,3356.5,3352.75,3356.0,4598.0
2020-02-13 11:40:00,3356.25,3357.25,3356.0,3356.5,2819.0
2020-02-13 11:45:00,3356.25,3358.5,3356.0,3358.0,4401.0
2020-02-13 11:50:00,3357.75,3359.25,3356.75,3358.0,6099.0
2020-02-13 11:55:00,3357.75,3357.75,3356.5,3357.75,5516.0
2020-02-13 12:00:00,3357.5,3358.75,3356.75,3358.25,3462.0
2020-02-13 12:05:00,3358.25,3360.0,3358.0,3360.0,3891.0
2020-02-13 12:10:00,3359.75,3360.0,3357.75,3358.25,5592.0
2020-02-13 12:15:00,3358.5,3358.75,3357.5,3358.25,3764.0
2020-02-13 12:20:00,3358.25,3358.25,3357.0,3357.25,2491.0
2020-02-13 12:25:00,3357.25,3357.25,3355.75,3356.25,2334.0
2020-02-13 12:30:00,3356.25,3358.0,3356.0,3357.75,1939.0
2020-02-13 12:35:00,3358.0,3358.25,3357.0,3357.75,2082.0
2020-02-13 12:40:00,3357.5,3358.5,3356.5,3358.0,2054.0
2020-02-13 12:45:00,3357.75,3358.25,3355.0,3355.25,3986.0
2020-02-13 12:50:00,3355.0,3357.25,3354.25,3356.75,3686.0
2020-02-13 12:55:00,3357.0,3359.25,3356.0,3358.25,4309.0
2020-02-13 13:00:00,3358.25,3361.5,3358.0,3361.25,9703.0
2020-02-13 13:05:00,3361.25,3362.0,3359.75,3359.75,4798.0
2020-02-13 13:10:00,3359.5,3360.5,3359.0,3359.75,3137.0
2020-02-13 13:15:00,3359.75,3360.75,3359.5,3359.75,2155.0
2020-02-13 13:20:00,3359.75,3361.75,3359.5,3361.5,3475.0
2020-02-13 13:25:00,3361.75,3362.5,3360.75,3361.25,3561.0
2020-02-13 13:30:00,3361.25,3362.5,3359.75,3361.5,4329.0
2020-02-13 13:35:00,3361.5,3362.25,3359.5,3360.75,9948.0
2020-02-13 13:40:00,3361.0,3362.75,3360.75,3362.5,2950.0
2020-02-13 13:45:00,3362.5,3363.75,3362.0,3362.75,4447.0
2020-02-13 13:50:00,3362.75,3365.75,3362.5,3365.0,6737.0
2020-02-13 13:55:00,3365.25,3365.25,3363.75,3364.5,5631.0
2020-02-13 14:00:00,3364.25,3365.5,3363.5,3364.5,6397.0
2020-02-13 14:05:00,3364.5,3365.25,3363.75,3365.0,4162.0
2020-02-13 14:10:00,3365.0,3366.5,3363.5,3364.0,6954.0
2020-02-13 14:15:00,3363.75,3364.5,3363.25,3363.75,3373.0
2020-02-13 14:20:00,3363.5,3364.0,3362.25,3362.5,4289.0
2020-02-13 14:25:00,3362.5,3362.75,3362.0,3362.75,3099.0
2020-02-13 14:30:00,3362.75,3368.0,3359.0,3367.25,56533.0
2020-02-13 14:35:00,3367.25,3370.5,3366.5,3369.0,34917.0
2020-02-13 14:40:00,3369.0,3369.0,3366.0,3367.5,26861.0
2020-02-13 14:45:00,3367.5,3370.5,3366.75,3368.5,25538.0
2020-02-13 14:50:00,3368.25,3370.75,3367.0,3370.0,27368.0
2020-02-13 14:55:00,3369.75,3371.75,3367.0,3367.5,32662.0
2020-02-13 15:00:00,3367.75,3367.75,3360.0,3360.75,47645.0
2020-02-13 15:05:00,3360.75,3365.25,3359.5,3364.75,34156.0
2020-02-13 15:10:00,3364.75,3367.5,3363.5,3367.0,25021.0
2020-02-13 15:15:00,3367.0,3367.75,3366.0,3366.75,18618.0
2020-02-13 15:20:00,3367.0,3368.25,3365.75,3367.5,19803.0
2020-02-13 15:25:00,3367.75,3368.25,3365.75,3365.75,15122.0
2020-02-13 15:30:00,3365.75,3367.75,3364.5,3366.25,18693.0
2020-02-13 15:35:00,3366.25,3368.25,3364.5,3366.25,19147.0
2020-02-13 15:40:00,3366.0,3369.0,3365.5,3368.5,16921.0
2020-02-13 15:45:00,3368.25,3371.75,3368.0,3371.75,13479.0
2020-02-13 15:50:00,3371.75,3373.25,3371.0,3373.0,19380.0
2020-02-13 15:55:00,3373.0,3374.75,3372.0,3374.5,15112.0
2020-02-13 16:00:00,3374.5,3376.25,3373.75,3375.75,19735.0
2020-02-13 16:05:00,3376.0,3376.5,3374.5,3375.0,12421.0
2020-02-13 16:10:00,3375.0,3375.5,3374.25,3374.5,9222.0
2020-02-13 16:15:00,3374.5,3374.5,3372.5,3373.5,11332.0
2020-02-13 16:20:00,3373.5,3376.5,3373.0,3376.5,11712.0
2020-02-13 16:25:00,3376.5,3377.75,3375.5,3376.75,13710.0
2020-02-13 16:30:00,3377.0,3378.75,3376.75,3378.5,11289.0
2020-02-13 16:35:00,3378.5,3379.75,3377.5,3378.25,16450.0
2020-02-13 16:40:00,3378.5,3379.25,3376.5,3377.0,14090.0
2020-02-13 16:45:00,3377.25,3378.0,3374.5,3375.25,13596.0
2020-02-13 16:50:00,3375.25,3376.25,3374.75,3375.0,7682.0
2020-02-13 16:55:00,3375.25,3376.5,3374.5,3376.5,8141.0
2020-02-13 17:00:00,3376.5,3378.0,3376.0,3378.0,8992.0
2020-02-13 17:05:00,3378.0,3379.75,3377.75,3379.5,9383.0
2020-02-13 17:10:00,3379.75,3380.5,3379.0,3380.0,10789.0
2020-02-13 17:15:00,3380.0,3380.75,3379.0,3380.75,6287.0
2020-02-13 17:20:00,3380.75,3380.75,3378.75,3379.25,8222.0
2020-02-13 17:25:00,3379.25,3380.0,3377.75,3379.0,7103.0
2020-02-13 17:30:00,3379.0,3380.25,3378.75,3380.25,3919.0
2020-02-13 17:35:00,3380.25,3380.75,3378.5,3378.75,6160.0
2020-02-13 17:40:00,3378.75,3379.25,3377.5,3378.0,4768.0
2020-02-13 17:45:00,3378.0,3379.5,3377.25,3378.5,11383.0
2020-02-13 17:50:00,3378.75,3380.0,3378.25,3379.75,5740.0
2020-02-13 17:55:00,3380.0,3380.25,3375.75,3376.0,11474.0
2020-02-13 18:00:00,3376.0,3377.5,3375.5,3376.75,13561.0
2020-02-13 18:05:00,3376.75,3377.0,3375.5,3375.5,10085.0
2020-02-13 18:10:00,3375.5,3377.5,3375.0,3375.0,11508.0
2020-02-13 18:15:00,3375.25,3375.75,3373.75,3375.5,10782.0
2020-02-13 18:20:00,3375.5,3378.0,3375.5,3377.5,7351.0
2020-02-13 18:25:00,3377.5,3378.75,3377.0,3378.5,4559.0
2020-02-13 18:30:00,3378.5,3379.25,3378.0,3379.0,5703.0
2020-02-13 18:35:00,3379.25,3379.5,3378.5,3379.25,4119.0
2020-02-13 18:40:00,3379.5,3382.5,3379.0,3382.0,12725.0
2020-02-13 18:45:00,3381.75,3383.5,3381.25,3383.0,11279.0
2020-02-13 18:50:00,3383.0,3383.5,3381.5,3381.75,7882.0
2020-02-13 18:55:00,3381.75,3382.5,3381.0,3382.25,5869.0
2020-02-13 19:00:00,3382.5,3383.5,3381.75,3383.5,5820.0
2020-02-13 19:05:00,3383.5,3384.75,3382.5,3382.5,10771.0
2020-02-13 19:10:00,3382.5,3382.5,3380.25,3380.5,16144.0
2020-02-13 19:15:00,3380.75,3382.0,3380.0,3380.25,18722.0
2020-02-13 19:20:00,3380.5,3382.75,3380.25,3382.75,8433.0
2020-02-13 19:25:00,3382.75,3382.75,3379.5,3380.25,11244.0
2020-02-13 19:30:00,3380.25,3381.25,3379.5,3381.0,8634.0
2020-02-13 19:35:00,3381.0,3382.5,3380.75,3382.25,4853.0
2020-02-13 19:40:00,3382.25,3382.25,3380.25,3381.0,4175.0
2020-02-13 19:45:00,3381.0,3381.0,3379.0,3380.0,8040.0
2020-02-13 19:50:00,3380.0,3382.25,3379.75,3382.25,6144.0
2020-02-13 19:55:00,3382.25,3383.75,3382.0,3382.75,6525.0
2020-02-13 20:00:00,3383.0,3383.75,3377.75,3379.5,22125.0
2020-02-13 20:05:00,3379.25,3379.75,3376.75,3379.25,19677.0
2020-02-13 20:10:00,3379.25,3380.25,3376.25,3376.25,13217.0
2020-02-13 20:15:00,3376.0,3378.25,3376.0,3378.25,10017.0
2020-02-13 20:20:00,3378.25,3378.75,3377.0,3378.75,8090.0
2020-02-13 20:25:00,3378.75,3379.0,3376.75,3378.25,9007.0
2020-02-13 20:30:00,3378.25,3378.75,3373.5,3374.0,19533.0
2020-02-13 20:35:00,3373.75,3376.0,3373.75,3374.75,22898.0
2020-02-13 20:40:00,3374.5,3375.5,3371.75,3372.25,18009.0
2020-02-13 20:45:00,3372.0,3375.0,3371.25,3375.0,17936.0
2020-02-13 20:50:00,3375.0,3376.5,3373.75,3376.0,21984.0
2020-02-13 20:55:00,3376.0,3377.0,3372.25,3372.75,36777.0
2020-02-13 21:00:00,3373.0,3377.5,3372.5,3376.5,80675.0
2020-02-13 21:05:00,3376.25,3376.75,3374.75,3374.75,8492.0
2020-02-13 21:10:00,3374.75,3377.5,3374.75,3377.0,7597.0
2020-02-13 21:15:00,3377.0,3377.75,3376.75,3377.75,6096.0
2020-02-13 21:30:00,3378.0,3378.5,3377.75,3377.75,2846.0
2020-02-13 21:35:00,3377.75,3378.5,3377.75,3378.0,1084.0
2020-02-13 21:40:00,3378.0,3378.25,3376.25,3376.5,1672.0
2020-02-13 21:45:00,3376.75,3377.75,3376.5,3377.75,1092.0
2020-02-13 21:50:00,3377.75,3377.75,3377.0,3377.75,1048.0
2020-02-13 21:55:00,3377.75,3379.0,3377.5,3378.5,1107.0
2020-02-13 22:00:00,3378.5,3379.0,3378.5,3378.75,494.0
2020-02-13 23:00:00,3379.5,3379.75,3376.75,3378.5,2248.0
2020-02-13 23:05:00,3378.25,3378.5,3377.25,3377.25,628.0
2020-02-13 23:10:00,3377.5,3377.5,3376.25,3376.25,750.0
2020-02-13 23:15:00,3376.25,3376.25,3374.75,3374.75,1314.0
2020-02-13 23:20:00,3374.75,3375.75,3374.5,3375.5,989.0
2020-02-13 23:25:00,3375.5,3376.0,3375.25,3376.0,227.0
2020-02-13 23:30:00,3375.75,3376.75,3375.75,3376.25,511.0
2020-02-13 23:35:00,3376.25,3377.5,3376.0,3376.5,663.0
2020-02-13 23:40:00,3376.75,3377.25,3372.25,3373.25,3393.0
2020-02-13 23:45:00,3373.25,3376.0,3372.5,3374.25,2655.0
2020-02-13 23:50:00,3374.25,3374.5,3372.0,3372.75,4867.0
2020-02-13 23:55:00,3372.75,3374.0,3372.5,3373.75,1239.0
2020-02-14 00:00:00,3373.75,3375.75,3373.5,3374.5,2601.0
2020-02-14 00:05:00,3374.5,3375.5,3373.75,3373.75,1239.0
2020-02-14 00:10:00,3373.75,3374.5,3373.75,3374.0,529.0
2020-02-14 00:15:00,3373.75,3375.25,3373.5,3373.75,690.0
2020-02-14 00:20:00,3373.5,3374.0,3372.25,3373.25,1837.0
2020-02-14 00:25:00,3373.5,3373.5,3372.0,3372.5,2066.0
2020-02-14 00:30:00,3372.75,3374.5,3372.75,3373.75,1429.0
2020-02-14 00:35:00,3373.75,3374.0,3373.0,3373.75,595.0
2020-02-14 00:40:00,3373.5,3374.25,3373.25,3373.75,423.0
2020-02-14 00:45:00,3373.5,3375.25,3373.0,3375.0,1072.0
2020-02-14 00:50:00,3375.25,3375.75,3374.5,3375.5,1391.0
2020-02-14 00:55:00,3375.5,3377.25,3375.25,3376.5,1734.0
2020-02-14 01:00:00,3376.75,3378.75,3376.5,3377.75,2473.0
2020-02-14 01:05:00,3377.5,3377.75,3376.5,3377.5,936.0
2020-02-14 01:10:00,3377.5,3377.5,3376.5,3376.5,870.0
2020-02-14 01:15:00,3376.5,3376.5,3374.25,3375.5,2105.0
2020-02-14 01:20:00,3375.75,3376.75,3375.25,3376.5,968.0
2020-02-14 01:25:00,3376.5,3377.0,3375.5,3376.75,811.0
2020-02-14 01:30:00,3377.0,3378.75,3376.75,3378.5,2009.0
2020-02-14 01:35:00,3378.25,3380.0,3377.5,3379.75,2131.0
2020-02-14 01:40:00,3379.5,3380.75,3379.25,3380.0,1635.0
2020-02-14 01:45:00,3380.0,3380.5,3379.25,3380.0,1021.0
2020-02-14 01:50:00,3379.75,3379.75,3379.0,3379.5,805.0
2020-02-14 01:55:00,3379.5,3380.0,3379.0,3379.75,470.0
2020-02-14 02:00:00,3380.0,3380.25,3379.0,3379.25,932.0
2020-02-14 02:05:00,3379.25,3379.75,3378.75,3379.0,447.0
2020-02-14 02:10:00,3378.75,3379.75,3378.0,3379.5,883.0
2020-02-14 02:15:00,3379.5,3381.25,3379.25,3381.0,1062.0
2020-02-14 02:20:00,3381.0,3382.0,3380.25,3381.5,1372.0
2020-02-14 02:25:00,3381.25,3382.0,3381.0,3381.75,675.0
2020-02-14 02:30:00,3381.5,3382.0,3380.75,3382.0,1620.0
2020-02-14 02:35:00,3382.0,3382.25,3381.0,3381.0,1665.0
2020-02-14 02:40:00,3381.25,3382.0,3381.0,3381.5,473.0
2020-02-14 02:45:00,3381.5,3382.0,3381.25,3381.75,348.0
2020-02-14 02:50:00,3381.5,3383.75,3381.5,3383.75,1622.0
2020-02-14 02:55:00,3383.75,3384.0,3383.0,3383.75,1388.0
2020-02-14 03:00:00,3383.5,3388.5,3383.5,3386.0,7685.0
2020-02-14 03:05:00,3386.0,3386.25,3385.0,3385.75,1926.0
2020-02-14 03:10:00,3385.75,3385.75,3385.0,3385.0,878.0
2020-02-14 03:15:00,3385.0,3385.5,3384.75,3385.5,697.0
2020-02-14 03:20:00,3385.5,3386.75,3385.25,3386.5,1540.0
2020-02-14 03:25:00,3386.5,3386.75,3386.0,3386.75,1333.0
2020-02-14 03:30:00,3386.5,3387.0,3386.25,3386.75,989.0
2020-02-14 03:35:00,3386.5,3386.75,3386.0,3386.0,1225.0
2020-02-14 03:40:00,3386.25,3386.5,3385.25,3385.75,1518.0
2020-02-14 03:45:00,3385.75,3386.0,3385.25,3385.25,497.0
2020-02-14 03:50:00,3385.25,3385.5,3384.75,3384.75,752.0
2020-02-14 03:55:00,3384.75,3384.75,3383.75,3383.75,1159.0
2020-02-14 04:00:00,3384.0,3384.25,3383.5,3383.5,435.0
2020-02-14 04:05:00,3383.5,3383.75,3383.0,3383.5,916.0
2020-02-14 04:10:00,3383.5,3384.5,3383.5,3384.25,566.0
2020-02-14 04:15:00,3384.5,3384.75,3383.5,3384.0,715.0
2020-02-14 04:20:00,3383.75,3384.0,3383.25,3383.75,609.0
2020-02-14 04:25:00,3383.5,3384.5,3383.5,3384.25,483.0
2020-02-14 04:30:00,3384.25,3384.5,3383.75,3384.0,181.0
2020-02-14 04:35:00,3384.0,3384.5,3383.75,3384.5,263.0
2020-02-14 04:40:00,3384.25,3385.0,3384.25,3385.0,357.0
2020-02-14 04:45:00,3385.0,3385.5,3385.0,3385.25,629.0
2020-02-14 04:50:00,3385.25,3385.75,3385.25,3385.25,354.0
2020-02-14 04:55:00,3385.25,3385.5,3384.25,3384.25,421.0
2020-02-14 05:00:00,3384.25,3385.0,3384.0,3385.0,624.0
2020-02-14 05:05:00,3385.0,3385.75,3384.75,3385.5,531.0
2020-02-14 05:10:00,3385.25,3385.25,3384.75,3384.75,422.0
2020-02-14 05:15:00,3385.0,3385.25,3384.25,3384.75,366.0
2020-02-14 05:20:00,3384.5,3384.75,3384.25,3384.25,304.0
2020-02-14 05:25:00,3384.5,3385.0,3384.25,3384.5,690.0
2020-02-14 05:30:00,3384.5,3384.5,3382.75,3383.5,1399.0
2020-02-14 05:35:00,3383.5,3383.5,3382.5,3383.0,624.0
2020-02-14 05:40:00,3383.0,3383.5,3382.75,3383.25,427.0
2020-02-14 05:45:00,3383.25,3383.5,3383.0,3383.5,347.0
2020-02-14 05:50:00,3383.5,3384.0,3383.0,3384.0,392.0
2020-02-14 05:55:00,3384.0,3384.0,3382.75,3383.5,481.0
2020-02-14 06:00:00,3383.5,3384.0,3383.0,3383.0,596.0
2020-02-14 06:05:00,3383.0,3383.25,3382.0,3382.25,727.0
2020-02-14 06:10:00,3382.0,3382.75,3381.25,3382.5,1100.0
2020-02-14 06:15:00,3382.5,3382.75,3382.25,3382.5,312.0
2020-02-14 06:20:00,3382.75,3382.75,3381.5,3381.75,445.0
2020-02-14 06:25:00,3381.75,3382.25,3381.5,3382.0,396.0
2020-02-14 06:30:00,3382.0,3382.25,3381.75,3381.75,395.0
2020-02-14 06:35:00,3382.0,3382.0,3381.5,3382.0,329.0
2020-02-14 06:40:00,3382.0,3382.25,3381.75,3382.25,260.0
2020-02-14 06:45:00,3382.0,3383.25,3382.0,3382.75,569.0
2020-02-14 06:50:00,3382.75,3383.5,3382.75,3383.25,179.0
2020-02-14 06:55:00,3383.5,3383.5,3383.25,3383.25,263.0
2020-02-14 07:00:00,3383.25,3383.75,3382.25,3383.75,1138.0
2020-02-14 07:05:00,3383.75,3384.5,3383.5,3383.75,758.0
2020-02-14 07:10:00,3383.5,3384.0,3383.5,3383.75,513.0
2020-02-14 07:15:00,3383.75,3385.75,3383.25,3385.0,1446.0
2020-02-14 07:20:00,3385.0,3385.0,3384.0,3385.0,832.0
2020-02-14 07:25:00,3385.0,3385.0,3384.0,3384.25,290.0
2020-02-14 07:30:00,3384.0,3385.0,3384.0,3384.0,952.0
2020-02-14 07:35:00,3384.0,3384.0,3383.0,3383.5,563.0
2020-02-14 07:40:00,3383.5,3384.0,3383.25,3383.5,356.0
2020-02-14 07:45:00,3383.5,3384.0,3383.0,3383.75,562.0
2020-02-14 07:50:00,3384.0,3384.0,3383.25,3383.5,455.0
2020-02-14 07:55:00,3383.5,3383.75,3382.75,3383.5,604.0
2020-02-14 08:00:00,3383.5,3384.5,3382.5,3383.0,3435.0
2020-02-14 08:05:00,3382.75,3383.75,3381.5,3382.0,2695.0
2020-02-14 08:10:00,3382.0,3383.25,3382.0,3382.5,1656.0
2020-02-14 08:15:00,3382.5,3383.75,3382.25,3383.0,1530.0
2020-02-14 08:20:00,3383.0,3383.0,3381.5,3382.25,1221.0
2020-02-14 08:25:00,3382.25,3383.0,3381.75,3382.5,1010.0
2020-02-14 08:30:00,3382.5,3383.5,3382.25,3382.5,1423.0
2020-02-14 08:35:00,3382.25,3383.0,3382.25,3382.75,835.0
2020-02-14 08:40:00,3382.75,3383.0,3381.5,3382.5,955.0
2020-02-14 08:45:00,3382.25,3382.5,3382.0,3382.5,662.0
2020-02-14 08:50:00,3382.5,3383.0,3382.25,3382.5,795.0
2020-02-14 08:55:00,3382.25,3382.75,3380.75,3380.75,1244.0
2020-02-14 09:00:00,3381.0,3381.5,3380.0,3380.25,1750.0
2020-02-14 09:05:00,3380.5,3380.5,3378.25,3378.75,2683.0
2020-02-14 09:10:00,3378.75,3379.75,3378.5,3379.75,1223.0
2020-02-14 09:15:00,3379.75,3381.75,3379.25,3381.0,2129.0
2020-02-14 09:20:00,3381.0,3381.75,3380.0,3380.25,1992.0
2020-02-14 09:25:00,3380.5,3381.0,3379.75,3380.75,960.0
2020-02-14 09:30:00,3380.75,3381.0,3379.5,3380.0,757.0
2020-02-14 09:35:00,3379.75,3380.25,3379.25,3380.0,981.0
2020-02-14 09:40:00,3380.0,3382.25,3380.0,3381.5,1494.0
2020-02-14 09:45:00,3381.5,3381.75,3380.75,3381.0,506.0
2020-02-14 09:50:00,3381.0,3381.5,3380.5,3381.5,889.0
2020-02-14 09:55:00,3381.5,3382.0,3381.0,3381.25,611.0
2020-02-14 10:00:00,3381.25,3381.75,3380.75,3381.5,599.0
2020-02-14 10:05:00,3381.5,3382.0,3381.0,3381.5,771.0
2020-02-14 10:10:00,3381.75,3383.5,3381.75,3383.0,1288.0
2020-02-14 10:15:00,3383.25,3383.5,3382.5,3382.75,1254.0
2020-02-14 10:20:00,3382.5,3383.5,3382.5,3382.5,696.0
2020-02-14 10:25:00,3382.5,3382.75,3381.75,3382.25,646.0
2020-02-14 10:30:00,3382.25,3382.5,3381.75,3382.25,717.0
2020-02-14 10:35:00,3382.5,3383.25,3382.25,3383.0,663.0
2020-02-14 10:40:00,3383.0,3383.25,3382.0,3383.25,785.0
2020-02-14 10:45:00,3383.25,3384.0,3383.0,3383.75,1317.0
2020-02-14 10:50:00,3383.75,3384.0,3383.0,3383.0,802.0
2020-02-14 10:55:00,3383.0,3383.5,3382.5,3382.75,1575.0
2020-02-14 11:00:00,3382.75,3383.5,3382.5,3382.75,869.0
2020-02-14 11:05:00,3382.75,3383.0,3381.75,3382.0,1195.0
2020-02-14 11:10:00,3381.75,3382.0,3380.75,3381.25,1309.0
2020-02-14 11:15:00,3381.25,3381.5,3381.0,3381.0,1035.0
2020-02-14 11:20:00,3380.75,3383.0,3380.75,3382.75,1694.0
2020-02-14 11:25:00,3382.75,3383.75,3382.5,3382.5,1665.0
2020-02-14 11:30:00,3382.5,3383.0,3382.25,3382.75,1145.0
2020-02-14 11:35:00,3382.75,3383.0,3382.5,3383.0,436.0
2020-02-14 11:40:00,3383.0,3383.0,3382.0,3382.0,332.0
2020-02-14 11:45:00,3382.25,3382.5,3381.75,3382.0,726.0
2020-02-14 11:50:00,3382.0,3382.0,3381.0,3381.5,570.0
2020-02-14 11:55:00,3381.5,3382.75,3381.25,3382.75,805.0
2020-02-14 12:00:00,3382.75,3384.75,3382.5,3384.5,2081.0
2020-02-14 12:05:00,3384.25,3384.5,3383.5,3383.5,1184.0
2020-02-14 12:10:00,3383.5,3383.75,3383.0,3383.25,1329.0
2020-02-14 12:15:00,3383.25,3384.0,3383.0,3383.5,1041.0
2020-02-14 12:20:00,3383.25,3383.75,3383.0,3383.0,740.0
2020-02-14 12:25:00,3383.0,3383.5,3382.5,3383.0,1224.0
2020-02-14 12:30:00,3383.0,3383.75,3383.0,3383.0,1162.0
2020-02-14 12:35:00,3383.25,3385.25,3383.25,3384.75,3003.0
2020-02-14 12:40:00,3384.75,3385.25,3384.0,3384.0,3083.0
2020-02-14 12:45:00,3384.0,3384.5,3383.75,3384.25,2001.0
2020-02-14 12:50:00,3384.25,3385.75,3384.0,3385.25,2688.0
2020-02-14 12:55:00,3385.5,3386.5,3384.75,3385.25,2470.0
2020-02-14 13:00:00,3385.25,3385.5,3384.25,3384.25,1601.0
2020-02-14 13:05:00,3384.5,3384.75,3383.5,3384.25,2182.0
2020-02-14 13:10:00,3384.25,3384.75,3383.5,3384.0,1741.0
2020-02-14 13:15:00,3384.0,3384.0,3383.5,3383.5,774.0
2020-02-14 13:20:00,3383.5,3384.5,3383.5,3383.5,2203.0
2020-02-14 13:25:00,3383.5,3383.75,3383.0,3383.75,1438.0
2020-02-14 13:30:00,3383.75,3384.5,3381.75,3382.0,4946.0
2020-02-14 13:35:00,3382.0,3382.25,3378.75,3380.25,8050.0
2020-02-14 13:40:00,3380.25,3380.5,3379.5,3380.25,2596.0
2020-02-14 13:45:00,3380.25,3380.5,3375.75,3376.75,10095.0
2020-02-14 13:50:00,3376.75,3379.0,3376.75,3378.5,4175.0
2020-02-14 13:55:00,3378.75,3379.75,3378.75,3379.25,2278.0
2020-02-14 14:00:00,3379.0,3379.75,3377.75,3379.75,3239.0
2020-02-14 14:05:00,3379.5,3380.5,3379.5,3380.0,4073.0
2020-02-14 14:10:00,3379.75,3380.25,3378.25,3379.25,3094.0
2020-02-14 14:15:00,3379.0,3379.5,3377.5,3378.5,2130.0
2020-02-14 14:20:00,3378.25,3379.25,3378.25,3378.5,1837.0
2020-02-14 14:25:00,3378.75,3378.75,3377.0,3378.25,3909.0
2020-02-14 14:30:00,3378.25,3380.0,3376.0,3379.25,28755.0
2020-02-14 14:35:00,3379.25,3380.0,3374.5,3375.75,32630.0
2020-02-14 14:40:00,3375.75,3377.5,3375.25,3376.0,19534.0
2020-02-14 14:45:00,3376.25,3377.75,3374.75,3376.5,21363.0
2020-02-14 14:50:00,3376.5,3377.25,3373.75,3376.5,21441.0
2020-02-14 14:55:00,3376.5,3376.75,3373.0,3373.75,20174.0
2020-02-14 15:00:00,3373.75,3376.0,3372.5,3374.5,24476.0
2020-02-14 15:05:00,3374.75,3374.75,3372.75,3373.25,16087.0
2020-02-14 15:10:00,3373.5,3374.0,3370.25,3370.5,21388.0
2020-02-14 15:15:00,3370.5,3374.5,3370.5,3374.0,17960.0
2020-02-14 15:20:00,3374.25,3376.5,3373.75,3375.5,18327.0
2020-02-14 15:25:00,3375.5,3376.25,3374.5,3375.75,17099.0
2020-02-14 15:30:00,3375.75,3377.0,3374.25,3376.75,13271.0
2020-02-14 15:35:00,3376.5,3377.5,3375.25,3375.25,12284.0
2020-02-14 15:40:00,3375.5,3376.5,3374.75,3375.0,10504.0
2020-02-14 15:45:00,3375.0,3377.5,3375.0,3377.25,10602.0
2020-02-14 15:50:00,3377.25,3378.75,3376.75,3377.75,10762.0
2020-02-14 15:55:00,3377.75,3378.75,3377.25,3378.75,7516.0
2020-02-14 16:00:00,3378.5,3378.75,3377.5,3378.25,7530.0
2020-02-14 16:05:00,3378.25,3378.5,3377.0,3377.0,5980.0
2020-02-14 16:10:00,3377.0,3379.0,3376.75,3379.0,9448.0
2020-02-14 16:15:00,3379.0,3380.75,3378.5,3380.5,11134.0
2020-02-14 16:20:00,3380.25,3380.75,3378.75,3379.25,9524.0
2020-02-14 16:25:00,3379.25,3379.5,3377.75,3378.0,8574.0
2020-02-14 16:30:00,3378.25,3378.5,3377.5,3378.25,8013.0
2020-02-14 16:35:00,3378.25,3379.25,3377.75,3378.75,5377.0
2020-02-14 16:40:00,3378.75,3379.0,3377.5,3378.75,5038.0
2020-02-14 16:45:00,3378.5,3379.0,3377.75,3378.0,5718.0
2020-02-14 16:50:00,3378.0,3378.0,3375.75,3376.25,14483.0
2020-02-14 16:55:00,3376.25,3377.25,3375.75,3377.25,6115.0
2020-02-14 17:00:00,3377.25,3377.25,3376.0,3376.0,5620.0
2020-02-14 17:05:00,3376.25,3376.25,3374.25,3374.75,11547.0
2020-02-14 17:10:00,3374.75,3375.0,3374.0,3374.25,7358.0
2020-02-14 17:15:00,3374.5,3375.0,3374.0,3374.25,6500.0
2020-02-14 17:20:00,3374.25,3374.25,3371.5,3372.5,19217.0
2020-02-14 17:25:00,3372.5,3373.25,3372.0,3372.5,6162.0
2020-02-14 17:30:00,3372.75,3373.5,3372.5,3372.5,4333.0
2020-02-14 17:35:00,3372.75,3374.0,3372.5,3373.25,6489.0
2020-02-14 17:40:00,3373.5,3374.25,3373.0,3373.0,5201.0
2020-02-14 17:45:00,3373.25,3373.25,3371.5,3371.75,5450.0
2020-02-14 17:50:00,3371.75,3372.75,3371.0,3371.0,8480.0
2020-02-14 17:55:00,3371.25,3372.0,3370.0,3371.75,8199.0
2020-02-14 18:00:00,3371.75,3372.75,3370.75,3371.5,11511.0
2020-02-14 18:05:00,3371.5,3373.5,3370.0,3370.0,15287.0
2020-02-14 18:10:00,3370.0,3371.75,3368.75,3371.0,17745.0
2020-02-14 18:15:00,3371.0,3371.5,3368.75,3369.25,9992.0
2020-02-14 18:20:00,3369.25,3370.25,3368.25,3370.0,7336.0
2020-02-14 18:25:00,3370.25,3371.5,3370.0,3371.0,7870.0
2020-02-14 18:30:00,3371.25,3371.25,3369.25,3370.75,6549.0
2020-02-14 18:35:00,3370.75,3373.0,3370.5,3372.25,11384.0
2020-02-14 18:40:00,3372.0,3372.0,3371.5,3371.75,4276.0
2020-02-14 18:45:00,3371.75,3372.25,3370.75,3370.75,4634.0
2020-02-14 18:50:00,3370.75,3371.5,3369.5,3370.0,5174.0
2020-02-14 18:55:00,3370.25,3370.5,3368.5,3369.5,7856.0
2020-02-14 19:00:00,3369.5,3371.5,3368.75,3371.5,8290.0
2020-02-14 19:05:00,3371.25,3372.25,3370.75,3372.0,7169.0
2020-02-14 19:10:00,3372.25,3372.75,3370.75,3370.75,10533.0
2020-02-14 19:15:00,3370.75,3370.75,3365.25,3367.0,24828.0
2020-02-14 19:20:00,3366.75,3370.25,3366.5,3370.25,8823.0
2020-02-14 19:25:00,3370.25,3372.75,3369.75,3372.5,12364.0
2020-02-14 19:30:00,3372.5,3374.25,3371.25,3373.5,12716.0
2020-02-14 19:35:00,3373.75,3376.0,3372.25,3375.5,15345.0
2020-02-14 19:40:00,3375.5,3375.5,3372.5,3373.0,9852.0
2020-02-14 19:45:00,3373.0,3374.0,3372.0,3373.0,11238.0
2020-02-14 19:50:00,3373.0,3373.0,3371.75,3372.0,5543.0
2020-02-14 19:55:00,3372.0,3372.75,3371.0,3371.75,6385.0
2020-02-14 20:00:00,3372.0,3372.75,3371.5,3372.25,5776.0
2020-02-14 20:05:00,3372.0,3372.75,3371.0,3372.25,6746.0
2020-02-14 20:10:00,3372.0,3373.25,3369.0,3369.25,14695.0
2020-02-14 20:15:00,3369.25,3371.0,3368.75,3369.25,8660.0
2020-02-14 20:20:00,3369.25,3372.5,3369.25,3371.5,9673.0
2020-02-14 20:25:00,3371.25,3372.25,3371.0,3372.0,4372.0
2020-02-14 20:30:00,3372.0,3373.75,3371.0,3373.0,10867.0
2020-02-14 20:35:00,3373.25,3375.25,3372.75,3374.75,12001.0
2020-02-14 20:40:00,3374.75,3375.5,3374.25,3374.75,8039.0
2020-02-14 20:45:00,3374.75,3376.25,3374.5,3376.25,13419.0
2020-02-14 20:50:00,3376.25,3378.25,3375.75,3378.25,23841.0
2020-02-14 20:55:00,3378.25,3379.5,3377.5,3379.0,27330.0
2020-02-14 21:00:00,3379.25,3380.0,3378.5,3379.75,76132.0
2020-02-14 21:05:00,3379.75,3381.25,3379.5,3380.0,17134.0
2020-02-14 21:10:00,3380.0,3380.75,3379.5,3380.0,13020.0
2020-02-14 21:15:00,3380.25,3381.5,3380.0,3381.25,9522.0
2020-02-14 21:30:00,3381.0,3381.5,3380.75,3381.0,1303.0
2020-02-14 21:35:00,3381.0,3381.75,3381.0,3381.5,1816.0
2020-02-14 21:40:00,3381.25,3382.0,3381.25,3382.0,969.0
2020-02-14 21:45:00,3382.0,3382.25,3381.75,3382.0,1365.0
2020-02-14 21:50:00,3382.0,3382.25,3382.0,3382.0,599.0
2020-02-14 21:55:00,3382.0,3382.25,3381.75,3382.0,1096.0
2020-02-14 22:00:00,3382.0,3382.25,3380.0,3380.5,2223.0
2020-02-16 23:00:00,3382.25,3388.75,3382.0,3386.75,5056.0
2020-02-16 23:05:00,3386.75,3387.75,3386.0,3387.0,1100.0
2020-02-16 23:10:00,3387.0,3387.5,3386.25,3387.25,804.0
2020-02-16 23:15:00,3387.25,3388.5,3386.75,3387.75,1029.0
2020-02-16 23:20:00,3388.0,3388.0,3386.5,3387.25,575.0
2020-02-16 23:25:00,3387.25,3388.75,3386.75,3388.0,579.0
2020-02-16 23:30:00,3388.25,3388.5,3387.5,3388.25,655.0
2020-02-16 23:35:00,3388.0,3388.5,3387.5,3388.25,626.0
2020-02-16 23:40:00,3388.5,3389.5,3387.75,3388.0,859.0
2020-02-16 23:45:00,3388.0,3389.25,3388.0,3388.75,815.0
2020-02-16 23:50:00,3388.5,3389.0,3387.75,3388.0,516.0
2020-02-16 23:55:00,3388.0,3388.25,3387.0,3387.5,989.0
2020-02-17 00:00:00,3387.5,3388.25,3386.75,3387.0,1346.0
2020-02-17 00:05:00,3386.75,3387.0,3385.5,3385.5,1978.0
2020-02-17 00:10:00,3385.5,3386.25,3384.25,3384.75,2051.0
2020-02-17 00:15:00,3384.5,3386.5,3384.0,3386.5,1759.0
2020-02-17 00:20:00,3386.25,3386.5,3384.75,3385.0,946.0
2020-02-17 00:25:00,3384.75,3386.0,3384.5,3386.0,870.0
2020-02-17 00:30:00,3386.25,3386.5,3385.0,3385.5,690.0
2020-02-17 00:35:00,3385.5,3385.75,3385.0,3385.25,367.0
2020-02-17 00:40:00,3385.5,3386.0,3385.0,3385.75,375.0
2020-02-17 00:45:00,3386.0,3386.5,3385.25,3385.5,850.0
2020-02-17 00:50:00,3385.25,3385.5,3383.25,3384.0,1194.0
2020-02-17 00:55:00,3384.0,3384.25,3383.25,3384.0,505.0
2020-02-17 01:00:00,3384.0,3384.0,3383.0,3384.0,1168.0
2020-02-17 01:05:00,3384.0,3384.0,3382.5,3383.25,813.0
2020-02-17 01:10:00,3383.5,3384.5,3383.25,3383.75,751.0
2020-02-17 01:15:00,3383.75,3385.5,3383.75,3385.25,1993.0
2020-02-17 01:20:00,3385.25,3385.5,3384.5,3385.0,665.0
2020-02-17 01:25:00,3385.0,3386.5,3385.0,3386.0,1158.0
2020-02-17 01:30:00,3386.0,3387.25,3385.0,3387.25,1464.0
2020-02-17 01:35:00,3387.25,3387.75,3386.5,3387.5,1069.0
2020-02-17 01:40:00,3387.75,3389.25,3387.0,3389.0,1572.0
2020-02-17 01:45:00,3389.0,3389.0,3388.0,3388.75,1471.0
2020-02-17 01:50:00,3389.0,3389.75,3388.0,3388.25,1706.0
2020-02-17 01:55:00,3388.0,3388.5,3387.5,3388.0,771.0
2020-02-17 02:00:00,3388.0,3388.5,3387.5,3388.25,753.0
2020-02-17 02:05:00,3388.25,3389.5,3388.0,3389.25,1227.0
2020-02-17 02:10:00,3389.25,3389.25,3388.5,3389.0,500.0
2020-02-17 02:15:00,3388.75,3389.0,3388.25,3388.25,454.0
2020-02-17 02:20:00,3388.25,3388.5,3388.0,3388.5,401.0
2020-02-17 02:25:00,3388.25,3388.75,3387.5,3387.75,486.0
2020-02-17 02:30:00,3388.0,3388.25,3387.5,3388.0,542.0
2020-02-17 02:35:00,3387.75,3389.0,3387.75,3388.75,610.0
2020-02-17 02:40:00,3388.5,3389.0,3388.0,3388.75,302.0
2020-02-17 02:45:00,3388.75,3389.0,3388.5,3388.75,308.0
2020-02-17 02:50:00,3388.75,3389.25,3388.5,3388.5,356.0
2020-02-17 02:55:00,3388.75,3389.0,3388.5,3388.75,304.0
2020-02-17 03:00:00,3388.5,3389.0,3388.5,3388.5,217.0
2020-02-17 03:05:00,3388.5,3389.0,3388.25,3388.5,533.0
2020-02-17 03:10:00,3388.25,3388.25,3387.5,3387.5,431.0
2020-02-17 03:15:00,3387.75,3388.0,3387.25,3388.0,322.0
2020-02-17 03:20:00,3388.0,3388.5,3387.5,3387.75,345.0
2020-02-17 03:25:00,3388.0,3388.25,3387.75,3387.75,237.0
2020-02-17 03:30:00,3387.75,3388.0,3387.5,3387.75,422.0
2020-02-17 03:35:00,3387.75,3388.25,3387.75,3388.0,97.0
2020-02-17 03:40:00,3388.25,3388.5,3387.75,3387.75,261.0
2020-02-17 03:45:00,3387.75,3388.25,3387.75,3387.75,199.0
2020-02-17 03:50:00,3388.0,3388.0,3387.75,3388.0,124.0
2020-02-17 03:55:00,3387.75,3388.25,3387.5,3388.25,297.0
2020-02-17 04:00:00,3388.0,3388.25,3387.75,3387.75,140.0
2020-02-17 04:05:00,3387.75,3388.0,3387.25,3387.5,275.0
2020-02-17 04:10:00,3387.5,3387.75,3387.25,3387.75,167.0
2020-02-17 04:15:00,3387.5,3387.75,3387.25,3387.5,317.0
2020-02-17 04:20:00,3387.25,3387.5,3386.75,3387.0,402.0
2020-02-17 04:25:00,3387.0,3387.75,3387.0,3387.25,181.0
2020-02-17 04:30:00,3387.25,3388.0,3387.25,3387.75,275.0
2020-02-17 04:35:00,3387.75,3388.0,3387.25,3387.75,311.0
2020-02-17 04:40:00,3387.75,3387.75,3387.25,3387.5,279.0
2020-02-17 04:45:00,3387.25,3387.75,3387.0,3387.25,249.0
2020-02-17 04:50:00,3387.5,3387.5,3387.0,3387.0,247.0
2020-02-17 04:55:00,3387.25,3387.5,3387.0,3387.25,267.0
2020-02-17 05:00:00,3387.25,3387.5,3387.0,3387.5,571.0
2020-02-17 05:05:00,3387.5,3388.0,3387.5,3387.5,314.0
2020-02-17 05:10:00,3387.5,3388.25,3387.5,3388.0,282.0
2020-02-17 05:15:00,3388.25,3389.0,3388.0,3388.75,477.0
2020-02-17 05:20:00,3388.75,3389.0,3388.5,3388.5,365.0
2020-02-17 05:25:00,3388.5,3389.0,3388.5,3389.0,494.0
2020-02-17 05:30:00,3389.0,3389.5,3388.75,3389.0,963.0
2020-02-17 05:35:00,3389.0,3389.25,3388.75,3388.75,166.0
2020-02-17 05:40:00,3389.0,3390.0,3389.0,3389.5,950.0
2020-02-17 05:45:00,3389.5,3389.75,3389.0,3389.5,442.0
2020-02-17 05:50:00,3389.5,3389.75,3389.25,3389.25,172.0
2020-02-17 05:55:00,3389.5,3390.0,3389.0,3389.75,542.0
2020-02-17 06:00:00,3389.75,3389.75,3388.5,3388.5,457.0
2020-02-17 06:05:00,3388.75,3389.5,3388.5,3389.5,257.0
2020-02-17 06:10:00,3389.25,3390.0,3389.0,3390.0,429.0
2020-02-17 06:15:00,3390.0,3390.75,3389.75,3390.75,796.0
2020-02-17 06:20:00,3390.75,3392.5,3390.25,3391.0,2372.0
2020-02-17 06:25:00,3390.75,3391.0,3390.0,3390.0,551.0
2020-02-17 06:30:00,3390.25,3390.5,3389.5,3389.75,432.0
2020-02-17 06:35:00,3389.75,3390.0,3389.25,3389.75,719.0
2020-02-17 06:40:00,3389.75,3390.25,3389.75,3390.25,209.0
2020-02-17 06:45:00,3390.25,3390.25,3389.5,3389.5,402.0
2020-02-17 06:50:00,3389.5,3389.5,3389.0,3389.5,284.0
2020-02-17 06:55:00,3389.5,3389.75,3389.25,3389.5,246.0
2020-02-17 07:00:00,3389.25,3389.75,3388.5,3389.0,778.0
2020-02-17 07:05:00,3389.0,3389.5,3388.75,3389.5,595.0
2020-02-17 07:10:00,3389.5,3389.75,3388.75,3389.0,403.0
2020-02-17 07:15:00,3389.25,3389.5,3388.0,3388.25,865.0
2020-02-17 07:20:00,3388.0,3388.5,3388.0,3388.25,628.0
2020-02-17 07:25:00,3388.25,3388.5,3388.0,3388.5,216.0
2020-02-17 07:30:00,3388.5,3388.75,3388.0,3388.5,457.0
2020-02-17 07:35:00,3388.75,3389.0,3388.25,3388.75,431.0
2020-02-17 07:40:00,3389.0,3389.0,3388.25,3388.75,477.0
2020-02-17 07:45:00,3388.75,3389.5,3388.75,3389.5,272.0
2020-02-17 07:50:00,3389.25,3389.75,3389.0,3389.0,432.0
2020-02-17 07:55:00,3389.25,3389.75,3389.0,3389.25,737.0
2020-02-17 08:00:00,3389.0,3389.5,3388.5,3389.0,968.0
2020-02-17 08:05:00,3389.0,3390.0,3388.5,3389.25,1374.0
2020-02-17 08:10:00,3389.0,3390.0,3388.75,3390.0,1376.0
2020-02-17 08:15:00,3390.0,3391.0,3389.5,3390.5,1756.0
2020-02-17 08:20:00,3390.5,3390.75,3389.75,3390.0,1387.0
2020-02-17 08:25:00,3390.0,3390.25,3388.5,3388.5,941.0
2020-02-17 08:30:00,3388.5,3389.5,3388.5,3388.75,757.0
2020-02-17 08:35:00,3388.75,3388.75,3387.75,3388.25,1011.0
2020-02-17 08:40:00,3388.0,3388.25,3386.75,3387.75,1115.0
2020-02-17 08:45:00,3387.75,3388.75,3387.25,3388.75,789.0
2020-02-17 08:50:00,3388.75,3389.25,3388.0,3389.0,707.0
2020-02-17 08:55:00,3389.0,3389.25,3387.75,3388.0,888.0
2020-02-17 09:00:00,3388.0,3388.75,3388.0,3388.5,751.0
2020-02-17 09:05:00,3388.5,3388.75,3387.75,3388.0,447.0
2020-02-17 09:10:00,3388.0,3388.5,3387.75,3388.5,348.0
2020-02-17 09:15:00,3388.25,3388.5,3388.0,3388.5,361.0
2020-02-17 09:20:00,3388.5,3389.0,3388.0,3388.5,444.0
2020-02-17 09:25:00,3388.25,3388.75,3388.25,3388.75,555.0
2020-02-17 09:30:00,3388.75,3389.0,3388.5,3388.75,299.0
2020-02-17 09:35:00,3389.0,3389.0,3388.5,3388.75,201.0
2020-02-17 09:40:00,3389.0,3389.0,3388.75,3389.0,221.0
2020-02-17 09:45:00,3389.25,3390.0,3389.0,3389.75,736.0
2020-02-17 09:50:00,3389.75,3389.75,3389.25,3389.5,232.0
2020-02-17 09:55:00,3389.25,3389.75,3388.5,3389.5,646.0
2020-02-17 10:00:00,3389.75,3389.75,3389.25,3389.5,406.0
2020-02-17 10:05:00,3389.5,3390.0,3389.25,3389.75,343.0
2020-02-17 10:10:00,3389.75,3390.5,3389.5,3389.5,799.0
2020-02-17 10:15:00,3389.75,3390.0,3389.5,3389.5,514.0
2020-02-17 10:20:00,3389.5,3390.0,3389.25,3389.5,462.0
2020-02-17 10:25:00,3389.5,3389.75,3389.0,3389.25,238.0
2020-02-17 10:30:00,3389.25,3389.5,3389.0,3389.0,338.0
2020-02-17 10:35:00,3389.25,3389.25,3388.75,3388.75,311.0
2020-02-17 10:40:00,3388.75,3389.0,3388.5,3388.5,436.0
2020-02-17 10:45:00,3388.5,3389.25,3388.5,3389.0,249.0
2020-02-17 10:50:00,3389.0,3389.25,3388.75,3388.75,282.0
2020-02-17 10:55:00,3388.75,3389.25,3388.75,3388.75,293.0
2020-02-17 11:00:00,3388.75,3389.5,3388.75,3389.25,258.0
2020-02-17 11:05:00,3389.25,3389.75,3389.25,3389.75,148.0
2020-02-17 11:10:00,3389.75,3389.75,3389.5,3389.5,73.0
2020-02-17 11:15:00,3389.75,3390.0,3389.5,3390.0,242.0
2020-02-17 11:20:00,3390.0,3390.0,3388.75,3389.5,656.0
2020-02-17 11:25:00,3389.25,3389.25,3388.5,3388.75,323.0
2020-02-17 11:30:00,3388.75,3389.25,3388.5,3389.0,632.0
2020-02-17 11:35:00,3389.0,3389.0,3388.25,3388.5,643.0
2020-02-17 11:40:00,3388.5,3389.75,3388.5,3389.75,566.0
2020-02-17 11:45:00,3389.5,3389.75,3389.25,3389.5,234.0
2020-02-17 11:50:00,3389.75,3389.75,3389.5,3389.5,146.0
2020-02-17 11:55:00,3389.5,3389.75,3389.5,3389.5,148.0
2020-02-17 12:00:00,3389.5,3390.25,3389.25,3389.5,720.0
2020-02-17 12:05:00,3389.25,3389.75,3389.0,3389.75,488.0
2020-02-17 12:10:00,3389.75,3389.75,3388.75,3388.75,422.0
2020-02-17 12:15:00,3388.75,3389.25,3388.75,3389.0,455.0
2020-02-17 12:20:00,3389.25,3389.75,3389.25,3389.5,242.0
2020-02-17 12:25:00,3389.5,3389.75,3389.25,3389.5,225.0
2020-02-17 12:30:00,3389.5,3390.25,3387.0,3387.25,3089.0
2020-02-17 12:35:00,3387.5,3387.75,3385.75,3387.75,1963.0
2020-02-17 12:40:00,3387.75,3388.5,3387.75,3388.5,855.0
2020-02-17 12:45:00,3388.25,3388.5,3388.0,3388.0,309.0
2020-02-17 12:50:00,3388.0,3388.75,3388.0,3388.5,394.0
2020-02-17 12:55:00,3388.5,3388.5,3388.0,3388.0,284.0
2020-02-17 13:00:00,3388.0,3388.5,3388.0,3388.25,195.0
2020-02-17 13:05:00,3388.25,3388.5,3387.75,3387.75,204.0
2020-02-17 13:10:00,3387.5,3388.5,3387.5,3388.5,273.0
2020-02-17 13:15:00,3388.5,3388.75,3388.25,3388.25,332.0
2020-02-17 13:20:00,3388.0,3388.25,3387.25,3387.5,822.0
2020-02-17 13:25:00,3387.5,3387.75,3387.25,3387.5,331.0
2020-02-17 13:30:00,3387.5,3387.5,3387.0,3387.5,438.0
2020-02-17 13:35:00,3387.5,3387.75,3387.25,3387.75,336.0
2020-02-17 13:40:00,3387.75,3387.75,3387.0,3387.25,456.0
2020-02-17 13:45:00,3387.25,3387.25,3386.25,3386.75,763.0
2020-02-17 13:50:00,3386.75,3387.0,3386.5,3386.5,624.0
2020-02-17 13:55:00,3386.75,3387.0,3386.25,3386.5,809.0
2020-02-17 14:00:00,3386.75,3387.0,3386.0,3386.0,468.0
2020-02-17 14:05:00,3386.0,3386.25,3385.75,3386.25,660.0
2020-02-17 14:10:00,3386.25,3386.5,3385.75,3386.25,480.0
2020-02-17 14:15:00,3386.0,3386.75,3385.75,3386.5,626.0
2020-02-17 14:20:00,3386.5,3387.0,3386.25,3386.75,383.0
2020-02-17 14:25:00,3386.75,3387.0,3385.75,3386.5,472.0
2020-02-17 14:30:00,3386.5,3387.0,3386.25,3387.0,998.0
2020-02-17 14:35:00,3387.0,3387.25,3386.5,3386.75,1618.0
2020-02-17 14:40:00,3386.75,3387.25,3386.5,3386.75,824.0
2020-02-17 14:45:00,3386.75,3387.25,3386.0,3386.25,830.0
2020-02-17 14:50:00,3386.25,3386.5,3386.0,3386.5,587.0
2020-02-17 14:55:00,3386.5,3387.0,3386.5,3386.5,508.0
2020-02-17 15:00:00,3386.75,3387.0,3386.25,3386.5,854.0
2020-02-17 15:05:00,3386.5,3387.0,3386.0,3386.25,513.0
2020-02-17 15:10:00,3386.25,3386.75,3386.25,3386.75,515.0
2020-02-17 15:15:00,3386.5,3387.0,3386.5,3387.0,298.0
2020-02-17 15:20:00,3387.0,3387.0,3386.5,3386.75,358.0
2020-02-17 15:25:00,3386.75,3387.0,3386.5,3387.0,656.0
2020-02-17 15:30:00,3386.75,3387.0,3386.75,3386.75,489.0
2020-02-17 15:35:00,3386.75,3387.0,3386.5,3387.0,382.0
2020-02-17 15:40:00,3386.75,3387.0,3386.75,3387.0,355.0
2020-02-17 15:45:00,3386.75,3388.5,3386.75,3388.0,961.0
2020-02-17 15:50:00,3388.0,3388.25,3387.75,3387.75,431.0
2020-02-17 15:55:00,3387.75,3388.0,3387.25,3387.75,740.0
2020-02-17 16:00:00,3387.75,3388.5,3387.75,3388.25,1058.0
2020-02-17 16:05:00,3388.25,3388.25,3388.0,3388.25,404.0
2020-02-17 16:10:00,3388.5,3388.5,3388.0,3388.25,345.0
2020-02-17 16:15:00,3388.0,3388.25,3387.75,3388.0,581.0
2020-02-17 16:20:00,3388.25,3388.75,3388.0,3388.75,589.0
2020-02-17 16:25:00,3388.75,3389.25,3388.5,3389.25,1075.0
2020-02-17 16:30:00,3389.25,3389.25,3388.75,3389.0,944.0
2020-02-17 16:35:00,3389.0,3389.0,3388.5,3389.0,754.0
2020-02-17 16:40:00,3389.0,3389.0,3388.75,3389.0,251.0
2020-02-17 16:45:00,3388.75,3389.0,3388.75,3389.0,548.0
2020-02-17 16:50:00,3389.0,3389.25,3388.75,3388.75,554.0
2020-02-17 16:55:00,3388.5,3389.25,3388.5,3389.25,437.0
2020-02-17 17:00:00,3389.25,3389.75,3389.25,3389.25,510.0
2020-02-17 17:05:00,3389.25,3389.25,3388.75,3388.75,231.0
2020-02-17 17:10:00,3389.0,3389.0,3388.0,3388.0,648.0
2020-02-17 17:15:00,3388.25,3388.5,3387.75,3388.0,461.0
2020-02-17 17:20:00,3388.0,3388.25,3388.0,3388.0,165.0
2020-02-17 17:25:00,3388.0,3388.25,3387.75,3388.0,320.0
2020-02-17 17:30:00,3388.0,3388.25,3387.5,3388.0,440.0
2020-02-17 17:35:00,3388.0,3388.25,3387.75,3388.25,109.0
2020-02-17 17:40:00,3388.25,3388.5,3387.75,3388.25,308.0
2020-02-17 17:45:00,3388.5,3389.0,3388.5,3388.75,594.0
2020-02-17 17:50:00,3388.5,3389.0,3388.5,3389.0,377.0
2020-02-17 17:55:00,3388.75,3389.25,3388.5,3389.0,821.0
2020-02-17 18:00:00,3389.0,3389.0,3388.0,3388.0,362.0
2020-02-17 23:00:00,3378.25,3379.0,3372.75,3374.0,12255.0
2020-02-17 23:05:00,3373.75,3376.25,3372.0,3373.25,3808.0
2020-02-17 23:10:00,3373.25,3374.75,3372.0,3373.5,2956.0
2020-02-17 23:15:00,3373.5,3374.0,3372.75,3373.75,980.0
2020-02-17 23:20:00,3373.75,3374.75,3372.25,3372.75,1844.0
2020-02-17 23:25:00,3372.75,3374.25,3372.5,3373.75,1125.0
2020-02-17 23:30:00,3373.75,3375.5,3373.25,3375.0,1825.0
2020-02-17 23:35:00,3375.0,3376.0,3375.0,3375.25,893.0
2020-02-17 23:40:00,3375.25,3376.25,3375.0,3376.0,919.0
2020-02-17 23:45:00,3376.0,3376.75,3375.0,3375.0,1366.0
2020-02-17 23:50:00,3375.0,3376.5,3374.75,3376.0,938.0
2020-02-17 23:55:00,3376.25,3376.5,3375.25,3376.0,857.0
2020-02-18 00:00:00,3376.0,3376.25,3374.75,3375.75,1139.0
2020-02-18 00:05:00,3375.5,3375.5,3374.5,3374.75,1338.0
2020-02-18 00:10:00,3374.5,3376.25,3374.25,3375.25,1745.0
2020-02-18 00:15:00,3375.25,3375.5,3374.5,3374.75,712.0
2020-02-18 00:20:00,3374.75,3375.25,3373.0,3374.75,2062.0
2020-02-18 00:25:00,3374.75,3374.75,3374.0,3374.5,451.0
2020-02-18 00:30:00,3374.5,3375.5,3374.25,3375.0,1181.0
2020-02-18 00:35:00,3375.0,3375.5,3374.5,3374.75,369.0
2020-02-18 00:40:00,3374.75,3375.0,3374.0,3374.0,652.0
2020-02-18 00:45:00,3373.75,3374.75,3373.25,3373.75,1252.0
2020-02-18 00:50:00,3373.75,3374.5,3373.25,3374.5,1234.0
2020-02-18 00:55:00,3374.25,3375.0,3372.75,3373.0,2653.0
2020-02-18 01:00:00,3372.75,3374.25,3372.25,3374.0,2570.0
2020-02-18 01:05:00,3374.0,3374.0,3371.0,3371.75,3140.0
2020-02-18 01:10:00,3372.0,3372.0,3371.0,3371.5,1683.0
2020-02-18 01:15:00,3371.25,3373.0,3370.75,3373.0,2472.0
2020-02-18 01:20:00,3373.0,3373.25,3372.0,3372.5,891.0
2020-02-18 01:25:00,3372.25,3374.0,3371.75,3373.5,1210.0
2020-02-18 01:30:00,3373.5,3374.25,3372.75,3372.75,1493.0
2020-02-18 01:35:00,3373.0,3373.5,3372.0,3372.75,1208.0
2020-02-18 01:40:00,3372.5,3372.5,3371.5,3372.25,1101.0
2020-02-18 01:45:00,3372.0,3372.75,3371.0,3371.25,1087.0
2020-02-18 01:50:00,3371.25,3372.75,3371.25,3372.25,945.0
2020-02-18 01:55:00,3372.25,3373.25,3372.25,3373.0,795.0
2020-02-18 02:00:00,3373.0,3373.75,3371.75,3373.75,1385.0
2020-02-18 02:05:00,3373.75,3374.0,3372.75,3373.5,1212.0
2020-02-18 02:10:00,3373.75,3374.0,3372.5,3373.0,746.0
2020-02-18 02:15:00,3373.0,3373.25,3372.5,3373.0,900.0
2020-02-18 02:20:00,3373.0,3373.25,3372.5,3372.5,810.0
2020-02-18 02:25:00,3372.5,3372.5,3371.75,3371.75,747.0
2020-02-18 02:30:00,3371.75,3372.25,3370.5,3371.25,1786.0
2020-02-18 02:35:00,3371.25,3371.75,3370.75,3370.75,1137.0
2020-02-18 02:40:00,3370.75,3371.25,3370.25,3371.25,1321.0
2020-02-18 02:45:00,3371.25,3371.25,3369.5,3370.0,2635.0
2020-02-18 02:50:00,3369.75,3370.5,3368.5,3368.5,3907.0
2020-02-18 02:55:00,3368.75,3369.0,3367.25,3368.0,3103.0
2020-02-18 03:00:00,3368.25,3370.25,3368.0,3370.0,2330.0
2020-02-18 03:05:00,3370.0,3371.0,3369.75,3370.25,1752.0
2020-02-18 03:10:00,3370.5,3370.75,3370.0,3370.5,894.0
2020-02-18 03:15:00,3370.25,3370.75,3369.75,3370.0,1005.0
2020-02-18 03:20:00,3370.25,3370.5,3369.25,3370.0,1433.0
2020-02-18 03:25:00,3370.25,3371.25,3370.0,3371.0,618.0
2020-02-18 03:30:00,3371.0,3371.0,3370.25,3370.25,544.0
2020-02-18 03:35:00,3370.25,3370.75,3369.75,3370.0,536.0
2020-02-18 03:40:00,3370.0,3370.25,3369.75,3370.0,666.0
2020-02-18 03:45:00,3370.0,3370.25,3369.75,3369.75,343.0
2020-02-18 03:50:00,3369.75,3370.5,3369.75,3370.0,666.0
2020-02-18 03:55:00,3370.0,3370.25,3370.0,3370.0,493.0
2020-02-18 04:00:00,3370.0,3370.0,3369.5,3370.0,532.0
2020-02-18 04:05:00,3370.0,3370.25,3368.75,3369.0,913.0
2020-02-18 04:10:00,3369.0,3369.5,3368.75,3369.0,811.0
2020-02-18 04:15:00,3369.0,3370.25,3369.0,3370.0,907.0
2020-02-18 04:20:00,3370.25,3371.0,3370.0,3371.0,583.0
2020-02-18 04:25:00,3371.0,3371.25,3370.25,3370.25,477.0
2020-02-18 04:30:00,3370.5,3370.75,3370.0,3370.5,810.0
2020-02-18 04:35:00,3370.75,3370.75,3370.25,3370.75,438.0
2020-02-18 04:40:00,3370.75,3370.75,3370.0,3370.5,436.0
2020-02-18 04:45:00,3370.5,3371.25,3370.25,3371.0,521.0
2020-02-18 04:50:00,3371.25,3372.0,3370.75,3371.5,1038.0
2020-02-18 04:55:00,3371.75,3372.75,3371.5,3372.5,1307.0
2020-02-18 05:00:00,3372.5,3372.5,3371.0,3371.75,1318.0
2020-02-18 05:05:00,3371.75,3372.0,3371.5,3371.75,534.0
2020-02-18 05:10:00,3372.0,3372.0,3371.5,3371.75,327.0
2020-02-18 05:15:00,3371.5,3372.0,3370.75,3370.75,495.0
2020-02-18 05:20:00,3370.75,3371.0,3369.75,3370.25,1156.0
2020-02-18 05:25:00,3370.0,3371.0,3370.0,3370.75,497.0
2020-02-18 05:30:00,3370.75,3371.0,3370.25,3370.25,344.0
2020-02-18 05:35:00,3370.25,3371.5,3370.25,3371.5,284.0
2020-02-18 05:40:00,3371.5,3372.0,3371.25,3371.25,389.0
2020-02-18 05:45:00,3371.25,3371.75,3370.75,3371.25,379.0
2020-02-18 05:50:00,3371.5,3371.75,3371.0,3371.0,508.0
2020-02-18 05:55:00,3371.25,3372.0,3371.0,3371.5,660.0
2020-02-18 06:00:00,3371.5,3372.5,3371.25,3371.25,1130.0
2020-02-18 06:05:00,3371.25,3371.75,3371.0,3371.5,927.0
2020-02-18 06:10:00,3371.75,3372.5,3371.25,3371.75,936.0
2020-02-18 06:15:00,3371.75,3372.0,3370.5,3371.5,852.0
2020-02-18 06:20:00,3371.25,3371.75,3370.75,3370.75,187.0
2020-02-18 06:25:00,3371.0,3371.25,3370.5,3370.75,336.0
2020-02-18 06:30:00,3370.5,3371.25,3370.25,3370.75,875.0
2020-02-18 06:35:00,3370.75,3370.75,3370.25,3370.5,532.0
2020-02-18 06:40:00,3370.75,3371.0,3370.25,3370.5,434.0
2020-02-18 06:45:00,3370.5,3371.25,3370.25,3370.75,788.0
2020-02-18 06:50:00,3371.0,3371.0,3370.0,3370.25,764.0
2020-02-18 06:55:00,3370.25,3370.5,3369.75,3370.0,673.0
2020-02-18 07:00:00,3370.0,3370.25,3368.5,3368.75,2929.0
2020-02-18 07:05:00,3368.75,3369.75,3368.75,3369.5,1036.0
2020-02-18 07:10:00,3369.5,3369.75,3368.75,3369.0,985.0
2020-02-18 07:15:00,3369.0,3369.0,3367.25,3368.75,3060.0
2020-02-18 07:20:00,3368.75,3369.0,3368.25,3368.5,1260.0
2020-02-18 07:25:00,3368.5,3369.25,3368.25,3368.25,953.0
2020-02-18 07:30:00,3368.25,3369.0,3367.25,3367.5,1575.0
2020-02-18 07:35:00,3367.5,3367.5,3366.5,3367.0,2232.0
2020-02-18 07:40:00,3366.75,3367.0,3366.0,3366.25,1757.0
2020-02-18 07:45:00,3366.0,3367.0,3365.5,3367.0,2221.0
2020-02-18 07:50:00,3366.75,3367.0,3363.5,3363.75,4335.0
2020-02-18 07:55:00,3364.0,3365.0,3363.25,3364.75,2072.0
2020-02-18 08:00:00,3364.75,3365.75,3364.0,3365.5,3377.0
2020-02-18 08:05:00,3365.5,3368.5,3365.5,3368.0,4363.0
2020-02-18 08:10:00,3368.0,3371.75,3367.75,3370.25,6852.0
2020-02-18 08:15:00,3370.5,3371.5,3369.25,3370.25,3374.0
2020-02-18 08:20:00,3370.0,3370.5,3366.75,3367.75,3333.0
2020-02-18 08:25:00,3367.5,3367.75,3365.25,3365.25,2839.0
2020-02-18 08:30:00,3365.25,3368.75,3364.5,3367.25,3691.0
2020-02-18 08:35:00,3367.25,3367.75,3366.25,3366.25,1808.0
2020-02-18 08:40:00,3366.5,3368.0,3366.25,3366.75,1529.0
2020-02-18 08:45:00,3366.75,3367.5,3365.25,3365.75,1904.0
2020-02-18 08:50:00,3365.75,3367.0,3365.25,3367.0,1366.0
2020-02-18 08:55:00,3366.75,3368.0,3366.75,3367.75,1547.0
2020-02-18 09:00:00,3367.5,3368.0,3364.0,3364.25,3625.0
2020-02-18 09:05:00,3364.5,3365.75,3364.0,3365.25,2470.0
2020-02-18 09:10:00,3365.25,3365.5,3362.0,3362.5,4517.0
2020-02-18 09:15:00,3362.25,3363.0,3361.25,3362.5,3524.0
2020-02-18 09:20:00,3362.5,3363.25,3361.75,3362.0,1798.0
2020-02-18 09:25:00,3362.0,3364.0,3362.0,3363.25,1266.0
2020-02-18 09:30:00,3363.25,3363.75,3362.5,3363.25,1116.0
2020-02-18 09:35:00,3363.25,3363.75,3362.0,3362.5,1260.0
2020-02-18 09:40:00,3362.5,3364.75,3362.5,3364.75,1517.0
2020-02-18 09:45:00,3364.75,3364.75,3363.75,3364.25,1526.0
2020-02-18 09:50:00,3364.0,3364.75,3363.5,3364.75,1068.0
2020-02-18 09:55:00,3364.75,3364.75,3364.0,3364.5,554.0
2020-02-18 10:00:00,3364.75,3365.0,3362.5,3363.0,2245.0
2020-02-18 10:05:00,3363.0,3365.25,3362.75,3365.0,1536.0
2020-02-18 10:10:00,3364.75,3366.5,3364.75,3365.5,2759.0
2020-02-18 10:15:00,3365.5,3368.25,3365.25,3367.75,3922.0
2020-02-18 10:20:00,3367.75,3368.0,3366.5,3367.0,2330.0
2020-02-18 10:25:00,3367.0,3367.25,3366.0,3366.25,1050.0
2020-02-18 10:30:00,3366.25,3369.75,3365.75,3369.75,3538.0
2020-02-18 10:35:00,3369.5,3369.75,3366.25,3368.0,4942.0
2020-02-18 10:40:00,3367.75,3369.0,3367.25,3368.75,1696.0
2020-02-18 10:45:00,3368.5,3369.0,3368.0,3368.25,2233.0
2020-02-18 10:50:00,3368.25,3368.75,3367.5,3368.75,1901.0
2020-02-18 10:55:00,3368.75,3370.0,3368.5,3369.25,2064.0
2020-02-18 11:00:00,3369.0,3369.5,3366.75,3367.25,3500.0
2020-02-18 11:05:00,3367.25,3368.0,3367.0,3367.5,1195.0
2020-02-18 11:10:00,3367.75,3367.75,3367.0,3367.25,921.0
2020-02-18 11:15:00,3367.25,3367.5,3366.75,3367.25,1496.0
2020-02-18 11:20:00,3367.25,3368.25,3367.25,3367.25,633.0
2020-02-18 11:25:00,3367.25,3368.5,3367.0,3368.25,1184.0
2020-02-18 11:30:00,3368.25,3369.0,3367.0,3367.25,2498.0
2020-02-18 11:35:00,3367.0,3367.25,3366.25,3366.75,1256.0
2020-02-18 11:40:00,3366.75,3366.75,3365.5,3366.25,947.0
2020-02-18 11:45:00,3366.25,3366.5,3365.0,3366.0,1738.0
2020-02-18 11:50:00,3366.0,3366.5,3363.75,3365.0,2210.0
2020-02-18 11:55:00,3365.0,3365.25,3363.75,3364.25,1075.0
2020-02-18 12:00:00,3364.0,3365.0,3363.75,3364.75,1816.0
2020-02-18 12:05:00,3365.0,3365.75,3363.75,3364.0,1555.0
2020-02-18 12:10:00,3364.25,3365.5,3364.0,3364.25,1783.0
2020-02-18 12:15:00,3364.25,3364.5,3363.5,3364.0,1645.0
2020-02-18 12:20:00,3364.0,3364.5,3363.5,3364.25,1113.0
2020-02-18 12:25:00,3364.25,3368.25,3364.25,3367.0,4311.0
2020-02-18 12:30:00,3367.0,3367.5,3366.5,3367.25,1471.0
2020-02-18 12:35:00,3367.25,3367.25,3366.0,3366.75,1762.0
2020-02-18 12:40:00,3366.75,3367.0,3366.25,3366.75,1126.0
2020-02-18 12:45:00,3366.75,3367.0,3366.0,3366.5,880.0
2020-02-18 12:50:00,3366.5,3366.5,3365.0,3365.5,2314.0
2020-02-18 12:55:00,3365.5,3366.0,3364.75,3366.0,1518.0
2020-02-18 13:00:00,3366.0,3366.5,3365.5,3365.75,1670.0
2020-02-18 13:05:00,3365.75,3366.0,3365.25,3365.25,1089.0
2020-02-18 13:10:00,3365.25,3368.0,3364.5,3367.0,4759.0
2020-02-18 13:15:00,3367.0,3368.25,3366.75,3368.0,2999.0
2020-02-18 13:20:00,3367.75,3369.5,3367.75,3369.25,4108.0
2020-02-18 13:25:00,3369.25,3369.5,3368.0,3368.0,2669.0
2020-02-18 13:30:00,3368.0,3369.75,3367.75,3369.5,3833.0
2020-02-18 13:35:00,3369.25,3370.5,3368.25,3368.75,3314.0
2020-02-18 13:40:00,3368.5,3369.0,3368.0,3368.25,1923.0
2020-02-18 13:45:00,3368.5,3369.0,3367.5,3368.75,3822.0
2020-02-18 13:50:00,3368.75,3369.5,3368.0,3368.0,3441.0
2020-02-18 13:55:00,3368.0,3368.0,3366.75,3366.75,2941.0
2020-02-18 14:00:00,3367.0,3368.75,3367.0,3367.75,2392.0
2020-02-18 14:05:00,3367.75,3369.5,3367.5,3369.25,2090.0
2020-02-18 14:10:00,3369.0,3370.25,3369.0,3369.25,3053.0
2020-02-18 14:15:00,3369.25,3369.5,3369.0,3369.0,2365.0
2020-02-18 14:20:00,3369.0,3370.5,3368.75,3369.75,2897.0
2020-02-18 14:25:00,3369.75,3370.0,3367.75,3368.25,5875.0
2020-02-18 14:30:00,3368.0,3372.5,3367.0,3372.25,46053.0
2020-02-18 14:35:00,3372.0,3373.5,3368.0,3369.75,48945.0
2020-02-18 14:40:00,3370.0,3374.0,3368.5,3372.25,38118.0
2020-02-18 14:45:00,3372.0,3374.0,3371.25,3373.25,27389.0
2020-02-18 14:50:00,3373.25,3374.5,3370.5,3372.75,27038.0
2020-02-18 14:55:00,3373.0,3373.5,3371.0,3372.25,20897.0
2020-02-18 15:00:00,3372.0,3374.0,3371.25,3371.25,19574.0
2020-02-18 15:05:00,3371.25,3373.75,3369.5,3373.25,23278.0
2020-02-18 15:10:00,3373.25,3374.0,3372.75,3373.25,13200.0
2020-02-18 15:15:00,3373.25,3374.0,3370.25,3371.0,20859.0
2020-02-18 15:20:00,3370.75,3372.5,3370.25,3371.0,15951.0
2020-02-18 15:25:00,3370.75,3371.0,3367.25,3367.25,20568.0
2020-02-18 15:30:00,3367.25,3367.75,3362.5,3365.25,45004.0
2020-02-18 15:35:00,3365.25,3366.25,3363.25,3365.75,28266.0
2020-02-18 15:40:00,3365.75,3366.0,3363.75,3365.5,17989.0
2020-02-18 15:45:00,3365.5,3369.5,3365.5,3369.0,17374.0
2020-02-18 15:50:00,3369.0,3369.25,3367.5,3368.25,13499.0
2020-02-18 15:55:00,3368.5,3369.5,3367.0,3368.0,12763.0
2020-02-18 16:00:00,3368.0,3368.25,3365.5,3367.25,15735.0
2020-02-18 16:05:00,3367.25,3367.25,3363.0,3363.75,13358.0
2020-02-18 16:10:00,3363.75,3364.5,3361.75,3362.5,16303.0
2020-02-18 16:15:00,3362.5,3363.5,3361.25,3362.0,15474.0
2020-02-18 16:20:00,3362.0,3362.0,3359.0,3359.5,27707.0
2020-02-18 16:25:00,3359.25,3359.5,3356.5,3356.5,23031.0
2020-02-18 16:30:00,3356.5,3360.0,3356.5,3358.5,19710.0
2020-02-18 16:35:00,3358.25,3360.75,3358.25,3358.75,15888.0
2020-02-18 16:40:00,3359.0,3359.0,3355.75,3356.0,16862.0
2020-02-18 16:45:00,3356.0,3357.5,3355.25,3356.75,13907.0
2020-02-18 16:50:00,3356.5,3359.5,3355.75,3358.5,12519.0
2020-02-18 16:55:00,3358.5,3358.5,3355.25,3356.0,10649.0
2020-02-18 17:00:00,3356.0,3357.75,3355.25,3357.5,11132.0
2020-02-18 17:05:00,3357.5,3358.75,3356.5,3357.0,10321.0
2020-02-18 17:10:00,3357.0,3360.5,3356.75,3359.75,14734.0
2020-02-18 17:15:00,3359.75,3361.0,3359.5,3360.5,10871.0
2020-02-18 17:20:00,3360.5,3361.25,3359.75,3359.75,9667.0
2020-02-18 17:25:00,3359.75,3361.5,3359.5,3361.25,11215.0
2020-02-18 17:30:00,3361.0,3363.5,3360.25,3363.5,12776.0
2020-02-18 17:35:00,3363.5,3363.75,3363.0,3363.25,5004.0
2020-02-18 17:40:00,3363.25,3365.0,3363.25,3364.25,11906.0
2020-02-18 17:45:00,3364.0,3364.75,3363.5,3364.25,7526.0
2020-02-18 17:50:00,3364.25,3365.25,3363.75,3365.0,6740.0
2020-02-18 17:55:00,3364.75,3365.5,3364.25,3364.5,4933.0
2020-02-18 18:00:00,3364.5,3366.75,3364.5,3366.75,8224.0
2020-02-18 18:05:00,3366.75,3367.75,3366.25,3367.5,8087.0
2020-02-18 18:10:00,3367.75,3368.25,3367.0,3368.0,8993.0
2020-02-18 18:15:00,3367.75,3368.0,3366.5,3366.5,6837.0
2020-02-18 18:20:00,3366.75,3367.5,3366.25,3367.5,5888.0
2020-02-18 18:25:00,3367.5,3367.5,3366.75,3366.75,2869.0
2020-02-18 18:30:00,3366.75,3368.0,3366.75,3367.5,5014.0
2020-02-18 18:35:00,3367.5,3367.5,3365.0,3365.25,7310.0
2020-02-18 18:40:00,3365.25,3366.5,3364.75,3365.75,5291.0
2020-02-18 18:45:00,3366.0,3366.75,3364.75,3366.5,4184.0
2020-02-18 18:50:00,3366.25,3366.5,3363.75,3364.0,4657.0
2020-02-18 18:55:00,3364.0,3365.25,3363.5,3365.25,5505.0
2020-02-18 19:00:00,3365.0,3365.5,3364.0,3364.25,5427.0
2020-02-18 19:05:00,3364.25,3365.5,3364.0,3364.25,4639.0
2020-02-18 19:10:00,3364.25,3364.25,3362.5,3363.5,5992.0
2020-02-18 19:15:00,3363.5,3367.75,3363.5,3367.5,8807.0
2020-02-18 19:20:00,3367.5,3369.5,3366.5,3369.5,11347.0
2020-02-18 19:25:00,3369.5,3372.75,3368.75,3371.5,27597.0
2020-02-18 19:30:00,3371.75,3372.25,3370.25,3371.0,10525.0
2020-02-18 19:35:00,3370.75,3371.75,3370.0,3371.0,8703.0
2020-02-18 19:40:00,3371.0,3373.0,3370.0,3372.25,14357.0
2020-02-18 19:45:00,3372.5,3373.0,3371.75,3371.75,8093.0
2020-02-18 19:50:00,3371.5,3372.5,3371.25,3371.5,5562.0
2020-02-18 19:55:00,3371.5,3373.0,3371.0,3371.5,6934.0
2020-02-18 20:00:00,3371.5,3373.0,3371.25,3371.75,7876.0
2020-02-18 20:05:00,3371.75,3373.0,3371.5,3372.0,8286.0
2020-02-18 20:10:00,3372.0,3374.5,3371.75,3374.25,12435.0
2020-02-18 20:15:00,3374.25,3375.0,3372.5,3372.75,11054.0
2020-02-18 20:20:00,3373.0,3373.5,3371.25,3372.25,9855.0
2020-02-18 20:25:00,3372.25,3373.5,3370.5,3371.25,10620.0
2020-02-18 20:30:00,3371.25,3372.25,3369.5,3370.25,11656.0
2020-02-18 20:35:00,3370.5,3371.0,3369.5,3370.25,7260.0
2020-02-18 20:40:00,3370.0,3370.5,3369.0,3370.5,10268.0
2020-02-18 20:45:00,3370.5,3371.25,3368.5,3369.25,12815.0
2020-02-18 20:50:00,3369.5,3369.5,3367.25,3369.0,22931.0
2020-02-18 20:55:00,3369.0,3369.75,3367.5,3368.75,31969.0
2020-02-18 21:00:00,3369.0,3371.25,3368.75,3370.5,59320.0
2020-02-18 21:05:00,3370.5,3371.0,3369.0,3369.5,10736.0
2020-02-18 21:10:00,3369.5,3371.0,3369.0,3370.5,5355.0
2020-02-18 21:15:00,3370.75,3370.75,3368.5,3370.0,8709.0
2020-02-18 21:30:00,3370.0,3370.75,3369.75,3370.5,1380.0
2020-02-18 21:35:00,3370.5,3371.0,3370.5,3370.75,909.0
2020-02-18 21:40:00,3370.75,3370.75,3369.25,3369.25,1066.0
2020-02-18 21:45:00,3369.25,3370.0,3368.75,3370.0,880.0
2020-02-18 21:50:00,3370.0,3371.0,3369.75,3371.0,541.0
2020-02-18 21:55:00,3370.75,3371.75,3370.5,3371.0,1640.0
2020-02-18 22:00:00,3371.25,3371.25,3370.5,3370.75,344.0
2020-02-18 23:00:00,3372.0,3373.5,3370.75,3372.75,2374.0
2020-02-18 23:05:00,3372.5,3373.0,3372.25,3372.5,587.0
2020-02-18 23:10:00,3372.5,3373.0,3372.25,3373.0,175.0
2020-02-18 23:15:00,3373.0,3373.25,3373.0,3373.25,374.0
2020-02-18 23:20:00,3373.25,3373.75,3373.0,3373.75,615.0
2020-02-18 23:25:00,3373.75,3374.25,3373.5,3374.25,834.0
2020-02-18 23:30:00,3374.25,3374.75,3374.0,3374.0,840.0
2020-02-18 23:35:00,3374.25,3374.25,3373.5,3374.25,353.0
2020-02-18 23:40:00,3374.25,3374.5,3373.75,3374.5,493.0
2020-02-18 23:45:00,3374.75,3376.75,3374.75,3376.0,2431.0
2020-02-18 23:50:00,3376.0,3376.0,3375.25,3375.75,1018.0
2020-02-18 23:55:00,3375.75,3378.75,3375.75,3377.5,2307.0
2020-02-19 00:00:00,3377.5,3379.75,3377.5,3378.5,2795.0
2020-02-19 00:05:00,3378.5,3378.75,3377.0,3377.75,1144.0
2020-02-19 00:10:00,3377.5,3377.5,3376.25,3377.5,1609.0
2020-02-19 00:15:00,3377.25,3377.5,3375.75,3375.75,1278.0
2020-02-19 00:20:00,3375.75,3376.5,3375.5,3376.0,1060.0
2020-02-19 00:25:00,3376.0,3377.0,3375.5,3376.5,864.0
2020-02-19 00:30:00,3376.5,3377.25,3375.75,3376.5,1018.0
2020-02-19 00:35:00,3376.25,3377.0,3375.75,3376.5,546.0
2020-02-19 00:40:00,3376.5,3377.25,3376.5,3377.25,482.0
2020-02-19 00:45:00,3377.25,3377.25,3376.75,3376.75,667.0
2020-02-19 00:50:00,3376.75,3377.25,3376.0,3376.25,495.0
2020-02-19 00:55:00,3376.25,3377.0,3375.0,3375.25,1365.0
2020-02-19 01:00:00,3375.25,3376.5,3375.0,3376.25,813.0
2020-02-19 01:05:00,3376.0,3376.0,3373.5,3373.75,1935.0
2020-02-19 01:10:00,3373.75,3374.5,3373.25,3374.0,1427.0
2020-02-19 01:15:00,3374.0,3374.5,3372.25,3373.5,1982.0
2020-02-19 01:20:00,3373.25,3374.5,3373.0,3373.75,1097.0
2020-02-19 01:25:00,3373.75,3374.0,3372.75,3373.25,730.0
2020-02-19 01:30:00,3373.0,3374.75,3372.75,3374.75,1668.0
2020-02-19 01:35:00,3374.75,3375.25,3374.0,3375.0,1145.0
2020-02-19 01:40:00,3375.0,3375.5,3374.75,3375.25,1372.0
2020-02-19 01:45:00,3375.25,3377.0,3375.25,3376.75,1578.0
2020-02-19 01:50:00,3376.75,3377.0,3376.25,3376.25,659.0
2020-02-19 01:55:00,3376.5,3377.25,3376.0,3377.0,898.0
2020-02-19 02:00:00,3377.0,3377.25,3376.5,3376.75,888.0
2020-02-19 02:05:00,3376.75,3377.0,3376.25,3376.5,570.0
2020-02-19 02:10:00,3376.5,3378.75,3376.5,3378.5,1579.0
2020-02-19 02:15:00,3378.25,3380.0,3378.25,3379.75,2095.0
2020-02-19 02:20:00,3379.75,3379.75,3378.75,3378.75,1167.0
2020-02-19 02:25:00,3378.5,3379.25,3378.0,3378.5,849.0
2020-02-19 02:30:00,3378.5,3378.75,3378.0,3378.25,890.0
2020-02-19 02:35:00,3378.25,3378.75,3377.25,3378.0,939.0
2020-02-19 02:40:00,3377.75,3378.25,3377.5,3378.0,527.0
2020-02-19 02:45:00,3378.0,3378.25,3377.5,3377.5,452.0
2020-02-19 02:50:00,3377.75,3378.0,3377.25,3377.25,282.0
2020-02-19 02:55:00,3377.25,3377.75,3376.5,3377.75,968.0
2020-02-19 03:00:00,3377.75,3378.25,3377.0,3377.75,753.0
2020-02-19 03:05:00,3377.75,3378.5,3377.75,3378.25,362.0
2020-02-19 03:10:00,3378.25,3379.25,3378.0,3379.25,456.0
2020-02-19 03:15:00,3379.25,3381.0,3379.0,3379.75,2811.0
2020-02-19 03:20:00,3379.75,3380.75,3379.5,3380.5,525.0
2020-02-19 03:25:00,3380.5,3381.0,3379.75,3379.75,502.0
2020-02-19 03:30:00,3380.0,3380.25,3379.25,3379.75,580.0
2020-02-19 03:35:00,3379.75,3379.75,3379.25,3379.75,358.0
2020-02-19 03:40:00,3379.75,3380.0,3379.5,3380.0,371.0
2020-02-19 03:45:00,3380.0,3380.25,3379.25,3380.25,757.0
2020-02-19 03:50:00,3380.0,3380.75,3380.0,3380.5,378.0
2020-02-19 03:55:00,3380.5,3381.5,3380.5,3380.75,1554.0
2020-02-19 04:00:00,3380.75,3381.25,3380.25,3380.5,684.0
2020-02-19 04:05:00,3380.5,3381.5,3380.5,3381.5,488.0
2020-02-19 04:10:00,3381.25,3382.0,3381.25,3381.5,1020.0
2020-02-19 04:15:00,3381.5,3381.75,3381.0,3381.0,328.0
2020-02-19 04:20:00,3381.25,3381.5,3381.0,3381.25,508.0
2020-02-19 04:25:00,3381.0,3381.75,3381.0,3381.25,550.0
2020-02-19 04:30:00,3381.0,3381.25,3380.75,3380.75,204.0
2020-02-19 04:35:00,3380.75,3381.0,3380.0,3380.0,414.0
2020-02-19 04:40:00,3380.0,3381.0,3380.0,3380.75,493.0
2020-02-19 04:45:00,3380.75,3381.0,3380.0,3380.0,615.0
2020-02-19 04:50:00,3380.25,3380.25,3379.0,3379.25,1181.0
2020-02-19 04:55:00,3379.5,3379.5,3378.75,3378.75,996.0
2020-02-19 05:00:00,3378.75,3379.5,3378.75,3379.25,622.0
2020-02-19 05:05:00,3379.5,3380.0,3379.25,3379.25,431.0
2020-02-19 05:10:00,3379.5,3379.75,3379.0,3379.25,392.0
2020-02-19 05:15:00,3379.25,3379.5,3378.75,3379.0,514.0
2020-02-19 05:20:00,3378.75,3379.25,3378.5,3379.0,633.0
2020-02-19 05:25:00,3379.0,3379.25,3378.5,3378.75,488.0
2020-02-19 05:30:00,3379.0,3379.0,3378.25,3378.75,555.0
2020-02-19 05:35:00,3378.5,3379.25,3378.25,3379.0,488.0
2020-02-19 05:40:00,3379.0,3379.25,3378.75,3379.0,424.0
2020-02-19 05:45:00,3379.0,3379.25,3378.5,3379.0,523.0
2020-02-19 05:50:00,3379.0,3380.0,3378.75,3379.25,429.0
2020-02-19 05:55:00,3379.25,3379.75,3378.75,3379.0,668.0
2020-02-19 06:00:00,3379.25,3379.5,3377.75,3378.25,1238.0
2020-02-19 06:05:00,3378.0,3378.5,3378.0,3378.5,402.0
2020-02-19 06:10:00,3378.5,3378.5,3377.25,3378.0,1225.0
2020-02-19 06:15:00,3378.0,3378.0,3377.5,3377.75,326.0
2020-02-19 06:20:00,3377.75,3378.5,3377.75,3378.25,186.0
2020-02-19 06:25:00,3378.0,3378.75,3377.5,3378.75,322.0
2020-02-19 06:30:00,3378.75,3379.0,3378.5,3378.5,348.0
2020-02-19 06:35:00,3378.5,3378.5,3378.0,3378.25,205.0
2020-02-19 06:40:00,3378.25,3378.75,3378.25,3378.5,235.0
2020-02-19 06:45:00,3378.25,3378.5,3377.75,3377.75,334.0
2020-02-19 06:50:00,3378.0,3378.25,3377.25,3378.0,270.0
2020-02-19 06:55:00,3378.25,3378.5,3378.0,3378.5,318.0
2020-02-19 07:00:00,3378.25,3378.5,3377.25,3378.25,543.0
2020-02-19 07:05:00,3378.0,3378.5,3377.5,3377.5,506.0
2020-02-19 07:10:00,3377.75,3378.5,3377.5,3377.75,995.0
2020-02-19 07:15:00,3378.0,3378.5,3377.75,3378.25,817.0
2020-02-19 07:20:00,3378.5,3379.0,3377.75,3379.0,838.0
2020-02-19 07:25:00,3379.0,3379.5,3378.5,3379.0,1277.0
2020-02-19 07:30:00,3379.0,3379.25,3378.5,3379.25,943.0
2020-02-19 07:35:00,3379.25,3380.75,3378.25,3379.0,2572.0
2020-02-19 07:40:00,3379.0,3379.0,3378.0,3378.5,1875.0
2020-02-19 07:45:00,3378.5,3379.5,3378.5,3378.75,839.0
2020-02-19 07:50:00,3379.0,3380.0,3379.0,3380.0,653.0
2020-02-19 07:55:00,3379.75,3380.5,3379.0,3380.0,1161.0
2020-02-19 08:00:00,3379.75,3380.25,3377.75,3377.75,4431.0
2020-02-19 08:05:00,3377.75,3377.75,3374.5,3375.5,6054.0
2020-02-19 08:10:00,3375.75,3376.5,3374.5,3375.25,2719.0
2020-02-19 08:15:00,3375.25,3376.25,3375.0,3375.25,1712.0
2020-02-19 08:20:00,3375.25,3376.25,3375.0,3376.0,1222.0
2020-02-19 08:25:00,3376.0,3376.25,3374.75,3375.0,1115.0
2020-02-19 08:30:00,3374.75,3375.5,3374.0,3375.5,2189.0
2020-02-19 08:35:00,3375.5,3376.5,3375.5,3376.25,1361.0
2020-02-19 08:40:00,3376.25,3376.75,3375.0,3376.75,1685.0
2020-02-19 08:45:00,3376.75,3377.25,3375.0,3375.75,1873.0
2020-02-19 08:50:00,3375.75,3376.25,3375.25,3376.0,1001.0
2020-02-19 08:55:00,3376.25,3376.5,3375.5,3376.0,797.0
2020-02-19 09:00:00,3376.0,3377.5,3376.0,3376.5,2396.0
2020-02-19 09:05:00,3376.75,3377.75,3376.5,3377.25,1316.0
2020-02-19 09:10:00,3377.0,3378.0,3376.5,3377.25,2427.0
2020-02-19 09:15:00,3377.5,3378.25,3376.75,3378.0,1902.0
2020-02-19 09:20:00,3378.0,3378.25,3377.5,3378.0,1453.0
2020-02-19 09:25:00,3378.0,3378.5,3377.75,3378.0,1666.0
2020-02-19 09:30:00,3377.75,3378.5,3377.5,3378.0,906.0
2020-02-19 09:35:00,3378.0,3378.5,3376.5,3376.5,1560.0
2020-02-19 09:40:00,3376.75,3377.25,3376.0,3376.25,2305.0
2020-02-19 09:45:00,3376.25,3376.75,3375.75,3376.75,857.0
2020-02-19 09:50:00,3376.75,3377.5,3376.75,3377.25,799.0
2020-02-19 09:55:00,3377.25,3377.25,3376.25,3377.0,950.0
2020-02-19 10:00:00,3377.0,3377.0,3376.25,3376.5,587.0
2020-02-19 10:05:00,3376.5,3376.5,3375.75,3376.5,1299.0
2020-02-19 10:10:00,3376.5,3376.5,3376.0,3376.25,575.0
2020-02-19 10:15:00,3376.25,3377.0,3376.0,3377.0,713.0
2020-02-19 10:20:00,3377.0,3377.25,3376.25,3376.75,894.0
2020-02-19 10:25:00,3376.75,3377.25,3376.5,3377.0,543.0
2020-02-19 10:30:00,3377.25,3378.0,3376.75,3377.5,1740.0
2020-02-19 10:35:00,3377.5,3377.5,3376.75,3377.25,818.0
2020-02-19 10:40:00,3377.0,3377.5,3376.5,3377.25,691.0
2020-02-19 10:45:00,3377.25,3377.5,3376.25,3376.25,829.0
2020-02-19 10:50:00,3376.5,3377.5,3376.25,3377.25,832.0
2020-02-19 10:55:00,3377.25,3377.5,3377.0,3377.25,707.0
2020-02-19 11:00:00,3377.5,3377.5,3376.25,3376.75,690.0
2020-02-19 11:05:00,3377.0,3377.25,3376.25,3376.25,1224.0
2020-02-19 11:10:00,3376.0,3377.25,3375.75,3377.25,950.0
2020-02-19 11:15:00,3377.25,3377.25,3376.0,3376.25,1022.0
2020-02-19 11:20:00,3376.5,3377.0,3376.0,3376.75,1084.0
2020-02-19 11:25:00,3376.75,3377.0,3376.75,3376.75,806.0
2020-02-19 11:30:00,3377.0,3377.25,3376.0,3376.0,751.0
2020-02-19 11:35:00,3376.0,3376.75,3376.0,3376.25,1269.0
2020-02-19 11:40:00,3376.25,3376.5,3375.5,3376.5,560.0
2020-02-19 11:45:00,3376.25,3376.5,3375.0,3376.0,1172.0
2020-02-19 11:50:00,3376.0,3377.25,3376.0,3376.75,836.0
2020-02-19 11:55:00,3377.0,3378.0,3376.75,3377.5,1975.0
2020-02-19 12:00:00,3377.5,3378.0,3377.25,3377.75,697.0
2020-02-19 12:05:00,3377.75,3378.25,3377.25,3378.0,1971.0
2020-02-19 12:10:00,3378.0,3378.75,3377.75,3378.75,1495.0
2020-02-19 12:15:00,3378.5,3379.5,3378.5,3379.25,4640.0
2020-02-19 12:20:00,3379.25,3379.25,3378.25,3378.25,2385.0
2020-02-19 12:25:00,3378.25,3378.75,3377.75,3377.75,1801.0
2020-02-19 12:30:00,3378.0,3378.75,3377.75,3378.5,1233.0
2020-02-19 12:35:00,3378.75,3378.75,3378.0,3378.5,1498.0
2020-02-19 12:40:00,3378.25,3378.75,3378.0,3378.5,1306.0
2020-02-19 12:45:00,3378.5,3379.5,3378.25,3378.75,3347.0
2020-02-19 12:50:00,3378.75,3379.75,3378.5,3379.5,1288.0
2020-02-19 12:55:00,3379.25,3380.5,3378.75,3380.0,2712.0
2020-02-19 13:00:00,3379.75,3380.25,3379.5,3379.75,1856.0
2020-02-19 13:05:00,3379.5,3379.75,3378.5,3378.5,1545.0
2020-02-19 13:10:00,3378.25,3378.75,3377.5,3378.5,3762.0
2020-02-19 13:15:00,3378.5,3378.75,3378.0,3378.5,725.0
2020-02-19 13:20:00,3378.75,3380.25,3378.5,3379.25,2408.0
2020-02-19 13:25:00,3379.25,3379.25,3378.5,3378.75,944.0
2020-02-19 13:30:00,3378.75,3379.25,3377.75,3378.25,2234.0
2020-02-19 13:35:00,3378.25,3379.5,3378.0,3379.0,2693.0
2020-02-19 13:40:00,3378.75,3379.0,3378.0,3379.0,1645.0
2020-02-19 13:45:00,3379.25,3380.75,3378.5,3380.5,3603.0
2020-02-19 13:50:00,3380.25,3380.75,3379.5,3379.75,3503.0
2020-02-19 13:55:00,3379.75,3380.5,3379.5,3380.25,1615.0
2020-02-19 14:00:00,3380.0,3380.5,3379.75,3380.25,2439.0
2020-02-19 14:05:00,3380.25,3381.75,3380.25,3381.5,4326.0
2020-02-19 14:10:00,3381.25,3381.5,3380.75,3381.25,1782.0
2020-02-19 14:15:00,3381.25,3381.75,3381.0,3381.5,2600.0
2020-02-19 14:20:00,3381.75,3382.0,3380.5,3381.25,3136.0
2020-02-19 14:25:00,3381.25,3381.5,3380.5,3380.75,2383.0
2020-02-19 14:30:00,3381.0,3384.25,3377.75,3378.0,55886.0
2020-02-19 14:35:00,3378.0,3383.0,3377.75,3381.5,39149.0
2020-02-19 14:40:00,3381.5,3384.5,3381.5,3383.5,26625.0
2020-02-19 14:45:00,3383.5,3384.75,3382.5,3384.5,16042.0
2020-02-19 14:50:00,3384.5,3387.25,3384.0,3387.0,27328.0
2020-02-19 14:55:00,3386.75,3387.0,3384.0,3384.25,17675.0
2020-02-19 15:00:00,3384.0,3385.0,3382.75,3383.25,20750.0
2020-02-19 15:05:00,3383.25,3384.75,3383.0,3384.0,14553.0
2020-02-19 15:10:00,3384.0,3384.5,3382.5,3382.5,10805.0
2020-02-19 15:15:00,3382.5,3384.5,3382.5,3383.25,12237.0
2020-02-19 15:20:00,3383.5,3386.25,3382.75,3386.0,11202.0
2020-02-19 15:25:00,3386.25,3386.25,3383.0,3383.75,14035.0
2020-02-19 15:30:00,3384.0,3386.25,3384.0,3385.5,10634.0
2020-02-19 15:35:00,3385.5,3385.75,3384.0,3385.25,12259.0
2020-02-19 15:40:00,3385.0,3386.5,3384.75,3386.0,10727.0
2020-02-19 15:45:00,3386.0,3386.5,3385.25,3386.0,6951.0
2020-02-19 15:50:00,3386.0,3387.0,3385.25,3386.5,14743.0
2020-02-19 15:55:00,3386.5,3388.25,3386.25,3387.25,14553.0
2020-02-19 16:00:00,3387.25,3389.25,3387.0,3389.0,15652.0
2020-02-19 16:05:00,3389.0,3390.0,3388.75,3389.75,10387.0
2020-02-19 16:10:00,3389.75,3390.25,3389.25,3390.25,13254.0
2020-02-19 16:15:00,3390.0,3391.0,3389.75,3390.5,12482.0
2020-02-19 16:20:00,3390.5,3391.5,3390.0,3390.75,10838.0
2020-02-19 16:25:00,3391.0,3391.5,3390.25,3390.75,9364.0
2020-02-19 16:30:00,3390.75,3391.25,3389.75,3389.75,10951.0
2020-02-19 16:35:00,3390.0,3391.0,3389.75,3391.0,7533.0
2020-02-19 16:40:00,3390.75,3391.0,3388.75,3389.0,9037.0
2020-02-19 16:45:00,3388.75,3390.25,3388.5,3390.25,9961.0
2020-02-19 16:50:00,3390.25,3390.5,3389.5,3389.5,5320.0
2020-02-19 16:55:00,3389.75,3390.0,3388.75,3389.25,5509.0
2020-02-19 17:00:00,3389.0,3390.0,3388.5,3389.0,5984.0
2020-02-19 17:05:00,3389.25,3389.75,3388.5,3389.25,3387.0
2020-02-19 17:10:00,3389.25,3390.0,3388.5,3390.0,4325.0
2020-02-19 17:15:00,3390.0,3391.0,3389.5,3391.0,4607.0
2020-02-19 17:20:00,3391.0,3392.0,3390.75,3391.5,9581.0
2020-02-19 17:25:00,3391.5,3391.5,3390.25,3390.25,6136.0
2020-02-19 17:30:00,3390.5,3391.25,3390.0,3391.0,3602.0
2020-02-19 17:35:00,3391.25,3391.5,3390.75,3391.0,4370.0
2020-02-19 17:40:00,3391.25,3391.25,3390.5,3391.25,3268.0
2020-02-19 17:45:00,3391.25,3392.25,3390.75,3391.75,5397.0
2020-02-19 17:50:00,3392.0,3392.25,3390.75,3391.0,7900.0
2020-02-19 17:55:00,3391.25,3391.5,3390.25,3390.5,4218.0
2020-02-19 18:00:00,3390.75,3391.25,3390.25,3391.0,5104.0
2020-02-19 18:05:00,3391.25,3391.5,3390.75,3391.25,2892.0
2020-02-19 18:10:00,3391.0,3391.0,3390.0,3390.5,2949.0
2020-02-19 18:15:00,3390.25,3391.0,3390.0,3390.75,3410.0
2020-02-19 18:20:00,3390.75,3391.0,3389.75,3390.0,2752.0
2020-02-19 18:25:00,3390.0,3390.75,3389.75,3390.75,2925.0
2020-02-19 18:30:00,3390.75,3391.0,3389.75,3389.75,2661.0
2020-02-19 18:35:00,3389.75,3390.75,3389.25,3389.5,4477.0
2020-02-19 18:40:00,3389.5,3390.0,3389.25,3389.75,1612.0
2020-02-19 18:45:00,3390.0,3391.0,3389.75,3390.0,3905.0
2020-02-19 18:50:00,3390.0,3390.25,3389.5,3390.0,2647.0
2020-02-19 18:55:00,3390.25,3390.25,3388.25,3389.0,7633.0
2020-02-19 19:00:00,3389.0,3390.5,3388.0,3389.0,10521.0
2020-02-19 19:05:00,3389.0,3391.25,3388.75,3390.75,6822.0
2020-02-19 19:10:00,3390.75,3391.5,3390.5,3390.5,5406.0
2020-02-19 19:15:00,3390.5,3391.75,3390.5,3391.25,5718.0
2020-02-19 19:20:00,3391.5,3391.5,3390.0,3390.25,4411.0
2020-02-19 19:25:00,3390.25,3391.0,3390.0,3390.75,3250.0
2020-02-19 19:30:00,3391.0,3391.25,3390.5,3390.75,4255.0
2020-02-19 19:35:00,3390.75,3391.75,3390.5,3391.75,2854.0
2020-02-19 19:40:00,3391.75,3392.0,3391.25,3391.75,2737.0
2020-02-19 19:45:00,3391.75,3393.75,3391.5,3392.75,11874.0
2020-02-19 19:50:00,3392.75,3393.25,3392.0,3392.25,3618.0
2020-02-19 19:55:00,3392.0,3392.5,3391.0,3391.75,6832.0
2020-02-19 20:00:00,3391.5,3392.25,3391.0,3391.25,6275.0
2020-02-19 20:05:00,3391.25,3391.5,3389.5,3389.75,9433.0
2020-02-19 20:10:00,3389.75,3390.25,3388.0,3388.5,11691.0
2020-02-19 20:15:00,3388.75,3390.0,3388.25,3390.0,7897.0
2020-02-19 20:20:00,3389.75,3390.25,3388.75,3389.0,6435.0
2020-02-19 20:25:00,3389.25,3390.25,3389.0,3389.0,5484.0
2020-02-19 20:30:00,3389.25,3390.25,3388.75,3389.0,7197.0
2020-02-19 20:35:00,3389.0,3389.25,3387.5,3387.75,9339.0
2020-02-19 20:40:00,3387.75,3389.0,3387.0,3388.75,9097.0
2020-02-19 20:45:00,3388.75,3389.0,3386.75,3387.25,15505.0
2020-02-19 20:50:00,3387.25,3387.75,3385.25,3387.25,29583.0
2020-02-19 20:55:00,3387.25,3388.25,3386.5,3387.75,27580.0
2020-02-19 21:00:00,3387.75,3389.5,3385.75,3388.0,71988.0
2020-02-19 21:05:00,3388.25,3389.0,3386.25,3387.5,15018.0
2020-02-19 21:10:00,3387.25,3388.5,3387.25,3387.75,8050.0
2020-02-19 21:15:00,3387.5,3388.25,3386.5,3386.5,4508.0
2020-02-19 21:30:00,3386.5,3388.25,3386.25,3388.0,2806.0
2020-02-19 21:35:00,3387.75,3388.0,3387.25,3387.75,1148.0
2020-02-19 21:40:00,3387.5,3387.5,3386.75,3387.5,617.0
2020-02-19 21:45:00,3387.25,3388.0,3387.25,3387.5,718.0
2020-02-19 21:50:00,3387.5,3387.75,3387.25,3387.5,461.0
2020-02-19 21:55:00,3387.75,3388.25,3387.5,3388.25,616.0
2020-02-19 22:00:00,3388.25,3388.5,3388.0,3388.25,779.0
2020-02-19 23:00:00,3391.75,3391.75,3389.25,3390.25,4002.0
2020-02-19 23:05:00,3390.25,3390.5,3388.75,3389.25,1755.0
2020-02-19 23:10:00,3389.0,3390.25,3389.0,3390.25,1121.0
2020-02-19 23:15:00,3390.25,3390.5,3389.5,3390.0,754.0
2020-02-19 23:20:00,3389.75,3390.0,3389.5,3389.75,364.0
2020-02-19 23:25:00,3389.75,3390.5,3389.75,3390.25,730.0
2020-02-19 23:30:00,3390.25,3391.25,3389.5,3390.75,1038.0
2020-02-19 23:35:00,3391.0,3391.5,3390.75,3391.0,1604.0
2020-02-19 23:40:00,3391.0,3391.75,3391.0,3391.25,610.0
2020-02-19 23:45:00,3391.5,3392.0,3391.25,3391.25,1315.0
2020-02-19 23:50:00,3391.5,3391.75,3390.75,3391.5,578.0
2020-02-19 23:55:00,3391.5,3392.0,3391.5,3391.75,701.0
2020-02-20 00:00:00,3391.75,3397.5,3391.5,3396.75,6796.0
2020-02-20 00:05:00,3396.5,3397.5,3394.75,3395.0,4044.0
2020-02-20 00:10:00,3395.0,3395.75,3394.25,3394.25,1538.0
2020-02-20 00:15:00,3394.25,3395.75,3394.0,3395.25,1694.0
2020-02-20 00:20:00,3395.25,3395.75,3394.25,3394.25,1422.0
2020-02-20 00:25:00,3394.25,3396.0,3394.25,3395.75,1098.0
2020-02-20 00:30:00,3396.0,3396.5,3395.0,3395.5,1558.0
2020-02-20 00:35:00,3395.25,3395.5,3394.75,3395.5,709.0
2020-02-20 00:40:00,3395.5,3395.5,3394.5,3394.75,1202.0
2020-02-20 00:45:00,3394.75,3395.75,3394.5,3395.25,1079.0
2020-02-20 00:50:00,3395.25,3396.0,3395.25,3395.25,743.0
2020-02-20 00:55:00,3395.25,3395.75,3394.75,3395.25,603.0
2020-02-20 01:00:00,3395.0,3395.5,3394.75,3395.0,1159.0
2020-02-20 01:05:00,3395.0,3395.5,3394.5,3395.0,1124.0
2020-02-20 01:10:00,3395.0,3396.0,3394.75,3395.5,1277.0
2020-02-20 01:15:00,3395.5,3395.5,3394.25,3394.25,2313.0
2020-02-20 01:20:00,3394.25,3395.0,3393.75,3394.5,1398.0
2020-02-20 01:25:00,3394.25,3394.75,3393.75,3394.5,839.0
2020-02-20 01:30:00,3394.75,3395.25,3391.75,3392.25,2556.0
2020-02-20 01:35:00,3392.0,3393.5,3391.75,3392.75,2100.0
2020-02-20 01:40:00,3392.75,3394.5,3392.75,3394.25,1110.0
2020-02-20 01:45:00,3394.5,3394.75,3393.5,3393.75,892.0
2020-02-20 01:50:00,3393.75,3393.75,3392.75,3393.0,821.0
2020-02-20 01:55:00,3393.0,3393.0,3389.5,3390.0,2771.0
2020-02-20 02:00:00,3390.25,3390.25,3388.5,3389.75,2537.0
2020-02-20 02:05:00,3389.75,3390.0,3388.75,3390.0,1682.0
2020-02-20 02:10:00,3389.75,3389.75,3387.25,3387.5,2425.0
2020-02-20 02:15:00,3387.5,3388.5,3387.0,3387.5,1666.0
2020-02-20 02:20:00,3387.5,3388.0,3386.0,3387.0,1368.0
2020-02-20 02:25:00,3387.0,3387.75,3386.25,3387.25,1495.0
2020-02-20 02:30:00,3387.25,3388.0,3386.5,3387.25,1788.0
2020-02-20 02:35:00,3387.5,3387.5,3383.0,3384.75,4574.0
2020-02-20 02:40:00,3385.0,3385.0,3381.25,3382.25,5010.0
2020-02-20 02:45:00,3382.25,3384.0,3381.25,3383.75,2475.0
2020-02-20 02:50:00,3383.75,3384.0,3382.75,3383.25,2810.0
2020-02-20 02:55:00,3383.25,3384.25,3382.75,3383.0,1151.0
2020-02-20 03:00:00,3383.0,3384.0,3382.0,3383.5,1761.0
2020-02-20 03:05:00,3383.75,3384.25,3383.25,3383.5,1139.0
2020-02-20 03:10:00,3383.5,3384.75,3383.5,3384.5,1011.0
2020-02-20 03:15:00,3384.75,3385.0,3383.25,3383.25,1391.0
2020-02-20 03:20:00,3383.5,3384.0,3382.0,3382.25,1618.0
2020-02-20 03:25:00,3382.25,3383.0,3378.25,3378.5,4378.0
2020-02-20 03:30:00,3378.5,3379.25,3376.75,3377.25,4084.0
2020-02-20 03:35:00,3377.25,3379.5,3377.25,3379.25,1864.0
2020-02-20 03:40:00,3379.0,3379.5,3378.5,3378.75,962.0
2020-02-20 03:45:00,3379.0,3380.25,3379.0,3379.25,1227.0
2020-02-20 03:50:00,3379.5,3379.75,3377.5,3378.0,1836.0
2020-02-20 03:55:00,3377.75,3379.0,3377.25,3378.75,2001.0
2020-02-20 04:00:00,3378.75,3378.75,3376.5,3378.5,2200.0
2020-02-20 04:05:00,3378.5,3379.5,3378.5,3379.5,1298.0
2020-02-20 04:10:00,3379.5,3380.25,3379.5,3379.75,1118.0
2020-02-20 04:15:00,3379.75,3381.0,3379.5,3381.0,773.0
2020-02-20 04:20:00,3380.75,3381.5,3380.5,3380.5,1530.0
2020-02-20 04:25:00,3380.5,3381.5,3380.5,3381.0,1017.0
2020-02-20 04:30:00,3381.0,3381.0,3380.25,3380.5,971.0
2020-02-20 04:35:00,3380.25,3381.0,3380.0,3380.25,907.0
2020-02-20 04:40:00,3380.25,3381.25,3380.25,3381.0,790.0
2020-02-20 04:45:00,3381.25,3382.5,3381.25,3381.75,1270.0
2020-02-20 04:50:00,3381.75,3382.5,3381.75,3382.25,579.0
2020-02-20 04:55:00,3382.25,3383.0,3382.0,3382.5,863.0
2020-02-20 05:00:00,3382.5,3383.0,3382.25,3382.25,473.0
2020-02-20 05:05:00,3382.25,3383.5,3382.0,3383.25,627.0
2020-02-20 05:10:00,3383.5,3383.5,3381.5,3382.0,1075.0
2020-02-20 05:15:00,3382.0,3383.0,3381.75,3383.0,785.0
2020-02-20 05:20:00,3383.0,3383.25,3382.25,3382.5,625.0
2020-02-20 05:25:00,3382.5,3383.0,3382.0,3382.25,646.0
2020-02-20 05:30:00,3382.5,3382.75,3381.75,3382.25,588.0
2020-02-20 05:35:00,3382.25,3382.5,3381.5,3382.25,1213.0
2020-02-20 05:40:00,3382.25,3382.5,3382.0,3382.5,1214.0
2020-02-20 05:45:00,3382.5,3385.0,3382.25,3384.75,1737.0
2020-02-20 05:50:00,3384.75,3384.75,3383.75,3383.75,1447.0
2020-02-20 05:55:00,3383.75,3384.75,3383.75,3383.75,814.0
2020-02-20 06:00:00,3384.0,3384.25,3383.25,3383.25,2113.0
2020-02-20 06:05:00,3383.25,3385.0,3383.25,3384.5,1728.0
2020-02-20 06:10:00,3384.5,3384.5,3383.25,3383.5,2913.0
2020-02-20 06:15:00,3383.25,3386.75,3383.25,3386.25,3474.0
2020-02-20 06:20:00,3386.5,3387.0,3386.0,3386.5,1096.0
2020-02-20 06:25:00,3386.5,3386.5,3385.5,3385.5,1448.0
2020-02-20 06:30:00,3385.75,3386.5,3385.5,3386.25,510.0
2020-02-20 06:35:00,3386.5,3386.75,3386.0,3386.75,1156.0
2020-02-20 06:40:00,3386.75,3387.25,3385.75,3386.0,1314.0
2020-02-20 06:45:00,3386.0,3386.75,3385.75,3386.0,453.0
2020-02-20 06:50:00,3386.0,3386.0,3385.5,3386.0,335.0
2020-02-20 06:55:00,3386.0,3386.25,3385.75,3386.25,298.0
2020-02-20 07:00:00,3386.25,3386.5,3385.0,3385.75,931.0
2020-02-20 07:05:00,3385.75,3386.25,3385.75,3386.0,692.0
2020-02-20 07:10:00,3386.0,3387.75,3386.0,3386.75,1250.0
2020-02-20 07:15:00,3387.0,3388.5,3387.0,3388.5,1060.0
2020-02-20 07:20:00,3388.75,3391.25,3388.75,3390.5,3780.0
2020-02-20 07:25:00,3390.5,3390.5,3389.25,3389.5,1823.0
2020-02-20 07:30:00,3389.5,3390.25,3389.25,3389.75,3658.0
2020-02-20 07:35:00,3389.75,3390.0,3388.5,3389.25,3114.0
2020-02-20 07:40:00,3389.25,3389.75,3388.5,3389.5,3246.0
2020-02-20 07:45:00,3389.25,3390.0,3388.5,3390.0,1293.0
2020-02-20 07:50:00,3390.0,3390.25,3389.25,3389.5,2460.0
2020-02-20 07:55:00,3389.75,3390.5,3389.5,3390.0,3610.0
2020-02-20 08:00:00,3390.0,3390.25,3387.25,3387.5,5971.0
2020-02-20 08:05:00,3387.5,3388.0,3386.0,3387.75,3356.0
2020-02-20 08:10:00,3387.75,3387.75,3386.75,3387.5,2472.0
2020-02-20 08:15:00,3387.75,3387.75,3384.25,3385.0,3897.0
2020-02-20 08:20:00,3384.75,3385.25,3381.75,3382.0,3342.0
2020-02-20 08:25:00,3382.0,3382.0,3380.0,3381.0,4026.0
2020-02-20 08:30:00,3381.0,3382.75,3381.0,3382.0,2331.0
2020-02-20 08:35:00,3382.25,3382.5,3380.25,3381.25,4111.0
2020-02-20 08:40:00,3381.25,3382.5,3380.75,3382.5,5082.0
2020-02-20 08:45:00,3382.75,3383.0,3382.25,3383.0,3886.0
2020-02-20 08:50:00,3383.0,3383.25,3381.75,3382.0,3923.0
2020-02-20 08:55:00,3382.25,3383.5,3382.0,3382.5,2155.0
2020-02-20 09:00:00,3382.5,3383.75,3382.25,3383.5,1864.0
2020-02-20 09:05:00,3383.5,3384.25,3383.25,3384.25,1578.0
2020-02-20 09:10:00,3384.0,3385.5,3383.5,3385.0,1640.0
2020-02-20 09:15:00,3385.0,3385.5,3384.0,3384.0,3355.0
2020-02-20 09:20:00,3384.0,3384.75,3381.75,3382.0,3562.0
2020-02-20 09:25:00,3381.75,3382.5,3381.25,3382.25,1966.0
2020-02-20 09:30:00,3382.25,3383.75,3382.0,3383.75,1419.0
2020-02-20 09:35:00,3383.75,3384.25,3383.5,3384.0,1070.0
2020-02-20 09:40:00,3384.25,3385.75,3384.0,3385.0,1579.0
2020-02-20 09:45:00,3385.0,3385.25,3384.25,3384.5,991.0
2020-02-20 09:50:00,3384.5,3385.25,3384.25,3384.5,889.0
2020-02-20 09:55:00,3384.75,3386.0,3384.5,3385.25,1441.0
2020-02-20 10:00:00,3385.0,3386.5,3384.75,3385.5,1580.0
2020-02-20 10:05:00,3385.5,3386.0,3384.75,3385.0,1143.0
2020-02-20 10:10:00,3385.25,3385.25,3384.25,3384.25,1042.0
2020-02-20 10:15:00,3384.5,3384.75,3384.0,3384.25,596.0
2020-02-20 10:20:00,3384.0,3384.0,3382.0,3383.0,2249.0
2020-02-20 10:25:00,3383.0,3383.25,3382.25,3382.75,1303.0
2020-02-20 10:30:00,3382.75,3383.5,3382.5,3383.0,1295.0
2020-02-20 10:35:00,3383.0,3383.25,3382.0,3382.5,939.0
2020-02-20 10:40:00,3382.5,3382.75,3382.0,3382.25,708.0
2020-02-20 10:45:00,3382.0,3382.25,3381.0,3381.0,896.0
2020-02-20 10:50:00,3381.0,3382.25,3380.5,3381.5,2112.0
2020-02-20 10:55:00,3381.75,3382.5,3381.25,3382.5,1516.0
2020-02-20 11:00:00,3382.5,3383.0,3380.75,3381.75,2831.0
2020-02-20 11:05:00,3381.75,3382.0,3381.0,3381.5,1731.0
2020-02-20 11:10:00,3381.75,3382.5,3381.0,3382.0,1340.0
2020-02-20 11:15:00,3382.25,3383.25,3382.0,3382.25,1589.0
2020-02-20 11:20:00,3382.25,3383.75,3382.25,3382.75,1544.0
2020-02-20 11:25:00,3383.0,3383.25,3382.5,3383.0,1305.0
2020-02-20 11:30:00,3383.0,3383.5,3382.0,3383.25,873.0
2020-02-20 11:35:00,3383.25,3383.75,3382.5,3383.0,883.0
2020-02-20 11:40:00,3383.0,3383.25,3382.5,3383.0,1142.0
2020-02-20 11:45:00,3382.75,3383.0,3380.75,3380.75,1680.0
2020-02-20 11:50:00,3380.75,3381.0,3380.0,3380.25,1602.0
2020-02-20 11:55:00,3380.0,3380.25,3379.0,3379.5,2492.0
2020-02-20 12:00:00,3379.5,3380.5,3378.5,3380.25,3570.0
2020-02-20 12:05:00,3380.25,3381.5,3380.25,3381.5,1564.0
2020-02-20 12:10:00,3381.75,3382.25,3381.0,3381.25,1815.0
2020-02-20 12:15:00,3381.25,3381.75,3380.75,3381.5,1192.0
2020-02-20 12:20:00,3381.5,3381.75,3380.25,3380.25,1503.0
2020-02-20 12:25:00,3380.25,3381.0,3379.5,3380.75,2507.0
2020-02-20 12:30:00,3380.5,3381.0,3379.75,3380.0,1323.0
2020-02-20 12:35:00,3379.75,3380.75,3379.75,3380.5,1142.0
2020-02-20 12:40:00,3380.5,3381.25,3379.5,3379.5,2259.0
2020-02-20 12:45:00,3379.5,3380.75,3379.25,3380.75,1413.0
2020-02-20 12:50:00,3380.5,3380.75,3379.5,3379.75,1096.0
2020-02-20 12:55:00,3379.75,3381.25,3379.75,3381.0,1574.0
2020-02-20 13:00:00,3381.0,3381.75,3380.5,3381.5,2771.0
2020-02-20 13:05:00,3381.25,3381.75,3381.0,3381.25,941.0
2020-02-20 13:10:00,3381.5,3382.5,3381.25,3382.0,1179.0
2020-02-20 13:15:00,3382.25,3382.25,3381.5,3382.0,1422.0
2020-02-20 13:20:00,3382.0,3382.5,3381.0,3381.75,1932.0
2020-02-20 13:25:00,3381.5,3381.5,3379.75,3380.25,4876.0
2020-02-20 13:30:00,3380.25,3383.0,3379.5,3381.25,6985.0
2020-02-20 13:35:00,3381.0,3381.25,3376.5,3377.25,11688.0
2020-02-20 13:40:00,3377.25,3378.25,3375.25,3378.0,7538.0
2020-02-20 13:45:00,3378.0,3378.75,3377.0,3378.75,3850.0
2020-02-20 13:50:00,3378.5,3378.75,3375.75,3377.25,4861.0
2020-02-20 13:55:00,3377.5,3378.5,3377.0,3378.25,3526.0
2020-02-20 14:00:00,3378.5,3380.0,3378.0,3379.0,6335.0
2020-02-20 14:05:00,3378.75,3380.5,3378.0,3379.75,5594.0
2020-02-20 14:10:00,3380.0,3380.0,3378.75,3379.25,2946.0
2020-02-20 14:15:00,3379.5,3379.75,3378.75,3379.5,1175.0
2020-02-20 14:20:00,3379.5,3380.0,3379.0,3379.25,2124.0
2020-02-20 14:25:00,3379.5,3380.25,3379.25,3379.75,2252.0
2020-02-20 14:30:00,3379.5,3382.75,3378.75,3382.0,28258.0
2020-02-20 14:35:00,3382.0,3383.5,3377.75,3381.25,30787.0
2020-02-20 14:40:00,3381.25,3382.75,3379.5,3382.0,26940.0
2020-02-20 14:45:00,3382.25,3383.5,3379.5,3381.5,35706.0
2020-02-20 14:50:00,3381.25,3386.75,3380.5,3386.0,27831.0
2020-02-20 14:55:00,3386.0,3386.75,3384.75,3385.25,14205.0
2020-02-20 15:00:00,3385.0,3386.0,3384.5,3385.5,13177.0
2020-02-20 15:05:00,3385.75,3388.5,3385.25,3387.75,17763.0
2020-02-20 15:10:00,3387.75,3389.0,3387.0,3388.25,11523.0
2020-02-20 15:15:00,3388.5,3388.75,3387.25,3387.75,9572.0
2020-02-20 15:20:00,3387.75,3388.25,3384.75,3385.0,13173.0
2020-02-20 15:25:00,3385.25,3385.75,3384.0,3385.5,10878.0
2020-02-20 15:30:00,3385.5,3387.0,3385.0,3386.5,8401.0
2020-02-20 15:35:00,3386.5,3388.5,3385.75,3387.0,19791.0
2020-02-20 15:40:00,3387.0,3388.75,3387.0,3388.5,8044.0
2020-02-20 15:45:00,3388.5,3389.0,3387.75,3388.0,6407.0
2020-02-20 15:50:00,3388.0,3389.0,3386.75,3388.75,10545.0
2020-02-20 15:55:00,3388.75,3388.75,3386.25,3386.5,11958.0
2020-02-20 16:00:00,3386.75,3386.75,3383.5,3384.0,15667.0
2020-02-20 16:05:00,3383.75,3384.25,3382.75,3383.5,11840.0
2020-02-20 16:10:00,3383.5,3383.5,3378.0,3378.25,23210.0
2020-02-20 16:15:00,3378.25,3378.75,3370.75,3374.0,42860.0
2020-02-20 16:20:00,3374.0,3375.25,3371.75,3372.75,27000.0
2020-02-20 16:25:00,3372.5,3373.0,3364.25,3364.5,54322.0
2020-02-20 16:30:00,3364.25,3365.25,3339.25,3346.75,141968.0
2020-02-20 16:35:00,3346.75,3355.0,3341.5,3351.25,86216.0
2020-02-20 16:40:00,3351.25,3358.75,3351.25,3357.0,41319.0
2020-02-20 16:45:00,3356.75,3357.75,3351.75,3351.75,34461.0
2020-02-20 16:50:00,3351.75,3358.5,3350.5,3358.5,36201.0
2020-02-20 16:55:00,3358.25,3363.25,3357.5,3358.5,33792.0
2020-02-20 17:00:00,3358.25,3358.25,3351.5,3353.75,33680.0
2020-02-20 17:05:00,3353.5,3354.25,3351.25,3351.25,20786.0
2020-02-20 17:10:00,3351.25,3358.0,3348.25,3358.0,30206.0
2020-02-20 17:15:00,3357.75,3358.25,3352.25,3355.25,18634.0
2020-02-20 17:20:00,3355.25,3355.75,3350.5,3351.25,20858.0
2020-02-20 17:25:00,3351.25,3353.5,3350.0,3352.5,20116.0
2020-02-20 17:30:00,3352.25,3355.0,3349.25,3352.25,23510.0
2020-02-20 17:35:00,3352.0,3355.5,3350.75,3354.5,17294.0
2020-02-20 17:40:00,3354.5,3356.0,3352.5,3353.0,12782.0
2020-02-20 17:45:00,3353.0,3357.0,3351.25,3354.0,15839.0
2020-02-20 17:50:00,3354.0,3355.5,3352.25,3354.5,9283.0
2020-02-20 17:55:00,3354.5,3360.0,3354.0,3359.25,12478.0
2020-02-20 18:00:00,3359.5,3360.0,3357.25,3357.5,12975.0
2020-02-20 18:05:00,3357.5,3363.25,3357.5,3362.25,14615.0
2020-02-20 18:10:00,3362.25,3367.25,3361.0,3366.75,22060.0
2020-02-20 18:15:00,3366.75,3368.75,3364.25,3364.5,17024.0
2020-02-20 18:20:00,3364.5,3365.0,3363.0,3364.75,10666.0
2020-02-20 18:25:00,3364.75,3366.0,3362.75,3364.5,10310.0
2020-02-20 18:30:00,3364.5,3365.75,3363.25,3364.75,11397.0
2020-02-20 18:35:00,3365.0,3366.5,3360.25,3361.5,15702.0
2020-02-20 18:40:00,3361.5,3363.5,3359.5,3360.0,13507.0
2020-02-20 18:45:00,3360.0,3364.0,3359.75,3362.25,9911.0
2020-02-20 18:50:00,3362.25,3363.5,3361.5,3362.75,5583.0
2020-02-20 18:55:00,3362.75,3362.75,3360.0,3360.75,8285.0
2020-02-20 19:00:00,3360.5,3365.75,3360.5,3365.5,14018.0
2020-02-20 19:05:00,3365.25,3368.5,3365.25,3366.0,11623.0
2020-02-20 19:10:00,3366.0,3370.25,3365.25,3367.25,15312.0
2020-02-20 19:15:00,3367.25,3369.0,3367.0,3367.25,12765.0
2020-02-20 19:20:00,3367.25,3369.25,3366.5,3369.25,12437.0
2020-02-20 19:25:00,3369.0,3369.75,3366.5,3366.75,10429.0
2020-02-20 19:30:00,3366.75,3372.5,3366.0,3372.0,17494.0
2020-02-20 19:35:00,3372.0,3373.75,3371.0,3371.5,12122.0
2020-02-20 19:40:00,3371.75,3373.0,3370.5,3370.75,9855.0
2020-02-20 19:45:00,3370.75,3372.0,3370.0,3371.0,9089.0
2020-02-20 19:50:00,3371.0,3371.5,3367.0,3367.25,10904.0
2020-02-20 19:55:00,3367.0,3371.0,3367.0,3370.5,9562.0
2020-02-20 20:00:00,3370.5,3370.75,3368.0,3368.75,15746.0
2020-02-20 20:05:00,3368.75,3370.25,3368.0,3368.25,11463.0
2020-02-20 20:10:00,3368.0,3368.5,3363.5,3365.25,19855.0
2020-02-20 20:15:00,3365.5,3368.25,3364.25,3368.0,9640.0
2020-02-20 20:20:00,3368.25,3371.75,3368.25,3370.25,12346.0
2020-02-20 20:25:00,3370.25,3371.5,3369.75,3370.0,11800.0
2020-02-20 20:30:00,3370.0,3372.75,3370.0,3372.0,16222.0
2020-02-20 20:35:00,3372.0,3372.5,3370.0,3371.25,10601.0
2020-02-20 20:40:00,3371.0,3372.25,3369.5,3371.75,8012.0
2020-02-20 20:45:00,3371.75,3373.25,3369.0,3369.25,13898.0
2020-02-20 20:50:00,3369.25,3372.0,3368.0,3371.75,20312.0
2020-02-20 20:55:00,3371.75,3375.0,3371.25,3374.25,31558.0
2020-02-20 21:00:00,3374.25,3374.75,3371.5,3371.5,70526.0
2020-02-20 21:05:00,3371.75,3372.75,3370.75,3370.75,13509.0
2020-02-20 21:10:00,3371.0,3371.25,3369.0,3370.0,11145.0
2020-02-20 21:15:00,3370.0,3370.5,3368.75,3369.25,5144.0
2020-02-20 21:30:00,3369.0,3369.0,3367.75,3368.0,2620.0
2020-02-20 21:35:00,3368.25,3369.0,3368.0,3369.0,938.0
2020-02-20 21:40:00,3369.0,3369.0,3368.5,3368.75,599.0
2020-02-20 21:45:00,3368.75,3369.0,3367.75,3368.0,777.0
2020-02-20 21:50:00,3368.0,3368.25,3367.25,3368.0,907.0
2020-02-20 21:55:00,3368.25,3368.5,3367.5,3367.5,1203.0
2020-02-20 22:00:00,3367.5,3367.75,3367.25,3367.5,615.0
2020-02-20 23:00:00,3367.0,3367.75,3365.75,3367.5,2395.0
2020-02-20 23:05:00,3367.5,3369.25,3366.75,3366.75,1975.0
2020-02-20 23:10:00,3366.75,3367.75,3366.25,3366.25,1255.0
2020-02-20 23:15:00,3366.0,3366.5,3362.0,3362.75,3474.0
2020-02-20 23:20:00,3363.0,3363.5,3360.75,3361.25,2448.0
2020-02-20 23:25:00,3361.25,3362.5,3360.75,3361.0,2047.0
2020-02-20 23:30:00,3361.0,3363.0,3360.75,3361.5,3001.0
2020-02-20 23:35:00,3361.5,3362.25,3360.0,3360.75,2637.0
2020-02-20 23:40:00,3360.75,3363.0,3360.75,3363.0,1645.0
2020-02-20 23:45:00,3362.75,3363.0,3353.25,3356.25,6223.0
2020-02-20 23:50:00,3356.5,3357.25,3354.5,3356.25,4105.0
2020-02-20 23:55:00,3356.0,3358.5,3354.5,3355.75,3247.0
2020-02-21 00:00:00,3355.5,3359.0,3355.25,3358.75,3229.0
2020-02-21 00:05:00,3358.75,3362.0,3357.75,3361.75,4119.0
2020-02-21 00:10:00,3362.0,3362.5,3360.0,3360.5,2279.0
2020-02-21 00:15:00,3360.5,3362.25,3360.5,3361.5,1713.0
2020-02-21 00:20:00,3361.5,3364.5,3361.25,3364.0,3486.0
2020-02-21 00:25:00,3364.0,3364.0,3360.5,3361.25,2754.0
2020-02-21 00:30:00,3361.0,3363.75,3361.0,3362.75,1347.0
2020-02-21 00:35:00,3362.75,3365.0,3362.5,3365.0,1204.0
2020-02-21 00:40:00,3365.25,3365.75,3363.0,3363.25,1493.0
2020-02-21 00:45:00,3363.0,3363.25,3361.0,3362.0,1880.0
2020-02-21 00:50:00,3362.0,3363.25,3360.25,3360.5,3025.0
2020-02-21 00:55:00,3360.5,3362.5,3360.5,3362.0,2042.0
2020-02-21 01:00:00,3362.0,3363.5,3358.5,3359.75,3772.0
2020-02-21 01:05:00,3359.5,3362.0,3359.0,3361.75,1810.0
2020-02-21 01:10:00,3361.75,3362.75,3359.75,3361.5,2270.0
2020-02-21 01:15:00,3361.75,3364.75,3361.25,3364.0,2812.0
2020-02-21 01:20:00,3364.0,3364.25,3362.25,3362.5,1111.0
2020-02-21 01:25:00,3362.25,3363.25,3361.25,3361.25,1735.0
2020-02-21 01:30:00,3361.5,3364.0,3360.75,3362.5,2127.0
2020-02-21 01:35:00,3362.5,3364.0,3362.5,3363.5,1476.0
2020-02-21 01:40:00,3363.5,3364.0,3362.0,3362.25,1154.0
2020-02-21 01:45:00,3362.25,3362.75,3361.0,3361.75,1120.0
2020-02-21 01:50:00,3361.5,3363.0,3360.0,3360.5,1461.0
2020-02-21 01:55:00,3360.5,3361.75,3359.75,3361.25,1081.0
2020-02-21 02:00:00,3361.25,3361.25,3357.5,3357.75,2801.0
2020-02-21 02:05:00,3358.0,3359.0,3357.5,3358.0,1386.0
2020-02-21 02:10:00,3358.0,3359.75,3357.5,3359.25,1273.0
2020-02-21 02:15:00,3359.25,3360.5,3358.0,3358.5,1423.0
2020-02-21 02:20:00,3358.5,3359.0,3356.5,3358.25,1841.0
2020-02-21 02:25:00,3358.25,3358.25,3355.0,3355.75,3249.0
2020-02-21 02:30:00,3355.75,3357.0,3354.75,3356.0,2368.0
2020-02-21 02:35:00,3355.75,3357.0,3355.75,3357.0,1814.0
2020-02-21 02:40:00,3357.0,3359.0,3356.75,3358.25,2876.0
2020-02-21 02:45:00,3358.5,3359.5,3358.25,3359.0,1833.0
2020-02-21 02:50:00,3359.0,3359.5,3357.5,3357.75,2103.0
2020-02-21 02:55:00,3357.5,3358.5,3357.25,3357.75,1079.0
2020-02-21 03:00:00,3357.75,3360.0,3357.25,3359.5,1676.0
2020-02-21 03:05:00,3359.75,3360.0,3359.0,3359.5,1092.0
2020-02-21 03:10:00,3359.5,3359.75,3358.0,3358.75,1293.0
2020-02-21 03:15:00,3358.75,3359.5,3357.75,3358.25,619.0
2020-02-21 03:20:00,3358.25,3359.0,3358.0,3358.75,536.0
2020-02-21 03:25:00,3358.75,3360.75,3358.25,3360.0,1757.0
2020-02-21 03:30:00,3360.25,3360.5,3359.0,3359.0,776.0
2020-02-21 03:35:00,3359.25,3359.5,3358.25,3358.5,449.0
2020-02-21 03:40:00,3358.75,3359.5,3358.0,3358.75,649.0
2020-02-21 03:45:00,3358.5,3359.25,3358.5,3359.0,260.0
2020-02-21 03:50:00,3359.0,3359.75,3359.0,3359.25,518.0
2020-02-21 03:55:00,3359.25,3360.25,3359.25,3360.0,319.0
2020-02-21 04:00:00,3360.0,3360.25,3359.5,3360.0,442.0
2020-02-21 04:05:00,3360.0,3360.25,3359.0,3359.75,313.0
2020-02-21 04:10:00,3359.75,3360.25,3359.25,3360.0,433.0
2020-02-21 04:15:00,3360.0,3360.0,3358.75,3359.25,569.0
2020-02-21 04:20:00,3359.25,3359.5,3358.5,3358.75,266.0
2020-02-21 04:25:00,3358.75,3359.0,3357.0,3357.75,1174.0
2020-02-21 04:30:00,3357.75,3357.75,3357.0,3357.5,704.0
2020-02-21 04:35:00,3357.5,3357.75,3356.25,3356.5,618.0
2020-02-21 04:40:00,3356.25,3356.75,3355.5,3356.25,1420.0
2020-02-21 04:45:00,3356.25,3357.0,3355.75,3356.5,732.0
2020-02-21 04:50:00,3356.5,3357.25,3356.5,3357.25,438.0
2020-02-21 04:55:00,3357.25,3357.75,3357.0,3357.5,456.0
2020-02-21 05:00:00,3357.5,3358.75,3357.0,3358.25,1100.0
2020-02-21 05:05:00,3358.25,3358.25,3356.75,3357.0,576.0
2020-02-21 05:10:00,3357.0,3358.5,3356.25,3358.5,711.0
2020-02-21 05:15:00,3358.75,3358.75,3357.0,3357.25,462.0
2020-02-21 05:20:00,3357.0,3357.75,3356.75,3357.0,397.0
2020-02-21 05:25:00,3357.0,3357.0,3354.5,3355.0,1734.0
2020-02-21 05:30:00,3355.0,3355.25,3354.25,3354.25,1618.0
2020-02-21 05:35:00,3354.5,3354.75,3353.25,3353.5,2303.0
2020-02-21 05:40:00,3353.5,3353.75,3352.75,3353.75,1479.0
2020-02-21 05:45:00,3353.75,3354.25,3352.75,3353.25,1444.0
2020-02-21 05:50:00,3353.25,3353.5,3352.25,3353.25,1154.0
2020-02-21 05:55:00,3353.0,3354.0,3352.75,3353.75,772.0
2020-02-21 06:00:00,3354.0,3355.25,3353.25,3355.0,1132.0
2020-02-21 06:05:00,3355.0,3355.0,3352.25,3353.0,1504.0
2020-02-21 06:10:00,3353.0,3353.5,3352.5,3352.5,697.0
2020-02-21 06:15:00,3352.5,3353.25,3351.0,3351.5,1975.0
2020-02-21 06:20:00,3351.25,3351.5,3350.0,3351.0,2186.0
2020-02-21 06:25:00,3350.75,3351.0,3350.25,3351.0,841.0
2020-02-21 06:30:00,3351.0,3351.25,3350.5,3350.75,338.0
2020-02-21 06:35:00,3350.75,3350.75,3349.25,3350.0,2132.0
2020-02-21 06:40:00,3350.0,3352.0,3350.0,3351.75,846.0
2020-02-21 06:45:00,3351.75,3353.0,3351.75,3352.75,1227.0
2020-02-21 06:50:00,3353.0,3353.75,3353.0,3353.5,1263.0
2020-02-21 06:55:00,3353.25,3354.5,3352.5,3352.5,1392.0
2020-02-21 07:00:00,3352.75,3353.0,3349.75,3349.75,2476.0
2020-02-21 07:05:00,3349.75,3351.25,3349.0,3350.0,2072.0
2020-02-21 07:10:00,3349.75,3350.5,3348.0,3348.75,5735.0
2020-02-21 07:15:00,3348.5,3352.25,3348.0,3351.0,4245.0
2020-02-21 07:20:00,3351.0,3351.25,3349.25,3350.25,2437.0
2020-02-21 07:25:00,3350.25,3352.0,3350.0,3351.75,1812.0
2020-02-21 07:30:00,3351.5,3351.75,3350.25,3350.75,3446.0
2020-02-21 07:35:00,3350.75,3351.25,3349.75,3350.0,1649.0
2020-02-21 07:40:00,3350.0,3350.25,3349.0,3349.5,1815.0
2020-02-21 07:45:00,3349.25,3351.75,3349.25,3351.5,1456.0
2020-02-21 07:50:00,3351.25,3352.0,3350.0,3351.25,1015.0
2020-02-21 07:55:00,3351.25,3351.25,3350.0,3350.5,918.0
2020-02-21 08:00:00,3350.5,3351.0,3347.25,3349.0,6582.0
2020-02-21 08:05:00,3349.0,3349.0,3345.5,3346.0,6613.0
2020-02-21 08:10:00,3345.75,3348.0,3345.0,3347.25,7710.0
2020-02-21 08:15:00,3347.0,3350.5,3346.25,3350.0,6027.0
2020-02-21 08:20:00,3350.25,3351.5,3350.25,3350.25,3733.0
2020-02-21 08:25:00,3350.25,3351.0,3349.0,3350.5,2468.0
2020-02-21 08:30:00,3350.5,3358.0,3350.25,3355.75,13588.0
2020-02-21 08:35:00,3355.75,3358.0,3355.25,3357.25,5937.0
2020-02-21 08:40:00,3357.0,3359.25,3356.5,3357.25,4699.0
2020-02-21 08:45:00,3357.25,3357.75,3355.0,3355.5,3675.0
2020-02-21 08:50:00,3355.5,3355.5,3352.75,3353.25,7880.0
2020-02-21 08:55:00,3353.25,3355.25,3352.5,3355.0,5131.0
2020-02-21 09:00:00,3355.0,3359.0,3355.0,3357.25,6270.0
2020-02-21 09:05:00,3357.25,3357.75,3355.5,3356.0,3134.0
2020-02-21 09:10:00,3356.0,3356.5,3355.25,3355.75,1899.0
2020-02-21 09:15:00,3355.5,3355.75,3354.25,3354.5,2038.0
2020-02-21 09:20:00,3354.5,3355.0,3354.0,3354.25,2021.0
2020-02-21 09:25:00,3354.0,3354.5,3353.25,3354.5,1094.0
2020-02-21 09:30:00,3354.25,3356.0,3353.25,3353.5,1587.0
2020-02-21 09:35:00,3353.5,3354.75,3353.5,3354.0,2273.0
2020-02-21 09:40:00,3354.0,3355.25,3353.25,3355.25,7319.0
2020-02-21 09:45:00,3355.25,3356.75,3353.5,3353.75,5227.0
2020-02-21 09:50:00,3353.5,3354.0,3352.0,3352.0,5566.0
2020-02-21 09:55:00,3352.0,3352.5,3351.0,3352.5,5286.0
2020-02-21 10:00:00,3352.25,3355.75,3352.0,3355.0,3582.0
2020-02-21 10:05:00,3355.0,3356.25,3354.5,3356.0,4022.0
2020-02-21 10:10:00,3356.25,3357.0,3355.0,3357.0,4203.0
2020-02-21 10:15:00,3357.0,3357.75,3356.25,3357.75,6945.0
2020-02-21 10:20:00,3357.5,3358.25,3356.75,3356.75,1429.0
2020-02-21 10:25:00,3356.5,3357.75,3356.0,3357.5,4388.0
2020-02-21 10:30:00,3357.5,3358.0,3356.0,3356.25,1879.0
2020-02-21 10:35:00,3356.25,3356.25,3355.5,3355.75,1064.0
2020-02-21 10:40:00,3356.0,3356.75,3355.0,3355.5,1345.0
2020-02-21 10:45:00,3355.5,3356.75,3355.25,3356.5,5291.0
2020-02-21 10:50:00,3356.5,3359.5,3356.0,3358.5,7941.0
2020-02-21 10:55:00,3358.5,3359.25,3357.0,3357.0,4873.0
2020-02-21 11:00:00,3357.0,3357.5,3356.25,3356.75,3391.0
2020-02-21 11:05:00,3357.0,3357.0,3354.0,3354.25,3497.0
2020-02-21 11:10:00,3354.0,3355.75,3353.75,3355.0,2132.0
2020-02-21 11:15:00,3355.0,3355.5,3353.25,3355.25,2456.0
2020-02-21 11:20:00,3355.25,3355.75,3354.75,3355.5,1217.0
2020-02-21 11:25:00,3355.25,3356.5,3355.0,3356.0,975.0
2020-02-21 11:30:00,3356.25,3358.25,3356.0,3358.25,1956.0
2020-02-21 11:35:00,3358.0,3358.25,3356.75,3357.5,992.0
2020-02-21 11:40:00,3357.75,3358.5,3357.5,3358.25,4812.0
2020-02-21 11:45:00,3358.25,3359.5,3358.0,3358.25,1895.0
2020-02-21 11:50:00,3358.0,3358.25,3357.5,3357.5,1366.0
2020-02-21 11:55:00,3357.75,3357.75,3355.25,3356.25,5361.0
2020-02-21 12:00:00,3356.25,3358.25,3356.0,3357.25,3177.0
2020-02-21 12:05:00,3357.25,3357.5,3356.0,3356.25,2938.0
2020-02-21 12:10:00,3356.25,3357.0,3355.75,3356.0,2088.0
2020-02-21 12:15:00,3356.0,3357.0,3356.0,3356.25,1964.0
2020-02-21 12:20:00,3356.5,3358.0,3356.0,3357.5,1570.0
2020-02-21 12:25:00,3357.5,3358.0,3357.0,3357.5,1300.0
2020-02-21 12:30:00,3357.75,3359.5,3357.75,3358.5,2865.0
2020-02-21 12:35:00,3358.5,3360.75,3358.25,3359.75,3804.0
2020-02-21 12:40:00,3359.75,3360.0,3359.0,3359.5,2308.0
2020-02-21 12:45:00,3359.5,3361.75,3359.5,3361.25,3824.0
2020-02-21 12:50:00,3361.5,3362.25,3360.25,3361.0,2708.0
2020-02-21 12:55:00,3361.25,3361.5,3360.25,3360.5,2741.0
2020-02-21 13:00:00,3360.5,3361.75,3359.75,3360.5,3166.0
2020-02-21 13:05:00,3360.5,3360.75,3359.5,3359.5,1546.0
2020-02-21 13:10:00,3359.5,3360.25,3358.5,3359.0,2605.0
2020-02-21 13:15:00,3359.25,3360.25,3358.75,3359.0,3351.0
2020-02-21 13:20:00,3358.75,3359.0,3357.25,3358.25,3317.0
2020-02-21 13:25:00,3358.5,3358.5,3357.0,3357.75,3546.0
2020-02-21 13:30:00,3357.75,3358.25,3354.75,3355.75,4431.0
2020-02-21 13:35:00,3355.75,3358.0,3355.25,3357.75,2971.0
2020-02-21 13:40:00,3357.75,3358.25,3356.75,3357.25,4418.0
2020-02-21 13:45:00,3357.25,3357.75,3355.0,3355.75,5776.0
2020-02-21 13:50:00,3356.0,3356.75,3355.75,3356.5,3024.0
2020-02-21 13:55:00,3356.25,3357.0,3355.25,3355.25,2393.0
2020-02-21 14:00:00,3355.25,3357.0,3355.0,3356.0,5684.0
2020-02-21 14:05:00,3356.0,3357.75,3355.5,3356.25,3710.0
2020-02-21 14:10:00,3356.25,3358.75,3356.0,3358.25,5114.0
2020-02-21 14:15:00,3358.25,3360.0,3357.75,3359.75,4614.0
2020-02-21 14:20:00,3359.75,3360.75,3359.25,3360.25,6445.0
2020-02-21 14:25:00,3360.25,3360.25,3356.0,3356.5,12846.0
2020-02-21 14:30:00,3356.5,3360.5,3355.0,3358.25,52005.0
2020-02-21 14:35:00,3358.25,3358.75,3350.75,3353.25,54086.0
2020-02-21 14:40:00,3353.0,3353.5,3344.5,3346.5,46761.0
2020-02-21 14:45:00,3346.5,3348.5,3338.25,3340.0,64887.0
2020-02-21 14:50:00,3340.0,3343.0,3336.25,3341.75,64812.0
2020-02-21 14:55:00,3342.0,3345.25,3339.25,3344.0,42822.0
2020-02-21 15:00:00,3343.75,3344.75,3338.75,3339.5,33640.0
2020-02-21 15:05:00,3339.25,3343.25,3338.0,3342.25,34075.0
2020-02-21 15:10:00,3342.25,3343.5,3337.5,3337.75,34719.0
2020-02-21 15:15:00,3338.0,3343.75,3337.5,3340.25,39504.0
2020-02-21 15:20:00,3340.5,3347.5,3340.25,3346.75,40115.0
2020-02-21 15:25:00,3346.75,3348.0,3343.75,3344.25,25123.0
2020-02-21 15:30:00,3344.25,3344.5,3339.5,3340.0,25109.0
2020-02-21 15:35:00,3340.0,3341.0,3337.5,3340.0,22598.0
2020-02-21 15:40:00,3340.0,3340.0,3333.0,3334.5,42195.0
2020-02-21 15:45:00,3334.25,3336.25,3332.0,3336.25,30906.0
2020-02-21 15:50:00,3336.0,3339.75,3335.0,3339.75,32897.0
2020-02-21 15:55:00,3339.5,3341.25,3339.0,3339.75,22154.0
2020-02-21 16:00:00,3339.75,3343.25,3338.75,3343.0,21041.0
2020-02-21 16:05:00,3342.75,3343.75,3341.0,3341.0,16811.0
2020-02-21 16:10:00,3341.0,3343.0,3339.5,3342.5,14452.0
2020-02-21 16:15:00,3342.25,3343.5,3340.5,3341.25,13884.0
2020-02-21 16:20:00,3341.0,3344.25,3339.0,3343.25,19268.0
2020-02-21 16:25:00,3343.25,3346.0,3342.75,3344.25,17222.0
2020-02-21 16:30:00,3344.0,3347.0,3343.75,3346.5,17626.0
2020-02-21 16:35:00,3346.75,3347.0,3345.0,3345.5,13951.0
2020-02-21 16:40:00,3345.75,3346.75,3344.25,3346.25,16802.0
2020-02-21 16:45:00,3346.5,3347.0,3343.75,3344.0,13119.0
2020-02-21 16:50:00,3344.25,3347.5,3344.0,3347.0,10710.0
2020-02-21 16:55:00,3346.75,3349.25,3346.5,3346.5,13100.0
2020-02-21 17:00:00,3346.25,3347.5,3345.0,3347.25,9597.0
2020-02-21 17:05:00,3347.0,3350.25,3346.0,3346.25,12637.0
2020-02-21 17:10:00,3346.25,3347.25,3345.25,3345.5,6825.0
2020-02-21 17:15:00,3345.5,3346.75,3344.25,3345.0,7752.0
2020-02-21 17:20:00,3344.75,3346.5,3344.0,3344.25,6815.0
2020-02-21 17:25:00,3344.25,3344.5,3342.75,3343.5,10334.0
2020-02-21 17:30:00,3343.5,3344.75,3341.75,3341.75,11195.0
2020-02-21 17:35:00,3341.5,3343.5,3341.5,3343.25,8504.0
2020-02-21 17:40:00,3343.0,3345.0,3341.75,3342.5,9275.0
2020-02-21 17:45:00,3342.25,3343.75,3341.5,3341.75,5698.0
2020-02-21 17:50:00,3341.5,3341.75,3340.75,3341.25,7334.0
2020-02-21 17:55:00,3341.0,3342.0,3339.5,3341.5,7844.0
2020-02-21 18:00:00,3341.25,3344.75,3340.75,3344.0,7897.0
2020-02-21 18:05:00,3344.0,3344.5,3342.0,3342.0,6728.0
2020-02-21 18:10:00,3342.0,3342.5,3339.0,3340.25,10231.0
2020-02-21 18:15:00,3340.0,3341.5,3339.0,3340.25,9163.0
2020-02-21 18:20:00,3340.0,3340.75,3337.25,3337.75,13421.0
2020-02-21 18:25:00,3338.0,3340.75,3338.0,3338.5,12274.0
2020-02-21 18:30:00,3338.25,3339.0,3335.5,3336.0,16342.0
2020-02-21 18:35:00,3336.0,3337.0,3333.5,3334.0,16993.0
2020-02-21 18:40:00,3334.0,3336.75,3333.75,3336.25,17377.0
2020-02-21 18:45:00,3336.25,3336.5,3333.0,3333.25,16519.0
2020-02-21 18:50:00,3333.25,3334.0,3330.25,3331.25,19379.0
2020-02-21 18:55:00,3331.25,3333.5,3328.0,3333.25,28769.0
2020-02-21 19:00:00,3333.0,3335.5,3331.25,3334.0,18207.0
2020-02-21 19:05:00,3334.0,3336.5,3332.5,3332.75,15313.0
2020-02-21 19:10:00,3332.75,3335.25,3331.75,3335.0,13866.0
2020-02-21 19:15:00,3335.0,3335.25,3330.25,3331.25,14204.0
2020-02-21 19:20:00,3331.5,3334.75,3330.25,3331.5,16748.0
2020-02-21 19:25:00,3331.5,3335.75,3329.25,3335.75,14682.0
2020-02-21 19:30:00,3335.75,3337.25,3334.5,3336.0,12630.0
2020-02-21 19:35:00,3336.25,3336.5,3333.0,3333.0,10741.0
2020-02-21 19:40:00,3332.75,3337.5,3332.75,3336.0,13458.0
2020-02-21 19:45:00,3335.75,3336.5,3332.75,3333.5,11437.0
2020-02-21 19:50:00,3333.5,3336.25,3332.25,3335.0,15952.0
2020-02-21 19:55:00,3335.0,3337.25,3333.0,3334.5,18226.0
2020-02-21 20:00:00,3334.75,3336.5,3333.0,3333.25,18564.0
2020-02-21 20:05:00,3333.25,3333.5,3330.25,3331.75,17295.0
2020-02-21 20:10:00,3331.5,3334.5,3331.0,3333.5,9235.0
2020-02-21 20:15:00,3333.75,3334.5,3331.25,3331.25,8629.0
2020-02-21 20:20:00,3331.25,3332.5,3330.0,3332.5,10412.0
2020-02-21 20:25:00,3332.25,3333.5,3330.5,3332.0,12735.0
2020-02-21 20:30:00,3332.0,3334.0,3328.25,3329.0,19362.0
2020-02-21 20:35:00,3329.0,3331.0,3328.0,3328.75,17023.0
2020-02-21 20:40:00,3329.0,3332.5,3328.5,3331.0,18063.0
2020-02-21 20:45:00,3330.75,3335.0,3330.75,3334.75,23534.0
2020-02-21 20:50:00,3335.0,3341.0,3334.75,3340.5,35175.0
2020-02-21 20:55:00,3340.5,3341.25,3335.25,3335.75,49369.0
2020-02-21 21:00:00,3335.75,3340.5,3335.25,3339.25,103443.0
2020-02-21 21:05:00,3339.25,3340.0,3338.0,3339.0,17324.0
2020-02-21 21:10:00,3339.0,3340.0,3339.0,3339.25,9932.0
2020-02-21 21:15:00,3339.25,3340.25,3338.5,3340.0,8607.0
2020-02-21 21:30:00,3340.0,3340.0,3339.25,3339.5,2568.0
2020-02-21 21:35:00,3339.25,3339.75,3338.25,3338.75,2090.0
2020-02-21 21:40:00,3338.75,3338.75,3337.25,3337.5,1849.0
2020-02-21 21:45:00,3337.75,3339.25,3337.5,3339.25,1154.0
2020-02-21 21:50:00,3339.25,3339.25,3338.0,3338.25,1289.0
2020-02-21 21:55:00,3338.25,3338.5,3337.75,3338.0,808.0
2020-02-21 22:00:00,3337.75,3338.5,3337.75,3338.25,492.0
2020-02-23 23:00:00,3309.0,3312.0,3303.5,3307.0,22752.0
2020-02-23 23:05:00,3307.0,3307.5,3302.25,3302.75,10173.0
2020-02-23 23:10:00,3302.5,3302.75,3289.5,3294.0,16869.0
2020-02-23 23:15:00,3294.25,3296.25,3292.5,3295.25,7197.0
2020-02-23 23:20:00,3295.0,3299.0,3294.75,3297.25,5481.0
2020-02-23 23:25:00,3297.25,3299.75,3297.0,3298.25,3184.0
2020-02-23 23:30:00,3298.0,3302.75,3297.25,3300.25,6214.0
2020-02-23 23:35:00,3300.25,3301.25,3299.0,3300.5,3456.0
2020-02-23 23:40:00,3300.75,3301.25,3296.25,3299.0,4986.0
2020-02-23 23:45:00,3299.25,3301.25,3299.0,3299.25,2560.0
2020-02-23 23:50:00,3299.5,3300.25,3295.75,3296.25,4054.0
2020-02-23 23:55:00,3296.25,3299.75,3295.25,3298.25,5013.0
2020-02-24 00:00:00,3298.5,3299.5,3296.5,3297.0,4414.0
2020-02-24 00:05:00,3297.0,3298.75,3295.25,3298.0,4075.0
2020-02-24 00:10:00,3298.25,3299.25,3297.0,3297.0,3792.0
2020-02-24 00:15:00,3297.0,3300.0,3295.5,3299.5,5409.0
2020-02-24 00:20:00,3299.5,3300.75,3297.5,3298.5,4718.0
2020-02-24 00:25:00,3298.5,3302.25,3298.5,3301.5,3409.0
2020-02-24 00:30:00,3301.75,3303.75,3300.75,3300.75,4486.0
2020-02-24 00:35:00,3300.5,3301.5,3298.25,3298.5,2468.0
2020-02-24 00:40:00,3298.75,3299.0,3296.5,3297.5,3486.0
2020-02-24 00:45:00,3297.5,3298.5,3295.75,3296.0,3934.0
2020-02-24 00:50:00,3296.0,3297.25,3293.75,3295.5,5767.0
2020-02-24 00:55:00,3295.5,3298.25,3294.5,3296.5,3831.0
2020-02-24 01:00:00,3296.25,3300.0,3295.75,3299.0,5226.0
2020-02-24 01:05:00,3298.75,3299.5,3297.75,3298.5,2788.0
2020-02-24 01:10:00,3298.25,3298.5,3296.25,3297.5,2809.0
2020-02-24 01:15:00,3297.5,3300.0,3296.25,3300.0,3238.0
2020-02-24 01:20:00,3300.0,3300.0,3297.5,3297.75,3527.0
2020-02-24 01:25:00,3297.75,3298.5,3296.75,3298.0,2428.0
2020-02-24 01:30:00,3298.25,3300.5,3298.0,3299.25,4509.0
2020-02-24 01:35:00,3299.25,3300.0,3297.0,3298.5,2288.0
2020-02-24 01:40:00,3298.5,3299.25,3297.25,3297.5,2461.0
2020-02-24 01:45:00,3297.5,3299.0,3296.75,3299.0,2288.0
2020-02-24 01:50:00,3298.75,3300.25,3297.75,3297.75,2714.0
2020-02-24 01:55:00,3298.0,3298.5,3297.5,3298.0,1914.0
2020-02-24 02:00:00,3298.0,3299.75,3297.25,3298.5,1813.0
2020-02-24 02:05:00,3298.5,3299.25,3298.0,3298.75,1096.0
2020-02-24 02:10:00,3298.5,3299.0,3297.0,3297.75,2926.0
2020-02-24 02:15:00,3297.5,3299.25,3297.25,3298.75,1956.0
2020-02-24 02:20:00,3298.5,3299.5,3297.0,3297.5,1913.0
2020-02-24 02:25:00,3297.25,3297.25,3293.75,3294.25,4332.0
2020-02-24 02:30:00,3294.25,3294.75,3291.0,3292.0,3583.0
2020-02-24 02:35:00,3292.0,3293.25,3291.0,3293.25,2800.0
2020-02-24 02:40:00,3293.25,3295.25,3292.25,3294.75,3575.0
2020-02-24 02:45:00,3294.75,3294.75,3293.25,3293.5,3779.0
2020-02-24 02:50:00,3293.5,3294.0,3290.5,3290.75,3412.0
2020-02-24 02:55:00,3291.0,3291.0,3285.5,3289.0,10464.0
2020-02-24 03:00:00,3289.0,3289.5,3285.75,3287.75,5441.0
2020-02-24 03:05:00,3287.75,3288.25,3285.75,3287.5,4325.0
2020-02-24 03:10:00,3287.25,3291.0,3287.0,3290.25,3257.0
2020-02-24 03:15:00,3290.25,3292.5,3290.0,3292.25,1896.0
2020-02-24 03:20:00,3292.25,3293.5,3291.25,3293.0,1755.0
2020-02-24 03:25:00,3292.75,3293.75,3291.5,3293.5,1499.0
2020-02-24 03:30:00,3293.75,3294.5,3293.0,3294.0,1911.0
2020-02-24 03:35:00,3294.0,3294.0,3292.25,3292.5,901.0
2020-02-24 03:40:00,3292.5,3293.0,3292.0,3292.0,1054.0
2020-02-24 03:45:00,3292.0,3293.0,3289.75,3290.75,1636.0
2020-02-24 03:50:00,3290.75,3292.0,3289.75,3291.75,1595.0
2020-02-24 03:55:00,3291.5,3292.75,3291.25,3292.5,1599.0
2020-02-24 04:00:00,3292.5,3295.0,3292.25,3294.75,2264.0
2020-02-24 04:05:00,3294.5,3295.25,3294.0,3295.0,1364.0
2020-02-24 04:10:00,3294.75,3295.5,3294.0,3294.5,1224.0
2020-02-24 04:15:00,3294.5,3295.25,3294.25,3295.0,758.0
2020-02-24 04:20:00,3294.75,3294.75,3293.75,3294.0,578.0
2020-02-24 04:25:00,3293.75,3294.25,3293.5,3293.5,513.0
2020-02-24 04:30:00,3293.5,3294.75,3293.5,3294.0,850.0
2020-02-24 04:35:00,3294.0,3294.0,3292.75,3293.5,1040.0
2020-02-24 04:40:00,3293.25,3294.75,3293.25,3294.75,745.0
2020-02-24 04:45:00,3294.75,3295.0,3294.0,3294.5,1863.0
2020-02-24 04:50:00,3294.25,3296.25,3294.25,3295.75,2493.0
2020-02-24 04:55:00,3296.0,3296.25,3294.75,3295.0,1811.0
2020-02-24 05:00:00,3294.75,3294.75,3291.25,3292.25,2206.0
2020-02-24 05:05:00,3292.0,3293.5,3291.5,3292.75,1388.0
2020-02-24 05:10:00,3292.75,3292.75,3290.5,3291.5,1836.0
2020-02-24 05:15:00,3291.5,3292.75,3291.25,3292.0,838.0
2020-02-24 05:20:00,3292.25,3294.0,3291.75,3294.0,1324.0
2020-02-24 05:25:00,3294.0,3294.75,3292.0,3292.25,2463.0
2020-02-24 05:30:00,3292.25,3292.5,3291.5,3292.5,1226.0
2020-02-24 05:35:00,3292.25,3293.25,3291.75,3293.0,620.0
2020-02-24 05:40:00,3293.0,3293.25,3292.0,3292.0,636.0
2020-02-24 05:45:00,3292.25,3293.0,3292.0,3292.25,402.0
2020-02-24 05:50:00,3292.0,3292.5,3290.75,3291.0,768.0
2020-02-24 05:55:00,3290.75,3291.75,3290.25,3290.75,1036.0
2020-02-24 06:00:00,3290.5,3292.5,3290.25,3291.75,1636.0
2020-02-24 06:05:00,3291.75,3293.25,3291.5,3293.0,1301.0
2020-02-24 06:10:00,3292.75,3293.25,3291.5,3291.75,992.0
2020-02-24 06:15:00,3292.0,3293.0,3290.5,3290.75,2769.0
2020-02-24 06:20:00,3290.75,3291.5,3290.25,3290.5,3395.0
2020-02-24 06:25:00,3290.5,3292.0,3290.5,3291.5,1215.0
2020-02-24 06:30:00,3291.5,3292.5,3291.0,3292.25,540.0
2020-02-24 06:35:00,3292.0,3293.25,3292.0,3292.5,927.0
2020-02-24 06:40:00,3292.25,3292.5,3291.25,3291.75,854.0
2020-02-24 06:45:00,3292.0,3292.0,3290.25,3291.25,1208.0
2020-02-24 06:50:00,3291.25,3293.25,3290.5,3292.25,2556.0
2020-02-24 06:55:00,3292.0,3293.25,3292.0,3292.5,1201.0
2020-02-24 07:00:00,3292.5,3293.5,3290.75,3291.25,3545.0
2020-02-24 07:05:00,3291.0,3291.75,3288.25,3288.5,3446.0
2020-02-24 07:10:00,3288.5,3288.75,3284.25,3284.75,6875.0
2020-02-24 07:15:00,3284.75,3286.0,3282.5,3284.5,5888.0
2020-02-24 07:20:00,3284.25,3286.75,3284.0,3285.75,2499.0
2020-02-24 07:25:00,3286.0,3287.75,3285.5,3286.75,4409.0
2020-02-24 07:30:00,3286.75,3288.5,3285.25,3288.25,2825.0
2020-02-24 07:35:00,3288.0,3290.75,3287.0,3289.75,3007.0
2020-02-24 07:40:00,3289.75,3291.0,3289.0,3290.0,1752.0
2020-02-24 07:45:00,3290.0,3290.0,3287.0,3287.75,2580.0
2020-02-24 07:50:00,3287.75,3287.75,3283.25,3283.75,3335.0
2020-02-24 07:55:00,3283.5,3284.5,3281.5,3283.25,5925.0
2020-02-24 08:00:00,3283.25,3284.25,3278.25,3280.0,15419.0
2020-02-24 08:05:00,3280.25,3281.25,3275.25,3276.25,15200.0
2020-02-24 08:10:00,3276.25,3277.0,3272.0,3273.0,13574.0
2020-02-24 08:15:00,3273.0,3275.75,3271.0,3272.25,16187.0
2020-02-24 08:20:00,3272.0,3273.0,3269.75,3272.0,12927.0
2020-02-24 08:25:00,3271.75,3272.75,3269.25,3271.25,10265.0
2020-02-24 08:30:00,3271.0,3271.25,3262.25,3264.5,21673.0
2020-02-24 08:35:00,3264.25,3268.5,3264.0,3266.5,12258.0
2020-02-24 08:40:00,3266.75,3269.0,3265.75,3266.25,9962.0
2020-02-24 08:45:00,3266.5,3269.5,3263.0,3265.5,11010.0
2020-02-24 08:50:00,3265.5,3269.25,3262.75,3264.5,10485.0
2020-02-24 08:55:00,3264.25,3268.5,3263.5,3263.5,9675.0
2020-02-24 09:00:00,3263.75,3266.75,3257.25,3258.25,19880.0
2020-02-24 09:05:00,3258.0,3261.0,3257.5,3259.5,10102.0
2020-02-24 09:10:00,3259.5,3262.0,3258.0,3258.25,10785.0
2020-02-24 09:15:00,3258.0,3259.0,3254.25,3255.25,13888.0
2020-02-24 09:20:00,3255.25,3255.5,3249.25,3253.5,16456.0
2020-02-24 09:25:00,3253.5,3253.5,3246.0,3251.5,14428.0
2020-02-24 09:30:00,3251.5,3254.5,3248.25,3248.25,14566.0
2020-02-24 09:35:00,3248.5,3250.25,3242.5,3248.25,15315.0
2020-02-24 09:40:00,3248.0,3251.5,3246.0,3251.5,10226.0
2020-02-24 09:45:00,3251.75,3257.25,3249.75,3256.25,11921.0
2020-02-24 09:50:00,3256.25,3257.25,3254.75,3254.75,8266.0
2020-02-24 09:55:00,3254.75,3259.75,3254.75,3259.75,8309.0
2020-02-24 10:00:00,3259.75,3260.75,3258.0,3258.5,7906.0
2020-02-24 10:05:00,3258.5,3260.5,3257.25,3257.5,7956.0
2020-02-24 10:10:00,3257.5,3257.5,3254.75,3256.25,5030.0
2020-02-24 10:15:00,3256.0,3257.5,3254.5,3257.0,5523.0
2020-02-24 10:20:00,3257.25,3258.25,3254.75,3255.0,3101.0
2020-02-24 10:25:00,3254.75,3257.0,3253.0,3254.75,3995.0
2020-02-24 10:30:00,3254.5,3255.25,3252.0,3253.0,4402.0
2020-02-24 10:35:00,3253.0,3253.0,3249.5,3250.0,4712.0
2020-02-24 10:40:00,3250.25,3253.75,3249.75,3253.25,5574.0
2020-02-24 10:45:00,3253.25,3253.75,3247.25,3248.0,8736.0
2020-02-24 10:50:00,3248.25,3250.0,3247.0,3248.25,8619.0
2020-02-24 10:55:00,3248.0,3249.0,3245.0,3247.25,7796.0
2020-02-24 11:00:00,3247.25,3248.0,3245.25,3245.75,5305.0
2020-02-24 11:05:00,3245.75,3249.5,3244.0,3245.0,8689.0
2020-02-24 11:10:00,3244.75,3247.0,3241.75,3246.25,8365.0
2020-02-24 11:15:00,3246.25,3250.0,3245.25,3250.0,7825.0
2020-02-24 11:20:00,3249.75,3253.25,3249.0,3252.0,6644.0
2020-02-24 11:25:00,3252.0,3252.75,3250.0,3252.5,5117.0
2020-02-24 11:30:00,3252.5,3255.0,3251.5,3253.5,6907.0
2020-02-24 11:35:00,3253.5,3257.5,3252.75,3257.5,9429.0
2020-02-24 11:40:00,3257.5,3259.25,3256.5,3256.75,7879.0
2020-02-24 11:45:00,3256.75,3261.0,3256.0,3259.25,7206.0
2020-02-24 11:50:00,3259.25,3263.0,3258.25,3262.25,6371.0
2020-02-24 11:55:00,3262.25,3262.5,3258.0,3258.5,6289.0
2020-02-24 12:00:00,3258.75,3264.5,3258.0,3263.75,7722.0
2020-02-24 12:05:00,3263.75,3266.0,3263.0,3263.25,7573.0
2020-02-24 12:10:00,3263.25,3265.75,3262.5,3264.0,6596.0
2020-02-24 12:15:00,3264.0,3264.0,3259.0,3259.5,9835.0
2020-02-24 12:20:00,3259.75,3262.0,3259.75,3260.0,4219.0
2020-02-24 12:25:00,3260.0,3260.75,3259.25,3260.0,2536.0
2020-02-24 12:30:00,3260.0,3261.25,3258.75,3261.25,3674.0
2020-02-24 12:35:00,3261.25,3261.75,3256.5,3256.75,6683.0
2020-02-24 12:40:00,3257.0,3257.25,3251.0,3253.75,9401.0
2020-02-24 12:45:00,3254.0,3255.25,3252.5,3254.25,4053.0
2020-02-24 12:50:00,3254.25,3255.5,3252.5,3253.0,4673.0
2020-02-24 12:55:00,3252.75,3255.25,3251.75,3255.25,5714.0
2020-02-24 13:00:00,3255.0,3258.0,3253.75,3257.0,7261.0
2020-02-24 13:05:00,3257.25,3258.75,3256.5,3257.5,5760.0
2020-02-24 13:10:00,3257.75,3260.25,3257.25,3260.0,5750.0
2020-02-24 13:15:00,3260.0,3260.0,3257.5,3257.75,3815.0
2020-02-24 13:20:00,3257.75,3257.75,3254.0,3255.0,7004.0
2020-02-24 13:25:00,3255.0,3255.0,3250.25,3252.25,8407.0
2020-02-24 13:30:00,3252.0,3255.25,3248.75,3249.75,9003.0
2020-02-24 13:35:00,3249.5,3251.0,3247.75,3249.0,7729.0
2020-02-24 13:40:00,3249.25,3251.75,3247.75,3249.0,6886.0
2020-02-24 13:45:00,3249.0,3250.5,3247.75,3248.75,6470.0
2020-02-24 13:50:00,3248.75,3248.75,3244.75,3246.25,12603.0
2020-02-24 13:55:00,3246.0,3247.5,3245.0,3245.5,8455.0
2020-02-24 14:00:00,3245.5,3247.0,3243.25,3244.25,7125.0
2020-02-24 14:05:00,3244.0,3244.75,3237.75,3238.25,18701.0
2020-02-24 14:10:00,3238.0,3239.5,3235.75,3237.0,16614.0
2020-02-24 14:15:00,3237.0,3238.25,3235.75,3237.5,9944.0
2020-02-24 14:20:00,3237.5,3239.25,3235.25,3236.5,12548.0
2020-02-24 14:25:00,3236.5,3237.0,3231.25,3231.5,19691.0
2020-02-24 14:30:00,3231.75,3248.25,3229.5,3247.0,105780.0
2020-02-24 14:35:00,3247.0,3254.0,3244.0,3254.0,63500.0
2020-02-24 14:40:00,3254.0,3254.75,3245.75,3248.75,56824.0
2020-02-24 14:45:00,3248.75,3257.75,3248.75,3256.75,49827.0
2020-02-24 14:50:00,3256.75,3258.0,3251.5,3252.5,47832.0
2020-02-24 14:55:00,3252.75,3257.5,3251.0,3252.75,40508.0
2020-02-24 15:00:00,3252.75,3260.0,3252.0,3254.25,49105.0
2020-02-24 15:05:00,3254.0,3255.25,3250.75,3253.0,33385.0
2020-02-24 15:10:00,3252.75,3258.75,3251.25,3258.25,32074.0
2020-02-24 15:15:00,3258.25,3259.75,3253.25,3254.0,32326.0
2020-02-24 15:20:00,3253.75,3254.0,3248.5,3248.5,28142.0
2020-02-24 15:25:00,3248.5,3249.25,3244.75,3245.0,27285.0
2020-02-24 15:30:00,3245.0,3245.75,3240.0,3240.25,28904.0
2020-02-24 15:35:00,3240.25,3243.5,3239.75,3241.75,30209.0
2020-02-24 15:40:00,3241.75,3243.75,3237.5,3242.5,47405.0
2020-02-24 15:45:00,3242.25,3245.25,3241.5,3244.5,23982.0
2020-02-24 15:50:00,3244.5,3250.5,3244.5,3249.5,34143.0
2020-02-24 15:55:00,3249.5,3250.25,3247.25,3249.0,25508.0
2020-02-24 16:00:00,3248.75,3250.5,3242.25,3242.5,34951.0
2020-02-24 16:05:00,3242.5,3245.0,3240.25,3244.5,25972.0
2020-02-24 16:10:00,3244.5,3245.0,3241.75,3242.25,18871.0
2020-02-24 16:15:00,3242.25,3248.0,3241.5,3246.75,21561.0
2020-02-24 16:20:00,3247.0,3250.25,3246.25,3247.5,22529.0
2020-02-24 16:25:00,3247.75,3248.5,3243.25,3244.25,17391.0
2020-02-24 16:30:00,3244.25,3247.0,3241.75,3244.5,19678.0
2020-02-24 16:35:00,3244.75,3247.0,3240.5,3245.75,23989.0
2020-02-24 16:40:00,3245.75,3246.5,3234.75,3236.0,33861.0
2020-02-24 16:45:00,3236.0,3237.75,3231.75,3234.0,21333.0
2020-02-24 16:50:00,3233.75,3236.25,3232.5,3235.0,17081.0
2020-02-24 16:55:00,3235.0,3241.5,3231.75,3237.0,26022.0
2020-02-24 17:00:00,3237.0,3237.25,3232.25,3233.75,19485.0
2020-02-24 17:05:00,3233.75,3233.75,3228.25,3228.75,28628.0
2020-02-24 17:10:00,3229.0,3230.25,3226.25,3228.0,27814.0
2020-02-24 17:15:00,3228.0,3230.0,3224.5,3228.0,27718.0
2020-02-24 17:20:00,3227.75,3231.75,3227.5,3228.75,21905.0
2020-02-24 17:25:00,3228.5,3232.5,3227.0,3228.75,21438.0
2020-02-24 17:30:00,3228.75,3228.75,3223.0,3223.25,20731.0
2020-02-24 17:35:00,3223.25,3233.75,3223.25,3233.75,23987.0
2020-02-24 17:40:00,3233.5,3235.75,3231.75,3235.0,16991.0
2020-02-24 17:45:00,3235.0,3235.5,3230.0,3231.5,15901.0
2020-02-24 17:50:00,3231.25,3232.75,3227.75,3229.75,18106.0
2020-02-24 17:55:00,3229.5,3230.0,3225.25,3226.5,19934.0
2020-02-24 18:00:00,3226.25,3227.5,3218.0,3218.0,33041.0
2020-02-24 18:05:00,3218.0,3222.0,3217.75,3221.75,29163.0
2020-02-24 18:10:00,3221.75,3222.0,3216.25,3218.25,22688.0
2020-02-24 18:15:00,3218.0,3218.5,3213.75,3215.25,21565.0
2020-02-24 18:20:00,3215.25,3221.75,3215.25,3218.0,25955.0
2020-02-24 18:25:00,3218.0,3225.75,3216.75,3225.75,27371.0
2020-02-24 18:30:00,3225.75,3228.75,3223.75,3227.5,21741.0
2020-02-24 18:35:00,3227.75,3230.75,3226.0,3228.5,19298.0
2020-02-24 18:40:00,3228.5,3229.5,3225.25,3225.5,16276.0
2020-02-24 18:45:00,3225.5,3232.5,3225.5,3231.25,18388.0
2020-02-24 18:50:00,3231.25,3233.25,3229.25,3230.25,19519.0
2020-02-24 18:55:00,3230.25,3231.75,3226.75,3231.75,14860.0
2020-02-24 19:00:00,3231.5,3234.25,3228.5,3230.0,22686.0
2020-02-24 19:05:00,3230.25,3231.25,3223.25,3223.5,20203.0
2020-02-24 19:10:00,3223.75,3226.5,3222.75,3224.5,17224.0
2020-02-24 19:15:00,3224.5,3226.25,3222.25,3223.0,14791.0
2020-02-24 19:20:00,3223.0,3230.0,3221.75,3229.0,16168.0
2020-02-24 19:25:00,3229.0,3238.75,3228.5,3238.25,29054.0
2020-02-24 19:30:00,3238.5,3239.0,3236.0,3237.75,18973.0
2020-02-24 19:35:00,3238.0,3239.0,3234.5,3238.5,15621.0
2020-02-24 19:40:00,3238.5,3240.5,3237.5,3240.0,19309.0
2020-02-24 19:45:00,3240.25,3242.75,3239.75,3240.75,24767.0
2020-02-24 19:50:00,3240.75,3244.0,3239.75,3243.25,23619.0
2020-02-24 19:55:00,3243.25,3250.0,3243.0,3246.5,35513.0
2020-02-24 20:00:00,3246.5,3253.25,3245.5,3250.0,35708.0
2020-02-24 20:05:00,3249.75,3253.0,3249.0,3252.0,22787.0
2020-02-24 20:10:00,3251.75,3251.75,3243.25,3243.75,26324.0
2020-02-24 20:15:00,3243.75,3245.75,3241.0,3244.75,23533.0
2020-02-24 20:20:00,3244.5,3247.5,3242.25,3247.0,21385.0
2020-02-24 20:25:00,3246.75,3247.0,3241.25,3243.25,25122.0
2020-02-24 20:30:00,3243.25,3243.75,3238.0,3242.5,31235.0
2020-02-24 20:35:00,3242.25,3243.75,3235.25,3237.25,27632.0
2020-02-24 20:40:00,3237.0,3237.5,3233.25,3233.5,21803.0
2020-02-24 20:45:00,3233.25,3241.75,3232.25,3240.75,39079.0
2020-02-24 20:50:00,3240.5,3241.25,3230.25,3230.5,46796.0
2020-02-24 20:55:00,3230.25,3231.75,3227.0,3227.75,75842.0
2020-02-24 21:00:00,3227.75,3229.25,3222.75,3224.5,133703.0
2020-02-24 21:05:00,3224.5,3224.75,3221.0,3221.25,23871.0
2020-02-24 21:10:00,3221.0,3224.0,3220.5,3223.75,17106.0
2020-02-24 21:15:00,3224.0,3227.75,3223.75,3227.0,10820.0
2020-02-24 21:30:00,3226.5,3227.0,3221.5,3223.25,6463.0
2020-02-24 21:35:00,3223.25,3225.0,3222.75,3222.75,2566.0
2020-02-24 21:40:00,3222.75,3224.0,3222.0,3222.5,2675.0
2020-02-24 21:45:00,3222.5,3226.0,3222.25,3226.0,2688.0
2020-02-24 21:50:00,3226.25,3229.75,3225.75,3228.25,3558.0
2020-02-24 21:55:00,3228.25,3229.25,3227.75,3228.5,1794.0
2020-02-24 22:00:00,3228.25,3228.5,3226.25,3227.0,1026.0
2020-02-24 23:00:00,3223.0,3229.5,3214.25,3228.5,8814.0
2020-02-24 23:05:00,3228.25,3235.0,3228.25,3234.0,6793.0
2020-02-24 23:10:00,3234.0,3236.0,3231.75,3233.5,3910.0
2020-02-24 23:15:00,3233.5,3236.25,3233.5,3234.75,2363.0
2020-02-24 23:20:00,3235.0,3236.5,3234.75,3236.0,1472.0
2020-02-24 23:25:00,3235.75,3237.25,3233.25,3233.5,2293.0
2020-02-24 23:30:00,3233.75,3234.75,3228.75,3229.25,4421.0
2020-02-24 23:35:00,3229.25,3231.75,3228.75,3230.75,2485.0
2020-02-24 23:40:00,3230.75,3237.5,3230.75,3237.5,3537.0
2020-02-24 23:45:00,3237.5,3239.0,3234.75,3238.25,2939.0
2020-02-24 23:50:00,3238.0,3238.25,3236.0,3238.0,1581.0
2020-02-24 23:55:00,3238.0,3241.0,3237.5,3241.0,2923.0
2020-02-25 00:00:00,3241.0,3241.5,3237.5,3239.75,3566.0
2020-02-25 00:05:00,3239.75,3243.0,3239.5,3242.25,5584.0
2020-02-25 00:10:00,3242.25,3245.5,3241.75,3245.0,4917.0
2020-02-25 00:15:00,3245.25,3245.5,3243.75,3245.0,4011.0
2020-02-25 00:20:00,3245.25,3245.5,3243.0,3243.25,2428.0
2020-02-25 00:25:00,3243.25,3243.75,3241.75,3243.25,3222.0
2020-02-25 00:30:00,3243.25,3244.5,3241.75,3241.75,2337.0
2020-02-25 00:35:00,3242.0,3246.0,3242.0,3245.75,3046.0
2020-02-25 00:40:00,3245.75,3247.25,3243.0,3243.5,3945.0
2020-02-25 00:45:00,3243.5,3245.0,3242.25,3244.0,2079.0
2020-02-25 00:50:00,3243.75,3247.0,3243.5,3246.5,1794.0
2020-02-25 00:55:00,3246.5,3248.25,3246.0,3248.0,2603.0
2020-02-25 01:00:00,3248.25,3250.0,3247.0,3248.75,5714.0
2020-02-25 01:05:00,3249.0,3252.5,3249.0,3251.75,4756.0
2020-02-25 01:10:00,3251.75,3253.75,3250.25,3252.5,4677.0
2020-02-25 01:15:00,3252.75,3254.75,3252.5,3253.75,4674.0
2020-02-25 01:20:00,3253.75,3258.5,3253.0,3256.75,7702.0
2020-02-25 01:25:00,3257.0,3257.25,3254.0,3254.0,3297.0
2020-02-25 01:30:00,3254.25,3256.75,3253.0,3256.0,3545.0
2020-02-25 01:35:00,3256.0,3257.75,3255.5,3257.25,2771.0
2020-02-25 01:40:00,3257.5,3259.5,3257.0,3258.5,4877.0
2020-02-25 01:45:00,3258.5,3259.5,3258.0,3258.5,5565.0
2020-02-25 01:50:00,3258.5,3259.25,3255.5,3256.0,4024.0
2020-02-25 01:55:00,3256.25,3256.5,3253.5,3254.5,2740.0
2020-02-25 02:00:00,3254.5,3255.75,3252.25,3255.75,3173.0
2020-02-25 02:05:00,3255.75,3256.0,3254.5,3255.25,1631.0
2020-02-25 02:10:00,3255.0,3255.0,3250.75,3253.5,3870.0
2020-02-25 02:15:00,3253.5,3255.75,3253.25,3255.5,2323.0
2020-02-25 02:20:00,3255.75,3256.75,3255.25,3256.25,3355.0
2020-02-25 02:25:00,3256.25,3256.75,3254.25,3254.75,1934.0
2020-02-25 02:30:00,3254.75,3255.5,3252.75,3254.75,2120.0
2020-02-25 02:35:00,3254.5,3255.0,3253.25,3254.0,2533.0
2020-02-25 02:40:00,3254.0,3254.0,3252.5,3253.0,2341.0
2020-02-25 02:45:00,3253.0,3254.0,3251.75,3252.5,1746.0
2020-02-25 02:50:00,3252.5,3253.25,3248.5,3249.75,3602.0
2020-02-25 02:55:00,3249.5,3250.25,3247.75,3248.0,2652.0
2020-02-25 03:00:00,3247.75,3248.75,3246.25,3247.25,3822.0
2020-02-25 03:05:00,3247.25,3249.0,3246.0,3246.5,2478.0
2020-02-25 03:10:00,3246.25,3247.0,3245.25,3247.0,2781.0
2020-02-25 03:15:00,3246.75,3249.0,3246.5,3249.0,1845.0
2020-02-25 03:20:00,3249.0,3249.5,3247.75,3248.25,1960.0
2020-02-25 03:25:00,3248.0,3250.0,3247.5,3249.75,1452.0
2020-02-25 03:30:00,3249.75,3251.25,3248.75,3249.5,1801.0
2020-02-25 03:35:00,3249.5,3250.0,3248.5,3248.75,985.0
2020-02-25 03:40:00,3248.75,3249.75,3248.75,3249.5,771.0
2020-02-25 03:45:00,3249.25,3249.5,3248.25,3249.0,942.0
2020-02-25 03:50:00,3249.25,3251.75,3249.0,3250.75,1815.0
2020-02-25 03:55:00,3250.5,3251.75,3250.5,3251.0,877.0
2020-02-25 04:00:00,3251.25,3252.0,3248.75,3249.0,1631.0
2020-02-25 04:05:00,3249.25,3249.75,3249.0,3249.0,829.0
2020-02-25 04:10:00,3248.75,3249.25,3247.75,3247.75,812.0
2020-02-25 04:15:00,3248.0,3249.0,3247.75,3249.0,659.0
2020-02-25 04:20:00,3249.25,3250.25,3249.25,3250.25,669.0
2020-02-25 04:25:00,3250.25,3252.0,3249.0,3251.75,1559.0
2020-02-25 04:30:00,3251.75,3252.5,3251.25,3251.25,1474.0
2020-02-25 04:35:00,3251.25,3252.0,3251.0,3251.5,499.0
2020-02-25 04:40:00,3251.5,3252.5,3251.5,3252.25,555.0
2020-02-25 04:45:00,3252.25,3252.5,3251.25,3252.25,768.0
2020-02-25 04:50:00,3252.5,3252.75,3251.75,3252.25,480.0
2020-02-25 04:55:00,3252.25,3252.5,3251.5,3252.25,505.0
2020-02-25 05:00:00,3252.25,3253.25,3252.0,3252.5,1938.0
2020-02-25 05:05:00,3252.5,3253.75,3252.25,3253.25,1577.0
2020-02-25 05:10:00,3253.5,3253.75,3252.25,3253.5,926.0
2020-02-25 05:15:00,3253.5,3253.5,3251.5,3251.75,627.0
2020-02-25 05:20:00,3251.75,3253.25,3251.5,3251.5,702.0
2020-02-25 05:25:00,3251.75,3252.25,3251.0,3251.75,1263.0
2020-02-25 05:30:00,3251.75,3252.75,3250.5,3251.75,2266.0
2020-02-25 05:35:00,3251.75,3253.75,3251.5,3253.5,1476.0
2020-02-25 05:40:00,3253.5,3254.5,3253.5,3253.75,2090.0
2020-02-25 05:45:00,3254.0,3254.75,3253.25,3254.0,1635.0
2020-02-25 05:50:00,3254.25,3254.25,3253.0,3253.5,1052.0
2020-02-25 05:55:00,3253.5,3254.75,3253.25,3254.75,1183.0
2020-02-25 06:00:00,3254.5,3254.75,3252.25,3252.75,2246.0
2020-02-25 06:05:00,3253.0,3254.25,3252.5,3253.25,1547.0
2020-02-25 06:10:00,3253.5,3254.25,3253.0,3253.5,1139.0
2020-02-25 06:15:00,3253.75,3255.5,3253.5,3255.5,2564.0
2020-02-25 06:20:00,3255.75,3256.25,3255.25,3256.0,1787.0
2020-02-25 06:25:00,3256.0,3256.5,3255.5,3256.25,1387.0
2020-02-25 06:30:00,3256.5,3256.5,3255.75,3256.0,1093.0
2020-02-25 06:35:00,3256.25,3256.75,3256.0,3256.75,840.0
2020-02-25 06:40:00,3256.75,3257.0,3256.25,3256.75,1270.0
2020-02-25 06:45:00,3257.0,3257.0,3256.25,3256.25,1079.0
2020-02-25 06:50:00,3256.0,3257.0,3255.0,3256.75,981.0
2020-02-25 06:55:00,3257.0,3258.0,3256.75,3257.5,1789.0
2020-02-25 07:00:00,3257.5,3257.75,3255.5,3256.5,1459.0
2020-02-25 07:05:00,3256.5,3258.0,3256.5,3257.5,1627.0
2020-02-25 07:10:00,3257.25,3257.75,3256.75,3257.5,1116.0
2020-02-25 07:15:00,3257.75,3258.0,3256.25,3257.0,1380.0
2020-02-25 07:20:00,3257.25,3257.25,3252.5,3252.5,2244.0
2020-02-25 07:25:00,3252.5,3253.5,3249.25,3249.75,3408.0
2020-02-25 07:30:00,3250.0,3253.0,3249.75,3249.75,3662.0
2020-02-25 07:35:00,3249.75,3251.75,3249.0,3249.25,2891.0
2020-02-25 07:40:00,3249.0,3252.5,3248.5,3251.25,3419.0
2020-02-25 07:45:00,3251.5,3252.5,3250.5,3251.75,2021.0
2020-02-25 07:50:00,3251.75,3254.25,3251.75,3254.0,3027.0
2020-02-25 07:55:00,3253.75,3256.25,3253.25,3256.0,2313.0
2020-02-25 08:00:00,3256.25,3256.75,3254.25,3254.5,5887.0
2020-02-25 08:05:00,3254.5,3256.5,3250.0,3250.5,6125.0
2020-02-25 08:10:00,3250.25,3255.25,3248.5,3254.25,9002.0
2020-02-25 08:15:00,3254.25,3254.75,3250.5,3250.5,4707.0
2020-02-25 08:20:00,3250.75,3251.25,3246.5,3248.5,7194.0
2020-02-25 08:25:00,3248.25,3249.0,3245.5,3247.0,7949.0
2020-02-25 08:30:00,3247.25,3251.25,3245.25,3251.0,6293.0
2020-02-25 08:35:00,3251.25,3251.5,3245.75,3246.5,4539.0
2020-02-25 08:40:00,3246.5,3247.0,3242.5,3243.5,8632.0
2020-02-25 08:45:00,3243.5,3245.25,3241.0,3244.5,7358.0
2020-02-25 08:50:00,3244.75,3244.75,3241.75,3243.0,4401.0
2020-02-25 08:55:00,3242.75,3244.25,3241.0,3242.5,4541.0
2020-02-25 09:00:00,3242.5,3247.25,3242.25,3246.5,5159.0
2020-02-25 09:05:00,3246.25,3246.25,3241.0,3242.25,5118.0
2020-02-25 09:10:00,3242.0,3242.0,3235.25,3236.0,8286.0
2020-02-25 09:15:00,3235.75,3239.0,3235.75,3237.25,6343.0
2020-02-25 09:20:00,3237.5,3238.0,3234.75,3236.25,5839.0
2020-02-25 09:25:00,3236.25,3238.75,3234.25,3237.5,4886.0
2020-02-25 09:30:00,3237.5,3238.5,3235.75,3238.5,4915.0
2020-02-25 09:35:00,3238.5,3239.25,3236.75,3238.0,6265.0
2020-02-25 09:40:00,3238.0,3238.75,3236.0,3237.5,5342.0
2020-02-25 09:45:00,3237.5,3239.5,3237.5,3238.5,3667.0
2020-02-25 09:50:00,3238.5,3238.75,3235.25,3236.0,4800.0
2020-02-25 09:55:00,3236.25,3237.0,3234.5,3235.0,2787.0
2020-02-25 10:00:00,3235.25,3237.5,3234.25,3237.0,4658.0
2020-02-25 10:05:00,3236.75,3236.75,3234.25,3234.75,3184.0
2020-02-25 10:10:00,3234.75,3236.25,3233.0,3233.5,6642.0
2020-02-25 10:15:00,3233.5,3235.0,3232.0,3232.5,5065.0
2020-02-25 10:20:00,3232.75,3233.75,3230.5,3232.5,6156.0
2020-02-25 10:25:00,3232.25,3232.5,3229.25,3229.25,7758.0
2020-02-25 10:30:00,3229.25,3231.25,3227.0,3229.75,8066.0
2020-02-25 10:35:00,3229.5,3231.0,3228.5,3229.75,5135.0
2020-02-25 10:40:00,3229.75,3230.0,3225.75,3226.0,6883.0
2020-02-25 10:45:00,3226.0,3226.75,3220.25,3223.5,12166.0
2020-02-25 10:50:00,3223.5,3227.25,3223.5,3226.75,6422.0
2020-02-25 10:55:00,3226.75,3232.0,3225.25,3230.0,6570.0
2020-02-25 11:00:00,3230.0,3230.75,3226.0,3227.0,5148.0
2020-02-25 11:05:00,3227.0,3228.25,3224.75,3227.0,3745.0
2020-02-25 11:10:00,3226.75,3229.25,3226.75,3228.5,3067.0
2020-02-25 11:15:00,3228.75,3230.5,3225.0,3225.5,7129.0
2020-02-25 11:20:00,3225.75,3227.75,3224.75,3227.75,2619.0
2020-02-25 11:25:00,3227.75,3228.5,3225.75,3228.5,2414.0
2020-02-25 11:30:00,3228.5,3234.0,3228.5,3234.0,5598.0
2020-02-25 11:35:00,3234.0,3239.25,3233.25,3238.0,13066.0
2020-02-25 11:40:00,3238.0,3238.75,3234.25,3235.5,5200.0
2020-02-25 11:45:00,3235.5,3236.75,3234.75,3236.0,4233.0
2020-02-25 11:50:00,3235.75,3238.5,3235.0,3237.0,5097.0
2020-02-25 11:55:00,3237.0,3237.0,3232.75,3233.25,4690.0
2020-02-25 12:00:00,3233.5,3236.0,3233.0,3234.75,3801.0
2020-02-25 12:05:00,3234.75,3237.75,3233.75,3234.0,4898.0
2020-02-25 12:10:00,3234.25,3234.5,3229.25,3229.75,5483.0
2020-02-25 12:15:00,3230.0,3233.25,3229.5,3232.5,4254.0
2020-02-25 12:20:00,3232.75,3240.75,3232.25,3237.75,15083.0
2020-02-25 12:25:00,3237.75,3239.0,3235.25,3236.0,7899.0
2020-02-25 12:30:00,3236.0,3238.25,3233.25,3237.0,4610.0
2020-02-25 12:35:00,3237.0,3241.25,3236.5,3240.25,6529.0
2020-02-25 12:40:00,3240.25,3240.75,3238.0,3240.75,4549.0
2020-02-25 12:45:00,3240.5,3243.75,3240.0,3243.0,5462.0
2020-02-25 12:50:00,3242.75,3244.5,3241.0,3244.5,5407.0
2020-02-25 12:55:00,3244.25,3244.75,3242.0,3242.5,4415.0
2020-02-25 13:00:00,3242.75,3243.25,3239.75,3240.0,5970.0
2020-02-25 13:05:00,3240.25,3242.5,3238.25,3242.0,9272.0
2020-02-25 13:10:00,3242.25,3245.75,3241.75,3242.5,12862.0
2020-02-25 13:15:00,3242.5,3243.25,3240.25,3241.75,7295.0
2020-02-25 13:20:00,3241.75,3242.25,3238.25,3239.0,5287.0
2020-02-25 13:25:00,3239.25,3241.0,3238.0,3239.25,6160.0
2020-02-25 13:30:00,3239.25,3239.75,3235.5,3237.75,8114.0
2020-02-25 13:35:00,3237.75,3240.0,3237.75,3239.25,7891.0
2020-02-25 13:40:00,3239.25,3241.0,3238.5,3239.0,4915.0
2020-02-25 13:45:00,3238.75,3242.25,3238.25,3241.25,3938.0
2020-02-25 13:50:00,3241.5,3242.75,3240.25,3242.25,4468.0
2020-02-25 13:55:00,3242.25,3245.25,3238.5,3241.0,14611.0
2020-02-25 14:00:00,3241.0,3242.5,3238.0,3239.25,10085.0
2020-02-25 14:05:00,3239.25,3240.0,3236.5,3237.25,6418.0
2020-02-25 14:10:00,3237.25,3239.25,3236.5,3238.25,5858.0
2020-02-25 14:15:00,3238.25,3241.5,3238.0,3241.25,4895.0
2020-02-25 14:20:00,3241.25,3242.75,3240.25,3241.25,6054.0
2020-02-25 14:25:00,3241.25,3242.0,3239.5,3241.0,7111.0
2020-02-25 14:30:00,3241.0,3247.25,3234.25,3236.5,53299.0
2020-02-25 14:35:00,3236.25,3241.0,3232.5,3240.75,41415.0
2020-02-25 14:40:00,3241.0,3244.25,3230.25,3231.0,50512.0
2020-02-25 14:45:00,3231.0,3231.5,3221.5,3224.0,46283.0
2020-02-25 14:50:00,3224.25,3235.25,3223.25,3234.75,52476.0
2020-02-25 14:55:00,3235.0,3235.0,3229.0,3233.75,35182.0
2020-02-25 15:00:00,3233.75,3237.0,3227.75,3233.0,40776.0
2020-02-25 15:05:00,3233.0,3235.0,3228.0,3234.75,33214.0
2020-02-25 15:10:00,3234.5,3234.75,3225.0,3226.75,30187.0
2020-02-25 15:15:00,3226.75,3228.75,3222.0,3222.75,30199.0
2020-02-25 15:20:00,3222.75,3224.5,3214.5,3214.75,42330.0
2020-02-25 15:25:00,3214.5,3215.5,3201.0,3205.5,73438.0
2020-02-25 15:30:00,3205.75,3209.25,3195.75,3198.25,66084.0
2020-02-25 15:35:00,3198.25,3209.0,3197.75,3207.0,55121.0
2020-02-25 15:40:00,3207.0,3209.25,3201.25,3209.25,48145.0
2020-02-25 15:45:00,3209.5,3213.75,3202.5,3203.75,49000.0
2020-02-25 15:50:00,3203.75,3204.5,3185.25,3185.75,72701.0
2020-02-25 15:55:00,3186.0,3198.25,3185.75,3197.5,61533.0
2020-02-25 16:00:00,3197.5,3203.5,3195.25,3195.25,44473.0
2020-02-25 16:05:00,3195.25,3198.0,3187.25,3189.25,48514.0
2020-02-25 16:10:00,3189.25,3195.25,3186.75,3190.0,42966.0
2020-02-25 16:15:00,3189.75,3191.25,3176.75,3177.0,53464.0
2020-02-25 16:20:00,3177.25,3184.0,3176.0,3182.5,52056.0
2020-02-25 16:25:00,3182.25,3190.25,3179.5,3189.75,39978.0
2020-02-25 16:30:00,3189.5,3193.25,3183.5,3190.5,40532.0
2020-02-25 16:35:00,3190.5,3193.75,3186.75,3191.0,35203.0
2020-02-25 16:40:00,3191.25,3193.0,3185.0,3185.5,32621.0
2020-02-25 16:45:00,3185.5,3198.0,3183.5,3196.5,34966.0
2020-02-25 16:50:00,3196.5,3197.5,3193.0,3196.5,24041.0
2020-02-25 16:55:00,3196.25,3198.25,3192.75,3193.0,26047.0
2020-02-25 17:00:00,3193.0,3197.75,3193.0,3195.75,24535.0
2020-02-25 17:05:00,3195.75,3197.5,3190.5,3193.5,27060.0
2020-02-25 17:10:00,3193.25,3196.75,3192.25,3193.25,16876.0
2020-02-25 17:15:00,3193.0,3194.25,3184.75,3185.0,24185.0
2020-02-25 17:20:00,3185.0,3186.5,3181.75,3185.0,20632.0
2020-02-25 17:25:00,3184.75,3185.0,3180.25,3184.75,19136.0
2020-02-25 17:30:00,3184.5,3188.25,3182.0,3187.0,24782.0
2020-02-25 17:35:00,3187.0,3191.75,3185.75,3188.5,15496.0
2020-02-25 17:40:00,3188.5,3190.0,3181.0,3181.25,23640.0
2020-02-25 17:45:00,3181.0,3181.75,3172.25,3172.75,38550.0
2020-02-25 17:50:00,3172.75,3176.5,3171.25,3176.0,25497.0
2020-02-25 17:55:00,3175.75,3176.5,3171.0,3171.5,23352.0
2020-02-25 18:00:00,3171.5,3175.25,3166.25,3174.5,39805.0
2020-02-25 18:05:00,3174.25,3175.0,3167.25,3174.5,38287.0
2020-02-25 18:10:00,3174.25,3178.25,3172.75,3173.0,27487.0
2020-02-25 18:15:00,3173.0,3174.5,3162.25,3164.75,35395.0
2020-02-25 18:20:00,3164.5,3168.0,3163.25,3165.75,23358.0
2020-02-25 18:25:00,3165.75,3168.75,3163.5,3167.25,20119.0
2020-02-25 18:30:00,3167.25,3169.0,3159.75,3162.5,29175.0
2020-02-25 18:35:00,3162.25,3164.75,3158.75,3161.5,32929.0
2020-02-25 18:40:00,3161.5,3163.75,3157.25,3162.5,32590.0
2020-02-25 18:45:00,3162.25,3166.25,3161.25,3162.25,29655.0
2020-02-25 18:50:00,3162.25,3167.25,3157.0,3157.25,28314.0
2020-02-25 18:55:00,3157.25,3160.5,3153.25,3154.5,30709.0
2020-02-25 19:00:00,3154.25,3155.0,3143.0,3147.0,58924.0
2020-02-25 19:05:00,3147.0,3151.25,3134.5,3138.25,56373.0
2020-02-25 19:10:00,3138.25,3148.0,3131.0,3145.5,68237.0
2020-02-25 19:15:00,3145.5,3147.0,3134.75,3137.0,40985.0
2020-02-25 19:20:00,3137.0,3142.0,3134.5,3137.5,35056.0
2020-02-25 19:25:00,3137.75,3138.5,3127.0,3128.0,38547.0
2020-02-25 19:30:00,3128.0,3134.0,3121.25,3126.75,62653.0
2020-02-25 19:35:00,3126.75,3131.75,3123.25,3124.75,48059.0
2020-02-25 19:40:00,3124.75,3134.0,3121.25,3133.75,46270.0
2020-02-25 19:45:00,3133.75,3139.25,3131.25,3139.25,48907.0
2020-02-25 19:50:00,3139.0,3141.75,3135.0,3140.25,45727.0
2020-02-25 19:55:00,3140.25,3147.25,3140.25,3140.75,34298.0
2020-02-25 20:00:00,3141.0,3154.25,3140.25,3147.0,53646.0
2020-02-25 20:05:00,3146.75,3157.0,3146.25,3148.0,47425.0
2020-02-25 20:10:00,3148.25,3149.75,3140.5,3142.25,41998.0
2020-02-25 20:15:00,3142.25,3146.25,3135.25,3137.75,51568.0
2020-02-25 20:20:00,3137.75,3142.0,3125.0,3127.75,46833.0
2020-02-25 20:25:00,3127.75,3136.5,3126.75,3133.75,38081.0
2020-02-25 20:30:00,3133.75,3134.0,3117.5,3120.5,60111.0
2020-02-25 20:35:00,3120.25,3124.75,3117.75,3118.75,45913.0
2020-02-25 20:40:00,3118.75,3132.75,3117.25,3129.75,47481.0
2020-02-25 20:45:00,3129.5,3141.25,3128.0,3137.0,53365.0
2020-02-25 20:50:00,3137.0,3137.5,3123.25,3131.25,66746.0
2020-02-25 20:55:00,3131.25,3131.75,3122.0,3129.5,86067.0
2020-02-25 21:00:00,3129.75,3135.0,3124.75,3135.0,151037.0
2020-02-25 21:05:00,3134.75,3135.0,3128.75,3132.5,29395.0
2020-02-25 21:10:00,3132.5,3134.25,3130.75,3131.0,17194.0
2020-02-25 21:15:00,3130.75,3134.0,3130.5,3133.5,11207.0
2020-02-25 21:30:00,3132.5,3137.25,3132.0,3137.0,5898.0
2020-02-25 21:35:00,3137.0,3142.75,3136.25,3142.5,6056.0
2020-02-25 21:40:00,3142.25,3142.25,3138.25,3138.75,3063.0
2020-02-25 21:45:00,3138.75,3144.5,3138.75,3143.75,4189.0
2020-02-25 21:50:00,3143.5,3143.5,3139.5,3140.0,4248.0
2020-02-25 21:55:00,3139.75,3139.75,3138.0,3138.25,1994.0
2020-02-25 22:00:00,3138.5,3138.75,3138.0,3138.5,507.0
2020-02-25 23:00:00,3138.0,3143.25,3135.75,3141.25,6421.0
2020-02-25 23:05:00,3141.0,3146.5,3138.0,3146.0,5623.0
2020-02-25 23:10:00,3146.25,3147.0,3145.0,3146.75,1948.0
2020-02-25 23:15:00,3146.75,3148.25,3145.0,3146.25,2854.0
2020-02-25 23:20:00,3146.25,3146.5,3143.25,3144.5,2113.0
2020-02-25 23:25:00,3144.5,3147.5,3144.0,3147.25,2465.0
2020-02-25 23:30:00,3147.25,3149.0,3145.5,3148.5,2767.0
2020-02-25 23:35:00,3148.5,3149.0,3144.5,3145.25,2168.0
2020-02-25 23:40:00,3145.25,3148.0,3143.75,3147.5,1714.0
2020-02-25 23:45:00,3147.75,3153.5,3146.75,3150.5,6450.0
2020-02-25 23:50:00,3150.5,3153.0,3150.25,3150.75,2104.0
2020-02-25 23:55:00,3151.0,3151.75,3148.75,3150.0,2417.0
2020-02-26 00:00:00,3150.0,3152.75,3149.25,3149.5,2854.0
2020-02-26 00:05:00,3149.5,3152.0,3149.5,3151.5,3388.0
2020-02-26 00:10:00,3151.25,3152.0,3145.75,3146.25,4698.0
2020-02-26 00:15:00,3146.25,3147.25,3144.0,3144.25,3850.0
2020-02-26 00:20:00,3144.25,3147.25,3140.5,3147.0,5981.0
2020-02-26 00:25:00,3147.0,3147.0,3143.75,3146.0,2699.0
2020-02-26 00:30:00,3146.0,3149.0,3145.75,3146.5,3042.0
2020-02-26 00:35:00,3146.5,3148.0,3141.75,3142.0,2954.0
2020-02-26 00:40:00,3142.0,3144.5,3140.0,3143.75,3352.0
2020-02-26 00:45:00,3143.5,3145.25,3141.5,3145.25,2957.0
2020-02-26 00:50:00,3145.25,3146.25,3140.5,3140.75,2863.0
2020-02-26 00:55:00,3140.75,3142.75,3135.25,3135.5,5461.0
2020-02-26 01:00:00,3135.75,3140.5,3127.0,3131.0,10913.0
2020-02-26 01:05:00,3130.75,3137.5,3129.0,3136.0,4184.0
2020-02-26 01:10:00,3135.75,3136.5,3129.75,3131.5,4970.0
2020-02-26 01:15:00,3131.5,3140.25,3130.75,3137.0,5854.0
2020-02-26 01:20:00,3137.0,3140.0,3136.0,3140.0,2590.0
2020-02-26 01:25:00,3139.75,3141.0,3136.75,3137.5,2740.0
2020-02-26 01:30:00,3137.75,3143.0,3137.5,3140.0,3995.0
2020-02-26 01:35:00,3139.75,3146.5,3139.75,3144.25,4463.0
2020-02-26 01:40:00,3144.25,3148.0,3141.75,3142.75,4233.0
2020-02-26 01:45:00,3142.75,3145.25,3139.75,3142.0,5196.0
2020-02-26 01:50:00,3142.0,3143.75,3138.0,3143.0,4519.0
2020-02-26 01:55:00,3143.0,3146.0,3140.5,3141.0,3259.0
2020-02-26 02:00:00,3141.25,3142.5,3134.5,3135.25,3918.0
2020-02-26 02:05:00,3135.25,3141.0,3134.75,3140.75,4154.0
2020-02-26 02:10:00,3140.75,3147.0,3140.0,3147.0,4739.0
2020-02-26 02:15:00,3147.0,3152.75,3145.75,3150.0,7398.0
2020-02-26 02:20:00,3150.0,3151.5,3146.0,3147.75,4936.0
2020-02-26 02:25:00,3147.75,3152.5,3147.75,3150.25,5959.0
2020-02-26 02:30:00,3150.0,3155.25,3150.0,3153.25,5095.0
2020-02-26 02:35:00,3153.5,3158.5,3152.0,3157.5,6460.0
2020-02-26 02:40:00,3157.25,3158.25,3153.75,3153.75,3831.0
2020-02-26 02:45:00,3153.75,3156.5,3152.5,3153.0,3653.0
2020-02-26 02:50:00,3152.75,3154.25,3151.0,3152.25,2693.0
2020-02-26 02:55:00,3152.25,3153.5,3150.25,3152.25,2366.0
2020-02-26 03:00:00,3152.25,3155.25,3152.25,3154.75,3111.0
2020-02-26 03:05:00,3155.0,3155.0,3151.0,3153.75,1855.0
2020-02-26 03:10:00,3154.0,3157.5,3152.5,3156.25,2468.0
2020-02-26 03:15:00,3156.5,3157.5,3154.25,3154.25,1939.0
2020-02-26 03:20:00,3154.0,3155.25,3152.5,3154.0,2120.0
2020-02-26 03:25:00,3154.0,3156.75,3153.75,3155.5,1577.0
2020-02-26 03:30:00,3155.25,3155.75,3147.75,3149.25,4369.0
2020-02-26 03:35:00,3149.5,3154.25,3149.25,3153.5,2332.0
2020-02-26 03:40:00,3153.75,3153.75,3151.25,3153.25,1561.0
2020-02-26 03:45:00,3153.0,3154.75,3152.5,3154.75,2013.0
2020-02-26 03:50:00,3154.75,3154.75,3150.75,3151.75,1456.0
2020-02-26 03:55:00,3151.5,3152.75,3150.25,3152.25,1589.0
2020-02-26 04:00:00,3152.0,3153.0,3148.5,3148.75,1731.0
2020-02-26 04:05:00,3149.0,3149.75,3146.75,3147.25,1834.0
2020-02-26 04:10:00,3147.5,3148.25,3145.5,3146.5,1542.0
2020-02-26 04:15:00,3146.25,3146.5,3143.0,3144.0,2095.0
2020-02-26 04:20:00,3144.0,3148.5,3143.5,3147.75,1796.0
2020-02-26 04:25:00,3147.75,3148.5,3147.0,3147.5,1087.0
2020-02-26 04:30:00,3147.5,3149.75,3147.25,3148.75,5099.0
2020-02-26 04:35:00,3148.75,3153.0,3146.25,3150.25,3151.0
2020-02-26 04:40:00,3150.25,3151.0,3149.0,3150.0,990.0
2020-02-26 04:45:00,3149.75,3152.75,3149.25,3152.0,2493.0
2020-02-26 04:50:00,3152.0,3152.25,3150.5,3151.0,1575.0
2020-02-26 04:55:00,3150.75,3151.25,3148.25,3149.0,1252.0
2020-02-26 05:00:00,3149.0,3150.5,3147.75,3148.0,3900.0
2020-02-26 05:05:00,3148.0,3149.75,3146.5,3149.25,1587.0
2020-02-26 05:10:00,3149.5,3150.0,3148.5,3149.5,1395.0
2020-02-26 05:15:00,3149.5,3149.75,3147.5,3148.0,1142.0
2020-02-26 05:20:00,3148.0,3148.0,3144.75,3146.5,1601.0
2020-02-26 05:25:00,3146.25,3149.5,3145.25,3149.0,1871.0
2020-02-26 05:30:00,3149.0,3150.75,3147.5,3149.25,2028.0
2020-02-26 05:35:00,3149.25,3150.0,3146.5,3146.75,1698.0
2020-02-26 05:40:00,3146.75,3149.75,3146.5,3149.5,1305.0
2020-02-26 05:45:00,3149.25,3150.5,3146.75,3150.0,1303.0
2020-02-26 05:50:00,3150.25,3150.75,3148.75,3150.0,1400.0
2020-02-26 05:55:00,3150.0,3151.75,3149.5,3151.0,1241.0
2020-02-26 06:00:00,3150.75,3151.25,3147.25,3148.0,2412.0
2020-02-26 06:05:00,3148.0,3148.0,3144.25,3145.75,4445.0
2020-02-26 06:10:00,3145.75,3146.25,3143.5,3144.5,2778.0
2020-02-26 06:15:00,3144.25,3144.5,3139.25,3143.0,4262.0
2020-02-26 06:20:00,3143.0,3144.75,3142.0,3142.25,2377.0
2020-02-26 06:25:00,3142.25,3143.25,3141.0,3141.75,2321.0
2020-02-26 06:30:00,3141.5,3143.25,3140.25,3141.25,1569.0
2020-02-26 06:35:00,3141.5,3143.5,3141.0,3142.25,2760.0
2020-02-26 06:40:00,3142.25,3142.75,3139.5,3140.25,1190.0
2020-02-26 06:45:00,3140.25,3142.0,3140.0,3141.25,812.0
2020-02-26 06:50:00,3141.25,3142.0,3140.25,3140.75,969.0
2020-02-26 06:55:00,3140.75,3140.75,3131.0,3134.25,4519.0
2020-02-26 07:00:00,3134.25,3138.0,3132.25,3132.75,3659.0
2020-02-26 07:05:00,3132.5,3139.75,3132.5,3139.75,3430.0
2020-02-26 07:10:00,3139.75,3140.75,3138.0,3138.75,3430.0
2020-02-26 07:15:00,3138.5,3139.0,3135.0,3137.75,3744.0
2020-02-26 07:20:00,3138.0,3138.5,3134.0,3137.25,5019.0
2020-02-26 07:25:00,3137.25,3140.5,3135.75,3138.75,3707.0
2020-02-26 07:30:00,3138.75,3139.75,3135.0,3136.0,3652.0
2020-02-26 07:35:00,3136.0,3137.5,3134.5,3135.5,3520.0
2020-02-26 07:40:00,3135.5,3138.25,3134.75,3135.75,4596.0
2020-02-26 07:45:00,3135.75,3140.5,3135.75,3140.0,2951.0
2020-02-26 07:50:00,3140.0,3144.75,3139.75,3141.0,4610.0
2020-02-26 07:55:00,3141.25,3148.5,3140.5,3148.0,4540.0
2020-02-26 08:00:00,3148.25,3151.75,3146.25,3146.75,10061.0
2020-02-26 08:05:00,3146.75,3152.0,3146.5,3151.5,7004.0
2020-02-26 08:10:00,3151.5,3152.0,3145.5,3147.25,6337.0
2020-02-26 08:15:00,3147.5,3149.75,3142.0,3144.0,7107.0
2020-02-26 08:20:00,3144.25,3146.75,3142.0,3144.25,7244.0
2020-02-26 08:25:00,3144.25,3146.75,3141.0,3142.0,5720.0
2020-02-26 08:30:00,3142.25,3144.0,3139.5,3141.25,6533.0
2020-02-26 08:35:00,3141.25,3141.25,3137.0,3140.25,7530.0
2020-02-26 08:40:00,3140.0,3140.25,3127.75,3130.0,12617.0
2020-02-26 08:45:00,3130.0,3130.5,3122.75,3122.75,10552.0
2020-02-26 08:50:00,3123.0,3124.5,3116.0,3117.0,20278.0
2020-02-26 08:55:00,3117.0,3119.75,3115.5,3118.5,10329.0
2020-02-26 09:00:00,3118.25,3119.5,3108.5,3108.75,16034.0
2020-02-26 09:05:00,3108.75,3110.0,3100.25,3101.5,19223.0
2020-02-26 09:10:00,3101.5,3101.5,3091.0,3097.75,23578.0
2020-02-26 09:15:00,3097.75,3113.25,3097.75,3109.75,16246.0
2020-02-26 09:20:00,3109.75,3113.5,3104.25,3107.75,13617.0
2020-02-26 09:25:00,3107.75,3112.25,3107.75,3111.25,10063.0
2020-02-26 09:30:00,3111.25,3114.5,3107.75,3111.75,13572.0
2020-02-26 09:35:00,3111.75,3116.25,3110.75,3114.5,11333.0
2020-02-26 09:40:00,3114.5,3122.75,3114.5,3122.25,16989.0
2020-02-26 09:45:00,3122.0,3122.25,3110.5,3111.0,15804.0
2020-02-26 09:50:00,3111.0,3117.75,3110.0,3115.25,12962.0
2020-02-26 09:55:00,3115.25,3118.75,3112.25,3113.75,9099.0
2020-02-26 10:00:00,3113.75,3117.75,3112.75,3117.5,8440.0
2020-02-26 10:05:00,3117.5,3127.25,3116.25,3125.0,14176.0
2020-02-26 10:10:00,3125.0,3128.5,3124.25,3125.25,9519.0
2020-02-26 10:15:00,3125.25,3131.75,3123.0,3127.75,11909.0
2020-02-26 10:20:00,3127.5,3131.5,3126.75,3127.5,7800.0
2020-02-26 10:25:00,3127.75,3133.0,3126.5,3131.5,6475.0
2020-02-26 10:30:00,3131.5,3132.75,3128.25,3131.5,6444.0
2020-02-26 10:35:00,3131.5,3132.25,3127.5,3128.5,4659.0
2020-02-26 10:40:00,3128.5,3130.5,3125.25,3127.5,6598.0
2020-02-26 10:45:00,3127.25,3131.25,3120.25,3120.25,10231.0
2020-02-26 10:50:00,3120.25,3122.0,3118.0,3119.25,7064.0
2020-02-26 10:55:00,3119.25,3123.25,3118.75,3119.75,7025.0
2020-02-26 11:00:00,3120.0,3121.75,3117.75,3121.5,4368.0
2020-02-26 11:05:00,3121.5,3130.25,3120.75,3128.5,8317.0
2020-02-26 11:10:00,3128.75,3130.5,3124.75,3129.75,6604.0
2020-02-26 11:15:00,3129.75,3130.0,3127.75,3128.75,4248.0
2020-02-26 11:20:00,3128.75,3136.75,3128.5,3136.5,7267.0
2020-02-26 11:25:00,3136.75,3139.0,3135.25,3138.0,8111.0
2020-02-26 11:30:00,3138.0,3138.5,3134.25,3134.75,6443.0
2020-02-26 11:35:00,3135.0,3140.75,3134.5,3139.5,6613.0
2020-02-26 11:40:00,3139.75,3143.75,3139.75,3143.75,7087.0
2020-02-26 11:45:00,3143.5,3144.5,3140.0,3141.25,7587.0
2020-02-26 11:50:00,3141.25,3141.5,3137.25,3138.75,5408.0
2020-02-26 11:55:00,3138.75,3139.25,3136.25,3136.5,4465.0
2020-02-26 12:00:00,3136.75,3137.0,3127.5,3131.75,15140.0
2020-02-26 12:05:00,3132.0,3135.25,3129.5,3133.25,9842.0
2020-02-26 12:10:00,3133.25,3142.75,3133.25,3141.0,12436.0
2020-02-26 12:15:00,3141.0,3141.0,3137.25,3138.0,5308.0
2020-02-26 12:20:00,3138.0,3139.5,3128.75,3133.75,11547.0
2020-02-26 12:25:00,3133.5,3134.0,3128.25,3133.5,6351.0
2020-02-26 12:30:00,3133.5,3133.5,3126.25,3126.5,7277.0
2020-02-26 12:35:00,3126.75,3129.0,3123.0,3123.75,5246.0
2020-02-26 12:40:00,3123.75,3130.75,3122.25,3129.5,8118.0
2020-02-26 12:45:00,3129.25,3134.5,3129.0,3134.25,10570.0
2020-02-26 12:50:00,3134.25,3137.75,3133.0,3136.5,6835.0
2020-02-26 12:55:00,3136.25,3139.25,3132.25,3138.5,8573.0
2020-02-26 13:00:00,3138.75,3140.75,3136.75,3139.0,8191.0
2020-02-26 13:05:00,3139.0,3141.75,3134.25,3134.25,7934.0
2020-02-26 13:10:00,3134.5,3137.5,3132.25,3132.25,9910.0
2020-02-26 13:15:00,3132.25,3139.0,3131.5,3138.0,9925.0
2020-02-26 13:20:00,3138.0,3145.75,3137.25,3145.5,9373.0
2020-02-26 13:25:00,3145.5,3147.75,3143.25,3145.25,14124.0
2020-02-26 13:30:00,3145.25,3148.75,3142.75,3146.25,10661.0
2020-02-26 13:35:00,3146.25,3149.25,3145.5,3149.0,8732.0
2020-02-26 13:40:00,3149.25,3149.75,3143.75,3145.0,13370.0
2020-02-26 13:45:00,3145.0,3147.5,3143.5,3146.0,7823.0
2020-02-26 13:50:00,3146.25,3146.25,3138.75,3139.5,8171.0
2020-02-26 13:55:00,3139.5,3142.75,3137.75,3140.0,8845.0
2020-02-26 14:00:00,3139.75,3145.5,3138.75,3144.25,8396.0
2020-02-26 14:05:00,3144.25,3144.25,3139.5,3141.75,4630.0
2020-02-26 14:10:00,3141.75,3146.75,3141.0,3143.25,8988.0
2020-02-26 14:15:00,3143.25,3147.0,3143.0,3146.25,8347.0
2020-02-26 14:20:00,3146.25,3147.5,3143.5,3146.0,7132.0
2020-02-26 14:25:00,3146.25,3147.0,3143.75,3144.25,7640.0
2020-02-26 14:30:00,3144.25,3150.75,3138.75,3149.0,71509.0
2020-02-26 14:35:00,3149.0,3157.75,3144.0,3157.75,64308.0
2020-02-26 14:40:00,3157.75,3175.25,3157.25,3174.5,62887.0
2020-02-26 14:45:00,3174.5,3174.75,3160.25,3164.75,61575.0
2020-02-26 14:50:00,3164.75,3165.25,3155.0,3160.0,53283.0
2020-02-26 14:55:00,3160.0,3162.25,3152.5,3154.5,40212.0
2020-02-26 15:00:00,3154.5,3158.25,3149.5,3152.25,46878.0
2020-02-26 15:05:00,3152.0,3155.0,3147.25,3152.0,44005.0
2020-02-26 15:10:00,3152.0,3155.75,3148.5,3154.75,35283.0
2020-02-26 15:15:00,3155.0,3167.0,3155.0,3166.25,45112.0
2020-02-26 15:20:00,3166.0,3169.5,3161.0,3162.75,40533.0
2020-02-26 15:25:00,3163.0,3172.0,3162.75,3169.5,38612.0
2020-02-26 15:30:00,3169.5,3173.0,3163.75,3171.0,46461.0
2020-02-26 15:35:00,3171.25,3174.25,3170.0,3170.25,33995.0
2020-02-26 15:40:00,3170.25,3177.75,3168.0,3177.0,46966.0
2020-02-26 15:45:00,3177.0,3179.25,3174.75,3175.5,31259.0
2020-02-26 15:50:00,3175.75,3182.0,3175.5,3177.75,36126.0
2020-02-26 15:55:00,3178.0,3178.25,3172.25,3173.5,34123.0
2020-02-26 16:00:00,3173.5,3174.25,3167.5,3172.0,37561.0
2020-02-26 16:05:00,3172.0,3172.25,3165.75,3166.5,22953.0
2020-02-26 16:10:00,3166.5,3167.25,3161.5,3164.0,21268.0
2020-02-26 16:15:00,3164.0,3171.75,3163.5,3171.5,22626.0
2020-02-26 16:20:00,3171.75,3176.5,3171.0,3176.5,17462.0
2020-02-26 16:25:00,3176.5,3178.0,3174.75,3177.5,18030.0
2020-02-26 16:30:00,3177.75,3178.0,3169.0,3169.25,26960.0
2020-02-26 16:35:00,3169.0,3173.0,3166.25,3172.0,23695.0
2020-02-26 16:40:00,3172.25,3175.5,3167.75,3169.25,25249.0
2020-02-26 16:45:00,3169.25,3169.25,3162.5,3162.75,23459.0
2020-02-26 16:50:00,3162.75,3163.5,3153.75,3154.25,27814.0
2020-02-26 16:55:00,3154.0,3157.5,3151.75,3155.25,27425.0
2020-02-26 17:00:00,3155.0,3157.0,3145.5,3146.25,38871.0
2020-02-26 17:05:00,3146.0,3147.5,3133.25,3133.5,43717.0
2020-02-26 17:10:00,3133.5,3139.75,3132.75,3138.25,39869.0
2020-02-26 17:15:00,3138.0,3139.0,3127.5,3130.75,43777.0
2020-02-26 17:20:00,3130.75,3142.5,3130.25,3140.25,44506.0
2020-02-26 17:25:00,3140.0,3142.5,3137.0,3137.75,23491.0
2020-02-26 17:30:00,3137.5,3151.5,3137.5,3149.25,29913.0
2020-02-26 17:35:00,3149.0,3152.75,3145.75,3146.75,24998.0
2020-02-26 17:40:00,3146.75,3148.0,3143.25,3144.5,22934.0
2020-02-26 17:45:00,3144.25,3150.25,3141.25,3146.25,19033.0
2020-02-26 17:50:00,3146.25,3150.25,3141.5,3142.25,19154.0
2020-02-26 17:55:00,3142.0,3145.75,3138.25,3144.25,22699.0
2020-02-26 18:00:00,3144.25,3148.5,3143.0,3145.75,17063.0
2020-02-26 18:05:00,3145.75,3147.5,3137.75,3138.75,17718.0
2020-02-26 18:10:00,3139.0,3141.0,3136.25,3137.25,16799.0
2020-02-26 18:15:00,3137.5,3142.5,3135.5,3135.75,15953.0
2020-02-26 18:20:00,3136.0,3141.0,3135.75,3136.5,15698.0
2020-02-26 18:25:00,3136.5,3145.25,3136.5,3142.0,22169.0
2020-02-26 18:30:00,3142.0,3143.0,3128.75,3129.75,34140.0
2020-02-26 18:35:00,3129.75,3131.0,3115.25,3122.0,49185.0
2020-02-26 18:40:00,3122.25,3122.75,3110.75,3114.5,46020.0
2020-02-26 18:45:00,3114.5,3125.75,3107.5,3124.25,63505.0
2020-02-26 18:50:00,3124.0,3132.5,3121.25,3124.25,37577.0
2020-02-26 18:55:00,3124.25,3125.5,3110.25,3111.25,39036.0
2020-02-26 19:00:00,3111.0,3123.5,3108.0,3117.5,46995.0
2020-02-26 19:05:00,3117.25,3124.5,3114.5,3123.25,24208.0
2020-02-26 19:10:00,3123.5,3126.75,3114.75,3125.0,29807.0
2020-02-26 19:15:00,3125.0,3129.0,3118.5,3121.75,22138.0
2020-02-26 19:20:00,3121.75,3126.0,3117.5,3123.0,20297.0
2020-02-26 19:25:00,3123.25,3131.75,3123.25,3128.5,21606.0
2020-02-26 19:30:00,3128.5,3128.5,3116.75,3122.5,32267.0
2020-02-26 19:35:00,3122.5,3131.0,3120.0,3126.0,21911.0
2020-02-26 19:40:00,3125.75,3128.0,3115.5,3115.5,24915.0
2020-02-26 19:45:00,3115.5,3125.75,3115.0,3120.25,25075.0
2020-02-26 19:50:00,3120.25,3122.25,3114.25,3115.0,20339.0
2020-02-26 19:55:00,3115.25,3124.5,3114.5,3116.75,24471.0
2020-02-26 20:00:00,3116.5,3122.0,3113.25,3121.25,24299.0
2020-02-26 20:05:00,3121.25,3125.0,3114.5,3118.5,23933.0
2020-02-26 20:10:00,3118.5,3129.25,3117.0,3126.25,27795.0
2020-02-26 20:15:00,3126.25,3135.0,3123.75,3131.75,29298.0
2020-02-26 20:20:00,3132.0,3133.0,3122.25,3122.5,32268.0
2020-02-26 20:25:00,3122.5,3125.0,3116.5,3120.25,22509.0
2020-02-26 20:30:00,3120.25,3125.75,3118.0,3119.25,28721.0
2020-02-26 20:35:00,3119.0,3124.5,3116.75,3121.75,18694.0
2020-02-26 20:40:00,3122.0,3126.0,3119.5,3120.25,25484.0
2020-02-26 20:45:00,3120.5,3125.0,3119.75,3121.75,26695.0
2020-02-26 20:50:00,3121.5,3126.0,3119.0,3122.25,38376.0
2020-02-26 20:55:00,3122.0,3124.5,3117.5,3118.0,42967.0
2020-02-26 21:00:00,3117.75,3118.5,3110.25,3113.0,105568.0
2020-02-26 21:05:00,3113.0,3113.75,3108.75,3111.25,18869.0
2020-02-26 21:10:00,3111.25,3111.75,3107.0,3109.75,23932.0
2020-02-26 21:15:00,3110.0,3111.75,3107.75,3109.5,9562.0
2020-02-26 21:30:00,3107.5,3115.0,3107.5,3113.0,5576.0
2020-02-26 21:35:00,3113.0,3113.75,3109.5,3111.5,2751.0
2020-02-26 21:40:00,3111.75,3112.5,3108.75,3109.0,1929.0
2020-02-26 21:45:00,3108.75,3109.75,3103.25,3104.25,5516.0
2020-02-26 21:50:00,3104.25,3104.5,3098.5,3100.0,7394.0
2020-02-26 21:55:00,3099.75,3100.75,3098.0,3099.75,4501.0
2020-02-26 22:00:00,3099.75,3102.0,3099.75,3100.0,1786.0
2020-02-26 23:00:00,3100.25,3102.0,3095.75,3100.25,6439.0
2020-02-26 23:05:00,3100.5,3109.25,3100.25,3109.0,4376.0
2020-02-26 23:10:00,3109.0,3110.5,3106.75,3108.0,3097.0
2020-02-26 23:15:00,3108.0,3111.0,3107.5,3108.75,1893.0
2020-02-26 23:20:00,3108.75,3111.75,3108.0,3111.75,2023.0
2020-02-26 23:25:00,3111.75,3112.0,3107.25,3110.5,2960.0
2020-02-26 23:30:00,3110.5,3114.5,3109.0,3113.25,2685.0
2020-02-26 23:35:00,3113.25,3116.0,3111.5,3114.5,3358.0
2020-02-26 23:40:00,3114.5,3117.0,3092.25,3104.0,13903.0
2020-02-26 23:45:00,3104.5,3112.75,3103.75,3107.0,7791.0
2020-02-26 23:50:00,3107.0,3107.25,3093.5,3099.25,7431.0
2020-02-26 23:55:00,3098.75,3107.75,3095.75,3101.25,6944.0
2020-02-27 00:00:00,3101.0,3105.5,3091.5,3094.0,7031.0
2020-02-27 00:05:00,3094.0,3098.25,3078.0,3088.5,20581.0
2020-02-27 00:10:00,3088.5,3095.5,3086.0,3095.0,7683.0
2020-02-27 00:15:00,3094.75,3103.25,3093.25,3099.0,8932.0
2020-02-27 00:20:00,3099.25,3100.0,3094.5,3097.0,3836.0
2020-02-27 00:25:00,3097.25,3104.75,3097.0,3102.5,4204.0
2020-02-27 00:30:00,3102.25,3107.0,3097.0,3105.5,4337.0
2020-02-27 00:35:00,3105.25,3107.5,3098.75,3100.5,3707.0
2020-02-27 00:40:00,3100.75,3103.5,3096.25,3099.25,2916.0
2020-02-27 00:45:00,3099.25,3100.5,3088.25,3093.5,6087.0
2020-02-27 00:50:00,3093.5,3096.0,3092.0,3093.75,2483.0
2020-02-27 00:55:00,3093.75,3096.75,3089.5,3096.0,3206.0
2020-02-27 01:00:00,3095.75,3097.75,3088.5,3093.75,5211.0
2020-02-27 01:05:00,3093.5,3093.75,3082.75,3083.0,7067.0
2020-02-27 01:10:00,3082.75,3086.25,3080.25,3085.75,4682.0
2020-02-27 01:15:00,3086.0,3091.5,3082.75,3091.5,3637.0
2020-02-27 01:20:00,3091.5,3092.25,3086.75,3090.5,3986.0
2020-02-27 01:25:00,3090.5,3091.25,3083.75,3086.0,3416.0
2020-02-27 01:30:00,3086.0,3090.5,3084.25,3084.75,4256.0
2020-02-27 01:35:00,3084.5,3086.5,3081.25,3082.0,3845.0
2020-02-27 01:40:00,3082.25,3087.75,3082.0,3087.5,3676.0
2020-02-27 01:45:00,3087.5,3089.25,3085.0,3087.0,2943.0
2020-02-27 01:50:00,3087.0,3088.0,3083.0,3084.75,3398.0
2020-02-27 01:55:00,3085.0,3086.25,3083.25,3083.75,2467.0
2020-02-27 02:00:00,3083.75,3085.0,3081.25,3082.75,3673.0
2020-02-27 02:05:00,3082.5,3083.0,3078.0,3081.75,5414.0
2020-02-27 02:10:00,3081.75,3086.75,3080.0,3084.25,5019.0
2020-02-27 02:15:00,3084.25,3086.5,3081.0,3081.5,5478.0
2020-02-27 02:20:00,3081.5,3083.5,3080.25,3081.0,3151.0
2020-02-27 02:25:00,3081.25,3081.5,3075.5,3075.75,6779.0
2020-02-27 02:30:00,3075.75,3079.75,3074.75,3079.25,4356.0
2020-02-27 02:35:00,3079.5,3081.5,3077.0,3080.0,4086.0
2020-02-27 02:40:00,3079.75,3083.75,3078.0,3081.25,3980.0
2020-02-27 02:45:00,3081.0,3081.25,3073.25,3074.0,5678.0
2020-02-27 02:50:00,3074.0,3077.75,3073.0,3073.25,4518.0
2020-02-27 02:55:00,3073.25,3075.75,3071.5,3072.25,6070.0
2020-02-27 03:00:00,3072.25,3073.75,3071.0,3072.75,6380.0
2020-02-27 03:05:00,3073.0,3073.75,3070.0,3071.5,4771.0
2020-02-27 03:10:00,3071.25,3075.0,3071.25,3073.0,4247.0
2020-02-27 03:15:00,3072.75,3078.0,3069.75,3076.0,5769.0
2020-02-27 03:20:00,3076.0,3078.5,3075.5,3076.0,3086.0
2020-02-27 03:25:00,3076.25,3079.5,3074.25,3076.0,3372.0
2020-02-27 03:30:00,3076.0,3076.75,3071.75,3072.75,4081.0
2020-02-27 03:35:00,3072.75,3074.0,3068.25,3069.5,2892.0
2020-02-27 03:40:00,3069.5,3072.75,3069.0,3072.25,3060.0
2020-02-27 03:45:00,3072.25,3073.75,3069.75,3070.0,4379.0
2020-02-27 03:50:00,3070.25,3072.0,3069.75,3070.5,1777.0
2020-02-27 03:55:00,3070.5,3070.5,3067.25,3068.25,2976.0
2020-02-27 04:00:00,3068.25,3069.25,3066.5,3067.5,2851.0
2020-02-27 04:05:00,3067.5,3070.5,3067.25,3070.0,2184.0
2020-02-27 04:10:00,3070.25,3070.75,3067.5,3067.75,1702.0
2020-02-27 04:15:00,3067.75,3070.5,3067.75,3069.25,1521.0
2020-02-27 04:20:00,3069.25,3070.25,3067.25,3069.0,1001.0
2020-02-27 04:25:00,3068.75,3069.0,3065.0,3065.75,2348.0
2020-02-27 04:30:00,3065.75,3066.0,3063.5,3064.5,3097.0
2020-02-27 04:35:00,3064.5,3066.25,3062.5,3063.0,4457.0
2020-02-27 04:40:00,3063.0,3063.75,3061.0,3062.25,3073.0
2020-02-27 04:45:00,3062.25,3063.0,3061.0,3063.0,1326.0
2020-02-27 04:50:00,3063.0,3064.25,3061.5,3061.75,1963.0
2020-02-27 04:55:00,3062.0,3063.0,3059.5,3060.75,5103.0
2020-02-27 05:00:00,3060.5,3063.0,3059.5,3062.75,2976.0
2020-02-27 05:05:00,3062.75,3068.25,3062.25,3067.25,4256.0
2020-02-27 05:10:00,3067.25,3070.5,3065.0,3066.0,4174.0
2020-02-27 05:15:00,3066.25,3068.0,3064.75,3065.75,2016.0
2020-02-27 05:20:00,3065.75,3069.25,3065.25,3069.0,2007.0
2020-02-27 05:25:00,3069.0,3071.5,3066.75,3069.5,3536.0
2020-02-27 05:30:00,3069.25,3069.75,3067.0,3068.0,2429.0
2020-02-27 05:35:00,3068.25,3069.25,3065.75,3067.5,2690.0
2020-02-27 05:40:00,3067.75,3068.75,3062.0,3062.5,3730.0
2020-02-27 05:45:00,3062.5,3065.0,3061.5,3064.0,2330.0
2020-02-27 05:50:00,3064.25,3067.5,3064.0,3066.75,1797.0
2020-02-27 05:55:00,3066.5,3070.25,3065.75,3069.75,4701.0
2020-02-27 06:00:00,3069.5,3070.25,3064.0,3065.75,3770.0
2020-02-27 06:05:00,3065.5,3067.5,3062.75,3063.5,3837.0
2020-02-27 06:10:00,3063.5,3066.25,3063.25,3064.5,2412.0
2020-02-27 06:15:00,3064.5,3064.5,3061.25,3063.25,4115.0
2020-02-27 06:20:00,3063.25,3067.25,3063.25,3064.5,3125.0
2020-02-27 06:25:00,3064.5,3065.0,3062.5,3063.25,2312.0
2020-02-27 06:30:00,3063.25,3070.25,3063.25,3068.0,3308.0
2020-02-27 06:35:00,3068.0,3068.25,3063.75,3064.5,2351.0
2020-02-27 06:40:00,3064.5,3066.5,3064.25,3065.0,1998.0
2020-02-27 06:45:00,3065.0,3069.0,3065.0,3067.25,1472.0
2020-02-27 06:50:00,3067.25,3074.25,3067.0,3073.75,3358.0
2020-02-27 06:55:00,3073.5,3081.5,3072.75,3081.0,6773.0
2020-02-27 07:00:00,3081.25,3088.75,3079.25,3081.0,10000.0
2020-02-27 07:05:00,3081.0,3082.5,3076.0,3077.0,5734.0
2020-02-27 07:10:00,3076.75,3086.5,3076.75,3084.75,6819.0
2020-02-27 07:15:00,3084.75,3089.25,3084.25,3088.75,6819.0
2020-02-27 07:20:00,3088.75,3089.25,3084.25,3086.5,5366.0
2020-02-27 07:25:00,3086.5,3093.0,3084.75,3089.0,6605.0
2020-02-27 07:30:00,3089.0,3092.0,3086.25,3091.0,6400.0
2020-02-27 07:35:00,3091.25,3095.5,3090.5,3095.25,7409.0
2020-02-27 07:40:00,3095.0,3096.0,3092.25,3093.0,6216.0
2020-02-27 07:45:00,3093.0,3096.5,3087.5,3095.5,6938.0
2020-02-27 07:50:00,3095.75,3098.0,3093.0,3094.25,4812.0
2020-02-27 07:55:00,3094.25,3094.75,3091.0,3092.0,4690.0
2020-02-27 08:00:00,3091.75,3094.75,3086.25,3093.25,8728.0
2020-02-27 08:05:00,3093.25,3096.25,3088.5,3089.0,7721.0
2020-02-27 08:10:00,3089.0,3090.5,3081.75,3086.75,9846.0
2020-02-27 08:15:00,3086.75,3094.25,3085.0,3093.5,7433.0
2020-02-27 08:20:00,3093.5,3095.25,3089.5,3090.5,6025.0
2020-02-27 08:25:00,3090.5,3090.75,3084.25,3086.75,6940.0
2020-02-27 08:30:00,3086.75,3088.25,3078.25,3081.25,11450.0
2020-02-27 08:35:00,3081.25,3086.25,3079.5,3080.75,7312.0
2020-02-27 08:40:00,3080.5,3084.5,3076.5,3083.5,8233.0
2020-02-27 08:45:00,3083.5,3085.25,3081.75,3083.25,5165.0
2020-02-27 08:50:00,3083.25,3088.0,3081.75,3085.0,6954.0
2020-02-27 08:55:00,3085.0,3095.5,3084.25,3094.5,8343.0
2020-02-27 09:00:00,3094.75,3102.5,3093.25,3097.0,10676.0
2020-02-27 09:05:00,3097.25,3099.5,3097.0,3097.25,6341.0
2020-02-27 09:10:00,3097.25,3097.5,3091.5,3096.75,6723.0
2020-02-27 09:15:00,3096.75,3097.75,3093.25,3095.0,4635.0
2020-02-27 09:20:00,3094.75,3098.5,3092.0,3098.25,6080.0
2020-02-27 09:25:00,3098.25,3101.75,3098.25,3099.5,5254.0
2020-02-27 09:30:00,3099.75,3104.0,3099.5,3104.0,4576.0
2020-02-27 09:35:00,3104.0,3104.0,3093.5,3095.75,7952.0
2020-02-27 09:40:00,3095.75,3099.0,3094.5,3096.75,4512.0
2020-02-27 09:45:00,3096.5,3097.75,3091.0,3093.25,5286.0
2020-02-27 09:50:00,3093.5,3095.5,3092.25,3093.75,4195.0
2020-02-27 09:55:00,3093.75,3094.25,3088.75,3090.75,4527.0
2020-02-27 10:00:00,3090.75,3095.25,3089.75,3093.25,3885.0
2020-02-27 10:05:00,3093.5,3094.0,3089.5,3093.0,3186.0
2020-02-27 10:10:00,3093.0,3094.75,3091.25,3093.0,4693.0
2020-02-27 10:15:00,3093.25,3094.75,3088.5,3092.25,4554.0
2020-02-27 10:20:00,3092.0,3093.25,3089.5,3092.0,4035.0
2020-02-27 10:25:00,3092.0,3092.5,3087.25,3087.75,3968.0
2020-02-27 10:30:00,3087.75,3091.25,3085.5,3090.5,5477.0
2020-02-27 10:35:00,3090.75,3093.0,3090.5,3092.75,3523.0
2020-02-27 10:40:00,3092.75,3095.5,3090.5,3092.25,4734.0
2020-02-27 10:45:00,3092.25,3092.75,3086.25,3087.0,6745.0
2020-02-27 10:50:00,3087.0,3087.25,3084.25,3085.5,3517.0
2020-02-27 10:55:00,3085.5,3085.75,3077.75,3079.25,5636.0
2020-02-27 11:00:00,3079.25,3082.0,3077.25,3078.25,4587.0
2020-02-27 11:05:00,3078.25,3080.0,3076.0,3077.75,5318.0
2020-02-27 11:10:00,3077.75,3081.25,3075.5,3080.25,3727.0
2020-02-27 11:15:00,3080.25,3085.5,3080.25,3084.0,3944.0
2020-02-27 11:20:00,3084.0,3084.75,3081.25,3083.25,3571.0
2020-02-27 11:25:00,3083.25,3086.25,3081.5,3085.75,3919.0
2020-02-27 11:30:00,3086.0,3087.0,3082.75,3084.0,3667.0
2020-02-27 11:35:00,3084.0,3085.75,3079.0,3083.0,6148.0
2020-02-27 11:40:00,3083.25,3087.25,3083.0,3086.5,4449.0
2020-02-27 11:45:00,3086.5,3088.0,3084.75,3086.0,3808.0
2020-02-27 11:50:00,3086.0,3086.25,3083.25,3085.0,2306.0
2020-02-27 11:55:00,3085.25,3086.25,3079.0,3080.25,3333.0
2020-02-27 12:00:00,3080.0,3081.5,3078.0,3080.75,4870.0
2020-02-27 12:05:00,3080.75,3084.5,3079.5,3084.0,5284.0
2020-02-27 12:10:00,3084.0,3084.25,3080.75,3081.75,3919.0
2020-02-27 12:15:00,3082.0,3083.75,3078.75,3079.75,3312.0
2020-02-27 12:20:00,3079.75,3081.5,3076.5,3076.75,4181.0
2020-02-27 12:25:00,3076.75,3077.75,3071.5,3072.0,8353.0
2020-02-27 12:30:00,3072.0,3076.0,3066.25,3073.75,21619.0
2020-02-27 12:35:00,3073.75,3075.0,3069.5,3071.75,7654.0
2020-02-27 12:40:00,3071.75,3071.75,3067.5,3069.5,6454.0
2020-02-27 12:45:00,3069.5,3072.0,3067.0,3069.5,7428.0
2020-02-27 12:50:00,3069.5,3075.25,3067.25,3069.0,11826.0
2020-02-27 12:55:00,3069.25,3071.0,3068.5,3068.75,6718.0
2020-02-27 13:00:00,3068.75,3073.25,3066.75,3071.75,10652.0
2020-02-27 13:05:00,3071.75,3072.25,3068.75,3069.25,8134.0
2020-02-27 13:10:00,3069.0,3069.75,3067.0,3068.0,8924.0
2020-02-27 13:15:00,3068.0,3070.75,3065.75,3066.75,8857.0
2020-02-27 13:20:00,3066.75,3067.0,3060.75,3066.25,16457.0
2020-02-27 13:25:00,3066.25,3071.0,3064.0,3069.25,11232.0
2020-02-27 13:30:00,3069.25,3073.5,3068.75,3071.0,10138.0
2020-02-27 13:35:00,3070.75,3071.5,3065.5,3067.75,12320.0
2020-02-27 13:40:00,3067.75,3070.0,3066.0,3069.0,7606.0
2020-02-27 13:45:00,3069.0,3072.25,3068.0,3068.25,8076.0
2020-02-27 13:50:00,3068.5,3069.0,3061.25,3065.0,13206.0
2020-02-27 13:55:00,3065.0,3066.5,3062.5,3062.75,11226.0
2020-02-27 14:00:00,3063.0,3064.0,3056.0,3059.25,26107.0
2020-02-27 14:05:00,3059.5,3060.75,3054.75,3056.25,20565.0
2020-02-27 14:10:00,3056.25,3059.75,3053.75,3056.5,17084.0
2020-02-27 14:15:00,3056.5,3061.0,3054.25,3060.0,13440.0
2020-02-27 14:20:00,3059.75,3061.25,3055.0,3056.0,11735.0
2020-02-27 14:25:00,3056.25,3059.25,3052.0,3053.5,14993.0
2020-02-27 14:30:00,3053.25,3058.25,3046.5,3053.5,96793.0
2020-02-27 14:35:00,3053.25,3065.5,3046.0,3065.5,83217.0
2020-02-27 14:40:00,3065.5,3069.25,3051.5,3051.75,65296.0
2020-02-27 14:45:00,3051.75,3053.0,3033.25,3041.0,88244.0
2020-02-27 14:50:00,3041.0,3049.75,3037.75,3049.5,65431.0
2020-02-27 14:55:00,3049.25,3062.0,3048.75,3051.5,69581.0
2020-02-27 15:00:00,3051.75,3059.0,3040.5,3042.0,59402.0
2020-02-27 15:05:00,3041.75,3049.0,3039.25,3048.5,49509.0
2020-02-27 15:10:00,3048.5,3049.75,3038.75,3043.75,46984.0
2020-02-27 15:15:00,3043.75,3048.5,3036.75,3039.75,49148.0
2020-02-27 15:20:00,3039.75,3040.75,3027.5,3029.25,55656.0
2020-02-27 15:25:00,3029.5,3033.0,3021.5,3027.25,58244.0
2020-02-27 15:30:00,3027.25,3027.25,3012.0,3013.5,64124.0
2020-02-27 15:35:00,3013.5,3024.75,3006.0,3021.75,60391.0
2020-02-27 15:40:00,3021.75,3029.25,3019.5,3025.0,47291.0
2020-02-27 15:45:00,3025.0,3038.75,3019.5,3035.75,57950.0
2020-02-27 15:50:00,3035.75,3047.25,3035.0,3040.5,42787.0
2020-02-27 15:55:00,3040.25,3051.0,3035.0,3048.5,41340.0
2020-02-27 16:00:00,3048.25,3063.25,3047.25,3054.75,49853.0
2020-02-27 16:05:00,3054.75,3067.75,3053.75,3065.75,50027.0
2020-02-27 16:10:00,3065.5,3068.0,3054.75,3056.5,58105.0
2020-02-27 16:15:00,3056.25,3069.25,3055.5,3066.0,42115.0
2020-02-27 16:20:00,3066.0,3069.5,3058.0,3058.5,36546.0
2020-02-27 16:25:00,3058.25,3059.5,3051.5,3053.5,35669.0
2020-02-27 16:30:00,3053.25,3058.0,3049.0,3051.5,37706.0
2020-02-27 16:35:00,3051.5,3054.0,3040.5,3042.75,42107.0
2020-02-27 16:40:00,3042.75,3050.75,3041.0,3044.75,29059.0
2020-02-27 16:45:00,3044.75,3047.5,3035.75,3046.0,30596.0
2020-02-27 16:50:00,3046.0,3055.75,3045.0,3054.0,30951.0
2020-02-27 16:55:00,3053.75,3064.0,3052.5,3063.5,27675.0
2020-02-27 17:00:00,3063.25,3071.25,3060.25,3062.25,38147.0
2020-02-27 17:05:00,3062.25,3072.75,3061.75,3071.5,27718.0
2020-02-27 17:10:00,3071.5,3079.75,3071.0,3079.5,30107.0
2020-02-27 17:15:00,3079.5,3084.5,3075.25,3082.5,35712.0
2020-02-27 17:20:00,3082.5,3085.75,3068.0,3069.25,37656.0
2020-02-27 17:25:00,3069.0,3076.0,3062.5,3073.75,29592.0
2020-02-27 17:30:00,3073.5,3089.0,3073.5,3087.5,34707.0
2020-02-27 17:35:00,3087.25,3094.75,3084.0,3094.75,32297.0
2020-02-27 17:40:00,3094.75,3096.25,3087.5,3090.25,32254.0
2020-02-27 17:45:00,3090.0,3090.5,3083.25,3090.5,28678.0
2020-02-27 17:50:00,3090.25,3095.0,3086.5,3091.5,23977.0
2020-02-27 17:55:00,3091.5,3094.25,3082.5,3082.75,22456.0
2020-02-27 18:00:00,3082.75,3084.5,3073.0,3083.5,32292.0
2020-02-27 18:05:00,3083.5,3088.5,3080.5,3085.5,27058.0
2020-02-27 18:10:00,3085.5,3092.75,3083.75,3090.75,20745.0
2020-02-27 18:15:00,3090.5,3092.0,3078.5,3081.75,20887.0
2020-02-27 18:20:00,3081.5,3084.5,3074.5,3078.75,26830.0
2020-02-27 18:25:00,3079.0,3083.25,3069.75,3071.25,23391.0
2020-02-27 18:30:00,3071.25,3075.25,3066.0,3069.0,24582.0
2020-02-27 18:35:00,3068.75,3070.75,3055.25,3058.5,29844.0
2020-02-27 18:40:00,3058.5,3062.5,3036.25,3042.75,60754.0
2020-02-27 18:45:00,3043.0,3056.0,3041.5,3052.75,42616.0
2020-02-27 18:50:00,3052.75,3055.75,3044.75,3054.5,32304.0
2020-02-27 18:55:00,3054.25,3064.75,3043.0,3047.75,45178.0
2020-02-27 19:00:00,3047.75,3049.5,3037.75,3041.0,40015.0
2020-02-27 19:05:00,3040.75,3046.0,3036.5,3038.25,31110.0
2020-02-27 19:10:00,3038.0,3039.5,3031.75,3038.25,32234.0
2020-02-27 19:15:00,3038.25,3046.25,3033.25,3035.25,36693.0
2020-02-27 19:20:00,3035.5,3042.5,3030.75,3041.75,24696.0
2020-02-27 19:25:00,3041.5,3052.25,3039.0,3049.5,26023.0
2020-02-27 19:30:00,3049.5,3051.25,3038.25,3040.5,19284.0
2020-02-27 19:35:00,3040.25,3048.5,3040.25,3047.0,17408.0
2020-02-27 19:40:00,3047.0,3047.25,3039.0,3045.75,20763.0
2020-02-27 19:45:00,3045.75,3046.5,3035.75,3039.25,22783.0
2020-02-27 19:50:00,3039.0,3044.5,3037.75,3038.75,21027.0
2020-02-27 19:55:00,3038.5,3041.0,3030.25,3032.25,20305.0
2020-02-27 20:00:00,3032.5,3033.0,3021.25,3021.75,36128.0
2020-02-27 20:05:00,3021.75,3037.0,3021.5,3035.25,30232.0
2020-02-27 20:10:00,3035.25,3043.0,3035.25,3039.25,25441.0
2020-02-27 20:15:00,3039.0,3041.75,3032.75,3033.5,21077.0
2020-02-27 20:20:00,3033.5,3034.0,3026.75,3027.75,23521.0
2020-02-27 20:25:00,3027.75,3032.25,3023.25,3025.0,23576.0
2020-02-27 20:30:00,3025.0,3025.5,3016.0,3022.0,34463.0
2020-02-27 20:35:00,3022.0,3026.0,3013.25,3014.25,32803.0
2020-02-27 20:40:00,3014.25,3015.75,3008.0,3008.25,35497.0
2020-02-27 20:45:00,3008.0,3017.0,3007.25,3013.0,59485.0
2020-02-27 20:50:00,3013.0,3017.0,2992.5,2994.5,83559.0
2020-02-27 20:55:00,2994.5,2997.25,2982.5,2984.0,106398.0
2020-02-27 21:00:00,2984.0,2988.25,2971.5,2974.75,195845.0
2020-02-27 21:05:00,2974.75,2976.5,2959.0,2968.25,57060.0
2020-02-27 21:10:00,2968.0,2969.25,2952.25,2958.0,41458.0
2020-02-27 21:15:00,2958.25,2960.75,2954.0,2956.0,17526.0
2020-02-27 21:30:00,2968.25,2972.5,2961.5,2964.0,20760.0
2020-02-27 21:35:00,2964.25,2966.5,2962.0,2965.0,8139.0
2020-02-27 21:40:00,2964.75,2966.0,2963.5,2964.75,6295.0
2020-02-27 21:45:00,2964.75,2966.5,2954.5,2956.75,9123.0
2020-02-27 21:50:00,2956.75,2957.0,2954.25,2954.5,4830.0
2020-02-27 21:55:00,2954.5,2954.5,2946.25,2947.0,11315.0
2020-02-27 22:00:00,2947.0,2951.25,2944.5,2949.25,2966.0
2020-02-27 23:00:00,2950.0,2956.25,2935.25,2944.5,14987.0
2020-02-27 23:05:00,2944.25,2957.75,2943.75,2947.75,8588.0
2020-02-27 23:10:00,2948.0,2949.75,2940.5,2949.75,5086.0
2020-02-27 23:15:00,2949.75,2956.5,2946.0,2953.0,5439.0
2020-02-27 23:20:00,2952.75,2961.0,2952.0,2958.75,5371.0
2020-02-27 23:25:00,2958.75,2970.75,2958.25,2965.0,7164.0
2020-02-27 23:30:00,2965.0,2968.75,2962.5,2965.75,3593.0
2020-02-27 23:35:00,2965.5,2966.75,2955.5,2957.0,4340.0
2020-02-27 23:40:00,2957.0,2965.75,2953.5,2965.25,4556.0
2020-02-27 23:45:00,2965.5,2972.0,2964.5,2967.75,4281.0
2020-02-27 23:50:00,2967.5,2968.0,2963.25,2967.5,2391.0
2020-02-27 23:55:00,2967.75,2970.0,2964.5,2970.0,3074.0
2020-02-28 00:00:00,2969.5,2973.5,2966.25,2966.5,4699.0
2020-02-28 00:05:00,2966.75,2972.25,2964.75,2966.0,4531.0
2020-02-28 00:10:00,2965.75,2968.0,2959.25,2965.75,5389.0
2020-02-28 00:15:00,2965.75,2967.5,2957.25,2961.0,4767.0
2020-02-28 00:20:00,2960.75,2965.0,2956.75,2962.0,3971.0
2020-02-28 00:25:00,2961.75,2962.25,2955.75,2957.0,4570.0
2020-02-28 00:30:00,2957.25,2964.5,2954.25,2963.0,5530.0
2020-02-28 00:35:00,2963.25,2968.5,2962.5,2965.25,5168.0
2020-02-28 00:40:00,2965.0,2969.25,2964.25,2969.0,2566.0
2020-02-28 00:45:00,2969.25,2971.0,2967.0,2967.75,4548.0
2020-02-28 00:50:00,2967.75,2968.5,2965.0,2967.25,3372.0
2020-02-28 00:55:00,2967.0,2967.0,2962.5,2965.75,3485.0
2020-02-28 01:00:00,2965.75,2972.0,2965.75,2968.5,4912.0
2020-02-28 01:05:00,2968.75,2969.5,2961.0,2965.0,4862.0
2020-02-28 01:10:00,2965.0,2967.0,2962.75,2963.75,4105.0
2020-02-28 01:15:00,2963.75,2963.75,2960.0,2963.25,4156.0
2020-02-28 01:20:00,2963.5,2966.75,2962.25,2963.5,3349.0
2020-02-28 01:25:00,2963.75,2963.75,2952.75,2956.5,5715.0
2020-02-28 01:30:00,2956.5,2963.5,2955.25,2962.0,5349.0
2020-02-28 01:35:00,2962.0,2966.75,2960.75,2966.75,4483.0
2020-02-28 01:40:00,2966.5,2967.25,2962.5,2965.0,4873.0
2020-02-28 01:45:00,2965.0,2969.0,2962.25,2968.25,4307.0
2020-02-28 01:50:00,2968.25,2970.5,2965.25,2966.0,4680.0
2020-02-28 01:55:00,2965.75,2972.75,2965.0,2971.75,3166.0
2020-02-28 02:00:00,2972.0,2972.0,2968.5,2970.25,2359.0
2020-02-28 02:05:00,2970.25,2970.25,2967.25,2969.75,2512.0
2020-02-28 02:10:00,2969.75,2976.5,2969.5,2976.0,4642.0
2020-02-28 02:15:00,2976.0,2980.5,2976.0,2977.25,5720.0
2020-02-28 02:20:00,2977.25,2979.5,2975.5,2975.75,3589.0
2020-02-28 02:25:00,2975.5,2976.75,2970.5,2972.0,4519.0
2020-02-28 02:30:00,2971.75,2972.75,2958.25,2958.75,4397.0
2020-02-28 02:35:00,2958.75,2966.75,2957.75,2962.75,5881.0
2020-02-28 02:40:00,2963.0,2968.25,2963.0,2967.25,4150.0
2020-02-28 02:45:00,2967.25,2968.25,2963.0,2965.5,3478.0
2020-02-28 02:50:00,2965.25,2966.5,2960.0,2962.5,3218.0
2020-02-28 02:55:00,2962.25,2962.25,2955.75,2959.0,4601.0
2020-02-28 03:00:00,2959.25,2960.0,2957.25,2958.25,3963.0
2020-02-28 03:05:00,2958.5,2958.75,2948.25,2951.0,7892.0
2020-02-28 03:10:00,2951.0,2954.0,2948.25,2950.0,4736.0
2020-02-28 03:15:00,2950.25,2951.25,2946.5,2950.0,4738.0
2020-02-28 03:20:00,2950.0,2950.5,2943.25,2943.75,3524.0
2020-02-28 03:25:00,2943.5,2944.5,2935.25,2935.5,6855.0
2020-02-28 03:30:00,2935.75,2937.25,2923.5,2928.5,15383.0
2020-02-28 03:35:00,2928.25,2943.75,2926.75,2942.0,9064.0
2020-02-28 03:40:00,2941.75,2941.75,2935.5,2936.5,3940.0
2020-02-28 03:45:00,2936.25,2939.75,2933.0,2938.0,4280.0
2020-02-28 03:50:00,2938.0,2948.75,2937.75,2944.25,7289.0
2020-02-28 03:55:00,2944.25,2947.75,2942.75,2947.5,2664.0
2020-02-28 04:00:00,2947.75,2953.5,2946.25,2947.25,3598.0
2020-02-28 04:05:00,2947.25,2947.5,2937.0,2937.0,4725.0
2020-02-28 04:10:00,2936.75,2945.5,2934.5,2942.5,4231.0
2020-02-28 04:15:00,2942.25,2942.25,2936.0,2938.5,3144.0
2020-02-28 04:20:00,2938.5,2942.0,2937.0,2938.5,2165.0
2020-02-28 04:25:00,2938.75,2939.75,2933.5,2938.25,3687.0
2020-02-28 04:30:00,2938.25,2943.0,2938.0,2940.75,4664.0
2020-02-28 04:35:00,2940.75,2942.5,2939.0,2940.0,2292.0
2020-02-28 04:40:00,2940.0,2940.25,2930.75,2935.0,4404.0
2020-02-28 04:45:00,2935.0,2936.25,2933.25,2935.25,1465.0
2020-02-28 04:50:00,2935.0,2939.25,2935.0,2937.75,2201.0
2020-02-28 04:55:00,2938.0,2938.75,2931.5,2933.5,2319.0
2020-02-28 05:00:00,2933.5,2934.75,2931.0,2931.25,1558.0
2020-02-28 05:05:00,2931.0,2931.5,2921.5,2921.75,6982.0
2020-02-28 05:10:00,2921.75,2928.75,2917.0,2926.0,8307.0
2020-02-28 05:15:00,2926.0,2928.5,2919.5,2921.0,4076.0
2020-02-28 05:20:00,2921.0,2922.5,2912.5,2916.5,5779.0
2020-02-28 05:25:00,2916.5,2918.25,2914.25,2917.5,3338.0
2020-02-28 05:30:00,2917.75,2926.5,2915.0,2923.75,4553.0
2020-02-28 05:35:00,2923.75,2924.0,2913.75,2915.5,4231.0
2020-02-28 05:40:00,2915.5,2916.0,2911.0,2912.0,6486.0
2020-02-28 05:45:00,2912.0,2918.25,2911.0,2917.0,4060.0
2020-02-28 05:50:00,2917.0,2918.5,2912.0,2916.0,3853.0
2020-02-28 05:55:00,2916.25,2916.25,2907.0,2914.0,5119.0
2020-02-28 06:00:00,2914.0,2919.5,2911.0,2911.5,6943.0
2020-02-28 06:05:00,2911.25,2916.5,2907.25,2908.5,5878.0
2020-02-28 06:10:00,2908.5,2910.0,2905.5,2906.25,5036.0
2020-02-28 06:15:00,2906.5,2913.5,2905.5,2911.5,5155.0
2020-02-28 06:20:00,2911.5,2911.5,2905.0,2907.0,3582.0
2020-02-28 06:25:00,2907.0,2908.0,2901.0,2902.75,5102.0
2020-02-28 06:30:00,2902.5,2906.75,2901.75,2906.25,3799.0
2020-02-28 06:35:00,2906.25,2907.0,2901.75,2903.25,2941.0
2020-02-28 06:40:00,2903.25,2905.5,2902.0,2903.0,3097.0
2020-02-28 06:45:00,2902.75,2910.25,2902.5,2905.5,6582.0
2020-02-28 06:50:00,2905.5,2908.5,2904.75,2908.25,3666.0
2020-02-28 06:55:00,2908.0,2915.0,2907.25,2915.0,6013.0
2020-02-28 07:00:00,2915.0,2926.25,2913.5,2917.5,11965.0
2020-02-28 07:05:00,2917.5,2919.75,2912.25,2918.25,8167.0
2020-02-28 07:10:00,2918.25,2920.5,2914.25,2916.75,8143.0
2020-02-28 07:15:00,2916.5,2926.75,2915.75,2926.0,7826.0
2020-02-28 07:20:00,2925.75,2930.0,2923.25,2923.25,7116.0
2020-02-28 07:25:00,2923.25,2935.75,2922.5,2935.75,11169.0
2020-02-28 07:30:00,2935.75,2942.5,2932.75,2940.25,9877.0
2020-02-28 07:35:00,2940.25,2941.5,2928.25,2928.25,10247.0
2020-02-28 07:40:00,2928.25,2929.5,2913.0,2917.5,10652.0
2020-02-28 07:45:00,2917.25,2932.25,2917.25,2930.25,9693.0
2020-02-28 07:50:00,2930.25,2931.25,2922.25,2925.25,7317.0
2020-02-28 07:55:00,2925.5,2926.5,2919.25,2923.25,5210.0
2020-02-28 08:00:00,2923.25,2939.75,2918.75,2936.75,17169.0
2020-02-28 08:05:00,2936.5,2943.75,2926.75,2929.25,16409.0
2020-02-28 08:10:00,2929.25,2941.0,2925.0,2935.75,10482.0
2020-02-28 08:15:00,2935.75,2942.25,2929.25,2941.0,10354.0
2020-02-28 08:20:00,2940.75,2946.5,2937.0,2939.75,10952.0
2020-02-28 08:25:00,2939.75,2947.75,2934.5,2938.75,10997.0
2020-02-28 08:30:00,2939.0,2940.25,2923.75,2924.5,11005.0
2020-02-28 08:35:00,2924.25,2929.25,2919.0,2923.75,10742.0
2020-02-28 08:40:00,2923.75,2925.5,2914.5,2921.0,15400.0
2020-02-28 08:45:00,2921.0,2923.75,2905.25,2905.5,14299.0
2020-02-28 08:50:00,2905.5,2910.5,2902.0,2905.0,10229.0
2020-02-28 08:55:00,2905.0,2913.75,2902.0,2913.75,10397.0
2020-02-28 09:00:00,2913.75,2916.5,2905.0,2906.25,9503.0
2020-02-28 09:05:00,2906.25,2916.5,2905.75,2910.0,6791.0
2020-02-28 09:10:00,2910.0,2911.5,2902.75,2904.25,8698.0
2020-02-28 09:15:00,2904.0,2909.75,2901.0,2903.0,10916.0
2020-02-28 09:20:00,2903.0,2908.0,2895.5,2897.0,11877.0
2020-02-28 09:25:00,2897.0,2897.5,2886.0,2886.75,16968.0
2020-02-28 09:30:00,2886.75,2891.75,2879.0,2887.25,19202.0
2020-02-28 09:35:00,2887.25,2892.5,2886.5,2890.75,11928.0
2020-02-28 09:40:00,2890.5,2903.75,2889.5,2903.0,11704.0
2020-02-28 09:45:00,2903.0,2918.0,2901.25,2909.0,17547.0
2020-02-28 09:50:00,2909.5,2911.5,2903.5,2905.0,8711.0
2020-02-28 09:55:00,2904.75,2907.5,2894.5,2902.0,10774.0
2020-02-28 10:00:00,2902.0,2909.0,2899.25,2906.0,8702.0
2020-02-28 10:05:00,2906.0,2907.25,2899.75,2904.0,5799.0
2020-02-28 10:10:00,2904.0,2908.25,2898.5,2908.0,8657.0
2020-02-28 10:15:00,2908.25,2915.75,2904.25,2911.5,8686.0
2020-02-28 10:20:00,2911.75,2921.25,2911.75,2920.0,11291.0
2020-02-28 10:25:00,2920.25,2935.5,2919.25,2929.75,17970.0
2020-02-28 10:30:00,2930.0,2934.75,2920.75,2921.75,11589.0
2020-02-28 10:35:00,2921.5,2927.0,2920.5,2924.0,5834.0
2020-02-28 10:40:00,2924.0,2927.5,2917.5,2926.25,9607.0
2020-02-28 10:45:00,2926.25,2931.0,2921.25,2923.75,6811.0
2020-02-28 10:50:00,2923.5,2930.5,2923.25,2925.25,7752.0
2020-02-28 10:55:00,2925.25,2933.25,2923.25,2932.5,8445.0
2020-02-28 11:00:00,2932.5,2933.5,2926.75,2929.0,8621.0
2020-02-28 11:05:00,2929.0,2934.0,2928.75,2933.5,8860.0
2020-02-28 11:10:00,2933.25,2939.25,2932.75,2937.25,9193.0
2020-02-28 11:15:00,2937.5,2939.5,2930.0,2931.25,7977.0
2020-02-28 11:20:00,2931.0,2933.5,2929.75,2931.0,4118.0
2020-02-28 11:25:00,2930.75,2935.0,2927.75,2929.25,8731.0
2020-02-28 11:30:00,2929.0,2935.0,2925.0,2934.75,9486.0
2020-02-28 11:35:00,2934.5,2939.75,2932.0,2939.25,6454.0
2020-02-28 11:40:00,2939.25,2939.75,2928.75,2930.75,6066.0
2020-02-28 11:45:00,2930.75,2932.0,2926.75,2929.25,5357.0
2020-02-28 11:50:00,2929.25,2930.25,2925.75,2928.5,4991.0
2020-02-28 11:55:00,2928.5,2934.5,2925.25,2926.25,6256.0
2020-02-28 12:00:00,2926.25,2929.5,2922.5,2925.5,8900.0
2020-02-28 12:05:00,2925.5,2927.5,2918.5,2921.5,6987.0
2020-02-28 12:10:00,2921.75,2932.75,2917.5,2931.0,8995.0
2020-02-28 12:15:00,2931.0,2938.25,2929.0,2937.25,7780.0
2020-02-28 12:20:00,2937.0,2948.25,2934.75,2945.75,14149.0
2020-02-28 12:25:00,2946.0,2948.75,2942.75,2945.25,9036.0
2020-02-28 12:30:00,2945.0,2952.0,2934.5,2936.75,15325.0
2020-02-28 12:35:00,2936.75,2938.0,2930.5,2935.25,10507.0
2020-02-28 12:40:00,2935.5,2945.5,2935.5,2943.0,8507.0
2020-02-28 12:45:00,2943.0,2950.0,2939.25,2948.25,8142.0
2020-02-28 12:50:00,2948.25,2953.75,2942.25,2943.0,9591.0
2020-02-28 12:55:00,2943.25,2945.75,2937.25,2939.0,6700.0
2020-02-28 13:00:00,2938.75,2942.75,2933.75,2934.5,12087.0
2020-02-28 13:05:00,2934.5,2936.0,2926.75,2935.0,14864.0
2020-02-28 13:10:00,2935.25,2943.0,2932.25,2941.5,10119.0
2020-02-28 13:15:00,2941.75,2945.75,2935.5,2935.5,13354.0
2020-02-28 13:20:00,2935.5,2937.0,2930.5,2932.5,11628.0
2020-02-28 13:25:00,2932.25,2936.25,2928.25,2933.0,9902.0
2020-02-28 13:30:00,2933.25,2936.75,2924.0,2926.0,14662.0
2020-02-28 13:35:00,2926.0,2931.0,2923.75,2930.0,18037.0
2020-02-28 13:40:00,2930.0,2931.75,2919.5,2920.5,17334.0
2020-02-28 13:45:00,2920.5,2928.0,2909.75,2912.25,23216.0
2020-02-28 13:50:00,2912.25,2914.0,2903.5,2907.0,24607.0
2020-02-28 13:55:00,2906.75,2912.25,2901.0,2903.75,19391.0
2020-02-28 14:00:00,2903.5,2907.25,2899.0,2904.75,15515.0
2020-02-28 14:05:00,2904.5,2914.25,2899.0,2900.75,25459.0
2020-02-28 14:10:00,2900.75,2902.5,2890.5,2895.25,22929.0
2020-02-28 14:15:00,2895.0,2895.75,2881.25,2882.0,26473.0
2020-02-28 14:20:00,2882.0,2884.0,2872.0,2880.75,33032.0
2020-02-28 14:25:00,2881.0,2887.5,2872.75,2879.0,23120.0
2020-02-28 14:30:00,2879.0,2913.75,2877.25,2901.75,104165.0
2020-02-28 14:35:00,2902.0,2931.0,2900.75,2922.75,91008.0
2020-02-28 14:40:00,2922.5,2928.75,2911.5,2919.5,62372.0
2020-02-28 14:45:00,2919.5,2920.25,2893.0,2903.5,75546.0
2020-02-28 14:50:00,2903.5,2909.5,2885.0,2888.75,66497.0
2020-02-28 14:55:00,2888.75,2891.5,2865.5,2874.25,86774.0
2020-02-28 15:00:00,2874.25,2878.5,2855.25,2859.0,79847.0
2020-02-28 15:05:00,2859.0,2879.5,2853.25,2867.5,74410.0
2020-02-28 15:10:00,2867.25,2875.75,2862.5,2867.0,55173.0
2020-02-28 15:15:00,2866.75,2892.5,2860.75,2889.5,65044.0
2020-02-28 15:20:00,2889.5,2890.0,2873.5,2877.25,63461.0
2020-02-28 15:25:00,2877.25,2889.0,2872.75,2878.25,62965.0
2020-02-28 15:30:00,2878.25,2879.75,2860.0,2875.75,63475.0
2020-02-28 15:35:00,2875.5,2886.75,2871.5,2874.5,48720.0
2020-02-28 15:40:00,2874.5,2879.25,2867.5,2873.5,43426.0
2020-02-28 15:45:00,2873.25,2881.25,2868.25,2870.0,47976.0
2020-02-28 15:50:00,2870.0,2896.25,2869.75,2895.75,38984.0
2020-02-28 15:55:00,2896.0,2903.25,2889.0,2894.25,49127.0
2020-02-28 16:00:00,2894.0,2900.75,2880.0,2886.75,51521.0
2020-02-28 16:05:00,2887.0,2893.25,2875.0,2875.75,33920.0
2020-02-28 16:10:00,2875.75,2893.75,2873.0,2885.5,38391.0
2020-02-28 16:15:00,2885.25,2900.0,2881.5,2898.75,39084.0
2020-02-28 16:20:00,2898.75,2908.0,2896.0,2902.75,44205.0
2020-02-28 16:25:00,2902.75,2907.25,2896.25,2904.75,35262.0
2020-02-28 16:30:00,2904.75,2922.75,2904.75,2916.0,51055.0
2020-02-28 16:35:00,2915.75,2927.5,2912.75,2927.25,47060.0
2020-02-28 16:40:00,2927.25,2959.25,2926.25,2957.25,68871.0
2020-02-28 16:45:00,2957.25,2958.75,2922.5,2928.75,74828.0
2020-02-28 16:50:00,2928.5,2935.0,2910.5,2911.5,58846.0
2020-02-28 16:55:00,2911.5,2921.5,2904.25,2913.75,55138.0
2020-02-28 17:00:00,2913.75,2918.25,2897.5,2904.5,48174.0
2020-02-28 17:05:00,2904.5,2920.0,2904.25,2908.5,33727.0
2020-02-28 17:10:00,2908.25,2915.75,2907.25,2912.0,25291.0
2020-02-28 17:15:00,2912.0,2912.25,2902.25,2908.25,25623.0
2020-02-28 17:20:00,2908.0,2923.75,2907.5,2917.5,31959.0
2020-02-28 17:25:00,2917.75,2926.0,2910.0,2923.75,27405.0
2020-02-28 17:30:00,2923.5,2938.5,2922.75,2932.0,34802.0
2020-02-28 17:35:00,2931.75,2944.5,2925.5,2937.0,31242.0
2020-02-28 17:40:00,2936.75,2942.75,2930.75,2932.5,26033.0
2020-02-28 17:45:00,2932.5,2934.5,2917.5,2920.75,29205.0
2020-02-28 17:50:00,2920.75,2935.5,2915.5,2929.75,29448.0
2020-02-28 17:55:00,2929.75,2945.75,2927.25,2942.5,26605.0
2020-02-28 18:00:00,2942.25,2949.25,2935.25,2938.25,30580.0
2020-02-28 18:05:00,2938.25,2947.25,2933.25,2947.0,23438.0
2020-02-28 18:10:00,2947.0,2949.0,2927.75,2927.75,32557.0
2020-02-28 18:15:00,2927.75,2940.25,2921.0,2940.0,25641.0
2020-02-28 18:20:00,2940.0,2943.0,2927.75,2930.25,23875.0
2020-02-28 18:25:00,2930.25,2938.75,2928.0,2934.0,16922.0
2020-02-28 18:30:00,2934.0,2934.25,2910.25,2911.25,30749.0
2020-02-28 18:35:00,2911.25,2915.5,2902.25,2908.5,32169.0
2020-02-28 18:40:00,2908.25,2912.5,2894.5,2898.0,34345.0
2020-02-28 18:45:00,2898.0,2899.25,2885.5,2893.25,33570.0
2020-02-28 18:50:00,2893.25,2900.75,2889.25,2892.75,34283.0
2020-02-28 18:55:00,2893.0,2902.5,2889.75,2900.5,28076.0
2020-02-28 19:00:00,2900.5,2902.5,2885.25,2886.75,29472.0
2020-02-28 19:05:00,2886.5,2888.25,2880.25,2881.75,31834.0
2020-02-28 19:10:00,2881.75,2894.0,2878.5,2890.75,28572.0
2020-02-28 19:15:00,2890.75,2896.0,2886.25,2894.25,27651.0
2020-02-28 19:20:00,2894.25,2909.0,2889.0,2903.5,35617.0
2020-02-28 19:25:00,2903.5,2904.5,2891.5,2897.25,25225.0
2020-02-28 19:30:00,2897.25,2926.25,2894.75,2914.25,74833.0
2020-02-28 19:35:00,2914.25,2918.75,2903.0,2913.25,35330.0
2020-02-28 19:40:00,2913.25,2931.5,2906.25,2931.0,48569.0
2020-02-28 19:45:00,2931.0,2940.75,2919.75,2922.75,48928.0
2020-02-28 19:50:00,2922.5,2934.5,2917.5,2923.5,31974.0
2020-02-28 19:55:00,2923.5,2926.5,2908.0,2913.5,37695.0
2020-02-28 20:00:00,2913.5,2918.75,2901.5,2902.75,35413.0
2020-02-28 20:05:00,2902.75,2906.25,2892.25,2901.25,41778.0
2020-02-28 20:10:00,2901.25,2906.25,2895.5,2904.5,30602.0
2020-02-28 20:15:00,2904.5,2924.75,2900.0,2921.5,49312.0
2020-02-28 20:20:00,2921.5,2922.75,2902.0,2906.75,41122.0
2020-02-28 20:25:00,2907.0,2911.0,2892.75,2895.5,35712.0
2020-02-28 20:30:00,2895.25,2904.5,2885.5,2894.75,45177.0
2020-02-28 20:35:00,2894.5,2897.5,2889.25,2894.25,37399.0
2020-02-28 20:40:00,2894.25,2897.5,2880.25,2880.5,40607.0
2020-02-28 20:45:00,2880.5,2901.5,2878.25,2895.25,66759.0
2020-02-28 20:50:00,2895.5,2910.25,2895.25,2908.5,67212.0
2020-02-28 20:55:00,2908.5,2937.75,2906.5,2936.5,109312.0
2020-02-28 21:00:00,2936.5,2977.5,2936.25,2970.5,247637.0
2020-02-28 21:05:00,2970.5,2988.0,2967.75,2977.25,54842.0
2020-02-28 21:10:00,2977.25,2980.75,2966.0,2967.0,38860.0
2020-02-28 21:15:00,2966.75,2971.5,2963.5,2971.0,14968.0
2020-02-28 21:30:00,2972.0,2987.75,2971.5,2985.25,12283.0
2020-02-28 21:35:00,2985.0,2994.25,2982.0,2984.25,11389.0
2020-02-28 21:40:00,2984.5,2993.0,2983.75,2991.25,4621.0
2020-02-28 21:45:00,2991.25,2994.0,2988.25,2988.5,5734.0
2020-02-28 21:50:00,2988.25,2996.0,2987.75,2994.0,6058.0
2020-02-28 21:55:00,2993.75,2995.0,2986.25,2987.75,6415.0
2020-02-28 22:00:00,2987.5,2990.0,2986.25,2988.0,1911.0
2020-03-01 23:00:00,2900.0,2918.25,2889.25,2902.5,27868.0
2020-03-01 23:05:00,2902.75,2911.0,2900.0,2904.25,11560.0
2020-03-01 23:10:00,2904.0,2915.0,2903.75,2912.0,8753.0
2020-03-01 23:15:00,2912.0,2928.0,2910.25,2923.5,12867.0
2020-03-01 23:20:00,2923.5,2923.75,2916.0,2916.75,5533.0
2020-03-01 23:25:00,2916.5,2921.75,2914.75,2919.0,5960.0
2020-03-01 23:30:00,2919.25,2921.5,2915.75,2917.0,5454.0
2020-03-01 23:35:00,2917.0,2917.25,2906.25,2912.5,6156.0
2020-03-01 23:40:00,2912.25,2920.75,2912.25,2919.5,5022.0
2020-03-01 23:45:00,2920.0,2920.5,2912.0,2913.0,3730.0
2020-03-01 23:50:00,2912.75,2914.25,2910.75,2913.75,2841.0
2020-03-01 23:55:00,2914.0,2920.25,2914.0,2918.0,4211.0
2020-03-02 00:00:00,2918.25,2924.75,2914.0,2924.25,7528.0
2020-03-02 00:05:00,2924.5,2929.0,2921.25,2923.5,6485.0
2020-03-02 00:10:00,2923.5,2924.75,2916.25,2917.75,4352.0
2020-03-02 00:15:00,2917.75,2924.0,2916.75,2922.0,4699.0
2020-03-02 00:20:00,2921.75,2923.25,2916.75,2917.25,3579.0
2020-03-02 00:25:00,2917.25,2920.0,2915.5,2916.5,3228.0
2020-03-02 00:30:00,2916.5,2921.0,2915.25,2920.25,3586.0
2020-03-02 00:35:00,2920.25,2920.5,2912.0,2912.0,3781.0
2020-03-02 00:40:00,2912.0,2915.5,2910.0,2911.0,3889.0
2020-03-02 00:45:00,2911.25,2918.25,2908.75,2915.5,4673.0
2020-03-02 00:50:00,2915.5,2919.0,2915.0,2917.25,2865.0
2020-03-02 00:55:00,2917.25,2920.0,2912.5,2918.25,3906.0
2020-03-02 01:00:00,2918.25,2924.0,2917.0,2923.5,4472.0
2020-03-02 01:05:00,2923.5,2925.0,2917.5,2921.75,4779.0
2020-03-02 01:10:00,2921.75,2928.5,2921.0,2924.5,4836.0
2020-03-02 01:15:00,2924.25,2926.0,2922.25,2924.75,3459.0
2020-03-02 01:20:00,2925.0,2935.0,2924.25,2932.75,6443.0
2020-03-02 01:25:00,2932.75,2941.25,2932.0,2938.0,7709.0
2020-03-02 01:30:00,2938.25,2962.75,2937.25,2958.0,15523.0
2020-03-02 01:35:00,2958.0,2961.75,2950.75,2952.75,8019.0
2020-03-02 01:40:00,2952.5,2964.75,2952.0,2960.5,5836.0
2020-03-02 01:45:00,2960.5,2961.25,2952.25,2955.75,5411.0
2020-03-02 01:50:00,2955.75,2959.0,2950.0,2956.75,3524.0
2020-03-02 01:55:00,2956.5,2958.0,2943.25,2948.0,6206.0
2020-03-02 02:00:00,2947.75,2948.25,2942.0,2946.5,4965.0
2020-03-02 02:05:00,2946.25,2953.25,2945.0,2950.75,3613.0
2020-03-02 02:10:00,2950.75,2960.5,2950.5,2959.5,4012.0
2020-03-02 02:15:00,2959.75,2964.5,2956.25,2962.75,4078.0
2020-03-02 02:20:00,2962.5,2963.0,2958.0,2962.75,3052.0
2020-03-02 02:25:00,2963.0,2969.5,2961.75,2965.5,6849.0
2020-03-02 02:30:00,2965.5,2967.25,2959.0,2964.0,4676.0
2020-03-02 02:35:00,2964.25,2975.0,2964.25,2971.25,5105.0
2020-03-02 02:40:00,2971.0,2975.0,2968.25,2973.25,4541.0
2020-03-02 02:45:00,2973.25,2979.5,2971.5,2979.25,4739.0
2020-03-02 02:50:00,2979.5,2983.5,2975.5,2977.75,5986.0
2020-03-02 02:55:00,2978.0,2980.75,2976.5,2977.5,3144.0
2020-03-02 03:00:00,2977.5,2977.75,2973.0,2975.5,2335.0
2020-03-02 03:05:00,2975.5,2983.0,2974.5,2982.75,3801.0
2020-03-02 03:10:00,2982.5,2982.75,2973.75,2976.0,3695.0
2020-03-02 03:15:00,2976.0,2976.5,2965.0,2968.5,5294.0
2020-03-02 03:20:00,2968.25,2972.75,2966.25,2972.0,3030.0
2020-03-02 03:25:00,2972.0,2978.25,2970.25,2977.5,3488.0
2020-03-02 03:30:00,2977.25,2977.75,2972.5,2974.0,2552.0
2020-03-02 03:35:00,2973.75,2982.0,2973.75,2980.0,2731.0
2020-03-02 03:40:00,2979.75,2981.25,2972.0,2976.0,2488.0
2020-03-02 03:45:00,2976.0,2976.75,2966.0,2970.0,3441.0
2020-03-02 03:50:00,2970.0,2975.0,2968.75,2970.75,2407.0
2020-03-02 03:55:00,2970.5,2972.0,2967.0,2970.75,2593.0
2020-03-02 04:00:00,2970.5,2971.5,2960.5,2963.0,2934.0
2020-03-02 04:05:00,2963.0,2969.75,2961.5,2968.5,3211.0
2020-03-02 04:10:00,2968.5,2971.75,2966.25,2969.0,1969.0
2020-03-02 04:15:00,2968.75,2971.5,2967.75,2970.0,1622.0
2020-03-02 04:20:00,2970.0,2975.25,2966.25,2972.25,2230.0
2020-03-02 04:25:00,2972.25,2974.0,2967.0,2969.0,1416.0
2020-03-02 04:30:00,2969.0,2970.0,2964.0,2966.5,2101.0
2020-03-02 04:35:00,2966.0,2967.25,2955.25,2957.0,3282.0
2020-03-02 04:40:00,2957.0,2963.25,2956.5,2963.0,2466.0
2020-03-02 04:45:00,2962.75,2963.0,2955.0,2958.25,3116.0
2020-03-02 04:50:00,2958.0,2966.5,2956.25,2965.0,2300.0
2020-03-02 04:55:00,2965.0,2967.5,2963.5,2964.5,1450.0
2020-03-02 05:00:00,2964.25,2969.75,2962.75,2968.5,1775.0
2020-03-02 05:05:00,2968.25,2969.0,2963.0,2963.25,1744.0
2020-03-02 05:10:00,2963.0,2966.75,2960.75,2965.5,1609.0
2020-03-02 05:15:00,2965.25,2965.75,2962.0,2962.5,955.0
2020-03-02 05:20:00,2962.75,2966.75,2961.5,2965.5,1198.0
2020-03-02 05:25:00,2965.5,2970.0,2965.5,2968.5,1375.0
2020-03-02 05:30:00,2968.5,2972.0,2966.5,2969.25,2199.0
2020-03-02 05:35:00,2969.0,2971.25,2967.5,2968.0,1084.0
2020-03-02 05:40:00,2968.0,2971.25,2966.25,2966.75,916.0
2020-03-02 05:45:00,2966.75,2968.25,2962.75,2968.0,1449.0
2020-03-02 05:50:00,2967.75,2970.25,2965.5,2969.5,907.0
2020-03-02 05:55:00,2969.0,2970.75,2968.5,2969.5,556.0
2020-03-02 06:00:00,2969.5,2969.75,2964.25,2965.75,2149.0
2020-03-02 06:05:00,2966.0,2966.5,2958.5,2962.75,3571.0
2020-03-02 06:10:00,2962.75,2962.75,2958.25,2958.25,1366.0
2020-03-02 06:15:00,2958.5,2963.75,2958.25,2962.0,2405.0
2020-03-02 06:20:00,2961.75,2963.0,2960.0,2961.25,1042.0
2020-03-02 06:25:00,2961.0,2965.75,2960.5,2964.75,925.0
2020-03-02 06:30:00,2965.0,2966.75,2963.0,2963.5,1482.0
2020-03-02 06:35:00,2963.25,2964.5,2961.75,2963.5,933.0
2020-03-02 06:40:00,2963.25,2965.75,2963.0,2963.75,882.0
2020-03-02 06:45:00,2963.75,2964.75,2962.25,2962.75,690.0
2020-03-02 06:50:00,2962.75,2965.5,2962.25,2963.5,1194.0
2020-03-02 06:55:00,2963.5,2965.5,2960.25,2965.25,1845.0
2020-03-02 07:00:00,2965.25,2973.5,2964.0,2971.25,5210.0
2020-03-02 07:05:00,2971.25,2977.0,2969.5,2975.25,5434.0
2020-03-02 07:10:00,2975.25,2978.25,2969.5,2972.5,3592.0
2020-03-02 07:15:00,2972.5,2974.5,2966.75,2967.5,2812.0
2020-03-02 07:20:00,2967.5,2968.25,2961.5,2965.5,3064.0
2020-03-02 07:25:00,2965.5,2970.0,2964.25,2969.25,2480.0
2020-03-02 07:30:00,2969.5,2975.0,2969.0,2972.5,3412.0
2020-03-02 07:35:00,2972.25,2977.25,2971.25,2976.75,2747.0
2020-03-02 07:40:00,2977.0,2982.75,2977.0,2982.75,4533.0
2020-03-02 07:45:00,2982.75,2999.5,2982.0,2995.75,14353.0
2020-03-02 07:50:00,2995.75,3008.0,2994.5,3006.0,12881.0
2020-03-02 07:55:00,3006.0,3008.5,3002.0,3004.0,6017.0
2020-03-02 08:00:00,3004.25,3005.75,2994.75,3000.0,11008.0
2020-03-02 08:05:00,3000.0,3007.25,2997.25,3006.25,9319.0
2020-03-02 08:10:00,3006.25,3014.0,3004.25,3012.75,12808.0
2020-03-02 08:15:00,3012.75,3015.75,3004.75,3005.75,9471.0
2020-03-02 08:20:00,3005.5,3012.5,3003.75,3004.0,7935.0
2020-03-02 08:25:00,3004.0,3004.75,2996.75,2997.5,7320.0
2020-03-02 08:30:00,2997.75,3005.5,2995.0,3004.75,5152.0
2020-03-02 08:35:00,3004.75,3021.0,3002.5,3014.75,12299.0
2020-03-02 08:40:00,3014.5,3018.75,3010.75,3010.75,6780.0
2020-03-02 08:45:00,3010.75,3013.5,3007.0,3008.25,5440.0
2020-03-02 08:50:00,3008.5,3011.75,3003.5,3003.75,5583.0
2020-03-02 08:55:00,3003.75,3006.75,2999.0,2999.5,6349.0
2020-03-02 09:00:00,2999.5,3000.75,2995.25,2999.25,6971.0
2020-03-02 09:05:00,2999.25,3003.5,2997.5,2999.75,4535.0
2020-03-02 09:10:00,2999.75,3002.5,2991.5,2993.75,5222.0
2020-03-02 09:15:00,2993.75,2995.75,2983.25,2992.0,11162.0
2020-03-02 09:20:00,2992.0,3004.25,2989.75,3004.0,5826.0
2020-03-02 09:25:00,3004.0,3004.25,2996.0,2996.75,3711.0
2020-03-02 09:30:00,2996.5,3000.25,2987.5,2988.25,5438.0
2020-03-02 09:35:00,2988.25,2989.0,2979.0,2980.0,7675.0
2020-03-02 09:40:00,2980.25,2982.5,2963.75,2967.5,13291.0
2020-03-02 09:45:00,2967.5,2973.75,2959.25,2973.0,12558.0
2020-03-02 09:50:00,2972.75,2973.75,2967.0,2967.75,4640.0
2020-03-02 09:55:00,2967.75,2969.25,2962.0,2968.75,6287.0
2020-03-02 10:00:00,2968.75,2974.0,2966.25,2967.5,5341.0
2020-03-02 10:05:00,2967.25,2969.5,2965.0,2967.25,3446.0
2020-03-02 10:10:00,2967.0,2968.0,2958.25,2960.0,4374.0
2020-03-02 10:15:00,2959.75,2970.5,2959.5,2970.0,4384.0
2020-03-02 10:20:00,2970.25,2971.25,2961.25,2964.0,4737.0
2020-03-02 10:25:00,2964.0,2968.0,2959.25,2967.75,5171.0
2020-03-02 10:30:00,2967.75,2977.75,2967.5,2974.5,5808.0
2020-03-02 10:35:00,2974.5,2975.5,2970.25,2971.25,2650.0
2020-03-02 10:40:00,2971.0,2973.25,2964.5,2966.0,3476.0
2020-03-02 10:45:00,2965.75,2970.5,2963.75,2963.75,3377.0
2020-03-02 10:50:00,2964.0,2966.5,2960.75,2962.25,3737.0
2020-03-02 10:55:00,2962.25,2966.0,2957.75,2959.0,3614.0
2020-03-02 11:00:00,2958.75,2959.75,2952.0,2954.0,6807.0
2020-03-02 11:05:00,2953.75,2955.75,2948.75,2954.5,6673.0
2020-03-02 11:10:00,2954.75,2954.75,2942.5,2943.5,7726.0
2020-03-02 11:15:00,2943.25,2947.25,2939.25,2946.5,7903.0
2020-03-02 11:20:00,2946.5,2952.0,2941.75,2944.25,6641.0
2020-03-02 11:25:00,2944.25,2947.0,2941.25,2942.0,4323.0
2020-03-02 11:30:00,2942.0,2942.5,2933.0,2933.25,7393.0
2020-03-02 11:35:00,2933.5,2937.75,2931.75,2937.0,5281.0
2020-03-02 11:40:00,2937.0,2939.75,2926.0,2926.75,9912.0
2020-03-02 11:45:00,2927.0,2934.75,2925.5,2934.5,5518.0
2020-03-02 11:50:00,2934.25,2936.0,2921.75,2925.75,6636.0
2020-03-02 11:55:00,2925.5,2926.75,2905.0,2907.0,13378.0
2020-03-02 12:00:00,2907.25,2923.0,2903.75,2922.25,17382.0
2020-03-02 12:05:00,2922.25,2929.25,2915.5,2925.25,11553.0
2020-03-02 12:10:00,2925.25,2929.5,2918.5,2918.5,6086.0
2020-03-02 12:15:00,2918.5,2925.0,2917.5,2923.5,5306.0
2020-03-02 12:20:00,2923.25,2926.25,2916.25,2922.25,6464.0
2020-03-02 12:25:00,2922.25,2931.25,2921.25,2929.75,9092.0
2020-03-02 12:30:00,2929.75,2933.5,2923.25,2926.5,8270.0
2020-03-02 12:35:00,2926.5,2931.5,2923.25,2930.0,5749.0
2020-03-02 12:40:00,2930.0,2932.25,2922.0,2927.25,9326.0
2020-03-02 12:45:00,2927.5,2933.5,2926.25,2928.0,4553.0
2020-03-02 12:50:00,2928.25,2931.0,2926.5,2927.0,5087.0
2020-03-02 12:55:00,2927.25,2946.75,2926.5,2942.5,10414.0
2020-03-02 13:00:00,2942.75,2943.75,2935.25,2937.25,8094.0
2020-03-02 13:05:00,2937.25,2943.0,2936.0,2938.25,5418.0
2020-03-02 13:10:00,2938.25,2941.5,2935.5,2939.25,5783.0
2020-03-02 13:15:00,2939.5,2946.75,2938.0,2944.0,9756.0
2020-03-02 13:20:00,2943.75,2944.25,2926.5,2929.25,10780.0
2020-03-02 13:25:00,2929.5,2931.25,2922.25,2926.75,10042.0
2020-03-02 13:30:00,2926.5,2930.0,2924.0,2929.25,7126.0
2020-03-02 13:35:00,2929.0,2937.75,2929.0,2935.5,9273.0
2020-03-02 13:40:00,2935.25,2937.75,2928.75,2929.25,8519.0
2020-03-02 13:45:00,2929.0,2933.5,2927.5,2933.0,8504.0
2020-03-02 13:50:00,2933.0,2947.5,2932.5,2943.25,11662.0
2020-03-02 13:55:00,2943.0,2958.0,2940.5,2953.5,19866.0
2020-03-02 14:00:00,2953.75,2973.0,2953.75,2970.0,26446.0
2020-03-02 14:05:00,2970.0,2974.0,2965.0,2967.0,15795.0
2020-03-02 14:10:00,2966.75,2974.25,2965.0,2971.0,12171.0
2020-03-02 14:15:00,2971.25,2971.5,2964.25,2967.5,10863.0
2020-03-02 14:20:00,2967.5,2975.25,2967.5,2973.0,10266.0
2020-03-02 14:25:00,2972.75,2980.75,2972.0,2978.75,10981.0
2020-03-02 14:30:00,2978.75,2989.25,2974.0,2978.25,68795.0
2020-03-02 14:35:00,2978.25,2978.75,2956.75,2966.25,59381.0
2020-03-02 14:40:00,2966.25,2973.75,2957.5,2972.25,49263.0
2020-03-02 14:45:00,2972.25,2985.0,2967.0,2973.75,43075.0
2020-03-02 14:50:00,2973.5,2978.75,2963.5,2973.75,32800.0
2020-03-02 14:55:00,2973.75,2977.0,2965.0,2966.5,36057.0
2020-03-02 15:00:00,2966.25,2969.75,2955.25,2958.75,37265.0
2020-03-02 15:05:00,2958.5,2962.0,2942.5,2950.25,41015.0
2020-03-02 15:10:00,2950.5,2963.0,2942.75,2960.25,37455.0
2020-03-02 15:15:00,2960.5,2968.5,2952.5,2956.0,31604.0
2020-03-02 15:20:00,2955.75,2960.5,2945.75,2947.75,26250.0
2020-03-02 15:25:00,2947.75,2963.5,2947.0,2960.25,33649.0
2020-03-02 15:30:00,2960.25,2965.0,2949.25,2960.25,24940.0
2020-03-02 15:35:00,2960.25,2970.25,2954.75,2969.5,26227.0
2020-03-02 15:40:00,2969.5,2976.5,2969.25,2973.0,23498.0
2020-03-02 15:45:00,2973.25,2989.25,2972.75,2988.5,36993.0
2020-03-02 15:50:00,2988.75,2998.25,2985.5,2996.25,34016.0
2020-03-02 15:55:00,2996.25,2999.0,2986.75,2987.75,28842.0
2020-03-02 16:00:00,2987.75,2992.5,2981.25,2989.0,35644.0
2020-03-02 16:05:00,2989.0,2990.75,2980.5,2980.75,26635.0
2020-03-02 16:10:00,2981.0,3006.75,2979.5,3005.25,51658.0
2020-03-02 16:15:00,3005.25,3013.5,3004.5,3007.0,39804.0
2020-03-02 16:20:00,3007.25,3015.0,3002.75,3013.5,30081.0
2020-03-02 16:25:00,3013.25,3017.75,3009.0,3017.0,27754.0
2020-03-02 16:30:00,3017.0,3019.0,3010.0,3013.5,31999.0
2020-03-02 16:35:00,3013.5,3022.5,3008.0,3020.5,29546.0
2020-03-02 16:40:00,3020.75,3025.5,3014.0,3018.25,39071.0
2020-03-02 16:45:00,3018.25,3023.25,3016.75,3021.75,27106.0
2020-03-02 16:50:00,3022.0,3031.75,3019.75,3030.5,28313.0
2020-03-02 16:55:00,3030.25,3037.25,3030.0,3032.25,28116.0
2020-03-02 17:00:00,3032.25,3037.5,3030.75,3035.75,17100.0
2020-03-02 17:05:00,3035.75,3039.0,3030.5,3030.75,24229.0
2020-03-02 17:10:00,3031.0,3034.0,3024.0,3028.5,24331.0
2020-03-02 17:15:00,3028.5,3029.5,3018.5,3022.75,23485.0
2020-03-02 17:20:00,3022.75,3023.5,3012.75,3014.25,24065.0
2020-03-02 17:25:00,3014.0,3022.0,3013.5,3021.5,20899.0
2020-03-02 17:30:00,3021.75,3029.0,3020.5,3028.75,16886.0
2020-03-02 17:35:00,3028.75,3034.75,3025.25,3034.0,17811.0
2020-03-02 17:40:00,3034.25,3034.75,3023.5,3025.0,16732.0
2020-03-02 17:45:00,3025.25,3033.0,3024.0,3031.75,14723.0
2020-03-02 17:50:00,3032.0,3036.75,3027.0,3034.25,16642.0
2020-03-02 17:55:00,3034.0,3037.25,3030.0,3033.25,14693.0
2020-03-02 18:00:00,3033.5,3038.25,3031.0,3033.0,14038.0
2020-03-02 18:05:00,3032.75,3037.25,3022.75,3028.0,20051.0
2020-03-02 18:10:00,3028.0,3030.0,3023.0,3027.75,9899.0
2020-03-02 18:15:00,3027.75,3029.5,3016.5,3016.75,16565.0
2020-03-02 18:20:00,3017.0,3020.0,3013.5,3014.25,16005.0
2020-03-02 18:25:00,3014.25,3017.75,3006.25,3011.0,19307.0
2020-03-02 18:30:00,3011.0,3014.75,3006.0,3010.5,16141.0
2020-03-02 18:35:00,3010.75,3022.75,3010.0,3022.25,15214.0
2020-03-02 18:40:00,3022.0,3024.75,3019.25,3022.75,14178.0
2020-03-02 18:45:00,3022.75,3027.25,3013.0,3016.0,15284.0
2020-03-02 18:50:00,3016.0,3021.25,3008.75,3010.0,13085.0
2020-03-02 18:55:00,3009.75,3023.0,3009.75,3021.5,13341.0
2020-03-02 19:00:00,3021.5,3028.75,3021.5,3023.5,17612.0
2020-03-02 19:05:00,3023.5,3027.75,3020.25,3027.75,12375.0
2020-03-02 19:10:00,3027.75,3032.5,3026.25,3030.5,15992.0
2020-03-02 19:15:00,3030.5,3031.25,3022.5,3027.0,12563.0
2020-03-02 19:20:00,3027.0,3028.0,3021.5,3021.5,12776.0
2020-03-02 19:25:00,3021.5,3024.75,3014.75,3018.0,24705.0
2020-03-02 19:30:00,3018.0,3018.25,3011.5,3016.25,16343.0
2020-03-02 19:35:00,3016.0,3016.25,3002.0,3003.25,23625.0
2020-03-02 19:40:00,3003.0,3003.5,2987.75,2989.5,32218.0
2020-03-02 19:45:00,2989.75,3004.0,2989.0,3003.25,26381.0
2020-03-02 19:50:00,3003.0,3009.5,2996.5,3007.75,20080.0
2020-03-02 19:55:00,3007.5,3012.25,3000.25,3001.75,17156.0
2020-03-02 20:00:00,3001.75,3011.5,2996.0,3010.0,23891.0
2020-03-02 20:05:00,3009.75,3018.5,3008.75,3017.75,22036.0
2020-03-02 20:10:00,3017.75,3021.5,3012.0,3020.0,21383.0
2020-03-02 20:15:00,3020.0,3024.0,3014.5,3018.0,19120.0
2020-03-02 20:20:00,3017.75,3029.25,3016.25,3028.5,15979.0
2020-03-02 20:25:00,3028.25,3035.0,3027.5,3031.75,24860.0
2020-03-02 20:30:00,3031.75,3037.75,3029.0,3037.5,22047.0
2020-03-02 20:35:00,3037.5,3047.25,3034.75,3047.25,33361.0
2020-03-02 20:40:00,3047.25,3051.0,3044.5,3045.0,39273.0
2020-03-02 20:45:00,3045.0,3061.75,3043.5,3061.0,57443.0
2020-03-02 20:50:00,3060.75,3075.5,3059.0,3075.0,62673.0
2020-03-02 20:55:00,3075.0,3086.75,3073.25,3085.5,106457.0
2020-03-02 21:00:00,3085.5,3091.0,3081.75,3089.75,160729.0
2020-03-02 21:05:00,3090.0,3093.25,3081.25,3082.5,32859.0
2020-03-02 21:10:00,3082.75,3083.25,3076.0,3077.75,23901.0
2020-03-02 21:15:00,3077.75,3078.0,3062.0,3064.0,18767.0
2020-03-02 21:30:00,3068.75,3076.5,3067.5,3076.5,10696.0
2020-03-02 21:35:00,3076.5,3083.25,3073.0,3073.25,7441.0
2020-03-02 21:40:00,3073.5,3078.75,3073.0,3075.0,4553.0
2020-03-02 21:45:00,3075.0,3077.75,3074.0,3077.5,3346.0
2020-03-02 21:50:00,3077.5,3079.75,3068.25,3068.25,5034.0
2020-03-02 21:55:00,3068.25,3071.75,3066.5,3070.75,4923.0
2020-03-02 22:00:00,3070.5,3072.25,3070.5,3071.75,870.0
2020-03-02 23:00:00,3077.0,3083.5,3074.5,3082.0,5314.0
2020-03-02 23:05:00,3082.0,3082.0,3074.0,3077.5,4736.0
2020-03-02 23:10:00,3077.5,3081.25,3076.5,3078.25,2388.0
2020-03-02 23:15:00,3078.25,3080.0,3075.5,3077.5,2068.0
2020-03-02 23:20:00,3077.5,3077.75,3071.0,3071.25,2157.0
2020-03-02 23:25:00,3071.0,3076.5,3070.25,3076.5,2164.0
2020-03-02 23:30:00,3076.5,3076.5,3069.5,3071.5,1584.0
2020-03-02 23:35:00,3071.75,3073.25,3067.5,3069.25,1555.0
2020-03-02 23:40:00,3069.25,3071.25,3067.75,3069.75,1354.0
2020-03-02 23:45:00,3070.0,3074.0,3069.5,3074.0,1571.0
2020-03-02 23:50:00,3074.0,3081.25,3073.75,3077.5,2928.0
2020-03-02 23:55:00,3077.5,3084.0,3077.5,3082.5,2293.0
2020-03-03 00:00:00,3082.5,3095.0,3081.25,3094.0,7290.0
2020-03-03 00:05:00,3094.0,3095.5,3087.5,3088.0,5285.0
2020-03-03 00:10:00,3088.25,3091.5,3083.5,3084.75,4116.0
2020-03-03 00:15:00,3084.75,3089.0,3083.5,3084.25,2794.0
2020-03-03 00:20:00,3084.0,3087.0,3083.0,3086.75,2703.0
2020-03-03 00:25:00,3086.75,3091.75,3086.0,3089.25,3286.0
2020-03-03 00:30:00,3089.5,3090.5,3089.0,3089.25,1918.0
2020-03-03 00:35:00,3089.25,3093.5,3087.0,3090.5,4120.0
2020-03-03 00:40:00,3090.25,3091.0,3087.0,3090.0,2859.0
2020-03-03 00:45:00,3089.75,3090.75,3087.0,3087.25,1963.0
2020-03-03 00:50:00,3087.25,3093.0,3086.75,3091.0,2939.0
2020-03-03 00:55:00,3090.75,3092.75,3088.75,3092.75,2384.0
2020-03-03 01:00:00,3092.75,3095.0,3089.75,3091.5,3303.0
2020-03-03 01:05:00,3091.25,3093.5,3089.0,3089.5,2342.0
2020-03-03 01:10:00,3089.5,3091.0,3086.75,3087.0,1980.0
2020-03-03 01:15:00,3087.25,3087.5,3078.5,3079.0,3920.0
2020-03-03 01:20:00,3079.25,3083.0,3078.25,3081.5,2798.0
2020-03-03 01:25:00,3081.25,3087.25,3080.75,3085.25,2840.0
2020-03-03 01:30:00,3085.25,3088.0,3084.0,3085.25,1826.0
2020-03-03 01:35:00,3085.25,3086.5,3082.5,3084.5,1873.0
2020-03-03 01:40:00,3084.75,3085.25,3080.25,3081.0,1907.0
2020-03-03 01:45:00,3081.0,3082.75,3075.25,3076.5,3396.0
2020-03-03 01:50:00,3076.5,3079.5,3073.75,3076.5,3412.0
2020-03-03 01:55:00,3076.25,3078.5,3073.5,3074.5,2132.0
2020-03-03 02:00:00,3074.5,3077.5,3073.75,3075.75,1830.0
2020-03-03 02:05:00,3075.5,3081.5,3075.25,3079.0,2894.0
2020-03-03 02:10:00,3078.75,3078.75,3072.5,3074.25,2211.0
2020-03-03 02:15:00,3074.0,3076.75,3073.5,3075.5,1231.0
2020-03-03 02:20:00,3075.75,3076.5,3070.25,3070.5,2586.0
2020-03-03 02:25:00,3070.75,3073.0,3067.0,3071.5,3910.0
2020-03-03 02:30:00,3071.5,3076.75,3069.75,3073.5,2766.0
2020-03-03 02:35:00,3073.5,3075.5,3071.5,3074.0,1975.0
2020-03-03 02:40:00,3073.75,3075.0,3070.25,3074.0,1515.0
2020-03-03 02:45:00,3074.0,3078.75,3071.25,3077.5,2616.0
2020-03-03 02:50:00,3077.5,3079.5,3074.75,3075.75,2462.0
2020-03-03 02:55:00,3075.75,3077.5,3069.5,3072.5,2379.0
2020-03-03 03:00:00,3072.75,3077.25,3072.25,3076.5,2391.0
2020-03-03 03:05:00,3076.75,3078.0,3074.0,3077.5,2034.0
2020-03-03 03:10:00,3077.5,3078.5,3074.0,3074.25,1919.0
2020-03-03 03:15:00,3074.25,3076.5,3074.0,3074.75,1457.0
2020-03-03 03:20:00,3074.75,3079.75,3074.0,3079.5,1869.0
2020-03-03 03:25:00,3079.5,3081.0,3076.0,3080.25,2706.0
2020-03-03 03:30:00,3080.25,3084.5,3080.25,3084.0,2424.0
2020-03-03 03:35:00,3084.0,3086.0,3079.25,3079.75,1784.0
2020-03-03 03:40:00,3079.75,3082.5,3079.75,3081.75,1996.0
2020-03-03 03:45:00,3081.75,3082.25,3078.75,3079.75,1278.0
2020-03-03 03:50:00,3079.5,3082.25,3079.0,3082.0,1049.0
2020-03-03 03:55:00,3082.0,3082.0,3076.75,3077.75,1784.0
2020-03-03 04:00:00,3077.75,3078.25,3076.0,3076.25,2869.0
2020-03-03 04:05:00,3076.25,3076.5,3070.75,3074.0,2819.0
2020-03-03 04:10:00,3074.0,3075.25,3072.75,3074.5,1587.0
2020-03-03 04:15:00,3074.25,3076.0,3073.5,3075.5,928.0
2020-03-03 04:20:00,3075.25,3075.25,3064.0,3065.5,7009.0
2020-03-03 04:25:00,3065.5,3066.75,3060.25,3062.0,4906.0
2020-03-03 04:30:00,3061.75,3063.0,3057.5,3059.5,3946.0
2020-03-03 04:35:00,3059.25,3065.5,3056.5,3065.0,3987.0
2020-03-03 04:40:00,3065.0,3072.0,3063.0,3064.5,5162.0
2020-03-03 04:45:00,3064.75,3065.0,3059.5,3064.0,2316.0
2020-03-03 04:50:00,3064.0,3067.25,3063.25,3065.75,1437.0
2020-03-03 04:55:00,3065.75,3067.75,3065.0,3066.0,1036.0
2020-03-03 05:00:00,3065.75,3071.25,3065.0,3068.5,2697.0
2020-03-03 05:05:00,3068.5,3068.75,3062.75,3063.0,2827.0
2020-03-03 05:10:00,3063.0,3064.75,3061.25,3063.0,2226.0
2020-03-03 05:15:00,3063.0,3064.5,3059.5,3060.25,1560.0
2020-03-03 05:20:00,3060.25,3062.0,3059.0,3061.5,1357.0
2020-03-03 05:25:00,3061.5,3063.25,3060.0,3062.5,1538.0
2020-03-03 05:30:00,3062.5,3063.5,3057.0,3062.5,1689.0
2020-03-03 05:35:00,3062.5,3064.5,3059.0,3062.0,1920.0
2020-03-03 05:40:00,3062.0,3063.25,3060.5,3062.5,726.0
2020-03-03 05:45:00,3062.25,3062.25,3057.0,3058.75,1694.0
2020-03-03 05:50:00,3058.75,3059.25,3057.25,3059.0,819.0
2020-03-03 05:55:00,3059.25,3060.75,3054.5,3054.75,1737.0
2020-03-03 06:00:00,3054.75,3055.5,3049.5,3050.75,4602.0
2020-03-03 06:05:00,3050.5,3051.0,3047.5,3049.5,2872.0
2020-03-03 06:10:00,3049.5,3050.0,3045.5,3047.75,2621.0
2020-03-03 06:15:00,3047.75,3049.5,3046.0,3046.5,1700.0
2020-03-03 06:20:00,3046.75,3055.75,3046.5,3052.75,2308.0
2020-03-03 06:25:00,3052.75,3057.5,3050.25,3056.0,1708.0
2020-03-03 06:30:00,3055.75,3059.0,3055.0,3056.25,2036.0
2020-03-03 06:35:00,3056.0,3056.25,3050.25,3052.75,3254.0
2020-03-03 06:40:00,3052.75,3058.0,3052.25,3056.0,1613.0
2020-03-03 06:45:00,3056.0,3057.25,3054.5,3056.25,798.0
2020-03-03 06:50:00,3056.5,3058.5,3055.75,3057.0,827.0
2020-03-03 06:55:00,3057.0,3071.0,3055.5,3069.25,4112.0
2020-03-03 07:00:00,3069.25,3073.75,3066.5,3071.25,3862.0
2020-03-03 07:05:00,3071.0,3072.5,3066.25,3068.75,2597.0
2020-03-03 07:10:00,3068.75,3074.75,3068.0,3073.75,3509.0
2020-03-03 07:15:00,3073.75,3077.5,3071.75,3072.75,3384.0
2020-03-03 07:20:00,3072.75,3072.75,3068.0,3069.5,2945.0
2020-03-03 07:25:00,3069.75,3073.25,3067.25,3072.5,3202.0
2020-03-03 07:30:00,3072.5,3072.5,3066.5,3067.5,3185.0
2020-03-03 07:35:00,3067.5,3067.5,3062.25,3063.75,3092.0
2020-03-03 07:40:00,3063.75,3069.0,3060.25,3067.75,3911.0
2020-03-03 07:45:00,3067.75,3071.0,3062.75,3064.25,2542.0
2020-03-03 07:50:00,3064.25,3068.0,3062.0,3065.25,1776.0
2020-03-03 07:55:00,3065.25,3072.5,3065.25,3072.0,2658.0
2020-03-03 08:00:00,3072.0,3074.5,3069.25,3071.5,6205.0
2020-03-03 08:05:00,3071.5,3073.75,3058.5,3062.75,6672.0
2020-03-03 08:10:00,3062.75,3079.25,3061.75,3078.75,6969.0
2020-03-03 08:15:00,3078.5,3089.25,3076.25,3084.75,9770.0
2020-03-03 08:20:00,3084.75,3091.5,3084.25,3088.75,7846.0
2020-03-03 08:25:00,3088.5,3089.25,3083.0,3084.0,4835.0
2020-03-03 08:30:00,3084.0,3090.25,3082.5,3089.75,6763.0
2020-03-03 08:35:00,3089.5,3096.25,3089.5,3095.75,6402.0
2020-03-03 08:40:00,3095.75,3099.75,3094.75,3098.5,8736.0
2020-03-03 08:45:00,3098.25,3098.75,3090.5,3092.0,7448.0
2020-03-03 08:50:00,3092.0,3092.75,3086.0,3086.25,6459.0
2020-03-03 08:55:00,3086.5,3087.0,3082.75,3085.75,3685.0
2020-03-03 09:00:00,3085.75,3089.0,3080.75,3081.75,4942.0
2020-03-03 09:05:00,3081.75,3082.0,3078.5,3080.75,4914.0
2020-03-03 09:10:00,3080.75,3090.25,3080.5,3088.75,5421.0
2020-03-03 09:15:00,3088.75,3092.75,3087.5,3089.75,4414.0
2020-03-03 09:20:00,3090.0,3093.25,3089.0,3089.75,2715.0
2020-03-03 09:25:00,3089.5,3089.75,3085.0,3087.0,3238.0
2020-03-03 09:30:00,3087.0,3092.0,3083.25,3091.5,3812.0
2020-03-03 09:35:00,3091.5,3092.75,3086.75,3091.75,3477.0
2020-03-03 09:40:00,3092.0,3095.5,3088.5,3093.0,3946.0
2020-03-03 09:45:00,3093.0,3098.5,3091.0,3096.75,4454.0
2020-03-03 09:50:00,3097.0,3099.5,3096.0,3097.25,3657.0
2020-03-03 09:55:00,3097.0,3097.0,3091.0,3094.5,5599.0
2020-03-03 10:00:00,3094.25,3100.0,3093.75,3097.5,6760.0
2020-03-03 10:05:00,3097.25,3100.0,3091.25,3091.5,5138.0
2020-03-03 10:10:00,3091.5,3094.75,3091.0,3091.5,3693.0
2020-03-03 10:15:00,3091.5,3094.75,3089.5,3094.25,2779.0
2020-03-03 10:20:00,3094.0,3096.75,3092.0,3095.25,2584.0
2020-03-03 10:25:00,3095.25,3097.5,3093.5,3095.5,2671.0
2020-03-03 10:30:00,3095.5,3098.0,3094.5,3097.75,2828.0
2020-03-03 10:35:00,3097.5,3097.75,3090.0,3092.5,4556.0
2020-03-03 10:40:00,3092.5,3094.5,3090.0,3090.5,3360.0
2020-03-03 10:45:00,3090.75,3094.5,3090.25,3093.25,2563.0
2020-03-03 10:50:00,3093.0,3093.5,3090.25,3093.25,4266.0
2020-03-03 10:55:00,3093.25,3095.5,3090.75,3094.0,4354.0
2020-03-03 11:00:00,3093.75,3095.5,3087.5,3088.75,5675.0
2020-03-03 11:05:00,3088.5,3090.75,3079.0,3081.5,7594.0
2020-03-03 11:10:00,3081.25,3084.5,3075.5,3081.5,7399.0
2020-03-03 11:15:00,3081.25,3083.0,3077.75,3079.5,4120.0
2020-03-03 11:20:00,3079.5,3085.5,3079.5,3083.0,3532.0
2020-03-03 11:25:00,3082.75,3084.0,3073.25,3076.75,7810.0
2020-03-03 11:30:00,3076.75,3083.5,3075.75,3081.0,4294.0
2020-03-03 11:35:00,3081.25,3083.25,3080.25,3080.75,2481.0
2020-03-03 11:40:00,3080.75,3081.75,3074.25,3077.0,4430.0
2020-03-03 11:45:00,3077.0,3080.75,3075.25,3080.0,2904.0
2020-03-03 11:50:00,3079.75,3080.0,3076.0,3077.5,2880.0
2020-03-03 11:55:00,3077.5,3079.0,3074.75,3078.5,1881.0
2020-03-03 12:00:00,3078.5,3083.0,3075.5,3081.5,3965.0
2020-03-03 12:05:00,3081.5,3083.25,3076.25,3077.25,4014.0
2020-03-03 12:10:00,3077.25,3089.0,3077.0,3088.0,7040.0
2020-03-03 12:15:00,3088.0,3088.0,3084.25,3084.75,2534.0
2020-03-03 12:20:00,3084.75,3088.0,3083.0,3087.25,3804.0
2020-03-03 12:25:00,3087.0,3089.25,3084.75,3087.75,2930.0
2020-03-03 12:30:00,3088.0,3096.75,3086.0,3086.25,7654.0
2020-03-03 12:35:00,3086.25,3091.0,3061.5,3069.75,32338.0
2020-03-03 12:40:00,3069.75,3076.75,3066.25,3067.75,16798.0
2020-03-03 12:45:00,3067.5,3068.0,3051.0,3057.0,21915.0
2020-03-03 12:50:00,3057.25,3065.75,3055.0,3061.5,10995.0
2020-03-03 12:55:00,3061.75,3071.75,3054.5,3069.0,13928.0
2020-03-03 13:00:00,3069.5,3069.5,3057.25,3057.5,9638.0
2020-03-03 13:05:00,3057.75,3059.75,3051.0,3058.25,10922.0
2020-03-03 13:10:00,3058.5,3064.0,3054.0,3062.25,11821.0
2020-03-03 13:15:00,3062.5,3068.25,3062.25,3065.5,6667.0
2020-03-03 13:20:00,3065.5,3072.75,3064.25,3071.5,8991.0
2020-03-03 13:25:00,3071.25,3083.0,3071.0,3080.0,16614.0
2020-03-03 13:30:00,3080.0,3082.75,3075.0,3076.0,9547.0
2020-03-03 13:35:00,3076.0,3082.25,3072.0,3072.5,8473.0
2020-03-03 13:40:00,3072.75,3073.75,3063.25,3066.25,13786.0
2020-03-03 13:45:00,3066.25,3066.25,3060.75,3066.25,8889.0
2020-03-03 13:50:00,3066.0,3074.25,3066.0,3072.0,9669.0
2020-03-03 13:55:00,3072.25,3075.75,3068.25,3075.25,7142.0
2020-03-03 14:00:00,3075.25,3079.25,3070.5,3076.5,9091.0
2020-03-03 14:05:00,3076.75,3083.75,3076.0,3080.25,11529.0
2020-03-03 14:10:00,3080.25,3082.0,3074.25,3076.5,12898.0
2020-03-03 14:15:00,3076.5,3087.25,3076.25,3086.0,10113.0
2020-03-03 14:20:00,3086.0,3093.0,3084.25,3092.75,9397.0
2020-03-03 14:25:00,3092.75,3095.5,3087.25,3094.75,13967.0
2020-03-03 14:30:00,3094.75,3096.0,3075.25,3085.5,60248.0
2020-03-03 14:35:00,3085.5,3085.75,3062.25,3069.0,45874.0
2020-03-03 14:40:00,3069.25,3077.0,3065.0,3075.75,32732.0
2020-03-03 14:45:00,3076.0,3076.0,3062.5,3067.5,28088.0
2020-03-03 14:50:00,3067.5,3073.5,3054.25,3054.5,31290.0
2020-03-03 14:55:00,3054.25,3060.0,3046.75,3059.75,35963.0
2020-03-03 15:00:00,3059.5,3137.0,3056.5,3131.25,115396.0
2020-03-03 15:05:00,3131.0,3135.0,3105.25,3117.25,63555.0
2020-03-03 15:10:00,3116.75,3121.5,3083.75,3087.25,61200.0
2020-03-03 15:15:00,3087.25,3094.0,3067.25,3086.75,78241.0
2020-03-03 15:20:00,3086.75,3106.25,3079.5,3103.5,53221.0
2020-03-03 15:25:00,3103.75,3111.25,3096.25,3102.5,37253.0
2020-03-03 15:30:00,3102.5,3104.5,3087.25,3095.5,35003.0
2020-03-03 15:35:00,3095.25,3106.0,3089.5,3101.75,25374.0
2020-03-03 15:40:00,3102.0,3110.75,3095.25,3107.0,32133.0
2020-03-03 15:45:00,3107.0,3109.75,3090.25,3092.75,31358.0
2020-03-03 15:50:00,3092.75,3095.0,3083.0,3089.75,26857.0
2020-03-03 15:55:00,3089.5,3104.0,3086.75,3101.25,31589.0
2020-03-03 16:00:00,3101.25,3105.0,3089.5,3092.0,25058.0
2020-03-03 16:05:00,3092.0,3093.5,3075.0,3078.25,37780.0
2020-03-03 16:10:00,3078.5,3081.0,3055.0,3058.0,50458.0
2020-03-03 16:15:00,3058.0,3072.25,3054.75,3060.75,37396.0
2020-03-03 16:20:00,3061.0,3063.75,3042.0,3042.5,44318.0
2020-03-03 16:25:00,3042.75,3043.75,3023.5,3043.0,67591.0
2020-03-03 16:30:00,3042.75,3042.75,3027.25,3040.75,35661.0
2020-03-03 16:35:00,3040.75,3053.25,3034.75,3050.75,38002.0
2020-03-03 16:40:00,3050.5,3062.0,3048.0,3050.25,28304.0
2020-03-03 16:45:00,3050.0,3058.25,3044.75,3045.0,21959.0
2020-03-03 16:50:00,3045.25,3063.5,3044.25,3062.5,20611.0
2020-03-03 16:55:00,3062.25,3073.25,3060.25,3072.0,26266.0
2020-03-03 17:00:00,3072.25,3073.25,3062.75,3066.75,21776.0
2020-03-03 17:05:00,3067.0,3077.5,3064.25,3077.25,21148.0
2020-03-03 17:10:00,3077.5,3081.0,3067.25,3067.5,24007.0
2020-03-03 17:15:00,3067.75,3068.75,3055.25,3060.0,20814.0
2020-03-03 17:20:00,3060.25,3064.25,3055.75,3062.75,15828.0
2020-03-03 17:25:00,3062.75,3066.75,3048.75,3051.25,19194.0
2020-03-03 17:30:00,3051.5,3056.25,3045.75,3052.25,19140.0
2020-03-03 17:35:00,3052.25,3054.0,3046.75,3049.75,12312.0
2020-03-03 17:40:00,3050.0,3060.5,3049.75,3053.5,13345.0
2020-03-03 17:45:00,3053.5,3065.0,3049.75,3062.5,16210.0
2020-03-03 17:50:00,3062.75,3065.25,3052.5,3054.0,13901.0
2020-03-03 17:55:00,3054.0,3054.0,3043.25,3050.75,18410.0
2020-03-03 18:00:00,3051.0,3053.0,3038.0,3039.0,19615.0
2020-03-03 18:05:00,3039.0,3044.0,3036.25,3038.75,16555.0
2020-03-03 18:10:00,3038.75,3044.0,3033.0,3034.0,20614.0
2020-03-03 18:15:00,3034.0,3039.75,3031.0,3032.5,18009.0
2020-03-03 18:20:00,3032.75,3034.0,3022.25,3024.25,31873.0
2020-03-03 18:25:00,3024.0,3026.5,3011.0,3017.5,29792.0
2020-03-03 18:30:00,3017.25,3027.5,3015.25,3026.75,24359.0
2020-03-03 18:35:00,3026.75,3032.75,3022.25,3026.75,26248.0
2020-03-03 18:40:00,3026.75,3030.0,3008.75,3009.0,22456.0
2020-03-03 18:45:00,3009.25,3013.25,3005.25,3007.0,25953.0
2020-03-03 18:50:00,3006.75,3012.0,3001.75,3003.5,21955.0
2020-03-03 18:55:00,3003.75,3009.25,2999.0,3004.25,22768.0
2020-03-03 19:00:00,3004.0,3007.0,2993.0,2994.0,37442.0
2020-03-03 19:05:00,2993.75,2995.0,2980.0,2984.25,43411.0
2020-03-03 19:10:00,2984.25,2995.0,2973.0,2992.25,51072.0
2020-03-03 19:15:00,2992.25,2997.75,2977.0,2978.5,33517.0
2020-03-03 19:20:00,2978.5,2992.25,2973.25,2978.5,31885.0
2020-03-03 19:25:00,2978.5,3003.75,2974.75,2998.75,33921.0
2020-03-03 19:30:00,2998.75,3009.25,2996.0,3004.0,29564.0
2020-03-03 19:35:00,3004.25,3006.75,2992.25,2994.5,24342.0
2020-03-03 19:40:00,2994.75,2997.0,2981.0,2989.25,25650.0
2020-03-03 19:45:00,2989.25,3003.5,2984.0,2998.5,23867.0
2020-03-03 19:50:00,2998.25,3009.0,2996.25,3007.25,24196.0
2020-03-03 19:55:00,3007.25,3016.25,3004.25,3006.0,27224.0
2020-03-03 20:00:00,3005.75,3023.5,3005.25,3022.0,27485.0
2020-03-03 20:05:00,3022.0,3025.75,3009.25,3012.25,24191.0
2020-03-03 20:10:00,3012.0,3031.75,3010.25,3031.25,33935.0
2020-03-03 20:15:00,3031.5,3036.0,3022.75,3035.75,24057.0
2020-03-03 20:20:00,3035.75,3038.0,3012.5,3013.5,25981.0
2020-03-03 20:25:00,3013.5,3039.5,3011.5,3038.75,30318.0
2020-03-03 20:30:00,3039.0,3039.5,3011.75,3013.75,30309.0
2020-03-03 20:35:00,3013.5,3022.25,2999.5,3002.25,28112.0
2020-03-03 20:40:00,3002.25,3022.0,2992.75,3019.75,41331.0
2020-03-03 20:45:00,3019.5,3031.25,3010.25,3022.5,34998.0
2020-03-03 20:50:00,3022.5,3023.25,2990.25,2991.5,59877.0
2020-03-03 20:55:00,2991.25,3022.5,2990.5,2998.25,75918.0
2020-03-03 21:00:00,2998.0,3013.25,2995.25,3010.5,111793.0
2020-03-03 21:05:00,3010.25,3018.25,3009.75,3012.25,18732.0
2020-03-03 21:10:00,3012.0,3016.5,3006.0,3006.75,12797.0
2020-03-03 21:15:00,3006.75,3007.0,2994.0,2997.0,19490.0
2020-03-03 21:30:00,2997.75,3000.5,2991.75,3000.0,6082.0
2020-03-03 21:35:00,3000.0,3001.75,2996.5,2999.75,2020.0
2020-03-03 21:40:00,2999.75,3000.0,2994.75,2995.0,1726.0
2020-03-03 21:45:00,2994.75,2998.0,2992.75,2994.25,3228.0
2020-03-03 21:50:00,2994.0,2994.75,2989.5,2990.5,2873.0
2020-03-03 21:55:00,2990.75,2993.5,2989.25,2990.5,1676.0
2020-03-03 22:00:00,2990.25,2990.5,2989.25,2989.5,362.0
2020-03-03 23:00:00,2988.25,2996.0,2980.25,2980.25,5149.0
2020-03-03 23:05:00,2980.25,2987.5,2976.5,2977.0,3539.0
2020-03-03 23:10:00,2977.25,2983.5,2976.5,2979.75,1745.0
2020-03-03 23:15:00,2979.75,2981.0,2976.75,2980.0,1512.0
2020-03-03 23:20:00,2979.75,2992.0,2979.25,2989.0,3862.0
2020-03-03 23:25:00,2989.25,2995.5,2988.5,2990.25,2583.0
2020-03-03 23:30:00,2990.0,2990.75,2986.0,2990.75,2457.0
2020-03-03 23:35:00,2990.75,2991.0,2982.0,2984.75,2636.0
2020-03-03 23:40:00,2984.75,2990.5,2983.75,2987.0,2587.0
2020-03-03 23:45:00,2987.25,2992.5,2983.0,2991.5,2190.0
2020-03-03 23:50:00,2991.25,2991.25,2986.25,2989.25,2014.0
2020-03-03 23:55:00,2989.0,2991.75,2987.5,2989.0,1150.0
2020-03-04 00:00:00,2989.0,2995.25,2988.25,2994.0,2786.0
2020-03-04 00:05:00,2994.0,3010.5,2992.5,3010.0,6368.0
2020-03-04 00:10:00,3010.25,3010.75,3000.75,3003.0,5318.0
2020-03-04 00:15:00,3003.0,3012.25,3002.75,3011.75,5454.0
2020-03-04 00:20:00,3011.5,3013.5,3007.75,3009.75,3052.0
2020-03-04 00:25:00,3010.0,3011.0,3006.5,3007.0,2310.0
2020-03-04 00:30:00,3007.0,3017.5,3005.75,3016.75,5462.0
2020-03-04 00:35:00,3016.5,3022.75,3015.75,3019.0,5198.0
2020-03-04 00:40:00,3018.75,3022.25,3017.0,3020.5,3452.0
2020-03-04 00:45:00,3020.5,3021.75,3012.75,3014.25,2970.0
2020-03-04 00:50:00,3014.25,3018.0,3012.0,3018.0,3545.0
2020-03-04 00:55:00,3017.75,3020.75,3016.0,3019.25,3510.0
2020-03-04 01:00:00,3019.0,3026.5,3017.5,3019.0,5523.0
2020-03-04 01:05:00,3019.0,3022.75,3019.0,3021.5,3373.0
2020-03-04 01:10:00,3021.5,3024.25,3019.0,3022.75,2777.0
2020-03-04 01:15:00,3022.75,3023.5,3019.0,3020.0,2372.0
2020-03-04 01:20:00,3020.0,3021.5,3019.0,3019.5,2047.0
2020-03-04 01:25:00,3019.25,3021.5,3019.0,3020.75,1893.0
2020-03-04 01:30:00,3020.75,3024.25,3016.0,3017.75,3472.0
2020-03-04 01:35:00,3017.75,3020.25,3016.0,3017.25,1808.0
2020-03-04 01:40:00,3017.0,3018.0,3015.0,3015.0,1717.0
2020-03-04 01:45:00,3015.0,3016.0,3010.5,3011.0,3409.0
2020-03-04 01:50:00,3011.0,3017.25,3010.75,3015.5,2811.0
2020-03-04 01:55:00,3015.5,3017.75,3014.0,3015.0,2161.0
2020-03-04 02:00:00,3015.0,3015.75,3011.75,3012.25,2145.0
2020-03-04 02:05:00,3012.0,3016.0,3011.5,3013.75,2290.0
2020-03-04 02:10:00,3014.0,3016.5,3012.25,3013.75,1757.0
2020-03-04 02:15:00,3013.25,3015.0,3011.25,3015.0,1415.0
2020-03-04 02:20:00,3015.0,3021.0,3013.0,3018.5,2285.0
2020-03-04 02:25:00,3018.75,3022.75,3018.5,3022.5,1622.0
2020-03-04 02:30:00,3022.5,3023.0,3018.75,3023.0,1528.0
2020-03-04 02:35:00,3023.0,3024.25,3021.75,3021.75,1369.0
2020-03-04 02:40:00,3021.5,3028.5,3020.75,3028.25,2541.0
2020-03-04 02:45:00,3028.0,3031.0,3026.5,3027.0,5005.0
2020-03-04 02:50:00,3027.25,3029.5,3024.25,3025.0,2624.0
2020-03-04 02:55:00,3025.0,3029.0,3024.75,3028.75,2373.0
2020-03-04 03:00:00,3028.75,3031.0,3027.75,3030.25,2837.0
2020-03-04 03:05:00,3030.25,3032.75,3029.0,3032.75,2654.0
2020-03-04 03:10:00,3032.5,3035.25,3032.25,3034.0,3273.0
2020-03-04 03:15:00,3034.25,3038.0,3032.75,3036.0,2802.0
2020-03-04 03:20:00,3035.5,3036.25,3031.0,3032.0,3698.0
2020-03-04 03:25:00,3032.0,3036.25,3032.0,3035.0,2694.0
2020-03-04 03:30:00,3035.0,3037.5,3034.25,3036.5,2335.0
2020-03-04 03:35:00,3036.5,3037.0,3032.5,3033.0,2341.0
2020-03-04 03:40:00,3033.0,3035.5,3033.0,3034.25,3209.0
2020-03-04 03:45:00,3034.5,3034.75,3031.25,3032.75,1987.0
2020-03-04 03:50:00,3033.0,3033.25,3030.75,3030.75,1102.0
2020-03-04 03:55:00,3030.75,3033.5,3030.75,3033.25,1883.0
2020-03-04 04:00:00,3033.0,3033.5,3026.5,3031.0,3319.0
2020-03-04 04:05:00,3031.0,3031.75,3025.75,3028.5,3012.0
2020-03-04 04:10:00,3028.5,3029.75,3026.25,3028.25,2468.0
2020-03-04 04:15:00,3028.25,3030.75,3028.0,3030.25,2963.0
2020-03-04 04:20:00,3030.25,3030.5,3028.75,3028.75,987.0
2020-03-04 04:25:00,3028.75,3028.75,3024.25,3027.0,2274.0
2020-03-04 04:30:00,3026.75,3028.75,3024.5,3028.5,2270.0
2020-03-04 04:35:00,3028.5,3029.75,3026.5,3028.25,1037.0
2020-03-04 04:40:00,3028.0,3033.0,3028.0,3031.25,1614.0
2020-03-04 04:45:00,3031.5,3033.0,3030.0,3030.75,756.0
2020-03-04 04:50:00,3030.5,3031.5,3029.25,3031.0,417.0
2020-03-04 04:55:00,3031.0,3031.75,3028.75,3031.5,1008.0
2020-03-04 05:00:00,3031.5,3032.0,3028.5,3030.0,1334.0
2020-03-04 05:05:00,3030.0,3034.0,3029.75,3033.25,1408.0
2020-03-04 05:10:00,3033.0,3033.25,3031.0,3031.0,886.0
2020-03-04 05:15:00,3031.0,3031.75,3031.0,3031.25,918.0
2020-03-04 05:20:00,3031.25,3032.0,3031.0,3031.0,668.0
2020-03-04 05:25:00,3031.25,3036.25,3031.25,3033.75,1541.0
2020-03-04 05:30:00,3033.75,3034.75,3032.0,3032.25,879.0
2020-03-04 05:35:00,3032.25,3033.25,3031.5,3031.75,689.0
2020-03-04 05:40:00,3032.0,3034.25,3031.25,3033.0,979.0
2020-03-04 05:45:00,3033.0,3041.25,3032.75,3040.5,4183.0
2020-03-04 05:50:00,3040.25,3040.75,3038.25,3039.75,1708.0
2020-03-04 05:55:00,3040.0,3040.25,3036.75,3037.75,972.0
2020-03-04 06:00:00,3037.5,3037.75,3033.25,3035.25,1742.0
2020-03-04 06:05:00,3035.25,3040.75,3034.0,3039.25,2134.0
2020-03-04 06:10:00,3039.25,3041.25,3037.5,3037.75,2188.0
2020-03-04 06:15:00,3037.75,3042.0,3037.5,3041.5,2050.0
2020-03-04 06:20:00,3041.5,3041.5,3037.5,3037.5,713.0
2020-03-04 06:25:00,3037.5,3039.0,3035.75,3035.75,699.0
2020-03-04 06:30:00,3035.75,3037.25,3034.75,3036.75,925.0
2020-03-04 06:35:00,3037.0,3037.25,3031.0,3031.5,2068.0
2020-03-04 06:40:00,3031.25,3034.25,3031.0,3034.0,3301.0
2020-03-04 06:45:00,3033.75,3035.75,3032.75,3034.5,738.0
2020-03-04 06:50:00,3034.5,3034.75,3031.75,3034.25,883.0
2020-03-04 06:55:00,3034.25,3034.75,3032.75,3033.0,514.0
2020-03-04 07:00:00,3033.0,3040.5,3032.5,3039.25,3030.0
2020-03-04 07:05:00,3039.25,3045.0,3038.0,3044.75,3988.0
2020-03-04 07:10:00,3044.75,3045.75,3042.0,3042.75,3493.0
2020-03-04 07:15:00,3042.75,3047.5,3041.25,3046.25,2599.0
2020-03-04 07:20:00,3046.0,3046.0,3040.5,3041.75,2321.0
2020-03-04 07:25:00,3041.75,3042.25,3039.75,3041.25,1487.0
2020-03-04 07:30:00,3041.25,3043.75,3038.75,3043.0,2166.0
2020-03-04 07:35:00,3043.0,3045.0,3041.5,3043.75,1688.0
2020-03-04 07:40:00,3043.75,3045.75,3041.75,3044.5,1808.0
2020-03-04 07:45:00,3044.5,3046.5,3041.75,3043.25,2825.0
2020-03-04 07:50:00,3043.25,3045.5,3042.5,3045.25,2291.0
2020-03-04 07:55:00,3045.0,3045.75,3041.75,3042.5,2013.0
2020-03-04 08:00:00,3043.0,3044.0,3036.25,3037.0,5709.0
2020-03-04 08:05:00,3037.25,3041.25,3036.25,3040.75,4561.0
2020-03-04 08:10:00,3040.75,3041.0,3031.0,3032.5,7483.0
2020-03-04 08:15:00,3032.75,3038.75,3032.75,3036.75,5359.0
2020-03-04 08:20:00,3036.5,3041.25,3035.25,3037.5,7514.0
2020-03-04 08:25:00,3037.5,3039.25,3031.5,3037.25,4298.0
2020-03-04 08:30:00,3037.0,3042.0,3036.0,3041.75,3591.0
2020-03-04 08:35:00,3041.5,3045.5,3041.0,3044.25,3840.0
2020-03-04 08:40:00,3044.5,3047.25,3042.5,3045.5,3742.0
2020-03-04 08:45:00,3045.0,3048.0,3043.5,3047.5,3253.0
2020-03-04 08:50:00,3047.5,3050.0,3046.75,3049.0,4031.0
2020-03-04 08:55:00,3049.25,3050.0,3047.25,3048.0,2557.0
2020-03-04 09:00:00,3048.25,3054.25,3048.25,3053.5,5888.0
2020-03-04 09:05:00,3053.5,3054.25,3046.5,3046.5,7556.0
2020-03-04 09:10:00,3046.75,3049.0,3044.25,3044.5,2517.0
2020-03-04 09:15:00,3044.75,3048.75,3044.5,3047.25,2113.0
2020-03-04 09:20:00,3047.25,3050.75,3047.0,3048.0,2588.0
2020-03-04 09:25:00,3048.25,3052.25,3048.25,3051.5,2520.0
2020-03-04 09:30:00,3051.75,3052.5,3047.5,3048.75,2298.0
2020-03-04 09:35:00,3049.0,3057.0,3048.25,3055.0,5111.0
2020-03-04 09:40:00,3055.25,3058.75,3052.25,3054.75,5161.0
2020-03-04 09:45:00,3054.75,3060.75,3053.5,3056.75,5076.0
2020-03-04 09:50:00,3056.75,3059.0,3052.75,3052.75,2367.0
2020-03-04 09:55:00,3052.75,3057.0,3052.25,3055.75,2071.0
2020-03-04 10:00:00,3055.75,3057.25,3052.25,3055.5,2562.0
2020-03-04 10:05:00,3055.5,3056.75,3052.25,3054.5,2691.0
2020-03-04 10:10:00,3054.75,3059.75,3054.25,3057.25,3257.0
2020-03-04 10:15:00,3057.5,3059.5,3056.5,3057.5,1818.0
2020-03-04 10:20:00,3057.5,3059.0,3056.25,3058.25,2097.0
2020-03-04 10:25:00,3058.25,3061.25,3058.25,3058.75,2505.0
2020-03-04 10:30:00,3058.75,3060.0,3056.75,3058.0,2257.0
2020-03-04 10:35:00,3058.25,3059.5,3056.25,3057.75,1694.0
2020-03-04 10:40:00,3057.75,3060.0,3056.5,3058.25,1947.0
2020-03-04 10:45:00,3058.25,3058.75,3055.75,3056.25,1343.0
2020-03-04 10:50:00,3056.25,3057.75,3055.5,3056.5,1685.0
2020-03-04 10:55:00,3056.5,3056.5,3052.75,3054.0,2603.0
2020-03-04 11:00:00,3054.0,3056.25,3052.5,3054.25,2056.0
2020-03-04 11:05:00,3054.5,3055.25,3052.25,3053.25,1336.0
2020-03-04 11:10:00,3053.25,3053.75,3052.0,3053.0,2087.0
2020-03-04 11:15:00,3053.0,3053.5,3049.0,3050.5,2591.0
2020-03-04 11:20:00,3050.25,3054.5,3049.75,3054.25,2228.0
2020-03-04 11:25:00,3054.25,3055.0,3050.5,3053.5,2550.0
2020-03-04 11:30:00,3053.75,3057.75,3053.75,3057.0,2659.0
2020-03-04 11:35:00,3057.0,3058.25,3055.0,3056.75,2085.0
2020-03-04 11:40:00,3056.75,3059.5,3055.25,3058.75,2028.0
2020-03-04 11:45:00,3058.5,3059.25,3055.0,3055.0,2820.0
2020-03-04 11:50:00,3054.75,3060.75,3054.5,3059.5,4241.0
2020-03-04 11:55:00,3059.5,3060.0,3057.75,3058.25,2003.0
2020-03-04 12:00:00,3058.25,3060.0,3053.5,3056.5,8170.0
2020-03-04 12:05:00,3056.75,3069.25,3055.0,3067.75,11592.0
2020-03-04 12:10:00,3067.75,3070.75,3066.75,3067.5,6216.0
2020-03-04 12:15:00,3067.25,3069.5,3064.5,3066.75,3146.0
2020-03-04 12:20:00,3066.75,3070.5,3066.75,3069.5,3208.0
2020-03-04 12:25:00,3069.25,3069.25,3064.75,3066.5,3640.0
2020-03-04 12:30:00,3066.5,3072.75,3065.75,3072.75,6918.0
2020-03-04 12:35:00,3072.75,3074.0,3069.75,3071.75,5075.0
2020-03-04 12:40:00,3071.5,3073.0,3066.5,3066.5,5643.0
2020-03-04 12:45:00,3066.5,3071.25,3065.75,3068.5,5879.0
2020-03-04 12:50:00,3068.5,3068.5,3065.25,3067.0,4601.0
2020-03-04 12:55:00,3067.25,3068.5,3062.5,3063.0,6344.0
2020-03-04 13:00:00,3063.0,3063.75,3056.0,3057.5,10455.0
2020-03-04 13:05:00,3058.0,3058.5,3048.25,3048.75,11622.0
2020-03-04 13:10:00,3048.5,3053.25,3043.5,3045.75,12261.0
2020-03-04 13:15:00,3045.75,3055.0,3045.0,3050.75,11688.0
2020-03-04 13:20:00,3050.75,3060.25,3049.0,3057.75,12143.0
2020-03-04 13:25:00,3057.75,3062.0,3055.0,3058.5,9699.0
2020-03-04 13:30:00,3058.5,3059.25,3051.0,3056.5,9792.0
2020-03-04 13:35:00,3056.5,3058.25,3051.25,3051.5,5225.0
2020-03-04 13:40:00,3051.5,3058.0,3051.0,3057.25,5916.0
2020-03-04 13:45:00,3057.25,3063.0,3056.25,3059.5,6935.0
2020-03-04 13:50:00,3059.5,3062.0,3055.25,3055.5,8350.0
2020-03-04 13:55:00,3055.5,3060.5,3053.5,3056.5,6525.0
2020-03-04 14:00:00,3056.5,3057.5,3049.75,3051.5,10191.0
2020-03-04 14:05:00,3051.0,3055.0,3049.0,3054.0,8665.0
2020-03-04 14:10:00,3054.0,3059.5,3053.5,3058.75,6664.0
2020-03-04 14:15:00,3058.75,3060.75,3053.25,3059.25,10669.0
2020-03-04 14:20:00,3059.25,3060.0,3055.5,3055.5,7803.0
2020-03-04 14:25:00,3055.5,3060.0,3055.5,3059.25,6020.0
2020-03-04 14:30:00,3059.5,3070.25,3054.25,3067.0,46874.0
2020-03-04 14:35:00,3066.75,3067.75,3037.5,3040.0,59790.0
2020-03-04 14:40:00,3039.75,3052.75,3039.5,3046.25,35303.0
2020-03-04 14:45:00,3046.25,3052.0,3042.25,3048.25,26581.0
2020-03-04 14:50:00,3048.25,3049.0,3038.5,3041.75,31381.0
2020-03-04 14:55:00,3041.75,3042.5,3030.75,3032.5,33072.0
2020-03-04 15:00:00,3032.5,3048.0,3031.75,3037.75,39526.0
2020-03-04 15:05:00,3037.75,3050.0,3032.25,3048.75,38304.0
2020-03-04 15:10:00,3048.75,3056.0,3042.5,3053.0,27924.0
2020-03-04 15:15:00,3053.0,3063.5,3050.25,3063.0,29947.0
2020-03-04 15:20:00,3063.0,3069.75,3058.5,3068.25,29980.0
2020-03-04 15:25:00,3068.25,3070.75,3061.25,3065.0,30143.0
2020-03-04 15:30:00,3065.0,3066.5,3053.5,3055.25,26595.0
2020-03-04 15:35:00,3055.0,3059.25,3046.5,3047.5,28565.0
2020-03-04 15:40:00,3047.5,3051.5,3042.75,3049.25,25853.0
2020-03-04 15:45:00,3049.25,3057.25,3046.25,3048.0,22841.0
2020-03-04 15:50:00,3047.75,3055.25,3047.0,3051.0,16212.0
2020-03-04 15:55:00,3051.0,3051.25,3040.75,3047.75,20041.0
2020-03-04 16:00:00,3048.0,3053.0,3042.5,3043.75,19319.0
2020-03-04 16:05:00,3043.5,3051.25,3038.25,3039.75,21391.0
2020-03-04 16:10:00,3039.5,3053.25,3038.75,3052.75,17231.0
2020-03-04 16:15:00,3052.5,3054.25,3045.75,3051.75,17734.0
2020-03-04 16:20:00,3051.75,3054.0,3044.0,3049.75,17788.0
2020-03-04 16:25:00,3049.75,3057.75,3049.75,3057.0,17070.0
2020-03-04 16:30:00,3057.25,3061.75,3051.75,3053.25,21687.0
2020-03-04 16:35:00,3053.25,3060.5,3047.25,3050.0,22188.0
2020-03-04 16:40:00,3050.0,3052.5,3040.75,3046.0,21247.0
2020-03-04 16:45:00,3046.0,3053.25,3045.25,3047.0,15157.0
2020-03-04 16:50:00,3047.0,3050.75,3042.0,3047.25,18666.0
2020-03-04 16:55:00,3047.25,3051.75,3042.5,3049.25,15645.0
2020-03-04 17:00:00,3049.5,3056.75,3047.25,3051.0,17386.0
2020-03-04 17:05:00,3051.25,3057.0,3049.75,3050.5,11305.0
2020-03-04 17:10:00,3050.5,3056.75,3050.25,3053.75,10668.0
2020-03-04 17:15:00,3054.0,3062.25,3053.25,3057.25,20249.0
2020-03-04 17:20:00,3057.25,3059.5,3053.25,3058.25,10877.0
2020-03-04 17:25:00,3058.5,3060.75,3055.25,3059.0,9824.0
2020-03-04 17:30:00,3059.25,3065.75,3059.0,3062.75,13667.0
2020-03-04 17:35:00,3062.75,3066.0,3059.75,3061.75,12076.0
2020-03-04 17:40:00,3061.75,3062.0,3057.0,3060.75,9205.0
2020-03-04 17:45:00,3061.0,3065.5,3057.75,3065.25,9142.0
2020-03-04 17:50:00,3065.5,3071.75,3065.0,3071.25,15222.0
2020-03-04 17:55:00,3071.25,3073.25,3069.25,3071.75,10828.0
2020-03-04 18:00:00,3072.0,3079.5,3072.0,3078.25,21287.0
2020-03-04 18:05:00,3078.5,3085.5,3078.5,3081.5,23293.0
2020-03-04 18:10:00,3081.75,3082.75,3078.0,3078.5,13083.0
2020-03-04 18:15:00,3078.5,3085.25,3078.25,3085.25,11347.0
2020-03-04 18:20:00,3085.25,3091.25,3084.75,3089.5,17636.0
2020-03-04 18:25:00,3089.5,3092.0,3085.75,3087.5,14399.0
2020-03-04 18:30:00,3087.5,3091.25,3086.25,3087.75,11885.0
2020-03-04 18:35:00,3087.75,3091.75,3086.5,3087.0,9770.0
2020-03-04 18:40:00,3087.25,3088.0,3083.0,3084.75,15752.0
2020-03-04 18:45:00,3085.0,3086.75,3082.75,3085.5,9051.0
2020-03-04 18:50:00,3085.5,3092.75,3084.75,3092.25,15253.0
2020-03-04 18:55:00,3092.0,3092.25,3085.5,3086.25,13827.0
2020-03-04 19:00:00,3086.25,3091.25,3080.0,3081.5,17222.0
2020-03-04 19:05:00,3081.5,3086.75,3080.0,3086.25,18441.0
2020-03-04 19:10:00,3086.0,3088.5,3083.25,3086.75,10737.0
2020-03-04 19:15:00,3087.0,3091.25,3084.0,3090.25,12137.0
2020-03-04 19:20:00,3090.0,3092.25,3086.75,3088.75,8863.0
2020-03-04 19:25:00,3088.5,3097.25,3088.25,3095.25,16787.0
2020-03-04 19:30:00,3095.5,3097.5,3093.5,3096.0,11645.0
2020-03-04 19:35:00,3096.25,3098.25,3089.25,3089.25,15812.0
2020-03-04 19:40:00,3089.25,3094.5,3088.75,3094.0,11703.0
2020-03-04 19:45:00,3094.25,3094.25,3088.25,3088.25,9555.0
2020-03-04 19:50:00,3088.5,3093.75,3084.25,3087.5,18290.0
2020-03-04 19:55:00,3087.25,3094.5,3086.5,3093.5,11998.0
2020-03-04 20:00:00,3093.5,3095.0,3090.0,3094.75,9857.0
2020-03-04 20:05:00,3094.75,3098.25,3090.0,3092.0,15364.0
2020-03-04 20:10:00,3091.75,3099.25,3090.75,3098.5,14447.0
2020-03-04 20:15:00,3098.5,3098.5,3094.0,3095.5,14281.0
2020-03-04 20:20:00,3095.75,3104.25,3095.0,3104.25,17832.0
2020-03-04 20:25:00,3104.25,3108.0,3103.25,3107.25,20278.0
2020-03-04 20:30:00,3107.75,3117.0,3106.75,3112.75,28468.0
2020-03-04 20:35:00,3113.0,3120.0,3112.75,3117.75,34124.0
2020-03-04 20:40:00,3117.5,3120.0,3113.0,3115.0,21270.0
2020-03-04 20:45:00,3115.0,3116.25,3105.0,3106.5,32864.0
2020-03-04 20:50:00,3106.75,3123.25,3105.5,3121.25,48998.0
2020-03-04 20:55:00,3121.5,3128.75,3120.25,3127.5,57074.0
2020-03-04 21:00:00,3127.5,3129.5,3113.0,3113.0,139380.0
2020-03-04 21:05:00,3113.0,3118.5,3113.0,3116.25,19429.0
2020-03-04 21:10:00,3116.5,3117.0,3113.5,3116.25,11714.0
2020-03-04 21:15:00,3116.25,3117.0,3113.5,3113.75,8310.0
2020-03-04 21:30:00,3112.5,3113.0,3108.75,3110.0,5649.0
2020-03-04 21:35:00,3110.0,3111.75,3109.0,3110.75,1713.0
2020-03-04 21:40:00,3110.5,3110.75,3109.0,3110.25,1014.0
2020-03-04 21:45:00,3110.25,3112.25,3109.75,3111.0,2095.0
2020-03-04 21:50:00,3110.75,3111.25,3106.25,3107.0,3222.0
2020-03-04 21:55:00,3106.75,3110.25,3106.5,3110.0,2612.0
2020-03-04 22:00:00,3110.0,3111.75,3109.5,3110.75,561.0
2020-03-04 23:00:00,3109.25,3113.75,3107.75,3111.75,3379.0
2020-03-04 23:05:00,3111.75,3112.0,3105.5,3106.25,1796.0
2020-03-04 23:10:00,3106.0,3106.5,3103.25,3104.0,1951.0
2020-03-04 23:15:00,3103.75,3105.0,3102.25,3104.75,1708.0
2020-03-04 23:20:00,3104.5,3107.25,3104.25,3106.0,1506.0
2020-03-04 23:25:00,3106.0,3106.0,3103.5,3104.0,2974.0
2020-03-04 23:30:00,3103.75,3106.25,3100.25,3101.75,3596.0
2020-03-04 23:35:00,3101.75,3104.0,3099.5,3101.0,2289.0
2020-03-04 23:40:00,3101.0,3101.75,3099.0,3101.25,1606.0
2020-03-04 23:45:00,3101.25,3104.0,3099.5,3100.0,3053.0
2020-03-04 23:50:00,3100.0,3104.25,3100.0,3104.25,1077.0
2020-03-04 23:55:00,3104.0,3106.5,3104.0,3106.0,1264.0
2020-03-05 00:00:00,3105.75,3107.5,3101.0,3101.25,2052.0
2020-03-05 00:05:00,3101.5,3101.5,3096.75,3097.0,3246.0
2020-03-05 00:10:00,3097.0,3100.0,3097.0,3099.5,1965.0
2020-03-05 00:15:00,3099.5,3103.25,3099.0,3101.75,3085.0
2020-03-05 00:20:00,3101.5,3103.0,3099.5,3099.75,1837.0
2020-03-05 00:25:00,3099.75,3104.75,3098.5,3104.0,2069.0
2020-03-05 00:30:00,3104.0,3105.5,3101.0,3105.5,1240.0
2020-03-05 00:35:00,3105.5,3107.25,3103.75,3107.25,1983.0
2020-03-05 00:40:00,3107.0,3108.75,3105.0,3106.75,1418.0
2020-03-05 00:45:00,3106.5,3108.0,3105.25,3106.0,876.0
2020-03-05 00:50:00,3106.0,3107.25,3099.5,3100.25,2739.0
2020-03-05 00:55:00,3100.0,3103.75,3100.0,3101.25,1303.0
2020-03-05 01:00:00,3101.25,3104.0,3100.25,3103.25,1695.0
2020-03-05 01:05:00,3103.5,3103.75,3096.25,3096.25,2253.0
2020-03-05 01:10:00,3096.25,3098.5,3096.0,3096.75,1368.0
2020-03-05 01:15:00,3096.75,3097.0,3093.75,3094.25,2978.0
2020-03-05 01:20:00,3094.25,3096.0,3093.5,3094.75,1688.0
2020-03-05 01:25:00,3095.0,3095.0,3092.25,3094.5,2291.0
2020-03-05 01:30:00,3094.5,3095.0,3092.5,3094.25,2215.0
2020-03-05 01:35:00,3094.0,3096.5,3092.75,3095.75,2670.0
2020-03-05 01:40:00,3095.75,3097.0,3094.5,3094.75,1735.0
2020-03-05 01:45:00,3094.75,3094.75,3088.75,3088.75,3552.0
2020-03-05 01:50:00,3088.75,3092.25,3088.75,3092.25,1622.0
2020-03-05 01:55:00,3092.0,3093.0,3091.0,3092.25,855.0
2020-03-05 02:00:00,3092.5,3093.5,3091.0,3092.75,1613.0
2020-03-05 02:05:00,3092.75,3093.0,3089.0,3090.5,1720.0
2020-03-05 02:10:00,3090.75,3090.75,3089.0,3090.5,1180.0
2020-03-05 02:15:00,3090.5,3090.75,3087.75,3088.75,1787.0
2020-03-05 02:20:00,3088.75,3089.0,3088.0,3089.0,1287.0
2020-03-05 02:25:00,3089.0,3091.0,3088.25,3089.5,2040.0
2020-03-05 02:30:00,3089.75,3093.75,3089.75,3093.5,1546.0
2020-03-05 02:35:00,3093.5,3094.0,3091.75,3092.5,1208.0
2020-03-05 02:40:00,3092.5,3093.75,3090.5,3093.0,1059.0
2020-03-05 02:45:00,3093.0,3096.5,3092.75,3096.0,1275.0
2020-03-05 02:50:00,3096.25,3098.0,3094.75,3094.75,1710.0
2020-03-05 02:55:00,3094.75,3097.0,3093.75,3097.0,1008.0
2020-03-05 03:00:00,3097.0,3099.25,3095.25,3096.0,2479.0
2020-03-05 03:05:00,3095.75,3096.25,3093.5,3093.75,3409.0
2020-03-05 03:10:00,3093.5,3094.5,3092.0,3093.5,2603.0
2020-03-05 03:15:00,3093.5,3095.25,3092.75,3093.75,2370.0
2020-03-05 03:20:00,3094.0,3095.25,3092.5,3095.0,1236.0
2020-03-05 03:25:00,3095.25,3096.75,3092.25,3092.25,1138.0
2020-03-05 03:30:00,3092.25,3093.75,3090.5,3090.75,1183.0
2020-03-05 03:35:00,3091.0,3091.75,3088.25,3089.75,1890.0
2020-03-05 03:40:00,3090.0,3091.0,3087.0,3087.0,1797.0
2020-03-05 03:45:00,3087.0,3087.75,3085.5,3086.25,2983.0
2020-03-05 03:50:00,3086.25,3087.5,3085.0,3085.25,1633.0
2020-03-05 03:55:00,3085.0,3087.0,3085.0,3086.25,1610.0
2020-03-05 04:00:00,3086.5,3088.25,3085.0,3088.0,1685.0
2020-03-05 04:05:00,3088.0,3088.75,3087.0,3088.5,630.0
2020-03-05 04:10:00,3088.5,3089.0,3087.25,3088.5,634.0
2020-03-05 04:15:00,3088.75,3089.0,3085.75,3085.75,660.0
2020-03-05 04:20:00,3085.75,3088.5,3085.75,3088.25,395.0
2020-03-05 04:25:00,3088.5,3090.0,3088.25,3088.25,804.0
2020-03-05 04:30:00,3088.5,3089.75,3088.5,3089.25,248.0
2020-03-05 04:35:00,3089.25,3090.0,3088.0,3089.5,497.0
2020-03-05 04:40:00,3089.5,3089.5,3086.0,3086.75,531.0
2020-03-05 04:45:00,3086.75,3088.0,3086.5,3087.5,399.0
2020-03-05 04:50:00,3087.5,3089.25,3087.25,3089.25,296.0
2020-03-05 04:55:00,3089.25,3089.5,3088.25,3088.75,313.0
2020-03-05 05:00:00,3088.75,3092.75,3088.5,3091.5,1245.0
2020-03-05 05:05:00,3091.5,3092.75,3090.5,3092.0,693.0
2020-03-05 05:10:00,3092.0,3096.75,3092.0,3096.0,2457.0
2020-03-05 05:15:00,3096.25,3097.0,3094.5,3095.5,1655.0
2020-03-05 05:20:00,3095.25,3096.25,3094.0,3095.25,831.0
2020-03-05 05:25:00,3095.5,3097.0,3094.5,3096.5,1099.0
2020-03-05 05:30:00,3096.5,3098.5,3096.25,3097.0,1222.0
2020-03-05 05:35:00,3097.0,3101.5,3096.75,3099.75,1969.0
2020-03-05 05:40:00,3100.0,3100.75,3098.5,3099.25,900.0
2020-03-05 05:45:00,3099.25,3100.0,3098.25,3100.0,458.0
2020-03-05 05:50:00,3100.0,3101.0,3099.25,3100.0,1320.0
2020-03-05 05:55:00,3100.0,3103.5,3100.0,3102.25,2121.0
2020-03-05 06:00:00,3102.25,3102.5,3098.75,3099.5,1543.0
2020-03-05 06:05:00,3099.5,3101.0,3099.0,3100.25,733.0
2020-03-05 06:10:00,3100.25,3100.75,3096.5,3096.75,1405.0
2020-03-05 06:15:00,3096.75,3099.5,3095.25,3099.25,1289.0
2020-03-05 06:20:00,3099.25,3099.25,3096.0,3096.25,458.0
2020-03-05 06:25:00,3096.25,3096.75,3094.75,3096.25,585.0
2020-03-05 06:30:00,3096.25,3098.0,3093.25,3097.75,1130.0
2020-03-05 06:35:00,3097.75,3099.0,3096.5,3096.5,1154.0
2020-03-05 06:40:00,3096.25,3099.25,3095.0,3098.0,1359.0
2020-03-05 06:45:00,3097.75,3098.0,3094.5,3095.75,673.0
2020-03-05 06:50:00,3095.5,3095.5,3092.5,3095.0,1939.0
2020-03-05 06:55:00,3094.5,3095.0,3090.0,3090.25,1629.0
2020-03-05 07:00:00,3090.25,3091.0,3087.5,3089.0,3149.0
2020-03-05 07:05:00,3088.75,3089.75,3085.0,3085.25,3010.0
2020-03-05 07:10:00,3085.25,3086.75,3081.0,3081.75,3874.0
2020-03-05 07:15:00,3081.75,3085.75,3081.5,3085.0,2428.0
2020-03-05 07:20:00,3085.0,3087.75,3084.25,3087.75,1400.0
2020-03-05 07:25:00,3087.75,3088.5,3084.0,3084.75,1695.0
2020-03-05 07:30:00,3084.75,3086.5,3082.5,3086.0,1672.0
2020-03-05 07:35:00,3085.75,3088.75,3085.5,3088.5,2306.0
2020-03-05 07:40:00,3088.25,3089.0,3086.0,3087.25,1024.0
2020-03-05 07:45:00,3087.25,3089.0,3086.0,3088.25,998.0
2020-03-05 07:50:00,3088.25,3088.25,3085.75,3087.0,1653.0
2020-03-05 07:55:00,3086.75,3089.0,3085.0,3088.5,1691.0
2020-03-05 08:00:00,3088.25,3088.25,3084.25,3084.75,4989.0
2020-03-05 08:05:00,3085.0,3086.25,3081.5,3085.0,5065.0
2020-03-05 08:10:00,3084.75,3087.5,3082.25,3083.75,3235.0
2020-03-05 08:15:00,3083.75,3085.25,3081.25,3081.25,2838.0
2020-03-05 08:20:00,3081.5,3082.5,3077.5,3079.0,4965.0
2020-03-05 08:25:00,3079.0,3081.5,3078.0,3078.5,3090.0
2020-03-05 08:30:00,3078.25,3079.5,3075.0,3075.75,3150.0
2020-03-05 08:35:00,3075.75,3079.75,3075.0,3076.0,3222.0
2020-03-05 08:40:00,3076.25,3079.0,3075.0,3077.0,2101.0
2020-03-05 08:45:00,3076.75,3078.5,3075.5,3077.25,2349.0
2020-03-05 08:50:00,3077.25,3081.25,3075.0,3081.0,2945.0
2020-03-05 08:55:00,3081.0,3081.25,3076.25,3076.75,1912.0
2020-03-05 09:00:00,3076.75,3076.75,3071.0,3074.0,6191.0
2020-03-05 09:05:00,3074.0,3074.25,3064.75,3067.0,7141.0
2020-03-05 09:10:00,3067.0,3070.25,3065.0,3070.0,3327.0
2020-03-05 09:15:00,3070.25,3072.5,3068.0,3072.5,2762.0
2020-03-05 09:20:00,3072.75,3072.75,3067.75,3068.75,3216.0
2020-03-05 09:25:00,3068.5,3069.75,3064.75,3065.0,2589.0
2020-03-05 09:30:00,3064.75,3066.0,3063.0,3063.5,3302.0
2020-03-05 09:35:00,3063.5,3069.0,3063.5,3065.75,3674.0
2020-03-05 09:40:00,3065.5,3068.5,3062.5,3064.75,3158.0
2020-03-05 09:45:00,3064.75,3069.75,3064.0,3069.0,3297.0
2020-03-05 09:50:00,3069.0,3070.0,3067.0,3070.0,2736.0
2020-03-05 09:55:00,3070.25,3070.5,3066.0,3068.75,2866.0
2020-03-05 10:00:00,3068.5,3068.75,3064.0,3064.75,3530.0
2020-03-05 10:05:00,3065.0,3069.5,3060.25,3061.75,5100.0
2020-03-05 10:10:00,3061.75,3062.75,3059.0,3059.25,4510.0
2020-03-05 10:15:00,3059.5,3060.25,3057.25,3060.0,4862.0
2020-03-05 10:20:00,3059.75,3060.0,3053.25,3053.75,5805.0
2020-03-05 10:25:00,3053.5,3056.5,3050.5,3051.0,5071.0
2020-03-05 10:30:00,3051.0,3057.75,3050.5,3055.75,4041.0
2020-03-05 10:35:00,3055.75,3059.5,3055.75,3057.5,4278.0
2020-03-05 10:40:00,3057.5,3058.0,3052.75,3053.75,3978.0
2020-03-05 10:45:00,3053.5,3060.0,3053.0,3059.25,3685.0
2020-03-05 10:50:00,3059.0,3060.0,3053.75,3054.0,3146.0
2020-03-05 10:55:00,3054.0,3054.5,3050.25,3051.75,4115.0
2020-03-05 11:00:00,3051.75,3059.0,3048.75,3058.25,5736.0
2020-03-05 11:05:00,3058.25,3058.75,3053.75,3057.0,5101.0
2020-03-05 11:10:00,3057.0,3062.0,3057.0,3059.5,4115.0
2020-03-05 11:15:00,3059.5,3061.25,3057.25,3058.0,2212.0
2020-03-05 11:20:00,3057.75,3059.5,3055.25,3055.75,2595.0
2020-03-05 11:25:00,3056.0,3056.0,3050.25,3050.75,2849.0
2020-03-05 11:30:00,3050.75,3053.0,3047.25,3047.75,4952.0
2020-03-05 11:35:00,3047.75,3051.75,3046.0,3051.0,5884.0
2020-03-05 11:40:00,3051.0,3056.75,3051.0,3054.5,3632.0
2020-03-05 11:45:00,3054.5,3057.0,3052.5,3053.25,3527.0
2020-03-05 11:50:00,3053.25,3058.25,3052.75,3053.75,4355.0
2020-03-05 11:55:00,3053.75,3057.25,3052.25,3056.75,2930.0
2020-03-05 12:00:00,3056.5,3057.75,3049.25,3052.0,8176.0
2020-03-05 12:05:00,3052.0,3057.0,3051.0,3055.25,3979.0
2020-03-05 12:10:00,3055.5,3057.0,3053.0,3055.5,2620.0
2020-03-05 12:15:00,3055.75,3059.75,3055.5,3057.25,4729.0
2020-03-05 12:20:00,3057.25,3059.25,3056.0,3057.25,2934.0
2020-03-05 12:25:00,3057.25,3063.5,3057.25,3061.0,6631.0
2020-03-05 12:30:00,3061.25,3063.25,3056.0,3057.75,4831.0
2020-03-05 12:35:00,3057.75,3058.25,3053.0,3055.75,4818.0
2020-03-05 12:40:00,3055.75,3058.75,3054.0,3058.0,3170.0
2020-03-05 12:45:00,3058.0,3061.0,3058.0,3059.75,2962.0
2020-03-05 12:50:00,3059.75,3060.5,3054.75,3056.75,4125.0
2020-03-05 12:55:00,3056.5,3061.0,3055.75,3056.25,4535.0
2020-03-05 13:00:00,3056.5,3056.75,3049.5,3050.25,5419.0
2020-03-05 13:05:00,3050.5,3052.5,3050.0,3051.25,3234.0
2020-03-05 13:10:00,3051.0,3057.75,3051.0,3056.5,3958.0
2020-03-05 13:15:00,3056.5,3059.25,3053.75,3054.75,3335.0
2020-03-05 13:20:00,3054.75,3054.75,3037.75,3041.75,15654.0
2020-03-05 13:25:00,3041.75,3043.0,3037.0,3042.0,7270.0
2020-03-05 13:30:00,3042.25,3043.0,3037.25,3040.0,7145.0
2020-03-05 13:35:00,3040.0,3045.5,3039.25,3043.5,7535.0
2020-03-05 13:40:00,3043.5,3045.5,3042.0,3043.5,4631.0
2020-03-05 13:45:00,3043.5,3053.5,3043.5,3051.0,10298.0
2020-03-05 13:50:00,3051.0,3051.25,3045.75,3049.25,5401.0
2020-03-05 13:55:00,3049.25,3052.25,3047.0,3052.0,4803.0
2020-03-05 14:00:00,3051.75,3052.5,3047.0,3048.0,6365.0
2020-03-05 14:05:00,3048.0,3048.5,3038.5,3039.25,8449.0
2020-03-05 14:10:00,3039.25,3044.25,3039.25,3040.75,5740.0
2020-03-05 14:15:00,3040.5,3042.0,3032.25,3034.75,11519.0
2020-03-05 14:20:00,3034.25,3038.75,3031.5,3037.75,7132.0
2020-03-05 14:25:00,3037.75,3047.0,3035.75,3044.5,10535.0
2020-03-05 14:30:00,3044.75,3052.0,3041.0,3042.75,48155.0
2020-03-05 14:35:00,3042.75,3062.25,3042.25,3059.5,46648.0
2020-03-05 14:40:00,3059.75,3060.0,3051.25,3052.5,34047.0
2020-03-05 14:45:00,3052.25,3059.5,3048.0,3054.5,34580.0
2020-03-05 14:50:00,3054.5,3054.5,3042.5,3043.5,40027.0
2020-03-05 14:55:00,3043.5,3046.75,3035.25,3038.0,28582.0
2020-03-05 15:00:00,3037.75,3047.25,3036.25,3043.75,28607.0
2020-03-05 15:05:00,3043.5,3044.75,3037.25,3042.5,22853.0
2020-03-05 15:10:00,3042.25,3052.75,3040.75,3052.0,22916.0
2020-03-05 15:15:00,3052.25,3058.5,3051.0,3056.5,26015.0
2020-03-05 15:20:00,3056.5,3067.5,3055.5,3065.25,33766.0
2020-03-05 15:25:00,3065.0,3065.75,3052.5,3053.5,30481.0
2020-03-05 15:30:00,3053.5,3058.75,3051.5,3056.25,24138.0
2020-03-05 15:35:00,3056.0,3058.25,3048.5,3050.25,22208.0
2020-03-05 15:40:00,3050.0,3056.5,3047.25,3052.25,18099.0
2020-03-05 15:45:00,3052.0,3060.0,3047.25,3057.0,20950.0
2020-03-05 15:50:00,3057.0,3064.0,3055.0,3063.25,23014.0
2020-03-05 15:55:00,3063.0,3064.25,3056.75,3058.0,18917.0
2020-03-05 16:00:00,3058.0,3065.0,3055.75,3059.25,20412.0
2020-03-05 16:05:00,3059.25,3071.5,3057.75,3069.25,21725.0
2020-03-05 16:10:00,3069.5,3078.0,3067.25,3077.25,23959.0
2020-03-05 16:15:00,3077.5,3079.5,3074.25,3079.0,17210.0
2020-03-05 16:20:00,3079.0,3079.5,3071.5,3073.0,18918.0
2020-03-05 16:25:00,3073.25,3082.25,3069.75,3074.75,25886.0
2020-03-05 16:30:00,3075.0,3079.5,3071.0,3072.5,16420.0
2020-03-05 16:35:00,3072.5,3073.25,3061.75,3062.5,20458.0
2020-03-05 16:40:00,3062.25,3065.25,3058.5,3060.0,20938.0
2020-03-05 16:45:00,3059.75,3063.5,3055.75,3062.25,19693.0
2020-03-05 16:50:00,3062.5,3064.25,3056.5,3059.25,11726.0
2020-03-05 16:55:00,3059.25,3061.75,3050.0,3054.0,20272.0
2020-03-05 17:00:00,3054.0,3058.0,3052.0,3053.25,14496.0
2020-03-05 17:05:00,3053.25,3054.5,3045.0,3046.5,15291.0
2020-03-05 17:10:00,3046.75,3051.0,3044.25,3049.0,16435.0
2020-03-05 17:15:00,3049.0,3051.0,3042.0,3042.0,17595.0
2020-03-05 17:20:00,3042.0,3046.75,3040.25,3041.0,17801.0
2020-03-05 17:25:00,3040.75,3043.25,3036.0,3042.0,20321.0
2020-03-05 17:30:00,3042.0,3048.5,3041.0,3047.0,14295.0
2020-03-05 17:35:00,3046.75,3047.5,3037.0,3037.75,16499.0
2020-03-05 17:40:00,3037.75,3038.5,3024.75,3027.0,35145.0
2020-03-05 17:45:00,3026.75,3027.0,3017.5,3022.75,36002.0
2020-03-05 17:50:00,3022.75,3030.5,3021.75,3026.0,25005.0
2020-03-05 17:55:00,3026.0,3030.0,3022.25,3022.5,20054.0
2020-03-05 18:00:00,3022.5,3027.25,3021.25,3026.0,19100.0
2020-03-05 18:05:00,3026.0,3026.5,3017.0,3018.75,22833.0
2020-03-05 18:10:00,3019.0,3023.0,3013.0,3016.25,25572.0
2020-03-05 18:15:00,3016.0,3019.0,3011.5,3013.0,23595.0
2020-03-05 18:20:00,3013.25,3022.75,3012.25,3018.75,20949.0
2020-03-05 18:25:00,3018.75,3026.25,3018.0,3022.5,17775.0
2020-03-05 18:30:00,3022.5,3032.75,3022.0,3031.75,21322.0
2020-03-05 18:35:00,3032.0,3037.75,3030.0,3032.5,19390.0
2020-03-05 18:40:00,3032.25,3032.25,3023.75,3024.75,19561.0
2020-03-05 18:45:00,3025.0,3035.25,3023.0,3033.25,16705.0
2020-03-05 18:50:00,3033.25,3039.0,3026.5,3027.0,18183.0
2020-03-05 18:55:00,3027.0,3033.0,3023.5,3032.0,19340.0
2020-03-05 19:00:00,3032.0,3032.25,3018.0,3020.25,21228.0
2020-03-05 19:05:00,3020.0,3024.0,3018.0,3021.5,12568.0
2020-03-05 19:10:00,3021.75,3031.75,3019.5,3031.25,17129.0
2020-03-05 19:15:00,3031.25,3032.25,3019.25,3020.5,16986.0
2020-03-05 19:20:00,3020.5,3021.75,3012.75,3013.75,24546.0
2020-03-05 19:25:00,3014.0,3014.25,3007.75,3013.5,23189.0
2020-03-05 19:30:00,3013.5,3019.5,3010.5,3017.0,18101.0
2020-03-05 19:35:00,3017.0,3024.75,3012.25,3022.75,17732.0
2020-03-05 19:40:00,3022.75,3028.5,3021.5,3023.25,16271.0
2020-03-05 19:45:00,3023.0,3023.25,3016.0,3016.75,13252.0
2020-03-05 19:50:00,3016.75,3025.75,3016.5,3016.5,18683.0
2020-03-05 19:55:00,3016.5,3024.25,3013.75,3024.25,16385.0
2020-03-05 20:00:00,3024.0,3024.0,3011.75,3014.5,19829.0
2020-03-05 20:05:00,3014.5,3019.0,3011.25,3015.25,18911.0
2020-03-05 20:10:00,3015.25,3019.5,3002.25,3003.25,31251.0
2020-03-05 20:15:00,3003.5,3008.0,2999.0,3001.75,26032.0
2020-03-05 20:20:00,3002.0,3009.25,3000.75,3001.75,21150.0
2020-03-05 20:25:00,3002.0,3008.5,2996.5,3005.25,33278.0
2020-03-05 20:30:00,3005.5,3017.5,3000.0,3016.5,31125.0
2020-03-05 20:35:00,3016.25,3025.25,3011.5,3013.0,32259.0
2020-03-05 20:40:00,3013.0,3013.75,3002.75,3008.5,29490.0
2020-03-05 20:45:00,3008.75,3017.25,3006.0,3013.75,35973.0
2020-03-05 20:50:00,3013.75,3028.5,3010.25,3021.5,54751.0
2020-03-05 20:55:00,3021.5,3023.5,3009.75,3023.25,70685.0
2020-03-05 21:00:00,3023.5,3029.0,3015.25,3018.0,138108.0
2020-03-05 21:05:00,3018.0,3020.0,3013.75,3014.0,20553.0
2020-03-05 21:10:00,3013.75,3018.5,3013.5,3014.75,12894.0
2020-03-05 21:15:00,3015.0,3017.5,3013.0,3016.75,7467.0
2020-03-05 21:30:00,3017.5,3017.5,3014.0,3016.5,2902.0
2020-03-05 21:35:00,3016.5,3018.25,3016.5,3017.5,1588.0
2020-03-05 21:40:00,3017.75,3022.25,3017.75,3021.25,2571.0
2020-03-05 21:45:00,3021.5,3022.0,3016.25,3016.5,1846.0
2020-03-05 21:50:00,3016.5,3021.75,3016.25,3021.75,1422.0
2020-03-05 21:55:00,3021.5,3024.25,3021.0,3023.75,1551.0
2020-03-05 22:00:00,3023.25,3023.5,3022.5,3022.5,543.0
2020-03-05 23:00:00,3024.25,3024.75,3019.75,3021.0,3414.0
2020-03-05 23:05:00,3021.0,3022.25,3016.5,3018.25,1816.0
2020-03-05 23:10:00,3018.25,3024.75,3017.25,3024.5,1526.0
2020-03-05 23:15:00,3024.5,3024.75,3022.75,3024.5,1232.0
2020-03-05 23:20:00,3024.5,3025.0,3023.75,3024.0,1125.0
2020-03-05 23:25:00,3024.25,3025.0,3023.25,3024.75,743.0
2020-03-05 23:30:00,3024.75,3026.0,3023.75,3025.5,2062.0
2020-03-05 23:35:00,3025.5,3026.0,3024.5,3025.5,1004.0
2020-03-05 23:40:00,3025.5,3025.75,3023.5,3025.5,668.0
2020-03-05 23:45:00,3025.5,3026.25,3025.0,3025.75,1460.0
2020-03-05 23:50:00,3025.75,3026.25,3025.0,3025.25,1108.0
2020-03-05 23:55:00,3025.5,3026.5,3025.0,3026.5,977.0
2020-03-06 00:00:00,3026.5,3028.5,3026.0,3027.5,3144.0
2020-03-06 00:05:00,3027.5,3028.5,3025.75,3026.75,1665.0
2020-03-06 00:10:00,3026.75,3033.5,3026.25,3030.75,4050.0
2020-03-06 00:15:00,3030.75,3037.0,3030.0,3034.5,4303.0
2020-03-06 00:20:00,3034.5,3036.0,3032.0,3033.0,2295.0
2020-03-06 00:25:00,3033.25,3034.25,3032.0,3033.75,1203.0
2020-03-06 00:30:00,3033.5,3034.75,3031.5,3032.0,1835.0
2020-03-06 00:35:00,3032.0,3032.0,3021.25,3021.5,3818.0
2020-03-06 00:40:00,3021.5,3025.25,3018.25,3020.75,3401.0
2020-03-06 00:45:00,3020.75,3022.0,3015.0,3017.5,3654.0
2020-03-06 00:50:00,3017.5,3021.5,3017.5,3021.0,2340.0
2020-03-06 00:55:00,3020.75,3024.0,3020.5,3023.25,2303.0
2020-03-06 01:00:00,3023.25,3024.25,3015.0,3018.0,3257.0
2020-03-06 01:05:00,3018.0,3019.75,3015.25,3015.5,1945.0
2020-03-06 01:10:00,3015.25,3015.5,3011.0,3012.0,4110.0
2020-03-06 01:15:00,3012.0,3012.0,3009.25,3009.25,4132.0
2020-03-06 01:20:00,3009.25,3010.75,3008.75,3010.25,2697.0
2020-03-06 01:25:00,3010.0,3013.25,3009.5,3010.0,2694.0
2020-03-06 01:30:00,3010.0,3013.25,3010.0,3012.25,1968.0
2020-03-06 01:35:00,3012.25,3013.25,3009.25,3010.75,2270.0
2020-03-06 01:40:00,3010.75,3013.75,3010.25,3011.75,2010.0
2020-03-06 01:45:00,3011.75,3013.25,3007.5,3008.5,4457.0
2020-03-06 01:50:00,3008.25,3008.5,3003.25,3004.5,4628.0
2020-03-06 01:55:00,3004.5,3004.75,2998.5,2999.5,6850.0
2020-03-06 02:00:00,2999.5,3000.25,2989.25,2991.0,10669.0
2020-03-06 02:05:00,2991.0,2994.25,2987.0,2990.75,7481.0
2020-03-06 02:10:00,2990.75,2991.0,2985.0,2985.25,4952.0
2020-03-06 02:15:00,2985.0,2994.75,2983.25,2993.75,8949.0
2020-03-06 02:20:00,2993.75,2994.25,2985.25,2986.25,3553.0
2020-03-06 02:25:00,2986.25,2990.0,2982.0,2983.5,5525.0
2020-03-06 02:30:00,2983.75,2990.5,2983.5,2990.0,3259.0
2020-03-06 02:35:00,2990.0,2995.75,2988.25,2994.25,3724.0
2020-03-06 02:40:00,2994.0,2996.75,2991.0,2991.75,3528.0
2020-03-06 02:45:00,2992.0,2993.75,2985.25,2986.5,4256.0
2020-03-06 02:50:00,2986.5,2988.25,2982.5,2987.0,3358.0
2020-03-06 02:55:00,2987.0,2988.25,2981.25,2981.75,2630.0
2020-03-06 03:00:00,2981.75,2982.25,2978.5,2981.25,5046.0
2020-03-06 03:05:00,2981.5,2983.25,2980.25,2980.75,1963.0
2020-03-06 03:10:00,2980.75,2981.5,2978.5,2979.0,2568.0
2020-03-06 03:15:00,2979.0,2980.0,2978.5,2980.0,1949.0
2020-03-06 03:20:00,2979.75,2983.0,2978.5,2983.0,2622.0
2020-03-06 03:25:00,2983.0,2983.25,2979.75,2982.5,1724.0
2020-03-06 03:30:00,2982.25,2985.75,2978.25,2985.0,2878.0
2020-03-06 03:35:00,2985.0,2991.5,2984.0,2989.25,3319.0
2020-03-06 03:40:00,2989.25,2990.5,2985.75,2986.75,2207.0
2020-03-06 03:45:00,2986.75,2988.25,2983.25,2984.5,2557.0
2020-03-06 03:50:00,2984.5,2985.5,2978.75,2979.5,2399.0
2020-03-06 03:55:00,2979.75,2981.25,2977.0,2978.5,2406.0
2020-03-06 04:00:00,2978.25,2980.75,2977.25,2980.25,2023.0
2020-03-06 04:05:00,2980.25,2981.0,2978.25,2980.5,987.0
2020-03-06 04:10:00,2980.5,2985.75,2980.5,2983.75,2014.0
2020-03-06 04:15:00,2984.0,2984.0,2978.25,2979.75,1807.0
2020-03-06 04:20:00,2979.75,2981.75,2979.25,2979.25,408.0
2020-03-06 04:25:00,2979.25,2981.5,2978.25,2979.75,1191.0
2020-03-06 04:30:00,2980.0,2980.0,2976.25,2977.0,1636.0
2020-03-06 04:35:00,2976.75,2981.75,2976.0,2980.75,1709.0
2020-03-06 04:40:00,2980.75,2981.75,2979.25,2980.5,745.0
2020-03-06 04:45:00,2980.25,2981.5,2978.0,2979.75,892.0
2020-03-06 04:50:00,2979.75,2981.25,2979.5,2979.75,384.0
2020-03-06 04:55:00,2979.75,2980.75,2978.25,2979.5,766.0
2020-03-06 05:00:00,2979.5,2980.5,2976.25,2977.5,1181.0
2020-03-06 05:05:00,2977.75,2979.5,2972.75,2973.75,3472.0
2020-03-06 05:10:00,2973.75,2974.75,2972.25,2972.25,2647.0
2020-03-06 05:15:00,2972.25,2975.25,2972.25,2974.5,1329.0
2020-03-06 05:20:00,2974.5,2976.0,2973.25,2975.25,1500.0
2020-03-06 05:25:00,2975.5,2975.5,2971.75,2972.0,2246.0
2020-03-06 05:30:00,2972.25,2977.5,2971.5,2973.75,3356.0
2020-03-06 05:35:00,2974.0,2975.0,2972.75,2973.25,1434.0
2020-03-06 05:40:00,2973.25,2975.0,2972.0,2974.25,1288.0
2020-03-06 05:45:00,2974.25,2976.5,2974.0,2976.5,1685.0
2020-03-06 05:50:00,2976.75,2976.75,2974.0,2976.25,1868.0
2020-03-06 05:55:00,2976.25,2978.0,2975.5,2977.25,1311.0
2020-03-06 06:00:00,2977.5,2979.0,2976.0,2976.75,1385.0
2020-03-06 06:05:00,2976.5,2980.75,2975.25,2979.25,1562.0
2020-03-06 06:10:00,2979.0,2990.0,2978.25,2989.5,3245.0
2020-03-06 06:15:00,2989.5,2993.5,2984.5,2990.75,3363.0
2020-03-06 06:20:00,2990.5,2992.75,2989.0,2989.75,1303.0
2020-03-06 06:25:00,2989.5,2991.5,2987.5,2991.5,1734.0
2020-03-06 06:30:00,2991.5,2992.0,2989.0,2992.0,1665.0
2020-03-06 06:35:00,2992.0,2992.5,2988.25,2988.5,1272.0
2020-03-06 06:40:00,2988.25,2990.75,2984.5,2984.75,1820.0
2020-03-06 06:45:00,2984.75,2985.0,2979.75,2979.75,1911.0
2020-03-06 06:50:00,2979.5,2983.25,2977.75,2982.75,2104.0
2020-03-06 06:55:00,2982.5,2982.75,2977.5,2981.0,2180.0
2020-03-06 07:00:00,2980.75,2991.75,2980.75,2990.75,4558.0
2020-03-06 07:05:00,2991.0,2995.0,2990.0,2992.75,3527.0
2020-03-06 07:10:00,2992.5,2994.75,2987.75,2989.25,2852.0
2020-03-06 07:15:00,2989.25,2991.0,2984.75,2985.5,2690.0
2020-03-06 07:20:00,2985.5,2987.75,2984.5,2985.25,2123.0
2020-03-06 07:25:00,2985.0,2989.25,2982.75,2985.0,2327.0
2020-03-06 07:30:00,2984.5,2987.75,2983.5,2986.5,1344.0
2020-03-06 07:35:00,2986.5,2989.25,2985.0,2988.25,2324.0
2020-03-06 07:40:00,2988.0,2993.5,2987.5,2992.5,2886.0
2020-03-06 07:45:00,2992.5,2993.75,2989.0,2990.75,2034.0
2020-03-06 07:50:00,2990.75,2991.25,2987.5,2988.5,2287.0
2020-03-06 07:55:00,2988.5,2989.75,2982.5,2983.75,3417.0
2020-03-06 08:00:00,2983.75,2991.75,2982.5,2990.5,6009.0
2020-03-06 08:05:00,2990.5,2994.0,2985.75,2992.5,7117.0
2020-03-06 08:10:00,2992.5,2995.0,2989.25,2993.5,4473.0
2020-03-06 08:15:00,2993.75,2996.25,2992.5,2995.75,4803.0
2020-03-06 08:20:00,2995.75,2997.0,2994.0,2996.0,3691.0
2020-03-06 08:25:00,2996.25,2996.5,2986.5,2988.5,4129.0
2020-03-06 08:30:00,2988.5,2989.75,2982.5,2983.0,4621.0
2020-03-06 08:35:00,2983.0,2985.0,2973.5,2976.25,7213.0
2020-03-06 08:40:00,2976.25,2982.75,2973.25,2981.75,4187.0
2020-03-06 08:45:00,2981.75,2987.25,2979.75,2984.5,3361.0
2020-03-06 08:50:00,2984.25,2985.75,2975.5,2976.5,4578.0
2020-03-06 08:55:00,2976.75,2986.0,2976.5,2983.25,3719.0
2020-03-06 09:00:00,2983.0,2991.0,2982.5,2990.75,4465.0
2020-03-06 09:05:00,2990.75,2993.5,2989.5,2989.75,4351.0
2020-03-06 09:10:00,2989.75,2990.25,2980.5,2982.25,4247.0
2020-03-06 09:15:00,2982.5,2985.75,2978.25,2979.5,3793.0
2020-03-06 09:20:00,2979.75,2983.25,2977.5,2977.5,3205.0
2020-03-06 09:25:00,2977.5,2978.25,2975.0,2975.5,3154.0
2020-03-06 09:30:00,2975.75,2978.5,2974.5,2977.5,2340.0
2020-03-06 09:35:00,2977.75,2977.75,2965.75,2967.75,7295.0
2020-03-06 09:40:00,2967.5,2970.75,2964.75,2965.5,6273.0
2020-03-06 09:45:00,2965.5,2967.0,2962.0,2963.75,7275.0
2020-03-06 09:50:00,2963.75,2972.0,2962.0,2967.75,7775.0
2020-03-06 09:55:00,2967.75,2968.5,2955.75,2957.5,10237.0
2020-03-06 10:00:00,2957.5,2958.25,2953.5,2953.5,6314.0
2020-03-06 10:05:00,2953.5,2953.75,2948.25,2949.0,9383.0
2020-03-06 10:10:00,2948.75,2954.5,2944.75,2953.5,7861.0
2020-03-06 10:15:00,2953.5,2954.5,2944.5,2948.75,6361.0
2020-03-06 10:20:00,2949.0,2951.0,2940.25,2942.5,8190.0
2020-03-06 10:25:00,2942.5,2946.75,2938.5,2938.75,5986.0
2020-03-06 10:30:00,2938.75,2943.25,2935.0,2942.5,7492.0
2020-03-06 10:35:00,2942.5,2943.25,2929.0,2929.25,7033.0
2020-03-06 10:40:00,2929.5,2934.75,2926.25,2926.75,8362.0
2020-03-06 10:45:00,2926.75,2939.75,2926.0,2935.75,7494.0
2020-03-06 10:50:00,2935.75,2939.25,2931.5,2936.5,4689.0
2020-03-06 10:55:00,2936.25,2942.25,2936.0,2939.5,6356.0
2020-03-06 11:00:00,2939.75,2943.75,2936.75,2943.0,3872.0
2020-03-06 11:05:00,2943.25,2948.25,2942.0,2943.0,7071.0
2020-03-06 11:10:00,2943.0,2943.25,2931.25,2932.0,7543.0
2020-03-06 11:15:00,2932.0,2938.0,2929.0,2935.0,4928.0
2020-03-06 11:20:00,2935.25,2941.25,2932.75,2938.0,4161.0
2020-03-06 11:25:00,2937.75,2942.25,2933.5,2934.25,3878.0
2020-03-06 11:30:00,2934.5,2942.0,2933.5,2937.75,3832.0
2020-03-06 11:35:00,2937.75,2943.75,2937.5,2942.0,6029.0
2020-03-06 11:40:00,2942.0,2946.5,2941.5,2944.25,5410.0
2020-03-06 11:45:00,2944.5,2947.5,2941.25,2944.75,3388.0
2020-03-06 11:50:00,2944.5,2951.0,2942.0,2950.0,7390.0
2020-03-06 11:55:00,2950.0,2950.75,2943.25,2944.0,3212.0
2020-03-06 12:00:00,2943.75,2950.0,2941.25,2947.0,4128.0
2020-03-06 12:05:00,2947.25,2951.5,2945.0,2946.0,3711.0
2020-03-06 12:10:00,2946.0,2948.25,2942.5,2946.25,3085.0
2020-03-06 12:15:00,2946.0,2949.25,2943.25,2947.75,3214.0
2020-03-06 12:20:00,2947.75,2948.75,2943.0,2944.25,3459.0
2020-03-06 12:25:00,2944.25,2945.25,2933.5,2934.25,7267.0
2020-03-06 12:30:00,2934.5,2940.5,2933.25,2938.5,4935.0
2020-03-06 12:35:00,2938.25,2940.0,2936.25,2939.75,3069.0
2020-03-06 12:40:00,2939.5,2940.5,2929.25,2930.0,4661.0
2020-03-06 12:45:00,2930.0,2937.5,2928.5,2930.25,5919.0
2020-03-06 12:50:00,2930.0,2931.25,2915.0,2918.75,15273.0
2020-03-06 12:55:00,2918.5,2926.5,2918.25,2926.5,6947.0
2020-03-06 13:00:00,2926.5,2933.5,2924.5,2925.75,8315.0
2020-03-06 13:05:00,2925.75,2928.25,2921.5,2926.5,5918.0
2020-03-06 13:10:00,2926.75,2927.75,2917.5,2919.75,5999.0
2020-03-06 13:15:00,2919.75,2924.5,2918.0,2921.0,4714.0
2020-03-06 13:20:00,2921.0,2926.25,2919.5,2919.5,5817.0
2020-03-06 13:25:00,2919.5,2926.0,2918.75,2924.25,4241.0
2020-03-06 13:30:00,2924.75,2933.0,2922.5,2930.0,14250.0
2020-03-06 13:35:00,2930.0,2943.0,2927.25,2928.25,19230.0
2020-03-06 13:40:00,2928.25,2935.5,2923.5,2926.0,11850.0
2020-03-06 13:45:00,2926.0,2931.0,2922.75,2930.75,7346.0
2020-03-06 13:50:00,2930.75,2931.25,2918.0,2924.0,12457.0
2020-03-06 13:55:00,2924.25,2932.5,2924.25,2928.0,8082.0
2020-03-06 14:00:00,2928.0,2931.0,2924.25,2925.25,7904.0
2020-03-06 14:05:00,2925.5,2926.0,2915.0,2917.25,14200.0
2020-03-06 14:10:00,2917.5,2923.0,2917.0,2918.5,8623.0
2020-03-06 14:15:00,2918.5,2919.0,2906.25,2908.0,21363.0
2020-03-06 14:20:00,2908.25,2913.75,2907.25,2913.25,7311.0
2020-03-06 14:25:00,2913.0,2925.0,2911.0,2924.5,15181.0
2020-03-06 14:30:00,2924.5,2941.5,2920.25,2940.0,61911.0
2020-03-06 14:35:00,2940.0,2944.0,2925.5,2937.25,49357.0
2020-03-06 14:40:00,2937.0,2942.5,2930.75,2937.75,31502.0
2020-03-06 14:45:00,2937.75,2940.0,2923.25,2924.25,37833.0
2020-03-06 14:50:00,2924.25,2927.25,2911.75,2914.5,36216.0
2020-03-06 14:55:00,2914.25,2932.25,2911.25,2931.0,34370.0
2020-03-06 15:00:00,2931.0,2938.0,2925.75,2934.25,36381.0
2020-03-06 15:05:00,2934.0,2940.5,2923.5,2929.25,43260.0
2020-03-06 15:10:00,2929.25,2937.25,2922.25,2934.5,35939.0
2020-03-06 15:15:00,2934.5,2942.5,2932.75,2940.75,35607.0
2020-03-06 15:20:00,2940.75,2943.5,2932.5,2940.5,30680.0
2020-03-06 15:25:00,2940.25,2962.0,2938.25,2957.5,47895.0
2020-03-06 15:30:00,2957.5,2969.5,2953.25,2957.25,40011.0
2020-03-06 15:35:00,2957.25,2962.75,2946.75,2962.5,33162.0
2020-03-06 15:40:00,2962.5,2974.75,2959.5,2968.5,33232.0
2020-03-06 15:45:00,2968.5,2972.25,2962.75,2967.5,27373.0
2020-03-06 15:50:00,2967.75,2976.0,2966.0,2967.0,28487.0
2020-03-06 15:55:00,2967.0,2971.5,2959.0,2961.25,23731.0
2020-03-06 16:00:00,2961.25,2971.5,2957.25,2959.25,25235.0
2020-03-06 16:05:00,2959.25,2961.25,2953.5,2953.75,22463.0
2020-03-06 16:10:00,2953.75,2957.75,2950.25,2950.75,16327.0
2020-03-06 16:15:00,2950.5,2954.75,2945.75,2949.0,19278.0
2020-03-06 16:20:00,2949.25,2953.25,2945.0,2947.5,16760.0
2020-03-06 16:25:00,2947.25,2954.75,2944.25,2945.25,20079.0
2020-03-06 16:30:00,2945.25,2959.0,2944.0,2957.5,22300.0
2020-03-06 16:35:00,2957.5,2959.0,2949.25,2953.5,17691.0
2020-03-06 16:40:00,2953.5,2957.25,2947.5,2947.75,17106.0
2020-03-06 16:45:00,2947.75,2948.5,2939.0,2941.25,17731.0
2020-03-06 16:50:00,2941.0,2949.25,2937.25,2946.5,17047.0
2020-03-06 16:55:00,2946.5,2948.75,2941.25,2944.25,15716.0
2020-03-06 17:00:00,2944.0,2948.0,2935.0,2935.75,16455.0
2020-03-06 17:05:00,2935.75,2936.75,2931.75,2933.75,14673.0
2020-03-06 17:10:00,2933.5,2936.25,2928.25,2933.25,16556.0
2020-03-06 17:15:00,2933.0,2937.25,2927.0,2927.25,18264.0
2020-03-06 17:20:00,2927.25,2936.75,2926.5,2931.25,19962.0
2020-03-06 17:25:00,2931.25,2932.5,2927.0,2930.5,13967.0
2020-03-06 17:30:00,2930.25,2940.25,2926.0,2939.25,20944.0
2020-03-06 17:35:00,2939.25,2954.5,2938.5,2948.0,30208.0
2020-03-06 17:40:00,2947.75,2951.5,2944.0,2951.0,10825.0
2020-03-06 17:45:00,2950.75,2957.25,2946.0,2947.5,16129.0
2020-03-06 17:50:00,2947.5,2950.75,2943.0,2943.25,13223.0
2020-03-06 17:55:00,2943.0,2946.5,2940.75,2942.5,11702.0
2020-03-06 18:00:00,2942.5,2949.0,2941.25,2947.5,11333.0
2020-03-06 18:05:00,2947.25,2954.5,2946.25,2946.5,12612.0
2020-03-06 18:10:00,2946.25,2952.25,2942.75,2944.5,9671.0
2020-03-06 18:15:00,2944.5,2951.0,2942.75,2948.25,12872.0
2020-03-06 18:20:00,2948.25,2963.75,2946.0,2963.0,17519.0
2020-03-06 18:25:00,2962.75,2963.5,2950.5,2951.75,17036.0
2020-03-06 18:30:00,2951.75,2957.5,2946.5,2947.0,12659.0
2020-03-06 18:35:00,2947.0,2949.5,2942.75,2947.5,14377.0
2020-03-06 18:40:00,2947.25,2956.0,2945.5,2947.0,16218.0
2020-03-06 18:45:00,2946.75,2948.5,2938.75,2939.75,16716.0
2020-03-06 18:50:00,2940.0,2941.25,2931.25,2933.75,21681.0
2020-03-06 18:55:00,2933.5,2936.5,2929.75,2932.25,14027.0
2020-03-06 19:00:00,2932.5,2933.5,2926.0,2929.5,19336.0
2020-03-06 19:05:00,2929.5,2933.0,2923.0,2924.0,17992.0
2020-03-06 19:10:00,2923.75,2931.25,2922.75,2927.25,15730.0
2020-03-06 19:15:00,2927.25,2930.5,2923.25,2924.25,10979.0
2020-03-06 19:20:00,2924.0,2928.25,2921.75,2926.5,16156.0
2020-03-06 19:25:00,2926.5,2936.0,2926.25,2934.75,18608.0
2020-03-06 19:30:00,2934.75,2935.5,2923.5,2925.0,17980.0
2020-03-06 19:35:00,2924.75,2925.0,2913.25,2914.25,20412.0
2020-03-06 19:40:00,2914.25,2916.5,2910.0,2915.75,16892.0
2020-03-06 19:45:00,2915.5,2919.25,2908.0,2908.25,18934.0
2020-03-06 19:50:00,2908.25,2909.0,2902.0,2905.0,27278.0
2020-03-06 19:55:00,2905.0,2914.0,2903.25,2913.0,19015.0
2020-03-06 20:00:00,2913.0,2913.75,2901.0,2904.0,24694.0
2020-03-06 20:05:00,2904.0,2907.25,2899.25,2899.75,25772.0
2020-03-06 20:10:00,2899.5,2916.25,2898.0,2910.25,27976.0
2020-03-06 20:15:00,2910.0,2922.0,2905.25,2922.0,27375.0
2020-03-06 20:20:00,2922.0,2925.75,2916.5,2918.25,24549.0
2020-03-06 20:25:00,2918.0,2928.75,2916.25,2917.5,27798.0
2020-03-06 20:30:00,2917.25,2940.75,2913.5,2938.0,42620.0
2020-03-06 20:35:00,2938.0,2949.0,2931.5,2935.75,45015.0
2020-03-06 20:40:00,2936.0,2939.0,2926.0,2936.0,29337.0
2020-03-06 20:45:00,2936.25,2955.0,2933.5,2946.5,45353.0
2020-03-06 20:50:00,2946.75,2974.75,2944.0,2973.75,68730.0
2020-03-06 20:55:00,2973.75,2984.25,2966.0,2975.0,88519.0
2020-03-06 21:00:00,2975.0,2975.75,2960.0,2965.75,129311.0
2020-03-06 21:05:00,2965.75,2966.0,2956.25,2959.75,22106.0
2020-03-06 21:10:00,2959.75,2965.0,2956.5,2963.25,19134.0
2020-03-06 21:15:00,2963.25,2965.5,2959.75,2963.75,12985.0
2020-03-06 21:30:00,2964.0,2965.0,2960.0,2961.0,4062.0
2020-03-06 21:35:00,2961.0,2965.0,2960.0,2964.75,3398.0
2020-03-06 21:40:00,2964.75,2966.0,2963.0,2964.0,1787.0
2020-03-06 21:45:00,2964.0,2964.75,2961.0,2961.0,2003.0
2020-03-06 21:50:00,2961.25,2961.75,2960.5,2961.25,2507.0
2020-03-06 21:55:00,2961.25,2962.75,2959.25,2960.5,3643.0
2020-03-06 22:00:00,2960.5,2963.75,2960.5,2963.75,848.0
2020-03-08 22:00:00,2916.0,2916.0,2840.75,2841.5,41389.0
2020-03-08 22:05:00,2841.5,2860.0,2833.0,2852.0,15053.0
2020-03-08 22:10:00,2852.5,2862.25,2843.25,2851.75,11664.0
2020-03-08 22:15:00,2851.75,2864.0,2850.5,2855.75,7503.0
2020-03-08 22:20:00,2855.75,2864.5,2845.0,2855.5,7066.0
2020-03-08 22:25:00,2855.5,2856.75,2846.5,2854.0,5418.0
2020-03-08 22:30:00,2854.25,2854.5,2838.0,2844.75,5909.0
2020-03-08 22:35:00,2844.75,2846.25,2831.0,2840.25,7328.0
2020-03-08 22:40:00,2840.5,2847.25,2838.25,2840.75,4268.0
2020-03-08 22:45:00,2840.0,2843.75,2827.75,2834.0,6336.0
2020-03-08 22:50:00,2833.5,2841.0,2829.5,2834.25,4677.0
2020-03-08 22:55:00,2834.25,2844.75,2834.25,2842.5,4088.0
2020-03-08 23:00:00,2841.75,2846.0,2839.25,2842.5,3752.0
2020-03-08 23:05:00,2842.5,2848.0,2836.0,2843.25,5068.0
2020-03-08 23:10:00,2842.5,2850.0,2842.25,2847.0,5766.0
2020-03-08 23:15:00,2847.5,2848.0,2841.0,2842.25,2794.0
2020-03-08 23:20:00,2842.5,2846.75,2835.25,2838.0,4287.0
2020-03-08 23:25:00,2838.0,2840.75,2829.0,2838.0,4955.0
2020-03-08 23:30:00,2837.5,2839.0,2825.0,2828.75,6211.0
2020-03-08 23:35:00,2828.5,2832.0,2822.5,2831.0,5128.0
2020-03-08 23:40:00,2831.0,2831.5,2823.0,2823.0,4384.0
2020-03-08 23:45:00,2823.25,2828.0,2821.0,2821.25,6601.0
2020-03-08 23:50:00,2821.5,2826.0,2819.75,2823.75,7730.0
2020-03-08 23:55:00,2823.75,2824.75,2819.0,2822.0,6437.0
2020-03-09 00:00:00,2822.25,2825.25,2819.0,2822.75,4892.0
2020-03-09 00:05:00,2822.5,2832.0,2819.0,2831.5,4884.0
2020-03-09 00:10:00,2831.5,2832.0,2824.25,2825.5,2925.0
2020-03-09 00:15:00,2825.25,2833.5,2820.0,2827.75,5048.0
2020-03-09 00:20:00,2828.0,2839.0,2828.0,2837.0,4742.0
2020-03-09 00:25:00,2836.75,2836.75,2831.5,2832.5,2777.0
2020-03-09 00:30:00,2832.75,2836.25,2828.0,2829.5,2787.0
2020-03-09 00:35:00,2829.5,2832.75,2827.0,2830.0,2677.0
2020-03-09 00:40:00,2829.75,2835.75,2829.0,2833.75,2493.0
2020-03-09 00:45:00,2833.75,2837.75,2832.5,2833.75,3053.0
2020-03-09 00:50:00,2833.75,2838.75,2833.25,2836.75,2092.0
2020-03-09 00:55:00,2836.75,2838.25,2834.5,2836.25,1589.0
2020-03-09 01:00:00,2836.0,2839.0,2834.25,2838.25,2584.0
2020-03-09 01:05:00,2838.0,2838.5,2834.0,2834.25,2003.0
2020-03-09 01:10:00,2834.25,2836.75,2828.5,2836.5,5141.0
2020-03-09 01:15:00,2836.25,2837.0,2830.5,2832.25,2565.0
2020-03-09 01:20:00,2832.0,2833.0,2827.0,2828.25,3070.0
2020-03-09 01:25:00,2828.25,2830.25,2826.0,2829.0,2332.0
2020-03-09 01:30:00,2829.25,2831.25,2828.25,2830.75,2691.0
2020-03-09 01:35:00,2831.0,2831.5,2826.25,2827.25,2188.0
2020-03-09 01:40:00,2827.25,2827.25,2821.0,2823.5,5116.0
2020-03-09 01:45:00,2823.25,2824.0,2821.25,2821.5,3635.0
2020-03-09 01:50:00,2821.5,2822.5,2819.0,2819.0,6611.0
2020-03-09 01:55:00,2819.0,2819.0,2819.0,2819.0,865.0
2020-03-09 02:00:00,2819.0,2819.0,2819.0,2819.0,215.0
2020-03-09 02:05:00,2819.0,2819.0,2819.0,2819.0,496.0
2020-03-09 02:10:00,2819.0,2819.0,2819.0,2819.0,148.0
2020-03-09 02:15:00,2819.0,2819.0,2819.0,2819.0,39.0
2020-03-09 02:20:00,2819.0,2819.0,2819.0,2819.0,148.0
2020-03-09 02:25:00,2819.0,2819.0,2819.0,2819.0,248.0
2020-03-09 02:30:00,2819.0,2819.0,2819.0,2819.0,36.0
2020-03-09 02:35:00,2819.0,2819.0,2819.0,2819.0,167.0
2020-03-09 02:40:00,2819.0,2819.0,2819.0,2819.0,47.0
2020-03-09 02:45:00,2819.0,2819.0,2819.0,2819.0,35.0
2020-03-09 02:50:00,2819.0,2819.0,2819.0,2819.0,39.0
2020-03-09 02:55:00,2819.0,2819.0,2819.0,2819.0,646.0
2020-03-09 03:00:00,2819.0,2819.0,2819.0,2819.0,1585.0
2020-03-09 03:05:00,2819.0,2819.0,2819.0,2819.0,122.0
2020-03-09 03:10:00,2819.0,2823.75,2819.0,2823.5,6903.0
2020-03-09 03:15:00,2823.5,2826.0,2819.0,2825.75,3916.0
2020-03-09 03:20:00,2825.5,2828.5,2822.0,2822.75,3590.0
2020-03-09 03:25:00,2822.75,2823.25,2819.0,2819.0,3321.0
2020-03-09 03:30:00,2819.0,2822.25,2819.0,2819.0,2243.0
2020-03-09 03:35:00,2819.0,2819.0,2819.0,2819.0,51.0
2020-03-09 03:40:00,2819.0,2819.0,2819.0,2819.0,91.0
2020-03-09 03:45:00,2819.0,2819.0,2819.0,2819.0,81.0
2020-03-09 03:50:00,2819.0,2819.75,2819.0,2819.0,2110.0
2020-03-09 03:55:00,2819.0,2819.75,2819.0,2819.0,1122.0
2020-03-09 04:00:00,2819.0,2819.0,2819.0,2819.0,21.0
2020-03-09 04:05:00,2819.0,2819.0,2819.0,2819.0,22.0
2020-03-09 04:10:00,2819.0,2819.0,2819.0,2819.0,19.0
2020-03-09 04:15:00,2819.0,2819.0,2819.0,2819.0,40.0
2020-03-09 04:20:00,2819.0,2819.0,2819.0,2819.0,9.0
2020-03-09 04:25:00,2819.0,2819.0,2819.0,2819.0,100.0
2020-03-09 04:30:00,2819.0,2819.0,2819.0,2819.0,34.0
2020-03-09 04:35:00,2819.0,2819.0,2819.0,2819.0,16.0
2020-03-09 04:40:00,2819.0,2819.0,2819.0,2819.0,13.0
2020-03-09 04:45:00,2819.0,2819.0,2819.0,2819.0,15.0
2020-03-09 04:50:00,2819.0,2819.0,2819.0,2819.0,11.0
2020-03-09 04:55:00,2819.0,2819.0,2819.0,2819.0,5.0
2020-03-09 05:00:00,2819.0,2819.0,2819.0,2819.0,29.0
2020-03-09 05:05:00,2819.0,2819.0,2819.0,2819.0,49.0
2020-03-09 05:10:00,2819.0,2819.0,2819.0,2819.0,8.0
2020-03-09 05:15:00,2819.0,2819.0,2819.0,2819.0,2.0
2020-03-09 05:20:00,2819.0,2819.0,2819.0,2819.0,19.0
2020-03-09 05:25:00,2819.0,2819.0,2819.0,2819.0,26.0
2020-03-09 05:30:00,2819.0,2819.0,2819.0,2819.0,15.0
2020-03-09 05:35:00,2819.0,2819.0,2819.0,2819.0,3.0
2020-03-09 05:40:00,2819.0,2819.0,2819.0,2819.0,29.0
2020-03-09 05:45:00,2819.0,2819.0,2819.0,2819.0,18.0
2020-03-09 05:50:00,2819.0,2819.0,2819.0,2819.0,7.0
2020-03-09 05:55:00,2819.0,2819.0,2819.0,2819.0,117.0
2020-03-09 06:00:00,2819.0,2819.0,2819.0,2819.0,16.0
2020-03-09 06:05:00,2819.0,2819.0,2819.0,2819.0,36.0
2020-03-09 06:10:00,2819.0,2819.0,2819.0,2819.0,15.0
2020-03-09 06:15:00,2819.0,2819.0,2819.0,2819.0,10.0
2020-03-09 06:20:00,2819.0,2819.0,2819.0,2819.0,18.0
2020-03-09 06:25:00,2819.0,2819.0,2819.0,2819.0,4.0
2020-03-09 06:30:00,2819.0,2819.0,2819.0,2819.0,18.0
2020-03-09 06:35:00,2819.0,2819.0,2819.0,2819.0,43.0
2020-03-09 06:40:00,2819.0,2819.0,2819.0,2819.0,19.0
2020-03-09 06:45:00,2819.0,2819.0,2819.0,2819.0,12.0
2020-03-09 06:50:00,2819.0,2819.0,2819.0,2819.0,8.0
2020-03-09 06:55:00,2819.0,2819.0,2819.0,2819.0,77.0
2020-03-09 07:00:00,2819.0,2819.0,2819.0,2819.0,21.0
2020-03-09 07:05:00,2819.0,2819.0,2819.0,2819.0,1030.0
2020-03-09 07:10:00,2819.0,2819.0,2819.0,2819.0,7.0
2020-03-09 07:15:00,2819.0,2819.0,2819.0,2819.0,808.0
2020-03-09 07:20:00,2819.0,2819.0,2819.0,2819.0,52.0
2020-03-09 07:25:00,2819.0,2819.0,2819.0,2819.0,15.0
2020-03-09 07:30:00,2819.0,2819.0,2819.0,2819.0,22.0
2020-03-09 07:35:00,2819.0,2819.0,2819.0,2819.0,36.0
2020-03-09 07:40:00,2819.0,2819.0,2819.0,2819.0,44.0
2020-03-09 07:45:00,2819.0,2819.0,2819.0,2819.0,28.0
2020-03-09 07:50:00,2819.0,2819.0,2819.0,2819.0,10.0
2020-03-09 07:55:00,2819.0,2819.0,2819.0,2819.0,26.0
2020-03-09 08:00:00,2819.0,2819.0,2819.0,2819.0,62.0
2020-03-09 08:05:00,2819.0,2819.0,2819.0,2819.0,150.0
2020-03-09 08:10:00,2819.0,2819.0,2819.0,2819.0,38.0
2020-03-09 08:15:00,2819.0,2819.0,2819.0,2819.0,20.0
2020-03-09 08:20:00,2819.0,2819.0,2819.0,2819.0,243.0
2020-03-09 08:25:00,2819.0,2819.0,2819.0,2819.0,5.0
2020-03-09 08:30:00,2819.0,2819.0,2819.0,2819.0,46.0
2020-03-09 08:35:00,2819.0,2819.0,2819.0,2819.0,31.0
2020-03-09 08:40:00,2819.0,2819.0,2819.0,2819.0,29.0
2020-03-09 08:45:00,2819.0,2819.0,2819.0,2819.0,30.0
2020-03-09 08:50:00,2819.0,2819.0,2819.0,2819.0,285.0
2020-03-09 08:55:00,2819.0,2819.0,2819.0,2819.0,579.0
2020-03-09 09:00:00,2819.0,2819.0,2819.0,2819.0,5.0
2020-03-09 09:05:00,2819.0,2819.0,2819.0,2819.0,29.0
2020-03-09 09:10:00,2819.0,2819.0,2819.0,2819.0,23.0
2020-03-09 09:15:00,2819.0,2819.0,2819.0,2819.0,1089.0
2020-03-09 09:20:00,2819.0,2823.25,2819.0,2820.75,10469.0
2020-03-09 09:25:00,2820.75,2823.25,2819.0,2819.0,2460.0
2020-03-09 09:30:00,2819.0,2819.0,2819.0,2819.0,300.0
2020-03-09 09:35:00,2819.0,2819.0,2819.0,2819.0,128.0
2020-03-09 09:40:00,2819.0,2819.0,2819.0,2819.0,136.0
2020-03-09 09:45:00,2819.0,2819.0,2819.0,2819.0,7.0
2020-03-09 09:50:00,2819.0,2819.0,2819.0,2819.0,154.0
2020-03-09 09:55:00,2819.0,2819.0,2819.0,2819.0,98.0
2020-03-09 10:00:00,2819.0,2819.0,2819.0,2819.0,27.0
2020-03-09 10:05:00,2819.0,2819.0,2819.0,2819.0,19.0
2020-03-09 10:10:00,2819.0,2819.0,2819.0,2819.0,63.0
2020-03-09 10:20:00,2819.0,2819.0,2819.0,2819.0,4.0
2020-03-09 10:25:00,2819.0,2819.0,2819.0,2819.0,8.0
2020-03-09 10:30:00,2819.0,2819.0,2819.0,2819.0,224.0
2020-03-09 10:35:00,2819.0,2819.0,2819.0,2819.0,5.0
2020-03-09 10:40:00,2819.0,2819.0,2819.0,2819.0,3.0
2020-03-09 10:45:00,2819.0,2819.0,2819.0,2819.0,1.0
2020-03-09 10:50:00,2819.0,2819.0,2819.0,2819.0,11.0
2020-03-09 10:55:00,2819.0,2819.0,2819.0,2819.0,10.0
2020-03-09 11:00:00,2819.0,2819.0,2819.0,2819.0,2.0
2020-03-09 11:05:00,2819.0,2819.0,2819.0,2819.0,4.0
2020-03-09 11:10:00,2819.0,2819.0,2819.0,2819.0,11.0
2020-03-09 11:15:00,2819.0,2819.0,2819.0,2819.0,4.0
2020-03-09 11:20:00,2819.0,2819.0,2819.0,2819.0,1.0
2020-03-09 11:25:00,2819.0,2819.0,2819.0,2819.0,4.0
2020-03-09 11:30:00,2819.0,2819.0,2819.0,2819.0,110.0
2020-03-09 11:35:00,2819.0,2819.0,2819.0,2819.0,42.0
2020-03-09 11:40:00,2819.0,2819.0,2819.0,2819.0,9.0
2020-03-09 11:45:00,2819.0,2819.0,2819.0,2819.0,22.0
2020-03-09 11:50:00,2819.0,2819.0,2819.0,2819.0,2.0
2020-03-09 11:55:00,2819.0,2819.0,2819.0,2819.0,10.0
2020-03-09 12:00:00,2819.0,2819.0,2819.0,2819.0,17.0
2020-03-09 12:05:00,2819.0,2819.0,2819.0,2819.0,38.0
2020-03-09 12:10:00,2819.0,2819.0,2819.0,2819.0,11.0
2020-03-09 12:15:00,2819.0,2819.0,2819.0,2819.0,18.0
2020-03-09 12:20:00,2819.0,2819.0,2819.0,2819.0,62.0
2020-03-09 12:25:00,2819.0,2819.0,2819.0,2819.0,26.0
2020-03-09 12:30:00,2819.0,2819.0,2819.0,2819.0,12.0
2020-03-09 12:35:00,2819.0,2819.0,2819.0,2819.0,19.0
2020-03-09 12:40:00,2819.0,2819.0,2819.0,2819.0,2.0
2020-03-09 12:45:00,2819.0,2819.0,2819.0,2819.0,5.0
2020-03-09 12:50:00,2819.0,2819.0,2819.0,2819.0,1.0
2020-03-09 12:55:00,2819.0,2819.0,2819.0,2819.0,8.0
2020-03-09 13:00:00,2819.0,2819.0,2819.0,2819.0,516.0
2020-03-09 13:05:00,2819.0,2819.0,2819.0,2819.0,58.0
2020-03-09 13:10:00,2819.0,2819.0,2819.0,2819.0,244.0
2020-03-09 13:15:00,2819.0,2819.0,2819.0,2819.0,508.0
2020-03-09 13:20:00,2819.0,2819.0,2819.0,2819.0,9.0
2020-03-09 13:30:00,2762.0,2762.5,2759.5,2759.5,18291.0
2020-03-09 13:35:00,2759.5,2759.5,2759.5,2759.5,344.0
2020-03-09 13:50:00,2744.0,2779.0,2715.0,2772.25,73152.0
2020-03-09 13:55:00,2772.25,2811.5,2769.5,2791.25,54207.0
2020-03-09 14:00:00,2791.0,2803.25,2784.0,2789.25,42424.0
2020-03-09 14:05:00,2789.0,2812.25,2778.5,2810.0,47432.0
2020-03-09 14:10:00,2809.75,2816.75,2800.25,2807.25,32123.0
2020-03-09 14:15:00,2807.25,2820.0,2802.0,2817.75,38878.0
2020-03-09 14:20:00,2818.0,2820.0,2794.25,2803.5,36716.0
2020-03-09 14:25:00,2803.5,2812.0,2791.0,2802.25,36962.0
2020-03-09 14:30:00,2802.25,2812.5,2798.0,2812.25,24962.0
2020-03-09 14:35:00,2812.5,2813.75,2795.25,2807.5,27053.0
2020-03-09 14:40:00,2807.0,2813.0,2799.0,2800.75,19586.0
2020-03-09 14:45:00,2800.5,2807.25,2793.0,2796.5,20334.0
2020-03-09 14:50:00,2796.5,2798.75,2782.0,2787.0,24101.0
2020-03-09 14:55:00,2786.5,2789.75,2778.25,2785.75,19113.0
2020-03-09 15:00:00,2786.0,2786.0,2775.5,2779.75,21454.0
2020-03-09 15:05:00,2779.75,2782.75,2774.25,2777.5,19907.0
2020-03-09 15:10:00,2777.75,2793.25,2775.75,2791.0,18573.0
2020-03-09 15:15:00,2791.0,2808.25,2787.0,2804.0,23511.0
2020-03-09 15:20:00,2803.75,2809.25,2800.25,2804.5,19307.0
2020-03-09 15:25:00,2804.5,2813.0,2801.25,2802.25,22828.0
2020-03-09 15:30:00,2802.5,2809.75,2795.25,2801.25,22121.0
2020-03-09 15:35:00,2801.25,2826.25,2801.0,2824.0,28267.0
2020-03-09 15:40:00,2823.5,2824.75,2817.5,2821.75,21116.0
2020-03-09 15:45:00,2821.5,2832.25,2818.5,2827.25,31175.0
2020-03-09 15:50:00,2827.25,2836.0,2826.75,2827.5,22440.0
2020-03-09 15:55:00,2827.25,2829.0,2821.5,2825.25,17692.0
2020-03-09 16:00:00,2825.25,2826.75,2810.75,2813.0,21313.0
2020-03-09 16:05:00,2813.0,2833.0,2811.5,2833.0,19357.0
2020-03-09 16:10:00,2832.75,2836.75,2825.5,2826.25,16136.0
2020-03-09 16:15:00,2826.25,2830.25,2815.75,2816.5,17025.0
2020-03-09 16:20:00,2816.5,2822.0,2812.5,2817.75,15952.0
2020-03-09 16:25:00,2817.75,2817.75,2804.75,2808.5,17236.0
2020-03-09 16:30:00,2808.5,2811.25,2801.75,2802.25,18455.0
2020-03-09 16:35:00,2802.25,2803.75,2792.0,2801.0,25358.0
2020-03-09 16:40:00,2800.75,2806.25,2791.0,2792.0,19144.0
2020-03-09 16:45:00,2792.0,2794.75,2784.25,2786.5,26378.0
2020-03-09 16:50:00,2786.25,2795.0,2784.5,2791.5,19282.0
2020-03-09 16:55:00,2791.5,2797.25,2787.0,2788.0,17332.0
2020-03-09 17:00:00,2787.75,2802.0,2787.0,2794.75,20021.0
2020-03-09 17:05:00,2794.75,2797.75,2780.75,2792.0,17586.0
2020-03-09 17:10:00,2792.0,2799.25,2785.5,2797.0,13353.0
2020-03-09 17:15:00,2796.75,2799.25,2789.0,2789.5,10636.0
2020-03-09 17:20:00,2789.5,2791.5,2780.25,2784.75,10687.0
2020-03-09 17:25:00,2784.75,2788.5,2781.0,2782.5,7849.0
2020-03-09 17:30:00,2782.5,2784.25,2770.0,2770.25,19095.0
2020-03-09 17:35:00,2770.5,2773.5,2763.5,2765.5,15562.0
2020-03-09 17:40:00,2765.5,2767.5,2756.75,2759.0,21453.0
2020-03-09 17:45:00,2758.75,2767.5,2752.0,2766.25,25429.0
2020-03-09 17:50:00,2766.5,2766.5,2751.25,2755.25,17992.0
2020-03-09 17:55:00,2755.25,2759.25,2747.75,2754.0,22358.0
2020-03-09 18:00:00,2753.75,2756.0,2742.0,2742.75,21303.0
2020-03-09 18:05:00,2742.75,2748.75,2734.25,2744.25,24794.0
2020-03-09 18:10:00,2744.0,2751.5,2736.5,2745.25,21193.0
2020-03-09 18:15:00,2745.0,2769.5,2744.5,2760.75,29179.0
2020-03-09 18:20:00,2760.75,2768.0,2755.25,2759.75,20225.0
2020-03-09 18:25:00,2759.75,2761.5,2746.75,2748.0,15128.0
2020-03-09 18:30:00,2748.0,2748.75,2737.5,2746.0,25526.0
2020-03-09 18:35:00,2746.0,2747.5,2733.5,2744.0,22987.0
2020-03-09 18:40:00,2744.0,2753.0,2730.25,2734.5,22792.0
2020-03-09 18:45:00,2734.5,2750.25,2728.25,2740.5,27027.0
2020-03-09 18:50:00,2740.25,2760.25,2737.0,2758.75,22138.0
2020-03-09 18:55:00,2758.75,2771.25,2756.0,2764.5,24329.0
2020-03-09 19:00:00,2764.25,2766.75,2750.25,2761.75,25451.0
2020-03-09 19:05:00,2761.75,2775.5,2758.25,2766.75,35305.0
2020-03-09 19:10:00,2766.75,2769.5,2750.75,2753.0,22705.0
2020-03-09 19:15:00,2753.0,2768.5,2748.5,2765.5,27172.0
2020-03-09 19:20:00,2765.75,2770.5,2750.5,2766.0,23530.0
2020-03-09 19:25:00,2766.0,2784.5,2765.25,2782.5,28842.0
2020-03-09 19:30:00,2782.5,2782.75,2757.75,2762.5,32754.0
2020-03-09 19:35:00,2762.75,2784.75,2762.0,2780.25,29148.0
2020-03-09 19:40:00,2780.25,2785.75,2774.75,2778.25,25212.0
2020-03-09 19:45:00,2778.5,2785.5,2767.5,2784.25,32691.0
2020-03-09 19:50:00,2784.5,2786.5,2761.75,2764.75,47773.0
2020-03-09 19:55:00,2765.0,2775.5,2746.25,2746.75,62951.0
2020-03-09 20:00:00,2746.5,2750.0,2720.75,2728.25,160415.0
2020-03-09 20:05:00,2728.0,2745.0,2725.5,2742.75,39951.0
2020-03-09 20:10:00,2742.75,2748.75,2737.75,2742.25,20144.0
2020-03-09 20:15:00,2742.25,2750.5,2741.0,2748.75,14071.0
2020-03-09 20:30:00,2741.75,2753.0,2741.75,2750.25,7562.0
2020-03-09 20:35:00,2750.25,2752.0,2748.75,2749.0,3374.0
2020-03-09 20:40:00,2748.75,2750.0,2738.25,2738.5,4892.0
2020-03-09 20:45:00,2738.75,2741.0,2737.75,2739.25,3723.0
2020-03-09 20:50:00,2739.0,2739.5,2735.75,2737.5,3961.0
2020-03-09 20:55:00,2737.5,2739.5,2731.25,2734.0,7626.0
2020-03-09 21:00:00,2734.0,2735.75,2732.5,2733.5,878.0
2020-03-09 22:00:00,2733.0,2733.25,2711.5,2718.75,7518.0
2020-03-09 22:05:00,2718.75,2718.75,2702.25,2705.0,6915.0
2020-03-09 22:10:00,2705.0,2707.0,2695.25,2702.75,8871.0
2020-03-09 22:15:00,2702.75,2725.0,2700.25,2715.5,5665.0
2020-03-09 22:20:00,2715.0,2722.5,2714.25,2722.5,1668.0
2020-03-09 22:25:00,2722.5,2734.75,2722.5,2724.25,4012.0
2020-03-09 22:30:00,2724.0,2726.25,2715.75,2716.75,1959.0
2020-03-09 22:35:00,2717.0,2747.0,2716.0,2727.0,8494.0
2020-03-09 22:40:00,2727.75,2737.25,2723.0,2732.0,2690.0
2020-03-09 22:45:00,2732.0,2734.0,2726.0,2732.5,3396.0
2020-03-09 22:50:00,2732.5,2744.0,2731.0,2743.0,3266.0
2020-03-09 22:55:00,2742.75,2765.0,2741.0,2763.5,6756.0
2020-03-09 23:00:00,2763.5,2775.5,2761.25,2768.75,8385.0
2020-03-09 23:05:00,2768.75,2789.75,2768.25,2782.5,7889.0
2020-03-09 23:10:00,2782.75,2785.0,2772.75,2774.25,4586.0
2020-03-09 23:15:00,2774.5,2774.5,2763.75,2769.5,4487.0
2020-03-09 23:20:00,2769.25,2773.25,2768.75,2772.25,2348.0
2020-03-09 23:25:00,2772.5,2787.5,2772.5,2786.5,3905.0
2020-03-09 23:30:00,2786.75,2791.0,2783.25,2785.25,4308.0
2020-03-09 23:35:00,2785.5,2790.0,2783.75,2786.75,2753.0
2020-03-09 23:40:00,2786.75,2798.0,2785.5,2797.75,4803.0
2020-03-09 23:45:00,2798.0,2805.0,2797.5,2804.5,4324.0
2020-03-09 23:50:00,2804.5,2809.5,2797.5,2807.5,5624.0
2020-03-09 23:55:00,2807.5,2807.5,2793.25,2796.75,4695.0
2020-03-10 00:00:00,2796.25,2803.5,2794.25,2796.0,3974.0
2020-03-10 00:05:00,2795.75,2796.0,2785.0,2787.75,4537.0
2020-03-10 00:10:00,2787.5,2787.75,2767.0,2772.5,8007.0
2020-03-10 00:15:00,2772.25,2784.0,2771.5,2781.5,5048.0
2020-03-10 00:20:00,2781.25,2797.0,2780.25,2793.0,3764.0
2020-03-10 00:25:00,2793.25,2793.25,2782.25,2789.0,2120.0
2020-03-10 00:30:00,2788.75,2791.0,2782.5,2785.25,3267.0
2020-03-10 00:35:00,2785.25,2790.0,2785.0,2785.75,3815.0
2020-03-10 00:40:00,2785.75,2790.0,2785.0,2789.0,2610.0
2020-03-10 00:45:00,2789.25,2793.5,2787.5,2791.75,3087.0
2020-03-10 00:50:00,2791.75,2808.75,2791.0,2808.75,4827.0
2020-03-10 00:55:00,2808.5,2813.5,2804.25,2812.5,5436.0
2020-03-10 01:00:00,2812.25,2819.25,2811.75,2819.0,6945.0
2020-03-10 01:05:00,2819.0,2823.75,2815.25,2819.5,6169.0
2020-03-10 01:10:00,2819.25,2820.25,2814.75,2815.25,3724.0
2020-03-10 01:15:00,2814.75,2820.25,2812.75,2817.25,3529.0
2020-03-10 01:20:00,2817.5,2822.0,2817.25,2821.75,2512.0
2020-03-10 01:25:00,2821.75,2830.0,2821.0,2827.5,4863.0
2020-03-10 01:30:00,2827.5,2828.0,2821.0,2821.25,3117.0
2020-03-10 01:35:00,2821.25,2823.75,2821.0,2821.75,2548.0
2020-03-10 01:40:00,2821.75,2822.0,2817.25,2818.25,3126.0
2020-03-10 01:45:00,2818.5,2821.25,2813.5,2815.5,2930.0
2020-03-10 01:50:00,2815.5,2815.5,2810.0,2812.5,3217.0
2020-03-10 01:55:00,2812.25,2812.25,2805.0,2808.25,3092.0
2020-03-10 02:00:00,2808.25,2816.25,2807.75,2809.5,2893.0
2020-03-10 02:05:00,2809.25,2813.25,2805.0,2810.75,2260.0
2020-03-10 02:10:00,2810.75,2813.5,2806.75,2808.75,1298.0
2020-03-10 02:15:00,2808.5,2811.5,2806.25,2808.5,1181.0
2020-03-10 02:20:00,2808.5,2814.75,2807.0,2814.5,2136.0
2020-03-10 02:25:00,2814.25,2814.75,2809.0,2809.75,1445.0
2020-03-10 02:30:00,2809.75,2812.5,2806.25,2810.0,1288.0
2020-03-10 02:35:00,2809.75,2810.0,2800.0,2802.25,3274.0
2020-03-10 02:40:00,2802.25,2805.0,2797.75,2804.0,2274.0
2020-03-10 02:45:00,2804.25,2804.5,2800.75,2801.25,775.0
2020-03-10 02:50:00,2801.25,2811.0,2799.75,2810.0,1624.0
2020-03-10 02:55:00,2810.0,2813.75,2807.75,2813.25,1142.0
2020-03-10 03:00:00,2813.5,2815.0,2810.0,2814.75,1238.0
2020-03-10 03:05:00,2814.75,2815.0,2810.5,2812.25,942.0
2020-03-10 03:10:00,2812.25,2813.25,2808.25,2813.25,1043.0
2020-03-10 03:15:00,2813.0,2813.75,2811.25,2813.5,1004.0
2020-03-10 03:20:00,2813.5,2815.25,2812.0,2813.0,2386.0
2020-03-10 03:25:00,2813.25,2815.75,2812.75,2815.5,1543.0
2020-03-10 03:30:00,2815.5,2816.0,2809.5,2811.5,1705.0
2020-03-10 03:35:00,2811.5,2816.75,2811.5,2816.5,2011.0
2020-03-10 03:40:00,2816.5,2817.5,2815.0,2816.25,1390.0
2020-03-10 03:45:00,2816.25,2818.75,2816.0,2818.5,1959.0
2020-03-10 03:50:00,2818.5,2819.25,2817.75,2818.5,1929.0
2020-03-10 03:55:00,2818.25,2818.75,2814.0,2818.75,3009.0
2020-03-10 04:00:00,2818.75,2818.75,2812.5,2816.75,1944.0
2020-03-10 04:05:00,2817.0,2817.75,2813.5,2815.75,2660.0
2020-03-10 04:10:00,2815.75,2816.0,2811.5,2815.0,3558.0
2020-03-10 04:15:00,2814.75,2819.0,2814.5,2818.75,2132.0
2020-03-10 04:20:00,2818.5,2819.5,2816.75,2819.5,1919.0
2020-03-10 04:25:00,2819.5,2822.0,2819.0,2821.75,3011.0
2020-03-10 04:30:00,2821.5,2822.5,2817.5,2821.5,2953.0
2020-03-10 04:35:00,2821.25,2822.5,2819.75,2820.25,1574.0
2020-03-10 04:40:00,2820.25,2823.25,2820.0,2823.25,1940.0
2020-03-10 04:45:00,2823.0,2826.5,2822.0,2826.0,3466.0
2020-03-10 04:50:00,2826.25,2827.25,2825.5,2827.0,1417.0
2020-03-10 04:55:00,2827.25,2828.0,2825.75,2827.0,2002.0
2020-03-10 05:00:00,2827.0,2829.5,2825.25,2828.25,2226.0
2020-03-10 05:05:00,2828.25,2829.5,2827.5,2829.0,1523.0
2020-03-10 05:10:00,2828.75,2833.0,2828.5,2832.5,2848.0
2020-03-10 05:15:00,2832.5,2847.0,2832.5,2847.0,5364.0
2020-03-10 05:20:00,2847.0,2849.5,2843.0,2847.25,3217.0
2020-03-10 05:25:00,2847.0,2849.25,2845.25,2848.5,1817.0
2020-03-10 05:30:00,2848.75,2849.75,2845.25,2847.5,1477.0
2020-03-10 05:35:00,2847.75,2848.75,2846.5,2847.75,769.0
2020-03-10 05:40:00,2847.5,2849.75,2846.0,2846.25,977.0
2020-03-10 05:45:00,2846.0,2846.0,2841.5,2843.5,1287.0
2020-03-10 05:50:00,2843.5,2845.75,2842.0,2843.5,1234.0
2020-03-10 05:55:00,2843.5,2844.75,2840.5,2844.5,1134.0
2020-03-10 06:00:00,2844.75,2847.75,2842.5,2844.5,2987.0
2020-03-10 06:05:00,2844.25,2845.5,2837.5,2840.75,1841.0
2020-03-10 06:10:00,2840.5,2846.75,2840.0,2845.75,2397.0
2020-03-10 06:15:00,2845.75,2846.75,2838.25,2839.5,2145.0
2020-03-10 06:20:00,2839.25,2841.75,2835.75,2835.75,1419.0
2020-03-10 06:25:00,2835.75,2840.5,2834.5,2840.25,1222.0
2020-03-10 06:30:00,2840.5,2845.5,2838.0,2843.5,1610.0
2020-03-10 06:35:00,2843.5,2846.25,2842.25,2843.0,953.0
2020-03-10 06:40:00,2843.0,2845.0,2841.0,2842.5,1173.0
2020-03-10 06:45:00,2842.25,2843.25,2838.75,2839.25,964.0
2020-03-10 06:50:00,2839.25,2847.25,2839.0,2847.0,1614.0
2020-03-10 06:55:00,2847.25,2848.75,2845.25,2846.0,1747.0
2020-03-10 07:00:00,2845.75,2847.0,2836.5,2840.0,3636.0
2020-03-10 07:05:00,2840.25,2840.75,2832.0,2833.0,3244.0
2020-03-10 07:10:00,2833.0,2834.75,2826.5,2827.5,2441.0
2020-03-10 07:15:00,2827.5,2831.25,2826.0,2826.75,2518.0
2020-03-10 07:20:00,2827.0,2827.0,2819.0,2819.5,2759.0
2020-03-10 07:25:00,2819.25,2819.25,2812.25,2818.25,3346.0
2020-03-10 07:30:00,2818.0,2822.5,2812.5,2822.5,2837.0
2020-03-10 07:35:00,2822.25,2825.0,2820.25,2824.25,2054.0
2020-03-10 07:40:00,2824.25,2824.5,2817.25,2819.75,1960.0
2020-03-10 07:45:00,2820.0,2824.0,2816.5,2819.5,2520.0
2020-03-10 07:50:00,2819.5,2820.5,2810.75,2813.75,3870.0
2020-03-10 07:55:00,2813.75,2824.75,2812.0,2814.5,5049.0
2020-03-10 08:00:00,2814.25,2818.5,2810.0,2813.0,5649.0
2020-03-10 08:05:00,2813.25,2828.25,2812.0,2826.25,5543.0
2020-03-10 08:10:00,2826.5,2827.75,2810.5,2812.0,6977.0
2020-03-10 08:15:00,2812.0,2818.75,2805.25,2814.5,6163.0
2020-03-10 08:20:00,2814.5,2825.75,2813.5,2825.75,5043.0
2020-03-10 08:25:00,2825.5,2832.0,2824.5,2827.5,6290.0
2020-03-10 08:30:00,2827.25,2833.75,2825.75,2832.0,4205.0
2020-03-10 08:35:00,2832.25,2836.75,2830.25,2835.75,3631.0
2020-03-10 08:40:00,2835.75,2843.0,2835.75,2842.25,4647.0
2020-03-10 08:45:00,2842.25,2845.75,2840.0,2842.0,4540.0
2020-03-10 08:50:00,2842.0,2848.5,2838.5,2845.5,4773.0
2020-03-10 08:55:00,2845.5,2850.0,2844.25,2850.0,4528.0
2020-03-10 09:00:00,2850.0,2855.75,2847.75,2854.0,7022.0
2020-03-10 09:05:00,2854.25,2855.5,2849.25,2849.75,4348.0
2020-03-10 09:10:00,2850.0,2852.0,2844.5,2846.75,4457.0
2020-03-10 09:15:00,2846.5,2854.5,2845.75,2854.25,3495.0
2020-03-10 09:20:00,2854.0,2862.75,2851.5,2860.25,6450.0
2020-03-10 09:25:00,2860.0,2860.5,2855.0,2857.25,3950.0
2020-03-10 09:30:00,2857.0,2862.0,2855.0,2861.0,2857.0
2020-03-10 09:35:00,2861.25,2867.5,2858.0,2865.75,5749.0
2020-03-10 09:40:00,2865.75,2874.0,2865.75,2871.5,8645.0
2020-03-10 09:45:00,2871.5,2875.75,2867.0,2875.0,6635.0
2020-03-10 09:50:00,2874.75,2876.75,2870.0,2873.5,5103.0
2020-03-10 09:55:00,2873.5,2877.75,2870.75,2872.75,4912.0
2020-03-10 10:00:00,2872.75,2874.5,2864.25,2864.5,4250.0
2020-03-10 10:05:00,2864.25,2872.0,2864.25,2870.75,3045.0
2020-03-10 10:10:00,2870.5,2876.5,2869.75,2875.25,3901.0
2020-03-10 10:15:00,2875.25,2875.75,2867.75,2872.0,3959.0
2020-03-10 10:20:00,2871.75,2874.0,2866.0,2868.75,2723.0
2020-03-10 10:25:00,2868.75,2871.25,2865.0,2869.0,3665.0
2020-03-10 10:30:00,2869.25,2875.0,2865.5,2871.25,4237.0
2020-03-10 10:35:00,2871.5,2873.0,2863.25,2867.0,4374.0
2020-03-10 10:40:00,2866.75,2871.75,2865.0,2870.5,3359.0
2020-03-10 10:45:00,2870.5,2879.0,2868.75,2876.25,6859.0
2020-03-10 10:50:00,2876.5,2877.75,2873.5,2875.5,3770.0
2020-03-10 10:55:00,2875.5,2878.75,2873.25,2873.5,3793.0
2020-03-10 11:00:00,2873.5,2875.25,2867.25,2867.75,3241.0
2020-03-10 11:05:00,2867.5,2869.25,2865.0,2866.5,3734.0
2020-03-10 11:10:00,2866.75,2870.75,2864.25,2866.5,3817.0
2020-03-10 11:15:00,2866.25,2866.75,2860.5,2861.5,3674.0
2020-03-10 11:20:00,2861.75,2863.0,2857.0,2860.0,5080.0
2020-03-10 11:25:00,2860.25,2861.0,2855.5,2857.5,4227.0
2020-03-10 11:30:00,2857.5,2864.0,2856.25,2859.5,4245.0
2020-03-10 11:35:00,2859.25,2863.0,2857.75,2861.5,2711.0
2020-03-10 11:40:00,2861.75,2864.25,2860.5,2862.25,2409.0
2020-03-10 11:45:00,2862.0,2863.0,2855.25,2855.25,3271.0
2020-03-10 11:50:00,2855.5,2857.0,2852.5,2853.5,4239.0
2020-03-10 11:55:00,2853.5,2858.5,2851.0,2855.75,4678.0
2020-03-10 12:00:00,2855.5,2863.25,2853.75,2862.0,4644.0
2020-03-10 12:05:00,2862.25,2863.25,2842.0,2842.5,14726.0
2020-03-10 12:10:00,2842.75,2850.25,2834.25,2848.5,19341.0
2020-03-10 12:15:00,2848.5,2852.0,2839.25,2842.0,8987.0
2020-03-10 12:20:00,2842.0,2847.5,2841.0,2843.5,5144.0
2020-03-10 12:25:00,2843.5,2847.25,2837.75,2840.75,4628.0
2020-03-10 12:30:00,2840.75,2841.0,2824.25,2837.0,14447.0
2020-03-10 12:35:00,2837.0,2838.75,2825.0,2825.5,8448.0
2020-03-10 12:40:00,2825.75,2830.75,2820.5,2820.5,13324.0
2020-03-10 12:45:00,2820.5,2826.0,2817.5,2825.5,15189.0
2020-03-10 12:50:00,2825.25,2848.0,2824.5,2836.75,15733.0
2020-03-10 12:55:00,2836.75,2844.75,2835.5,2841.25,6780.0
2020-03-10 13:00:00,2840.75,2846.0,2835.25,2843.5,7742.0
2020-03-10 13:05:00,2843.5,2843.75,2835.25,2837.25,8443.0
2020-03-10 13:10:00,2837.25,2838.75,2832.5,2838.0,5032.0
2020-03-10 13:15:00,2837.75,2840.25,2828.75,2836.0,8678.0
2020-03-10 13:20:00,2835.75,2843.75,2833.0,2840.75,7313.0
2020-03-10 13:25:00,2841.0,2841.75,2835.5,2837.75,7793.0
2020-03-10 13:30:00,2838.0,2846.0,2830.5,2841.5,47410.0
2020-03-10 13:35:00,2841.5,2845.25,2822.0,2825.5,35862.0
2020-03-10 13:40:00,2825.5,2827.0,2808.75,2814.0,37554.0
2020-03-10 13:45:00,2814.0,2817.0,2803.25,2805.0,27598.0
2020-03-10 13:50:00,2805.25,2814.0,2803.75,2813.75,25393.0
2020-03-10 13:55:00,2814.0,2828.0,2813.75,2823.5,29977.0
2020-03-10 14:00:00,2823.5,2829.25,2814.5,2826.75,25955.0
2020-03-10 14:05:00,2826.75,2834.75,2822.5,2834.0,25978.0
2020-03-10 14:10:00,2834.0,2842.0,2832.0,2836.75,23944.0
2020-03-10 14:15:00,2837.0,2840.5,2829.0,2835.5,26213.0
2020-03-10 14:20:00,2835.75,2840.75,2826.75,2830.0,34398.0
2020-03-10 14:25:00,2829.75,2834.0,2818.0,2820.0,22109.0
2020-03-10 14:30:00,2820.0,2820.0,2807.5,2809.75,28503.0
2020-03-10 14:35:00,2809.75,2815.75,2806.25,2810.0,24689.0
2020-03-10 14:40:00,2810.0,2813.5,2801.0,2806.0,24683.0
2020-03-10 14:45:00,2806.25,2807.25,2792.75,2793.5,29772.0
2020-03-10 14:50:00,2793.75,2794.5,2782.5,2783.5,30921.0
2020-03-10 14:55:00,2783.5,2792.5,2781.0,2785.75,27439.0
2020-03-10 15:00:00,2785.75,2787.75,2776.25,2787.25,30484.0
2020-03-10 15:05:00,2787.25,2797.5,2781.5,2796.5,28236.0
2020-03-10 15:10:00,2796.75,2797.25,2777.5,2778.25,32142.0
2020-03-10 15:15:00,2778.5,2782.0,2769.25,2770.5,37661.0
2020-03-10 15:20:00,2770.5,2772.5,2760.25,2762.5,33396.0
2020-03-10 15:25:00,2762.25,2762.25,2742.25,2759.0,59658.0
2020-03-10 15:30:00,2759.0,2760.0,2736.25,2740.75,49575.0
2020-03-10 15:35:00,2740.5,2747.0,2728.5,2733.5,35793.0
2020-03-10 15:40:00,2733.5,2754.75,2733.0,2750.0,42672.0
2020-03-10 15:45:00,2750.0,2769.75,2748.75,2766.5,42787.0
2020-03-10 15:50:00,2766.25,2768.25,2744.0,2745.0,33245.0
2020-03-10 15:55:00,2745.25,2755.75,2739.75,2755.0,29104.0
2020-03-10 16:00:00,2755.0,2776.5,2748.25,2769.5,34784.0
2020-03-10 16:05:00,2769.5,2771.0,2761.25,2768.75,32600.0
2020-03-10 16:10:00,2768.75,2790.5,2765.75,2788.25,38792.0
2020-03-10 16:15:00,2788.25,2797.5,2784.5,2787.25,31528.0
2020-03-10 16:20:00,2787.25,2794.0,2780.75,2784.0,21384.0
2020-03-10 16:25:00,2783.75,2788.5,2774.25,2774.5,21877.0
2020-03-10 16:30:00,2774.5,2775.75,2754.0,2755.5,35792.0
2020-03-10 16:35:00,2755.5,2768.5,2751.0,2762.5,32330.0
2020-03-10 16:40:00,2762.5,2773.25,2756.0,2771.25,21721.0
2020-03-10 16:45:00,2771.0,2781.0,2770.0,2776.5,19902.0
2020-03-10 16:50:00,2776.25,2784.75,2767.75,2781.75,18368.0
2020-03-10 16:55:00,2781.75,2786.75,2779.5,2782.5,15099.0
2020-03-10 17:00:00,2782.5,2783.75,2763.75,2767.5,19795.0
2020-03-10 17:05:00,2767.75,2788.5,2763.75,2785.75,27078.0
2020-03-10 17:10:00,2785.5,2791.75,2779.5,2791.25,17258.0
2020-03-10 17:15:00,2791.5,2798.5,2781.75,2798.0,19938.0
2020-03-10 17:20:00,2798.0,2803.5,2791.0,2795.75,21453.0
2020-03-10 17:25:00,2796.0,2800.25,2782.75,2786.0,20687.0
2020-03-10 17:30:00,2785.75,2793.75,2779.5,2789.5,19736.0
2020-03-10 17:35:00,2789.75,2796.75,2782.25,2782.5,21620.0
2020-03-10 17:40:00,2782.5,2789.5,2773.5,2782.0,25949.0
2020-03-10 17:45:00,2782.0,2782.75,2765.75,2770.5,19555.0
2020-03-10 17:50:00,2770.25,2772.75,2761.0,2762.75,20281.0
2020-03-10 17:55:00,2762.5,2770.25,2758.5,2767.5,17947.0
2020-03-10 18:00:00,2767.75,2768.25,2755.0,2759.5,22159.0
2020-03-10 18:05:00,2759.5,2766.5,2755.25,2765.0,24262.0
2020-03-10 18:10:00,2765.0,2781.0,2762.75,2774.5,22656.0
2020-03-10 18:15:00,2774.25,2785.0,2772.75,2776.25,17181.0
2020-03-10 18:20:00,2776.25,2785.5,2770.0,2773.25,18442.0
2020-03-10 18:25:00,2773.5,2779.5,2765.5,2778.0,20066.0
2020-03-10 18:30:00,2778.0,2793.0,2778.0,2791.25,20727.0
2020-03-10 18:35:00,2791.5,2801.0,2791.5,2795.75,19443.0
2020-03-10 18:40:00,2795.5,2814.25,2792.75,2813.25,31279.0
2020-03-10 18:45:00,2813.25,2828.25,2810.5,2824.25,26244.0
2020-03-10 18:50:00,2824.0,2831.5,2814.5,2820.25,28508.0
2020-03-10 18:55:00,2820.25,2827.5,2809.25,2816.0,24917.0
2020-03-10 19:00:00,2816.25,2828.5,2813.75,2827.25,26807.0
2020-03-10 19:05:00,2827.25,2838.25,2827.0,2829.5,23974.0
2020-03-10 19:10:00,2829.75,2839.0,2826.75,2834.0,20093.0
2020-03-10 19:15:00,2833.75,2849.0,2828.5,2846.25,29800.0
2020-03-10 19:20:00,2846.25,2861.0,2845.25,2855.0,37148.0
2020-03-10 19:25:00,2854.75,2857.5,2835.75,2843.0,29545.0
2020-03-10 19:30:00,2843.25,2847.25,2827.0,2845.75,26485.0
2020-03-10 19:35:00,2845.75,2847.5,2832.25,2847.0,23541.0
2020-03-10 19:40:00,2847.0,2856.75,2845.0,2850.25,31030.0
2020-03-10 19:45:00,2850.5,2858.5,2844.5,2856.25,25943.0
2020-03-10 19:50:00,2856.5,2869.75,2856.0,2869.5,45082.0
2020-03-10 19:55:00,2869.5,2878.75,2863.25,2873.5,79026.0
2020-03-10 20:00:00,2873.25,2884.75,2870.5,2879.5,157689.0
2020-03-10 20:05:00,2879.25,2881.75,2867.25,2869.25,24351.0
2020-03-10 20:10:00,2869.0,2871.0,2861.25,2862.75,18180.0
2020-03-10 20:15:00,2862.75,2868.0,2859.75,2863.5,11338.0
2020-03-10 20:30:00,2865.75,2872.75,2865.5,2871.5,4569.0
2020-03-10 20:35:00,2871.75,2872.75,2864.25,2864.25,3110.0
2020-03-10 20:40:00,2864.25,2864.25,2861.25,2864.0,2404.0
2020-03-10 20:45:00,2863.75,2870.5,2863.75,2870.0,2974.0
2020-03-10 20:50:00,2870.25,2871.5,2868.75,2870.0,2251.0
2020-03-10 20:55:00,2870.0,2876.25,2869.75,2875.0,3969.0
2020-03-10 21:00:00,2875.0,2877.25,2875.0,2876.75,1168.0
2020-03-10 22:00:00,2859.5,2869.5,2855.0,2855.0,5979.0
2020-03-10 22:05:00,2855.0,2859.25,2850.25,2858.0,4207.0
2020-03-10 22:10:00,2858.25,2858.25,2850.0,2850.5,3358.0
2020-03-10 22:15:00,2850.75,2852.75,2843.0,2843.5,4277.0
2020-03-10 22:20:00,2843.75,2845.75,2840.0,2844.0,2905.0
2020-03-10 22:25:00,2843.75,2854.5,2842.5,2846.25,3310.0
2020-03-10 22:30:00,2846.25,2853.5,2845.75,2851.25,1806.0
2020-03-10 22:35:00,2851.25,2852.0,2849.0,2850.25,971.0
2020-03-10 22:40:00,2850.0,2855.25,2850.0,2854.25,2141.0
2020-03-10 22:45:00,2854.0,2854.25,2836.75,2837.5,4293.0
2020-03-10 22:50:00,2837.25,2842.0,2832.5,2836.0,4201.0
2020-03-10 22:55:00,2836.0,2838.0,2831.5,2837.75,2174.0
2020-03-10 23:00:00,2837.75,2845.0,2834.75,2840.75,3029.0
2020-03-10 23:05:00,2840.75,2841.0,2835.0,2835.75,2708.0
2020-03-10 23:10:00,2835.75,2836.0,2831.5,2833.75,2597.0
2020-03-10 23:15:00,2833.5,2835.0,2832.0,2834.5,1889.0
2020-03-10 23:20:00,2834.5,2835.0,2831.75,2833.25,1241.0
2020-03-10 23:25:00,2833.0,2834.75,2830.25,2831.25,1787.0
2020-03-10 23:30:00,2831.25,2835.0,2829.0,2829.25,2779.0
2020-03-10 23:35:00,2829.5,2829.75,2823.0,2824.0,2462.0
2020-03-10 23:40:00,2824.0,2824.25,2818.75,2819.25,2920.0
2020-03-10 23:45:00,2819.0,2819.25,2811.75,2816.75,5245.0
2020-03-10 23:50:00,2816.5,2820.5,2812.25,2818.75,2778.0
2020-03-10 23:55:00,2818.5,2826.25,2815.75,2825.5,3833.0
2020-03-11 00:00:00,2825.5,2829.0,2819.5,2820.75,3755.0
2020-03-11 00:05:00,2820.75,2829.0,2820.0,2827.25,3265.0
2020-03-11 00:10:00,2827.25,2839.25,2823.5,2837.75,5628.0
2020-03-11 00:15:00,2837.75,2838.5,2828.25,2833.5,3599.0
2020-03-11 00:20:00,2833.75,2835.0,2828.5,2830.5,2248.0
2020-03-11 00:25:00,2830.25,2830.25,2825.5,2826.0,2201.0
2020-03-11 00:30:00,2826.25,2827.25,2814.0,2814.5,3182.0
2020-03-11 00:35:00,2814.25,2819.25,2812.0,2817.25,3699.0
2020-03-11 00:40:00,2817.5,2821.5,2808.75,2809.25,4439.0
2020-03-11 00:45:00,2809.25,2813.75,2805.0,2809.0,4912.0
2020-03-11 00:50:00,2809.25,2811.75,2806.5,2811.25,2446.0
2020-03-11 00:55:00,2811.25,2819.0,2808.5,2815.75,3244.0
2020-03-11 01:00:00,2815.75,2831.75,2815.5,2827.25,5981.0
2020-03-11 01:05:00,2827.25,2830.0,2821.75,2829.5,4536.0
2020-03-11 01:10:00,2829.75,2830.0,2823.0,2826.25,2414.0
2020-03-11 01:15:00,2826.25,2826.5,2814.75,2815.5,3045.0
2020-03-11 01:20:00,2815.5,2819.0,2813.0,2815.75,2460.0
2020-03-11 01:25:00,2816.0,2818.0,2810.0,2810.5,2518.0
2020-03-11 01:30:00,2810.5,2810.5,2803.5,2810.0,3548.0
2020-03-11 01:35:00,2810.0,2814.75,2801.0,2803.0,4040.0
2020-03-11 01:40:00,2802.5,2804.5,2792.5,2794.0,5118.0
2020-03-11 01:45:00,2793.5,2802.25,2793.0,2801.25,2516.0
2020-03-11 01:50:00,2801.75,2808.0,2799.5,2806.75,4426.0
2020-03-11 01:55:00,2806.75,2807.75,2802.25,2804.75,2556.0
2020-03-11 02:00:00,2805.0,2808.0,2797.25,2801.25,3379.0
2020-03-11 02:05:00,2801.5,2804.25,2796.0,2797.25,2375.0
2020-03-11 02:10:00,2797.25,2802.0,2794.0,2800.5,3371.0
2020-03-11 02:15:00,2800.5,2803.75,2792.5,2797.75,3594.0
2020-03-11 02:20:00,2797.75,2807.75,2797.25,2806.0,3085.0
2020-03-11 02:25:00,2806.0,2819.0,2804.25,2817.5,4931.0
2020-03-11 02:30:00,2817.0,2817.5,2807.5,2808.75,2425.0
2020-03-11 02:35:00,2808.5,2814.75,2807.25,2812.0,1587.0
2020-03-11 02:40:00,2812.25,2813.0,2808.0,2809.5,1309.0
2020-03-11 02:45:00,2809.5,2810.25,2803.5,2804.5,2145.0
2020-03-11 02:50:00,2804.25,2806.75,2801.0,2803.25,1902.0
2020-03-11 02:55:00,2803.0,2810.0,2803.0,2808.0,2876.0
2020-03-11 03:00:00,2808.25,2808.25,2799.75,2800.0,2481.0
2020-03-11 03:05:00,2800.0,2812.0,2797.75,2808.75,3247.0
2020-03-11 03:10:00,2809.0,2812.0,2806.75,2810.0,1848.0
2020-03-11 03:15:00,2810.0,2815.0,2810.0,2812.75,2365.0
2020-03-11 03:20:00,2812.75,2815.0,2809.75,2813.25,2043.0
2020-03-11 03:25:00,2813.0,2818.0,2811.25,2812.0,2310.0
2020-03-11 03:30:00,2812.0,2813.0,2805.0,2806.25,3676.0
2020-03-11 03:35:00,2806.0,2807.5,2803.0,2805.0,1387.0
2020-03-11 03:40:00,2804.75,2806.0,2798.25,2803.0,2166.0
2020-03-11 03:45:00,2802.75,2809.0,2802.0,2804.25,2356.0
2020-03-11 03:50:00,2804.25,2809.0,2803.5,2807.5,964.0
2020-03-11 03:55:00,2807.25,2813.25,2807.0,2812.5,2377.0
2020-03-11 04:00:00,2812.75,2813.25,2806.5,2809.0,1745.0
2020-03-11 04:05:00,2808.75,2811.75,2805.75,2807.0,1740.0
2020-03-11 04:10:00,2806.75,2811.25,2806.25,2810.0,651.0
2020-03-11 04:15:00,2810.0,2810.25,2805.25,2806.75,1072.0
2020-03-11 04:20:00,2806.25,2810.0,2804.5,2808.5,1584.0
2020-03-11 04:25:00,2808.5,2810.75,2806.5,2807.0,891.0
2020-03-11 04:30:00,2806.75,2807.25,2803.25,2805.25,2514.0
2020-03-11 04:35:00,2805.25,2809.0,2803.25,2806.0,1021.0
2020-03-11 04:40:00,2806.0,2807.0,2802.25,2804.75,1067.0
2020-03-11 04:45:00,2805.0,2808.25,2802.0,2802.0,1149.0
2020-03-11 04:50:00,2802.0,2804.25,2801.0,2803.0,2181.0
2020-03-11 04:55:00,2803.0,2803.25,2800.0,2801.25,1277.0
2020-03-11 05:00:00,2801.5,2802.0,2786.75,2787.5,4151.0
2020-03-11 05:05:00,2787.25,2793.25,2785.0,2785.0,2089.0
2020-03-11 05:10:00,2785.25,2785.75,2780.75,2783.5,2198.0
2020-03-11 05:15:00,2783.5,2787.0,2782.75,2782.75,1047.0
2020-03-11 05:20:00,2783.0,2786.5,2781.75,2784.5,934.0
2020-03-11 05:25:00,2784.5,2789.25,2783.5,2786.75,1109.0
2020-03-11 05:30:00,2786.75,2788.5,2781.25,2781.5,1678.0
2020-03-11 05:35:00,2781.5,2782.5,2778.75,2780.75,1794.0
2020-03-11 05:40:00,2780.5,2784.0,2778.5,2783.5,1309.0
2020-03-11 05:45:00,2783.5,2785.25,2780.75,2784.75,1291.0
2020-03-11 05:50:00,2784.75,2785.0,2781.75,2784.25,1891.0
2020-03-11 05:55:00,2784.0,2785.5,2778.75,2783.0,1734.0
2020-03-11 06:00:00,2783.25,2809.5,2781.75,2797.0,5811.0
2020-03-11 06:05:00,2796.75,2800.0,2791.0,2791.5,2683.0
2020-03-11 06:10:00,2791.75,2794.75,2788.5,2791.75,1362.0
2020-03-11 06:15:00,2791.75,2796.0,2788.0,2792.75,1534.0
2020-03-11 06:20:00,2792.75,2797.75,2791.25,2796.75,1214.0
2020-03-11 06:25:00,2796.5,2800.75,2794.0,2798.75,1195.0
2020-03-11 06:30:00,2798.5,2802.5,2798.0,2798.5,2050.0
2020-03-11 06:35:00,2798.25,2798.25,2791.0,2793.25,2140.0
2020-03-11 06:40:00,2793.25,2795.25,2782.5,2786.75,2393.0
2020-03-11 06:45:00,2786.75,2788.0,2781.5,2783.5,1525.0
2020-03-11 06:50:00,2783.5,2788.75,2780.0,2780.0,1558.0
2020-03-11 06:55:00,2779.75,2784.5,2778.0,2783.75,1723.0
2020-03-11 07:00:00,2784.0,2800.75,2783.25,2792.5,5237.0
2020-03-11 07:05:00,2793.0,2805.0,2787.0,2803.25,3215.0
2020-03-11 07:10:00,2803.25,2806.25,2796.25,2804.5,3109.0
2020-03-11 07:15:00,2804.5,2809.5,2801.0,2803.5,2794.0
2020-03-11 07:20:00,2803.25,2807.25,2799.75,2799.75,1921.0
2020-03-11 07:25:00,2799.75,2801.0,2791.5,2796.0,3486.0
2020-03-11 07:30:00,2795.5,2799.0,2791.25,2798.0,1778.0
2020-03-11 07:35:00,2797.75,2805.25,2792.5,2803.5,2083.0
2020-03-11 07:40:00,2803.25,2804.75,2799.25,2804.25,1596.0
2020-03-11 07:45:00,2804.25,2811.5,2803.25,2807.5,3038.0
2020-03-11 07:50:00,2807.5,2808.5,2801.5,2804.75,2217.0
2020-03-11 07:55:00,2805.0,2809.25,2804.5,2808.25,1314.0
2020-03-11 08:00:00,2808.0,2812.0,2802.75,2804.5,8191.0
2020-03-11 08:05:00,2804.25,2818.25,2800.25,2811.75,5661.0
2020-03-11 08:10:00,2811.75,2818.75,2809.5,2813.75,3980.0
2020-03-11 08:15:00,2813.75,2816.75,2810.75,2811.25,3171.0
2020-03-11 08:20:00,2810.75,2816.25,2805.25,2806.0,3483.0
2020-03-11 08:25:00,2805.5,2806.25,2789.5,2794.0,7422.0
2020-03-11 08:30:00,2793.75,2810.5,2788.25,2808.0,5921.0
2020-03-11 08:35:00,2807.75,2809.25,2796.75,2800.5,5493.0
2020-03-11 08:40:00,2800.25,2812.75,2798.0,2810.5,4260.0
2020-03-11 08:45:00,2810.0,2832.75,2809.25,2827.5,11087.0
2020-03-11 08:50:00,2828.0,2833.0,2824.5,2830.5,4267.0
2020-03-11 08:55:00,2830.25,2837.0,2826.0,2831.0,5389.0
2020-03-11 09:00:00,2830.75,2831.5,2820.75,2826.0,3827.0
2020-03-11 09:05:00,2825.75,2826.0,2815.75,2818.75,2455.0
2020-03-11 09:10:00,2818.75,2824.5,2814.0,2816.0,2880.0
2020-03-11 09:15:00,2816.0,2821.25,2815.5,2817.0,2012.0
2020-03-11 09:20:00,2817.25,2820.25,2812.25,2816.0,1912.0
2020-03-11 09:25:00,2816.0,2818.75,2813.5,2818.5,1884.0
2020-03-11 09:30:00,2818.5,2825.75,2816.75,2817.75,2809.0
2020-03-11 09:35:00,2817.5,2818.0,2805.5,2808.0,3317.0
2020-03-11 09:40:00,2807.75,2811.0,2804.75,2808.5,2664.0
2020-03-11 09:45:00,2808.5,2811.75,2807.5,2810.5,1477.0
2020-03-11 09:50:00,2810.25,2810.25,2801.0,2807.0,2557.0
2020-03-11 09:55:00,2807.0,2812.25,2804.25,2811.5,2227.0
2020-03-11 10:00:00,2811.5,2813.5,2807.75,2813.0,2709.0
2020-03-11 10:05:00,2813.0,2813.0,2806.25,2807.0,1274.0
2020-03-11 10:10:00,2807.0,2812.75,2805.75,2812.0,1536.0
2020-03-11 10:15:00,2812.0,2813.5,2809.25,2811.5,1236.0
2020-03-11 10:20:00,2811.25,2812.75,2807.25,2808.25,1313.0
2020-03-11 10:25:00,2808.25,2809.0,2793.0,2798.0,5473.0
2020-03-11 10:30:00,2798.25,2821.75,2796.75,2817.25,7706.0
2020-03-11 10:35:00,2817.0,2818.0,2804.5,2808.75,3908.0
2020-03-11 10:40:00,2809.25,2809.25,2801.0,2808.5,3617.0
2020-03-11 10:45:00,2808.25,2818.75,2806.5,2816.25,4096.0
2020-03-11 10:50:00,2816.5,2818.5,2810.0,2815.75,3232.0
2020-03-11 10:55:00,2816.0,2817.25,2809.75,2810.75,2379.0
2020-03-11 11:00:00,2810.5,2810.75,2806.25,2810.0,2681.0
2020-03-11 11:05:00,2810.0,2812.5,2802.5,2803.25,3896.0
2020-03-11 11:10:00,2803.0,2806.75,2801.0,2806.5,2749.0
2020-03-11 11:15:00,2806.5,2807.75,2801.0,2803.5,3148.0
2020-03-11 11:20:00,2803.5,2805.0,2797.5,2800.0,5167.0
2020-03-11 11:25:00,2800.0,2801.25,2793.0,2794.5,4784.0
2020-03-11 11:30:00,2794.5,2797.0,2791.25,2794.75,4160.0
2020-03-11 11:35:00,2795.0,2798.5,2790.25,2794.75,4471.0
2020-03-11 11:40:00,2794.5,2796.25,2787.5,2788.5,4765.0
2020-03-11 11:45:00,2788.5,2789.0,2780.25,2789.0,7822.0
2020-03-11 11:50:00,2788.75,2789.0,2785.25,2788.25,3979.0
2020-03-11 11:55:00,2788.25,2795.5,2785.5,2792.25,4883.0
2020-03-11 12:00:00,2792.25,2794.0,2786.5,2793.0,4968.0
2020-03-11 12:05:00,2793.25,2795.5,2788.75,2790.0,3629.0
2020-03-11 12:10:00,2790.5,2790.5,2784.75,2786.0,4399.0
2020-03-11 12:15:00,2786.0,2793.0,2780.0,2780.5,5358.0
2020-03-11 12:20:00,2780.5,2802.0,2780.25,2785.25,12454.0
2020-03-11 12:25:00,2785.25,2790.25,2783.0,2785.0,3982.0
2020-03-11 12:30:00,2785.0,2788.5,2776.25,2781.25,6053.0
2020-03-11 12:35:00,2781.0,2781.5,2771.75,2776.0,9324.0
2020-03-11 12:40:00,2776.25,2780.0,2771.75,2775.25,5684.0
2020-03-11 12:45:00,2775.0,2779.75,2774.0,2777.75,4597.0
2020-03-11 12:50:00,2777.75,2777.75,2770.0,2770.75,6918.0
2020-03-11 12:55:00,2771.0,2776.0,2764.25,2766.75,11164.0
2020-03-11 13:00:00,2766.75,2773.25,2764.5,2770.75,5389.0
2020-03-11 13:05:00,2771.0,2779.75,2769.75,2778.75,5112.0
2020-03-11 13:10:00,2779.0,2781.75,2776.5,2780.25,7108.0
2020-03-11 13:15:00,2780.5,2785.0,2775.5,2782.0,6436.0
2020-03-11 13:20:00,2782.0,2791.75,2781.75,2790.75,9805.0
2020-03-11 13:25:00,2790.5,2798.25,2787.25,2796.75,12746.0
2020-03-11 13:30:00,2797.0,2807.0,2794.5,2804.25,41895.0
2020-03-11 13:35:00,2804.25,2814.5,2801.0,2805.25,38748.0
2020-03-11 13:40:00,2805.0,2808.5,2785.25,2802.25,43202.0
2020-03-11 13:45:00,2802.5,2804.5,2791.0,2796.25,28098.0
2020-03-11 13:50:00,2796.25,2802.25,2786.75,2798.5,27603.0
2020-03-11 13:55:00,2798.75,2802.75,2789.25,2797.75,25983.0
2020-03-11 14:00:00,2798.0,2805.0,2791.5,2796.75,24303.0
2020-03-11 14:05:00,2796.75,2809.0,2793.5,2807.0,26098.0
2020-03-11 14:10:00,2807.25,2809.25,2799.75,2807.0,20928.0
2020-03-11 14:15:00,2806.75,2807.5,2797.0,2798.5,23795.0
2020-03-11 14:20:00,2798.5,2801.75,2790.5,2792.25,22409.0
2020-03-11 14:25:00,2792.25,2795.75,2782.0,2782.5,23566.0
2020-03-11 14:30:00,2782.25,2787.5,2776.5,2787.5,25689.0
2020-03-11 14:35:00,2787.25,2792.5,2777.0,2786.25,23097.0
2020-03-11 14:40:00,2786.0,2787.0,2775.75,2777.0,20775.0
2020-03-11 14:45:00,2777.0,2791.0,2775.0,2778.0,25849.0
2020-03-11 14:50:00,2778.0,2780.0,2770.75,2773.25,24464.0
2020-03-11 14:55:00,2773.5,2776.0,2766.75,2773.25,19003.0
2020-03-11 15:00:00,2773.25,2788.75,2772.75,2782.0,31947.0
2020-03-11 15:05:00,2781.75,2783.0,2770.0,2770.25,21742.0
2020-03-11 15:10:00,2770.25,2783.25,2768.75,2781.25,28241.0
2020-03-11 15:15:00,2781.25,2784.0,2769.75,2769.75,22531.0
2020-03-11 15:20:00,2770.0,2770.0,2758.75,2759.0,33427.0
2020-03-11 15:25:00,2759.0,2762.0,2756.0,2760.0,17429.0
2020-03-11 15:30:00,2760.0,2770.0,2756.75,2769.0,21791.0
2020-03-11 15:35:00,2769.0,2777.0,2762.75,2775.75,18039.0
2020-03-11 15:40:00,2776.0,2778.5,2766.75,2767.25,17246.0
2020-03-11 15:45:00,2767.25,2773.25,2760.25,2765.75,20909.0
2020-03-11 15:50:00,2765.75,2776.75,2764.75,2768.5,17530.0
2020-03-11 15:55:00,2768.5,2773.25,2763.75,2772.25,14118.0
2020-03-11 16:00:00,2772.25,2775.5,2765.25,2774.25,13919.0
2020-03-11 16:05:00,2774.25,2786.0,2774.0,2785.25,20732.0
2020-03-11 16:10:00,2785.0,2794.0,2782.75,2793.25,21208.0
2020-03-11 16:15:00,2793.25,2799.75,2789.75,2798.25,18317.0
2020-03-11 16:20:00,2798.25,2801.75,2787.0,2789.75,26700.0
2020-03-11 16:25:00,2789.75,2793.75,2774.25,2778.75,32115.0
2020-03-11 16:30:00,2778.75,2780.25,2771.75,2772.75,21164.0
2020-03-11 16:35:00,2772.75,2774.25,2763.75,2766.5,25945.0
2020-03-11 16:40:00,2766.25,2766.5,2752.0,2752.75,30787.0
2020-03-11 16:45:00,2752.75,2761.75,2751.5,2757.0,31331.0
2020-03-11 16:50:00,2756.75,2765.0,2752.25,2759.5,20736.0
2020-03-11 16:55:00,2759.5,2761.75,2749.0,2759.5,24015.0
2020-03-11 17:00:00,2759.5,2760.5,2745.5,2746.5,26743.0
2020-03-11 17:05:00,2746.75,2750.75,2742.5,2744.0,21060.0
2020-03-11 17:10:00,2744.0,2750.0,2742.5,2747.5,17165.0
2020-03-11 17:15:00,2747.5,2754.25,2744.75,2752.25,16603.0
2020-03-11 17:20:00,2752.0,2758.25,2748.25,2749.5,16728.0
2020-03-11 17:25:00,2749.25,2762.5,2747.0,2757.0,15497.0
2020-03-11 17:30:00,2757.25,2764.75,2753.75,2754.0,17162.0
2020-03-11 17:35:00,2754.0,2757.25,2748.25,2749.25,12407.0
2020-03-11 17:40:00,2749.25,2752.25,2742.75,2744.25,14152.0
2020-03-11 17:45:00,2744.25,2755.5,2741.0,2753.0,20468.0
2020-03-11 17:50:00,2753.0,2757.75,2744.5,2745.25,13874.0
2020-03-11 17:55:00,2745.5,2759.75,2744.25,2753.0,20199.0
2020-03-11 18:00:00,2753.0,2758.5,2744.25,2744.75,15893.0
2020-03-11 18:05:00,2744.75,2752.75,2738.0,2738.75,20414.0
2020-03-11 18:10:00,2738.75,2742.0,2736.75,2738.75,17601.0
2020-03-11 18:15:00,2739.0,2744.0,2735.0,2735.25,16684.0
2020-03-11 18:20:00,2735.25,2738.5,2731.0,2731.75,16386.0
2020-03-11 18:25:00,2731.75,2738.5,2730.0,2734.25,20962.0
2020-03-11 18:30:00,2734.25,2747.75,2731.0,2738.25,23517.0
2020-03-11 18:35:00,2738.25,2741.0,2732.25,2737.0,18775.0
2020-03-11 18:40:00,2737.0,2754.0,2734.75,2742.5,30655.0
2020-03-11 18:45:00,2742.5,2747.5,2734.75,2742.5,17324.0
2020-03-11 18:50:00,2742.75,2743.5,2732.0,2732.5,24594.0
2020-03-11 18:55:00,2732.5,2742.25,2727.25,2735.75,23866.0
2020-03-11 19:00:00,2735.75,2736.5,2722.0,2722.25,23549.0
2020-03-11 19:05:00,2722.25,2723.75,2707.25,2709.25,32283.0
2020-03-11 19:10:00,2709.25,2718.25,2705.0,2705.25,24313.0
2020-03-11 19:15:00,2705.25,2719.0,2705.0,2718.25,32981.0
2020-03-11 19:20:00,2718.5,2719.0,2706.0,2706.25,27024.0
2020-03-11 19:25:00,2706.25,2724.5,2702.75,2722.75,28012.0
2020-03-11 19:30:00,2722.75,2744.25,2717.75,2738.75,39241.0
2020-03-11 19:35:00,2739.0,2749.25,2736.0,2743.75,38923.0
2020-03-11 19:40:00,2743.5,2757.25,2740.25,2745.0,38957.0
2020-03-11 19:45:00,2745.25,2753.25,2736.5,2752.25,36233.0
2020-03-11 19:50:00,2752.5,2755.0,2726.0,2754.75,56530.0
2020-03-11 19:55:00,2754.75,2757.5,2738.5,2747.0,67113.0
2020-03-11 20:00:00,2747.0,2747.25,2733.0,2735.75,120943.0
2020-03-11 20:05:00,2736.0,2748.0,2735.0,2748.0,21268.0
2020-03-11 20:10:00,2748.0,2748.5,2740.25,2740.75,16644.0
2020-03-11 20:15:00,2740.75,2742.5,2739.0,2740.75,8225.0
2020-03-11 20:30:00,2740.75,2741.5,2737.5,2739.75,3603.0
2020-03-11 20:35:00,2740.0,2748.0,2738.25,2747.5,3695.0
2020-03-11 20:40:00,2747.5,2749.5,2746.0,2747.5,2866.0
2020-03-11 20:45:00,2747.5,2748.0,2746.0,2746.25,2115.0
2020-03-11 20:50:00,2746.25,2750.0,2741.25,2741.75,3199.0
2020-03-11 20:55:00,2741.5,2744.0,2738.75,2741.5,3255.0
2020-03-11 21:00:00,2741.5,2742.5,2740.75,2741.0,663.0
2020-03-11 22:00:00,2738.0,2749.0,2734.5,2744.75,6313.0
2020-03-11 22:05:00,2744.5,2755.75,2743.75,2753.5,3887.0
2020-03-11 22:10:00,2753.25,2764.0,2751.5,2762.0,3743.0
2020-03-11 22:15:00,2762.25,2768.0,2752.0,2758.75,3892.0
2020-03-11 22:20:00,2758.75,2762.5,2755.25,2759.0,2651.0
2020-03-11 22:25:00,2759.0,2764.75,2756.25,2764.5,2707.0
2020-03-11 22:30:00,2764.25,2771.75,2762.75,2768.25,4857.0
2020-03-11 22:35:00,2768.25,2773.0,2765.75,2769.75,2599.0
2020-03-11 22:40:00,2770.0,2774.0,2759.25,2761.25,3364.0
2020-03-11 22:45:00,2761.5,2764.0,2752.5,2760.75,3262.0
2020-03-11 22:50:00,2761.0,2764.0,2756.25,2758.5,2204.0
2020-03-11 22:55:00,2758.75,2769.5,2758.75,2769.25,1523.0
2020-03-11 23:00:00,2769.5,2770.0,2758.25,2758.5,2237.0
2020-03-11 23:05:00,2758.5,2760.75,2753.5,2756.5,2971.0
2020-03-11 23:10:00,2757.0,2760.25,2750.25,2751.25,3051.0
2020-03-11 23:15:00,2751.5,2753.5,2745.0,2748.0,2727.0
2020-03-11 23:20:00,2748.0,2752.75,2746.5,2751.5,2400.0
2020-03-11 23:25:00,2751.5,2752.5,2743.0,2747.25,2397.0
2020-03-11 23:30:00,2747.25,2750.0,2745.25,2749.0,2265.0
2020-03-11 23:35:00,2749.0,2750.0,2741.75,2742.75,1498.0
2020-03-11 23:40:00,2742.5,2743.75,2739.0,2742.25,3124.0
2020-03-11 23:45:00,2742.25,2747.75,2737.75,2738.75,3709.0
2020-03-11 23:50:00,2739.0,2739.0,2729.0,2729.75,5435.0
2020-03-11 23:55:00,2730.0,2741.25,2727.25,2734.75,5135.0
2020-03-12 00:00:00,2734.5,2742.5,2731.75,2733.75,4173.0
2020-03-12 00:05:00,2734.0,2740.25,2733.0,2734.75,2443.0
2020-03-12 00:10:00,2735.5,2737.75,2727.5,2728.75,1779.0
2020-03-12 00:15:00,2728.75,2732.25,2724.5,2726.5,3201.0
2020-03-12 00:20:00,2726.75,2727.25,2717.0,2717.5,3628.0
2020-03-12 00:25:00,2717.5,2719.0,2716.0,2716.25,3310.0
2020-03-12 00:30:00,2716.25,2717.5,2714.5,2714.5,3601.0
2020-03-12 00:35:00,2714.5,2725.75,2713.0,2722.75,3683.0
2020-03-12 00:40:00,2723.0,2724.75,2717.25,2724.25,2129.0
2020-03-12 00:45:00,2724.75,2725.25,2717.0,2722.0,1852.0
2020-03-12 00:50:00,2721.5,2731.5,2719.5,2731.5,4157.0
2020-03-12 00:55:00,2731.75,2735.25,2728.25,2730.0,3088.0
2020-03-12 01:00:00,2730.0,2735.0,2725.25,2726.5,3871.0
2020-03-12 01:05:00,2726.25,2726.25,2698.75,2716.75,23013.0
2020-03-12 01:10:00,2715.5,2719.5,2687.5,2704.0,19881.0
2020-03-12 01:15:00,2703.5,2704.25,2670.75,2685.5,20290.0
2020-03-12 01:20:00,2685.75,2690.25,2670.0,2675.5,9326.0
2020-03-12 01:25:00,2675.5,2677.0,2664.75,2665.75,10923.0
2020-03-12 01:30:00,2666.0,2666.75,2646.25,2655.75,18837.0
2020-03-12 01:35:00,2656.0,2668.0,2645.0,2650.0,13403.0
2020-03-12 01:40:00,2650.0,2653.5,2642.0,2643.5,11650.0
2020-03-12 01:45:00,2643.5,2647.0,2640.0,2641.5,9502.0
2020-03-12 01:50:00,2641.5,2651.75,2636.25,2637.5,12606.0
2020-03-12 01:55:00,2637.25,2644.0,2626.0,2626.5,13121.0
2020-03-12 02:00:00,2626.0,2631.25,2615.0,2616.25,19238.0
2020-03-12 02:05:00,2616.25,2616.75,2607.25,2611.75,12699.0
2020-03-12 02:10:00,2612.0,2637.0,2611.75,2626.5,13112.0
2020-03-12 02:15:00,2625.75,2635.5,2623.0,2628.25,8027.0
2020-03-12 02:20:00,2628.25,2636.75,2611.75,2613.25,9064.0
2020-03-12 02:25:00,2613.25,2628.75,2613.0,2621.0,6442.0
2020-03-12 02:30:00,2621.0,2636.25,2618.75,2633.25,6824.0
2020-03-12 02:35:00,2633.75,2648.0,2626.5,2637.0,8236.0
2020-03-12 02:40:00,2637.25,2642.5,2631.75,2641.5,7108.0
2020-03-12 02:45:00,2641.5,2644.75,2631.25,2632.75,4646.0
2020-03-12 02:50:00,2632.75,2635.0,2624.25,2628.0,4438.0
2020-03-12 02:55:00,2628.0,2632.75,2623.5,2629.0,4296.0
2020-03-12 03:00:00,2629.5,2631.25,2625.25,2627.25,3332.0
2020-03-12 03:05:00,2627.75,2632.0,2627.5,2630.25,3572.0
2020-03-12 03:10:00,2630.5,2635.75,2628.5,2633.25,3190.0
2020-03-12 03:15:00,2633.0,2634.5,2616.25,2619.25,4700.0
2020-03-12 03:20:00,2619.0,2622.5,2614.25,2618.75,3025.0
2020-03-12 03:25:00,2618.75,2621.0,2617.0,2619.0,1608.0
2020-03-12 03:30:00,2619.25,2623.0,2614.25,2614.75,2275.0
2020-03-12 03:35:00,2614.75,2620.0,2613.25,2618.25,1984.0
2020-03-12 03:40:00,2618.5,2618.5,2613.0,2616.0,2150.0
2020-03-12 03:45:00,2615.75,2627.5,2614.25,2625.25,2499.0
2020-03-12 03:50:00,2625.5,2626.25,2619.5,2620.5,1976.0
2020-03-12 03:55:00,2620.25,2622.5,2617.75,2619.75,1342.0
2020-03-12 04:00:00,2619.25,2619.5,2617.0,2617.25,267.0
