DateTime,Open,High,Low,Close,Volume
2024-01-01 23:00:00,4818.75,4820.75,4818.0,4820.0,1433.0
2024-01-01 23:05:00,4819.75,4820.75,4818.5,4820.0,877.0
2024-01-01 23:10:00,4820.5,4822.5,4820.5,4821.5,1383.0
2024-01-01 23:15:00,4821.25,4821.5,4820.75,4821.0,859.0
2024-01-01 23:20:00,4821.25,4821.5,4820.25,4821.25,1146.0
2024-01-01 23:25:00,4821.25,4822.25,4821.0,4821.5,890.0
2024-01-01 23:30:00,4821.5,4822.25,4821.5,4821.75,1254.0
2024-01-01 23:35:00,4821.5,4821.75,4820.75,4821.5,604.0
2024-01-01 23:40:00,4821.5,4822.0,4821.0,4821.0,1796.0
2024-01-01 23:45:00,4821.0,4821.0,4820.25,4820.25,787.0
2024-01-01 23:50:00,4820.25,4821.0,4820.25,4821.0,531.0
2024-01-01 23:55:00,4820.75,4821.0,4820.75,4820.75,238.0
2024-01-02 00:00:00,4821.0,4821.25,4820.5,4821.25,461.0
2024-01-02 00:05:00,4821.25,4821.25,4820.75,4821.25,392.0
2024-01-02 00:10:00,4821.25,4821.5,4820.75,4820.75,248.0
2024-01-02 00:15:00,4821.0,4821.25,4820.75,4820.75,327.0
2024-01-02 00:20:00,4821.0,4821.0,4820.0,4820.25,378.0
2024-01-02 00:25:00,4820.25,4820.5,4819.25,4819.5,633.0
2024-01-02 00:30:00,4819.5,4819.5,4818.75,4819.0,423.0
2024-01-02 00:35:00,4819.25,4820.5,4819.25,4820.25,402.0
2024-01-02 00:40:00,4820.25,4820.5,4819.75,4820.0,258.0
2024-01-02 00:45:00,4820.25,4820.25,4819.5,4819.75,252.0
2024-01-02 00:50:00,4819.75,4820.25,4819.75,4820.0,326.0
2024-01-02 00:55:00,4820.0,4820.0,4819.5,4819.75,501.0
2024-01-02 01:00:00,4819.5,4821.5,4819.5,4821.5,1312.0
2024-01-02 01:05:00,4821.5,4822.75,4821.5,4821.5,2119.0
2024-01-02 01:10:00,4821.5,4821.75,4820.75,4821.0,1531.0
2024-01-02 01:15:00,4821.0,4822.25,4820.5,4822.0,1927.0
2024-01-02 01:20:00,4822.25,4822.75,4821.5,4822.25,685.0
2024-01-02 01:25:00,4822.0,4822.5,4821.25,4821.25,446.0
2024-01-02 01:30:00,4821.25,4821.5,4820.5,4820.75,503.0
2024-01-02 01:35:00,4820.75,4821.0,4819.75,4820.25,570.0
2024-01-02 01:40:00,4820.25,4820.25,4817.75,4817.75,1136.0
2024-01-02 01:45:00,4818.0,4820.0,4817.75,4818.5,875.0
2024-01-02 01:50:00,4818.25,4819.25,4818.0,4818.75,347.0
2024-01-02 01:55:00,4818.75,4819.5,4818.5,4819.0,443.0
2024-01-02 02:00:00,4819.0,4820.0,4818.75,4819.0,661.0
2024-01-02 02:05:00,4819.0,4819.5,4818.75,4819.0,205.0
2024-01-02 02:10:00,4819.0,4819.25,4819.0,4819.0,267.0
2024-01-02 02:15:00,4819.0,4819.5,4818.5,4819.0,641.0
2024-01-02 02:20:00,4819.0,4819.5,4818.75,4819.25,1075.0
2024-01-02 02:25:00,4819.0,4819.5,4819.0,4819.0,619.0
2024-01-02 02:30:00,4819.25,4819.5,4818.5,4818.75,1335.0
2024-01-02 02:35:00,4819.0,4819.0,4818.25,4818.5,399.0
2024-01-02 02:40:00,4818.25,4819.0,4818.25,4818.75,830.0
2024-01-02 02:45:00,4819.0,4819.25,4818.5,4819.0,439.0
2024-01-02 02:50:00,4819.0,4819.25,4817.0,4817.5,706.0
2024-01-02 02:55:00,4817.25,4818.5,4817.25,4818.25,668.0
2024-01-02 03:00:00,4818.5,4819.25,4818.5,4819.25,513.0
2024-01-02 03:05:00,4819.25,4819.5,4819.0,4819.0,104.0
2024-01-02 03:10:00,4819.25,4820.25,4819.25,4820.0,577.0
2024-01-02 03:15:00,4819.75,4820.0,4819.25,4819.25,396.0
2024-01-02 03:20:00,4819.25,4819.25,4818.75,4819.0,352.0
2024-01-02 03:25:00,4818.75,4819.0,4818.75,4818.75,130.0
2024-01-02 03:30:00,4819.0,4819.5,4818.75,4819.25,284.0
2024-01-02 03:35:00,4819.25,4819.5,4818.25,4818.25,353.0
2024-01-02 03:40:00,4818.25,4819.0,4818.25,4819.0,274.0
2024-01-02 03:45:00,4819.0,4820.0,4819.0,4819.75,429.0
2024-01-02 03:50:00,4819.75,4819.75,4818.5,4818.5,281.0
2024-01-02 03:55:00,4818.5,4819.5,4818.5,4819.25,202.0
2024-01-02 04:00:00,4819.5,4819.5,4819.0,4819.0,192.0
2024-01-02 04:05:00,4819.25,4819.25,4819.0,4819.25,193.0
2024-01-02 04:10:00,4819.25,4820.0,4819.0,4819.75,311.0
2024-01-02 04:15:00,4819.75,4820.0,4819.75,4819.75,100.0
2024-01-02 04:20:00,4820.0,4820.0,4819.5,4819.75,209.0
2024-01-02 04:25:00,4819.75,4820.0,4819.75,4819.75,152.0
2024-01-02 04:30:00,4819.75,4820.25,4819.75,4820.25,245.0
2024-01-02 04:35:00,4820.25,4821.5,4820.25,4821.25,671.0
2024-01-02 04:40:00,4821.25,4821.5,4821.0,4821.25,291.0
2024-01-02 04:45:00,4821.25,4821.25,4820.5,4821.0,161.0
2024-01-02 04:50:00,4821.0,4821.25,4820.75,4821.25,209.0
2024-01-02 04:55:00,4821.25,4821.25,4820.5,4820.75,85.0
2024-01-02 05:00:00,4820.75,4821.25,4820.5,4821.0,316.0
2024-01-02 05:05:00,4821.0,4821.5,4820.75,4821.0,273.0
2024-01-02 05:10:00,4821.25,4822.5,4821.25,4822.25,622.0
2024-01-02 05:15:00,4822.25,4823.0,4822.25,4822.5,553.0
2024-01-02 05:20:00,4822.75,4822.75,4822.5,4822.5,483.0
2024-01-02 05:25:00,4822.75,4823.5,4822.5,4823.25,637.0
2024-01-02 05:30:00,4823.5,4823.5,4822.0,4822.25,739.0
2024-01-02 05:35:00,4822.25,4822.5,4822.0,4822.25,327.0
2024-01-02 05:40:00,4822.25,4822.5,4822.0,4822.5,144.0
2024-01-02 05:45:00,4822.25,4822.25,4822.0,4822.25,98.0
2024-01-02 05:50:00,4822.25,4822.5,4821.75,4822.25,208.0
2024-01-02 05:55:00,4822.5,4822.5,4822.0,4822.25,164.0
2024-01-02 06:00:00,4822.5,4822.5,4822.0,4822.25,244.0
2024-01-02 06:05:00,4822.0,4822.5,4821.5,4821.5,475.0
2024-01-02 06:10:00,4821.75,4822.0,4821.0,4821.25,393.0
2024-01-02 06:15:00,4821.25,4821.5,4821.0,4821.25,195.0
2024-01-02 06:20:00,4821.0,4821.5,4821.0,4821.25,156.0
2024-01-02 06:25:00,4821.25,4821.75,4821.0,4821.25,348.0
2024-01-02 06:30:00,4821.25,4821.75,4821.0,4821.0,215.0
2024-01-02 06:35:00,4821.0,4821.0,4820.25,4820.5,387.0
2024-01-02 06:40:00,4820.5,4821.0,4820.0,4820.75,454.0
2024-01-02 06:45:00,4821.0,4821.5,4820.75,4821.0,623.0
2024-01-02 06:50:00,4821.25,4821.75,4821.25,4821.25,272.0
2024-01-02 06:55:00,4821.25,4821.25,4819.75,4820.0,679.0
2024-01-02 07:00:00,4820.25,4821.5,4820.0,4820.5,624.0
2024-01-02 07:05:00,4820.5,4821.25,4820.25,4821.25,433.0
2024-01-02 07:10:00,4821.0,4823.25,4821.0,4823.0,974.0
2024-01-02 07:15:00,4823.0,4823.5,4822.5,4823.5,583.0
2024-01-02 07:20:00,4823.5,4823.5,4822.75,4823.5,354.0
2024-01-02 07:25:00,4823.5,4824.0,4823.0,4823.25,613.0
2024-01-02 07:30:00,4823.5,4823.5,4823.0,4823.25,293.0
2024-01-02 07:35:00,4823.25,4823.25,4822.75,4822.75,311.0
2024-01-02 07:40:00,4822.75,4823.0,4821.75,4822.0,637.0
2024-01-02 07:45:00,4822.0,4822.75,4821.25,4822.75,941.0
2024-01-02 07:50:00,4822.75,4822.75,4822.0,4822.25,512.0
2024-01-02 07:55:00,4822.0,4823.25,4821.75,4822.75,566.0
2024-01-02 08:00:00,4822.75,4825.75,4822.25,4825.5,2218.0
2024-01-02 08:05:00,4825.75,4826.0,4823.75,4823.75,2171.0
2024-01-02 08:10:00,4824.0,4824.75,4823.5,4824.5,1124.0
2024-01-02 08:15:00,4824.5,4825.5,4824.0,4825.5,1158.0
2024-01-02 08:20:00,4825.5,4825.75,4824.25,4825.5,1234.0
2024-01-02 08:25:00,4825.5,4826.25,4825.25,4826.25,1172.0
2024-01-02 08:30:00,4826.0,4828.0,4825.25,4827.25,1586.0
2024-01-02 08:35:00,4827.25,4828.0,4827.0,4827.75,1384.0
2024-01-02 08:40:00,4827.5,4827.75,4827.0,4827.75,1087.0
2024-01-02 08:45:00,4827.5,4827.75,4825.75,4826.5,1145.0
2024-01-02 08:50:00,4826.25,4826.75,4825.75,4826.5,1070.0
2024-01-02 08:55:00,4826.5,4827.0,4826.25,4826.5,1324.0
2024-01-02 09:00:00,4826.25,4826.75,4825.5,4825.5,1510.0
2024-01-02 09:05:00,4825.5,4825.75,4824.25,4824.5,1449.0
2024-01-02 09:10:00,4824.5,4825.0,4822.0,4822.5,1898.0
2024-01-02 09:15:00,4822.5,4823.0,4820.75,4821.5,1015.0
2024-01-02 09:20:00,4821.5,4821.75,4820.0,4820.25,1210.0
2024-01-02 09:25:00,4820.0,4820.5,4819.0,4820.5,1423.0
2024-01-02 09:30:00,4820.5,4820.75,4819.75,4820.0,742.0
2024-01-02 09:35:00,4820.0,4820.0,4817.75,4818.25,1553.0
2024-01-02 09:40:00,4818.25,4818.25,4816.25,4817.0,2037.0
2024-01-02 09:45:00,4817.25,4818.0,4817.0,4817.75,1213.0
2024-01-02 09:50:00,4817.5,4817.5,4815.25,4815.5,1583.0
2024-01-02 09:55:00,4815.5,4817.0,4815.0,4816.25,948.0
2024-01-02 10:00:00,4816.25,4817.0,4815.75,4816.75,1056.0
2024-01-02 10:05:00,4816.5,4817.0,4815.25,4815.5,661.0
2024-01-02 10:10:00,4815.5,4816.0,4814.0,4814.0,1201.0
2024-01-02 10:15:00,4814.0,4815.75,4813.75,4815.75,1315.0
2024-01-02 10:20:00,4815.75,4816.75,4815.25,4816.0,1086.0
2024-01-02 10:25:00,4815.75,4816.0,4813.5,4813.5,1167.0
2024-01-02 10:30:00,4813.5,4815.25,4813.0,4815.25,1780.0
2024-01-02 10:35:00,4815.25,4815.75,4814.75,4815.75,513.0
2024-01-02 10:40:00,4815.5,4817.75,4815.5,4817.25,3548.0
2024-01-02 10:45:00,4817.25,4817.5,4816.5,4817.0,1827.0
2024-01-02 10:50:00,4817.0,4817.0,4814.75,4815.25,2303.0
2024-01-02 10:55:00,4815.0,4816.0,4813.0,4813.0,2017.0
2024-01-02 11:00:00,4813.25,4813.5,4812.0,4812.75,1901.0
2024-01-02 11:05:00,4812.75,4813.25,4807.75,4808.25,3432.0
2024-01-02 11:10:00,4808.5,4808.75,4805.25,4805.5,3164.0
2024-01-02 11:15:00,4805.75,4806.25,4797.5,4798.0,9678.0
2024-01-02 11:20:00,4798.0,4800.25,4796.5,4797.5,4645.0
2024-01-02 11:25:00,4797.5,4798.5,4793.25,4795.0,4331.0
2024-01-02 11:30:00,4794.75,4795.25,4791.25,4793.25,4385.0
2024-01-02 11:35:00,4793.25,4793.25,4786.25,4787.0,4948.0
2024-01-02 11:40:00,4787.25,4789.75,4786.75,4787.5,3600.0
2024-01-02 11:45:00,4787.75,4791.0,4787.75,4790.75,3463.0
2024-01-02 11:50:00,4790.75,4791.25,4789.0,4789.75,2661.0
2024-01-02 11:55:00,4789.75,4792.75,4789.75,4791.75,2143.0
2024-01-02 12:00:00,4791.75,4791.75,4789.25,4789.5,2235.0
2024-01-02 12:05:00,4789.5,4789.5,4786.0,4787.75,3147.0
2024-01-02 12:10:00,4787.75,4790.5,4787.75,4788.75,2859.0
2024-01-02 12:15:00,4789.0,4790.25,4786.5,4787.0,1932.0
2024-01-02 12:20:00,4787.0,4789.0,4786.0,4788.5,1456.0
2024-01-02 12:25:00,4788.5,4789.25,4787.25,4787.25,2083.0
2024-01-02 12:30:00,4787.25,4788.25,4786.75,4788.0,1345.0
2024-01-02 12:35:00,4788.0,4788.0,4785.25,4785.5,1514.0
2024-01-02 12:40:00,4785.25,4786.75,4784.75,4786.25,1997.0
2024-01-02 12:45:00,4786.25,4786.25,4784.5,4784.5,1675.0
2024-01-02 12:50:00,4784.75,4785.0,4781.5,4782.0,5522.0
2024-01-02 12:55:00,4781.75,4782.25,4778.25,4779.75,5887.0
2024-01-02 13:00:00,4779.5,4781.75,4777.75,4781.25,4772.0
2024-01-02 13:05:00,4781.0,4782.25,4780.0,4781.25,2595.0
2024-01-02 13:10:00,4781.0,4782.0,4778.75,4779.25,3372.0
2024-01-02 13:15:00,4779.25,4780.0,4778.0,4779.5,2671.0
2024-01-02 13:20:00,4779.5,4780.5,4778.25,4779.75,3223.0
2024-01-02 13:25:00,4780.0,4781.75,4779.0,4780.0,4184.0
2024-01-02 13:30:00,4779.75,4784.25,4778.0,4784.0,5415.0
2024-01-02 13:35:00,4784.25,4785.25,4780.5,4781.0,4732.0
2024-01-02 13:40:00,4781.0,4783.25,4781.0,4783.0,3640.0
2024-01-02 13:45:00,4783.0,4783.5,4780.5,4781.0,2721.0
2024-01-02 13:50:00,4781.0,4782.0,4780.0,4781.5,2521.0
2024-01-02 13:55:00,4781.75,4783.25,4781.25,4783.25,3211.0
2024-01-02 14:00:00,4783.25,4784.25,4780.25,4780.25,7101.0
2024-01-02 14:05:00,4780.25,4783.5,4777.25,4783.25,9510.0
2024-01-02 14:10:00,4783.25,4784.75,4782.0,4784.25,6507.0
2024-01-02 14:15:00,4784.25,4785.0,4784.0,4785.0,6530.0
2024-01-02 14:20:00,4785.0,4786.75,4784.0,4786.5,5853.0
2024-01-02 14:25:00,4786.5,4787.0,4783.0,4783.25,8318.0
2024-01-02 14:30:00,4783.5,4789.75,4782.25,4788.5,52238.0
2024-01-02 14:35:00,4788.5,4789.5,4781.25,4781.75,40366.0
2024-01-02 14:40:00,4782.0,4782.5,4778.0,4778.5,35921.0
2024-01-02 14:45:00,4778.5,4781.75,4775.0,4775.0,28332.0
2024-01-02 14:50:00,4775.0,4780.0,4774.0,4775.25,31914.0
2024-01-02 14:55:00,4775.0,4780.5,4774.25,4780.5,25505.0
2024-01-02 15:00:00,4780.5,4787.75,4779.5,4786.5,27174.0
2024-01-02 15:05:00,4786.25,4786.75,4780.5,4781.5,22522.0
2024-01-02 15:10:00,4781.5,4785.5,4781.5,4784.5,20093.0
2024-01-02 15:15:00,4784.25,4784.5,4780.0,4781.25,19734.0
2024-01-02 15:20:00,4781.5,4785.0,4780.75,4784.5,14783.0
2024-01-02 15:25:00,4784.25,4784.75,4776.5,4777.0,18441.0
2024-01-02 15:30:00,4777.0,4779.75,4774.5,4775.25,16827.0
2024-01-02 15:35:00,4775.25,4776.0,4773.25,4773.75,16717.0
2024-01-02 15:40:00,4773.75,4778.25,4773.75,4777.75,15920.0
2024-01-02 15:45:00,4778.0,4781.0,4777.5,4778.75,14312.0
2024-01-02 15:50:00,4778.75,4779.5,4776.25,4776.75,14163.0
2024-01-02 15:55:00,4776.75,4778.25,4775.0,4776.25,10214.0
2024-01-02 16:00:00,4776.25,4779.75,4775.75,4779.0,12761.0
2024-01-02 16:05:00,4778.75,4782.0,4778.25,4780.25,13008.0
2024-01-02 16:10:00,4780.0,4785.0,4780.0,4780.75,17359.0
2024-01-02 16:15:00,4780.75,4784.25,4780.75,4782.25,14449.0
2024-01-02 16:20:00,4782.25,4783.75,4781.0,4781.5,10693.0
2024-01-02 16:25:00,4781.5,4783.25,4780.25,4782.75,11350.0
2024-01-02 16:30:00,4782.75,4786.75,4782.5,4786.25,13438.0
2024-01-02 16:35:00,4786.25,4787.0,4784.5,4786.0,9978.0
2024-01-02 16:40:00,4785.75,4786.5,4784.25,4786.5,8017.0
2024-01-02 16:45:00,4786.75,4792.25,4785.75,4790.0,17523.0
2024-01-02 16:50:00,4790.0,4792.25,4789.25,4791.0,11502.0
2024-01-02 16:55:00,4791.0,4794.0,4790.75,4791.75,9392.0
2024-01-02 17:00:00,4792.0,4794.5,4791.25,4792.75,10258.0
2024-01-02 17:05:00,4792.75,4793.5,4791.75,4793.0,10326.0
2024-01-02 17:10:00,4793.25,4794.5,4792.0,4793.25,8666.0
2024-01-02 17:15:00,4793.25,4794.0,4788.25,4790.25,15803.0
2024-01-02 17:20:00,4790.0,4793.25,4789.75,4791.0,11771.0
2024-01-02 17:25:00,4790.75,4792.5,4789.75,4791.75,8544.0
2024-01-02 17:30:00,4791.75,4793.0,4790.0,4792.25,7798.0
2024-01-02 17:35:00,4792.0,4796.0,4792.0,4795.5,9219.0
2024-01-02 17:40:00,4795.5,4797.5,4795.0,4796.0,9828.0
2024-01-02 17:45:00,4795.75,4796.25,4789.5,4790.75,9701.0
2024-01-02 17:50:00,4790.75,4791.5,4788.0,4789.5,11488.0
2024-01-02 17:55:00,4789.25,4790.5,4786.5,4786.75,10413.0
2024-01-02 18:00:00,4787.0,4788.0,4784.75,4785.75,11922.0
2024-01-02 18:05:00,4785.75,4787.25,4784.75,4785.0,8326.0
2024-01-02 18:10:00,4784.75,4787.25,4783.5,4786.75,12650.0
2024-01-02 18:15:00,4786.75,4788.75,4785.5,4788.25,8650.0
2024-01-02 18:20:00,4788.25,4788.5,4785.75,4786.75,6024.0
2024-01-02 18:25:00,4786.75,4790.5,4786.75,4788.75,10664.0
2024-01-02 18:30:00,4788.75,4789.0,4785.5,4787.5,8037.0
2024-01-02 18:35:00,4787.5,4790.0,4787.0,4789.25,6977.0
2024-01-02 18:40:00,4789.25,4790.25,4787.5,4789.75,8741.0
2024-01-02 18:45:00,4789.75,4790.5,4787.0,4788.25,7789.0
2024-01-02 18:50:00,4788.25,4788.5,4784.5,4784.5,9630.0
2024-01-02 18:55:00,4784.25,4785.0,4780.75,4781.25,14965.0
2024-01-02 19:00:00,4781.25,4783.25,4779.5,4780.5,12057.0
2024-01-02 19:05:00,4780.25,4780.75,4776.0,4777.0,15476.0
2024-01-02 19:10:00,4777.0,4781.5,4776.75,4780.75,12591.0
2024-01-02 19:15:00,4780.75,4781.0,4777.5,4778.5,6729.0
2024-01-02 19:20:00,4778.5,4779.25,4776.75,4777.25,5709.0
2024-01-02 19:25:00,4777.25,4779.0,4776.75,4778.5,6539.0
2024-01-02 19:30:00,4778.25,4781.25,4777.25,4778.0,11754.0
2024-01-02 19:35:00,4778.0,4778.5,4776.75,4776.75,5675.0
2024-01-02 19:40:00,4776.75,4777.25,4775.25,4776.5,8162.0
2024-01-02 19:45:00,4776.5,4777.25,4775.25,4775.25,7227.0
2024-01-02 19:50:00,4775.25,4775.75,4771.0,4771.5,16373.0
2024-01-02 19:55:00,4771.5,4773.25,4770.5,4771.0,10950.0
2024-01-02 20:00:00,4771.0,4771.25,4768.0,4768.25,20583.0
2024-01-02 20:05:00,4768.0,4768.75,4765.5,4768.0,21855.0
2024-01-02 20:10:00,4768.0,4769.75,4766.5,4767.0,10740.0
2024-01-02 20:15:00,4767.0,4771.5,4766.0,4770.5,16752.0
2024-01-02 20:20:00,4770.25,4771.0,4767.5,4769.25,15259.0
2024-01-02 20:25:00,4769.5,4770.75,4768.0,4770.25,11047.0
2024-01-02 20:30:00,4770.0,4772.75,4769.25,4771.75,13909.0
2024-01-02 20:35:00,4772.0,4772.0,4768.25,4768.5,9353.0
2024-01-02 20:40:00,4768.75,4770.25,4767.75,4769.25,10069.0
2024-01-02 20:45:00,4769.5,4772.75,4769.25,4772.25,16852.0
2024-01-02 20:50:00,4772.5,4782.25,4772.0,4781.5,42642.0
2024-01-02 20:55:00,4781.5,4787.75,4779.5,4787.25,49590.0
2024-01-02 21:00:00,4787.25,4789.25,4784.5,4788.25,70178.0
2024-01-02 21:05:00,4788.5,4789.5,4787.25,4788.5,9054.0
2024-01-02 21:10:00,4788.5,4789.25,4787.5,4787.5,7350.0
2024-01-02 21:15:00,4787.5,4788.25,4787.0,4787.0,3304.0
2024-01-02 21:20:00,4787.0,4787.75,4787.0,4787.0,894.0
2024-01-02 21:25:00,4787.25,4788.0,4787.0,4787.25,964.0
2024-01-02 21:30:00,4787.0,4787.25,4786.75,4786.75,652.0
2024-01-02 21:35:00,4787.0,4788.5,4787.0,4788.0,1936.0
2024-01-02 21:40:00,4787.75,4788.5,4787.5,4788.5,1045.0
2024-01-02 21:45:00,4788.5,4789.5,4788.25,4789.0,1146.0
2024-01-02 21:50:00,4789.25,4789.5,4788.5,4788.75,1670.0
2024-01-02 21:55:00,4788.5,4789.25,4788.5,4788.75,925.0
2024-01-02 22:00:00,4788.75,4789.0,4788.25,4788.5,380.0
2024-01-02 23:00:00,4790.75,4790.75,4788.75,4790.0,1028.0
2024-01-02 23:05:00,4790.0,4790.75,4789.75,4789.75,329.0
2024-01-02 23:10:00,4790.0,4790.25,4788.75,4788.75,299.0
2024-01-02 23:15:00,4789.0,4789.25,4787.5,4787.5,477.0
2024-01-02 23:20:00,4787.5,4788.5,4786.75,4787.0,481.0
2024-01-02 23:25:00,4787.0,4787.75,4787.0,4787.25,461.0
2024-01-02 23:30:00,4787.25,4788.0,4787.25,4787.75,197.0
2024-01-02 23:35:00,4787.75,4788.25,4787.5,4788.0,240.0
2024-01-02 23:40:00,4788.25,4788.25,4787.75,4788.0,302.0
2024-01-02 23:45:00,4788.0,4788.5,4787.5,4788.25,258.0
2024-01-02 23:50:00,4788.25,4788.5,4788.0,4788.25,111.0
2024-01-02 23:55:00,4788.25,4788.75,4788.25,4788.75,171.0
2024-01-03 00:00:00,4788.75,4789.0,4787.75,4788.25,286.0
2024-01-03 00:05:00,4788.25,4788.5,4788.0,4788.25,183.0
2024-01-03 00:10:00,4788.0,4788.25,4787.75,4788.25,320.0
2024-01-03 00:15:00,4788.25,4789.0,4788.25,4788.25,233.0
2024-01-03 00:20:00,4788.25,4788.5,4788.0,4788.5,126.0
2024-01-03 00:25:00,4788.75,4789.25,4788.75,4789.0,478.0
2024-01-03 00:30:00,4788.75,4788.75,4788.25,4788.75,204.0
2024-01-03 00:35:00,4788.75,4789.0,4788.0,4788.25,392.0
2024-01-03 00:40:00,4788.0,4788.0,4786.5,4786.5,470.0
2024-01-03 00:45:00,4786.75,4787.0,4786.5,4786.75,232.0
2024-01-03 00:50:00,4786.75,4786.75,4785.75,4786.25,495.0
2024-01-03 00:55:00,4786.25,4786.75,4786.0,4786.25,222.0
2024-01-03 01:00:00,4786.5,4787.5,4786.0,4786.5,620.0
2024-01-03 01:05:00,4786.5,4787.0,4786.25,4787.0,214.0
2024-01-03 01:10:00,4787.0,4787.0,4785.75,4786.0,425.0
2024-01-03 01:15:00,4786.0,4786.25,4785.25,4786.25,542.0
2024-01-03 01:20:00,4786.0,4786.75,4785.75,4786.25,433.0
2024-01-03 01:25:00,4786.0,4787.0,4785.75,4786.75,490.0
2024-01-03 01:30:00,4786.5,4787.0,4786.25,4786.25,616.0
2024-01-03 01:35:00,4786.25,4787.0,4785.75,4786.0,552.0
2024-01-03 01:40:00,4786.0,4786.25,4785.75,4786.0,331.0
2024-01-03 01:45:00,4786.0,4786.75,4785.75,4786.25,371.0
2024-01-03 01:50:00,4786.25,4787.0,4786.0,4786.75,401.0
2024-01-03 01:55:00,4786.75,4787.25,4786.25,4786.25,643.0
2024-01-03 02:00:00,4786.25,4787.0,4786.25,4786.75,247.0
2024-01-03 02:05:00,4786.75,4787.0,4786.5,4786.5,254.0
2024-01-03 02:10:00,4786.75,4786.75,4786.25,4786.75,311.0
2024-01-03 02:15:00,4786.5,4786.75,4785.75,4785.75,260.0
2024-01-03 02:20:00,4785.75,4786.0,4785.0,4785.5,516.0
2024-01-03 02:25:00,4785.25,4785.25,4784.25,4784.75,970.0
2024-01-03 02:30:00,4784.75,4785.75,4784.75,4785.0,488.0
2024-01-03 02:35:00,4784.75,4786.0,4784.75,4785.75,238.0
2024-01-03 02:40:00,4785.5,4785.75,4785.25,4785.25,246.0
2024-01-03 02:45:00,4785.5,4785.75,4785.0,4785.0,202.0
2024-01-03 02:50:00,4785.0,4785.75,4785.0,4785.5,275.0
2024-01-03 02:55:00,4785.25,4785.25,4784.25,4785.0,336.0
2024-01-03 03:00:00,4785.0,4785.5,4784.75,4785.5,188.0
2024-01-03 03:05:00,4785.75,4786.0,4785.5,4785.5,207.0
2024-01-03 03:10:00,4785.5,4786.0,4785.25,4785.25,322.0
2024-01-03 03:15:00,4785.5,4785.5,4784.25,4784.75,302.0
2024-01-03 03:20:00,4784.5,4784.75,4784.5,4784.75,213.0
2024-01-03 03:25:00,4784.5,4785.0,4784.25,4784.5,621.0
2024-01-03 03:30:00,4784.5,4785.75,4784.5,4785.5,265.0
2024-01-03 03:35:00,4785.75,4785.75,4785.0,4785.0,135.0
2024-01-03 03:40:00,4785.0,4785.25,4784.75,4785.25,199.0
2024-01-03 03:45:00,4785.25,4785.25,4785.0,4785.0,132.0
2024-01-03 03:50:00,4785.25,4785.25,4784.75,4785.25,223.0
2024-01-03 03:55:00,4785.0,4785.0,4784.5,4784.5,244.0
2024-01-03 04:00:00,4784.75,4785.0,4784.25,4784.5,246.0
2024-01-03 04:05:00,4784.5,4784.75,4784.25,4784.75,428.0
2024-01-03 04:10:00,4784.75,4784.75,4784.25,4784.5,367.0
2024-01-03 04:15:00,4784.5,4784.75,4784.25,4784.5,75.0
2024-01-03 04:20:00,4784.25,4784.75,4784.25,4784.75,387.0
2024-01-03 04:25:00,4784.75,4784.75,4784.5,4784.5,152.0
2024-01-03 04:30:00,4784.75,4784.75,4784.25,4784.5,203.0
2024-01-03 04:35:00,4784.5,4784.5,4783.5,4783.75,524.0
2024-01-03 04:40:00,4783.75,4784.0,4783.5,4783.5,235.0
2024-01-03 04:45:00,4783.5,4784.0,4783.25,4783.75,461.0
2024-01-03 04:50:00,4783.5,4783.75,4783.25,4783.5,417.0
2024-01-03 04:55:00,4783.25,4783.75,4783.25,4783.5,257.0
2024-01-03 05:00:00,4783.5,4783.5,4782.5,4782.75,841.0
2024-01-03 05:05:00,4782.75,4783.0,4782.75,4783.0,405.0
2024-01-03 05:10:00,4783.0,4783.25,4782.25,4782.5,500.0
2024-01-03 05:15:00,4782.5,4783.75,4781.75,4783.5,585.0
2024-01-03 05:20:00,4783.5,4783.5,4782.25,4782.25,214.0
2024-01-03 05:25:00,4782.25,4782.75,4782.0,4782.5,209.0
2024-01-03 05:30:00,4782.5,4784.0,4782.5,4784.0,495.0
2024-01-03 05:35:00,4784.0,4784.0,4783.5,4783.75,240.0
2024-01-03 05:40:00,4783.75,4784.0,4783.0,4783.0,194.0
2024-01-03 05:45:00,4783.25,4784.0,4783.0,4783.75,407.0
2024-01-03 05:50:00,4783.75,4784.0,4783.25,4783.5,118.0
2024-01-03 05:55:00,4783.75,4784.0,4783.5,4783.75,140.0
2024-01-03 06:00:00,4784.0,4784.0,4783.5,4784.0,330.0
2024-01-03 06:05:00,4784.0,4784.25,4783.25,4783.5,355.0
2024-01-03 06:10:00,4783.5,4784.0,4783.0,4783.75,255.0
2024-01-03 06:15:00,4784.0,4784.5,4784.0,4784.5,342.0
2024-01-03 06:20:00,4784.5,4784.75,4784.25,4784.5,214.0
2024-01-03 06:25:00,4784.5,4785.5,4784.5,4785.25,529.0
2024-01-03 06:30:00,4785.25,4785.5,4784.75,4785.0,571.0
2024-01-03 06:35:00,4784.75,4785.0,4784.5,4785.0,182.0
2024-01-03 06:40:00,4785.0,4785.5,4784.75,4785.5,199.0
2024-01-03 06:45:00,4785.5,4785.75,4785.0,4785.0,394.0
2024-01-03 06:50:00,4785.25,4785.5,4784.75,4785.0,234.0
2024-01-03 06:55:00,4785.0,4785.0,4784.5,4784.5,276.0
2024-01-03 07:00:00,4784.75,4785.0,4784.0,4784.25,395.0
2024-01-03 07:05:00,4784.25,4784.25,4783.0,4784.0,568.0
2024-01-03 07:10:00,4784.0,4784.75,4783.75,4784.25,393.0
2024-01-03 07:15:00,4784.25,4784.5,4783.25,4784.0,397.0
2024-01-03 07:20:00,4783.75,4784.75,4783.0,4784.75,549.0
2024-01-03 07:25:00,4784.75,4785.25,4784.75,4785.0,465.0
2024-01-03 07:30:00,4785.0,4785.5,4784.0,4784.25,353.0
2024-01-03 07:35:00,4784.5,4785.5,4784.5,4784.75,509.0
2024-01-03 07:40:00,4785.0,4785.5,4784.75,4785.25,830.0
2024-01-03 07:45:00,4785.0,4785.75,4784.75,4785.5,581.0
2024-01-03 07:50:00,4785.5,4785.75,4785.0,4785.5,266.0
2024-01-03 07:55:00,4785.5,4786.0,4785.25,4786.0,730.0
2024-01-03 08:00:00,4786.0,4786.25,4783.75,4785.0,2922.0
2024-01-03 08:05:00,4784.75,4786.5,4784.25,4786.0,1540.0
2024-01-03 08:10:00,4786.0,4788.0,4785.75,4787.0,1429.0
2024-01-03 08:15:00,4787.0,4788.0,4786.5,4787.5,1277.0
2024-01-03 08:20:00,4787.75,4789.0,4787.25,4787.25,1428.0
2024-01-03 08:25:00,4787.25,4787.5,4783.75,4784.0,1447.0
2024-01-03 08:30:00,4783.75,4787.0,4783.25,4785.75,2172.0
2024-01-03 08:35:00,4785.5,4786.75,4785.0,4786.0,1015.0
2024-01-03 08:40:00,4785.75,4786.5,4784.0,4784.25,1158.0
2024-01-03 08:45:00,4784.5,4785.5,4783.75,4785.5,1246.0
2024-01-03 08:50:00,4785.5,4785.5,4782.0,4782.75,1936.0
2024-01-03 08:55:00,4782.75,4782.75,4781.5,4782.0,1703.0
2024-01-03 09:00:00,4781.75,4783.0,4781.5,4781.75,2045.0
2024-01-03 09:05:00,4781.5,4781.75,4778.25,4778.5,3461.0
2024-01-03 09:10:00,4778.5,4780.0,4778.25,4778.75,2493.0
2024-01-03 09:15:00,4778.75,4779.25,4777.25,4778.0,2214.0
2024-01-03 09:20:00,4778.25,4779.75,4778.0,4779.75,1444.0
2024-01-03 09:25:00,4780.0,4780.25,4778.75,4779.25,1036.0
2024-01-03 09:30:00,4779.25,4779.75,4778.25,4778.75,1003.0
2024-01-03 09:35:00,4779.0,4780.0,4778.75,4779.75,951.0
2024-01-03 09:40:00,4779.75,4780.0,4776.75,4777.5,1765.0
2024-01-03 09:45:00,4777.5,4778.5,4776.0,4776.25,1861.0
2024-01-03 09:50:00,4776.0,4776.5,4775.5,4775.75,1898.0
2024-01-03 09:55:00,4776.0,4776.75,4775.75,4776.25,1329.0
2024-01-03 10:00:00,4776.25,4776.5,4774.5,4776.0,1905.0
2024-01-03 10:05:00,4776.0,4777.25,4775.5,4775.5,1156.0
2024-01-03 10:10:00,4775.75,4778.0,4775.25,4776.75,1345.0
2024-01-03 10:15:00,4776.5,4777.5,4775.5,4775.75,1052.0
2024-01-03 10:20:00,4776.0,4776.75,4775.25,4775.25,841.0
2024-01-03 10:25:00,4775.5,4776.0,4774.5,4776.0,1312.0
2024-01-03 10:30:00,4775.75,4777.75,4775.0,4777.5,863.0
2024-01-03 10:35:00,4777.5,4779.0,4776.5,4777.25,1314.0
2024-01-03 10:40:00,4777.25,4779.5,4777.0,4779.25,1599.0
2024-01-03 10:45:00,4779.25,4780.0,4777.75,4778.25,1071.0
2024-01-03 10:50:00,4778.25,4779.0,4777.5,4778.75,645.0
2024-01-03 10:55:00,4778.75,4779.0,4776.25,4777.0,1096.0
2024-01-03 11:00:00,4777.0,4777.75,4776.5,4777.0,881.0
2024-01-03 11:05:00,4777.0,4777.5,4776.0,4777.0,625.0
2024-01-03 11:10:00,4777.0,4778.0,4776.0,4776.5,605.0
2024-01-03 11:15:00,4776.5,4776.5,4775.5,4775.75,531.0
2024-01-03 11:20:00,4775.75,4776.25,4774.75,4774.75,614.0
2024-01-03 11:25:00,4774.75,4775.0,4772.75,4773.0,1416.0
2024-01-03 11:30:00,4773.0,4773.25,4772.0,4772.5,1142.0
2024-01-03 11:35:00,4772.5,4773.0,4771.5,4771.75,1453.0
2024-01-03 11:40:00,4772.0,4773.0,4771.5,4772.75,1866.0
2024-01-03 11:45:00,4772.75,4773.75,4772.0,4772.5,1408.0
2024-01-03 11:50:00,4772.5,4773.0,4772.0,4772.0,1512.0
2024-01-03 11:55:00,4772.0,4773.25,4771.0,4773.0,2235.0
2024-01-03 12:00:00,4773.0,4773.0,4771.0,4771.5,1809.0
2024-01-03 12:05:00,4771.25,4771.5,4769.5,4770.5,2341.0
2024-01-03 12:10:00,4770.75,4771.0,4769.5,4769.5,1684.0
2024-01-03 12:15:00,4769.25,4771.5,4769.25,4770.0,2045.0
2024-01-03 12:20:00,4770.25,4770.5,4768.0,4768.0,3493.0
2024-01-03 12:25:00,4768.25,4768.5,4767.5,4768.25,2769.0
2024-01-03 12:30:00,4768.25,4769.0,4767.25,4768.25,2445.0
2024-01-03 12:35:00,4768.25,4768.5,4766.25,4766.5,2962.0
2024-01-03 12:40:00,4766.5,4768.0,4766.0,4766.25,2350.0
2024-01-03 12:45:00,4766.25,4768.0,4766.0,4767.75,1736.0
2024-01-03 12:50:00,4767.5,4770.0,4767.0,4769.25,3227.0
2024-01-03 12:55:00,4769.0,4769.0,4766.25,4766.75,3307.0
2024-01-03 13:00:00,4766.75,4767.75,4765.5,4767.75,3043.0
2024-01-03 13:05:00,4767.5,4767.75,4766.5,4767.25,2668.0
2024-01-03 13:10:00,4767.0,4768.5,4767.0,4767.75,2086.0
2024-01-03 13:15:00,4767.75,4771.0,4767.5,4771.0,3953.0
2024-01-03 13:20:00,4770.75,4771.5,4769.5,4769.5,4055.0
2024-01-03 13:25:00,4769.75,4771.75,4769.75,4771.0,2739.0
2024-01-03 13:30:00,4771.25,4771.25,4768.75,4770.0,3931.0
2024-01-03 13:35:00,4770.0,4772.0,4770.0,4771.75,3055.0
2024-01-03 13:40:00,4771.75,4772.75,4770.75,4771.25,2736.0
2024-01-03 13:45:00,4771.0,4771.0,4768.5,4769.5,2863.0
2024-01-03 13:50:00,4769.25,4771.0,4768.5,4768.75,3030.0
2024-01-03 13:55:00,4768.75,4769.25,4765.75,4766.25,4936.0
2024-01-03 14:00:00,4766.5,4768.0,4765.25,4765.75,4722.0
2024-01-03 14:05:00,4765.75,4766.0,4763.25,4765.0,7611.0
2024-01-03 14:10:00,4764.75,4764.75,4762.75,4763.25,7709.0
2024-01-03 14:15:00,4763.25,4765.0,4762.5,4764.75,5956.0
2024-01-03 14:20:00,4764.5,4766.75,4762.25,4764.0,7823.0
2024-01-03 14:25:00,4764.0,4764.5,4762.25,4763.75,4997.0
2024-01-03 14:30:00,4763.5,4765.25,4760.25,4761.75,48507.0
2024-01-03 14:35:00,4761.75,4763.75,4760.5,4762.25,30207.0
2024-01-03 14:40:00,4762.25,4765.0,4761.5,4762.5,22424.0
2024-01-03 14:45:00,4762.5,4763.25,4760.0,4761.75,21406.0
2024-01-03 14:50:00,4761.75,4764.5,4761.0,4761.25,19950.0
2024-01-03 14:55:00,4761.25,4761.5,4756.0,4757.75,29507.0
2024-01-03 15:00:00,4758.0,4767.75,4757.25,4765.5,49386.0
2024-01-03 15:05:00,4765.25,4769.5,4761.75,4762.5,30413.0
2024-01-03 15:10:00,4762.5,4763.0,4754.5,4755.5,32332.0
2024-01-03 15:15:00,4755.5,4755.5,4752.5,4753.75,24862.0
2024-01-03 15:20:00,4753.75,4754.25,4751.75,4752.75,20482.0
2024-01-03 15:25:00,4752.5,4757.5,4752.0,4756.0,22795.0
2024-01-03 15:30:00,4756.0,4756.75,4752.0,4752.75,17804.0
2024-01-03 15:35:00,4752.75,4754.5,4748.5,4748.5,26678.0
2024-01-03 15:40:00,4748.5,4750.25,4747.25,4749.5,22701.0
2024-01-03 15:45:00,4749.5,4750.25,4746.5,4747.75,16815.0
2024-01-03 15:50:00,4747.75,4751.25,4747.0,4750.0,14952.0
2024-01-03 15:55:00,4750.0,4753.0,4747.75,4752.75,14577.0
2024-01-03 16:00:00,4752.75,4758.0,4752.0,4756.0,26513.0
2024-01-03 16:05:00,4756.0,4757.25,4754.75,4756.75,18058.0
2024-01-03 16:10:00,4756.75,4757.75,4754.25,4756.5,11531.0
2024-01-03 16:15:00,4756.75,4758.5,4753.75,4754.0,11974.0
2024-01-03 16:20:00,4754.0,4757.0,4753.75,4755.0,11942.0
2024-01-03 16:25:00,4755.25,4759.0,4754.25,4756.0,12913.0
2024-01-03 16:30:00,4756.0,4758.0,4754.5,4757.5,11715.0
2024-01-03 16:35:00,4757.25,4757.25,4754.0,4754.75,9252.0
2024-01-03 16:40:00,4755.0,4755.0,4750.5,4753.5,13374.0
2024-01-03 16:45:00,4753.5,4755.5,4753.25,4753.75,7907.0
2024-01-03 16:50:00,4753.75,4756.0,4753.75,4754.25,6398.0
2024-01-03 16:55:00,4754.25,4755.0,4751.5,4752.0,6932.0
2024-01-03 17:00:00,4752.0,4753.5,4750.75,4752.75,7336.0
2024-01-03 17:05:00,4752.75,4755.0,4752.25,4752.5,6680.0
2024-01-03 17:10:00,4752.5,4752.5,4749.75,4751.25,8133.0
2024-01-03 17:15:00,4751.25,4752.5,4749.5,4749.5,8303.0
2024-01-03 17:20:00,4749.75,4750.75,4749.0,4750.75,5913.0
2024-01-03 17:25:00,4750.75,4754.25,4750.25,4753.75,10804.0
2024-01-03 17:30:00,4753.75,4756.25,4752.75,4755.5,9022.0
2024-01-03 17:35:00,4755.25,4757.25,4755.25,4756.25,7638.0
2024-01-03 17:40:00,4756.25,4759.25,4755.75,4758.75,8082.0
2024-01-03 17:45:00,4758.5,4758.75,4756.75,4757.0,7837.0
2024-01-03 17:50:00,4757.0,4759.0,4756.75,4757.5,5853.0
2024-01-03 17:55:00,4757.5,4762.75,4757.25,4761.5,12373.0
2024-01-03 18:00:00,4761.5,4767.5,4761.5,4763.0,19999.0
2024-01-03 18:05:00,4762.75,4764.5,4762.25,4763.75,7088.0
2024-01-03 18:10:00,4764.0,4765.25,4762.75,4764.5,6742.0
2024-01-03 18:15:00,4764.5,4765.0,4763.25,4764.5,6465.0
2024-01-03 18:20:00,4764.5,4764.75,4762.0,4763.0,7252.0
2024-01-03 18:25:00,4762.75,4764.5,4762.25,4762.75,5494.0
2024-01-03 18:30:00,4762.75,4763.75,4760.75,4761.5,7714.0
2024-01-03 18:35:00,4761.5,4761.75,4758.0,4761.75,11127.0
2024-01-03 18:40:00,4761.75,4762.5,4760.0,4760.5,6268.0
2024-01-03 18:45:00,4760.5,4761.75,4759.25,4760.75,6857.0
2024-01-03 18:50:00,4760.75,4763.0,4760.0,4761.0,8261.0
2024-01-03 18:55:00,4761.0,4761.0,4759.0,4760.0,5281.0
2024-01-03 19:00:00,4760.25,4765.0,4754.75,4757.25,25930.0
2024-01-03 19:05:00,4757.25,4759.25,4748.75,4757.0,32838.0
2024-01-03 19:10:00,4757.0,4762.75,4754.5,4755.0,19657.0
2024-01-03 19:15:00,4755.0,4758.0,4751.25,4757.75,18541.0
2024-01-03 19:20:00,4757.5,4759.25,4753.75,4756.0,11694.0
2024-01-03 19:25:00,4756.0,4771.75,4755.75,4769.75,32952.0
2024-01-03 19:30:00,4769.75,4771.5,4764.0,4765.0,26269.0
2024-01-03 19:35:00,4765.25,4767.5,4763.0,4766.75,15695.0
2024-01-03 19:40:00,4767.0,4770.25,4763.5,4770.25,16060.0
2024-01-03 19:45:00,4770.25,4771.25,4765.0,4767.75,13249.0
2024-01-03 19:50:00,4767.5,4767.5,4763.0,4764.25,12807.0
2024-01-03 19:55:00,4764.0,4765.0,4761.5,4762.75,10369.0
2024-01-03 20:00:00,4762.75,4762.75,4756.0,4756.5,17262.0
2024-01-03 20:05:00,4756.5,4758.75,4752.5,4753.0,15157.0
2024-01-03 20:10:00,4753.25,4756.5,4752.25,4753.5,11705.0
2024-01-03 20:15:00,4753.5,4755.25,4751.25,4753.0,11413.0
2024-01-03 20:20:00,4753.0,4754.75,4751.5,4754.25,9498.0
2024-01-03 20:25:00,4754.0,4754.0,4749.0,4749.5,18017.0
2024-01-03 20:30:00,4749.25,4757.0,4749.0,4755.25,15052.0
2024-01-03 20:35:00,4755.25,4757.25,4752.0,4753.75,10976.0
2024-01-03 20:40:00,4753.75,4756.0,4751.5,4751.75,12029.0
2024-01-03 20:45:00,4751.75,4752.25,4748.25,4749.75,18744.0
2024-01-03 20:50:00,4749.75,4750.0,4741.5,4741.75,46220.0
2024-01-03 20:55:00,4741.75,4749.25,4741.0,4746.75,45528.0
2024-01-03 21:00:00,4746.75,4748.75,4744.25,4745.5,72094.0
2024-01-03 21:05:00,4745.75,4747.0,4745.0,4746.0,6251.0
2024-01-03 21:10:00,4745.75,4746.5,4745.5,4745.5,3506.0
2024-01-03 21:15:00,4745.5,4746.5,4745.0,4745.5,2676.0
2024-01-03 21:20:00,4745.5,4746.5,4745.25,4746.5,835.0
2024-01-03 21:25:00,4746.25,4746.5,4745.5,4746.5,967.0
2024-01-03 21:30:00,4746.5,4746.5,4745.5,4745.5,695.0
2024-01-03 21:35:00,4745.75,4746.75,4745.5,4746.0,1052.0
2024-01-03 21:40:00,4746.25,4746.75,4745.75,4746.5,724.0
2024-01-03 21:45:00,4746.5,4748.25,4746.5,4748.0,1454.0
2024-01-03 21:50:00,4747.75,4748.25,4747.75,4748.25,730.0
2024-01-03 21:55:00,4748.0,4748.25,4748.0,4748.25,792.0
2024-01-03 22:00:00,4748.0,4749.0,4748.0,4748.75,684.0
2024-01-03 23:00:00,4750.0,4753.25,4750.0,4751.25,1404.0
2024-01-03 23:05:00,4751.25,4751.5,4749.5,4749.75,772.0
2024-01-03 23:10:00,4749.75,4750.0,4749.25,4749.75,568.0
2024-01-03 23:15:00,4749.75,4750.0,4749.25,4749.5,401.0
2024-01-03 23:20:00,4749.75,4750.5,4749.25,4750.25,641.0
2024-01-03 23:25:00,4750.25,4750.5,4749.75,4749.75,429.0
2024-01-03 23:30:00,4749.75,4750.25,4749.0,4749.75,361.0
2024-01-03 23:35:00,4749.75,4749.75,4748.75,4749.25,338.0
2024-01-03 23:40:00,4749.25,4749.5,4748.75,4749.0,181.0
2024-01-03 23:45:00,4748.75,4749.5,4748.75,4749.0,347.0
2024-01-03 23:50:00,4749.0,4749.75,4749.0,4749.5,137.0
2024-01-03 23:55:00,4749.5,4750.0,4749.5,4749.75,202.0
2024-01-04 00:00:00,4749.75,4750.0,4747.5,4748.25,1080.0
2024-01-04 00:05:00,4748.25,4748.5,4747.5,4748.0,531.0
2024-01-04 00:10:00,4747.75,4747.75,4746.75,4747.5,698.0
2024-01-04 00:15:00,4747.5,4748.0,4747.0,4748.0,538.0
2024-01-04 00:20:00,4747.75,4750.25,4747.75,4749.75,751.0
2024-01-04 00:25:00,4749.5,4751.0,4749.5,4750.75,699.0
2024-01-04 00:30:00,4750.75,4751.0,4750.0,4751.0,437.0
2024-01-04 00:35:00,4750.75,4751.25,4750.5,4751.0,694.0
2024-01-04 00:40:00,4751.0,4751.5,4750.75,4751.25,493.0
2024-01-04 00:45:00,4751.25,4752.5,4751.25,4752.25,818.0
2024-01-04 00:50:00,4752.25,4752.5,4751.75,4752.25,326.0
2024-01-04 00:55:00,4752.25,4752.75,4752.0,4752.25,697.0
2024-01-04 01:00:00,4752.5,4752.75,4752.0,4752.5,571.0
2024-01-04 01:05:00,4752.5,4752.75,4752.0,4752.5,386.0
2024-01-04 01:10:00,4752.25,4752.5,4751.0,4751.5,627.0
2024-01-04 01:15:00,4751.5,4753.0,4751.5,4752.75,724.0
2024-01-04 01:20:00,4752.75,4753.0,4752.0,4752.25,517.0
2024-01-04 01:25:00,4752.25,4752.25,4751.5,4752.0,767.0
2024-01-04 01:30:00,4752.0,4752.75,4751.25,4751.5,651.0
2024-01-04 01:35:00,4751.75,4751.75,4750.5,4751.5,592.0
2024-01-04 01:40:00,4751.5,4752.25,4751.0,4751.25,591.0
2024-01-04 01:45:00,4751.25,4752.25,4751.25,4751.25,488.0
2024-01-04 01:50:00,4751.25,4752.25,4751.0,4752.0,391.0
2024-01-04 01:55:00,4752.0,4752.75,4752.0,4752.0,596.0
2024-01-04 02:00:00,4752.0,4752.5,4752.0,4752.0,295.0
2024-01-04 02:05:00,4752.0,4752.0,4751.25,4751.75,340.0
2024-01-04 02:10:00,4751.75,4752.0,4750.75,4750.75,326.0
2024-01-04 02:15:00,4750.75,4751.25,4750.25,4750.75,466.0
2024-01-04 02:20:00,4750.5,4750.5,4748.75,4749.25,751.0
2024-01-04 02:25:00,4749.25,4751.25,4749.25,4751.0,369.0
2024-01-04 02:30:00,4751.0,4751.75,4750.5,4750.75,341.0
2024-01-04 02:35:00,4751.0,4751.0,4750.25,4750.25,240.0
2024-01-04 02:40:00,4750.25,4750.5,4750.0,4750.0,165.0
2024-01-04 02:45:00,4750.0,4750.25,4749.5,4750.25,264.0
2024-01-04 02:50:00,4750.25,4750.75,4750.25,4750.75,212.0
2024-01-04 02:55:00,4750.75,4751.25,4750.75,4751.0,170.0
2024-01-04 03:00:00,4751.0,4751.25,4750.75,4751.0,222.0
2024-01-04 03:05:00,4751.0,4751.75,4751.0,4751.75,162.0
2024-01-04 03:10:00,4751.75,4752.25,4751.0,4751.0,366.0
2024-01-04 03:15:00,4751.0,4752.0,4751.0,4752.0,282.0
2024-01-04 03:20:00,4752.0,4752.25,4751.25,4751.5,263.0
2024-01-04 03:25:00,4751.25,4751.5,4750.5,4750.75,211.0
2024-01-04 03:30:00,4750.75,4750.75,4749.75,4750.0,490.0
2024-01-04 03:35:00,4750.0,4751.0,4750.0,4751.0,421.0
2024-01-04 03:40:00,4751.0,4751.0,4750.25,4750.25,143.0
2024-01-04 03:45:00,4750.25,4750.75,4749.75,4749.75,316.0
2024-01-04 03:50:00,4750.0,4750.0,4749.0,4749.5,390.0
2024-01-04 03:55:00,4749.75,4749.75,4749.5,4749.75,307.0
2024-01-04 04:00:00,4749.5,4750.75,4749.5,4750.75,273.0
2024-01-04 04:05:00,4750.5,4751.25,4750.5,4751.0,328.0
2024-01-04 04:10:00,4751.0,4751.25,4750.75,4751.25,242.0
2024-01-04 04:15:00,4751.0,4751.5,4750.75,4751.5,261.0
2024-01-04 04:20:00,4751.5,4751.5,4750.75,4751.25,297.0
2024-01-04 04:25:00,4751.25,4751.75,4751.25,4751.5,257.0
2024-01-04 04:30:00,4751.5,4751.5,4750.5,4751.0,200.0
2024-01-04 04:35:00,4750.75,4751.25,4750.75,4751.0,102.0
2024-01-04 04:40:00,4751.0,4751.0,4750.5,4750.5,35.0
2024-01-04 04:45:00,4750.75,4751.0,4750.0,4750.0,179.0
2024-01-04 04:50:00,4750.0,4750.5,4750.0,4750.5,124.0
2024-01-04 04:55:00,4750.25,4750.5,4749.75,4749.75,227.0
2024-01-04 05:00:00,4749.75,4750.0,4749.25,4749.75,344.0
2024-01-04 05:05:00,4749.5,4749.75,4748.75,4749.25,618.0
2024-01-04 05:10:00,4749.25,4749.5,4748.5,4749.0,447.0
2024-01-04 05:15:00,4749.0,4750.0,4749.0,4749.75,273.0
2024-01-04 05:20:00,4749.5,4749.5,4749.0,4749.0,345.0
2024-01-04 05:25:00,4749.25,4749.5,4748.75,4748.75,335.0
2024-01-04 05:30:00,4748.75,4749.0,4748.5,4748.75,131.0
2024-01-04 05:35:00,4748.75,4748.75,4748.0,4748.25,494.0
2024-01-04 05:40:00,4748.0,4748.75,4748.0,4748.0,313.0
2024-01-04 05:45:00,4748.25,4748.5,4748.0,4748.0,380.0
2024-01-04 05:50:00,4748.25,4748.5,4748.0,4748.5,328.0
2024-01-04 05:55:00,4748.5,4748.75,4748.25,4748.25,133.0
2024-01-04 06:00:00,4748.25,4748.75,4748.25,4748.75,222.0
2024-01-04 06:05:00,4748.5,4749.0,4748.25,4748.5,293.0
2024-01-04 06:10:00,4748.5,4748.75,4748.25,4748.75,134.0
2024-01-04 06:15:00,4748.75,4749.5,4748.5,4749.5,266.0
2024-01-04 06:20:00,4749.5,4750.75,4749.25,4750.75,486.0
2024-01-04 06:25:00,4750.5,4752.0,4750.5,4751.5,614.0
2024-01-04 06:30:00,4751.5,4753.0,4751.25,4751.75,1449.0
2024-01-04 06:35:00,4751.75,4752.25,4751.5,4752.0,310.0
2024-01-04 06:40:00,4752.25,4752.25,4751.25,4751.5,290.0
2024-01-04 06:45:00,4751.75,4751.75,4751.0,4751.5,384.0
2024-01-04 06:50:00,4751.5,4753.0,4751.5,4752.5,382.0
2024-01-04 06:55:00,4752.75,4753.0,4752.5,4753.0,414.0
2024-01-04 07:00:00,4753.0,4754.25,4753.0,4753.75,1013.0
2024-01-04 07:05:00,4754.0,4754.0,4753.25,4754.0,420.0
2024-01-04 07:10:00,4754.0,4754.25,4753.0,4754.0,634.0
2024-01-04 07:15:00,4754.0,4754.75,4754.0,4754.25,780.0
2024-01-04 07:20:00,4754.25,4754.5,4753.75,4754.25,319.0
2024-01-04 07:25:00,4754.25,4755.25,4754.25,4755.25,647.0
2024-01-04 07:30:00,4755.25,4755.75,4754.75,4754.75,1061.0
2024-01-04 07:35:00,4754.75,4755.5,4754.5,4755.0,327.0
2024-01-04 07:40:00,4755.25,4755.75,4754.25,4755.75,839.0
2024-01-04 07:45:00,4755.75,4756.0,4754.5,4754.5,773.0
2024-01-04 07:50:00,4754.5,4754.5,4754.0,4754.25,256.0
2024-01-04 07:55:00,4754.25,4754.5,4751.75,4752.0,819.0
2024-01-04 08:00:00,4751.75,4755.25,4751.75,4754.0,2835.0
2024-01-04 08:05:00,4754.25,4756.0,4753.75,4756.0,1570.0
2024-01-04 08:10:00,4756.0,4756.25,4754.0,4755.0,1814.0
2024-01-04 08:15:00,4754.75,4754.75,4752.75,4754.0,1313.0
2024-01-04 08:20:00,4754.25,4755.0,4753.75,4754.5,947.0
2024-01-04 08:25:00,4754.5,4756.0,4753.75,4753.75,1531.0
2024-01-04 08:30:00,4753.75,4754.0,4751.75,4752.5,1778.0
2024-01-04 08:35:00,4752.75,4756.5,4752.5,4756.25,1562.0
2024-01-04 08:40:00,4756.5,4757.0,4753.75,4754.25,2066.0
2024-01-04 08:45:00,4754.25,4755.0,4752.5,4754.25,1230.0
2024-01-04 08:50:00,4754.25,4754.5,4752.25,4752.25,1196.0
2024-01-04 08:55:00,4752.5,4752.75,4750.0,4750.5,1903.0
2024-01-04 09:00:00,4750.5,4751.25,4749.25,4749.5,2069.0
2024-01-04 09:05:00,4749.25,4750.75,4748.75,4750.5,1523.0
2024-01-04 09:10:00,4750.5,4751.0,4749.5,4749.75,679.0
2024-01-04 09:15:00,4749.5,4753.25,4749.5,4753.25,1358.0
2024-01-04 09:20:00,4753.25,4754.5,4751.75,4753.0,1089.0
2024-01-04 09:25:00,4753.0,4753.5,4751.5,4753.25,749.0
2024-01-04 09:30:00,4753.5,4754.75,4752.75,4753.5,1245.0
2024-01-04 09:35:00,4753.5,4753.75,4752.0,4752.75,712.0
2024-01-04 09:40:00,4752.75,4754.0,4752.5,4753.25,674.0
2024-01-04 09:45:00,4753.25,4753.75,4751.5,4751.75,751.0
2024-01-04 09:50:00,4752.0,4753.75,4751.75,4753.5,830.0
2024-01-04 09:55:00,4753.75,4754.0,4752.75,4753.75,548.0
2024-01-04 10:00:00,4753.75,4754.5,4751.0,4751.25,1537.0
2024-01-04 10:05:00,4751.5,4751.75,4750.0,4750.0,777.0
2024-01-04 10:10:00,4750.25,4752.0,4749.5,4751.25,1121.0
2024-01-04 10:15:00,4751.5,4754.0,4751.25,4753.75,790.0
2024-01-04 10:20:00,4753.75,4755.0,4753.5,4753.5,866.0
2024-01-04 10:25:00,4753.5,4755.0,4753.0,4753.25,1129.0
2024-01-04 10:30:00,4753.25,4753.5,4752.25,4752.25,878.0
2024-01-04 10:35:00,4752.25,4753.5,4752.0,4753.0,544.0
2024-01-04 10:40:00,4753.0,4753.0,4751.5,4751.75,497.0
2024-01-04 10:45:00,4751.75,4751.75,4749.0,4750.0,920.0
2024-01-04 10:50:00,4750.0,4750.25,4749.0,4749.5,1123.0
2024-01-04 10:55:00,4749.25,4752.25,4749.25,4752.25,805.0
2024-01-04 11:00:00,4752.0,4752.75,4750.75,4752.0,1026.0
2024-01-04 11:05:00,4751.75,4753.0,4751.5,4752.5,942.0
2024-01-04 11:10:00,4752.5,4753.0,4751.25,4751.75,749.0
2024-01-04 11:15:00,4751.75,4753.75,4751.5,4752.75,815.0
2024-01-04 11:20:00,4753.0,4754.25,4752.5,4754.0,902.0
2024-01-04 11:25:00,4753.75,4754.5,4753.5,4754.5,794.0
2024-01-04 11:30:00,4754.5,4755.0,4753.0,4753.25,859.0
2024-01-04 11:35:00,4753.0,4753.25,4749.25,4749.5,1486.0
2024-01-04 11:40:00,4749.5,4749.5,4746.25,4749.0,2631.0
2024-01-04 11:45:00,4749.0,4749.75,4747.25,4749.0,1642.0
2024-01-04 11:50:00,4749.0,4749.75,4748.5,4748.75,867.0
2024-01-04 11:55:00,4748.75,4749.0,4746.25,4747.5,2490.0
2024-01-04 12:00:00,4747.75,4748.0,4744.5,4745.5,4001.0
2024-01-04 12:05:00,4745.5,4745.5,4743.25,4744.75,3736.0
2024-01-04 12:10:00,4744.5,4749.5,4744.5,4749.25,2248.0
2024-01-04 12:15:00,4749.25,4749.5,4746.5,4746.75,1466.0
2024-01-04 12:20:00,4746.5,4748.25,4746.5,4746.5,1187.0
2024-01-04 12:25:00,4746.75,4751.25,4746.75,4750.25,2438.0
2024-01-04 12:30:00,4750.5,4753.5,4750.0,4753.5,3446.0
2024-01-04 12:35:00,4753.5,4754.5,4750.75,4752.0,2329.0
2024-01-04 12:40:00,4751.75,4752.75,4750.25,4752.0,1702.0
2024-01-04 12:45:00,4752.25,4753.25,4751.5,4752.0,1255.0
2024-01-04 12:50:00,4751.75,4752.5,4750.0,4750.75,1471.0
2024-01-04 12:55:00,4750.5,4751.25,4749.75,4749.75,896.0
2024-01-04 13:00:00,4750.0,4750.5,4748.5,4749.25,2069.0
2024-01-04 13:05:00,4749.25,4749.5,4747.5,4748.75,2092.0
2024-01-04 13:10:00,4748.5,4749.25,4747.25,4748.75,2265.0
2024-01-04 13:15:00,4748.75,4751.25,4746.5,4749.0,5792.0
2024-01-04 13:20:00,4749.0,4749.25,4746.75,4748.25,5704.0
2024-01-04 13:25:00,4748.5,4750.25,4747.5,4750.0,2368.0
2024-01-04 13:30:00,4749.75,4750.0,4744.5,4745.0,10306.0
2024-01-04 13:35:00,4745.0,4746.25,4743.75,4744.0,5432.0
2024-01-04 13:40:00,4744.0,4744.25,4741.75,4743.25,7172.0
2024-01-04 13:45:00,4743.25,4746.25,4742.75,4746.25,3922.0
2024-01-04 13:50:00,4746.25,4746.75,4745.25,4745.5,3323.0
2024-01-04 13:55:00,4745.5,4746.25,4744.25,4745.0,3160.0
2024-01-04 14:00:00,4745.0,4745.25,4742.25,4743.0,6048.0
2024-01-04 14:05:00,4743.0,4744.75,4741.25,4744.0,6275.0
2024-01-04 14:10:00,4743.75,4746.5,4743.0,4745.5,5083.0
2024-01-04 14:15:00,4745.5,4746.5,4743.75,4744.75,3696.0
2024-01-04 14:20:00,4745.0,4745.25,4741.75,4742.25,3388.0
2024-01-04 14:25:00,4742.25,4742.25,4737.0,4739.5,9650.0
2024-01-04 14:30:00,4739.25,4747.5,4737.75,4744.25,37562.0
2024-01-04 14:35:00,4744.25,4748.25,4742.5,4746.25,32514.0
2024-01-04 14:40:00,4746.5,4747.75,4742.75,4747.25,19974.0
2024-01-04 14:45:00,4747.5,4749.5,4741.25,4743.5,20521.0
2024-01-04 14:50:00,4743.25,4748.75,4742.25,4746.75,19341.0
2024-01-04 14:55:00,4746.75,4749.5,4744.5,4745.25,16844.0
2024-01-04 15:00:00,4745.5,4752.75,4743.5,4751.25,31661.0
2024-01-04 15:05:00,4751.25,4755.25,4751.0,4754.5,22624.0
2024-01-04 15:10:00,4754.25,4758.25,4754.0,4756.5,23669.0
2024-01-04 15:15:00,4756.25,4758.5,4754.5,4755.75,17849.0
2024-01-04 15:20:00,4755.75,4756.25,4753.0,4753.0,13023.0
2024-01-04 15:25:00,4753.0,4755.75,4752.0,4755.0,11568.0
2024-01-04 15:30:00,4754.75,4757.5,4753.0,4756.0,14001.0
2024-01-04 15:35:00,4756.25,4756.75,4754.0,4755.0,9287.0
2024-01-04 15:40:00,4755.25,4756.75,4753.25,4756.0,11575.0
2024-01-04 15:45:00,4756.0,4758.25,4755.75,4757.25,11037.0
2024-01-04 15:50:00,4757.5,4759.25,4755.0,4755.75,12546.0
2024-01-04 15:55:00,4755.75,4758.25,4755.25,4755.25,10601.0
2024-01-04 16:00:00,4755.5,4758.75,4754.75,4757.5,10567.0
2024-01-04 16:05:00,4757.5,4758.5,4756.5,4758.25,7159.0
2024-01-04 16:10:00,4758.25,4763.0,4757.75,4763.0,14701.0
2024-01-04 16:15:00,4763.0,4766.5,4762.75,4764.0,18596.0
2024-01-04 16:20:00,4763.75,4765.25,4762.75,4765.25,9726.0
2024-01-04 16:25:00,4765.25,4766.5,4764.5,4764.75,9166.0
2024-01-04 16:30:00,4764.75,4765.0,4760.0,4762.0,17427.0
2024-01-04 16:35:00,4762.0,4765.0,4760.75,4762.25,12615.0
2024-01-04 16:40:00,4762.25,4763.75,4759.25,4760.0,10898.0
2024-01-04 16:45:00,4760.25,4760.75,4757.25,4758.0,11873.0
2024-01-04 16:50:00,4758.0,4758.0,4751.0,4753.75,21894.0
2024-01-04 16:55:00,4753.75,4755.25,4752.75,4754.0,10338.0
2024-01-04 17:00:00,4754.0,4755.0,4749.0,4750.5,13816.0
2024-01-04 17:05:00,4750.5,4753.5,4750.25,4751.0,10277.0
2024-01-04 17:10:00,4751.0,4754.25,4750.5,4754.0,7653.0
2024-01-04 17:15:00,4754.0,4754.5,4750.25,4751.75,7269.0
2024-01-04 17:20:00,4751.75,4754.5,4750.75,4751.75,6932.0
2024-01-04 17:25:00,4751.75,4753.75,4750.75,4751.75,5927.0
2024-01-04 17:30:00,4751.75,4752.75,4747.5,4749.25,11202.0
2024-01-04 17:35:00,4749.0,4751.25,4746.75,4751.0,8840.0
2024-01-04 17:40:00,4751.0,4751.25,4748.25,4748.75,6135.0
2024-01-04 17:45:00,4748.75,4749.0,4743.0,4745.25,15794.0
2024-01-04 17:50:00,4745.0,4748.5,4744.5,4747.75,7595.0
2024-01-04 17:55:00,4747.5,4748.5,4745.0,4747.0,6541.0
2024-01-04 18:00:00,4746.75,4748.25,4746.5,4747.0,5885.0
2024-01-04 18:05:00,4747.0,4750.0,4747.0,4749.25,7514.0
2024-01-04 18:10:00,4749.25,4749.75,4746.25,4748.5,6027.0
2024-01-04 18:15:00,4748.5,4749.75,4746.5,4749.25,5409.0
2024-01-04 18:20:00,4749.25,4749.75,4747.25,4749.75,4383.0
2024-01-04 18:25:00,4749.5,4750.5,4748.25,4749.25,4389.0
2024-01-04 18:30:00,4749.0,4751.0,4748.25,4749.75,4772.0
2024-01-04 18:35:00,4749.75,4750.5,4747.0,4747.75,5751.0
2024-01-04 18:40:00,4747.75,4750.5,4747.75,4749.75,5423.0
2024-01-04 18:45:00,4750.0,4751.0,4748.75,4750.75,5014.0
2024-01-04 18:50:00,4750.75,4751.0,4747.75,4749.5,7799.0
2024-01-04 18:55:00,4749.25,4749.5,4746.0,4747.5,7507.0
2024-01-04 19:00:00,4747.5,4749.75,4745.75,4746.5,6738.0
2024-01-04 19:05:00,4746.75,4747.5,4744.75,4745.75,6868.0
2024-01-04 19:10:00,4745.75,4747.0,4742.5,4746.25,11573.0
2024-01-04 19:15:00,4746.25,4748.0,4745.5,4746.75,6650.0
2024-01-04 19:20:00,4746.75,4746.75,4742.75,4743.5,9509.0
2024-01-04 19:25:00,4743.25,4744.25,4741.25,4743.5,10960.0
2024-01-04 19:30:00,4743.5,4743.5,4740.5,4741.75,9262.0
2024-01-04 19:35:00,4741.5,4743.25,4740.75,4741.0,7406.0
2024-01-04 19:40:00,4740.75,4741.75,4739.75,4740.25,6683.0
2024-01-04 19:45:00,4740.25,4741.5,4738.0,4741.5,9679.0
2024-01-04 19:50:00,4741.25,4746.5,4740.75,4743.75,15960.0
2024-01-04 19:55:00,4743.5,4746.0,4742.75,4743.25,7223.0
2024-01-04 20:00:00,4743.25,4744.0,4740.5,4741.0,10031.0
2024-01-04 20:05:00,4740.75,4745.75,4740.25,4745.5,9578.0
2024-01-04 20:10:00,4745.5,4747.0,4743.5,4743.75,10007.0
2024-01-04 20:15:00,4743.75,4744.25,4737.0,4738.25,17554.0
2024-01-04 20:20:00,4738.5,4740.75,4737.5,4738.75,12000.0
2024-01-04 20:25:00,4738.5,4739.75,4737.0,4737.5,8064.0
2024-01-04 20:30:00,4737.25,4743.5,4737.25,4742.0,15465.0
2024-01-04 20:35:00,4742.25,4743.0,4740.75,4741.75,9597.0
2024-01-04 20:40:00,4742.0,4743.0,4738.75,4739.75,12664.0
2024-01-04 20:45:00,4739.5,4742.0,4738.25,4738.25,11470.0
2024-01-04 20:50:00,4738.5,4738.5,4728.0,4729.25,45150.0
2024-01-04 20:55:00,4729.25,4732.0,4727.0,4729.5,31720.0
2024-01-04 21:00:00,4729.5,4731.75,4727.5,4729.75,83488.0
2024-01-04 21:05:00,4730.0,4733.5,4730.0,4731.75,8532.0
2024-01-04 21:10:00,4732.0,4732.0,4729.75,4729.75,4970.0
2024-01-04 21:15:00,4729.75,4730.25,4728.25,4729.5,3182.0
2024-01-04 21:20:00,4729.5,4731.5,4729.25,4731.5,1094.0
2024-01-04 21:25:00,4731.5,4732.5,4731.0,4732.25,1354.0
2024-01-04 21:30:00,4732.0,4732.5,4731.5,4732.25,1247.0
2024-01-04 21:35:00,4732.5,4732.75,4731.75,4732.25,830.0
2024-01-04 21:40:00,4732.25,4732.5,4731.75,4732.25,680.0
2024-01-04 21:45:00,4732.5,4733.25,4732.0,4732.5,1200.0
2024-01-04 21:50:00,4732.25,4732.75,4731.5,4731.75,660.0
2024-01-04 21:55:00,4732.0,4732.25,4731.5,4731.5,833.0
2024-01-04 22:00:00,4731.5,4732.5,4731.25,4732.25,451.0
2024-01-04 23:00:00,4732.75,4735.5,4732.5,4734.25,1070.0
2024-01-04 23:05:00,4734.25,4735.25,4734.0,4734.75,433.0
2024-01-04 23:10:00,4735.0,4736.25,4734.75,4736.25,659.0
2024-01-04 23:15:00,4736.25,4736.5,4735.5,4736.0,507.0
2024-01-04 23:20:00,4736.0,4736.0,4735.0,4735.25,773.0
2024-01-04 23:25:00,4735.25,4735.75,4734.75,4735.0,483.0
2024-01-04 23:30:00,4735.25,4735.75,4734.25,4735.5,572.0
2024-01-04 23:35:00,4735.5,4736.0,4735.5,4736.0,87.0
2024-01-04 23:40:00,4736.0,4736.25,4735.25,4735.25,236.0
2024-01-04 23:45:00,4735.25,4735.5,4734.75,4735.25,136.0
2024-01-04 23:50:00,4735.0,4735.0,4734.25,4734.25,273.0
2024-01-04 23:55:00,4734.5,4734.5,4734.0,4734.0,269.0
2024-01-05 00:00:00,4734.0,4734.25,4733.0,4733.25,747.0
2024-01-05 00:05:00,4733.0,4734.25,4733.0,4734.0,397.0
2024-01-05 00:10:00,4734.0,4734.5,4733.5,4734.5,358.0
2024-01-05 00:15:00,4734.25,4735.25,4734.0,4735.0,340.0
2024-01-05 00:20:00,4735.0,4735.5,4735.0,4735.0,450.0
2024-01-05 00:25:00,4735.0,4735.0,4734.0,4734.5,238.0
2024-01-05 00:30:00,4734.5,4736.0,4734.5,4735.0,415.0
2024-01-05 00:35:00,4735.25,4735.75,4735.25,4735.5,275.0
2024-01-05 00:40:00,4735.75,4735.75,4735.25,4735.75,226.0
2024-01-05 00:45:00,4735.5,4736.0,4735.0,4735.25,365.0
2024-01-05 00:50:00,4735.25,4735.5,4735.0,4735.0,91.0
2024-01-05 00:55:00,4735.25,4735.25,4734.0,4734.25,275.0
2024-01-05 01:00:00,4734.5,4734.75,4734.0,4734.25,500.0
2024-01-05 01:05:00,4734.0,4734.5,4733.75,4734.25,294.0
2024-01-05 01:10:00,4734.5,4735.75,4734.25,4735.5,325.0
2024-01-05 01:15:00,4735.75,4736.25,4734.75,4735.75,632.0
2024-01-05 01:20:00,4735.5,4735.5,4733.25,4733.25,622.0
2024-01-05 01:25:00,4733.5,4734.25,4733.0,4734.0,762.0
2024-01-05 01:30:00,4734.0,4734.5,4733.0,4734.0,617.0
2024-01-05 01:35:00,4734.0,4735.0,4733.75,4735.0,367.0
2024-01-05 01:40:00,4735.0,4735.25,4734.25,4735.0,395.0
2024-01-05 01:45:00,4735.0,4736.5,4734.75,4735.5,743.0
2024-01-05 01:50:00,4735.5,4735.75,4734.5,4734.75,331.0
2024-01-05 01:55:00,4734.75,4735.5,4734.75,4735.5,246.0
2024-01-05 02:00:00,4735.25,4735.5,4733.75,4734.0,354.0
2024-01-05 02:05:00,4734.0,4735.0,4734.0,4734.5,248.0
2024-01-05 02:10:00,4734.5,4734.75,4734.0,4734.0,199.0
2024-01-05 02:15:00,4734.0,4734.25,4733.75,4734.0,165.0
2024-01-05 02:20:00,4734.0,4734.75,4733.5,4734.25,347.0
2024-01-05 02:25:00,4734.5,4735.0,4734.0,4734.25,268.0
2024-01-05 02:30:00,4734.0,4734.75,4734.0,4734.25,191.0
2024-01-05 02:35:00,4734.5,4734.5,4733.75,4734.0,198.0
2024-01-05 02:40:00,4734.0,4734.25,4733.25,4733.25,232.0
2024-01-05 02:45:00,4733.5,4733.5,4733.0,4733.0,424.0
2024-01-05 02:50:00,4733.0,4733.5,4732.5,4733.25,340.0
2024-01-05 02:55:00,4733.25,4733.75,4732.75,4732.75,225.0
2024-01-05 03:00:00,4732.75,4733.75,4732.75,4733.5,252.0
2024-01-05 03:05:00,4733.75,4733.75,4733.5,4733.5,118.0
2024-01-05 03:10:00,4733.25,4733.75,4733.25,4733.25,111.0
2024-01-05 03:15:00,4733.25,4733.75,4733.25,4733.5,95.0
2024-01-05 03:20:00,4733.5,4734.0,4733.5,4733.75,91.0
2024-01-05 03:25:00,4733.75,4734.25,4733.5,4734.25,253.0
2024-01-05 03:30:00,4734.25,4734.25,4733.5,4733.5,254.0
2024-01-05 03:35:00,4733.75,4733.75,4733.0,4733.25,270.0
2024-01-05 03:40:00,4733.0,4733.25,4732.0,4732.25,239.0
2024-01-05 03:45:00,4732.5,4733.25,4732.25,4732.5,200.0
2024-01-05 03:50:00,4732.75,4733.0,4732.25,4732.5,173.0
2024-01-05 03:55:00,4732.25,4732.75,4732.0,4732.5,146.0
2024-01-05 04:00:00,4732.25,4733.25,4732.25,4732.75,349.0
2024-01-05 04:05:00,4732.75,4733.5,4732.5,4733.25,433.0
2024-01-05 04:10:00,4733.25,4734.0,4733.25,4733.75,493.0
2024-01-05 04:15:00,4733.75,4734.25,4733.5,4734.0,358.0
2024-01-05 04:20:00,4734.25,4734.25,4733.75,4734.25,511.0
2024-01-05 04:25:00,4734.0,4735.0,4734.0,4735.0,474.0
2024-01-05 04:30:00,4734.75,4735.0,4734.5,4734.5,195.0
2024-01-05 04:35:00,4734.5,4734.5,4734.0,4734.0,168.0
2024-01-05 04:40:00,4734.0,4734.25,4733.75,4733.75,188.0
2024-01-05 04:45:00,4733.5,4733.75,4732.5,4733.0,324.0
2024-01-05 04:50:00,4733.0,4733.25,4732.5,4732.5,148.0
2024-01-05 04:55:00,4732.25,4732.75,4731.5,4732.25,372.0
2024-01-05 05:00:00,4732.25,4732.5,4731.75,4732.25,273.0
2024-01-05 05:05:00,4732.25,4732.5,4731.5,4732.0,288.0
2024-01-05 05:10:00,4732.0,4732.0,4731.25,4731.75,201.0
2024-01-05 05:15:00,4732.0,4732.25,4731.75,4732.0,93.0
2024-01-05 05:20:00,4731.75,4732.0,4729.5,4730.0,892.0
2024-01-05 05:25:00,4730.25,4731.0,4729.5,4730.25,535.0
2024-01-05 05:30:00,4730.5,4731.25,4730.25,4730.75,268.0
2024-01-05 05:35:00,4730.75,4731.25,4730.25,4731.25,176.0
2024-01-05 05:40:00,4731.25,4731.5,4730.75,4731.5,207.0
2024-01-05 05:45:00,4731.25,4731.5,4730.25,4730.25,192.0
2024-01-05 05:50:00,4730.5,4730.75,4730.25,4730.5,151.0
2024-01-05 05:55:00,4730.5,4731.0,4730.25,4730.25,296.0
2024-01-05 06:00:00,4730.25,4731.75,4730.0,4731.0,520.0
2024-01-05 06:05:00,4731.0,4731.5,4729.75,4730.0,477.0
2024-01-05 06:10:00,4729.75,4730.5,4729.25,4729.5,352.0
2024-01-05 06:15:00,4729.25,4729.75,4728.0,4728.5,668.0
2024-01-05 06:20:00,4728.5,4729.25,4728.25,4729.25,339.0
2024-01-05 06:25:00,4729.0,4729.5,4728.25,4728.5,399.0
2024-01-05 06:30:00,4728.5,4728.5,4726.75,4727.0,999.0
2024-01-05 06:35:00,4727.0,4727.0,4724.75,4725.5,1469.0
2024-01-05 06:40:00,4725.25,4725.5,4722.5,4722.75,1635.0
2024-01-05 06:45:00,4722.75,4724.25,4722.5,4724.0,646.0
2024-01-05 06:50:00,4724.25,4725.25,4724.0,4724.75,652.0
2024-01-05 06:55:00,4724.5,4725.75,4724.0,4725.5,599.0
2024-01-05 07:00:00,4725.5,4726.0,4725.0,4725.0,762.0
2024-01-05 07:05:00,4725.0,4726.0,4724.25,4725.25,604.0
2024-01-05 07:10:00,4725.25,4726.25,4724.5,4726.25,382.0
2024-01-05 07:15:00,4726.0,4727.0,4725.5,4726.75,876.0
2024-01-05 07:20:00,4726.75,4728.0,4726.75,4727.25,749.0
2024-01-05 07:25:00,4727.5,4728.0,4727.0,4727.5,517.0
2024-01-05 07:30:00,4727.5,4728.25,4727.25,4727.75,444.0
2024-01-05 07:35:00,4727.75,4728.0,4726.25,4726.25,524.0
2024-01-05 07:40:00,4726.5,4726.5,4724.25,4725.0,699.0
2024-01-05 07:45:00,4725.0,4725.25,4723.5,4725.0,829.0
2024-01-05 07:50:00,4724.75,4725.0,4724.25,4724.25,401.0
2024-01-05 07:55:00,4724.25,4724.5,4722.75,4723.25,690.0
2024-01-05 08:00:00,4723.0,4723.75,4722.0,4722.75,2539.0
2024-01-05 08:05:00,4723.0,4725.25,4722.75,4724.0,1131.0
2024-01-05 08:10:00,4724.25,4727.5,4724.0,4727.25,1533.0
2024-01-05 08:15:00,4727.5,4727.5,4726.0,4726.25,879.0
2024-01-05 08:20:00,4726.5,4728.0,4726.0,4727.5,1016.0
2024-01-05 08:25:00,4727.25,4728.5,4726.25,4726.75,1274.0
2024-01-05 08:30:00,4726.75,4727.0,4724.0,4724.5,1302.0
2024-01-05 08:35:00,4724.5,4726.75,4724.5,4725.75,1448.0
2024-01-05 08:40:00,4725.5,4727.25,4725.25,4726.0,1066.0
2024-01-05 08:45:00,4726.0,4726.5,4725.25,4725.5,1096.0
2024-01-05 08:50:00,4725.75,4725.75,4723.5,4723.75,1071.0
2024-01-05 08:55:00,4723.5,4724.0,4723.0,4723.5,1147.0
2024-01-05 09:00:00,4723.5,4724.5,4722.25,4723.0,2010.0
2024-01-05 09:05:00,4722.75,4722.75,4718.5,4720.25,3639.0
2024-01-05 09:10:00,4720.25,4721.25,4719.5,4721.0,1620.0
2024-01-05 09:15:00,4720.75,4722.0,4720.0,4722.0,1140.0
2024-01-05 09:20:00,4722.25,4724.5,4722.0,4724.5,1134.0
2024-01-05 09:25:00,4724.5,4725.0,4723.0,4723.75,1216.0
2024-01-05 09:30:00,4723.5,4723.5,4721.0,4721.5,1262.0
2024-01-05 09:35:00,4721.75,4723.0,4720.5,4720.5,1222.0
2024-01-05 09:40:00,4720.5,4720.5,4718.0,4718.75,1857.0
2024-01-05 09:45:00,4718.75,4719.5,4717.5,4719.25,1551.0
2024-01-05 09:50:00,4719.0,4719.75,4718.5,4718.75,1254.0
2024-01-05 09:55:00,4719.0,4719.5,4718.25,4718.25,1241.0
2024-01-05 10:00:00,4718.25,4719.25,4718.0,4719.25,1487.0
2024-01-05 10:05:00,4719.25,4720.25,4718.75,4719.0,1247.0
2024-01-05 10:10:00,4719.0,4720.75,4717.75,4720.5,1183.0
2024-01-05 10:15:00,4720.5,4720.75,4718.5,4719.0,1292.0
2024-01-05 10:20:00,4719.0,4719.5,4718.0,4718.75,1094.0
2024-01-05 10:25:00,4718.75,4719.0,4716.75,4717.75,1827.0
2024-01-05 10:30:00,4717.5,4718.25,4716.75,4717.0,1049.0
2024-01-05 10:35:00,4717.0,4717.5,4716.75,4717.0,648.0
2024-01-05 10:40:00,4717.25,4718.5,4716.25,4717.5,1389.0
2024-01-05 10:45:00,4717.25,4717.25,4716.0,4716.0,1107.0
2024-01-05 10:50:00,4716.25,4716.75,4713.75,4716.5,2473.0
2024-01-05 10:55:00,4716.25,4718.5,4716.25,4718.5,1588.0
2024-01-05 11:00:00,4718.5,4719.75,4718.0,4719.75,1307.0
2024-01-05 11:05:00,4719.75,4720.0,4718.5,4719.25,871.0
2024-01-05 11:10:00,4719.25,4719.5,4718.0,4718.0,1030.0
2024-01-05 11:15:00,4717.75,4718.25,4716.75,4717.25,757.0
2024-01-05 11:20:00,4717.0,4718.25,4716.5,4716.75,778.0
2024-01-05 11:25:00,4716.5,4717.75,4714.5,4714.5,1196.0
2024-01-05 11:30:00,4714.5,4714.75,4712.0,4712.75,3601.0
2024-01-05 11:35:00,4712.75,4712.75,4711.25,4711.5,1921.0
2024-01-05 11:40:00,4711.75,4714.25,4711.5,4713.25,1606.0
2024-01-05 11:45:00,4713.25,4715.75,4713.25,4715.5,1286.0
2024-01-05 11:50:00,4715.5,4716.0,4714.5,4715.25,1354.0
2024-01-05 11:55:00,4715.25,4716.75,4714.75,4716.75,950.0
2024-01-05 12:00:00,4716.5,4718.5,4716.25,4717.75,2044.0
2024-01-05 12:05:00,4717.5,4718.25,4715.25,4715.5,1979.0
2024-01-05 12:10:00,4715.5,4717.75,4715.0,4717.25,1571.0
2024-01-05 12:15:00,4717.25,4718.5,4717.25,4718.25,1096.0
2024-01-05 12:20:00,4718.25,4719.0,4717.25,4717.75,1132.0
2024-01-05 12:25:00,4717.75,4719.5,4717.5,4719.25,1727.0
2024-01-05 12:30:00,4719.0,4720.0,4718.75,4719.5,1374.0
2024-01-05 12:35:00,4719.5,4720.5,4718.75,4719.75,1279.0
2024-01-05 12:40:00,4719.75,4719.75,4718.25,4718.5,1043.0
2024-01-05 12:45:00,4718.75,4719.75,4717.5,4717.5,1567.0
2024-01-05 12:50:00,4717.5,4717.75,4714.5,4714.5,2983.0
2024-01-05 12:55:00,4714.5,4717.0,4714.5,4716.5,2877.0
2024-01-05 13:00:00,4716.25,4716.75,4713.75,4713.75,3530.0
2024-01-05 13:05:00,4714.0,4715.75,4712.75,4714.0,2810.0
2024-01-05 13:10:00,4714.0,4717.0,4713.75,4716.5,2696.0
2024-01-05 13:15:00,4716.75,4723.5,4716.5,4723.0,5348.0
2024-01-05 13:20:00,4723.25,4724.0,4718.25,4718.25,4850.0
2024-01-05 13:25:00,4718.5,4721.25,4718.25,4719.5,4975.0
2024-01-05 13:30:00,4719.25,4720.25,4702.0,4708.5,35412.0
2024-01-05 13:35:00,4708.5,4712.0,4702.25,4704.0,21802.0
2024-01-05 13:40:00,4704.0,4713.25,4703.0,4711.25,19589.0
2024-01-05 13:45:00,4711.25,4714.75,4708.0,4708.5,13830.0
2024-01-05 13:50:00,4708.75,4719.25,4708.5,4718.75,15917.0
2024-01-05 13:55:00,4718.75,4722.25,4717.0,4718.25,15734.0
2024-01-05 14:00:00,4718.25,4723.0,4717.25,4723.0,12389.0
2024-01-05 14:05:00,4723.0,4727.75,4723.0,4724.75,17201.0
2024-01-05 14:10:00,4724.5,4726.5,4722.25,4724.25,7910.0
2024-01-05 14:15:00,4724.0,4728.5,4722.25,4726.25,11168.0
2024-01-05 14:20:00,4726.5,4729.5,4725.25,4728.75,7365.0
2024-01-05 14:25:00,4729.0,4731.75,4726.5,4731.75,10349.0
2024-01-05 14:30:00,4731.5,4733.25,4726.75,4732.5,46588.0
2024-01-05 14:35:00,4732.5,4741.0,4732.0,4737.75,38328.0
2024-01-05 14:40:00,4737.5,4738.75,4730.75,4735.0,31415.0
2024-01-05 14:45:00,4735.0,4740.0,4734.25,4738.75,22139.0
2024-01-05 14:50:00,4738.75,4741.5,4737.75,4740.0,21772.0
2024-01-05 14:55:00,4740.0,4741.0,4735.5,4737.0,17278.0
2024-01-05 15:00:00,4736.75,4754.5,4735.5,4754.25,50699.0
2024-01-05 15:05:00,4754.0,4758.5,4750.5,4756.0,37289.0
2024-01-05 15:10:00,4756.0,4760.0,4751.25,4752.75,43667.0
2024-01-05 15:15:00,4753.0,4753.75,4747.0,4749.5,20583.0
2024-01-05 15:20:00,4749.5,4753.25,4747.0,4751.75,17360.0
2024-01-05 15:25:00,4751.75,4755.25,4749.5,4751.0,18060.0
2024-01-05 15:30:00,4751.0,4755.0,4747.75,4753.0,18670.0
2024-01-05 15:35:00,4753.25,4756.25,4752.75,4755.25,14998.0
2024-01-05 15:40:00,4755.0,4756.75,4751.0,4755.25,15386.0
2024-01-05 15:45:00,4755.25,4758.25,4755.0,4755.25,13954.0
2024-01-05 15:50:00,4755.5,4758.75,4752.75,4756.75,14425.0
2024-01-05 15:55:00,4757.0,4759.25,4755.0,4758.0,12007.0
2024-01-05 16:00:00,4758.0,4759.75,4756.5,4758.0,11690.0
2024-01-05 16:05:00,4758.0,4758.25,4751.5,4754.5,20819.0
2024-01-05 16:10:00,4754.75,4760.0,4754.0,4758.25,13922.0
2024-01-05 16:15:00,4758.5,4760.25,4748.75,4750.75,21028.0
2024-01-05 16:20:00,4750.75,4752.0,4747.0,4747.5,21142.0
2024-01-05 16:25:00,4747.5,4751.0,4746.25,4746.5,12359.0
2024-01-05 16:30:00,4746.75,4749.5,4746.0,4748.25,12185.0
2024-01-05 16:35:00,4748.25,4748.75,4745.25,4746.0,8634.0
2024-01-05 16:40:00,4746.25,4747.0,4744.25,4744.75,12192.0
2024-01-05 16:45:00,4744.75,4745.75,4742.25,4742.5,13702.0
2024-01-05 16:50:00,4742.5,4745.5,4741.5,4744.25,11802.0
2024-01-05 16:55:00,4744.0,4745.25,4741.5,4742.75,9196.0
2024-01-05 17:00:00,4742.5,4743.75,4740.75,4742.0,7928.0
2024-01-05 17:05:00,4741.75,4742.5,4732.75,4734.0,21896.0
2024-01-05 17:10:00,4733.75,4734.75,4728.75,4733.5,27613.0
2024-01-05 17:15:00,4733.25,4735.5,4732.0,4733.0,11416.0
2024-01-05 17:20:00,4733.0,4734.0,4731.25,4732.25,9981.0
2024-01-05 17:25:00,4732.25,4732.5,4729.25,4729.75,9886.0
2024-01-05 17:30:00,4729.75,4730.75,4726.25,4728.0,16241.0
2024-01-05 17:35:00,4728.0,4733.25,4726.75,4731.25,15712.0
2024-01-05 17:40:00,4731.0,4733.75,4729.5,4732.75,9323.0
2024-01-05 17:45:00,4732.75,4734.25,4730.25,4731.75,7612.0
2024-01-05 17:50:00,4731.75,4734.5,4729.5,4733.0,7980.0
2024-01-05 17:55:00,4733.0,4733.5,4730.25,4732.25,6027.0
2024-01-05 18:00:00,4732.0,4732.25,4724.25,4724.75,16106.0
2024-01-05 18:05:00,4724.75,4728.0,4723.75,4726.25,12836.0
2024-01-05 18:10:00,4726.0,4727.75,4723.75,4724.75,9715.0
2024-01-05 18:15:00,4724.75,4726.0,4721.75,4722.5,14099.0
2024-01-05 18:20:00,4722.25,4726.0,4722.0,4725.25,9678.0
2024-01-05 18:25:00,4725.25,4733.25,4725.25,4732.5,12268.0
2024-01-05 18:30:00,4732.25,4738.75,4732.0,4735.5,20389.0
2024-01-05 18:35:00,4735.5,4739.5,4735.5,4739.25,8479.0
2024-01-05 18:40:00,4739.5,4742.5,4738.75,4739.0,12663.0
2024-01-05 18:45:00,4739.0,4741.75,4737.75,4739.5,9729.0
2024-01-05 18:50:00,4739.5,4741.5,4738.0,4739.75,7826.0
2024-01-05 18:55:00,4739.75,4741.25,4738.5,4740.5,6530.0
2024-01-05 19:00:00,4740.5,4741.25,4738.5,4741.25,6839.0
2024-01-05 19:05:00,4741.25,4743.75,4740.75,4743.25,9373.0
2024-01-05 19:10:00,4743.25,4745.5,4741.0,4741.0,9948.0
2024-01-05 19:15:00,4741.25,4744.0,4736.0,4736.5,16072.0
2024-01-05 19:20:00,4736.75,4740.5,4736.5,4738.75,9481.0
2024-01-05 19:25:00,4739.0,4740.0,4737.25,4737.75,6461.0
2024-01-05 19:30:00,4737.5,4739.5,4736.5,4736.75,7873.0
2024-01-05 19:35:00,4737.0,4740.5,4736.0,4736.5,8569.0
2024-01-05 19:40:00,4736.75,4737.25,4731.25,4733.25,12480.0
2024-01-05 19:45:00,4733.0,4734.25,4729.5,4730.5,11518.0
2024-01-05 19:50:00,4730.5,4731.25,4723.0,4724.75,18360.0
2024-01-05 19:55:00,4724.75,4726.0,4722.25,4723.0,19599.0
2024-01-05 20:00:00,4722.75,4725.25,4721.75,4723.0,15718.0
2024-01-05 20:05:00,4722.75,4725.75,4722.0,4724.0,12871.0
2024-01-05 20:10:00,4724.0,4728.5,4723.0,4728.25,10274.0
2024-01-05 20:15:00,4728.0,4728.25,4724.25,4724.75,9141.0
2024-01-05 20:20:00,4724.5,4726.75,4723.5,4725.75,6564.0
2024-01-05 20:25:00,4725.75,4725.75,4720.25,4722.0,12658.0
2024-01-05 20:30:00,4722.25,4725.75,4719.75,4722.25,15073.0
2024-01-05 20:35:00,4722.25,4726.25,4722.0,4726.25,9022.0
2024-01-05 20:40:00,4726.25,4728.5,4724.25,4728.0,10923.0
2024-01-05 20:45:00,4728.0,4733.25,4728.0,4730.25,19441.0
2024-01-05 20:50:00,4730.5,4735.75,4729.75,4734.5,22789.0
2024-01-05 20:55:00,4734.25,4739.0,4734.25,4735.75,35670.0
2024-01-05 21:00:00,4736.0,4737.0,4733.75,4736.75,62612.0
2024-01-05 21:05:00,4736.75,4738.5,4736.5,4737.0,7928.0
2024-01-05 21:10:00,4737.0,4737.75,4736.75,4737.0,5460.0
2024-01-05 21:15:00,4737.0,4737.0,4735.75,4735.75,2253.0
2024-01-05 21:20:00,4735.75,4736.5,4735.25,4736.25,1297.0
2024-01-05 21:25:00,4736.25,4736.75,4736.0,4736.25,700.0
2024-01-05 21:30:00,4736.0,4736.25,4735.0,4735.0,778.0
2024-01-05 21:35:00,4735.0,4735.25,4734.75,4735.25,943.0
2024-01-05 21:40:00,4735.0,4735.5,4734.75,4735.25,600.0
2024-01-05 21:45:00,4735.0,4735.5,4734.75,4734.75,1348.0
2024-01-05 21:50:00,4734.75,4735.75,4734.75,4735.5,724.0
2024-01-05 21:55:00,4735.25,4736.0,4735.25,4735.5,994.0
2024-01-05 22:00:00,4735.5,4736.0,4735.25,4735.5,347.0
2024-01-07 15:20:00,4735.5,4735.5,4735.5,4735.5,2.0
2024-01-07 23:00:00,4735.75,4739.5,4733.5,4739.25,2699.0
2024-01-07 23:05:00,4739.25,4741.5,4739.25,4740.75,1642.0
2024-01-07 23:10:00,4740.75,4740.75,4738.0,4739.25,935.0
2024-01-07 23:15:00,4739.25,4739.75,4739.0,4739.75,314.0
2024-01-07 23:20:00,4739.75,4740.0,4738.75,4738.75,454.0
2024-01-07 23:25:00,4738.75,4739.75,4738.75,4739.25,453.0
2024-01-07 23:30:00,4739.25,4739.25,4738.0,4738.25,691.0
2024-01-07 23:35:00,4738.25,4738.75,4737.5,4738.0,507.0
2024-01-07 23:40:00,4738.25,4738.25,4737.0,4737.75,311.0
2024-01-07 23:45:00,4737.5,4738.25,4736.75,4738.0,304.0
2024-01-07 23:50:00,4738.0,4739.0,4737.75,4738.75,263.0
2024-01-07 23:55:00,4738.75,4739.5,4738.75,4739.0,300.0
2024-01-08 00:00:00,4738.75,4739.75,4738.5,4739.5,404.0
2024-01-08 00:05:00,4739.5,4739.75,4738.75,4739.25,201.0
2024-01-08 00:10:00,4739.25,4740.0,4739.0,4739.75,415.0
2024-01-08 00:15:00,4739.5,4741.0,4739.5,4740.25,546.0
2024-01-08 00:20:00,4740.25,4741.75,4740.25,4741.0,997.0
2024-01-08 00:25:00,4740.75,4741.75,4740.5,4741.75,181.0
2024-01-08 00:30:00,4741.5,4742.0,4740.75,4741.5,382.0
2024-01-08 00:35:00,4741.5,4741.75,4740.75,4740.75,281.0
2024-01-08 00:40:00,4740.75,4741.0,4740.5,4740.75,209.0
2024-01-08 00:45:00,4740.75,4741.25,4740.75,4741.25,185.0
2024-01-08 00:50:00,4741.25,4742.25,4741.0,4742.0,356.0
2024-01-08 00:55:00,4742.0,4742.5,4741.0,4741.0,660.0
2024-01-08 01:00:00,4741.0,4741.25,4739.75,4740.25,887.0
2024-01-08 01:05:00,4740.5,4742.5,4740.25,4742.5,805.0
2024-01-08 01:10:00,4742.5,4743.0,4742.0,4742.75,439.0
2024-01-08 01:15:00,4742.75,4743.25,4742.25,4742.75,456.0
2024-01-08 01:20:00,4742.5,4743.25,4742.5,4742.75,358.0
2024-01-08 01:25:00,4742.75,4743.0,4741.75,4741.75,386.0
2024-01-08 01:30:00,4741.75,4742.25,4741.25,4742.25,580.0
2024-01-08 01:35:00,4742.25,4742.25,4741.0,4741.25,301.0
2024-01-08 01:40:00,4741.5,4741.5,4740.25,4741.0,353.0
2024-01-08 01:45:00,4741.0,4741.25,4740.5,4740.5,304.0
2024-01-08 01:50:00,4740.5,4740.5,4737.0,4737.5,1413.0
2024-01-08 01:55:00,4737.75,4738.0,4736.0,4737.5,1278.0
2024-01-08 02:00:00,4737.25,4737.25,4734.0,4734.5,1731.0
2024-01-08 02:05:00,4734.5,4735.5,4734.25,4734.5,832.0
2024-01-08 02:10:00,4734.5,4735.25,4734.0,4734.75,425.0
2024-01-08 02:15:00,4734.75,4735.25,4733.5,4734.75,659.0
2024-01-08 02:20:00,4734.5,4735.0,4734.25,4734.25,287.0
2024-01-08 02:25:00,4734.25,4734.75,4733.0,4734.75,703.0
2024-01-08 02:30:00,4734.75,4734.75,4733.5,4733.75,319.0
2024-01-08 02:35:00,4734.0,4734.5,4734.0,4734.25,191.0
2024-01-08 02:40:00,4734.5,4734.75,4734.0,4734.75,322.0
2024-01-08 02:45:00,4734.75,4735.5,4734.5,4735.0,256.0
2024-01-08 02:50:00,4735.0,4735.5,4734.25,4735.0,562.0
2024-01-08 02:55:00,4735.0,4735.25,4734.25,4735.0,426.0
2024-01-08 03:00:00,4735.0,4735.0,4733.25,4733.5,506.0
2024-01-08 03:05:00,4733.5,4735.0,4733.0,4733.25,922.0
2024-01-08 03:10:00,4733.25,4733.5,4731.75,4732.75,820.0
2024-01-08 03:15:00,4733.0,4734.0,4732.5,4733.75,276.0
2024-01-08 03:20:00,4733.75,4733.75,4732.75,4732.75,275.0
2024-01-08 03:25:00,4732.75,4733.25,4732.5,4732.75,201.0
2024-01-08 03:30:00,4732.75,4733.0,4732.0,4732.75,424.0
2024-01-08 03:35:00,4732.5,4732.5,4730.25,4730.5,1360.0
2024-01-08 03:40:00,4730.75,4731.75,4730.75,4731.25,374.0
2024-01-08 03:45:00,4731.25,4731.5,4731.0,4731.25,236.0
2024-01-08 03:50:00,4731.0,4731.5,4730.75,4730.75,286.0
2024-01-08 03:55:00,4730.75,4731.25,4730.25,4731.0,544.0
2024-01-08 04:00:00,4731.0,4731.75,4731.0,4731.25,456.0
2024-01-08 04:05:00,4731.0,4731.25,4730.25,4730.5,352.0
2024-01-08 04:10:00,4730.25,4731.5,4730.25,4731.5,202.0
2024-01-08 04:15:00,4731.5,4731.75,4731.25,4731.5,147.0
2024-01-08 04:20:00,4731.5,4732.25,4731.25,4732.25,289.0
2024-01-08 04:25:00,4732.25,4732.75,4732.0,4732.25,238.0
2024-01-08 04:30:00,4732.5,4732.5,4732.0,4732.0,115.0
2024-01-08 04:35:00,4732.0,4732.25,4731.75,4732.25,97.0
2024-01-08 04:40:00,4732.25,4732.25,4731.75,4731.75,139.0
2024-01-08 04:45:00,4731.75,4732.25,4731.5,4732.0,85.0
2024-01-08 04:50:00,4732.25,4732.5,4732.0,4732.25,31.0
2024-01-08 04:55:00,4732.25,4732.5,4732.0,4732.25,159.0
2024-01-08 05:00:00,4732.5,4732.5,4732.0,4732.0,132.0
2024-01-08 05:05:00,4732.0,4733.75,4732.0,4733.0,584.0
2024-01-08 05:10:00,4733.25,4733.75,4732.75,4733.5,340.0
2024-01-08 05:15:00,4733.25,4733.75,4733.25,4733.75,107.0
2024-01-08 05:20:00,4733.5,4733.75,4733.0,4733.0,186.0
2024-01-08 05:25:00,4732.75,4732.75,4732.0,4732.25,185.0
2024-01-08 05:30:00,4732.25,4732.25,4730.5,4730.5,491.0
2024-01-08 05:35:00,4730.5,4730.5,4729.75,4730.0,551.0
2024-01-08 05:40:00,4730.25,4731.0,4729.5,4729.75,584.0
2024-01-08 05:45:00,4729.75,4730.5,4729.5,4730.25,223.0
2024-01-08 05:50:00,4730.25,4730.75,4729.5,4730.75,423.0
2024-01-08 05:55:00,4730.5,4731.25,4730.25,4730.5,238.0
2024-01-08 06:00:00,4730.5,4730.5,4730.0,4730.5,211.0
2024-01-08 06:05:00,4730.25,4732.75,4730.25,4732.5,451.0
2024-01-08 06:10:00,4732.25,4732.25,4730.0,4731.75,538.0
2024-01-08 06:15:00,4731.75,4732.0,4731.5,4731.75,160.0
2024-01-08 06:20:00,4731.75,4732.0,4731.0,4731.0,227.0
2024-01-08 06:25:00,4730.75,4731.75,4730.75,4731.25,179.0
2024-01-08 06:30:00,4731.25,4731.75,4729.0,4730.0,601.0
2024-01-08 06:35:00,4729.75,4730.75,4729.25,4729.5,299.0
2024-01-08 06:40:00,4729.5,4729.5,4728.25,4728.75,701.0
2024-01-08 06:45:00,4728.5,4728.75,4728.25,4728.5,373.0
2024-01-08 06:50:00,4728.5,4730.5,4728.25,4730.0,600.0
2024-01-08 06:55:00,4729.75,4730.0,4729.25,4729.5,153.0
2024-01-08 07:00:00,4729.5,4731.5,4729.0,4730.75,1074.0
2024-01-08 07:05:00,4731.0,4733.75,4730.75,4733.5,933.0
2024-01-08 07:10:00,4733.5,4734.25,4732.5,4733.75,658.0
2024-01-08 07:15:00,4733.5,4734.0,4732.75,4732.75,444.0
2024-01-08 07:20:00,4732.5,4733.25,4731.25,4732.75,505.0
2024-01-08 07:25:00,4733.0,4733.0,4732.5,4732.75,217.0
2024-01-08 07:30:00,4732.75,4732.75,4732.0,4732.0,372.0
2024-01-08 07:35:00,4732.0,4732.0,4729.5,4729.5,761.0
2024-01-08 07:40:00,4729.5,4730.25,4729.0,4730.0,437.0
2024-01-08 07:45:00,4730.0,4732.25,4729.75,4732.0,971.0
2024-01-08 07:50:00,4732.0,4732.25,4731.25,4731.5,371.0
2024-01-08 07:55:00,4731.75,4732.5,4730.25,4730.5,396.0
2024-01-08 08:00:00,4730.5,4732.0,4729.25,4731.0,1656.0
2024-01-08 08:05:00,4731.25,4733.0,4729.0,4729.75,1375.0
2024-01-08 08:10:00,4730.25,4732.75,4727.5,4728.0,1782.0
2024-01-08 08:15:00,4728.0,4733.75,4727.0,4733.5,1953.0
2024-01-08 08:20:00,4733.5,4734.75,4732.5,4732.75,1257.0
2024-01-08 08:25:00,4733.0,4734.0,4731.25,4733.5,1133.0
2024-01-08 08:30:00,4733.5,4734.0,4731.0,4732.75,2068.0
2024-01-08 08:35:00,4732.75,4734.5,4732.5,4734.0,1196.0
2024-01-08 08:40:00,4734.0,4735.75,4731.5,4731.5,1766.0
2024-01-08 08:45:00,4731.5,4732.75,4730.5,4732.75,1099.0
2024-01-08 08:50:00,4732.75,4733.75,4731.75,4731.75,703.0
2024-01-08 08:55:00,4732.0,4732.25,4729.5,4729.75,1217.0
2024-01-08 09:00:00,4729.5,4730.0,4727.25,4728.0,2087.0
2024-01-08 09:05:00,4728.25,4728.5,4726.0,4728.25,1897.0
2024-01-08 09:10:00,4728.25,4729.25,4727.5,4727.75,763.0
2024-01-08 09:15:00,4727.75,4729.0,4727.0,4727.0,645.0
2024-01-08 09:20:00,4727.0,4727.0,4724.5,4724.5,2839.0
2024-01-08 09:25:00,4724.75,4724.75,4722.5,4723.25,2307.0
2024-01-08 09:30:00,4723.25,4723.25,4715.5,4717.0,5491.0
2024-01-08 09:35:00,4717.0,4718.5,4715.25,4718.5,2038.0
2024-01-08 09:40:00,4718.25,4720.5,4717.25,4720.0,1946.0
2024-01-08 09:45:00,4720.0,4724.0,4720.0,4723.75,2268.0
2024-01-08 09:50:00,4723.5,4725.25,4722.75,4725.25,1759.0
2024-01-08 09:55:00,4725.25,4726.0,4724.5,4725.5,1532.0
2024-01-08 10:00:00,4725.5,4727.0,4724.75,4726.25,1723.0
2024-01-08 10:05:00,4726.0,4726.5,4724.0,4724.5,1513.0
2024-01-08 10:10:00,4724.5,4726.25,4723.75,4724.5,790.0
2024-01-08 10:15:00,4724.5,4726.75,4724.0,4726.5,1124.0
2024-01-08 10:20:00,4726.75,4727.25,4726.0,4726.25,1031.0
2024-01-08 10:25:00,4726.25,4727.5,4725.25,4726.5,1039.0
2024-01-08 10:30:00,4726.25,4728.0,4726.0,4728.0,1013.0
2024-01-08 10:35:00,4727.75,4729.25,4726.5,4728.25,1187.0
2024-01-08 10:40:00,4728.0,4728.25,4726.75,4727.5,634.0
2024-01-08 10:45:00,4727.25,4728.0,4726.25,4727.25,612.0
2024-01-08 10:50:00,4727.0,4727.0,4724.5,4725.5,968.0
2024-01-08 10:55:00,4725.25,4726.25,4724.25,4724.25,789.0
2024-01-08 11:00:00,4724.25,4725.0,4722.25,4723.0,1045.0
2024-01-08 11:05:00,4722.75,4722.75,4721.5,4721.5,804.0
2024-01-08 11:10:00,4721.25,4729.0,4721.0,4728.25,3179.0
2024-01-08 11:15:00,4728.5,4729.0,4725.0,4726.5,1320.0
2024-01-08 11:20:00,4726.75,4727.25,4724.75,4725.0,883.0
2024-01-08 11:25:00,4725.0,4726.5,4724.5,4726.25,836.0
2024-01-08 11:30:00,4726.25,4729.0,4726.25,4728.75,1483.0
2024-01-08 11:35:00,4728.5,4729.25,4727.5,4728.5,1675.0
2024-01-08 11:40:00,4728.25,4732.5,4727.75,4731.0,2376.0
2024-01-08 11:45:00,4731.0,4733.0,4731.0,4731.5,1548.0
2024-01-08 11:50:00,4731.5,4732.25,4730.75,4730.75,773.0
2024-01-08 11:55:00,4730.75,4731.5,4730.25,4730.75,732.0
2024-01-08 12:00:00,4730.75,4732.0,4730.25,4731.0,973.0
2024-01-08 12:05:00,4731.0,4733.75,4730.75,4733.5,957.0
2024-01-08 12:10:00,4733.5,4734.0,4733.0,4733.75,1280.0
2024-01-08 12:15:00,4733.75,4734.75,4733.0,4733.5,878.0
2024-01-08 12:20:00,4733.5,4733.75,4731.75,4732.0,966.0
2024-01-08 12:25:00,4732.25,4733.25,4731.75,4733.0,1251.0
2024-01-08 12:30:00,4733.25,4733.25,4730.25,4730.5,1333.0
2024-01-08 12:35:00,4730.5,4732.0,4729.5,4730.5,1367.0
2024-01-08 12:40:00,4730.5,4731.0,4729.75,4730.25,1039.0
2024-01-08 12:45:00,4730.5,4731.75,4730.0,4731.5,1349.0
2024-01-08 12:50:00,4731.75,4732.0,4729.25,4730.0,2665.0
2024-01-08 12:55:00,4730.25,4734.25,4730.0,4733.75,3253.0
2024-01-08 13:00:00,4733.75,4737.0,4733.75,4736.0,3172.0
2024-01-08 13:05:00,4736.0,4736.5,4733.25,4733.25,1854.0
2024-01-08 13:10:00,4733.5,4734.75,4732.75,4734.75,1676.0
2024-01-08 13:15:00,4734.75,4737.5,4734.25,4737.25,2515.0
2024-01-08 13:20:00,4737.25,4738.75,4736.25,4738.5,2565.0
2024-01-08 13:25:00,4738.5,4739.5,4737.0,4737.25,2491.0
2024-01-08 13:30:00,4737.0,4738.75,4736.25,4737.25,2216.0
2024-01-08 13:35:00,4737.5,4738.5,4736.25,4738.25,1755.0
2024-01-08 13:40:00,4738.25,4738.75,4736.75,4738.0,2390.0
2024-01-08 13:45:00,4737.75,4737.75,4736.0,4736.25,2165.0
2024-01-08 13:50:00,4736.5,4737.0,4734.25,4735.25,2224.0
2024-01-08 13:55:00,4735.0,4736.0,4733.25,4733.75,3198.0
2024-01-08 14:00:00,4733.75,4739.0,4733.75,4734.0,5471.0
2024-01-08 14:05:00,4734.0,4735.25,4732.75,4734.75,2809.0
2024-01-08 14:10:00,4734.75,4737.75,4733.75,4737.0,3758.0
2024-01-08 14:15:00,4737.0,4738.5,4736.5,4737.5,3961.0
2024-01-08 14:20:00,4737.5,4738.75,4736.25,4737.75,3818.0
2024-01-08 14:25:00,4738.0,4738.25,4736.5,4737.5,2863.0
2024-01-08 14:30:00,4737.75,4745.5,4737.5,4743.75,32859.0
2024-01-08 14:35:00,4744.0,4747.75,4743.5,4744.75,25792.0
2024-01-08 14:40:00,4744.5,4748.25,4739.75,4741.5,31891.0
2024-01-08 14:45:00,4741.5,4748.5,4741.5,4746.5,20967.0
2024-01-08 14:50:00,4746.75,4748.25,4743.25,4743.25,17775.0
2024-01-08 14:55:00,4743.5,4750.75,4740.75,4749.25,27479.0
2024-01-08 15:00:00,4749.25,4753.0,4748.25,4751.25,24583.0
2024-01-08 15:05:00,4751.5,4754.25,4751.5,4753.0,20811.0
2024-01-08 15:10:00,4753.0,4753.0,4748.75,4749.0,19597.0
2024-01-08 15:15:00,4749.25,4752.5,4748.5,4750.0,17286.0
2024-01-08 15:20:00,4750.25,4753.75,4750.25,4751.5,13499.0
2024-01-08 15:25:00,4751.75,4755.0,4751.0,4754.25,9825.0
2024-01-08 15:30:00,4754.25,4759.0,4753.75,4756.75,17435.0
2024-01-08 15:35:00,4756.75,4759.5,4756.0,4757.0,11427.0
2024-01-08 15:40:00,4757.0,4759.5,4756.75,4758.5,9786.0
2024-01-08 15:45:00,4758.5,4761.0,4758.5,4760.0,9973.0
2024-01-08 15:50:00,4760.25,4762.5,4760.0,4760.25,11960.0
2024-01-08 15:55:00,4760.5,4760.75,4757.75,4758.5,9460.0
2024-01-08 16:00:00,4758.5,4759.5,4756.0,4757.0,12559.0
2024-01-08 16:05:00,4757.25,4759.5,4755.5,4759.5,9782.0
2024-01-08 16:10:00,4759.5,4759.75,4754.5,4757.25,12171.0
2024-01-08 16:15:00,4757.25,4759.0,4756.5,4758.75,8539.0
2024-01-08 16:20:00,4758.75,4761.25,4757.25,4758.0,10358.0
2024-01-08 16:25:00,4758.0,4759.75,4757.0,4758.0,7431.0
2024-01-08 16:30:00,4758.25,4760.5,4758.25,4760.0,7028.0
2024-01-08 16:35:00,4760.25,4761.5,4758.75,4760.5,10145.0
2024-01-08 16:40:00,4760.75,4761.5,4758.5,4761.0,8504.0
2024-01-08 16:45:00,4761.0,4763.0,4760.0,4760.75,8790.0
2024-01-08 16:50:00,4760.75,4762.0,4759.75,4761.75,5613.0
2024-01-08 16:55:00,4761.75,4762.5,4759.5,4761.5,9422.0
2024-01-08 17:00:00,4761.5,4767.75,4761.5,4764.75,23254.0
2024-01-08 17:05:00,4764.75,4767.25,4764.25,4766.0,10683.0
2024-01-08 17:10:00,4766.0,4766.25,4764.75,4765.0,6710.0
2024-01-08 17:15:00,4765.0,4766.75,4764.0,4766.0,5976.0
2024-01-08 17:20:00,4766.0,4766.5,4760.5,4761.0,8884.0
2024-01-08 17:25:00,4761.25,4762.75,4761.0,4761.75,6747.0
2024-01-08 17:30:00,4761.5,4764.5,4761.5,4764.25,5880.0
2024-01-08 17:35:00,4764.25,4767.25,4764.25,4767.25,6636.0
2024-01-08 17:40:00,4767.5,4768.75,4766.0,4767.0,8745.0
2024-01-08 17:45:00,4766.75,4767.75,4766.25,4766.75,4330.0
2024-01-08 17:50:00,4766.75,4770.75,4766.5,4770.0,7828.0
2024-01-08 17:55:00,4770.25,4771.5,4768.25,4769.0,9090.0
2024-01-08 18:00:00,4769.0,4770.25,4768.5,4769.5,6443.0
2024-01-08 18:05:00,4769.75,4772.5,4769.25,4770.5,7785.0
2024-01-08 18:10:00,4770.5,4771.25,4767.5,4769.75,8677.0
2024-01-08 18:15:00,4769.75,4770.25,4768.5,4769.75,4411.0
2024-01-08 18:20:00,4769.75,4771.0,4768.5,4770.75,5091.0
2024-01-08 18:25:00,4770.75,4771.75,4769.25,4770.0,5614.0
2024-01-08 18:30:00,4770.0,4770.25,4768.25,4770.25,5681.0
2024-01-08 18:35:00,4770.25,4770.5,4768.75,4769.75,4216.0
2024-01-08 18:40:00,4769.5,4770.75,4769.25,4770.75,3599.0
2024-01-08 18:45:00,4770.75,4774.25,4770.5,4773.5,9356.0
2024-01-08 18:50:00,4773.5,4773.75,4771.75,4773.5,5803.0
2024-01-08 18:55:00,4773.5,4774.5,4772.5,4774.0,5216.0
2024-01-08 19:00:00,4774.25,4776.5,4774.0,4775.0,11654.0
2024-01-08 19:05:00,4775.0,4776.25,4774.5,4776.0,7050.0
2024-01-08 19:10:00,4776.0,4780.5,4776.0,4779.75,14749.0
2024-01-08 19:15:00,4780.0,4782.5,4779.5,4780.5,13730.0
2024-01-08 19:20:00,4780.75,4780.75,4779.25,4780.75,6275.0
2024-01-08 19:25:00,4780.75,4785.75,4780.25,4784.25,15008.0
2024-01-08 19:30:00,4784.25,4789.75,4784.25,4789.0,18765.0
2024-01-08 19:35:00,4789.0,4789.25,4786.25,4786.75,12465.0
2024-01-08 19:40:00,4786.75,4789.75,4786.5,4788.75,10428.0
2024-01-08 19:45:00,4789.0,4791.0,4788.0,4790.75,12838.0
2024-01-08 19:50:00,4791.0,4791.75,4789.5,4790.75,11949.0
2024-01-08 19:55:00,4790.75,4796.0,4790.5,4795.25,15198.0
2024-01-08 20:00:00,4795.25,4795.75,4790.75,4793.5,17826.0
2024-01-08 20:05:00,4793.75,4794.75,4791.25,4793.0,11894.0
2024-01-08 20:10:00,4793.0,4793.0,4789.5,4790.25,12214.0
2024-01-08 20:15:00,4790.5,4794.75,4789.5,4794.75,13437.0
2024-01-08 20:20:00,4795.0,4795.0,4793.0,4794.25,12173.0
2024-01-08 20:25:00,4794.25,4795.25,4792.0,4792.25,12014.0
2024-01-08 20:30:00,4792.25,4794.25,4791.5,4793.5,13830.0
2024-01-08 20:35:00,4793.5,4798.0,4792.5,4797.75,17818.0
2024-01-08 20:40:00,4797.75,4800.75,4797.25,4797.5,23397.0
2024-01-08 20:45:00,4797.75,4798.0,4792.25,4795.0,19589.0
2024-01-08 20:50:00,4794.75,4801.5,4791.75,4800.5,40752.0
2024-01-08 20:55:00,4800.5,4803.0,4799.0,4802.0,34144.0
2024-01-08 21:00:00,4802.0,4803.25,4799.5,4800.25,81659.0
2024-01-08 21:05:00,4800.5,4800.75,4799.5,4800.0,9355.0
2024-01-08 21:10:00,4799.75,4800.5,4799.5,4800.0,5472.0
2024-01-08 21:15:00,4800.0,4800.5,4799.5,4799.75,3534.0
2024-01-08 21:20:00,4799.75,4801.0,4799.5,4800.25,3030.0
2024-01-08 21:25:00,4800.0,4800.75,4800.0,4800.5,1511.0
2024-01-08 21:30:00,4800.25,4800.75,4799.5,4799.75,1981.0
2024-01-08 21:35:00,4800.0,4800.25,4798.75,4799.25,5470.0
2024-01-08 21:40:00,4799.0,4799.0,4798.75,4799.0,1061.0
2024-01-08 21:45:00,4798.75,4799.25,4798.25,4799.25,2789.0
2024-01-08 21:50:00,4799.25,4799.5,4798.75,4799.5,1075.0
2024-01-08 21:55:00,4799.5,4799.75,4797.5,4797.75,22396.0
2024-01-08 22:00:00,4798.0,4798.25,4797.25,4798.0,9818.0
2024-01-08 23:00:00,4797.75,4798.75,4796.5,4797.0,876.0
2024-01-08 23:05:00,4797.0,4797.5,4796.75,4797.0,445.0
2024-01-08 23:10:00,4797.0,4797.25,4796.5,4797.25,315.0
2024-01-08 23:15:00,4797.0,4797.75,4797.0,4797.0,429.0
2024-01-08 23:20:00,4797.25,4797.25,4796.25,4796.75,577.0
2024-01-08 23:25:00,4796.5,4797.25,4796.25,4797.0,205.0
2024-01-08 23:30:00,4797.0,4797.25,4796.0,4796.5,593.0
2024-01-08 23:35:00,4796.5,4797.0,4796.25,4796.75,654.0
2024-01-08 23:40:00,4796.75,4797.0,4796.5,4796.5,326.0
2024-01-08 23:45:00,4796.5,4797.5,4796.5,4797.5,328.0
2024-01-08 23:50:00,4797.5,4797.75,4797.0,4797.0,385.0
2024-01-08 23:55:00,4797.0,4797.5,4797.0,4797.5,227.0
2024-01-09 00:00:00,4797.25,4797.5,4796.75,4797.25,613.0
2024-01-09 00:05:00,4797.25,4798.5,4797.0,4798.25,866.0
2024-01-09 00:10:00,4798.5,4798.75,4797.75,4798.0,416.0
2024-01-09 00:15:00,4798.0,4798.0,4796.75,4797.25,633.0
2024-01-09 00:20:00,4797.25,4797.5,4796.75,4797.25,200.0
2024-01-09 00:25:00,4797.25,4797.5,4797.0,4797.0,202.0
2024-01-09 00:30:00,4797.0,4797.5,4797.0,4797.5,255.0
2024-01-09 00:35:00,4797.5,4797.75,4797.0,4797.25,221.0
2024-01-09 00:40:00,4797.25,4797.75,4797.0,4797.5,256.0
2024-01-09 00:45:00,4797.5,4797.75,4797.25,4797.75,165.0
2024-01-09 00:50:00,4797.75,4798.0,4797.25,4797.25,247.0
2024-01-09 00:55:00,4797.25,4797.75,4796.5,4797.5,445.0
2024-01-09 01:00:00,4797.5,4797.75,4797.0,4797.5,345.0
2024-01-09 01:05:00,4797.5,4798.0,4797.25,4797.5,386.0
2024-01-09 01:10:00,4797.5,4797.75,4797.0,4797.25,285.0
2024-01-09 01:15:00,4797.25,4797.5,4796.25,4796.5,490.0
2024-01-09 01:20:00,4796.5,4797.75,4796.5,4797.75,543.0
2024-01-09 01:25:00,4797.75,4798.0,4797.0,4797.0,752.0
2024-01-09 01:30:00,4797.25,4797.5,4796.75,4797.25,615.0
2024-01-09 01:35:00,4797.5,4797.5,4796.0,4796.25,556.0
2024-01-09 01:40:00,4796.25,4797.0,4796.25,4796.25,601.0
2024-01-09 01:45:00,4796.25,4797.0,4795.75,4796.75,651.0
2024-01-09 01:50:00,4796.75,4797.75,4796.25,4797.0,439.0
2024-01-09 01:55:00,4797.0,4797.5,4797.0,4797.25,400.0
2024-01-09 02:00:00,4797.25,4797.5,4797.0,4797.0,444.0
2024-01-09 02:05:00,4797.0,4798.0,4797.0,4797.75,515.0
2024-01-09 02:10:00,4797.5,4797.5,4796.5,4797.0,925.0
2024-01-09 02:15:00,4797.0,4798.0,4797.0,4798.0,624.0
2024-01-09 02:20:00,4798.0,4798.5,4798.0,4798.5,461.0
2024-01-09 02:25:00,4798.5,4798.75,4798.0,4798.0,654.0
2024-01-09 02:30:00,4798.0,4798.25,4797.75,4797.75,324.0
2024-01-09 02:35:00,4798.0,4798.0,4797.25,4797.5,584.0
2024-01-09 02:40:00,4797.75,4797.75,4796.75,4796.75,233.0
2024-01-09 02:45:00,4796.75,4797.5,4796.75,4797.5,184.0
2024-01-09 02:50:00,4797.5,4797.5,4797.0,4797.0,170.0
2024-01-09 02:55:00,4797.25,4797.5,4797.25,4797.5,164.0
2024-01-09 03:00:00,4797.5,4798.0,4797.5,4798.0,184.0
2024-01-09 03:05:00,4798.0,4798.25,4797.75,4798.0,196.0
2024-01-09 03:10:00,4798.0,4798.0,4797.5,4797.5,182.0
2024-01-09 03:15:00,4797.5,4797.75,4797.0,4797.5,306.0
2024-01-09 03:20:00,4797.5,4797.75,4797.25,4797.25,163.0
2024-01-09 03:25:00,4797.5,4797.5,4797.0,4797.25,389.0
2024-01-09 03:30:00,4797.25,4797.75,4797.25,4797.25,198.0
2024-01-09 03:35:00,4797.5,4797.5,4797.0,4797.25,153.0
2024-01-09 03:40:00,4797.25,4797.5,4797.0,4797.25,160.0
2024-01-09 03:45:00,4797.25,4797.25,4796.75,4797.0,228.0
2024-01-09 03:50:00,4796.75,4797.25,4796.5,4797.25,249.0
2024-01-09 03:55:00,4797.25,4797.25,4797.0,4797.25,279.0
2024-01-09 04:00:00,4797.25,4797.5,4796.25,4796.5,337.0
2024-01-09 04:05:00,4796.5,4797.25,4796.5,4797.0,240.0
2024-01-09 04:10:00,4796.75,4796.75,4795.75,4796.0,663.0
2024-01-09 04:15:00,4796.0,4796.25,4795.25,4795.25,247.0
2024-01-09 04:20:00,4795.5,4795.75,4794.75,4795.25,520.0
2024-01-09 04:25:00,4795.0,4795.75,4794.75,4795.0,981.0
2024-01-09 04:30:00,4795.0,4796.0,4795.0,4796.0,243.0
2024-01-09 04:35:00,4796.0,4796.25,4795.75,4795.75,156.0
2024-01-09 04:40:00,4795.75,4796.25,4795.5,4796.25,143.0
2024-01-09 04:45:00,4796.25,4796.75,4796.0,4796.75,314.0
2024-01-09 04:50:00,4796.75,4796.75,4796.25,4796.5,102.0
2024-01-09 04:55:00,4796.5,4796.75,4796.0,4796.0,171.0
2024-01-09 05:00:00,4796.0,4796.25,4796.0,4796.25,83.0
2024-01-09 05:05:00,4796.25,4796.75,4796.25,4796.5,301.0
2024-01-09 05:10:00,4796.5,4796.75,4796.25,4796.25,219.0
2024-01-09 05:15:00,4796.25,4796.5,4795.75,4796.0,138.0
2024-01-09 05:20:00,4796.0,4796.25,4795.5,4795.75,291.0
2024-01-09 05:25:00,4795.75,4796.0,4795.25,4795.5,197.0
2024-01-09 05:30:00,4795.5,4796.25,4795.25,4795.75,312.0
2024-01-09 05:35:00,4796.0,4796.25,4795.75,4795.75,176.0
2024-01-09 05:40:00,4795.75,4796.0,4795.0,4795.25,352.0
2024-01-09 05:45:00,4795.25,4795.75,4795.0,4795.25,329.0
2024-01-09 05:50:00,4795.5,4795.5,4794.25,4795.25,395.0
2024-01-09 05:55:00,4795.0,4795.25,4794.75,4795.0,276.0
2024-01-09 06:00:00,4794.75,4795.25,4794.5,4795.0,496.0
2024-01-09 06:05:00,4795.0,4795.0,4794.0,4795.0,411.0
2024-01-09 06:10:00,4795.0,4795.5,4794.25,4794.5,366.0
2024-01-09 06:15:00,4794.5,4795.25,4794.25,4795.25,284.0
2024-01-09 06:20:00,4795.25,4795.25,4794.5,4794.5,292.0
2024-01-09 06:25:00,4794.75,4795.75,4794.75,4795.25,455.0
2024-01-09 06:30:00,4795.25,4795.5,4795.0,4795.5,274.0
2024-01-09 06:35:00,4795.25,4796.0,4795.25,4796.0,669.0
2024-01-09 06:40:00,4795.75,4797.25,4795.75,4797.0,414.0
2024-01-09 06:45:00,4797.25,4797.25,4796.25,4796.5,352.0
2024-01-09 06:50:00,4796.75,4797.0,4796.25,4796.5,311.0
2024-01-09 06:55:00,4796.5,4797.0,4796.0,4796.75,415.0
2024-01-09 07:00:00,4796.75,4796.75,4793.5,4794.5,1129.0
2024-01-09 07:05:00,4794.75,4796.25,4794.75,4796.25,696.0
2024-01-09 07:10:00,4796.0,4796.25,4795.5,4795.5,302.0
2024-01-09 07:15:00,4795.5,4796.0,4794.75,4795.75,614.0
2024-01-09 07:20:00,4795.75,4796.25,4795.0,4795.25,590.0
2024-01-09 07:25:00,4795.25,4795.25,4794.25,4794.75,700.0
2024-01-09 07:30:00,4794.5,4795.0,4793.5,4795.0,1068.0
2024-01-09 07:35:00,4794.75,4795.0,4794.25,4794.5,416.0
2024-01-09 07:40:00,4794.75,4795.0,4794.0,4794.5,718.0
2024-01-09 07:45:00,4794.5,4794.75,4793.75,4794.25,494.0
2024-01-09 07:50:00,4794.25,4794.75,4793.5,4794.25,472.0
2024-01-09 07:55:00,4794.25,4794.5,4793.75,4794.5,338.0
2024-01-09 08:00:00,4794.5,4794.5,4791.75,4791.75,3020.0
2024-01-09 08:05:00,4791.75,4792.0,4789.75,4791.5,2941.0
2024-01-09 08:10:00,4791.75,4791.75,4790.0,4790.75,1560.0
2024-01-09 08:15:00,4790.75,4790.75,4789.5,4790.25,1119.0
2024-01-09 08:20:00,4790.25,4790.75,4789.75,4790.25,1090.0
2024-01-09 08:25:00,4790.25,4790.75,4788.0,4789.0,2050.0
2024-01-09 08:30:00,4789.25,4789.5,4787.5,4788.25,1777.0
2024-01-09 08:35:00,4788.25,4789.5,4787.75,4788.25,1798.0
2024-01-09 08:40:00,4788.25,4788.5,4787.0,4787.75,1799.0
2024-01-09 08:45:00,4787.75,4788.5,4787.0,4787.5,1878.0
2024-01-09 08:50:00,4787.5,4789.25,4787.5,4788.75,1575.0
2024-01-09 08:55:00,4788.75,4788.75,4787.5,4788.75,1316.0
2024-01-09 09:00:00,4788.5,4789.75,4788.25,4789.25,2072.0
2024-01-09 09:05:00,4789.25,4790.0,4787.5,4788.0,1236.0
2024-01-09 09:10:00,4788.0,4788.0,4784.25,4784.5,3301.0
2024-01-09 09:15:00,4784.5,4785.5,4783.0,4784.5,2354.0
2024-01-09 09:20:00,4784.5,4785.5,4783.25,4784.75,1165.0
2024-01-09 09:25:00,4784.5,4785.75,4784.5,4785.25,954.0
2024-01-09 09:30:00,4785.25,4788.25,4785.25,4787.5,1989.0
2024-01-09 09:35:00,4787.25,4787.5,4785.75,4786.25,1748.0
2024-01-09 09:40:00,4786.5,4787.25,4786.0,4786.5,883.0
2024-01-09 09:45:00,4786.75,4788.25,4786.75,4787.75,1323.0
2024-01-09 09:50:00,4787.5,4790.0,4787.5,4789.0,1272.0
2024-01-09 09:55:00,4789.0,4789.0,4787.75,4788.0,971.0
2024-01-09 10:00:00,4788.0,4788.5,4786.25,4787.5,973.0
2024-01-09 10:05:00,4787.5,4788.0,4786.25,4786.25,852.0
2024-01-09 10:10:00,4786.25,4789.25,4786.0,4788.5,1380.0
2024-01-09 10:15:00,4788.5,4789.0,4787.75,4787.75,1151.0
2024-01-09 10:20:00,4787.75,4788.25,4787.0,4787.5,844.0
2024-01-09 10:25:00,4787.75,4789.0,4787.5,4788.0,808.0
2024-01-09 10:30:00,4788.0,4788.25,4787.25,4788.0,989.0
2024-01-09 10:35:00,4788.25,4788.5,4787.25,4787.75,752.0
2024-01-09 10:40:00,4788.0,4788.0,4786.75,4787.0,764.0
2024-01-09 10:45:00,4787.0,4787.0,4784.75,4786.25,3544.0
2024-01-09 10:50:00,4786.0,4787.0,4786.0,4786.5,1029.0
2024-01-09 10:55:00,4786.25,4786.5,4785.75,4785.75,904.0
2024-01-09 11:00:00,4786.0,4787.5,4785.5,4787.0,1175.0
2024-01-09 11:05:00,4787.0,4787.0,4784.25,4784.5,1193.0
2024-01-09 11:10:00,4784.5,4784.5,4782.25,4783.5,2389.0
2024-01-09 11:15:00,4783.5,4784.5,4783.0,4783.25,1060.0
2024-01-09 11:20:00,4783.25,4783.25,4782.0,4783.0,962.0
2024-01-09 11:25:00,4783.25,4783.5,4782.0,4782.25,1188.0
2024-01-09 11:30:00,4782.0,4783.25,4781.5,4782.75,1356.0
2024-01-09 11:35:00,4783.0,4784.0,4781.0,4781.75,1666.0
2024-01-09 11:40:00,4782.0,4782.0,4780.5,4780.75,1288.0
2024-01-09 11:45:00,4781.0,4781.5,4780.75,4781.25,948.0
2024-01-09 11:50:00,4781.25,4781.5,4778.25,4778.25,2348.0
2024-01-09 11:55:00,4778.5,4779.25,4777.25,4779.0,2431.0
2024-01-09 12:00:00,4779.0,4779.25,4777.25,4778.25,2211.0
2024-01-09 12:05:00,4778.25,4780.75,4778.25,4780.5,2567.0
2024-01-09 12:10:00,4780.75,4782.0,4779.75,4781.75,1934.0
2024-01-09 12:15:00,4781.75,4783.25,4781.25,4783.0,2020.0
2024-01-09 12:20:00,4782.75,4783.0,4781.5,4781.75,1476.0
2024-01-09 12:25:00,4781.5,4783.25,4781.25,4782.25,1266.0
2024-01-09 12:30:00,4782.25,4783.25,4781.0,4783.25,1481.0
2024-01-09 12:35:00,4783.25,4784.5,4782.75,4784.0,2323.0
2024-01-09 12:40:00,4784.0,4784.25,4782.5,4783.25,1218.0
2024-01-09 12:45:00,4783.5,4784.25,4783.0,4784.0,1206.0
2024-01-09 12:50:00,4784.0,4785.0,4783.25,4785.0,1629.0
2024-01-09 12:55:00,4785.0,4785.5,4784.0,4784.25,2044.0
2024-01-09 13:00:00,4784.25,4784.75,4781.5,4781.5,2421.0
2024-01-09 13:05:00,4781.75,4782.5,4781.0,4782.25,1572.0
2024-01-09 13:10:00,4782.5,4783.75,4781.75,4783.75,2421.0
2024-01-09 13:15:00,4783.75,4783.75,4780.5,4781.5,1705.0
2024-01-09 13:20:00,4781.25,4781.75,4779.5,4780.0,3089.0
2024-01-09 13:25:00,4780.0,4780.75,4779.5,4780.75,2030.0
2024-01-09 13:30:00,4780.75,4780.75,4777.0,4779.0,4492.0
2024-01-09 13:35:00,4779.25,4780.0,4777.0,4778.0,4045.0
2024-01-09 13:40:00,4777.75,4779.0,4775.5,4775.75,4311.0
2024-01-09 13:45:00,4775.75,4776.25,4774.0,4775.5,4261.0
2024-01-09 13:50:00,4775.25,4776.5,4774.5,4775.75,4539.0
2024-01-09 13:55:00,4775.75,4775.75,4773.5,4774.25,4577.0
2024-01-09 14:00:00,4774.25,4776.0,4773.75,4775.0,3955.0
2024-01-09 14:05:00,4775.0,4775.75,4772.75,4774.0,4590.0
2024-01-09 14:10:00,4774.0,4774.5,4773.0,4773.25,4338.0
2024-01-09 14:15:00,4773.25,4774.5,4772.0,4773.0,3786.0
2024-01-09 14:20:00,4773.0,4774.25,4771.5,4774.0,4561.0
2024-01-09 14:25:00,4773.75,4774.75,4772.75,4774.5,4892.0
2024-01-09 14:30:00,4774.25,4775.0,4770.25,4773.0,43665.0
2024-01-09 14:35:00,4773.25,4776.25,4772.0,4775.25,36086.0
2024-01-09 14:40:00,4775.25,4775.5,4772.25,4773.25,20788.0
2024-01-09 14:45:00,4773.5,4773.5,4767.5,4771.25,27782.0
2024-01-09 14:50:00,4771.0,4774.0,4769.25,4772.5,19862.0
2024-01-09 14:55:00,4772.75,4774.0,4771.0,4773.75,14853.0
2024-01-09 15:00:00,4774.0,4777.25,4773.25,4774.25,20635.0
2024-01-09 15:05:00,4774.25,4776.25,4769.5,4776.25,25858.0
2024-01-09 15:10:00,4776.0,4779.25,4775.75,4777.75,20126.0
2024-01-09 15:15:00,4777.5,4783.5,4777.5,4782.75,19611.0
2024-01-09 15:20:00,4782.5,4783.75,4781.75,4782.5,13859.0
2024-01-09 15:25:00,4782.25,4782.75,4778.25,4778.5,12349.0
2024-01-09 15:30:00,4778.5,4780.25,4777.0,4779.75,14388.0
2024-01-09 15:35:00,4780.0,4781.5,4778.75,4779.25,11152.0
2024-01-09 15:40:00,4779.5,4782.25,4779.5,4781.75,10247.0
2024-01-09 15:45:00,4782.0,4782.0,4778.5,4779.25,10604.0
2024-01-09 15:50:00,4779.25,4781.25,4777.75,4778.5,8418.0
2024-01-09 15:55:00,4778.25,4779.5,4775.75,4776.5,10174.0
2024-01-09 16:00:00,4776.25,4781.0,4775.75,4781.0,10911.0
2024-01-09 16:05:00,4781.0,4782.25,4779.5,4779.75,10230.0
2024-01-09 16:10:00,4780.0,4781.75,4779.25,4781.0,7561.0
2024-01-09 16:15:00,4781.0,4786.0,4780.75,4785.0,14611.0
2024-01-09 16:20:00,4785.0,4788.0,4784.0,4787.25,11550.0
2024-01-09 16:25:00,4787.25,4787.75,4786.25,4787.25,8672.0
2024-01-09 16:30:00,4787.25,4789.5,4786.5,4789.25,10092.0
2024-01-09 16:35:00,4789.25,4789.5,4786.75,4787.0,8740.0
2024-01-09 16:40:00,4787.0,4788.0,4785.25,4787.0,8621.0
2024-01-09 16:45:00,4787.0,4789.25,4787.0,4788.5,7132.0
2024-01-09 16:50:00,4788.5,4792.75,4788.0,4792.25,12100.0
2024-01-09 16:55:00,4792.0,4795.25,4792.0,4795.25,14318.0
2024-01-09 17:00:00,4795.25,4797.5,4792.75,4794.75,17159.0
2024-01-09 17:05:00,4794.75,4797.5,4794.5,4797.5,9178.0
2024-01-09 17:10:00,4797.5,4798.25,4795.75,4797.0,9689.0
2024-01-09 17:15:00,4797.0,4797.5,4795.0,4795.75,7826.0
2024-01-09 17:20:00,4795.75,4797.0,4793.75,4797.0,8306.0
2024-01-09 17:25:00,4797.0,4797.5,4796.0,4797.0,5511.0
2024-01-09 17:30:00,4797.25,4797.5,4795.25,4795.75,5979.0
2024-01-09 17:35:00,4795.75,4796.75,4795.0,4796.75,5878.0
2024-01-09 17:40:00,4796.75,4798.0,4795.75,4797.75,5502.0
2024-01-09 17:45:00,4797.75,4798.0,4795.5,4795.75,5916.0
2024-01-09 17:50:00,4795.75,4799.25,4795.75,4799.0,6951.0
2024-01-09 17:55:00,4799.0,4799.25,4796.5,4797.75,6229.0
2024-01-09 18:00:00,4797.5,4803.75,4797.25,4802.0,16874.0
2024-01-09 18:05:00,4802.0,4804.0,4795.0,4796.25,14323.0
2024-01-09 18:10:00,4796.0,4799.0,4795.5,4798.75,9457.0
2024-01-09 18:15:00,4798.75,4798.75,4796.75,4797.0,6691.0
2024-01-09 18:20:00,4797.0,4798.0,4795.5,4795.75,7176.0
2024-01-09 18:25:00,4795.75,4796.0,4791.75,4792.75,13606.0
2024-01-09 18:30:00,4792.75,4793.5,4785.75,4786.25,23108.0
2024-01-09 18:35:00,4786.25,4791.0,4785.75,4790.75,12912.0
2024-01-09 18:40:00,4790.5,4791.25,4788.5,4789.5,9247.0
2024-01-09 18:45:00,4789.5,4795.75,4788.75,4795.25,10865.0
2024-01-09 18:50:00,4795.25,4801.25,4794.25,4800.0,16525.0
2024-01-09 18:55:00,4800.25,4800.5,4797.25,4797.75,10033.0
2024-01-09 19:00:00,4797.75,4799.75,4796.75,4798.75,7821.0
2024-01-09 19:05:00,4799.0,4800.0,4798.0,4799.5,6223.0
2024-01-09 19:10:00,4799.5,4800.25,4795.0,4795.0,8054.0
2024-01-09 19:15:00,4795.0,4796.5,4790.25,4792.75,14665.0
2024-01-09 19:20:00,4792.75,4795.0,4791.25,4793.0,7638.0
2024-01-09 19:25:00,4793.0,4793.5,4789.0,4789.0,9092.0
2024-01-09 19:30:00,4789.25,4793.75,4789.25,4793.25,9669.0
2024-01-09 19:35:00,4793.5,4794.0,4790.75,4792.0,8837.0
2024-01-09 19:40:00,4791.75,4792.0,4788.5,4789.0,10530.0
2024-01-09 19:45:00,4789.0,4791.75,4788.0,4791.25,9114.0
2024-01-09 19:50:00,4791.25,4793.0,4789.0,4790.25,8321.0
2024-01-09 19:55:00,4790.25,4793.75,4789.75,4792.75,6829.0
2024-01-09 20:00:00,4792.75,4794.75,4791.5,4793.75,9745.0
2024-01-09 20:05:00,4793.5,4794.75,4786.25,4789.0,14289.0
2024-01-09 20:10:00,4788.75,4793.25,4788.75,4791.0,10219.0
2024-01-09 20:15:00,4791.0,4793.0,4790.25,4791.25,7228.0
2024-01-09 20:20:00,4791.25,4797.25,4790.75,4793.75,11303.0
2024-01-09 20:25:00,4793.75,4793.75,4790.75,4793.0,7807.0
2024-01-09 20:30:00,4793.0,4793.5,4790.25,4791.75,8019.0
2024-01-09 20:35:00,4791.75,4792.25,4789.5,4790.5,10090.0
2024-01-09 20:40:00,4790.75,4791.5,4787.0,4788.25,17204.0
2024-01-09 20:45:00,4788.0,4789.75,4786.75,4788.5,13673.0
2024-01-09 20:50:00,4788.5,4792.75,4783.75,4792.0,31144.0
2024-01-09 20:55:00,4792.0,4796.75,4790.75,4793.5,37673.0
2024-01-09 21:00:00,4793.5,4794.75,4790.75,4793.25,79758.0
2024-01-09 21:05:00,4793.5,4794.0,4792.0,4792.5,5874.0
2024-01-09 21:10:00,4792.5,4793.0,4791.0,4792.75,4076.0
2024-01-09 21:15:00,4792.5,4793.0,4791.75,4792.25,2277.0
2024-01-09 21:20:00,4792.25,4792.5,4791.5,4791.5,681.0
2024-01-09 21:25:00,4791.5,4792.0,4791.0,4791.25,1084.0
2024-01-09 21:30:00,4791.25,4791.25,4790.0,4791.0,679.0
2024-01-09 21:35:00,4790.75,4791.0,4790.25,4790.75,654.0
2024-01-09 21:40:00,4790.75,4791.5,4790.5,4791.5,337.0
2024-01-09 21:45:00,4791.5,4792.0,4791.0,4791.75,883.0
2024-01-09 21:50:00,4791.75,4792.0,4791.0,4791.25,549.0
2024-01-09 21:55:00,4791.0,4791.25,4789.75,4790.5,1025.0
2024-01-09 22:00:00,4790.5,4791.0,4790.5,4790.5,237.0
2024-01-09 23:00:00,4790.75,4790.75,4789.25,4789.75,653.0
2024-01-09 23:05:00,4789.5,4790.0,4788.25,4788.25,595.0
2024-01-09 23:10:00,4788.5,4788.75,4787.75,4788.5,587.0
2024-01-09 23:15:00,4788.25,4789.25,4788.25,4789.25,343.0
2024-01-09 23:20:00,4789.25,4789.25,4788.75,4788.75,283.0
2024-01-09 23:25:00,4789.0,4789.25,4788.75,4789.25,179.0
2024-01-09 23:30:00,4789.5,4789.75,4789.25,4789.75,378.0
2024-01-09 23:35:00,4789.5,4789.5,4789.0,4789.25,391.0
2024-01-09 23:40:00,4789.5,4790.0,4789.25,4789.75,184.0
2024-01-09 23:45:00,4789.75,4790.5,4789.75,4790.5,357.0
2024-01-09 23:50:00,4790.5,4791.25,4790.5,4790.5,276.0
2024-01-09 23:55:00,4790.75,4791.75,4790.75,4791.75,255.0
2024-01-10 00:00:00,4791.5,4793.0,4791.5,4792.75,827.0
2024-01-10 00:05:00,4793.0,4794.5,4793.0,4794.0,915.0
2024-01-10 00:10:00,4793.75,4794.75,4793.25,4794.25,480.0
2024-01-10 00:15:00,4794.25,4795.0,4793.75,4794.0,464.0
2024-01-10 00:20:00,4793.75,4794.25,4793.25,4794.25,284.0
2024-01-10 00:25:00,4794.25,4795.0,4793.75,4794.75,397.0
2024-01-10 00:30:00,4795.0,4795.0,4793.75,4794.5,346.0
2024-01-10 00:35:00,4794.5,4795.0,4794.25,4794.75,283.0
2024-01-10 00:40:00,4794.75,4795.0,4793.75,4794.0,370.0
2024-01-10 00:45:00,4794.0,4794.25,4792.25,4792.5,491.0
2024-01-10 00:50:00,4792.5,4793.25,4792.25,4792.5,409.0
2024-01-10 00:55:00,4792.25,4792.75,4792.0,4792.5,274.0
2024-01-10 01:00:00,4792.5,4793.0,4791.0,4791.5,762.0
2024-01-10 01:05:00,4791.5,4791.5,4790.75,4791.25,385.0
2024-01-10 01:10:00,4791.25,4792.25,4790.75,4791.25,644.0
2024-01-10 01:15:00,4791.0,4792.25,4790.75,4791.75,371.0
2024-01-10 01:20:00,4792.0,4792.0,4790.5,4790.75,839.0
2024-01-10 01:25:00,4790.75,4790.75,4789.75,4790.5,505.0
2024-01-10 01:30:00,4790.5,4791.75,4790.25,4790.5,755.0
2024-01-10 01:35:00,4790.5,4792.0,4790.25,4791.75,404.0
2024-01-10 01:40:00,4791.75,4791.75,4790.0,4790.25,485.0
2024-01-10 01:45:00,4790.5,4791.0,4790.25,4790.5,353.0
2024-01-10 01:50:00,4790.25,4790.75,4790.0,4790.75,425.0
2024-01-10 01:55:00,4791.0,4791.5,4790.75,4791.0,345.0
2024-01-10 02:00:00,4791.25,4791.75,4790.75,4791.0,786.0
2024-01-10 02:05:00,4790.75,4791.25,4790.0,4791.0,433.0
2024-01-10 02:10:00,4791.25,4791.5,4791.0,4791.25,307.0
2024-01-10 02:15:00,4791.25,4791.75,4791.0,4791.75,303.0
2024-01-10 02:20:00,4791.5,4791.75,4791.0,4791.25,310.0
2024-01-10 02:25:00,4791.25,4791.25,4790.25,4790.5,228.0
2024-01-10 02:30:00,4790.5,4790.75,4789.5,4790.75,411.0
2024-01-10 02:35:00,4791.0,4791.25,4790.75,4791.25,193.0
2024-01-10 02:40:00,4791.25,4792.0,4790.75,4791.75,352.0
2024-01-10 02:45:00,4791.75,4792.25,4791.5,4791.75,292.0
2024-01-10 02:50:00,4791.75,4792.25,4791.25,4791.25,205.0
2024-01-10 02:55:00,4791.25,4792.25,4791.25,4791.75,240.0
2024-01-10 03:00:00,4791.75,4792.0,4791.25,4791.5,429.0
2024-01-10 03:05:00,4791.5,4791.75,4790.75,4790.75,301.0
2024-01-10 03:10:00,4790.75,4791.0,4789.5,4789.5,612.0
2024-01-10 03:15:00,4789.5,4790.25,4789.0,4790.25,346.0
2024-01-10 03:20:00,4790.0,4790.75,4789.0,4789.0,792.0
2024-01-10 03:25:00,4789.25,4789.75,4789.0,4789.5,396.0
2024-01-10 03:30:00,4789.25,4789.25,4788.0,4788.25,563.0
2024-01-10 03:35:00,4788.25,4788.25,4787.5,4788.0,470.0
2024-01-10 03:40:00,4788.0,4789.25,4788.0,4788.25,608.0
2024-01-10 03:45:00,4788.25,4788.75,4788.0,4788.75,201.0
2024-01-10 03:50:00,4788.5,4788.75,4788.0,4788.5,333.0
2024-01-10 03:55:00,4788.75,4789.0,4788.25,4788.75,247.0
2024-01-10 04:00:00,4788.75,4789.5,4788.5,4789.5,256.0
2024-01-10 04:05:00,4789.5,4790.25,4789.0,4790.0,513.0
2024-01-10 04:10:00,4789.75,4790.75,4789.75,4790.75,308.0
2024-01-10 04:15:00,4790.5,4791.0,4789.5,4789.5,345.0
2024-01-10 04:20:00,4789.5,4790.5,4789.5,4790.5,282.0
2024-01-10 04:25:00,4790.5,4790.5,4789.0,4789.5,274.0
2024-01-10 04:30:00,4789.5,4789.75,4788.5,4788.75,370.0
2024-01-10 04:35:00,4788.5,4789.0,4788.5,4789.0,113.0
2024-01-10 04:40:00,4789.0,4789.0,4788.5,4789.0,354.0
2024-01-10 04:45:00,4789.0,4789.25,4788.25,4788.5,319.0
2024-01-10 04:50:00,4788.75,4789.5,4788.75,4789.5,147.0
2024-01-10 04:55:00,4789.5,4789.5,4788.75,4788.75,79.0
2024-01-10 05:00:00,4788.75,4789.0,4788.5,4788.5,129.0
2024-01-10 05:05:00,4788.75,4789.0,4788.25,4788.25,187.0
2024-01-10 05:10:00,4788.25,4788.75,4788.25,4788.75,127.0
2024-01-10 05:15:00,4788.75,4789.5,4788.75,4788.75,305.0
2024-01-10 05:20:00,4788.5,4788.5,4787.75,4788.25,305.0
2024-01-10 05:25:00,4788.25,4788.5,4787.5,4787.75,432.0
2024-01-10 05:30:00,4787.75,4789.75,4787.75,4789.0,896.0
2024-01-10 05:35:00,4789.0,4789.0,4787.75,4787.75,525.0
2024-01-10 05:40:00,4788.0,4788.5,4788.0,4788.5,259.0
2024-01-10 05:45:00,4788.25,4789.25,4788.25,4789.25,427.0
2024-01-10 05:50:00,4789.25,4790.25,4789.25,4790.25,498.0
2024-01-10 05:55:00,4790.0,4790.5,4789.75,4789.75,328.0
2024-01-10 06:00:00,4789.75,4790.75,4789.25,4789.75,616.0
2024-01-10 06:05:00,4789.5,4791.0,4789.5,4791.0,406.0
2024-01-10 06:10:00,4791.0,4791.25,4790.0,4790.25,348.0
2024-01-10 06:15:00,4790.0,4790.0,4789.25,4789.25,205.0
2024-01-10 06:20:00,4789.25,4790.5,4789.25,4790.5,191.0
2024-01-10 06:25:00,4790.25,4790.5,4788.5,4788.5,202.0
2024-01-10 06:30:00,4788.5,4789.5,4788.5,4789.0,272.0
2024-01-10 06:35:00,4789.0,4789.25,4788.75,4788.75,68.0
2024-01-10 06:40:00,4788.75,4789.0,4788.0,4789.0,293.0
2024-01-10 06:45:00,4788.75,4789.0,4788.25,4788.25,246.0
2024-01-10 06:50:00,4788.0,4788.0,4786.0,4786.75,1038.0
2024-01-10 06:55:00,4786.75,4787.5,4786.5,4787.5,695.0
2024-01-10 07:00:00,4787.75,4789.0,4787.0,4789.0,905.0
2024-01-10 07:05:00,4788.75,4789.0,4787.5,4788.25,481.0
2024-01-10 07:10:00,4788.5,4789.0,4787.5,4789.0,448.0
2024-01-10 07:15:00,4789.0,4789.5,4788.25,4789.25,544.0
2024-01-10 07:20:00,4789.25,4790.5,4789.25,4790.25,723.0
2024-01-10 07:25:00,4790.25,4790.5,4789.5,4789.75,561.0
2024-01-10 07:30:00,4789.75,4790.5,4789.5,4790.25,470.0
2024-01-10 07:35:00,4790.25,4790.75,4789.75,4790.75,698.0
2024-01-10 07:40:00,4790.75,4792.0,4790.75,4792.0,649.0
2024-01-10 07:45:00,4792.0,4792.5,4791.75,4792.0,645.0
2024-01-10 07:50:00,4792.0,4793.0,4792.0,4792.25,842.0
2024-01-10 07:55:00,4792.5,4793.0,4792.0,4792.75,398.0
2024-01-10 08:00:00,4792.75,4794.25,4792.25,4793.5,3076.0
2024-01-10 08:05:00,4793.5,4794.0,4792.0,4792.25,1151.0
2024-01-10 08:10:00,4792.25,4792.5,4790.5,4791.25,1345.0
2024-01-10 08:15:00,4791.25,4792.5,4790.75,4791.25,1113.0
2024-01-10 08:20:00,4791.25,4792.75,4791.25,4792.5,815.0
2024-01-10 08:25:00,4792.5,4793.0,4791.75,4792.75,1301.0
2024-01-10 08:30:00,4792.75,4793.0,4791.0,4791.25,1083.0
2024-01-10 08:35:00,4791.25,4791.75,4790.0,4790.5,932.0
2024-01-10 08:40:00,4790.5,4791.75,4790.0,4791.25,916.0
2024-01-10 08:45:00,4791.25,4793.75,4790.5,4793.25,1856.0
2024-01-10 08:50:00,4793.25,4794.25,4792.5,4793.0,1248.0
2024-01-10 08:55:00,4793.0,4793.25,4791.25,4793.0,833.0
2024-01-10 09:00:00,4793.0,4794.0,4792.5,4794.0,846.0
2024-01-10 09:05:00,4794.0,4798.5,4794.0,4798.25,3058.0
2024-01-10 09:10:00,4798.25,4801.75,4798.25,4800.5,2892.0
2024-01-10 09:15:00,4800.5,4802.0,4800.0,4801.5,1707.0
2024-01-10 09:20:00,4801.75,4802.0,4800.5,4801.5,1521.0
2024-01-10 09:25:00,4801.5,4803.0,4801.5,4801.75,1358.0
2024-01-10 09:30:00,4801.75,4803.25,4801.5,4803.25,1069.0
2024-01-10 09:35:00,4803.5,4804.0,4802.25,4802.5,1537.0
2024-01-10 09:40:00,4802.25,4803.5,4801.25,4801.5,1433.0
2024-01-10 09:45:00,4801.75,4801.75,4798.75,4799.75,1235.0
2024-01-10 09:50:00,4800.0,4800.75,4799.5,4799.75,1500.0
2024-01-10 09:55:00,4800.0,4801.0,4799.75,4800.5,922.0
2024-01-10 10:00:00,4800.5,4801.0,4799.5,4800.5,955.0
2024-01-10 10:05:00,4800.75,4801.5,4799.75,4799.75,1576.0
2024-01-10 10:10:00,4799.75,4800.0,4798.75,4799.5,1295.0
2024-01-10 10:15:00,4799.5,4799.5,4797.25,4797.25,1109.0
2024-01-10 10:20:00,4797.25,4798.0,4796.5,4797.5,1125.0
2024-01-10 10:25:00,4797.75,4797.75,4796.0,4797.5,869.0
2024-01-10 10:30:00,4797.25,4797.75,4794.75,4796.75,1423.0
2024-01-10 10:35:00,4796.75,4797.75,4796.25,4797.0,1019.0
2024-01-10 10:40:00,4796.75,4798.0,4796.75,4797.75,1021.0
2024-01-10 10:45:00,4797.75,4798.0,4796.75,4797.25,821.0
2024-01-10 10:50:00,4797.25,4798.0,4797.0,4797.0,861.0
2024-01-10 10:55:00,4797.25,4797.5,4795.75,4796.5,950.0
2024-01-10 11:00:00,4796.5,4797.25,4796.0,4797.25,924.0
2024-01-10 11:05:00,4797.25,4797.75,4797.0,4797.75,793.0
2024-01-10 11:10:00,4797.5,4797.75,4795.5,4796.75,978.0
2024-01-10 11:15:00,4797.0,4798.25,4795.75,4796.5,1331.0
2024-01-10 11:20:00,4796.5,4796.5,4795.25,4795.75,708.0
2024-01-10 11:25:00,4795.75,4795.75,4793.75,4793.75,1460.0
2024-01-10 11:30:00,4793.5,4794.0,4791.5,4793.0,2423.0
2024-01-10 11:35:00,4793.0,4793.75,4792.5,4793.75,683.0
2024-01-10 11:40:00,4793.75,4793.75,4792.5,4792.75,556.0
2024-01-10 11:45:00,4792.75,4793.25,4791.0,4791.25,936.0
2024-01-10 11:50:00,4791.25,4791.5,4789.75,4790.25,1324.0
2024-01-10 11:55:00,4790.25,4791.0,4789.0,4791.0,1753.0
2024-01-10 12:00:00,4791.0,4794.0,4790.75,4793.75,2061.0
2024-01-10 12:05:00,4793.75,4795.5,4793.0,4793.25,1639.0
2024-01-10 12:10:00,4793.0,4795.25,4793.0,4795.0,1303.0
2024-01-10 12:15:00,4794.75,4795.0,4793.5,4794.5,852.0
2024-01-10 12:20:00,4794.5,4795.75,4793.5,4795.75,1124.0
2024-01-10 12:25:00,4795.75,4796.5,4795.25,4796.25,1975.0
2024-01-10 12:30:00,4796.25,4796.75,4795.25,4795.75,1447.0
2024-01-10 12:35:00,4795.5,4795.5,4794.25,4795.25,833.0
2024-01-10 12:40:00,4795.0,4795.0,4793.0,4793.5,1349.0
2024-01-10 12:45:00,4793.5,4793.75,4791.75,4793.25,1314.0
2024-01-10 12:50:00,4793.25,4795.5,4793.0,4795.5,939.0
2024-01-10 12:55:00,4795.25,4795.5,4792.5,4793.75,1641.0
2024-01-10 13:00:00,4793.75,4793.75,4790.5,4791.75,2077.0
2024-01-10 13:05:00,4791.5,4794.0,4791.5,4793.5,1491.0
2024-01-10 13:10:00,4793.5,4795.0,4793.0,4794.0,2873.0
2024-01-10 13:15:00,4793.75,4794.75,4792.5,4792.75,1158.0
2024-01-10 13:20:00,4793.0,4794.25,4791.75,4794.0,1766.0
2024-01-10 13:25:00,4793.75,4795.25,4792.5,4795.25,2505.0
2024-01-10 13:30:00,4795.0,4795.25,4791.75,4791.75,2922.0
2024-01-10 13:35:00,4791.75,4793.0,4791.25,4792.75,1451.0
2024-01-10 13:40:00,4792.75,4793.25,4791.5,4792.5,1574.0
2024-01-10 13:45:00,4792.75,4792.75,4789.5,4791.0,2134.0
2024-01-10 13:50:00,4791.0,4791.75,4789.5,4790.5,1410.0
2024-01-10 13:55:00,4790.5,4791.5,4789.5,4789.75,1623.0
2024-01-10 14:00:00,4789.75,4790.5,4787.75,4790.25,3216.0
2024-01-10 14:05:00,4790.25,4791.75,4790.0,4790.75,2954.0
2024-01-10 14:10:00,4790.5,4791.75,4789.0,4791.25,3047.0
2024-01-10 14:15:00,4791.25,4793.25,4791.0,4792.5,3703.0
2024-01-10 14:20:00,4792.5,4793.75,4791.75,4792.75,2520.0
2024-01-10 14:25:00,4792.75,4794.5,4792.25,4794.5,4384.0
2024-01-10 14:30:00,4794.5,4802.5,4794.25,4801.25,33101.0
2024-01-10 14:35:00,4801.5,4804.5,4800.25,4803.5,22740.0
2024-01-10 14:40:00,4803.5,4807.25,4802.25,4807.25,22412.0
2024-01-10 14:45:00,4807.0,4807.25,4802.25,4805.0,24761.0
2024-01-10 14:50:00,4804.75,4805.25,4798.0,4798.75,31556.0
2024-01-10 14:55:00,4798.75,4800.5,4797.25,4800.0,18257.0
2024-01-10 15:00:00,4800.0,4801.5,4793.75,4794.75,25509.0
2024-01-10 15:05:00,4795.0,4797.0,4792.25,4796.5,20670.0
2024-01-10 15:10:00,4796.75,4800.0,4795.25,4799.25,16752.0
2024-01-10 15:15:00,4799.5,4800.5,4796.25,4797.75,14148.0
2024-01-10 15:20:00,4797.75,4798.75,4795.75,4797.25,11912.0
2024-01-10 15:25:00,4797.25,4800.75,4795.75,4800.75,10986.0
2024-01-10 15:30:00,4800.75,4802.75,4800.25,4801.5,13266.0
2024-01-10 15:35:00,4801.25,4803.25,4801.0,4801.25,9610.0
2024-01-10 15:40:00,4801.5,4805.75,4801.25,4805.25,12562.0
2024-01-10 15:45:00,4805.25,4805.75,4802.0,4804.0,14504.0
2024-01-10 15:50:00,4804.25,4805.25,4803.5,4804.5,8660.0
2024-01-10 15:55:00,4804.5,4805.75,4803.0,4805.25,7604.0
2024-01-10 16:00:00,4805.25,4806.5,4804.75,4804.75,10976.0
2024-01-10 16:05:00,4805.0,4805.5,4804.0,4805.0,7081.0
2024-01-10 16:10:00,4805.0,4805.75,4797.75,4799.75,12909.0
2024-01-10 16:15:00,4799.75,4801.5,4798.25,4801.25,13535.0
2024-01-10 16:20:00,4801.0,4803.5,4800.75,4801.5,9061.0
2024-01-10 16:25:00,4801.5,4803.25,4801.0,4801.0,6872.0
2024-01-10 16:30:00,4801.25,4802.5,4799.75,4800.25,8339.0
2024-01-10 16:35:00,4800.0,4801.5,4799.0,4800.25,7576.0
2024-01-10 16:40:00,4800.25,4803.5,4800.25,4803.0,7543.0
2024-01-10 16:45:00,4803.25,4804.5,4802.25,4802.75,6515.0
2024-01-10 16:50:00,4802.75,4802.75,4798.25,4800.5,10915.0
2024-01-10 16:55:00,4800.5,4804.5,4800.5,4803.5,8928.0
2024-01-10 17:00:00,4803.25,4803.25,4799.5,4801.5,10832.0
2024-01-10 17:05:00,4801.5,4803.0,4799.75,4802.5,7259.0
2024-01-10 17:10:00,4802.5,4804.0,4801.75,4803.75,5750.0
2024-01-10 17:15:00,4803.75,4804.75,4802.25,4803.0,6564.0
2024-01-10 17:20:00,4803.25,4805.5,4803.25,4804.25,6309.0
2024-01-10 17:25:00,4804.5,4805.25,4803.0,4804.5,5187.0
2024-01-10 17:30:00,4804.5,4806.25,4804.5,4804.75,5791.0
2024-01-10 17:35:00,4805.0,4805.75,4805.0,4805.75,4489.0
2024-01-10 17:40:00,4806.0,4807.75,4804.25,4806.25,12128.0
2024-01-10 17:45:00,4806.5,4806.75,4805.25,4806.5,5418.0
2024-01-10 17:50:00,4806.75,4807.75,4806.25,4806.5,5569.0
2024-01-10 17:55:00,4806.75,4808.5,4806.5,4807.5,7197.0
2024-01-10 18:00:00,4807.75,4810.75,4803.75,4809.25,17156.0
2024-01-10 18:05:00,4809.25,4813.25,4807.5,4808.0,20678.0
2024-01-10 18:10:00,4808.0,4808.5,4801.75,4806.0,17923.0
2024-01-10 18:15:00,4806.0,4808.75,4804.5,4807.75,9823.0
2024-01-10 18:20:00,4807.75,4808.0,4804.0,4806.5,8796.0
2024-01-10 18:25:00,4806.25,4808.5,4806.0,4807.75,8292.0
2024-01-10 18:30:00,4807.75,4809.75,4806.0,4809.0,8381.0
2024-01-10 18:35:00,4808.75,4810.5,4806.0,4808.5,8379.0
2024-01-10 18:40:00,4808.75,4810.0,4808.25,4808.5,5225.0
2024-01-10 18:45:00,4808.75,4810.25,4808.0,4809.75,5357.0
2024-01-10 18:50:00,4809.75,4811.75,4809.25,4811.25,6646.0
2024-01-10 18:55:00,4811.5,4812.5,4810.75,4811.5,7220.0
2024-01-10 19:00:00,4811.5,4812.75,4810.5,4812.5,6838.0
2024-01-10 19:05:00,4812.5,4813.5,4811.5,4811.75,6993.0
2024-01-10 19:10:00,4812.0,4821.5,4812.0,4819.5,25055.0
2024-01-10 19:15:00,4819.25,4820.25,4817.0,4819.0,15328.0
2024-01-10 19:20:00,4819.0,4820.75,4818.0,4819.75,10332.0
2024-01-10 19:25:00,4820.0,4822.5,4818.75,4820.75,13583.0
2024-01-10 19:30:00,4820.75,4822.25,4820.0,4821.0,9181.0
2024-01-10 19:35:00,4821.0,4821.75,4818.75,4819.0,10205.0
2024-01-10 19:40:00,4819.0,4821.25,4818.75,4820.25,7827.0
2024-01-10 19:45:00,4820.25,4823.75,4820.0,4823.25,9176.0
2024-01-10 19:50:00,4823.25,4826.75,4822.0,4824.75,13385.0
2024-01-10 19:55:00,4824.75,4827.0,4824.0,4825.75,11329.0
2024-01-10 20:00:00,4826.0,4827.75,4823.25,4825.75,13139.0
2024-01-10 20:05:00,4826.0,4828.5,4825.0,4827.5,9726.0
2024-01-10 20:10:00,4827.5,4828.0,4825.25,4827.0,8161.0
2024-01-10 20:15:00,4826.75,4827.25,4820.25,4823.0,30294.0
2024-01-10 20:20:00,4823.0,4823.0,4815.25,4815.5,24830.0
2024-01-10 20:25:00,4815.5,4819.0,4812.75,4816.25,24485.0
2024-01-10 20:30:00,4816.25,4820.25,4814.5,4819.5,11422.0
2024-01-10 20:35:00,4819.25,4819.75,4816.0,4819.0,11488.0
2024-01-10 20:40:00,4818.75,4819.0,4812.0,4813.0,19365.0
2024-01-10 20:45:00,4812.75,4814.75,4810.25,4811.25,19203.0
2024-01-10 20:50:00,4811.25,4813.75,4805.75,4813.0,35206.0
2024-01-10 20:55:00,4813.0,4820.5,4812.25,4820.5,42865.0
2024-01-10 21:00:00,4820.25,4822.5,4817.25,4818.75,88391.0
2024-01-10 21:05:00,4818.75,4820.0,4818.25,4819.5,5776.0
2024-01-10 21:10:00,4819.75,4819.75,4818.5,4819.0,4249.0
2024-01-10 21:15:00,4819.0,4820.75,4818.75,4820.25,3160.0
2024-01-10 21:20:00,4820.5,4821.0,4819.75,4821.0,1258.0
2024-01-10 21:25:00,4821.0,4821.0,4820.0,4820.75,1119.0
2024-01-10 21:30:00,4820.5,4820.75,4820.25,4820.25,773.0
2024-01-10 21:35:00,4820.5,4820.75,4819.75,4819.75,605.0
2024-01-10 21:40:00,4819.75,4820.5,4819.5,4820.0,979.0
2024-01-10 21:45:00,4820.0,4821.5,4820.0,4820.75,1662.0
2024-01-10 21:50:00,4820.5,4821.25,4820.5,4820.75,447.0
2024-01-10 21:55:00,4820.75,4821.0,4820.25,4820.5,636.0
2024-01-10 22:00:00,4820.5,4820.75,4819.75,4820.25,599.0
2024-01-10 23:00:00,4820.5,4821.75,4818.0,4818.5,1020.0
2024-01-10 23:05:00,4818.5,4819.25,4818.25,4819.0,327.0
2024-01-10 23:10:00,4818.75,4820.75,4818.75,4820.75,615.0
2024-01-10 23:15:00,4820.75,4821.5,4820.5,4821.0,453.0
2024-01-10 23:20:00,4821.25,4821.75,4820.75,4821.75,317.0
2024-01-10 23:25:00,4821.5,4822.25,4821.5,4822.25,430.0
2024-01-10 23:30:00,4822.25,4822.75,4822.0,4822.0,412.0
2024-01-10 23:35:00,4822.25,4822.25,4821.25,4821.5,371.0
2024-01-10 23:40:00,4821.75,4822.5,4821.5,4821.75,355.0
2024-01-10 23:45:00,4821.75,4822.25,4821.0,4821.0,404.0
2024-01-10 23:50:00,4821.25,4822.0,4821.0,4821.75,322.0
2024-01-10 23:55:00,4821.5,4822.0,4821.25,4821.5,281.0
2024-01-11 00:00:00,4821.5,4821.75,4820.75,4821.75,467.0
2024-01-11 00:05:00,4821.75,4822.25,4820.75,4821.0,541.0
2024-01-11 00:10:00,4820.75,4821.5,4820.25,4821.25,399.0
2024-01-11 00:15:00,4821.25,4821.75,4820.5,4821.0,419.0
2024-01-11 00:20:00,4821.25,4821.5,4821.0,4821.25,408.0
2024-01-11 00:25:00,4821.25,4821.75,4820.75,4821.0,651.0
2024-01-11 00:30:00,4821.0,4822.0,4821.0,4821.75,257.0
2024-01-11 00:35:00,4821.75,4823.25,4821.5,4823.0,854.0
2024-01-11 00:40:00,4823.25,4824.5,4822.75,4824.5,711.0
2024-01-11 00:45:00,4824.5,4826.5,4824.25,4825.75,1654.0
2024-01-11 00:50:00,4825.5,4826.0,4824.25,4825.0,630.0
2024-01-11 00:55:00,4825.25,4825.25,4824.5,4824.5,390.0
2024-01-11 01:00:00,4824.5,4827.0,4824.25,4825.5,1540.0
2024-01-11 01:05:00,4825.5,4827.0,4825.25,4826.5,610.0
2024-01-11 01:10:00,4826.5,4827.25,4826.25,4827.0,582.0
2024-01-11 01:15:00,4827.0,4827.25,4826.75,4827.0,486.0
2024-01-11 01:20:00,4827.0,4827.5,4825.5,4825.5,664.0
2024-01-11 01:25:00,4825.5,4826.0,4825.5,4825.5,320.0
2024-01-11 01:30:00,4825.75,4826.0,4825.0,4825.25,637.0
2024-01-11 01:35:00,4825.25,4827.0,4825.25,4825.5,560.0
2024-01-11 01:40:00,4825.5,4826.25,4825.5,4826.0,359.0
2024-01-11 01:45:00,4826.25,4826.5,4825.75,4826.25,499.0
2024-01-11 01:50:00,4826.5,4826.5,4825.75,4826.25,337.0
2024-01-11 01:55:00,4826.0,4826.5,4825.75,4826.25,263.0
2024-01-11 02:00:00,4826.25,4827.25,4826.0,4827.0,550.0
2024-01-11 02:05:00,4827.25,4827.25,4826.5,4827.25,420.0
2024-01-11 02:10:00,4827.25,4827.75,4826.75,4827.75,577.0
2024-01-11 02:15:00,4827.75,4828.5,4827.5,4828.25,1160.0
2024-01-11 02:20:00,4828.0,4828.25,4827.25,4827.25,578.0
2024-01-11 02:25:00,4827.25,4827.5,4826.5,4826.75,569.0
2024-01-11 02:30:00,4827.0,4827.5,4826.25,4826.75,444.0
2024-01-11 02:35:00,4826.5,4826.75,4826.0,4826.25,324.0
2024-01-11 02:40:00,4826.25,4826.25,4825.75,4826.25,342.0
2024-01-11 02:45:00,4826.0,4826.75,4825.75,4826.5,331.0
2024-01-11 02:50:00,4826.25,4827.0,4826.25,4826.5,312.0
2024-01-11 02:55:00,4826.75,4827.25,4826.5,4827.0,400.0
2024-01-11 03:00:00,4827.0,4827.25,4826.75,4827.25,202.0
2024-01-11 03:05:00,4827.25,4827.25,4826.75,4827.25,152.0
2024-01-11 03:10:00,4827.25,4828.0,4827.25,4827.5,217.0
2024-01-11 03:15:00,4827.5,4827.75,4827.25,4827.5,92.0
2024-01-11 03:20:00,4827.75,4827.75,4827.25,4827.25,62.0
2024-01-11 03:25:00,4827.25,4827.75,4827.0,4827.75,219.0
2024-01-11 03:30:00,4828.0,4829.5,4827.5,4829.0,1119.0
2024-01-11 03:35:00,4829.0,4829.25,4828.5,4828.5,328.0
2024-01-11 03:40:00,4828.5,4828.75,4828.0,4828.0,258.0
2024-01-11 03:45:00,4828.0,4828.25,4827.5,4828.0,430.0
2024-01-11 03:50:00,4828.25,4828.5,4828.0,4828.5,225.0
2024-01-11 03:55:00,4828.75,4830.25,4828.5,4829.0,1107.0
2024-01-11 04:00:00,4829.25,4829.75,4829.0,4829.0,294.0
2024-01-11 04:05:00,4829.0,4830.0,4829.0,4830.0,364.0
2024-01-11 04:10:00,4830.0,4830.0,4829.25,4829.5,234.0
2024-01-11 04:15:00,4829.5,4829.5,4828.5,4828.5,227.0
2024-01-11 04:20:00,4828.75,4829.5,4828.5,4829.25,208.0
2024-01-11 04:25:00,4829.5,4829.5,4828.75,4828.75,135.0
2024-01-11 04:30:00,4829.0,4829.25,4828.5,4828.5,186.0
2024-01-11 04:35:00,4828.5,4828.75,4828.25,4828.25,236.0
2024-01-11 04:40:00,4828.25,4828.5,4827.75,4828.5,351.0
2024-01-11 04:45:00,4828.25,4828.75,4828.25,4828.25,94.0
2024-01-11 04:50:00,4828.25,4828.5,4827.75,4828.5,378.0
2024-01-11 04:55:00,4828.5,4828.75,4828.25,4828.5,102.0
2024-01-11 05:00:00,4828.5,4828.75,4828.25,4828.75,176.0
2024-01-11 05:05:00,4828.75,4829.25,4828.5,4829.0,221.0
2024-01-11 05:10:00,4829.0,4829.0,4828.5,4829.0,262.0
2024-01-11 05:15:00,4828.75,4829.25,4828.5,4829.0,160.0
2024-01-11 05:20:00,4829.25,4829.25,4828.25,4828.5,276.0
2024-01-11 05:25:00,4828.5,4829.0,4827.5,4829.0,460.0
2024-01-11 05:30:00,4828.75,4830.0,4828.0,4828.0,672.0
2024-01-11 05:35:00,4828.25,4828.25,4827.75,4828.0,218.0
2024-01-11 05:40:00,4828.25,4828.75,4828.0,4828.75,244.0
2024-01-11 05:45:00,4828.75,4829.25,4828.75,4829.0,127.0
2024-01-11 05:50:00,4828.75,4828.75,4828.0,4828.5,283.0
2024-01-11 05:55:00,4828.75,4828.75,4827.25,4828.0,841.0
2024-01-11 06:00:00,4828.0,4828.5,4827.75,4828.0,608.0
2024-01-11 06:05:00,4828.25,4828.25,4827.5,4828.25,377.0
2024-01-11 06:10:00,4828.0,4829.75,4828.0,4829.75,460.0
2024-01-11 06:15:00,4829.75,4830.0,4829.25,4829.25,430.0
2024-01-11 06:20:00,4829.5,4829.75,4829.25,4829.75,446.0
2024-01-11 06:25:00,4829.75,4830.75,4829.75,4830.0,551.0
2024-01-11 06:30:00,4830.0,4830.5,4829.75,4830.5,669.0
2024-01-11 06:35:00,4830.5,4832.5,4830.5,4832.0,1576.0
2024-01-11 06:40:00,4832.0,4832.5,4831.0,4831.25,762.0
2024-01-11 06:45:00,4831.0,4831.5,4830.5,4830.5,476.0
2024-01-11 06:50:00,4830.75,4831.0,4830.25,4830.75,387.0
2024-01-11 06:55:00,4830.75,4831.5,4830.5,4830.75,522.0
2024-01-11 07:00:00,4831.0,4832.0,4831.0,4831.5,559.0
2024-01-11 07:05:00,4831.75,4832.75,4831.5,4832.0,741.0
2024-01-11 07:10:00,4832.25,4833.0,4831.5,4831.5,633.0
2024-01-11 07:15:00,4831.75,4832.25,4831.0,4832.0,339.0
2024-01-11 07:20:00,4832.0,4833.0,4831.5,4832.25,489.0
2024-01-11 07:25:00,4832.25,4833.75,4832.25,4833.25,1211.0
2024-01-11 07:30:00,4833.25,4833.5,4831.25,4831.75,756.0
2024-01-11 07:35:00,4831.5,4832.0,4831.25,4831.75,442.0
2024-01-11 07:40:00,4832.0,4832.75,4831.75,4832.25,523.0
2024-01-11 07:45:00,4832.0,4832.75,4831.5,4831.75,539.0
2024-01-11 07:50:00,4831.75,4832.25,4831.5,4831.75,799.0
2024-01-11 07:55:00,4831.75,4832.5,4830.75,4831.25,923.0
2024-01-11 08:00:00,4831.25,4832.0,4830.0,4831.25,2378.0
2024-01-11 08:05:00,4831.5,4832.0,4829.75,4831.0,1779.0
2024-01-11 08:10:00,4831.25,4833.5,4830.75,4832.5,1621.0
2024-01-11 08:15:00,4832.5,4834.75,4832.25,4834.75,1863.0
2024-01-11 08:20:00,4834.75,4835.5,4834.0,4835.5,2092.0
2024-01-11 08:25:00,4835.75,4837.0,4835.75,4836.0,1642.0
2024-01-11 08:30:00,4836.0,4836.25,4834.5,4835.0,1095.0
2024-01-11 08:35:00,4835.25,4836.75,4835.0,4835.75,1053.0
2024-01-11 08:40:00,4836.0,4836.5,4835.0,4835.5,1064.0
2024-01-11 08:45:00,4835.5,4837.25,4835.25,4837.0,1382.0
2024-01-11 08:50:00,4837.0,4838.0,4836.25,4836.75,1434.0
2024-01-11 08:55:00,4837.0,4837.0,4835.75,4836.25,838.0
2024-01-11 09:00:00,4836.0,4836.5,4834.5,4835.0,1339.0
2024-01-11 09:05:00,4834.75,4835.0,4832.75,4833.0,1599.0
2024-01-11 09:10:00,4833.25,4833.25,4831.0,4832.5,1916.0
2024-01-11 09:15:00,4832.5,4833.0,4830.75,4831.25,1645.0
2024-01-11 09:20:00,4831.5,4832.25,4830.75,4831.5,879.0
2024-01-11 09:25:00,4831.5,4831.5,4830.0,4830.75,1313.0
2024-01-11 09:30:00,4830.75,4830.75,4827.75,4828.75,2234.0
2024-01-11 09:35:00,4828.75,4830.0,4827.25,4827.5,1741.0
2024-01-11 09:40:00,4827.5,4828.0,4826.0,4826.75,1765.0
2024-01-11 09:45:00,4826.75,4827.75,4826.0,4827.0,1118.0
2024-01-11 09:50:00,4827.0,4828.75,4827.0,4828.25,911.0
2024-01-11 09:55:00,4828.25,4828.5,4827.5,4827.5,686.0
2024-01-11 10:00:00,4827.25,4828.5,4827.0,4828.25,1233.0
2024-01-11 10:05:00,4828.25,4828.25,4826.5,4826.75,803.0
2024-01-11 10:10:00,4826.75,4827.5,4826.5,4827.0,1074.0
2024-01-11 10:15:00,4826.75,4827.5,4826.0,4827.0,697.0
2024-01-11 10:20:00,4827.0,4827.75,4826.75,4827.5,936.0
2024-01-11 10:25:00,4827.5,4827.75,4826.0,4827.25,864.0
2024-01-11 10:30:00,4827.0,4827.25,4825.5,4826.0,1351.0
2024-01-11 10:35:00,4825.75,4826.5,4825.0,4825.25,1139.0
2024-01-11 10:40:00,4825.25,4825.5,4824.0,4824.25,1304.0
2024-01-11 10:45:00,4824.25,4824.75,4823.25,4824.0,1710.0
2024-01-11 10:50:00,4824.0,4824.0,4823.0,4823.5,1618.0
2024-01-11 10:55:00,4823.5,4824.75,4822.75,4824.5,1379.0
2024-01-11 11:00:00,4824.5,4826.75,4824.5,4826.25,1398.0
2024-01-11 11:05:00,4826.25,4827.25,4825.75,4826.75,1859.0
2024-01-11 11:10:00,4826.75,4827.75,4826.5,4827.5,1328.0
2024-01-11 11:15:00,4827.5,4828.5,4827.0,4828.5,2185.0
2024-01-11 11:20:00,4828.5,4828.5,4826.5,4826.75,1329.0
2024-01-11 11:25:00,4826.75,4826.75,4826.0,4826.25,1125.0
2024-01-11 11:30:00,4826.5,4826.75,4826.0,4826.5,902.0
2024-01-11 11:35:00,4826.5,4827.25,4826.0,4826.5,881.0
2024-01-11 11:40:00,4826.5,4827.25,4826.25,4826.5,677.0
2024-01-11 11:45:00,4826.75,4826.75,4824.25,4824.5,1135.0
2024-01-11 11:50:00,4824.25,4825.25,4824.25,4824.75,620.0
2024-01-11 11:55:00,4825.0,4826.25,4825.0,4826.25,643.0
2024-01-11 12:00:00,4826.25,4827.0,4824.25,4824.5,1832.0
2024-01-11 12:05:00,4824.75,4825.75,4823.25,4825.5,1571.0
2024-01-11 12:10:00,4825.5,4825.5,4823.25,4824.25,968.0
2024-01-11 12:15:00,4824.25,4825.25,4824.0,4825.25,955.0
2024-01-11 12:20:00,4825.25,4826.75,4825.0,4826.25,1229.0
2024-01-11 12:25:00,4826.25,4828.0,4826.0,4827.5,1422.0
2024-01-11 12:30:00,4827.5,4828.25,4826.5,4827.5,1873.0
2024-01-11 12:35:00,4827.75,4828.75,4827.5,4828.0,1483.0
2024-01-11 12:40:00,4828.0,4828.75,4827.0,4828.25,1179.0
2024-01-11 12:45:00,4828.25,4829.0,4827.75,4828.25,1318.0
2024-01-11 12:50:00,4828.0,4828.5,4827.0,4827.75,2450.0
2024-01-11 12:55:00,4828.0,4828.0,4825.5,4825.75,1613.0
2024-01-11 13:00:00,4826.0,4827.25,4825.75,4826.75,1966.0
2024-01-11 13:05:00,4826.75,4828.25,4826.5,4827.25,2271.0
2024-01-11 13:10:00,4827.25,4828.25,4826.75,4827.5,2105.0
2024-01-11 13:15:00,4827.5,4828.25,4827.25,4828.0,1820.0
2024-01-11 13:20:00,4828.25,4828.75,4827.25,4828.0,2805.0
2024-01-11 13:25:00,4828.0,4829.5,4827.75,4828.75,4229.0
2024-01-11 13:30:00,4828.75,4837.0,4802.5,4815.75,41105.0
2024-01-11 13:35:00,4815.75,4823.5,4814.25,4814.75,29130.0
2024-01-11 13:40:00,4814.5,4818.75,4812.25,4816.25,14664.0
2024-01-11 13:45:00,4816.75,4819.5,4813.25,4817.0,10829.0
2024-01-11 13:50:00,4817.0,4817.0,4811.75,4812.25,7638.0
2024-01-11 13:55:00,4812.25,4813.75,4808.25,4809.25,10187.0
2024-01-11 14:00:00,4809.25,4811.25,4806.5,4810.75,12722.0
2024-01-11 14:05:00,4810.5,4814.75,4808.75,4814.0,10542.0
2024-01-11 14:10:00,4813.75,4816.25,4812.5,4816.0,9330.0
2024-01-11 14:15:00,4815.75,4820.0,4814.75,4819.75,9344.0
2024-01-11 14:20:00,4819.5,4821.25,4816.75,4821.0,7297.0
2024-01-11 14:25:00,4820.75,4826.25,4820.75,4826.0,10468.0
2024-01-11 14:30:00,4826.0,4830.0,4820.0,4826.0,52126.0
2024-01-11 14:35:00,4826.0,4832.25,4824.5,4827.75,41284.0
2024-01-11 14:40:00,4827.5,4829.0,4823.0,4823.25,31025.0
2024-01-11 14:45:00,4823.0,4824.5,4813.0,4813.25,37070.0
2024-01-11 14:50:00,4813.25,4815.25,4808.0,4809.75,35529.0
2024-01-11 14:55:00,4809.75,4814.25,4809.75,4813.75,26606.0
2024-01-11 15:00:00,4813.75,4814.75,4805.0,4806.75,31054.0
2024-01-11 15:05:00,4806.75,4807.0,4789.75,4792.25,64315.0
2024-01-11 15:10:00,4792.25,4793.0,4786.25,4791.5,46819.0
2024-01-11 15:15:00,4791.25,4795.25,4787.0,4795.0,34618.0
2024-01-11 15:20:00,4795.0,4801.5,4794.5,4798.25,26160.0
2024-01-11 15:25:00,4798.25,4800.5,4796.75,4799.75,19132.0
2024-01-11 15:30:00,4799.5,4806.5,4798.25,4798.5,27985.0
2024-01-11 15:35:00,4798.5,4802.5,4794.25,4801.75,22351.0
2024-01-11 15:40:00,4801.75,4802.75,4797.5,4799.5,17380.0
2024-01-11 15:45:00,4799.5,4802.5,4796.25,4797.25,17349.0
2024-01-11 15:50:00,4797.25,4797.5,4790.0,4790.75,23411.0
2024-01-11 15:55:00,4790.5,4793.75,4789.25,4791.0,17578.0
2024-01-11 16:00:00,4790.75,4793.25,4787.5,4789.0,21022.0
2024-01-11 16:05:00,4788.75,4791.75,4788.0,4788.5,13728.0
2024-01-11 16:10:00,4788.5,4790.25,4781.0,4782.0,22024.0
2024-01-11 16:15:00,4782.0,4782.5,4775.5,4777.5,33896.0
2024-01-11 16:20:00,4777.25,4781.25,4776.5,4779.5,23130.0
2024-01-11 16:25:00,4779.5,4783.5,4779.5,4780.25,15714.0
2024-01-11 16:30:00,4780.0,4781.75,4778.0,4778.5,14680.0
2024-01-11 16:35:00,4778.25,4781.75,4777.25,4778.5,13786.0
2024-01-11 16:40:00,4778.25,4779.75,4774.5,4776.25,18170.0
2024-01-11 16:45:00,4776.25,4782.25,4772.75,4780.5,20883.0
2024-01-11 16:50:00,4780.25,4785.5,4776.25,4776.75,24644.0
2024-01-11 16:55:00,4776.75,4779.0,4775.5,4776.75,13497.0
2024-01-11 17:00:00,4776.5,4781.75,4775.75,4780.75,14175.0
2024-01-11 17:05:00,4780.5,4783.0,4779.5,4782.0,11382.0
2024-01-11 17:10:00,4782.0,4786.5,4781.75,4785.5,10404.0
2024-01-11 17:15:00,4785.25,4786.5,4783.5,4784.0,10426.0
2024-01-11 17:20:00,4783.75,4785.0,4779.0,4782.75,13778.0
2024-01-11 17:25:00,4783.0,4785.25,4781.5,4781.5,8043.0
2024-01-11 17:30:00,4781.75,4783.5,4779.25,4782.75,8594.0
2024-01-11 17:35:00,4782.5,4783.5,4780.25,4780.75,8635.0
2024-01-11 17:40:00,4780.5,4790.5,4780.5,4788.5,12817.0
2024-01-11 17:45:00,4788.5,4790.75,4788.0,4790.75,7277.0
2024-01-11 17:50:00,4790.75,4794.0,4790.0,4792.0,13364.0
2024-01-11 17:55:00,4792.25,4792.75,4788.0,4790.25,11056.0
2024-01-11 18:00:00,4790.5,4796.5,4789.25,4794.25,13831.0
2024-01-11 18:05:00,4794.25,4798.0,4793.0,4794.75,12856.0
2024-01-11 18:10:00,4794.75,4798.75,4794.25,4798.0,9789.0
2024-01-11 18:15:00,4798.25,4801.0,4797.5,4797.75,12669.0
2024-01-11 18:20:00,4798.0,4799.75,4796.5,4798.0,10542.0
2024-01-11 18:25:00,4798.25,4800.5,4797.0,4800.0,7811.0
2024-01-11 18:30:00,4800.0,4800.25,4796.75,4797.25,8757.0
2024-01-11 18:35:00,4797.5,4801.0,4797.25,4800.5,6735.0
2024-01-11 18:40:00,4800.5,4801.25,4799.5,4801.0,6082.0
2024-01-11 18:45:00,4801.25,4801.5,4798.5,4800.0,7252.0
2024-01-11 18:50:00,4800.25,4804.5,4798.5,4804.0,11154.0
2024-01-11 18:55:00,4804.25,4808.75,4802.25,4808.5,18794.0
2024-01-11 19:00:00,4808.5,4812.5,4807.75,4809.5,18004.0
2024-01-11 19:05:00,4809.75,4809.75,4804.0,4805.25,12759.0
2024-01-11 19:10:00,4805.25,4809.0,4804.25,4808.5,9287.0
2024-01-11 19:15:00,4808.5,4810.75,4808.5,4810.0,7448.0
2024-01-11 19:20:00,4810.0,4810.25,4805.0,4805.5,9536.0
2024-01-11 19:25:00,4805.5,4811.0,4805.0,4810.0,7795.0
2024-01-11 19:30:00,4810.0,4814.0,4810.0,4810.75,14596.0
2024-01-11 19:35:00,4810.75,4813.25,4810.0,4811.75,7816.0
2024-01-11 19:40:00,4811.75,4815.25,4811.75,4812.75,8410.0
2024-01-11 19:45:00,4812.75,4814.75,4811.0,4811.5,8375.0
2024-01-11 19:50:00,4811.75,4817.5,4811.75,4816.5,9599.0
2024-01-11 19:55:00,4816.5,4820.75,4816.0,4819.0,11803.0
2024-01-11 20:00:00,4819.0,4820.0,4813.25,4813.75,14055.0
2024-01-11 20:05:00,4814.0,4814.75,4810.25,4811.0,10399.0
2024-01-11 20:10:00,4810.75,4813.0,4806.25,4811.75,17046.0
2024-01-11 20:15:00,4811.75,4812.5,4805.75,4806.5,11379.0
2024-01-11 20:20:00,4806.5,4812.75,4805.5,4812.25,12078.0
2024-01-11 20:25:00,4812.0,4814.5,4810.25,4811.5,8909.0
2024-01-11 20:30:00,4811.25,4813.75,4809.5,4812.0,8958.0
2024-01-11 20:35:00,4812.25,4813.75,4807.75,4809.25,9727.0
2024-01-11 20:40:00,4809.5,4810.25,4807.75,4810.0,8908.0
2024-01-11 20:45:00,4809.75,4811.5,4808.0,4811.25,9607.0
2024-01-11 20:50:00,4811.25,4813.75,4806.25,4809.75,21709.0
2024-01-11 20:55:00,4809.75,4817.5,4809.0,4817.25,24860.0
2024-01-11 21:00:00,4817.0,4818.5,4813.0,4814.0,52343.0
2024-01-11 21:05:00,4814.0,4814.5,4812.75,4814.5,4825.0
2024-01-11 21:10:00,4814.5,4815.0,4813.75,4814.0,3916.0
2024-01-11 21:15:00,4814.0,4814.75,4813.75,4814.5,1610.0
2024-01-11 21:20:00,4814.5,4814.75,4813.0,4813.5,1570.0
2024-01-11 21:25:00,4813.5,4813.5,4812.75,4813.0,919.0
2024-01-11 21:30:00,4812.75,4813.25,4812.0,4812.0,906.0
2024-01-11 21:35:00,4812.0,4813.0,4812.0,4812.25,1454.0
2024-01-11 21:40:00,4812.0,4812.25,4811.5,4811.75,1104.0
2024-01-11 21:45:00,4812.0,4812.25,4810.75,4811.75,984.0
2024-01-11 21:50:00,4811.5,4811.75,4810.75,4811.0,775.0
2024-01-11 21:55:00,4811.25,4812.0,4811.0,4811.75,903.0
2024-01-11 22:00:00,4812.0,4812.0,4811.5,4812.0,279.0
2024-01-11 23:00:00,4811.25,4812.0,4808.75,4809.0,1129.0
2024-01-11 23:05:00,4809.25,4810.5,4808.75,4810.5,686.0
2024-01-11 23:10:00,4810.25,4811.5,4810.25,4810.75,682.0
2024-01-11 23:15:00,4811.0,4812.0,4810.75,4811.25,463.0
2024-01-11 23:20:00,4811.5,4811.5,4811.0,4811.5,274.0
2024-01-11 23:25:00,4811.25,4813.5,4811.25,4813.0,610.0
2024-01-11 23:30:00,4812.75,4813.25,4811.75,4812.0,873.0
2024-01-11 23:35:00,4812.0,4812.0,4809.5,4809.5,872.0
2024-01-11 23:40:00,4809.75,4810.0,4809.0,4809.0,669.0
2024-01-11 23:45:00,4809.0,4810.75,4809.0,4810.25,944.0
2024-01-11 23:50:00,4810.25,4810.5,4810.0,4810.5,287.0
2024-01-11 23:55:00,4810.5,4811.5,4810.5,4811.5,297.0
2024-01-12 00:00:00,4811.5,4813.0,4811.0,4812.5,1379.0
2024-01-12 00:05:00,4812.5,4813.0,4810.75,4811.0,993.0
2024-01-12 00:10:00,4811.25,4812.0,4810.25,4810.75,887.0
2024-01-12 00:15:00,4811.0,4811.5,4810.5,4811.0,621.0
2024-01-12 00:20:00,4811.0,4813.0,4810.75,4812.5,731.0
2024-01-12 00:25:00,4812.5,4813.0,4810.75,4811.0,595.0
2024-01-12 00:30:00,4811.25,4811.25,4809.0,4809.5,1021.0
2024-01-12 00:35:00,4809.5,4810.5,4809.0,4810.5,511.0
2024-01-12 00:40:00,4810.25,4810.5,4808.0,4808.25,1279.0
2024-01-12 00:45:00,4808.25,4810.0,4808.25,4809.25,792.0
2024-01-12 00:50:00,4809.0,4809.25,4806.25,4806.75,1480.0
2024-01-12 00:55:00,4806.5,4807.0,4805.0,4805.0,1514.0
2024-01-12 01:00:00,4805.25,4806.0,4804.0,4805.75,1470.0
2024-01-12 01:05:00,4805.75,4805.75,4803.25,4805.5,1186.0
2024-01-12 01:10:00,4805.5,4805.5,4803.5,4804.25,1186.0
2024-01-12 01:15:00,4804.25,4804.5,4803.25,4804.0,843.0
2024-01-12 01:20:00,4804.0,4804.75,4803.5,4804.0,598.0
2024-01-12 01:25:00,4804.0,4804.75,4803.75,4804.75,473.0
2024-01-12 01:30:00,4804.75,4804.75,4803.0,4804.5,1483.0
2024-01-12 01:35:00,4804.25,4806.25,4803.75,4805.5,1239.0
2024-01-12 01:40:00,4805.5,4807.5,4805.5,4807.25,954.0
2024-01-12 01:45:00,4807.25,4807.75,4806.5,4807.75,812.0
2024-01-12 01:50:00,4807.5,4808.25,4807.0,4807.25,756.0
2024-01-12 01:55:00,4807.25,4807.5,4807.0,4807.25,382.0
2024-01-12 02:00:00,4807.25,4808.75,4807.25,4807.75,814.0
2024-01-12 02:05:00,4808.0,4808.25,4807.5,4807.75,395.0
2024-01-12 02:10:00,4807.75,4808.25,4807.0,4808.25,393.0
2024-01-12 02:15:00,4808.25,4809.5,4807.75,4808.75,634.0
2024-01-12 02:20:00,4808.75,4809.75,4808.5,4809.5,605.0
2024-01-12 02:25:00,4809.5,4810.0,4809.25,4810.0,540.0
2024-01-12 02:30:00,4810.0,4810.25,4809.25,4810.0,774.0
2024-01-12 02:35:00,4809.75,4809.75,4809.25,4809.5,356.0
2024-01-12 02:40:00,4809.5,4810.25,4809.5,4810.0,328.0
2024-01-12 02:45:00,4810.0,4812.0,4809.75,4812.0,1102.0
2024-01-12 02:50:00,4811.75,4812.0,4811.0,4811.5,565.0
2024-01-12 02:55:00,4811.75,4811.75,4810.5,4811.0,208.0
2024-01-12 03:00:00,4810.75,4811.0,4810.0,4810.25,285.0
2024-01-12 03:05:00,4810.25,4810.5,4809.5,4810.25,197.0
2024-01-12 03:10:00,4810.25,4810.25,4809.5,4809.5,265.0
2024-01-12 03:15:00,4809.75,4810.5,4809.5,4810.0,369.0
2024-01-12 03:20:00,4810.0,4811.0,4810.0,4810.75,219.0
2024-01-12 03:25:00,4810.75,4811.5,4810.5,4811.25,271.0
2024-01-12 03:30:00,4811.0,4811.25,4810.75,4811.25,210.0
2024-01-12 03:35:00,4811.25,4811.25,4810.75,4811.0,317.0
2024-01-12 03:40:00,4810.75,4810.75,4810.25,4810.5,355.0
2024-01-12 03:45:00,4810.25,4810.75,4810.25,4810.5,170.0
2024-01-12 03:50:00,4810.5,4810.75,4810.25,4810.25,175.0
2024-01-12 03:55:00,4810.5,4810.5,4810.25,4810.25,205.0
2024-01-12 04:00:00,4810.25,4810.5,4809.25,4809.25,492.0
2024-01-12 04:05:00,4809.5,4809.5,4808.0,4808.25,574.0
2024-01-12 04:10:00,4808.5,4808.75,4807.5,4808.5,366.0
2024-01-12 04:15:00,4808.75,4808.75,4807.0,4807.25,587.0
2024-01-12 04:20:00,4807.25,4807.25,4806.0,4806.0,692.0
2024-01-12 04:25:00,4806.25,4806.5,4804.75,4805.25,762.0
2024-01-12 04:30:00,4805.25,4805.25,4804.75,4805.25,557.0
2024-01-12 04:35:00,4805.25,4806.5,4805.0,4806.5,371.0
2024-01-12 04:40:00,4806.5,4807.25,4806.25,4807.0,327.0
2024-01-12 04:45:00,4807.0,4807.25,4806.75,4807.0,183.0
2024-01-12 04:50:00,4807.25,4807.25,4806.75,4807.0,203.0
2024-01-12 04:55:00,4807.0,4808.0,4806.75,4807.75,348.0
2024-01-12 05:00:00,4807.75,4808.75,4807.75,4808.5,377.0
2024-01-12 05:05:00,4808.5,4809.25,4808.25,4809.25,227.0
2024-01-12 05:10:00,4809.25,4810.25,4808.25,4808.5,447.0
2024-01-12 05:15:00,4808.25,4809.25,4807.5,4809.0,310.0
2024-01-12 05:20:00,4808.75,4808.75,4807.75,4808.0,244.0
2024-01-12 05:25:00,4808.0,4809.25,4808.0,4809.0,228.0
2024-01-12 05:30:00,4809.0,4809.75,4808.75,4809.25,479.0
2024-01-12 05:35:00,4809.5,4809.5,4808.5,4809.0,271.0
2024-01-12 05:40:00,4808.75,4808.75,4807.75,4808.0,521.0
2024-01-12 05:45:00,4807.75,4808.25,4807.25,4808.0,389.0
2024-01-12 05:50:00,4808.0,4808.5,4808.0,4808.25,135.0
2024-01-12 05:55:00,4808.25,4808.5,4807.5,4807.5,420.0
2024-01-12 06:00:00,4807.75,4808.0,4806.75,4807.0,577.0
2024-01-12 06:05:00,4807.25,4808.75,4807.25,4807.5,435.0
2024-01-12 06:10:00,4807.5,4808.5,4807.5,4808.25,360.0
2024-01-12 06:15:00,4808.25,4808.5,4808.0,4808.25,227.0
2024-01-12 06:20:00,4808.5,4809.0,4808.25,4808.75,270.0
2024-01-12 06:25:00,4808.75,4809.5,4808.5,4809.25,254.0
2024-01-12 06:30:00,4809.25,4809.75,4809.0,4809.75,192.0
2024-01-12 06:35:00,4809.5,4809.75,4808.0,4808.0,303.0
2024-01-12 06:40:00,4808.0,4809.75,4807.75,4809.0,729.0
2024-01-12 06:45:00,4809.0,4809.0,4808.0,4808.25,252.0
2024-01-12 06:50:00,4808.25,4810.0,4808.25,4809.25,558.0
2024-01-12 06:55:00,4809.25,4809.5,4809.0,4809.5,125.0
2024-01-12 07:00:00,4809.75,4811.5,4808.25,4808.25,1201.0
2024-01-12 07:05:00,4808.25,4808.75,4806.75,4807.0,954.0
2024-01-12 07:10:00,4807.0,4807.75,4806.25,4807.75,691.0
2024-01-12 07:15:00,4807.75,4808.25,4806.75,4808.25,769.0
2024-01-12 07:20:00,4808.25,4810.0,4808.0,4808.75,1381.0
2024-01-12 07:25:00,4808.5,4809.0,4805.75,4805.75,765.0
2024-01-12 07:30:00,4805.75,4807.0,4805.25,4805.75,909.0
2024-01-12 07:35:00,4805.75,4805.75,4804.25,4804.25,1193.0
2024-01-12 07:40:00,4804.25,4804.75,4802.5,4803.25,992.0
2024-01-12 07:45:00,4803.5,4803.75,4802.5,4803.0,1125.0
2024-01-12 07:50:00,4803.0,4803.25,4801.25,4803.25,1128.0
2024-01-12 07:55:00,4803.25,4803.75,4801.75,4803.5,1553.0
2024-01-12 08:00:00,4803.25,4805.25,4801.75,4804.75,3367.0
2024-01-12 08:05:00,4804.75,4810.0,4803.5,4809.75,2915.0
2024-01-12 08:10:00,4809.75,4811.75,4809.75,4811.0,2629.0
2024-01-12 08:15:00,4811.25,4813.25,4811.0,4812.0,2688.0
2024-01-12 08:20:00,4812.0,4815.25,4811.25,4815.0,2032.0
2024-01-12 08:25:00,4815.0,4816.75,4815.0,4815.75,2314.0
2024-01-12 08:30:00,4815.5,4819.0,4814.25,4819.0,2620.0
2024-01-12 08:35:00,4819.0,4819.5,4816.25,4816.5,2667.0
2024-01-12 08:40:00,4816.25,4816.75,4813.75,4814.0,1556.0
2024-01-12 08:45:00,4814.0,4815.25,4812.0,4812.5,1631.0
2024-01-12 08:50:00,4812.25,4816.75,4811.75,4816.5,1440.0
2024-01-12 08:55:00,4816.5,4817.25,4815.25,4817.0,1207.0
2024-01-12 09:00:00,4817.0,4818.75,4816.0,4817.0,1669.0
2024-01-12 09:05:00,4817.0,4818.5,4816.75,4818.5,1269.0
2024-01-12 09:10:00,4818.25,4821.75,4818.25,4821.25,2529.0
2024-01-12 09:15:00,4821.25,4821.75,4818.25,4818.25,1787.0
2024-01-12 09:20:00,4818.25,4819.25,4815.25,4815.25,1524.0
2024-01-12 09:25:00,4815.25,4817.0,4814.0,4816.75,1723.0
2024-01-12 09:30:00,4816.5,4819.5,4816.25,4819.5,1318.0
2024-01-12 09:35:00,4819.25,4819.75,4817.0,4817.25,1726.0
2024-01-12 09:40:00,4817.25,4817.5,4814.75,4815.5,2882.0
2024-01-12 09:45:00,4815.5,4816.5,4813.75,4814.0,1486.0
2024-01-12 09:50:00,4814.0,4817.0,4813.25,4813.75,1057.0
2024-01-12 09:55:00,4814.0,4814.0,4812.75,4813.0,1026.0
2024-01-12 10:00:00,4812.75,4814.75,4812.0,4813.25,1625.0
2024-01-12 10:05:00,4813.5,4814.5,4811.25,4813.0,1361.0
2024-01-12 10:10:00,4813.0,4814.75,4813.0,4814.75,641.0
2024-01-12 10:15:00,4814.75,4815.5,4813.0,4814.0,931.0
2024-01-12 10:20:00,4814.25,4816.5,4814.25,4815.25,828.0
2024-01-12 10:25:00,4815.25,4817.0,4815.25,4816.75,707.0
2024-01-12 10:30:00,4816.75,4817.0,4814.5,4816.5,1152.0
2024-01-12 10:35:00,4816.5,4817.0,4815.25,4815.25,1056.0
2024-01-12 10:40:00,4815.5,4815.75,4813.25,4813.75,906.0
2024-01-12 10:45:00,4813.75,4813.75,4811.75,4812.0,1075.0
2024-01-12 10:50:00,4812.0,4812.25,4809.5,4810.0,1596.0
2024-01-12 10:55:00,4810.25,4812.5,4809.75,4811.25,2685.0
2024-01-12 11:00:00,4811.0,4814.75,4810.0,4813.5,4120.0
2024-01-12 11:05:00,4813.25,4813.75,4810.25,4810.75,1038.0
2024-01-12 11:10:00,4810.75,4812.0,4809.75,4810.0,2817.0
2024-01-12 11:15:00,4810.0,4810.5,4808.75,4808.75,1590.0
2024-01-12 11:20:00,4808.75,4808.75,4807.25,4808.75,1509.0
2024-01-12 11:25:00,4808.75,4809.75,4808.25,4809.5,1494.0
2024-01-12 11:30:00,4809.5,4809.75,4807.75,4808.0,1390.0
2024-01-12 11:35:00,4807.75,4808.5,4807.25,4807.25,2156.0
2024-01-12 11:40:00,4807.25,4807.25,4803.0,4803.5,3293.0
2024-01-12 11:45:00,4803.25,4804.0,4791.5,4792.25,10965.0
2024-01-12 11:50:00,4792.25,4795.0,4792.25,4793.5,8429.0
2024-01-12 11:55:00,4793.75,4798.5,4793.25,4797.5,6319.0
2024-01-12 12:00:00,4797.5,4803.5,4797.5,4803.25,5806.0
2024-01-12 12:05:00,4803.0,4803.25,4799.0,4802.0,3011.0
2024-01-12 12:10:00,4802.0,4802.25,4799.75,4800.75,2242.0
2024-01-12 12:15:00,4800.75,4801.75,4800.0,4800.25,2454.0
2024-01-12 12:20:00,4800.25,4801.75,4797.5,4801.5,2744.0
2024-01-12 12:25:00,4801.5,4803.75,4801.5,4802.75,2069.0
2024-01-12 12:30:00,4802.5,4806.0,4802.0,4806.0,2649.0
2024-01-12 12:35:00,4805.75,4806.25,4802.75,4803.25,1973.0
2024-01-12 12:40:00,4803.25,4805.0,4803.0,4803.75,1574.0
2024-01-12 12:45:00,4804.0,4804.25,4801.5,4801.5,2330.0
2024-01-12 12:50:00,4801.5,4803.5,4801.0,4803.5,1915.0
2024-01-12 12:55:00,4803.5,4805.0,4801.0,4802.0,2068.0
2024-01-12 13:00:00,4802.25,4806.25,4800.0,4806.25,4677.0
2024-01-12 13:05:00,4806.25,4807.5,4802.75,4803.5,4007.0
2024-01-12 13:10:00,4803.75,4804.25,4799.75,4800.75,3925.0
2024-01-12 13:15:00,4800.75,4804.0,4800.0,4800.0,2711.0
2024-01-12 13:20:00,4800.25,4801.25,4798.75,4800.0,3433.0
2024-01-12 13:25:00,4800.0,4803.25,4799.25,4802.75,2740.0
2024-01-12 13:30:00,4802.75,4815.25,4802.25,4814.0,15676.0
2024-01-12 13:35:00,4813.75,4817.5,4812.75,4815.5,12943.0
2024-01-12 13:40:00,4815.5,4816.75,4811.75,4813.75,6229.0
2024-01-12 13:45:00,4813.75,4814.75,4809.25,4809.75,7437.0
2024-01-12 13:50:00,4810.0,4814.25,4809.75,4812.75,5598.0
2024-01-12 13:55:00,4812.75,4814.75,4810.75,4814.25,7122.0
2024-01-12 14:00:00,4814.25,4816.0,4813.0,4815.75,6503.0
2024-01-12 14:05:00,4815.75,4818.0,4814.25,4814.25,7919.0
2024-01-12 14:10:00,4814.25,4817.0,4814.0,4816.25,7154.0
2024-01-12 14:15:00,4816.25,4819.0,4816.25,4819.0,5652.0
2024-01-12 14:20:00,4818.75,4823.0,4818.5,4823.0,7453.0
2024-01-12 14:25:00,4822.75,4829.0,4822.75,4828.75,14156.0
2024-01-12 14:30:00,4828.75,4831.5,4827.75,4829.25,44951.0
2024-01-12 14:35:00,4829.5,4835.0,4828.25,4833.75,37876.0
2024-01-12 14:40:00,4833.75,4836.25,4832.75,4834.75,27849.0
2024-01-12 14:45:00,4834.75,4836.5,4833.75,4834.5,26154.0
2024-01-12 14:50:00,4834.25,4834.75,4829.25,4829.5,20685.0
2024-01-12 14:55:00,4829.75,4831.5,4825.25,4826.0,26850.0
2024-01-12 15:00:00,4826.25,4826.5,4812.5,4817.25,50182.0
2024-01-12 15:05:00,4817.25,4825.25,4815.25,4823.25,30572.0
2024-01-12 15:10:00,4823.25,4824.25,4814.0,4815.75,25997.0
2024-01-12 15:15:00,4816.0,4819.75,4809.5,4811.5,28214.0
2024-01-12 15:20:00,4811.5,4815.75,4809.0,4815.5,28687.0
2024-01-12 15:25:00,4815.75,4817.25,4812.5,4815.75,20789.0
2024-01-12 15:30:00,4815.75,4819.5,4814.0,4817.0,18264.0
2024-01-12 15:35:00,4817.0,4817.75,4813.25,4813.75,15363.0
2024-01-12 15:40:00,4813.75,4815.25,4806.25,4810.5,28454.0
2024-01-12 15:45:00,4810.5,4815.75,4808.25,4810.0,22571.0
2024-01-12 15:50:00,4810.0,4810.0,4802.25,4803.75,25891.0
2024-01-12 15:55:00,4803.5,4807.75,4802.25,4807.0,20567.0
2024-01-12 16:00:00,4806.75,4811.5,4806.0,4811.0,16937.0
2024-01-12 16:05:00,4810.75,4814.75,4808.0,4814.5,16160.0
2024-01-12 16:10:00,4814.25,4816.75,4812.5,4813.25,13730.0
2024-01-12 16:15:00,4813.0,4817.25,4813.0,4816.75,11000.0
2024-01-12 16:20:00,4816.5,4816.75,4812.25,4814.0,10572.0
2024-01-12 16:25:00,4814.0,4818.0,4814.0,4817.25,10249.0
2024-01-12 16:30:00,4817.25,4818.5,4815.0,4817.5,9314.0
2024-01-12 16:35:00,4817.25,4817.75,4805.75,4806.75,16774.0
2024-01-12 16:40:00,4806.5,4810.0,4804.0,4807.75,16873.0
2024-01-12 16:45:00,4807.75,4810.0,4804.5,4807.5,11227.0
2024-01-12 16:50:00,4807.25,4809.25,4804.5,4806.25,10006.0
2024-01-12 16:55:00,4806.25,4808.75,4805.0,4808.5,10084.0
2024-01-12 17:00:00,4808.5,4808.5,4803.5,4806.5,11313.0
2024-01-12 17:05:00,4806.5,4808.25,4804.25,4805.0,8292.0
2024-01-12 17:10:00,4805.0,4811.0,4804.75,4808.25,9820.0
2024-01-12 17:15:00,4808.25,4812.75,4808.25,4811.5,7613.0
2024-01-12 17:20:00,4811.75,4813.25,4811.0,4811.0,6759.0
2024-01-12 17:25:00,4811.25,4811.25,4805.5,4806.25,10644.0
2024-01-12 17:30:00,4806.25,4811.5,4806.25,4809.0,7528.0
2024-01-12 17:35:00,4808.75,4810.25,4806.0,4808.0,6100.0
2024-01-12 17:40:00,4808.25,4811.0,4806.75,4809.0,5757.0
2024-01-12 17:45:00,4809.25,4811.0,4807.25,4808.25,5413.0
2024-01-12 17:50:00,4808.25,4813.5,4807.5,4813.5,6006.0
2024-01-12 17:55:00,4813.5,4815.0,4809.5,4810.5,9927.0
2024-01-12 18:00:00,4810.75,4814.5,4810.5,4813.25,7434.0
2024-01-12 18:05:00,4813.25,4815.25,4812.75,4814.5,5375.0
2024-01-12 18:10:00,4814.5,4817.0,4814.0,4815.75,7479.0
2024-01-12 18:15:00,4815.75,4816.75,4814.75,4816.0,4746.0
2024-01-12 18:20:00,4816.25,4817.75,4813.25,4815.0,7422.0
2024-01-12 18:25:00,4815.0,4817.5,4814.75,4817.0,4334.0
2024-01-12 18:30:00,4817.0,4817.5,4815.0,4816.0,5086.0
2024-01-12 18:35:00,4816.0,4818.5,4815.5,4818.25,4813.0
2024-01-12 18:40:00,4818.25,4819.5,4817.5,4818.25,8774.0
2024-01-12 18:45:00,4818.0,4818.5,4816.5,4817.0,4550.0
2024-01-12 18:50:00,4817.25,4818.75,4816.5,4818.0,4137.0
2024-01-12 18:55:00,4818.25,4820.25,4817.25,4820.0,7815.0
2024-01-12 19:00:00,4820.0,4820.75,4819.25,4820.25,5342.0
2024-01-12 19:05:00,4820.25,4821.75,4820.0,4821.75,6219.0
2024-01-12 19:10:00,4821.75,4822.5,4820.0,4822.25,6542.0
2024-01-12 19:15:00,4822.5,4823.75,4821.5,4822.0,7973.0
2024-01-12 19:20:00,4822.0,4822.5,4816.0,4820.0,10169.0
2024-01-12 19:25:00,4820.0,4821.25,4818.75,4820.5,6553.0
2024-01-12 19:30:00,4820.5,4820.75,4813.0,4814.0,10218.0
2024-01-12 19:35:00,4814.0,4816.25,4811.5,4816.0,8107.0
2024-01-12 19:40:00,4816.0,4816.25,4813.5,4815.0,5256.0
2024-01-12 19:45:00,4815.0,4815.25,4812.25,4813.5,5193.0
2024-01-12 19:50:00,4813.25,4816.5,4812.5,4815.25,8698.0
2024-01-12 19:55:00,4815.25,4815.5,4811.75,4812.5,5461.0
2024-01-12 20:00:00,4812.5,4813.5,4811.0,4811.75,7926.0
2024-01-12 20:05:00,4811.5,4815.0,4811.0,4812.75,8275.0
2024-01-12 20:10:00,4812.75,4813.25,4810.75,4812.0,7676.0
2024-01-12 20:15:00,4811.75,4813.25,4810.25,4811.5,8096.0
2024-01-12 20:20:00,4811.5,4812.75,4808.0,4808.25,9088.0
2024-01-12 20:25:00,4808.0,4812.0,4807.75,4812.0,8691.0
2024-01-12 20:30:00,4812.0,4814.25,4811.0,4812.25,10421.0
2024-01-12 20:35:00,4812.25,4815.25,4812.25,4814.0,8380.0
2024-01-12 20:40:00,4814.0,4815.0,4811.0,4814.25,8896.0
2024-01-12 20:45:00,4814.5,4817.0,4814.0,4815.5,13379.0
2024-01-12 20:50:00,4815.5,4818.5,4814.25,4815.75,18552.0
2024-01-12 20:55:00,4816.0,4819.5,4815.5,4818.0,19941.0
2024-01-12 21:00:00,4818.0,4819.25,4813.25,4815.0,68338.0
2024-01-12 21:05:00,4815.0,4815.5,4812.75,4813.0,7213.0
2024-01-12 21:10:00,4813.0,4814.75,4813.0,4814.0,7060.0
2024-01-12 21:15:00,4814.25,4814.25,4812.25,4812.25,2649.0
2024-01-12 21:20:00,4812.5,4813.0,4812.25,4813.0,910.0
2024-01-12 21:25:00,4813.0,4813.0,4811.25,4811.25,998.0
2024-01-12 21:30:00,4811.5,4811.75,4810.25,4810.25,963.0
2024-01-12 21:35:00,4810.5,4810.5,4809.5,4809.5,1143.0
2024-01-12 21:40:00,4809.5,4811.25,4809.5,4811.25,910.0
2024-01-12 21:45:00,4811.0,4812.0,4810.5,4811.25,706.0
2024-01-12 21:50:00,4811.25,4811.25,4810.25,4810.5,658.0
2024-01-12 21:55:00,4810.5,4811.75,4810.5,4811.25,1023.0
2024-01-12 22:00:00,4811.0,4811.25,4810.75,4811.25,473.0
2024-01-14 14:10:00,4811.25,4811.25,4811.25,4811.25,1.0
2024-01-14 21:30:00,4811.25,4811.25,4811.25,4811.25,2.0
2024-01-14 23:00:00,4812.0,4813.0,4809.25,4809.25,1403.0
2024-01-14 23:05:00,4809.5,4809.75,4806.5,4806.75,1028.0
2024-01-14 23:10:00,4807.0,4809.0,4807.0,4809.0,667.0
2024-01-14 23:15:00,4809.0,4809.25,4807.5,4807.75,598.0
2024-01-14 23:20:00,4808.0,4808.25,4806.75,4808.0,399.0
2024-01-14 23:25:00,4808.0,4808.25,4807.5,4808.0,297.0
2024-01-14 23:30:00,4808.25,4808.5,4808.0,4808.25,389.0
2024-01-14 23:35:00,4808.25,4809.75,4808.0,4809.5,624.0
2024-01-14 23:40:00,4809.5,4810.5,4809.5,4810.5,328.0
2024-01-14 23:45:00,4810.5,4811.75,4809.25,4809.75,706.0
2024-01-14 23:50:00,4810.0,4810.0,4808.5,4809.5,415.0
2024-01-14 23:55:00,4809.5,4811.0,4809.5,4810.25,347.0
2024-01-15 00:00:00,4810.25,4810.5,4808.75,4809.0,577.0
2024-01-15 00:05:00,4809.0,4809.5,4808.0,4808.0,819.0
2024-01-15 00:10:00,4808.0,4809.5,4807.75,4809.5,497.0
2024-01-15 00:15:00,4809.25,4811.25,4809.0,4810.0,697.0
2024-01-15 00:20:00,4810.0,4810.25,4809.5,4810.25,261.0
2024-01-15 00:25:00,4810.5,4811.0,4810.25,4810.75,258.0
2024-01-15 00:30:00,4810.75,4810.75,4809.75,4810.0,433.0
2024-01-15 00:35:00,4809.75,4810.5,4809.75,4810.5,509.0
2024-01-15 00:40:00,4810.25,4810.25,4809.5,4810.0,270.0
2024-01-15 00:45:00,4810.0,4811.25,4810.0,4810.5,358.0
2024-01-15 00:50:00,4810.5,4811.25,4810.0,4811.25,423.0
2024-01-15 00:55:00,4811.25,4812.0,4810.75,4811.5,355.0
2024-01-15 01:00:00,4811.5,4812.5,4811.5,4811.5,513.0
2024-01-15 01:05:00,4811.5,4812.5,4811.5,4812.25,783.0
2024-01-15 01:10:00,4812.25,4812.25,4810.5,4810.75,356.0
2024-01-15 01:15:00,4811.0,4811.25,4810.5,4811.0,472.0
2024-01-15 01:20:00,4811.0,4811.0,4810.25,4810.5,401.0
2024-01-15 01:25:00,4810.75,4810.75,4809.75,4810.0,362.0
2024-01-15 01:30:00,4810.0,4810.0,4808.5,4809.25,682.0
2024-01-15 01:35:00,4809.0,4811.25,4809.0,4811.0,572.0
2024-01-15 01:40:00,4810.75,4812.5,4810.25,4811.5,884.0
2024-01-15 01:45:00,4811.75,4812.5,4811.75,4811.75,315.0
2024-01-15 01:50:00,4811.5,4812.5,4811.5,4811.75,252.0
2024-01-15 01:55:00,4811.75,4812.25,4811.5,4812.0,306.0
2024-01-15 02:00:00,4812.0,4812.25,4811.75,4812.25,229.0
2024-01-15 02:05:00,4812.25,4812.5,4811.75,4812.25,262.0
2024-01-15 02:10:00,4812.25,4812.5,4812.0,4812.25,264.0
2024-01-15 02:15:00,4812.25,4814.75,4812.0,4814.75,948.0
2024-01-15 02:20:00,4814.5,4815.75,4813.75,4815.5,1078.0
2024-01-15 02:25:00,4815.5,4815.5,4814.75,4815.25,470.0
2024-01-15 02:30:00,4815.25,4816.0,4815.0,4815.0,363.0
2024-01-15 02:35:00,4814.75,4815.75,4814.5,4815.25,614.0
2024-01-15 02:40:00,4815.25,4815.25,4814.75,4815.0,156.0
2024-01-15 02:45:00,4815.25,4815.75,4815.0,4815.25,285.0
2024-01-15 02:50:00,4815.0,4815.75,4814.75,4815.5,337.0
2024-01-15 02:55:00,4815.75,4818.0,4815.5,4817.25,1138.0
2024-01-15 03:00:00,4817.25,4818.5,4817.0,4817.5,853.0
2024-01-15 03:05:00,4817.25,4818.0,4817.0,4817.25,392.0
2024-01-15 03:10:00,4817.25,4818.0,4817.0,4817.5,325.0
2024-01-15 03:15:00,4817.5,4817.5,4816.75,4817.0,311.0
2024-01-15 03:20:00,4817.0,4817.25,4816.5,4817.0,324.0
2024-01-15 03:25:00,4817.0,4817.75,4816.75,4817.25,208.0
2024-01-15 03:30:00,4817.25,4817.75,4817.25,4817.5,215.0
2024-01-15 03:35:00,4817.5,4818.0,4817.25,4818.0,302.0
2024-01-15 03:40:00,4818.0,4818.0,4817.25,4817.25,137.0
2024-01-15 03:45:00,4817.5,4818.25,4817.5,4818.0,164.0
2024-01-15 03:50:00,4817.75,4818.25,4817.5,4818.25,251.0
2024-01-15 03:55:00,4818.25,4818.5,4817.0,4817.5,348.0
2024-01-15 04:00:00,4817.5,4817.75,4816.25,4816.75,524.0
2024-01-15 04:05:00,4816.75,4817.0,4816.25,4816.5,324.0
2024-01-15 04:10:00,4816.25,4817.25,4816.25,4817.25,298.0
2024-01-15 04:15:00,4817.25,4817.25,4816.5,4817.0,332.0
2024-01-15 04:20:00,4816.75,4817.0,4816.5,4816.5,180.0
2024-01-15 04:25:00,4816.75,4817.5,4816.5,4817.0,365.0
2024-01-15 04:30:00,4817.25,4817.5,4816.75,4816.75,760.0
2024-01-15 04:35:00,4817.0,4818.25,4816.75,4817.75,504.0
2024-01-15 04:40:00,4817.75,4818.0,4817.5,4817.75,164.0
2024-01-15 04:45:00,4817.75,4817.75,4817.0,4817.5,251.0
2024-01-15 04:50:00,4817.25,4817.75,4817.25,4817.5,196.0
2024-01-15 04:55:00,4817.75,4818.5,4817.75,4818.0,258.0
2024-01-15 05:00:00,4818.0,4818.75,4817.5,4818.0,412.0
2024-01-15 05:05:00,4818.0,4818.0,4817.0,4817.25,228.0
2024-01-15 05:10:00,4817.25,4817.25,4815.75,4816.5,763.0
2024-01-15 05:15:00,4816.25,4816.5,4816.0,4816.25,191.0
2024-01-15 05:20:00,4816.25,4816.5,4815.75,4815.75,65.0
2024-01-15 05:25:00,4815.75,4816.25,4815.25,4816.0,399.0
2024-01-15 05:30:00,4816.25,4816.5,4815.75,4816.0,183.0
2024-01-15 05:35:00,4815.75,4816.25,4815.25,4816.0,423.0
2024-01-15 05:40:00,4816.25,4816.25,4815.75,4816.0,90.0
2024-01-15 05:45:00,4815.75,4815.75,4815.5,4815.75,128.0
2024-01-15 05:50:00,4815.75,4816.25,4815.25,4816.0,107.0
2024-01-15 05:55:00,4816.25,4816.25,4815.75,4816.0,109.0
2024-01-15 06:00:00,4815.75,4816.75,4815.5,4816.75,215.0
2024-01-15 06:05:00,4816.75,4817.5,4816.5,4816.5,328.0
2024-01-15 06:10:00,4816.5,4817.75,4816.5,4817.75,258.0
2024-01-15 06:15:00,4817.75,4818.5,4817.75,4818.5,189.0
2024-01-15 06:20:00,4818.5,4819.25,4818.5,4818.75,690.0
2024-01-15 06:25:00,4818.75,4819.0,4818.5,4818.75,241.0
2024-01-15 06:30:00,4818.75,4819.75,4818.5,4819.0,1351.0
2024-01-15 06:35:00,4819.25,4821.0,4819.0,4820.75,489.0
2024-01-15 06:40:00,4821.0,4821.0,4820.0,4820.25,203.0
2024-01-15 06:45:00,4820.25,4821.0,4820.25,4820.75,469.0
2024-01-15 06:50:00,4820.75,4821.0,4820.25,4820.75,253.0
2024-01-15 06:55:00,4820.75,4820.75,4820.25,4820.5,70.0
2024-01-15 07:00:00,4820.5,4822.75,4820.5,4822.25,978.0
2024-01-15 07:05:00,4822.25,4822.75,4821.5,4822.0,692.0
2024-01-15 07:10:00,4822.0,4823.0,4821.75,4822.5,923.0
2024-01-15 07:15:00,4822.75,4823.0,4820.75,4820.75,692.0
2024-01-15 07:20:00,4820.75,4821.5,4820.0,4820.0,536.0
2024-01-15 07:25:00,4820.0,4820.75,4819.75,4819.75,345.0
2024-01-15 07:30:00,4819.75,4820.25,4819.0,4819.25,519.0
2024-01-15 07:35:00,4819.25,4819.25,4817.5,4817.5,679.0
2024-01-15 07:40:00,4817.75,4818.0,4816.75,4817.5,826.0
2024-01-15 07:45:00,4817.5,4818.5,4817.0,4818.25,501.0
2024-01-15 07:50:00,4818.25,4818.75,4817.5,4817.75,288.0
2024-01-15 07:55:00,4817.5,4817.75,4816.75,4817.25,514.0
2024-01-15 08:00:00,4817.25,4818.25,4816.25,4818.0,1314.0
2024-01-15 08:05:00,4818.0,4820.5,4818.0,4820.0,1585.0
2024-01-15 08:10:00,4820.0,4821.0,4818.5,4820.5,1278.0
2024-01-15 08:15:00,4820.5,4820.5,4819.25,4820.0,653.0
2024-01-15 08:20:00,4819.75,4821.5,4819.25,4820.5,1005.0
2024-01-15 08:25:00,4820.5,4820.75,4819.75,4820.25,585.0
2024-01-15 08:30:00,4820.5,4820.75,4816.5,4816.75,1399.0
2024-01-15 08:35:00,4816.5,4816.75,4814.0,4816.75,1627.0
2024-01-15 08:40:00,4816.5,4817.25,4813.75,4814.0,1228.0
2024-01-15 08:45:00,4813.75,4815.0,4813.0,4814.5,1133.0
2024-01-15 08:50:00,4814.5,4815.5,4812.75,4813.0,1014.0
2024-01-15 08:55:00,4813.0,4813.25,4810.75,4811.25,1546.0
2024-01-15 09:00:00,4811.0,4811.25,4807.75,4809.5,1762.0
2024-01-15 09:05:00,4809.5,4812.25,4809.5,4811.0,1461.0
2024-01-15 09:10:00,4811.25,4813.0,4811.0,4813.0,798.0
2024-01-15 09:15:00,4813.0,4813.75,4811.75,4813.75,599.0
2024-01-15 09:20:00,4813.75,4815.75,4813.5,4815.5,1015.0
2024-01-15 09:25:00,4815.5,4817.5,4815.0,4816.75,2211.0
2024-01-15 09:30:00,4816.75,4817.75,4816.5,4817.25,743.0
2024-01-15 09:35:00,4817.25,4817.25,4814.75,4814.75,708.0
2024-01-15 09:40:00,4814.75,4816.0,4811.5,4812.5,1093.0
2024-01-15 09:45:00,4812.25,4813.0,4810.75,4811.25,780.0
2024-01-15 09:50:00,4811.25,4813.0,4811.25,4811.25,515.0
2024-01-15 09:55:00,4811.25,4811.75,4809.5,4811.5,940.0
2024-01-15 10:00:00,4811.75,4813.25,4811.25,4812.25,634.0
2024-01-15 10:05:00,4812.25,4814.5,4812.0,4812.25,685.0
2024-01-15 10:10:00,4812.0,4813.0,4810.75,4811.5,767.0
2024-01-15 10:15:00,4811.5,4811.75,4809.5,4810.75,671.0
2024-01-15 10:20:00,4811.0,4811.75,4810.25,4811.5,472.0
2024-01-15 10:25:00,4811.75,4813.5,4811.5,4811.5,561.0
2024-01-15 10:30:00,4811.25,4812.5,4810.75,4812.0,540.0
2024-01-15 10:35:00,4811.75,4812.5,4810.0,4812.0,615.0
2024-01-15 10:40:00,4811.75,4813.0,4811.25,4811.75,574.0
2024-01-15 10:45:00,4812.0,4812.75,4809.5,4810.75,1051.0
2024-01-15 10:50:00,4810.75,4812.25,4810.75,4811.75,461.0
2024-01-15 10:55:00,4811.75,4813.25,4811.5,4813.25,572.0
2024-01-15 11:00:00,4813.0,4813.5,4812.25,4812.25,551.0
2024-01-15 11:05:00,4812.25,4812.25,4809.75,4810.75,763.0
2024-01-15 11:10:00,4811.0,4811.75,4810.75,4811.25,386.0
2024-01-15 11:15:00,4811.5,4811.75,4809.5,4809.75,557.0
2024-01-15 11:20:00,4809.75,4811.0,4808.75,4809.25,680.0
2024-01-15 11:25:00,4809.5,4810.75,4809.25,4809.75,639.0
2024-01-15 11:30:00,4809.75,4810.0,4808.75,4809.25,727.0
2024-01-15 11:35:00,4809.0,4811.75,4808.5,4811.75,1137.0
2024-01-15 11:40:00,4811.5,4813.0,4811.5,4811.75,1152.0
2024-01-15 11:45:00,4811.75,4811.75,4810.75,4811.25,587.0
2024-01-15 11:50:00,4811.25,4812.0,4811.0,4811.0,609.0
2024-01-15 11:55:00,4811.0,4811.75,4810.5,4811.25,498.0
2024-01-15 12:00:00,4811.25,4811.25,4809.0,4809.25,1168.0
2024-01-15 12:05:00,4809.25,4813.0,4809.0,4813.0,1007.0
2024-01-15 12:10:00,4813.0,4813.5,4812.0,4812.25,1022.0
2024-01-15 12:15:00,4812.25,4813.0,4812.0,4812.25,343.0
2024-01-15 12:20:00,4812.25,4812.75,4811.75,4811.75,506.0
2024-01-15 12:25:00,4811.5,4812.0,4811.25,4812.0,838.0
2024-01-15 12:30:00,4812.25,4812.5,4811.25,4811.75,610.0
2024-01-15 12:35:00,4812.0,4812.0,4810.5,4811.25,694.0
2024-01-15 12:40:00,4811.25,4812.5,4811.25,4812.0,590.0
2024-01-15 12:45:00,4812.0,4813.0,4811.25,4811.75,709.0
2024-01-15 12:50:00,4811.75,4811.75,4810.75,4811.0,458.0
2024-01-15 12:55:00,4811.25,4811.25,4809.5,4809.5,553.0
2024-01-15 13:00:00,4809.5,4810.25,4808.5,4810.25,1202.0
2024-01-15 13:05:00,4810.25,4810.25,4809.0,4809.25,592.0
2024-01-15 13:10:00,4809.25,4809.75,4807.75,4808.0,1114.0
2024-01-15 13:15:00,4808.0,4809.25,4806.75,4809.25,1909.0
2024-01-15 13:20:00,4809.25,4811.5,4809.25,4811.25,1071.0
2024-01-15 13:25:00,4811.5,4812.25,4811.0,4811.0,798.0
2024-01-15 13:30:00,4811.25,4812.0,4810.25,4810.5,1182.0
2024-01-15 13:35:00,4810.75,4812.0,4810.5,4810.75,441.0
2024-01-15 13:40:00,4811.0,4811.0,4809.25,4809.5,628.0
2024-01-15 13:45:00,4809.75,4811.25,4809.75,4810.75,665.0
2024-01-15 13:50:00,4811.0,4811.25,4810.0,4810.5,459.0
2024-01-15 13:55:00,4810.75,4810.75,4809.5,4809.75,402.0
2024-01-15 14:00:00,4809.75,4810.5,4809.25,4809.5,1089.0
2024-01-15 14:05:00,4809.5,4809.5,4807.5,4809.0,1308.0
2024-01-15 14:10:00,4809.0,4810.5,4808.25,4810.25,1009.0
2024-01-15 14:15:00,4810.5,4811.25,4810.25,4810.25,1297.0
2024-01-15 14:20:00,4810.25,4810.5,4809.25,4809.75,771.0
2024-01-15 14:25:00,4809.5,4812.0,4809.5,4811.75,1126.0
2024-01-15 14:30:00,4811.75,4812.75,4810.0,4811.5,3442.0
2024-01-15 14:35:00,4811.75,4812.25,4810.25,4811.75,1732.0
2024-01-15 14:40:00,4811.75,4812.25,4811.0,4811.75,1283.0
2024-01-15 14:45:00,4811.5,4811.75,4809.75,4810.0,1518.0
2024-01-15 14:50:00,4809.75,4811.25,4809.0,4810.25,1928.0
2024-01-15 14:55:00,4810.25,4811.5,4809.75,4811.25,1317.0
2024-01-15 15:00:00,4811.5,4811.75,4810.5,4810.75,1453.0
2024-01-15 15:05:00,4810.75,4812.25,4810.75,4812.0,1407.0
2024-01-15 15:10:00,4811.75,4812.0,4810.75,4811.0,1189.0
2024-01-15 15:15:00,4811.0,4811.75,4810.5,4811.25,1162.0
2024-01-15 15:20:00,4811.25,4811.75,4811.0,4811.0,672.0
2024-01-15 15:25:00,4811.25,4812.5,4811.0,4811.75,1548.0
2024-01-15 15:30:00,4811.75,4813.25,4811.75,4812.75,1729.0
2024-01-15 15:35:00,4812.5,4813.5,4812.25,4812.75,1344.0
2024-01-15 15:40:00,4812.75,4813.25,4812.5,4812.75,696.0
2024-01-15 15:45:00,4812.75,4812.75,4811.75,4812.5,977.0
2024-01-15 15:50:00,4812.75,4813.25,4812.5,4813.0,807.0
2024-01-15 15:55:00,4813.0,4813.5,4812.5,4813.5,831.0
2024-01-15 16:00:00,4813.25,4813.5,4812.75,4813.0,857.0
2024-01-15 16:05:00,4812.75,4813.5,4812.5,4812.5,877.0
2024-01-15 16:10:00,4812.75,4813.5,4812.5,4812.75,735.0
2024-01-15 16:15:00,4812.75,4813.0,4811.5,4811.75,599.0
2024-01-15 16:20:00,4811.5,4812.0,4811.0,4812.0,739.0
2024-01-15 16:25:00,4812.0,4812.75,4811.75,4812.25,754.0
2024-01-15 16:30:00,4812.25,4813.0,4812.0,4812.25,952.0
2024-01-15 16:35:00,4812.5,4813.5,4812.25,4813.0,854.0
2024-01-15 16:40:00,4812.75,4812.75,4812.0,4812.25,411.0
2024-01-15 16:45:00,4812.25,4812.25,4811.5,4812.0,374.0
2024-01-15 16:50:00,4811.75,4812.0,4811.0,4811.0,402.0
2024-01-15 16:55:00,4811.25,4811.25,4810.5,4811.0,532.0
2024-01-15 17:00:00,4811.0,4811.5,4810.25,4811.5,639.0
2024-01-15 17:05:00,4811.75,4812.75,4811.5,4812.5,811.0
2024-01-15 17:10:00,4812.5,4813.25,4812.5,4813.25,424.0
2024-01-15 17:15:00,4813.0,4813.0,4812.0,4812.5,563.0
2024-01-15 17:20:00,4812.5,4813.0,4812.25,4812.75,276.0
2024-01-15 17:25:00,4812.75,4813.25,4812.5,4813.0,198.0
2024-01-15 17:30:00,4812.75,4813.5,4812.5,4813.0,709.0
2024-01-15 17:35:00,4812.75,4813.25,4812.0,4812.75,525.0
2024-01-15 17:40:00,4812.5,4813.0,4812.25,4812.5,302.0
2024-01-15 17:45:00,4812.25,4813.0,4812.25,4813.0,212.0
2024-01-15 17:50:00,4813.25,4813.25,4812.25,4812.5,400.0
2024-01-15 17:55:00,4812.75,4813.25,4812.75,4813.25,344.0
2024-01-15 18:00:00,4813.25,4813.5,4812.5,4813.5,325.0
2024-01-15 23:00:00,4811.5,4812.5,4810.75,4811.5,831.0
2024-01-15 23:05:00,4811.25,4812.0,4809.75,4811.25,789.0
2024-01-15 23:10:00,4811.5,4812.5,4811.25,4812.25,553.0
2024-01-15 23:15:00,4812.0,4813.0,4812.0,4813.0,673.0
2024-01-15 23:20:00,4812.75,4813.5,4812.5,4813.0,458.0
2024-01-15 23:25:00,4813.0,4813.0,4810.75,4811.0,433.0
2024-01-15 23:30:00,4810.75,4811.5,4809.0,4809.0,1800.0
2024-01-15 23:35:00,4809.25,4810.0,4809.0,4809.5,277.0
2024-01-15 23:40:00,4809.25,4810.25,4808.5,4808.75,849.0
2024-01-15 23:45:00,4809.0,4809.25,4808.5,4808.75,470.0
2024-01-15 23:50:00,4808.75,4809.5,4808.5,4809.25,302.0
2024-01-15 23:55:00,4809.0,4809.25,4808.25,4808.5,335.0
2024-01-16 00:00:00,4808.25,4808.5,4803.5,4805.25,2884.0
2024-01-16 00:05:00,4805.0,4805.75,4804.0,4805.25,759.0
2024-01-16 00:10:00,4805.5,4805.75,4804.25,4805.5,688.0
2024-01-16 00:15:00,4805.5,4807.0,4805.25,4806.75,954.0
2024-01-16 00:20:00,4806.5,4806.75,4805.5,4805.75,574.0
2024-01-16 00:25:00,4806.0,4806.0,4804.25,4804.25,621.0
2024-01-16 00:30:00,4804.5,4805.0,4803.75,4804.25,577.0
2024-01-16 00:35:00,4804.25,4804.5,4803.5,4804.0,765.0
2024-01-16 00:40:00,4804.0,4804.0,4800.25,4800.5,1799.0
2024-01-16 00:45:00,4800.75,4802.5,4800.5,4802.0,1040.0
2024-01-16 00:50:00,4802.0,4802.75,4801.75,4802.0,526.0
2024-01-16 00:55:00,4801.75,4802.0,4798.75,4799.5,1755.0
2024-01-16 01:00:00,4799.75,4800.25,4797.0,4797.75,1902.0
2024-01-16 01:05:00,4797.5,4799.25,4797.25,4799.0,1427.0
2024-01-16 01:10:00,4799.0,4799.25,4798.0,4798.75,770.0
2024-01-16 01:15:00,4799.0,4800.25,4798.5,4799.25,1329.0
2024-01-16 01:20:00,4799.25,4800.0,4798.5,4800.0,715.0
2024-01-16 01:25:00,4800.0,4801.75,4799.75,4801.5,917.0
2024-01-16 01:30:00,4801.5,4803.5,4801.25,4803.0,1090.0
2024-01-16 01:35:00,4803.25,4805.25,4802.75,4803.5,1468.0
2024-01-16 01:40:00,4803.5,4803.5,4802.25,4802.75,723.0
2024-01-16 01:45:00,4802.75,4804.0,4802.75,4803.0,495.0
2024-01-16 01:50:00,4803.0,4804.0,4803.0,4803.25,372.0
2024-01-16 01:55:00,4803.5,4803.75,4802.5,4803.0,328.0
2024-01-16 02:00:00,4803.25,4803.5,4801.25,4802.0,756.0
2024-01-16 02:05:00,4802.0,4804.0,4801.0,4803.5,819.0
2024-01-16 02:10:00,4803.5,4804.75,4803.0,4804.5,698.0
2024-01-16 02:15:00,4804.75,4805.5,4804.25,4805.0,763.0
2024-01-16 02:20:00,4804.75,4804.75,4803.5,4804.25,509.0
2024-01-16 02:25:00,4804.5,4804.5,4803.5,4804.25,286.0
2024-01-16 02:30:00,4804.25,4804.25,4801.75,4802.0,655.0
2024-01-16 02:35:00,4801.75,4802.75,4801.25,4801.5,599.0
2024-01-16 02:40:00,4801.5,4802.75,4801.5,4802.5,304.0
2024-01-16 02:45:00,4802.5,4803.0,4801.75,4802.5,221.0
2024-01-16 02:50:00,4802.5,4803.0,4801.75,4802.0,303.0
2024-01-16 02:55:00,4802.0,4803.0,4801.5,4802.75,504.0
2024-01-16 03:00:00,4802.75,4802.75,4800.5,4800.75,665.0
2024-01-16 03:05:00,4801.0,4801.5,4800.25,4801.25,231.0
2024-01-16 03:10:00,4801.0,4801.5,4800.25,4800.75,428.0
2024-01-16 03:15:00,4801.0,4801.25,4800.25,4800.5,278.0
2024-01-16 03:20:00,4800.5,4800.5,4799.0,4799.25,685.0
2024-01-16 03:25:00,4799.5,4800.0,4799.25,4799.25,505.0
2024-01-16 03:30:00,4799.25,4800.0,4798.75,4799.75,419.0
2024-01-16 03:35:00,4799.75,4800.5,4798.5,4799.25,618.0
2024-01-16 03:40:00,4799.25,4799.75,4798.5,4799.25,706.0
2024-01-16 03:45:00,4799.25,4800.5,4799.0,4800.25,593.0
2024-01-16 03:50:00,4800.0,4801.0,4800.0,4801.0,234.0
2024-01-16 03:55:00,4801.0,4801.5,4800.5,4801.0,433.0
2024-01-16 04:00:00,4801.0,4801.0,4800.25,4800.75,164.0
2024-01-16 04:05:00,4800.5,4801.0,4800.5,4800.75,192.0
2024-01-16 04:10:00,4800.75,4800.75,4800.0,4800.25,213.0
2024-01-16 04:15:00,4800.5,4801.5,4800.25,4801.25,121.0
2024-01-16 04:20:00,4801.5,4801.5,4801.0,4801.25,289.0
2024-01-16 04:25:00,4801.25,4801.25,4799.5,4799.75,496.0
2024-01-16 04:30:00,4800.0,4800.25,4799.75,4800.0,92.0
2024-01-16 04:35:00,4800.0,4800.5,4799.25,4799.75,328.0
2024-01-16 04:40:00,4799.75,4800.0,4799.25,4799.5,198.0
2024-01-16 04:45:00,4799.5,4799.75,4798.5,4798.5,307.0
2024-01-16 04:50:00,4798.75,4800.0,4798.75,4799.75,569.0
2024-01-16 04:55:00,4799.5,4800.75,4799.5,4800.5,448.0
2024-01-16 05:00:00,4800.75,4800.75,4799.75,4799.75,301.0
2024-01-16 05:05:00,4799.75,4800.25,4799.25,4800.25,341.0
2024-01-16 05:10:00,4800.25,4800.75,4800.0,4800.5,175.0
2024-01-16 05:15:00,4800.5,4800.75,4800.0,4800.5,223.0
2024-01-16 05:20:00,4800.5,4800.75,4799.5,4799.75,196.0
2024-01-16 05:25:00,4799.5,4800.25,4799.25,4800.0,195.0
2024-01-16 05:30:00,4800.25,4800.5,4799.5,4799.75,351.0
2024-01-16 05:35:00,4799.75,4799.75,4799.0,4799.0,303.0
2024-01-16 05:40:00,4799.0,4799.75,4798.75,4799.5,293.0
2024-01-16 05:45:00,4799.5,4799.75,4799.0,4799.5,197.0
2024-01-16 05:50:00,4799.25,4799.25,4798.5,4798.75,274.0
2024-01-16 05:55:00,4798.5,4799.0,4797.0,4797.25,753.0
2024-01-16 06:00:00,4797.25,4797.75,4795.0,4795.0,2732.0
2024-01-16 06:05:00,4795.25,4795.5,4794.25,4794.5,1200.0
2024-01-16 06:10:00,4794.75,4796.0,4794.25,4795.5,646.0
2024-01-16 06:15:00,4795.75,4797.0,4795.75,4796.5,410.0
2024-01-16 06:20:00,4796.75,4797.0,4796.25,4797.0,703.0
2024-01-16 06:25:00,4797.0,4798.0,4796.75,4797.75,734.0
2024-01-16 06:30:00,4797.75,4798.0,4795.25,4795.75,1227.0
2024-01-16 06:35:00,4796.0,4796.75,4796.0,4796.5,361.0
2024-01-16 06:40:00,4796.5,4796.75,4795.75,4796.25,399.0
2024-01-16 06:45:00,4796.25,4796.25,4795.25,4796.0,533.0
2024-01-16 06:50:00,4796.0,4797.5,4796.0,4797.5,650.0
2024-01-16 06:55:00,4797.5,4798.0,4797.0,4797.75,297.0
2024-01-16 07:00:00,4797.75,4799.0,4797.5,4798.25,1049.0
2024-01-16 07:05:00,4798.25,4798.75,4797.25,4797.75,768.0
2024-01-16 07:10:00,4797.5,4797.5,4795.25,4795.5,501.0
2024-01-16 07:15:00,4795.5,4796.5,4794.5,4795.5,1302.0
2024-01-16 07:20:00,4795.5,4796.0,4794.75,4795.75,610.0
2024-01-16 07:25:00,4795.75,4797.0,4795.75,4796.75,699.0
2024-01-16 07:30:00,4796.75,4797.25,4796.0,4796.5,657.0
2024-01-16 07:35:00,4796.5,4798.0,4796.25,4798.0,621.0
2024-01-16 07:40:00,4798.25,4799.5,4798.0,4799.0,1022.0
2024-01-16 07:45:00,4799.25,4799.5,4798.5,4799.25,528.0
2024-01-16 07:50:00,4799.25,4800.25,4799.0,4799.5,878.0
2024-01-16 07:55:00,4799.5,4799.5,4797.5,4797.5,384.0
2024-01-16 08:00:00,4797.5,4797.75,4788.0,4788.25,6806.0
2024-01-16 08:05:00,4788.5,4790.5,4786.75,4788.75,5553.0
2024-01-16 08:10:00,4789.0,4790.25,4786.25,4787.75,2814.0
2024-01-16 08:15:00,4788.0,4788.75,4786.0,4788.0,2909.0
2024-01-16 08:20:00,4788.0,4791.5,4786.0,4790.5,4560.0
2024-01-16 08:25:00,4790.5,4792.25,4789.0,4790.75,3215.0
2024-01-16 08:30:00,4790.75,4791.25,4787.5,4789.75,1744.0
2024-01-16 08:35:00,4789.75,4790.25,4787.25,4789.5,2149.0
2024-01-16 08:40:00,4789.5,4791.75,4788.5,4789.0,2012.0
2024-01-16 08:45:00,4789.0,4791.5,4788.0,4790.75,1505.0
2024-01-16 08:50:00,4791.0,4793.5,4790.75,4791.5,2000.0
2024-01-16 08:55:00,4791.25,4791.5,4789.75,4791.25,1260.0
2024-01-16 09:00:00,4791.25,4794.5,4790.75,4793.5,2922.0
2024-01-16 09:05:00,4793.25,4794.25,4791.75,4793.25,1736.0
2024-01-16 09:10:00,4793.25,4794.25,4792.25,4794.0,1635.0
2024-01-16 09:15:00,4793.75,4794.5,4791.5,4792.75,1766.0
2024-01-16 09:20:00,4792.5,4794.25,4791.25,4791.5,1376.0
2024-01-16 09:25:00,4791.25,4791.25,4788.75,4788.75,1856.0
2024-01-16 09:30:00,4788.75,4792.75,4788.5,4792.75,1747.0
2024-01-16 09:35:00,4792.75,4793.75,4792.0,4793.5,1109.0
2024-01-16 09:40:00,4793.5,4794.0,4791.5,4793.0,1064.0
2024-01-16 09:45:00,4792.75,4793.0,4790.0,4790.0,1030.0
2024-01-16 09:50:00,4790.0,4792.0,4789.25,4792.0,1000.0
2024-01-16 09:55:00,4792.0,4793.5,4791.25,4791.5,863.0
2024-01-16 10:00:00,4791.5,4792.5,4789.25,4789.5,1469.0
2024-01-16 10:05:00,4789.5,4791.0,4789.5,4790.25,635.0
2024-01-16 10:10:00,4790.0,4790.5,4788.25,4789.25,939.0
2024-01-16 10:15:00,4789.0,4790.25,4787.5,4787.5,1284.0
2024-01-16 10:20:00,4787.5,4789.25,4786.75,4788.25,1327.0
2024-01-16 10:25:00,4788.5,4790.25,4787.0,4787.5,1343.0
2024-01-16 10:30:00,4787.75,4788.0,4785.25,4787.25,2301.0
2024-01-16 10:35:00,4787.0,4789.5,4786.75,4789.25,917.0
2024-01-16 10:40:00,4789.5,4790.75,4789.0,4789.25,1385.0
2024-01-16 10:45:00,4789.25,4790.25,4788.25,4788.5,1005.0
2024-01-16 10:50:00,4788.75,4789.75,4788.25,4788.5,790.0
2024-01-16 10:55:00,4788.25,4788.5,4787.0,4787.25,859.0
2024-01-16 11:00:00,4787.5,4789.75,4787.5,4788.25,774.0
2024-01-16 11:05:00,4788.5,4790.5,4787.75,4790.25,1142.0
2024-01-16 11:10:00,4790.25,4790.25,4789.0,4789.25,596.0
2024-01-16 11:15:00,4789.25,4791.0,4789.0,4790.5,915.0
2024-01-16 11:20:00,4790.75,4791.25,4789.25,4789.25,1157.0
2024-01-16 11:25:00,4789.25,4792.25,4789.0,4792.0,1126.0
2024-01-16 11:30:00,4792.0,4793.0,4791.25,4791.75,858.0
2024-01-16 11:35:00,4791.75,4792.0,4790.25,4792.0,1292.0
2024-01-16 11:40:00,4791.75,4792.5,4791.0,4791.75,697.0
2024-01-16 11:45:00,4791.75,4794.75,4791.75,4794.5,1413.0
2024-01-16 11:50:00,4794.5,4798.25,4794.0,4797.5,3025.0
2024-01-16 11:55:00,4797.5,4798.75,4796.75,4797.25,2203.0
2024-01-16 12:00:00,4797.25,4798.0,4796.5,4797.25,2138.0
2024-01-16 12:05:00,4797.0,4798.0,4796.25,4797.75,1762.0
2024-01-16 12:10:00,4797.75,4798.5,4796.5,4796.75,1533.0
2024-01-16 12:15:00,4796.5,4797.5,4795.5,4795.75,1239.0
2024-01-16 12:20:00,4795.75,4796.0,4793.5,4794.5,1601.0
2024-01-16 12:25:00,4794.5,4798.25,4794.25,4798.0,4323.0
2024-01-16 12:30:00,4798.0,4799.0,4796.75,4797.5,2105.0
2024-01-16 12:35:00,4797.75,4802.0,4796.5,4802.0,4488.0
2024-01-16 12:40:00,4801.75,4803.0,4799.5,4801.5,3610.0
2024-01-16 12:45:00,4801.5,4802.5,4800.5,4802.5,1886.0
2024-01-16 12:50:00,4802.25,4804.75,4802.0,4803.0,3050.0
2024-01-16 12:55:00,4803.25,4803.5,4802.0,4802.5,2075.0
2024-01-16 13:00:00,4802.5,4803.75,4801.75,4802.25,1944.0
2024-01-16 13:05:00,4802.5,4803.0,4800.75,4802.0,2225.0
2024-01-16 13:10:00,4802.0,4802.5,4799.25,4799.75,2364.0
2024-01-16 13:15:00,4799.5,4799.75,4797.25,4798.0,3090.0
2024-01-16 13:20:00,4798.0,4798.75,4794.75,4795.0,2665.0
2024-01-16 13:25:00,4795.0,4797.25,4793.25,4795.75,3675.0
2024-01-16 13:30:00,4796.0,4802.75,4795.75,4802.25,7893.0
2024-01-16 13:35:00,4802.25,4804.5,4801.75,4803.25,5798.0
2024-01-16 13:40:00,4803.25,4805.0,4802.25,4802.25,4110.0
2024-01-16 13:45:00,4802.5,4802.75,4797.25,4798.75,4615.0
2024-01-16 13:50:00,4798.75,4799.5,4794.0,4795.75,4260.0
2024-01-16 13:55:00,4795.75,4796.25,4794.5,4795.25,3004.0
2024-01-16 14:00:00,4795.25,4796.75,4793.25,4795.5,4883.0
2024-01-16 14:05:00,4795.25,4795.5,4793.0,4794.0,3525.0
2024-01-16 14:10:00,4794.25,4796.5,4794.25,4796.0,3213.0
2024-01-16 14:15:00,4795.75,4797.5,4794.5,4795.0,3648.0
2024-01-16 14:20:00,4795.0,4796.75,4794.5,4796.25,2466.0
2024-01-16 14:25:00,4796.25,4800.0,4796.0,4799.0,4492.0
2024-01-16 14:30:00,4799.0,4805.5,4797.25,4797.5,39766.0
2024-01-16 14:35:00,4797.25,4802.25,4795.5,4795.5,27635.0
2024-01-16 14:40:00,4795.75,4796.25,4788.75,4792.5,36996.0
2024-01-16 14:45:00,4792.75,4793.5,4786.75,4789.75,32124.0
2024-01-16 14:50:00,4789.75,4790.0,4783.5,4787.0,28053.0
2024-01-16 14:55:00,4787.0,4792.25,4786.0,4791.5,20351.0
2024-01-16 15:00:00,4791.5,4797.5,4790.0,4794.25,25217.0
2024-01-16 15:05:00,4794.0,4795.75,4790.5,4794.0,23427.0
2024-01-16 15:10:00,4794.0,4801.25,4793.25,4800.5,25403.0
2024-01-16 15:15:00,4800.25,4804.0,4798.0,4803.5,27296.0
2024-01-16 15:20:00,4803.25,4809.25,4802.5,4806.75,30614.0
2024-01-16 15:25:00,4806.5,4812.0,4806.5,4810.25,28909.0
2024-01-16 15:30:00,4810.25,4811.5,4808.25,4810.0,19342.0
2024-01-16 15:35:00,4810.0,4812.0,4805.25,4809.0,18659.0
2024-01-16 15:40:00,4809.25,4815.0,4809.0,4812.25,22151.0
2024-01-16 15:45:00,4812.5,4814.75,4811.0,4813.75,14177.0
2024-01-16 15:50:00,4813.75,4815.0,4810.75,4813.5,16057.0
2024-01-16 15:55:00,4813.5,4815.0,4812.0,4812.5,11223.0
2024-01-16 16:00:00,4812.75,4813.25,4795.25,4802.25,83367.0
2024-01-16 16:05:00,4802.5,4808.25,4798.75,4802.75,41632.0
2024-01-16 16:10:00,4802.75,4804.5,4797.0,4802.75,28565.0
2024-01-16 16:15:00,4802.75,4809.75,4801.75,4809.0,29701.0
2024-01-16 16:20:00,4809.25,4815.75,4807.0,4811.0,32226.0
2024-01-16 16:25:00,4811.0,4813.5,4809.75,4812.0,18188.0
2024-01-16 16:30:00,4812.0,4812.75,4807.75,4812.75,15366.0
2024-01-16 16:35:00,4812.5,4814.0,4806.25,4808.0,15161.0
2024-01-16 16:40:00,4808.25,4810.75,4806.75,4807.5,12407.0
2024-01-16 16:45:00,4807.5,4809.5,4804.5,4807.0,12767.0
2024-01-16 16:50:00,4807.25,4808.25,4805.0,4805.25,9055.0
2024-01-16 16:55:00,4805.25,4805.75,4799.5,4800.5,15905.0
2024-01-16 17:00:00,4800.25,4803.25,4797.5,4799.75,14451.0
2024-01-16 17:05:00,4799.5,4799.75,4794.25,4795.5,20130.0
2024-01-16 17:10:00,4795.5,4798.25,4794.25,4797.75,15469.0
2024-01-16 17:15:00,4797.75,4798.75,4795.0,4796.0,10626.0
2024-01-16 17:20:00,4796.25,4798.75,4795.25,4798.5,7575.0
2024-01-16 17:25:00,4798.5,4799.5,4792.75,4793.25,12583.0
2024-01-16 17:30:00,4793.25,4794.75,4789.5,4792.25,20911.0
2024-01-16 17:35:00,4792.25,4796.0,4790.0,4795.5,16142.0
2024-01-16 17:40:00,4795.25,4796.0,4793.25,4795.75,10886.0
2024-01-16 17:45:00,4795.5,4795.75,4789.75,4791.25,13086.0
2024-01-16 17:50:00,4791.0,4793.75,4789.5,4793.25,12039.0
2024-01-16 17:55:00,4793.0,4793.25,4788.75,4790.0,8611.0
2024-01-16 18:00:00,4790.0,4790.75,4787.0,4790.5,13690.0
2024-01-16 18:05:00,4790.5,4792.5,4789.0,4791.75,9124.0
2024-01-16 18:10:00,4791.5,4792.75,4790.75,4791.5,6385.0
2024-01-16 18:15:00,4791.5,4801.25,4791.25,4798.25,23913.0
2024-01-16 18:20:00,4798.25,4798.75,4793.25,4794.5,11822.0
2024-01-16 18:25:00,4794.5,4797.25,4794.0,4796.75,8113.0
2024-01-16 18:30:00,4796.75,4801.25,4796.75,4799.25,12514.0
2024-01-16 18:35:00,4799.25,4800.5,4795.0,4795.75,10098.0
2024-01-16 18:40:00,4795.75,4796.5,4791.75,4793.0,9097.0
2024-01-16 18:45:00,4793.0,4793.5,4790.5,4790.75,7948.0
2024-01-16 18:50:00,4791.0,4792.0,4786.75,4787.75,10433.0
2024-01-16 18:55:00,4788.0,4790.0,4787.25,4789.25,8785.0
2024-01-16 19:00:00,4789.25,4791.0,4786.75,4787.5,9948.0
2024-01-16 19:05:00,4787.5,4789.5,4785.25,4786.0,11006.0
2024-01-16 19:10:00,4785.75,4786.75,4781.75,4784.25,13426.0
2024-01-16 19:15:00,4784.25,4785.0,4781.5,4781.75,10401.0
2024-01-16 19:20:00,4781.75,4783.5,4779.5,4782.5,14520.0
2024-01-16 19:25:00,4782.5,4787.5,4782.25,4786.5,9833.0
2024-01-16 19:30:00,4786.25,4786.25,4782.5,4784.75,10168.0
2024-01-16 19:35:00,4784.75,4787.25,4783.5,4785.25,9012.0
2024-01-16 19:40:00,4785.25,4787.25,4784.75,4786.75,6777.0
2024-01-16 19:45:00,4786.5,4791.0,4785.75,4790.75,13188.0
2024-01-16 19:50:00,4790.5,4792.75,4790.25,4792.5,9987.0
2024-01-16 19:55:00,4792.25,4792.75,4790.75,4792.25,6499.0
2024-01-16 20:00:00,4792.0,4794.0,4790.25,4792.75,9825.0
2024-01-16 20:05:00,4792.75,4793.0,4790.5,4792.5,6107.0
2024-01-16 20:10:00,4792.5,4794.25,4791.25,4791.25,7426.0
2024-01-16 20:15:00,4791.25,4792.75,4790.0,4791.75,8264.0
2024-01-16 20:20:00,4792.0,4793.75,4790.0,4790.25,8151.0
2024-01-16 20:25:00,4790.5,4792.0,4789.0,4789.25,7411.0
2024-01-16 20:30:00,4789.5,4790.75,4787.0,4788.0,10775.0
2024-01-16 20:35:00,4788.25,4790.25,4786.75,4789.75,11285.0
2024-01-16 20:40:00,4789.75,4790.25,4787.75,4789.5,9320.0
2024-01-16 20:45:00,4789.75,4792.75,4788.25,4790.5,14196.0
2024-01-16 20:50:00,4790.25,4793.5,4788.75,4792.5,17717.0
2024-01-16 20:55:00,4792.5,4797.5,4792.5,4797.25,29830.0
2024-01-16 21:00:00,4797.25,4800.5,4797.25,4798.0,70654.0
2024-01-16 21:05:00,4798.0,4799.0,4797.5,4799.0,7127.0
2024-01-16 21:10:00,4799.25,4800.0,4798.5,4799.0,5217.0
2024-01-16 21:15:00,4799.0,4799.5,4798.5,4798.5,3262.0
2024-01-16 21:20:00,4798.5,4799.75,4798.5,4799.25,1173.0
2024-01-16 21:25:00,4799.25,4800.0,4799.25,4799.75,869.0
2024-01-16 21:30:00,4799.5,4800.5,4799.5,4799.75,847.0
2024-01-16 21:35:00,4799.5,4799.75,4798.75,4799.0,669.0
2024-01-16 21:40:00,4799.0,4799.25,4798.5,4799.25,970.0
2024-01-16 21:45:00,4799.25,4799.5,4798.75,4799.0,729.0
2024-01-16 21:50:00,4799.0,4800.75,4798.75,4800.25,2123.0
2024-01-16 21:55:00,4800.0,4800.75,4799.25,4799.25,1304.0
2024-01-16 22:00:00,4799.25,4799.5,4799.0,4799.0,279.0
2024-01-16 23:00:00,4799.75,4800.25,4798.5,4798.75,733.0
2024-01-16 23:05:00,4798.75,4799.5,4798.0,4799.25,527.0
2024-01-16 23:10:00,4799.25,4800.5,4799.25,4799.25,658.0
2024-01-16 23:15:00,4799.25,4799.5,4798.25,4798.75,482.0
2024-01-16 23:20:00,4798.75,4799.75,4798.5,4799.75,273.0
2024-01-16 23:25:00,4799.75,4800.0,4799.25,4799.5,330.0
2024-01-16 23:30:00,4799.75,4800.0,4799.0,4799.0,387.0
2024-01-16 23:35:00,4799.0,4799.5,4799.0,4799.25,361.0
2024-01-16 23:40:00,4799.0,4799.0,4797.75,4797.75,877.0
2024-01-16 23:45:00,4797.75,4798.75,4797.5,4798.5,371.0
2024-01-16 23:50:00,4798.25,4800.0,4798.25,4799.75,453.0
2024-01-16 23:55:00,4799.75,4800.75,4799.75,4800.0,706.0
2024-01-17 00:00:00,4800.0,4800.25,4798.75,4799.25,808.0
2024-01-17 00:05:00,4799.25,4799.25,4797.75,4798.5,1121.0
2024-01-17 00:10:00,4798.5,4799.5,4798.0,4798.5,691.0
2024-01-17 00:15:00,4798.75,4799.0,4797.25,4797.25,720.0
2024-01-17 00:20:00,4797.25,4798.0,4796.0,4797.75,856.0
2024-01-17 00:25:00,4798.0,4798.75,4797.25,4797.5,506.0
2024-01-17 00:30:00,4797.5,4797.5,4796.5,4797.25,516.0
2024-01-17 00:35:00,4797.25,4797.25,4796.25,4796.75,329.0
2024-01-17 00:40:00,4796.5,4796.75,4794.75,4795.5,851.0
2024-01-17 00:45:00,4795.5,4795.75,4795.0,4795.25,400.0
2024-01-17 00:50:00,4795.25,4796.75,4795.0,4796.5,691.0
2024-01-17 00:55:00,4796.5,4797.25,4796.0,4796.25,429.0
2024-01-17 01:00:00,4796.25,4796.75,4795.25,4795.5,602.0
2024-01-17 01:05:00,4795.25,4796.0,4794.5,4794.75,628.0
2024-01-17 01:10:00,4794.75,4795.5,4794.5,4795.0,301.0
2024-01-17 01:15:00,4795.25,4796.5,4794.75,4796.0,760.0
2024-01-17 01:20:00,4796.0,4796.5,4795.5,4795.75,479.0
2024-01-17 01:25:00,4795.5,4796.5,4795.25,4796.25,352.0
2024-01-17 01:30:00,4796.25,4796.5,4795.75,4796.25,431.0
2024-01-17 01:35:00,4796.25,4796.5,4795.0,4795.5,490.0
2024-01-17 01:40:00,4795.25,4795.25,4793.0,4793.0,1063.0
2024-01-17 01:45:00,4793.25,4793.5,4792.5,4793.5,1040.0
2024-01-17 01:50:00,4793.5,4794.25,4793.5,4793.75,512.0
2024-01-17 01:55:00,4793.75,4794.5,4793.5,4794.25,397.0
2024-01-17 02:00:00,4794.25,4795.0,4793.75,4794.0,495.0
2024-01-17 02:05:00,4793.75,4795.0,4793.75,4795.0,399.0
2024-01-17 02:10:00,4795.0,4795.0,4794.0,4794.5,531.0
2024-01-17 02:15:00,4794.25,4794.25,4793.0,4793.0,736.0
2024-01-17 02:20:00,4793.25,4793.25,4791.0,4791.75,1463.0
2024-01-17 02:25:00,4791.75,4792.0,4791.25,4792.0,679.0
2024-01-17 02:30:00,4792.0,4792.5,4791.0,4791.25,418.0
2024-01-17 02:35:00,4791.0,4791.75,4790.75,4791.0,377.0
2024-01-17 02:40:00,4791.0,4791.5,4790.5,4790.75,586.0
2024-01-17 02:45:00,4790.75,4791.25,4790.5,4791.0,378.0
2024-01-17 02:50:00,4791.25,4791.75,4791.0,4791.25,260.0
2024-01-17 02:55:00,4791.5,4791.5,4790.5,4790.75,328.0
2024-01-17 03:00:00,4790.75,4790.75,4789.25,4789.5,1113.0
2024-01-17 03:05:00,4789.5,4790.75,4789.5,4790.25,410.0
2024-01-17 03:10:00,4790.25,4790.75,4789.75,4790.75,455.0
2024-01-17 03:15:00,4790.5,4790.75,4789.75,4790.5,639.0
2024-01-17 03:20:00,4790.25,4790.25,4788.75,4789.25,611.0
2024-01-17 03:25:00,4789.25,4789.5,4788.25,4788.25,458.0
2024-01-17 03:30:00,4788.5,4789.25,4788.25,4788.75,667.0
2024-01-17 03:35:00,4788.75,4788.75,4787.75,4788.5,899.0
2024-01-17 03:40:00,4788.5,4790.0,4788.5,4789.75,1159.0
2024-01-17 03:45:00,4789.75,4790.0,4788.75,4789.0,402.0
2024-01-17 03:50:00,4789.0,4789.25,4785.5,4785.75,1434.0
2024-01-17 03:55:00,4786.0,4787.5,4785.5,4785.75,863.0
2024-01-17 04:00:00,4785.75,4786.5,4785.75,4786.0,722.0
2024-01-17 04:05:00,4786.25,4788.25,4785.75,4788.0,1093.0
2024-01-17 04:10:00,4788.0,4789.0,4787.75,4789.0,686.0
2024-01-17 04:15:00,4789.0,4789.25,4788.75,4788.75,439.0
2024-01-17 04:20:00,4788.75,4788.75,4787.25,4787.25,509.0
2024-01-17 04:25:00,4787.5,4788.25,4787.25,4788.25,347.0
2024-01-17 04:30:00,4788.0,4789.0,4788.0,4788.75,300.0
2024-01-17 04:35:00,4788.75,4789.25,4788.0,4789.0,388.0
2024-01-17 04:40:00,4789.25,4789.75,4789.0,4789.0,573.0
2024-01-17 04:45:00,4789.0,4790.75,4789.0,4790.75,379.0
2024-01-17 04:50:00,4790.5,4790.5,4789.75,4789.75,334.0
2024-01-17 04:55:00,4789.75,4790.0,4789.0,4789.25,289.0
2024-01-17 05:00:00,4789.5,4789.75,4788.5,4788.5,287.0
2024-01-17 05:05:00,4788.5,4788.75,4787.25,4787.5,546.0
2024-01-17 05:10:00,4787.75,4787.75,4786.5,4786.75,377.0
2024-01-17 05:15:00,4786.5,4787.25,4785.5,4786.0,442.0
2024-01-17 05:20:00,4786.25,4786.75,4785.75,4786.5,389.0
2024-01-17 05:25:00,4786.5,4787.25,4786.5,4786.5,268.0
2024-01-17 05:30:00,4786.5,4786.75,4785.5,4786.0,514.0
2024-01-17 05:35:00,4785.75,4787.25,4785.5,4786.5,458.0
2024-01-17 05:40:00,4786.5,4786.75,4786.25,4786.5,314.0
2024-01-17 05:45:00,4786.75,4786.75,4785.5,4786.0,409.0
2024-01-17 05:50:00,4786.0,4786.5,4784.25,4784.5,1277.0
2024-01-17 05:55:00,4784.5,4785.0,4784.25,4784.25,754.0
2024-01-17 06:00:00,4784.5,4785.0,4784.25,4784.5,1509.0
2024-01-17 06:05:00,4784.5,4785.25,4784.25,4784.25,1112.0
2024-01-17 06:10:00,4784.25,4784.5,4775.0,4775.5,7852.0
2024-01-17 06:15:00,4775.25,4778.75,4775.0,4778.75,1165.0
2024-01-17 06:20:00,4778.75,4779.25,4777.25,4778.5,1311.0
2024-01-17 06:25:00,4778.75,4779.25,4777.0,4777.75,848.0
2024-01-17 06:30:00,4777.5,4778.5,4777.0,4778.5,1088.0
2024-01-17 06:35:00,4778.5,4778.75,4777.25,4777.25,710.0
2024-01-17 06:40:00,4777.25,4777.5,4775.0,4776.75,2917.0
2024-01-17 06:45:00,4776.75,4776.75,4775.75,4776.5,641.0
2024-01-17 06:50:00,4776.5,4778.5,4776.25,4778.25,1261.0
2024-01-17 06:55:00,4778.25,4778.75,4776.25,4776.5,921.0
2024-01-17 07:00:00,4776.75,4777.25,4775.0,4776.5,2594.0
2024-01-17 07:05:00,4776.5,4776.5,4775.0,4776.25,1881.0
2024-01-17 07:10:00,4776.0,4776.5,4773.0,4776.25,1692.0
2024-01-17 07:15:00,4776.25,4776.25,4772.0,4774.25,1798.0
2024-01-17 07:20:00,4774.25,4774.5,4772.5,4773.5,1887.0
2024-01-17 07:25:00,4773.5,4774.0,4771.0,4772.0,1917.0
2024-01-17 07:30:00,4772.0,4773.25,4770.75,4772.5,1377.0
2024-01-17 07:35:00,4772.75,4773.75,4772.25,4773.5,1512.0
2024-01-17 07:40:00,4773.25,4774.5,4771.25,4772.0,1456.0
2024-01-17 07:45:00,4771.75,4773.75,4771.0,4773.5,1390.0
2024-01-17 07:50:00,4773.5,4774.5,4772.0,4773.25,2129.0
2024-01-17 07:55:00,4773.25,4776.75,4773.25,4776.5,1406.0
2024-01-17 08:00:00,4776.25,4777.25,4773.75,4775.5,3490.0
2024-01-17 08:05:00,4775.75,4776.5,4773.0,4774.25,3737.0
2024-01-17 08:10:00,4774.25,4776.0,4772.5,4775.5,3417.0
2024-01-17 08:15:00,4775.5,4775.75,4773.5,4775.5,2722.0
2024-01-17 08:20:00,4775.25,4777.25,4775.25,4776.25,2816.0
2024-01-17 08:25:00,4776.25,4778.25,4775.75,4778.25,2571.0
2024-01-17 08:30:00,4778.0,4778.5,4774.75,4775.75,2232.0
2024-01-17 08:35:00,4775.75,4778.5,4775.75,4778.25,2163.0
2024-01-17 08:40:00,4778.25,4778.5,4776.0,4777.5,1836.0
2024-01-17 08:45:00,4777.5,4778.5,4775.25,4775.75,2759.0
2024-01-17 08:50:00,4775.75,4777.0,4774.25,4774.25,1827.0
2024-01-17 08:55:00,4774.25,4775.75,4773.75,4775.0,1944.0
2024-01-17 09:00:00,4774.75,4774.75,4773.25,4773.25,2173.0
2024-01-17 09:05:00,4773.0,4773.0,4771.5,4771.75,1946.0
2024-01-17 09:10:00,4771.75,4772.25,4769.0,4769.75,3202.0
2024-01-17 09:15:00,4769.75,4772.25,4768.75,4771.75,3821.0
2024-01-17 09:20:00,4772.0,4774.75,4770.75,4774.75,2843.0
2024-01-17 09:25:00,4774.5,4777.25,4773.25,4773.75,2470.0
2024-01-17 09:30:00,4773.5,4775.75,4772.5,4775.75,1855.0
2024-01-17 09:35:00,4775.5,4777.75,4774.75,4775.5,1634.0
2024-01-17 09:40:00,4775.25,4776.75,4774.75,4775.0,1212.0
2024-01-17 09:45:00,4774.75,4777.5,4774.25,4775.5,1042.0
2024-01-17 09:50:00,4775.75,4778.5,4775.5,4778.0,1935.0
2024-01-17 09:55:00,4778.0,4778.5,4777.0,4777.75,1556.0
2024-01-17 10:00:00,4777.5,4778.5,4777.25,4778.25,1613.0
2024-01-17 10:05:00,4778.25,4778.5,4777.25,4778.0,1432.0
2024-01-17 10:10:00,4778.0,4779.75,4777.5,4779.5,1290.0
2024-01-17 10:15:00,4779.25,4779.5,4777.25,4777.75,1157.0
2024-01-17 10:20:00,4777.75,4779.0,4777.5,4777.75,1902.0
2024-01-17 10:25:00,4777.5,4778.5,4777.25,4777.25,1088.0
2024-01-17 10:30:00,4777.25,4777.5,4775.0,4775.75,1392.0
2024-01-17 10:35:00,4775.75,4776.5,4775.0,4775.75,730.0
2024-01-17 10:40:00,4776.0,4776.0,4774.25,4774.25,970.0
2024-01-17 10:45:00,4774.5,4776.5,4774.5,4775.0,949.0
2024-01-17 10:50:00,4774.75,4776.0,4773.0,4775.75,1912.0
2024-01-17 10:55:00,4776.0,4777.0,4775.5,4776.0,1127.0
2024-01-17 11:00:00,4776.25,4778.0,4774.0,4774.25,1538.0
2024-01-17 11:05:00,4774.25,4775.5,4773.75,4775.25,692.0
2024-01-17 11:10:00,4775.0,4775.5,4772.75,4773.0,1344.0
2024-01-17 11:15:00,4773.25,4774.5,4772.25,4772.25,1396.0
2024-01-17 11:20:00,4772.25,4775.75,4772.25,4775.25,1820.0
2024-01-17 11:25:00,4775.25,4776.25,4774.0,4776.0,1023.0
2024-01-17 11:30:00,4776.25,4777.75,4775.5,4777.75,1935.0
2024-01-17 11:35:00,4777.75,4780.75,4777.5,4780.75,2315.0
2024-01-17 11:40:00,4780.5,4780.75,4778.75,4779.5,1398.0
2024-01-17 11:45:00,4779.5,4779.75,4778.5,4779.25,832.0
2024-01-17 11:50:00,4779.25,4779.75,4778.0,4778.0,912.0
2024-01-17 11:55:00,4778.0,4779.5,4778.0,4779.0,993.0
2024-01-17 12:00:00,4779.0,4780.25,4778.25,4779.0,1420.0
2024-01-17 12:05:00,4779.25,4781.0,4779.0,4779.75,2448.0
2024-01-17 12:10:00,4779.75,4780.75,4778.75,4780.0,3767.0
2024-01-17 12:15:00,4780.25,4782.75,4779.5,4782.25,2571.0
2024-01-17 12:20:00,4782.25,4784.75,4782.0,4784.25,2340.0
2024-01-17 12:25:00,4784.25,4785.25,4783.0,4783.75,2336.0
2024-01-17 12:30:00,4783.75,4784.0,4782.25,4783.0,1504.0
2024-01-17 12:35:00,4783.0,4784.0,4782.0,4782.25,1509.0
2024-01-17 12:40:00,4782.25,4782.25,4780.75,4781.25,1730.0
2024-01-17 12:45:00,4781.25,4781.5,4780.0,4781.5,1223.0
2024-01-17 12:50:00,4781.25,4783.0,4781.0,4781.5,1770.0
2024-01-17 12:55:00,4781.5,4784.0,4781.25,4782.75,1834.0
2024-01-17 13:00:00,4782.75,4782.75,4777.5,4777.75,4015.0
2024-01-17 13:05:00,4778.0,4778.5,4777.0,4778.25,2094.0
2024-01-17 13:10:00,4778.25,4780.0,4777.0,4779.5,2345.0
2024-01-17 13:15:00,4779.5,4780.5,4777.25,4777.75,1880.0
2024-01-17 13:20:00,4777.75,4779.75,4776.25,4776.5,3631.0
2024-01-17 13:25:00,4776.25,4777.25,4775.5,4777.0,2294.0
2024-01-17 13:30:00,4777.0,4777.5,4770.75,4775.5,13415.0
2024-01-17 13:35:00,4775.25,4777.75,4772.75,4773.75,7393.0
2024-01-17 13:40:00,4773.75,4777.0,4771.75,4771.75,15259.0
2024-01-17 13:45:00,4771.75,4773.25,4765.75,4766.25,11622.0
2024-01-17 13:50:00,4766.25,4768.25,4765.75,4768.25,6564.0
2024-01-17 13:55:00,4768.25,4769.25,4766.25,4767.25,5202.0
2024-01-17 14:00:00,4767.25,4768.5,4764.75,4765.5,5707.0
2024-01-17 14:05:00,4765.5,4769.5,4765.25,4769.25,5597.0
2024-01-17 14:10:00,4769.25,4769.75,4767.0,4769.0,5810.0
2024-01-17 14:15:00,4769.0,4771.75,4767.75,4767.75,6740.0
2024-01-17 14:20:00,4767.75,4769.0,4765.5,4765.75,6461.0
2024-01-17 14:25:00,4765.5,4766.75,4765.0,4765.5,6766.0
2024-01-17 14:30:00,4765.5,4767.25,4761.0,4761.75,55931.0
2024-01-17 14:35:00,4761.75,4764.25,4760.25,4764.25,31030.0
2024-01-17 14:40:00,4764.25,4765.75,4760.5,4761.5,26305.0
2024-01-17 14:45:00,4761.25,4762.5,4759.0,4759.5,28544.0
2024-01-17 14:50:00,4759.5,4765.75,4758.0,4764.0,37203.0
2024-01-17 14:55:00,4763.75,4764.0,4758.75,4760.5,21362.0
2024-01-17 15:00:00,4760.5,4765.5,4758.25,4765.0,24369.0
2024-01-17 15:05:00,4764.75,4769.0,4763.5,4768.5,28512.0
2024-01-17 15:10:00,4768.25,4769.25,4764.5,4767.5,22644.0
2024-01-17 15:15:00,4767.25,4770.75,4763.25,4766.75,24244.0
2024-01-17 15:20:00,4766.5,4766.75,4760.75,4761.5,19429.0
2024-01-17 15:25:00,4761.5,4769.0,4761.25,4766.5,24911.0
2024-01-17 15:30:00,4766.5,4767.5,4763.0,4766.25,18419.0
2024-01-17 15:35:00,4766.25,4769.5,4762.75,4768.75,19085.0
2024-01-17 15:40:00,4768.5,4771.25,4767.5,4768.25,21349.0
2024-01-17 15:45:00,4768.25,4771.5,4766.25,4767.25,18375.0
2024-01-17 15:50:00,4767.5,4770.5,4766.5,4767.75,15282.0
2024-01-17 15:55:00,4768.0,4768.75,4765.0,4766.5,12987.0
2024-01-17 16:00:00,4766.5,4772.25,4766.5,4771.75,17256.0
2024-01-17 16:05:00,4772.0,4775.75,4771.75,4773.25,27812.0
2024-01-17 16:10:00,4773.25,4775.0,4772.25,4772.5,11243.0
2024-01-17 16:15:00,4772.5,4773.75,4770.25,4772.75,16313.0
2024-01-17 16:20:00,4772.5,4775.5,4772.0,4775.5,16546.0
2024-01-17 16:25:00,4775.5,4775.75,4773.25,4774.75,15155.0
2024-01-17 16:30:00,4774.75,4775.0,4771.75,4773.5,10327.0
2024-01-17 16:35:00,4773.5,4775.75,4773.5,4775.0,11269.0
2024-01-17 16:40:00,4775.25,4775.75,4773.5,4775.0,7933.0
2024-01-17 16:45:00,4774.75,4775.75,4773.25,4773.5,11074.0
2024-01-17 16:50:00,4773.5,4773.75,4769.25,4770.5,13748.0
2024-01-17 16:55:00,4770.5,4771.25,4769.25,4770.25,8260.0
2024-01-17 17:00:00,4770.25,4771.0,4767.0,4768.75,10179.0
2024-01-17 17:05:00,4768.75,4769.0,4766.25,4766.75,12381.0
2024-01-17 17:10:00,4766.5,4770.5,4765.0,4769.75,12584.0
2024-01-17 17:15:00,4769.5,4770.0,4766.25,4767.0,7509.0
2024-01-17 17:20:00,4767.0,4768.25,4763.5,4763.5,9954.0
2024-01-17 17:25:00,4763.75,4764.75,4762.0,4762.75,11629.0
2024-01-17 17:30:00,4763.0,4764.75,4762.0,4763.0,11121.0
2024-01-17 17:35:00,4763.0,4763.5,4761.25,4762.75,7997.0
2024-01-17 17:40:00,4762.75,4763.5,4759.25,4759.75,9474.0
2024-01-17 17:45:00,4759.75,4763.75,4759.0,4763.5,11715.0
2024-01-17 17:50:00,4763.25,4766.0,4762.25,4765.25,12274.0
2024-01-17 17:55:00,4765.0,4767.5,4764.0,4766.25,8712.0
2024-01-17 18:00:00,4766.0,4767.5,4764.25,4766.5,10210.0
2024-01-17 18:05:00,4766.5,4768.5,4764.0,4764.5,8096.0
2024-01-17 18:10:00,4764.5,4764.5,4759.5,4760.75,12131.0
2024-01-17 18:15:00,4761.0,4761.25,4757.25,4758.5,13122.0
2024-01-17 18:20:00,4758.75,4759.25,4753.75,4753.75,15115.0
2024-01-17 18:25:00,4753.75,4756.75,4752.25,4755.0,16213.0
2024-01-17 18:30:00,4755.0,4755.25,4750.75,4752.75,15556.0
2024-01-17 18:35:00,4752.75,4753.75,4750.25,4751.0,9260.0
2024-01-17 18:40:00,4751.0,4751.75,4748.5,4750.5,12483.0
2024-01-17 18:45:00,4750.25,4751.5,4747.0,4747.25,10865.0
2024-01-17 18:50:00,4747.0,4751.25,4746.25,4751.0,12962.0
2024-01-17 18:55:00,4751.0,4755.75,4751.0,4754.75,17605.0
2024-01-17 19:00:00,4754.75,4758.0,4753.75,4755.5,13799.0
2024-01-17 19:05:00,4755.5,4756.25,4753.25,4754.0,7907.0
2024-01-17 19:10:00,4754.0,4755.5,4753.5,4754.5,5414.0
2024-01-17 19:15:00,4754.5,4757.25,4753.0,4756.25,7702.0
2024-01-17 19:20:00,4756.25,4761.5,4755.75,4760.5,13963.0
2024-01-17 19:25:00,4760.5,4762.0,4758.5,4760.0,9872.0
2024-01-17 19:30:00,4759.75,4762.5,4759.0,4761.0,10057.0
2024-01-17 19:35:00,4761.0,4762.0,4759.75,4760.5,7223.0
2024-01-17 19:40:00,4760.5,4764.5,4760.25,4764.5,12586.0
2024-01-17 19:45:00,4764.5,4765.5,4762.5,4762.5,15406.0
2024-01-17 19:50:00,4762.75,4763.25,4761.75,4762.75,7347.0
2024-01-17 19:55:00,4762.75,4764.25,4762.0,4763.25,7043.0
2024-01-17 20:00:00,4763.5,4763.75,4758.5,4759.0,11509.0
2024-01-17 20:05:00,4759.25,4760.75,4758.25,4759.25,9191.0
2024-01-17 20:10:00,4759.25,4760.25,4756.5,4756.75,9188.0
2024-01-17 20:15:00,4756.75,4759.5,4755.0,4759.25,10851.0
2024-01-17 20:20:00,4759.25,4760.0,4755.75,4756.75,8391.0
2024-01-17 20:25:00,4756.75,4757.5,4754.5,4757.25,9407.0
2024-01-17 20:30:00,4757.25,4760.0,4756.25,4759.5,10348.0
2024-01-17 20:35:00,4759.5,4765.5,4759.25,4764.5,14825.0
2024-01-17 20:40:00,4764.5,4766.5,4763.5,4763.75,14772.0
2024-01-17 20:45:00,4763.75,4767.25,4763.5,4766.75,12502.0
2024-01-17 20:50:00,4767.0,4772.5,4765.25,4772.25,33151.0
2024-01-17 20:55:00,4772.25,4774.25,4770.75,4773.0,31095.0
2024-01-17 21:00:00,4773.0,4773.5,4769.25,4770.0,68836.0
2024-01-17 21:05:00,4770.25,4770.75,4768.75,4769.25,7206.0
2024-01-17 21:10:00,4769.25,4769.25,4768.5,4769.0,4017.0
2024-01-17 21:15:00,4769.25,4769.75,4768.5,4769.5,2765.0
2024-01-17 21:20:00,4769.5,4769.75,4769.0,4769.75,1588.0
2024-01-17 21:25:00,4769.75,4770.0,4769.5,4769.75,1187.0
2024-01-17 21:30:00,4769.5,4769.5,4768.75,4769.5,896.0
2024-01-17 21:35:00,4769.5,4770.0,4769.5,4770.0,1030.0
2024-01-17 21:40:00,4769.75,4770.0,4769.25,4769.75,1792.0
2024-01-17 21:45:00,4769.75,4769.75,4769.0,4769.25,767.0
2024-01-17 21:50:00,4769.25,4769.5,4768.75,4769.5,574.0
2024-01-17 21:55:00,4769.25,4770.0,4769.25,4769.5,1134.0
2024-01-17 22:00:00,4769.75,4769.75,4769.25,4769.25,387.0
2024-01-17 23:00:00,4768.0,4769.25,4767.25,4768.0,1116.0
2024-01-17 23:05:00,4767.75,4768.5,4765.75,4766.0,1135.0
2024-01-17 23:10:00,4765.75,4766.75,4765.0,4766.75,943.0
2024-01-17 23:15:00,4766.75,4770.25,4766.5,4770.0,1240.0
2024-01-17 23:20:00,4770.0,4770.75,4769.5,4770.25,905.0
2024-01-17 23:25:00,4770.0,4771.25,4769.75,4770.75,672.0
2024-01-17 23:30:00,4770.75,4770.75,4769.0,4769.25,587.0
2024-01-17 23:35:00,4769.25,4770.0,4768.5,4769.75,598.0
2024-01-17 23:40:00,4769.75,4770.5,4769.75,4770.0,155.0
2024-01-17 23:45:00,4770.25,4770.75,4770.0,4770.0,333.0
2024-01-17 23:50:00,4769.75,4770.0,4769.25,4769.75,168.0
2024-01-17 23:55:00,4770.0,4770.25,4769.25,4769.75,399.0
2024-01-18 00:00:00,4769.75,4770.0,4768.25,4769.25,707.0
2024-01-18 00:05:00,4769.25,4769.5,4767.25,4768.0,655.0
2024-01-18 00:10:00,4768.25,4769.75,4767.75,4769.5,336.0
2024-01-18 00:15:00,4769.5,4770.75,4769.5,4769.75,870.0
2024-01-18 00:20:00,4769.75,4769.75,4768.75,4769.25,363.0
2024-01-18 00:25:00,4769.25,4769.25,4768.25,4768.5,364.0
2024-01-18 00:30:00,4768.25,4770.0,4768.0,4769.75,521.0
2024-01-18 00:35:00,4769.75,4770.0,4769.0,4769.5,336.0
2024-01-18 00:40:00,4769.25,4770.75,4769.25,4770.5,501.0
2024-01-18 00:45:00,4770.5,4771.25,4770.0,4771.25,829.0
2024-01-18 00:50:00,4771.25,4771.25,4770.0,4770.5,647.0
2024-01-18 00:55:00,4770.75,4771.0,4770.5,4771.0,354.0
2024-01-18 01:00:00,4770.75,4771.5,4769.75,4769.75,1010.0
2024-01-18 01:05:00,4769.75,4771.25,4769.5,4771.25,822.0
2024-01-18 01:10:00,4771.0,4771.75,4770.75,4771.5,1224.0
2024-01-18 01:15:00,4771.5,4771.5,4770.25,4770.25,588.0
2024-01-18 01:20:00,4770.25,4770.25,4769.25,4769.5,523.0
2024-01-18 01:25:00,4769.75,4770.0,4769.25,4769.75,322.0
2024-01-18 01:30:00,4770.0,4770.25,4768.5,4768.5,652.0
2024-01-18 01:35:00,4768.75,4769.25,4768.0,4768.25,643.0
2024-01-18 01:40:00,4768.0,4768.5,4767.5,4768.25,565.0
2024-01-18 01:45:00,4768.5,4768.5,4767.0,4768.5,573.0
2024-01-18 01:50:00,4768.5,4769.25,4768.0,4769.25,400.0
2024-01-18 01:55:00,4769.5,4770.5,4769.25,4770.0,573.0
2024-01-18 02:00:00,4770.0,4770.5,4769.75,4770.25,352.0
2024-01-18 02:05:00,4770.25,4770.75,4770.0,4770.25,281.0
2024-01-18 02:10:00,4770.5,4770.5,4770.0,4770.25,168.0
2024-01-18 02:15:00,4770.25,4771.5,4770.25,4771.0,341.0
2024-01-18 02:20:00,4771.0,4771.5,4770.25,4770.5,435.0
2024-01-18 02:25:00,4770.5,4771.0,4769.75,4770.5,477.0
2024-01-18 02:30:00,4770.5,4770.75,4769.75,4770.0,397.0
2024-01-18 02:35:00,4770.25,4770.5,4769.75,4769.75,334.0
2024-01-18 02:40:00,4769.75,4770.0,4769.0,4769.25,235.0
2024-01-18 02:45:00,4769.25,4769.5,4768.75,4769.5,200.0
2024-01-18 02:50:00,4769.25,4769.5,4769.0,4769.25,116.0
2024-01-18 02:55:00,4769.0,4769.5,4767.5,4768.0,568.0
2024-01-18 03:00:00,4768.25,4769.75,4768.0,4768.5,658.0
2024-01-18 03:05:00,4768.75,4769.25,4767.75,4768.75,347.0
2024-01-18 03:10:00,4768.75,4768.75,4767.5,4767.75,734.0
2024-01-18 03:15:00,4768.0,4769.5,4767.5,4768.5,568.0
2024-01-18 03:20:00,4768.5,4769.75,4768.5,4769.5,614.0
2024-01-18 03:25:00,4769.25,4769.25,4768.5,4769.0,379.0
2024-01-18 03:30:00,4769.25,4769.5,4768.5,4769.25,169.0
2024-01-18 03:35:00,4769.0,4769.5,4768.75,4769.5,252.0
2024-01-18 03:40:00,4769.75,4770.25,4769.25,4769.25,310.0
2024-01-18 03:45:00,4769.25,4769.5,4769.0,4769.25,165.0
2024-01-18 03:50:00,4769.25,4769.25,4766.5,4766.75,665.0
2024-01-18 03:55:00,4766.75,4767.5,4766.0,4766.5,667.0
2024-01-18 04:00:00,4766.5,4766.75,4766.0,4766.0,368.0
2024-01-18 04:05:00,4766.0,4767.0,4765.75,4765.75,594.0
2024-01-18 04:10:00,4765.75,4766.25,4765.25,4765.5,514.0
2024-01-18 04:15:00,4765.5,4766.0,4765.0,4766.0,399.0
2024-01-18 04:20:00,4766.25,4766.25,4765.5,4765.75,268.0
2024-01-18 04:25:00,4765.75,4766.0,4765.75,4765.75,234.0
2024-01-18 04:30:00,4765.75,4766.75,4765.75,4766.0,348.0
2024-01-18 04:35:00,4766.0,4766.25,4765.25,4765.5,256.0
2024-01-18 04:40:00,4765.25,4765.5,4764.25,4764.25,550.0
2024-01-18 04:45:00,4764.25,4764.5,4763.5,4764.25,951.0
2024-01-18 04:50:00,4764.25,4765.5,4764.25,4765.5,482.0
2024-01-18 04:55:00,4765.25,4765.75,4765.0,4765.5,301.0
2024-01-18 05:00:00,4765.75,4766.75,4765.75,4765.75,375.0
2024-01-18 05:05:00,4766.0,4766.25,4765.0,4765.5,306.0
2024-01-18 05:10:00,4765.5,4766.25,4765.25,4766.0,221.0
2024-01-18 05:15:00,4766.0,4766.5,4765.75,4766.25,219.0
2024-01-18 05:20:00,4766.25,4767.0,4766.0,4766.75,211.0
2024-01-18 05:25:00,4766.75,4766.75,4766.0,4766.5,249.0
2024-01-18 05:30:00,4766.5,4767.0,4765.25,4765.5,674.0
2024-01-18 05:35:00,4765.25,4767.75,4765.25,4767.5,570.0
2024-01-18 05:40:00,4767.5,4768.5,4767.5,4768.0,551.0
2024-01-18 05:45:00,4768.25,4768.25,4767.25,4767.25,241.0
2024-01-18 05:50:00,4767.25,4768.0,4767.0,4768.0,271.0
2024-01-18 05:55:00,4768.0,4769.75,4768.0,4769.75,597.0
2024-01-18 06:00:00,4769.5,4770.25,4768.75,4769.25,724.0
2024-01-18 06:05:00,4769.25,4771.0,4769.0,4770.75,753.0
2024-01-18 06:10:00,4770.75,4771.75,4770.5,4771.0,1440.0
2024-01-18 06:15:00,4771.25,4771.75,4771.0,4771.25,387.0
2024-01-18 06:20:00,4771.5,4771.5,4770.5,4771.5,427.0
2024-01-18 06:25:00,4771.5,4772.75,4771.25,4771.5,1919.0
2024-01-18 06:30:00,4771.5,4771.5,4769.5,4770.75,859.0
2024-01-18 06:35:00,4771.0,4772.5,4771.0,4772.5,1174.0
2024-01-18 06:40:00,4772.25,4772.75,4771.25,4771.25,1117.0
2024-01-18 06:45:00,4771.25,4772.25,4771.25,4772.0,592.0
2024-01-18 06:50:00,4772.0,4772.5,4772.0,4772.25,449.0
2024-01-18 06:55:00,4772.5,4772.5,4771.75,4772.0,852.0
2024-01-18 07:00:00,4772.0,4772.5,4771.5,4772.25,1118.0
2024-01-18 07:05:00,4772.25,4773.0,4771.75,4772.75,1731.0
2024-01-18 07:10:00,4772.5,4772.75,4771.25,4771.25,666.0
2024-01-18 07:15:00,4771.25,4771.75,4770.25,4770.75,751.0
2024-01-18 07:20:00,4770.5,4772.25,4770.5,4772.0,537.0
2024-01-18 07:25:00,4772.0,4772.25,4770.5,4770.5,778.0
2024-01-18 07:30:00,4770.5,4771.25,4769.75,4770.0,563.0
2024-01-18 07:35:00,4770.0,4770.25,4768.5,4768.75,666.0
2024-01-18 07:40:00,4768.75,4768.75,4767.75,4768.25,782.0
2024-01-18 07:45:00,4768.25,4770.0,4767.75,4769.75,973.0
2024-01-18 07:50:00,4770.0,4772.0,4770.0,4771.5,1391.0
2024-01-18 07:55:00,4771.5,4772.5,4770.5,4772.5,749.0
2024-01-18 08:00:00,4772.25,4772.75,4771.5,4772.0,3209.0
2024-01-18 08:05:00,4772.25,4773.0,4770.75,4772.75,2258.0
2024-01-18 08:10:00,4772.75,4773.0,4770.25,4773.0,3041.0
2024-01-18 08:15:00,4773.0,4774.75,4771.75,4774.0,5123.0
2024-01-18 08:20:00,4774.0,4774.5,4772.0,4773.25,4913.0
2024-01-18 08:25:00,4773.25,4774.75,4772.5,4773.25,2551.0
2024-01-18 08:30:00,4773.0,4774.5,4771.75,4771.75,1821.0
2024-01-18 08:35:00,4771.75,4772.5,4770.0,4771.0,1622.0
2024-01-18 08:40:00,4771.0,4772.5,4770.25,4772.5,1185.0
2024-01-18 08:45:00,4772.5,4773.5,4772.0,4773.0,1114.0
2024-01-18 08:50:00,4773.0,4773.0,4771.5,4771.5,802.0
2024-01-18 08:55:00,4771.75,4772.75,4771.0,4772.5,850.0
2024-01-18 09:00:00,4772.25,4774.25,4772.0,4773.75,2007.0
2024-01-18 09:05:00,4773.75,4774.0,4771.75,4773.75,1912.0
2024-01-18 09:10:00,4773.75,4776.25,4773.5,4774.25,2829.0
2024-01-18 09:15:00,4774.5,4774.75,4772.5,4773.5,1977.0
2024-01-18 09:20:00,4773.75,4775.25,4773.0,4774.75,1342.0
2024-01-18 09:25:00,4774.5,4775.5,4774.5,4775.0,2050.0
2024-01-18 09:30:00,4775.0,4776.0,4774.25,4775.0,1592.0
2024-01-18 09:35:00,4774.75,4776.0,4773.75,4775.5,1449.0
2024-01-18 09:40:00,4775.5,4777.75,4774.0,4774.25,3522.0
2024-01-18 09:45:00,4774.25,4775.0,4773.75,4774.75,1352.0
2024-01-18 09:50:00,4774.75,4775.0,4774.0,4774.25,1253.0
2024-01-18 09:55:00,4774.5,4774.75,4772.75,4774.5,1353.0
2024-01-18 10:00:00,4774.5,4774.75,4773.75,4774.25,1063.0
2024-01-18 10:05:00,4774.25,4774.5,4773.5,4774.0,1304.0
2024-01-18 10:10:00,4774.25,4774.25,4771.5,4772.75,2102.0
2024-01-18 10:15:00,4772.5,4773.75,4772.5,4773.5,616.0
2024-01-18 10:20:00,4773.25,4774.5,4772.25,4773.0,1148.0
2024-01-18 10:25:00,4772.75,4773.5,4772.75,4773.5,459.0
2024-01-18 10:30:00,4773.5,4774.0,4773.25,4774.0,625.0
2024-01-18 10:35:00,4774.0,4774.25,4772.75,4774.25,857.0
2024-01-18 10:40:00,4774.25,4774.75,4773.75,4774.75,686.0
2024-01-18 10:45:00,4774.5,4774.75,4773.5,4774.0,1305.0
2024-01-18 10:50:00,4774.0,4777.75,4774.0,4777.75,2374.0
2024-01-18 10:55:00,4777.75,4779.75,4777.5,4779.5,2083.0
2024-01-18 11:00:00,4779.5,4782.5,4779.25,4782.0,3755.0
2024-01-18 11:05:00,4782.0,4783.0,4782.0,4783.0,2120.0
2024-01-18 11:10:00,4783.0,4785.5,4782.5,4784.75,3078.0
2024-01-18 11:15:00,4784.75,4784.75,4783.0,4783.0,1912.0
2024-01-18 11:20:00,4783.25,4785.5,4783.0,4784.25,1672.0
2024-01-18 11:25:00,4784.5,4785.5,4783.75,4784.5,1592.0
2024-01-18 11:30:00,4784.75,4786.0,4784.5,4784.5,1655.0
2024-01-18 11:35:00,4784.5,4786.5,4784.0,4785.0,1416.0
2024-01-18 11:40:00,4785.25,4787.0,4784.0,4787.0,2977.0
2024-01-18 11:45:00,4786.75,4788.5,4786.5,4787.0,3099.0
2024-01-18 11:50:00,4787.25,4788.0,4786.5,4786.75,1634.0
2024-01-18 11:55:00,4786.75,4787.75,4786.25,4787.75,991.0
2024-01-18 12:00:00,4787.75,4791.0,4787.5,4788.5,5279.0
2024-01-18 12:05:00,4788.5,4791.5,4788.25,4790.0,2332.0
2024-01-18 12:10:00,4790.0,4791.25,4788.75,4790.25,1674.0
2024-01-18 12:15:00,4790.5,4790.5,4788.5,4790.0,1614.0
2024-01-18 12:20:00,4790.25,4791.5,4789.75,4791.25,1558.0
2024-01-18 12:25:00,4791.5,4792.5,4790.25,4790.5,2027.0
2024-01-18 12:30:00,4790.75,4791.75,4790.0,4790.5,2430.0
2024-01-18 12:35:00,4790.25,4793.0,4790.0,4792.5,2129.0
2024-01-18 12:40:00,4792.5,4793.0,4790.25,4791.25,2847.0
2024-01-18 12:45:00,4791.25,4793.0,4790.25,4791.0,2629.0
2024-01-18 12:50:00,4790.75,4791.75,4790.25,4790.75,2124.0
2024-01-18 12:55:00,4791.0,4791.5,4789.0,4789.25,1833.0
2024-01-18 13:00:00,4789.25,4790.5,4788.25,4790.5,3382.0
2024-01-18 13:05:00,4790.5,4791.5,4790.0,4790.5,1734.0
2024-01-18 13:10:00,4790.5,4791.5,4790.0,4790.75,1582.0
2024-01-18 13:15:00,4790.5,4792.5,4790.5,4791.75,2005.0
2024-01-18 13:20:00,4791.75,4792.75,4791.75,4792.0,1792.0
2024-01-18 13:25:00,4792.25,4792.75,4790.75,4792.75,1956.0
2024-01-18 13:30:00,4792.5,4793.0,4787.75,4789.75,11423.0
2024-01-18 13:35:00,4789.75,4797.5,4789.5,4792.0,10857.0
2024-01-18 13:40:00,4792.0,4793.0,4785.0,4786.75,7967.0
2024-01-18 13:45:00,4786.75,4787.0,4784.0,4785.0,6513.0
2024-01-18 13:50:00,4785.0,4787.5,4784.75,4786.75,4125.0
2024-01-18 13:55:00,4786.75,4787.75,4782.75,4783.0,4925.0
2024-01-18 14:00:00,4783.0,4786.75,4782.5,4785.0,4351.0
2024-01-18 14:05:00,4785.0,4787.75,4784.75,4786.75,3777.0
2024-01-18 14:10:00,4786.75,4792.5,4786.5,4791.5,6739.0
2024-01-18 14:15:00,4791.5,4792.0,4789.0,4790.0,4488.0
2024-01-18 14:20:00,4790.25,4791.5,4784.5,4786.5,7996.0
2024-01-18 14:25:00,4786.5,4787.75,4784.75,4785.0,5867.0
2024-01-18 14:30:00,4785.0,4790.25,4783.5,4788.0,37198.0
2024-01-18 14:35:00,4788.0,4790.5,4783.0,4784.5,25826.0
2024-01-18 14:40:00,4784.75,4790.75,4783.75,4784.25,25911.0
2024-01-18 14:45:00,4784.5,4786.25,4780.5,4784.5,31585.0
2024-01-18 14:50:00,4784.5,4784.75,4779.75,4781.25,20754.0
2024-01-18 14:55:00,4781.25,4784.25,4779.75,4784.25,19381.0
2024-01-18 15:00:00,4784.25,4787.0,4779.75,4781.25,24612.0
2024-01-18 15:05:00,4781.25,4785.0,4780.75,4782.75,18076.0
2024-01-18 15:10:00,4783.0,4788.0,4781.25,4786.5,18694.0
2024-01-18 15:15:00,4786.5,4789.5,4784.5,4787.75,20990.0
2024-01-18 15:20:00,4788.0,4788.0,4781.0,4784.75,23080.0
2024-01-18 15:25:00,4785.0,4789.5,4784.5,4788.0,13006.0
2024-01-18 15:30:00,4788.0,4790.25,4783.5,4786.5,23215.0
2024-01-18 15:35:00,4786.5,4794.25,4786.5,4792.0,23618.0
2024-01-18 15:40:00,4792.25,4793.75,4789.25,4792.0,17486.0
2024-01-18 15:45:00,4791.75,4793.25,4789.75,4792.25,15295.0
2024-01-18 15:50:00,4792.25,4795.0,4789.75,4793.25,16559.0
2024-01-18 15:55:00,4793.25,4793.25,4786.0,4787.5,15389.0
2024-01-18 16:00:00,4787.5,4789.25,4783.5,4784.75,25757.0
2024-01-18 16:05:00,4784.75,4785.75,4782.5,4785.5,18815.0
2024-01-18 16:10:00,4785.5,4788.75,4785.25,4788.75,12201.0
2024-01-18 16:15:00,4788.75,4791.75,4787.0,4790.25,11602.0
2024-01-18 16:20:00,4790.25,4793.0,4789.75,4792.0,12351.0
2024-01-18 16:25:00,4791.75,4793.75,4790.5,4792.75,11762.0
2024-01-18 16:30:00,4792.75,4795.25,4792.0,4794.75,16375.0
2024-01-18 16:35:00,4794.5,4796.25,4794.0,4796.0,11939.0
2024-01-18 16:40:00,4796.0,4796.0,4790.75,4791.0,12766.0
2024-01-18 16:45:00,4791.0,4792.5,4787.75,4788.75,16111.0
2024-01-18 16:50:00,4788.5,4794.0,4788.25,4792.75,15292.0
2024-01-18 16:55:00,4792.5,4793.0,4790.75,4792.0,6561.0
2024-01-18 17:00:00,4792.0,4792.0,4780.5,4782.25,36909.0
2024-01-18 17:05:00,4782.5,4783.0,4779.0,4780.0,29452.0
2024-01-18 17:10:00,4780.0,4782.25,4775.75,4778.75,27377.0
2024-01-18 17:15:00,4778.75,4784.75,4778.75,4781.75,15753.0
2024-01-18 17:20:00,4781.75,4782.0,4778.5,4781.0,11575.0
2024-01-18 17:25:00,4781.0,4782.5,4779.0,4780.5,9582.0
2024-01-18 17:30:00,4780.25,4782.0,4777.25,4778.75,11773.0
2024-01-18 17:35:00,4778.5,4779.0,4775.75,4778.75,14541.0
2024-01-18 17:40:00,4778.5,4781.0,4778.0,4780.5,9617.0
2024-01-18 17:45:00,4780.25,4782.5,4780.25,4782.25,6885.0
2024-01-18 17:50:00,4782.0,4782.5,4777.5,4777.75,8776.0
2024-01-18 17:55:00,4777.5,4779.25,4776.25,4777.75,8071.0
2024-01-18 18:00:00,4777.5,4778.0,4773.0,4774.5,16454.0
2024-01-18 18:05:00,4774.5,4775.25,4770.0,4773.25,21009.0
2024-01-18 18:10:00,4773.25,4775.5,4771.25,4774.0,13569.0
2024-01-18 18:15:00,4774.0,4775.75,4771.75,4771.75,11953.0
2024-01-18 18:20:00,4771.75,4775.25,4770.25,4774.5,12909.0
2024-01-18 18:25:00,4774.5,4775.75,4771.0,4774.0,12189.0
2024-01-18 18:30:00,4774.0,4778.5,4772.5,4778.0,10654.0
2024-01-18 18:35:00,4778.0,4782.0,4777.25,4781.75,12875.0
2024-01-18 18:40:00,4781.75,4784.5,4780.5,4783.5,12140.0
2024-01-18 18:45:00,4783.75,4785.75,4782.75,4785.25,11665.0
2024-01-18 18:50:00,4785.25,4787.25,4784.25,4786.0,10029.0
2024-01-18 18:55:00,4786.25,4787.0,4785.25,4787.0,8140.0
2024-01-18 19:00:00,4787.0,4790.0,4785.25,4789.0,11054.0
2024-01-18 19:05:00,4789.25,4791.5,4788.75,4791.0,9183.0
2024-01-18 19:10:00,4790.75,4794.0,4790.0,4792.75,14014.0
2024-01-18 19:15:00,4792.75,4796.5,4792.75,4793.0,16971.0
2024-01-18 19:20:00,4793.0,4798.25,4793.0,4798.25,14688.0
2024-01-18 19:25:00,4798.25,4803.5,4798.25,4802.5,28067.0
2024-01-18 19:30:00,4802.5,4805.75,4801.75,4803.0,21992.0
2024-01-18 19:35:00,4803.25,4805.25,4802.0,4803.25,10469.0
2024-01-18 19:40:00,4803.5,4804.0,4799.0,4799.75,16597.0
2024-01-18 19:45:00,4800.0,4800.5,4795.5,4799.75,20409.0
2024-01-18 19:50:00,4799.75,4805.25,4799.0,4803.5,15515.0
2024-01-18 19:55:00,4803.75,4805.0,4801.75,4804.25,11216.0
2024-01-18 20:00:00,4804.25,4805.0,4802.0,4804.75,9655.0
2024-01-18 20:05:00,4805.0,4806.0,4803.0,4805.5,8632.0
2024-01-18 20:10:00,4805.75,4809.0,4805.5,4807.5,13740.0
2024-01-18 20:15:00,4807.5,4809.0,4806.0,4806.75,8255.0
2024-01-18 20:20:00,4806.75,4809.75,4805.5,4808.25,9511.0
2024-01-18 20:25:00,4808.25,4810.5,4807.75,4809.0,11433.0
2024-01-18 20:30:00,4808.75,4811.5,4808.5,4810.25,14165.0
2024-01-18 20:35:00,4810.0,4811.0,4807.75,4809.0,11041.0
2024-01-18 20:40:00,4809.0,4810.5,4805.25,4809.75,17524.0
2024-01-18 20:45:00,4809.75,4812.25,4809.25,4811.0,13347.0
2024-01-18 20:50:00,4811.0,4817.0,4809.0,4813.75,33757.0
2024-01-18 20:55:00,4813.75,4814.0,4808.5,4813.0,34492.0
2024-01-18 21:00:00,4813.0,4813.5,4806.5,4807.75,74676.0
2024-01-18 21:05:00,4807.75,4808.25,4807.0,4808.0,7174.0
2024-01-18 21:10:00,4807.75,4809.25,4807.5,4809.0,6400.0
2024-01-18 21:15:00,4809.0,4811.5,4808.75,4810.75,3140.0
2024-01-18 21:20:00,4810.75,4813.25,4810.75,4812.0,2551.0
2024-01-18 21:25:00,4812.0,4812.5,4811.5,4812.5,1854.0
2024-01-18 21:30:00,4812.25,4812.75,4812.0,4812.25,826.0
2024-01-18 21:35:00,4812.25,4812.75,4811.75,4812.0,868.0
2024-01-18 21:40:00,4812.0,4812.25,4811.5,4811.75,946.0
2024-01-18 21:45:00,4811.75,4812.0,4810.75,4812.0,1040.0
2024-01-18 21:50:00,4811.75,4813.0,4811.25,4812.25,1832.0
2024-01-18 21:55:00,4812.25,4812.75,4810.75,4810.75,1208.0
2024-01-18 22:00:00,4810.75,4811.25,4810.5,4810.75,371.0
2024-01-18 23:00:00,4811.25,4811.25,4808.5,4808.75,1141.0
2024-01-18 23:05:00,4808.75,4810.5,4808.5,4810.25,1061.0
2024-01-18 23:10:00,4810.25,4811.25,4809.0,4810.75,798.0
2024-01-18 23:15:00,4810.75,4812.25,4810.25,4811.25,727.0
2024-01-18 23:20:00,4811.0,4812.0,4811.0,4811.5,539.0
2024-01-18 23:25:00,4811.5,4811.75,4810.75,4811.0,440.0
2024-01-18 23:30:00,4811.25,4811.25,4810.0,4811.0,794.0
2024-01-18 23:35:00,4810.75,4811.5,4810.5,4810.75,472.0
2024-01-18 23:40:00,4810.75,4812.0,4810.5,4811.75,588.0
2024-01-18 23:45:00,4811.5,4812.0,4810.0,4810.75,682.0
2024-01-18 23:50:00,4810.75,4812.25,4810.75,4811.75,453.0
2024-01-18 23:55:00,4812.0,4814.5,4811.75,4814.5,1341.0
2024-01-19 00:00:00,4814.25,4815.0,4813.25,4813.75,1202.0
2024-01-19 00:05:00,4813.75,4814.25,4812.5,4812.75,956.0
2024-01-19 00:10:00,4812.75,4813.0,4811.5,4812.0,711.0
2024-01-19 00:15:00,4812.0,4813.25,4811.5,4813.0,518.0
2024-01-19 00:20:00,4813.0,4814.75,4813.0,4813.75,882.0
2024-01-19 00:25:00,4813.75,4815.0,4813.75,4814.5,546.0
2024-01-19 00:30:00,4814.5,4815.25,4814.25,4814.25,698.0
2024-01-19 00:35:00,4814.25,4815.25,4814.0,4815.25,808.0
2024-01-19 00:40:00,4815.0,4815.0,4813.75,4813.75,598.0
2024-01-19 00:45:00,4814.0,4814.0,4812.75,4813.0,427.0
2024-01-19 00:50:00,4813.0,4813.0,4812.25,4812.5,638.0
2024-01-19 00:55:00,4812.25,4813.75,4812.25,4813.25,844.0
2024-01-19 01:00:00,4813.0,4814.75,4813.0,4814.5,919.0
2024-01-19 01:05:00,4814.25,4814.75,4812.25,4813.25,692.0
2024-01-19 01:10:00,4813.0,4814.25,4813.0,4814.25,511.0
2024-01-19 01:15:00,4814.25,4814.25,4812.0,4812.25,1018.0
2024-01-19 01:20:00,4812.0,4812.0,4810.0,4810.0,1502.0
2024-01-19 01:25:00,4810.25,4811.25,4809.25,4811.25,874.0
2024-01-19 01:30:00,4811.25,4812.0,4810.5,4811.5,869.0
2024-01-19 01:35:00,4811.5,4813.25,4811.25,4812.75,1112.0
2024-01-19 01:40:00,4813.0,4813.5,4812.75,4813.25,491.0
2024-01-19 01:45:00,4813.0,4813.25,4812.25,4812.5,351.0
2024-01-19 01:50:00,4812.75,4814.25,4812.5,4813.75,485.0
2024-01-19 01:55:00,4813.75,4814.5,4813.5,4814.5,428.0
2024-01-19 02:00:00,4814.5,4814.75,4813.75,4813.75,567.0
2024-01-19 02:05:00,4813.75,4814.25,4812.75,4813.25,659.0
2024-01-19 02:10:00,4813.25,4814.75,4813.0,4814.25,676.0
2024-01-19 02:15:00,4814.25,4814.25,4813.5,4814.0,301.0
2024-01-19 02:20:00,4813.75,4813.75,4812.5,4813.75,723.0
2024-01-19 02:25:00,4813.5,4814.5,4813.25,4814.0,305.0
2024-01-19 02:30:00,4813.75,4814.0,4813.0,4813.0,256.0
2024-01-19 02:35:00,4813.0,4814.25,4813.0,4813.5,562.0
2024-01-19 02:40:00,4813.5,4813.75,4812.5,4813.25,386.0
2024-01-19 02:45:00,4813.25,4815.75,4813.25,4815.5,1006.0
2024-01-19 02:50:00,4815.5,4816.25,4814.5,4814.5,863.0
2024-01-19 02:55:00,4814.75,4815.25,4814.25,4814.25,522.0
2024-01-19 03:00:00,4814.5,4816.25,4814.5,4816.25,531.0
2024-01-19 03:05:00,4816.0,4816.5,4815.0,4815.75,501.0
2024-01-19 03:10:00,4815.75,4816.0,4815.25,4815.75,278.0
2024-01-19 03:15:00,4815.75,4816.0,4815.25,4815.5,398.0
2024-01-19 03:20:00,4815.25,4815.75,4814.25,4814.5,393.0
2024-01-19 03:25:00,4814.5,4814.75,4814.25,4814.25,313.0
2024-01-19 03:30:00,4814.5,4815.0,4814.0,4815.0,613.0
2024-01-19 03:35:00,4815.0,4815.25,4814.75,4815.25,301.0
2024-01-19 03:40:00,4815.0,4815.5,4814.5,4815.25,348.0
2024-01-19 03:45:00,4815.25,4815.25,4814.25,4814.25,284.0
2024-01-19 03:50:00,4814.25,4815.5,4814.25,4815.0,476.0
2024-01-19 03:55:00,4815.0,4816.0,4815.0,4815.75,325.0
2024-01-19 04:00:00,4815.75,4816.0,4815.0,4815.0,310.0
2024-01-19 04:05:00,4815.0,4815.75,4815.0,4815.5,192.0
2024-01-19 04:10:00,4815.25,4815.25,4814.5,4814.75,264.0
2024-01-19 04:15:00,4814.75,4815.0,4814.5,4815.0,181.0
2024-01-19 04:20:00,4815.25,4815.75,4814.75,4815.5,306.0
2024-01-19 04:25:00,4815.5,4815.5,4814.5,4814.5,277.0
2024-01-19 04:30:00,4814.75,4815.0,4814.0,4814.25,316.0
2024-01-19 04:35:00,4814.25,4814.75,4814.0,4814.5,176.0
2024-01-19 04:40:00,4814.5,4815.25,4814.5,4814.75,621.0
2024-01-19 04:45:00,4815.0,4815.25,4814.5,4814.5,371.0
2024-01-19 04:50:00,4814.5,4814.75,4814.25,4814.5,249.0
2024-01-19 04:55:00,4814.5,4814.5,4814.0,4814.25,161.0
2024-01-19 05:00:00,4814.25,4815.75,4814.25,4815.5,294.0
2024-01-19 05:05:00,4815.25,4815.5,4814.25,4815.0,309.0
2024-01-19 05:10:00,4815.0,4815.25,4814.5,4815.25,190.0
2024-01-19 05:15:00,4815.25,4815.75,4815.0,4815.25,236.0
2024-01-19 05:20:00,4815.25,4815.25,4814.5,4815.0,149.0
2024-01-19 05:25:00,4815.25,4815.5,4815.0,4815.25,170.0
2024-01-19 05:30:00,4815.25,4815.75,4814.5,4814.5,359.0
2024-01-19 05:35:00,4814.5,4814.5,4812.75,4813.25,635.0
2024-01-19 05:40:00,4813.25,4813.25,4812.5,4813.25,440.0
2024-01-19 05:45:00,4813.25,4813.5,4812.75,4813.0,184.0
2024-01-19 05:50:00,4812.75,4813.25,4812.25,4812.25,356.0
2024-01-19 05:55:00,4812.25,4812.5,4811.5,4811.75,510.0
2024-01-19 06:00:00,4811.75,4812.5,4811.75,4812.25,513.0
2024-01-19 06:05:00,4812.25,4814.0,4812.25,4813.5,864.0
2024-01-19 06:10:00,4813.5,4813.75,4813.0,4813.75,553.0
2024-01-19 06:15:00,4813.75,4814.5,4813.75,4814.5,182.0
2024-01-19 06:20:00,4814.25,4814.75,4814.0,4814.75,292.0
2024-01-19 06:25:00,4814.75,4814.75,4813.75,4814.0,308.0
2024-01-19 06:30:00,4814.0,4814.0,4813.0,4813.25,296.0
2024-01-19 06:35:00,4813.25,4814.5,4813.25,4814.25,182.0
2024-01-19 06:40:00,4814.25,4815.75,4814.0,4814.25,1133.0
2024-01-19 06:45:00,4814.5,4815.0,4814.0,4814.75,915.0
2024-01-19 06:50:00,4814.5,4814.75,4814.25,4814.5,204.0
2024-01-19 06:55:00,4814.5,4814.75,4814.25,4814.75,172.0
2024-01-19 07:00:00,4814.75,4815.5,4813.5,4813.5,865.0
2024-01-19 07:05:00,4813.5,4815.5,4813.25,4815.25,649.0
2024-01-19 07:10:00,4815.25,4815.25,4813.5,4813.5,293.0
2024-01-19 07:15:00,4813.5,4818.0,4813.5,4817.75,1668.0
2024-01-19 07:20:00,4817.75,4821.25,4817.75,4818.75,3403.0
2024-01-19 07:25:00,4818.75,4819.0,4817.25,4818.5,1127.0
2024-01-19 07:30:00,4818.5,4820.5,4818.25,4820.0,1323.0
2024-01-19 07:35:00,4820.0,4821.25,4819.5,4821.0,1086.0
2024-01-19 07:40:00,4821.0,4821.75,4820.5,4821.75,886.0
2024-01-19 07:45:00,4821.75,4821.75,4819.5,4820.5,1392.0
2024-01-19 07:50:00,4820.5,4822.5,4820.5,4822.25,1033.0
2024-01-19 07:55:00,4822.25,4822.5,4821.0,4821.0,945.0
2024-01-19 08:00:00,4821.0,4822.0,4819.75,4820.25,2664.0
2024-01-19 08:05:00,4820.25,4821.0,4819.5,4819.75,1813.0
2024-01-19 08:10:00,4819.75,4820.25,4818.5,4819.5,2011.0
2024-01-19 08:15:00,4819.5,4821.75,4819.0,4819.75,1850.0
2024-01-19 08:20:00,4820.0,4821.0,4819.25,4820.75,1000.0
2024-01-19 08:25:00,4821.0,4822.0,4820.25,4821.0,1355.0
2024-01-19 08:30:00,4821.0,4821.0,4817.75,4818.25,1854.0
2024-01-19 08:35:00,4818.25,4820.25,4818.25,4820.0,1121.0
2024-01-19 08:40:00,4820.0,4820.25,4818.25,4819.75,1319.0
2024-01-19 08:45:00,4820.0,4820.5,4818.5,4820.5,913.0
2024-01-19 08:50:00,4820.5,4822.25,4820.5,4822.0,1131.0
2024-01-19 08:55:00,4822.0,4824.25,4821.25,4824.25,2300.0
2024-01-19 09:00:00,4824.25,4826.75,4823.75,4826.5,4013.0
2024-01-19 09:05:00,4826.25,4826.75,4824.5,4825.5,1616.0
2024-01-19 09:10:00,4825.75,4828.5,4825.5,4828.5,2697.0
2024-01-19 09:15:00,4828.25,4830.5,4828.0,4829.5,4331.0
2024-01-19 09:20:00,4829.5,4831.5,4829.0,4830.5,3167.0
2024-01-19 09:25:00,4830.5,4831.75,4830.5,4831.25,1864.0
2024-01-19 09:30:00,4831.0,4831.25,4827.5,4827.5,2079.0
2024-01-19 09:35:00,4827.5,4828.25,4825.5,4825.5,2414.0
2024-01-19 09:40:00,4825.5,4826.0,4824.0,4824.0,1467.0
2024-01-19 09:45:00,4824.25,4825.5,4823.75,4825.25,1271.0
2024-01-19 09:50:00,4825.25,4828.25,4825.25,4828.0,1698.0
2024-01-19 09:55:00,4828.0,4829.75,4827.75,4829.5,1829.0
2024-01-19 10:00:00,4829.25,4829.75,4828.0,4828.5,1331.0
2024-01-19 10:05:00,4828.75,4830.0,4828.5,4829.75,1078.0
2024-01-19 10:10:00,4830.0,4830.25,4828.75,4830.0,1111.0
2024-01-19 10:15:00,4829.75,4829.75,4826.75,4827.25,1501.0
2024-01-19 10:20:00,4827.5,4829.0,4827.25,4828.5,875.0
2024-01-19 10:25:00,4828.25,4828.5,4826.75,4827.75,886.0
2024-01-19 10:30:00,4827.5,4828.5,4827.0,4827.75,634.0
2024-01-19 10:35:00,4827.75,4830.5,4827.75,4829.5,1288.0
2024-01-19 10:40:00,4829.75,4830.75,4829.5,4830.0,834.0
2024-01-19 10:45:00,4830.0,4830.5,4829.25,4829.75,651.0
2024-01-19 10:50:00,4830.0,4831.75,4829.75,4830.75,1824.0
2024-01-19 10:55:00,4831.0,4832.5,4830.5,4831.5,1694.0
2024-01-19 11:00:00,4831.25,4831.75,4829.75,4831.75,1756.0
2024-01-19 11:05:00,4831.5,4832.0,4830.75,4831.25,1025.0
2024-01-19 11:10:00,4831.5,4833.25,4831.25,4832.5,2065.0
2024-01-19 11:15:00,4832.5,4832.75,4831.25,4831.5,1403.0
2024-01-19 11:20:00,4831.75,4833.0,4831.5,4832.75,823.0
2024-01-19 11:25:00,4833.0,4833.0,4831.5,4832.0,1158.0
2024-01-19 11:30:00,4832.25,4835.25,4831.75,4834.75,2785.0
2024-01-19 11:35:00,4835.0,4835.5,4834.5,4835.0,1818.0
2024-01-19 11:40:00,4835.0,4835.5,4834.5,4835.0,1724.0
2024-01-19 11:45:00,4835.0,4835.75,4834.75,4835.5,878.0
2024-01-19 11:50:00,4835.5,4835.75,4833.75,4834.25,1349.0
2024-01-19 11:55:00,4834.25,4835.25,4833.0,4834.5,2028.0
2024-01-19 12:00:00,4834.25,4835.0,4833.0,4834.25,2245.0
2024-01-19 12:05:00,4834.25,4835.0,4833.75,4833.75,1626.0
2024-01-19 12:10:00,4833.75,4834.0,4832.25,4833.0,1594.0
2024-01-19 12:15:00,4833.0,4833.5,4832.0,4832.0,1109.0
2024-01-19 12:20:00,4831.75,4832.5,4830.75,4831.5,1764.0
2024-01-19 12:25:00,4831.5,4832.25,4831.0,4831.25,1849.0
2024-01-19 12:30:00,4831.25,4832.0,4830.25,4831.5,1900.0
2024-01-19 12:35:00,4831.25,4832.25,4831.0,4831.5,1336.0
2024-01-19 12:40:00,4831.25,4832.25,4829.75,4830.0,1535.0
2024-01-19 12:45:00,4830.25,4830.75,4829.5,4830.25,1768.0
2024-01-19 12:50:00,4830.5,4833.25,4830.25,4833.25,1698.0
2024-01-19 12:55:00,4833.25,4836.0,4833.0,4835.75,3531.0
2024-01-19 13:00:00,4836.0,4838.5,4835.25,4838.0,3849.0
2024-01-19 13:05:00,4838.0,4839.5,4837.0,4839.25,3440.0
2024-01-19 13:10:00,4839.25,4841.25,4838.75,4840.75,5127.0
2024-01-19 13:15:00,4840.75,4841.25,4839.25,4840.75,2854.0
2024-01-19 13:20:00,4840.75,4841.0,4838.25,4839.25,4061.0
2024-01-19 13:25:00,4839.25,4839.25,4836.25,4837.5,3781.0
2024-01-19 13:30:00,4837.5,4838.5,4835.25,4837.25,4757.0
2024-01-19 13:35:00,4837.25,4837.5,4835.25,4836.5,3055.0
2024-01-19 13:40:00,4836.5,4836.75,4832.75,4833.0,4810.0
2024-01-19 13:45:00,4833.0,4834.75,4832.5,4833.5,3986.0
2024-01-19 13:50:00,4833.5,4833.75,4832.0,4832.25,3365.0
2024-01-19 13:55:00,4832.25,4833.25,4830.0,4831.75,4835.0
2024-01-19 14:00:00,4831.75,4832.0,4828.75,4829.25,4526.0
2024-01-19 14:05:00,4829.5,4832.25,4829.5,4832.0,5569.0
2024-01-19 14:10:00,4831.75,4831.75,4826.5,4827.75,6425.0
2024-01-19 14:15:00,4827.75,4828.5,4826.75,4827.25,4516.0
2024-01-19 14:20:00,4827.25,4828.5,4826.5,4828.5,4164.0
2024-01-19 14:25:00,4828.25,4829.25,4823.5,4823.75,14350.0
2024-01-19 14:30:00,4824.0,4825.5,4817.25,4820.25,66366.0
2024-01-19 14:35:00,4820.25,4821.25,4816.5,4817.75,32002.0
2024-01-19 14:40:00,4817.75,4818.75,4815.25,4816.75,28801.0
2024-01-19 14:45:00,4816.5,4819.0,4815.0,4818.5,23142.0
2024-01-19 14:50:00,4818.5,4822.25,4816.25,4822.0,23227.0
2024-01-19 14:55:00,4822.0,4823.75,4821.0,4822.5,18512.0
2024-01-19 15:00:00,4822.5,4829.75,4821.25,4824.75,40505.0
2024-01-19 15:05:00,4825.0,4827.5,4815.5,4817.25,33452.0
2024-01-19 15:10:00,4817.25,4821.0,4816.5,4817.75,23535.0
2024-01-19 15:15:00,4817.75,4824.5,4816.75,4823.5,19883.0
2024-01-19 15:20:00,4823.5,4826.25,4819.25,4819.75,22219.0
2024-01-19 15:25:00,4820.0,4824.75,4819.5,4824.0,16322.0
2024-01-19 15:30:00,4824.0,4825.75,4820.5,4820.75,17192.0
2024-01-19 15:35:00,4820.75,4825.75,4819.0,4823.75,17493.0
2024-01-19 15:40:00,4824.0,4827.5,4821.5,4826.5,14449.0
2024-01-19 15:45:00,4826.75,4828.5,4825.0,4827.25,14758.0
2024-01-19 15:50:00,4827.25,4827.75,4823.0,4827.25,13796.0
2024-01-19 15:55:00,4827.25,4832.0,4826.25,4828.25,19189.0
2024-01-19 16:00:00,4828.25,4831.25,4826.0,4830.0,13931.0
2024-01-19 16:05:00,4830.25,4833.0,4828.75,4832.5,15767.0
2024-01-19 16:10:00,4832.75,4839.25,4832.25,4834.75,29540.0
2024-01-19 16:15:00,4835.0,4837.5,4833.5,4835.0,21118.0
2024-01-19 16:20:00,4835.25,4836.0,4834.0,4834.75,12783.0
2024-01-19 16:25:00,4834.75,4837.25,4834.25,4834.5,15341.0
2024-01-19 16:30:00,4834.5,4835.0,4832.75,4834.0,13304.0
2024-01-19 16:35:00,4833.75,4834.0,4829.75,4829.75,16972.0
2024-01-19 16:40:00,4830.0,4831.25,4828.25,4830.5,14540.0
2024-01-19 16:45:00,4830.5,4831.25,4828.0,4828.75,11642.0
2024-01-19 16:50:00,4828.5,4832.5,4828.25,4832.5,12972.0
2024-01-19 16:55:00,4832.5,4835.5,4830.25,4834.5,15317.0
2024-01-19 17:00:00,4834.5,4836.5,4833.5,4833.5,12891.0
2024-01-19 17:05:00,4833.25,4835.25,4832.75,4833.5,8025.0
2024-01-19 17:10:00,4833.5,4834.0,4828.75,4833.25,20062.0
2024-01-19 17:15:00,4833.5,4836.0,4833.25,4833.75,9032.0
2024-01-19 17:20:00,4834.0,4837.75,4833.0,4837.25,8973.0
2024-01-19 17:25:00,4837.25,4841.0,4836.75,4839.0,17005.0
2024-01-19 17:30:00,4839.0,4847.25,4839.0,4842.0,26736.0
2024-01-19 17:35:00,4842.25,4846.75,4842.25,4844.0,19269.0
2024-01-19 17:40:00,4844.25,4844.25,4839.0,4842.5,23272.0
2024-01-19 17:45:00,4842.5,4844.0,4840.5,4843.0,9349.0
2024-01-19 17:50:00,4843.0,4845.25,4841.75,4844.75,8832.0
2024-01-19 17:55:00,4844.5,4847.5,4844.5,4847.0,12649.0
2024-01-19 18:00:00,4847.0,4848.75,4844.25,4844.25,16530.0
2024-01-19 18:05:00,4844.25,4849.5,4843.5,4849.25,12008.0
2024-01-19 18:10:00,4849.25,4852.0,4848.0,4852.0,14564.0
2024-01-19 18:15:00,4852.0,4855.5,4850.5,4853.0,21823.0
2024-01-19 18:20:00,4853.0,4856.75,4851.5,4855.5,12839.0
2024-01-19 18:25:00,4855.5,4856.0,4853.75,4856.0,9401.0
2024-01-19 18:30:00,4856.0,4858.25,4855.75,4857.75,12362.0
2024-01-19 18:35:00,4857.75,4860.25,4856.5,4858.25,13443.0
2024-01-19 18:40:00,4858.25,4860.75,4858.25,4860.75,11088.0
2024-01-19 18:45:00,4860.75,4861.5,4858.5,4858.5,10779.0
2024-01-19 18:50:00,4858.75,4860.5,4858.0,4858.75,9560.0
2024-01-19 18:55:00,4859.0,4863.75,4859.0,4863.5,11822.0
2024-01-19 19:00:00,4863.5,4864.25,4862.0,4863.75,12750.0
2024-01-19 19:05:00,4863.75,4866.0,4863.5,4865.25,14616.0
2024-01-19 19:10:00,4865.5,4869.5,4864.5,4869.25,14630.0
2024-01-19 19:15:00,4869.5,4870.25,4867.0,4867.75,16939.0
2024-01-19 19:20:00,4867.75,4868.5,4863.75,4867.75,16029.0
2024-01-19 19:25:00,4868.0,4872.25,4866.75,4872.0,12159.0
2024-01-19 19:30:00,4872.25,4874.25,4862.5,4864.75,34566.0
2024-01-19 19:35:00,4864.75,4865.25,4859.75,4864.25,22371.0
2024-01-19 19:40:00,4864.25,4868.5,4862.75,4865.25,18255.0
2024-01-19 19:45:00,4865.5,4868.25,4862.75,4867.25,12831.0
2024-01-19 19:50:00,4867.25,4868.0,4863.75,4865.5,10517.0
2024-01-19 19:55:00,4865.5,4869.0,4865.25,4869.0,7466.0
2024-01-19 20:00:00,4868.75,4871.75,4867.0,4870.75,15578.0
2024-01-19 20:05:00,4870.75,4872.25,4868.5,4870.5,15505.0
2024-01-19 20:10:00,4870.5,4871.0,4867.5,4869.25,10825.0
2024-01-19 20:15:00,4869.25,4870.75,4868.0,4869.0,9889.0
2024-01-19 20:20:00,4869.0,4869.75,4865.5,4866.75,11079.0
2024-01-19 20:25:00,4866.75,4869.5,4864.5,4868.5,11845.0
2024-01-19 20:30:00,4868.75,4869.0,4866.5,4868.75,13029.0
2024-01-19 20:35:00,4868.75,4870.75,4867.0,4868.0,11966.0
2024-01-19 20:40:00,4868.25,4868.75,4866.0,4867.0,12935.0
2024-01-19 20:45:00,4867.0,4869.0,4865.0,4866.75,16761.0
2024-01-19 20:50:00,4867.0,4869.5,4866.25,4867.75,18838.0
2024-01-19 20:55:00,4867.5,4871.5,4867.0,4867.75,34820.0
2024-01-19 21:00:00,4867.75,4873.75,4866.75,4873.5,87569.0
2024-01-19 21:05:00,4873.75,4874.0,4872.0,4872.5,11140.0
2024-01-19 21:10:00,4872.75,4873.25,4871.25,4871.75,6789.0
2024-01-19 21:15:00,4871.75,4871.75,4870.25,4870.5,4533.0
2024-01-19 21:20:00,4870.5,4871.5,4869.75,4871.5,3252.0
2024-01-19 21:25:00,4871.5,4873.0,4871.0,4872.5,1655.0
2024-01-19 21:30:00,4872.5,4873.25,4872.5,4873.25,1289.0
2024-01-19 21:35:00,4873.25,4874.25,4873.0,4873.75,1263.0
2024-01-19 21:40:00,4873.75,4874.0,4873.0,4873.75,2009.0
2024-01-19 21:45:00,4873.5,4873.75,4873.0,4873.25,1791.0
2024-01-19 21:50:00,4873.25,4873.25,4872.25,4873.0,14207.0
2024-01-19 21:55:00,4872.75,4873.75,4871.25,4871.25,12534.0
2024-01-19 22:00:00,4871.0,4871.5,4869.75,4869.75,7975.0
2024-01-21 23:00:00,4872.5,4879.25,4872.5,4878.25,2674.0
2024-01-21 23:05:00,4878.25,4879.0,4876.0,4876.25,1493.0
2024-01-21 23:10:00,4876.25,4877.0,4875.5,4876.5,809.0
2024-01-21 23:15:00,4876.5,4877.25,4876.0,4876.75,479.0
2024-01-21 23:20:00,4876.5,4876.75,4874.0,4874.25,1317.0
2024-01-21 23:25:00,4874.0,4875.25,4874.0,4874.5,687.0
2024-01-21 23:30:00,4874.25,4875.5,4874.0,4874.25,666.0
2024-01-21 23:35:00,4874.25,4875.0,4873.75,4875.0,556.0
2024-01-21 23:40:00,4875.0,4875.75,4874.5,4875.75,439.0
2024-01-21 23:45:00,4875.5,4876.5,4874.5,4875.0,897.0
2024-01-21 23:50:00,4875.0,4876.0,4875.0,4875.5,458.0
2024-01-21 23:55:00,4875.75,4875.75,4874.25,4874.25,617.0
2024-01-22 00:00:00,4874.25,4875.0,4873.5,4873.75,987.0
2024-01-22 00:05:00,4873.5,4875.5,4873.5,4875.5,481.0
2024-01-22 00:10:00,4875.5,4876.25,4875.5,4876.0,419.0
2024-01-22 00:15:00,4875.75,4876.25,4874.5,4876.0,625.0
2024-01-22 00:20:00,4876.0,4876.75,4876.0,4876.25,490.0
2024-01-22 00:25:00,4876.0,4876.75,4875.75,4876.0,622.0
2024-01-22 00:30:00,4876.0,4878.0,4875.75,4877.75,858.0
2024-01-22 00:35:00,4878.0,4878.75,4877.25,4878.25,1342.0
2024-01-22 00:40:00,4878.25,4881.75,4878.25,4881.0,2505.0
2024-01-22 00:45:00,4881.25,4881.25,4879.75,4881.0,920.0
2024-01-22 00:50:00,4881.0,4882.25,4880.75,4882.0,1382.0
2024-01-22 00:55:00,4882.25,4886.5,4882.0,4886.5,2702.0
2024-01-22 01:00:00,4886.75,4887.5,4885.25,4887.0,3324.0
2024-01-22 01:05:00,4886.75,4887.25,4886.0,4886.75,1307.0
2024-01-22 01:10:00,4887.0,4887.0,4884.5,4885.25,1809.0
2024-01-22 01:15:00,4885.0,4885.5,4882.75,4883.25,1582.0
2024-01-22 01:20:00,4883.0,4884.25,4882.25,4884.0,1505.0
2024-01-22 01:25:00,4883.75,4884.75,4883.5,4884.25,885.0
2024-01-22 01:30:00,4884.25,4885.25,4883.25,4884.5,992.0
2024-01-22 01:35:00,4884.25,4884.25,4882.5,4883.0,963.0
2024-01-22 01:40:00,4882.75,4883.0,4881.5,4882.75,1087.0
2024-01-22 01:45:00,4882.75,4884.0,4881.5,4884.0,884.0
2024-01-22 01:50:00,4883.75,4884.0,4881.75,4882.0,944.0
2024-01-22 01:55:00,4882.0,4883.25,4882.0,4883.0,652.0
2024-01-22 02:00:00,4883.0,4883.25,4881.5,4882.0,721.0
2024-01-22 02:05:00,4882.25,4883.0,4882.0,4882.5,458.0
2024-01-22 02:10:00,4882.5,4884.0,4882.0,4884.0,550.0
2024-01-22 02:15:00,4884.0,4885.0,4883.5,4885.0,660.0
2024-01-22 02:20:00,4884.75,4885.0,4883.25,4883.25,577.0
2024-01-22 02:25:00,4883.25,4883.5,4881.75,4881.75,698.0
2024-01-22 02:30:00,4881.75,4882.25,4880.25,4880.25,926.0
2024-01-22 02:35:00,4880.25,4881.0,4879.75,4881.0,524.0
2024-01-22 02:40:00,4880.75,4881.75,4880.75,4881.5,546.0
2024-01-22 02:45:00,4881.75,4883.0,4881.5,4882.75,372.0
2024-01-22 02:50:00,4882.75,4883.0,4882.0,4882.5,514.0
2024-01-22 02:55:00,4882.5,4882.5,4881.25,4881.5,421.0
2024-01-22 03:00:00,4881.75,4882.5,4881.5,4882.25,445.0
2024-01-22 03:05:00,4882.0,4882.25,4881.0,4881.0,639.0
2024-01-22 03:10:00,4881.25,4881.25,4880.25,4880.5,519.0
2024-01-22 03:15:00,4880.5,4881.5,4880.25,4881.25,490.0
2024-01-22 03:20:00,4881.25,4881.5,4880.25,4880.5,433.0
2024-01-22 03:25:00,4880.5,4881.75,4880.25,4881.5,339.0
2024-01-22 03:30:00,4881.5,4882.25,4881.25,4881.75,742.0
2024-01-22 03:35:00,4882.0,4882.5,4881.75,4882.25,234.0
2024-01-22 03:40:00,4882.25,4882.5,4881.5,4881.75,295.0
2024-01-22 03:45:00,4882.0,4883.25,4881.5,4882.25,406.0
2024-01-22 03:50:00,4882.25,4882.5,4881.0,4881.25,262.0
2024-01-22 03:55:00,4881.0,4881.25,4880.25,4880.75,695.0
2024-01-22 04:00:00,4881.0,4882.5,4881.0,4882.0,665.0
2024-01-22 04:05:00,4882.0,4883.25,4882.0,4883.25,561.0
2024-01-22 04:10:00,4883.25,4883.25,4882.25,4882.75,423.0
2024-01-22 04:15:00,4882.75,4883.5,4882.25,4882.25,473.0
2024-01-22 04:20:00,4882.25,4882.5,4881.75,4882.0,166.0
2024-01-22 04:25:00,4882.0,4882.5,4881.75,4882.0,191.0
2024-01-22 04:30:00,4882.0,4882.5,4881.75,4882.0,315.0
2024-01-22 04:35:00,4881.75,4882.5,4881.75,4882.0,478.0
2024-01-22 04:40:00,4882.0,4882.25,4881.5,4881.75,263.0
2024-01-22 04:45:00,4882.0,4882.25,4881.75,4882.0,130.0
2024-01-22 04:50:00,4882.0,4882.5,4881.75,4882.5,279.0
2024-01-22 04:55:00,4882.25,4882.5,4882.0,4882.0,168.0
2024-01-22 05:00:00,4882.25,4882.5,4881.5,4882.0,369.0
2024-01-22 05:05:00,4881.75,4882.0,4881.0,4882.0,394.0
2024-01-22 05:10:00,4882.0,4882.25,4881.75,4881.75,181.0
2024-01-22 05:15:00,4881.75,4882.0,4881.25,4881.25,301.0
2024-01-22 05:20:00,4881.5,4882.0,4881.25,4881.5,312.0
2024-01-22 05:25:00,4881.25,4881.75,4880.75,4881.5,348.0
2024-01-22 05:30:00,4881.25,4881.5,4880.0,4881.25,766.0
2024-01-22 05:35:00,4881.25,4882.0,4881.25,4881.25,337.0
2024-01-22 05:40:00,4881.25,4881.5,4880.75,4881.5,417.0
2024-01-22 05:45:00,4881.5,4881.5,4880.75,4881.25,252.0
2024-01-22 05:50:00,4881.0,4881.0,4879.5,4880.0,515.0
2024-01-22 05:55:00,4880.0,4880.0,4878.75,4879.25,676.0
2024-01-22 06:00:00,4879.25,4881.0,4879.0,4881.0,783.0
2024-01-22 06:05:00,4881.0,4881.5,4880.0,4880.75,883.0
2024-01-22 06:10:00,4880.75,4881.25,4880.5,4880.75,466.0
2024-01-22 06:15:00,4881.0,4882.0,4880.75,4881.0,534.0
2024-01-22 06:20:00,4881.25,4881.25,4879.5,4879.5,594.0
2024-01-22 06:25:00,4879.5,4879.75,4878.75,4879.25,1101.0
2024-01-22 06:30:00,4879.25,4880.0,4878.75,4879.75,570.0
2024-01-22 06:35:00,4879.75,4880.25,4879.25,4880.0,439.0
2024-01-22 06:40:00,4880.0,4880.0,4879.0,4879.25,393.0
2024-01-22 06:45:00,4879.25,4881.0,4879.25,4881.0,482.0
2024-01-22 06:50:00,4880.75,4881.0,4879.5,4879.5,586.0
2024-01-22 06:55:00,4879.5,4881.5,4879.5,4879.75,1125.0
2024-01-22 07:00:00,4880.0,4880.75,4877.75,4878.25,1069.0
2024-01-22 07:05:00,4878.25,4879.0,4877.75,4877.75,813.0
2024-01-22 07:10:00,4877.75,4880.25,4877.5,4880.25,947.0
2024-01-22 07:15:00,4880.25,4882.25,4880.25,4882.0,1429.0
2024-01-22 07:20:00,4881.75,4882.5,4881.0,4881.75,971.0
2024-01-22 07:25:00,4881.75,4882.25,4881.25,4882.0,740.0
2024-01-22 07:30:00,4882.0,4882.5,4881.25,4881.25,999.0
2024-01-22 07:35:00,4881.25,4882.25,4879.5,4880.5,1731.0
2024-01-22 07:40:00,4880.5,4882.25,4880.25,4881.75,1134.0
2024-01-22 07:45:00,4881.75,4882.5,4881.25,4882.0,974.0
2024-01-22 07:50:00,4882.0,4882.5,4880.75,4882.0,718.0
2024-01-22 07:55:00,4882.25,4882.5,4881.5,4882.0,722.0
2024-01-22 08:00:00,4882.0,4883.25,4881.0,4881.25,3139.0
2024-01-22 08:05:00,4881.25,4883.0,4879.75,4880.5,2265.0
2024-01-22 08:10:00,4880.25,4882.5,4879.25,4881.25,2035.0
2024-01-22 08:15:00,4881.5,4883.75,4880.75,4883.75,2123.0
2024-01-22 08:20:00,4883.5,4884.25,4882.5,4883.75,2072.0
2024-01-22 08:25:00,4883.75,4884.5,4882.25,4882.5,1582.0
2024-01-22 08:30:00,4882.5,4882.75,4880.75,4881.75,1921.0
2024-01-22 08:35:00,4881.5,4881.5,4880.25,4880.5,1350.0
2024-01-22 08:40:00,4880.75,4881.0,4879.75,4880.75,1702.0
2024-01-22 08:45:00,4880.75,4881.25,4879.0,4879.0,3140.0
2024-01-22 08:50:00,4879.25,4880.0,4878.75,4879.75,1085.0
2024-01-22 08:55:00,4879.75,4882.0,4879.25,4881.5,1317.0
2024-01-22 09:00:00,4881.5,4883.25,4881.0,4882.0,2628.0
2024-01-22 09:05:00,4882.0,4883.0,4881.25,4882.5,1651.0
2024-01-22 09:10:00,4882.75,4883.5,4880.5,4881.25,1304.0
2024-01-22 09:15:00,4881.25,4882.25,4880.75,4881.75,1386.0
2024-01-22 09:20:00,4881.75,4882.75,4881.25,4881.5,1163.0
2024-01-22 09:25:00,4881.5,4883.0,4881.25,4882.25,1071.0
2024-01-22 09:30:00,4882.25,4883.25,4881.75,4883.0,1180.0
2024-01-22 09:35:00,4883.25,4883.5,4882.5,4882.75,1569.0
2024-01-22 09:40:00,4882.75,4884.5,4882.0,4884.25,1465.0
2024-01-22 09:45:00,4884.25,4884.75,4882.75,4883.0,1282.0
2024-01-22 09:50:00,4882.75,4884.0,4882.5,4883.75,832.0
2024-01-22 09:55:00,4883.75,4885.0,4883.75,4884.25,1412.0
2024-01-22 10:00:00,4884.25,4884.75,4882.75,4883.0,1619.0
2024-01-22 10:05:00,4883.0,4884.25,4882.25,4883.75,1373.0
2024-01-22 10:10:00,4884.0,4886.25,4883.5,4886.0,1726.0
2024-01-22 10:15:00,4885.75,4886.5,4884.25,4884.5,1444.0
2024-01-22 10:20:00,4884.25,4885.0,4883.25,4883.5,646.0
2024-01-22 10:25:00,4883.5,4884.25,4883.25,4883.75,640.0
2024-01-22 10:30:00,4883.75,4884.75,4883.5,4884.0,1356.0
2024-01-22 10:35:00,4884.0,4884.5,4883.0,4883.5,1182.0
2024-01-22 10:40:00,4883.25,4883.75,4882.5,4883.25,1265.0
2024-01-22 10:45:00,4883.0,4884.5,4882.75,4884.5,736.0
2024-01-22 10:50:00,4884.5,4884.75,4883.5,4883.75,899.0
2024-01-22 10:55:00,4883.75,4884.0,4882.75,4883.75,1081.0
2024-01-22 11:00:00,4883.75,4884.0,4883.0,4883.5,751.0
2024-01-22 11:05:00,4883.5,4885.25,4883.25,4884.75,986.0
2024-01-22 11:10:00,4884.75,4885.0,4884.25,4885.0,806.0
2024-01-22 11:15:00,4885.0,4885.75,4884.5,4885.75,1962.0
2024-01-22 11:20:00,4885.75,4886.0,4884.75,4885.5,965.0
2024-01-22 11:25:00,4885.75,4885.75,4884.5,4885.0,751.0
2024-01-22 11:30:00,4885.0,4885.75,4885.0,4885.5,811.0
2024-01-22 11:35:00,4885.5,4887.25,4885.25,4887.0,1331.0
2024-01-22 11:40:00,4887.0,4887.75,4885.75,4886.25,1431.0
2024-01-22 11:45:00,4886.25,4887.25,4886.0,4886.25,1006.0
2024-01-22 11:50:00,4886.25,4886.5,4885.0,4885.75,1363.0
2024-01-22 11:55:00,4885.75,4886.25,4884.5,4884.5,1662.0
2024-01-22 12:00:00,4884.5,4885.5,4883.75,4885.25,1701.0
2024-01-22 12:05:00,4885.5,4887.25,4885.25,4886.25,1530.0
2024-01-22 12:10:00,4886.25,4887.25,4886.0,4887.25,1479.0
2024-01-22 12:15:00,4887.25,4887.75,4886.5,4886.5,1414.0
2024-01-22 12:20:00,4886.5,4887.5,4886.25,4887.0,1145.0
2024-01-22 12:25:00,4887.25,4889.75,4887.0,4888.0,3942.0
2024-01-22 12:30:00,4888.25,4890.5,4888.0,4890.25,2727.0
2024-01-22 12:35:00,4890.0,4890.0,4888.0,4888.25,1912.0
2024-01-22 12:40:00,4888.5,4889.5,4887.25,4888.75,1449.0
2024-01-22 12:45:00,4888.75,4889.25,4887.25,4889.0,2049.0
2024-01-22 12:50:00,4888.75,4889.5,4887.75,4889.25,1636.0
2024-01-22 12:55:00,4889.25,4890.5,4889.0,4889.75,2028.0
2024-01-22 13:00:00,4889.75,4890.25,4888.25,4889.0,1772.0
2024-01-22 13:05:00,4889.0,4889.5,4888.0,4889.0,1845.0
2024-01-22 13:10:00,4889.0,4889.0,4887.25,4888.0,2063.0
2024-01-22 13:15:00,4888.0,4888.75,4886.75,4887.0,2480.0
2024-01-22 13:20:00,4887.0,4889.0,4886.75,4888.5,2166.0
2024-01-22 13:25:00,4888.5,4889.5,4888.25,4889.25,2256.0
2024-01-22 13:30:00,4889.5,4890.0,4886.0,4886.25,4074.0
2024-01-22 13:35:00,4886.5,4887.25,4886.0,4887.0,2808.0
2024-01-22 13:40:00,4886.75,4887.0,4884.75,4884.75,2511.0
2024-01-22 13:45:00,4885.0,4885.25,4883.75,4883.75,2953.0
2024-01-22 13:50:00,4884.0,4886.0,4883.5,4885.75,3228.0
2024-01-22 13:55:00,4886.0,4886.75,4885.25,4886.0,3229.0
2024-01-22 14:00:00,4886.0,4886.25,4884.25,4884.25,2947.0
2024-01-22 14:05:00,4884.5,4885.0,4883.0,4884.25,3844.0
2024-01-22 14:10:00,4884.5,4884.75,4883.25,4884.25,3582.0
2024-01-22 14:15:00,4884.5,4885.5,4883.75,4884.25,2672.0
2024-01-22 14:20:00,4884.25,4887.75,4884.0,4886.75,4720.0
2024-01-22 14:25:00,4887.0,4887.5,4885.5,4885.5,5030.0
2024-01-22 14:30:00,4885.5,4893.0,4884.5,4892.5,35882.0
2024-01-22 14:35:00,4892.5,4895.25,4890.5,4892.0,31539.0
2024-01-22 14:40:00,4892.0,4895.0,4888.75,4890.25,28104.0
2024-01-22 14:45:00,4890.5,4895.0,4889.0,4894.25,27192.0
2024-01-22 14:50:00,4894.25,4898.0,4893.25,4897.0,23243.0
2024-01-22 14:55:00,4897.0,4898.0,4893.0,4894.25,21165.0
2024-01-22 15:00:00,4894.5,4898.25,4893.0,4894.0,32713.0
2024-01-22 15:05:00,4894.0,4895.25,4888.5,4893.25,33064.0
2024-01-22 15:10:00,4893.25,4896.5,4892.25,4894.75,14059.0
2024-01-22 15:15:00,4894.75,4896.75,4893.5,4893.75,14997.0
2024-01-22 15:20:00,4893.5,4894.5,4890.25,4890.75,20686.0
2024-01-22 15:25:00,4890.75,4895.25,4889.0,4889.5,21612.0
2024-01-22 15:30:00,4889.75,4891.0,4882.0,4889.0,32985.0
2024-01-22 15:35:00,4888.75,4888.75,4884.25,4887.75,19097.0
2024-01-22 15:40:00,4887.75,4889.0,4885.5,4888.25,13663.0
2024-01-22 15:45:00,4888.25,4888.75,4879.25,4881.0,27318.0
2024-01-22 15:50:00,4881.0,4885.5,4880.5,4884.25,17028.0
2024-01-22 15:55:00,4884.25,4885.5,4879.5,4881.25,19668.0
2024-01-22 16:00:00,4881.25,4883.0,4875.25,4878.0,21536.0
2024-01-22 16:05:00,4878.0,4883.25,4877.25,4880.75,14119.0
2024-01-22 16:10:00,4880.75,4884.25,4880.5,4883.75,12040.0
2024-01-22 16:15:00,4884.0,4885.5,4883.25,4884.75,12015.0
2024-01-22 16:20:00,4884.5,4886.5,4884.0,4885.0,9590.0
2024-01-22 16:25:00,4884.75,4887.25,4884.25,4886.25,7672.0
2024-01-22 16:30:00,4886.25,4887.25,4885.25,4886.0,7394.0
2024-01-22 16:35:00,4885.75,4887.5,4884.25,4885.0,9022.0
2024-01-22 16:40:00,4885.25,4886.0,4881.0,4883.5,12047.0
2024-01-22 16:45:00,4883.5,4884.25,4880.75,4883.75,8221.0
2024-01-22 16:50:00,4883.5,4884.75,4882.25,4884.25,5102.0
2024-01-22 16:55:00,4884.0,4888.0,4883.5,4887.25,9894.0
2024-01-22 17:00:00,4887.25,4887.5,4885.0,4886.0,6443.0
2024-01-22 17:05:00,4886.0,4886.5,4878.5,4881.75,12890.0
2024-01-22 17:10:00,4881.75,4882.5,4878.25,4881.5,9118.0
2024-01-22 17:15:00,4881.75,4883.25,4881.0,4882.5,6478.0
2024-01-22 17:20:00,4882.75,4886.0,4882.5,4885.75,7824.0
2024-01-22 17:25:00,4885.75,4885.75,4883.75,4885.0,5636.0
2024-01-22 17:30:00,4884.75,4886.25,4883.5,4883.5,5860.0
2024-01-22 17:35:00,4883.5,4884.5,4881.0,4882.75,8763.0
2024-01-22 17:40:00,4882.75,4884.75,4882.0,4882.5,4838.0
2024-01-22 17:45:00,4882.75,4884.75,4882.75,4883.0,4730.0
2024-01-22 17:50:00,4883.25,4885.25,4881.25,4884.5,5201.0
2024-01-22 17:55:00,4884.75,4884.75,4881.75,4882.75,6003.0
2024-01-22 18:00:00,4882.5,4883.5,4878.75,4881.0,7849.0
2024-01-22 18:05:00,4881.0,4883.25,4879.75,4880.5,6572.0
2024-01-22 18:10:00,4880.5,4883.25,4879.75,4882.25,4696.0
2024-01-22 18:15:00,4882.5,4883.75,4880.25,4880.5,5569.0
2024-01-22 18:20:00,4880.5,4882.25,4878.0,4880.0,9312.0
2024-01-22 18:25:00,4879.75,4880.25,4873.75,4875.0,10899.0
2024-01-22 18:30:00,4875.0,4877.0,4873.5,4877.0,11952.0
2024-01-22 18:35:00,4877.0,4880.25,4876.5,4880.0,8319.0
2024-01-22 18:40:00,4880.0,4880.75,4878.0,4879.75,7299.0
2024-01-22 18:45:00,4879.75,4883.0,4878.5,4882.5,7339.0
2024-01-22 18:50:00,4882.5,4884.25,4880.75,4883.75,7870.0
2024-01-22 18:55:00,4883.5,4885.75,4883.5,4885.0,7919.0
2024-01-22 19:00:00,4885.0,4886.0,4883.75,4885.5,6281.0
2024-01-22 19:05:00,4885.25,4886.0,4884.25,4885.0,3989.0
2024-01-22 19:10:00,4885.25,4885.75,4881.75,4882.75,8571.0
2024-01-22 19:15:00,4882.75,4883.0,4879.0,4880.0,7772.0
2024-01-22 19:20:00,4879.75,4880.25,4876.0,4877.75,11044.0
2024-01-22 19:25:00,4877.75,4881.5,4877.25,4881.0,7261.0
2024-01-22 19:30:00,4881.0,4883.5,4879.75,4880.5,11654.0
2024-01-22 19:35:00,4880.5,4882.5,4878.25,4882.0,7756.0
2024-01-22 19:40:00,4882.25,4882.75,4880.25,4881.0,4583.0
2024-01-22 19:45:00,4881.25,4882.5,4879.75,4880.25,4455.0
2024-01-22 19:50:00,4880.5,4882.5,4880.5,4881.5,4104.0
2024-01-22 19:55:00,4881.5,4882.25,4880.25,4882.0,4886.0
2024-01-22 20:00:00,4882.0,4882.75,4879.5,4879.75,6783.0
2024-01-22 20:05:00,4880.0,4881.5,4879.0,4880.75,7159.0
2024-01-22 20:10:00,4880.75,4884.25,4880.25,4883.25,8864.0
2024-01-22 20:15:00,4883.25,4884.25,4882.75,4883.75,6006.0
2024-01-22 20:20:00,4883.75,4884.75,4882.25,4884.25,5958.0
2024-01-22 20:25:00,4884.0,4887.5,4884.0,4887.5,9282.0
2024-01-22 20:30:00,4887.5,4888.0,4886.25,4886.75,10001.0
2024-01-22 20:35:00,4886.5,4887.75,4885.5,4885.5,7680.0
2024-01-22 20:40:00,4885.75,4886.75,4882.75,4883.75,9363.0
2024-01-22 20:45:00,4883.75,4884.25,4881.0,4882.0,10824.0
2024-01-22 20:50:00,4882.25,4885.0,4879.75,4882.0,22859.0
2024-01-22 20:55:00,4882.0,4883.5,4880.75,4882.0,21191.0
2024-01-22 21:00:00,4882.0,4882.5,4879.5,4879.75,60643.0
2024-01-22 21:05:00,4879.75,4880.75,4879.25,4880.0,9378.0
2024-01-22 21:10:00,4879.75,4880.25,4879.5,4879.75,3846.0
2024-01-22 21:15:00,4879.75,4880.5,4879.5,4880.5,2307.0
2024-01-22 21:20:00,4880.5,4880.75,4879.75,4880.5,2030.0
2024-01-22 21:25:00,4880.75,4880.75,4880.25,4880.75,910.0
2024-01-22 21:30:00,4880.75,4881.5,4880.5,4880.5,1687.0
2024-01-22 21:35:00,4880.75,4881.25,4880.5,4881.0,270.0
2024-01-22 21:40:00,4881.0,4881.5,4880.75,4881.25,867.0
2024-01-22 21:45:00,4881.0,4881.25,4880.5,4881.0,781.0
2024-01-22 21:50:00,4881.0,4881.25,4880.5,4881.0,302.0
2024-01-22 21:55:00,4881.0,4881.0,4880.5,4880.5,479.0
2024-01-22 22:00:00,4880.5,4880.75,4880.5,4880.75,266.0
2024-01-22 23:00:00,4881.75,4882.0,4879.0,4879.0,1024.0
2024-01-22 23:05:00,4879.25,4881.25,4879.0,4881.25,719.0
2024-01-22 23:10:00,4881.25,4881.5,4880.25,4880.25,401.0
2024-01-22 23:15:00,4880.5,4881.0,4880.25,4880.75,302.0
2024-01-22 23:20:00,4880.75,4881.0,4880.25,4880.25,227.0
2024-01-22 23:25:00,4880.25,4881.5,4880.25,4881.25,256.0
2024-01-22 23:30:00,4881.0,4882.0,4881.0,4881.75,332.0
2024-01-22 23:35:00,4882.0,4882.5,4881.75,4882.5,357.0
2024-01-22 23:40:00,4882.5,4882.75,4882.0,4882.75,433.0
2024-01-22 23:45:00,4882.75,4882.75,4882.0,4882.25,427.0
2024-01-22 23:50:00,4882.0,4882.25,4881.25,4882.0,520.0
2024-01-22 23:55:00,4881.75,4882.0,4881.5,4881.5,172.0
2024-01-23 00:00:00,4881.5,4882.75,4881.0,4882.0,800.0
2024-01-23 00:05:00,4882.0,4882.5,4882.0,4882.25,350.0
2024-01-23 00:10:00,4882.5,4883.0,4881.0,4881.5,760.0
2024-01-23 00:15:00,4881.5,4881.75,4880.25,4881.25,705.0
2024-01-23 00:20:00,4881.25,4881.75,4881.0,4881.25,309.0
2024-01-23 00:25:00,4881.25,4881.5,4880.5,4880.75,447.0
2024-01-23 00:30:00,4881.0,4881.75,4880.75,4881.25,402.0
2024-01-23 00:35:00,4881.25,4882.0,4881.0,4881.0,411.0
2024-01-23 00:40:00,4881.0,4881.25,4880.75,4881.25,197.0
2024-01-23 00:45:00,4881.5,4881.75,4881.25,4881.5,184.0
2024-01-23 00:50:00,4881.5,4882.5,4881.5,4882.25,309.0
2024-01-23 00:55:00,4882.25,4882.5,4881.75,4882.0,325.0
2024-01-23 01:00:00,4881.75,4882.0,4880.5,4880.75,612.0
2024-01-23 01:05:00,4880.75,4881.25,4880.75,4881.0,411.0
2024-01-23 01:10:00,4880.75,4881.0,4879.75,4879.75,480.0
2024-01-23 01:15:00,4880.0,4880.25,4879.25,4879.75,765.0
2024-01-23 01:20:00,4879.75,4881.25,4879.5,4881.0,512.0
2024-01-23 01:25:00,4880.75,4881.0,4880.25,4880.75,348.0
2024-01-23 01:30:00,4880.75,4881.0,4879.25,4880.25,1094.0
2024-01-23 01:35:00,4880.0,4880.75,4879.5,4879.5,617.0
2024-01-23 01:40:00,4879.5,4880.25,4879.25,4879.5,840.0
2024-01-23 01:45:00,4879.75,4879.75,4879.0,4879.5,619.0
2024-01-23 01:50:00,4879.5,4880.75,4879.5,4880.25,525.0
2024-01-23 01:55:00,4880.5,4884.75,4880.25,4882.75,4019.0
2024-01-23 02:00:00,4882.75,4883.75,4881.75,4883.5,1411.0
2024-01-23 02:05:00,4883.5,4884.5,4883.0,4883.5,1454.0
2024-01-23 02:10:00,4883.5,4884.25,4883.0,4883.25,789.0
2024-01-23 02:15:00,4883.25,4884.75,4883.25,4884.25,692.0
2024-01-23 02:20:00,4884.25,4885.0,4883.75,4884.25,687.0
2024-01-23 02:25:00,4884.25,4885.0,4883.75,4884.25,333.0
2024-01-23 02:30:00,4884.25,4885.0,4884.0,4884.25,425.0
2024-01-23 02:35:00,4884.25,4884.5,4883.75,4883.75,259.0
2024-01-23 02:40:00,4883.75,4883.75,4882.25,4883.25,623.0
2024-01-23 02:45:00,4883.25,4883.5,4882.25,4882.5,328.0
2024-01-23 02:50:00,4882.5,4883.0,4882.25,4882.5,382.0
2024-01-23 02:55:00,4882.5,4882.75,4881.25,4881.75,459.0
2024-01-23 03:00:00,4881.75,4882.0,4881.0,4881.5,335.0
2024-01-23 03:05:00,4881.75,4881.75,4881.25,4881.5,305.0
2024-01-23 03:10:00,4881.25,4882.25,4881.0,4881.25,847.0
2024-01-23 03:15:00,4881.0,4882.25,4880.25,4882.25,665.0
2024-01-23 03:20:00,4882.25,4883.5,4882.0,4883.25,606.0
2024-01-23 03:25:00,4883.25,4883.5,4882.75,4883.0,441.0
2024-01-23 03:30:00,4882.75,4883.25,4882.5,4882.75,193.0
2024-01-23 03:35:00,4883.0,4883.5,4882.5,4882.75,264.0
2024-01-23 03:40:00,4882.5,4882.75,4881.25,4882.0,675.0
2024-01-23 03:45:00,4882.0,4882.5,4881.5,4882.0,305.0
2024-01-23 03:50:00,4882.0,4882.25,4881.0,4881.25,537.0
2024-01-23 03:55:00,4881.25,4881.5,4880.0,4880.25,880.0
2024-01-23 04:00:00,4880.25,4882.0,4880.0,4882.0,410.0
2024-01-23 04:05:00,4882.0,4882.5,4881.75,4882.0,431.0
2024-01-23 04:10:00,4882.0,4882.75,4881.75,4882.5,199.0
2024-01-23 04:15:00,4882.5,4883.0,4881.75,4882.25,297.0
2024-01-23 04:20:00,4882.25,4883.25,4882.25,4882.75,321.0
2024-01-23 04:25:00,4882.75,4883.0,4882.25,4882.75,307.0
2024-01-23 04:30:00,4883.0,4883.0,4882.0,4882.0,225.0
2024-01-23 04:35:00,4882.0,4882.25,4881.5,4882.0,202.0
2024-01-23 04:40:00,4881.75,4882.25,4881.5,4882.25,142.0
2024-01-23 04:45:00,4882.0,4882.5,4882.0,4882.0,105.0
2024-01-23 04:50:00,4882.25,4882.5,4881.75,4882.0,136.0
2024-01-23 04:55:00,4881.75,4882.0,4881.5,4881.5,185.0
2024-01-23 05:00:00,4881.5,4882.5,4881.5,4882.5,279.0
2024-01-23 05:05:00,4882.5,4882.5,4881.75,4882.0,218.0
2024-01-23 05:10:00,4882.25,4882.5,4882.0,4882.25,184.0
2024-01-23 05:15:00,4882.25,4882.75,4881.75,4882.0,141.0
2024-01-23 05:20:00,4881.75,4882.5,4881.5,4882.5,177.0
2024-01-23 05:25:00,4882.5,4882.5,4881.25,4882.0,250.0
2024-01-23 05:30:00,4882.0,4882.0,4880.75,4881.5,361.0
2024-01-23 05:35:00,4881.5,4883.0,4881.5,4882.25,319.0
2024-01-23 05:40:00,4882.25,4882.25,4881.5,4881.5,195.0
2024-01-23 05:45:00,4881.5,4881.75,4881.0,4881.5,199.0
2024-01-23 05:50:00,4881.25,4881.5,4880.75,4881.25,312.0
2024-01-23 05:55:00,4881.25,4882.0,4881.25,4881.75,186.0
2024-01-23 06:00:00,4881.5,4882.0,4881.0,4882.0,531.0
2024-01-23 06:05:00,4882.25,4882.25,4881.25,4881.75,280.0
2024-01-23 06:10:00,4881.75,4882.25,4881.75,4882.0,261.0
2024-01-23 06:15:00,4882.0,4882.75,4881.75,4882.75,182.0
2024-01-23 06:20:00,4882.75,4882.75,4881.75,4882.0,267.0
2024-01-23 06:25:00,4882.25,4882.5,4881.75,4882.5,95.0
2024-01-23 06:30:00,4882.25,4882.5,4881.5,4882.25,355.0
2024-01-23 06:35:00,4882.25,4882.5,4881.5,4882.0,175.0
2024-01-23 06:40:00,4882.25,4882.5,4881.5,4882.0,274.0
2024-01-23 06:45:00,4881.75,4883.25,4881.75,4883.0,484.0
2024-01-23 06:50:00,4883.25,4883.5,4882.25,4882.5,204.0
2024-01-23 06:55:00,4882.5,4883.25,4882.0,4882.75,477.0
2024-01-23 07:00:00,4882.75,4884.5,4882.75,4884.0,856.0
2024-01-23 07:05:00,4884.25,4885.0,4884.0,4884.5,573.0
2024-01-23 07:10:00,4884.75,4885.0,4884.25,4884.5,477.0
2024-01-23 07:15:00,4884.5,4885.5,4884.5,4884.5,712.0
2024-01-23 07:20:00,4884.75,4885.0,4884.0,4884.25,422.0
2024-01-23 07:25:00,4884.5,4884.5,4883.75,4884.25,576.0
2024-01-23 07:30:00,4884.5,4884.75,4884.0,4884.25,384.0
2024-01-23 07:35:00,4884.0,4884.25,4883.0,4884.0,705.0
2024-01-23 07:40:00,4883.75,4884.75,4883.25,4883.25,380.0
2024-01-23 07:45:00,4883.5,4884.0,4883.0,4883.25,298.0
2024-01-23 07:50:00,4883.25,4884.25,4883.0,4883.75,469.0
2024-01-23 07:55:00,4884.0,4884.0,4883.25,4883.75,422.0
2024-01-23 08:00:00,4883.75,4885.5,4883.0,4884.25,1793.0
2024-01-23 08:05:00,4884.0,4885.75,4883.75,4884.25,2266.0
2024-01-23 08:10:00,4884.5,4884.75,4881.75,4881.75,2308.0
2024-01-23 08:15:00,4882.0,4882.25,4880.25,4880.25,2297.0
2024-01-23 08:20:00,4880.5,4881.0,4878.5,4879.0,3167.0
2024-01-23 08:25:00,4878.75,4879.75,4878.75,4879.0,2135.0
2024-01-23 08:30:00,4879.0,4880.5,4879.0,4880.0,1690.0
2024-01-23 08:35:00,4880.25,4880.5,4878.75,4879.0,1475.0
2024-01-23 08:40:00,4879.0,4879.5,4877.25,4879.25,3078.0
2024-01-23 08:45:00,4879.25,4879.5,4878.0,4878.5,1262.0
2024-01-23 08:50:00,4878.25,4879.0,4877.75,4877.75,1322.0
2024-01-23 08:55:00,4878.0,4878.75,4877.75,4878.25,1339.0
2024-01-23 09:00:00,4878.25,4880.25,4878.0,4879.75,1369.0
2024-01-23 09:05:00,4879.75,4879.75,4878.5,4878.75,1500.0
2024-01-23 09:10:00,4879.0,4881.25,4879.0,4881.0,1159.0
2024-01-23 09:15:00,4881.25,4881.75,4880.5,4881.5,748.0
2024-01-23 09:20:00,4881.5,4882.5,4881.25,4882.5,1126.0
2024-01-23 09:25:00,4882.5,4883.0,4881.25,4881.25,1180.0
2024-01-23 09:30:00,4881.0,4882.5,4880.75,4881.75,882.0
2024-01-23 09:35:00,4881.5,4882.5,4881.0,4881.5,721.0
2024-01-23 09:40:00,4881.75,4882.75,4881.5,4882.25,757.0
2024-01-23 09:45:00,4882.25,4883.0,4881.75,4882.5,901.0
2024-01-23 09:50:00,4882.25,4882.75,4881.5,4881.75,491.0
2024-01-23 09:55:00,4881.75,4882.5,4881.75,4882.0,622.0
2024-01-23 10:00:00,4882.0,4882.0,4880.5,4880.75,773.0
2024-01-23 10:05:00,4881.0,4881.0,4878.5,4879.0,970.0
2024-01-23 10:10:00,4879.0,4879.5,4878.25,4878.75,1391.0
2024-01-23 10:15:00,4878.75,4880.25,4878.5,4880.25,1114.0
2024-01-23 10:20:00,4880.0,4881.0,4879.75,4880.75,1026.0
2024-01-23 10:25:00,4880.75,4881.25,4880.25,4880.75,794.0
2024-01-23 10:30:00,4880.75,4881.5,4879.75,4880.25,1288.0
2024-01-23 10:35:00,4880.25,4880.25,4879.0,4879.75,1220.0
2024-01-23 10:40:00,4879.75,4881.75,4879.5,4880.25,956.0
2024-01-23 10:45:00,4880.5,4881.0,4880.0,4880.25,574.0
2024-01-23 10:50:00,4880.5,4881.0,4879.75,4880.25,592.0
2024-01-23 10:55:00,4880.5,4880.5,4879.25,4880.25,492.0
2024-01-23 11:00:00,4880.25,4881.0,4879.75,4880.75,900.0
2024-01-23 11:05:00,4881.0,4882.25,4881.0,4882.0,774.0
2024-01-23 11:10:00,4882.0,4882.5,4881.25,4881.75,742.0
2024-01-23 11:15:00,4882.0,4882.25,4881.25,4881.25,701.0
2024-01-23 11:20:00,4881.5,4881.5,4879.5,4879.5,1193.0
2024-01-23 11:25:00,4879.5,4880.25,4879.25,4880.0,1209.0
2024-01-23 11:30:00,4880.0,4880.25,4879.25,4879.75,2983.0
2024-01-23 11:35:00,4880.0,4881.5,4879.5,4881.25,1325.0
2024-01-23 11:40:00,4881.25,4881.75,4880.5,4881.0,803.0
2024-01-23 11:45:00,4880.75,4881.75,4880.5,4881.0,827.0
2024-01-23 11:50:00,4881.0,4881.75,4880.75,4881.5,921.0
2024-01-23 11:55:00,4881.5,4882.75,4881.25,4882.25,1514.0
2024-01-23 12:00:00,4882.5,4883.0,4881.75,4881.75,1116.0
2024-01-23 12:05:00,4882.0,4883.25,4882.0,4883.25,1187.0
2024-01-23 12:10:00,4883.25,4883.75,4882.75,4883.75,831.0
2024-01-23 12:15:00,4883.75,4883.75,4882.25,4882.5,926.0
2024-01-23 12:20:00,4882.75,4884.25,4882.75,4883.5,1091.0
2024-01-23 12:25:00,4883.75,4883.75,4882.75,4883.0,750.0
2024-01-23 12:30:00,4882.75,4883.5,4882.5,4882.75,1020.0
2024-01-23 12:35:00,4883.0,4883.75,4882.75,4883.5,756.0
2024-01-23 12:40:00,4883.5,4884.75,4883.0,4883.0,1841.0
2024-01-23 12:45:00,4883.0,4883.25,4882.0,4882.25,1034.0
2024-01-23 12:50:00,4882.25,4883.5,4882.0,4883.25,1074.0
2024-01-23 12:55:00,4883.5,4884.75,4883.25,4884.25,769.0
2024-01-23 13:00:00,4884.25,4886.5,4884.0,4886.0,2498.0
2024-01-23 13:05:00,4886.0,4886.5,4885.25,4885.5,1058.0
2024-01-23 13:10:00,4885.5,4885.75,4883.75,4884.0,1251.0
2024-01-23 13:15:00,4884.25,4886.0,4884.0,4884.75,1829.0
2024-01-23 13:20:00,4884.75,4887.25,4884.75,4887.0,2086.0
2024-01-23 13:25:00,4887.0,4888.0,4886.75,4887.75,2080.0
2024-01-23 13:30:00,4887.5,4889.0,4886.75,4887.75,2632.0
2024-01-23 13:35:00,4887.75,4890.5,4887.5,4890.25,2918.0
2024-01-23 13:40:00,4890.5,4891.75,4890.0,4891.25,2883.0
2024-01-23 13:45:00,4891.0,4891.5,4888.75,4889.75,4128.0
2024-01-23 13:50:00,4889.5,4890.25,4888.5,4889.25,2542.0
2024-01-23 13:55:00,4889.25,4889.5,4887.75,4888.0,2999.0
2024-01-23 14:00:00,4888.25,4888.5,4887.25,4887.5,2241.0
2024-01-23 14:05:00,4887.25,4887.75,4885.5,4886.0,3796.0
2024-01-23 14:10:00,4886.0,4886.5,4885.25,4886.25,2739.0
2024-01-23 14:15:00,4886.5,4887.25,4885.25,4885.5,2996.0
2024-01-23 14:20:00,4885.5,4886.0,4883.75,4884.5,3966.0
2024-01-23 14:25:00,4884.5,4886.5,4882.75,4886.5,5764.0
2024-01-23 14:30:00,4886.5,4889.25,4881.5,4883.25,35400.0
2024-01-23 14:35:00,4883.0,4887.25,4880.5,4886.25,25216.0
2024-01-23 14:40:00,4886.25,4886.75,4882.0,4884.5,19573.0
2024-01-23 14:45:00,4884.5,4884.75,4882.25,4883.25,14337.0
2024-01-23 14:50:00,4883.5,4885.75,4883.0,4884.5,12071.0
2024-01-23 14:55:00,4884.5,4886.25,4884.0,4885.25,10284.0
2024-01-23 15:00:00,4885.25,4887.0,4883.0,4884.25,12890.0
2024-01-23 15:05:00,4884.25,4886.25,4881.75,4885.0,12268.0
2024-01-23 15:10:00,4885.0,4887.5,4883.5,4885.25,11665.0
2024-01-23 15:15:00,4885.5,4887.5,4884.75,4885.0,12255.0
2024-01-23 15:20:00,4885.0,4886.75,4879.25,4881.0,17892.0
2024-01-23 15:25:00,4881.0,4884.75,4879.75,4883.25,17385.0
2024-01-23 15:30:00,4883.5,4884.5,4880.0,4880.0,11452.0
2024-01-23 15:35:00,4880.0,4882.25,4879.25,4881.5,14068.0
2024-01-23 15:40:00,4881.5,4882.5,4878.75,4879.25,11735.0
2024-01-23 15:45:00,4879.0,4879.75,4876.5,4879.0,21175.0
2024-01-23 15:50:00,4878.75,4879.5,4876.25,4876.75,15417.0
2024-01-23 15:55:00,4876.5,4879.25,4876.0,4877.75,13186.0
2024-01-23 16:00:00,4877.75,4879.75,4877.5,4879.5,10643.0
2024-01-23 16:05:00,4879.25,4881.5,4879.25,4880.25,11979.0
2024-01-23 16:10:00,4880.0,4882.25,4879.5,4880.0,9927.0
2024-01-23 16:15:00,4879.75,4880.0,4877.0,4877.25,16315.0
2024-01-23 16:20:00,4877.0,4878.25,4875.25,4878.0,15924.0
2024-01-23 16:25:00,4877.75,4877.75,4874.5,4875.75,11557.0
2024-01-23 16:30:00,4875.75,4876.25,4874.5,4875.0,9928.0
2024-01-23 16:35:00,4875.0,4876.75,4874.25,4875.5,12714.0
2024-01-23 16:40:00,4875.5,4877.25,4874.75,4877.25,7446.0
2024-01-23 16:45:00,4877.0,4879.25,4876.5,4878.25,9781.0
2024-01-23 16:50:00,4878.0,4878.5,4876.5,4878.0,6329.0
2024-01-23 16:55:00,4878.0,4880.75,4878.0,4879.75,8065.0
2024-01-23 17:00:00,4879.75,4881.0,4878.5,4879.5,7900.0
2024-01-23 17:05:00,4879.25,4880.0,4878.0,4878.25,5537.0
2024-01-23 17:10:00,4878.5,4880.75,4878.0,4879.0,5010.0
2024-01-23 17:15:00,4879.0,4879.75,4877.75,4879.0,3821.0
2024-01-23 17:20:00,4879.0,4879.25,4876.0,4876.5,6096.0
2024-01-23 17:25:00,4876.25,4878.5,4876.25,4877.5,5232.0
2024-01-23 17:30:00,4877.5,4879.0,4877.0,4878.0,5369.0
2024-01-23 17:35:00,4878.0,4878.75,4876.25,4878.25,4899.0
2024-01-23 17:40:00,4878.5,4878.75,4876.75,4878.0,4239.0
2024-01-23 17:45:00,4878.25,4880.5,4877.75,4880.0,4891.0
2024-01-23 17:50:00,4880.0,4881.5,4879.0,4881.0,5325.0
2024-01-23 17:55:00,4881.25,4884.25,4881.0,4884.0,9417.0
2024-01-23 18:00:00,4884.0,4885.25,4883.25,4883.75,9015.0
2024-01-23 18:05:00,4883.75,4884.0,4881.75,4882.5,6530.0
2024-01-23 18:10:00,4882.5,4884.0,4882.0,4883.25,4294.0
2024-01-23 18:15:00,4883.25,4884.75,4882.5,4884.5,4819.0
2024-01-23 18:20:00,4884.25,4885.25,4883.5,4884.0,5431.0
2024-01-23 18:25:00,4884.0,4884.75,4883.25,4883.75,4366.0
2024-01-23 18:30:00,4883.75,4883.75,4881.0,4881.75,7049.0
2024-01-23 18:35:00,4881.5,4882.75,4881.0,4881.5,5001.0
2024-01-23 18:40:00,4881.5,4883.0,4881.25,4883.0,4846.0
2024-01-23 18:45:00,4883.0,4884.75,4882.25,4884.5,4949.0
2024-01-23 18:50:00,4884.75,4886.0,4883.75,4885.0,6236.0
2024-01-23 18:55:00,4885.0,4885.75,4883.0,4885.0,6097.0
2024-01-23 19:00:00,4885.25,4886.25,4884.25,4884.75,7844.0
2024-01-23 19:05:00,4885.0,4885.5,4882.75,4883.75,5719.0
2024-01-23 19:10:00,4883.75,4885.75,4883.0,4884.5,4681.0
2024-01-23 19:15:00,4884.5,4884.5,4882.5,4883.25,4141.0
2024-01-23 19:20:00,4883.5,4884.25,4882.75,4883.5,4244.0
2024-01-23 19:25:00,4883.75,4884.0,4881.75,4883.25,4501.0
2024-01-23 19:30:00,4883.0,4884.0,4882.0,4882.0,5840.0
2024-01-23 19:35:00,4882.0,4885.25,4882.0,4885.0,4749.0
2024-01-23 19:40:00,4885.0,4886.5,4884.5,4886.25,5690.0
2024-01-23 19:45:00,4886.25,4889.75,4885.75,4887.5,12213.0
2024-01-23 19:50:00,4887.5,4888.25,4886.25,4888.25,5669.0
2024-01-23 19:55:00,4888.25,4890.5,4887.75,4889.5,7755.0
2024-01-23 20:00:00,4889.25,4890.25,4887.5,4888.0,8993.0
2024-01-23 20:05:00,4888.0,4891.5,4887.75,4891.0,8641.0
2024-01-23 20:10:00,4891.25,4896.0,4890.0,4893.25,16167.0
2024-01-23 20:15:00,4893.5,4894.75,4892.0,4893.25,9080.0
2024-01-23 20:20:00,4893.0,4895.25,4892.75,4893.5,9617.0
2024-01-23 20:25:00,4893.75,4894.0,4891.25,4892.25,8850.0
2024-01-23 20:30:00,4892.25,4893.25,4889.5,4891.25,14645.0
2024-01-23 20:35:00,4891.5,4892.0,4889.5,4889.75,9208.0
2024-01-23 20:40:00,4890.0,4892.0,4889.0,4891.75,8935.0
2024-01-23 20:45:00,4892.0,4893.0,4889.75,4890.75,15082.0
2024-01-23 20:50:00,4890.75,4894.5,4889.25,4892.25,19243.0
2024-01-23 20:55:00,4892.5,4897.0,4892.25,4895.0,36359.0
2024-01-23 21:00:00,4894.75,4897.75,4893.25,4895.0,63451.0
2024-01-23 21:05:00,4895.0,4896.25,4894.25,4894.75,7091.0
2024-01-23 21:10:00,4895.0,4898.25,4894.25,4898.25,6084.0
2024-01-23 21:15:00,4898.25,4899.0,4897.5,4898.75,3160.0
2024-01-23 21:20:00,4898.75,4899.5,4898.0,4898.0,2160.0
2024-01-23 21:25:00,4898.0,4899.25,4898.0,4899.25,766.0
2024-01-23 21:30:00,4899.25,4900.0,4899.0,4899.75,1859.0
2024-01-23 21:35:00,4899.5,4900.0,4899.25,4899.5,1072.0
2024-01-23 21:40:00,4899.25,4901.0,4899.25,4901.0,1862.0
2024-01-23 21:45:00,4900.75,4902.0,4900.25,4901.25,8158.0
2024-01-23 21:50:00,4901.0,4902.0,4901.0,4901.5,4251.0
2024-01-23 21:55:00,4901.25,4901.5,4900.75,4901.25,17836.0
2024-01-23 22:00:00,4901.0,4901.75,4901.0,4901.0,856.0
2024-01-23 23:00:00,4900.25,4903.0,4900.25,4902.25,1191.0
2024-01-23 23:05:00,4902.25,4905.0,4901.75,4904.25,1206.0
2024-01-23 23:10:00,4904.25,4905.5,4903.75,4904.75,1076.0
2024-01-23 23:15:00,4904.75,4905.25,4904.5,4904.75,509.0
2024-01-23 23:20:00,4904.5,4905.0,4904.0,4904.75,326.0
2024-01-23 23:25:00,4904.75,4905.0,4904.0,4904.5,353.0
2024-01-23 23:30:00,4904.5,4905.0,4904.0,4905.0,546.0
2024-01-23 23:35:00,4904.75,4905.25,4904.25,4904.75,409.0
2024-01-23 23:40:00,4904.75,4905.25,4904.5,4904.75,431.0
2024-01-23 23:45:00,4904.75,4905.0,4904.0,4904.25,428.0
2024-01-23 23:50:00,4904.25,4904.5,4904.0,4904.25,208.0
2024-01-23 23:55:00,4904.25,4905.0,4904.25,4905.0,256.0
2024-01-24 00:00:00,4905.0,4905.0,4904.0,4904.25,323.0
2024-01-24 00:05:00,4904.25,4904.5,4903.75,4903.75,272.0
2024-01-24 00:10:00,4903.75,4904.5,4903.75,4904.0,276.0
2024-01-24 00:15:00,4904.0,4904.75,4903.5,4904.0,547.0
2024-01-24 00:20:00,4904.25,4904.75,4904.0,4904.5,471.0
2024-01-24 00:25:00,4904.25,4904.25,4903.5,4903.5,649.0
2024-01-24 00:30:00,4903.5,4904.25,4903.5,4903.5,460.0
2024-01-24 00:35:00,4903.5,4903.75,4903.0,4903.5,587.0
2024-01-24 00:40:00,4903.5,4904.0,4903.5,4904.0,242.0
2024-01-24 00:45:00,4904.0,4904.5,4904.0,4904.5,131.0
2024-01-24 00:50:00,4904.5,4905.25,4904.25,4905.0,503.0
2024-01-24 00:55:00,4905.0,4906.25,4904.75,4906.0,655.0
2024-01-24 01:00:00,4906.0,4906.0,4903.0,4903.5,1083.0
2024-01-24 01:05:00,4903.5,4903.75,4903.0,4903.5,427.0
2024-01-24 01:10:00,4903.25,4904.0,4903.0,4903.75,436.0
2024-01-24 01:15:00,4904.0,4904.0,4903.0,4903.5,640.0
2024-01-24 01:20:00,4903.25,4904.0,4903.0,4904.0,413.0
2024-01-24 01:25:00,4903.75,4904.5,4903.25,4904.0,300.0
2024-01-24 01:30:00,4904.25,4904.75,4904.25,4904.75,483.0
2024-01-24 01:35:00,4904.5,4905.0,4904.0,4904.5,360.0
2024-01-24 01:40:00,4904.5,4904.75,4903.75,4904.0,469.0
2024-01-24 01:45:00,4904.25,4904.25,4903.0,4903.75,389.0
2024-01-24 01:50:00,4903.75,4904.25,4903.75,4904.25,261.0
2024-01-24 01:55:00,4904.0,4904.0,4903.25,4903.75,363.0
2024-01-24 02:00:00,4903.75,4904.25,4903.0,4904.0,522.0
2024-01-24 02:05:00,4904.0,4904.0,4902.5,4903.5,837.0
2024-01-24 02:10:00,4903.5,4903.75,4903.25,4903.25,216.0
2024-01-24 02:15:00,4903.25,4903.25,4902.5,4903.0,583.0
2024-01-24 02:20:00,4902.75,4903.5,4902.5,4903.25,323.0
2024-01-24 02:25:00,4903.25,4904.0,4903.25,4904.0,224.0
2024-01-24 02:30:00,4903.75,4904.0,4903.5,4903.75,209.0
2024-01-24 02:35:00,4903.75,4904.5,4903.5,4903.75,345.0
2024-01-24 02:40:00,4903.5,4904.0,4903.5,4904.0,279.0
2024-01-24 02:45:00,4904.0,4904.5,4903.75,4904.0,258.0
2024-01-24 02:50:00,4904.0,4904.25,4903.75,4904.25,173.0
2024-01-24 02:55:00,4904.25,4904.5,4904.0,4904.25,222.0
2024-01-24 03:00:00,4904.5,4904.75,4904.5,4904.5,238.0
2024-01-24 03:05:00,4904.5,4905.25,4904.5,4904.5,305.0
2024-01-24 03:10:00,4904.5,4905.0,4904.25,4905.0,329.0
2024-01-24 03:15:00,4905.25,4906.25,4905.25,4905.75,574.0
2024-01-24 03:20:00,4906.0,4906.5,4905.75,4906.5,648.0
2024-01-24 03:25:00,4906.5,4906.5,4905.75,4906.0,291.0
2024-01-24 03:30:00,4906.0,4906.25,4905.5,4906.0,487.0
2024-01-24 03:35:00,4906.0,4906.25,4905.75,4906.0,184.0
2024-01-24 03:40:00,4906.0,4906.25,4905.5,4906.0,466.0
2024-01-24 03:45:00,4906.0,4906.0,4905.25,4905.5,384.0
2024-01-24 03:50:00,4905.5,4906.0,4905.0,4905.0,475.0
2024-01-24 03:55:00,4905.0,4905.5,4904.75,4905.5,428.0
2024-01-24 04:00:00,4905.25,4905.75,4905.0,4905.5,392.0
2024-01-24 04:05:00,4905.5,4905.75,4905.0,4905.25,117.0
2024-01-24 04:10:00,4905.5,4905.5,4904.75,4904.75,310.0
2024-01-24 04:15:00,4905.0,4905.25,4904.75,4905.25,269.0
2024-01-24 04:20:00,4905.0,4905.5,4904.75,4905.5,240.0
2024-01-24 04:25:00,4905.5,4905.75,4905.25,4905.5,119.0
2024-01-24 04:30:00,4905.5,4905.75,4905.25,4905.5,137.0
2024-01-24 04:35:00,4905.5,4906.0,4905.25,4905.75,152.0
2024-01-24 04:40:00,4905.75,4906.0,4905.25,4905.75,153.0
2024-01-24 04:45:00,4905.5,4906.0,4905.5,4905.75,187.0
2024-01-24 04:50:00,4905.75,4906.0,4905.5,4905.5,72.0
2024-01-24 04:55:00,4905.25,4905.5,4905.0,4905.5,168.0
2024-01-24 05:00:00,4905.5,4905.75,4905.0,4905.5,198.0
2024-01-24 05:05:00,4905.5,4906.0,4905.25,4905.75,124.0
2024-01-24 05:10:00,4905.75,4906.0,4905.25,4905.5,145.0
2024-01-24 05:15:00,4905.5,4905.75,4905.25,4905.25,113.0
2024-01-24 05:20:00,4905.25,4906.0,4905.25,4905.75,186.0
2024-01-24 05:25:00,4905.75,4906.75,4905.5,4906.25,319.0
2024-01-24 05:30:00,4906.25,4907.75,4906.25,4907.5,787.0
2024-01-24 05:35:00,4907.25,4908.75,4907.25,4908.75,775.0
2024-01-24 05:40:00,4908.5,4908.5,4907.75,4908.0,463.0
2024-01-24 05:45:00,4908.0,4908.0,4907.25,4907.25,201.0
2024-01-24 05:50:00,4907.25,4907.75,4907.0,4907.5,235.0
2024-01-24 05:55:00,4907.5,4907.5,4907.0,4907.25,308.0
2024-01-24 06:00:00,4907.25,4908.5,4906.75,4907.75,1267.0
2024-01-24 06:05:00,4907.75,4909.0,4907.75,4908.0,1093.0
2024-01-24 06:10:00,4908.0,4908.75,4907.75,4908.5,495.0
2024-01-24 06:15:00,4908.5,4909.0,4908.25,4908.75,354.0
2024-01-24 06:20:00,4908.75,4909.25,4908.0,4908.75,516.0
2024-01-24 06:25:00,4908.75,4909.25,4908.25,4908.25,574.0
2024-01-24 06:30:00,4908.5,4908.5,4907.5,4907.75,633.0
2024-01-24 06:35:00,4907.75,4908.5,4907.5,4908.25,337.0
2024-01-24 06:40:00,4908.25,4909.0,4908.0,4908.75,385.0
2024-01-24 06:45:00,4908.5,4909.25,4908.5,4909.25,352.0
2024-01-24 06:50:00,4909.0,4910.5,4908.75,4910.0,1791.0
2024-01-24 06:55:00,4909.75,4910.25,4908.75,4909.0,779.0
2024-01-24 07:00:00,4909.0,4909.0,4908.0,4908.75,956.0
2024-01-24 07:05:00,4908.75,4910.5,4908.75,4910.0,1193.0
2024-01-24 07:10:00,4910.25,4910.5,4909.75,4910.0,780.0
2024-01-24 07:15:00,4910.25,4910.25,4909.5,4910.0,807.0
2024-01-24 07:20:00,4910.0,4910.5,4909.25,4910.5,642.0
2024-01-24 07:25:00,4910.5,4910.5,4909.5,4910.0,671.0
2024-01-24 07:30:00,4910.25,4911.25,4910.0,4910.5,960.0
2024-01-24 07:35:00,4910.5,4913.0,4910.5,4912.75,2594.0
2024-01-24 07:40:00,4912.5,4914.0,4912.25,4913.5,1390.0
2024-01-24 07:45:00,4913.5,4914.75,4912.75,4913.75,1769.0
2024-01-24 07:50:00,4913.75,4914.0,4912.5,4912.5,984.0
2024-01-24 07:55:00,4912.5,4913.25,4911.25,4912.5,1943.0
2024-01-24 08:00:00,4912.25,4914.5,4911.75,4913.25,3199.0
2024-01-24 08:05:00,4913.0,4914.25,4912.5,4912.75,2421.0
2024-01-24 08:10:00,4913.0,4914.25,4912.75,4913.75,1323.0
2024-01-24 08:15:00,4913.5,4914.25,4913.25,4913.5,1601.0
2024-01-24 08:20:00,4913.5,4914.5,4912.75,4914.0,1276.0
2024-01-24 08:25:00,4913.75,4913.75,4912.25,4912.75,1109.0
2024-01-24 08:30:00,4912.75,4915.0,4912.75,4914.0,2143.0
2024-01-24 08:35:00,4914.25,4915.0,4913.75,4914.75,1537.0
2024-01-24 08:40:00,4914.75,4915.0,4914.0,4914.75,1300.0
2024-01-24 08:45:00,4914.5,4914.75,4912.75,4913.0,1594.0
2024-01-24 08:50:00,4913.0,4914.0,4913.0,4913.25,1360.0
2024-01-24 08:55:00,4913.5,4914.75,4913.5,4914.5,907.0
2024-01-24 09:00:00,4914.25,4914.5,4913.5,4914.0,1509.0
2024-01-24 09:05:00,4914.0,4914.25,4913.0,4914.0,1086.0
2024-01-24 09:10:00,4914.25,4914.75,4913.5,4914.0,966.0
2024-01-24 09:15:00,4914.0,4914.25,4913.0,4913.5,1195.0
2024-01-24 09:20:00,4913.5,4914.75,4913.5,4914.5,1001.0
2024-01-24 09:25:00,4914.5,4916.25,4914.5,4915.25,3458.0
2024-01-24 09:30:00,4915.25,4915.25,4913.5,4914.0,1948.0
2024-01-24 09:35:00,4914.25,4916.25,4914.25,4915.75,1181.0
2024-01-24 09:40:00,4915.75,4916.75,4915.0,4916.25,1597.0
2024-01-24 09:45:00,4916.5,4916.5,4915.0,4915.0,1240.0
2024-01-24 09:50:00,4915.0,4917.0,4915.0,4915.5,1240.0
2024-01-24 09:55:00,4915.5,4917.0,4915.5,4916.75,847.0
2024-01-24 10:00:00,4916.75,4917.25,4916.25,4917.0,1253.0
2024-01-24 10:05:00,4916.75,4917.75,4916.25,4916.25,1704.0
2024-01-24 10:10:00,4916.25,4916.5,4915.0,4915.0,929.0
2024-01-24 10:15:00,4915.0,4916.0,4914.75,4914.75,783.0
2024-01-24 10:20:00,4914.75,4915.0,4913.75,4913.75,1225.0
2024-01-24 10:25:00,4913.75,4914.0,4912.5,4914.0,1185.0
2024-01-24 10:30:00,4914.0,4915.0,4913.75,4914.25,1013.0
2024-01-24 10:35:00,4914.25,4915.5,4914.0,4915.0,914.0
2024-01-24 10:40:00,4915.0,4915.25,4914.5,4915.25,658.0
2024-01-24 10:45:00,4915.0,4915.0,4913.75,4914.75,918.0
2024-01-24 10:50:00,4914.75,4915.0,4912.75,4914.0,1080.0
2024-01-24 10:55:00,4914.0,4914.75,4913.75,4914.75,711.0
2024-01-24 11:00:00,4915.0,4916.5,4915.0,4916.0,1171.0
2024-01-24 11:05:00,4915.75,4917.25,4915.5,4917.0,1545.0
2024-01-24 11:10:00,4917.0,4918.0,4917.0,4917.75,1252.0
2024-01-24 11:15:00,4917.5,4918.0,4916.75,4916.75,980.0
2024-01-24 11:20:00,4916.75,4917.0,4915.5,4915.75,939.0
2024-01-24 11:25:00,4915.75,4916.5,4915.75,4916.0,852.0
2024-01-24 11:30:00,4916.25,4916.75,4915.75,4916.25,703.0
2024-01-24 11:35:00,4916.0,4916.75,4915.5,4916.25,853.0
2024-01-24 11:40:00,4916.5,4916.75,4915.75,4915.75,961.0
2024-01-24 11:45:00,4915.75,4916.25,4915.0,4915.5,1112.0
2024-01-24 11:50:00,4915.5,4916.25,4915.5,4916.0,1176.0
2024-01-24 11:55:00,4915.75,4916.0,4915.25,4915.75,923.0
2024-01-24 12:00:00,4916.0,4916.25,4915.0,4916.25,1377.0
2024-01-24 12:05:00,4916.25,4916.25,4914.75,4915.25,1082.0
2024-01-24 12:10:00,4915.0,4916.75,4915.0,4916.5,1332.0
2024-01-24 12:15:00,4916.5,4916.75,4915.25,4916.25,867.0
2024-01-24 12:20:00,4916.0,4916.75,4915.5,4916.25,950.0
2024-01-24 12:25:00,4916.25,4916.25,4915.25,4915.75,918.0
2024-01-24 12:30:00,4915.75,4916.0,4914.75,4915.25,1365.0
2024-01-24 12:35:00,4915.25,4916.75,4915.25,4916.75,1106.0
2024-01-24 12:40:00,4916.75,4918.0,4916.5,4916.75,2012.0
2024-01-24 12:45:00,4916.5,4917.5,4916.0,4917.5,1126.0
2024-01-24 12:50:00,4917.5,4917.75,4916.5,4916.75,1886.0
2024-01-24 12:55:00,4916.75,4916.75,4916.0,4916.25,1000.0
2024-01-24 13:00:00,4916.25,4918.5,4916.25,4918.5,1636.0
2024-01-24 13:05:00,4918.25,4922.25,4918.25,4921.75,6064.0
2024-01-24 13:10:00,4922.0,4923.75,4921.25,4922.25,3840.0
2024-01-24 13:15:00,4922.0,4923.0,4920.75,4922.25,3227.0
2024-01-24 13:20:00,4922.25,4923.25,4921.75,4923.25,2884.0
2024-01-24 13:25:00,4923.25,4923.75,4922.25,4923.0,3339.0
2024-01-24 13:30:00,4923.25,4924.5,4922.75,4923.75,3143.0
2024-01-24 13:35:00,4923.75,4924.0,4920.5,4920.75,3725.0
2024-01-24 13:40:00,4920.5,4921.75,4920.25,4920.75,2456.0
2024-01-24 13:45:00,4920.75,4921.0,4919.75,4920.75,1898.0
2024-01-24 13:50:00,4920.5,4921.0,4919.25,4919.5,2703.0
2024-01-24 13:55:00,4919.5,4920.0,4918.0,4920.0,3823.0
2024-01-24 14:00:00,4920.0,4920.5,4919.0,4919.5,2448.0
2024-01-24 14:05:00,4919.5,4920.25,4918.75,4920.0,2061.0
2024-01-24 14:10:00,4920.0,4921.0,4920.0,4920.75,2503.0
2024-01-24 14:15:00,4920.75,4922.0,4920.5,4921.5,2788.0
2024-01-24 14:20:00,4921.25,4923.0,4921.25,4922.5,4119.0
2024-01-24 14:25:00,4922.5,4922.75,4921.25,4922.0,4178.0
2024-01-24 14:30:00,4922.0,4923.75,4918.25,4920.0,30466.0
2024-01-24 14:35:00,4919.75,4922.25,4919.0,4920.25,25593.0
2024-01-24 14:40:00,4920.5,4921.25,4916.5,4918.5,18169.0
2024-01-24 14:45:00,4918.25,4920.0,4915.0,4916.75,25280.0
2024-01-24 14:50:00,4916.75,4917.75,4914.75,4916.5,24998.0
2024-01-24 14:55:00,4916.5,4918.75,4915.0,4916.25,17899.0
2024-01-24 15:00:00,4916.5,4916.75,4909.25,4910.0,25722.0
2024-01-24 15:05:00,4910.25,4916.0,4909.0,4915.5,20237.0
2024-01-24 15:10:00,4915.75,4918.0,4912.0,4917.5,16752.0
2024-01-24 15:15:00,4917.5,4920.0,4916.5,4919.0,20403.0
2024-01-24 15:20:00,4919.25,4919.25,4916.0,4917.25,16870.0
2024-01-24 15:25:00,4917.5,4921.0,4917.0,4920.5,13340.0
2024-01-24 15:30:00,4920.5,4921.25,4919.0,4920.5,11877.0
2024-01-24 15:35:00,4920.75,4923.25,4919.5,4922.0,13909.0
2024-01-24 15:40:00,4922.0,4931.0,4921.25,4929.25,33242.0
2024-01-24 15:45:00,4929.25,4931.75,4924.75,4926.0,28317.0
2024-01-24 15:50:00,4926.25,4928.75,4922.0,4923.0,18501.0
2024-01-24 15:55:00,4923.0,4925.75,4922.5,4925.0,11667.0
2024-01-24 16:00:00,4925.0,4927.5,4924.0,4927.0,16785.0
2024-01-24 16:05:00,4927.25,4927.75,4921.0,4923.5,20624.0
2024-01-24 16:10:00,4923.5,4924.0,4921.0,4922.5,11939.0
2024-01-24 16:15:00,4922.5,4924.5,4920.0,4924.25,15376.0
2024-01-24 16:20:00,4924.25,4927.5,4923.25,4925.75,12295.0
2024-01-24 16:25:00,4925.75,4927.5,4924.75,4926.25,9820.0
2024-01-24 16:30:00,4926.25,4926.5,4923.0,4924.5,12292.0
2024-01-24 16:35:00,4924.25,4925.25,4922.5,4923.5,11896.0
2024-01-24 16:40:00,4923.75,4926.25,4922.5,4923.75,10218.0
2024-01-24 16:45:00,4923.5,4925.75,4922.0,4925.25,10629.0
2024-01-24 16:50:00,4925.0,4928.25,4924.5,4927.25,11792.0
2024-01-24 16:55:00,4927.25,4929.25,4927.0,4929.0,9699.0
2024-01-24 17:00:00,4929.0,4929.75,4926.0,4927.5,10171.0
2024-01-24 17:05:00,4927.5,4929.25,4926.25,4929.25,6036.0
2024-01-24 17:10:00,4929.25,4930.5,4924.5,4925.5,13343.0
2024-01-24 17:15:00,4925.75,4927.0,4924.5,4926.0,7219.0
2024-01-24 17:20:00,4925.75,4927.0,4923.5,4926.25,8950.0
2024-01-24 17:25:00,4926.0,4930.5,4925.75,4929.25,10441.0
2024-01-24 17:30:00,4929.0,4931.0,4928.25,4930.0,9092.0
2024-01-24 17:35:00,4930.0,4931.75,4929.0,4930.25,9316.0
2024-01-24 17:40:00,4930.25,4930.5,4928.75,4929.25,5837.0
2024-01-24 17:45:00,4929.25,4930.25,4929.0,4930.0,6405.0
2024-01-24 17:50:00,4930.25,4932.5,4930.0,4932.25,9483.0
2024-01-24 17:55:00,4932.25,4933.25,4931.75,4932.5,7086.0
2024-01-24 18:00:00,4932.5,4933.0,4926.25,4928.0,25042.0
2024-01-24 18:05:00,4928.0,4928.75,4924.0,4924.75,15366.0
2024-01-24 18:10:00,4925.0,4927.25,4923.75,4924.5,9120.0
2024-01-24 18:15:00,4924.25,4924.75,4919.75,4921.0,23321.0
2024-01-24 18:20:00,4921.25,4922.75,4920.25,4921.25,10704.0
2024-01-24 18:25:00,4921.0,4927.25,4921.0,4926.75,12172.0
2024-01-24 18:30:00,4926.75,4926.75,4920.5,4921.0,12440.0
2024-01-24 18:35:00,4920.75,4923.0,4920.25,4921.25,8419.0
2024-01-24 18:40:00,4921.0,4921.25,4915.0,4918.0,19073.0
2024-01-24 18:45:00,4918.0,4918.5,4915.0,4917.0,11294.0
2024-01-24 18:50:00,4917.0,4918.0,4914.25,4916.75,11585.0
2024-01-24 18:55:00,4916.5,4919.5,4916.0,4918.5,8525.0
2024-01-24 19:00:00,4918.5,4919.0,4915.75,4916.25,8386.0
2024-01-24 19:05:00,4916.25,4918.75,4916.25,4916.5,6170.0
2024-01-24 19:10:00,4916.5,4917.5,4913.25,4914.0,10834.0
2024-01-24 19:15:00,4914.0,4914.25,4911.5,4912.0,14939.0
2024-01-24 19:20:00,4912.0,4913.0,4905.5,4906.0,30990.0
2024-01-24 19:25:00,4905.75,4910.25,4904.75,4906.75,19198.0
2024-01-24 19:30:00,4906.75,4910.5,4906.0,4906.5,13553.0
2024-01-24 19:35:00,4906.25,4909.0,4905.0,4906.75,10175.0
2024-01-24 19:40:00,4906.75,4912.5,4906.5,4912.0,13385.0
2024-01-24 19:45:00,4912.0,4915.25,4912.0,4915.25,13351.0
2024-01-24 19:50:00,4915.0,4916.0,4912.75,4913.5,9718.0
2024-01-24 19:55:00,4913.75,4914.5,4908.75,4911.25,15003.0
2024-01-24 20:00:00,4911.0,4911.75,4907.5,4911.5,12210.0
2024-01-24 20:05:00,4911.25,4914.25,4911.25,4912.75,9914.0
2024-01-24 20:10:00,4912.75,4913.0,4906.0,4907.5,21599.0
2024-01-24 20:15:00,4907.5,4908.25,4900.25,4901.0,27214.0
2024-01-24 20:20:00,4900.75,4902.25,4899.5,4901.25,17106.0
2024-01-24 20:25:00,4901.5,4903.75,4899.0,4899.5,14524.0
2024-01-24 20:30:00,4899.5,4903.5,4899.25,4903.0,11880.0
2024-01-24 20:35:00,4903.0,4907.0,4902.5,4906.0,10139.0
2024-01-24 20:40:00,4906.25,4909.0,4904.5,4907.5,9715.0
2024-01-24 20:45:00,4907.5,4908.75,4901.5,4902.25,20447.0
2024-01-24 20:50:00,4902.25,4902.5,4896.25,4896.25,38429.0
2024-01-24 20:55:00,4896.25,4902.75,4895.25,4896.75,42053.0
2024-01-24 21:00:00,4896.75,4901.25,4894.5,4894.75,64744.0
2024-01-24 21:05:00,4894.75,4895.5,4889.0,4891.5,19441.0
2024-01-24 21:10:00,4891.25,4894.75,4890.25,4893.25,10715.0
2024-01-24 21:15:00,4893.25,4893.5,4891.0,4892.75,4774.0
2024-01-24 21:20:00,4892.75,4893.25,4891.25,4891.25,2259.0
2024-01-24 21:25:00,4891.5,4893.0,4891.25,4893.0,1144.0
2024-01-24 21:30:00,4893.0,4894.5,4892.0,4894.25,1493.0
2024-01-24 21:35:00,4894.25,4898.25,4894.0,4897.75,2976.0
2024-01-24 21:40:00,4897.75,4900.25,4897.5,4898.75,2543.0
2024-01-24 21:45:00,4898.75,4899.0,4897.5,4898.25,1417.0
2024-01-24 21:50:00,4898.25,4899.0,4898.0,4898.25,657.0
2024-01-24 21:55:00,4898.25,4901.25,4897.5,4900.25,2203.0
2024-01-24 22:00:00,4900.5,4901.75,4900.25,4901.5,3645.0
2024-01-24 23:00:00,4899.5,4900.75,4898.5,4900.0,1217.0
2024-01-24 23:05:00,4900.0,4900.0,4899.0,4899.25,470.0
2024-01-24 23:10:00,4899.0,4900.0,4899.0,4899.75,618.0
2024-01-24 23:15:00,4899.75,4900.0,4898.75,4899.0,576.0
2024-01-24 23:20:00,4899.0,4899.5,4898.5,4898.75,376.0
2024-01-24 23:25:00,4899.0,4899.25,4897.25,4898.25,808.0
2024-01-24 23:30:00,4898.25,4898.5,4897.25,4898.0,494.0
2024-01-24 23:35:00,4898.0,4899.0,4897.75,4898.75,531.0
2024-01-24 23:40:00,4898.75,4899.25,4898.25,4898.5,463.0
2024-01-24 23:45:00,4898.5,4899.25,4897.75,4898.25,490.0
2024-01-24 23:50:00,4898.25,4899.0,4897.75,4899.0,286.0
2024-01-24 23:55:00,4898.75,4900.0,4898.75,4899.0,376.0
2024-01-25 00:00:00,4899.0,4899.5,4898.0,4898.5,671.0
2024-01-25 00:05:00,4898.5,4898.75,4897.25,4897.5,827.0
2024-01-25 00:10:00,4897.25,4897.5,4896.0,4896.5,854.0
2024-01-25 00:15:00,4896.5,4897.5,4896.0,4896.75,522.0
2024-01-25 00:20:00,4896.75,4898.25,4896.5,4898.0,345.0
2024-01-25 00:25:00,4898.25,4898.5,4897.5,4897.5,322.0
2024-01-25 00:30:00,4897.5,4899.0,4897.5,4899.0,263.0
2024-01-25 00:35:00,4899.0,4900.0,4898.75,4899.25,913.0
2024-01-25 00:40:00,4899.0,4899.0,4898.0,4898.25,398.0
2024-01-25 00:45:00,4898.25,4899.0,4897.75,4898.25,331.0
2024-01-25 00:50:00,4898.5,4899.0,4898.25,4898.75,252.0
2024-01-25 00:55:00,4899.0,4899.75,4898.75,4899.5,389.0
2024-01-25 01:00:00,4899.5,4900.75,4899.25,4900.75,823.0
2024-01-25 01:05:00,4900.5,4902.0,4900.25,4901.25,813.0
2024-01-25 01:10:00,4901.0,4901.0,4899.25,4899.5,650.0
2024-01-25 01:15:00,4899.5,4900.0,4898.75,4899.0,472.0
2024-01-25 01:20:00,4899.0,4899.0,4896.75,4896.75,849.0
2024-01-25 01:25:00,4896.75,4897.5,4895.75,4896.0,986.0
2024-01-25 01:30:00,4896.0,4896.5,4894.75,4895.75,1243.0
2024-01-25 01:35:00,4895.75,4897.5,4895.5,4896.0,1085.0
2024-01-25 01:40:00,4896.0,4896.75,4895.5,4895.75,530.0
2024-01-25 01:45:00,4895.5,4896.0,4893.75,4893.75,739.0
2024-01-25 01:50:00,4894.0,4894.5,4893.5,4894.25,949.0
2024-01-25 01:55:00,4894.5,4896.5,4894.25,4896.25,847.0
2024-01-25 02:00:00,4896.25,4897.5,4896.25,4897.0,599.0
2024-01-25 02:05:00,4896.75,4899.25,4896.75,4898.75,1001.0
2024-01-25 02:10:00,4899.0,4899.5,4897.75,4898.25,646.0
2024-01-25 02:15:00,4898.25,4899.0,4898.0,4898.25,522.0
2024-01-25 02:20:00,4898.25,4898.5,4896.75,4897.5,482.0
2024-01-25 02:25:00,4897.5,4898.25,4896.75,4898.25,316.0
2024-01-25 02:30:00,4898.25,4898.25,4896.5,4897.0,269.0
2024-01-25 02:35:00,4897.0,4897.0,4896.0,4896.25,341.0
2024-01-25 02:40:00,4896.25,4896.25,4894.5,4894.5,431.0
2024-01-25 02:45:00,4894.5,4895.75,4893.25,4895.5,878.0
2024-01-25 02:50:00,4895.5,4895.5,4894.75,4894.75,349.0
2024-01-25 02:55:00,4894.75,4896.0,4894.75,4895.75,228.0
2024-01-25 03:00:00,4896.0,4896.5,4895.5,4895.75,359.0
2024-01-25 03:05:00,4896.0,4896.75,4895.25,4895.25,501.0
2024-01-25 03:10:00,4895.25,4895.5,4894.5,4895.0,704.0
2024-01-25 03:15:00,4894.75,4895.75,4894.0,4895.75,475.0
2024-01-25 03:20:00,4895.75,4896.25,4895.5,4895.75,355.0
2024-01-25 03:25:00,4896.0,4896.0,4895.0,4895.0,326.0
2024-01-25 03:30:00,4895.0,4896.25,4894.75,4896.25,195.0
2024-01-25 03:35:00,4896.25,4896.25,4895.5,4895.75,174.0
2024-01-25 03:40:00,4895.75,4896.5,4895.5,4895.75,232.0
2024-01-25 03:45:00,4895.5,4896.0,4895.0,4895.25,266.0
2024-01-25 03:50:00,4895.25,4896.25,4895.25,4896.25,209.0
2024-01-25 03:55:00,4896.5,4896.75,4896.25,4896.25,162.0
2024-01-25 04:00:00,4896.25,4896.5,4896.0,4896.25,167.0
2024-01-25 04:05:00,4896.5,4897.5,4896.25,4897.25,342.0
2024-01-25 04:10:00,4897.5,4897.75,4897.0,4897.75,258.0
2024-01-25 04:15:00,4898.0,4898.25,4897.5,4897.5,252.0
2024-01-25 04:20:00,4897.5,4898.5,4897.25,4898.0,415.0
2024-01-25 04:25:00,4898.25,4898.5,4898.0,4898.25,150.0
2024-01-25 04:30:00,4898.25,4898.75,4898.25,4898.25,151.0
2024-01-25 04:35:00,4898.25,4899.0,4898.0,4898.75,361.0
2024-01-25 04:40:00,4898.75,4898.75,4897.5,4897.75,328.0
2024-01-25 04:45:00,4897.5,4898.0,4897.25,4897.75,176.0
2024-01-25 04:50:00,4898.0,4898.25,4897.5,4898.0,212.0
2024-01-25 04:55:00,4897.75,4897.75,4897.25,4897.75,172.0
2024-01-25 05:00:00,4897.5,4899.0,4897.5,4898.0,242.0
2024-01-25 05:05:00,4897.75,4898.0,4896.75,4897.75,326.0
2024-01-25 05:10:00,4898.0,4898.5,4897.25,4897.25,344.0
2024-01-25 05:15:00,4897.25,4898.75,4897.25,4898.5,222.0
2024-01-25 05:20:00,4898.5,4898.75,4897.75,4898.0,232.0
2024-01-25 05:25:00,4898.0,4898.5,4897.75,4898.25,235.0
2024-01-25 05:30:00,4898.0,4899.0,4897.75,4899.0,314.0
2024-01-25 05:35:00,4899.0,4900.0,4898.75,4899.5,485.0
2024-01-25 05:40:00,4899.5,4900.5,4899.25,4900.25,466.0
2024-01-25 05:45:00,4900.25,4900.75,4900.0,4900.0,315.0
2024-01-25 05:50:00,4900.0,4900.25,4899.25,4900.0,288.0
2024-01-25 05:55:00,4900.0,4901.5,4899.75,4900.75,474.0
2024-01-25 06:00:00,4900.75,4901.5,4899.0,4900.0,787.0
2024-01-25 06:05:00,4900.25,4900.5,4899.5,4899.75,436.0
2024-01-25 06:10:00,4900.0,4900.0,4898.75,4899.75,298.0
2024-01-25 06:15:00,4899.75,4900.5,4899.75,4900.5,185.0
2024-01-25 06:20:00,4900.25,4900.25,4899.5,4899.5,253.0
2024-01-25 06:25:00,4899.5,4900.0,4898.75,4900.0,392.0
2024-01-25 06:30:00,4900.0,4900.5,4899.75,4900.0,262.0
2024-01-25 06:35:00,4900.0,4901.75,4900.0,4901.25,281.0
2024-01-25 06:40:00,4901.0,4901.75,4900.5,4900.5,626.0
2024-01-25 06:45:00,4900.5,4900.5,4898.75,4899.5,332.0
2024-01-25 06:50:00,4899.5,4900.0,4898.5,4899.5,419.0
2024-01-25 06:55:00,4899.75,4900.25,4899.25,4900.25,377.0
2024-01-25 07:00:00,4900.25,4901.0,4899.5,4900.75,569.0
2024-01-25 07:05:00,4900.75,4901.25,4899.75,4901.0,741.0
2024-01-25 07:10:00,4900.75,4902.5,4900.75,4902.25,1021.0
2024-01-25 07:15:00,4902.25,4904.75,4902.0,4904.5,1404.0
2024-01-25 07:20:00,4904.25,4904.25,4902.25,4902.75,886.0
2024-01-25 07:25:00,4903.0,4903.0,4901.5,4902.5,729.0
2024-01-25 07:30:00,4902.5,4903.0,4902.0,4902.0,464.0
2024-01-25 07:35:00,4902.0,4902.25,4901.5,4901.5,451.0
2024-01-25 07:40:00,4901.5,4903.0,4901.5,4903.0,662.0
2024-01-25 07:45:00,4902.75,4903.0,4901.5,4901.75,589.0
2024-01-25 07:50:00,4901.75,4902.75,4901.5,4902.0,445.0
2024-01-25 07:55:00,4902.25,4902.5,4900.75,4900.75,583.0
2024-01-25 08:00:00,4901.0,4901.5,4899.25,4899.5,1912.0
2024-01-25 08:05:00,4899.5,4900.25,4897.5,4900.25,2718.0
2024-01-25 08:10:00,4900.0,4902.0,4899.75,4899.75,1761.0
2024-01-25 08:15:00,4900.0,4900.75,4898.75,4899.0,1167.0
2024-01-25 08:20:00,4899.0,4899.25,4897.25,4898.25,1162.0
2024-01-25 08:25:00,4898.25,4900.25,4897.5,4900.25,1223.0
2024-01-25 08:30:00,4900.25,4900.75,4899.5,4900.75,741.0
2024-01-25 08:35:00,4901.0,4901.75,4899.75,4900.5,1395.0
2024-01-25 08:40:00,4900.5,4901.75,4900.5,4900.75,968.0
2024-01-25 08:45:00,4900.75,4903.25,4900.75,4901.0,1922.0
2024-01-25 08:50:00,4901.0,4902.75,4900.75,4902.75,1076.0
2024-01-25 08:55:00,4902.75,4903.0,4901.0,4901.0,769.0
2024-01-25 09:00:00,4901.0,4902.25,4900.25,4901.0,1374.0
2024-01-25 09:05:00,4901.0,4901.25,4899.0,4899.25,1007.0
2024-01-25 09:10:00,4899.5,4901.25,4899.5,4900.25,623.0
2024-01-25 09:15:00,4900.25,4902.0,4898.75,4900.5,1464.0
2024-01-25 09:20:00,4900.5,4901.75,4900.0,4901.0,1047.0
2024-01-25 09:25:00,4900.75,4901.25,4899.5,4900.75,1079.0
2024-01-25 09:30:00,4900.75,4902.75,4900.75,4901.5,898.0
2024-01-25 09:35:00,4901.25,4903.0,4901.25,4902.5,708.0
2024-01-25 09:40:00,4902.5,4903.75,4902.0,4903.0,970.0
2024-01-25 09:45:00,4902.75,4903.5,4902.5,4903.25,459.0
2024-01-25 09:50:00,4903.0,4903.5,4902.5,4903.0,678.0
2024-01-25 09:55:00,4903.0,4904.5,4903.0,4903.75,1117.0
2024-01-25 10:00:00,4903.5,4903.5,4900.25,4900.5,1500.0
2024-01-25 10:05:00,4900.75,4901.25,4898.75,4899.25,929.0
2024-01-25 10:10:00,4899.25,4900.25,4898.75,4899.5,1016.0
2024-01-25 10:15:00,4899.5,4900.5,4899.0,4899.25,571.0
2024-01-25 10:20:00,4899.0,4900.25,4898.75,4899.75,543.0
2024-01-25 10:25:00,4899.75,4900.75,4899.75,4900.25,567.0
2024-01-25 10:30:00,4900.0,4900.0,4898.75,4899.25,1091.0
2024-01-25 10:35:00,4899.25,4901.75,4899.25,4901.75,720.0
2024-01-25 10:40:00,4901.75,4901.75,4900.25,4900.75,458.0
2024-01-25 10:45:00,4900.75,4901.5,4900.25,4900.25,550.0
2024-01-25 10:50:00,4900.25,4900.25,4899.5,4900.25,564.0
2024-01-25 10:55:00,4900.25,4901.0,4899.75,4900.5,590.0
2024-01-25 11:00:00,4900.25,4901.5,4899.75,4900.25,883.0
2024-01-25 11:05:00,4900.25,4900.75,4899.5,4900.25,618.0
2024-01-25 11:10:00,4900.25,4901.5,4900.0,4901.0,815.0
2024-01-25 11:15:00,4901.0,4901.5,4900.0,4901.25,1271.0
2024-01-25 11:20:00,4901.25,4902.25,4901.25,4902.25,756.0
2024-01-25 11:25:00,4902.25,4902.5,4901.25,4901.25,761.0
2024-01-25 11:30:00,4901.25,4901.75,4898.75,4900.25,3299.0
2024-01-25 11:35:00,4900.5,4901.75,4899.25,4900.75,3462.0
2024-01-25 11:40:00,4900.5,4901.5,4899.25,4899.25,2368.0
2024-01-25 11:45:00,4899.0,4901.25,4898.75,4901.0,1489.0
2024-01-25 11:50:00,4901.0,4902.25,4900.25,4900.75,1294.0
2024-01-25 11:55:00,4901.0,4902.5,4901.0,4902.5,895.0
2024-01-25 12:00:00,4902.5,4903.75,4902.0,4903.25,3552.0
2024-01-25 12:05:00,4903.5,4904.25,4903.25,4903.75,1215.0
2024-01-25 12:10:00,4904.0,4904.25,4902.5,4902.5,1030.0
2024-01-25 12:15:00,4902.5,4902.75,4900.75,4901.5,1179.0
2024-01-25 12:20:00,4901.5,4901.5,4899.75,4899.75,994.0
2024-01-25 12:25:00,4899.75,4901.25,4899.5,4901.0,1822.0
2024-01-25 12:30:00,4901.25,4901.75,4900.0,4901.0,1066.0
2024-01-25 12:35:00,4901.0,4901.25,4900.0,4901.0,851.0
2024-01-25 12:40:00,4901.0,4902.0,4900.5,4902.0,1079.0
2024-01-25 12:45:00,4902.0,4903.0,4900.75,4901.5,1375.0
2024-01-25 12:50:00,4901.5,4902.0,4899.75,4900.0,891.0
2024-01-25 12:55:00,4900.0,4900.0,4896.5,4896.75,2068.0
2024-01-25 13:00:00,4896.75,4898.75,4896.5,4897.5,2235.0
2024-01-25 13:05:00,4897.5,4898.5,4897.0,4897.75,1274.0
2024-01-25 13:10:00,4897.75,4899.0,4897.5,4898.75,1081.0
2024-01-25 13:15:00,4898.75,4902.0,4898.25,4901.75,3599.0
2024-01-25 13:20:00,4901.75,4903.25,4900.0,4902.0,2964.0
2024-01-25 13:25:00,4902.25,4902.75,4899.75,4901.25,3384.0
2024-01-25 13:30:00,4901.25,4911.25,4895.5,4910.0,18599.0
2024-01-25 13:35:00,4909.75,4915.75,4909.25,4913.0,14092.0
2024-01-25 13:40:00,4913.25,4914.0,4910.25,4912.5,7915.0
2024-01-25 13:45:00,4912.5,4916.5,4912.25,4915.25,6947.0
2024-01-25 13:50:00,4915.5,4916.5,4913.5,4916.25,5677.0
2024-01-25 13:55:00,4916.0,4918.0,4914.5,4914.75,5281.0
2024-01-25 14:00:00,4915.0,4916.75,4914.5,4916.5,4238.0
2024-01-25 14:05:00,4916.5,4917.5,4914.25,4916.5,3698.0
2024-01-25 14:10:00,4916.5,4920.5,4914.75,4919.0,6599.0
2024-01-25 14:15:00,4919.25,4919.75,4916.5,4917.25,5807.0
2024-01-25 14:20:00,4917.5,4919.0,4916.75,4919.0,3207.0
2024-01-25 14:25:00,4918.75,4919.5,4916.0,4919.0,6494.0
2024-01-25 14:30:00,4919.0,4919.25,4912.25,4917.75,35045.0
2024-01-25 14:35:00,4917.5,4920.25,4914.5,4916.25,25813.0
2024-01-25 14:40:00,4916.0,4918.75,4911.25,4911.5,22635.0
2024-01-25 14:45:00,4911.25,4914.0,4910.75,4913.5,18615.0
2024-01-25 14:50:00,4913.75,4918.0,4913.25,4916.5,18031.0
2024-01-25 14:55:00,4916.5,4919.25,4915.0,4915.25,18606.0
2024-01-25 15:00:00,4915.25,4917.75,4912.0,4912.5,17854.0
2024-01-25 15:05:00,4912.5,4918.75,4912.25,4918.0,17666.0
2024-01-25 15:10:00,4918.0,4922.75,4917.25,4919.5,21469.0
2024-01-25 15:15:00,4919.5,4921.5,4918.25,4919.75,13537.0
2024-01-25 15:20:00,4920.0,4926.5,4919.75,4924.5,21437.0
2024-01-25 15:25:00,4924.5,4925.5,4922.25,4923.75,15985.0
2024-01-25 15:30:00,4923.75,4925.0,4918.75,4919.5,16219.0
2024-01-25 15:35:00,4919.75,4920.0,4912.25,4915.5,24825.0
2024-01-25 15:40:00,4915.25,4918.75,4913.75,4917.75,14753.0
2024-01-25 15:45:00,4917.75,4919.5,4915.75,4916.5,12893.0
2024-01-25 15:50:00,4916.25,4916.75,4911.75,4912.75,17715.0
2024-01-25 15:55:00,4912.5,4915.5,4911.75,4915.25,12830.0
2024-01-25 16:00:00,4915.25,4915.75,4911.25,4911.75,11107.0
2024-01-25 16:05:00,4911.75,4917.0,4911.5,4914.5,12216.0
2024-01-25 16:10:00,4914.25,4918.25,4913.25,4917.0,12616.0
2024-01-25 16:15:00,4917.0,4921.0,4917.0,4918.75,14653.0
2024-01-25 16:20:00,4918.75,4920.0,4916.75,4918.25,10740.0
2024-01-25 16:25:00,4918.25,4921.25,4918.25,4920.75,10336.0
2024-01-25 16:30:00,4920.75,4921.75,4918.25,4918.75,11162.0
2024-01-25 16:35:00,4918.75,4921.5,4918.5,4920.5,9831.0
2024-01-25 16:40:00,4920.25,4920.5,4915.5,4916.25,12917.0
2024-01-25 16:45:00,4916.0,4921.5,4915.75,4921.0,10606.0
2024-01-25 16:50:00,4921.0,4924.25,4920.5,4923.25,12836.0
2024-01-25 16:55:00,4923.25,4923.75,4917.0,4917.25,16843.0
2024-01-25 17:00:00,4917.5,4920.5,4916.5,4916.5,11653.0
2024-01-25 17:05:00,4916.75,4916.75,4909.25,4911.0,26745.0
2024-01-25 17:10:00,4911.0,4912.75,4910.25,4911.0,11525.0
2024-01-25 17:15:00,4911.25,4915.0,4910.75,4913.5,13059.0
2024-01-25 17:20:00,4913.75,4913.75,4909.25,4909.5,13750.0
2024-01-25 17:25:00,4909.75,4912.5,4906.75,4909.75,20719.0
2024-01-25 17:30:00,4909.75,4910.75,4905.25,4906.0,13612.0
2024-01-25 17:35:00,4906.25,4907.5,4904.75,4907.0,10571.0
2024-01-25 17:40:00,4907.0,4909.0,4906.25,4908.25,8353.0
2024-01-25 17:45:00,4908.5,4909.0,4904.75,4905.0,10582.0
2024-01-25 17:50:00,4905.0,4907.5,4904.5,4905.5,9164.0
2024-01-25 17:55:00,4905.5,4908.75,4905.5,4908.75,8697.0
2024-01-25 18:00:00,4908.5,4915.75,4907.5,4913.25,19169.0
2024-01-25 18:05:00,4913.0,4916.25,4910.75,4913.75,12692.0
2024-01-25 18:10:00,4913.75,4915.0,4911.75,4913.25,9171.0
2024-01-25 18:15:00,4913.25,4913.75,4904.5,4904.75,15244.0
2024-01-25 18:20:00,4904.75,4907.75,4903.75,4906.0,12344.0
2024-01-25 18:25:00,4906.0,4907.25,4903.75,4906.25,10811.0
2024-01-25 18:30:00,4906.5,4906.5,4903.5,4903.5,9726.0
2024-01-25 18:35:00,4903.5,4907.0,4903.5,4906.25,10844.0
2024-01-25 18:40:00,4906.25,4910.75,4905.25,4909.25,11858.0
2024-01-25 18:45:00,4909.25,4910.25,4907.25,4909.75,8650.0
2024-01-25 18:50:00,4909.5,4911.25,4907.5,4908.25,9806.0
2024-01-25 18:55:00,4908.25,4908.75,4900.75,4901.75,18724.0
2024-01-25 19:00:00,4901.75,4903.75,4897.75,4899.0,28991.0
2024-01-25 19:05:00,4898.75,4901.25,4896.75,4898.0,19404.0
2024-01-25 19:10:00,4898.25,4903.0,4897.75,4901.75,15772.0
2024-01-25 19:15:00,4901.5,4902.5,4900.0,4901.0,8853.0
2024-01-25 19:20:00,4901.25,4904.5,4900.5,4901.25,9444.0
2024-01-25 19:25:00,4901.25,4904.5,4901.0,4904.25,7025.0
2024-01-25 19:30:00,4904.5,4906.5,4903.5,4906.25,11471.0
2024-01-25 19:35:00,4906.25,4907.5,4901.75,4903.0,11574.0
2024-01-25 19:40:00,4903.0,4904.75,4901.75,4902.0,7786.0
2024-01-25 19:45:00,4902.0,4904.25,4901.0,4903.0,8330.0
2024-01-25 19:50:00,4903.0,4905.5,4901.0,4905.25,8172.0
2024-01-25 19:55:00,4905.0,4909.25,4905.0,4908.5,11376.0
2024-01-25 20:00:00,4908.5,4910.5,4908.0,4910.25,11462.0
2024-01-25 20:05:00,4910.5,4910.75,4908.25,4909.75,10107.0
2024-01-25 20:10:00,4910.0,4910.75,4907.5,4908.25,9599.0
2024-01-25 20:15:00,4908.5,4909.25,4906.0,4908.5,9641.0
2024-01-25 20:20:00,4908.5,4912.25,4908.5,4909.75,10033.0
2024-01-25 20:25:00,4909.75,4910.0,4907.5,4909.25,9002.0
2024-01-25 20:30:00,4909.5,4915.5,4907.25,4915.25,14519.0
2024-01-25 20:35:00,4915.5,4917.0,4912.5,4912.5,14412.0
2024-01-25 20:40:00,4912.75,4915.75,4912.0,4912.75,9668.0
2024-01-25 20:45:00,4913.0,4914.5,4912.25,4913.75,11049.0
2024-01-25 20:50:00,4914.0,4918.25,4913.5,4916.0,19486.0
2024-01-25 20:55:00,4916.0,4921.25,4915.75,4921.0,30185.0
2024-01-25 21:00:00,4921.0,4925.25,4920.0,4922.0,79678.0
2024-01-25 21:05:00,4921.75,4923.0,4920.75,4921.25,8201.0
2024-01-25 21:10:00,4921.0,4922.5,4920.5,4922.25,6745.0
2024-01-25 21:15:00,4922.0,4923.0,4921.25,4921.5,3087.0
2024-01-25 21:20:00,4921.5,4922.25,4921.0,4922.25,1758.0
2024-01-25 21:25:00,4922.25,4923.25,4921.75,4923.0,1368.0
2024-01-25 21:30:00,4923.0,4923.25,4921.75,4922.25,1124.0
2024-01-25 21:35:00,4922.25,4923.75,4921.75,4923.75,1686.0
2024-01-25 21:40:00,4923.5,4925.5,4923.0,4924.5,1913.0
2024-01-25 21:45:00,4924.5,4924.75,4922.0,4922.5,2203.0
2024-01-25 21:50:00,4922.5,4923.0,4921.5,4923.0,860.0
2024-01-25 21:55:00,4922.75,4923.75,4920.75,4921.5,11651.0
2024-01-25 22:00:00,4921.25,4921.75,4918.75,4919.0,1921.0
2024-01-25 23:00:00,4919.25,4919.5,4915.5,4916.5,1957.0
2024-01-25 23:05:00,4916.5,4917.5,4914.25,4914.75,1325.0
2024-01-25 23:10:00,4915.0,4916.25,4914.5,4916.0,1062.0
2024-01-25 23:15:00,4915.75,4917.0,4914.5,4916.75,799.0
2024-01-25 23:20:00,4917.0,4917.0,4916.25,4916.5,579.0
2024-01-25 23:25:00,4916.5,4916.75,4912.5,4913.0,1529.0
2024-01-25 23:30:00,4913.25,4913.75,4912.25,4913.75,1006.0
2024-01-25 23:35:00,4913.75,4914.5,4913.25,4914.25,449.0
2024-01-25 23:40:00,4914.5,4915.0,4913.5,4913.5,762.0
2024-01-25 23:45:00,4913.75,4915.0,4913.75,4914.75,716.0
2024-01-25 23:50:00,4914.75,4915.5,4914.5,4915.0,271.0
2024-01-25 23:55:00,4915.0,4915.0,4914.25,4914.25,209.0
2024-01-26 00:00:00,4914.25,4914.75,4913.0,4914.25,776.0
2024-01-26 00:05:00,4914.25,4915.0,4913.5,4913.75,455.0
2024-01-26 00:10:00,4913.75,4914.5,4912.75,4913.0,570.0
2024-01-26 00:15:00,4913.0,4913.25,4912.0,4912.5,871.0
2024-01-26 00:20:00,4912.25,4912.5,4911.5,4911.75,649.0
2024-01-26 00:25:00,4912.0,4913.0,4911.75,4913.0,470.0
2024-01-26 00:30:00,4912.75,4913.25,4912.5,4913.25,417.0
2024-01-26 00:35:00,4913.25,4913.5,4912.75,4913.5,317.0
2024-01-26 00:40:00,4913.5,4914.0,4912.75,4913.75,663.0
2024-01-26 00:45:00,4913.75,4915.0,4913.75,4915.0,595.0
2024-01-26 00:50:00,4914.75,4915.0,4914.25,4914.25,276.0
2024-01-26 00:55:00,4914.25,4914.25,4912.75,4913.0,647.0
2024-01-26 01:00:00,4913.0,4913.0,4909.75,4910.25,2262.0
2024-01-26 01:05:00,4910.25,4911.0,4910.0,4910.25,1070.0
2024-01-26 01:10:00,4910.5,4911.0,4909.75,4910.75,416.0
2024-01-26 01:15:00,4910.75,4912.0,4910.25,4911.75,765.0
2024-01-26 01:20:00,4912.0,4912.0,4911.5,4911.75,683.0
2024-01-26 01:25:00,4911.5,4912.0,4911.25,4911.75,521.0
2024-01-26 01:30:00,4911.5,4911.5,4910.5,4911.5,775.0
2024-01-26 01:35:00,4911.5,4911.5,4910.75,4911.5,572.0
2024-01-26 01:40:00,4911.75,4912.0,4911.25,4911.5,572.0
2024-01-26 01:45:00,4911.5,4912.0,4911.5,4911.75,373.0
2024-01-26 01:50:00,4911.5,4912.0,4910.75,4911.75,597.0
2024-01-26 01:55:00,4911.75,4912.0,4911.25,4912.0,415.0
2024-01-26 02:00:00,4911.75,4913.0,4911.5,4912.75,775.0
2024-01-26 02:05:00,4913.0,4913.5,4912.75,4913.25,346.0
2024-01-26 02:10:00,4913.5,4914.75,4913.25,4914.5,464.0
2024-01-26 02:15:00,4914.25,4914.75,4914.0,4914.25,583.0
2024-01-26 02:20:00,4914.25,4914.75,4914.0,4914.25,348.0
2024-01-26 02:25:00,4914.25,4914.5,4913.75,4914.25,272.0
2024-01-26 02:30:00,4914.0,4915.0,4914.0,4914.75,352.0
2024-01-26 02:35:00,4914.5,4915.5,4914.25,4914.75,605.0
2024-01-26 02:40:00,4914.75,4914.75,4914.0,4914.25,356.0
2024-01-26 02:45:00,4914.25,4914.25,4912.5,4912.75,440.0
2024-01-26 02:50:00,4913.0,4913.0,4911.5,4911.5,497.0
2024-01-26 02:55:00,4911.5,4911.5,4910.25,4910.5,400.0
2024-01-26 03:00:00,4910.5,4911.5,4910.0,4911.0,974.0
2024-01-26 03:05:00,4911.0,4911.75,4911.0,4911.5,340.0
2024-01-26 03:10:00,4911.5,4911.5,4910.75,4911.0,240.0
2024-01-26 03:15:00,4911.0,4911.25,4909.75,4909.75,405.0
2024-01-26 03:20:00,4909.75,4910.5,4909.75,4910.25,179.0
2024-01-26 03:25:00,4910.5,4910.5,4909.75,4910.0,281.0
2024-01-26 03:30:00,4910.25,4910.75,4910.0,4910.75,272.0
2024-01-26 03:35:00,4910.75,4910.75,4910.25,4910.25,289.0
2024-01-26 03:40:00,4910.25,4910.25,4909.25,4910.0,458.0
2024-01-26 03:45:00,4910.0,4911.0,4910.0,4911.0,201.0
2024-01-26 03:50:00,4911.0,4911.25,4910.5,4910.75,253.0
2024-01-26 03:55:00,4910.75,4910.75,4909.75,4910.0,181.0
2024-01-26 04:00:00,4909.75,4910.25,4909.0,4909.0,321.0
2024-01-26 04:05:00,4909.0,4909.5,4908.75,4909.5,345.0
2024-01-26 04:10:00,4909.5,4909.5,4908.5,4908.5,267.0
2024-01-26 04:15:00,4908.5,4909.0,4907.25,4908.5,1028.0
2024-01-26 04:20:00,4908.75,4909.0,4906.25,4906.75,899.0
2024-01-26 04:25:00,4906.5,4907.25,4904.75,4906.25,1453.0
2024-01-26 04:30:00,4906.0,4907.25,4905.25,4906.0,1262.0
2024-01-26 04:35:00,4906.0,4906.0,4905.0,4905.5,526.0
2024-01-26 04:40:00,4905.5,4905.5,4903.0,4903.75,1051.0
2024-01-26 04:45:00,4903.5,4903.5,4901.5,4901.5,1225.0
2024-01-26 04:50:00,4901.75,4903.0,4901.25,4901.25,690.0
2024-01-26 04:55:00,4901.25,4902.75,4901.25,4902.25,594.0
2024-01-26 05:00:00,4902.5,4903.75,4902.5,4903.25,653.0
2024-01-26 05:05:00,4903.25,4904.25,4903.0,4904.0,426.0
2024-01-26 05:10:00,4904.0,4905.75,4904.0,4905.75,671.0
2024-01-26 05:15:00,4905.5,4906.75,4905.5,4906.25,955.0
2024-01-26 05:20:00,4906.25,4906.25,4905.25,4905.25,293.0
2024-01-26 05:25:00,4905.5,4906.25,4905.5,4905.5,290.0
2024-01-26 05:30:00,4905.5,4907.0,4905.5,4906.75,690.0
2024-01-26 05:35:00,4906.75,4907.5,4906.25,4907.25,496.0
2024-01-26 05:40:00,4907.5,4908.0,4906.75,4907.75,444.0
2024-01-26 05:45:00,4908.0,4908.5,4907.5,4907.75,276.0
2024-01-26 05:50:00,4908.0,4908.25,4907.25,4907.75,377.0
2024-01-26 05:55:00,4907.5,4908.0,4906.25,4906.5,474.0
2024-01-26 06:00:00,4906.5,4906.75,4904.5,4904.5,682.0
2024-01-26 06:05:00,4904.75,4905.5,4902.75,4903.0,677.0
2024-01-26 06:10:00,4902.75,4903.0,4901.25,4901.5,748.0
2024-01-26 06:15:00,4901.5,4903.25,4900.0,4903.0,1406.0
2024-01-26 06:20:00,4902.75,4904.0,4902.25,4902.5,736.0
2024-01-26 06:25:00,4902.5,4903.25,4901.0,4901.25,542.0
2024-01-26 06:30:00,4901.0,4901.5,4899.25,4900.25,1010.0
2024-01-26 06:35:00,4900.25,4902.5,4900.0,4902.5,604.0
2024-01-26 06:40:00,4902.5,4903.0,4901.75,4902.75,463.0
2024-01-26 06:45:00,4902.5,4903.75,4902.25,4902.75,511.0
2024-01-26 06:50:00,4902.5,4903.25,4902.0,4902.5,361.0
2024-01-26 06:55:00,4902.5,4904.5,4902.5,4903.0,1217.0
2024-01-26 07:00:00,4903.0,4904.75,4902.25,4904.25,848.0
2024-01-26 07:05:00,4904.0,4904.5,4903.25,4904.0,778.0
2024-01-26 07:10:00,4904.0,4904.25,4903.0,4903.25,893.0
2024-01-26 07:15:00,4903.0,4903.5,4901.0,4902.25,1205.0
2024-01-26 07:20:00,4902.0,4904.25,4902.0,4904.0,614.0
2024-01-26 07:25:00,4904.0,4905.25,4902.75,4904.25,925.0
2024-01-26 07:30:00,4904.0,4904.5,4901.0,4901.25,1199.0
2024-01-26 07:35:00,4901.25,4903.0,4901.25,4902.75,854.0
2024-01-26 07:40:00,4902.75,4903.25,4902.0,4902.25,459.0
2024-01-26 07:45:00,4902.5,4902.5,4901.0,4901.25,783.0
2024-01-26 07:50:00,4901.25,4901.25,4898.5,4899.75,1983.0
2024-01-26 07:55:00,4899.75,4900.5,4899.0,4899.25,712.0
2024-01-26 08:00:00,4899.25,4901.75,4899.0,4901.5,2181.0
2024-01-26 08:05:00,4901.5,4902.75,4900.75,4901.75,1633.0
2024-01-26 08:10:00,4901.5,4904.0,4901.5,4903.75,1996.0
2024-01-26 08:15:00,4903.5,4904.25,4902.0,4902.25,1545.0
2024-01-26 08:20:00,4902.25,4902.75,4900.5,4901.25,1006.0
2024-01-26 08:25:00,4901.5,4902.75,4900.0,4902.0,1292.0
2024-01-26 08:30:00,4901.75,4904.75,4901.75,4904.5,1011.0
2024-01-26 08:35:00,4904.75,4905.75,4904.5,4904.75,1216.0
2024-01-26 08:40:00,4904.75,4905.25,4902.75,4903.0,1213.0
2024-01-26 08:45:00,4902.75,4905.25,4902.75,4905.0,672.0
2024-01-26 08:50:00,4905.0,4905.0,4904.0,4904.5,694.0
2024-01-26 08:55:00,4904.5,4905.25,4903.75,4904.5,1169.0
2024-01-26 09:00:00,4904.25,4905.25,4903.0,4903.0,1462.0
2024-01-26 09:05:00,4903.0,4904.0,4901.0,4904.0,1415.0
2024-01-26 09:10:00,4903.75,4905.25,4903.25,4903.5,1135.0
2024-01-26 09:15:00,4903.5,4905.5,4903.0,4905.5,893.0
2024-01-26 09:20:00,4905.5,4906.75,4905.0,4906.5,1324.0
2024-01-26 09:25:00,4906.5,4908.25,4906.5,4908.0,1225.0
2024-01-26 09:30:00,4907.75,4909.5,4907.0,4907.25,1348.0
2024-01-26 09:35:00,4907.0,4909.0,4907.0,4907.75,1112.0
2024-01-26 09:40:00,4907.75,4910.5,4907.75,4909.75,1032.0
2024-01-26 09:45:00,4909.75,4911.25,4909.75,4911.0,1234.0
2024-01-26 09:50:00,4911.0,4912.25,4910.75,4912.25,1069.0
2024-01-26 09:55:00,4912.25,4913.0,4911.75,4912.75,1008.0
2024-01-26 10:00:00,4912.75,4914.25,4912.0,4913.0,1931.0
2024-01-26 10:05:00,4913.0,4913.5,4911.25,4911.5,1271.0
2024-01-26 10:10:00,4911.75,4913.5,4911.5,4913.25,979.0
2024-01-26 10:15:00,4913.25,4915.0,4912.25,4914.5,1733.0
2024-01-26 10:20:00,4914.75,4915.25,4914.25,4915.25,1018.0
2024-01-26 10:25:00,4915.25,4916.0,4914.5,4915.25,976.0
2024-01-26 10:30:00,4915.25,4916.25,4914.0,4914.0,1055.0
2024-01-26 10:35:00,4914.0,4915.0,4913.5,4914.75,1060.0
2024-01-26 10:40:00,4914.5,4915.75,4913.75,4915.25,755.0
2024-01-26 10:45:00,4915.25,4915.75,4915.0,4915.5,568.0
2024-01-26 10:50:00,4915.5,4915.5,4913.5,4913.75,859.0
2024-01-26 10:55:00,4913.75,4914.5,4913.5,4914.0,766.0
2024-01-26 11:00:00,4914.25,4915.75,4914.0,4915.5,885.0
2024-01-26 11:05:00,4915.5,4916.5,4913.75,4914.5,1057.0
2024-01-26 11:10:00,4914.25,4914.5,4913.25,4913.75,688.0
2024-01-26 11:15:00,4913.75,4914.0,4912.25,4912.75,1211.0
2024-01-26 11:20:00,4912.75,4916.5,4912.75,4916.5,902.0
2024-01-26 11:25:00,4916.5,4916.75,4915.75,4916.5,976.0
2024-01-26 11:30:00,4916.25,4918.0,4916.25,4917.75,1469.0
2024-01-26 11:35:00,4917.5,4918.0,4915.25,4915.75,1075.0
2024-01-26 11:40:00,4916.0,4916.5,4915.0,4915.0,1078.0
2024-01-26 11:45:00,4914.75,4915.5,4914.25,4915.0,1062.0
2024-01-26 11:50:00,4915.25,4916.25,4915.25,4915.75,661.0
2024-01-26 11:55:00,4915.5,4917.0,4915.5,4916.25,1174.0
2024-01-26 12:00:00,4916.0,4918.75,4915.5,4918.5,2397.0
2024-01-26 12:05:00,4918.5,4918.75,4917.5,4918.25,1413.0
2024-01-26 12:10:00,4918.5,4919.5,4918.0,4919.5,1297.0
2024-01-26 12:15:00,4919.5,4921.0,4919.25,4920.0,1969.0
2024-01-26 12:20:00,4920.0,4921.0,4919.0,4919.25,1209.0
2024-01-26 12:25:00,4919.0,4920.0,4918.75,4919.5,1084.0
2024-01-26 12:30:00,4919.5,4921.5,4919.25,4920.75,1203.0
2024-01-26 12:35:00,4920.75,4922.25,4920.5,4921.75,1743.0
2024-01-26 12:40:00,4922.0,4922.5,4921.5,4922.0,1270.0
2024-01-26 12:45:00,4922.0,4922.5,4921.0,4921.75,1201.0
2024-01-26 12:50:00,4921.75,4922.0,4919.5,4919.75,1901.0
2024-01-26 12:55:00,4919.75,4920.0,4917.75,4918.5,1550.0
2024-01-26 13:00:00,4918.25,4920.5,4917.5,4920.25,2101.0
2024-01-26 13:05:00,4920.5,4921.5,4919.0,4921.0,2236.0
2024-01-26 13:10:00,4921.0,4922.0,4920.5,4920.75,1994.0
2024-01-26 13:15:00,4920.75,4921.75,4918.25,4918.75,2404.0
2024-01-26 13:20:00,4919.0,4921.0,4918.25,4919.5,2570.0
2024-01-26 13:25:00,4919.5,4920.25,4916.75,4918.0,3579.0
2024-01-26 13:30:00,4918.0,4924.0,4914.0,4915.0,13289.0
2024-01-26 13:35:00,4915.0,4917.5,4911.75,4913.75,10178.0
2024-01-26 13:40:00,4913.75,4923.25,4913.75,4921.75,9674.0
2024-01-26 13:45:00,4921.75,4928.0,4921.5,4927.0,8604.0
2024-01-26 13:50:00,4927.0,4928.75,4926.0,4927.25,7551.0
2024-01-26 13:55:00,4927.5,4928.0,4925.25,4927.25,4072.0
2024-01-26 14:00:00,4927.25,4927.25,4922.5,4923.25,5449.0
2024-01-26 14:05:00,4923.0,4923.0,4918.75,4920.75,7191.0
2024-01-26 14:10:00,4920.75,4922.5,4916.0,4916.25,6771.0
2024-01-26 14:15:00,4916.25,4917.75,4915.25,4916.0,5604.0
2024-01-26 14:20:00,4915.75,4917.0,4913.5,4916.5,5539.0
2024-01-26 14:25:00,4916.25,4917.75,4914.25,4917.75,6496.0
2024-01-26 14:30:00,4917.75,4925.0,4916.75,4924.75,35725.0
2024-01-26 14:35:00,4924.75,4925.25,4918.25,4921.5,25044.0
2024-01-26 14:40:00,4921.25,4923.0,4919.5,4921.75,19609.0
2024-01-26 14:45:00,4922.0,4922.0,4917.5,4918.0,16912.0
2024-01-26 14:50:00,4918.0,4920.0,4914.75,4915.5,17379.0
2024-01-26 14:55:00,4915.5,4918.5,4914.75,4918.5,12955.0
2024-01-26 15:00:00,4918.25,4920.0,4916.0,4917.0,17210.0
2024-01-26 15:05:00,4917.25,4918.5,4912.75,4917.0,21546.0
2024-01-26 15:10:00,4917.25,4919.0,4914.75,4918.75,14519.0
2024-01-26 15:15:00,4919.0,4919.0,4914.0,4915.0,13753.0
2024-01-26 15:20:00,4915.0,4921.0,4914.75,4919.5,16072.0
2024-01-26 15:25:00,4919.5,4924.5,4919.25,4924.0,16575.0
2024-01-26 15:30:00,4924.0,4927.5,4923.0,4926.75,18752.0
2024-01-26 15:35:00,4926.75,4929.75,4925.0,4927.75,17401.0
2024-01-26 15:40:00,4928.0,4930.75,4927.0,4929.5,13581.0
2024-01-26 15:45:00,4929.5,4931.0,4928.75,4930.25,12545.0
2024-01-26 15:50:00,4930.25,4933.25,4929.5,4930.25,15299.0
2024-01-26 15:55:00,4930.5,4933.0,4930.0,4932.0,10307.0
2024-01-26 16:00:00,4931.75,4934.25,4929.5,4929.75,14115.0
2024-01-26 16:05:00,4930.0,4930.75,4928.0,4930.25,11712.0
2024-01-26 16:10:00,4930.25,4931.5,4927.25,4928.25,13608.0
2024-01-26 16:15:00,4928.25,4929.5,4926.25,4926.75,10972.0
2024-01-26 16:20:00,4927.0,4929.25,4926.5,4929.0,8059.0
2024-01-26 16:25:00,4929.0,4930.75,4928.25,4930.0,13005.0
2024-01-26 16:30:00,4930.0,4931.25,4929.25,4930.5,9686.0
2024-01-26 16:35:00,4930.5,4931.0,4923.75,4925.25,14870.0
2024-01-26 16:40:00,4925.5,4926.5,4923.75,4924.5,9985.0
2024-01-26 16:45:00,4924.75,4927.0,4923.75,4926.75,7567.0
2024-01-26 16:50:00,4926.75,4929.25,4926.5,4929.25,9817.0
2024-01-26 16:55:00,4929.25,4931.0,4928.25,4930.0,8997.0
2024-01-26 17:00:00,4930.0,4931.0,4929.0,4930.0,8380.0
2024-01-26 17:05:00,4930.25,4931.5,4928.75,4929.0,9182.0
2024-01-26 17:10:00,4929.0,4929.25,4925.0,4928.25,10022.0
2024-01-26 17:15:00,4928.25,4930.5,4928.0,4929.75,7346.0
2024-01-26 17:20:00,4929.75,4930.75,4928.0,4928.25,6395.0
2024-01-26 17:25:00,4928.0,4928.0,4925.0,4926.0,8890.0
2024-01-26 17:30:00,4926.0,4926.0,4920.5,4922.75,14470.0
2024-01-26 17:35:00,4922.75,4922.75,4914.0,4915.0,25179.0
2024-01-26 17:40:00,4914.75,4918.0,4914.0,4915.5,15876.0
2024-01-26 17:45:00,4915.25,4917.25,4913.5,4913.5,11510.0
2024-01-26 17:50:00,4913.5,4914.75,4909.25,4911.5,21247.0
2024-01-26 17:55:00,4911.25,4914.5,4911.0,4912.75,10819.0
2024-01-26 18:00:00,4912.5,4914.75,4909.75,4912.75,16366.0
2024-01-26 18:05:00,4912.5,4914.5,4911.5,4913.25,12159.0
2024-01-26 18:10:00,4913.5,4915.5,4913.25,4914.75,6431.0
2024-01-26 18:15:00,4914.75,4914.75,4911.5,4911.75,7252.0
2024-01-26 18:20:00,4911.75,4916.5,4910.75,4915.75,7616.0
2024-01-26 18:25:00,4915.75,4917.5,4913.75,4914.25,10115.0
2024-01-26 18:30:00,4914.25,4917.5,4913.75,4914.0,7969.0
2024-01-26 18:35:00,4914.0,4917.5,4914.0,4915.75,5986.0
2024-01-26 18:40:00,4915.5,4915.5,4909.25,4909.75,12110.0
2024-01-26 18:45:00,4909.75,4911.75,4908.5,4910.0,13147.0
2024-01-26 18:50:00,4909.75,4911.5,4908.75,4908.75,6939.0
2024-01-26 18:55:00,4908.75,4913.5,4907.5,4912.75,11178.0
2024-01-26 19:00:00,4912.75,4915.75,4911.75,4915.0,8619.0
2024-01-26 19:05:00,4915.25,4917.25,4915.0,4915.25,7766.0
2024-01-26 19:10:00,4915.5,4916.5,4913.75,4914.5,6668.0
2024-01-26 19:15:00,4914.75,4917.25,4914.25,4915.5,5364.0
2024-01-26 19:20:00,4915.5,4916.0,4912.5,4914.0,6339.0
2024-01-26 19:25:00,4914.0,4915.0,4912.5,4914.75,5564.0
2024-01-26 19:30:00,4914.75,4915.5,4912.25,4912.75,5474.0
2024-01-26 19:35:00,4912.75,4916.75,4911.5,4916.25,6169.0
2024-01-26 19:40:00,4916.25,4920.5,4916.25,4918.5,11226.0
2024-01-26 19:45:00,4918.5,4921.5,4918.25,4921.0,8809.0
2024-01-26 19:50:00,4920.75,4923.75,4920.25,4921.25,10537.0
2024-01-26 19:55:00,4921.0,4922.5,4918.25,4922.0,10005.0
2024-01-26 20:00:00,4921.75,4923.0,4920.75,4921.5,7127.0
2024-01-26 20:05:00,4921.75,4922.25,4919.5,4921.0,7003.0
2024-01-26 20:10:00,4920.75,4921.5,4919.5,4921.25,5201.0
2024-01-26 20:15:00,4921.25,4922.75,4920.25,4921.25,6343.0
2024-01-26 20:20:00,4921.5,4921.5,4916.5,4917.5,9587.0
2024-01-26 20:25:00,4917.5,4920.0,4916.5,4916.75,7894.0
2024-01-26 20:30:00,4916.75,4918.25,4915.0,4915.25,11106.0
2024-01-26 20:35:00,4915.0,4917.25,4915.0,4915.25,7048.0
2024-01-26 20:40:00,4915.25,4916.5,4912.75,4916.25,12467.0
2024-01-26 20:45:00,4916.0,4917.0,4914.0,4915.5,10048.0
2024-01-26 20:50:00,4915.75,4917.75,4915.0,4915.25,12456.0
2024-01-26 20:55:00,4915.5,4919.25,4914.5,4916.0,24259.0
2024-01-26 21:00:00,4916.0,4917.5,4914.0,4915.0,61984.0
2024-01-26 21:05:00,4915.25,4915.25,4914.0,4914.5,7701.0
2024-01-26 21:10:00,4914.5,4915.0,4914.25,4914.25,5242.0
2024-01-26 21:15:00,4914.5,4915.25,4914.0,4915.0,3015.0
2024-01-26 21:20:00,4915.25,4915.75,4915.0,4915.25,1653.0
2024-01-26 21:25:00,4915.5,4915.5,4914.75,4914.75,1299.0
2024-01-26 21:30:00,4915.0,4915.0,4914.0,4914.0,933.0
2024-01-26 21:35:00,4914.0,4914.5,4914.0,4914.0,1683.0
2024-01-26 21:40:00,4914.25,4914.25,4913.25,4914.0,1418.0
2024-01-26 21:45:00,4914.0,4914.25,4913.75,4914.25,1249.0
2024-01-26 21:50:00,4914.5,4915.0,4914.0,4914.75,727.0
2024-01-26 21:55:00,4914.75,4914.75,4913.75,4914.0,1360.0
2024-01-26 22:00:00,4914.0,4914.0,4912.75,4912.75,7146.0
2024-01-28 04:00:00,4912.75,4912.75,4912.75,4912.75,1.0
2024-01-28 14:05:00,4912.75,4912.75,4912.75,4912.75,1.0
2024-01-28 16:55:00,4912.75,4912.75,4912.75,4912.75,1.0
2024-01-28 23:00:00,4908.75,4910.25,4901.75,4904.25,3417.0
2024-01-28 23:05:00,4904.5,4905.5,4903.5,4904.25,1332.0
2024-01-28 23:10:00,4904.25,4905.0,4903.0,4904.75,916.0
2024-01-28 23:15:00,4905.0,4907.5,4905.0,4906.75,1557.0
2024-01-28 23:20:00,4907.0,4907.25,4904.0,4904.75,2384.0
2024-01-28 23:25:00,4904.5,4907.0,4903.0,4904.75,1380.0
2024-01-28 23:30:00,4904.75,4906.25,4904.5,4905.5,746.0
2024-01-28 23:35:00,4905.25,4905.5,4903.75,4904.5,378.0
2024-01-28 23:40:00,4904.75,4905.75,4904.25,4904.75,481.0
2024-01-28 23:45:00,4905.0,4906.0,4904.25,4905.25,470.0
2024-01-28 23:50:00,4905.0,4905.25,4903.75,4904.25,531.0
2024-01-28 23:55:00,4904.25,4904.5,4904.0,4904.0,271.0
2024-01-29 00:00:00,4904.25,4904.5,4903.75,4904.0,307.0
2024-01-29 00:05:00,4904.25,4904.75,4904.0,4904.75,369.0
2024-01-29 00:10:00,4904.75,4905.0,4904.25,4904.25,567.0
2024-01-29 00:15:00,4904.25,4905.0,4904.0,4904.5,555.0
2024-01-29 00:20:00,4904.5,4905.0,4903.75,4903.75,635.0
2024-01-29 00:25:00,4904.0,4904.5,4903.75,4904.0,298.0
2024-01-29 00:30:00,4904.0,4904.25,4903.5,4904.0,357.0
2024-01-29 00:35:00,4904.0,4905.0,4903.5,4904.75,504.0
2024-01-29 00:40:00,4905.0,4906.0,4904.75,4905.5,970.0
2024-01-29 00:45:00,4905.5,4906.0,4904.75,4905.5,458.0
2024-01-29 00:50:00,4905.5,4906.5,4905.25,4906.25,502.0
2024-01-29 00:55:00,4906.0,4906.75,4905.75,4906.5,296.0
2024-01-29 01:00:00,4906.5,4907.0,4906.25,4906.75,773.0
2024-01-29 01:05:00,4906.75,4908.0,4906.5,4907.75,852.0
2024-01-29 01:10:00,4907.75,4910.0,4907.25,4909.75,1337.0
2024-01-29 01:15:00,4909.5,4909.75,4908.25,4908.5,589.0
2024-01-29 01:20:00,4908.5,4909.25,4908.5,4909.0,688.0
2024-01-29 01:25:00,4909.0,4911.75,4909.0,4911.5,1317.0
2024-01-29 01:30:00,4911.5,4912.0,4911.0,4911.5,1255.0
2024-01-29 01:35:00,4911.25,4912.25,4910.75,4911.0,799.0
2024-01-29 01:40:00,4911.0,4912.5,4910.75,4912.0,570.0
2024-01-29 01:45:00,4912.0,4912.25,4911.25,4911.75,381.0
2024-01-29 01:50:00,4911.75,4912.25,4910.5,4911.25,721.0
2024-01-29 01:55:00,4911.0,4912.25,4911.0,4911.75,511.0
2024-01-29 02:00:00,4911.75,4912.5,4911.75,4911.75,308.0
2024-01-29 02:05:00,4911.75,4912.25,4911.5,4911.75,330.0
2024-01-29 02:10:00,4912.0,4912.0,4910.0,4910.5,786.0
2024-01-29 02:15:00,4910.5,4911.25,4910.25,4911.0,273.0
2024-01-29 02:20:00,4911.0,4911.0,4909.5,4910.5,471.0
2024-01-29 02:25:00,4910.5,4911.25,4910.25,4910.75,325.0
2024-01-29 02:30:00,4910.5,4910.75,4909.5,4910.0,277.0
2024-01-29 02:35:00,4910.0,4910.25,4909.75,4910.0,305.0
2024-01-29 02:40:00,4910.0,4910.75,4910.0,4910.5,411.0
2024-01-29 02:45:00,4910.5,4910.5,4910.0,4910.0,196.0
2024-01-29 02:50:00,4910.0,4910.25,4909.75,4909.75,136.0
2024-01-29 02:55:00,4909.75,4911.25,4909.75,4911.0,332.0
2024-01-29 03:00:00,4911.25,4913.0,4911.0,4912.75,979.0
2024-01-29 03:05:00,4912.75,4913.0,4912.0,4912.5,425.0
2024-01-29 03:10:00,4912.25,4913.25,4912.25,4913.0,377.0
2024-01-29 03:15:00,4912.75,4913.0,4911.5,4911.75,268.0
2024-01-29 03:20:00,4911.75,4911.75,4910.0,4910.5,451.0
2024-01-29 03:25:00,4910.75,4911.25,4909.75,4910.75,449.0
2024-01-29 03:30:00,4910.75,4911.0,4910.25,4910.75,260.0
2024-01-29 03:35:00,4910.75,4910.75,4909.75,4910.0,241.0
2024-01-29 03:40:00,4910.0,4911.25,4909.5,4911.25,250.0
2024-01-29 03:45:00,4911.25,4911.5,4910.75,4911.0,282.0
2024-01-29 03:50:00,4911.0,4911.75,4910.75,4911.0,516.0
2024-01-29 03:55:00,4911.0,4912.0,4911.0,4912.0,298.0
2024-01-29 04:00:00,4912.0,4912.25,4911.25,4911.75,377.0
2024-01-29 04:05:00,4912.0,4912.0,4911.25,4911.75,181.0
2024-01-29 04:10:00,4911.75,4912.0,4911.5,4911.75,337.0
2024-01-29 04:15:00,4911.75,4912.0,4911.0,4911.25,207.0
2024-01-29 04:20:00,4911.5,4912.0,4911.5,4911.75,233.0
2024-01-29 04:25:00,4912.0,4912.25,4911.5,4911.5,373.0
2024-01-29 04:30:00,4911.5,4911.75,4911.0,4911.25,195.0
2024-01-29 04:35:00,4911.25,4911.5,4911.0,4911.5,61.0
2024-01-29 04:40:00,4911.5,4911.5,4911.0,4911.25,297.0
2024-01-29 04:45:00,4911.5,4912.25,4911.25,4911.75,98.0
2024-01-29 04:50:00,4912.0,4912.25,4911.5,4911.5,134.0
2024-01-29 04:55:00,4911.5,4912.0,4911.5,4911.75,80.0
2024-01-29 05:00:00,4911.75,4912.75,4911.5,4912.5,419.0
2024-01-29 05:05:00,4912.5,4912.75,4911.75,4911.75,477.0
2024-01-29 05:10:00,4911.5,4911.5,4911.0,4911.0,555.0
2024-01-29 05:15:00,4911.25,4912.0,4911.0,4911.75,386.0
2024-01-29 05:20:00,4911.75,4911.75,4911.0,4911.0,134.0
2024-01-29 05:25:00,4911.0,4912.25,4911.0,4912.25,236.0
2024-01-29 05:30:00,4912.25,4912.75,4911.75,4912.0,301.0
2024-01-29 05:35:00,4912.0,4912.5,4911.75,4912.25,216.0
2024-01-29 05:40:00,4912.25,4913.25,4912.0,4912.75,320.0
2024-01-29 05:45:00,4912.75,4912.75,4912.25,4912.25,267.0
2024-01-29 05:50:00,4912.25,4913.0,4912.25,4912.5,327.0
2024-01-29 05:55:00,4912.5,4913.0,4912.5,4912.75,189.0
2024-01-29 06:00:00,4912.75,4913.75,4912.5,4913.25,724.0
2024-01-29 06:05:00,4913.25,4915.0,4913.0,4914.75,584.0
2024-01-29 06:10:00,4914.5,4915.0,4914.0,4914.25,476.0
2024-01-29 06:15:00,4914.25,4915.75,4914.0,4915.25,499.0
2024-01-29 06:20:00,4915.25,4915.75,4915.0,4915.25,553.0
2024-01-29 06:25:00,4915.25,4915.25,4914.25,4914.75,651.0
2024-01-29 06:30:00,4914.75,4915.0,4914.25,4915.0,462.0
2024-01-29 06:35:00,4915.0,4915.0,4914.25,4914.25,190.0
2024-01-29 06:40:00,4914.25,4914.25,4913.75,4914.0,354.0
2024-01-29 06:45:00,4914.0,4915.25,4914.0,4914.75,509.0
2024-01-29 06:50:00,4915.0,4915.25,4914.25,4914.5,230.0
2024-01-29 06:55:00,4914.5,4914.5,4914.0,4914.5,148.0
2024-01-29 07:00:00,4914.5,4914.5,4913.5,4914.0,377.0
2024-01-29 07:05:00,4914.0,4916.25,4914.0,4916.0,618.0
2024-01-29 07:10:00,4916.0,4916.0,4914.25,4914.5,566.0
2024-01-29 07:15:00,4914.5,4915.75,4914.5,4915.5,831.0
2024-01-29 07:20:00,4915.5,4915.5,4914.75,4915.25,379.0
2024-01-29 07:25:00,4915.0,4915.25,4914.25,4915.0,489.0
2024-01-29 07:30:00,4915.0,4916.75,4915.0,4915.75,1434.0
2024-01-29 07:35:00,4916.0,4916.25,4915.25,4916.25,331.0
2024-01-29 07:40:00,4916.25,4917.0,4915.75,4916.75,701.0
2024-01-29 07:45:00,4916.75,4917.0,4916.25,4916.75,612.0
2024-01-29 07:50:00,4916.75,4916.75,4915.75,4916.5,473.0
2024-01-29 07:55:00,4916.5,4917.5,4916.5,4917.25,817.0
2024-01-29 08:00:00,4917.25,4918.25,4916.25,4917.0,1864.0
2024-01-29 08:05:00,4917.25,4917.5,4915.5,4915.75,1312.0
2024-01-29 08:10:00,4915.75,4917.0,4915.5,4916.75,1100.0
2024-01-29 08:15:00,4916.75,4916.75,4915.5,4915.75,901.0
2024-01-29 08:20:00,4915.75,4917.25,4915.75,4917.0,1023.0
2024-01-29 08:25:00,4917.0,4917.75,4915.75,4917.5,1089.0
2024-01-29 08:30:00,4917.5,4920.0,4917.25,4919.75,1497.0
2024-01-29 08:35:00,4919.75,4920.25,4919.25,4920.25,1247.0
2024-01-29 08:40:00,4920.0,4920.25,4919.25,4919.25,1028.0
2024-01-29 08:45:00,4919.25,4920.0,4919.25,4919.5,997.0
2024-01-29 08:50:00,4919.5,4919.75,4918.25,4918.5,754.0
2024-01-29 08:55:00,4918.75,4919.75,4918.75,4919.5,839.0
2024-01-29 09:00:00,4919.5,4920.25,4918.75,4920.25,1325.0
2024-01-29 09:05:00,4920.0,4920.5,4919.5,4920.25,1367.0
2024-01-29 09:10:00,4920.25,4920.75,4918.75,4918.75,1093.0
2024-01-29 09:15:00,4918.5,4918.75,4917.0,4917.5,1133.0
2024-01-29 09:20:00,4917.5,4917.5,4915.5,4915.5,1420.0
2024-01-29 09:25:00,4915.75,4916.75,4915.0,4915.75,1089.0
2024-01-29 09:30:00,4915.75,4917.25,4915.5,4916.75,905.0
2024-01-29 09:35:00,4916.75,4917.75,4915.75,4916.0,945.0
2024-01-29 09:40:00,4916.0,4916.25,4913.5,4913.5,1047.0
2024-01-29 09:45:00,4913.5,4914.75,4913.25,4914.5,1161.0
2024-01-29 09:50:00,4914.75,4915.25,4913.5,4913.75,566.0
2024-01-29 09:55:00,4913.75,4914.25,4913.25,4913.25,544.0
2024-01-29 10:00:00,4913.0,4914.25,4912.5,4914.25,754.0
2024-01-29 10:05:00,4914.5,4916.25,4914.5,4916.25,1032.0
2024-01-29 10:10:00,4916.0,4916.75,4915.25,4915.5,714.0
2024-01-29 10:15:00,4915.5,4916.75,4915.5,4916.0,962.0
2024-01-29 10:20:00,4916.0,4916.75,4915.5,4916.5,523.0
2024-01-29 10:25:00,4916.5,4917.25,4916.0,4917.0,626.0
2024-01-29 10:30:00,4916.75,4917.5,4916.5,4916.75,535.0
2024-01-29 10:35:00,4916.75,4917.25,4915.75,4915.75,364.0
2024-01-29 10:40:00,4916.0,4918.5,4915.75,4918.25,601.0
2024-01-29 10:45:00,4918.25,4919.0,4918.0,4918.0,370.0
2024-01-29 10:50:00,4918.0,4918.75,4918.0,4918.0,581.0
2024-01-29 10:55:00,4918.0,4918.5,4917.0,4918.25,640.0
2024-01-29 11:00:00,4918.5,4918.75,4917.0,4917.25,682.0
2024-01-29 11:05:00,4917.25,4919.0,4917.25,4918.25,359.0
2024-01-29 11:10:00,4918.0,4918.25,4917.25,4918.0,362.0
2024-01-29 11:15:00,4918.0,4918.5,4917.5,4917.75,322.0
2024-01-29 11:20:00,4918.0,4919.0,4917.75,4919.0,270.0
2024-01-29 11:25:00,4918.75,4919.5,4918.5,4919.25,374.0
2024-01-29 11:30:00,4919.25,4919.75,4918.75,4918.75,491.0
2024-01-29 11:35:00,4918.75,4919.25,4918.25,4918.5,694.0
2024-01-29 11:40:00,4918.5,4919.25,4918.0,4919.25,802.0
2024-01-29 11:45:00,4919.0,4920.75,4919.0,4919.25,934.0
2024-01-29 11:50:00,4919.5,4919.5,4918.75,4919.25,601.0
2024-01-29 11:55:00,4919.25,4920.0,4919.0,4919.25,464.0
2024-01-29 12:00:00,4919.25,4920.25,4918.5,4920.0,1126.0
2024-01-29 12:05:00,4920.0,4920.5,4919.0,4919.75,654.0
2024-01-29 12:10:00,4919.75,4921.25,4919.75,4920.25,1309.0
2024-01-29 12:15:00,4920.25,4920.25,4919.25,4919.25,959.0
2024-01-29 12:20:00,4919.25,4920.75,4919.25,4919.75,809.0
2024-01-29 12:25:00,4920.0,4921.25,4919.75,4921.25,867.0
2024-01-29 12:30:00,4921.25,4921.75,4919.25,4920.25,2012.0
2024-01-29 12:35:00,4920.25,4920.5,4918.0,4918.5,946.0
2024-01-29 12:40:00,4918.75,4919.75,4918.5,4919.5,639.0
2024-01-29 12:45:00,4919.25,4919.75,4917.75,4917.75,875.0
2024-01-29 12:50:00,4917.5,4917.75,4916.0,4917.25,1405.0
2024-01-29 12:55:00,4917.25,4918.5,4917.25,4917.5,953.0
2024-01-29 13:00:00,4917.5,4918.5,4916.75,4917.25,1508.0
2024-01-29 13:05:00,4917.5,4919.5,4917.0,4919.5,1134.0
2024-01-29 13:10:00,4919.5,4920.0,4918.25,4918.5,1178.0
2024-01-29 13:15:00,4918.5,4919.0,4917.5,4917.5,1120.0
2024-01-29 13:20:00,4917.25,4917.25,4915.5,4916.0,1809.0
2024-01-29 13:25:00,4915.75,4916.5,4915.5,4916.25,1791.0
2024-01-29 13:30:00,4916.5,4917.0,4915.75,4916.0,1348.0
2024-01-29 13:35:00,4916.25,4917.0,4915.25,4916.0,2448.0
2024-01-29 13:40:00,4916.0,4916.25,4914.0,4914.75,2845.0
2024-01-29 13:45:00,4914.5,4916.75,4914.25,4915.25,2281.0
2024-01-29 13:50:00,4915.25,4916.25,4914.5,4916.0,1385.0
2024-01-29 13:55:00,4916.25,4916.75,4915.75,4916.25,2206.0
2024-01-29 14:00:00,4916.0,4916.25,4915.25,4915.5,1291.0
2024-01-29 14:05:00,4915.75,4917.75,4915.75,4917.5,2173.0
2024-01-29 14:10:00,4917.75,4917.75,4916.25,4916.75,1784.0
2024-01-29 14:15:00,4916.75,4917.0,4914.75,4916.5,2433.0
2024-01-29 14:20:00,4916.5,4918.0,4916.25,4917.5,1852.0
2024-01-29 14:25:00,4917.5,4919.0,4916.75,4917.5,3215.0
2024-01-29 14:30:00,4917.5,4920.25,4916.0,4919.5,20835.0
2024-01-29 14:35:00,4919.75,4923.0,4919.0,4920.0,20478.0
2024-01-29 14:40:00,4919.75,4921.25,4918.75,4920.5,12378.0
2024-01-29 14:45:00,4920.5,4921.5,4918.25,4919.25,13445.0
2024-01-29 14:50:00,4919.5,4921.5,4918.75,4920.75,11634.0
2024-01-29 14:55:00,4921.0,4923.0,4920.0,4920.75,12826.0
2024-01-29 15:00:00,4920.5,4922.25,4919.5,4919.5,15255.0
2024-01-29 15:05:00,4919.75,4921.5,4917.75,4921.25,13860.0
2024-01-29 15:10:00,4921.5,4924.0,4920.75,4922.0,16042.0
2024-01-29 15:15:00,4922.25,4924.25,4922.0,4923.75,12006.0
2024-01-29 15:20:00,4923.75,4924.25,4917.5,4918.0,17738.0
2024-01-29 15:25:00,4918.0,4918.5,4915.25,4918.25,21340.0
2024-01-29 15:30:00,4918.25,4920.5,4912.75,4913.75,18831.0
2024-01-29 15:35:00,4913.75,4918.25,4913.5,4918.0,9645.0
2024-01-29 15:40:00,4917.75,4920.0,4915.75,4916.25,14703.0
2024-01-29 15:45:00,4916.0,4918.5,4915.5,4916.0,9510.0
2024-01-29 15:50:00,4915.75,4917.25,4914.25,4915.75,7396.0
2024-01-29 15:55:00,4915.75,4917.75,4913.5,4914.0,6940.0
2024-01-29 16:00:00,4914.0,4915.75,4912.75,4915.25,7865.0
2024-01-29 16:05:00,4915.0,4915.75,4914.25,4915.0,6392.0
2024-01-29 16:10:00,4915.0,4917.5,4915.0,4917.25,6892.0
2024-01-29 16:15:00,4917.0,4919.0,4916.25,4918.25,7435.0
2024-01-29 16:20:00,4918.25,4919.25,4915.5,4916.25,6323.0
2024-01-29 16:25:00,4916.5,4919.5,4916.0,4919.25,8324.0
2024-01-29 16:30:00,4919.25,4920.75,4918.5,4919.75,8291.0
2024-01-29 16:35:00,4919.75,4920.75,4918.5,4919.75,7024.0
2024-01-29 16:40:00,4919.75,4921.75,4919.5,4921.25,6556.0
2024-01-29 16:45:00,4921.25,4922.5,4920.5,4921.75,7134.0
2024-01-29 16:50:00,4921.75,4922.25,4920.75,4922.0,6163.0
2024-01-29 16:55:00,4922.0,4923.25,4921.75,4922.25,6587.0
2024-01-29 17:00:00,4922.5,4923.5,4920.5,4921.5,7811.0
2024-01-29 17:05:00,4921.75,4922.0,4920.25,4921.25,4214.0
2024-01-29 17:10:00,4921.25,4923.0,4921.0,4922.25,4524.0
2024-01-29 17:15:00,4922.25,4923.25,4921.0,4921.75,5980.0
2024-01-29 17:20:00,4921.75,4923.5,4920.25,4923.25,6887.0
2024-01-29 17:25:00,4923.5,4926.5,4923.25,4923.5,13147.0
2024-01-29 17:30:00,4923.5,4925.75,4923.25,4924.75,7119.0
2024-01-29 17:35:00,4924.75,4927.0,4924.25,4926.0,6174.0
2024-01-29 17:40:00,4926.0,4927.5,4923.75,4924.5,8219.0
2024-01-29 17:45:00,4924.75,4925.0,4919.75,4921.25,13643.0
2024-01-29 17:50:00,4921.5,4922.75,4920.25,4921.5,5853.0
2024-01-29 17:55:00,4921.75,4924.25,4921.5,4923.5,6131.0
2024-01-29 18:00:00,4923.75,4924.25,4919.75,4921.25,7499.0
2024-01-29 18:05:00,4921.25,4923.5,4921.0,4923.0,4681.0
2024-01-29 18:10:00,4923.0,4923.0,4920.25,4922.25,3605.0
2024-01-29 18:15:00,4922.5,4923.5,4921.0,4922.75,4020.0
2024-01-29 18:20:00,4922.75,4924.25,4922.25,4924.0,4807.0
2024-01-29 18:25:00,4924.0,4926.0,4923.5,4925.25,5611.0
2024-01-29 18:30:00,4925.25,4926.5,4924.75,4925.25,5554.0
2024-01-29 18:35:00,4925.25,4926.0,4924.75,4925.5,4146.0
2024-01-29 18:40:00,4925.5,4926.75,4924.75,4926.75,4321.0
2024-01-29 18:45:00,4926.5,4926.75,4925.25,4926.25,3598.0
2024-01-29 18:50:00,4926.25,4926.25,4923.75,4924.5,5886.0
2024-01-29 18:55:00,4924.5,4924.5,4923.25,4923.5,3328.0
2024-01-29 19:00:00,4923.75,4925.0,4922.25,4924.75,5601.0
2024-01-29 19:05:00,4924.75,4926.0,4924.25,4925.5,4110.0
2024-01-29 19:10:00,4925.25,4929.5,4925.25,4929.0,12455.0
2024-01-29 19:15:00,4929.0,4930.5,4928.25,4928.5,8759.0
2024-01-29 19:20:00,4928.5,4929.25,4927.25,4928.5,5067.0
2024-01-29 19:25:00,4928.5,4929.25,4927.75,4929.25,4071.0
2024-01-29 19:30:00,4929.0,4930.0,4928.5,4929.75,5662.0
2024-01-29 19:35:00,4930.0,4932.25,4929.75,4930.25,9517.0
2024-01-29 19:40:00,4930.5,4932.5,4930.25,4931.75,6891.0
2024-01-29 19:45:00,4932.0,4932.25,4929.75,4930.25,8510.0
2024-01-29 19:50:00,4930.5,4930.5,4928.5,4929.75,9426.0
2024-01-29 19:55:00,4929.5,4931.5,4929.0,4930.0,4759.0
2024-01-29 20:00:00,4930.0,4943.0,4929.75,4938.0,45196.0
2024-01-29 20:05:00,4938.0,4945.0,4936.75,4944.0,20097.0
2024-01-29 20:10:00,4943.75,4944.25,4939.75,4942.5,16815.0
2024-01-29 20:15:00,4942.5,4948.75,4941.75,4948.5,17545.0
2024-01-29 20:20:00,4948.5,4952.5,4948.0,4951.75,26291.0
2024-01-29 20:25:00,4951.5,4956.0,4949.75,4950.25,29134.0
2024-01-29 20:30:00,4950.25,4954.0,4950.0,4952.0,15269.0
2024-01-29 20:35:00,4951.75,4953.5,4949.75,4950.0,14288.0
2024-01-29 20:40:00,4950.0,4950.75,4948.0,4949.5,12154.0
2024-01-29 20:45:00,4949.5,4950.25,4945.25,4948.75,16861.0
2024-01-29 20:50:00,4948.5,4950.0,4946.0,4949.25,21299.0
2024-01-29 20:55:00,4949.25,4954.75,4947.25,4954.5,40808.0
2024-01-29 21:00:00,4954.5,4955.75,4950.25,4950.25,89323.0
2024-01-29 21:05:00,4950.25,4950.75,4948.5,4950.0,10167.0
2024-01-29 21:10:00,4950.0,4950.5,4948.75,4950.25,5775.0
2024-01-29 21:15:00,4950.5,4953.75,4950.25,4953.0,4415.0
2024-01-29 21:20:00,4953.0,4953.25,4952.0,4952.25,2126.0
2024-01-29 21:25:00,4952.25,4953.5,4952.0,4953.0,1336.0
2024-01-29 21:30:00,4953.0,4953.5,4952.25,4953.5,1085.0
2024-01-29 21:35:00,4953.25,4953.75,4953.0,4953.0,988.0
2024-01-29 21:40:00,4953.0,4953.5,4952.25,4953.25,7644.0
2024-01-29 21:45:00,4953.25,4953.75,4952.75,4953.75,1534.0
2024-01-29 21:50:00,4953.5,4953.75,4952.25,4952.5,1031.0
2024-01-29 21:55:00,4952.5,4952.75,4951.75,4952.0,19694.0
2024-01-29 22:00:00,4952.0,4952.25,4949.75,4950.25,1765.0
2024-01-29 23:00:00,4950.25,4953.0,4949.5,4953.0,1408.0
2024-01-29 23:05:00,4953.0,4954.5,4952.75,4953.75,702.0
2024-01-29 23:10:00,4953.75,4954.25,4952.5,4953.0,620.0
2024-01-29 23:15:00,4952.75,4952.75,4951.75,4952.25,485.0
2024-01-29 23:20:00,4952.25,4953.5,4952.0,4953.0,651.0
2024-01-29 23:25:00,4953.0,4954.0,4952.75,4953.5,433.0
2024-01-29 23:30:00,4953.75,4954.0,4953.25,4953.5,390.0
2024-01-29 23:35:00,4953.5,4953.5,4952.75,4952.75,257.0
2024-01-29 23:40:00,4952.75,4953.0,4951.75,4952.0,399.0
2024-01-29 23:45:00,4951.75,4952.5,4951.25,4951.75,602.0
2024-01-29 23:50:00,4951.75,4952.25,4951.75,4951.75,237.0
2024-01-29 23:55:00,4952.0,4952.75,4951.75,4952.75,171.0
2024-01-30 00:00:00,4952.5,4952.75,4951.75,4952.0,492.0
2024-01-30 00:05:00,4952.0,4952.5,4951.5,4951.75,380.0
2024-01-30 00:10:00,4951.75,4952.25,4950.75,4951.75,669.0
2024-01-30 00:15:00,4952.0,4953.5,4951.75,4953.25,437.0
2024-01-30 00:20:00,4953.0,4954.75,4952.75,4954.5,781.0
2024-01-30 00:25:00,4954.5,4955.75,4954.5,4955.75,882.0
2024-01-30 00:30:00,4955.75,4956.0,4954.75,4955.0,840.0
2024-01-30 00:35:00,4955.0,4955.75,4955.0,4955.25,308.0
2024-01-30 00:40:00,4955.5,4955.5,4954.5,4954.5,232.0
2024-01-30 00:45:00,4954.75,4955.25,4954.75,4954.75,272.0
2024-01-30 00:50:00,4954.75,4955.0,4954.25,4954.75,297.0
2024-01-30 00:55:00,4955.0,4955.0,4954.25,4954.75,218.0
2024-01-30 01:00:00,4954.75,4955.0,4954.25,4954.75,536.0
2024-01-30 01:05:00,4954.75,4955.25,4954.0,4955.0,433.0
2024-01-30 01:10:00,4955.25,4957.25,4955.0,4956.25,964.0
2024-01-30 01:15:00,4956.25,4957.0,4954.75,4954.75,734.0
2024-01-30 01:20:00,4954.75,4955.25,4954.25,4955.0,509.0
2024-01-30 01:25:00,4955.25,4955.25,4953.0,4954.75,1074.0
2024-01-30 01:30:00,4954.5,4955.0,4953.0,4954.25,825.0
2024-01-30 01:35:00,4954.25,4954.75,4953.75,4954.5,421.0
2024-01-30 01:40:00,4954.5,4954.5,4953.25,4953.75,491.0
2024-01-30 01:45:00,4953.75,4954.75,4953.5,4953.75,475.0
2024-01-30 01:50:00,4954.0,4955.25,4954.0,4955.25,588.0
2024-01-30 01:55:00,4955.25,4955.25,4954.25,4954.5,359.0
2024-01-30 02:00:00,4954.5,4954.75,4953.0,4953.25,500.0
2024-01-30 02:05:00,4953.25,4954.0,4953.0,4953.5,257.0
2024-01-30 02:10:00,4953.75,4953.75,4953.25,4953.5,239.0
2024-01-30 02:15:00,4953.75,4954.0,4953.25,4953.5,190.0
2024-01-30 02:20:00,4953.25,4953.75,4953.25,4953.5,151.0
2024-01-30 02:25:00,4953.75,4954.25,4953.0,4953.25,234.0
2024-01-30 02:30:00,4953.25,4954.0,4953.25,4954.0,247.0
2024-01-30 02:35:00,4954.0,4954.5,4953.75,4954.25,307.0
2024-01-30 02:40:00,4954.25,4955.0,4954.0,4954.75,323.0
2024-01-30 02:45:00,4955.0,4955.25,4954.5,4954.75,283.0
2024-01-30 02:50:00,4955.0,4955.0,4954.5,4955.0,194.0
2024-01-30 02:55:00,4955.0,4955.25,4954.25,4954.75,226.0
2024-01-30 03:00:00,4954.75,4955.25,4954.75,4955.0,264.0
2024-01-30 03:05:00,4955.25,4955.5,4955.0,4955.25,207.0
2024-01-30 03:10:00,4955.25,4955.25,4954.25,4954.5,355.0
2024-01-30 03:15:00,4954.5,4955.25,4954.25,4954.75,266.0
2024-01-30 03:20:00,4954.75,4954.75,4954.5,4954.75,181.0
2024-01-30 03:25:00,4954.75,4955.75,4954.75,4955.5,434.0
2024-01-30 03:30:00,4955.5,4955.5,4954.5,4955.0,426.0
2024-01-30 03:35:00,4955.0,4955.0,4954.0,4954.25,196.0
2024-01-30 03:40:00,4954.25,4954.75,4954.25,4954.75,79.0
2024-01-30 03:45:00,4954.75,4954.75,4953.5,4954.0,428.0
2024-01-30 03:50:00,4954.0,4954.5,4953.75,4953.75,190.0
2024-01-30 03:55:00,4953.75,4953.75,4952.5,4952.75,462.0
2024-01-30 04:00:00,4952.75,4953.75,4952.25,4953.5,447.0
2024-01-30 04:05:00,4953.5,4953.5,4952.75,4952.75,156.0
2024-01-30 04:10:00,4953.0,4954.25,4952.75,4953.5,298.0
2024-01-30 04:15:00,4953.5,4954.0,4953.25,4953.5,116.0
2024-01-30 04:20:00,4953.5,4954.0,4953.5,4953.75,91.0
2024-01-30 04:25:00,4953.5,4954.0,4953.25,4953.75,365.0
2024-01-30 04:30:00,4953.75,4954.5,4953.75,4954.25,256.0
2024-01-30 04:35:00,4954.0,4954.25,4953.75,4953.75,241.0
2024-01-30 04:40:00,4953.5,4953.5,4952.75,4952.75,331.0
2024-01-30 04:45:00,4952.75,4953.5,4952.75,4953.0,235.0
2024-01-30 04:50:00,4952.75,4953.5,4952.75,4953.0,158.0
2024-01-30 04:55:00,4953.0,4953.0,4952.75,4953.0,113.0
2024-01-30 05:00:00,4953.0,4953.25,4952.5,4953.25,312.0
2024-01-30 05:05:00,4953.25,4953.5,4953.0,4953.25,260.0
2024-01-30 05:10:00,4953.5,4953.5,4952.75,4953.0,162.0
2024-01-30 05:15:00,4953.25,4953.25,4952.5,4952.75,163.0
2024-01-30 05:20:00,4953.0,4953.75,4953.0,4953.75,176.0
2024-01-30 05:25:00,4953.5,4954.5,4953.25,4954.5,454.0
2024-01-30 05:30:00,4954.5,4955.0,4954.0,4954.5,495.0
2024-01-30 05:35:00,4954.5,4955.75,4954.5,4955.5,526.0
2024-01-30 05:40:00,4955.5,4955.75,4955.0,4955.25,306.0
2024-01-30 05:45:00,4955.25,4955.25,4954.5,4955.0,399.0
2024-01-30 05:50:00,4954.75,4955.25,4954.25,4954.25,196.0
2024-01-30 05:55:00,4954.25,4954.25,4954.0,4954.0,284.0
2024-01-30 06:00:00,4954.0,4955.0,4954.0,4954.25,462.0
2024-01-30 06:05:00,4954.25,4954.25,4953.75,4954.0,377.0
2024-01-30 06:10:00,4954.25,4954.5,4953.75,4954.0,324.0
2024-01-30 06:15:00,4953.75,4954.0,4953.0,4953.0,436.0
2024-01-30 06:20:00,4953.25,4953.25,4952.0,4952.25,479.0
2024-01-30 06:25:00,4952.5,4953.25,4951.75,4953.25,487.0
2024-01-30 06:30:00,4953.25,4953.5,4952.5,4952.75,321.0
2024-01-30 06:35:00,4952.75,4953.25,4952.5,4952.75,326.0
2024-01-30 06:40:00,4952.5,4953.25,4952.25,4952.75,483.0
2024-01-30 06:45:00,4952.5,4952.5,4951.75,4951.75,457.0
2024-01-30 06:50:00,4951.75,4952.25,4951.5,4952.0,333.0
2024-01-30 06:55:00,4951.75,4952.0,4951.0,4951.0,469.0
2024-01-30 07:00:00,4951.0,4951.25,4948.75,4949.75,1445.0
2024-01-30 07:05:00,4949.75,4950.0,4948.5,4949.0,541.0
2024-01-30 07:10:00,4949.0,4949.0,4946.75,4947.5,1313.0
2024-01-30 07:15:00,4947.75,4947.75,4946.0,4946.75,968.0
2024-01-30 07:20:00,4946.75,4949.0,4946.5,4948.75,650.0
2024-01-30 07:25:00,4949.0,4949.0,4947.5,4947.75,528.0
2024-01-30 07:30:00,4948.0,4948.75,4947.75,4948.75,598.0
2024-01-30 07:35:00,4948.5,4948.75,4947.25,4947.75,653.0
2024-01-30 07:40:00,4947.5,4948.5,4947.25,4947.75,551.0
2024-01-30 07:45:00,4947.5,4948.25,4947.5,4948.25,317.0
2024-01-30 07:50:00,4948.25,4949.25,4947.75,4949.0,600.0
2024-01-30 07:55:00,4949.0,4949.75,4948.75,4949.5,582.0
2024-01-30 08:00:00,4949.5,4950.25,4948.5,4949.0,2543.0
2024-01-30 08:05:00,4949.25,4950.25,4948.0,4949.25,2072.0
2024-01-30 08:10:00,4949.25,4949.75,4947.25,4948.25,1689.0
2024-01-30 08:15:00,4948.25,4950.0,4947.25,4950.0,1470.0
2024-01-30 08:20:00,4949.75,4951.0,4949.25,4950.25,1337.0
2024-01-30 08:25:00,4950.25,4951.0,4950.0,4950.5,1008.0
2024-01-30 08:30:00,4950.5,4953.5,4950.5,4952.25,2294.0
2024-01-30 08:35:00,4952.5,4953.5,4952.0,4953.5,922.0
2024-01-30 08:40:00,4953.25,4953.25,4951.5,4952.25,949.0
2024-01-30 08:45:00,4952.5,4953.5,4950.25,4950.75,1839.0
2024-01-30 08:50:00,4951.0,4952.0,4950.25,4951.75,811.0
2024-01-30 08:55:00,4951.75,4952.5,4951.25,4952.25,595.0
2024-01-30 09:00:00,4952.25,4953.0,4951.25,4953.0,969.0
2024-01-30 09:05:00,4952.75,4953.25,4951.75,4953.0,904.0
2024-01-30 09:10:00,4953.25,4953.75,4950.75,4951.5,1041.0
2024-01-30 09:15:00,4951.5,4952.0,4950.0,4950.5,954.0
2024-01-30 09:20:00,4950.5,4951.0,4949.25,4950.25,849.0
2024-01-30 09:25:00,4950.0,4950.0,4948.25,4948.5,1027.0
2024-01-30 09:30:00,4948.75,4949.5,4948.25,4949.5,951.0
2024-01-30 09:35:00,4949.5,4949.75,4948.25,4948.25,802.0
2024-01-30 09:40:00,4948.25,4949.0,4947.5,4949.0,857.0
2024-01-30 09:45:00,4949.0,4950.0,4948.5,4948.5,598.0
2024-01-30 09:50:00,4948.75,4950.0,4948.5,4949.0,451.0
2024-01-30 09:55:00,4948.75,4949.75,4948.75,4949.25,628.0
2024-01-30 10:00:00,4949.25,4950.25,4949.0,4949.75,473.0
2024-01-30 10:05:00,4949.75,4950.25,4948.75,4949.5,589.0
2024-01-30 10:10:00,4949.5,4950.5,4949.25,4950.5,529.0
2024-01-30 10:15:00,4950.75,4952.0,4950.5,4952.0,1013.0
2024-01-30 10:20:00,4952.0,4952.25,4950.25,4950.5,887.0
2024-01-30 10:25:00,4950.75,4952.0,4950.5,4951.75,647.0
2024-01-30 10:30:00,4951.75,4952.0,4951.25,4951.75,506.0
2024-01-30 10:35:00,4952.0,4952.5,4951.75,4952.0,693.0
2024-01-30 10:40:00,4952.0,4952.0,4951.25,4951.5,420.0
2024-01-30 10:45:00,4951.5,4951.5,4950.0,4951.0,568.0
2024-01-30 10:50:00,4951.0,4951.5,4949.5,4950.5,681.0
2024-01-30 10:55:00,4950.25,4950.5,4949.25,4949.75,537.0
2024-01-30 11:00:00,4949.75,4950.0,4948.5,4949.25,1135.0
2024-01-30 11:05:00,4949.25,4949.25,4947.0,4948.0,1950.0
2024-01-30 11:10:00,4947.75,4948.75,4947.5,4948.5,1002.0
2024-01-30 11:15:00,4948.25,4948.5,4946.5,4947.25,1249.0
2024-01-30 11:20:00,4947.0,4947.25,4946.25,4946.75,809.0
2024-01-30 11:25:00,4946.75,4948.25,4946.75,4948.25,806.0
2024-01-30 11:30:00,4948.25,4949.5,4947.75,4948.25,1216.0
2024-01-30 11:35:00,4948.0,4948.75,4947.75,4948.5,442.0
2024-01-30 11:40:00,4948.5,4948.5,4947.75,4947.75,453.0
2024-01-30 11:45:00,4947.75,4948.25,4947.5,4948.0,488.0
2024-01-30 11:50:00,4948.0,4949.25,4947.75,4948.75,635.0
2024-01-30 11:55:00,4948.75,4949.25,4948.5,4949.25,468.0
2024-01-30 12:00:00,4949.0,4949.5,4948.75,4949.0,1183.0
2024-01-30 12:05:00,4948.75,4949.25,4948.5,4948.5,747.0
2024-01-30 12:10:00,4948.5,4948.75,4947.75,4947.75,936.0
2024-01-30 12:15:00,4947.75,4949.75,4947.75,4949.5,1006.0
2024-01-30 12:20:00,4949.5,4950.25,4949.5,4950.0,699.0
2024-01-30 12:25:00,4949.75,4950.0,4948.5,4949.75,1220.0
2024-01-30 12:30:00,4949.75,4950.0,4948.25,4948.5,842.0
2024-01-30 12:35:00,4948.5,4949.0,4946.75,4946.75,1181.0
2024-01-30 12:40:00,4946.75,4947.0,4945.25,4945.75,1553.0
2024-01-30 12:45:00,4945.75,4947.75,4945.75,4947.25,1261.0
2024-01-30 12:50:00,4947.25,4947.5,4946.75,4946.75,861.0
2024-01-30 12:55:00,4947.0,4947.5,4946.5,4947.0,597.0
2024-01-30 13:00:00,4947.0,4947.25,4944.5,4944.75,1603.0
2024-01-30 13:05:00,4944.75,4945.25,4943.5,4944.5,2425.0
2024-01-30 13:10:00,4944.75,4944.75,4942.75,4943.0,1667.0
2024-01-30 13:15:00,4943.25,4943.25,4941.75,4942.0,2398.0
2024-01-30 13:20:00,4942.0,4943.0,4940.75,4942.5,2891.0
2024-01-30 13:25:00,4942.5,4944.5,4942.0,4944.25,2359.0
2024-01-30 13:30:00,4944.0,4945.25,4943.5,4944.25,2248.0
2024-01-30 13:35:00,4944.25,4944.5,4942.5,4943.0,1504.0
2024-01-30 13:40:00,4943.0,4944.75,4942.5,4942.75,2239.0
2024-01-30 13:45:00,4942.5,4944.0,4942.5,4943.75,1964.0
2024-01-30 13:50:00,4943.75,4944.25,4943.0,4943.75,1721.0
2024-01-30 13:55:00,4943.75,4944.25,4942.75,4943.0,1187.0
2024-01-30 14:00:00,4943.0,4944.25,4942.75,4944.25,2385.0
2024-01-30 14:05:00,4944.0,4944.75,4943.25,4943.75,1759.0
2024-01-30 14:10:00,4943.75,4944.5,4943.0,4943.5,1880.0
2024-01-30 14:15:00,4943.5,4943.75,4942.0,4942.0,2365.0
2024-01-30 14:20:00,4942.0,4945.25,4942.0,4945.0,3255.0
2024-01-30 14:25:00,4945.0,4946.75,4944.75,4945.25,5183.0
2024-01-30 14:30:00,4945.0,4950.5,4944.5,4950.0,27420.0
2024-01-30 14:35:00,4950.25,4952.5,4949.25,4950.25,21818.0
2024-01-30 14:40:00,4950.5,4951.5,4949.5,4951.25,15076.0
2024-01-30 14:45:00,4951.25,4952.25,4950.5,4952.25,11307.0
2024-01-30 14:50:00,4952.25,4953.5,4951.5,4952.75,13235.0
2024-01-30 14:55:00,4952.75,4953.5,4951.5,4953.5,9219.0
2024-01-30 15:00:00,4953.5,4954.0,4945.0,4947.75,31311.0
2024-01-30 15:05:00,4947.75,4950.75,4945.75,4949.25,18687.0
2024-01-30 15:10:00,4949.5,4951.5,4948.0,4949.25,16812.0
2024-01-30 15:15:00,4949.25,4951.0,4946.25,4950.5,17631.0
2024-01-30 15:20:00,4950.5,4950.5,4947.0,4949.0,14115.0
2024-01-30 15:25:00,4949.0,4949.5,4944.0,4948.0,18555.0
2024-01-30 15:30:00,4947.75,4949.5,4946.75,4948.25,13241.0
2024-01-30 15:35:00,4948.25,4950.25,4947.0,4949.0,11526.0
2024-01-30 15:40:00,4948.75,4948.75,4945.5,4945.75,10994.0
2024-01-30 15:45:00,4946.0,4947.75,4944.5,4947.5,11008.0
2024-01-30 15:50:00,4947.5,4948.25,4944.75,4945.0,11450.0
2024-01-30 15:55:00,4945.25,4947.5,4944.0,4947.0,10543.0
2024-01-30 16:00:00,4947.25,4949.25,4946.75,4948.75,8564.0
2024-01-30 16:05:00,4948.5,4949.5,4945.25,4946.0,10164.0
2024-01-30 16:10:00,4946.0,4949.0,4945.25,4946.5,8469.0
2024-01-30 16:15:00,4946.25,4949.25,4946.25,4948.25,7202.0
2024-01-30 16:20:00,4948.25,4951.0,4947.0,4949.25,9992.0
2024-01-30 16:25:00,4949.5,4952.0,4949.0,4950.75,8678.0
2024-01-30 16:30:00,4950.75,4953.0,4950.0,4951.5,9918.0
2024-01-30 16:35:00,4951.5,4952.75,4951.25,4951.5,8838.0
2024-01-30 16:40:00,4951.75,4953.75,4951.5,4952.75,6700.0
2024-01-30 16:45:00,4953.0,4955.5,4952.0,4955.25,9124.0
2024-01-30 16:50:00,4955.5,4955.75,4953.75,4953.75,7520.0
2024-01-30 16:55:00,4954.25,4954.75,4953.25,4954.0,6836.0
2024-01-30 17:00:00,4954.25,4955.5,4953.25,4954.0,6602.0
2024-01-30 17:05:00,4954.0,4955.0,4953.75,4954.5,5411.0
2024-01-30 17:10:00,4954.5,4955.75,4953.5,4954.0,4929.0
2024-01-30 17:15:00,4954.25,4954.75,4950.0,4951.5,12422.0
2024-01-30 17:20:00,4951.5,4953.0,4950.5,4951.0,7213.0
2024-01-30 17:25:00,4950.75,4951.75,4946.75,4947.0,14303.0
2024-01-30 17:30:00,4947.0,4947.5,4941.5,4942.5,26071.0
2024-01-30 17:35:00,4942.5,4945.5,4942.25,4945.25,11975.0
2024-01-30 17:40:00,4945.25,4946.5,4944.5,4945.0,8204.0
2024-01-30 17:45:00,4944.75,4946.75,4944.75,4945.75,6390.0
2024-01-30 17:50:00,4945.5,4946.75,4944.5,4945.75,4783.0
2024-01-30 17:55:00,4945.75,4946.5,4944.5,4945.25,5310.0
2024-01-30 18:00:00,4945.0,4945.0,4942.25,4944.0,8773.0
2024-01-30 18:05:00,4943.75,4945.25,4942.0,4943.5,7778.0
2024-01-30 18:10:00,4943.5,4945.75,4943.5,4945.0,5708.0
2024-01-30 18:15:00,4945.0,4948.75,4945.0,4947.0,9474.0
2024-01-30 18:20:00,4947.0,4948.5,4947.0,4947.75,4742.0
2024-01-30 18:25:00,4947.75,4950.25,4947.25,4950.25,6502.0
2024-01-30 18:30:00,4950.25,4951.25,4949.25,4950.5,7931.0
2024-01-30 18:35:00,4950.5,4950.75,4949.25,4949.5,5694.0
2024-01-30 18:40:00,4949.75,4951.25,4947.75,4948.0,8832.0
2024-01-30 18:45:00,4948.25,4949.25,4947.25,4947.25,5956.0
2024-01-30 18:50:00,4947.5,4948.25,4946.25,4947.25,6656.0
2024-01-30 18:55:00,4947.5,4949.25,4946.5,4948.0,6695.0
2024-01-30 19:00:00,4948.25,4950.0,4947.5,4948.0,6805.0
2024-01-30 19:05:00,4948.25,4948.5,4945.25,4947.25,8727.0
2024-01-30 19:10:00,4947.25,4950.0,4945.5,4950.0,7746.0
2024-01-30 19:15:00,4950.0,4951.25,4948.0,4948.5,8760.0
2024-01-30 19:20:00,4948.5,4952.25,4948.0,4951.75,6103.0
2024-01-30 19:25:00,4951.75,4953.25,4951.75,4953.0,7011.0
2024-01-30 19:30:00,4953.0,4955.0,4952.5,4954.25,8722.0
2024-01-30 19:35:00,4954.5,4954.75,4952.0,4952.75,8034.0
2024-01-30 19:40:00,4952.75,4954.0,4952.0,4953.5,4852.0
2024-01-30 19:45:00,4953.5,4954.25,4952.75,4954.25,4921.0
2024-01-30 19:50:00,4954.5,4955.75,4953.75,4954.75,6516.0
2024-01-30 19:55:00,4954.75,4955.75,4953.75,4954.25,6601.0
2024-01-30 20:00:00,4954.0,4955.5,4953.75,4953.75,7649.0
2024-01-30 20:05:00,4953.75,4954.25,4950.25,4951.25,10031.0
2024-01-30 20:10:00,4951.5,4953.75,4950.5,4953.5,5216.0
2024-01-30 20:15:00,4953.5,4953.5,4951.0,4951.75,7329.0
2024-01-30 20:20:00,4951.75,4953.75,4951.5,4953.25,6496.0
2024-01-30 20:25:00,4953.0,4957.25,4952.5,4955.75,8915.0
2024-01-30 20:30:00,4955.5,4955.75,4950.75,4951.5,11543.0
2024-01-30 20:35:00,4951.5,4951.75,4950.25,4950.75,8920.0
2024-01-30 20:40:00,4950.75,4953.25,4949.5,4952.75,9326.0
2024-01-30 20:45:00,4952.75,4953.5,4950.75,4953.0,8372.0
2024-01-30 20:50:00,4953.0,4954.25,4950.25,4950.25,14956.0
2024-01-30 20:55:00,4950.5,4951.5,4948.0,4950.5,29996.0
2024-01-30 21:00:00,4950.5,4952.5,4939.5,4940.5,74933.0
2024-01-30 21:05:00,4940.75,4943.75,4938.75,4939.25,13438.0
2024-01-30 21:10:00,4939.25,4943.75,4938.75,4943.75,7826.0
2024-01-30 21:15:00,4943.75,4945.5,4940.25,4941.0,8971.0
2024-01-30 21:20:00,4941.0,4943.0,4940.25,4941.75,2540.0
2024-01-30 21:25:00,4942.0,4943.25,4940.75,4941.5,2709.0
2024-01-30 21:30:00,4941.5,4942.25,4940.0,4940.0,2442.0
2024-01-30 21:35:00,4940.0,4940.25,4938.0,4938.5,3486.0
2024-01-30 21:40:00,4938.5,4938.75,4934.5,4937.25,7266.0
2024-01-30 21:45:00,4937.25,4937.75,4935.0,4935.75,2684.0
2024-01-30 21:50:00,4935.75,4936.25,4934.0,4934.75,1940.0
2024-01-30 21:55:00,4934.75,4936.0,4933.25,4933.5,2460.0
2024-01-30 22:00:00,4933.75,4934.25,4933.0,4933.5,1041.0
2024-01-30 23:00:00,4930.25,4932.5,4927.0,4931.0,5333.0
2024-01-30 23:05:00,4931.0,4933.25,4929.25,4933.0,1955.0
2024-01-30 23:10:00,4932.75,4934.0,4931.75,4932.75,1351.0
2024-01-30 23:15:00,4933.0,4933.5,4931.5,4933.25,803.0
2024-01-30 23:20:00,4933.0,4933.75,4930.25,4930.75,1046.0
2024-01-30 23:25:00,4930.75,4931.25,4928.25,4928.5,1631.0
2024-01-30 23:30:00,4928.75,4930.25,4928.25,4930.0,914.0
2024-01-30 23:35:00,4930.0,4930.25,4928.5,4928.75,1013.0
2024-01-30 23:40:00,4928.75,4931.25,4928.5,4930.75,741.0
2024-01-30 23:45:00,4931.0,4931.5,4930.5,4930.75,459.0
2024-01-30 23:50:00,4930.75,4930.75,4929.75,4930.5,439.0
2024-01-30 23:55:00,4930.75,4931.0,4929.75,4930.0,401.0
2024-01-31 00:00:00,4930.0,4932.25,4929.75,4932.25,739.0
2024-01-31 00:05:00,4932.25,4933.5,4932.0,4933.25,765.0
2024-01-31 00:10:00,4933.0,4933.5,4931.75,4932.5,1241.0
2024-01-31 00:15:00,4932.75,4933.5,4932.25,4933.5,969.0
2024-01-31 00:20:00,4933.25,4934.0,4933.0,4933.25,424.0
2024-01-31 00:25:00,4933.25,4933.75,4933.0,4933.5,264.0
2024-01-31 00:30:00,4933.25,4934.25,4932.5,4933.0,756.0
2024-01-31 00:35:00,4933.25,4933.25,4932.5,4932.5,239.0
2024-01-31 00:40:00,4932.75,4933.5,4932.5,4932.5,213.0
2024-01-31 00:45:00,4932.5,4933.25,4932.0,4933.0,337.0
2024-01-31 00:50:00,4933.25,4934.0,4933.25,4933.5,350.0
2024-01-31 00:55:00,4933.5,4933.75,4932.75,4933.0,167.0
2024-01-31 01:00:00,4932.75,4933.25,4931.5,4932.0,764.0
2024-01-31 01:05:00,4932.0,4932.5,4931.5,4932.5,338.0
2024-01-31 01:10:00,4932.25,4932.75,4932.0,4932.5,234.0
2024-01-31 01:15:00,4932.5,4933.5,4932.25,4933.0,277.0
2024-01-31 01:20:00,4933.25,4933.5,4932.25,4932.25,211.0
2024-01-31 01:25:00,4932.0,4932.5,4931.25,4931.25,359.0
2024-01-31 01:30:00,4931.5,4932.0,4930.75,4931.5,514.0
2024-01-31 01:35:00,4931.75,4932.5,4931.25,4932.5,478.0
2024-01-31 01:40:00,4932.25,4932.75,4931.25,4931.5,411.0
2024-01-31 01:45:00,4931.5,4932.0,4931.0,4931.75,418.0
2024-01-31 01:50:00,4931.75,4932.0,4930.0,4930.25,681.0
2024-01-31 01:55:00,4930.25,4931.0,4929.75,4930.25,521.0
2024-01-31 02:00:00,4930.25,4930.75,4929.5,4930.0,536.0
2024-01-31 02:05:00,4930.0,4930.0,4929.25,4929.5,462.0
2024-01-31 02:10:00,4929.5,4929.75,4929.25,4929.5,500.0
2024-01-31 02:15:00,4929.5,4930.75,4929.25,4930.5,450.0
2024-01-31 02:20:00,4930.5,4931.25,4930.0,4930.5,654.0
2024-01-31 02:25:00,4930.5,4931.0,4929.75,4930.0,685.0
2024-01-31 02:30:00,4930.0,4930.75,4930.0,4930.0,282.0
2024-01-31 02:35:00,4930.0,4930.75,4930.0,4930.25,383.0
2024-01-31 02:40:00,4930.25,4931.0,4930.25,4930.25,369.0
2024-01-31 02:45:00,4930.25,4930.5,4929.5,4930.0,381.0
2024-01-31 02:50:00,4930.0,4930.25,4929.5,4929.75,242.0
2024-01-31 02:55:00,4929.5,4930.25,4929.5,4930.0,253.0
2024-01-31 03:00:00,4930.0,4931.25,4930.0,4931.0,454.0
2024-01-31 03:05:00,4931.25,4931.25,4930.75,4930.75,290.0
2024-01-31 03:10:00,4930.75,4931.25,4930.75,4930.75,188.0
2024-01-31 03:15:00,4930.75,4931.0,4930.5,4930.75,123.0
2024-01-31 03:20:00,4930.75,4931.25,4930.75,4931.0,174.0
2024-01-31 03:25:00,4931.0,4931.25,4930.5,4930.75,266.0
2024-01-31 03:30:00,4930.5,4930.75,4930.25,4930.5,223.0
2024-01-31 03:35:00,4930.5,4930.75,4930.0,4930.25,134.0
2024-01-31 03:40:00,4930.25,4930.5,4929.75,4930.5,457.0
2024-01-31 03:45:00,4930.5,4931.0,4930.25,4931.0,470.0
2024-01-31 03:50:00,4931.0,4931.0,4930.5,4930.5,99.0
2024-01-31 03:55:00,4930.5,4930.75,4930.25,4930.5,241.0
2024-01-31 04:00:00,4930.25,4930.75,4929.75,4930.75,333.0
2024-01-31 04:05:00,4930.75,4931.25,4930.5,4930.5,238.0
2024-01-31 04:10:00,4930.75,4931.25,4930.5,4931.25,205.0
2024-01-31 04:15:00,4931.25,4931.75,4931.25,4931.5,213.0
2024-01-31 04:20:00,4931.5,4931.75,4931.5,4931.75,131.0
2024-01-31 04:25:00,4931.5,4931.75,4931.0,4931.5,174.0
2024-01-31 04:30:00,4931.5,4931.75,4931.25,4931.5,165.0
2024-01-31 04:35:00,4931.5,4931.75,4931.0,4931.75,274.0
2024-01-31 04:40:00,4931.75,4932.25,4931.5,4931.75,213.0
2024-01-31 04:45:00,4931.75,4932.5,4931.75,4932.25,330.0
2024-01-31 04:50:00,4932.25,4932.75,4932.25,4932.75,295.0
2024-01-31 04:55:00,4932.75,4932.75,4932.25,4932.25,169.0
2024-01-31 05:00:00,4932.25,4932.5,4932.0,4932.5,430.0
2024-01-31 05:05:00,4932.5,4932.5,4932.25,4932.25,199.0
2024-01-31 05:10:00,4932.25,4932.5,4932.0,4932.0,191.0
2024-01-31 05:15:00,4932.0,4932.5,4932.0,4932.25,122.0
2024-01-31 05:20:00,4932.25,4932.75,4932.0,4932.25,312.0
2024-01-31 05:25:00,4932.25,4932.75,4932.25,4932.25,261.0
2024-01-31 05:30:00,4932.25,4932.25,4931.25,4931.25,590.0
2024-01-31 05:35:00,4931.5,4931.5,4930.5,4930.5,337.0
2024-01-31 05:40:00,4930.75,4931.5,4930.75,4931.25,203.0
2024-01-31 05:45:00,4931.25,4931.5,4930.5,4930.75,182.0
2024-01-31 05:50:00,4931.0,4931.5,4930.25,4930.5,348.0
2024-01-31 05:55:00,4930.5,4930.75,4930.25,4930.75,241.0
2024-01-31 06:00:00,4930.75,4931.75,4930.5,4931.25,684.0
2024-01-31 06:05:00,4931.25,4932.25,4931.25,4931.75,263.0
2024-01-31 06:10:00,4931.75,4932.25,4931.5,4931.75,226.0
2024-01-31 06:15:00,4931.75,4932.25,4931.5,4931.5,390.0
2024-01-31 06:20:00,4931.5,4932.25,4931.25,4932.0,230.0
2024-01-31 06:25:00,4931.75,4931.75,4931.25,4931.5,407.0
2024-01-31 06:30:00,4931.5,4931.5,4930.5,4930.5,405.0
2024-01-31 06:35:00,4930.75,4930.75,4929.75,4930.0,429.0
2024-01-31 06:40:00,4929.75,4930.5,4929.75,4930.5,227.0
2024-01-31 06:45:00,4930.5,4930.5,4929.25,4929.75,489.0
2024-01-31 06:50:00,4929.75,4929.75,4928.5,4929.25,399.0
2024-01-31 06:55:00,4929.25,4929.5,4928.25,4928.5,428.0
2024-01-31 07:00:00,4928.25,4929.25,4927.25,4929.0,1109.0
2024-01-31 07:05:00,4929.25,4930.5,4929.25,4930.5,560.0
2024-01-31 07:10:00,4930.5,4930.75,4930.0,4930.0,465.0
2024-01-31 07:15:00,4930.0,4931.0,4929.75,4930.75,426.0
2024-01-31 07:20:00,4930.75,4931.5,4930.75,4931.5,438.0
2024-01-31 07:25:00,4931.25,4932.75,4931.0,4932.25,585.0
2024-01-31 07:30:00,4932.25,4933.5,4932.25,4933.25,1196.0
2024-01-31 07:35:00,4933.0,4933.5,4932.25,4932.75,490.0
2024-01-31 07:40:00,4932.5,4932.75,4932.0,4932.0,233.0
2024-01-31 07:45:00,4932.25,4934.0,4932.25,4933.75,779.0
2024-01-31 07:50:00,4934.0,4935.25,4933.5,4933.5,1270.0
2024-01-31 07:55:00,4933.5,4933.75,4933.0,4933.5,518.0
2024-01-31 08:00:00,4933.25,4935.0,4933.25,4934.25,1434.0
2024-01-31 08:05:00,4934.5,4935.25,4933.75,4934.0,1146.0
2024-01-31 08:10:00,4933.75,4934.5,4933.5,4934.25,1047.0
2024-01-31 08:15:00,4934.25,4935.25,4934.25,4935.25,683.0
2024-01-31 08:20:00,4935.0,4936.75,4934.75,4936.75,1322.0
2024-01-31 08:25:00,4936.75,4938.0,4936.5,4936.75,1737.0
2024-01-31 08:30:00,4936.5,4937.5,4936.25,4937.25,1155.0
2024-01-31 08:35:00,4937.25,4937.75,4936.5,4936.75,1071.0
2024-01-31 08:40:00,4936.75,4937.75,4936.5,4937.75,1025.0
2024-01-31 08:45:00,4937.5,4938.0,4935.75,4935.75,886.0
2024-01-31 08:50:00,4935.75,4935.75,4934.75,4935.0,713.0
2024-01-31 08:55:00,4935.0,4936.0,4934.0,4934.5,1176.0
2024-01-31 09:00:00,4934.25,4935.0,4932.75,4933.75,1348.0
2024-01-31 09:05:00,4933.75,4934.0,4932.0,4932.5,1299.0
2024-01-31 09:10:00,4932.75,4933.0,4930.5,4931.0,1484.0
2024-01-31 09:15:00,4931.0,4931.75,4927.5,4927.5,3391.0
2024-01-31 09:20:00,4927.75,4928.25,4925.0,4925.25,4088.0
2024-01-31 09:25:00,4925.5,4926.5,4925.0,4925.0,2093.0
2024-01-31 09:30:00,4925.25,4926.0,4924.5,4924.5,2075.0
2024-01-31 09:35:00,4924.75,4925.0,4923.25,4924.25,2850.0
2024-01-31 09:40:00,4924.5,4925.25,4923.75,4925.25,1435.0
2024-01-31 09:45:00,4925.25,4927.5,4925.25,4927.5,1432.0
2024-01-31 09:50:00,4927.25,4928.5,4926.25,4927.5,1896.0
2024-01-31 09:55:00,4927.5,4927.5,4925.25,4925.5,1695.0
2024-01-31 10:00:00,4925.5,4926.5,4924.5,4924.75,1240.0
2024-01-31 10:05:00,4924.75,4925.75,4924.5,4925.25,1039.0
2024-01-31 10:10:00,4925.25,4926.0,4924.75,4925.0,793.0
2024-01-31 10:15:00,4925.0,4925.0,4923.75,4924.75,1177.0
2024-01-31 10:20:00,4924.5,4926.25,4924.5,4925.5,1170.0
2024-01-31 10:25:00,4925.5,4925.5,4924.75,4925.0,550.0
2024-01-31 10:30:00,4925.0,4925.5,4924.5,4925.5,723.0
2024-01-31 10:35:00,4925.5,4925.75,4923.5,4923.75,891.0
2024-01-31 10:40:00,4924.0,4924.25,4923.25,4924.0,1043.0
2024-01-31 10:45:00,4924.0,4925.25,4923.75,4924.75,937.0
2024-01-31 10:50:00,4924.75,4925.25,4924.25,4924.5,688.0
2024-01-31 10:55:00,4924.5,4925.25,4924.25,4924.5,619.0
2024-01-31 11:00:00,4924.25,4924.5,4923.0,4923.25,3088.0
2024-01-31 11:05:00,4923.25,4925.25,4923.25,4925.25,1432.0
2024-01-31 11:10:00,4925.25,4926.0,4924.75,4925.5,945.0
2024-01-31 11:15:00,4925.5,4926.5,4925.5,4926.25,1339.0
2024-01-31 11:20:00,4926.5,4928.25,4926.5,4928.0,1484.0
2024-01-31 11:25:00,4928.0,4929.25,4927.75,4928.25,1266.0
2024-01-31 11:30:00,4928.0,4928.0,4926.75,4927.25,1157.0
2024-01-31 11:35:00,4927.25,4927.75,4927.0,4927.0,860.0
2024-01-31 11:40:00,4927.0,4927.5,4925.75,4927.25,1299.0
2024-01-31 11:45:00,4927.25,4928.0,4927.0,4927.5,797.0
2024-01-31 11:50:00,4927.5,4927.5,4926.75,4927.25,652.0
2024-01-31 11:55:00,4927.25,4927.75,4926.25,4927.75,1106.0
2024-01-31 12:00:00,4927.75,4928.25,4927.0,4927.25,1628.0
2024-01-31 12:05:00,4927.0,4927.25,4926.25,4926.75,1123.0
2024-01-31 12:10:00,4926.75,4927.25,4926.25,4926.75,795.0
2024-01-31 12:15:00,4927.0,4928.5,4927.0,4927.75,1152.0
2024-01-31 12:20:00,4927.5,4929.25,4927.5,4927.5,1763.0
2024-01-31 12:25:00,4927.5,4927.75,4925.0,4926.0,1808.0
2024-01-31 12:30:00,4926.25,4927.25,4925.25,4926.5,2604.0
2024-01-31 12:35:00,4926.5,4926.75,4924.75,4925.0,979.0
2024-01-31 12:40:00,4925.0,4927.25,4924.5,4925.75,2523.0
2024-01-31 12:45:00,4926.0,4928.75,4926.0,4928.5,1994.0
2024-01-31 12:50:00,4928.5,4929.5,4927.5,4929.0,2096.0
2024-01-31 12:55:00,4929.0,4931.0,4928.75,4930.5,2224.0
2024-01-31 13:00:00,4930.75,4931.75,4930.0,4930.75,2837.0
2024-01-31 13:05:00,4930.5,4930.75,4928.75,4929.5,1797.0
2024-01-31 13:10:00,4929.25,4931.25,4929.25,4930.0,2039.0
2024-01-31 13:15:00,4930.0,4932.0,4928.75,4931.5,5308.0
2024-01-31 13:20:00,4931.5,4933.5,4931.25,4932.25,3560.0
2024-01-31 13:25:00,4932.25,4932.5,4929.5,4931.0,2752.0
2024-01-31 13:30:00,4931.0,4937.0,4928.75,4931.0,20891.0
2024-01-31 13:35:00,4931.0,4931.25,4923.25,4924.25,11971.0
2024-01-31 13:40:00,4924.0,4928.5,4924.0,4927.5,6757.0
2024-01-31 13:45:00,4927.5,4929.0,4924.5,4928.0,4777.0
2024-01-31 13:50:00,4928.25,4928.25,4925.75,4926.25,3282.0
2024-01-31 13:55:00,4926.5,4927.25,4924.5,4925.25,3388.0
2024-01-31 14:00:00,4925.5,4926.25,4920.5,4921.5,8466.0
2024-01-31 14:05:00,4921.75,4924.25,4921.75,4924.25,4644.0
2024-01-31 14:10:00,4924.25,4926.75,4923.5,4926.25,4924.0
2024-01-31 14:15:00,4926.25,4927.0,4923.75,4924.25,5991.0
2024-01-31 14:20:00,4924.25,4926.0,4922.0,4922.5,6283.0
2024-01-31 14:25:00,4922.75,4925.25,4921.5,4924.5,6952.0
2024-01-31 14:30:00,4924.75,4927.75,4923.25,4927.75,37109.0
2024-01-31 14:35:00,4927.5,4930.5,4924.25,4925.0,33691.0
2024-01-31 14:40:00,4925.0,4926.0,4922.25,4923.25,21117.0
2024-01-31 14:45:00,4923.25,4923.5,4915.5,4918.5,38378.0
2024-01-31 14:50:00,4918.25,4920.25,4916.75,4917.5,26620.0
2024-01-31 14:55:00,4917.5,4919.25,4914.5,4916.5,23713.0
2024-01-31 15:00:00,4916.5,4917.75,4915.25,4915.5,19861.0
2024-01-31 15:05:00,4915.5,4917.75,4915.0,4916.5,18484.0
2024-01-31 15:10:00,4916.25,4917.75,4913.75,4914.0,19303.0
2024-01-31 15:15:00,4914.0,4915.75,4911.25,4915.25,30623.0
2024-01-31 15:20:00,4915.0,4915.75,4912.25,4912.5,18727.0
2024-01-31 15:25:00,4912.25,4915.25,4911.5,4912.0,18554.0
2024-01-31 15:30:00,4911.75,4914.5,4908.75,4909.25,25792.0
2024-01-31 15:35:00,4909.25,4910.25,4903.75,4905.5,29091.0
2024-01-31 15:40:00,4905.25,4907.75,4904.25,4906.75,18705.0
2024-01-31 15:45:00,4907.0,4907.75,4904.75,4907.25,16889.0
2024-01-31 15:50:00,4907.5,4908.25,4904.25,4904.75,13180.0
2024-01-31 15:55:00,4904.75,4906.5,4903.25,4904.25,12803.0
2024-01-31 16:00:00,4904.25,4911.75,4904.25,4911.25,19218.0
2024-01-31 16:05:00,4911.0,4911.25,4909.25,4910.75,11505.0
2024-01-31 16:10:00,4910.5,4912.5,4909.75,4912.0,12871.0
2024-01-31 16:15:00,4911.75,4914.25,4911.75,4912.75,13597.0
2024-01-31 16:20:00,4913.0,4914.0,4911.5,4912.25,12060.0
2024-01-31 16:25:00,4912.25,4912.25,4907.75,4909.0,15902.0
2024-01-31 16:30:00,4909.0,4910.75,4907.0,4907.75,15174.0
2024-01-31 16:35:00,4907.75,4908.75,4906.5,4906.75,12095.0
2024-01-31 16:40:00,4906.75,4907.75,4902.75,4903.75,16106.0
2024-01-31 16:45:00,4903.75,4907.75,4903.25,4905.25,14140.0
2024-01-31 16:50:00,4905.5,4906.25,4903.5,4904.25,10962.0
2024-01-31 16:55:00,4904.0,4909.0,4904.0,4908.25,10148.0
2024-01-31 17:00:00,4908.0,4910.5,4907.0,4910.0,9563.0
2024-01-31 17:05:00,4909.75,4913.5,4909.75,4913.0,10748.0
2024-01-31 17:10:00,4912.75,4913.5,4910.25,4911.0,10325.0
2024-01-31 17:15:00,4911.0,4911.5,4909.25,4910.75,12261.0
2024-01-31 17:20:00,4910.5,4911.25,4908.75,4909.5,7415.0
2024-01-31 17:25:00,4909.5,4913.0,4909.5,4912.75,6728.0
2024-01-31 17:30:00,4912.5,4913.0,4909.75,4911.25,10984.0
2024-01-31 17:35:00,4911.25,4911.25,4904.5,4905.5,18359.0
2024-01-31 17:40:00,4905.5,4910.0,4905.25,4910.0,10051.0
2024-01-31 17:45:00,4909.75,4910.75,4907.25,4907.5,7113.0
2024-01-31 17:50:00,4907.75,4911.25,4907.5,4909.0,7521.0
2024-01-31 17:55:00,4909.0,4912.75,4908.25,4912.5,7058.0
2024-01-31 18:00:00,4912.5,4914.5,4911.75,4913.25,9425.0
2024-01-31 18:05:00,4913.25,4915.25,4912.75,4914.25,7656.0
2024-01-31 18:10:00,4914.25,4914.75,4912.0,4913.25,7685.0
2024-01-31 18:15:00,4913.5,4916.25,4913.25,4916.0,9359.0
2024-01-31 18:20:00,4916.25,4916.5,4910.75,4911.0,10374.0
2024-01-31 18:25:00,4911.0,4912.0,4909.75,4910.5,10856.0
2024-01-31 18:30:00,4910.25,4913.0,4910.0,4912.75,7407.0
2024-01-31 18:35:00,4912.5,4912.75,4910.5,4911.0,6559.0
2024-01-31 18:40:00,4911.0,4912.5,4909.5,4911.5,6372.0
2024-01-31 18:45:00,4911.5,4915.5,4911.25,4915.0,7851.0
2024-01-31 18:50:00,4915.25,4916.25,4913.75,4914.75,8000.0
2024-01-31 18:55:00,4914.75,4915.25,4912.5,4914.75,5359.0
2024-01-31 19:00:00,4914.75,4918.0,4896.0,4905.5,49206.0
2024-01-31 19:05:00,4905.5,4909.75,4899.25,4901.0,32343.0
2024-01-31 19:10:00,4901.0,4908.75,4899.75,4907.5,18396.0
2024-01-31 19:15:00,4907.25,4907.75,4899.25,4899.5,18465.0
2024-01-31 19:20:00,4899.75,4902.0,4895.5,4898.25,16203.0
2024-01-31 19:25:00,4898.0,4903.0,4896.75,4899.25,13384.0
2024-01-31 19:30:00,4899.25,4908.75,4897.5,4906.0,28984.0
2024-01-31 19:35:00,4906.25,4914.25,4899.0,4912.0,47872.0
2024-01-31 19:40:00,4912.0,4927.0,4911.5,4925.5,57241.0
2024-01-31 19:45:00,4925.5,4929.75,4919.75,4921.0,45708.0
2024-01-31 19:50:00,4921.25,4923.25,4904.0,4911.75,42776.0
2024-01-31 19:55:00,4912.0,4914.5,4908.0,4909.25,20762.0
2024-01-31 20:00:00,4909.25,4909.25,4884.5,4888.25,81664.0
2024-01-31 20:05:00,4888.25,4888.25,4875.75,4885.75,67807.0
2024-01-31 20:10:00,4885.75,4891.5,4882.0,4889.75,44101.0
2024-01-31 20:15:00,4889.5,4891.0,4882.5,4884.25,23570.0
2024-01-31 20:20:00,4884.5,4893.0,4880.5,4892.25,29299.0
2024-01-31 20:25:00,4892.5,4893.75,4884.25,4885.25,22082.0
2024-01-31 20:30:00,4885.0,4887.5,4877.75,4878.5,24291.0
2024-01-31 20:35:00,4878.5,4879.0,4874.25,4876.5,32005.0
2024-01-31 20:40:00,4876.25,4879.75,4874.75,4878.0,22736.0
2024-01-31 20:45:00,4878.0,4878.5,4873.25,4875.5,25075.0
2024-01-31 20:50:00,4875.25,4876.5,4871.0,4871.25,44540.0
2024-01-31 20:55:00,4871.25,4880.25,4870.25,4875.25,68102.0
2024-01-31 21:00:00,4875.0,4875.25,4866.0,4871.25,182883.0
2024-01-31 21:05:00,4871.25,4876.0,4870.25,4870.5,17890.0
2024-01-31 21:10:00,4870.5,4873.5,4870.0,4872.25,10655.0
2024-01-31 21:15:00,4872.5,4872.75,4871.5,4872.25,3795.0
2024-01-31 21:20:00,4872.25,4872.25,4870.0,4870.0,2504.0
2024-01-31 21:25:00,4870.25,4870.75,4869.25,4870.0,3302.0
2024-01-31 21:30:00,4870.0,4870.0,4869.0,4869.25,2761.0
2024-01-31 21:35:00,4869.25,4872.0,4869.0,4871.5,2178.0
2024-01-31 21:40:00,4871.5,4872.0,4869.25,4869.75,1996.0
2024-01-31 21:45:00,4869.5,4870.25,4869.0,4869.75,1043.0
2024-01-31 21:50:00,4869.75,4871.5,4869.5,4871.0,1339.0
2024-01-31 21:55:00,4871.0,4872.25,4871.0,4872.0,1437.0
2024-01-31 22:00:00,4872.0,4872.25,4871.5,4871.75,789.0
2024-01-31 23:00:00,4874.5,4875.75,4872.5,4873.25,1722.0
2024-01-31 23:05:00,4873.25,4874.0,4872.5,4873.5,1081.0
2024-01-31 23:10:00,4873.5,4875.25,4872.75,4875.0,1248.0
2024-01-31 23:15:00,4875.0,4877.0,4874.75,4876.0,1393.0
2024-01-31 23:20:00,4876.0,4876.25,4874.5,4875.0,989.0
2024-01-31 23:25:00,4875.0,4877.0,4875.0,4876.75,766.0
2024-01-31 23:30:00,4877.0,4877.25,4875.5,4875.75,1046.0
2024-01-31 23:35:00,4876.0,4876.75,4875.5,4876.5,528.0
2024-01-31 23:40:00,4876.5,4876.5,4876.25,4876.5,176.0
2024-01-31 23:45:00,4876.25,4877.0,4875.75,4876.25,498.0
2024-01-31 23:50:00,4876.25,4877.5,4876.25,4877.25,548.0
2024-01-31 23:55:00,4877.0,4877.25,4876.0,4876.5,410.0
2024-02-01 00:00:00,4876.5,4877.75,4876.25,4877.5,588.0
2024-02-01 00:05:00,4877.5,4877.5,4876.5,4877.0,555.0
2024-02-01 00:10:00,4877.0,4878.0,4876.75,4878.0,887.0
2024-02-01 00:15:00,4878.25,4878.75,4877.75,4878.25,916.0
2024-02-01 00:20:00,4878.5,4879.5,4878.25,4879.5,662.0
2024-02-01 00:25:00,4879.5,4880.75,4879.25,4880.75,941.0
2024-02-01 00:30:00,4880.75,4882.75,4880.75,4882.25,1668.0
2024-02-01 00:35:00,4882.25,4882.5,4881.5,4882.0,790.0
2024-02-01 00:40:00,4882.25,4883.0,4881.5,4881.5,912.0
2024-02-01 00:45:00,4881.5,4882.25,4880.5,4880.75,931.0
2024-02-01 00:50:00,4880.75,4881.0,4879.25,4879.5,927.0
2024-02-01 00:55:00,4879.5,4879.75,4879.0,4879.5,551.0
2024-02-01 01:00:00,4879.5,4880.25,4879.0,4880.25,587.0
2024-02-01 01:05:00,4880.5,4881.25,4879.25,4879.5,829.0
2024-02-01 01:10:00,4879.5,4879.75,4878.25,4879.5,963.0
2024-02-01 01:15:00,4879.5,4880.0,4878.25,4878.25,580.0
2024-02-01 01:20:00,4878.25,4880.5,4878.0,4879.5,1234.0
2024-02-01 01:25:00,4879.75,4880.5,4879.5,4879.5,439.0
2024-02-01 01:30:00,4879.25,4880.0,4878.5,4880.0,713.0
2024-02-01 01:35:00,4879.75,4880.5,4879.25,4879.5,473.0
2024-02-01 01:40:00,4879.5,4880.5,4879.25,4880.0,473.0
2024-02-01 01:45:00,4880.0,4880.75,4879.75,4880.5,596.0
2024-02-01 01:50:00,4880.5,4880.75,4879.0,4880.0,456.0
2024-02-01 01:55:00,4880.0,4881.25,4879.75,4880.25,639.0
2024-02-01 02:00:00,4880.25,4881.25,4880.25,4880.5,358.0
2024-02-01 02:05:00,4880.5,4882.0,4880.25,4882.0,740.0
2024-02-01 02:10:00,4882.0,4884.5,4881.75,4884.25,1434.0
2024-02-01 02:15:00,4884.0,4884.25,4883.0,4883.0,700.0
2024-02-01 02:20:00,4882.75,4883.75,4882.75,4883.0,606.0
2024-02-01 02:25:00,4883.0,4884.0,4883.0,4884.0,725.0
2024-02-01 02:30:00,4884.0,4885.0,4884.0,4884.75,756.0
2024-02-01 02:35:00,4884.75,4886.0,4884.5,4885.0,1176.0
2024-02-01 02:40:00,4885.0,4886.0,4884.75,4885.25,597.0
2024-02-01 02:45:00,4885.25,4885.25,4884.5,4885.25,458.0
2024-02-01 02:50:00,4885.25,4885.25,4884.25,4884.5,330.0
2024-02-01 02:55:00,4884.5,4884.75,4884.0,4884.5,434.0
2024-02-01 03:00:00,4884.5,4884.75,4884.25,4884.75,251.0
2024-02-01 03:05:00,4884.75,4884.75,4883.75,4884.0,472.0
2024-02-01 03:10:00,4884.0,4884.25,4883.75,4884.0,264.0
2024-02-01 03:15:00,4883.75,4884.25,4882.75,4883.75,800.0
2024-02-01 03:20:00,4883.5,4883.75,4883.0,4883.25,281.0
2024-02-01 03:25:00,4883.25,4883.25,4882.0,4882.75,501.0
2024-02-01 03:30:00,4882.5,4883.0,4882.25,4882.5,342.0
2024-02-01 03:35:00,4882.25,4882.5,4879.5,4880.5,1271.0
2024-02-01 03:40:00,4880.25,4881.5,4880.0,4881.0,518.0
2024-02-01 03:45:00,4881.0,4882.25,4880.75,4882.25,216.0
2024-02-01 03:50:00,4882.25,4882.5,4881.75,4882.25,321.0
2024-02-01 03:55:00,4882.0,4883.0,4882.0,4883.0,247.0
2024-02-01 04:00:00,4882.75,4883.25,4882.75,4883.0,389.0
2024-02-01 04:05:00,4882.75,4883.5,4882.75,4883.5,405.0
2024-02-01 04:10:00,4883.5,4884.75,4883.5,4884.5,489.0
2024-02-01 04:15:00,4884.5,4885.25,4884.5,4885.0,520.0
2024-02-01 04:20:00,4884.75,4885.0,4884.5,4884.5,327.0
2024-02-01 04:25:00,4884.75,4885.25,4884.5,4885.0,291.0
2024-02-01 04:30:00,4885.25,4885.5,4883.25,4883.75,688.0
2024-02-01 04:35:00,4883.75,4883.75,4883.25,4883.5,419.0
2024-02-01 04:40:00,4883.5,4884.25,4883.5,4884.0,284.0
2024-02-01 04:45:00,4884.0,4884.0,4883.25,4883.25,225.0
2024-02-01 04:50:00,4883.25,4884.5,4883.25,4884.25,223.0
2024-02-01 04:55:00,4884.5,4885.0,4884.0,4884.25,237.0
2024-02-01 05:00:00,4884.25,4884.5,4882.5,4882.5,509.0
2024-02-01 05:05:00,4882.5,4883.25,4882.25,4882.75,542.0
2024-02-01 05:10:00,4882.5,4882.75,4882.0,4882.75,428.0
2024-02-01 05:15:00,4882.75,4884.0,4882.75,4884.0,656.0
2024-02-01 05:20:00,4884.0,4884.0,4882.5,4882.75,328.0
2024-02-01 05:25:00,4882.75,4883.25,4882.0,4882.25,446.0
2024-02-01 05:30:00,4882.5,4882.75,4881.5,4881.75,530.0
2024-02-01 05:35:00,4881.75,4882.0,4881.0,4881.25,356.0
2024-02-01 05:40:00,4881.5,4881.75,4881.0,4881.25,346.0
2024-02-01 05:45:00,4881.0,4881.75,4880.0,4881.5,705.0
2024-02-01 05:50:00,4881.25,4881.5,4880.5,4880.5,380.0
2024-02-01 05:55:00,4880.75,4880.75,4879.75,4880.25,631.0
2024-02-01 06:00:00,4880.25,4880.5,4879.5,4880.0,667.0
2024-02-01 06:05:00,4880.0,4880.5,4879.5,4879.5,345.0
2024-02-01 06:10:00,4879.75,4880.5,4879.75,4880.25,316.0
2024-02-01 06:15:00,4880.5,4880.75,4879.25,4879.75,414.0
2024-02-01 06:20:00,4879.75,4879.75,4878.5,4878.5,503.0
2024-02-01 06:25:00,4878.5,4878.75,4877.5,4877.5,717.0
2024-02-01 06:30:00,4877.5,4878.0,4877.25,4877.5,812.0
2024-02-01 06:35:00,4877.5,4877.75,4877.0,4877.0,593.0
2024-02-01 06:40:00,4877.25,4879.75,4876.5,4879.75,1106.0
2024-02-01 06:45:00,4879.75,4880.0,4877.75,4878.0,669.0
2024-02-01 06:50:00,4878.0,4878.0,4877.0,4877.25,427.0
2024-02-01 06:55:00,4877.25,4877.25,4874.25,4874.5,1308.0
2024-02-01 07:00:00,4874.5,4875.75,4874.25,4875.5,1302.0
2024-02-01 07:05:00,4875.75,4876.25,4874.25,4874.5,827.0
2024-02-01 07:10:00,4874.5,4876.25,4873.75,4875.5,1707.0
2024-02-01 07:15:00,4875.5,4877.5,4875.0,4877.5,1010.0
2024-02-01 07:20:00,4877.25,4877.5,4875.5,4875.75,694.0
2024-02-01 07:25:00,4875.5,4876.25,4875.25,4875.5,555.0
2024-02-01 07:30:00,4875.5,4877.5,4874.75,4877.5,943.0
2024-02-01 07:35:00,4877.25,4878.0,4877.0,4878.0,740.0
2024-02-01 07:40:00,4878.0,4881.0,4878.0,4881.0,1996.0
2024-02-01 07:45:00,4880.75,4881.0,4878.5,4878.5,725.0
2024-02-01 07:50:00,4878.75,4880.0,4878.75,4879.75,631.0
2024-02-01 07:55:00,4879.75,4882.0,4879.75,4881.75,1032.0
2024-02-01 08:00:00,4881.75,4882.75,4880.5,4881.75,3459.0
2024-02-01 08:05:00,4881.75,4882.5,4879.5,4880.25,1878.0
2024-02-01 08:10:00,4880.25,4882.0,4880.25,4881.5,1363.0
2024-02-01 08:15:00,4881.5,4882.5,4880.5,4882.25,1710.0
2024-02-01 08:20:00,4882.25,4884.5,4882.0,4883.5,2076.0
2024-02-01 08:25:00,4883.75,4885.0,4883.75,4884.75,1518.0
2024-02-01 08:30:00,4884.75,4885.5,4883.5,4884.75,1899.0
2024-02-01 08:35:00,4884.75,4885.25,4882.5,4884.75,2049.0
2024-02-01 08:40:00,4884.5,4885.5,4883.5,4884.0,1981.0
2024-02-01 08:45:00,4884.25,4885.5,4883.75,4884.25,1175.0
2024-02-01 08:50:00,4884.25,4885.0,4883.75,4884.25,978.0
2024-02-01 08:55:00,4884.25,4884.75,4883.0,4884.25,866.0
2024-02-01 09:00:00,4884.25,4885.5,4883.5,4884.0,2114.0
2024-02-01 09:05:00,4884.0,4884.25,4882.0,4882.75,1493.0
2024-02-01 09:10:00,4882.5,4885.25,4882.25,4884.25,1253.0
2024-02-01 09:15:00,4884.25,4886.75,4884.0,4886.25,1516.0
2024-02-01 09:20:00,4886.5,4886.5,4884.25,4884.5,1037.0
2024-02-01 09:25:00,4884.25,4885.5,4884.25,4885.0,634.0
2024-02-01 09:30:00,4884.75,4886.5,4884.5,4885.75,932.0
2024-02-01 09:35:00,4886.0,4886.0,4883.75,4884.5,945.0
2024-02-01 09:40:00,4884.25,4885.25,4883.25,4884.25,946.0
2024-02-01 09:45:00,4884.0,4886.0,4883.5,4886.0,718.0
2024-02-01 09:50:00,4886.0,4886.5,4885.5,4886.0,823.0
2024-02-01 09:55:00,4886.0,4886.5,4884.75,4885.5,1152.0
2024-02-01 10:00:00,4885.5,4886.0,4884.5,4885.75,971.0
2024-02-01 10:05:00,4885.75,4886.25,4885.25,4885.5,719.0
2024-02-01 10:10:00,4885.5,4887.0,4885.25,4887.0,864.0
2024-02-01 10:15:00,4887.0,4887.25,4886.0,4886.25,1098.0
2024-02-01 10:20:00,4886.0,4887.5,4886.0,4887.5,968.0
2024-02-01 10:25:00,4887.25,4888.0,4887.25,4887.5,816.0
2024-02-01 10:30:00,4887.25,4887.75,4886.5,4887.5,701.0
2024-02-01 10:35:00,4887.5,4888.0,4887.25,4888.0,625.0
2024-02-01 10:40:00,4888.0,4888.25,4887.25,4887.75,623.0
2024-02-01 10:45:00,4887.75,4888.25,4887.5,4888.0,717.0
2024-02-01 10:50:00,4888.0,4888.25,4887.5,4888.0,456.0
2024-02-01 10:55:00,4888.25,4888.75,4888.0,4888.5,1147.0
2024-02-01 11:00:00,4888.5,4889.0,4887.75,4889.0,1556.0
2024-02-01 11:05:00,4889.0,4889.0,4887.75,4887.75,1059.0
2024-02-01 11:10:00,4888.0,4888.0,4886.5,4887.0,1220.0
2024-02-01 11:15:00,4887.0,4887.5,4886.25,4887.25,847.0
2024-02-01 11:20:00,4887.25,4887.5,4886.75,4887.25,617.0
2024-02-01 11:25:00,4887.0,4887.25,4886.25,4886.5,1083.0
2024-02-01 11:30:00,4886.25,4887.25,4886.25,4887.0,785.0
2024-02-01 11:35:00,4887.0,4887.75,4886.5,4887.25,1461.0
2024-02-01 11:40:00,4887.5,4888.0,4887.25,4887.25,572.0
2024-02-01 11:45:00,4887.25,4888.0,4886.75,4887.25,1005.0
2024-02-01 11:50:00,4887.25,4887.75,4886.25,4886.75,1127.0
2024-02-01 11:55:00,4887.0,4889.0,4887.0,4888.75,1507.0
2024-02-01 12:00:00,4888.75,4889.5,4887.5,4888.75,1631.0
2024-02-01 12:05:00,4888.5,4892.0,4888.25,4891.75,2060.0
2024-02-01 12:10:00,4891.75,4892.0,4889.5,4890.25,1862.0
2024-02-01 12:15:00,4890.25,4891.5,4889.5,4891.0,1604.0
2024-02-01 12:20:00,4891.25,4892.25,4891.0,4892.0,1799.0
2024-02-01 12:25:00,4891.75,4892.25,4890.5,4891.25,1453.0
2024-02-01 12:30:00,4891.5,4892.5,4891.5,4892.5,2594.0
2024-02-01 12:35:00,4892.5,4892.5,4891.5,4892.5,1575.0
2024-02-01 12:40:00,4892.25,4894.25,4892.25,4894.25,2347.0
2024-02-01 12:45:00,4894.25,4895.75,4894.0,4894.5,2740.0
2024-02-01 12:50:00,4894.5,4894.75,4892.75,4894.5,1977.0
2024-02-01 12:55:00,4894.5,4895.25,4892.5,4892.5,2236.0
2024-02-01 13:00:00,4892.75,4893.5,4890.75,4890.75,2714.0
2024-02-01 13:05:00,4890.75,4891.5,4890.0,4890.5,2278.0
2024-02-01 13:10:00,4890.5,4890.5,4887.25,4887.75,3805.0
2024-02-01 13:15:00,4887.5,4888.0,4882.75,4884.75,9258.0
2024-02-01 13:20:00,4884.75,4885.5,4882.75,4883.25,4502.0
2024-02-01 13:25:00,4883.0,4886.75,4882.75,4885.25,4523.0
2024-02-01 13:30:00,4885.5,4890.0,4882.75,4884.0,11866.0
2024-02-01 13:35:00,4884.0,4891.0,4884.0,4891.0,5571.0
2024-02-01 13:40:00,4891.0,4892.0,4887.5,4888.5,5751.0
2024-02-01 13:45:00,4888.5,4892.0,4887.5,4891.75,4071.0
2024-02-01 13:50:00,4891.75,4891.75,4889.0,4889.0,3790.0
2024-02-01 13:55:00,4889.0,4891.5,4889.0,4890.5,2985.0
2024-02-01 14:00:00,4890.5,4892.25,4889.0,4889.0,3758.0
2024-02-01 14:05:00,4889.0,4889.0,4883.75,4886.5,6680.0
2024-02-01 14:10:00,4886.25,4887.0,4884.5,4886.75,3783.0
2024-02-01 14:15:00,4886.5,4888.0,4886.25,4886.5,3664.0
2024-02-01 14:20:00,4886.5,4886.75,4884.75,4885.0,2924.0
2024-02-01 14:25:00,4885.0,4887.25,4881.75,4882.0,8077.0
2024-02-01 14:30:00,4882.0,4891.0,4880.5,4890.0,43619.0
2024-02-01 14:35:00,4890.25,4893.25,4888.25,4888.75,31143.0
2024-02-01 14:40:00,4888.75,4893.0,4888.0,4891.75,20093.0
2024-02-01 14:45:00,4891.75,4894.75,4887.5,4887.75,32228.0
2024-02-01 14:50:00,4887.75,4891.0,4886.5,4888.0,21189.0
2024-02-01 14:55:00,4888.0,4889.0,4883.75,4885.0,18082.0
2024-02-01 15:00:00,4885.0,4887.25,4879.25,4885.75,35495.0
2024-02-01 15:05:00,4885.75,4895.0,4885.75,4894.75,26914.0
2024-02-01 15:10:00,4894.5,4897.0,4892.0,4892.5,22868.0
2024-02-01 15:15:00,4892.25,4897.0,4892.0,4894.0,17488.0
2024-02-01 15:20:00,4893.75,4895.25,4886.75,4888.75,23070.0
2024-02-01 15:25:00,4889.0,4898.0,4888.0,4897.75,22352.0
2024-02-01 15:30:00,4897.5,4899.25,4895.25,4897.5,21414.0
2024-02-01 15:35:00,4897.5,4898.0,4895.0,4897.25,18723.0
2024-02-01 15:40:00,4897.5,4897.5,4892.25,4893.75,15978.0
2024-02-01 15:45:00,4893.75,4895.25,4892.25,4892.25,13890.0
2024-02-01 15:50:00,4892.5,4893.0,4884.25,4884.5,27240.0
2024-02-01 15:55:00,4884.5,4885.25,4880.25,4881.25,28674.0
2024-02-01 16:00:00,4881.0,4881.0,4876.0,4878.5,28757.0
2024-02-01 16:05:00,4878.5,4882.75,4877.5,4878.0,20258.0
2024-02-01 16:10:00,4878.25,4881.0,4874.5,4876.0,16574.0
2024-02-01 16:15:00,4876.0,4881.5,4876.0,4879.25,16804.0
2024-02-01 16:20:00,4879.5,4882.0,4877.75,4881.75,15354.0
2024-02-01 16:25:00,4881.75,4884.0,4880.0,4881.25,14006.0
2024-02-01 16:30:00,4881.25,4889.25,4880.75,4888.25,18387.0
2024-02-01 16:35:00,4888.25,4889.75,4886.25,4888.75,14710.0
2024-02-01 16:40:00,4888.75,4892.5,4887.75,4891.5,15580.0
2024-02-01 16:45:00,4891.5,4892.75,4889.5,4890.5,13602.0
2024-02-01 16:50:00,4890.5,4895.0,4889.5,4893.75,13909.0
2024-02-01 16:55:00,4893.75,4894.5,4892.0,4892.5,10196.0
2024-02-01 17:00:00,4892.25,4901.0,4892.25,4900.25,18712.0
2024-02-01 17:05:00,4900.25,4908.0,4900.0,4907.25,35239.0
2024-02-01 17:10:00,4907.0,4909.75,4903.75,4904.5,25249.0
2024-02-01 17:15:00,4904.75,4905.75,4902.75,4902.75,11788.0
2024-02-01 17:20:00,4903.0,4904.25,4901.25,4902.75,10454.0
2024-02-01 17:25:00,4902.75,4904.5,4901.25,4901.75,8041.0
2024-02-01 17:30:00,4901.75,4903.25,4900.5,4901.75,11674.0
2024-02-01 17:35:00,4901.75,4903.5,4901.0,4902.75,10426.0
2024-02-01 17:40:00,4902.75,4904.25,4901.25,4903.0,13581.0
2024-02-01 17:45:00,4903.0,4909.0,4902.75,4908.5,16233.0
2024-02-01 17:50:00,4908.75,4916.5,4908.5,4915.5,24175.0
2024-02-01 17:55:00,4915.5,4919.5,4908.0,4910.0,30877.0
2024-02-01 18:00:00,4910.25,4912.0,4904.5,4904.75,17125.0
2024-02-01 18:05:00,4904.75,4905.0,4899.0,4901.25,24233.0
2024-02-01 18:10:00,4901.0,4907.5,4900.0,4907.25,14254.0
2024-02-01 18:15:00,4907.5,4909.25,4905.25,4905.25,12694.0
2024-02-01 18:20:00,4905.5,4909.25,4905.5,4906.0,10684.0
2024-02-01 18:25:00,4906.0,4909.25,4904.75,4906.5,9638.0
2024-02-01 18:30:00,4906.75,4913.0,4906.25,4911.25,12501.0
2024-02-01 18:35:00,4911.0,4913.0,4900.5,4904.5,22208.0
2024-02-01 18:40:00,4904.75,4906.0,4902.25,4903.75,11333.0
2024-02-01 18:45:00,4903.5,4910.0,4903.25,4909.25,9885.0
2024-02-01 18:50:00,4909.25,4911.0,4908.0,4909.25,6831.0
2024-02-01 18:55:00,4909.25,4912.0,4908.0,4909.25,9094.0
2024-02-01 19:00:00,4909.0,4911.5,4908.25,4910.75,7900.0
2024-02-01 19:05:00,4910.5,4915.25,4910.25,4914.25,9032.0
2024-02-01 19:10:00,4914.0,4916.75,4909.5,4910.5,14165.0
2024-02-01 19:15:00,4910.5,4913.0,4908.75,4912.0,9134.0
2024-02-01 19:20:00,4912.0,4914.5,4911.5,4912.5,8064.0
2024-02-01 19:25:00,4912.5,4913.5,4909.5,4912.25,9320.0
2024-02-01 19:30:00,4912.0,4912.5,4909.0,4909.5,7652.0
2024-02-01 19:35:00,4909.5,4912.75,4908.0,4912.75,9477.0
2024-02-01 19:40:00,4912.75,4916.0,4912.5,4915.75,7574.0
2024-02-01 19:45:00,4915.75,4922.5,4915.25,4921.5,16226.0
2024-02-01 19:50:00,4921.75,4922.0,4918.0,4919.75,12611.0
2024-02-01 19:55:00,4919.75,4922.75,4918.5,4921.75,9406.0
2024-02-01 20:00:00,4922.0,4924.0,4921.0,4924.0,11365.0
2024-02-01 20:05:00,4924.0,4927.0,4922.0,4924.0,16999.0
2024-02-01 20:10:00,4924.0,4924.0,4919.0,4922.0,13964.0
2024-02-01 20:15:00,4922.0,4923.75,4921.5,4923.5,6513.0
2024-02-01 20:20:00,4923.5,4924.75,4922.0,4922.5,8044.0
2024-02-01 20:25:00,4922.25,4924.5,4922.0,4923.5,7416.0
2024-02-01 20:30:00,4923.5,4925.75,4923.25,4923.25,8775.0
2024-02-01 20:35:00,4923.5,4926.0,4923.25,4924.25,9051.0
2024-02-01 20:40:00,4924.25,4928.0,4924.0,4925.25,11521.0
2024-02-01 20:45:00,4925.25,4926.0,4920.75,4922.75,16997.0
2024-02-01 20:50:00,4922.75,4922.75,4918.0,4919.75,19367.0
2024-02-01 20:55:00,4919.5,4926.5,4919.5,4926.0,33585.0
2024-02-01 21:00:00,4926.0,4933.5,4925.75,4929.75,79402.0
2024-02-01 21:05:00,4929.5,4941.5,4928.5,4939.75,21516.0
2024-02-01 21:10:00,4939.75,4944.5,4937.25,4944.25,14287.0
2024-02-01 21:15:00,4944.25,4948.75,4944.0,4946.25,8876.0
2024-02-01 21:20:00,4946.25,4948.0,4943.0,4947.0,5645.0
2024-02-01 21:25:00,4947.0,4948.25,4945.75,4948.0,4261.0
2024-02-01 21:30:00,4948.0,4954.5,4945.0,4946.5,11136.0
2024-02-01 21:35:00,4946.25,4949.75,4946.25,4949.5,3489.0
2024-02-01 21:40:00,4949.25,4955.0,4949.25,4955.0,3907.0
2024-02-01 21:45:00,4954.5,4957.0,4952.25,4956.5,7481.0
2024-02-01 21:50:00,4956.75,4963.75,4956.5,4960.75,8285.0
2024-02-01 21:55:00,4960.5,4961.5,4958.25,4959.5,24639.0
2024-02-01 22:00:00,4959.5,4960.0,4959.0,4959.0,1902.0
2024-02-01 23:00:00,4952.75,4956.0,4950.5,4955.5,3269.0
2024-02-01 23:05:00,4955.5,4955.5,4951.0,4954.25,2682.0
2024-02-01 23:10:00,4954.25,4955.25,4953.0,4953.25,1294.0
2024-02-01 23:15:00,4953.0,4954.0,4951.0,4953.75,1402.0
2024-02-01 23:20:00,4953.75,4955.0,4952.75,4954.5,933.0
2024-02-01 23:25:00,4954.75,4955.0,4953.0,4953.25,936.0
2024-02-01 23:30:00,4953.25,4953.5,4952.5,4952.75,836.0
2024-02-01 23:35:00,4952.75,4953.25,4952.25,4952.5,564.0
2024-02-01 23:40:00,4952.5,4955.75,4952.5,4955.0,1109.0
2024-02-01 23:45:00,4955.0,4955.25,4953.25,4953.5,606.0
2024-02-01 23:50:00,4953.5,4954.75,4953.5,4954.25,567.0
2024-02-01 23:55:00,4954.25,4954.25,4953.25,4953.75,345.0
2024-02-02 00:00:00,4953.75,4954.25,4952.75,4953.5,940.0
2024-02-02 00:05:00,4953.5,4953.75,4951.5,4951.5,1393.0
2024-02-02 00:10:00,4951.75,4952.0,4951.25,4951.5,661.0
2024-02-02 00:15:00,4951.5,4951.75,4950.25,4950.25,891.0
2024-02-02 00:20:00,4950.0,4951.75,4950.0,4951.25,879.0
2024-02-02 00:25:00,4951.25,4952.75,4951.25,4951.75,612.0
2024-02-02 00:30:00,4951.75,4952.5,4951.75,4951.75,229.0
2024-02-02 00:35:00,4951.75,4953.0,4951.75,4952.75,397.0
2024-02-02 00:40:00,4953.0,4953.25,4952.5,4952.75,281.0
2024-02-02 00:45:00,4952.75,4953.5,4952.75,4953.5,358.0
2024-02-02 00:50:00,4953.25,4954.75,4953.25,4954.25,797.0
2024-02-02 00:55:00,4954.25,4954.75,4954.0,4954.75,438.0
2024-02-02 01:00:00,4954.5,4955.5,4953.75,4954.0,657.0
2024-02-02 01:05:00,4954.0,4954.75,4953.5,4954.75,361.0
2024-02-02 01:10:00,4954.75,4956.25,4954.5,4955.0,720.0
2024-02-02 01:15:00,4955.0,4955.75,4954.75,4955.5,603.0
2024-02-02 01:20:00,4955.25,4956.0,4955.0,4955.75,373.0
2024-02-02 01:25:00,4955.5,4956.75,4955.5,4956.0,469.0
2024-02-02 01:30:00,4955.75,4957.25,4955.75,4956.75,648.0
2024-02-02 01:35:00,4956.75,4959.0,4956.75,4958.0,1125.0
2024-02-02 01:40:00,4958.0,4958.25,4956.5,4956.75,384.0
2024-02-02 01:45:00,4956.75,4957.25,4956.5,4956.75,407.0
2024-02-02 01:50:00,4956.5,4958.5,4956.5,4958.25,705.0
2024-02-02 01:55:00,4958.25,4958.75,4957.5,4958.0,383.0
2024-02-02 02:00:00,4958.0,4958.5,4958.0,4958.25,378.0
2024-02-02 02:05:00,4958.0,4959.0,4957.75,4959.0,533.0
2024-02-02 02:10:00,4959.0,4959.0,4957.25,4957.5,398.0
2024-02-02 02:15:00,4957.5,4957.75,4956.75,4956.75,385.0
2024-02-02 02:20:00,4956.5,4956.75,4955.5,4956.0,901.0
2024-02-02 02:25:00,4956.25,4957.25,4956.25,4957.0,336.0
2024-02-02 02:30:00,4956.75,4957.75,4956.25,4957.5,431.0
2024-02-02 02:35:00,4957.5,4957.75,4956.75,4957.5,323.0
2024-02-02 02:40:00,4957.5,4958.0,4956.5,4957.75,314.0
2024-02-02 02:45:00,4958.0,4958.25,4957.5,4958.0,258.0
2024-02-02 02:50:00,4958.25,4958.5,4957.5,4957.5,275.0
2024-02-02 02:55:00,4957.5,4958.25,4957.5,4958.25,163.0
2024-02-02 03:00:00,4958.25,4958.5,4957.75,4958.0,307.0
2024-02-02 03:05:00,4958.0,4958.25,4957.75,4957.75,224.0
2024-02-02 03:10:00,4957.75,4958.0,4957.25,4957.25,245.0
2024-02-02 03:15:00,4957.0,4957.5,4956.25,4957.0,424.0
2024-02-02 03:20:00,4957.0,4957.25,4956.5,4956.5,257.0
2024-02-02 03:25:00,4956.75,4957.0,4956.0,4956.25,194.0
2024-02-02 03:30:00,4956.5,4956.75,4955.75,4955.75,417.0
2024-02-02 03:35:00,4955.75,4955.75,4955.25,4955.5,341.0
2024-02-02 03:40:00,4955.75,4956.0,4955.5,4956.0,198.0
2024-02-02 03:45:00,4955.75,4956.75,4955.75,4956.75,235.0
2024-02-02 03:50:00,4956.75,4956.75,4956.0,4956.5,363.0
2024-02-02 03:55:00,4956.5,4956.5,4956.0,4956.0,205.0
2024-02-02 04:00:00,4955.75,4956.0,4955.25,4955.25,411.0
2024-02-02 04:05:00,4955.25,4955.5,4955.25,4955.5,268.0
2024-02-02 04:10:00,4955.25,4955.5,4955.25,4955.25,209.0
2024-02-02 04:15:00,4955.5,4956.25,4955.25,4956.25,168.0
2024-02-02 04:20:00,4956.25,4956.25,4955.75,4955.75,206.0
2024-02-02 04:25:00,4955.75,4956.75,4955.75,4956.5,186.0
2024-02-02 04:30:00,4956.5,4956.5,4956.25,4956.5,94.0
2024-02-02 04:35:00,4956.5,4956.5,4956.0,4956.25,127.0
2024-02-02 04:40:00,4956.25,4956.5,4955.75,4955.75,88.0
2024-02-02 04:45:00,4955.75,4956.25,4955.75,4955.75,311.0
2024-02-02 04:50:00,4955.5,4955.75,4954.0,4954.5,778.0
2024-02-02 04:55:00,4954.5,4955.0,4953.75,4954.75,301.0
2024-02-02 05:00:00,4954.75,4954.75,4954.25,4954.25,405.0
2024-02-02 05:05:00,4954.5,4955.25,4954.25,4955.25,299.0
2024-02-02 05:10:00,4955.25,4956.25,4955.0,4956.25,642.0
2024-02-02 05:15:00,4956.25,4956.25,4955.5,4955.5,188.0
2024-02-02 05:20:00,4955.5,4955.75,4955.25,4955.5,249.0
2024-02-02 05:25:00,4955.5,4956.5,4955.25,4956.5,506.0
2024-02-02 05:30:00,4956.75,4957.0,4955.0,4955.5,696.0
2024-02-02 05:35:00,4955.5,4956.0,4955.0,4956.0,227.0
2024-02-02 05:40:00,4955.75,4956.0,4955.0,4955.5,691.0
2024-02-02 05:45:00,4955.5,4955.75,4955.25,4955.5,180.0
2024-02-02 05:50:00,4955.75,4956.0,4955.0,4955.0,170.0
2024-02-02 05:55:00,4955.25,4955.5,4954.75,4954.75,160.0
2024-02-02 06:00:00,4955.0,4955.5,4953.75,4954.5,624.0
2024-02-02 06:05:00,4954.25,4955.5,4954.25,4955.5,232.0
2024-02-02 06:10:00,4955.5,4956.0,4955.0,4956.0,322.0
2024-02-02 06:15:00,4956.0,4956.25,4954.25,4955.5,593.0
2024-02-02 06:20:00,4955.5,4955.75,4954.25,4954.5,418.0
2024-02-02 06:25:00,4954.5,4956.5,4954.25,4956.25,580.0
2024-02-02 06:30:00,4956.25,4957.25,4956.0,4957.0,490.0
2024-02-02 06:35:00,4956.75,4957.75,4956.75,4956.75,473.0
2024-02-02 06:40:00,4956.75,4957.25,4956.25,4956.75,373.0
2024-02-02 06:45:00,4956.75,4957.75,4956.75,4957.0,424.0
2024-02-02 06:50:00,4956.75,4957.75,4956.25,4957.0,619.0
2024-02-02 06:55:00,4957.0,4957.0,4955.75,4956.0,347.0
2024-02-02 07:00:00,4956.25,4957.5,4954.5,4955.0,1529.0
2024-02-02 07:05:00,4955.0,4955.0,4954.0,4954.25,560.0
2024-02-02 07:10:00,4954.25,4956.0,4954.0,4955.5,534.0
2024-02-02 07:15:00,4955.5,4955.75,4954.75,4955.0,404.0
2024-02-02 07:20:00,4954.75,4956.25,4954.5,4955.5,441.0
2024-02-02 07:25:00,4955.75,4956.0,4954.5,4955.0,377.0
2024-02-02 07:30:00,4954.75,4955.25,4954.25,4955.25,449.0
2024-02-02 07:35:00,4955.25,4955.5,4953.75,4954.0,569.0
2024-02-02 07:40:00,4954.0,4954.25,4953.75,4954.0,774.0
2024-02-02 07:45:00,4954.25,4954.5,4953.0,4953.5,653.0
2024-02-02 07:50:00,4953.5,4954.0,4953.0,4953.75,483.0
2024-02-02 07:55:00,4953.75,4954.25,4953.25,4954.0,614.0
2024-02-02 08:00:00,4954.0,4954.5,4951.75,4952.5,3137.0
2024-02-02 08:05:00,4952.75,4953.5,4951.75,4952.5,2033.0
2024-02-02 08:10:00,4952.25,4953.25,4951.75,4952.25,1644.0
2024-02-02 08:15:00,4952.25,4952.5,4951.25,4952.0,1458.0
2024-02-02 08:20:00,4951.75,4953.75,4951.5,4953.5,1357.0
2024-02-02 08:25:00,4953.5,4955.5,4953.5,4954.75,2051.0
2024-02-02 08:30:00,4954.5,4956.0,4953.75,4955.75,1349.0
2024-02-02 08:35:00,4955.75,4956.0,4954.5,4955.5,1894.0
2024-02-02 08:40:00,4955.5,4957.0,4955.25,4956.75,1223.0
2024-02-02 08:45:00,4956.75,4958.5,4956.75,4958.25,1575.0
2024-02-02 08:50:00,4958.0,4959.75,4957.75,4958.75,1619.0
2024-02-02 08:55:00,4958.5,4959.25,4956.75,4957.5,1643.0
2024-02-02 09:00:00,4957.5,4959.75,4957.25,4959.5,1942.0
2024-02-02 09:05:00,4959.5,4960.0,4957.25,4957.75,1383.0
2024-02-02 09:10:00,4957.75,4959.5,4957.75,4958.5,1261.0
2024-02-02 09:15:00,4958.5,4958.5,4957.25,4957.5,1332.0
2024-02-02 09:20:00,4957.5,4957.75,4955.5,4956.75,1239.0
2024-02-02 09:25:00,4956.75,4957.25,4955.0,4955.25,1178.0
2024-02-02 09:30:00,4955.25,4955.5,4953.25,4953.75,2133.0
2024-02-02 09:35:00,4954.0,4954.5,4953.25,4953.5,1329.0
2024-02-02 09:40:00,4953.5,4954.0,4951.75,4952.0,1581.0
2024-02-02 09:45:00,4952.25,4954.25,4951.75,4954.0,1025.0
2024-02-02 09:50:00,4954.0,4954.25,4952.75,4953.75,1240.0
2024-02-02 09:55:00,4953.75,4954.25,4952.5,4954.25,876.0
2024-02-02 10:00:00,4954.25,4955.25,4954.25,4954.5,902.0
2024-02-02 10:05:00,4954.75,4955.0,4953.75,4954.75,1106.0
2024-02-02 10:10:00,4954.75,4955.5,4954.75,4955.5,516.0
2024-02-02 10:15:00,4955.5,4955.5,4954.75,4955.25,488.0
2024-02-02 10:20:00,4955.5,4955.75,4954.5,4954.75,721.0
2024-02-02 10:25:00,4954.5,4956.25,4954.25,4956.0,919.0
2024-02-02 10:30:00,4956.0,4956.75,4955.25,4956.0,699.0
2024-02-02 10:35:00,4955.75,4957.75,4955.75,4956.75,936.0
2024-02-02 10:40:00,4957.0,4957.25,4956.25,4956.75,628.0
2024-02-02 10:45:00,4956.5,4957.0,4955.5,4957.0,590.0
2024-02-02 10:50:00,4956.75,4957.0,4956.25,4956.5,425.0
2024-02-02 10:55:00,4956.25,4956.25,4954.75,4956.0,998.0
2024-02-02 11:00:00,4955.75,4956.0,4953.75,4954.75,1249.0
2024-02-02 11:05:00,4954.75,4955.5,4954.25,4954.25,523.0
2024-02-02 11:10:00,4954.5,4955.75,4954.0,4955.75,701.0
2024-02-02 11:15:00,4955.75,4957.0,4955.75,4956.75,694.0
2024-02-02 11:20:00,4956.75,4957.25,4956.25,4956.5,398.0
2024-02-02 11:25:00,4956.25,4956.75,4955.75,4956.75,957.0
2024-02-02 11:30:00,4956.75,4958.5,4956.5,4957.5,1463.0
2024-02-02 11:35:00,4957.5,4958.75,4957.25,4957.75,785.0
2024-02-02 11:40:00,4957.75,4958.5,4957.75,4958.5,971.0
2024-02-02 11:45:00,4958.5,4958.75,4957.5,4958.25,647.0
2024-02-02 11:50:00,4958.25,4958.5,4957.75,4958.0,684.0
2024-02-02 11:55:00,4958.0,4958.75,4958.0,4958.25,636.0
2024-02-02 12:00:00,4958.25,4959.0,4958.0,4958.75,1136.0
2024-02-02 12:05:00,4958.5,4959.0,4956.25,4957.25,1293.0
2024-02-02 12:10:00,4957.5,4958.5,4957.25,4958.5,578.0
2024-02-02 12:15:00,4958.75,4960.75,4958.75,4960.75,1219.0
2024-02-02 12:20:00,4960.75,4962.0,4960.5,4962.0,1688.0
2024-02-02 12:25:00,4962.0,4963.5,4961.5,4963.0,1898.0
2024-02-02 12:30:00,4962.75,4962.75,4961.25,4961.25,1631.0
2024-02-02 12:35:00,4961.5,4962.0,4961.0,4961.75,1700.0
2024-02-02 12:40:00,4961.75,4962.75,4960.75,4962.25,1887.0
2024-02-02 12:45:00,4962.5,4963.0,4961.5,4962.0,1170.0
2024-02-02 12:50:00,4962.0,4962.5,4960.5,4961.25,1296.0
2024-02-02 12:55:00,4961.5,4962.5,4961.0,4962.25,1537.0
2024-02-02 13:00:00,4962.25,4963.0,4960.5,4962.75,2294.0
2024-02-02 13:05:00,4962.75,4964.0,4962.25,4962.25,2524.0
2024-02-02 13:10:00,4962.25,4962.5,4960.5,4960.75,2399.0
2024-02-02 13:15:00,4960.75,4961.25,4957.75,4958.5,3137.0
2024-02-02 13:20:00,4958.5,4959.0,4957.25,4958.25,2946.0
2024-02-02 13:25:00,4958.25,4959.25,4956.5,4957.5,3668.0
2024-02-02 13:30:00,4957.5,4958.5,4934.0,4939.25,34658.0
2024-02-02 13:35:00,4939.5,4941.0,4934.75,4940.0,16385.0
2024-02-02 13:40:00,4940.0,4948.5,4938.75,4948.0,17102.0
2024-02-02 13:45:00,4947.75,4948.75,4938.75,4939.0,11628.0
2024-02-02 13:50:00,4939.0,4940.75,4937.25,4937.25,10225.0
2024-02-02 13:55:00,4937.25,4937.5,4927.5,4929.0,20105.0
2024-02-02 14:00:00,4929.0,4932.25,4927.0,4927.25,14133.0
2024-02-02 14:05:00,4927.25,4933.5,4925.75,4931.0,12809.0
2024-02-02 14:10:00,4931.25,4932.75,4929.5,4930.75,6542.0
2024-02-02 14:15:00,4930.75,4934.0,4928.0,4931.75,8685.0
2024-02-02 14:20:00,4932.0,4932.0,4926.5,4927.75,8197.0
2024-02-02 14:25:00,4927.5,4930.0,4926.5,4928.5,7485.0
2024-02-02 14:30:00,4928.5,4937.5,4928.5,4932.25,51590.0
2024-02-02 14:35:00,4932.5,4936.25,4930.75,4935.5,31496.0
2024-02-02 14:40:00,4935.5,4938.25,4932.5,4937.5,28984.0
2024-02-02 14:45:00,4937.75,4945.75,4937.25,4944.0,38742.0
2024-02-02 14:50:00,4944.25,4944.75,4935.25,4935.75,30380.0
2024-02-02 14:55:00,4935.5,4944.25,4934.5,4942.25,20884.0
2024-02-02 15:00:00,4942.25,4944.0,4939.25,4941.25,22540.0
2024-02-02 15:05:00,4941.5,4942.75,4937.25,4938.25,22977.0
2024-02-02 15:10:00,4938.5,4941.0,4936.25,4940.0,20220.0
2024-02-02 15:15:00,4940.0,4945.0,4939.0,4944.25,21810.0
2024-02-02 15:20:00,4944.0,4947.25,4942.0,4947.25,20725.0
2024-02-02 15:25:00,4947.5,4950.0,4943.5,4943.75,24584.0
2024-02-02 15:30:00,4943.75,4946.75,4939.75,4940.75,21991.0
2024-02-02 15:35:00,4941.0,4946.0,4940.75,4943.5,21804.0
2024-02-02 15:40:00,4943.75,4956.75,4943.0,4956.5,30349.0
2024-02-02 15:45:00,4956.75,4961.0,4956.5,4958.75,25812.0
2024-02-02 15:50:00,4958.75,4958.75,4953.75,4955.25,17651.0
2024-02-02 15:55:00,4955.25,4960.5,4953.75,4959.25,17631.0
2024-02-02 16:00:00,4959.25,4960.0,4953.0,4954.5,19851.0
2024-02-02 16:05:00,4954.75,4959.75,4953.5,4958.25,15404.0
2024-02-02 16:10:00,4958.0,4962.25,4956.5,4959.5,14087.0
2024-02-02 16:15:00,4959.5,4962.0,4958.5,4960.5,12519.0
2024-02-02 16:20:00,4960.5,4960.5,4956.5,4958.0,13236.0
2024-02-02 16:25:00,4957.75,4962.25,4956.75,4962.25,13962.0
2024-02-02 16:30:00,4962.25,4970.25,4961.0,4969.0,32897.0
2024-02-02 16:35:00,4969.0,4969.75,4967.25,4968.75,14675.0
2024-02-02 16:40:00,4968.75,4974.25,4968.5,4974.25,15958.0
2024-02-02 16:45:00,4974.25,4976.25,4972.5,4975.25,16320.0
2024-02-02 16:50:00,4975.25,4977.25,4974.25,4976.0,16624.0
2024-02-02 16:55:00,4976.25,4976.75,4970.25,4971.25,18964.0
2024-02-02 17:00:00,4971.5,4975.25,4971.0,4973.75,14488.0
2024-02-02 17:05:00,4973.75,4975.25,4970.75,4971.0,11346.0
2024-02-02 17:10:00,4971.0,4973.25,4969.75,4970.0,11221.0
2024-02-02 17:15:00,4970.0,4973.5,4968.25,4973.25,11693.0
2024-02-02 17:20:00,4973.5,4974.75,4972.0,4973.75,9005.0
2024-02-02 17:25:00,4973.75,4978.75,4971.75,4978.0,12482.0
2024-02-02 17:30:00,4978.0,4983.25,4977.75,4980.25,19443.0
2024-02-02 17:35:00,4980.5,4983.5,4979.0,4981.5,11615.0
2024-02-02 17:40:00,4981.5,4982.75,4973.0,4973.75,16445.0
2024-02-02 17:45:00,4973.75,4974.0,4958.75,4965.75,50589.0
2024-02-02 17:50:00,4965.75,4967.5,4961.0,4965.25,17349.0
2024-02-02 17:55:00,4965.5,4970.5,4964.5,4969.75,12367.0
2024-02-02 18:00:00,4970.0,4977.0,4969.75,4975.25,18031.0
2024-02-02 18:05:00,4975.25,4979.5,4975.0,4975.25,13606.0
2024-02-02 18:10:00,4975.0,4977.5,4972.0,4977.0,13707.0
2024-02-02 18:15:00,4977.0,4980.5,4974.0,4980.25,12151.0
2024-02-02 18:20:00,4980.5,4980.5,4976.0,4980.25,10410.0
2024-02-02 18:25:00,4980.25,4982.5,4971.75,4975.25,18953.0
2024-02-02 18:30:00,4975.25,4976.0,4972.25,4973.75,11836.0
2024-02-02 18:35:00,4973.75,4977.75,4969.75,4976.0,14590.0
2024-02-02 18:40:00,4976.0,4979.5,4975.0,4977.75,12357.0
2024-02-02 18:45:00,4977.75,4981.25,4974.75,4977.5,12943.0
2024-02-02 18:50:00,4977.25,4981.25,4976.75,4979.25,10014.0
2024-02-02 18:55:00,4979.25,4981.25,4977.5,4979.75,7219.0
2024-02-02 19:00:00,4979.5,4987.0,4979.0,4985.0,14716.0
2024-02-02 19:05:00,4985.0,4986.0,4982.5,4985.5,10952.0
2024-02-02 19:10:00,4985.75,4987.75,4984.25,4987.5,8244.0
2024-02-02 19:15:00,4987.25,4991.0,4986.5,4989.5,17535.0
2024-02-02 19:20:00,4989.75,4989.75,4983.0,4986.5,16613.0
2024-02-02 19:25:00,4986.5,4988.25,4984.75,4985.75,7104.0
2024-02-02 19:30:00,4985.5,4989.5,4985.25,4989.5,9406.0
2024-02-02 19:35:00,4989.5,4993.75,4989.5,4992.5,15463.0
2024-02-02 19:40:00,4992.5,4994.5,4991.0,4992.25,10936.0
2024-02-02 19:45:00,4992.5,4994.0,4990.75,4992.5,13224.0
2024-02-02 19:50:00,4992.75,4994.25,4989.25,4990.5,13018.0
2024-02-02 19:55:00,4990.75,4993.0,4988.75,4992.5,12853.0
2024-02-02 20:00:00,4992.5,4994.5,4990.0,4991.75,12755.0
2024-02-02 20:05:00,4992.0,4995.0,4991.0,4994.0,9521.0
2024-02-02 20:10:00,4994.0,4997.75,4993.75,4995.0,16065.0
2024-02-02 20:15:00,4995.0,4995.25,4992.5,4993.75,10276.0
2024-02-02 20:20:00,4994.0,4995.25,4988.75,4989.75,11571.0
2024-02-02 20:25:00,4989.75,4995.75,4988.75,4995.5,12688.0
2024-02-02 20:30:00,4995.25,4996.5,4990.25,4991.0,14505.0
2024-02-02 20:35:00,4990.75,4992.0,4986.75,4989.25,21874.0
2024-02-02 20:40:00,4989.25,4990.0,4987.0,4987.25,16140.0
2024-02-02 20:45:00,4987.5,4988.25,4983.0,4987.0,18569.0
2024-02-02 20:50:00,4987.25,4990.75,4985.25,4988.5,25914.0
2024-02-02 20:55:00,4988.75,4993.0,4982.0,4983.0,41164.0
2024-02-02 21:00:00,4983.0,4983.25,4972.0,4976.75,105296.0
2024-02-02 21:05:00,4977.0,4979.25,4976.25,4978.5,9611.0
2024-02-02 21:10:00,4978.75,4979.0,4977.5,4978.5,4831.0
2024-02-02 21:15:00,4978.75,4979.0,4977.5,4977.5,3638.0
2024-02-02 21:25:00,4976.75,4977.25,4976.75,4977.0,276.0
2024-02-02 21:30:00,4977.0,4978.5,4977.0,4977.75,2223.0
2024-02-02 21:35:00,4977.75,4978.0,4976.25,4976.25,1164.0
2024-02-02 21:40:00,4976.5,4977.0,4975.5,4976.5,1594.0
2024-02-02 21:45:00,4976.5,4977.0,4975.75,4976.25,989.0
2024-02-02 21:50:00,4976.5,4977.25,4976.25,4976.5,692.0
2024-02-02 21:55:00,4976.25,4976.5,4972.75,4972.75,16792.0
2024-02-02 22:00:00,4973.0,4973.25,4972.5,4972.75,898.0
2024-02-04 19:15:00,4972.75,4972.75,4972.75,4972.75,2.0
2024-02-04 21:25:00,4972.75,4972.75,4972.75,4972.75,2.0
2024-02-04 23:00:00,4976.0,4980.75,4973.0,4976.75,2389.0
2024-02-04 23:05:00,4977.0,4979.25,4976.0,4978.5,982.0
2024-02-04 23:10:00,4978.25,4978.25,4975.25,4975.5,1005.0
2024-02-04 23:15:00,4975.75,4976.5,4974.0,4974.25,1183.0
2024-02-04 23:20:00,4974.5,4974.75,4973.75,4974.0,595.0
2024-02-04 23:25:00,4974.0,4976.5,4974.0,4976.25,738.0
2024-02-04 23:30:00,4976.5,4977.25,4975.25,4976.25,1108.0
2024-02-04 23:35:00,4976.25,4978.5,4976.25,4977.75,813.0
2024-02-04 23:40:00,4977.75,4978.0,4976.25,4976.25,377.0
2024-02-04 23:45:00,4976.0,4977.5,4975.25,4977.0,702.0
2024-02-04 23:50:00,4976.75,4977.5,4976.5,4977.5,343.0
2024-02-04 23:55:00,4977.25,4977.75,4976.5,4976.5,475.0
2024-02-05 00:00:00,4976.5,4977.5,4970.5,4976.0,4078.0
2024-02-05 00:05:00,4976.0,4980.0,4975.75,4978.75,2422.0
2024-02-05 00:10:00,4978.75,4979.25,4976.75,4977.25,1028.0
2024-02-05 00:15:00,4977.5,4977.75,4974.25,4974.75,1299.0
2024-02-05 00:20:00,4974.75,4974.75,4970.75,4972.0,2269.0
2024-02-05 00:25:00,4972.25,4974.25,4970.75,4971.5,1089.0
2024-02-05 00:30:00,4971.5,4971.75,4968.75,4970.0,1663.0
2024-02-05 00:35:00,4970.0,4970.25,4967.75,4968.0,1095.0
2024-02-05 00:40:00,4968.25,4969.25,4967.25,4967.5,1020.0
2024-02-05 00:45:00,4967.75,4968.5,4965.0,4966.5,2646.0
2024-02-05 00:50:00,4966.5,4967.0,4966.0,4966.25,777.0
2024-02-05 00:55:00,4966.25,4968.25,4965.75,4968.0,1016.0
2024-02-05 01:00:00,4968.0,4969.25,4967.75,4969.0,1076.0
2024-02-05 01:05:00,4969.0,4969.5,4968.5,4969.25,543.0
2024-02-05 01:10:00,4969.25,4969.25,4966.75,4967.0,741.0
2024-02-05 01:15:00,4967.0,4967.75,4964.25,4966.5,1456.0
2024-02-05 01:20:00,4966.75,4967.75,4966.0,4966.5,987.0
2024-02-05 01:25:00,4966.75,4967.5,4965.25,4966.0,676.0
2024-02-05 01:30:00,4966.0,4968.5,4965.75,4968.25,912.0
2024-02-05 01:35:00,4968.25,4968.25,4967.5,4967.5,507.0
2024-02-05 01:40:00,4967.25,4969.0,4967.0,4968.75,482.0
2024-02-05 01:45:00,4968.5,4969.0,4967.75,4968.0,578.0
2024-02-05 01:50:00,4968.25,4969.0,4966.25,4968.75,731.0
2024-02-05 01:55:00,4968.75,4970.25,4968.5,4969.75,932.0
2024-02-05 02:00:00,4969.75,4970.25,4968.75,4968.75,653.0
2024-02-05 02:05:00,4968.75,4968.75,4967.25,4967.75,616.0
2024-02-05 02:10:00,4967.75,4969.25,4967.25,4969.0,511.0
2024-02-05 02:15:00,4969.0,4969.0,4967.5,4967.5,400.0
2024-02-05 02:20:00,4967.5,4969.25,4967.5,4968.75,522.0
2024-02-05 02:25:00,4968.75,4969.5,4968.5,4969.0,477.0
2024-02-05 02:30:00,4968.75,4969.25,4968.0,4968.5,597.0
2024-02-05 02:35:00,4968.5,4969.0,4967.5,4967.75,567.0
2024-02-05 02:40:00,4967.75,4968.0,4966.25,4966.75,650.0
2024-02-05 02:45:00,4967.0,4967.5,4966.25,4966.5,461.0
2024-02-05 02:50:00,4966.25,4966.75,4965.5,4966.5,492.0
2024-02-05 02:55:00,4966.5,4967.5,4966.0,4967.0,365.0
2024-02-05 03:00:00,4967.25,4967.75,4966.75,4967.75,328.0
2024-02-05 03:05:00,4967.75,4968.75,4967.5,4968.5,603.0
2024-02-05 03:10:00,4968.5,4969.0,4967.25,4967.25,682.0
2024-02-05 03:15:00,4967.25,4968.25,4967.0,4967.0,601.0
2024-02-05 03:20:00,4967.0,4967.0,4965.25,4965.25,984.0
2024-02-05 03:25:00,4965.25,4965.5,4964.75,4965.0,723.0
2024-02-05 03:30:00,4965.0,4965.5,4964.75,4964.75,429.0
2024-02-05 03:35:00,4964.75,4965.75,4964.5,4965.25,489.0
2024-02-05 03:40:00,4965.5,4966.0,4965.0,4965.25,405.0
2024-02-05 03:45:00,4965.25,4966.0,4965.25,4965.5,287.0
2024-02-05 03:50:00,4965.75,4966.75,4965.5,4966.25,462.0
2024-02-05 03:55:00,4966.25,4966.5,4965.75,4965.75,196.0
2024-02-05 04:00:00,4965.75,4967.0,4965.75,4966.75,423.0
2024-02-05 04:05:00,4966.75,4967.0,4966.25,4966.75,440.0
2024-02-05 04:10:00,4966.75,4967.5,4966.75,4967.0,308.0
2024-02-05 04:15:00,4967.0,4967.75,4966.75,4967.5,467.0
2024-02-05 04:20:00,4967.25,4967.25,4966.5,4967.0,355.0
2024-02-05 04:25:00,4967.0,4967.0,4966.5,4967.0,216.0
2024-02-05 04:30:00,4967.0,4967.0,4966.5,4966.75,178.0
2024-02-05 04:35:00,4966.75,4966.75,4966.25,4966.75,225.0
2024-02-05 04:40:00,4966.5,4966.75,4966.0,4966.0,257.0
2024-02-05 04:45:00,4966.0,4966.75,4966.0,4966.75,187.0
2024-02-05 04:50:00,4966.75,4967.25,4966.75,4967.25,255.0
2024-02-05 04:55:00,4967.25,4967.5,4967.0,4967.5,217.0
2024-02-05 05:00:00,4967.25,4968.5,4967.25,4968.0,569.0
2024-02-05 05:05:00,4968.0,4968.0,4967.0,4967.75,531.0
2024-02-05 05:10:00,4967.75,4968.5,4967.5,4968.5,521.0
2024-02-05 05:15:00,4968.5,4970.0,4968.25,4970.0,696.0
2024-02-05 05:20:00,4970.0,4970.25,4969.5,4969.5,485.0
2024-02-05 05:25:00,4969.75,4970.0,4969.25,4969.25,335.0
2024-02-05 05:30:00,4969.25,4969.25,4967.75,4968.0,854.0
2024-02-05 05:35:00,4967.75,4968.5,4967.75,4968.0,164.0
2024-02-05 05:40:00,4968.0,4968.5,4968.0,4968.0,214.0
2024-02-05 05:45:00,4968.25,4968.75,4968.0,4968.5,266.0
2024-02-05 05:50:00,4968.25,4969.0,4968.25,4968.75,393.0
2024-02-05 05:55:00,4969.0,4969.75,4968.75,4969.0,432.0
2024-02-05 06:00:00,4969.0,4970.25,4969.0,4970.25,652.0
2024-02-05 06:05:00,4970.0,4971.0,4970.0,4970.75,686.0
2024-02-05 06:10:00,4970.5,4971.25,4970.25,4970.5,373.0
2024-02-05 06:15:00,4970.25,4970.5,4969.75,4970.25,251.0
2024-02-05 06:20:00,4970.0,4970.75,4969.75,4970.5,268.0
2024-02-05 06:25:00,4970.5,4971.25,4970.5,4971.0,404.0
2024-02-05 06:30:00,4971.25,4971.75,4970.75,4971.25,568.0
2024-02-05 06:35:00,4971.25,4971.5,4970.5,4971.0,362.0
2024-02-05 06:40:00,4971.0,4971.0,4969.5,4970.5,451.0
2024-02-05 06:45:00,4970.5,4971.25,4970.0,4971.0,524.0
2024-02-05 06:50:00,4971.0,4971.0,4970.0,4971.0,271.0
2024-02-05 06:55:00,4971.0,4971.25,4970.25,4971.0,226.0
2024-02-05 07:00:00,4971.0,4972.0,4970.0,4972.0,1018.0
2024-02-05 07:05:00,4972.0,4972.0,4969.75,4970.25,596.0
2024-02-05 07:10:00,4970.5,4970.75,4969.75,4970.5,260.0
2024-02-05 07:15:00,4970.75,4971.0,4969.75,4970.75,356.0
2024-02-05 07:20:00,4970.75,4971.0,4970.25,4970.5,467.0
2024-02-05 07:25:00,4970.75,4971.25,4970.25,4970.25,333.0
2024-02-05 07:30:00,4970.25,4970.75,4969.5,4970.0,458.0
2024-02-05 07:35:00,4970.0,4972.0,4969.75,4971.5,828.0
2024-02-05 07:40:00,4971.5,4972.75,4971.25,4972.25,695.0
2024-02-05 07:45:00,4972.25,4973.0,4971.0,4971.5,675.0
2024-02-05 07:50:00,4971.5,4971.75,4970.5,4971.5,435.0
2024-02-05 07:55:00,4971.5,4971.5,4969.0,4969.25,709.0
2024-02-05 08:00:00,4969.0,4969.5,4967.5,4968.75,1813.0
2024-02-05 08:05:00,4968.5,4971.75,4968.5,4970.75,1227.0
2024-02-05 08:10:00,4970.75,4973.5,4970.5,4973.0,1063.0
2024-02-05 08:15:00,4973.0,4973.25,4971.25,4972.0,1030.0
2024-02-05 08:20:00,4972.0,4973.75,4972.0,4973.25,885.0
2024-02-05 08:25:00,4973.0,4973.75,4972.25,4973.5,781.0
2024-02-05 08:30:00,4973.25,4974.0,4972.0,4973.25,1286.0
2024-02-05 08:35:00,4973.5,4973.5,4971.0,4971.5,869.0
2024-02-05 08:40:00,4971.5,4973.0,4971.5,4972.5,1014.0
2024-02-05 08:45:00,4972.75,4974.0,4971.75,4973.0,812.0
2024-02-05 08:50:00,4973.0,4973.75,4971.5,4972.25,742.0
2024-02-05 08:55:00,4972.25,4972.25,4971.25,4972.0,574.0
2024-02-05 09:00:00,4972.0,4973.25,4971.5,4971.5,1266.0
2024-02-05 09:05:00,4971.5,4972.25,4970.75,4971.0,1139.0
2024-02-05 09:10:00,4971.0,4971.5,4970.5,4971.25,1056.0
2024-02-05 09:15:00,4971.5,4971.75,4969.5,4970.0,1179.0
2024-02-05 09:20:00,4970.0,4970.0,4967.25,4968.0,1651.0
2024-02-05 09:25:00,4968.0,4968.5,4966.5,4966.75,910.0
2024-02-05 09:30:00,4966.5,4968.0,4966.5,4967.75,1109.0
2024-02-05 09:35:00,4967.75,4968.0,4966.25,4967.5,999.0
2024-02-05 09:40:00,4967.75,4968.75,4967.5,4968.0,713.0
2024-02-05 09:45:00,4968.0,4968.5,4965.5,4966.5,1774.0
2024-02-05 09:50:00,4966.5,4966.5,4963.75,4964.5,1670.0
2024-02-05 09:55:00,4964.25,4966.25,4963.75,4965.75,992.0
2024-02-05 10:00:00,4965.75,4969.0,4965.75,4968.75,1491.0
2024-02-05 10:05:00,4968.75,4969.5,4967.5,4967.5,1541.0
2024-02-05 10:10:00,4967.5,4968.5,4967.0,4968.25,420.0
2024-02-05 10:15:00,4968.0,4969.0,4968.0,4968.75,777.0
2024-02-05 10:20:00,4968.75,4969.5,4968.5,4969.25,498.0
2024-02-05 10:25:00,4969.5,4970.5,4969.5,4970.0,827.0
2024-02-05 10:30:00,4970.0,4972.75,4970.0,4972.25,911.0
2024-02-05 10:35:00,4972.5,4973.75,4971.75,4973.5,1194.0
2024-02-05 10:40:00,4973.25,4973.75,4972.0,4972.75,1285.0
2024-02-05 10:45:00,4972.75,4973.25,4972.0,4972.25,407.0
2024-02-05 10:50:00,4972.25,4973.5,4972.25,4973.5,640.0
2024-02-05 10:55:00,4973.5,4974.0,4971.25,4971.25,1577.0
2024-02-05 11:00:00,4971.5,4972.5,4971.0,4971.0,833.0
2024-02-05 11:05:00,4970.75,4971.5,4970.5,4971.0,1022.0
2024-02-05 11:10:00,4971.25,4972.5,4971.0,4971.75,749.0
2024-02-05 11:15:00,4971.5,4972.0,4970.5,4971.75,849.0
2024-02-05 11:20:00,4972.0,4972.5,4971.5,4972.5,355.0
2024-02-05 11:25:00,4972.25,4973.0,4972.0,4973.0,493.0
2024-02-05 11:30:00,4973.0,4973.0,4970.5,4972.75,1847.0
2024-02-05 11:35:00,4972.75,4972.75,4970.75,4971.75,1108.0
2024-02-05 11:40:00,4971.75,4972.0,4971.0,4971.5,1145.0
2024-02-05 11:45:00,4971.5,4971.75,4970.0,4971.75,1533.0
2024-02-05 11:50:00,4971.75,4972.25,4970.5,4970.75,1387.0
2024-02-05 11:55:00,4970.75,4971.5,4970.0,4970.5,931.0
2024-02-05 12:00:00,4970.5,4970.75,4968.5,4969.0,2563.0
2024-02-05 12:05:00,4969.0,4970.75,4968.75,4970.75,1403.0
2024-02-05 12:10:00,4971.0,4972.75,4970.75,4972.75,1235.0
2024-02-05 12:15:00,4972.5,4973.25,4972.25,4973.0,1526.0
2024-02-05 12:20:00,4972.75,4975.5,4972.75,4974.75,2099.0
2024-02-05 12:25:00,4974.75,4975.0,4971.75,4972.25,1897.0
2024-02-05 12:30:00,4972.0,4973.0,4971.5,4973.0,1125.0
2024-02-05 12:35:00,4972.75,4975.25,4972.75,4975.25,1258.0
2024-02-05 12:40:00,4975.0,4975.25,4974.0,4974.75,2030.0
2024-02-05 12:45:00,4974.75,4974.75,4972.75,4972.75,1325.0
2024-02-05 12:50:00,4972.75,4974.75,4972.75,4974.5,893.0
2024-02-05 12:55:00,4974.25,4975.5,4974.0,4974.5,1402.0
2024-02-05 13:00:00,4974.5,4975.0,4972.75,4974.0,2476.0
2024-02-05 13:05:00,4974.0,4974.25,4972.75,4973.0,2361.0
2024-02-05 13:10:00,4973.25,4973.5,4972.25,4973.25,1933.0
2024-02-05 13:15:00,4973.25,4973.5,4971.75,4972.5,1872.0
2024-02-05 13:20:00,4972.5,4973.75,4967.0,4967.5,4584.0
2024-02-05 13:25:00,4967.25,4969.0,4967.0,4967.25,3548.0
2024-02-05 13:30:00,4967.5,4968.75,4967.0,4967.5,2389.0
2024-02-05 13:35:00,4967.5,4967.75,4965.5,4965.75,2824.0
2024-02-05 13:40:00,4965.75,4966.5,4965.0,4966.25,3052.0
2024-02-05 13:45:00,4966.5,4967.5,4965.75,4967.25,2149.0
2024-02-05 13:50:00,4967.25,4967.75,4965.5,4967.0,2933.0
2024-02-05 13:55:00,4967.0,4967.0,4963.25,4964.25,4417.0
2024-02-05 14:00:00,4964.25,4966.5,4963.75,4965.75,4608.0
2024-02-05 14:05:00,4965.75,4966.25,4964.75,4964.75,2316.0
2024-02-05 14:10:00,4964.75,4967.25,4964.25,4966.75,3764.0
2024-02-05 14:15:00,4966.75,4968.75,4966.0,4968.25,3757.0
2024-02-05 14:20:00,4968.25,4969.75,4967.75,4969.5,3489.0
2024-02-05 14:25:00,4969.5,4971.75,4968.25,4971.5,5788.0
2024-02-05 14:30:00,4971.25,4973.0,4965.5,4969.25,37072.0
2024-02-05 14:35:00,4969.25,4970.75,4964.5,4965.25,23442.0
2024-02-05 14:40:00,4965.25,4968.25,4964.25,4967.0,19390.0
2024-02-05 14:45:00,4967.0,4970.75,4966.5,4969.5,17601.0
2024-02-05 14:50:00,4969.75,4969.75,4965.5,4967.5,18751.0
2024-02-05 14:55:00,4967.75,4970.5,4967.25,4969.5,11118.0
2024-02-05 15:00:00,4969.75,4970.5,4959.25,4960.25,37839.0
2024-02-05 15:05:00,4960.25,4962.5,4957.0,4957.75,28378.0
2024-02-05 15:10:00,4957.75,4959.75,4953.75,4954.75,24296.0
2024-02-05 15:15:00,4955.0,4956.5,4944.75,4945.5,34649.0
2024-02-05 15:20:00,4945.5,4948.75,4942.75,4947.5,35985.0
2024-02-05 15:25:00,4947.5,4950.5,4945.25,4949.0,23835.0
2024-02-05 15:30:00,4949.0,4950.5,4946.75,4948.25,16894.0
2024-02-05 15:35:00,4948.25,4950.5,4947.75,4949.25,11108.0
2024-02-05 15:40:00,4949.0,4949.75,4938.75,4940.0,25105.0
2024-02-05 15:45:00,4939.75,4942.5,4937.75,4942.0,22511.0
2024-02-05 15:50:00,4942.0,4944.0,4941.25,4942.75,16483.0
2024-02-05 15:55:00,4942.5,4944.75,4941.25,4943.5,12206.0
2024-02-05 16:00:00,4943.25,4945.25,4942.5,4944.5,14420.0
2024-02-05 16:05:00,4944.25,4949.75,4943.25,4948.5,15576.0
2024-02-05 16:10:00,4948.75,4951.75,4948.25,4950.75,12507.0
2024-02-05 16:15:00,4950.75,4952.75,4950.25,4952.25,10710.0
2024-02-05 16:20:00,4952.25,4953.75,4948.25,4949.0,17354.0
2024-02-05 16:25:00,4949.0,4950.25,4948.0,4949.0,10319.0
2024-02-05 16:30:00,4949.0,4953.75,4948.0,4953.25,10289.0
2024-02-05 16:35:00,4953.25,4955.0,4952.5,4954.0,10112.0
2024-02-05 16:40:00,4954.25,4955.25,4949.25,4951.5,16675.0
2024-02-05 16:45:00,4951.25,4955.0,4950.75,4954.0,9384.0
2024-02-05 16:50:00,4954.0,4955.5,4952.75,4955.25,9217.0
2024-02-05 16:55:00,4955.25,4956.25,4954.0,4956.0,8291.0
2024-02-05 17:00:00,4956.25,4957.75,4955.75,4957.25,9731.0
2024-02-05 17:05:00,4957.25,4958.25,4957.0,4958.0,6447.0
2024-02-05 17:10:00,4958.25,4961.5,4957.75,4960.25,13472.0
2024-02-05 17:15:00,4960.5,4962.0,4960.0,4960.75,7141.0
2024-02-05 17:20:00,4960.75,4961.25,4956.0,4960.5,14875.0
2024-02-05 17:25:00,4960.5,4963.25,4960.5,4962.75,8549.0
2024-02-05 17:30:00,4963.0,4966.75,4962.0,4965.0,14190.0
2024-02-05 17:35:00,4965.0,4970.0,4964.75,4968.5,13887.0
2024-02-05 17:40:00,4968.5,4969.75,4967.5,4969.5,10066.0
2024-02-05 17:45:00,4969.5,4969.5,4965.25,4967.5,10306.0
2024-02-05 17:50:00,4967.5,4967.5,4964.25,4965.0,8658.0
2024-02-05 17:55:00,4965.25,4967.5,4965.0,4966.75,5524.0
2024-02-05 18:00:00,4966.75,4967.0,4962.0,4964.75,12713.0
2024-02-05 18:05:00,4965.0,4968.25,4964.5,4967.75,8127.0
2024-02-05 18:10:00,4967.75,4969.75,4966.75,4969.25,8414.0
2024-02-05 18:15:00,4969.5,4971.25,4966.25,4967.0,11652.0
2024-02-05 18:20:00,4967.0,4968.75,4966.0,4966.75,7128.0
2024-02-05 18:25:00,4967.0,4967.25,4963.5,4963.75,10565.0
2024-02-05 18:30:00,4964.0,4964.0,4961.5,4963.5,9405.0
2024-02-05 18:35:00,4963.75,4967.25,4963.5,4964.5,9243.0
2024-02-05 18:40:00,4964.5,4966.5,4963.0,4966.25,5813.0
2024-02-05 18:45:00,4966.25,4968.0,4965.5,4966.5,6665.0
2024-02-05 18:50:00,4966.5,4967.75,4964.25,4965.5,6104.0
2024-02-05 18:55:00,4965.5,4967.25,4963.25,4966.5,7518.0
2024-02-05 19:00:00,4966.5,4967.5,4964.25,4965.25,6718.0
2024-02-05 19:05:00,4965.0,4969.25,4964.5,4968.5,6981.0
2024-02-05 19:10:00,4968.5,4969.0,4966.0,4968.25,8479.0
2024-02-05 19:15:00,4968.25,4968.25,4966.25,4966.75,6370.0
2024-02-05 19:20:00,4966.5,4970.0,4965.25,4968.75,8577.0
2024-02-05 19:25:00,4968.75,4971.5,4968.5,4969.75,7936.0
2024-02-05 19:30:00,4969.75,4974.75,4969.25,4973.75,12034.0
2024-02-05 19:35:00,4973.5,4976.75,4973.0,4974.0,13595.0
2024-02-05 19:40:00,4974.0,4976.25,4973.0,4974.5,9551.0
2024-02-05 19:45:00,4974.5,4977.5,4973.5,4975.5,10380.0
2024-02-05 19:50:00,4975.75,4977.25,4974.0,4976.25,9493.0
2024-02-05 19:55:00,4976.0,4976.75,4974.25,4975.75,6824.0
2024-02-05 20:00:00,4975.75,4976.0,4971.75,4972.5,10020.0
2024-02-05 20:05:00,4972.5,4973.5,4966.75,4968.75,14653.0
2024-02-05 20:10:00,4969.0,4969.5,4963.75,4964.75,14853.0
2024-02-05 20:15:00,4965.0,4967.5,4961.5,4966.75,21915.0
2024-02-05 20:20:00,4966.75,4968.5,4964.5,4968.0,13404.0
2024-02-05 20:25:00,4968.0,4973.5,4967.75,4972.75,11714.0
2024-02-05 20:30:00,4973.0,4973.25,4970.5,4972.5,11561.0
2024-02-05 20:35:00,4972.5,4975.25,4969.25,4969.75,16438.0
2024-02-05 20:40:00,4969.75,4970.25,4966.75,4967.75,12523.0
2024-02-05 20:45:00,4967.75,4970.0,4965.75,4966.75,14185.0
2024-02-05 20:50:00,4966.75,4971.0,4964.25,4966.25,26421.0
2024-02-05 20:55:00,4966.5,4971.75,4966.0,4966.75,25408.0
2024-02-05 21:00:00,4967.0,4967.0,4955.5,4958.75,89470.0
2024-02-05 21:05:00,4958.75,4961.75,4958.25,4961.0,10638.0
2024-02-05 21:10:00,4961.0,4961.25,4958.75,4959.5,6406.0
2024-02-05 21:15:00,4959.5,4960.25,4959.0,4960.25,2821.0
2024-02-05 21:20:00,4960.0,4960.25,4959.25,4959.5,1163.0
2024-02-05 21:25:00,4959.25,4960.0,4959.0,4959.25,822.0
2024-02-05 21:30:00,4959.5,4959.5,4957.5,4958.0,1396.0
2024-02-05 21:35:00,4957.75,4958.75,4957.75,4958.5,986.0
2024-02-05 21:40:00,4958.5,4959.5,4958.0,4959.25,780.0
2024-02-05 21:45:00,4959.0,4959.5,4958.5,4959.0,1319.0
2024-02-05 21:50:00,4959.25,4959.5,4958.25,4959.25,881.0
2024-02-05 21:55:00,4959.25,4959.75,4958.75,4959.75,934.0
2024-02-05 22:00:00,4959.5,4960.25,4959.5,4960.25,436.0
2024-02-05 23:00:00,4959.5,4962.0,4959.0,4960.0,933.0
2024-02-05 23:05:00,4960.0,4961.0,4959.5,4960.25,430.0
2024-02-05 23:10:00,4960.0,4960.5,4960.0,4960.25,179.0
2024-02-05 23:15:00,4960.25,4961.0,4960.25,4960.75,163.0
2024-02-05 23:20:00,4960.75,4961.25,4960.75,4961.0,155.0
2024-02-05 23:25:00,4961.0,4961.0,4960.0,4960.5,147.0
2024-02-05 23:30:00,4960.25,4960.75,4959.5,4960.75,286.0
2024-02-05 23:35:00,4960.5,4960.5,4959.25,4959.5,269.0
2024-02-05 23:40:00,4959.5,4959.75,4958.5,4959.25,352.0
2024-02-05 23:45:00,4959.25,4959.5,4958.25,4958.25,340.0
2024-02-05 23:50:00,4958.25,4958.75,4958.0,4958.25,479.0
2024-02-05 23:55:00,4958.25,4958.5,4957.25,4957.5,337.0
2024-02-06 00:00:00,4957.5,4959.0,4957.5,4958.75,533.0
2024-02-06 00:05:00,4958.75,4960.25,4958.75,4959.5,449.0
2024-02-06 00:10:00,4959.5,4960.0,4959.25,4959.75,310.0
2024-02-06 00:15:00,4959.75,4960.75,4959.5,4960.5,347.0
2024-02-06 00:20:00,4960.25,4960.25,4959.75,4960.0,162.0
2024-02-06 00:25:00,4960.25,4960.5,4959.75,4960.0,265.0
2024-02-06 00:30:00,4960.0,4960.25,4959.75,4960.0,246.0
2024-02-06 00:35:00,4960.0,4960.0,4959.5,4959.75,147.0
2024-02-06 00:40:00,4959.75,4961.0,4959.5,4961.0,242.0
2024-02-06 00:45:00,4960.75,4961.5,4960.5,4961.5,347.0
2024-02-06 00:50:00,4961.25,4961.25,4960.5,4961.0,140.0
2024-02-06 00:55:00,4961.0,4961.5,4960.5,4960.5,159.0
2024-02-06 01:00:00,4960.5,4962.0,4960.5,4961.75,479.0
2024-02-06 01:05:00,4961.75,4962.75,4961.25,4962.75,365.0
2024-02-06 01:10:00,4962.75,4963.25,4962.0,4963.25,541.0
2024-02-06 01:15:00,4963.25,4964.0,4962.75,4963.25,566.0
2024-02-06 01:20:00,4963.25,4963.25,4960.5,4961.5,1049.0
2024-02-06 01:25:00,4961.5,4962.25,4961.25,4961.75,303.0
2024-02-06 01:30:00,4961.75,4963.25,4961.5,4963.25,912.0
2024-02-06 01:35:00,4963.0,4963.0,4961.5,4961.75,706.0
2024-02-06 01:40:00,4961.5,4961.75,4960.75,4961.5,443.0
2024-02-06 01:45:00,4961.5,4963.0,4961.5,4962.75,463.0
2024-02-06 01:50:00,4962.75,4963.0,4962.0,4963.0,256.0
2024-02-06 01:55:00,4963.0,4963.5,4962.5,4963.25,580.0
2024-02-06 02:00:00,4963.25,4963.5,4962.5,4963.0,589.0
2024-02-06 02:05:00,4963.0,4964.0,4962.5,4964.0,451.0
2024-02-06 02:10:00,4964.0,4964.0,4963.25,4963.25,352.0
2024-02-06 02:15:00,4963.25,4964.0,4963.0,4963.75,293.0
2024-02-06 02:20:00,4963.5,4964.0,4963.25,4964.0,240.0
2024-02-06 02:25:00,4964.0,4965.25,4963.75,4963.75,649.0
2024-02-06 02:30:00,4963.75,4964.25,4963.5,4963.75,289.0
2024-02-06 02:35:00,4964.0,4964.75,4964.0,4964.75,402.0
2024-02-06 02:40:00,4964.75,4965.75,4964.5,4965.25,743.0
2024-02-06 02:45:00,4965.25,4965.75,4965.0,4965.0,434.0
2024-02-06 02:50:00,4965.25,4965.25,4964.5,4964.5,288.0
2024-02-06 02:55:00,4964.75,4964.75,4964.0,4964.5,303.0
2024-02-06 03:00:00,4964.5,4964.5,4964.0,4964.5,310.0
2024-02-06 03:05:00,4964.5,4965.0,4964.5,4964.75,246.0
2024-02-06 03:10:00,4964.75,4966.25,4964.75,4966.25,522.0
2024-02-06 03:15:00,4966.0,4967.0,4966.0,4966.75,481.0
2024-02-06 03:20:00,4966.5,4967.0,4966.25,4966.25,318.0
2024-02-06 03:25:00,4966.5,4967.25,4966.25,4966.75,465.0
2024-02-06 03:30:00,4966.75,4967.0,4966.0,4966.5,544.0
2024-02-06 03:35:00,4966.5,4967.0,4964.75,4965.0,880.0
2024-02-06 03:40:00,4965.0,4965.75,4964.75,4965.5,255.0
2024-02-06 03:45:00,4965.5,4965.75,4964.75,4965.0,333.0
2024-02-06 03:50:00,4965.0,4965.0,4964.0,4964.25,354.0
2024-02-06 03:55:00,4964.5,4965.25,4964.5,4965.25,279.0
2024-02-06 04:00:00,4965.25,4965.25,4964.25,4965.0,397.0
2024-02-06 04:05:00,4964.75,4965.25,4964.75,4965.25,76.0
2024-02-06 04:10:00,4965.25,4965.25,4964.25,4964.25,215.0
2024-02-06 04:15:00,4964.5,4965.5,4964.5,4965.25,233.0
2024-02-06 04:20:00,4965.5,4965.5,4965.0,4965.5,150.0
2024-02-06 04:25:00,4965.5,4966.25,4965.25,4966.0,235.0
2024-02-06 04:30:00,4966.25,4966.5,4965.75,4966.0,322.0
2024-02-06 04:35:00,4966.25,4966.5,4966.0,4966.5,297.0
2024-02-06 04:40:00,4966.5,4967.0,4966.25,4966.75,239.0
2024-02-06 04:45:00,4966.5,4966.75,4966.25,4966.5,175.0
2024-02-06 04:50:00,4966.5,4967.25,4966.25,4966.75,306.0
2024-02-06 04:55:00,4966.75,4967.0,4966.0,4966.25,236.0
2024-02-06 05:00:00,4966.5,4968.25,4966.25,4968.0,914.0
2024-02-06 05:05:00,4968.0,4968.25,4967.5,4968.0,461.0
2024-02-06 05:10:00,4967.75,4968.25,4966.25,4966.5,597.0
2024-02-06 05:15:00,4966.5,4967.0,4966.5,4966.75,258.0
2024-02-06 05:20:00,4966.5,4966.75,4965.5,4966.5,541.0
2024-02-06 05:25:00,4966.5,4966.75,4965.75,4966.5,154.0
2024-02-06 05:30:00,4966.5,4967.25,4966.25,4966.25,425.0
2024-02-06 05:35:00,4966.5,4966.5,4966.0,4966.5,178.0
2024-02-06 05:40:00,4966.5,4966.75,4966.25,4966.75,237.0
2024-02-06 05:45:00,4966.75,4967.25,4966.25,4966.25,311.0
2024-02-06 05:50:00,4966.25,4966.25,4965.5,4965.5,339.0
2024-02-06 05:55:00,4965.5,4966.0,4965.25,4965.25,310.0
2024-02-06 06:00:00,4965.25,4965.75,4965.0,4965.25,383.0
2024-02-06 06:05:00,4965.25,4965.5,4965.0,4965.25,145.0
2024-02-06 06:10:00,4965.5,4965.75,4964.75,4965.0,347.0
2024-02-06 06:15:00,4965.0,4965.0,4964.75,4965.0,302.0
2024-02-06 06:20:00,4965.0,4965.25,4964.5,4964.5,244.0
2024-02-06 06:25:00,4964.5,4965.0,4964.25,4964.25,261.0
2024-02-06 06:30:00,4964.25,4964.5,4964.0,4964.0,299.0
2024-02-06 06:35:00,4964.0,4964.75,4964.0,4964.5,254.0
2024-02-06 06:40:00,4964.75,4965.5,4964.5,4965.0,348.0
2024-02-06 06:45:00,4965.25,4965.75,4964.75,4965.0,411.0
2024-02-06 06:50:00,4964.75,4965.0,4964.25,4964.5,226.0
2024-02-06 06:55:00,4964.5,4965.5,4964.25,4965.25,313.0
2024-02-06 07:00:00,4965.25,4967.75,4965.0,4967.5,767.0
2024-02-06 07:05:00,4967.25,4968.5,4966.75,4967.5,1209.0
2024-02-06 07:10:00,4967.5,4969.75,4967.5,4969.25,1610.0
2024-02-06 07:15:00,4969.25,4970.25,4969.25,4969.5,905.0
2024-02-06 07:20:00,4969.5,4970.5,4969.5,4970.25,676.0
2024-02-06 07:25:00,4970.5,4970.75,4969.5,4970.5,690.0
2024-02-06 07:30:00,4970.5,4971.5,4970.0,4970.25,1036.0
2024-02-06 07:35:00,4970.0,4970.75,4969.5,4970.75,751.0
2024-02-06 07:40:00,4970.5,4970.75,4969.0,4969.25,614.0
2024-02-06 07:45:00,4969.25,4969.75,4969.25,4969.75,292.0
2024-02-06 07:50:00,4969.75,4970.0,4969.25,4969.75,513.0
2024-02-06 07:55:00,4970.0,4971.0,4969.75,4970.75,545.0
2024-02-06 08:00:00,4970.75,4971.0,4969.25,4970.25,1977.0
2024-02-06 08:05:00,4970.25,4970.25,4968.75,4969.25,1138.0
2024-02-06 08:10:00,4969.25,4970.25,4968.0,4970.25,1219.0
2024-02-06 08:15:00,4970.25,4970.5,4968.5,4968.75,869.0
2024-02-06 08:20:00,4968.75,4971.0,4968.75,4970.5,1152.0
2024-02-06 08:25:00,4970.75,4971.0,4968.25,4968.5,1097.0
2024-02-06 08:30:00,4968.5,4969.25,4967.75,4968.5,1001.0
2024-02-06 08:35:00,4968.5,4969.25,4967.5,4968.5,805.0
2024-02-06 08:40:00,4968.5,4968.5,4966.25,4966.25,867.0
2024-02-06 08:45:00,4966.5,4968.0,4966.25,4967.75,884.0
2024-02-06 08:50:00,4967.75,4968.0,4965.5,4965.75,1132.0
2024-02-06 08:55:00,4965.75,4967.0,4964.75,4965.0,950.0
2024-02-06 09:00:00,4964.75,4966.5,4964.5,4966.25,1543.0
2024-02-06 09:05:00,4966.25,4967.5,4966.0,4967.5,1199.0
2024-02-06 09:10:00,4967.25,4967.5,4965.25,4966.5,1306.0
2024-02-06 09:15:00,4966.75,4968.25,4966.75,4967.5,861.0
2024-02-06 09:20:00,4967.5,4968.25,4967.0,4967.25,752.0
2024-02-06 09:25:00,4967.0,4967.25,4966.0,4967.0,1302.0
2024-02-06 09:30:00,4967.0,4967.5,4965.75,4966.5,773.0
2024-02-06 09:35:00,4966.75,4967.0,4965.75,4966.5,761.0
2024-02-06 09:40:00,4966.5,4966.75,4965.5,4965.5,392.0
2024-02-06 09:45:00,4965.5,4965.75,4963.25,4964.0,1117.0
2024-02-06 09:50:00,4964.0,4964.25,4963.25,4963.5,703.0
2024-02-06 09:55:00,4963.25,4963.75,4962.5,4963.25,1177.0
2024-02-06 10:00:00,4963.5,4963.5,4960.75,4962.0,1469.0
2024-02-06 10:05:00,4962.0,4962.5,4961.0,4961.75,1080.0
2024-02-06 10:10:00,4961.75,4962.5,4961.25,4961.25,935.0
2024-02-06 10:15:00,4961.25,4961.75,4960.5,4961.5,765.0
2024-02-06 10:20:00,4961.25,4961.25,4960.75,4961.25,729.0
2024-02-06 10:25:00,4961.25,4961.75,4959.25,4959.75,983.0
2024-02-06 10:30:00,4959.75,4960.75,4959.5,4959.75,1003.0
2024-02-06 10:35:00,4959.5,4960.0,4958.25,4960.0,1388.0
2024-02-06 10:40:00,4959.75,4960.75,4959.5,4960.25,538.0
2024-02-06 10:45:00,4960.0,4960.5,4959.5,4960.0,754.0
2024-02-06 10:50:00,4960.0,4962.75,4959.75,4962.5,1003.0
2024-02-06 10:55:00,4962.5,4962.5,4961.0,4961.5,641.0
2024-02-06 11:00:00,4961.5,4963.0,4961.5,4962.25,993.0
2024-02-06 11:05:00,4962.25,4962.75,4961.25,4961.5,387.0
2024-02-06 11:10:00,4961.5,4961.75,4959.25,4959.5,889.0
2024-02-06 11:15:00,4959.5,4960.25,4959.0,4960.0,651.0
2024-02-06 11:20:00,4960.0,4962.0,4960.0,4961.25,1061.0
2024-02-06 11:25:00,4961.25,4961.75,4960.75,4961.5,1070.0
2024-02-06 11:30:00,4961.5,4961.5,4959.75,4960.0,667.0
2024-02-06 11:35:00,4960.0,4960.0,4955.5,4956.0,4729.0
2024-02-06 11:40:00,4956.0,4957.75,4955.25,4956.75,1965.0
2024-02-06 11:45:00,4956.5,4956.75,4955.0,4956.0,2667.0
2024-02-06 11:50:00,4956.0,4957.75,4956.0,4957.5,1617.0
2024-02-06 11:55:00,4957.5,4958.75,4957.5,4958.0,1332.0
2024-02-06 12:00:00,4958.0,4959.5,4958.0,4958.5,1568.0
2024-02-06 12:05:00,4958.5,4959.5,4957.5,4958.5,1758.0
2024-02-06 12:10:00,4958.75,4959.25,4957.5,4959.0,1256.0
2024-02-06 12:15:00,4959.0,4959.0,4957.75,4957.75,1128.0
2024-02-06 12:20:00,4957.75,4958.25,4955.75,4956.0,1620.0
2024-02-06 12:25:00,4956.0,4956.25,4954.5,4955.75,2109.0
2024-02-06 12:30:00,4955.75,4957.25,4955.25,4956.0,2366.0
2024-02-06 12:35:00,4956.25,4957.5,4956.0,4957.25,962.0
2024-02-06 12:40:00,4957.25,4959.25,4957.25,4959.0,1471.0
2024-02-06 12:45:00,4959.0,4961.0,4959.0,4959.5,2816.0
2024-02-06 12:50:00,4959.5,4960.75,4959.0,4960.5,1293.0
2024-02-06 12:55:00,4960.75,4961.0,4959.75,4960.5,1570.0
2024-02-06 13:00:00,4960.25,4962.25,4959.75,4962.0,2416.0
2024-02-06 13:05:00,4962.25,4963.5,4961.75,4963.0,2555.0
2024-02-06 13:10:00,4963.25,4965.25,4963.25,4965.0,2672.0
2024-02-06 13:15:00,4965.25,4966.5,4964.5,4965.75,2843.0
2024-02-06 13:20:00,4965.75,4966.75,4965.0,4966.5,1764.0
2024-02-06 13:25:00,4966.5,4967.0,4965.5,4966.25,1507.0
2024-02-06 13:30:00,4966.25,4967.0,4965.25,4966.0,1917.0
2024-02-06 13:35:00,4965.75,4967.75,4965.5,4966.5,2354.0
2024-02-06 13:40:00,4966.5,4967.25,4966.0,4966.5,1752.0
2024-02-06 13:45:00,4966.5,4969.5,4966.25,4969.0,2877.0
2024-02-06 13:50:00,4969.25,4969.75,4968.25,4968.75,2488.0
2024-02-06 13:55:00,4968.75,4969.5,4968.0,4969.0,1827.0
2024-02-06 14:00:00,4968.75,4970.25,4968.25,4969.25,2412.0
2024-02-06 14:05:00,4969.5,4971.0,4968.75,4968.75,2803.0
2024-02-06 14:10:00,4969.0,4970.75,4968.5,4970.25,2141.0
2024-02-06 14:15:00,4970.25,4970.75,4969.5,4970.0,1848.0
2024-02-06 14:20:00,4970.0,4971.25,4970.0,4971.0,2358.0
2024-02-06 14:25:00,4971.25,4971.5,4969.0,4970.25,3460.0
2024-02-06 14:30:00,4970.0,4975.0,4967.5,4971.75,33944.0
2024-02-06 14:35:00,4972.0,4973.0,4968.5,4971.5,26371.0
2024-02-06 14:40:00,4971.5,4975.75,4971.0,4974.75,23315.0
2024-02-06 14:45:00,4975.0,4978.25,4972.0,4974.25,29159.0
2024-02-06 14:50:00,4974.25,4975.5,4967.5,4972.25,28991.0
2024-02-06 14:55:00,4972.25,4973.25,4966.5,4966.5,19932.0
2024-02-06 15:00:00,4966.5,4968.25,4959.0,4962.5,28041.0
2024-02-06 15:05:00,4962.5,4963.75,4959.0,4962.75,21475.0
2024-02-06 15:10:00,4962.75,4962.75,4957.25,4958.5,21008.0
2024-02-06 15:15:00,4958.25,4965.25,4956.5,4964.0,25569.0
2024-02-06 15:20:00,4964.0,4964.5,4960.0,4961.5,18000.0
2024-02-06 15:25:00,4961.25,4962.0,4955.0,4959.0,24772.0
2024-02-06 15:30:00,4959.0,4962.75,4957.75,4961.5,18288.0
2024-02-06 15:35:00,4961.5,4966.75,4961.25,4965.0,15095.0
2024-02-06 15:40:00,4964.75,4965.75,4959.75,4961.0,15931.0
2024-02-06 15:45:00,4960.75,4965.25,4960.25,4963.25,11097.0
2024-02-06 15:50:00,4963.25,4964.0,4959.0,4960.75,12385.0
2024-02-06 15:55:00,4960.75,4965.25,4960.5,4963.5,11979.0
2024-02-06 16:00:00,4963.75,4964.25,4959.75,4960.25,9724.0
2024-02-06 16:05:00,4960.0,4967.25,4960.0,4966.25,10628.0
2024-02-06 16:10:00,4966.5,4966.5,4960.25,4961.25,12547.0
2024-02-06 16:15:00,4961.0,4965.25,4960.75,4963.5,9446.0
2024-02-06 16:20:00,4963.25,4967.75,4962.75,4966.75,10660.0
2024-02-06 16:25:00,4966.75,4969.25,4965.75,4966.5,12121.0
2024-02-06 16:30:00,4966.5,4969.0,4966.25,4966.75,9350.0
2024-02-06 16:35:00,4966.75,4967.75,4963.25,4966.75,11236.0
2024-02-06 16:40:00,4966.75,4967.25,4963.0,4966.75,8881.0
2024-02-06 16:45:00,4966.75,4967.5,4958.25,4960.0,17088.0
2024-02-06 16:50:00,4960.0,4961.25,4957.25,4959.75,11283.0
2024-02-06 16:55:00,4959.75,4961.0,4958.25,4959.25,8205.0
2024-02-06 17:00:00,4959.5,4960.75,4956.5,4958.0,16171.0
2024-02-06 17:05:00,4958.0,4959.5,4957.25,4959.0,8115.0
2024-02-06 17:10:00,4959.0,4960.0,4955.75,4957.25,10911.0
2024-02-06 17:15:00,4957.5,4961.0,4957.0,4959.0,10515.0
2024-02-06 17:20:00,4959.0,4959.5,4955.75,4958.0,10728.0
2024-02-06 17:25:00,4958.25,4963.25,4956.75,4962.75,13055.0
2024-02-06 17:30:00,4962.75,4964.25,4959.0,4961.0,15070.0
2024-02-06 17:35:00,4961.25,4963.0,4960.5,4962.25,6170.0
2024-02-06 17:40:00,4962.0,4964.0,4962.0,4963.75,5753.0
2024-02-06 17:45:00,4963.5,4964.5,4959.0,4960.0,9892.0
2024-02-06 17:50:00,4960.0,4963.0,4959.5,4961.25,6164.0
2024-02-06 17:55:00,4961.25,4963.0,4960.0,4961.0,4477.0
2024-02-06 18:00:00,4961.0,4964.0,4959.75,4962.75,8347.0
2024-02-06 18:05:00,4963.0,4965.75,4962.25,4965.5,10339.0
2024-02-06 18:10:00,4965.5,4965.5,4959.25,4962.5,10978.0
2024-02-06 18:15:00,4962.5,4964.5,4959.75,4962.25,8300.0
2024-02-06 18:20:00,4962.25,4962.75,4960.0,4961.0,6841.0
2024-02-06 18:25:00,4961.0,4963.25,4960.0,4962.5,5692.0
2024-02-06 18:30:00,4962.75,4966.75,4962.25,4965.5,8897.0
2024-02-06 18:35:00,4965.5,4967.75,4965.0,4967.25,7385.0
2024-02-06 18:40:00,4967.5,4969.0,4966.0,4967.75,10103.0
2024-02-06 18:45:00,4968.0,4970.25,4967.75,4967.75,8107.0
2024-02-06 18:50:00,4968.0,4970.25,4967.25,4969.0,6151.0
2024-02-06 18:55:00,4969.25,4970.25,4968.25,4970.0,5630.0
2024-02-06 19:00:00,4970.25,4970.75,4965.5,4966.25,11198.0
2024-02-06 19:05:00,4966.25,4968.0,4957.75,4959.0,18671.0
2024-02-06 19:10:00,4959.25,4960.5,4957.5,4958.5,13534.0
2024-02-06 19:15:00,4958.5,4958.5,4955.75,4957.25,12118.0
2024-02-06 19:20:00,4957.25,4962.25,4957.0,4961.0,13216.0
2024-02-06 19:25:00,4961.0,4962.25,4958.25,4960.0,8205.0
2024-02-06 19:30:00,4959.75,4962.0,4959.5,4961.25,5509.0
2024-02-06 19:35:00,4961.25,4962.75,4958.25,4958.5,8118.0
2024-02-06 19:40:00,4958.25,4960.75,4957.25,4960.5,7899.0
2024-02-06 19:45:00,4960.25,4963.25,4960.0,4963.0,6025.0
2024-02-06 19:50:00,4963.0,4964.5,4961.75,4963.25,8264.0
2024-02-06 19:55:00,4963.0,4967.75,4963.0,4966.25,8299.0
2024-02-06 20:00:00,4966.25,4967.5,4965.5,4966.0,7370.0
2024-02-06 20:05:00,4966.0,4970.5,4966.0,4968.25,13147.0
2024-02-06 20:10:00,4968.0,4969.25,4967.0,4968.5,5491.0
2024-02-06 20:15:00,4968.25,4969.0,4965.0,4967.25,7545.0
2024-02-06 20:20:00,4967.5,4968.75,4965.5,4965.5,6797.0
2024-02-06 20:25:00,4965.5,4967.75,4964.5,4966.5,6427.0
2024-02-06 20:30:00,4966.5,4967.0,4961.25,4961.75,9411.0
2024-02-06 20:35:00,4961.75,4965.0,4961.5,4962.25,8308.0
2024-02-06 20:40:00,4962.5,4964.5,4961.75,4964.5,7173.0
2024-02-06 20:45:00,4964.25,4967.5,4963.0,4965.5,10470.0
2024-02-06 20:50:00,4965.75,4969.25,4965.0,4967.75,15515.0
2024-02-06 20:55:00,4967.5,4973.75,4967.5,4972.75,27029.0
2024-02-06 21:00:00,4972.5,4976.25,4971.75,4973.0,59003.0
2024-02-06 21:05:00,4973.25,4973.25,4970.25,4970.25,6797.0
2024-02-06 21:10:00,4970.25,4970.75,4969.0,4969.0,4036.0
2024-02-06 21:15:00,4969.0,4969.75,4968.75,4969.5,2653.0
2024-02-06 21:20:00,4969.5,4970.75,4969.0,4970.75,1485.0
2024-02-06 21:25:00,4970.75,4971.0,4970.0,4970.25,661.0
2024-02-06 21:30:00,4970.0,4971.25,4969.75,4971.0,698.0
2024-02-06 21:35:00,4971.0,4971.75,4971.0,4971.25,612.0
2024-02-06 21:40:00,4971.25,4971.25,4970.0,4970.25,757.0
2024-02-06 21:45:00,4970.0,4970.75,4970.0,4970.75,791.0
2024-02-06 21:50:00,4970.75,4971.25,4970.5,4971.0,573.0
2024-02-06 21:55:00,4970.75,4972.5,4970.75,4972.0,1960.0
2024-02-06 22:00:00,4972.0,4972.5,4972.0,4972.25,227.0
2024-02-06 23:00:00,4971.5,4973.75,4971.25,4973.5,944.0
2024-02-06 23:05:00,4973.5,4974.0,4973.0,4973.25,619.0
2024-02-06 23:10:00,4973.25,4974.75,4973.25,4974.5,537.0
2024-02-06 23:15:00,4974.25,4975.0,4974.25,4975.0,539.0
2024-02-06 23:20:00,4975.0,4975.25,4973.75,4974.0,696.0
2024-02-06 23:25:00,4974.0,4974.25,4973.25,4973.5,405.0
2024-02-06 23:30:00,4973.25,4974.25,4973.0,4973.75,451.0
2024-02-06 23:35:00,4974.0,4974.5,4973.5,4974.5,301.0
2024-02-06 23:40:00,4974.25,4975.0,4974.25,4974.75,415.0
2024-02-06 23:45:00,4974.5,4974.5,4973.25,4973.25,433.0
2024-02-06 23:50:00,4973.25,4974.0,4972.5,4973.5,468.0
2024-02-06 23:55:00,4973.5,4973.5,4972.75,4972.75,349.0
2024-02-07 00:00:00,4972.75,4973.75,4972.75,4972.75,399.0
2024-02-07 00:05:00,4972.75,4973.0,4971.75,4972.75,798.0
2024-02-07 00:10:00,4972.75,4973.25,4972.5,4972.5,234.0
2024-02-07 00:15:00,4972.5,4973.25,4972.25,4973.0,289.0
2024-02-07 00:20:00,4973.0,4974.5,4973.0,4973.75,337.0
2024-02-07 00:25:00,4973.75,4974.25,4973.5,4973.5,339.0
2024-02-07 00:30:00,4973.5,4974.25,4973.5,4974.25,251.0
2024-02-07 00:35:00,4974.25,4974.5,4973.25,4973.25,216.0
2024-02-07 00:40:00,4973.25,4974.0,4973.0,4973.75,287.0
2024-02-07 00:45:00,4973.75,4973.75,4973.0,4973.25,247.0
2024-02-07 00:50:00,4973.25,4973.25,4972.0,4972.75,531.0
2024-02-07 00:55:00,4973.0,4973.75,4972.75,4973.5,395.0
2024-02-07 01:00:00,4973.5,4976.0,4973.25,4975.5,774.0
2024-02-07 01:05:00,4975.5,4978.75,4975.25,4977.5,1946.0
2024-02-07 01:10:00,4977.75,4980.75,4977.5,4979.75,1475.0
2024-02-07 01:15:00,4980.0,4980.5,4979.25,4980.0,783.0
2024-02-07 01:20:00,4980.0,4983.25,4979.75,4982.5,1730.0
2024-02-07 01:25:00,4982.5,4983.5,4981.25,4982.0,863.0
2024-02-07 01:30:00,4981.75,4982.0,4981.0,4982.0,957.0
2024-02-07 01:35:00,4982.0,4983.0,4981.75,4982.75,731.0
2024-02-07 01:40:00,4982.75,4982.75,4981.75,4981.75,743.0
2024-02-07 01:45:00,4982.0,4982.0,4980.75,4981.25,530.0
2024-02-07 01:50:00,4981.25,4981.75,4980.25,4980.25,632.0
2024-02-07 01:55:00,4980.25,4980.25,4978.0,4978.25,1164.0
2024-02-07 02:00:00,4978.25,4979.5,4978.0,4979.25,613.0
2024-02-07 02:05:00,4979.0,4979.25,4978.5,4979.25,319.0
2024-02-07 02:10:00,4979.25,4979.25,4978.25,4979.0,273.0
2024-02-07 02:15:00,4979.0,4979.75,4978.75,4979.25,233.0
2024-02-07 02:20:00,4979.5,4979.75,4979.25,4979.5,194.0
2024-02-07 02:25:00,4979.5,4979.5,4978.5,4979.25,245.0
2024-02-07 02:30:00,4979.25,4979.5,4978.75,4978.75,334.0
2024-02-07 02:35:00,4979.0,4979.25,4977.75,4978.75,906.0
2024-02-07 02:40:00,4978.5,4979.0,4978.0,4978.25,217.0
2024-02-07 02:45:00,4978.25,4978.75,4978.0,4978.25,223.0
2024-02-07 02:50:00,4978.5,4979.0,4978.25,4979.0,243.0
2024-02-07 02:55:00,4979.0,4979.75,4979.0,4979.5,245.0
2024-02-07 03:00:00,4979.5,4980.5,4979.5,4979.5,539.0
2024-02-07 03:05:00,4979.5,4979.5,4979.0,4979.25,211.0
2024-02-07 03:10:00,4979.5,4979.5,4978.75,4979.25,189.0
2024-02-07 03:15:00,4979.0,4979.25,4978.5,4978.75,252.0
2024-02-07 03:20:00,4979.0,4979.25,4978.5,4979.0,296.0
2024-02-07 03:25:00,4979.0,4979.0,4977.75,4978.25,325.0
2024-02-07 03:30:00,4978.5,4978.75,4977.5,4977.75,278.0
2024-02-07 03:35:00,4977.75,4978.25,4977.25,4977.25,347.0
2024-02-07 03:40:00,4977.25,4977.75,4976.75,4977.25,561.0
2024-02-07 03:45:00,4977.25,4977.25,4976.5,4976.75,572.0
2024-02-07 03:50:00,4976.75,4977.25,4976.0,4976.25,603.0
2024-02-07 03:55:00,4976.25,4976.75,4975.5,4975.5,752.0
2024-02-07 04:00:00,4975.75,4975.75,4974.75,4974.75,753.0
2024-02-07 04:05:00,4975.0,4975.0,4974.25,4974.75,596.0
2024-02-07 04:10:00,4974.75,4975.25,4974.25,4974.5,331.0
2024-02-07 04:15:00,4974.25,4975.25,4974.0,4974.75,363.0
2024-02-07 04:20:00,4974.75,4975.5,4974.75,4975.0,371.0
2024-02-07 04:25:00,4975.0,4975.25,4974.5,4975.0,215.0
2024-02-07 04:30:00,4975.0,4975.5,4974.75,4975.0,108.0
2024-02-07 04:35:00,4975.0,4975.25,4974.5,4975.0,147.0
2024-02-07 04:40:00,4975.25,4975.25,4975.0,4975.25,101.0
2024-02-07 04:45:00,4975.25,4975.5,4975.0,4975.0,127.0
2024-02-07 04:50:00,4974.75,4975.25,4974.5,4975.25,233.0
2024-02-07 04:55:00,4975.25,4975.5,4975.0,4975.25,95.0
2024-02-07 05:00:00,4975.0,4975.25,4974.5,4975.0,210.0
2024-02-07 05:05:00,4975.0,4975.25,4974.0,4974.75,413.0
2024-02-07 05:10:00,4974.5,4974.5,4974.0,4974.25,166.0
2024-02-07 05:15:00,4974.5,4975.25,4974.25,4975.0,193.0
2024-02-07 05:20:00,4975.0,4975.5,4974.75,4974.75,183.0
2024-02-07 05:25:00,4974.75,4975.0,4974.5,4974.75,86.0
2024-02-07 05:30:00,4974.75,4975.75,4974.0,4974.5,505.0
2024-02-07 05:35:00,4974.5,4974.5,4973.25,4974.0,913.0
2024-02-07 05:40:00,4974.0,4974.25,4973.25,4974.25,279.0
2024-02-07 05:45:00,4974.25,4974.75,4973.75,4974.25,342.0
2024-02-07 05:50:00,4974.25,4975.0,4974.25,4975.0,278.0
2024-02-07 05:55:00,4975.0,4975.25,4974.75,4974.75,119.0
2024-02-07 06:00:00,4975.0,4975.25,4974.25,4974.25,260.0
2024-02-07 06:05:00,4974.5,4975.0,4974.5,4974.75,184.0
2024-02-07 06:10:00,4974.5,4974.75,4974.5,4974.5,137.0
2024-02-07 06:15:00,4974.75,4975.0,4974.25,4975.0,203.0
2024-02-07 06:20:00,4975.0,4975.0,4974.5,4974.5,178.0
2024-02-07 06:25:00,4974.75,4974.75,4972.5,4972.75,711.0
2024-02-07 06:30:00,4972.5,4972.5,4971.0,4972.5,1384.0
2024-02-07 06:35:00,4972.75,4973.75,4972.5,4973.75,344.0
2024-02-07 06:40:00,4973.75,4975.0,4973.5,4973.5,616.0
2024-02-07 06:45:00,4973.5,4973.75,4973.0,4973.75,341.0
2024-02-07 06:50:00,4973.5,4974.25,4973.0,4973.0,340.0
2024-02-07 06:55:00,4973.0,4974.5,4973.0,4974.0,333.0
2024-02-07 07:00:00,4974.0,4975.25,4973.75,4974.0,608.0
2024-02-07 07:05:00,4974.0,4974.75,4973.75,4974.25,504.0
2024-02-07 07:10:00,4974.5,4974.5,4973.25,4974.0,289.0
2024-02-07 07:15:00,4973.75,4974.75,4973.5,4974.0,344.0
2024-02-07 07:20:00,4974.0,4974.5,4973.0,4973.0,544.0
2024-02-07 07:25:00,4973.0,4974.5,4973.0,4974.25,377.0
2024-02-07 07:30:00,4974.25,4974.25,4971.75,4971.75,937.0
2024-02-07 07:35:00,4971.5,4972.25,4971.0,4971.75,884.0
2024-02-07 07:40:00,4971.75,4972.25,4971.5,4972.25,362.0
2024-02-07 07:45:00,4972.0,4972.25,4971.5,4971.5,317.0
2024-02-07 07:50:00,4971.25,4972.25,4971.0,4971.75,302.0
2024-02-07 07:55:00,4971.75,4972.25,4971.75,4972.25,270.0
2024-02-07 08:00:00,4972.0,4973.75,4971.25,4973.25,1295.0
2024-02-07 08:05:00,4973.0,4973.25,4972.5,4973.0,851.0
2024-02-07 08:10:00,4972.75,4973.75,4972.25,4972.5,708.0
2024-02-07 08:15:00,4972.5,4973.75,4971.75,4972.5,929.0
2024-02-07 08:20:00,4972.5,4972.75,4971.75,4972.0,636.0
2024-02-07 08:25:00,4971.75,4972.5,4971.25,4972.0,611.0
2024-02-07 08:30:00,4972.0,4973.0,4971.75,4972.25,418.0
2024-02-07 08:35:00,4972.5,4973.75,4972.25,4973.5,437.0
2024-02-07 08:40:00,4973.75,4974.0,4973.0,4973.25,632.0
2024-02-07 08:45:00,4973.0,4973.5,4972.5,4972.5,511.0
2024-02-07 08:50:00,4972.5,4974.0,4972.25,4973.75,613.0
2024-02-07 08:55:00,4973.75,4974.5,4973.5,4974.5,561.0
2024-02-07 09:00:00,4974.25,4974.5,4973.0,4974.25,735.0
2024-02-07 09:05:00,4974.0,4974.0,4972.75,4973.0,576.0
2024-02-07 09:10:00,4972.75,4974.0,4972.5,4973.5,663.0
2024-02-07 09:15:00,4973.5,4974.0,4973.25,4974.0,545.0
2024-02-07 09:20:00,4974.25,4975.5,4973.75,4975.0,1023.0
2024-02-07 09:25:00,4975.0,4976.5,4974.5,4974.75,726.0
2024-02-07 09:30:00,4974.75,4975.75,4974.5,4975.75,486.0
2024-02-07 09:35:00,4976.0,4976.0,4973.75,4974.0,686.0
2024-02-07 09:40:00,4974.0,4975.5,4973.75,4975.0,539.0
2024-02-07 09:45:00,4975.0,4976.0,4974.0,4974.0,882.0
2024-02-07 09:50:00,4973.75,4975.5,4973.75,4975.5,726.0
2024-02-07 09:55:00,4975.5,4976.25,4975.0,4975.25,501.0
2024-02-07 10:00:00,4975.25,4976.0,4975.0,4975.25,558.0
2024-02-07 10:05:00,4975.0,4976.0,4974.75,4975.75,1035.0
2024-02-07 10:10:00,4975.5,4976.0,4975.25,4976.0,542.0
2024-02-07 10:15:00,4976.0,4976.0,4974.5,4975.0,530.0
2024-02-07 10:20:00,4975.0,4976.0,4975.0,4975.5,453.0
2024-02-07 10:25:00,4975.25,4975.5,4975.0,4975.25,363.0
2024-02-07 10:30:00,4975.25,4975.25,4973.5,4974.0,578.0
2024-02-07 10:35:00,4973.75,4974.0,4971.75,4972.25,1033.0
2024-02-07 10:40:00,4972.25,4972.5,4971.75,4972.0,585.0
2024-02-07 10:45:00,4972.0,4972.25,4971.25,4971.5,521.0
2024-02-07 10:50:00,4971.5,4971.5,4970.0,4971.0,1407.0
2024-02-07 10:55:00,4971.0,4972.0,4970.5,4971.25,763.0
2024-02-07 11:00:00,4971.0,4972.25,4971.0,4972.0,796.0
2024-02-07 11:05:00,4972.0,4972.75,4971.75,4972.75,565.0
2024-02-07 11:10:00,4972.5,4972.75,4971.75,4972.0,537.0
2024-02-07 11:15:00,4972.0,4972.5,4971.75,4972.25,679.0
2024-02-07 11:20:00,4972.5,4973.75,4972.5,4973.0,817.0
2024-02-07 11:25:00,4973.25,4974.25,4973.0,4973.5,859.0
2024-02-07 11:30:00,4973.75,4974.75,4973.5,4974.5,1211.0
2024-02-07 11:35:00,4974.5,4975.5,4974.5,4975.25,1371.0
2024-02-07 11:40:00,4975.25,4975.75,4974.0,4974.25,918.0
2024-02-07 11:45:00,4974.0,4974.5,4973.5,4973.75,975.0
2024-02-07 11:50:00,4973.75,4974.0,4972.75,4972.75,808.0
2024-02-07 11:55:00,4972.75,4974.25,4972.25,4974.25,963.0
2024-02-07 12:00:00,4974.25,4974.75,4971.0,4971.75,2293.0
2024-02-07 12:05:00,4971.5,4973.0,4971.25,4972.25,967.0
2024-02-07 12:10:00,4972.25,4973.75,4972.25,4973.0,955.0
2024-02-07 12:15:00,4972.75,4973.0,4971.75,4972.25,765.0
2024-02-07 12:20:00,4972.25,4973.0,4970.75,4971.25,947.0
2024-02-07 12:25:00,4971.25,4974.75,4971.0,4974.75,1529.0
2024-02-07 12:30:00,4974.5,4976.0,4974.5,4975.75,2194.0
2024-02-07 12:35:00,4975.75,4978.75,4975.75,4978.0,3008.0
2024-02-07 12:40:00,4978.0,4980.5,4978.0,4980.25,2454.0
2024-02-07 12:45:00,4980.25,4982.0,4980.0,4982.0,2304.0
2024-02-07 12:50:00,4981.75,4983.25,4981.0,4983.0,2359.0
2024-02-07 12:55:00,4983.0,4983.75,4982.0,4982.25,2568.0
2024-02-07 13:00:00,4982.25,4986.0,4982.25,4986.0,3172.0
2024-02-07 13:05:00,4985.75,4987.75,4985.5,4987.25,4052.0
2024-02-07 13:10:00,4987.25,4988.5,4987.0,4987.0,3610.0
2024-02-07 13:15:00,4987.25,4989.5,4987.0,4989.0,2982.0
2024-02-07 13:20:00,4989.25,4989.25,4986.75,4986.75,2908.0
2024-02-07 13:25:00,4986.75,4989.0,4986.5,4988.75,2367.0
2024-02-07 13:30:00,4988.75,4990.5,4987.75,4988.5,3582.0
2024-02-07 13:35:00,4988.75,4990.25,4987.5,4989.75,3754.0
2024-02-07 13:40:00,4990.0,4991.5,4989.25,4990.75,3571.0
2024-02-07 13:45:00,4991.0,4991.75,4990.25,4990.75,3192.0
2024-02-07 13:50:00,4991.0,4991.25,4989.0,4989.25,3483.0
2024-02-07 13:55:00,4989.25,4990.25,4989.25,4990.0,2215.0
2024-02-07 14:00:00,4990.0,4993.25,4989.5,4992.5,5053.0
2024-02-07 14:05:00,4992.5,4995.0,4992.0,4994.5,6683.0
2024-02-07 14:10:00,4994.5,4995.0,4993.5,4994.0,4077.0
2024-02-07 14:15:00,4994.25,4995.5,4994.0,4994.75,3979.0
2024-02-07 14:20:00,4995.0,4996.5,4994.5,4995.5,3517.0
2024-02-07 14:25:00,4995.5,4996.5,4995.5,4996.0,5310.0
2024-02-07 14:30:00,4996.25,4999.25,4994.5,4995.0,38102.0
2024-02-07 14:35:00,4995.25,4997.0,4994.5,4996.0,18534.0
2024-02-07 14:40:00,4996.0,4996.0,4990.75,4991.0,31423.0
2024-02-07 14:45:00,4991.0,4993.25,4988.5,4993.25,28775.0
2024-02-07 14:50:00,4993.25,4996.5,4992.0,4994.5,20204.0
2024-02-07 14:55:00,4994.75,4995.0,4988.0,4991.25,19919.0
2024-02-07 15:00:00,4991.0,4994.25,4990.75,4991.25,20455.0
2024-02-07 15:05:00,4991.5,4993.25,4989.5,4993.25,14988.0
2024-02-07 15:10:00,4993.25,5003.5,4992.75,5003.5,31422.0
2024-02-07 15:15:00,5003.5,5008.0,5001.5,5006.25,30276.0
2024-02-07 15:20:00,5006.5,5007.25,5004.25,5007.0,16811.0
2024-02-07 15:25:00,5007.0,5013.0,5007.0,5012.25,26409.0
2024-02-07 15:30:00,5012.25,5015.25,5010.0,5012.75,29195.0
2024-02-07 15:35:00,5012.5,5013.5,5007.0,5007.0,25038.0
2024-02-07 15:40:00,5007.25,5009.75,5006.75,5009.25,13505.0
2024-02-07 15:45:00,5009.25,5012.0,5008.5,5010.75,14417.0
2024-02-07 15:50:00,5010.75,5014.25,5009.0,5009.5,19916.0
2024-02-07 15:55:00,5009.75,5010.75,5005.0,5007.25,15813.0
2024-02-07 16:00:00,5007.5,5008.0,5003.0,5005.75,17038.0
2024-02-07 16:05:00,5005.5,5010.75,5004.75,5009.75,13385.0
2024-02-07 16:10:00,5009.5,5011.0,5007.5,5008.0,11938.0
2024-02-07 16:15:00,5008.25,5010.75,5006.25,5007.75,12658.0
2024-02-07 16:20:00,5007.75,5008.75,5003.75,5005.0,9596.0
2024-02-07 16:25:00,5004.75,5007.75,5003.25,5006.75,8959.0
2024-02-07 16:30:00,5006.5,5008.0,5005.0,5006.0,9489.0
2024-02-07 16:35:00,5005.75,5006.5,5003.25,5005.75,10528.0
2024-02-07 16:40:00,5005.5,5008.25,5004.5,5007.0,9213.0
2024-02-07 16:45:00,5006.75,5008.75,5005.75,5007.5,11406.0
2024-02-07 16:50:00,5007.25,5009.5,5005.5,5009.0,8626.0
2024-02-07 16:55:00,5009.0,5013.25,5008.75,5010.75,12797.0
2024-02-07 17:00:00,5011.0,5012.0,5009.25,5011.75,8410.0
2024-02-07 17:05:00,5011.75,5012.25,5009.75,5012.0,7430.0
2024-02-07 17:10:00,5012.0,5012.25,5006.75,5009.5,9282.0
2024-02-07 17:15:00,5009.75,5013.25,5009.0,5012.0,7773.0
2024-02-07 17:20:00,5011.75,5012.25,5008.0,5008.75,6970.0
2024-02-07 17:25:00,5008.75,5010.25,5006.75,5008.75,7235.0
2024-02-07 17:30:00,5008.75,5009.0,5003.75,5004.0,9461.0
2024-02-07 17:35:00,5004.0,5007.5,5004.0,5004.75,7719.0
2024-02-07 17:40:00,5004.75,5006.0,5002.5,5006.0,10354.0
2024-02-07 17:45:00,5006.0,5008.5,5005.25,5006.25,9776.0
2024-02-07 17:50:00,5006.25,5009.75,5005.5,5009.25,6748.0
2024-02-07 17:55:00,5009.25,5010.75,5008.75,5009.25,6789.0
2024-02-07 18:00:00,5009.5,5016.5,5006.75,5011.25,24301.0
2024-02-07 18:05:00,5011.5,5011.5,5005.25,5007.5,14702.0
2024-02-07 18:10:00,5007.5,5014.0,5007.0,5011.0,12306.0
2024-02-07 18:15:00,5011.25,5015.0,5011.0,5012.75,10740.0
2024-02-07 18:20:00,5013.0,5015.0,5011.75,5013.5,7815.0
2024-02-07 18:25:00,5013.5,5017.0,5012.5,5016.5,8164.0
2024-02-07 18:30:00,5016.5,5019.25,5015.0,5015.5,16023.0
2024-02-07 18:35:00,5015.5,5016.75,5013.75,5014.25,7707.0
2024-02-07 18:40:00,5014.25,5016.0,5010.75,5013.5,11496.0
2024-02-07 18:45:00,5013.5,5013.5,5011.25,5012.5,6634.0
2024-02-07 18:50:00,5012.75,5016.5,5012.75,5016.25,6386.0
2024-02-07 18:55:00,5016.25,5017.25,5014.25,5015.0,6477.0
2024-02-07 19:00:00,5015.0,5017.0,5013.75,5016.25,7454.0
2024-02-07 19:05:00,5016.0,5016.5,5014.25,5016.25,6318.0
2024-02-07 19:10:00,5016.25,5017.5,5015.25,5015.75,7019.0
2024-02-07 19:15:00,5016.0,5016.75,5014.25,5015.0,6509.0
2024-02-07 19:20:00,5015.0,5015.75,5013.0,5015.0,7192.0
2024-02-07 19:25:00,5015.0,5016.0,5013.25,5013.5,5003.0
2024-02-07 19:30:00,5013.5,5015.25,5012.5,5014.0,6196.0
2024-02-07 19:35:00,5013.75,5015.5,5012.5,5014.75,7556.0
2024-02-07 19:40:00,5014.5,5015.75,5014.0,5014.75,6274.0
2024-02-07 19:45:00,5014.75,5018.25,5014.5,5017.25,9254.0
2024-02-07 19:50:00,5017.25,5018.25,5016.0,5016.75,8064.0
2024-02-07 19:55:00,5016.75,5018.25,5016.75,5017.25,4837.0
2024-02-07 20:00:00,5017.5,5020.0,5016.5,5019.5,9592.0
2024-02-07 20:05:00,5019.5,5019.75,5016.5,5017.25,9469.0
2024-02-07 20:10:00,5017.5,5018.5,5016.5,5017.0,7342.0
2024-02-07 20:15:00,5017.0,5018.0,5013.5,5016.5,15308.0
2024-02-07 20:20:00,5016.25,5016.75,5015.25,5016.25,5892.0
2024-02-07 20:25:00,5016.25,5017.75,5015.5,5016.75,7546.0
2024-02-07 20:30:00,5016.5,5017.25,5014.25,5015.25,8066.0
2024-02-07 20:35:00,5015.25,5017.5,5014.75,5017.0,5878.0
2024-02-07 20:40:00,5017.25,5017.5,5012.0,5014.0,10307.0
2024-02-07 20:45:00,5014.0,5016.25,5013.75,5014.25,10793.0
2024-02-07 20:50:00,5014.25,5014.75,5012.0,5013.0,17573.0
2024-02-07 20:55:00,5013.0,5014.5,5010.75,5013.5,27391.0
2024-02-07 21:00:00,5013.5,5016.25,5013.0,5014.0,65900.0
2024-02-07 21:05:00,5013.75,5014.0,5012.5,5013.0,10009.0
2024-02-07 21:10:00,5012.75,5015.0,5012.5,5014.75,3613.0
2024-02-07 21:15:00,5014.75,5015.25,5013.25,5013.5,3326.0
2024-02-07 21:20:00,5013.25,5014.75,5013.25,5013.75,1520.0
2024-02-07 21:25:00,5013.75,5014.75,5013.75,5014.5,901.0
2024-02-07 21:30:00,5014.25,5014.5,5013.5,5014.25,923.0
2024-02-07 21:35:00,5014.0,5014.75,5014.0,5014.5,621.0
2024-02-07 21:40:00,5014.75,5014.75,5014.25,5014.5,404.0
2024-02-07 21:45:00,5014.75,5015.75,5014.5,5015.5,1176.0
2024-02-07 21:50:00,5015.25,5015.75,5014.75,5015.5,621.0
2024-02-07 21:55:00,5015.25,5016.25,5015.25,5016.0,1767.0
2024-02-07 22:00:00,5016.0,5016.25,5015.25,5015.5,3247.0
2024-02-07 23:00:00,5015.75,5016.25,5012.75,5013.0,1066.0
2024-02-07 23:05:00,5013.0,5013.25,5011.5,5012.0,1024.0
2024-02-07 23:10:00,5012.0,5013.0,5011.75,5013.0,371.0
2024-02-07 23:15:00,5013.0,5014.0,5012.25,5013.25,425.0
2024-02-07 23:20:00,5013.0,5013.75,5012.75,5013.5,213.0
2024-02-07 23:25:00,5013.75,5013.75,5012.75,5013.0,200.0
2024-02-07 23:30:00,5013.0,5013.75,5013.0,5013.0,418.0
2024-02-07 23:35:00,5013.0,5013.0,5012.25,5012.5,327.0
2024-02-07 23:40:00,5012.5,5012.75,5012.25,5012.5,125.0
2024-02-07 23:45:00,5012.5,5013.0,5012.25,5012.75,258.0
2024-02-07 23:50:00,5012.75,5013.0,5012.25,5013.0,143.0
2024-02-07 23:55:00,5013.0,5013.75,5012.75,5013.75,338.0
2024-02-08 00:00:00,5013.75,5013.75,5012.5,5013.0,489.0
2024-02-08 00:05:00,5013.0,5014.0,5013.0,5013.5,374.0
2024-02-08 00:10:00,5013.25,5013.5,5013.0,5013.25,235.0
2024-02-08 00:15:00,5013.25,5013.5,5012.5,5012.75,247.0
2024-02-08 00:20:00,5012.75,5013.25,5012.5,5013.25,301.0
2024-02-08 00:25:00,5013.25,5013.5,5013.0,5013.25,217.0
2024-02-08 00:30:00,5013.25,5013.25,5012.75,5012.75,202.0
2024-02-08 00:35:00,5012.75,5013.5,5012.75,5013.0,238.0
2024-02-08 00:40:00,5013.25,5013.25,5012.75,5013.0,176.0
2024-02-08 00:45:00,5013.0,5013.25,5012.25,5012.25,219.0
2024-02-08 00:50:00,5012.5,5012.75,5012.0,5012.0,302.0
2024-02-08 00:55:00,5012.25,5012.5,5011.75,5012.25,347.0
2024-02-08 01:00:00,5012.25,5013.0,5012.25,5012.75,278.0
2024-02-08 01:05:00,5012.75,5013.0,5012.0,5012.25,226.0
2024-02-08 01:10:00,5012.5,5012.5,5011.75,5011.75,157.0
2024-02-08 01:15:00,5012.0,5013.75,5012.0,5012.5,630.0
2024-02-08 01:20:00,5012.5,5013.75,5012.0,5012.0,559.0
2024-02-08 01:25:00,5012.25,5012.5,5011.25,5011.75,532.0
2024-02-08 01:30:00,5011.75,5013.0,5011.5,5013.0,363.0
2024-02-08 01:35:00,5012.75,5013.5,5012.5,5013.0,403.0
2024-02-08 01:40:00,5013.0,5013.25,5012.5,5012.75,334.0
2024-02-08 01:45:00,5013.0,5013.5,5012.5,5013.5,200.0
2024-02-08 01:50:00,5013.5,5014.0,5013.25,5013.75,254.0
2024-02-08 01:55:00,5014.0,5014.75,5013.75,5014.5,553.0
2024-02-08 02:00:00,5014.5,5015.0,5014.5,5015.0,386.0
2024-02-08 02:05:00,5015.0,5015.75,5014.75,5015.25,595.0
2024-02-08 02:10:00,5015.25,5015.5,5013.75,5014.0,424.0
2024-02-08 02:15:00,5014.25,5014.75,5014.0,5014.5,203.0
2024-02-08 02:20:00,5014.75,5014.75,5014.0,5014.0,95.0
2024-02-08 02:25:00,5014.25,5014.25,5013.5,5014.0,125.0
2024-02-08 02:30:00,5013.75,5014.0,5013.0,5013.0,323.0
2024-02-08 02:35:00,5013.0,5013.5,5012.5,5013.0,369.0
2024-02-08 02:40:00,5013.25,5013.5,5012.75,5012.75,208.0
2024-02-08 02:45:00,5012.75,5013.25,5012.75,5013.0,125.0
2024-02-08 02:50:00,5013.25,5013.25,5012.5,5012.75,204.0
2024-02-08 02:55:00,5012.75,5013.25,5012.25,5013.25,225.0
2024-02-08 03:00:00,5013.0,5013.25,5012.75,5013.25,124.0
2024-02-08 03:05:00,5013.0,5013.75,5013.0,5013.75,160.0
2024-02-08 03:10:00,5013.5,5013.5,5012.75,5013.0,164.0
2024-02-08 03:15:00,5013.0,5013.5,5013.0,5013.5,78.0
2024-02-08 03:20:00,5013.5,5013.5,5013.0,5013.25,115.0
2024-02-08 03:25:00,5013.25,5013.25,5013.0,5013.0,104.0
2024-02-08 03:30:00,5012.75,5013.25,5012.5,5013.0,203.0
2024-02-08 03:35:00,5012.75,5013.0,5012.5,5013.0,148.0
2024-02-08 03:40:00,5013.0,5013.25,5012.75,5013.0,114.0
2024-02-08 03:45:00,5013.0,5013.0,5012.75,5013.0,103.0
2024-02-08 03:50:00,5013.0,5013.25,5012.75,5013.0,294.0
2024-02-08 03:55:00,5013.0,5013.0,5012.5,5013.0,154.0
2024-02-08 04:00:00,5012.75,5013.0,5012.75,5012.75,94.0
2024-02-08 04:05:00,5013.0,5013.0,5012.75,5012.75,31.0
2024-02-08 04:10:00,5012.75,5013.0,5012.75,5013.0,58.0
2024-02-08 04:15:00,5013.0,5013.5,5013.0,5013.25,268.0
2024-02-08 04:20:00,5013.25,5013.75,5013.0,5013.25,178.0
2024-02-08 04:25:00,5013.5,5013.75,5013.25,5013.75,179.0
2024-02-08 04:30:00,5013.75,5013.75,5013.25,5013.5,197.0
2024-02-08 04:35:00,5013.5,5013.75,5013.5,5013.5,76.0
2024-02-08 04:40:00,5013.5,5014.0,5013.5,5014.0,156.0
2024-02-08 04:45:00,5014.0,5014.25,5013.5,5013.75,237.0
2024-02-08 04:50:00,5013.5,5013.75,5013.5,5013.5,104.0
2024-02-08 04:55:00,5013.75,5014.0,5013.5,5013.75,124.0
2024-02-08 05:00:00,5013.75,5014.0,5013.25,5013.25,180.0
2024-02-08 05:05:00,5013.25,5013.75,5013.25,5013.25,131.0
2024-02-08 05:10:00,5013.5,5013.5,5013.25,5013.25,69.0
2024-02-08 05:15:00,5013.25,5013.5,5013.25,5013.5,44.0
2024-02-08 05:20:00,5013.5,5014.75,5013.5,5014.25,581.0
2024-02-08 05:25:00,5014.25,5014.75,5014.0,5014.75,160.0
2024-02-08 05:30:00,5014.5,5015.0,5013.75,5014.0,495.0
2024-02-08 05:35:00,5013.75,5014.0,5013.25,5013.75,123.0
2024-02-08 05:40:00,5013.75,5013.75,5013.25,5013.25,154.0
2024-02-08 05:45:00,5013.5,5013.5,5013.25,5013.25,119.0
2024-02-08 05:50:00,5013.25,5013.25,5012.5,5013.0,442.0
2024-02-08 05:55:00,5012.75,5013.25,5012.75,5012.75,67.0
2024-02-08 06:00:00,5013.0,5014.0,5012.75,5013.25,508.0
2024-02-08 06:05:00,5013.25,5013.5,5012.75,5013.0,227.0
2024-02-08 06:10:00,5013.25,5013.75,5012.5,5012.75,211.0
2024-02-08 06:15:00,5012.5,5013.75,5012.25,5013.25,294.0
2024-02-08 06:20:00,5013.5,5013.5,5013.0,5013.25,119.0
2024-02-08 06:25:00,5013.5,5013.75,5013.0,5013.25,161.0
2024-02-08 06:30:00,5013.25,5014.75,5013.25,5014.25,588.0
2024-02-08 06:35:00,5014.25,5015.25,5014.25,5014.75,490.0
2024-02-08 06:40:00,5015.0,5015.0,5014.0,5015.0,354.0
2024-02-08 06:45:00,5015.0,5015.25,5014.0,5015.25,578.0
2024-02-08 06:50:00,5015.25,5015.75,5015.0,5015.25,331.0
2024-02-08 06:55:00,5015.25,5015.25,5014.5,5014.75,518.0
2024-02-08 07:00:00,5014.75,5015.75,5014.0,5014.25,951.0
2024-02-08 07:05:00,5014.25,5015.75,5014.0,5015.75,308.0
2024-02-08 07:10:00,5015.75,5016.25,5015.0,5016.0,843.0
2024-02-08 07:15:00,5016.0,5016.0,5014.75,5015.25,427.0
2024-02-08 07:20:00,5015.5,5016.25,5015.25,5015.5,451.0
2024-02-08 07:25:00,5015.5,5015.5,5014.25,5015.25,473.0
2024-02-08 07:30:00,5015.5,5015.75,5014.5,5014.75,313.0
2024-02-08 07:35:00,5014.75,5016.0,5014.5,5015.75,570.0
2024-02-08 07:40:00,5015.75,5015.75,5014.75,5014.75,373.0
2024-02-08 07:45:00,5014.75,5015.25,5014.5,5014.75,339.0
2024-02-08 07:50:00,5015.0,5015.0,5013.25,5013.25,681.0
2024-02-08 07:55:00,5013.25,5013.75,5012.75,5013.5,559.0
2024-02-08 08:00:00,5013.5,5015.5,5013.5,5014.75,1601.0
2024-02-08 08:05:00,5014.75,5015.75,5014.25,5015.25,722.0
2024-02-08 08:10:00,5015.25,5015.25,5014.25,5014.5,1017.0
2024-02-08 08:15:00,5014.5,5014.75,5012.5,5012.5,998.0
2024-02-08 08:20:00,5012.5,5013.25,5010.75,5011.75,2346.0
2024-02-08 08:25:00,5011.5,5012.25,5011.0,5012.25,1159.0
2024-02-08 08:30:00,5012.25,5012.5,5011.0,5012.25,1112.0
2024-02-08 08:35:00,5012.25,5012.5,5010.75,5011.5,1169.0
2024-02-08 08:40:00,5011.25,5013.0,5011.25,5012.25,795.0
2024-02-08 08:45:00,5012.25,5012.5,5010.75,5011.25,957.0
2024-02-08 08:50:00,5011.0,5011.5,5010.25,5010.25,1276.0
2024-02-08 08:55:00,5010.25,5011.75,5010.0,5011.5,1008.0
2024-02-08 09:00:00,5011.5,5012.0,5011.0,5011.5,935.0
2024-02-08 09:05:00,5011.5,5012.0,5010.5,5010.75,1135.0
2024-02-08 09:10:00,5010.75,5013.0,5010.75,5012.5,1402.0
2024-02-08 09:15:00,5012.75,5013.0,5011.75,5012.0,1050.0
2024-02-08 09:20:00,5012.25,5013.0,5012.0,5012.25,760.0
2024-02-08 09:25:00,5012.25,5012.75,5011.0,5012.0,701.0
2024-02-08 09:30:00,5011.75,5012.5,5011.0,5011.5,1405.0
2024-02-08 09:35:00,5011.5,5012.5,5011.5,5012.0,580.0
2024-02-08 09:40:00,5012.0,5013.5,5011.75,5013.25,714.0
2024-02-08 09:45:00,5013.5,5013.5,5012.0,5012.5,923.0
2024-02-08 09:50:00,5012.5,5012.75,5012.0,5012.25,560.0
2024-02-08 09:55:00,5012.25,5012.5,5011.75,5012.5,586.0
2024-02-08 10:00:00,5012.5,5012.75,5011.75,5012.0,583.0
2024-02-08 10:05:00,5011.75,5011.75,5010.75,5010.75,821.0
2024-02-08 10:10:00,5011.0,5012.5,5010.75,5012.0,567.0
2024-02-08 10:15:00,5012.0,5012.25,5011.5,5012.0,309.0
2024-02-08 10:20:00,5012.0,5012.25,5011.25,5012.0,459.0
2024-02-08 10:25:00,5012.25,5012.25,5011.5,5011.75,269.0
2024-02-08 10:30:00,5012.0,5012.5,5011.0,5011.25,604.0
2024-02-08 10:35:00,5011.0,5011.5,5010.5,5011.25,653.0
2024-02-08 10:40:00,5011.25,5012.0,5010.25,5010.5,738.0
2024-02-08 10:45:00,5010.5,5010.75,5009.75,5009.75,700.0
2024-02-08 10:50:00,5009.75,5009.75,5009.0,5009.25,1274.0
2024-02-08 10:55:00,5009.5,5010.5,5009.0,5010.25,701.0
2024-02-08 11:00:00,5010.25,5010.75,5010.0,5010.5,858.0
2024-02-08 11:05:00,5010.75,5010.75,5009.5,5009.75,702.0
2024-02-08 11:10:00,5009.75,5010.0,5008.5,5008.5,504.0
2024-02-08 11:15:00,5008.75,5009.25,5007.75,5007.75,762.0
2024-02-08 11:20:00,5008.0,5008.25,5006.25,5007.0,1701.0
2024-02-08 11:25:00,5006.75,5006.75,5005.25,5005.75,1452.0
2024-02-08 11:30:00,5005.5,5005.5,5003.75,5004.75,2199.0
2024-02-08 11:35:00,5004.75,5007.0,5004.75,5006.5,1056.0
2024-02-08 11:40:00,5006.5,5007.0,5006.25,5007.0,683.0
2024-02-08 11:45:00,5006.75,5007.5,5006.25,5006.5,980.0
2024-02-08 11:50:00,5006.5,5006.75,5005.25,5006.25,960.0
2024-02-08 11:55:00,5006.25,5007.25,5005.5,5007.25,928.0
2024-02-08 12:00:00,5007.0,5007.75,5006.5,5007.0,1174.0
2024-02-08 12:05:00,5007.0,5007.75,5006.5,5006.75,1137.0
2024-02-08 12:10:00,5006.5,5008.25,5005.75,5008.0,1419.0
2024-02-08 12:15:00,5008.0,5009.0,5007.25,5007.75,1450.0
2024-02-08 12:20:00,5008.0,5009.25,5007.5,5009.0,1152.0
2024-02-08 12:25:00,5009.0,5009.0,5008.0,5008.25,960.0
2024-02-08 12:30:00,5008.25,5008.75,5007.5,5008.25,1366.0
2024-02-08 12:35:00,5008.25,5008.25,5006.0,5007.5,1690.0
2024-02-08 12:40:00,5007.5,5007.75,5006.75,5007.5,808.0
2024-02-08 12:45:00,5007.75,5008.75,5007.5,5008.25,1593.0
2024-02-08 12:50:00,5008.25,5008.75,5007.25,5007.25,724.0
2024-02-08 12:55:00,5007.5,5007.5,5005.5,5006.0,1361.0
2024-02-08 13:00:00,5006.0,5007.25,5005.0,5007.25,1556.0
2024-02-08 13:05:00,5007.25,5008.75,5007.0,5007.25,1412.0
2024-02-08 13:10:00,5007.25,5007.75,5006.25,5006.75,1248.0
2024-02-08 13:15:00,5007.0,5008.0,5006.75,5007.25,1947.0
2024-02-08 13:20:00,5007.25,5007.25,5004.5,5005.75,2361.0
2024-02-08 13:25:00,5006.0,5007.5,5005.75,5006.0,2173.0
2024-02-08 13:30:00,5006.25,5008.25,5004.25,5008.0,3495.0
2024-02-08 13:35:00,5007.75,5010.75,5006.75,5010.25,5063.0
2024-02-08 13:40:00,5010.25,5012.5,5009.5,5009.75,6636.0
2024-02-08 13:45:00,5009.5,5010.5,5008.75,5010.25,3059.0
2024-02-08 13:50:00,5010.25,5011.25,5008.5,5010.75,3209.0
2024-02-08 13:55:00,5010.75,5011.25,5008.25,5010.5,2815.0
2024-02-08 14:00:00,5010.5,5011.75,5010.25,5011.0,2701.0
2024-02-08 14:05:00,5010.75,5011.75,5010.5,5010.75,2141.0
2024-02-08 14:10:00,5010.75,5011.5,5009.25,5011.25,2126.0
2024-02-08 14:15:00,5011.0,5012.5,5010.25,5010.75,3129.0
2024-02-08 14:20:00,5010.75,5012.25,5010.5,5011.25,1874.0
2024-02-08 14:25:00,5011.25,5013.0,5011.0,5012.25,2746.0
2024-02-08 14:30:00,5012.25,5014.5,5009.75,5012.0,23071.0
2024-02-08 14:35:00,5012.25,5016.0,5011.0,5013.25,18113.0
2024-02-08 14:40:00,5013.25,5014.25,5008.75,5010.0,18319.0
2024-02-08 14:45:00,5009.75,5012.0,5009.0,5011.25,13353.0
2024-02-08 14:50:00,5011.25,5012.5,5009.25,5011.25,11035.0
2024-02-08 14:55:00,5011.5,5013.25,5010.5,5012.0,9355.0
2024-02-08 15:00:00,5011.75,5014.75,5011.5,5013.5,13081.0
2024-02-08 15:05:00,5013.5,5014.75,5012.0,5013.25,10957.0
2024-02-08 15:10:00,5013.25,5013.75,5011.0,5012.0,10226.0
2024-02-08 15:15:00,5011.75,5013.25,5010.5,5012.75,9927.0
2024-02-08 15:20:00,5012.75,5014.5,5008.5,5009.5,13932.0
2024-02-08 15:25:00,5009.5,5011.0,5009.25,5010.25,9101.0
2024-02-08 15:30:00,5010.25,5013.0,5008.0,5012.0,14780.0
2024-02-08 15:35:00,5012.0,5012.5,5008.25,5009.0,10172.0
2024-02-08 15:40:00,5009.25,5010.0,5005.5,5008.75,20763.0
2024-02-08 15:45:00,5008.75,5011.75,5007.75,5011.75,12842.0
2024-02-08 15:50:00,5011.5,5013.25,5011.0,5012.75,11596.0
2024-02-08 15:55:00,5012.75,5014.25,5012.0,5014.0,12732.0
2024-02-08 16:00:00,5014.25,5014.5,5010.75,5011.25,12600.0
2024-02-08 16:05:00,5011.25,5012.0,5009.25,5010.75,9854.0
2024-02-08 16:10:00,5010.75,5011.5,5009.0,5010.25,6953.0
2024-02-08 16:15:00,5010.25,5010.5,5007.75,5009.25,7496.0
2024-02-08 16:20:00,5009.25,5012.0,5008.5,5009.0,8164.0
2024-02-08 16:25:00,5009.0,5010.0,5005.75,5006.0,11900.0
2024-02-08 16:30:00,5006.0,5008.25,5005.0,5007.0,12827.0
2024-02-08 16:35:00,5007.25,5009.5,5006.75,5009.0,11702.0
2024-02-08 16:40:00,5009.0,5011.0,5008.25,5008.75,9221.0
2024-02-08 16:45:00,5008.75,5008.75,5006.5,5008.0,7257.0
2024-02-08 16:50:00,5007.75,5009.5,5007.25,5009.0,5631.0
2024-02-08 16:55:00,5009.0,5011.5,5008.5,5010.25,5726.0
2024-02-08 17:00:00,5010.25,5011.0,5009.25,5010.5,6946.0
2024-02-08 17:05:00,5010.25,5010.5,5007.5,5008.0,5428.0
2024-02-08 17:10:00,5008.0,5011.25,5007.5,5011.0,5862.0
2024-02-08 17:15:00,5011.0,5011.5,5010.0,5011.0,5604.0
2024-02-08 17:20:00,5011.0,5011.75,5010.0,5011.0,5244.0
2024-02-08 17:25:00,5011.25,5013.75,5010.75,5013.5,7237.0
2024-02-08 17:30:00,5013.25,5013.5,5011.75,5012.0,6993.0
2024-02-08 17:35:00,5012.0,5013.0,5011.5,5012.75,4732.0
2024-02-08 17:40:00,5013.0,5013.0,5009.75,5010.0,5028.0
2024-02-08 17:45:00,5010.0,5010.5,5008.0,5009.0,6687.0
2024-02-08 17:50:00,5009.25,5010.0,5008.0,5009.25,5425.0
2024-02-08 17:55:00,5009.25,5009.75,5006.25,5007.5,7322.0
2024-02-08 18:00:00,5007.25,5015.25,5007.25,5013.75,18934.0
2024-02-08 18:05:00,5013.5,5015.0,5011.0,5011.75,10092.0
2024-02-08 18:10:00,5011.75,5013.25,5010.75,5011.75,6786.0
2024-02-08 18:15:00,5011.5,5012.75,5009.5,5011.0,6551.0
2024-02-08 18:20:00,5011.0,5011.75,5010.0,5011.25,3698.0
2024-02-08 18:25:00,5011.25,5013.0,5010.5,5012.5,6659.0
2024-02-08 18:30:00,5012.25,5013.75,5011.75,5013.25,5386.0
2024-02-08 18:35:00,5013.0,5015.75,5012.75,5014.75,7703.0
2024-02-08 18:40:00,5015.0,5015.5,5012.0,5012.5,7011.0
2024-02-08 18:45:00,5012.75,5014.0,5012.5,5014.0,5044.0
2024-02-08 18:50:00,5013.75,5014.5,5011.25,5012.0,5714.0
2024-02-08 18:55:00,5012.25,5013.5,5011.5,5013.0,4461.0
2024-02-08 19:00:00,5013.0,5015.25,5012.75,5013.25,6683.0
2024-02-08 19:05:00,5013.25,5013.5,5010.0,5010.75,8039.0
2024-02-08 19:10:00,5010.75,5013.0,5010.5,5012.25,6607.0
2024-02-08 19:15:00,5012.25,5013.75,5011.0,5011.75,5257.0
2024-02-08 19:20:00,5012.0,5014.0,5011.0,5011.25,5154.0
2024-02-08 19:25:00,5011.5,5012.25,5010.25,5011.75,5722.0
2024-02-08 19:30:00,5011.5,5012.0,5010.0,5010.0,4451.0
2024-02-08 19:35:00,5010.25,5010.25,5008.0,5009.0,10042.0
2024-02-08 19:40:00,5009.0,5012.25,5009.0,5011.5,7286.0
2024-02-08 19:45:00,5011.5,5013.25,5011.25,5012.25,5893.0
2024-02-08 19:50:00,5012.25,5013.75,5011.5,5012.75,5734.0
2024-02-08 19:55:00,5012.5,5015.5,5012.25,5014.0,7726.0
2024-02-08 20:00:00,5014.0,5017.0,5014.0,5015.5,10671.0
2024-02-08 20:05:00,5015.75,5016.25,5014.75,5015.5,4949.0
2024-02-08 20:10:00,5015.5,5016.75,5014.5,5016.25,5136.0
2024-02-08 20:15:00,5016.0,5016.5,5014.75,5016.0,5379.0
2024-02-08 20:20:00,5016.0,5017.5,5015.5,5017.0,7799.0
2024-02-08 20:25:00,5017.25,5018.25,5015.5,5017.25,9665.0
2024-02-08 20:30:00,5017.25,5017.25,5016.0,5016.25,6153.0
2024-02-08 20:35:00,5016.25,5017.0,5015.25,5015.5,6025.0
2024-02-08 20:40:00,5015.75,5017.0,5015.5,5016.25,6149.0
2024-02-08 20:45:00,5016.5,5016.75,5014.5,5014.75,8986.0
2024-02-08 20:50:00,5015.0,5016.5,5012.25,5013.5,17530.0
2024-02-08 20:55:00,5013.5,5015.25,5011.0,5014.0,24926.0
2024-02-08 21:00:00,5013.75,5020.0,5013.5,5014.5,75383.0
2024-02-08 21:05:00,5014.75,5016.25,5014.5,5016.0,4697.0
2024-02-08 21:10:00,5016.25,5016.25,5015.25,5015.75,3914.0
2024-02-08 21:15:00,5016.0,5016.75,5015.5,5015.75,3374.0
2024-02-08 21:20:00,5015.75,5016.0,5015.25,5015.5,1471.0
2024-02-08 21:25:00,5015.5,5016.0,5015.25,5015.75,564.0
2024-02-08 21:30:00,5015.75,5016.0,5015.5,5015.5,1267.0
2024-02-08 21:35:00,5015.75,5016.25,5015.5,5015.5,994.0
2024-02-08 21:40:00,5015.5,5016.25,5015.5,5016.25,761.0
2024-02-08 21:45:00,5016.0,5016.5,5015.75,5016.0,786.0
2024-02-08 21:50:00,5016.0,5016.0,5015.25,5015.75,463.0
2024-02-08 21:55:00,5015.5,5015.75,5014.5,5014.5,6974.0
2024-02-08 22:00:00,5014.75,5014.75,5014.25,5014.5,3378.0
2024-02-08 23:00:00,5014.5,5015.0,5013.0,5014.0,936.0
2024-02-08 23:05:00,5014.0,5015.0,5013.75,5014.75,617.0
2024-02-08 23:10:00,5014.5,5015.0,5013.75,5013.75,360.0
2024-02-08 23:15:00,5014.0,5014.75,5013.75,5014.5,293.0
2024-02-08 23:20:00,5014.5,5015.0,5014.5,5014.75,217.0
2024-02-08 23:25:00,5014.75,5015.25,5014.25,5015.0,205.0
2024-02-08 23:30:00,5014.75,5015.25,5014.5,5015.0,276.0
2024-02-08 23:35:00,5014.75,5015.5,5014.75,5015.0,178.0
2024-02-08 23:40:00,5015.0,5015.5,5015.0,5015.5,148.0
2024-02-08 23:45:00,5015.25,5015.75,5015.0,5015.25,325.0
2024-02-08 23:50:00,5015.5,5015.5,5014.75,5015.5,203.0
2024-02-08 23:55:00,5015.25,5015.5,5015.0,5015.25,247.0
2024-02-09 00:00:00,5015.5,5015.75,5014.5,5014.75,266.0
2024-02-09 00:05:00,5015.0,5017.0,5014.75,5017.0,517.0
2024-02-09 00:10:00,5016.75,5017.25,5016.25,5016.25,397.0
2024-02-09 00:15:00,5016.5,5016.5,5015.25,5015.75,271.0
2024-02-09 00:20:00,5015.75,5016.0,5015.5,5015.75,164.0
2024-02-09 00:25:00,5015.5,5016.0,5015.25,5016.0,123.0
2024-02-09 00:30:00,5015.75,5016.0,5015.5,5015.75,221.0
2024-02-09 00:35:00,5015.5,5015.75,5015.25,5015.5,122.0
2024-02-09 00:40:00,5015.5,5016.75,5015.5,5016.75,260.0
2024-02-09 00:45:00,5016.5,5017.0,5014.75,5015.0,1226.0
2024-02-09 00:50:00,5015.0,5015.0,5014.5,5014.75,241.0
2024-02-09 00:55:00,5014.5,5014.75,5013.25,5013.5,533.0
2024-02-09 01:00:00,5013.25,5015.0,5013.0,5014.75,636.0
2024-02-09 01:05:00,5014.75,5015.0,5013.75,5013.75,315.0
2024-02-09 01:10:00,5013.75,5014.25,5013.25,5013.75,148.0
2024-02-09 01:15:00,5014.0,5014.5,5013.5,5014.25,213.0
2024-02-09 01:20:00,5014.25,5015.0,5013.75,5014.0,345.0
2024-02-09 01:25:00,5014.0,5014.25,5013.25,5014.0,265.0
2024-02-09 01:30:00,5014.0,5014.25,5013.0,5013.75,597.0
2024-02-09 01:35:00,5013.75,5014.25,5013.75,5014.25,238.0
2024-02-09 01:40:00,5014.25,5014.75,5013.75,5014.0,366.0
2024-02-09 01:45:00,5014.0,5014.5,5013.25,5013.25,220.0
2024-02-09 01:50:00,5013.5,5014.25,5013.25,5013.75,305.0
2024-02-09 01:55:00,5013.5,5013.75,5013.0,5013.75,251.0
2024-02-09 02:00:00,5013.75,5014.0,5013.25,5013.5,307.0
2024-02-09 02:05:00,5013.5,5013.5,5013.0,5013.5,194.0
2024-02-09 02:10:00,5013.5,5014.25,5013.25,5014.0,155.0
2024-02-09 02:15:00,5014.0,5014.25,5013.75,5014.0,247.0
2024-02-09 02:20:00,5014.0,5014.5,5014.0,5014.5,148.0
2024-02-09 02:25:00,5014.5,5014.75,5014.0,5014.0,243.0
2024-02-09 02:30:00,5014.0,5014.25,5013.75,5014.0,273.0
2024-02-09 02:35:00,5013.75,5015.0,5013.75,5014.75,205.0
2024-02-09 02:40:00,5014.75,5015.0,5014.0,5014.5,248.0
2024-02-09 02:45:00,5014.5,5015.0,5014.5,5014.5,194.0
2024-02-09 02:50:00,5014.5,5015.0,5014.25,5015.0,225.0
2024-02-09 02:55:00,5015.0,5015.0,5014.25,5014.25,189.0
2024-02-09 03:00:00,5014.25,5015.25,5014.25,5015.0,258.0
2024-02-09 03:05:00,5015.0,5015.5,5015.0,5015.25,405.0
2024-02-09 03:10:00,5015.25,5015.5,5015.0,5015.25,176.0
2024-02-09 03:15:00,5015.0,5015.25,5015.0,5015.0,104.0
2024-02-09 03:20:00,5015.0,5015.5,5015.0,5015.25,201.0
2024-02-09 03:25:00,5015.25,5015.5,5015.0,5015.25,147.0
2024-02-09 03:30:00,5015.25,5015.25,5015.0,5015.0,175.0
2024-02-09 03:35:00,5014.75,5015.75,5014.5,5015.75,415.0
2024-02-09 03:40:00,5015.5,5016.0,5015.5,5016.0,206.0
2024-02-09 03:45:00,5015.75,5016.25,5015.75,5015.75,347.0
2024-02-09 03:50:00,5015.75,5016.0,5015.5,5015.75,217.0
2024-02-09 03:55:00,5015.75,5016.5,5015.75,5016.5,316.0
2024-02-09 04:00:00,5016.5,5016.75,5016.0,5016.0,230.0
2024-02-09 04:05:00,5016.25,5016.25,5015.75,5016.25,179.0
2024-02-09 04:10:00,5016.25,5016.5,5016.0,5016.0,164.0
2024-02-09 04:15:00,5016.0,5016.25,5015.75,5016.25,99.0
2024-02-09 04:20:00,5016.0,5016.25,5015.75,5016.0,86.0
2024-02-09 04:25:00,5016.0,5016.25,5016.0,5016.25,31.0
2024-02-09 04:30:00,5016.25,5016.25,5015.5,5015.75,152.0
2024-02-09 04:35:00,5015.5,5016.0,5015.25,5015.25,51.0
2024-02-09 04:40:00,5015.25,5016.0,5015.25,5015.75,121.0
2024-02-09 04:45:00,5016.0,5016.0,5015.5,5015.75,106.0
2024-02-09 04:50:00,5015.5,5015.75,5015.5,5015.5,37.0
2024-02-09 04:55:00,5015.5,5015.75,5014.75,5015.0,158.0
2024-02-09 05:00:00,5014.75,5015.5,5014.75,5015.5,98.0
2024-02-09 05:05:00,5015.5,5015.75,5015.5,5015.75,115.0
2024-02-09 05:10:00,5015.75,5016.0,5015.75,5015.75,70.0
2024-02-09 05:15:00,5016.0,5016.0,5015.5,5015.5,53.0
2024-02-09 05:20:00,5015.5,5015.75,5015.5,5015.5,37.0
2024-02-09 05:25:00,5015.75,5016.0,5015.75,5016.0,48.0
2024-02-09 05:30:00,5015.75,5016.0,5015.5,5015.5,162.0
2024-02-09 05:35:00,5015.75,5015.75,5014.75,5015.0,168.0
2024-02-09 05:40:00,5015.25,5015.25,5015.0,5015.0,93.0
2024-02-09 05:45:00,5015.25,5015.25,5014.5,5014.5,74.0
2024-02-09 05:50:00,5014.5,5014.75,5014.0,5014.0,274.0
2024-02-09 05:55:00,5014.0,5014.25,5013.5,5014.0,266.0
2024-02-09 06:00:00,5013.75,5014.25,5013.5,5013.75,354.0
2024-02-09 06:05:00,5013.75,5014.0,5013.5,5013.5,234.0
2024-02-09 06:10:00,5013.5,5014.0,5013.5,5013.75,283.0
2024-02-09 06:15:00,5013.75,5014.25,5013.75,5014.0,173.0
2024-02-09 06:20:00,5013.75,5014.0,5013.5,5013.75,151.0
2024-02-09 06:25:00,5014.0,5014.0,5013.75,5013.75,170.0
2024-02-09 06:30:00,5014.0,5014.25,5013.5,5014.0,390.0
2024-02-09 06:35:00,5014.0,5014.75,5014.0,5014.25,258.0
2024-02-09 06:40:00,5014.25,5014.5,5013.75,5013.75,187.0
2024-02-09 06:45:00,5013.75,5014.5,5013.75,5014.5,85.0
2024-02-09 06:50:00,5014.25,5014.75,5013.75,5014.0,593.0
2024-02-09 06:55:00,5014.25,5014.5,5014.0,5014.0,67.0
2024-02-09 07:00:00,5014.25,5015.25,5014.0,5015.0,667.0
2024-02-09 07:05:00,5015.0,5015.25,5014.5,5014.75,304.0
2024-02-09 07:10:00,5014.5,5015.5,5014.5,5015.25,296.0
2024-02-09 07:15:00,5015.25,5016.0,5015.0,5015.75,379.0
2024-02-09 07:20:00,5015.75,5016.5,5015.5,5016.5,609.0
2024-02-09 07:25:00,5016.5,5017.0,5016.0,5016.75,504.0
2024-02-09 07:30:00,5016.75,5016.75,5015.75,5016.0,449.0
2024-02-09 07:35:00,5016.0,5016.25,5015.75,5016.25,319.0
2024-02-09 07:40:00,5016.0,5016.75,5016.0,5016.25,401.0
2024-02-09 07:45:00,5016.25,5016.25,5015.5,5016.0,503.0
2024-02-09 07:50:00,5016.0,5017.0,5016.0,5016.75,390.0
2024-02-09 07:55:00,5016.75,5017.0,5016.25,5016.75,482.0
2024-02-09 08:00:00,5016.75,5021.5,5016.5,5020.5,4718.0
2024-02-09 08:05:00,5020.5,5020.5,5018.25,5018.75,1942.0
2024-02-09 08:10:00,5018.75,5019.5,5018.0,5018.5,1044.0
2024-02-09 08:15:00,5018.5,5019.0,5017.75,5018.0,604.0
2024-02-09 08:20:00,5018.25,5020.0,5018.25,5019.5,742.0
2024-02-09 08:25:00,5019.5,5022.5,5019.5,5022.25,1318.0
2024-02-09 08:30:00,5022.0,5022.75,5021.5,5022.25,1162.0
2024-02-09 08:35:00,5022.25,5023.25,5022.25,5022.75,1214.0
2024-02-09 08:40:00,5023.0,5023.0,5020.75,5020.75,705.0
2024-02-09 08:45:00,5020.75,5021.0,5020.0,5020.75,954.0
2024-02-09 08:50:00,5020.5,5021.5,5020.5,5021.25,545.0
2024-02-09 08:55:00,5021.5,5022.0,5021.25,5022.0,594.0
2024-02-09 09:00:00,5021.75,5022.5,5020.25,5021.25,1327.0
2024-02-09 09:05:00,5021.25,5021.5,5019.75,5020.25,855.0
2024-02-09 09:10:00,5020.0,5020.25,5019.0,5019.0,1045.0
2024-02-09 09:15:00,5019.0,5019.25,5017.25,5018.5,1741.0
2024-02-09 09:20:00,5018.5,5019.75,5018.25,5019.5,542.0
2024-02-09 09:25:00,5019.5,5019.75,5018.5,5019.25,507.0
2024-02-09 09:30:00,5019.25,5019.5,5018.5,5019.25,466.0
2024-02-09 09:35:00,5019.25,5019.75,5018.5,5019.5,416.0
2024-02-09 09:40:00,5019.5,5020.0,5019.0,5019.25,461.0
2024-02-09 09:45:00,5019.25,5020.5,5018.75,5020.5,997.0
2024-02-09 09:50:00,5020.5,5020.5,5019.25,5020.25,422.0
2024-02-09 09:55:00,5020.25,5020.25,5019.5,5020.25,346.0
2024-02-09 10:00:00,5020.25,5021.0,5019.75,5020.75,467.0
2024-02-09 10:05:00,5020.75,5021.5,5020.5,5021.5,446.0
2024-02-09 10:10:00,5021.25,5021.75,5021.0,5021.25,740.0
2024-02-09 10:15:00,5021.25,5023.0,5021.25,5022.75,1230.0
2024-02-09 10:20:00,5023.0,5023.25,5022.25,5023.0,756.0
2024-02-09 10:25:00,5023.0,5023.0,5022.0,5022.5,617.0
2024-02-09 10:30:00,5022.5,5023.0,5022.25,5022.75,341.0
2024-02-09 10:35:00,5022.75,5023.25,5021.75,5022.0,799.0
2024-02-09 10:40:00,5022.0,5024.0,5021.75,5023.75,1455.0
2024-02-09 10:45:00,5023.75,5023.75,5022.0,5022.5,791.0
2024-02-09 10:50:00,5022.5,5023.25,5022.0,5022.25,533.0
2024-02-09 10:55:00,5022.5,5022.75,5021.75,5022.0,426.0
2024-02-09 11:00:00,5021.75,5023.0,5021.0,5021.0,1146.0
2024-02-09 11:05:00,5021.0,5021.75,5020.5,5021.5,506.0
2024-02-09 11:10:00,5021.5,5022.25,5021.25,5022.0,422.0
2024-02-09 11:15:00,5021.75,5022.5,5021.5,5022.0,504.0
2024-02-09 11:20:00,5022.25,5022.5,5021.25,5022.0,443.0
2024-02-09 11:25:00,5022.0,5023.0,5021.5,5022.75,518.0
2024-02-09 11:30:00,5023.0,5024.0,5023.0,5023.75,621.0
2024-02-09 11:35:00,5023.5,5024.75,5023.5,5024.25,1361.0
2024-02-09 11:40:00,5024.25,5024.75,5023.5,5024.0,912.0
2024-02-09 11:45:00,5024.0,5024.0,5022.5,5022.75,804.0
2024-02-09 11:50:00,5022.5,5023.25,5022.0,5022.25,715.0
2024-02-09 11:55:00,5022.25,5024.0,5022.25,5023.75,805.0
2024-02-09 12:00:00,5023.75,5026.0,5023.25,5025.75,1996.0
2024-02-09 12:05:00,5025.75,5026.25,5024.25,5024.5,1192.0
2024-02-09 12:10:00,5024.5,5025.75,5024.5,5025.25,1060.0
2024-02-09 12:15:00,5025.25,5025.5,5024.5,5024.75,892.0
2024-02-09 12:20:00,5024.5,5026.75,5024.5,5026.25,1112.0
2024-02-09 12:25:00,5026.25,5026.5,5025.25,5025.25,963.0
2024-02-09 12:30:00,5025.25,5026.25,5025.0,5025.75,1041.0
2024-02-09 12:35:00,5026.0,5026.25,5025.5,5025.75,1017.0
2024-02-09 12:40:00,5025.75,5026.25,5025.0,5026.0,755.0
2024-02-09 12:45:00,5026.0,5026.75,5026.0,5026.25,988.0
2024-02-09 12:50:00,5026.25,5027.25,5025.5,5026.5,2201.0
2024-02-09 12:55:00,5026.25,5026.5,5025.25,5025.5,933.0
2024-02-09 13:00:00,5025.25,5026.0,5024.5,5025.75,1689.0
2024-02-09 13:05:00,5025.75,5026.5,5024.75,5025.25,1096.0
2024-02-09 13:10:00,5025.25,5026.0,5024.75,5025.25,1473.0
2024-02-09 13:15:00,5025.25,5026.0,5025.25,5025.75,1201.0
2024-02-09 13:20:00,5025.5,5026.5,5025.25,5025.25,1222.0
2024-02-09 13:25:00,5025.25,5025.75,5025.0,5025.5,1084.0
2024-02-09 13:30:00,5025.25,5043.0,5023.25,5038.75,30965.0
2024-02-09 13:35:00,5038.75,5040.0,5033.25,5035.5,17316.0
2024-02-09 13:40:00,5035.5,5036.75,5030.75,5033.25,8137.0
2024-02-09 13:45:00,5033.0,5036.0,5030.75,5033.25,8977.0
2024-02-09 13:50:00,5033.25,5034.25,5030.25,5031.25,4640.0
2024-02-09 13:55:00,5031.25,5032.25,5030.25,5031.0,4322.0
2024-02-09 14:00:00,5031.0,5031.25,5026.5,5028.0,7597.0
2024-02-09 14:05:00,5028.25,5028.75,5026.5,5027.5,4355.0
2024-02-09 14:10:00,5027.5,5030.75,5027.5,5029.75,5605.0
2024-02-09 14:15:00,5029.5,5030.0,5028.0,5028.25,3019.0
2024-02-09 14:20:00,5028.25,5028.5,5024.0,5024.25,6609.0
2024-02-09 14:25:00,5024.25,5024.5,5020.75,5021.0,8539.0
2024-02-09 14:30:00,5020.75,5022.0,5016.25,5021.75,41005.0
2024-02-09 14:35:00,5021.75,5024.0,5020.0,5021.25,24382.0
2024-02-09 14:40:00,5021.0,5023.75,5020.0,5023.5,16509.0
2024-02-09 14:45:00,5023.5,5024.5,5022.25,5022.75,13894.0
2024-02-09 14:50:00,5022.5,5023.0,5019.0,5020.75,14323.0
2024-02-09 14:55:00,5020.75,5025.25,5020.75,5025.0,17902.0
2024-02-09 15:00:00,5025.0,5028.75,5023.0,5026.25,24446.0
2024-02-09 15:05:00,5026.25,5027.75,5024.5,5027.5,11716.0
2024-02-09 15:10:00,5027.75,5028.5,5023.75,5027.25,15320.0
2024-02-09 15:15:00,5027.5,5029.75,5024.75,5027.75,15660.0
2024-02-09 15:20:00,5028.0,5028.0,5023.75,5025.5,14305.0
2024-02-09 15:25:00,5025.75,5027.75,5025.0,5027.5,10829.0
2024-02-09 15:30:00,5027.5,5029.5,5026.75,5029.0,11543.0
2024-02-09 15:35:00,5029.0,5031.5,5028.5,5029.25,17990.0
2024-02-09 15:40:00,5029.5,5031.25,5028.5,5030.5,10264.0
2024-02-09 15:45:00,5030.5,5031.75,5029.5,5030.5,8531.0
2024-02-09 15:50:00,5030.5,5032.0,5030.0,5031.0,7605.0
2024-02-09 15:55:00,5030.75,5031.25,5028.5,5030.25,8212.0
2024-02-09 16:00:00,5030.25,5033.0,5029.75,5032.5,10160.0
2024-02-09 16:05:00,5032.5,5033.75,5031.75,5033.25,8480.0
2024-02-09 16:10:00,5033.0,5034.0,5029.75,5033.0,12670.0
2024-02-09 16:15:00,5033.0,5033.5,5030.25,5030.5,8248.0
2024-02-09 16:20:00,5030.5,5032.5,5030.25,5031.0,7070.0
2024-02-09 16:25:00,5031.25,5031.25,5027.75,5028.5,10084.0
2024-02-09 16:30:00,5028.5,5030.0,5027.5,5028.0,8215.0
2024-02-09 16:35:00,5028.0,5028.25,5024.75,5026.25,14062.0
2024-02-09 16:40:00,5026.5,5029.5,5026.0,5029.0,8993.0
2024-02-09 16:45:00,5029.0,5030.75,5028.25,5030.0,6857.0
2024-02-09 16:50:00,5030.25,5030.75,5026.5,5026.5,8302.0
2024-02-09 16:55:00,5026.5,5029.25,5026.5,5028.75,5133.0
2024-02-09 17:00:00,5028.75,5029.0,5026.25,5027.75,6495.0
2024-02-09 17:05:00,5027.75,5028.25,5025.25,5027.75,6237.0
2024-02-09 17:10:00,5027.5,5029.5,5026.75,5028.25,5262.0
2024-02-09 17:15:00,5028.5,5029.5,5028.0,5029.25,4791.0
2024-02-09 17:20:00,5029.5,5029.75,5027.5,5029.5,3850.0
2024-02-09 17:25:00,5029.75,5032.0,5029.0,5031.75,7085.0
2024-02-09 17:30:00,5032.0,5034.5,5031.0,5032.75,17413.0
2024-02-09 17:35:00,5032.75,5033.5,5030.0,5031.25,9051.0
2024-02-09 17:40:00,5031.25,5034.0,5031.0,5033.5,6908.0
2024-02-09 17:45:00,5033.75,5035.5,5033.25,5033.75,9583.0
2024-02-09 17:50:00,5033.5,5035.75,5033.5,5035.75,7692.0
2024-02-09 17:55:00,5035.75,5036.5,5034.75,5035.75,7054.0
2024-02-09 18:00:00,5036.0,5037.25,5035.5,5036.5,7511.0
2024-02-09 18:05:00,5036.75,5037.0,5034.75,5036.25,6319.0
2024-02-09 18:10:00,5036.0,5037.75,5035.5,5036.0,6455.0
2024-02-09 18:15:00,5036.25,5036.75,5035.0,5036.25,5297.0
2024-02-09 18:20:00,5036.0,5038.0,5034.75,5037.5,10681.0
2024-02-09 18:25:00,5037.75,5040.25,5036.75,5039.0,10047.0
2024-02-09 18:30:00,5039.25,5040.5,5038.75,5040.0,8594.0
2024-02-09 18:35:00,5040.25,5041.25,5038.25,5039.0,7646.0
2024-02-09 18:40:00,5039.25,5039.75,5037.0,5037.5,8683.0
2024-02-09 18:45:00,5037.75,5039.0,5037.5,5037.5,4954.0
2024-02-09 18:50:00,5037.75,5039.0,5036.5,5037.5,6511.0
2024-02-09 18:55:00,5037.75,5039.75,5037.5,5039.0,5092.0
2024-02-09 19:00:00,5039.25,5040.5,5038.25,5039.75,7103.0
2024-02-09 19:05:00,5039.75,5040.5,5038.75,5039.0,5077.0
2024-02-09 19:10:00,5039.25,5041.0,5038.5,5040.5,5476.0
2024-02-09 19:15:00,5040.5,5041.75,5039.75,5041.0,7774.0
2024-02-09 19:20:00,5041.0,5043.0,5040.75,5041.0,7483.0
2024-02-09 19:25:00,5041.25,5043.25,5040.75,5042.75,6940.0
2024-02-09 19:30:00,5042.75,5043.75,5042.25,5043.5,7077.0
2024-02-09 19:35:00,5043.5,5044.0,5042.5,5043.25,6550.0
2024-02-09 19:40:00,5043.5,5047.5,5043.25,5046.5,12044.0
2024-02-09 19:45:00,5046.5,5048.5,5046.5,5047.0,9826.0
2024-02-09 19:50:00,5046.75,5047.0,5045.0,5046.0,8228.0
2024-02-09 19:55:00,5046.0,5046.5,5044.75,5044.75,6648.0
2024-02-09 20:00:00,5044.75,5045.25,5040.75,5041.25,15199.0
2024-02-09 20:05:00,5041.25,5042.25,5039.75,5041.5,10871.0
2024-02-09 20:10:00,5041.25,5043.75,5041.0,5042.25,15843.0
2024-02-09 20:15:00,5042.25,5045.25,5042.25,5044.75,7737.0
2024-02-09 20:20:00,5044.75,5044.75,5042.5,5043.25,5863.0
2024-02-09 20:25:00,5043.25,5044.0,5041.75,5042.5,6494.0
2024-02-09 20:30:00,5042.25,5043.25,5040.0,5041.5,8674.0
2024-02-09 20:35:00,5041.25,5042.5,5040.5,5041.75,6260.0
2024-02-09 20:40:00,5041.5,5042.25,5040.0,5040.0,9771.0
2024-02-09 20:45:00,5040.25,5041.0,5039.25,5040.5,13256.0
2024-02-09 20:50:00,5040.25,5043.5,5039.0,5042.25,24357.0
2024-02-09 20:55:00,5042.25,5045.75,5040.75,5043.25,35906.0
2024-02-09 21:00:00,5043.25,5045.5,5042.25,5043.0,57307.0
2024-02-09 21:05:00,5043.0,5043.0,5042.0,5042.0,8604.0
2024-02-09 21:10:00,5042.0,5043.5,5042.0,5042.75,4785.0
2024-02-09 21:15:00,5042.75,5043.5,5042.25,5043.0,2358.0
2024-02-09 21:20:00,5043.25,5043.25,5042.5,5042.75,1256.0
2024-02-09 21:25:00,5042.5,5043.0,5042.5,5042.5,612.0
2024-02-09 21:30:00,5042.5,5043.0,5042.25,5042.5,1046.0
2024-02-09 21:35:00,5042.5,5042.75,5042.5,5042.5,261.0
2024-02-09 21:40:00,5042.5,5042.75,5042.25,5042.5,1656.0
2024-02-09 21:45:00,5042.5,5043.25,5042.0,5042.75,591.0
2024-02-09 21:50:00,5042.75,5043.0,5041.75,5042.0,7352.0
2024-02-09 21:55:00,5042.0,5042.5,5041.75,5041.75,20432.0
2024-02-09 22:00:00,5041.75,5042.0,5041.5,5042.0,8789.0
2024-02-11 23:00:00,5042.5,5042.75,5038.75,5039.0,1707.0
2024-02-11 23:05:00,5039.0,5040.25,5039.0,5040.0,558.0
2024-02-11 23:10:00,5040.0,5040.5,5039.0,5039.25,566.0
2024-02-11 23:15:00,5039.5,5040.25,5039.25,5040.0,514.0
2024-02-11 23:20:00,5040.0,5041.0,5039.75,5040.5,735.0
2024-02-11 23:25:00,5040.75,5042.25,5040.75,5041.5,847.0
2024-02-11 23:30:00,5041.5,5043.25,5041.5,5043.25,901.0
2024-02-11 23:35:00,5043.25,5043.25,5042.5,5043.0,512.0
2024-02-11 23:40:00,5043.25,5043.75,5042.75,5042.75,542.0
2024-02-11 23:45:00,5043.0,5043.25,5042.5,5043.0,320.0
2024-02-11 23:50:00,5043.0,5043.0,5042.0,5042.5,275.0
2024-02-11 23:55:00,5042.5,5042.75,5042.25,5042.5,179.0
2024-02-12 00:00:00,5042.25,5043.25,5042.0,5043.25,195.0
2024-02-12 00:05:00,5043.5,5043.5,5042.5,5042.5,325.0
2024-02-12 00:10:00,5042.5,5042.75,5041.75,5042.0,301.0
2024-02-12 00:15:00,5041.75,5042.25,5041.5,5042.25,197.0
2024-02-12 00:20:00,5042.25,5042.5,5042.0,5042.25,334.0
2024-02-12 00:25:00,5042.5,5043.0,5042.5,5042.75,318.0
2024-02-12 00:30:00,5042.75,5043.75,5042.75,5043.5,512.0
2024-02-12 00:35:00,5043.5,5043.75,5043.25,5043.5,355.0
2024-02-12 00:40:00,5043.5,5043.75,5042.75,5043.25,226.0
2024-02-12 00:45:00,5043.0,5043.75,5043.0,5043.75,279.0
2024-02-12 00:50:00,5043.75,5044.5,5043.75,5044.25,327.0
2024-02-12 00:55:00,5044.0,5044.0,5043.5,5043.75,168.0
2024-02-12 01:00:00,5043.5,5043.75,5043.25,5043.75,161.0
2024-02-12 01:05:00,5043.75,5044.25,5043.25,5043.25,254.0
2024-02-12 01:10:00,5043.25,5044.0,5043.25,5043.5,292.0
2024-02-12 01:15:00,5043.75,5044.0,5043.25,5043.5,152.0
2024-02-12 01:20:00,5043.75,5044.75,5043.75,5044.0,345.0
2024-02-12 01:25:00,5044.25,5044.5,5044.0,5044.25,78.0
2024-02-12 01:30:00,5044.25,5044.5,5044.0,5044.25,118.0
2024-02-12 01:35:00,5044.5,5044.5,5044.0,5044.25,108.0
2024-02-12 01:40:00,5044.25,5044.5,5043.75,5044.0,85.0
2024-02-12 01:45:00,5044.0,5044.0,5043.5,5043.5,180.0
2024-02-12 01:50:00,5043.5,5043.75,5043.0,5043.0,249.0
2024-02-12 01:55:00,5043.0,5043.75,5043.0,5043.75,218.0
2024-02-12 02:00:00,5043.5,5043.75,5042.25,5042.5,561.0
2024-02-12 02:05:00,5042.5,5043.25,5042.25,5043.0,372.0
2024-02-12 02:10:00,5043.0,5043.25,5042.75,5043.0,179.0
2024-02-12 02:15:00,5042.75,5043.25,5042.75,5043.0,148.0
2024-02-12 02:20:00,5043.0,5043.0,5042.75,5042.75,86.0
2024-02-12 02:25:00,5043.0,5043.0,5042.25,5042.75,227.0
2024-02-12 02:30:00,5042.75,5043.0,5042.75,5043.0,154.0
2024-02-12 02:35:00,5043.0,5043.5,5042.75,5043.5,261.0
2024-02-12 02:40:00,5043.25,5043.5,5042.75,5043.25,67.0
2024-02-12 02:45:00,5043.25,5043.25,5043.0,5043.0,110.0
2024-02-12 02:50:00,5043.0,5043.25,5043.0,5043.25,55.0
2024-02-12 02:55:00,5043.0,5043.25,5042.75,5042.75,119.0
2024-02-12 03:00:00,5042.75,5043.5,5042.5,5043.25,217.0
2024-02-12 03:05:00,5043.5,5043.5,5043.25,5043.5,67.0
2024-02-12 03:10:00,5043.5,5043.5,5043.0,5043.25,57.0
2024-02-12 03:15:00,5043.25,5043.5,5043.25,5043.25,141.0
2024-02-12 03:20:00,5043.5,5043.5,5043.0,5043.25,156.0
2024-02-12 03:25:00,5043.0,5043.5,5043.0,5043.25,96.0
2024-02-12 03:30:00,5043.25,5043.25,5042.75,5042.75,91.0
2024-02-12 03:35:00,5042.75,5042.75,5042.25,5042.75,248.0
2024-02-12 03:40:00,5042.5,5043.0,5042.25,5042.75,137.0
2024-02-12 03:45:00,5042.5,5042.5,5042.25,5042.25,142.0
2024-02-12 03:50:00,5042.5,5042.5,5042.25,5042.5,119.0
2024-02-12 03:55:00,5042.5,5042.5,5042.25,5042.25,57.0
2024-02-12 04:00:00,5042.25,5043.0,5042.25,5042.75,247.0
2024-02-12 04:05:00,5042.75,5043.75,5042.75,5043.75,551.0
2024-02-12 04:10:00,5043.75,5044.0,5043.5,5043.75,247.0
2024-02-12 04:15:00,5043.75,5044.25,5043.5,5044.0,280.0
2024-02-12 04:20:00,5043.75,5044.25,5043.75,5044.0,317.0
2024-02-12 04:25:00,5044.25,5044.25,5043.5,5043.5,208.0
2024-02-12 04:30:00,5043.5,5043.5,5042.5,5042.75,264.0
2024-02-12 04:35:00,5042.75,5043.25,5042.5,5042.75,129.0
2024-02-12 04:40:00,5042.75,5042.75,5042.0,5042.25,161.0
2024-02-12 04:45:00,5042.0,5042.25,5041.5,5042.25,311.0
2024-02-12 04:50:00,5042.25,5042.25,5041.5,5041.5,128.0
2024-02-12 04:55:00,5041.75,5041.75,5041.0,5041.5,308.0
2024-02-12 05:00:00,5041.5,5042.0,5041.25,5041.75,173.0
2024-02-12 05:05:00,5041.75,5042.0,5041.5,5041.75,96.0
2024-02-12 05:10:00,5041.75,5041.75,5041.25,5041.75,122.0
2024-02-12 05:15:00,5041.5,5041.75,5041.5,5041.75,77.0
2024-02-12 05:20:00,5041.75,5042.0,5041.5,5041.5,191.0
2024-02-12 05:25:00,5041.5,5042.0,5041.5,5042.0,53.0
2024-02-12 05:30:00,5042.0,5042.0,5041.25,5041.5,247.0
2024-02-12 05:35:00,5041.75,5041.75,5041.25,5041.25,51.0
2024-02-12 05:40:00,5041.25,5041.75,5041.25,5041.75,87.0
2024-02-12 05:45:00,5041.75,5041.75,5041.0,5041.0,214.0
2024-02-12 05:50:00,5041.0,5041.25,5040.75,5041.25,132.0
2024-02-12 05:55:00,5041.0,5041.5,5041.0,5041.25,225.0
2024-02-12 06:00:00,5041.0,5041.25,5041.0,5041.25,102.0
2024-02-12 06:05:00,5041.25,5041.5,5041.0,5041.5,253.0
2024-02-12 06:10:00,5041.5,5041.5,5041.0,5041.25,109.0
2024-02-12 06:15:00,5041.25,5041.75,5041.0,5041.25,341.0
2024-02-12 06:20:00,5041.25,5041.5,5040.5,5040.5,193.0
2024-02-12 06:25:00,5040.75,5041.75,5040.75,5041.5,531.0
2024-02-12 06:30:00,5041.5,5041.5,5041.25,5041.5,58.0
2024-02-12 06:35:00,5041.25,5041.5,5041.0,5041.5,126.0
2024-02-12 06:40:00,5041.25,5042.25,5041.0,5042.25,391.0
2024-02-12 06:45:00,5042.25,5042.25,5041.75,5041.75,204.0
2024-02-12 06:50:00,5041.5,5042.0,5041.5,5042.0,250.0
2024-02-12 06:55:00,5041.75,5042.0,5041.25,5041.25,177.0
2024-02-12 07:00:00,5041.25,5041.75,5041.0,5041.5,572.0
2024-02-12 07:05:00,5041.75,5042.5,5041.75,5042.5,392.0
2024-02-12 07:10:00,5042.5,5043.0,5042.25,5042.75,425.0
2024-02-12 07:15:00,5042.75,5042.75,5042.0,5042.25,639.0
2024-02-12 07:20:00,5042.25,5044.0,5042.25,5043.75,551.0
2024-02-12 07:25:00,5044.0,5045.0,5043.0,5044.25,1091.0
2024-02-12 07:30:00,5044.0,5044.25,5043.0,5043.0,528.0
2024-02-12 07:35:00,5043.0,5043.0,5042.5,5042.75,276.0
2024-02-12 07:40:00,5042.75,5043.0,5042.25,5042.75,397.0
2024-02-12 07:45:00,5042.5,5043.5,5042.5,5043.5,454.0
2024-02-12 07:50:00,5043.5,5043.75,5043.0,5043.75,450.0
2024-02-12 07:55:00,5043.75,5044.0,5043.25,5043.75,489.0
2024-02-12 08:00:00,5043.5,5043.75,5042.0,5043.0,1152.0
2024-02-12 08:05:00,5043.0,5043.75,5042.75,5043.25,712.0
2024-02-12 08:10:00,5043.25,5043.5,5042.25,5042.5,839.0
2024-02-12 08:15:00,5042.5,5043.25,5041.75,5042.75,764.0
2024-02-12 08:20:00,5043.0,5043.25,5042.0,5042.0,696.0
2024-02-12 08:25:00,5042.25,5044.0,5042.25,5043.75,645.0
2024-02-12 08:30:00,5043.75,5044.5,5043.5,5044.25,741.0
2024-02-12 08:35:00,5044.25,5044.5,5042.0,5042.0,701.0
2024-02-12 08:40:00,5042.0,5043.5,5042.0,5042.75,854.0
2024-02-12 08:45:00,5042.5,5043.25,5042.0,5042.0,531.0
2024-02-12 08:50:00,5042.0,5042.75,5041.5,5042.25,617.0
2024-02-12 08:55:00,5042.25,5042.25,5041.25,5041.25,571.0
2024-02-12 09:00:00,5041.25,5042.0,5040.75,5042.0,872.0
2024-02-12 09:05:00,5041.75,5043.0,5041.5,5042.25,689.0
2024-02-12 09:10:00,5042.0,5043.75,5042.0,5043.25,947.0
2024-02-12 09:15:00,5043.0,5043.75,5042.25,5043.75,782.0
2024-02-12 09:20:00,5043.5,5044.0,5043.0,5043.5,723.0
2024-02-12 09:25:00,5043.5,5043.5,5042.5,5043.25,497.0
2024-02-12 09:30:00,5043.5,5043.75,5043.25,5043.75,661.0
2024-02-12 09:35:00,5044.0,5044.5,5043.5,5044.0,694.0
2024-02-12 09:40:00,5043.75,5044.5,5043.5,5044.0,539.0
2024-02-12 09:45:00,5044.0,5044.75,5043.75,5044.25,790.0
2024-02-12 09:50:00,5044.25,5044.5,5043.0,5043.75,720.0
2024-02-12 09:55:00,5043.5,5043.5,5042.75,5043.5,1012.0
2024-02-12 10:00:00,5043.5,5044.5,5043.25,5044.0,1006.0
2024-02-12 10:05:00,5044.0,5044.25,5042.5,5043.25,1150.0
2024-02-12 10:10:00,5043.25,5045.0,5043.25,5045.0,603.0
2024-02-12 10:15:00,5045.0,5045.5,5043.75,5044.0,1169.0
2024-02-12 10:20:00,5043.75,5043.75,5043.25,5043.75,414.0
2024-02-12 10:25:00,5043.5,5044.0,5043.0,5043.75,727.0
2024-02-12 10:30:00,5043.75,5044.5,5043.75,5043.75,427.0
2024-02-12 10:35:00,5044.0,5044.25,5043.5,5044.0,250.0
2024-02-12 10:40:00,5044.25,5044.5,5044.0,5044.25,472.0
2024-02-12 10:45:00,5044.25,5044.5,5043.75,5044.25,443.0
2024-02-12 10:50:00,5044.0,5044.25,5043.5,5044.25,341.0
2024-02-12 10:55:00,5044.25,5044.5,5043.75,5044.25,309.0
2024-02-12 11:00:00,5044.25,5044.5,5043.75,5044.25,430.0
2024-02-12 11:05:00,5044.25,5044.5,5043.5,5044.25,434.0
2024-02-12 11:10:00,5044.0,5044.5,5043.25,5044.5,236.0
2024-02-12 11:15:00,5044.25,5046.25,5044.25,5046.0,1179.0
2024-02-12 11:20:00,5046.0,5046.25,5045.5,5045.5,914.0
2024-02-12 11:25:00,5045.5,5045.75,5044.5,5044.75,657.0
2024-02-12 11:30:00,5044.5,5045.5,5044.5,5045.0,460.0
2024-02-12 11:35:00,5045.0,5045.25,5043.75,5044.0,778.0
2024-02-12 11:40:00,5043.75,5044.75,5043.5,5044.5,663.0
2024-02-12 11:45:00,5044.75,5045.0,5044.0,5044.25,261.0
2024-02-12 11:50:00,5044.25,5044.75,5044.0,5044.75,372.0
2024-02-12 11:55:00,5044.75,5044.75,5044.5,5044.5,245.0
2024-02-12 12:00:00,5044.5,5045.75,5043.5,5043.5,939.0
2024-02-12 12:05:00,5043.75,5044.75,5043.25,5044.25,699.0
2024-02-12 12:10:00,5044.25,5044.5,5044.0,5044.0,639.0
2024-02-12 12:15:00,5044.0,5044.5,5044.0,5044.0,491.0
2024-02-12 12:20:00,5043.75,5044.25,5043.25,5043.25,613.0
2024-02-12 12:25:00,5043.5,5044.25,5043.25,5043.75,480.0
2024-02-12 12:30:00,5043.5,5043.75,5042.75,5043.0,845.0
2024-02-12 12:35:00,5043.25,5043.75,5043.25,5043.5,487.0
2024-02-12 12:40:00,5043.5,5044.0,5043.0,5044.0,651.0
2024-02-12 12:45:00,5044.0,5044.0,5043.5,5043.75,415.0
2024-02-12 12:50:00,5043.5,5044.0,5043.25,5043.25,657.0
2024-02-12 12:55:00,5043.5,5044.0,5043.0,5044.0,585.0
2024-02-12 13:00:00,5043.75,5044.5,5043.25,5043.5,804.0
2024-02-12 13:05:00,5043.5,5045.0,5043.5,5044.75,939.0
2024-02-12 13:10:00,5044.75,5045.5,5044.5,5045.25,884.0
2024-02-12 13:15:00,5045.25,5045.5,5043.75,5043.75,1039.0
2024-02-12 13:20:00,5043.75,5044.25,5043.25,5043.5,1292.0
2024-02-12 13:25:00,5043.75,5044.25,5043.25,5043.5,974.0
2024-02-12 13:30:00,5043.5,5043.5,5041.5,5042.25,1805.0
2024-02-12 13:35:00,5042.5,5042.75,5041.75,5042.25,1029.0
2024-02-12 13:40:00,5042.25,5043.0,5041.75,5042.0,1517.0
2024-02-12 13:45:00,5042.0,5042.25,5041.5,5042.0,1011.0
2024-02-12 13:50:00,5041.75,5042.5,5041.25,5042.0,1239.0
2024-02-12 13:55:00,5042.0,5043.0,5041.5,5042.0,1949.0
2024-02-12 14:00:00,5042.0,5042.5,5041.25,5042.0,1741.0
2024-02-12 14:05:00,5042.25,5042.75,5041.75,5041.75,1526.0
2024-02-12 14:10:00,5041.75,5042.0,5040.75,5041.0,1855.0
2024-02-12 14:15:00,5041.25,5041.25,5039.5,5040.5,2625.0
2024-02-12 14:20:00,5040.25,5041.75,5040.0,5041.25,1872.0
2024-02-12 14:25:00,5041.0,5042.5,5041.0,5042.25,2325.0
2024-02-12 14:30:00,5042.5,5045.75,5042.0,5044.25,24466.0
2024-02-12 14:35:00,5044.5,5045.75,5043.5,5045.0,13391.0
2024-02-12 14:40:00,5045.0,5045.25,5043.5,5044.25,11923.0
2024-02-12 14:45:00,5044.25,5045.25,5042.75,5043.5,13716.0
2024-02-12 14:50:00,5043.5,5045.5,5043.0,5045.0,9505.0
2024-02-12 14:55:00,5045.0,5045.75,5044.5,5045.0,7511.0
2024-02-12 15:00:00,5045.25,5045.75,5043.25,5044.5,10123.0
2024-02-12 15:05:00,5044.5,5044.75,5042.0,5042.5,15303.0
2024-02-12 15:10:00,5042.5,5044.25,5042.0,5042.75,8297.0
2024-02-12 15:15:00,5042.75,5043.5,5041.25,5043.25,8644.0
2024-02-12 15:20:00,5043.25,5044.0,5042.25,5043.25,6165.0
2024-02-12 15:25:00,5043.25,5045.25,5043.25,5044.75,9026.0
2024-02-12 15:30:00,5045.0,5047.0,5044.25,5046.5,10001.0
2024-02-12 15:35:00,5046.5,5047.0,5045.0,5046.25,6548.0
2024-02-12 15:40:00,5046.25,5047.75,5045.75,5047.25,6620.0
2024-02-12 15:45:00,5047.25,5049.75,5047.25,5048.5,10337.0
2024-02-12 15:50:00,5048.5,5051.5,5048.25,5051.25,11503.0
2024-02-12 15:55:00,5051.25,5052.5,5051.0,5052.0,9352.0
2024-02-12 16:00:00,5051.75,5052.75,5049.75,5051.0,9378.0
2024-02-12 16:05:00,5051.0,5054.25,5050.75,5053.25,7858.0
2024-02-12 16:10:00,5053.5,5054.5,5051.75,5053.0,9106.0
2024-02-12 16:15:00,5053.25,5056.25,5052.5,5055.75,9514.0
2024-02-12 16:20:00,5055.75,5058.75,5054.75,5058.25,11777.0
2024-02-12 16:25:00,5058.5,5060.75,5058.0,5060.25,12909.0
2024-02-12 16:30:00,5060.5,5066.5,5060.0,5065.5,22250.0
2024-02-12 16:35:00,5065.75,5066.0,5063.25,5065.5,16120.0
2024-02-12 16:40:00,5065.5,5065.5,5063.5,5064.0,12216.0
2024-02-12 16:45:00,5064.0,5065.75,5061.25,5061.25,11010.0
2024-02-12 16:50:00,5061.5,5064.25,5061.0,5063.75,9253.0
2024-02-12 16:55:00,5064.0,5065.25,5063.25,5063.75,7456.0
2024-02-12 17:00:00,5063.75,5064.75,5061.25,5063.5,10222.0
2024-02-12 17:05:00,5063.5,5066.0,5063.25,5064.5,9575.0
2024-02-12 17:10:00,5064.75,5066.0,5063.5,5065.25,6351.0
2024-02-12 17:15:00,5065.0,5065.0,5062.5,5064.25,7107.0
2024-02-12 17:20:00,5064.25,5064.5,5058.5,5059.25,11394.0
2024-02-12 17:25:00,5059.25,5060.75,5058.25,5060.0,11052.0
2024-02-12 17:30:00,5060.0,5061.75,5059.5,5060.25,10345.0
2024-02-12 17:35:00,5060.0,5061.5,5059.0,5060.0,6153.0
2024-02-12 17:40:00,5059.75,5060.25,5059.0,5059.75,5093.0
2024-02-12 17:45:00,5060.0,5061.5,5057.75,5061.25,9344.0
2024-02-12 17:50:00,5061.5,5062.5,5060.5,5061.0,10005.0
2024-02-12 17:55:00,5061.0,5063.0,5061.0,5063.0,6290.0
2024-02-12 18:00:00,5062.75,5064.25,5062.25,5063.75,6186.0
2024-02-12 18:05:00,5063.5,5064.5,5062.5,5062.5,5276.0
2024-02-12 18:10:00,5062.5,5065.25,5062.0,5065.0,5707.0
2024-02-12 18:15:00,5064.75,5065.5,5064.25,5065.5,4677.0
2024-02-12 18:20:00,5065.5,5065.75,5060.5,5060.75,8619.0
2024-02-12 18:25:00,5060.75,5061.75,5056.25,5057.0,14724.0
2024-02-12 18:30:00,5057.25,5058.0,5055.0,5057.0,14515.0
2024-02-12 18:35:00,5056.75,5057.0,5051.5,5052.5,18341.0
2024-02-12 18:40:00,5052.5,5052.75,5048.25,5049.25,21957.0
2024-02-12 18:45:00,5049.0,5052.0,5048.0,5049.25,16471.0
2024-02-12 18:50:00,5049.0,5052.5,5049.0,5051.25,9058.0
2024-02-12 18:55:00,5051.25,5053.5,5051.0,5053.0,8388.0
2024-02-12 19:00:00,5053.0,5053.25,5050.25,5051.25,10160.0
2024-02-12 19:05:00,5051.0,5053.0,5049.0,5051.25,9241.0
2024-02-12 19:10:00,5051.0,5052.5,5050.25,5050.75,5524.0
2024-02-12 19:15:00,5050.75,5051.0,5038.75,5039.25,27084.0
2024-02-12 19:20:00,5039.5,5042.75,5033.25,5041.75,34697.0
2024-02-12 19:25:00,5042.0,5043.0,5039.0,5041.5,14214.0
2024-02-12 19:30:00,5041.25,5043.25,5040.0,5041.5,12143.0
2024-02-12 19:35:00,5041.5,5042.75,5039.0,5041.0,10324.0
2024-02-12 19:40:00,5040.75,5044.25,5040.25,5042.5,10855.0
2024-02-12 19:45:00,5042.25,5042.75,5038.5,5040.25,12355.0
2024-02-12 19:50:00,5040.25,5041.5,5035.5,5038.0,14253.0
2024-02-12 19:55:00,5037.75,5038.5,5035.5,5035.75,8972.0
2024-02-12 20:00:00,5035.75,5040.0,5035.5,5039.0,13428.0
2024-02-12 20:05:00,5039.0,5041.0,5037.25,5040.0,9070.0
2024-02-12 20:10:00,5039.75,5041.75,5039.75,5041.25,5872.0
2024-02-12 20:15:00,5041.25,5042.5,5039.5,5041.25,7856.0
2024-02-12 20:20:00,5041.25,5042.5,5041.0,5041.5,5715.0
2024-02-12 20:25:00,5041.5,5042.25,5039.5,5041.5,7301.0
2024-02-12 20:30:00,5041.5,5041.75,5039.0,5041.0,7723.0
2024-02-12 20:35:00,5041.0,5042.5,5040.5,5041.75,7662.0
2024-02-12 20:40:00,5042.0,5042.5,5039.25,5041.5,11418.0
2024-02-12 20:45:00,5041.75,5043.25,5040.5,5040.75,10591.0
2024-02-12 20:50:00,5041.0,5043.75,5040.25,5043.0,18921.0
2024-02-12 20:55:00,5043.0,5043.5,5036.75,5039.0,35693.0
2024-02-12 21:00:00,5039.0,5042.5,5038.75,5039.25,73906.0
2024-02-12 21:05:00,5039.25,5039.75,5035.5,5035.75,9405.0
2024-02-12 21:10:00,5035.5,5036.5,5032.5,5033.75,7843.0
2024-02-12 21:15:00,5033.75,5035.0,5033.25,5033.25,3338.0
2024-02-12 21:20:00,5033.5,5033.5,5031.5,5031.75,2067.0
2024-02-12 21:25:00,5031.75,5033.5,5031.5,5033.5,1193.0
2024-02-12 21:30:00,5033.5,5034.0,5033.25,5033.5,1321.0
2024-02-12 21:35:00,5033.5,5033.75,5033.0,5033.5,517.0
2024-02-12 21:40:00,5033.5,5034.0,5033.0,5033.75,527.0
2024-02-12 21:45:00,5033.75,5034.0,5033.25,5033.75,736.0
2024-02-12 21:50:00,5033.5,5034.0,5033.25,5034.0,728.0
2024-02-12 21:55:00,5034.0,5035.5,5033.75,5035.25,1012.0
2024-02-12 22:00:00,5035.25,5036.25,5035.0,5035.75,505.0
2024-02-12 23:00:00,5034.0,5035.5,5034.0,5035.0,867.0
2024-02-12 23:05:00,5035.0,5035.25,5034.25,5034.75,317.0
2024-02-12 23:10:00,5034.75,5034.75,5032.25,5032.5,578.0
2024-02-12 23:15:00,5032.5,5033.25,5031.5,5032.25,775.0
2024-02-12 23:20:00,5032.5,5035.75,5032.25,5035.5,958.0
2024-02-12 23:25:00,5035.5,5035.75,5034.75,5035.5,328.0
2024-02-12 23:30:00,5035.25,5035.75,5034.75,5035.5,397.0
2024-02-12 23:35:00,5035.25,5035.25,5034.5,5035.0,367.0
2024-02-12 23:40:00,5035.0,5036.25,5034.75,5035.75,515.0
2024-02-12 23:45:00,5035.75,5036.75,5035.75,5036.25,521.0
2024-02-12 23:50:00,5036.25,5037.0,5036.0,5036.0,472.0
2024-02-12 23:55:00,5036.25,5036.5,5035.0,5035.25,327.0
2024-02-13 00:00:00,5035.25,5035.75,5034.0,5034.0,856.0
2024-02-13 00:05:00,5034.25,5034.5,5032.25,5032.5,576.0
2024-02-13 00:10:00,5032.75,5033.75,5032.5,5033.5,487.0
2024-02-13 00:15:00,5033.25,5033.5,5032.0,5032.5,584.0
2024-02-13 00:20:00,5032.25,5032.75,5031.5,5031.75,782.0
2024-02-13 00:25:00,5031.75,5033.25,5031.5,5032.75,371.0
2024-02-13 00:30:00,5033.0,5034.0,5032.75,5033.0,414.0
2024-02-13 00:35:00,5033.0,5033.25,5032.5,5032.5,244.0
2024-02-13 00:40:00,5032.5,5033.75,5032.5,5033.5,381.0
2024-02-13 00:45:00,5033.25,5033.25,5031.75,5032.25,296.0
2024-02-13 00:50:00,5032.0,5033.0,5032.0,5032.75,241.0
2024-02-13 00:55:00,5032.75,5033.5,5032.5,5033.0,484.0
2024-02-13 01:00:00,5033.25,5033.25,5032.25,5033.0,547.0
2024-02-13 01:05:00,5032.75,5033.75,5032.75,5032.75,290.0
2024-02-13 01:10:00,5032.75,5033.5,5032.5,5033.5,152.0
2024-02-13 01:15:00,5033.5,5033.5,5032.75,5033.0,261.0
2024-02-13 01:20:00,5033.0,5033.0,5032.25,5032.75,330.0
2024-02-13 01:25:00,5032.75,5032.75,5032.0,5032.75,245.0
2024-02-13 01:30:00,5032.75,5033.0,5032.5,5033.0,120.0
2024-02-13 01:35:00,5032.75,5033.25,5032.75,5033.0,89.0
2024-02-13 01:40:00,5033.0,5033.5,5032.75,5033.0,343.0
2024-02-13 01:45:00,5033.25,5033.5,5033.0,5033.5,258.0
2024-02-13 01:50:00,5033.5,5033.5,5033.0,5033.5,206.0
2024-02-13 01:55:00,5033.25,5033.5,5032.75,5033.25,309.0
2024-02-13 02:00:00,5033.25,5033.25,5032.75,5032.75,240.0
2024-02-13 02:05:00,5032.75,5033.0,5032.25,5033.0,318.0
2024-02-13 02:10:00,5032.75,5033.0,5032.75,5032.75,127.0
2024-02-13 02:15:00,5033.0,5033.5,5033.0,5033.25,196.0
2024-02-13 02:20:00,5033.5,5033.75,5033.25,5033.25,169.0
2024-02-13 02:25:00,5033.5,5033.75,5033.5,5033.75,166.0
2024-02-13 02:30:00,5033.75,5034.5,5033.75,5034.25,321.0
2024-02-13 02:35:00,5034.25,5034.75,5034.25,5034.5,179.0
2024-02-13 02:40:00,5034.5,5034.75,5034.25,5034.75,251.0
2024-02-13 02:45:00,5034.5,5035.0,5034.5,5035.0,307.0
2024-02-13 02:50:00,5035.0,5035.25,5034.25,5034.5,244.0
2024-02-13 02:55:00,5034.25,5034.75,5034.25,5034.75,198.0
2024-02-13 03:00:00,5034.75,5035.0,5034.5,5034.75,157.0
2024-02-13 03:05:00,5034.5,5034.75,5033.75,5034.0,258.0
2024-02-13 03:10:00,5033.75,5034.25,5033.75,5034.25,241.0
2024-02-13 03:15:00,5034.0,5034.25,5034.0,5034.25,68.0
2024-02-13 03:20:00,5034.0,5034.25,5033.75,5034.0,142.0
2024-02-13 03:25:00,5034.0,5034.75,5034.0,5034.25,254.0
2024-02-13 03:30:00,5034.25,5034.25,5032.75,5032.75,323.0
2024-02-13 03:35:00,5032.75,5033.25,5032.75,5033.0,139.0
2024-02-13 03:40:00,5032.75,5033.5,5032.75,5033.5,206.0
2024-02-13 03:45:00,5033.25,5033.5,5033.0,5033.0,203.0
2024-02-13 03:50:00,5033.0,5033.25,5032.5,5032.5,157.0
2024-02-13 03:55:00,5032.75,5032.75,5032.5,5032.5,126.0
2024-02-13 04:00:00,5032.5,5033.0,5032.5,5032.5,173.0
2024-02-13 04:05:00,5032.5,5033.0,5032.5,5032.75,206.0
2024-02-13 04:10:00,5032.5,5032.5,5032.25,5032.5,71.0
2024-02-13 04:15:00,5032.75,5032.75,5032.5,5032.5,107.0
2024-02-13 04:20:00,5032.5,5033.0,5032.5,5033.0,141.0
2024-02-13 04:25:00,5033.0,5033.5,5032.5,5033.25,420.0
2024-02-13 04:30:00,5033.5,5033.5,5032.75,5032.75,234.0
2024-02-13 04:35:00,5032.75,5033.0,5032.25,5033.0,285.0
2024-02-13 04:40:00,5032.75,5033.0,5032.0,5033.0,323.0
2024-02-13 04:45:00,5033.0,5033.25,5032.75,5033.0,220.0
2024-02-13 04:50:00,5032.75,5033.0,5032.25,5032.5,128.0
2024-02-13 04:55:00,5032.5,5033.0,5032.5,5033.0,113.0
2024-02-13 05:00:00,5032.75,5033.0,5032.5,5032.5,104.0
2024-02-13 05:05:00,5032.75,5033.25,5032.5,5033.25,237.0
2024-02-13 05:10:00,5033.25,5033.25,5032.75,5033.0,153.0
2024-02-13 05:15:00,5033.0,5033.75,5032.75,5033.5,317.0
2024-02-13 05:20:00,5033.5,5034.25,5033.25,5034.25,266.0
2024-02-13 05:25:00,5034.25,5034.5,5034.25,5034.5,168.0
2024-02-13 05:30:00,5034.75,5035.0,5034.25,5034.5,208.0
2024-02-13 05:35:00,5034.5,5034.75,5034.0,5034.5,248.0
2024-02-13 05:40:00,5034.5,5034.5,5034.0,5034.0,107.0
2024-02-13 05:45:00,5034.0,5034.25,5033.75,5034.0,226.0
2024-02-13 05:50:00,5034.0,5034.75,5033.75,5034.5,195.0
2024-02-13 05:55:00,5034.5,5034.75,5034.0,5034.5,170.0
2024-02-13 06:00:00,5034.5,5035.75,5033.75,5035.75,826.0
2024-02-13 06:05:00,5035.75,5035.75,5035.0,5035.75,377.0
2024-02-13 06:10:00,5035.75,5036.75,5035.5,5036.5,662.0
2024-02-13 06:15:00,5036.5,5038.5,5036.5,5038.0,1174.0
2024-02-13 06:20:00,5037.75,5038.25,5037.5,5037.75,367.0
2024-02-13 06:25:00,5037.75,5038.5,5037.75,5038.0,285.0
2024-02-13 06:30:00,5038.25,5038.75,5037.75,5037.75,368.0
2024-02-13 06:35:00,5037.75,5037.75,5036.75,5037.5,448.0
2024-02-13 06:40:00,5037.25,5039.0,5037.25,5039.0,279.0
2024-02-13 06:45:00,5039.0,5039.0,5037.75,5038.0,462.0
2024-02-13 06:50:00,5038.25,5039.25,5038.0,5038.25,610.0
2024-02-13 06:55:00,5038.25,5038.5,5038.0,5038.5,329.0
2024-02-13 07:00:00,5038.5,5038.5,5036.5,5037.0,1174.0
2024-02-13 07:05:00,5037.0,5038.0,5036.5,5036.75,416.0
2024-02-13 07:10:00,5037.0,5037.5,5036.75,5036.75,279.0
2024-02-13 07:15:00,5037.0,5037.25,5036.5,5036.75,262.0
2024-02-13 07:20:00,5036.5,5037.25,5036.25,5037.25,369.0
2024-02-13 07:25:00,5037.0,5037.75,5036.5,5037.75,661.0
2024-02-13 07:30:00,5037.5,5038.75,5036.75,5037.0,1181.0
2024-02-13 07:35:00,5037.0,5038.5,5036.75,5038.25,451.0
2024-02-13 07:40:00,5038.25,5038.25,5036.25,5037.0,581.0
2024-02-13 07:45:00,5037.0,5037.5,5036.75,5037.25,376.0
2024-02-13 07:50:00,5037.5,5038.0,5037.0,5037.25,359.0
2024-02-13 07:55:00,5037.0,5038.0,5037.0,5037.5,721.0
2024-02-13 08:00:00,5037.75,5040.0,5037.0,5038.0,2186.0
2024-02-13 08:05:00,5037.75,5039.25,5037.0,5038.75,1498.0
2024-02-13 08:10:00,5038.75,5038.75,5036.25,5036.75,1190.0
2024-02-13 08:15:00,5036.75,5036.75,5035.75,5036.25,1047.0
2024-02-13 08:20:00,5036.5,5036.75,5034.75,5035.75,1412.0
2024-02-13 08:25:00,5035.75,5036.75,5034.0,5034.5,1719.0
2024-02-13 08:30:00,5034.5,5034.5,5032.25,5033.0,1511.0
2024-02-13 08:35:00,5032.75,5034.0,5031.75,5032.0,1906.0
2024-02-13 08:40:00,5031.75,5032.25,5030.5,5030.5,1454.0
2024-02-13 08:45:00,5030.5,5030.5,5024.0,5027.5,5199.0
2024-02-13 08:50:00,5027.5,5028.25,5026.0,5028.0,2112.0
2024-02-13 08:55:00,5028.0,5028.0,5025.25,5025.75,1614.0
2024-02-13 09:00:00,5025.5,5028.0,5023.75,5027.25,3218.0
2024-02-13 09:05:00,5027.0,5027.25,5025.5,5026.0,1698.0
2024-02-13 09:10:00,5025.75,5026.0,5025.0,5025.25,953.0
2024-02-13 09:15:00,5025.25,5026.75,5023.75,5026.5,1794.0
2024-02-13 09:20:00,5026.5,5027.75,5026.0,5027.5,1025.0
2024-02-13 09:25:00,5027.5,5028.25,5026.75,5027.0,1360.0
2024-02-13 09:30:00,5026.75,5026.75,5024.5,5025.0,1412.0
2024-02-13 09:35:00,5025.0,5025.5,5024.0,5024.5,1272.0
2024-02-13 09:40:00,5024.5,5025.0,5023.25,5025.0,2175.0
2024-02-13 09:45:00,5024.75,5025.0,5022.5,5023.25,1785.0
2024-02-13 09:50:00,5023.5,5024.75,5022.75,5024.5,1369.0
2024-02-13 09:55:00,5024.75,5025.0,5023.75,5024.75,1192.0
2024-02-13 10:00:00,5024.75,5025.75,5024.25,5025.25,1593.0
2024-02-13 10:05:00,5025.25,5025.5,5023.25,5024.25,1949.0
2024-02-13 10:10:00,5024.25,5025.0,5024.0,5024.0,1309.0
2024-02-13 10:15:00,5024.0,5024.25,5022.5,5023.75,1263.0
2024-02-13 10:20:00,5023.75,5023.75,5022.0,5022.0,1022.0
2024-02-13 10:25:00,5022.25,5023.0,5020.75,5022.75,1688.0
2024-02-13 10:30:00,5023.0,5024.75,5022.25,5024.0,1345.0
2024-02-13 10:35:00,5024.0,5025.25,5024.0,5024.25,781.0
2024-02-13 10:40:00,5024.25,5024.5,5022.5,5023.0,1299.0
2024-02-13 10:45:00,5022.75,5022.75,5020.5,5021.0,2135.0
2024-02-13 10:50:00,5020.75,5021.25,5019.5,5021.0,1645.0
2024-02-13 10:55:00,5021.0,5021.75,5019.75,5021.5,1236.0
2024-02-13 11:00:00,5021.5,5023.5,5021.5,5023.25,1383.0
2024-02-13 11:05:00,5023.25,5023.5,5022.25,5023.5,1005.0
2024-02-13 11:10:00,5023.5,5023.5,5021.5,5022.5,1044.0
2024-02-13 11:15:00,5022.5,5023.75,5022.0,5023.5,901.0
2024-02-13 11:20:00,5023.75,5025.0,5022.5,5022.5,2074.0
2024-02-13 11:25:00,5022.5,5024.0,5022.0,5023.75,736.0
2024-02-13 11:30:00,5023.5,5023.75,5022.25,5022.75,665.0
2024-02-13 11:35:00,5022.5,5022.75,5022.0,5022.5,753.0
2024-02-13 11:40:00,5022.75,5023.0,5022.25,5022.75,508.0
2024-02-13 11:45:00,5022.75,5022.75,5021.0,5021.75,1305.0
2024-02-13 11:50:00,5022.0,5022.5,5021.0,5022.0,777.0
2024-02-13 11:55:00,5022.25,5022.25,5020.25,5020.75,1607.0
2024-02-13 12:00:00,5020.75,5021.75,5017.0,5018.0,4742.0
2024-02-13 12:05:00,5018.0,5019.5,5017.25,5018.75,1829.0
2024-02-13 12:10:00,5018.75,5020.75,5018.25,5020.0,1954.0
2024-02-13 12:15:00,5020.0,5020.5,5018.5,5020.25,1524.0
2024-02-13 12:20:00,5020.25,5021.25,5020.0,5020.25,1289.0
2024-02-13 12:25:00,5020.25,5020.75,5019.0,5020.0,1539.0
2024-02-13 12:30:00,5020.0,5021.0,5018.25,5020.5,1702.0
2024-02-13 12:35:00,5020.5,5021.25,5019.75,5020.5,2011.0
2024-02-13 12:40:00,5020.5,5021.25,5019.5,5020.75,1659.0
2024-02-13 12:45:00,5020.75,5021.25,5019.75,5021.0,2020.0
2024-02-13 12:50:00,5021.0,5021.0,5018.75,5020.25,1828.0
2024-02-13 12:55:00,5020.25,5023.0,5020.25,5021.5,2599.0
2024-02-13 13:00:00,5021.5,5021.75,5020.25,5020.75,2753.0
2024-02-13 13:05:00,5021.0,5023.0,5020.5,5022.75,2742.0
2024-02-13 13:10:00,5022.75,5024.75,5022.75,5023.75,3076.0
2024-02-13 13:15:00,5024.0,5024.5,5022.25,5023.25,2784.0
2024-02-13 13:20:00,5023.25,5025.25,5022.75,5024.75,2184.0
2024-02-13 13:25:00,5024.75,5025.75,5023.25,5024.25,3185.0
2024-02-13 13:30:00,5023.75,5028.0,4981.0,4989.25,45684.0
2024-02-13 13:35:00,4989.0,4990.5,4982.75,4986.5,27256.0
2024-02-13 13:40:00,4986.25,4990.5,4980.0,4980.25,20089.0
2024-02-13 13:45:00,4980.25,4985.25,4978.25,4980.25,15124.0
2024-02-13 13:50:00,4980.0,4981.5,4976.75,4977.5,16630.0
2024-02-13 13:55:00,4977.5,4979.5,4975.0,4976.75,12922.0
2024-02-13 14:00:00,4976.75,4978.25,4972.0,4973.25,13014.0
2024-02-13 14:05:00,4973.0,4973.75,4969.5,4970.75,15411.0
2024-02-13 14:10:00,4970.75,4971.25,4967.5,4968.25,14214.0
2024-02-13 14:15:00,4968.25,4977.5,4968.25,4977.5,13047.0
2024-02-13 14:20:00,4977.25,4977.5,4971.25,4971.75,9741.0
2024-02-13 14:25:00,4971.75,4976.0,4971.5,4973.25,8951.0
2024-02-13 14:30:00,4973.25,4977.75,4969.25,4976.25,58136.0
2024-02-13 14:35:00,4976.5,4982.0,4976.25,4979.25,42910.0
2024-02-13 14:40:00,4979.25,4979.25,4971.75,4976.0,35823.0
2024-02-13 14:45:00,4976.0,4976.25,4971.5,4972.5,30932.0
2024-02-13 14:50:00,4972.5,4973.75,4966.0,4970.0,33780.0
2024-02-13 14:55:00,4970.0,4973.0,4967.5,4969.5,28867.0
2024-02-13 15:00:00,4969.5,4969.5,4966.25,4967.25,24865.0
2024-02-13 15:05:00,4967.0,4967.75,4964.25,4965.0,27324.0
2024-02-13 15:10:00,4965.0,4968.25,4964.0,4966.0,23001.0
2024-02-13 15:15:00,4966.0,4966.5,4961.75,4965.75,28043.0
2024-02-13 15:20:00,4965.5,4971.75,4964.75,4970.75,26964.0
2024-02-13 15:25:00,4970.5,4977.5,4970.5,4975.25,27422.0
2024-02-13 15:30:00,4975.5,4980.75,4975.25,4977.5,30174.0
2024-02-13 15:35:00,4977.5,4979.5,4976.5,4978.5,18152.0
2024-02-13 15:40:00,4978.5,4982.25,4977.75,4981.5,23146.0
2024-02-13 15:45:00,4981.5,4982.0,4978.75,4980.75,20195.0
2024-02-13 15:50:00,4980.75,4982.75,4977.5,4981.0,23022.0
2024-02-13 15:55:00,4981.0,4982.25,4975.0,4976.5,18896.0
2024-02-13 16:00:00,4976.5,4979.75,4974.75,4979.25,15717.0
2024-02-13 16:05:00,4979.5,4983.75,4979.25,4982.75,17961.0
2024-02-13 16:10:00,4983.0,4985.0,4982.0,4982.75,13619.0
2024-02-13 16:15:00,4983.0,4984.25,4980.5,4980.75,11357.0
2024-02-13 16:20:00,4980.75,4985.75,4979.75,4985.0,12735.0
2024-02-13 16:25:00,4985.25,4987.0,4984.0,4984.25,11294.0
2024-02-13 16:30:00,4984.5,4986.75,4981.75,4984.0,16374.0
2024-02-13 16:35:00,4984.25,4987.75,4983.25,4986.25,12650.0
2024-02-13 16:40:00,4986.25,4988.25,4984.75,4987.5,13501.0
2024-02-13 16:45:00,4987.25,4988.0,4985.75,4987.25,7805.0
2024-02-13 16:50:00,4987.25,4987.5,4981.5,4981.75,14648.0
2024-02-13 16:55:00,4981.5,4982.5,4979.5,4980.5,17564.0
2024-02-13 17:00:00,4980.5,4982.0,4979.0,4979.5,13163.0
2024-02-13 17:05:00,4979.5,4980.5,4976.25,4978.25,11895.0
2024-02-13 17:10:00,4978.25,4978.25,4975.25,4976.5,10461.0
2024-02-13 17:15:00,4976.75,4981.0,4976.25,4978.5,10333.0
2024-02-13 17:20:00,4978.25,4980.0,4978.0,4978.5,7437.0
2024-02-13 17:25:00,4978.5,4978.75,4973.75,4974.5,11894.0
2024-02-13 17:30:00,4974.5,4981.75,4974.0,4981.0,12830.0
2024-02-13 17:35:00,4980.75,4982.5,4979.25,4981.25,8472.0
2024-02-13 17:40:00,4981.25,4983.0,4980.75,4983.0,6845.0
2024-02-13 17:45:00,4982.75,4983.0,4977.75,4978.75,8944.0
2024-02-13 17:50:00,4978.5,4979.75,4975.25,4975.75,10087.0
2024-02-13 17:55:00,4975.5,4975.75,4971.25,4972.25,15995.0
2024-02-13 18:00:00,4972.0,4973.5,4970.25,4972.25,13555.0
2024-02-13 18:05:00,4972.0,4972.75,4970.25,4971.25,10618.0
2024-02-13 18:10:00,4971.25,4972.0,4970.0,4970.5,9873.0
2024-02-13 18:15:00,4970.5,4974.5,4970.5,4973.25,10162.0
2024-02-13 18:20:00,4973.0,4973.0,4970.0,4971.75,7255.0
2024-02-13 18:25:00,4971.75,4973.5,4970.25,4972.0,5550.0
2024-02-13 18:30:00,4972.0,4973.0,4969.75,4970.5,8453.0
2024-02-13 18:35:00,4970.5,4971.0,4968.0,4968.5,11873.0
2024-02-13 18:40:00,4968.5,4970.5,4966.5,4967.25,11337.0
2024-02-13 18:45:00,4967.25,4969.0,4966.25,4966.75,9328.0
2024-02-13 18:50:00,4966.5,4967.0,4963.25,4965.0,16031.0
2024-02-13 18:55:00,4964.75,4965.25,4963.25,4964.0,9046.0
2024-02-13 19:00:00,4964.25,4965.5,4960.5,4960.5,12488.0
2024-02-13 19:05:00,4960.5,4960.5,4954.75,4955.5,22993.0
2024-02-13 19:10:00,4955.25,4957.0,4949.5,4952.0,20461.0
2024-02-13 19:15:00,4952.0,4953.5,4947.75,4952.0,27222.0
2024-02-13 19:20:00,4952.0,4953.25,4949.75,4950.75,17418.0
2024-02-13 19:25:00,4950.75,4952.25,4947.25,4951.75,16393.0
2024-02-13 19:30:00,4951.5,4954.0,4950.0,4953.0,15474.0
2024-02-13 19:35:00,4953.25,4958.25,4953.0,4955.75,19566.0
2024-02-13 19:40:00,4955.5,4959.0,4955.25,4955.5,11230.0
2024-02-13 19:45:00,4955.5,4956.25,4947.0,4947.5,23909.0
2024-02-13 19:50:00,4947.5,4948.5,4940.75,4942.0,23027.0
2024-02-13 19:55:00,4941.75,4944.5,4940.25,4943.25,21909.0
2024-02-13 20:00:00,4943.25,4944.75,4939.5,4941.0,20479.0
2024-02-13 20:05:00,4940.75,4942.75,4939.0,4941.75,20244.0
2024-02-13 20:10:00,4941.5,4943.25,4940.0,4941.5,11426.0
2024-02-13 20:15:00,4941.5,4941.75,4938.25,4938.75,13803.0
2024-02-13 20:20:00,4938.75,4940.25,4936.5,4939.0,20895.0
2024-02-13 20:25:00,4939.0,4942.5,4936.5,4942.0,20655.0
2024-02-13 20:30:00,4941.75,4944.5,4941.25,4943.5,20537.0
2024-02-13 20:35:00,4943.25,4949.5,4943.0,4947.75,21185.0
2024-02-13 20:40:00,4947.5,4956.25,4947.0,4955.25,26129.0
2024-02-13 20:45:00,4955.25,4959.75,4954.0,4959.0,31247.0
2024-02-13 20:50:00,4959.0,4960.25,4955.5,4959.5,37834.0
2024-02-13 20:55:00,4959.25,4971.5,4958.25,4970.75,90324.0
2024-02-13 21:00:00,4970.75,4973.0,4968.5,4969.75,96308.0
2024-02-13 21:05:00,4969.75,4971.5,4968.75,4969.0,9999.0
2024-02-13 21:10:00,4969.0,4971.75,4968.25,4970.25,9282.0
2024-02-13 21:15:00,4970.25,4972.0,4969.5,4971.5,4768.0
2024-02-13 21:20:00,4971.5,4972.25,4970.75,4971.0,2375.0
2024-02-13 21:25:00,4971.25,4971.75,4970.25,4970.75,1434.0
2024-02-13 21:30:00,4970.75,4971.25,4970.25,4971.0,1290.0
2024-02-13 21:35:00,4971.0,4972.0,4970.5,4972.0,1411.0
2024-02-13 21:40:00,4971.75,4974.25,4971.5,4973.75,2561.0
2024-02-13 21:45:00,4973.5,4973.75,4972.5,4973.0,1228.0
2024-02-13 21:50:00,4973.0,4974.0,4972.5,4973.0,1645.0
2024-02-13 21:55:00,4973.0,4973.75,4973.0,4973.5,1526.0
2024-02-13 22:00:00,4973.75,4974.0,4973.25,4973.25,501.0
2024-02-13 22:25:00,4973.25,4973.25,4973.25,4973.25,2.0
2024-02-13 23:00:00,4974.25,4975.25,4970.25,4972.0,2460.0
2024-02-13 23:05:00,4971.75,4973.0,4970.75,4972.5,1418.0
2024-02-13 23:10:00,4972.5,4973.0,4971.5,4971.5,944.0
2024-02-13 23:15:00,4971.75,4972.25,4970.75,4971.0,844.0
2024-02-13 23:20:00,4971.0,4971.75,4970.75,4971.5,574.0
2024-02-13 23:25:00,4971.25,4972.0,4970.75,4971.5,695.0
2024-02-13 23:30:00,4971.75,4972.5,4971.5,4972.25,891.0
2024-02-13 23:35:00,4972.25,4973.75,4972.0,4973.5,711.0
2024-02-13 23:40:00,4973.25,4973.5,4972.5,4973.0,660.0
2024-02-13 23:45:00,4973.0,4973.25,4972.5,4972.5,505.0
2024-02-13 23:50:00,4972.5,4972.5,4971.25,4972.5,835.0
2024-02-13 23:55:00,4972.25,4972.75,4972.0,4972.75,537.0
2024-02-14 00:00:00,4972.75,4973.0,4971.5,4971.75,1158.0
2024-02-14 00:05:00,4972.0,4972.5,4971.25,4971.5,785.0
2024-02-14 00:10:00,4971.25,4971.75,4971.0,4971.5,404.0
2024-02-14 00:15:00,4971.5,4972.0,4971.0,4971.0,695.0
2024-02-14 00:20:00,4971.25,4971.25,4970.75,4971.0,923.0
2024-02-14 00:25:00,4970.75,4970.75,4969.0,4969.75,1693.0
2024-02-14 00:30:00,4969.75,4971.0,4969.75,4970.25,795.0
2024-02-14 00:35:00,4970.5,4970.5,4969.5,4969.75,498.0
2024-02-14 00:40:00,4970.0,4970.25,4969.25,4970.0,371.0
2024-02-14 00:45:00,4970.25,4971.75,4970.25,4971.75,551.0
2024-02-14 00:50:00,4971.75,4973.25,4971.5,4972.5,708.0
2024-02-14 00:55:00,4972.5,4972.5,4971.5,4972.0,737.0
2024-02-14 01:00:00,4972.0,4972.5,4971.5,4972.25,732.0
2024-02-14 01:05:00,4972.25,4972.5,4971.75,4972.0,449.0
2024-02-14 01:10:00,4971.75,4972.75,4971.25,4972.25,661.0
2024-02-14 01:15:00,4972.25,4972.25,4970.0,4970.5,1092.0
2024-02-14 01:20:00,4970.5,4970.75,4968.75,4969.25,1066.0
2024-02-14 01:25:00,4969.25,4971.0,4969.25,4970.75,1034.0
2024-02-14 01:30:00,4970.5,4971.5,4970.0,4970.5,790.0
2024-02-14 01:35:00,4970.5,4970.75,4969.5,4969.5,646.0
2024-02-14 01:40:00,4969.5,4971.25,4968.75,4971.0,806.0
2024-02-14 01:45:00,4971.25,4971.5,4969.5,4970.5,746.0
2024-02-14 01:50:00,4970.5,4972.25,4970.5,4972.0,758.0
2024-02-14 01:55:00,4972.0,4972.0,4971.0,4971.25,625.0
2024-02-14 02:00:00,4971.5,4972.25,4971.25,4972.0,541.0
2024-02-14 02:05:00,4972.0,4973.5,4971.75,4972.75,875.0
2024-02-14 02:10:00,4972.5,4973.25,4972.25,4972.5,544.0
2024-02-14 02:15:00,4972.25,4973.25,4972.0,4973.25,775.0
2024-02-14 02:20:00,4973.5,4973.5,4972.75,4973.0,651.0
2024-02-14 02:25:00,4973.0,4973.0,4972.25,4972.5,689.0
2024-02-14 02:30:00,4972.5,4972.75,4970.75,4970.75,643.0
2024-02-14 02:35:00,4971.0,4971.0,4970.0,4970.75,792.0
2024-02-14 02:40:00,4970.75,4971.0,4969.5,4969.75,649.0
2024-02-14 02:45:00,4969.75,4970.75,4969.5,4970.5,302.0
2024-02-14 02:50:00,4970.5,4971.0,4970.25,4970.75,498.0
2024-02-14 02:55:00,4970.5,4970.75,4970.25,4970.5,224.0
2024-02-14 03:00:00,4970.5,4971.0,4970.0,4970.5,698.0
2024-02-14 03:05:00,4970.75,4971.0,4970.0,4970.75,325.0
2024-02-14 03:10:00,4970.75,4971.0,4970.0,4970.25,285.0
2024-02-14 03:15:00,4970.5,4970.5,4969.75,4970.0,509.0
2024-02-14 03:20:00,4970.0,4971.0,4969.75,4970.5,319.0
2024-02-14 03:25:00,4970.75,4971.25,4970.5,4970.75,354.0
2024-02-14 03:30:00,4970.75,4971.25,4969.5,4969.75,998.0
2024-02-14 03:35:00,4970.0,4970.25,4969.25,4970.0,423.0
2024-02-14 03:40:00,4970.0,4970.25,4969.75,4970.0,435.0
2024-02-14 03:45:00,4970.25,4970.75,4970.0,4970.25,295.0
2024-02-14 03:50:00,4970.5,4971.0,4969.75,4970.0,284.0
2024-02-14 03:55:00,4970.25,4970.5,4969.5,4970.0,241.0
2024-02-14 04:00:00,4970.0,4970.25,4969.75,4970.0,273.0
2024-02-14 04:05:00,4970.0,4970.5,4970.0,4970.0,417.0
2024-02-14 04:10:00,4970.25,4970.5,4970.0,4970.0,356.0
2024-02-14 04:15:00,4970.0,4970.25,4969.75,4970.25,400.0
2024-02-14 04:20:00,4970.25,4970.25,4969.5,4970.0,331.0
2024-02-14 04:25:00,4970.0,4970.25,4969.5,4970.0,481.0
2024-02-14 04:30:00,4969.75,4970.0,4969.25,4969.75,285.0
2024-02-14 04:35:00,4969.75,4969.75,4969.25,4969.5,391.0
2024-02-14 04:40:00,4969.5,4970.5,4969.5,4970.25,375.0
2024-02-14 04:45:00,4970.0,4970.5,4969.75,4970.25,264.0
2024-02-14 04:50:00,4970.25,4970.5,4970.0,4970.25,272.0
2024-02-14 04:55:00,4970.5,4972.0,4970.25,4971.75,553.0
2024-02-14 05:00:00,4971.5,4972.25,4971.0,4971.5,566.0
2024-02-14 05:05:00,4971.75,4972.25,4971.5,4972.0,885.0
2024-02-14 05:10:00,4972.25,4972.25,4971.25,4971.5,352.0
2024-02-14 05:15:00,4971.5,4972.75,4971.5,4972.25,337.0
2024-02-14 05:20:00,4972.25,4972.5,4972.0,4972.25,131.0
2024-02-14 05:25:00,4972.5,4972.75,4972.0,4972.0,176.0
2024-02-14 05:30:00,4972.25,4973.5,4972.25,4973.0,576.0
2024-02-14 05:35:00,4973.0,4974.0,4972.75,4973.75,605.0
2024-02-14 05:40:00,4973.75,4974.0,4972.75,4973.0,391.0
2024-02-14 05:45:00,4973.0,4973.25,4972.5,4972.75,370.0
2024-02-14 05:50:00,4972.75,4973.25,4972.5,4972.75,402.0
2024-02-14 05:55:00,4972.5,4972.5,4972.0,4972.25,208.0
2024-02-14 06:00:00,4972.25,4972.75,4972.0,4972.75,581.0
2024-02-14 06:05:00,4972.75,4973.0,4972.25,4972.5,335.0
2024-02-14 06:10:00,4972.75,4974.5,4972.75,4973.5,879.0
2024-02-14 06:15:00,4973.75,4974.5,4973.75,4974.25,495.0
2024-02-14 06:20:00,4974.25,4975.0,4974.0,4974.75,487.0
2024-02-14 06:25:00,4974.75,4975.0,4974.0,4974.25,316.0
2024-02-14 06:30:00,4974.25,4974.75,4974.0,4974.0,580.0
2024-02-14 06:35:00,4974.25,4974.25,4973.75,4974.0,432.0
2024-02-14 06:40:00,4974.0,4975.25,4974.0,4975.0,539.0
2024-02-14 06:45:00,4975.0,4975.75,4974.75,4975.0,416.0
2024-02-14 06:50:00,4975.0,4975.25,4974.75,4975.0,356.0
2024-02-14 06:55:00,4975.0,4975.5,4974.75,4975.25,477.0
2024-02-14 07:00:00,4975.25,4976.5,4974.5,4975.75,2980.0
2024-02-14 07:05:00,4975.5,4976.75,4974.5,4976.5,915.0
2024-02-14 07:10:00,4976.25,4978.75,4976.25,4978.75,2019.0
2024-02-14 07:15:00,4978.75,4981.75,4978.75,4981.25,3746.0
2024-02-14 07:20:00,4981.0,4981.25,4980.5,4981.0,1203.0
2024-02-14 07:25:00,4981.0,4981.25,4979.75,4980.25,2184.0
2024-02-14 07:30:00,4980.25,4980.75,4978.5,4980.25,1913.0
2024-02-14 07:35:00,4980.25,4981.0,4980.0,4980.25,835.0
2024-02-14 07:40:00,4980.0,4980.5,4979.5,4980.0,758.0
2024-02-14 07:45:00,4979.75,4981.0,4979.75,4980.25,499.0
2024-02-14 07:50:00,4980.25,4981.25,4980.0,4981.0,758.0
2024-02-14 07:55:00,4981.0,4981.25,4980.25,4980.75,1121.0
2024-02-14 08:00:00,4980.75,4981.25,4979.75,4980.5,2222.0
2024-02-14 08:05:00,4980.5,4981.75,4980.25,4981.25,1631.0
2024-02-14 08:10:00,4981.25,4981.5,4979.5,4980.25,1358.0
2024-02-14 08:15:00,4980.25,4982.0,4980.25,4981.5,963.0
2024-02-14 08:20:00,4981.75,4983.0,4981.5,4983.0,1317.0
2024-02-14 08:25:00,4983.0,4986.75,4982.75,4986.25,2842.0
2024-02-14 08:30:00,4986.25,4986.5,4982.75,4983.0,2447.0
2024-02-14 08:35:00,4983.25,4984.0,4982.0,4982.5,1854.0
2024-02-14 08:40:00,4982.5,4984.0,4982.0,4984.0,2177.0
2024-02-14 08:45:00,4984.0,4984.75,4981.25,4981.5,1653.0
2024-02-14 08:50:00,4981.5,4981.75,4980.25,4980.25,2539.0
2024-02-14 08:55:00,4980.5,4984.0,4980.25,4983.25,1413.0
2024-02-14 09:00:00,4983.5,4984.75,4982.0,4984.5,2067.0
2024-02-14 09:05:00,4984.75,4986.0,4984.5,4985.5,1736.0
2024-02-14 09:10:00,4985.5,4987.0,4985.25,4986.5,1241.0
2024-02-14 09:15:00,4986.75,4988.5,4986.5,4988.25,2044.0
2024-02-14 09:20:00,4988.25,4988.75,4986.25,4986.5,1639.0
2024-02-14 09:25:00,4986.5,4988.25,4986.25,4988.0,1205.0
2024-02-14 09:30:00,4988.0,4988.5,4986.5,4987.25,1775.0
2024-02-14 09:35:00,4987.25,4989.5,4987.25,4988.75,1849.0
2024-02-14 09:40:00,4988.5,4989.5,4988.0,4988.75,1279.0
2024-02-14 09:45:00,4988.75,4991.5,4988.5,4991.25,1971.0
2024-02-14 09:50:00,4991.25,4993.25,4991.0,4993.25,2239.0
2024-02-14 09:55:00,4993.25,4994.75,4993.0,4994.0,2187.0
2024-02-14 10:00:00,4994.0,4994.5,4991.75,4992.0,2345.0
2024-02-14 10:05:00,4991.75,4992.25,4990.75,4991.0,1633.0
2024-02-14 10:10:00,4991.25,4992.5,4990.0,4990.25,1834.0
2024-02-14 10:15:00,4990.5,4991.75,4990.25,4991.25,1059.0
2024-02-14 10:20:00,4991.25,4991.5,4989.75,4989.75,1038.0
2024-02-14 10:25:00,4989.75,4990.75,4989.5,4990.5,1167.0
2024-02-14 10:30:00,4990.5,4990.5,4989.25,4989.25,884.0
2024-02-14 10:35:00,4989.5,4991.75,4989.25,4990.5,1020.0
2024-02-14 10:40:00,4990.5,4990.75,4989.5,4989.75,761.0
2024-02-14 10:45:00,4989.5,4990.5,4989.25,4990.25,871.0
2024-02-14 10:50:00,4990.25,4991.75,4990.0,4991.25,826.0
2024-02-14 10:55:00,4991.25,4993.0,4991.0,4992.5,1129.0
2024-02-14 11:00:00,4992.25,4992.5,4989.0,4989.25,1116.0
2024-02-14 11:05:00,4989.5,4990.25,4988.5,4989.0,887.0
2024-02-14 11:10:00,4989.25,4989.75,4988.5,4989.25,530.0
2024-02-14 11:15:00,4989.25,4989.5,4988.5,4988.75,684.0
2024-02-14 11:20:00,4988.5,4990.0,4988.5,4989.0,750.0
2024-02-14 11:25:00,4989.25,4989.5,4988.5,4989.5,364.0
2024-02-14 11:30:00,4989.5,4990.25,4988.25,4988.5,1178.0
2024-02-14 11:35:00,4988.5,4988.75,4985.75,4987.25,2359.0
2024-02-14 11:40:00,4987.0,4988.75,4986.5,4988.75,1604.0
2024-02-14 11:45:00,4988.5,4989.5,4988.25,4989.0,965.0
2024-02-14 11:50:00,4989.0,4992.0,4989.0,4991.0,1575.0
2024-02-14 11:55:00,4991.0,4994.75,4989.75,4993.75,2896.0
2024-02-14 12:00:00,4994.0,4996.5,4993.25,4995.5,3761.0
2024-02-14 12:05:00,4995.5,4997.0,4995.5,4996.75,2011.0
2024-02-14 12:10:00,4996.5,4998.25,4996.25,4996.25,3238.0
2024-02-14 12:15:00,4996.25,4996.25,4994.25,4995.25,1833.0
2024-02-14 12:20:00,4995.25,4996.0,4994.5,4995.5,1342.0
2024-02-14 12:25:00,4995.75,4996.75,4995.75,4995.75,1179.0
2024-02-14 12:30:00,4996.0,4996.0,4994.25,4995.5,2200.0
2024-02-14 12:35:00,4995.25,4995.5,4993.0,4993.25,1505.0
2024-02-14 12:40:00,4993.25,4995.0,4992.5,4994.25,1662.0
2024-02-14 12:45:00,4994.25,4995.25,4994.0,4995.0,1590.0
2024-02-14 12:50:00,4995.0,4995.25,4994.25,4994.25,800.0
2024-02-14 12:55:00,4994.25,4994.75,4993.0,4993.5,1497.0
2024-02-14 13:00:00,4993.25,4998.25,4992.75,4998.25,4615.0
2024-02-14 13:05:00,4998.0,4999.5,4997.5,4999.0,2700.0
2024-02-14 13:10:00,4999.0,5000.75,4999.0,5000.0,3367.0
2024-02-14 13:15:00,4999.75,5000.0,4995.75,4996.25,3025.0
2024-02-14 13:20:00,4996.5,4996.75,4994.25,4995.25,2983.0
2024-02-14 13:25:00,4995.5,4996.5,4991.75,4992.5,5903.0
2024-02-14 13:30:00,4992.75,4995.75,4992.25,4994.5,5462.0
2024-02-14 13:35:00,4994.75,4995.0,4992.25,4995.0,3074.0
2024-02-14 13:40:00,4994.75,4998.5,4994.75,4997.5,4239.0
2024-02-14 13:45:00,4997.75,4998.75,4995.0,4995.5,2990.0
2024-02-14 13:50:00,4995.5,4996.75,4991.75,4991.75,3764.0
2024-02-14 13:55:00,4992.0,4994.5,4991.25,4994.0,4620.0
2024-02-14 14:00:00,4994.0,4994.75,4991.25,4991.5,3779.0
2024-02-14 14:05:00,4991.75,4993.75,4991.5,4992.25,3114.0
2024-02-14 14:10:00,4992.5,4994.5,4992.5,4994.25,2839.0
2024-02-14 14:15:00,4994.25,4994.75,4992.0,4993.0,2769.0
2024-02-14 14:20:00,4992.75,4993.5,4991.5,4993.5,2281.0
2024-02-14 14:25:00,4993.5,4997.0,4993.25,4997.0,4195.0
2024-02-14 14:30:00,4996.75,5002.25,4994.5,4995.25,42867.0
2024-02-14 14:35:00,4995.25,4997.0,4988.25,4989.5,31817.0
2024-02-14 14:40:00,4989.5,4996.25,4986.75,4995.75,27800.0
2024-02-14 14:45:00,4995.75,4999.0,4994.5,4996.0,19271.0
2024-02-14 14:50:00,4996.0,4997.0,4991.0,4995.0,20614.0
2024-02-14 14:55:00,4995.0,4997.5,4994.25,4995.0,16623.0
2024-02-14 15:00:00,4995.25,5000.5,4994.25,4996.75,22758.0
2024-02-14 15:05:00,4996.75,4999.75,4996.0,4998.0,12602.0
2024-02-14 15:10:00,4998.0,4999.25,4994.75,4998.75,15081.0
2024-02-14 15:15:00,4999.0,5001.25,4995.75,5000.75,14040.0
2024-02-14 15:20:00,5001.0,5005.5,5000.75,5005.25,21530.0
2024-02-14 15:25:00,5005.25,5009.0,5005.0,5006.5,18171.0
2024-02-14 15:30:00,5006.75,5008.25,5004.5,5006.75,17252.0
2024-02-14 15:35:00,5006.75,5006.75,5001.75,5002.0,17019.0
2024-02-14 15:40:00,5002.25,5003.75,4996.75,4997.5,20602.0
2024-02-14 15:45:00,4997.75,5000.0,4996.75,4998.5,17396.0
2024-02-14 15:50:00,4998.5,5000.5,4992.75,4996.0,20423.0
2024-02-14 15:55:00,4996.0,4996.0,4989.5,4991.0,17869.0
2024-02-14 16:00:00,4991.0,4991.25,4980.5,4983.75,40696.0
2024-02-14 16:05:00,4984.0,4988.5,4982.75,4985.75,26859.0
2024-02-14 16:10:00,4985.5,4989.75,4985.25,4987.5,13930.0
2024-02-14 16:15:00,4987.5,4988.5,4982.25,4986.75,18431.0
2024-02-14 16:20:00,4987.0,4989.5,4983.25,4989.0,14820.0
2024-02-14 16:25:00,4989.0,4992.25,4989.0,4990.75,14829.0
2024-02-14 16:30:00,4990.75,4992.25,4990.0,4991.5,10776.0
2024-02-14 16:35:00,4991.5,4992.0,4990.0,4990.75,8118.0
2024-02-14 16:40:00,4991.0,4992.25,4983.0,4983.25,17045.0
2024-02-14 16:45:00,4983.5,4988.0,4983.25,4986.0,13550.0
2024-02-14 16:50:00,4985.75,4989.25,4985.0,4987.75,9593.0
2024-02-14 16:55:00,4987.75,4989.75,4982.25,4983.25,13225.0
2024-02-14 17:00:00,4983.0,4983.5,4975.5,4976.25,23775.0
2024-02-14 17:05:00,4976.5,4978.75,4972.75,4978.5,21235.0
2024-02-14 17:10:00,4978.25,4983.5,4977.75,4981.75,13268.0
2024-02-14 17:15:00,4981.75,4984.75,4981.25,4984.25,11515.0
2024-02-14 17:20:00,4984.0,4986.0,4982.0,4986.0,7363.0
2024-02-14 17:25:00,4985.75,4986.75,4984.5,4986.25,7672.0
2024-02-14 17:30:00,4986.0,4990.75,4986.0,4990.25,11681.0
2024-02-14 17:35:00,4990.25,4991.0,4987.25,4989.0,9502.0
2024-02-14 17:40:00,4989.25,4991.25,4987.25,4990.75,10567.0
2024-02-14 17:45:00,4991.0,4992.0,4989.5,4991.75,7358.0
2024-02-14 17:50:00,4991.75,4992.25,4990.0,4990.25,4824.0
2024-02-14 17:55:00,4990.25,4992.25,4989.75,4991.0,6813.0
2024-02-14 18:00:00,4991.0,4992.0,4989.25,4991.75,6771.0
2024-02-14 18:05:00,4991.75,4994.75,4991.5,4993.0,12960.0
2024-02-14 18:10:00,4993.0,4993.0,4983.0,4984.25,20086.0
2024-02-14 18:15:00,4984.5,4988.75,4984.0,4987.5,9016.0
2024-02-14 18:20:00,4987.75,4989.5,4984.75,4985.0,7451.0
2024-02-14 18:25:00,4984.75,4988.25,4984.75,4987.0,6196.0
2024-02-14 18:30:00,4987.25,4991.75,4987.0,4991.0,8344.0
2024-02-14 18:35:00,4991.0,4999.5,4991.0,4998.5,16451.0
2024-02-14 18:40:00,4998.5,5000.5,4996.25,4997.25,11999.0
2024-02-14 18:45:00,4997.5,4997.75,4994.5,4997.5,8220.0
2024-02-14 18:50:00,4997.25,4998.0,4996.25,4997.5,5220.0
2024-02-14 18:55:00,4997.75,4997.75,4990.5,4994.25,10560.0
2024-02-14 19:00:00,4994.5,4995.25,4992.0,4992.25,8815.0
2024-02-14 19:05:00,4992.5,4992.5,4981.25,4983.75,26925.0
2024-02-14 19:10:00,4983.75,4988.5,4982.5,4988.0,17504.0
2024-02-14 19:15:00,4988.25,4990.0,4986.5,4988.5,13638.0
2024-02-14 19:20:00,4988.5,4992.5,4986.5,4991.5,11114.0
2024-02-14 19:25:00,4991.25,4995.5,4991.0,4995.0,8823.0
2024-02-14 19:30:00,4995.0,4997.0,4993.25,4995.25,11641.0
2024-02-14 19:35:00,4995.0,5000.0,4995.0,4998.75,11568.0
2024-02-14 19:40:00,4998.75,4999.5,4996.0,4998.75,12168.0
2024-02-14 19:45:00,4998.75,4999.0,4995.0,4997.25,9205.0
2024-02-14 19:50:00,4997.25,4998.0,4995.0,4996.25,7375.0
2024-02-14 19:55:00,4996.25,4998.5,4993.5,4996.25,10518.0
2024-02-14 20:00:00,4996.25,5000.75,4995.0,4998.5,19239.0
2024-02-14 20:05:00,4998.75,5001.75,4997.75,5001.0,11575.0
2024-02-14 20:10:00,5001.0,5003.25,4999.25,5003.0,10909.0
2024-02-14 20:15:00,5003.25,5005.25,5000.25,5003.75,12509.0
2024-02-14 20:20:00,5003.75,5005.5,5003.0,5005.25,8645.0
2024-02-14 20:25:00,5005.25,5011.25,5004.5,5010.0,20994.0
2024-02-14 20:30:00,5010.0,5010.5,5004.75,5005.25,19117.0
2024-02-14 20:35:00,5005.0,5008.75,5003.75,5008.0,11222.0
2024-02-14 20:40:00,5008.25,5011.25,5008.25,5011.0,13457.0
2024-02-14 20:45:00,5011.0,5013.25,5009.0,5012.75,18178.0
2024-02-14 20:50:00,5012.5,5014.5,5010.75,5013.25,21488.0
2024-02-14 20:55:00,5013.25,5016.25,5011.75,5015.25,33244.0
2024-02-14 21:00:00,5015.0,5020.25,5013.0,5017.75,91164.0
2024-02-14 21:05:00,5017.75,5018.75,5015.75,5018.0,12005.0
2024-02-14 21:10:00,5018.0,5019.5,5017.0,5018.75,8588.0
2024-02-14 21:15:00,5018.75,5021.25,5018.25,5021.25,4918.0
2024-02-14 21:20:00,5021.25,5021.25,5019.75,5020.25,2441.0
2024-02-14 21:25:00,5020.25,5021.5,5020.25,5021.0,1256.0
2024-02-14 21:30:00,5021.0,5022.5,5020.75,5021.25,2441.0
2024-02-14 21:35:00,5021.25,5021.5,5020.5,5021.0,1727.0
2024-02-14 21:40:00,5021.0,5021.25,5019.75,5019.75,1022.0
2024-02-14 21:45:00,5020.0,5020.0,5018.75,5019.0,1627.0
2024-02-14 21:50:00,5018.75,5019.25,5018.5,5018.75,876.0
2024-02-14 21:55:00,5018.5,5019.0,5017.0,5017.75,3750.0
2024-02-14 22:00:00,5017.75,5018.0,5017.0,5017.5,884.0
2024-02-14 23:00:00,5017.5,5018.75,5016.5,5017.25,991.0
2024-02-14 23:05:00,5017.5,5018.25,5017.25,5018.0,418.0
2024-02-14 23:10:00,5018.25,5018.75,5018.0,5018.5,460.0
2024-02-14 23:15:00,5018.5,5018.75,5018.25,5018.5,232.0
2024-02-14 23:20:00,5018.5,5018.75,5017.75,5017.75,473.0
2024-02-14 23:25:00,5018.0,5018.5,5017.5,5018.25,340.0
2024-02-14 23:30:00,5018.25,5018.75,5018.0,5018.5,297.0
2024-02-14 23:35:00,5018.5,5018.75,5018.0,5018.5,465.0
2024-02-14 23:40:00,5018.5,5018.5,5018.0,5018.25,226.0
2024-02-14 23:45:00,5018.5,5018.5,5018.0,5018.25,273.0
2024-02-14 23:50:00,5018.25,5019.0,5018.25,5018.75,447.0
2024-02-14 23:55:00,5018.75,5019.0,5018.5,5018.5,82.0
2024-02-15 00:00:00,5018.5,5018.5,5017.25,5017.25,392.0
2024-02-15 00:05:00,5017.25,5017.75,5016.75,5017.0,469.0
2024-02-15 00:10:00,5017.0,5017.0,5016.5,5017.0,488.0
2024-02-15 00:15:00,5016.75,5017.0,5016.25,5016.5,386.0
2024-02-15 00:20:00,5016.5,5016.5,5015.75,5016.25,340.0
2024-02-15 00:25:00,5016.25,5016.25,5015.75,5016.0,311.0
2024-02-15 00:30:00,5015.75,5016.75,5015.5,5016.5,399.0
2024-02-15 00:35:00,5016.75,5017.0,5016.25,5016.75,332.0
2024-02-15 00:40:00,5016.75,5017.0,5016.5,5016.5,303.0
2024-02-15 00:45:00,5016.5,5016.75,5016.0,5016.25,322.0
2024-02-15 00:50:00,5016.25,5016.25,5015.5,5015.5,397.0
2024-02-15 00:55:00,5015.5,5015.75,5015.25,5015.25,291.0
2024-02-15 01:00:00,5015.5,5016.0,5014.25,5014.25,944.0
2024-02-15 01:05:00,5014.5,5014.75,5012.75,5013.5,1516.0
2024-02-15 01:10:00,5013.5,5013.75,5012.0,5012.25,1220.0
2024-02-15 01:15:00,5012.5,5013.0,5011.0,5011.25,1441.0
2024-02-15 01:20:00,5011.25,5012.75,5011.0,5012.25,587.0
2024-02-15 01:25:00,5012.5,5012.75,5012.0,5012.25,281.0
2024-02-15 01:30:00,5012.25,5013.5,5012.25,5013.25,497.0
2024-02-15 01:35:00,5013.0,5013.25,5011.75,5012.0,638.0
2024-02-15 01:40:00,5012.0,5012.25,5011.5,5012.25,451.0
2024-02-15 01:45:00,5012.25,5012.75,5012.0,5012.5,418.0
2024-02-15 01:50:00,5012.25,5012.75,5012.25,5012.5,232.0
2024-02-15 01:55:00,5012.25,5012.75,5012.25,5012.25,260.0
2024-02-15 02:00:00,5012.25,5012.5,5011.75,5012.0,410.0
2024-02-15 02:05:00,5012.0,5012.25,5011.75,5012.25,341.0
2024-02-15 02:10:00,5012.25,5012.5,5011.75,5012.0,355.0
2024-02-15 02:15:00,5011.75,5013.25,5011.75,5013.25,351.0
2024-02-15 02:20:00,5013.25,5013.5,5012.75,5013.0,426.0
2024-02-15 02:25:00,5013.0,5014.0,5012.75,5013.75,425.0
2024-02-15 02:30:00,5014.0,5014.25,5013.5,5014.25,424.0
2024-02-15 02:35:00,5014.0,5015.75,5014.0,5015.75,568.0
2024-02-15 02:40:00,5015.5,5016.0,5015.0,5015.0,458.0
2024-02-15 02:45:00,5015.25,5016.0,5015.25,5015.25,531.0
2024-02-15 02:50:00,5015.25,5016.25,5015.25,5016.0,302.0
2024-02-15 02:55:00,5016.0,5017.0,5016.0,5016.5,662.0
2024-02-15 03:00:00,5016.75,5017.5,5016.5,5017.25,464.0
2024-02-15 03:05:00,5017.25,5017.75,5016.5,5016.75,466.0
2024-02-15 03:10:00,5016.75,5017.25,5016.5,5016.75,244.0
2024-02-15 03:15:00,5016.75,5017.5,5016.75,5017.25,224.0
2024-02-15 03:20:00,5017.5,5018.5,5017.5,5018.0,504.0
2024-02-15 03:25:00,5017.75,5018.0,5017.0,5017.0,414.0
2024-02-15 03:30:00,5017.25,5018.0,5017.0,5018.0,336.0
2024-02-15 03:35:00,5018.0,5018.25,5017.25,5017.5,312.0
2024-02-15 03:40:00,5017.5,5017.75,5017.25,5017.5,207.0
2024-02-15 03:45:00,5017.25,5017.5,5017.0,5017.25,404.0
2024-02-15 03:50:00,5017.25,5017.75,5017.0,5017.5,261.0
2024-02-15 03:55:00,5017.5,5017.75,5017.0,5017.0,141.0
2024-02-15 04:00:00,5017.25,5017.25,5016.25,5016.5,417.0
2024-02-15 04:05:00,5016.5,5017.25,5016.25,5016.5,222.0
2024-02-15 04:10:00,5016.5,5017.25,5016.5,5016.75,239.0
2024-02-15 04:15:00,5016.75,5017.0,5016.5,5016.75,265.0
2024-02-15 04:20:00,5016.5,5017.5,5016.5,5017.25,261.0
2024-02-15 04:25:00,5017.0,5017.5,5017.0,5017.5,182.0
2024-02-15 04:30:00,5017.5,5018.0,5017.5,5017.75,324.0
2024-02-15 04:35:00,5017.5,5017.75,5016.75,5017.0,301.0
2024-02-15 04:40:00,5017.25,5017.25,5016.5,5017.0,216.0
2024-02-15 04:45:00,5016.75,5017.5,5016.75,5017.25,149.0
2024-02-15 04:50:00,5017.5,5017.5,5017.25,5017.5,110.0
2024-02-15 04:55:00,5017.75,5017.75,5017.25,5017.5,99.0
2024-02-15 05:00:00,5017.25,5018.25,5017.25,5018.0,356.0
2024-02-15 05:05:00,5018.0,5018.25,5017.5,5017.75,205.0
2024-02-15 05:10:00,5017.5,5017.5,5017.0,5017.0,175.0
2024-02-15 05:15:00,5017.0,5017.5,5016.75,5017.5,199.0
2024-02-15 05:20:00,5017.75,5018.25,5017.75,5018.25,214.0
2024-02-15 05:25:00,5018.25,5019.25,5018.25,5019.0,674.0
2024-02-15 05:30:00,5019.25,5019.25,5018.0,5018.25,520.0
2024-02-15 05:35:00,5018.25,5018.5,5018.0,5018.25,254.0
2024-02-15 05:40:00,5018.0,5018.25,5017.75,5018.25,158.0
2024-02-15 05:45:00,5018.5,5018.5,5017.5,5017.5,407.0
2024-02-15 05:50:00,5017.5,5018.0,5017.5,5018.0,101.0
2024-02-15 05:55:00,5018.0,5018.5,5017.5,5017.75,323.0
2024-02-15 06:00:00,5017.75,5018.25,5016.75,5017.0,624.0
2024-02-15 06:05:00,5016.75,5017.0,5016.25,5017.0,392.0
2024-02-15 06:10:00,5017.0,5017.75,5017.0,5017.5,325.0
2024-02-15 06:15:00,5017.75,5018.75,5017.5,5018.75,245.0
2024-02-15 06:20:00,5018.5,5019.0,5018.25,5018.5,241.0
2024-02-15 06:25:00,5018.5,5018.75,5018.5,5018.5,100.0
2024-02-15 06:30:00,5018.5,5019.0,5017.75,5019.0,293.0
2024-02-15 06:35:00,5019.0,5019.5,5018.75,5019.0,359.0
2024-02-15 06:40:00,5019.0,5021.75,5019.0,5021.5,954.0
2024-02-15 06:45:00,5021.25,5022.0,5020.25,5022.0,933.0
2024-02-15 06:50:00,5022.0,5023.5,5022.0,5022.75,1156.0
2024-02-15 06:55:00,5023.0,5023.5,5021.75,5023.5,1227.0
2024-02-15 07:00:00,5023.25,5023.25,5021.75,5023.0,912.0
2024-02-15 07:05:00,5022.75,5024.0,5022.75,5023.75,874.0
2024-02-15 07:10:00,5023.75,5025.75,5023.5,5024.75,1497.0
2024-02-15 07:15:00,5024.75,5025.75,5024.75,5025.5,546.0
2024-02-15 07:20:00,5025.5,5026.75,5025.0,5026.25,1328.0
2024-02-15 07:25:00,5026.25,5026.75,5026.0,5026.75,773.0
2024-02-15 07:30:00,5026.75,5027.25,5026.5,5026.5,757.0
2024-02-15 07:35:00,5026.5,5027.25,5026.25,5026.25,640.0
2024-02-15 07:40:00,5026.5,5026.5,5025.25,5025.75,768.0
2024-02-15 07:45:00,5025.75,5026.5,5025.5,5025.75,431.0
2024-02-15 07:50:00,5025.75,5026.25,5025.5,5026.0,403.0
2024-02-15 07:55:00,5026.0,5026.0,5024.75,5024.75,530.0
2024-02-15 08:00:00,5024.75,5025.75,5023.75,5025.75,1820.0
2024-02-15 08:05:00,5025.5,5026.5,5025.0,5026.25,1007.0
2024-02-15 08:10:00,5026.25,5027.0,5026.0,5027.0,1333.0
2024-02-15 08:15:00,5027.25,5029.0,5027.25,5027.25,1766.0
2024-02-15 08:20:00,5027.5,5027.75,5026.5,5027.5,1298.0
2024-02-15 08:25:00,5027.25,5029.25,5027.25,5028.75,1472.0
2024-02-15 08:30:00,5028.75,5029.5,5027.5,5027.75,2069.0
2024-02-15 08:35:00,5027.75,5028.25,5026.5,5027.5,1307.0
2024-02-15 08:40:00,5027.75,5028.0,5027.0,5027.25,799.0
2024-02-15 08:45:00,5027.25,5028.75,5027.25,5028.25,756.0
2024-02-15 08:50:00,5028.25,5029.0,5027.25,5027.75,1046.0
2024-02-15 08:55:00,5027.5,5029.25,5027.5,5029.0,713.0
2024-02-15 09:00:00,5029.0,5029.0,5027.0,5027.25,1033.0
2024-02-15 09:05:00,5027.25,5028.25,5025.5,5025.75,1217.0
2024-02-15 09:10:00,5025.75,5026.25,5023.75,5024.5,1172.0
2024-02-15 09:15:00,5024.25,5026.0,5024.0,5025.5,960.0
2024-02-15 09:20:00,5025.5,5027.25,5025.25,5027.0,785.0
2024-02-15 09:25:00,5027.0,5027.25,5025.0,5026.5,897.0
2024-02-15 09:30:00,5026.5,5026.5,5025.0,5025.25,733.0
2024-02-15 09:35:00,5025.25,5026.0,5024.75,5025.0,606.0
2024-02-15 09:40:00,5025.0,5025.75,5024.75,5025.75,477.0
2024-02-15 09:45:00,5025.5,5025.75,5023.75,5023.75,1116.0
2024-02-15 09:50:00,5024.0,5025.0,5023.5,5024.75,1030.0
2024-02-15 09:55:00,5024.75,5025.5,5024.5,5025.25,1040.0
2024-02-15 10:00:00,5025.25,5026.0,5024.75,5025.5,1091.0
2024-02-15 10:05:00,5025.25,5026.75,5025.25,5026.75,635.0
2024-02-15 10:10:00,5026.5,5026.75,5025.75,5026.25,860.0
2024-02-15 10:15:00,5026.25,5026.25,5024.0,5024.5,639.0
2024-02-15 10:20:00,5024.75,5024.75,5022.5,5022.5,878.0
2024-02-15 10:25:00,5022.75,5024.25,5022.75,5023.5,1105.0
2024-02-15 10:30:00,5023.5,5024.75,5023.0,5023.75,793.0
2024-02-15 10:35:00,5024.0,5024.5,5022.75,5023.5,811.0
2024-02-15 10:40:00,5023.5,5024.5,5023.0,5023.0,1093.0
2024-02-15 10:45:00,5023.0,5023.75,5022.5,5023.25,644.0
2024-02-15 10:50:00,5023.0,5023.25,5022.0,5022.5,579.0
2024-02-15 10:55:00,5022.5,5023.75,5022.25,5023.75,1006.0
2024-02-15 11:00:00,5023.75,5025.75,5023.5,5025.25,920.0
2024-02-15 11:05:00,5025.25,5026.25,5024.5,5024.75,1083.0
2024-02-15 11:10:00,5025.0,5025.5,5024.75,5025.0,516.0
2024-02-15 11:15:00,5025.0,5025.0,5023.25,5023.75,1058.0
2024-02-15 11:20:00,5023.75,5025.25,5023.75,5024.75,523.0
2024-02-15 11:25:00,5024.75,5024.75,5023.5,5023.75,660.0
2024-02-15 11:30:00,5023.75,5025.0,5023.75,5024.0,552.0
2024-02-15 11:35:00,5024.0,5024.25,5023.0,5023.75,1284.0
2024-02-15 11:40:00,5023.75,5024.25,5023.5,5023.75,529.0
2024-02-15 11:45:00,5024.0,5024.25,5023.5,5024.0,630.0
2024-02-15 11:50:00,5024.0,5024.25,5023.0,5023.5,600.0
2024-02-15 11:55:00,5023.5,5024.75,5023.5,5024.0,498.0
2024-02-15 12:00:00,5024.0,5024.75,5023.5,5024.0,1220.0
2024-02-15 12:05:00,5023.75,5025.0,5023.25,5024.75,1005.0
2024-02-15 12:10:00,5024.75,5026.25,5024.75,5026.25,677.0
2024-02-15 12:15:00,5026.0,5026.25,5024.5,5024.5,950.0
2024-02-15 12:20:00,5024.75,5024.75,5023.0,5023.75,1005.0
2024-02-15 12:25:00,5023.5,5025.25,5023.5,5025.0,909.0
2024-02-15 12:30:00,5025.25,5026.5,5025.25,5026.0,1050.0
2024-02-15 12:35:00,5026.25,5026.5,5025.25,5025.5,700.0
2024-02-15 12:40:00,5025.75,5026.5,5025.25,5026.5,673.0
2024-02-15 12:45:00,5026.5,5027.25,5026.25,5027.0,1078.0
2024-02-15 12:50:00,5027.0,5027.0,5025.0,5025.0,911.0
2024-02-15 12:55:00,5025.0,5026.0,5024.0,5025.25,1473.0
2024-02-15 13:00:00,5025.25,5026.0,5025.0,5025.0,1660.0
2024-02-15 13:05:00,5025.0,5025.75,5024.5,5025.5,1574.0
2024-02-15 13:10:00,5025.25,5026.0,5023.5,5023.75,2799.0
2024-02-15 13:15:00,5023.5,5024.5,5023.25,5024.0,1824.0
2024-02-15 13:20:00,5024.0,5024.25,5021.75,5022.25,2230.0
2024-02-15 13:25:00,5022.0,5023.0,5021.5,5023.0,3337.0
2024-02-15 13:30:00,5022.75,5031.75,5018.75,5030.25,16496.0
2024-02-15 13:35:00,5030.5,5030.5,5025.5,5029.25,9691.0
2024-02-15 13:40:00,5029.5,5030.0,5024.25,5025.5,5668.0
2024-02-15 13:45:00,5025.5,5028.5,5022.5,5022.75,5261.0
2024-02-15 13:50:00,5022.75,5023.0,5020.25,5020.5,7150.0
2024-02-15 13:55:00,5020.5,5024.0,5020.0,5022.75,6393.0
2024-02-15 14:00:00,5022.75,5023.5,5021.25,5022.25,4041.0
2024-02-15 14:05:00,5022.5,5023.0,5019.5,5022.0,4240.0
2024-02-15 14:10:00,5022.0,5022.25,5019.0,5019.5,4134.0
2024-02-15 14:15:00,5019.75,5021.5,5019.0,5019.5,4109.0
2024-02-15 14:20:00,5019.25,5022.5,5019.25,5021.75,3227.0
2024-02-15 14:25:00,5021.75,5022.25,5016.25,5018.0,7176.0
2024-02-15 14:30:00,5018.0,5025.0,5017.75,5024.75,30477.0
2024-02-15 14:35:00,5024.75,5027.0,5022.5,5026.0,25344.0
2024-02-15 14:40:00,5025.75,5026.75,5023.25,5025.5,20881.0
2024-02-15 14:45:00,5025.25,5028.25,5021.5,5026.5,23892.0
2024-02-15 14:50:00,5026.5,5030.0,5024.0,5025.25,21179.0
2024-02-15 14:55:00,5025.0,5025.25,5020.25,5022.0,18989.0
2024-02-15 15:00:00,5022.25,5026.0,5021.25,5021.75,18329.0
2024-02-15 15:05:00,5021.75,5026.5,5021.25,5025.0,15083.0
2024-02-15 15:10:00,5025.25,5029.0,5025.0,5026.75,14168.0
2024-02-15 15:15:00,5027.0,5031.75,5027.0,5029.25,13937.0
2024-02-15 15:20:00,5029.5,5030.25,5024.75,5029.5,19598.0
2024-02-15 15:25:00,5029.5,5032.0,5022.5,5023.5,18578.0
2024-02-15 15:30:00,5023.5,5025.0,5020.5,5021.0,17233.0
2024-02-15 15:35:00,5021.0,5023.5,5019.25,5021.25,17686.0
2024-02-15 15:40:00,5021.25,5025.0,5021.0,5022.75,11896.0
2024-02-15 15:45:00,5022.75,5024.5,5021.25,5023.0,9956.0
2024-02-15 15:50:00,5023.0,5025.0,5022.25,5024.5,8896.0
2024-02-15 15:55:00,5024.5,5026.0,5022.5,5025.0,12976.0
2024-02-15 16:00:00,5024.75,5025.75,5021.0,5022.0,12572.0
2024-02-15 16:05:00,5022.0,5022.0,5016.0,5016.75,18094.0
2024-02-15 16:10:00,5017.0,5020.25,5013.75,5019.75,19923.0
2024-02-15 16:15:00,5019.75,5021.0,5018.25,5019.25,10232.0
2024-02-15 16:20:00,5019.25,5021.5,5017.5,5019.5,15332.0
2024-02-15 16:25:00,5019.75,5022.0,5017.25,5021.0,9415.0
2024-02-15 16:30:00,5021.0,5022.25,5019.5,5022.0,10470.0
2024-02-15 16:35:00,5022.25,5023.0,5020.0,5022.25,8391.0
2024-02-15 16:40:00,5022.5,5027.5,5022.5,5027.0,12467.0
2024-02-15 16:45:00,5026.75,5027.75,5025.5,5026.0,7263.0
2024-02-15 16:50:00,5026.25,5026.5,5019.75,5023.0,13527.0
2024-02-15 16:55:00,5023.0,5024.0,5021.25,5022.75,7710.0
2024-02-15 17:00:00,5022.75,5025.75,5022.5,5024.5,11893.0
2024-02-15 17:05:00,5024.5,5025.5,5023.25,5024.5,5879.0
2024-02-15 17:10:00,5024.5,5028.0,5023.75,5028.0,7267.0
2024-02-15 17:15:00,5028.0,5029.25,5026.0,5029.0,7267.0
2024-02-15 17:20:00,5029.25,5030.5,5027.5,5028.75,8994.0
2024-02-15 17:25:00,5029.0,5030.75,5028.0,5030.25,6062.0
2024-02-15 17:30:00,5030.0,5031.25,5029.0,5029.25,8766.0
2024-02-15 17:35:00,5029.25,5031.0,5029.25,5030.75,7358.0
2024-02-15 17:40:00,5031.0,5031.0,5029.75,5030.75,6023.0
2024-02-15 17:45:00,5031.0,5032.0,5028.5,5029.25,8128.0
2024-02-15 17:50:00,5029.25,5031.0,5027.75,5030.75,8197.0
2024-02-15 17:55:00,5031.0,5031.5,5027.25,5027.75,10036.0
2024-02-15 18:00:00,5027.75,5028.0,5025.5,5026.0,10610.0
2024-02-15 18:05:00,5026.0,5034.5,5025.5,5033.75,13272.0
2024-02-15 18:10:00,5034.0,5038.0,5032.75,5035.75,16701.0
2024-02-15 18:15:00,5036.0,5038.25,5034.5,5038.0,11518.0
2024-02-15 18:20:00,5038.0,5040.75,5036.5,5038.75,17629.0
2024-02-15 18:25:00,5038.75,5040.25,5037.25,5039.75,6194.0
2024-02-15 18:30:00,5039.75,5043.25,5039.5,5041.5,12503.0
2024-02-15 18:35:00,5041.5,5041.5,5037.25,5039.5,9300.0
2024-02-15 18:40:00,5039.5,5041.25,5036.75,5037.25,9759.0
2024-02-15 18:45:00,5037.25,5038.5,5035.25,5037.5,11178.0
2024-02-15 18:50:00,5037.5,5039.5,5036.5,5038.75,8334.0
2024-02-15 18:55:00,5039.0,5040.25,5037.0,5039.75,9265.0
2024-02-15 19:00:00,5039.75,5041.75,5039.0,5041.0,10298.0
2024-02-15 19:05:00,5041.25,5044.25,5039.0,5043.25,10928.0
2024-02-15 19:10:00,5043.25,5043.5,5036.25,5037.25,12332.0
2024-02-15 19:15:00,5037.25,5042.5,5037.25,5039.75,10798.0
2024-02-15 19:20:00,5039.75,5042.5,5039.75,5042.0,11529.0
2024-02-15 19:25:00,5042.0,5042.5,5037.75,5040.25,10092.0
2024-02-15 19:30:00,5040.25,5043.0,5040.0,5041.75,7713.0
2024-02-15 19:35:00,5041.75,5044.0,5041.75,5043.75,4767.0
2024-02-15 19:40:00,5043.75,5043.75,5040.75,5043.25,7464.0
2024-02-15 19:45:00,5043.25,5045.5,5043.25,5045.0,8172.0
2024-02-15 19:50:00,5044.75,5046.75,5043.25,5046.5,10339.0
2024-02-15 19:55:00,5046.5,5048.5,5043.75,5044.5,12768.0
2024-02-15 20:00:00,5044.75,5045.5,5042.5,5043.75,8345.0
2024-02-15 20:05:00,5044.0,5044.75,5041.25,5042.25,9006.0
2024-02-15 20:10:00,5042.5,5045.75,5040.5,5044.25,10349.0
2024-02-15 20:15:00,5044.5,5045.5,5042.25,5042.5,6897.0
2024-02-15 20:20:00,5042.5,5043.25,5039.25,5040.25,11708.0
2024-02-15 20:25:00,5040.25,5043.25,5038.0,5042.75,10973.0
2024-02-15 20:30:00,5042.75,5043.5,5041.75,5042.75,8111.0
2024-02-15 20:35:00,5043.0,5043.75,5039.25,5040.25,10596.0
2024-02-15 20:40:00,5040.5,5041.0,5039.0,5040.5,10008.0
2024-02-15 20:45:00,5040.5,5040.75,5038.5,5039.5,9895.0
2024-02-15 20:50:00,5039.25,5044.75,5038.0,5042.5,24920.0
2024-02-15 20:55:00,5042.75,5047.25,5041.75,5044.25,37209.0
2024-02-15 21:00:00,5044.25,5048.5,5043.75,5047.5,79390.0
2024-02-15 21:05:00,5047.25,5050.0,5047.25,5049.25,10685.0
2024-02-15 21:10:00,5049.25,5050.5,5048.5,5048.5,5758.0
2024-02-15 21:15:00,5048.5,5050.0,5047.5,5049.5,3558.0
2024-02-15 21:20:00,5049.5,5050.25,5049.0,5049.5,1518.0
2024-02-15 21:25:00,5049.5,5050.25,5049.0,5050.25,1277.0
2024-02-15 21:30:00,5050.25,5051.0,5050.25,5050.75,1614.0
2024-02-15 21:35:00,5050.5,5051.0,5050.25,5050.5,1352.0
2024-02-15 21:40:00,5050.5,5051.0,5049.25,5049.25,1699.0
2024-02-15 21:45:00,5049.25,5050.75,5049.0,5050.5,1793.0
2024-02-15 21:50:00,5050.25,5050.5,5049.75,5050.5,7336.0
2024-02-15 21:55:00,5050.5,5051.75,5050.5,5051.5,8272.0
2024-02-15 22:00:00,5051.75,5051.75,5050.25,5050.5,9882.0
2024-02-15 23:00:00,5049.5,5050.5,5048.5,5049.0,999.0
2024-02-15 23:05:00,5049.0,5049.25,5048.0,5048.25,547.0
2024-02-15 23:10:00,5048.25,5048.75,5048.0,5048.25,546.0
2024-02-15 23:15:00,5048.5,5048.5,5048.0,5048.25,349.0
2024-02-15 23:20:00,5048.0,5048.5,5048.0,5048.25,355.0
2024-02-15 23:25:00,5048.25,5049.0,5048.0,5048.25,573.0
2024-02-15 23:30:00,5048.25,5048.5,5047.75,5048.0,186.0
2024-02-15 23:35:00,5048.25,5048.25,5047.75,5048.0,316.0
2024-02-15 23:40:00,5048.25,5049.75,5048.25,5049.25,706.0
2024-02-15 23:45:00,5049.5,5049.75,5048.25,5048.5,417.0
2024-02-15 23:50:00,5048.25,5049.25,5048.25,5049.0,214.0
2024-02-15 23:55:00,5048.75,5048.75,5047.75,5047.75,331.0
2024-02-16 00:00:00,5047.75,5048.5,5047.5,5047.5,731.0
2024-02-16 00:05:00,5047.5,5047.5,5046.5,5047.25,873.0
2024-02-16 00:10:00,5047.25,5047.25,5046.0,5046.5,722.0
2024-02-16 00:15:00,5046.5,5046.75,5045.75,5046.25,469.0
2024-02-16 00:20:00,5046.25,5046.5,5045.0,5045.0,488.0
2024-02-16 00:25:00,5045.25,5045.5,5044.0,5044.25,894.0
2024-02-16 00:30:00,5044.25,5044.5,5043.5,5044.25,694.0
2024-02-16 00:35:00,5044.0,5044.5,5043.75,5043.75,337.0
2024-02-16 00:40:00,5043.75,5044.25,5043.5,5043.5,375.0
2024-02-16 00:45:00,5043.5,5044.25,5043.5,5043.5,384.0
2024-02-16 00:50:00,5043.5,5044.0,5042.0,5042.5,844.0
2024-02-16 00:55:00,5042.25,5042.5,5041.5,5042.25,768.0
2024-02-16 01:00:00,5042.0,5042.75,5041.5,5041.5,960.0
2024-02-16 01:05:00,5041.5,5042.0,5040.75,5041.25,925.0
2024-02-16 01:10:00,5041.25,5042.75,5041.0,5042.25,817.0
2024-02-16 01:15:00,5042.0,5042.5,5041.75,5042.25,729.0
2024-02-16 01:20:00,5042.25,5043.0,5042.0,5042.75,462.0
2024-02-16 01:25:00,5042.75,5044.0,5042.75,5043.5,479.0
2024-02-16 01:30:00,5043.5,5044.0,5042.75,5043.0,508.0
2024-02-16 01:35:00,5043.0,5043.0,5041.5,5041.5,1043.0
2024-02-16 01:40:00,5041.5,5041.75,5039.25,5041.25,1751.0
2024-02-16 01:45:00,5041.0,5041.75,5040.75,5041.75,475.0
2024-02-16 01:50:00,5041.5,5043.0,5041.5,5042.75,646.0
2024-02-16 01:55:00,5042.5,5043.5,5042.25,5043.0,746.0
2024-02-16 02:00:00,5043.25,5043.25,5042.5,5043.0,529.0
2024-02-16 02:05:00,5043.0,5043.25,5041.75,5042.25,791.0
2024-02-16 02:10:00,5042.25,5042.75,5042.0,5042.75,225.0
2024-02-16 02:15:00,5042.75,5043.25,5042.5,5043.0,322.0
2024-02-16 02:20:00,5042.75,5043.5,5042.75,5043.25,583.0
2024-02-16 02:25:00,5043.25,5043.25,5042.5,5042.75,383.0
2024-02-16 02:30:00,5043.0,5044.25,5042.75,5044.0,526.0
2024-02-16 02:35:00,5044.25,5044.25,5043.5,5043.5,285.0
2024-02-16 02:40:00,5043.75,5044.0,5043.0,5043.25,300.0
2024-02-16 02:45:00,5043.0,5043.5,5042.75,5043.5,207.0
2024-02-16 02:50:00,5043.5,5045.0,5043.5,5044.75,875.0
2024-02-16 02:55:00,5044.5,5045.5,5044.5,5045.5,499.0
2024-02-16 03:00:00,5045.25,5045.75,5044.5,5044.75,406.0
2024-02-16 03:05:00,5044.5,5045.25,5044.5,5045.0,224.0
2024-02-16 03:10:00,5045.0,5045.0,5044.5,5044.75,141.0
2024-02-16 03:15:00,5044.75,5045.0,5044.5,5044.75,161.0
2024-02-16 03:20:00,5044.5,5045.25,5044.5,5044.75,303.0
2024-02-16 03:25:00,5044.5,5044.75,5044.25,5044.5,248.0
2024-02-16 03:30:00,5044.25,5044.75,5044.0,5044.25,148.0
2024-02-16 03:35:00,5044.25,5045.0,5044.25,5044.75,187.0
2024-02-16 03:40:00,5044.75,5045.75,5044.75,5045.5,324.0
2024-02-16 03:45:00,5045.5,5045.75,5044.5,5044.75,350.0
2024-02-16 03:50:00,5045.0,5045.25,5044.75,5044.75,245.0
2024-02-16 03:55:00,5045.0,5045.5,5044.75,5045.25,387.0
2024-02-16 04:00:00,5045.25,5045.5,5044.25,5044.25,223.0
2024-02-16 04:05:00,5044.5,5045.0,5044.5,5044.5,267.0
2024-02-16 04:10:00,5044.5,5045.75,5044.5,5045.5,263.0
2024-02-16 04:15:00,5045.25,5046.25,5045.25,5046.25,347.0
2024-02-16 04:20:00,5046.0,5046.25,5044.75,5044.75,484.0
2024-02-16 04:25:00,5045.0,5045.5,5044.75,5045.25,229.0
2024-02-16 04:30:00,5045.5,5046.5,5045.25,5046.25,368.0
2024-02-16 04:35:00,5046.25,5046.5,5045.75,5045.75,275.0
2024-02-16 04:40:00,5045.75,5046.25,5045.75,5046.0,188.0
2024-02-16 04:45:00,5046.25,5046.25,5045.75,5045.75,161.0
2024-02-16 04:50:00,5045.75,5046.0,5045.0,5045.5,289.0
2024-02-16 04:55:00,5045.25,5045.25,5044.5,5044.5,300.0
2024-02-16 05:00:00,5044.5,5045.75,5044.25,5045.75,311.0
2024-02-16 05:05:00,5045.5,5045.75,5045.25,5045.5,186.0
2024-02-16 05:10:00,5045.25,5046.0,5045.25,5045.75,220.0
2024-02-16 05:15:00,5045.5,5045.75,5045.25,5045.5,233.0
2024-02-16 05:20:00,5045.5,5045.75,5045.0,5045.0,168.0
2024-02-16 05:25:00,5045.0,5045.25,5044.5,5045.0,262.0
2024-02-16 05:30:00,5045.0,5045.5,5044.5,5044.5,582.0
2024-02-16 05:35:00,5044.5,5045.0,5044.25,5044.5,282.0
2024-02-16 05:40:00,5044.5,5045.0,5044.25,5044.5,175.0
2024-02-16 05:45:00,5044.25,5044.75,5044.25,5044.5,270.0
2024-02-16 05:50:00,5044.75,5045.0,5043.75,5043.75,262.0
2024-02-16 05:55:00,5044.0,5044.0,5043.0,5043.25,295.0
2024-02-16 06:00:00,5043.25,5043.75,5043.0,5043.75,311.0
2024-02-16 06:05:00,5043.75,5044.0,5043.25,5043.75,212.0
2024-02-16 06:10:00,5043.75,5044.25,5043.75,5044.0,222.0
2024-02-16 06:15:00,5044.0,5044.5,5043.75,5044.25,142.0
2024-02-16 06:20:00,5044.25,5044.5,5043.25,5043.75,399.0
2024-02-16 06:25:00,5044.0,5044.5,5043.5,5044.25,288.0
2024-02-16 06:30:00,5044.25,5044.25,5043.5,5043.75,276.0
2024-02-16 06:35:00,5043.75,5044.25,5043.5,5044.25,317.0
2024-02-16 06:40:00,5044.5,5046.25,5044.0,5045.25,657.0
2024-02-16 06:45:00,5045.25,5046.0,5045.25,5045.25,169.0
2024-02-16 06:50:00,5045.25,5045.5,5045.0,5045.0,276.0
2024-02-16 06:55:00,5045.25,5046.25,5045.0,5046.0,368.0
2024-02-16 07:00:00,5046.25,5047.25,5045.5,5047.25,1210.0
2024-02-16 07:05:00,5047.25,5047.25,5045.75,5046.0,565.0
2024-02-16 07:10:00,5046.0,5046.25,5045.5,5046.0,343.0
2024-02-16 07:15:00,5046.25,5046.25,5045.5,5045.75,344.0
2024-02-16 07:20:00,5045.75,5046.75,5045.75,5046.75,568.0
2024-02-16 07:25:00,5046.5,5047.75,5046.5,5047.75,999.0
2024-02-16 07:30:00,5047.5,5047.75,5046.75,5047.25,628.0
2024-02-16 07:35:00,5047.0,5047.25,5046.0,5047.0,597.0
2024-02-16 07:40:00,5047.0,5047.75,5046.75,5047.5,348.0
2024-02-16 07:45:00,5047.5,5047.75,5046.75,5047.25,484.0
2024-02-16 07:50:00,5047.0,5048.25,5047.0,5048.25,831.0
2024-02-16 07:55:00,5048.25,5049.0,5047.5,5047.75,963.0
2024-02-16 08:00:00,5047.75,5049.0,5046.75,5048.25,1748.0
2024-02-16 08:05:00,5048.5,5050.0,5048.25,5049.75,1472.0
2024-02-16 08:10:00,5049.75,5050.75,5049.25,5049.5,1559.0
2024-02-16 08:15:00,5049.5,5051.25,5049.5,5050.25,1198.0
2024-02-16 08:20:00,5050.5,5051.75,5050.25,5050.5,1235.0
2024-02-16 08:25:00,5050.5,5052.5,5050.0,5052.0,1089.0
2024-02-16 08:30:00,5051.75,5053.25,5051.75,5053.0,1654.0
2024-02-16 08:35:00,5052.75,5053.75,5052.5,5053.5,950.0
2024-02-16 08:40:00,5053.5,5053.75,5052.25,5053.0,833.0
2024-02-16 08:45:00,5052.75,5053.5,5052.5,5052.75,731.0
2024-02-16 08:50:00,5052.75,5053.5,5052.25,5053.5,882.0
2024-02-16 08:55:00,5053.5,5054.0,5052.75,5053.0,1652.0
2024-02-16 09:00:00,5052.75,5053.5,5052.5,5053.25,1050.0
2024-02-16 09:05:00,5053.25,5053.5,5051.75,5052.0,816.0
2024-02-16 09:10:00,5052.0,5052.25,5051.25,5052.0,705.0
2024-02-16 09:15:00,5052.0,5052.25,5051.5,5051.5,821.0
2024-02-16 09:20:00,5051.75,5053.75,5051.75,5053.0,872.0
2024-02-16 09:25:00,5053.0,5056.0,5053.0,5055.75,1525.0
2024-02-16 09:30:00,5056.0,5056.5,5055.5,5055.75,1539.0
2024-02-16 09:35:00,5055.75,5056.0,5054.25,5055.0,908.0
2024-02-16 09:40:00,5055.0,5055.0,5054.0,5054.5,738.0
2024-02-16 09:45:00,5054.5,5054.75,5053.75,5054.0,518.0
2024-02-16 09:50:00,5054.25,5054.5,5053.75,5053.75,393.0
2024-02-16 09:55:00,5053.75,5054.0,5053.25,5053.5,426.0
2024-02-16 10:00:00,5053.5,5055.5,5053.5,5055.5,850.0
2024-02-16 10:05:00,5055.5,5056.25,5055.25,5055.75,787.0
2024-02-16 10:10:00,5055.75,5057.5,5055.5,5057.5,1415.0
2024-02-16 10:15:00,5057.5,5057.5,5056.5,5056.75,630.0
2024-02-16 10:20:00,5057.0,5057.25,5056.5,5057.25,626.0
2024-02-16 10:25:00,5057.25,5058.75,5056.75,5058.25,1854.0
2024-02-16 10:30:00,5058.0,5058.0,5056.75,5057.0,843.0
2024-02-16 10:35:00,5057.0,5058.75,5056.75,5058.5,686.0
2024-02-16 10:40:00,5058.5,5058.75,5058.0,5058.75,746.0
2024-02-16 10:45:00,5058.75,5059.0,5058.25,5058.5,379.0
2024-02-16 10:50:00,5058.5,5058.75,5057.25,5057.75,887.0
2024-02-16 10:55:00,5057.5,5057.75,5056.75,5057.25,970.0
2024-02-16 11:00:00,5057.5,5057.5,5056.25,5056.25,1090.0
2024-02-16 11:05:00,5056.25,5058.0,5056.25,5058.0,901.0
2024-02-16 11:10:00,5057.75,5059.0,5057.75,5059.0,936.0
2024-02-16 11:15:00,5058.75,5059.25,5056.5,5056.75,959.0
2024-02-16 11:20:00,5056.75,5057.5,5056.25,5057.25,630.0
2024-02-16 11:25:00,5057.0,5057.25,5056.75,5057.0,464.0
2024-02-16 11:30:00,5056.75,5057.25,5056.25,5057.25,769.0
2024-02-16 11:35:00,5057.25,5057.75,5057.25,5057.75,404.0
2024-02-16 11:40:00,5057.5,5058.0,5057.0,5057.75,573.0
2024-02-16 11:45:00,5057.75,5057.75,5055.75,5056.0,802.0
2024-02-16 11:50:00,5056.0,5056.75,5054.75,5056.5,1142.0
2024-02-16 11:55:00,5056.75,5057.25,5056.25,5056.5,877.0
2024-02-16 12:00:00,5056.5,5057.0,5056.0,5056.0,1675.0
2024-02-16 12:05:00,5056.0,5056.75,5055.25,5055.5,1236.0
2024-02-16 12:10:00,5055.5,5055.75,5054.25,5055.25,1576.0
2024-02-16 12:15:00,5055.0,5055.25,5053.5,5053.75,3508.0
2024-02-16 12:20:00,5053.75,5055.25,5053.25,5055.0,1488.0
2024-02-16 12:25:00,5054.75,5055.0,5054.25,5054.25,1047.0
2024-02-16 12:30:00,5054.25,5054.5,5052.75,5053.25,2072.0
2024-02-16 12:35:00,5053.25,5053.75,5052.75,5053.0,1010.0
2024-02-16 12:40:00,5052.75,5053.75,5052.25,5052.5,942.0
2024-02-16 12:45:00,5052.5,5055.0,5052.25,5054.5,1717.0
2024-02-16 12:50:00,5054.25,5054.5,5053.5,5053.5,850.0
2024-02-16 12:55:00,5053.5,5053.5,5052.5,5053.0,917.0
2024-02-16 13:00:00,5053.0,5055.25,5052.0,5054.75,2508.0
2024-02-16 13:05:00,5054.75,5054.75,5052.0,5054.0,1593.0
2024-02-16 13:10:00,5053.75,5055.0,5053.75,5055.0,1399.0
2024-02-16 13:15:00,5055.0,5055.75,5053.75,5055.5,2337.0
2024-02-16 13:20:00,5055.5,5056.0,5053.0,5053.0,2522.0
2024-02-16 13:25:00,5053.0,5054.25,5051.75,5053.0,3164.0
2024-02-16 13:30:00,5053.0,5053.25,5036.5,5036.75,29363.0
2024-02-16 13:35:00,5036.5,5040.5,5035.0,5037.75,15843.0
2024-02-16 13:40:00,5037.75,5039.25,5034.5,5037.25,11079.0
2024-02-16 13:45:00,5037.25,5037.5,5032.0,5033.25,10161.0
2024-02-16 13:50:00,5033.0,5037.5,5030.0,5037.5,11460.0
2024-02-16 13:55:00,5037.25,5040.5,5036.5,5040.5,7071.0
2024-02-16 14:00:00,5040.5,5043.5,5040.0,5041.75,9984.0
2024-02-16 14:05:00,5041.75,5042.5,5039.0,5041.5,5875.0
2024-02-16 14:10:00,5041.75,5044.5,5041.25,5043.25,7335.0
2024-02-16 14:15:00,5043.0,5043.25,5040.0,5040.25,5814.0
2024-02-16 14:20:00,5040.25,5041.5,5039.25,5040.0,4019.0
2024-02-16 14:25:00,5040.0,5042.25,5039.0,5041.25,9198.0
2024-02-16 14:30:00,5041.25,5045.25,5035.75,5037.75,46317.0
2024-02-16 14:35:00,5037.75,5039.0,5035.5,5035.75,28515.0
2024-02-16 14:40:00,5035.5,5036.5,5033.25,5033.5,22387.0
2024-02-16 14:45:00,5033.5,5036.25,5033.0,5035.25,23003.0
2024-02-16 14:50:00,5035.0,5035.5,5027.5,5028.25,32417.0
2024-02-16 14:55:00,5028.0,5028.25,5018.5,5021.25,39220.0
2024-02-16 15:00:00,5021.25,5023.75,5012.75,5023.75,38283.0
2024-02-16 15:05:00,5023.5,5026.0,5021.25,5025.25,23860.0
2024-02-16 15:10:00,5025.25,5029.25,5024.75,5027.75,19710.0
2024-02-16 15:15:00,5027.75,5030.5,5026.5,5030.25,15988.0
2024-02-16 15:20:00,5030.25,5030.75,5022.5,5027.25,21693.0
2024-02-16 15:25:00,5027.25,5027.75,5022.75,5026.5,16325.0
2024-02-16 15:30:00,5026.5,5028.75,5023.75,5024.5,14399.0
2024-02-16 15:35:00,5024.25,5031.75,5024.0,5030.75,15464.0
2024-02-16 15:40:00,5030.5,5035.0,5030.25,5034.0,18414.0
2024-02-16 15:45:00,5034.25,5037.25,5032.5,5034.0,15287.0
2024-02-16 15:50:00,5034.0,5035.75,5031.5,5034.75,15215.0
2024-02-16 15:55:00,5034.75,5037.25,5032.25,5033.75,11698.0
2024-02-16 16:00:00,5033.5,5037.5,5033.0,5037.0,12384.0
2024-02-16 16:05:00,5037.0,5038.5,5036.0,5038.5,8888.0
2024-02-16 16:10:00,5038.5,5042.0,5038.0,5040.25,14720.0
2024-02-16 16:15:00,5040.5,5044.5,5040.25,5043.75,12132.0
2024-02-16 16:20:00,5044.0,5046.25,5042.25,5045.0,12633.0
2024-02-16 16:25:00,5044.75,5045.75,5043.75,5044.75,8140.0
2024-02-16 16:30:00,5045.0,5047.5,5043.5,5044.75,13930.0
2024-02-16 16:35:00,5044.75,5045.5,5042.0,5045.25,12382.0
2024-02-16 16:40:00,5045.0,5049.75,5044.25,5049.0,13262.0
2024-02-16 16:45:00,5049.25,5049.5,5046.5,5047.0,9017.0
2024-02-16 16:50:00,5047.0,5049.25,5045.25,5048.0,10228.0
2024-02-16 16:55:00,5048.25,5050.25,5046.5,5049.25,9843.0
2024-02-16 17:00:00,5049.25,5049.25,5046.75,5048.5,13248.0
2024-02-16 17:05:00,5048.5,5049.25,5045.25,5046.5,11214.0
2024-02-16 17:10:00,5046.5,5047.25,5043.25,5045.5,9807.0
2024-02-16 17:15:00,5045.5,5046.25,5043.5,5045.25,7573.0
2024-02-16 17:20:00,5045.0,5046.0,5043.5,5045.75,8569.0
2024-02-16 17:25:00,5045.75,5048.0,5045.0,5047.75,7759.0
2024-02-16 17:30:00,5048.0,5048.75,5046.25,5047.25,7575.0
2024-02-16 17:35:00,5047.25,5047.5,5044.0,5045.0,6299.0
2024-02-16 17:40:00,5045.0,5046.25,5044.25,5045.25,4946.0
2024-02-16 17:45:00,5045.5,5047.25,5044.5,5046.25,6580.0
2024-02-16 17:50:00,5046.0,5046.75,5044.0,5044.75,4749.0
2024-02-16 17:55:00,5044.75,5046.0,5042.5,5042.75,6169.0
2024-02-16 18:00:00,5042.75,5044.5,5038.25,5038.5,13408.0
2024-02-16 18:05:00,5038.5,5039.75,5034.75,5037.0,12898.0
2024-02-16 18:10:00,5036.75,5038.25,5033.0,5035.75,11664.0
2024-02-16 18:15:00,5035.75,5038.25,5035.5,5036.25,9326.0
2024-02-16 18:20:00,5036.25,5041.25,5035.5,5040.75,10057.0
2024-02-16 18:25:00,5040.5,5044.5,5040.5,5041.25,17199.0
2024-02-16 18:30:00,5041.5,5043.5,5041.25,5042.75,7205.0
2024-02-16 18:35:00,5042.75,5045.0,5042.5,5044.25,6033.0
2024-02-16 18:40:00,5044.0,5046.0,5043.75,5045.5,6230.0
2024-02-16 18:45:00,5045.5,5047.0,5045.0,5046.0,7306.0
2024-02-16 18:50:00,5046.0,5047.75,5045.5,5047.25,5630.0
2024-02-16 18:55:00,5047.5,5048.75,5045.75,5048.75,4789.0
2024-02-16 19:00:00,5048.5,5053.25,5048.5,5051.5,17477.0
2024-02-16 19:05:00,5051.75,5053.25,5051.25,5052.5,9372.0
2024-02-16 19:10:00,5052.75,5054.5,5052.25,5053.5,10016.0
2024-02-16 19:15:00,5053.5,5053.5,5051.75,5052.0,6842.0
2024-02-16 19:20:00,5052.0,5052.75,5051.0,5051.5,5739.0
2024-02-16 19:25:00,5051.5,5053.0,5051.0,5051.75,5489.0
2024-02-16 19:30:00,5052.0,5052.75,5048.0,5049.0,8821.0
2024-02-16 19:35:00,5049.25,5050.0,5045.0,5047.25,10443.0
2024-02-16 19:40:00,5047.5,5048.5,5045.25,5046.5,8064.0
2024-02-16 19:45:00,5046.5,5047.25,5024.75,5032.5,38017.0
2024-02-16 19:50:00,5032.5,5033.25,5025.25,5026.5,22435.0
2024-02-16 19:55:00,5026.5,5030.25,5026.25,5028.5,17334.0
2024-02-16 20:00:00,5028.5,5033.25,5028.0,5031.25,14941.0
2024-02-16 20:05:00,5031.25,5031.5,5027.75,5029.75,10070.0
2024-02-16 20:10:00,5029.75,5030.25,5025.5,5028.5,10093.0
2024-02-16 20:15:00,5028.5,5030.25,5026.5,5029.0,9824.0
2024-02-16 20:20:00,5029.25,5033.0,5027.5,5032.0,12626.0
2024-02-16 20:25:00,5032.25,5032.5,5029.5,5031.75,8888.0
2024-02-16 20:30:00,5031.75,5032.25,5028.5,5030.5,9615.0
2024-02-16 20:35:00,5030.75,5032.0,5027.5,5028.25,7575.0
2024-02-16 20:40:00,5028.25,5028.25,5021.5,5022.5,20367.0
2024-02-16 20:45:00,5022.5,5023.75,5018.25,5018.5,16573.0
2024-02-16 20:50:00,5018.5,5023.5,5015.0,5017.25,29000.0
2024-02-16 20:55:00,5017.0,5022.5,5016.75,5019.25,33673.0
2024-02-16 21:00:00,5019.25,5021.25,5014.25,5015.0,65349.0
2024-02-16 21:05:00,5015.25,5016.25,5014.0,5015.75,8582.0
2024-02-16 21:10:00,5015.75,5016.25,5014.25,5015.0,5899.0
2024-02-16 21:15:00,5014.75,5016.25,5014.5,5016.0,3478.0
2024-02-16 21:20:00,5016.0,5017.25,5015.75,5017.0,1876.0
2024-02-16 21:25:00,5016.75,5017.0,5015.25,5015.25,1493.0
2024-02-16 21:30:00,5015.5,5016.25,5013.75,5014.0,2176.0
2024-02-16 21:35:00,5013.75,5014.25,5013.0,5013.5,1830.0
2024-02-16 21:40:00,5013.5,5014.5,5013.25,5014.5,1056.0
2024-02-16 21:45:00,5014.5,5015.0,5014.5,5015.0,1395.0
2024-02-16 21:50:00,5015.0,5015.0,5014.5,5015.0,1696.0
2024-02-16 21:55:00,5015.0,5015.0,5014.5,5014.5,1594.0
2024-02-16 22:00:00,5014.5,5015.0,5014.5,5014.5,613.0
2024-02-18 23:00:00,5016.5,5021.75,5016.25,5021.0,2013.0
2024-02-18 23:05:00,5021.25,5024.75,5020.5,5023.0,1272.0
2024-02-18 23:10:00,5023.0,5025.5,5023.0,5024.0,991.0
2024-02-18 23:15:00,5024.25,5024.75,5023.25,5023.25,660.0
2024-02-18 23:20:00,5023.25,5023.5,5022.25,5023.25,429.0
2024-02-18 23:25:00,5023.25,5023.75,5022.5,5022.5,316.0
2024-02-18 23:30:00,5022.5,5022.5,5020.75,5021.75,829.0
2024-02-18 23:35:00,5021.75,5023.0,5021.5,5022.75,595.0
2024-02-18 23:40:00,5022.75,5023.25,5022.25,5022.5,319.0
2024-02-18 23:45:00,5022.75,5023.5,5022.75,5023.25,291.0
2024-02-18 23:50:00,5023.5,5024.5,5023.5,5024.0,361.0
2024-02-18 23:55:00,5024.0,5024.5,5023.5,5023.75,340.0
2024-02-19 00:00:00,5024.0,5024.5,5023.25,5024.0,732.0
2024-02-19 00:05:00,5024.25,5024.25,5023.25,5023.25,396.0
2024-02-19 00:10:00,5023.25,5024.25,5022.75,5024.0,497.0
2024-02-19 00:15:00,5024.0,5025.0,5024.0,5024.25,595.0
2024-02-19 00:20:00,5024.25,5026.0,5024.25,5024.75,687.0
2024-02-19 00:25:00,5024.75,5026.5,5024.75,5026.0,726.0
2024-02-19 00:30:00,5025.75,5027.0,5025.5,5026.75,658.0
2024-02-19 00:35:00,5026.75,5027.5,5026.0,5027.25,481.0
2024-02-19 00:40:00,5027.5,5027.5,5026.75,5026.75,427.0
2024-02-19 00:45:00,5027.0,5027.5,5026.75,5027.5,268.0
2024-02-19 00:50:00,5027.25,5027.5,5027.0,5027.5,249.0
2024-02-19 00:55:00,5027.5,5027.75,5027.0,5027.75,347.0
2024-02-19 01:00:00,5027.5,5029.5,5027.25,5029.25,1011.0
2024-02-19 01:05:00,5029.0,5029.25,5028.25,5028.5,458.0
2024-02-19 01:10:00,5028.5,5029.0,5028.0,5028.5,481.0
2024-02-19 01:15:00,5028.5,5028.5,5026.75,5027.0,725.0
2024-02-19 01:20:00,5026.75,5027.0,5025.0,5025.25,746.0
2024-02-19 01:25:00,5025.0,5025.75,5024.0,5024.0,832.0
2024-02-19 01:30:00,5023.75,5025.0,5021.75,5022.25,968.0
2024-02-19 01:35:00,5022.0,5022.75,5020.75,5021.0,1258.0
2024-02-19 01:40:00,5020.75,5021.25,5019.0,5019.75,1395.0
2024-02-19 01:45:00,5019.75,5023.25,5019.75,5023.25,1030.0
2024-02-19 01:50:00,5023.0,5023.5,5022.5,5023.25,419.0
2024-02-19 01:55:00,5023.25,5023.25,5022.25,5022.5,413.0
2024-02-19 02:00:00,5022.5,5022.75,5021.5,5022.25,446.0
2024-02-19 02:05:00,5022.25,5022.5,5021.25,5021.25,342.0
2024-02-19 02:10:00,5021.25,5022.25,5021.25,5022.0,320.0
2024-02-19 02:15:00,5021.75,5022.0,5020.75,5021.75,631.0
2024-02-19 02:20:00,5021.75,5022.75,5021.75,5022.25,308.0
2024-02-19 02:25:00,5022.0,5023.5,5021.75,5022.0,733.0
2024-02-19 02:30:00,5022.25,5023.0,5022.0,5022.25,240.0
2024-02-19 02:35:00,5022.0,5022.5,5021.5,5022.0,238.0
2024-02-19 02:40:00,5022.25,5023.0,5022.25,5023.0,86.0
2024-02-19 02:45:00,5022.75,5023.0,5022.75,5023.0,144.0
2024-02-19 02:50:00,5022.75,5023.75,5022.75,5023.25,236.0
2024-02-19 02:55:00,5023.25,5023.25,5021.75,5021.75,216.0
2024-02-19 03:00:00,5021.75,5023.5,5021.75,5023.25,183.0
2024-02-19 03:05:00,5023.0,5024.0,5023.0,5023.75,270.0
2024-02-19 03:10:00,5024.0,5024.0,5023.25,5023.5,221.0
2024-02-19 03:15:00,5023.75,5024.0,5022.75,5023.0,187.0
2024-02-19 03:20:00,5023.0,5023.25,5022.75,5023.0,71.0
2024-02-19 03:25:00,5023.0,5023.25,5022.0,5022.0,140.0
2024-02-19 03:30:00,5022.25,5022.75,5022.0,5022.5,201.0
2024-02-19 03:35:00,5022.75,5023.0,5022.5,5022.5,71.0
2024-02-19 03:40:00,5022.75,5023.25,5021.75,5022.0,152.0
2024-02-19 03:45:00,5022.0,5022.25,5021.0,5022.25,309.0
2024-02-19 03:50:00,5022.25,5023.25,5022.25,5022.5,463.0
2024-02-19 03:55:00,5022.5,5022.5,5022.0,5022.0,110.0
2024-02-19 04:00:00,5022.0,5022.25,5021.75,5022.25,126.0
2024-02-19 04:05:00,5022.25,5023.0,5022.25,5023.0,126.0
2024-02-19 04:10:00,5022.75,5023.0,5021.75,5023.0,478.0
2024-02-19 04:15:00,5022.75,5023.0,5022.5,5022.5,122.0
2024-02-19 04:20:00,5022.5,5022.75,5022.0,5022.5,150.0
2024-02-19 04:25:00,5022.75,5022.75,5022.25,5022.25,102.0
2024-02-19 04:30:00,5022.5,5022.75,5022.25,5022.75,98.0
2024-02-19 04:35:00,5022.75,5023.5,5022.75,5023.25,156.0
2024-02-19 04:40:00,5023.0,5024.0,5023.0,5024.0,160.0
2024-02-19 04:45:00,5024.0,5024.5,5023.75,5024.0,242.0
2024-02-19 04:50:00,5024.0,5024.0,5023.5,5024.0,113.0
2024-02-19 04:55:00,5024.25,5024.25,5024.0,5024.0,65.0
2024-02-19 05:00:00,5024.0,5025.5,5023.75,5025.25,859.0
2024-02-19 05:05:00,5025.25,5025.25,5023.75,5023.75,398.0
2024-02-19 05:10:00,5024.0,5024.0,5023.25,5023.75,178.0
2024-02-19 05:15:00,5024.0,5024.0,5023.25,5023.5,229.0
2024-02-19 05:20:00,5023.75,5023.75,5022.75,5023.0,220.0
2024-02-19 05:25:00,5023.25,5024.75,5023.25,5024.25,315.0
2024-02-19 05:30:00,5024.5,5024.5,5023.75,5023.75,143.0
2024-02-19 05:35:00,5023.75,5024.75,5023.75,5024.75,145.0
2024-02-19 05:40:00,5024.5,5025.25,5024.5,5025.0,139.0
2024-02-19 05:45:00,5025.0,5025.5,5024.5,5025.0,206.0
2024-02-19 05:50:00,5025.0,5025.25,5024.75,5025.0,91.0
2024-02-19 05:55:00,5025.0,5025.0,5024.5,5024.75,121.0
2024-02-19 06:00:00,5024.5,5025.25,5024.0,5024.75,314.0
2024-02-19 06:05:00,5024.5,5025.5,5024.25,5025.25,272.0
2024-02-19 06:10:00,5025.0,5025.75,5025.0,5025.5,160.0
2024-02-19 06:15:00,5025.25,5025.75,5025.0,5025.75,211.0
2024-02-19 06:20:00,5026.0,5026.25,5024.75,5024.75,322.0
2024-02-19 06:25:00,5024.75,5025.75,5024.5,5025.5,161.0
2024-02-19 06:30:00,5025.75,5026.25,5025.5,5025.75,265.0
2024-02-19 06:35:00,5025.75,5026.0,5025.25,5026.0,117.0
2024-02-19 06:40:00,5026.0,5026.0,5025.25,5025.25,130.0
2024-02-19 06:45:00,5025.5,5025.75,5025.25,5025.25,124.0
2024-02-19 06:50:00,5025.5,5026.5,5025.5,5026.25,225.0
2024-02-19 06:55:00,5026.5,5026.5,5025.75,5026.0,218.0
2024-02-19 07:00:00,5026.0,5026.5,5025.0,5025.25,624.0
2024-02-19 07:05:00,5025.0,5025.25,5023.75,5024.25,589.0
2024-02-19 07:10:00,5024.25,5025.0,5023.5,5023.75,454.0
2024-02-19 07:15:00,5023.5,5023.5,5020.5,5020.75,965.0
2024-02-19 07:20:00,5020.75,5022.25,5020.5,5021.5,797.0
2024-02-19 07:25:00,5021.5,5022.25,5021.25,5022.0,217.0
2024-02-19 07:30:00,5022.25,5022.25,5020.75,5021.0,795.0
2024-02-19 07:35:00,5021.0,5021.75,5020.5,5021.5,303.0
2024-02-19 07:40:00,5021.5,5023.75,5021.0,5023.75,654.0
2024-02-19 07:45:00,5023.75,5023.75,5021.75,5022.0,247.0
2024-02-19 07:50:00,5021.75,5022.25,5021.0,5021.75,593.0
2024-02-19 07:55:00,5022.0,5022.5,5021.0,5021.25,453.0
2024-02-19 08:00:00,5021.25,5024.25,5021.25,5024.0,1494.0
2024-02-19 08:05:00,5024.25,5024.25,5021.25,5022.75,1375.0
2024-02-19 08:10:00,5022.75,5024.25,5022.25,5022.75,740.0
2024-02-19 08:15:00,5022.75,5023.25,5021.75,5023.25,527.0
2024-02-19 08:20:00,5023.25,5023.25,5020.25,5020.75,743.0
2024-02-19 08:25:00,5020.75,5023.0,5018.5,5022.25,1778.0
2024-02-19 08:30:00,5022.0,5023.0,5021.75,5022.5,807.0
2024-02-19 08:35:00,5022.25,5024.0,5022.0,5022.5,843.0
2024-02-19 08:40:00,5022.75,5023.5,5022.0,5023.0,379.0
2024-02-19 08:45:00,5023.0,5024.75,5022.75,5024.25,832.0
2024-02-19 08:50:00,5024.0,5024.75,5023.5,5024.0,632.0
2024-02-19 08:55:00,5024.0,5024.0,5022.25,5023.25,460.0
2024-02-19 09:00:00,5023.25,5024.0,5023.0,5023.5,428.0
2024-02-19 09:05:00,5023.5,5024.75,5023.5,5024.0,423.0
2024-02-19 09:10:00,5024.25,5025.0,5024.0,5024.5,384.0
2024-02-19 09:15:00,5024.5,5025.5,5024.25,5024.75,570.0
2024-02-19 09:20:00,5025.0,5025.0,5023.75,5024.25,456.0
2024-02-19 09:25:00,5024.0,5025.0,5023.75,5024.0,400.0
2024-02-19 09:30:00,5024.0,5024.5,5023.75,5024.25,417.0
2024-02-19 09:35:00,5024.25,5024.5,5023.0,5023.25,357.0
2024-02-19 09:40:00,5023.5,5024.5,5023.25,5024.25,405.0
2024-02-19 09:45:00,5024.25,5024.75,5024.0,5024.5,453.0
2024-02-19 09:50:00,5024.75,5025.5,5024.5,5025.25,579.0
2024-02-19 09:55:00,5025.5,5026.25,5025.25,5025.75,451.0
2024-02-19 10:00:00,5026.0,5026.0,5025.0,5025.25,396.0
2024-02-19 10:05:00,5025.25,5025.5,5024.75,5025.0,237.0
2024-02-19 10:10:00,5024.75,5026.25,5024.75,5026.25,351.0
2024-02-19 10:15:00,5026.0,5026.25,5025.75,5025.75,304.0
2024-02-19 10:20:00,5025.75,5026.0,5024.0,5024.5,525.0
2024-02-19 10:25:00,5024.25,5024.5,5022.25,5022.25,585.0
2024-02-19 10:30:00,5022.5,5024.75,5022.5,5023.75,437.0
2024-02-19 10:35:00,5023.75,5024.25,5023.25,5023.25,294.0
2024-02-19 10:40:00,5023.25,5023.75,5022.5,5023.5,306.0
2024-02-19 10:45:00,5023.5,5024.5,5023.25,5023.75,279.0
2024-02-19 10:50:00,5023.75,5023.75,5023.0,5023.25,185.0
2024-02-19 10:55:00,5023.25,5023.75,5022.75,5023.75,244.0
2024-02-19 11:00:00,5023.75,5025.0,5023.5,5025.0,511.0
2024-02-19 11:05:00,5025.0,5025.5,5024.0,5025.25,608.0
2024-02-19 11:10:00,5025.25,5025.25,5024.25,5024.75,271.0
2024-02-19 11:15:00,5024.75,5024.75,5023.5,5023.5,276.0
2024-02-19 11:20:00,5023.5,5024.25,5023.0,5024.0,378.0
2024-02-19 11:25:00,5024.0,5024.0,5022.25,5022.5,642.0
2024-02-19 11:30:00,5022.5,5024.0,5022.25,5023.5,575.0
2024-02-19 11:35:00,5023.75,5024.0,5022.5,5023.25,329.0
2024-02-19 11:40:00,5023.25,5025.0,5023.25,5024.5,386.0
2024-02-19 11:45:00,5024.5,5024.5,5024.0,5024.0,245.0
2024-02-19 11:50:00,5024.0,5024.0,5021.0,5021.25,987.0
2024-02-19 11:55:00,5021.25,5022.25,5021.0,5021.5,500.0
2024-02-19 12:00:00,5021.75,5022.75,5021.5,5022.75,418.0
2024-02-19 12:05:00,5022.75,5023.25,5022.25,5022.5,244.0
2024-02-19 12:10:00,5022.25,5022.75,5021.5,5022.5,303.0
2024-02-19 12:15:00,5022.5,5023.0,5022.25,5022.5,254.0
2024-02-19 12:20:00,5022.75,5023.25,5022.25,5022.25,272.0
2024-02-19 12:25:00,5022.0,5022.0,5021.25,5021.5,296.0
2024-02-19 12:30:00,5021.5,5022.25,5021.25,5022.25,242.0
2024-02-19 12:35:00,5022.0,5022.75,5021.75,5022.5,255.0
2024-02-19 12:40:00,5022.75,5023.25,5022.25,5023.0,318.0
2024-02-19 12:45:00,5023.0,5023.25,5022.25,5023.0,264.0
2024-02-19 12:50:00,5023.25,5023.5,5022.0,5022.25,353.0
2024-02-19 12:55:00,5022.5,5023.5,5022.5,5023.0,293.0
2024-02-19 13:00:00,5023.0,5023.25,5021.75,5022.0,455.0
2024-02-19 13:05:00,5021.75,5023.0,5021.25,5022.75,581.0
2024-02-19 13:10:00,5022.75,5023.5,5022.5,5023.5,303.0
2024-02-19 13:15:00,5023.25,5024.5,5023.25,5024.25,627.0
2024-02-19 13:20:00,5024.25,5025.25,5024.0,5024.75,578.0
2024-02-19 13:25:00,5024.75,5025.5,5024.75,5025.0,542.0
2024-02-19 13:30:00,5025.25,5025.5,5025.0,5025.5,630.0
2024-02-19 13:35:00,5025.5,5025.5,5024.75,5025.0,744.0
2024-02-19 13:40:00,5025.0,5025.0,5023.25,5024.0,655.0
2024-02-19 13:45:00,5023.75,5024.25,5023.5,5024.0,450.0
2024-02-19 13:50:00,5024.0,5024.25,5023.5,5024.25,343.0
2024-02-19 13:55:00,5024.0,5024.25,5023.5,5023.75,220.0
2024-02-19 14:00:00,5023.75,5025.25,5023.75,5024.5,511.0
2024-02-19 14:05:00,5024.5,5024.5,5023.75,5023.75,389.0
2024-02-19 14:10:00,5023.75,5025.0,5023.75,5025.0,304.0
2024-02-19 14:15:00,5025.0,5025.5,5024.75,5025.25,552.0
2024-02-19 14:20:00,5025.25,5026.0,5025.0,5025.5,834.0
2024-02-19 14:25:00,5025.5,5026.0,5025.25,5025.5,396.0
2024-02-19 14:30:00,5025.75,5027.25,5025.25,5026.0,3055.0
2024-02-19 14:35:00,5026.25,5027.0,5026.0,5027.0,1499.0
2024-02-19 14:40:00,5026.75,5028.5,5026.75,5027.75,1838.0
2024-02-19 14:45:00,5028.0,5028.25,5027.25,5028.0,1462.0
2024-02-19 14:50:00,5028.0,5028.75,5027.75,5027.75,1390.0
2024-02-19 14:55:00,5027.75,5028.0,5027.25,5027.5,629.0
2024-02-19 15:00:00,5027.5,5028.25,5026.75,5027.75,1509.0
2024-02-19 15:05:00,5027.75,5028.0,5026.75,5027.25,917.0
2024-02-19 15:10:00,5027.0,5027.5,5026.5,5027.0,912.0
2024-02-19 15:15:00,5027.0,5027.0,5025.25,5025.25,1141.0
2024-02-19 15:20:00,5025.5,5025.75,5025.0,5025.5,972.0
2024-02-19 15:25:00,5025.5,5025.5,5024.5,5025.25,1096.0
2024-02-19 15:30:00,5025.25,5025.75,5025.0,5025.0,1103.0
2024-02-19 15:35:00,5025.25,5026.25,5025.0,5026.0,1135.0
2024-02-19 15:40:00,5026.0,5026.25,5025.25,5025.5,613.0
2024-02-19 15:45:00,5025.5,5025.5,5024.0,5024.0,1188.0
2024-02-19 15:50:00,5024.0,5024.0,5023.25,5023.75,690.0
2024-02-19 15:55:00,5023.75,5024.0,5023.5,5024.0,450.0
2024-02-19 16:00:00,5023.75,5024.75,5023.5,5024.25,897.0
2024-02-19 16:05:00,5024.5,5024.75,5023.5,5023.5,743.0
2024-02-19 16:10:00,5023.25,5024.0,5023.0,5023.5,927.0
2024-02-19 16:15:00,5023.5,5024.5,5023.25,5024.0,672.0
2024-02-19 16:20:00,5024.0,5024.5,5023.75,5024.0,579.0
2024-02-19 16:25:00,5024.0,5024.5,5023.75,5023.75,793.0
2024-02-19 16:30:00,5023.75,5024.5,5023.75,5024.25,980.0
2024-02-19 16:35:00,5024.0,5024.25,5023.5,5024.25,487.0
2024-02-19 16:40:00,5024.25,5025.0,5024.0,5024.25,886.0
2024-02-19 16:45:00,5024.5,5025.0,5024.25,5024.75,381.0
2024-02-19 16:50:00,5025.0,5025.0,5024.25,5024.25,198.0
2024-02-19 16:55:00,5024.5,5025.25,5024.5,5025.0,450.0
2024-02-19 17:00:00,5025.0,5025.5,5024.5,5024.5,340.0
2024-02-19 17:05:00,5024.5,5024.75,5024.0,5024.0,284.0
2024-02-19 17:10:00,5024.25,5024.5,5024.0,5024.25,213.0
2024-02-19 17:15:00,5024.25,5024.75,5024.0,5024.25,273.0
2024-02-19 17:20:00,5024.25,5024.5,5023.75,5023.75,370.0
2024-02-19 17:25:00,5023.75,5024.25,5023.5,5024.25,162.0
2024-02-19 17:30:00,5024.0,5025.5,5024.0,5024.75,463.0
2024-02-19 17:35:00,5025.0,5025.25,5024.5,5024.75,167.0
2024-02-19 17:40:00,5024.5,5025.25,5024.5,5025.25,197.0
2024-02-19 17:45:00,5025.5,5026.0,5024.75,5025.75,444.0
2024-02-19 17:50:00,5025.75,5026.0,5025.5,5025.75,184.0
2024-02-19 17:55:00,5025.5,5026.25,5025.0,5025.0,458.0
2024-02-19 18:00:00,5025.5,5025.5,5024.25,5024.5,570.0
2024-02-19 23:00:00,5024.5,5024.75,5022.75,5024.0,590.0
2024-02-19 23:05:00,5024.0,5024.25,5022.75,5023.5,347.0
2024-02-19 23:10:00,5023.5,5023.75,5018.5,5020.0,1465.0
2024-02-19 23:15:00,5020.0,5020.0,5018.25,5019.0,804.0
2024-02-19 23:20:00,5019.0,5019.5,5018.5,5019.0,302.0
2024-02-19 23:25:00,5019.25,5019.5,5017.25,5018.0,568.0
2024-02-19 23:30:00,5018.0,5018.75,5016.75,5016.75,666.0
2024-02-19 23:35:00,5016.75,5017.0,5015.5,5016.75,1061.0
2024-02-19 23:40:00,5016.75,5017.0,5014.75,5016.5,888.0
2024-02-19 23:45:00,5016.75,5017.0,5015.25,5015.75,616.0
2024-02-19 23:50:00,5015.75,5016.0,5013.25,5014.25,1046.0
2024-02-19 23:55:00,5014.25,5015.5,5014.0,5015.5,463.0
2024-02-20 00:00:00,5015.5,5015.75,5014.25,5014.5,890.0
2024-02-20 00:05:00,5014.5,5015.0,5013.5,5014.0,606.0
2024-02-20 00:10:00,5014.0,5015.5,5014.0,5014.75,279.0
2024-02-20 00:15:00,5014.75,5015.25,5014.25,5014.75,329.0
2024-02-20 00:20:00,5014.75,5015.25,5011.5,5011.75,1631.0
2024-02-20 00:25:00,5011.75,5013.25,5011.25,5013.0,998.0
2024-02-20 00:30:00,5013.25,5015.0,5013.0,5014.0,657.0
2024-02-20 00:35:00,5014.0,5014.25,5013.25,5014.0,378.0
2024-02-20 00:40:00,5014.25,5014.25,5012.5,5012.75,366.0
2024-02-20 00:45:00,5013.0,5013.75,5013.0,5013.0,245.0
2024-02-20 00:50:00,5013.0,5013.75,5013.0,5013.5,184.0
2024-02-20 00:55:00,5013.5,5014.75,5013.25,5014.75,265.0
2024-02-20 01:00:00,5014.75,5014.75,5014.0,5014.25,342.0
2024-02-20 01:05:00,5014.25,5014.75,5013.75,5013.75,383.0
2024-02-20 01:10:00,5013.75,5014.5,5013.5,5014.0,241.0
2024-02-20 01:15:00,5014.0,5015.75,5013.5,5015.0,802.0
2024-02-20 01:20:00,5015.25,5017.0,5015.0,5016.75,751.0
2024-02-20 01:25:00,5016.75,5017.25,5016.0,5017.25,692.0
2024-02-20 01:30:00,5017.0,5017.75,5014.5,5015.0,1114.0
2024-02-20 01:35:00,5014.75,5014.75,5013.25,5013.75,616.0
2024-02-20 01:40:00,5013.75,5013.75,5011.25,5011.75,778.0
2024-02-20 01:45:00,5011.75,5012.25,5007.0,5007.5,3676.0
2024-02-20 01:50:00,5007.75,5008.0,5005.75,5007.5,1664.0
2024-02-20 01:55:00,5007.25,5007.5,5004.0,5005.0,1752.0
2024-02-20 02:00:00,5005.0,5005.75,5001.25,5003.75,2536.0
2024-02-20 02:05:00,5003.5,5004.25,5001.5,5004.0,1474.0
2024-02-20 02:10:00,5004.25,5006.0,5003.25,5006.0,1296.0
2024-02-20 02:15:00,5006.0,5006.0,5004.25,5005.0,573.0
2024-02-20 02:20:00,5005.0,5005.25,5003.25,5003.75,941.0
2024-02-20 02:25:00,5003.75,5004.0,5002.5,5003.5,907.0
2024-02-20 02:30:00,5003.25,5004.75,5003.25,5004.0,777.0
2024-02-20 02:35:00,5003.75,5004.75,5003.75,5004.25,360.0
2024-02-20 02:40:00,5004.5,5005.75,5004.0,5005.5,481.0
2024-02-20 02:45:00,5005.75,5005.75,5004.25,5004.25,503.0
2024-02-20 02:50:00,5004.25,5004.5,5003.75,5004.5,365.0
2024-02-20 02:55:00,5004.25,5005.0,5004.0,5004.5,233.0
2024-02-20 03:00:00,5004.75,5005.25,5004.0,5004.5,408.0
2024-02-20 03:05:00,5004.5,5005.0,5004.5,5004.75,218.0
2024-02-20 03:10:00,5004.5,5004.75,5003.5,5003.5,341.0
2024-02-20 03:15:00,5003.25,5004.0,5003.25,5003.5,269.0
2024-02-20 03:20:00,5003.75,5004.25,5003.0,5003.5,300.0
2024-02-20 03:25:00,5003.5,5003.75,5003.0,5003.75,267.0
2024-02-20 03:30:00,5003.5,5004.5,5003.5,5004.5,333.0
2024-02-20 03:35:00,5004.5,5004.75,5003.75,5003.75,213.0
2024-02-20 03:40:00,5003.75,5004.25,5003.5,5004.0,277.0
2024-02-20 03:45:00,5003.75,5003.75,5003.0,5003.75,384.0
2024-02-20 03:50:00,5003.5,5004.5,5003.5,5004.25,314.0
2024-02-20 03:55:00,5004.25,5004.75,5004.0,5004.25,218.0
2024-02-20 04:00:00,5004.5,5004.75,5004.25,5004.75,203.0
2024-02-20 04:05:00,5004.75,5005.5,5004.5,5005.25,184.0
2024-02-20 04:10:00,5005.25,5005.75,5004.75,5005.0,372.0
2024-02-20 04:15:00,5005.25,5007.75,5005.0,5006.5,1128.0
2024-02-20 04:20:00,5006.25,5006.75,5005.0,5005.0,425.0
2024-02-20 04:25:00,5005.25,5005.25,5003.75,5004.5,412.0
2024-02-20 04:30:00,5004.5,5005.25,5004.5,5005.25,185.0
2024-02-20 04:35:00,5005.25,5005.5,5005.0,5005.25,253.0
2024-02-20 04:40:00,5005.25,5005.5,5004.5,5005.0,208.0
2024-02-20 04:45:00,5005.0,5005.25,5004.75,5005.0,102.0
2024-02-20 04:50:00,5004.75,5005.25,5004.5,5005.25,114.0
2024-02-20 04:55:00,5005.5,5005.75,5004.5,5005.0,311.0
2024-02-20 05:00:00,5005.0,5005.75,5004.75,5005.5,293.0
2024-02-20 05:05:00,5005.5,5006.25,5005.5,5005.75,422.0
2024-02-20 05:10:00,5005.5,5005.75,5005.0,5005.0,241.0
2024-02-20 05:15:00,5005.0,5005.75,5004.5,5005.5,130.0
2024-02-20 05:20:00,5005.5,5005.5,5005.0,5005.5,158.0
2024-02-20 05:25:00,5005.25,5005.25,5004.75,5004.75,229.0
2024-02-20 05:30:00,5004.75,5005.5,5003.5,5004.25,846.0
2024-02-20 05:35:00,5004.25,5004.25,5002.25,5003.5,753.0
2024-02-20 05:40:00,5003.5,5004.5,5003.5,5004.25,336.0
2024-02-20 05:45:00,5004.0,5005.25,5003.5,5005.25,565.0
2024-02-20 05:50:00,5005.0,5006.0,5005.0,5005.75,519.0
2024-02-20 05:55:00,5005.75,5006.0,5005.0,5006.0,452.0
2024-02-20 06:00:00,5005.75,5006.5,5005.5,5006.25,367.0
2024-02-20 06:05:00,5006.25,5007.0,5005.5,5006.5,559.0
2024-02-20 06:10:00,5006.25,5006.75,5006.25,5006.75,418.0
2024-02-20 06:15:00,5006.75,5009.0,5006.75,5008.75,820.0
2024-02-20 06:20:00,5009.0,5009.0,5007.75,5008.0,380.0
2024-02-20 06:25:00,5008.0,5009.0,5008.0,5008.75,345.0
2024-02-20 06:30:00,5009.0,5010.25,5008.75,5009.25,723.0
2024-02-20 06:35:00,5009.0,5009.25,5008.25,5009.0,447.0
2024-02-20 06:40:00,5008.75,5009.25,5008.75,5009.0,432.0
2024-02-20 06:45:00,5009.0,5009.25,5007.75,5008.0,344.0
2024-02-20 06:50:00,5007.75,5008.0,5006.75,5007.75,298.0
2024-02-20 06:55:00,5007.75,5008.25,5007.25,5008.0,340.0
2024-02-20 07:00:00,5008.25,5008.5,5007.25,5007.75,905.0
2024-02-20 07:05:00,5007.75,5008.25,5006.25,5006.5,537.0
2024-02-20 07:10:00,5006.75,5009.25,5006.5,5009.25,848.0
2024-02-20 07:15:00,5009.25,5011.75,5009.0,5011.5,1253.0
2024-02-20 07:20:00,5011.75,5011.75,5009.5,5010.5,812.0
2024-02-20 07:25:00,5010.25,5011.0,5009.0,5009.25,434.0
2024-02-20 07:30:00,5009.25,5009.75,5008.5,5008.75,599.0
2024-02-20 07:35:00,5008.75,5009.5,5008.0,5009.25,432.0
2024-02-20 07:40:00,5009.25,5010.0,5008.25,5009.5,429.0
2024-02-20 07:45:00,5009.5,5009.75,5009.0,5009.5,281.0
2024-02-20 07:50:00,5009.25,5011.5,5009.25,5011.5,806.0
2024-02-20 07:55:00,5011.5,5012.0,5010.25,5010.25,707.0
2024-02-20 08:00:00,5010.25,5011.75,5009.5,5010.5,1641.0
2024-02-20 08:05:00,5010.75,5012.25,5009.5,5010.5,1319.0
2024-02-20 08:10:00,5010.5,5010.5,5007.75,5008.0,1601.0
2024-02-20 08:15:00,5008.25,5010.25,5006.0,5006.25,1349.0
2024-02-20 08:20:00,5006.25,5006.5,4999.75,5000.25,4183.0
2024-02-20 08:25:00,5000.25,5002.75,4999.75,5001.75,2549.0
2024-02-20 08:30:00,5002.0,5003.5,5001.25,5002.5,1710.0
2024-02-20 08:35:00,5002.5,5006.5,5002.5,5004.5,1599.0
2024-02-20 08:40:00,5004.75,5007.0,5004.25,5005.75,1393.0
2024-02-20 08:45:00,5005.75,5007.75,5005.5,5007.5,843.0
2024-02-20 08:50:00,5007.5,5007.75,5005.75,5007.0,768.0
2024-02-20 08:55:00,5006.75,5008.25,5006.75,5007.75,702.0
2024-02-20 09:00:00,5007.75,5010.75,5007.25,5010.75,1421.0
2024-02-20 09:05:00,5010.25,5010.25,5008.5,5009.75,1393.0
2024-02-20 09:10:00,5009.5,5010.0,5008.25,5009.0,948.0
2024-02-20 09:15:00,5009.0,5012.25,5009.0,5011.75,1583.0
2024-02-20 09:20:00,5011.5,5011.5,5008.25,5008.75,1590.0
2024-02-20 09:25:00,5009.0,5009.0,5004.5,5005.0,2000.0
2024-02-20 09:30:00,5005.25,5006.25,5003.25,5004.0,1468.0
2024-02-20 09:35:00,5004.25,5004.25,5002.0,5003.0,1657.0
2024-02-20 09:40:00,5003.25,5005.5,5003.25,5005.5,1255.0
2024-02-20 09:45:00,5005.25,5006.25,5004.5,5005.5,784.0
2024-02-20 09:50:00,5005.5,5006.5,5004.75,5005.5,840.0
2024-02-20 09:55:00,5005.75,5007.25,5005.75,5006.0,865.0
2024-02-20 10:00:00,5006.0,5006.25,5001.25,5002.5,1653.0
2024-02-20 10:05:00,5002.5,5002.5,4997.5,4998.0,3155.0
2024-02-20 10:10:00,4998.0,5001.75,4997.75,5000.25,2279.0
2024-02-20 10:15:00,5000.25,5000.5,4998.5,4999.25,1094.0
2024-02-20 10:20:00,4999.5,5000.5,4998.0,4998.0,1000.0
2024-02-20 10:25:00,4998.0,5001.25,4997.5,4999.75,1483.0
2024-02-20 10:30:00,4999.75,5000.25,4999.25,4999.25,867.0
2024-02-20 10:35:00,4999.25,5000.5,4999.0,5000.25,1005.0
2024-02-20 10:40:00,5000.5,5002.5,5000.5,5000.75,1413.0
2024-02-20 10:45:00,5000.75,5001.75,5000.5,5001.0,809.0
2024-02-20 10:50:00,5001.0,5002.25,4999.75,5000.25,978.0
2024-02-20 10:55:00,5000.5,5001.25,4999.5,4999.5,888.0
2024-02-20 11:00:00,4999.75,5000.25,4995.0,4995.0,3720.0
2024-02-20 11:05:00,4994.75,4997.75,4994.25,4997.25,1535.0
2024-02-20 11:10:00,4997.25,5000.0,4997.25,4999.25,1418.0
2024-02-20 11:15:00,4999.0,4999.5,4997.75,4998.0,1112.0
2024-02-20 11:20:00,4998.0,5000.0,4997.5,4999.5,799.0
2024-02-20 11:25:00,4999.5,4999.5,4997.5,4998.75,940.0
2024-02-20 11:30:00,4998.5,5001.5,4998.25,5000.5,1777.0
2024-02-20 11:35:00,5000.25,5000.25,4998.75,4999.75,910.0
2024-02-20 11:40:00,4999.75,5002.75,4999.75,5002.25,1899.0
2024-02-20 11:45:00,5002.5,5003.25,5001.25,5002.75,1449.0
2024-02-20 11:50:00,5002.75,5003.25,5002.0,5002.75,1142.0
2024-02-20 11:55:00,5002.75,5004.25,5002.25,5002.75,1587.0
2024-02-20 12:00:00,5003.0,5005.25,5000.75,5004.0,5130.0
2024-02-20 12:05:00,5003.75,5005.25,5003.75,5004.5,1336.0
2024-02-20 12:10:00,5004.75,5007.0,5004.5,5006.5,1818.0
2024-02-20 12:15:00,5006.75,5007.0,5004.0,5004.75,1708.0
2024-02-20 12:20:00,5004.75,5006.75,5004.5,5006.5,826.0
2024-02-20 12:25:00,5006.25,5007.25,5006.0,5006.0,818.0
2024-02-20 12:30:00,5006.0,5007.25,5006.0,5006.75,1214.0
2024-02-20 12:35:00,5006.75,5007.5,5006.0,5006.5,1187.0
2024-02-20 12:40:00,5006.5,5007.0,5005.5,5006.0,771.0
2024-02-20 12:45:00,5006.0,5006.25,5003.0,5003.0,1754.0
2024-02-20 12:50:00,5003.0,5004.5,5002.0,5003.75,1429.0
2024-02-20 12:55:00,5003.75,5004.25,5002.75,5003.5,984.0
2024-02-20 13:00:00,5003.25,5004.75,5003.0,5004.25,1457.0
2024-02-20 13:05:00,5004.25,5004.75,5002.25,5003.25,1806.0
2024-02-20 13:10:00,5003.5,5005.75,5002.75,5005.75,2703.0
2024-02-20 13:15:00,5005.75,5006.5,5003.25,5003.25,2544.0
2024-02-20 13:20:00,5003.5,5003.75,5000.25,5001.0,2172.0
2024-02-20 13:25:00,5001.0,5003.25,5000.5,5001.75,1972.0
2024-02-20 13:30:00,5001.75,5004.5,5001.25,5001.5,4432.0
2024-02-20 13:35:00,5001.5,5002.25,4999.5,5002.25,4216.0
2024-02-20 13:40:00,5002.25,5007.5,5002.0,5007.0,4411.0
2024-02-20 13:45:00,5006.75,5007.0,5004.75,5005.0,2355.0
2024-02-20 13:50:00,5005.0,5005.25,5001.25,5003.5,3768.0
2024-02-20 13:55:00,5003.5,5004.5,5001.5,5001.75,3013.0
2024-02-20 14:00:00,5001.75,5003.0,5000.75,5002.0,2357.0
2024-02-20 14:05:00,5002.0,5002.5,5000.25,5001.0,2733.0
2024-02-20 14:10:00,5000.75,5002.5,5000.5,5002.0,1643.0
2024-02-20 14:15:00,5002.0,5004.0,5001.75,5002.5,2517.0
2024-02-20 14:20:00,5002.75,5003.5,5000.25,5000.25,2589.0
2024-02-20 14:25:00,5000.25,5001.5,4998.75,4999.75,6363.0
2024-02-20 14:30:00,4999.75,5009.25,4999.75,5008.0,39356.0
2024-02-20 14:35:00,5008.0,5008.5,4997.25,4997.5,33094.0
2024-02-20 14:40:00,4997.5,4998.75,4989.0,4990.5,45465.0
2024-02-20 14:45:00,4990.5,4993.5,4989.25,4991.0,27220.0
2024-02-20 14:50:00,4990.75,4992.0,4986.0,4991.25,26085.0
2024-02-20 14:55:00,4991.25,4995.0,4990.25,4994.0,20794.0
2024-02-20 15:00:00,4993.75,4994.0,4986.0,4987.75,26617.0
2024-02-20 15:05:00,4987.5,4990.5,4987.5,4989.25,20163.0
2024-02-20 15:10:00,4989.25,4989.75,4983.25,4983.25,22846.0
2024-02-20 15:15:00,4983.25,4989.0,4983.0,4986.75,22852.0
2024-02-20 15:20:00,4986.5,4988.25,4984.5,4987.25,15811.0
2024-02-20 15:25:00,4987.0,4991.25,4984.5,4987.5,20662.0
2024-02-20 15:30:00,4987.5,4987.75,4982.0,4985.0,21076.0
2024-02-20 15:35:00,4984.75,4986.5,4983.25,4984.25,12035.0
2024-02-20 15:40:00,4984.25,4989.5,4984.0,4987.5,15354.0
2024-02-20 15:45:00,4987.25,4991.25,4986.5,4990.0,13167.0
2024-02-20 15:50:00,4990.0,4994.5,4988.75,4992.75,15389.0
2024-02-20 15:55:00,4992.5,4994.75,4991.5,4994.75,11193.0
2024-02-20 16:00:00,4994.75,4997.5,4993.5,4995.25,15697.0
2024-02-20 16:05:00,4995.0,4996.25,4992.75,4993.5,12161.0
2024-02-20 16:10:00,4993.25,4994.0,4991.0,4991.5,9897.0
2024-02-20 16:15:00,4991.25,4995.0,4990.75,4992.75,9944.0
2024-02-20 16:20:00,4992.75,4993.5,4990.0,4991.25,8840.0
2024-02-20 16:25:00,4991.25,4994.25,4991.0,4993.5,8863.0
2024-02-20 16:30:00,4993.75,4994.25,4987.0,4987.25,14113.0
2024-02-20 16:35:00,4987.5,4989.0,4985.5,4988.0,12654.0
2024-02-20 16:40:00,4988.0,4989.25,4986.5,4987.75,7002.0
2024-02-20 16:45:00,4987.5,4990.25,4987.5,4988.5,8465.0
2024-02-20 16:50:00,4988.25,4990.0,4986.5,4987.75,8422.0
2024-02-20 16:55:00,4987.75,4988.25,4982.5,4982.5,12580.0
2024-02-20 17:00:00,4982.5,4983.25,4977.0,4977.5,21936.0
2024-02-20 17:05:00,4977.25,4978.25,4975.75,4976.25,14141.0
2024-02-20 17:10:00,4976.25,4978.75,4975.0,4976.0,15336.0
2024-02-20 17:15:00,4976.0,4976.75,4973.75,4974.25,10418.0
2024-02-20 17:20:00,4974.25,4975.75,4972.0,4973.5,11912.0
2024-02-20 17:25:00,4973.5,4975.5,4972.25,4974.25,11063.0
2024-02-20 17:30:00,4974.0,4979.0,4973.5,4978.25,10606.0
2024-02-20 17:35:00,4978.5,4979.25,4971.25,4972.5,10925.0
2024-02-20 17:40:00,4972.5,4976.75,4968.25,4976.25,16276.0
2024-02-20 17:45:00,4976.0,4979.0,4975.75,4976.75,8461.0
2024-02-20 17:50:00,4976.5,4979.75,4973.75,4979.25,9566.0
2024-02-20 17:55:00,4979.25,4980.25,4977.25,4980.0,7217.0
2024-02-20 18:00:00,4979.75,4980.5,4977.0,4977.25,7774.0
2024-02-20 18:05:00,4977.25,4978.75,4975.75,4978.25,7232.0
2024-02-20 18:10:00,4978.25,4979.75,4977.25,4979.25,6176.0
2024-02-20 18:15:00,4979.0,4979.5,4973.25,4976.75,7992.0
2024-02-20 18:20:00,4976.75,4983.5,4976.25,4982.75,10409.0
2024-02-20 18:25:00,4983.0,4984.0,4974.5,4974.5,12736.0
2024-02-20 18:30:00,4974.75,4976.75,4971.75,4972.25,9594.0
2024-02-20 18:35:00,4972.25,4975.5,4972.25,4974.0,10627.0
2024-02-20 18:40:00,4974.0,4980.75,4973.75,4979.0,9110.0
2024-02-20 18:45:00,4979.25,4981.75,4979.0,4981.25,7603.0
2024-02-20 18:50:00,4981.5,4983.0,4979.0,4981.5,8362.0
2024-02-20 18:55:00,4981.5,4983.75,4979.75,4982.75,6762.0
2024-02-20 19:00:00,4983.0,4984.25,4979.0,4979.5,10862.0
2024-02-20 19:05:00,4979.75,4982.0,4979.0,4981.75,6861.0
2024-02-20 19:10:00,4981.75,4982.75,4980.0,4980.75,6084.0
2024-02-20 19:15:00,4981.0,4981.5,4976.5,4979.5,9292.0
2024-02-20 19:20:00,4979.75,4985.25,4978.25,4980.25,12450.0
2024-02-20 19:25:00,4980.0,4984.5,4978.5,4984.0,9180.0
2024-02-20 19:30:00,4984.0,4985.5,4981.25,4981.75,9148.0
2024-02-20 19:35:00,4981.75,4984.25,4981.75,4983.75,6233.0
2024-02-20 19:40:00,4984.0,4987.5,4982.5,4986.75,9158.0
2024-02-20 19:45:00,4986.75,4990.75,4985.0,4989.25,11564.0
2024-02-20 19:50:00,4989.5,4992.75,4989.0,4990.0,12579.0
2024-02-20 19:55:00,4990.0,4992.5,4988.75,4991.75,11034.0
2024-02-20 20:00:00,4992.0,4993.0,4987.25,4987.5,12739.0
2024-02-20 20:05:00,4987.75,4991.5,4987.5,4991.25,9086.0
2024-02-20 20:10:00,4991.0,4993.5,4990.5,4991.25,9557.0
2024-02-20 20:15:00,4991.25,4992.0,4988.25,4990.75,9055.0
2024-02-20 20:20:00,4990.5,4991.5,4987.0,4987.5,7391.0
2024-02-20 20:25:00,4987.75,4993.25,4987.75,4992.5,9101.0
2024-02-20 20:30:00,4992.5,4993.0,4976.5,4977.5,29409.0
2024-02-20 20:35:00,4977.5,4983.5,4975.5,4980.0,26730.0
2024-02-20 20:40:00,4980.0,4984.0,4979.0,4983.75,16484.0
2024-02-20 20:45:00,4983.75,4987.25,4982.5,4984.25,15465.0
2024-02-20 20:50:00,4984.0,4986.5,4982.25,4983.75,21795.0
2024-02-20 20:55:00,4983.75,4988.0,4982.0,4988.0,35126.0
2024-02-20 21:00:00,4987.75,4993.5,4987.5,4989.75,81983.0
2024-02-20 21:05:00,4989.75,4989.75,4986.75,4987.75,11297.0
2024-02-20 21:10:00,4987.75,4988.0,4987.0,4987.5,3592.0
2024-02-20 21:15:00,4987.5,4987.5,4986.5,4987.0,2356.0
2024-02-20 21:20:00,4987.0,4988.75,4986.25,4988.25,1488.0
2024-02-20 21:25:00,4988.25,4989.25,4988.25,4988.75,1435.0
2024-02-20 21:30:00,4988.75,4990.5,4988.5,4989.75,1399.0
2024-02-20 21:35:00,4990.0,4991.25,4989.75,4991.25,938.0
2024-02-20 21:40:00,4991.25,4992.0,4990.75,4991.0,999.0
2024-02-20 21:45:00,4991.25,4991.75,4990.75,4991.0,661.0
2024-02-20 21:50:00,4991.0,4991.5,4990.75,4991.0,517.0
2024-02-20 21:55:00,4991.0,4991.25,4988.5,4989.0,1207.0
2024-02-20 22:00:00,4989.0,4990.0,4989.0,4989.5,453.0
2024-02-20 23:00:00,4990.0,4990.25,4987.0,4988.75,1292.0
2024-02-20 23:05:00,4988.75,4988.75,4988.0,4988.25,556.0
2024-02-20 23:10:00,4988.5,4991.75,4988.25,4988.75,977.0
2024-02-20 23:15:00,4989.0,4991.25,4988.25,4990.75,906.0
2024-02-20 23:20:00,4991.0,4992.5,4991.0,4992.0,1395.0
2024-02-20 23:25:00,4992.25,4993.25,4991.75,4993.0,863.0
2024-02-20 23:30:00,4993.0,4993.25,4990.75,4990.75,825.0
2024-02-20 23:35:00,4990.75,4991.5,4989.5,4989.75,590.0
2024-02-20 23:40:00,4989.75,4990.0,4988.75,4989.0,421.0
2024-02-20 23:45:00,4989.0,4989.25,4987.75,4988.5,652.0
2024-02-20 23:50:00,4988.5,4989.0,4987.75,4988.5,372.0
2024-02-20 23:55:00,4988.5,4989.25,4988.25,4989.0,275.0
2024-02-21 00:00:00,4989.0,4989.0,4987.25,4988.25,734.0
2024-02-21 00:05:00,4988.25,4990.5,4988.25,4990.0,637.0
2024-02-21 00:10:00,4989.75,4990.0,4989.25,4989.75,547.0
2024-02-21 00:15:00,4989.75,4990.0,4989.0,4989.25,360.0
2024-02-21 00:20:00,4989.25,4990.25,4988.25,4990.0,452.0
2024-02-21 00:25:00,4990.25,4991.0,4989.75,4990.25,368.0
2024-02-21 00:30:00,4990.0,4990.0,4988.5,4988.75,303.0
2024-02-21 00:35:00,4988.75,4989.0,4988.25,4988.5,162.0
2024-02-21 00:40:00,4988.75,4988.75,4987.75,4988.0,353.0
2024-02-21 00:45:00,4988.25,4988.25,4987.5,4988.0,267.0
2024-02-21 00:50:00,4988.0,4988.0,4986.75,4986.75,543.0
2024-02-21 00:55:00,4986.75,4987.0,4984.75,4985.25,1122.0
2024-02-21 01:00:00,4985.25,4985.25,4982.5,4984.0,1723.0
2024-02-21 01:05:00,4983.75,4984.25,4982.75,4982.75,648.0
2024-02-21 01:10:00,4982.75,4983.5,4981.75,4981.75,800.0
2024-02-21 01:15:00,4981.75,4983.25,4981.5,4981.75,911.0
2024-02-21 01:20:00,4982.0,4982.75,4982.0,4982.25,750.0
2024-02-21 01:25:00,4982.5,4983.0,4982.25,4982.75,385.0
2024-02-21 01:30:00,4982.75,4983.25,4981.75,4981.75,599.0
2024-02-21 01:35:00,4981.75,4983.5,4981.0,4983.5,661.0
2024-02-21 01:40:00,4983.75,4985.0,4983.25,4984.75,746.0
2024-02-21 01:45:00,4984.75,4985.25,4983.75,4984.0,663.0
2024-02-21 01:50:00,4984.0,4984.25,4983.5,4983.75,530.0
2024-02-21 01:55:00,4983.5,4984.75,4983.25,4984.5,450.0
2024-02-21 02:00:00,4984.5,4985.75,4984.25,4985.25,446.0
2024-02-21 02:05:00,4985.5,4985.5,4984.75,4984.75,279.0
2024-02-21 02:10:00,4984.75,4984.75,4984.0,4984.0,258.0
2024-02-21 02:15:00,4984.25,4985.25,4983.75,4985.0,424.0
2024-02-21 02:20:00,4984.75,4984.75,4983.75,4984.25,276.0
2024-02-21 02:25:00,4984.25,4984.75,4984.0,4984.0,229.0
2024-02-21 02:30:00,4983.75,4984.25,4983.25,4983.25,326.0
2024-02-21 02:35:00,4983.5,4983.5,4981.5,4981.75,507.0
2024-02-21 02:40:00,4981.5,4983.5,4981.5,4983.0,546.0
2024-02-21 02:45:00,4983.0,4984.0,4982.75,4984.0,259.0
2024-02-21 02:50:00,4984.0,4984.0,4982.5,4983.0,209.0
2024-02-21 02:55:00,4983.0,4983.25,4982.25,4983.0,355.0
2024-02-21 03:00:00,4983.25,4983.75,4983.0,4983.0,172.0
2024-02-21 03:05:00,4983.0,4983.5,4982.5,4983.0,198.0
2024-02-21 03:10:00,4983.0,4983.75,4982.75,4983.5,284.0
2024-02-21 03:15:00,4983.5,4983.5,4982.75,4983.25,167.0
2024-02-21 03:20:00,4983.25,4983.25,4982.25,4982.5,213.0
2024-02-21 03:25:00,4982.5,4982.5,4981.75,4982.0,176.0
2024-02-21 03:30:00,4982.0,4982.75,4981.75,4982.75,268.0
2024-02-21 03:35:00,4983.0,4983.25,4982.75,4983.0,145.0
2024-02-21 03:40:00,4983.25,4984.0,4983.0,4983.75,229.0
2024-02-21 03:45:00,4983.75,4983.75,4983.25,4983.5,167.0
2024-02-21 03:50:00,4983.5,4984.25,4983.5,4983.75,200.0
2024-02-21 03:55:00,4983.75,4985.0,4983.75,4984.5,402.0
2024-02-21 04:00:00,4984.5,4984.75,4984.5,4984.5,242.0
2024-02-21 04:05:00,4984.75,4985.0,4984.25,4984.75,234.0
2024-02-21 04:10:00,4984.5,4985.0,4984.0,4985.0,250.0
2024-02-21 04:15:00,4984.75,4985.0,4984.5,4985.0,242.0
2024-02-21 04:20:00,4985.25,4985.5,4985.0,4985.5,333.0
2024-02-21 04:25:00,4985.5,4985.5,4984.75,4985.25,189.0
2024-02-21 04:30:00,4985.5,4985.75,4985.0,4985.0,191.0
2024-02-21 04:35:00,4985.0,4985.5,4984.75,4985.0,112.0
2024-02-21 04:40:00,4985.0,4985.5,4985.0,4985.25,101.0
2024-02-21 04:45:00,4985.0,4985.5,4985.0,4985.0,166.0
2024-02-21 04:50:00,4985.0,4985.25,4984.75,4984.75,211.0
2024-02-21 04:55:00,4984.5,4985.0,4984.5,4984.75,218.0
2024-02-21 05:00:00,4984.5,4985.75,4984.5,4985.75,239.0
2024-02-21 05:05:00,4985.5,4985.75,4985.25,4985.25,224.0
2024-02-21 05:10:00,4985.25,4985.5,4984.75,4985.0,87.0
2024-02-21 05:15:00,4985.0,4985.0,4984.25,4984.5,155.0
2024-02-21 05:20:00,4984.5,4984.75,4983.25,4983.75,361.0
2024-02-21 05:25:00,4983.5,4984.25,4983.25,4983.75,261.0
2024-02-21 05:30:00,4983.75,4986.0,4983.75,4984.5,620.0
2024-02-21 05:35:00,4984.5,4985.75,4984.0,4985.5,284.0
2024-02-21 05:40:00,4985.5,4986.25,4985.25,4986.25,277.0
2024-02-21 05:45:00,4986.0,4986.25,4985.75,4985.75,194.0
2024-02-21 05:50:00,4985.75,4986.25,4985.5,4985.75,169.0
2024-02-21 05:55:00,4985.75,4986.0,4985.5,4986.0,105.0
2024-02-21 06:00:00,4985.75,4987.75,4985.5,4987.5,653.0
2024-02-21 06:05:00,4987.5,4988.25,4987.25,4987.25,526.0
2024-02-21 06:10:00,4987.25,4987.25,4986.5,4986.5,282.0
2024-02-21 06:15:00,4986.5,4987.5,4985.25,4987.5,388.0
2024-02-21 06:20:00,4987.25,4987.5,4986.25,4986.25,419.0
2024-02-21 06:25:00,4986.25,4986.75,4985.25,4985.5,622.0
2024-02-21 06:30:00,4985.5,4987.25,4985.25,4987.0,621.0
2024-02-21 06:35:00,4986.75,4988.25,4986.5,4988.25,486.0
2024-02-21 06:40:00,4988.0,4988.5,4987.75,4988.25,352.0
2024-02-21 06:45:00,4988.5,4988.5,4987.5,4987.5,348.0
2024-02-21 06:50:00,4987.25,4989.0,4987.0,4989.0,823.0
2024-02-21 06:55:00,4989.0,4989.5,4988.25,4988.25,593.0
2024-02-21 07:00:00,4988.25,4989.5,4987.25,4988.0,1175.0
2024-02-21 07:05:00,4988.0,4988.5,4987.25,4987.5,535.0
2024-02-21 07:10:00,4987.5,4988.0,4987.25,4987.5,337.0
2024-02-21 07:15:00,4987.5,4988.0,4986.5,4987.5,965.0
2024-02-21 07:20:00,4987.5,4988.0,4987.25,4987.75,397.0
2024-02-21 07:25:00,4987.75,4989.25,4987.5,4988.75,676.0
2024-02-21 07:30:00,4988.75,4989.5,4988.5,4989.0,641.0
2024-02-21 07:35:00,4989.0,4989.25,4987.75,4987.75,477.0
2024-02-21 07:40:00,4988.0,4988.75,4987.75,4988.25,367.0
2024-02-21 07:45:00,4988.25,4988.25,4987.5,4987.75,386.0
2024-02-21 07:50:00,4987.5,4987.5,4986.75,4987.25,476.0
2024-02-21 07:55:00,4987.25,4987.75,4986.5,4986.75,341.0
2024-02-21 08:00:00,4986.75,4987.25,4984.5,4985.0,2103.0
2024-02-21 08:05:00,4985.25,4987.25,4984.75,4986.0,1202.0
2024-02-21 08:10:00,4986.0,4986.25,4982.5,4983.0,1587.0
2024-02-21 08:15:00,4983.0,4983.5,4981.25,4982.5,1260.0
2024-02-21 08:20:00,4982.25,4982.5,4980.25,4981.0,2087.0
2024-02-21 08:25:00,4980.75,4981.25,4978.75,4980.25,1834.0
2024-02-21 08:30:00,4980.25,4980.5,4977.5,4979.0,2247.0
2024-02-21 08:35:00,4979.0,4980.75,4978.5,4978.75,972.0
2024-02-21 08:40:00,4978.75,4980.5,4978.0,4979.0,1187.0
2024-02-21 08:45:00,4979.0,4981.5,4978.5,4980.5,1297.0
2024-02-21 08:50:00,4980.5,4981.5,4979.5,4979.75,734.0
2024-02-21 08:55:00,4979.75,4979.75,4976.0,4976.5,1854.0
2024-02-21 09:00:00,4976.25,4978.5,4976.0,4978.25,1476.0
2024-02-21 09:05:00,4978.0,4981.5,4977.5,4980.75,1400.0
2024-02-21 09:10:00,4980.5,4980.75,4977.5,4977.75,1300.0
2024-02-21 09:15:00,4977.75,4978.5,4977.5,4978.5,1346.0
2024-02-21 09:20:00,4978.25,4980.25,4978.0,4979.0,905.0
2024-02-21 09:25:00,4979.0,4979.75,4977.25,4977.75,1005.0
2024-02-21 09:30:00,4978.0,4979.5,4977.25,4979.5,754.0
2024-02-21 09:35:00,4979.5,4981.25,4979.5,4980.5,840.0
2024-02-21 09:40:00,4980.75,4981.5,4980.25,4981.25,659.0
2024-02-21 09:45:00,4981.0,4981.5,4978.5,4979.75,893.0
2024-02-21 09:50:00,4979.75,4980.25,4978.75,4979.75,579.0
2024-02-21 09:55:00,4980.0,4980.25,4978.75,4979.5,605.0
2024-02-21 10:00:00,4979.25,4980.25,4978.75,4980.0,757.0
2024-02-21 10:05:00,4980.0,4980.25,4979.0,4979.5,447.0
2024-02-21 10:10:00,4979.75,4980.5,4979.25,4980.0,485.0
2024-02-21 10:15:00,4980.25,4981.5,4980.25,4981.25,603.0
2024-02-21 10:20:00,4981.25,4983.75,4981.25,4983.0,1077.0
2024-02-21 10:25:00,4982.75,4984.5,4982.75,4983.5,1328.0
2024-02-21 10:30:00,4983.5,4983.75,4980.75,4981.25,1338.0
2024-02-21 10:35:00,4981.0,4981.75,4980.75,4981.25,731.0
2024-02-21 10:40:00,4981.25,4981.25,4980.0,4980.5,902.0
2024-02-21 10:45:00,4980.5,4982.0,4980.25,4981.5,874.0
2024-02-21 10:50:00,4981.25,4983.5,4981.25,4983.25,668.0
2024-02-21 10:55:00,4983.0,4984.0,4982.5,4982.5,497.0
2024-02-21 11:00:00,4982.75,4983.25,4981.75,4982.25,613.0
2024-02-21 11:05:00,4982.5,4983.0,4981.75,4982.25,715.0
2024-02-21 11:10:00,4982.25,4982.5,4978.5,4979.0,1545.0
2024-02-21 11:15:00,4979.25,4980.75,4978.75,4979.75,865.0
2024-02-21 11:20:00,4979.75,4980.0,4978.25,4979.0,605.0
2024-02-21 11:25:00,4979.0,4980.0,4979.0,4979.75,610.0
2024-02-21 11:30:00,4979.75,4980.25,4979.0,4979.75,702.0
2024-02-21 11:35:00,4980.0,4980.0,4978.0,4979.25,726.0
2024-02-21 11:40:00,4979.5,4980.5,4979.25,4979.25,833.0
2024-02-21 11:45:00,4979.0,4980.75,4978.0,4979.25,1149.0
2024-02-21 11:50:00,4979.25,4980.0,4978.5,4979.75,453.0
2024-02-21 11:55:00,4979.75,4980.5,4979.5,4980.25,447.0
2024-02-21 12:00:00,4980.0,4981.25,4979.5,4980.0,1818.0
2024-02-21 12:05:00,4980.0,4980.5,4976.5,4978.75,2212.0
2024-02-21 12:10:00,4978.75,4981.75,4978.25,4981.25,1249.0
2024-02-21 12:15:00,4981.0,4984.25,4981.0,4983.5,1510.0
2024-02-21 12:20:00,4983.5,4983.5,4980.5,4981.0,931.0
2024-02-21 12:25:00,4980.75,4983.0,4980.75,4982.25,836.0
2024-02-21 12:30:00,4982.25,4982.25,4979.75,4979.75,1556.0
2024-02-21 12:35:00,4980.0,4981.0,4978.5,4978.75,1662.0
2024-02-21 12:40:00,4978.75,4980.25,4978.25,4980.0,1376.0
2024-02-21 12:45:00,4980.0,4980.0,4976.0,4976.5,1901.0
2024-02-21 12:50:00,4976.5,4977.25,4975.0,4975.25,2164.0
2024-02-21 12:55:00,4975.25,4976.0,4974.25,4974.75,1788.0
2024-02-21 13:00:00,4974.75,4978.0,4974.5,4978.0,2451.0
2024-02-21 13:05:00,4978.0,4978.75,4977.0,4977.25,2309.0
2024-02-21 13:10:00,4977.25,4978.0,4976.5,4977.0,1436.0
2024-02-21 13:15:00,4977.0,4978.5,4976.5,4977.25,1406.0
2024-02-21 13:20:00,4977.25,4977.5,4975.0,4975.75,2712.0
2024-02-21 13:25:00,4975.75,4977.0,4974.0,4976.75,2298.0
2024-02-21 13:30:00,4976.5,4976.5,4973.5,4973.75,4078.0
2024-02-21 13:35:00,4973.75,4976.0,4973.0,4975.5,4036.0
2024-02-21 13:40:00,4975.5,4977.5,4974.75,4976.5,3104.0
2024-02-21 13:45:00,4976.75,4977.25,4974.25,4976.25,2657.0
2024-02-21 13:50:00,4976.25,4977.0,4974.75,4975.5,2316.0
2024-02-21 13:55:00,4975.5,4978.25,4975.25,4978.25,3262.0
2024-02-21 14:00:00,4978.25,4978.75,4977.25,4978.25,2756.0
2024-02-21 14:05:00,4978.25,4980.75,4978.25,4980.25,3950.0
2024-02-21 14:10:00,4980.25,4980.75,4979.25,4980.5,2149.0
2024-02-21 14:15:00,4980.5,4980.75,4977.75,4978.25,4582.0
2024-02-21 14:20:00,4978.5,4979.25,4977.0,4977.25,2769.0
2024-02-21 14:25:00,4977.0,4979.0,4975.75,4978.0,8170.0
2024-02-21 14:30:00,4978.0,4980.0,4974.25,4975.25,39033.0
2024-02-21 14:35:00,4975.0,4980.0,4974.5,4979.0,24103.0
2024-02-21 14:40:00,4979.25,4980.75,4975.25,4975.25,20202.0
2024-02-21 14:45:00,4975.5,4977.5,4973.0,4975.5,28914.0
2024-02-21 14:50:00,4975.75,4978.0,4974.25,4977.0,20367.0
2024-02-21 14:55:00,4977.0,4978.25,4975.25,4976.5,14504.0
2024-02-21 15:00:00,4976.5,4982.0,4975.5,4980.75,15803.0
2024-02-21 15:05:00,4980.5,4984.75,4980.5,4981.5,18772.0
2024-02-21 15:10:00,4981.5,4983.5,4981.25,4981.75,9194.0
2024-02-21 15:15:00,4981.75,4984.25,4979.75,4981.25,11546.0
2024-02-21 15:20:00,4981.25,4983.5,4981.0,4982.75,9145.0
2024-02-21 15:25:00,4982.75,4983.0,4977.25,4978.75,16717.0
2024-02-21 15:30:00,4978.75,4979.0,4974.5,4976.75,16588.0
2024-02-21 15:35:00,4976.75,4978.75,4975.0,4977.25,11391.0
2024-02-21 15:40:00,4977.0,4979.25,4976.0,4976.25,10795.0
2024-02-21 15:45:00,4976.25,4977.5,4974.25,4977.25,13292.0
2024-02-21 15:50:00,4977.25,4979.0,4976.75,4977.75,10233.0
2024-02-21 15:55:00,4977.5,4979.0,4977.0,4978.0,5729.0
2024-02-21 16:00:00,4978.25,4980.0,4976.25,4978.25,11181.0
2024-02-21 16:05:00,4978.25,4982.75,4976.5,4982.5,10136.0
2024-02-21 16:10:00,4982.25,4985.75,4981.75,4985.0,11186.0
2024-02-21 16:15:00,4985.0,4987.0,4983.25,4984.75,11853.0
2024-02-21 16:20:00,4984.5,4986.0,4983.75,4985.25,5309.0
2024-02-21 16:25:00,4985.25,4985.75,4981.75,4982.0,8329.0
2024-02-21 16:30:00,4982.0,4982.75,4980.0,4981.0,8893.0
2024-02-21 16:35:00,4980.75,4982.75,4978.75,4981.0,10754.0
2024-02-21 16:40:00,4981.25,4982.25,4979.5,4981.5,6317.0
2024-02-21 16:45:00,4981.5,4982.25,4979.5,4981.0,5529.0
2024-02-21 16:50:00,4981.25,4983.75,4981.25,4983.75,6150.0
2024-02-21 16:55:00,4984.0,4985.25,4983.25,4983.75,5952.0
2024-02-21 17:00:00,4983.75,4984.5,4980.25,4980.75,6499.0
2024-02-21 17:05:00,4981.0,4981.0,4974.25,4975.75,16385.0
2024-02-21 17:10:00,4975.75,4976.5,4972.75,4973.25,16527.0
2024-02-21 17:15:00,4973.0,4976.0,4972.75,4975.5,12218.0
2024-02-21 17:20:00,4975.5,4977.75,4974.75,4975.5,9321.0
2024-02-21 17:25:00,4975.5,4976.5,4974.5,4974.5,5845.0
2024-02-21 17:30:00,4974.75,4975.75,4973.5,4973.75,5711.0
2024-02-21 17:35:00,4973.75,4975.75,4973.25,4975.25,5582.0
2024-02-21 17:40:00,4975.25,4975.75,4971.25,4973.0,8351.0
2024-02-21 17:45:00,4973.0,4976.25,4970.0,4975.25,12592.0
2024-02-21 17:50:00,4975.5,4978.25,4975.5,4978.25,7375.0
2024-02-21 17:55:00,4978.25,4979.25,4977.5,4978.5,5740.0
2024-02-21 18:00:00,4978.5,4980.25,4967.75,4970.5,29478.0
2024-02-21 18:05:00,4970.75,4974.5,4970.25,4973.75,15789.0
2024-02-21 18:10:00,4973.75,4979.5,4973.25,4978.5,11663.0
2024-02-21 18:15:00,4978.5,4981.5,4977.5,4981.0,12136.0
2024-02-21 18:20:00,4981.0,4981.25,4976.75,4979.0,10219.0
2024-02-21 18:25:00,4979.0,4980.0,4975.5,4977.25,8353.0
2024-02-21 18:30:00,4977.25,4978.75,4974.75,4975.25,9099.0
2024-02-21 18:35:00,4975.25,4979.0,4975.25,4977.0,5857.0
2024-02-21 18:40:00,4977.0,4978.75,4975.75,4978.0,5753.0
2024-02-21 18:45:00,4978.0,4979.5,4976.75,4978.0,7285.0
2024-02-21 18:50:00,4978.0,4979.5,4977.5,4978.0,5128.0
2024-02-21 18:55:00,4978.0,4979.0,4975.75,4977.5,4817.0
2024-02-21 19:00:00,4977.5,4982.0,4971.25,4980.75,24518.0
2024-02-21 19:05:00,4980.75,4984.75,4978.5,4980.75,22092.0
2024-02-21 19:10:00,4980.75,4982.75,4979.0,4980.0,11004.0
2024-02-21 19:15:00,4980.0,4981.0,4974.5,4977.75,16519.0
2024-02-21 19:20:00,4977.75,4977.75,4970.25,4971.5,17754.0
2024-02-21 19:25:00,4971.25,4972.75,4966.25,4970.75,27544.0
2024-02-21 19:30:00,4971.0,4971.75,4967.5,4969.25,14490.0
2024-02-21 19:35:00,4969.5,4970.0,4964.0,4965.75,14187.0
2024-02-21 19:40:00,4965.5,4966.5,4962.75,4964.25,16753.0
2024-02-21 19:45:00,4964.25,4966.5,4962.75,4966.0,13866.0
2024-02-21 19:50:00,4965.75,4968.75,4965.5,4967.5,10990.0
2024-02-21 19:55:00,4967.75,4971.0,4967.0,4970.0,10980.0
2024-02-21 20:00:00,4969.75,4970.5,4967.25,4968.25,11564.0
2024-02-21 20:05:00,4968.25,4968.5,4964.5,4965.75,11869.0
2024-02-21 20:10:00,4965.75,4966.0,4963.0,4963.5,10170.0
2024-02-21 20:15:00,4963.5,4968.0,4961.25,4966.5,14102.0
2024-02-21 20:20:00,4966.5,4966.75,4959.0,4963.25,15094.0
2024-02-21 20:25:00,4963.25,4968.0,4962.25,4967.5,13164.0
2024-02-21 20:30:00,4967.5,4975.5,4967.25,4974.25,21522.0
2024-02-21 20:35:00,4974.5,4984.75,4974.25,4982.0,29042.0
2024-02-21 20:40:00,4982.0,4988.5,4980.5,4986.5,22327.0
2024-02-21 20:45:00,4986.5,4987.5,4982.5,4984.25,19924.0
2024-02-21 20:50:00,4984.5,4992.0,4983.75,4991.75,27518.0
2024-02-21 20:55:00,4991.5,4998.0,4990.5,4996.25,44134.0
2024-02-21 21:00:00,4996.25,4998.25,4992.25,4993.25,58597.0
2024-02-21 21:05:00,4993.25,4995.25,4992.75,4993.0,5933.0
2024-02-21 21:10:00,4993.0,4993.25,4990.5,4992.75,6083.0
2024-02-21 21:15:00,4993.0,4995.25,4992.5,4993.0,3910.0
2024-02-21 21:20:00,4993.25,5014.25,4973.25,4991.25,28209.0
2024-02-21 21:25:00,4991.25,5009.75,4987.25,5009.0,16670.0
2024-02-21 21:30:00,5009.0,5020.5,5007.0,5014.5,14206.0
2024-02-21 21:35:00,5014.25,5015.5,5008.25,5013.25,5861.0
2024-02-21 21:40:00,5013.0,5016.5,5012.75,5015.0,3756.0
2024-02-21 21:45:00,5014.75,5017.5,5013.25,5017.25,3905.0
2024-02-21 21:50:00,5017.25,5017.25,5013.25,5017.0,3987.0
2024-02-21 21:55:00,5016.75,5018.75,5014.0,5018.0,5355.0
2024-02-21 22:00:00,5018.0,5020.0,5017.75,5018.75,1530.0
2024-02-21 23:00:00,5016.0,5023.0,5015.5,5019.25,2549.0
2024-02-21 23:05:00,5019.0,5019.0,5016.25,5016.75,1000.0
2024-02-21 23:10:00,5016.75,5019.0,5016.75,5018.75,1258.0
2024-02-21 23:15:00,5018.75,5021.5,5018.0,5021.25,1299.0
2024-02-21 23:20:00,5021.5,5022.0,5020.5,5021.75,1367.0
2024-02-21 23:25:00,5021.75,5022.0,5019.5,5020.0,1097.0
2024-02-21 23:30:00,5019.75,5020.5,5017.5,5018.25,1297.0
2024-02-21 23:35:00,5018.25,5018.5,5016.25,5016.25,2590.0
2024-02-21 23:40:00,5016.25,5019.5,5015.25,5019.25,1282.0
2024-02-21 23:45:00,5019.5,5020.25,5018.75,5020.0,804.0
2024-02-21 23:50:00,5020.25,5020.75,5019.25,5019.5,565.0
2024-02-21 23:55:00,5019.75,5021.5,5019.5,5021.25,619.0
2024-02-22 00:00:00,5021.5,5025.0,5020.75,5024.75,2214.0
2024-02-22 00:05:00,5024.75,5026.75,5023.5,5026.75,2080.0
2024-02-22 00:10:00,5026.75,5027.0,5024.75,5025.5,1469.0
2024-02-22 00:15:00,5025.5,5028.25,5024.75,5028.0,2035.0
2024-02-22 00:20:00,5028.0,5029.0,5027.75,5028.25,1299.0
2024-02-22 00:25:00,5028.25,5029.0,5027.0,5027.25,903.0
2024-02-22 00:30:00,5027.25,5028.25,5026.75,5027.0,792.0
2024-02-22 00:35:00,5026.75,5030.0,5026.5,5030.0,1338.0
2024-02-22 00:40:00,5029.75,5030.25,5029.25,5030.25,1449.0
2024-02-22 00:45:00,5030.0,5033.0,5030.0,5032.75,1717.0
2024-02-22 00:50:00,5032.75,5036.0,5032.5,5035.0,2467.0
2024-02-22 00:55:00,5035.0,5035.0,5032.5,5033.25,2661.0
2024-02-22 01:00:00,5033.0,5034.0,5032.0,5032.5,1684.0
2024-02-22 01:05:00,5032.5,5033.25,5032.0,5032.25,1096.0
2024-02-22 01:10:00,5032.25,5034.0,5032.0,5033.75,1025.0
2024-02-22 01:15:00,5033.5,5034.75,5033.25,5033.75,1238.0
2024-02-22 01:20:00,5034.0,5034.5,5032.75,5033.0,1054.0
2024-02-22 01:25:00,5033.25,5033.75,5032.5,5032.75,897.0
2024-02-22 01:30:00,5032.75,5035.0,5032.75,5034.75,784.0
2024-02-22 01:35:00,5034.75,5035.25,5033.25,5033.75,1111.0
2024-02-22 01:40:00,5034.0,5034.5,5032.25,5032.5,1017.0
2024-02-22 01:45:00,5032.5,5033.0,5032.25,5032.75,497.0
2024-02-22 01:50:00,5032.75,5032.75,5030.5,5030.75,896.0
2024-02-22 01:55:00,5031.0,5031.5,5028.75,5029.25,1557.0
2024-02-22 02:00:00,5029.25,5030.0,5028.75,5029.25,691.0
2024-02-22 02:05:00,5029.0,5029.5,5028.75,5029.0,775.0
2024-02-22 02:10:00,5028.75,5029.0,5027.0,5027.25,838.0
2024-02-22 02:15:00,5027.25,5029.25,5027.25,5028.75,515.0
2024-02-22 02:20:00,5028.75,5029.25,5028.0,5028.5,268.0
2024-02-22 02:25:00,5028.75,5030.25,5028.25,5029.5,639.0
2024-02-22 02:30:00,5029.5,5030.0,5029.0,5029.75,322.0
2024-02-22 02:35:00,5029.75,5030.75,5029.5,5030.5,610.0
2024-02-22 02:40:00,5030.5,5031.0,5029.75,5030.25,676.0
2024-02-22 02:45:00,5030.25,5032.0,5029.5,5031.0,955.0
2024-02-22 02:50:00,5031.0,5031.75,5030.75,5031.5,333.0
2024-02-22 02:55:00,5031.5,5032.25,5031.25,5032.0,383.0
2024-02-22 03:00:00,5032.0,5033.0,5031.5,5032.5,624.0
2024-02-22 03:05:00,5032.25,5032.5,5031.75,5032.25,279.0
2024-02-22 03:10:00,5032.25,5033.0,5032.0,5032.75,429.0
2024-02-22 03:15:00,5032.75,5033.25,5032.25,5032.75,478.0
2024-02-22 03:20:00,5032.5,5032.5,5031.5,5031.75,475.0
2024-02-22 03:25:00,5031.75,5032.0,5030.5,5030.75,490.0
2024-02-22 03:30:00,5030.75,5031.5,5030.75,5031.0,387.0
2024-02-22 03:35:00,5031.0,5031.0,5030.5,5030.75,166.0
2024-02-22 03:40:00,5031.0,5031.0,5030.5,5030.75,279.0
2024-02-22 03:45:00,5030.75,5031.75,5030.75,5031.5,242.0
2024-02-22 03:50:00,5031.5,5031.75,5030.5,5031.25,339.0
2024-02-22 03:55:00,5031.0,5031.25,5030.75,5030.75,128.0
2024-02-22 04:00:00,5030.75,5031.25,5030.5,5031.25,293.0
2024-02-22 04:05:00,5031.25,5031.75,5030.5,5031.25,240.0
2024-02-22 04:10:00,5031.25,5032.0,5031.0,5032.0,298.0
2024-02-22 04:15:00,5031.75,5032.5,5031.75,5032.5,170.0
2024-02-22 04:20:00,5032.5,5032.75,5030.75,5031.5,525.0
2024-02-22 04:25:00,5031.5,5032.0,5031.25,5032.0,136.0
2024-02-22 04:30:00,5032.25,5032.5,5031.75,5032.0,266.0
2024-02-22 04:35:00,5032.0,5033.25,5032.0,5033.0,396.0
2024-02-22 04:40:00,5033.0,5033.25,5032.5,5033.25,418.0
2024-02-22 04:45:00,5033.5,5033.5,5033.0,5033.25,287.0
2024-02-22 04:50:00,5033.25,5033.5,5033.25,5033.25,192.0
2024-02-22 04:55:00,5033.5,5033.5,5033.25,5033.25,67.0
2024-02-22 05:00:00,5033.25,5033.5,5032.75,5033.25,346.0
2024-02-22 05:05:00,5033.0,5033.5,5033.0,5033.25,195.0
2024-02-22 05:10:00,5033.25,5033.25,5031.75,5032.5,1198.0
2024-02-22 05:15:00,5032.75,5033.5,5032.75,5033.5,260.0
2024-02-22 05:20:00,5033.5,5033.5,5033.0,5033.0,303.0
2024-02-22 05:25:00,5033.0,5034.5,5033.0,5034.0,671.0
2024-02-22 05:30:00,5034.0,5034.25,5032.5,5033.0,421.0
2024-02-22 05:35:00,5033.0,5035.0,5033.0,5034.5,443.0
2024-02-22 05:40:00,5034.5,5035.25,5034.5,5034.75,434.0
2024-02-22 05:45:00,5034.75,5037.5,5034.5,5035.25,1389.0
2024-02-22 05:50:00,5035.25,5035.25,5033.25,5033.75,518.0
2024-02-22 05:55:00,5033.75,5033.75,5031.75,5033.25,1021.0
2024-02-22 06:00:00,5033.25,5033.75,5032.5,5033.25,619.0
2024-02-22 06:05:00,5033.25,5033.75,5033.0,5033.5,404.0
2024-02-22 06:10:00,5033.5,5034.0,5033.0,5033.75,572.0
2024-02-22 06:15:00,5033.75,5034.5,5033.5,5034.5,536.0
2024-02-22 06:20:00,5034.5,5034.5,5034.0,5034.25,217.0
2024-02-22 06:25:00,5034.25,5035.0,5034.0,5035.0,339.0
2024-02-22 06:30:00,5034.75,5036.25,5034.75,5036.25,650.0
2024-02-22 06:35:00,5036.25,5038.0,5035.75,5037.75,1015.0
2024-02-22 06:40:00,5037.5,5039.25,5037.25,5038.5,1090.0
2024-02-22 06:45:00,5038.25,5039.25,5038.0,5038.75,1221.0
2024-02-22 06:50:00,5038.5,5040.5,5038.25,5040.5,1405.0
2024-02-22 06:55:00,5040.5,5040.75,5039.75,5040.5,647.0
2024-02-22 07:00:00,5040.5,5040.75,5039.0,5039.75,1614.0
2024-02-22 07:05:00,5039.75,5040.0,5038.75,5039.5,992.0
2024-02-22 07:10:00,5039.5,5039.75,5038.25,5038.5,1002.0
2024-02-22 07:15:00,5038.5,5040.0,5038.5,5039.25,777.0
2024-02-22 07:20:00,5039.0,5039.5,5038.25,5039.5,705.0
2024-02-22 07:25:00,5039.5,5039.75,5038.75,5039.0,780.0
2024-02-22 07:30:00,5039.25,5040.0,5039.0,5040.0,651.0
2024-02-22 07:35:00,5040.0,5040.25,5038.75,5040.0,801.0
2024-02-22 07:40:00,5040.0,5040.25,5039.75,5040.25,705.0
2024-02-22 07:45:00,5040.5,5041.75,5040.0,5041.5,1877.0
2024-02-22 07:50:00,5041.75,5043.75,5041.75,5043.5,1917.0
2024-02-22 07:55:00,5043.25,5044.0,5042.75,5044.0,1126.0
2024-02-22 08:00:00,5043.75,5047.0,5043.0,5046.75,3941.0
2024-02-22 08:05:00,5046.75,5052.5,5046.0,5051.75,6413.0
2024-02-22 08:10:00,5051.75,5053.5,5051.5,5053.0,6835.0
2024-02-22 08:15:00,5053.25,5057.0,5051.75,5056.25,6204.0
2024-02-22 08:20:00,5056.5,5057.25,5055.0,5056.0,5390.0
2024-02-22 08:25:00,5056.0,5056.75,5055.25,5056.75,2160.0
2024-02-22 08:30:00,5056.5,5057.5,5055.0,5056.0,3273.0
2024-02-22 08:35:00,5056.25,5056.25,5053.5,5054.5,3348.0
2024-02-22 08:40:00,5054.25,5054.5,5052.25,5054.0,4228.0
2024-02-22 08:45:00,5054.25,5054.75,5053.25,5053.75,1928.0
2024-02-22 08:50:00,5054.0,5055.25,5053.25,5054.25,1450.0
2024-02-22 08:55:00,5054.25,5054.75,5053.5,5054.0,903.0
2024-02-22 09:00:00,5053.75,5054.0,5048.5,5050.5,5262.0
2024-02-22 09:05:00,5050.5,5054.5,5049.75,5052.5,3855.0
2024-02-22 09:10:00,5052.5,5054.5,5052.0,5052.5,1934.0
2024-02-22 09:15:00,5052.5,5053.0,5049.25,5049.25,2902.0
2024-02-22 09:20:00,5049.5,5050.75,5048.0,5048.0,4981.0
2024-02-22 09:25:00,5048.25,5048.5,5046.0,5048.25,3106.0
2024-02-22 09:30:00,5048.25,5050.0,5047.75,5050.0,1537.0
2024-02-22 09:35:00,5049.75,5051.5,5049.25,5051.25,1629.0
2024-02-22 09:40:00,5051.5,5052.75,5050.75,5050.75,1719.0
2024-02-22 09:45:00,5051.0,5052.25,5050.75,5052.0,1252.0
2024-02-22 09:50:00,5052.0,5053.0,5051.25,5052.0,1088.0
2024-02-22 09:55:00,5052.0,5053.5,5051.0,5051.5,1534.0
2024-02-22 10:00:00,5051.5,5053.0,5051.0,5051.75,2107.0
2024-02-22 10:05:00,5052.0,5053.0,5051.25,5052.75,1077.0
2024-02-22 10:10:00,5052.75,5053.25,5052.0,5052.75,973.0
2024-02-22 10:15:00,5052.75,5053.0,5051.25,5051.25,578.0
2024-02-22 10:20:00,5051.25,5051.75,5050.0,5050.25,774.0
2024-02-22 10:25:00,5050.25,5051.0,5050.0,5050.75,821.0
2024-02-22 10:30:00,5051.0,5053.0,5051.0,5052.5,1195.0
2024-02-22 10:35:00,5052.75,5053.5,5051.75,5053.5,1563.0
2024-02-22 10:40:00,5053.5,5055.5,5053.5,5055.0,1631.0
2024-02-22 10:45:00,5054.75,5056.25,5054.0,5055.25,1470.0
2024-02-22 10:50:00,5055.25,5055.75,5054.75,5055.75,992.0
2024-02-22 10:55:00,5055.75,5056.5,5055.5,5056.0,919.0
2024-02-22 11:00:00,5056.0,5056.75,5054.75,5056.25,1908.0
2024-02-22 11:05:00,5056.0,5056.25,5055.0,5055.5,1375.0
2024-02-22 11:10:00,5055.5,5057.0,5054.75,5056.75,1303.0
2024-02-22 11:15:00,5056.5,5061.75,5056.5,5061.5,4321.0
2024-02-22 11:20:00,5061.5,5067.75,5061.25,5066.25,6941.0
2024-02-22 11:25:00,5066.5,5067.0,5062.5,5063.0,3731.0
2024-02-22 11:30:00,5063.25,5063.5,5062.25,5063.25,1736.0
2024-02-22 11:35:00,5063.25,5064.25,5062.75,5064.25,1579.0
2024-02-22 11:40:00,5064.0,5065.0,5062.25,5063.25,2251.0
2024-02-22 11:45:00,5063.25,5065.0,5063.25,5064.0,1379.0
2024-02-22 11:50:00,5064.0,5065.5,5062.25,5062.5,2253.0
2024-02-22 11:55:00,5062.5,5062.75,5061.25,5061.5,1516.0
2024-02-22 12:00:00,5061.5,5061.75,5058.75,5059.25,3678.0
2024-02-22 12:05:00,5059.25,5060.25,5058.5,5060.25,2429.0
2024-02-22 12:10:00,5060.25,5060.5,5059.0,5060.0,1664.0
2024-02-22 12:15:00,5059.75,5060.0,5057.5,5058.25,2992.0
2024-02-22 12:20:00,5058.0,5059.75,5057.75,5058.5,1765.0
2024-02-22 12:25:00,5058.5,5060.5,5058.5,5059.5,1655.0
2024-02-22 12:30:00,5059.5,5060.0,5058.25,5059.0,1310.0
2024-02-22 12:35:00,5059.25,5060.75,5058.5,5059.0,1460.0
2024-02-22 12:40:00,5059.25,5060.25,5058.5,5058.75,1493.0
2024-02-22 12:45:00,5058.75,5059.5,5058.0,5059.25,2286.0
2024-02-22 12:50:00,5059.5,5060.0,5059.25,5059.75,1580.0
2024-02-22 12:55:00,5059.75,5059.75,5058.25,5058.5,1708.0
2024-02-22 13:00:00,5058.5,5058.75,5056.5,5057.5,2960.0
2024-02-22 13:05:00,5057.75,5058.25,5056.0,5058.0,3126.0
2024-02-22 13:10:00,5058.0,5060.25,5057.25,5060.0,3537.0
2024-02-22 13:15:00,5060.25,5063.0,5059.25,5062.25,7019.0
2024-02-22 13:20:00,5062.25,5062.5,5060.5,5062.0,3170.0
2024-02-22 13:25:00,5061.75,5061.75,5060.25,5061.0,2154.0
2024-02-22 13:30:00,5061.0,5062.25,5056.25,5061.5,7417.0
2024-02-22 13:35:00,5061.5,5064.5,5061.25,5063.0,4584.0
2024-02-22 13:40:00,5063.0,5064.0,5062.0,5062.75,3845.0
2024-02-22 13:45:00,5062.5,5065.0,5062.5,5064.0,4404.0
2024-02-22 13:50:00,5063.75,5065.75,5063.75,5065.0,3651.0
2024-02-22 13:55:00,5064.75,5065.75,5062.25,5065.25,4406.0
2024-02-22 14:00:00,5065.25,5065.5,5063.5,5063.5,4675.0
2024-02-22 14:05:00,5063.5,5064.0,5062.5,5062.5,4012.0
2024-02-22 14:10:00,5062.5,5063.0,5059.75,5060.25,5161.0
2024-02-22 14:15:00,5060.25,5062.25,5059.5,5060.25,5324.0
2024-02-22 14:20:00,5060.25,5061.25,5059.75,5060.25,4272.0
2024-02-22 14:25:00,5060.5,5061.25,5059.25,5059.75,6838.0
2024-02-22 14:30:00,5060.0,5063.5,5053.25,5054.0,56255.0
2024-02-22 14:35:00,5054.0,5056.5,5052.25,5056.25,31146.0
2024-02-22 14:40:00,5056.0,5059.5,5056.0,5059.0,22310.0
2024-02-22 14:45:00,5059.0,5072.25,5058.25,5071.75,43190.0
2024-02-22 14:50:00,5072.0,5076.75,5067.25,5067.5,43097.0
2024-02-22 14:55:00,5067.5,5074.0,5066.75,5072.25,29380.0
2024-02-22 15:00:00,5072.25,5075.5,5069.0,5069.5,37308.0
2024-02-22 15:05:00,5069.75,5073.0,5069.25,5072.25,25386.0
2024-02-22 15:10:00,5072.25,5074.0,5068.25,5072.0,30612.0
2024-02-22 15:15:00,5072.0,5074.75,5069.0,5070.25,28420.0
2024-02-22 15:20:00,5070.25,5072.75,5068.75,5071.25,19602.0
2024-02-22 15:25:00,5071.25,5074.75,5069.5,5074.5,19177.0
2024-02-22 15:30:00,5074.75,5078.0,5074.25,5077.5,19734.0
2024-02-22 15:35:00,5077.75,5079.5,5075.0,5076.25,17364.0
2024-02-22 15:40:00,5076.5,5077.0,5071.5,5072.0,20191.0
2024-02-22 15:45:00,5072.25,5073.25,5067.75,5069.0,19809.0
2024-02-22 15:50:00,5069.25,5071.25,5067.5,5068.5,15253.0
2024-02-22 15:55:00,5068.5,5071.25,5068.0,5069.75,12589.0
2024-02-22 16:00:00,5069.75,5070.5,5067.5,5069.75,12780.0
2024-02-22 16:05:00,5069.75,5073.5,5068.75,5068.75,15261.0
2024-02-22 16:10:00,5069.0,5076.25,5068.5,5075.75,15075.0
2024-02-22 16:15:00,5076.0,5079.0,5074.75,5079.0,13813.0
2024-02-22 16:20:00,5078.75,5079.25,5075.25,5077.75,13525.0
2024-02-22 16:25:00,5077.75,5079.0,5076.0,5077.75,10102.0
2024-02-22 16:30:00,5077.5,5080.0,5076.0,5079.5,9858.0
2024-02-22 16:35:00,5079.5,5081.5,5077.25,5078.25,13595.0
2024-02-22 16:40:00,5078.5,5080.75,5078.25,5080.0,10530.0
2024-02-22 16:45:00,5080.0,5080.5,5072.0,5074.25,15224.0
2024-02-22 16:50:00,5074.5,5076.5,5073.5,5075.75,9925.0
2024-02-22 16:55:00,5076.0,5076.25,5074.5,5075.0,6537.0
2024-02-22 17:00:00,5075.0,5075.75,5071.25,5075.5,10012.0
2024-02-22 17:05:00,5075.75,5078.5,5075.5,5078.0,8395.0
2024-02-22 17:10:00,5078.0,5079.0,5077.5,5077.75,5600.0
2024-02-22 17:15:00,5078.0,5078.25,5075.5,5077.75,7639.0
2024-02-22 17:20:00,5077.5,5081.5,5077.5,5081.25,8616.0
2024-02-22 17:25:00,5081.5,5082.75,5080.0,5082.0,7978.0
2024-02-22 17:30:00,5082.0,5083.75,5081.5,5082.75,9998.0
2024-02-22 17:35:00,5082.75,5083.25,5081.25,5082.0,6858.0
2024-02-22 17:40:00,5082.25,5082.25,5078.5,5081.0,8079.0
2024-02-22 17:45:00,5081.0,5082.0,5080.25,5081.25,5180.0
2024-02-22 17:50:00,5081.25,5085.75,5081.25,5084.5,8549.0
2024-02-22 17:55:00,5084.75,5087.5,5084.25,5086.5,8984.0
2024-02-22 18:00:00,5086.75,5087.25,5084.25,5086.25,10192.0
2024-02-22 18:05:00,5086.25,5088.5,5085.75,5087.75,7753.0
2024-02-22 18:10:00,5087.75,5088.25,5083.25,5084.0,9019.0
2024-02-22 18:15:00,5083.75,5087.5,5083.25,5087.0,8455.0
2024-02-22 18:20:00,5086.75,5087.75,5086.0,5087.75,5131.0
2024-02-22 18:25:00,5087.75,5091.25,5087.25,5089.75,10435.0
2024-02-22 18:30:00,5089.5,5093.25,5089.5,5093.0,11102.0
2024-02-22 18:35:00,5093.0,5093.5,5091.5,5093.25,7168.0
2024-02-22 18:40:00,5093.25,5095.0,5092.5,5094.0,6967.0
2024-02-22 18:45:00,5094.0,5095.0,5093.25,5094.5,5983.0
2024-02-22 18:50:00,5094.5,5094.75,5091.5,5093.5,8985.0
2024-02-22 18:55:00,5093.5,5095.25,5093.0,5094.75,6521.0
2024-02-22 19:00:00,5094.75,5100.0,5094.25,5097.75,18695.0
2024-02-22 19:05:00,5098.0,5099.25,5097.25,5098.0,8586.0
2024-02-22 19:10:00,5098.0,5100.25,5097.25,5100.0,8163.0
2024-02-22 19:15:00,5100.0,5102.5,5099.75,5102.25,12339.0
2024-02-22 19:20:00,5102.25,5105.75,5100.75,5105.5,12571.0
2024-02-22 19:25:00,5105.5,5107.75,5104.75,5105.5,15830.0
2024-02-22 19:30:00,5105.75,5107.75,5098.75,5100.25,17862.0
2024-02-22 19:35:00,5100.0,5102.75,5099.0,5101.0,12984.0
2024-02-22 19:40:00,5101.25,5101.25,5097.25,5099.75,12291.0
2024-02-22 19:45:00,5099.75,5101.25,5097.0,5098.0,12251.0
2024-02-22 19:50:00,5098.25,5099.0,5095.5,5098.0,10751.0
2024-02-22 19:55:00,5098.0,5099.0,5091.5,5093.75,18517.0
2024-02-22 20:00:00,5094.0,5098.25,5093.25,5098.0,17689.0
2024-02-22 20:05:00,5098.0,5100.5,5096.0,5096.75,15917.0
2024-02-22 20:10:00,5097.0,5098.75,5094.5,5097.25,9667.0
2024-02-22 20:15:00,5097.0,5100.0,5096.25,5099.75,10556.0
2024-02-22 20:20:00,5099.75,5102.5,5099.25,5102.0,12238.0
2024-02-22 20:25:00,5102.0,5102.75,5100.25,5101.25,11355.0
2024-02-22 20:30:00,5101.25,5102.5,5095.75,5097.25,15476.0
2024-02-22 20:35:00,5097.5,5103.25,5096.75,5102.5,13901.0
2024-02-22 20:40:00,5102.25,5105.75,5101.25,5101.5,18746.0
2024-02-22 20:45:00,5101.75,5102.75,5098.25,5099.0,15958.0
2024-02-22 20:50:00,5099.0,5102.25,5097.5,5101.75,20644.0
2024-02-22 20:55:00,5101.5,5105.5,5097.75,5099.0,54900.0
2024-02-22 21:00:00,5099.25,5099.75,5095.0,5096.0,92417.0
2024-02-22 21:05:00,5096.0,5096.75,5095.0,5096.0,9458.0
2024-02-22 21:10:00,5096.25,5096.5,5093.5,5094.25,11380.0
2024-02-22 21:15:00,5094.25,5095.5,5092.75,5093.5,4975.0
2024-02-22 21:20:00,5093.5,5094.25,5092.75,5093.25,1975.0
2024-02-22 21:25:00,5093.0,5093.5,5092.75,5093.5,1622.0
2024-02-22 21:30:00,5093.25,5094.0,5092.0,5092.5,2464.0
2024-02-22 21:35:00,5092.5,5094.0,5092.5,5093.75,1235.0
2024-02-22 21:40:00,5093.5,5094.25,5093.25,5093.5,1176.0
2024-02-22 21:45:00,5093.25,5093.75,5092.75,5093.75,1409.0
2024-02-22 21:50:00,5093.75,5094.5,5093.5,5094.25,667.0
2024-02-22 21:55:00,5094.25,5094.75,5093.0,5093.0,1999.0
2024-02-22 22:00:00,5093.25,5093.75,5092.75,5093.25,562.0
2024-02-22 23:00:00,5094.25,5098.5,5094.0,5096.0,1413.0
2024-02-22 23:05:00,5096.0,5096.5,5094.25,5094.5,736.0
2024-02-22 23:10:00,5094.75,5096.25,5094.75,5095.5,550.0
2024-02-22 23:15:00,5095.75,5096.5,5095.5,5096.25,320.0
2024-02-22 23:20:00,5096.25,5098.5,5096.0,5098.25,1045.0
2024-02-22 23:25:00,5098.25,5098.5,5097.0,5098.25,968.0
2024-02-22 23:30:00,5098.25,5099.25,5098.0,5099.25,781.0
2024-02-22 23:35:00,5099.25,5099.75,5098.75,5099.75,776.0
2024-02-22 23:40:00,5099.5,5100.5,5099.5,5100.0,814.0
2024-02-22 23:45:00,5099.75,5100.25,5099.25,5099.5,678.0
2024-02-22 23:50:00,5099.75,5100.25,5099.25,5099.75,413.0
2024-02-22 23:55:00,5099.75,5099.75,5098.75,5099.0,396.0
2024-02-23 00:00:00,5099.0,5099.25,5097.25,5097.75,614.0
2024-02-23 00:05:00,5097.75,5097.75,5095.25,5095.5,954.0
2024-02-23 00:10:00,5095.75,5097.0,5095.75,5096.25,702.0
2024-02-23 00:15:00,5096.5,5097.0,5096.0,5097.0,515.0
2024-02-23 00:20:00,5096.75,5097.0,5096.25,5096.25,413.0
2024-02-23 00:25:00,5096.25,5096.5,5095.5,5096.5,428.0
2024-02-23 00:30:00,5096.5,5097.0,5096.25,5096.75,217.0
2024-02-23 00:35:00,5096.75,5096.75,5092.25,5094.25,3695.0
2024-02-23 00:40:00,5094.25,5096.0,5093.75,5095.5,800.0
2024-02-23 00:45:00,5095.5,5095.75,5094.5,5094.5,414.0
2024-02-23 00:50:00,5094.75,5095.0,5094.0,5095.0,288.0
2024-02-23 00:55:00,5095.0,5096.5,5095.0,5095.75,347.0
2024-02-23 01:00:00,5095.75,5096.75,5095.0,5096.5,552.0
2024-02-23 01:05:00,5096.5,5096.75,5095.5,5096.5,451.0
2024-02-23 01:10:00,5096.5,5097.5,5096.25,5096.25,384.0
2024-02-23 01:15:00,5096.25,5097.0,5096.0,5096.75,365.0
2024-02-23 01:20:00,5096.75,5098.25,5096.5,5098.0,534.0
2024-02-23 01:25:00,5098.0,5098.75,5098.0,5098.0,622.0
2024-02-23 01:30:00,5098.0,5100.5,5098.0,5100.0,990.0
2024-02-23 01:35:00,5099.75,5101.75,5099.75,5100.5,1176.0
2024-02-23 01:40:00,5100.5,5101.5,5099.0,5101.25,751.0
2024-02-23 01:45:00,5101.5,5101.75,5100.25,5100.25,581.0
2024-02-23 01:50:00,5100.5,5100.5,5099.5,5099.75,417.0
2024-02-23 01:55:00,5099.75,5100.25,5099.0,5099.5,517.0
2024-02-23 02:00:00,5099.5,5100.25,5099.25,5100.25,362.0
2024-02-23 02:05:00,5100.25,5101.5,5100.25,5101.5,804.0
2024-02-23 02:10:00,5101.25,5101.75,5101.0,5101.25,389.0
2024-02-23 02:15:00,5101.25,5101.25,5099.75,5100.5,400.0
2024-02-23 02:20:00,5100.5,5102.0,5100.5,5101.75,620.0
2024-02-23 02:25:00,5101.75,5102.5,5101.25,5101.75,626.0
2024-02-23 02:30:00,5101.75,5101.75,5100.75,5100.75,362.0
2024-02-23 02:35:00,5101.0,5101.75,5100.75,5101.25,253.0
2024-02-23 02:40:00,5101.25,5102.25,5101.25,5101.25,444.0
2024-02-23 02:45:00,5101.5,5102.0,5101.0,5101.25,195.0
2024-02-23 02:50:00,5101.25,5101.5,5100.75,5101.0,191.0
2024-02-23 02:55:00,5101.0,5101.25,5100.5,5100.75,306.0
2024-02-23 03:00:00,5100.75,5101.0,5100.25,5100.75,245.0
2024-02-23 03:05:00,5100.75,5101.25,5100.0,5100.25,372.0
2024-02-23 03:10:00,5100.25,5100.5,5099.75,5100.25,473.0
2024-02-23 03:15:00,5100.25,5101.25,5100.25,5100.75,425.0
2024-02-23 03:20:00,5100.75,5101.25,5100.5,5100.75,309.0
2024-02-23 03:25:00,5100.5,5101.0,5100.5,5101.0,208.0
2024-02-23 03:30:00,5101.0,5101.0,5100.5,5100.75,330.0
2024-02-23 03:35:00,5101.0,5101.75,5100.75,5101.5,248.0
2024-02-23 03:40:00,5101.5,5102.0,5100.75,5101.75,554.0
2024-02-23 03:45:00,5101.75,5102.0,5100.5,5101.0,735.0
2024-02-23 03:50:00,5100.75,5101.25,5100.5,5101.0,382.0
2024-02-23 03:55:00,5100.75,5101.0,5100.75,5100.75,150.0
2024-02-23 04:00:00,5101.0,5101.25,5100.5,5100.5,286.0
2024-02-23 04:05:00,5100.5,5101.0,5100.5,5100.5,158.0
2024-02-23 04:10:00,5100.5,5101.25,5100.5,5100.75,312.0
2024-02-23 04:15:00,5100.75,5101.5,5100.75,5101.0,176.0
2024-02-23 04:20:00,5101.25,5101.75,5101.25,5101.5,355.0
2024-02-23 04:25:00,5101.5,5101.75,5101.25,5101.5,203.0
2024-02-23 04:30:00,5101.75,5101.75,5101.25,5101.75,191.0
2024-02-23 04:35:00,5101.75,5102.0,5101.5,5101.5,382.0
2024-02-23 04:40:00,5101.5,5101.75,5101.25,5101.5,78.0
2024-02-23 04:45:00,5101.75,5102.25,5101.75,5102.25,202.0
2024-02-23 04:50:00,5102.5,5102.5,5102.0,5102.25,265.0
2024-02-23 04:55:00,5102.5,5102.5,5102.0,5102.5,214.0
2024-02-23 05:00:00,5102.5,5102.75,5102.25,5102.25,356.0
2024-02-23 05:05:00,5102.0,5102.5,5101.75,5102.25,182.0
2024-02-23 05:10:00,5102.5,5103.75,5102.25,5103.25,404.0
2024-02-23 05:15:00,5103.25,5103.5,5102.5,5102.75,243.0
2024-02-23 05:20:00,5102.5,5103.25,5102.5,5103.25,128.0
2024-02-23 05:25:00,5103.0,5103.25,5102.25,5102.75,297.0
2024-02-23 05:30:00,5103.0,5103.5,5102.0,5102.25,582.0
2024-02-23 05:35:00,5102.0,5102.5,5102.0,5102.25,159.0
2024-02-23 05:40:00,5102.25,5102.5,5101.75,5101.75,279.0
2024-02-23 05:45:00,5102.0,5102.5,5102.0,5102.5,110.0
2024-02-23 05:50:00,5102.75,5102.75,5101.25,5102.0,386.0
2024-02-23 05:55:00,5102.0,5103.0,5101.75,5103.0,129.0
2024-02-23 06:00:00,5102.75,5104.25,5102.75,5103.5,615.0
2024-02-23 06:05:00,5103.75,5104.0,5103.0,5103.0,458.0
2024-02-23 06:10:00,5103.0,5103.25,5102.25,5103.0,310.0
2024-02-23 06:15:00,5103.0,5103.0,5102.5,5102.75,126.0
2024-02-23 06:20:00,5102.5,5103.0,5102.0,5102.0,140.0
2024-02-23 06:25:00,5102.0,5102.25,5101.25,5101.5,432.0
2024-02-23 06:30:00,5101.5,5102.25,5101.25,5101.75,466.0
2024-02-23 06:35:00,5101.75,5102.0,5101.0,5101.0,396.0
2024-02-23 06:40:00,5101.0,5101.0,5099.75,5100.75,649.0
2024-02-23 06:45:00,5100.75,5101.25,5100.5,5100.75,278.0
2024-02-23 06:50:00,5100.75,5101.25,5100.5,5101.0,391.0
2024-02-23 06:55:00,5101.0,5102.5,5101.0,5101.5,375.0
2024-02-23 07:00:00,5101.5,5102.0,5098.75,5099.5,1124.0
2024-02-23 07:05:00,5099.5,5099.75,5099.0,5099.5,541.0
2024-02-23 07:10:00,5099.5,5099.5,5097.75,5098.75,1060.0
2024-02-23 07:15:00,5099.0,5100.5,5099.0,5100.0,987.0
2024-02-23 07:20:00,5100.0,5100.0,5099.25,5099.25,604.0
2024-02-23 07:25:00,5099.5,5099.5,5098.5,5099.0,473.0
2024-02-23 07:30:00,5099.0,5099.5,5098.75,5099.0,498.0
2024-02-23 07:35:00,5099.0,5099.5,5098.75,5099.25,326.0
2024-02-23 07:40:00,5099.0,5099.5,5098.75,5099.5,299.0
2024-02-23 07:45:00,5099.5,5100.0,5099.25,5100.0,360.0
2024-02-23 07:50:00,5100.0,5101.5,5099.75,5101.0,550.0
2024-02-23 07:55:00,5101.25,5101.75,5100.0,5100.0,520.0
2024-02-23 08:00:00,5100.0,5100.5,5098.25,5099.75,1507.0
2024-02-23 08:05:00,5099.75,5100.0,5094.75,5097.25,2790.0
2024-02-23 08:10:00,5097.25,5098.0,5096.5,5097.25,1153.0
2024-02-23 08:15:00,5097.5,5099.25,5097.25,5098.25,1139.0
2024-02-23 08:20:00,5098.0,5098.25,5097.25,5097.5,859.0
2024-02-23 08:25:00,5097.5,5098.0,5096.25,5096.5,967.0
2024-02-23 08:30:00,5096.5,5098.5,5096.5,5098.0,860.0
2024-02-23 08:35:00,5097.75,5098.25,5096.5,5097.5,1211.0
2024-02-23 08:40:00,5097.5,5098.5,5097.25,5097.5,626.0
2024-02-23 08:45:00,5097.25,5097.5,5096.25,5096.5,1137.0
2024-02-23 08:50:00,5096.25,5096.25,5094.75,5095.25,2040.0
2024-02-23 08:55:00,5095.0,5096.25,5095.0,5095.25,805.0
2024-02-23 09:00:00,5095.25,5096.25,5095.25,5095.75,838.0
2024-02-23 09:05:00,5095.75,5097.5,5095.0,5097.25,866.0
2024-02-23 09:10:00,5097.25,5097.5,5096.0,5096.25,819.0
2024-02-23 09:15:00,5096.25,5096.25,5095.0,5095.25,497.0
2024-02-23 09:20:00,5095.5,5095.75,5094.25,5094.5,528.0
2024-02-23 09:25:00,5094.5,5095.25,5092.0,5092.5,2569.0
2024-02-23 09:30:00,5092.75,5093.5,5092.25,5092.5,1255.0
2024-02-23 09:35:00,5092.5,5094.0,5092.5,5093.75,711.0
2024-02-23 09:40:00,5093.75,5093.75,5092.25,5093.25,943.0
2024-02-23 09:45:00,5093.0,5093.5,5092.5,5093.5,881.0
2024-02-23 09:50:00,5093.5,5095.25,5093.25,5094.75,920.0
2024-02-23 09:55:00,5094.75,5095.25,5094.5,5095.0,661.0
2024-02-23 10:00:00,5094.75,5095.25,5094.5,5095.25,1080.0
2024-02-23 10:05:00,5095.25,5095.25,5093.0,5093.25,841.0
2024-02-23 10:10:00,5093.0,5095.0,5092.75,5095.0,918.0
2024-02-23 10:15:00,5095.0,5095.25,5094.0,5095.0,662.0
2024-02-23 10:20:00,5095.0,5096.25,5095.0,5095.5,876.0
2024-02-23 10:25:00,5095.5,5096.75,5095.25,5095.75,844.0
2024-02-23 10:30:00,5096.0,5096.75,5095.75,5096.25,648.0
2024-02-23 10:35:00,5096.25,5097.0,5096.0,5096.75,609.0
2024-02-23 10:40:00,5096.75,5098.75,5096.25,5098.75,1115.0
2024-02-23 10:45:00,5098.5,5099.5,5097.5,5097.5,1564.0
2024-02-23 10:50:00,5097.75,5098.75,5097.5,5098.5,538.0
2024-02-23 10:55:00,5098.25,5098.5,5095.75,5096.5,1187.0
2024-02-23 11:00:00,5096.25,5096.75,5095.5,5096.75,1119.0
2024-02-23 11:05:00,5096.75,5097.75,5096.5,5097.25,543.0
2024-02-23 11:10:00,5097.0,5098.25,5096.5,5097.75,801.0
2024-02-23 11:15:00,5097.75,5098.25,5096.75,5098.25,579.0
2024-02-23 11:20:00,5098.25,5099.0,5097.75,5099.0,565.0
2024-02-23 11:25:00,5099.0,5099.25,5098.0,5098.5,578.0
2024-02-23 11:30:00,5098.5,5098.75,5097.25,5098.5,672.0
2024-02-23 11:35:00,5098.5,5098.75,5097.0,5097.0,809.0
2024-02-23 11:40:00,5097.0,5099.0,5097.0,5098.5,1522.0
2024-02-23 11:45:00,5098.75,5099.5,5098.25,5098.75,999.0
2024-02-23 11:50:00,5098.75,5099.5,5098.5,5099.25,793.0
2024-02-23 11:55:00,5099.25,5099.25,5097.5,5098.5,800.0
2024-02-23 12:00:00,5098.25,5100.5,5098.25,5099.75,1444.0
2024-02-23 12:05:00,5099.5,5100.0,5098.75,5098.75,1254.0
2024-02-23 12:10:00,5098.5,5099.0,5098.0,5098.75,695.0
2024-02-23 12:15:00,5098.75,5098.75,5097.25,5097.25,579.0
2024-02-23 12:20:00,5097.5,5099.0,5097.25,5098.75,1059.0
2024-02-23 12:25:00,5099.0,5101.5,5098.75,5101.0,1171.0
2024-02-23 12:30:00,5101.0,5102.0,5100.75,5102.0,1373.0
2024-02-23 12:35:00,5102.0,5102.75,5101.5,5102.25,1923.0
2024-02-23 12:40:00,5102.5,5102.75,5100.0,5100.0,1512.0
2024-02-23 12:45:00,5100.25,5100.5,5099.25,5100.25,1047.0
2024-02-23 12:50:00,5100.5,5100.75,5100.0,5100.0,777.0
2024-02-23 12:55:00,5100.0,5101.0,5100.0,5101.0,914.0
2024-02-23 13:00:00,5101.0,5101.25,5098.75,5100.0,1372.0
2024-02-23 13:05:00,5100.0,5102.25,5099.75,5101.75,1308.0
2024-02-23 13:10:00,5102.0,5102.5,5101.5,5102.5,2004.0
2024-02-23 13:15:00,5102.5,5102.75,5101.75,5102.75,1321.0
2024-02-23 13:20:00,5102.75,5104.0,5102.5,5103.75,2094.0
2024-02-23 13:25:00,5103.75,5105.0,5103.25,5103.5,2539.0
2024-02-23 13:30:00,5103.75,5106.0,5102.25,5105.75,3602.0
2024-02-23 13:35:00,5105.5,5108.0,5105.5,5106.5,4944.0
2024-02-23 13:40:00,5106.25,5107.5,5102.25,5104.25,4114.0
2024-02-23 13:45:00,5104.25,5105.5,5104.0,5105.5,2488.0
2024-02-23 13:50:00,5105.25,5107.75,5105.0,5106.5,2873.0
2024-02-23 13:55:00,5106.5,5107.25,5105.25,5107.0,2672.0
2024-02-23 14:00:00,5107.0,5109.5,5106.75,5109.0,4913.0
2024-02-23 14:05:00,5108.75,5109.5,5107.5,5109.25,4035.0
2024-02-23 14:10:00,5109.25,5110.75,5108.75,5110.25,4439.0
2024-02-23 14:15:00,5110.25,5112.25,5109.5,5111.0,4090.0
2024-02-23 14:20:00,5111.25,5116.0,5111.25,5114.75,11135.0
2024-02-23 14:25:00,5115.0,5116.0,5113.25,5114.25,6809.0
2024-02-23 14:30:00,5114.25,5120.5,5112.5,5117.25,35539.0
2024-02-23 14:35:00,5117.25,5120.25,5117.0,5119.75,23359.0
2024-02-23 14:40:00,5119.75,5121.75,5117.5,5120.25,21510.0
2024-02-23 14:45:00,5120.5,5123.5,5119.5,5120.5,21989.0
2024-02-23 14:50:00,5120.5,5121.0,5116.75,5120.75,22464.0
2024-02-23 14:55:00,5120.75,5123.0,5112.75,5115.5,36083.0
2024-02-23 15:00:00,5115.5,5120.0,5113.75,5117.0,21236.0
2024-02-23 15:05:00,5117.25,5119.25,5116.5,5117.75,13006.0
2024-02-23 15:10:00,5117.75,5119.25,5116.0,5118.5,13489.0
2024-02-23 15:15:00,5118.5,5121.25,5116.5,5118.0,13864.0
2024-02-23 15:20:00,5118.0,5120.0,5114.5,5115.25,13868.0
2024-02-23 15:25:00,5115.5,5119.75,5115.25,5117.75,12484.0
2024-02-23 15:30:00,5117.75,5118.25,5111.75,5116.25,20026.0
2024-02-23 15:35:00,5116.25,5116.25,5113.25,5115.5,13148.0
2024-02-23 15:40:00,5115.25,5118.5,5111.75,5113.25,15523.0
2024-02-23 15:45:00,5113.25,5113.25,5109.5,5110.5,22455.0
2024-02-23 15:50:00,5110.25,5113.0,5108.75,5109.75,14481.0
2024-02-23 15:55:00,5109.5,5111.25,5105.75,5110.0,19217.0
2024-02-23 16:00:00,5109.75,5109.75,5102.75,5103.5,18705.0
2024-02-23 16:05:00,5103.25,5103.25,5096.25,5098.75,27776.0
2024-02-23 16:10:00,5098.75,5099.75,5092.5,5093.0,17197.0
2024-02-23 16:15:00,5093.0,5098.75,5092.5,5097.0,21101.0
2024-02-23 16:20:00,5096.75,5100.0,5096.5,5099.0,15044.0
2024-02-23 16:25:00,5098.75,5103.5,5098.25,5103.25,16831.0
2024-02-23 16:30:00,5103.5,5103.75,5098.75,5102.75,15276.0
2024-02-23 16:35:00,5102.75,5105.0,5102.0,5104.25,14260.0
2024-02-23 16:40:00,5104.25,5105.5,5101.75,5102.25,12488.0
2024-02-23 16:45:00,5102.25,5104.25,5100.75,5102.75,9305.0
2024-02-23 16:50:00,5102.5,5105.25,5101.5,5104.25,8058.0
2024-02-23 16:55:00,5104.25,5106.5,5103.75,5105.75,11142.0
2024-02-23 17:00:00,5105.75,5109.5,5105.0,5107.75,12201.0
2024-02-23 17:05:00,5108.0,5110.75,5107.25,5110.0,12155.0
2024-02-23 17:10:00,5110.0,5111.5,5109.25,5109.5,8465.0
2024-02-23 17:15:00,5109.5,5110.5,5104.75,5106.25,14503.0
2024-02-23 17:20:00,5106.5,5109.5,5106.25,5108.5,8174.0
2024-02-23 17:25:00,5108.5,5108.75,5101.5,5104.75,13911.0
2024-02-23 17:30:00,5105.0,5105.75,5099.25,5103.5,12933.0
2024-02-23 17:35:00,5103.5,5105.0,5102.5,5104.75,9625.0
2024-02-23 17:40:00,5104.75,5107.5,5101.25,5103.25,15728.0
2024-02-23 17:45:00,5103.25,5107.25,5103.0,5107.0,8308.0
2024-02-23 17:50:00,5107.0,5107.75,5104.5,5106.25,6149.0
2024-02-23 17:55:00,5106.0,5108.25,5105.0,5106.25,5775.0
2024-02-23 18:00:00,5106.25,5108.0,5104.75,5105.0,6094.0
2024-02-23 18:05:00,5105.25,5107.75,5105.0,5106.5,6344.0
2024-02-23 18:10:00,5106.5,5109.25,5105.5,5108.25,7497.0
2024-02-23 18:15:00,5108.25,5109.75,5107.75,5109.0,6830.0
2024-02-23 18:20:00,5109.0,5111.0,5108.75,5110.75,5223.0
2024-02-23 18:25:00,5110.75,5111.25,5109.5,5110.5,6033.0
2024-02-23 18:30:00,5110.25,5112.25,5107.75,5112.0,8391.0
2024-02-23 18:35:00,5111.75,5112.25,5109.25,5110.0,6021.0
2024-02-23 18:40:00,5110.0,5111.0,5107.75,5108.75,5087.0
2024-02-23 18:45:00,5108.5,5109.75,5106.5,5108.75,5498.0
2024-02-23 18:50:00,5108.75,5109.25,5105.0,5106.25,5248.0
2024-02-23 18:55:00,5106.25,5108.0,5105.25,5106.0,4802.0
2024-02-23 19:00:00,5106.25,5107.5,5102.0,5103.75,9089.0
2024-02-23 19:05:00,5104.0,5107.5,5102.5,5104.75,7893.0
2024-02-23 19:10:00,5104.75,5104.75,5100.5,5103.0,10040.0
2024-02-23 19:15:00,5103.0,5103.75,5101.25,5103.0,5823.0
2024-02-23 19:20:00,5102.75,5103.25,5100.5,5101.75,7191.0
2024-02-23 19:25:00,5102.0,5102.0,5097.75,5098.0,8952.0
2024-02-23 19:30:00,5098.0,5103.25,5097.75,5102.75,8142.0
2024-02-23 19:35:00,5102.75,5104.0,5100.5,5103.75,9764.0
2024-02-23 19:40:00,5103.75,5104.25,5101.25,5101.75,8523.0
2024-02-23 19:45:00,5101.75,5103.25,5101.25,5102.75,5208.0
2024-02-23 19:50:00,5102.5,5105.0,5100.25,5104.0,7337.0
2024-02-23 19:55:00,5103.75,5105.0,5103.0,5104.75,8802.0
2024-02-23 20:00:00,5104.5,5106.5,5103.75,5105.5,8472.0
2024-02-23 20:05:00,5105.5,5107.0,5101.75,5101.75,12935.0
2024-02-23 20:10:00,5101.75,5102.5,5099.5,5101.5,9951.0
2024-02-23 20:15:00,5101.5,5104.5,5099.5,5103.5,9591.0
2024-02-23 20:20:00,5103.5,5103.75,5101.5,5103.25,6259.0
2024-02-23 20:25:00,5103.25,5104.5,5100.0,5102.25,9958.0
2024-02-23 20:30:00,5102.0,5102.75,5098.5,5101.25,12375.0
2024-02-23 20:35:00,5101.25,5105.75,5100.5,5105.0,12248.0
2024-02-23 20:40:00,5105.25,5105.5,5102.5,5103.75,10128.0
2024-02-23 20:45:00,5103.75,5107.5,5102.25,5106.75,15341.0
2024-02-23 20:50:00,5106.75,5109.25,5105.0,5106.0,23877.0
2024-02-23 20:55:00,5106.0,5107.25,5103.5,5106.0,27699.0
2024-02-23 21:00:00,5105.75,5106.0,5096.5,5097.75,74393.0
2024-02-23 21:05:00,5097.75,5098.75,5097.5,5098.0,9960.0
2024-02-23 21:10:00,5098.25,5099.0,5097.5,5098.0,5219.0
2024-02-23 21:15:00,5098.0,5098.25,5096.5,5096.75,3367.0
2024-02-23 21:20:00,5096.75,5098.5,5096.5,5098.25,1913.0
2024-02-23 21:25:00,5098.25,5098.5,5096.75,5097.75,1559.0
2024-02-23 21:30:00,5097.75,5098.25,5097.5,5098.0,804.0
2024-02-23 21:35:00,5098.0,5098.5,5097.5,5098.25,1094.0
2024-02-23 21:40:00,5098.5,5098.5,5097.75,5098.0,764.0
2024-02-23 21:45:00,5098.0,5098.75,5098.0,5098.0,628.0
2024-02-23 21:50:00,5098.0,5098.25,5097.25,5097.25,505.0
2024-02-23 21:55:00,5097.5,5097.5,5095.25,5095.5,2207.0
2024-02-23 22:00:00,5095.5,5095.5,5094.5,5094.75,6054.0
2024-02-25 16:25:00,5094.75,5094.75,5094.75,5094.75,2.0
2024-02-25 16:45:00,5094.75,5094.75,5094.75,5094.75,1.0
2024-02-25 23:00:00,5095.0,5097.0,5092.75,5094.5,1215.0
2024-02-25 23:05:00,5094.75,5097.25,5094.25,5096.5,929.0
2024-02-25 23:10:00,5096.75,5098.0,5096.25,5096.25,871.0
2024-02-25 23:15:00,5096.25,5098.25,5095.75,5097.75,801.0
2024-02-25 23:20:00,5097.75,5099.25,5097.75,5098.75,753.0
2024-02-25 23:25:00,5098.75,5100.5,5098.5,5099.75,822.0
2024-02-25 23:30:00,5099.5,5100.75,5099.25,5100.5,683.0
2024-02-25 23:35:00,5100.75,5101.0,5099.75,5100.25,622.0
2024-02-25 23:40:00,5100.0,5101.25,5099.75,5100.75,412.0
2024-02-25 23:45:00,5100.75,5101.0,5099.75,5100.0,633.0
2024-02-25 23:50:00,5100.25,5100.75,5099.75,5100.25,642.0
2024-02-25 23:55:00,5100.25,5100.5,5099.5,5099.75,214.0
2024-02-26 00:00:00,5099.5,5099.5,5095.0,5095.25,1298.0
2024-02-26 00:05:00,5095.25,5095.75,5093.5,5093.75,1094.0
2024-02-26 00:10:00,5093.5,5096.75,5093.5,5096.0,1233.0
2024-02-26 00:15:00,5095.75,5096.5,5095.25,5095.5,656.0
2024-02-26 00:20:00,5095.5,5095.5,5093.0,5094.0,913.0
2024-02-26 00:25:00,5094.0,5094.5,5093.5,5093.75,348.0
2024-02-26 00:30:00,5094.0,5095.25,5094.0,5094.5,432.0
2024-02-26 00:35:00,5094.5,5094.75,5093.75,5094.0,308.0
2024-02-26 00:40:00,5093.75,5094.0,5091.5,5092.75,1346.0
2024-02-26 00:45:00,5092.75,5093.5,5090.25,5090.5,1610.0
2024-02-26 00:50:00,5090.5,5091.25,5088.5,5091.0,2228.0
2024-02-26 00:55:00,5090.75,5091.0,5088.75,5089.5,798.0
2024-02-26 01:00:00,5089.5,5090.5,5088.75,5090.0,716.0
2024-02-26 01:05:00,5090.0,5091.0,5088.0,5088.0,659.0
2024-02-26 01:10:00,5088.0,5089.0,5087.25,5088.5,1027.0
2024-02-26 01:15:00,5088.75,5088.75,5087.5,5088.0,530.0
2024-02-26 01:20:00,5088.25,5090.75,5088.0,5090.25,838.0
2024-02-26 01:25:00,5090.0,5091.75,5090.0,5091.75,1215.0
2024-02-26 01:30:00,5091.75,5094.25,5091.5,5093.75,1152.0
2024-02-26 01:35:00,5094.0,5094.0,5091.75,5093.0,838.0
2024-02-26 01:40:00,5092.75,5093.75,5092.5,5093.25,341.0
2024-02-26 01:45:00,5093.25,5094.0,5092.75,5092.75,475.0
2024-02-26 01:50:00,5092.75,5093.0,5090.5,5090.5,864.0
2024-02-26 01:55:00,5090.75,5092.25,5089.75,5091.25,919.0
2024-02-26 02:00:00,5091.5,5091.5,5089.25,5091.0,1002.0
2024-02-26 02:05:00,5091.0,5091.25,5090.5,5090.75,325.0
2024-02-26 02:10:00,5090.75,5092.0,5090.5,5091.75,311.0
2024-02-26 02:15:00,5091.75,5092.75,5091.75,5092.25,365.0
2024-02-26 02:20:00,5092.0,5092.25,5090.5,5090.75,363.0
2024-02-26 02:25:00,5090.75,5092.25,5090.75,5092.0,499.0
2024-02-26 02:30:00,5092.0,5092.25,5090.0,5090.5,896.0
2024-02-26 02:35:00,5090.5,5091.75,5090.0,5091.75,583.0
2024-02-26 02:40:00,5091.5,5094.0,5091.5,5093.5,536.0
2024-02-26 02:45:00,5093.5,5094.5,5092.25,5093.0,749.0
2024-02-26 02:50:00,5093.0,5093.0,5090.5,5090.5,396.0
2024-02-26 02:55:00,5090.75,5092.0,5090.75,5091.75,242.0
2024-02-26 03:00:00,5091.75,5092.0,5090.25,5090.25,385.0
2024-02-26 03:05:00,5090.25,5091.0,5090.0,5090.5,442.0
2024-02-26 03:10:00,5090.5,5090.75,5090.0,5090.25,211.0
2024-02-26 03:15:00,5090.5,5091.75,5090.25,5091.5,367.0
2024-02-26 03:20:00,5091.25,5091.5,5091.0,5091.25,254.0
2024-02-26 03:25:00,5091.25,5091.25,5090.5,5090.75,284.0
2024-02-26 03:30:00,5090.75,5091.5,5090.5,5091.25,238.0
2024-02-26 03:35:00,5091.25,5091.75,5091.0,5091.5,178.0
2024-02-26 03:40:00,5091.5,5091.75,5091.25,5091.5,133.0
2024-02-26 03:45:00,5091.25,5091.75,5091.0,5091.25,206.0
2024-02-26 03:50:00,5091.25,5092.25,5091.0,5092.0,288.0
2024-02-26 03:55:00,5092.0,5092.0,5090.5,5090.75,412.0
2024-02-26 04:00:00,5090.75,5091.75,5090.5,5091.75,279.0
2024-02-26 04:05:00,5091.5,5091.5,5091.0,5091.0,134.0
2024-02-26 04:10:00,5091.0,5091.5,5091.0,5091.25,172.0
2024-02-26 04:15:00,5091.25,5091.5,5091.0,5091.0,158.0
2024-02-26 04:20:00,5090.75,5091.25,5090.5,5090.75,255.0
2024-02-26 04:25:00,5091.0,5091.0,5089.5,5090.25,664.0
2024-02-26 04:30:00,5090.25,5091.0,5090.0,5091.0,259.0
2024-02-26 04:35:00,5091.0,5091.75,5090.75,5091.75,195.0
2024-02-26 04:40:00,5091.5,5091.75,5091.25,5091.25,156.0
2024-02-26 04:45:00,5091.5,5091.75,5091.5,5091.75,97.0
2024-02-26 04:50:00,5091.75,5091.75,5091.0,5091.25,166.0
2024-02-26 04:55:00,5091.25,5091.75,5091.25,5091.25,107.0
2024-02-26 05:00:00,5091.25,5091.5,5090.75,5091.25,376.0
2024-02-26 05:05:00,5091.25,5092.75,5091.25,5092.75,409.0
2024-02-26 05:10:00,5092.75,5093.25,5092.25,5092.75,465.0
2024-02-26 05:15:00,5092.75,5093.25,5092.25,5093.0,335.0
2024-02-26 05:20:00,5093.25,5093.75,5092.75,5093.25,509.0
2024-02-26 05:25:00,5093.0,5093.25,5092.5,5093.25,277.0
2024-02-26 05:30:00,5093.0,5093.25,5092.25,5092.75,376.0
2024-02-26 05:35:00,5092.75,5093.5,5092.75,5093.25,118.0
2024-02-26 05:40:00,5093.25,5093.5,5092.75,5092.75,221.0
2024-02-26 05:45:00,5092.75,5092.75,5091.25,5092.5,618.0
2024-02-26 05:50:00,5092.5,5092.75,5091.25,5091.5,312.0
2024-02-26 05:55:00,5091.75,5091.75,5090.75,5091.0,295.0
2024-02-26 06:00:00,5091.25,5092.5,5091.25,5092.25,383.0
2024-02-26 06:05:00,5092.25,5092.5,5091.75,5092.0,212.0
2024-02-26 06:10:00,5091.75,5092.25,5091.25,5091.75,209.0
2024-02-26 06:15:00,5091.75,5092.0,5090.5,5091.0,491.0
2024-02-26 06:20:00,5091.25,5092.0,5091.0,5091.0,234.0
2024-02-26 06:25:00,5091.25,5091.25,5091.0,5091.25,217.0
2024-02-26 06:30:00,5091.25,5091.5,5090.5,5090.75,200.0
2024-02-26 06:35:00,5090.5,5090.75,5089.0,5089.5,1224.0
2024-02-26 06:40:00,5089.5,5090.25,5089.25,5089.75,303.0
2024-02-26 06:45:00,5089.75,5090.0,5088.75,5089.25,450.0
2024-02-26 06:50:00,5089.25,5091.0,5088.75,5091.0,876.0
2024-02-26 06:55:00,5090.75,5091.0,5090.25,5090.25,232.0
2024-02-26 07:00:00,5090.25,5091.0,5089.5,5090.0,881.0
2024-02-26 07:05:00,5090.25,5091.75,5090.25,5091.25,599.0
2024-02-26 07:10:00,5091.25,5092.5,5091.0,5092.25,414.0
2024-02-26 07:15:00,5092.5,5092.75,5091.0,5091.0,701.0
2024-02-26 07:20:00,5091.0,5091.5,5090.25,5091.25,479.0
2024-02-26 07:25:00,5091.5,5093.25,5091.0,5093.25,583.0
2024-02-26 07:30:00,5093.25,5093.5,5092.75,5093.0,677.0
2024-02-26 07:35:00,5092.75,5093.5,5092.75,5093.25,415.0
2024-02-26 07:40:00,5093.5,5094.0,5093.25,5093.75,424.0
2024-02-26 07:45:00,5093.75,5094.0,5093.0,5093.25,455.0
2024-02-26 07:50:00,5093.0,5093.0,5092.25,5092.75,389.0
2024-02-26 07:55:00,5092.75,5094.0,5092.75,5093.75,291.0
2024-02-26 08:00:00,5093.75,5094.0,5093.0,5093.75,901.0
2024-02-26 08:05:00,5093.75,5096.0,5093.75,5094.0,2128.0
2024-02-26 08:10:00,5094.0,5094.25,5093.0,5093.25,989.0
2024-02-26 08:15:00,5093.25,5093.75,5092.75,5093.5,535.0
2024-02-26 08:20:00,5093.5,5094.25,5093.5,5094.25,479.0
2024-02-26 08:25:00,5094.0,5094.75,5093.0,5093.0,747.0
2024-02-26 08:30:00,5093.0,5094.25,5092.25,5093.25,1156.0
2024-02-26 08:35:00,5093.25,5093.5,5091.75,5092.5,1450.0
2024-02-26 08:40:00,5092.5,5093.0,5091.0,5093.0,850.0
2024-02-26 08:45:00,5092.75,5093.0,5091.5,5092.5,601.0
2024-02-26 08:50:00,5092.5,5093.25,5092.0,5092.0,700.0
2024-02-26 08:55:00,5092.0,5092.5,5091.5,5091.75,525.0
2024-02-26 09:00:00,5092.0,5094.5,5092.0,5094.0,1052.0
2024-02-26 09:05:00,5094.0,5094.75,5091.5,5091.75,1189.0
2024-02-26 09:10:00,5091.75,5092.5,5090.75,5092.0,758.0
2024-02-26 09:15:00,5092.0,5093.5,5090.75,5092.75,1219.0
2024-02-26 09:20:00,5092.5,5094.0,5092.5,5093.25,755.0
2024-02-26 09:25:00,5093.5,5095.25,5093.25,5095.0,775.0
2024-02-26 09:30:00,5094.75,5095.75,5094.75,5094.75,680.0
2024-02-26 09:35:00,5094.75,5096.0,5094.75,5095.75,631.0
2024-02-26 09:40:00,5095.5,5096.0,5094.5,5095.75,604.0
2024-02-26 09:45:00,5095.75,5097.75,5095.5,5097.25,1359.0
2024-02-26 09:50:00,5097.25,5098.0,5097.0,5097.5,622.0
2024-02-26 09:55:00,5097.25,5098.5,5097.0,5098.0,646.0
2024-02-26 10:00:00,5098.0,5098.0,5096.5,5097.0,818.0
2024-02-26 10:05:00,5097.0,5097.75,5096.5,5097.5,530.0
2024-02-26 10:10:00,5097.25,5097.5,5096.75,5097.5,366.0
2024-02-26 10:15:00,5097.5,5098.25,5097.25,5098.0,443.0
2024-02-26 10:20:00,5098.0,5098.25,5097.25,5098.0,675.0
2024-02-26 10:25:00,5098.0,5100.0,5097.5,5099.5,1353.0
2024-02-26 10:30:00,5099.5,5100.5,5098.0,5098.5,1411.0
2024-02-26 10:35:00,5098.5,5099.5,5098.5,5099.5,472.0
2024-02-26 10:40:00,5099.25,5100.25,5099.0,5100.25,445.0
2024-02-26 10:45:00,5100.0,5100.75,5099.75,5100.5,1077.0
2024-02-26 10:50:00,5100.5,5100.5,5099.5,5099.5,989.0
2024-02-26 10:55:00,5099.5,5099.75,5098.25,5098.75,837.0
2024-02-26 11:00:00,5098.75,5099.5,5098.25,5098.25,735.0
2024-02-26 11:05:00,5098.25,5099.0,5098.0,5098.25,622.0
2024-02-26 11:10:00,5098.0,5099.25,5098.0,5099.0,361.0
2024-02-26 11:15:00,5098.75,5101.0,5098.75,5100.25,900.0
2024-02-26 11:20:00,5100.0,5101.25,5100.0,5100.25,810.0
2024-02-26 11:25:00,5100.25,5101.0,5100.25,5100.75,361.0
2024-02-26 11:30:00,5101.0,5102.0,5099.75,5099.75,1126.0
2024-02-26 11:35:00,5099.75,5100.25,5099.5,5099.5,452.0
2024-02-26 11:40:00,5099.5,5101.25,5099.25,5101.0,516.0
2024-02-26 11:45:00,5101.0,5101.25,5099.5,5100.0,530.0
2024-02-26 11:50:00,5099.75,5100.25,5098.25,5098.25,743.0
2024-02-26 11:55:00,5098.5,5100.0,5098.5,5099.5,491.0
2024-02-26 12:00:00,5099.25,5100.25,5097.75,5098.0,686.0
2024-02-26 12:05:00,5097.75,5098.5,5097.0,5097.5,1013.0
2024-02-26 12:10:00,5097.25,5098.25,5097.0,5097.5,729.0
2024-02-26 12:15:00,5097.75,5098.75,5096.75,5098.5,910.0
2024-02-26 12:20:00,5098.75,5099.25,5098.5,5099.0,431.0
2024-02-26 12:25:00,5099.25,5099.5,5098.0,5098.0,615.0
2024-02-26 12:30:00,5098.0,5098.5,5097.0,5098.0,772.0
2024-02-26 12:35:00,5098.0,5098.75,5097.25,5097.75,807.0
2024-02-26 12:40:00,5097.5,5098.0,5096.25,5096.25,696.0
2024-02-26 12:45:00,5096.25,5097.0,5096.0,5096.75,1090.0
2024-02-26 12:50:00,5096.5,5097.5,5096.0,5097.5,726.0
2024-02-26 12:55:00,5097.5,5097.75,5096.5,5096.75,805.0
2024-02-26 13:00:00,5096.5,5097.5,5096.0,5096.5,849.0
2024-02-26 13:05:00,5096.25,5098.75,5095.25,5098.25,1669.0
2024-02-26 13:10:00,5098.25,5099.75,5098.25,5099.5,1127.0
2024-02-26 13:15:00,5099.25,5101.25,5099.25,5101.0,1502.0
2024-02-26 13:20:00,5100.75,5101.25,5100.5,5101.0,1063.0
2024-02-26 13:25:00,5100.75,5102.0,5100.75,5101.0,1755.0
2024-02-26 13:30:00,5101.0,5104.25,5100.75,5104.25,2435.0
2024-02-26 13:35:00,5104.25,5105.0,5103.5,5104.75,3804.0
2024-02-26 13:40:00,5104.75,5107.25,5104.75,5106.0,2902.0
2024-02-26 13:45:00,5106.0,5106.5,5105.0,5105.5,2204.0
2024-02-26 13:50:00,5105.5,5105.75,5104.0,5104.5,2741.0
2024-02-26 13:55:00,5104.5,5105.75,5104.25,5105.25,2042.0
2024-02-26 14:00:00,5105.25,5105.25,5104.0,5104.25,2923.0
2024-02-26 14:05:00,5104.25,5104.5,5102.25,5102.25,2337.0
2024-02-26 14:10:00,5102.5,5103.5,5102.0,5103.0,1895.0
2024-02-26 14:15:00,5102.75,5103.25,5101.25,5101.5,1909.0
2024-02-26 14:20:00,5101.75,5102.25,5101.0,5101.25,2035.0
2024-02-26 14:25:00,5101.25,5101.75,5099.5,5101.0,4564.0
2024-02-26 14:30:00,5100.75,5107.5,5100.5,5106.5,30732.0
2024-02-26 14:35:00,5106.5,5108.0,5104.5,5105.0,23353.0
2024-02-26 14:40:00,5104.75,5107.0,5103.75,5105.0,18218.0
2024-02-26 14:45:00,5105.25,5105.25,5097.75,5098.75,22808.0
2024-02-26 14:50:00,5098.75,5103.25,5098.25,5103.0,17768.0
2024-02-26 14:55:00,5102.75,5104.25,5101.0,5102.75,10508.0
2024-02-26 15:00:00,5102.75,5103.25,5099.75,5100.25,13461.0
2024-02-26 15:05:00,5100.25,5106.0,5100.25,5104.75,11563.0
2024-02-26 15:10:00,5104.75,5104.75,5101.25,5102.25,10818.0
2024-02-26 15:15:00,5102.25,5102.5,5098.25,5100.25,13883.0
2024-02-26 15:20:00,5100.25,5103.5,5099.25,5102.25,10760.0
2024-02-26 15:25:00,5102.25,5103.5,5100.25,5100.75,8119.0
2024-02-26 15:30:00,5100.75,5101.5,5097.25,5100.25,11321.0
2024-02-26 15:35:00,5100.0,5103.75,5100.0,5102.25,8954.0
2024-02-26 15:40:00,5102.0,5102.5,5098.5,5099.25,9303.0
2024-02-26 15:45:00,5099.25,5100.25,5098.0,5098.0,6811.0
2024-02-26 15:50:00,5098.25,5099.25,5095.5,5098.25,10756.0
2024-02-26 15:55:00,5098.5,5099.0,5094.5,5096.25,10217.0
2024-02-26 16:00:00,5096.25,5097.0,5094.5,5096.0,8383.0
2024-02-26 16:05:00,5096.0,5096.5,5090.75,5091.75,13724.0
2024-02-26 16:10:00,5091.75,5095.75,5091.0,5094.25,10521.0
2024-02-26 16:15:00,5094.25,5097.75,5093.5,5095.75,8641.0
2024-02-26 16:20:00,5096.0,5096.25,5093.0,5093.0,6758.0
2024-02-26 16:25:00,5093.0,5094.5,5090.5,5094.0,10285.0
2024-02-26 16:30:00,5094.25,5096.5,5094.0,5095.5,8260.0
2024-02-26 16:35:00,5095.5,5096.5,5092.75,5096.0,8596.0
2024-02-26 16:40:00,5096.0,5097.25,5095.0,5095.5,7993.0
2024-02-26 16:45:00,5095.5,5097.75,5095.5,5097.0,5248.0
2024-02-26 16:50:00,5097.0,5099.75,5096.5,5099.25,7389.0
2024-02-26 16:55:00,5099.0,5099.5,5098.0,5098.5,5761.0
2024-02-26 17:00:00,5098.25,5098.25,5093.25,5095.0,10914.0
2024-02-26 17:05:00,5095.0,5096.25,5094.25,5095.25,4727.0
2024-02-26 17:10:00,5095.25,5096.75,5093.75,5096.75,5521.0
2024-02-26 17:15:00,5096.75,5097.25,5095.5,5096.25,4862.0
2024-02-26 17:20:00,5096.0,5097.5,5095.0,5097.0,7656.0
2024-02-26 17:25:00,5096.75,5099.5,5096.75,5098.5,6871.0
2024-02-26 17:30:00,5098.5,5099.5,5096.75,5097.25,7475.0
2024-02-26 17:35:00,5097.25,5097.25,5095.25,5095.25,5744.0
2024-02-26 17:40:00,5095.5,5096.25,5094.5,5095.25,4819.0
2024-02-26 17:45:00,5095.5,5095.5,5093.25,5094.0,5728.0
2024-02-26 17:50:00,5093.75,5095.0,5092.25,5092.25,6270.0
2024-02-26 17:55:00,5092.25,5094.5,5092.0,5093.75,5183.0
2024-02-26 18:00:00,5093.75,5094.5,5089.75,5094.5,11137.0
2024-02-26 18:05:00,5094.5,5095.5,5092.5,5094.75,6507.0
2024-02-26 18:10:00,5095.0,5096.5,5094.0,5096.0,5873.0
2024-02-26 18:15:00,5096.25,5096.5,5094.75,5095.0,3555.0
2024-02-26 18:20:00,5094.75,5094.75,5090.0,5091.5,10423.0
2024-02-26 18:25:00,5091.25,5092.25,5085.0,5087.75,21128.0
2024-02-26 18:30:00,5088.0,5088.25,5083.5,5085.25,14586.0
2024-02-26 18:35:00,5085.25,5085.25,5080.75,5084.0,17693.0
2024-02-26 18:40:00,5084.0,5087.75,5083.75,5087.25,9604.0
2024-02-26 18:45:00,5087.25,5088.5,5086.0,5086.5,9451.0
2024-02-26 18:50:00,5086.5,5087.0,5084.25,5086.5,9336.0
2024-02-26 18:55:00,5086.5,5089.25,5086.5,5088.75,7725.0
2024-02-26 19:00:00,5088.75,5091.75,5088.5,5090.25,7765.0
2024-02-26 19:05:00,5090.25,5093.5,5090.0,5090.75,9812.0
2024-02-26 19:10:00,5090.75,5091.5,5086.0,5087.25,13352.0
2024-02-26 19:15:00,5087.0,5088.0,5085.5,5086.75,7617.0
2024-02-26 19:20:00,5086.75,5091.25,5086.0,5091.0,7277.0
2024-02-26 19:25:00,5091.0,5092.0,5090.0,5091.5,7180.0
2024-02-26 19:30:00,5091.5,5094.75,5090.75,5091.25,10069.0
2024-02-26 19:35:00,5091.5,5092.75,5088.25,5090.5,9158.0
2024-02-26 19:40:00,5090.75,5091.75,5087.5,5089.25,6046.0
2024-02-26 19:45:00,5089.0,5090.5,5088.25,5089.0,5375.0
2024-02-26 19:50:00,5089.25,5092.75,5088.5,5090.25,7175.0
2024-02-26 19:55:00,5090.25,5090.5,5088.5,5089.25,5465.0
2024-02-26 20:00:00,5089.25,5089.5,5087.25,5088.75,7817.0
2024-02-26 20:05:00,5088.75,5090.25,5087.25,5088.5,8345.0
2024-02-26 20:10:00,5088.5,5093.75,5088.25,5093.0,14726.0
2024-02-26 20:15:00,5093.0,5093.25,5088.5,5088.5,11620.0
2024-02-26 20:20:00,5088.5,5090.0,5087.25,5088.0,9994.0
2024-02-26 20:25:00,5088.0,5090.0,5087.75,5088.75,4765.0
2024-02-26 20:30:00,5088.75,5090.25,5083.75,5085.25,13748.0
2024-02-26 20:35:00,5085.25,5087.0,5083.5,5087.0,12326.0
2024-02-26 20:40:00,5086.75,5087.5,5083.75,5084.25,10825.0
2024-02-26 20:45:00,5084.25,5088.25,5083.75,5086.75,12049.0
2024-02-26 20:50:00,5087.0,5089.75,5083.25,5084.5,16349.0
2024-02-26 20:55:00,5084.5,5085.75,5081.5,5081.5,21126.0
2024-02-26 21:00:00,5081.75,5082.0,5078.25,5079.0,76064.0
2024-02-26 21:05:00,5078.75,5080.5,5078.75,5079.0,5638.0
2024-02-26 21:10:00,5079.0,5079.75,5077.75,5078.25,5019.0
2024-02-26 21:15:00,5078.25,5079.25,5078.25,5078.5,2417.0
2024-02-26 21:20:00,5078.75,5079.0,5078.5,5079.0,630.0
2024-02-26 21:25:00,5079.0,5079.0,5078.75,5078.75,577.0
2024-02-26 21:30:00,5078.75,5079.75,5078.75,5079.5,1074.0
2024-02-26 21:35:00,5079.75,5079.75,5078.75,5079.0,554.0
2024-02-26 21:40:00,5078.75,5079.25,5077.25,5077.75,1168.0
2024-02-26 21:45:00,5077.75,5078.25,5077.25,5078.0,1221.0
2024-02-26 21:50:00,5078.0,5078.0,5077.25,5077.5,739.0
2024-02-26 21:55:00,5077.5,5077.5,5076.25,5077.25,1597.0
2024-02-26 22:00:00,5077.0,5077.75,5076.75,5077.5,589.0
2024-02-26 23:00:00,5077.5,5077.75,5075.75,5076.5,696.0
2024-02-26 23:05:00,5076.5,5077.75,5076.25,5077.75,349.0
2024-02-26 23:10:00,5077.75,5079.0,5077.25,5078.25,637.0
2024-02-26 23:15:00,5078.5,5078.75,5077.75,5078.5,319.0
2024-02-26 23:20:00,5078.5,5078.75,5078.0,5078.5,184.0
2024-02-26 23:25:00,5078.25,5078.5,5078.25,5078.5,86.0
2024-02-26 23:30:00,5078.25,5079.5,5078.25,5079.5,454.0
2024-02-26 23:35:00,5079.25,5080.5,5079.25,5080.0,378.0
2024-02-26 23:40:00,5080.25,5081.5,5080.0,5081.25,647.0
2024-02-26 23:45:00,5081.25,5081.25,5080.0,5080.0,333.0
2024-02-26 23:50:00,5080.0,5080.25,5079.5,5079.5,424.0
2024-02-26 23:55:00,5079.75,5080.0,5079.25,5079.75,288.0
2024-02-27 00:00:00,5079.5,5079.75,5078.0,5078.25,613.0
2024-02-27 00:05:00,5078.5,5078.5,5073.25,5075.5,2269.0
2024-02-27 00:10:00,5075.25,5076.75,5074.25,5076.25,1049.0
2024-02-27 00:15:00,5076.25,5076.5,5075.0,5076.5,537.0
2024-02-27 00:20:00,5076.5,5077.5,5076.5,5077.25,379.0
2024-02-27 00:25:00,5077.25,5077.5,5076.25,5076.5,402.0
2024-02-27 00:30:00,5076.5,5078.25,5076.5,5078.0,482.0
2024-02-27 00:35:00,5078.0,5078.5,5077.5,5078.25,308.0
2024-02-27 00:40:00,5078.25,5078.5,5077.75,5078.25,244.0
2024-02-27 00:45:00,5078.0,5078.5,5077.75,5078.25,347.0
2024-02-27 00:50:00,5078.5,5078.75,5078.0,5078.25,307.0
2024-02-27 00:55:00,5078.0,5078.25,5077.0,5077.75,498.0
2024-02-27 01:00:00,5077.75,5078.75,5077.25,5078.75,1047.0
2024-02-27 01:05:00,5078.5,5079.0,5078.0,5078.75,879.0
2024-02-27 01:10:00,5078.75,5079.75,5078.25,5078.5,876.0
2024-02-27 01:15:00,5078.5,5079.0,5076.0,5076.0,2753.0
2024-02-27 01:20:00,5076.0,5078.0,5076.0,5077.75,593.0
2024-02-27 01:25:00,5077.75,5078.25,5077.25,5077.5,276.0
2024-02-27 01:30:00,5077.75,5078.5,5077.0,5078.0,992.0
2024-02-27 01:35:00,5078.0,5078.0,5077.0,5077.25,342.0
2024-02-27 01:40:00,5077.25,5077.5,5076.5,5077.0,437.0
2024-02-27 01:45:00,5077.0,5078.0,5077.0,5077.25,201.0
2024-02-27 01:50:00,5077.0,5077.25,5076.25,5077.25,328.0
2024-02-27 01:55:00,5077.25,5078.0,5076.75,5077.75,282.0
2024-02-27 02:00:00,5077.75,5079.0,5077.5,5078.75,296.0
2024-02-27 02:05:00,5079.0,5079.25,5078.75,5079.25,363.0
2024-02-27 02:10:00,5079.25,5079.5,5078.25,5078.25,406.0
2024-02-27 02:15:00,5078.5,5078.5,5076.5,5076.75,637.0
2024-02-27 02:20:00,5076.5,5077.75,5074.75,5075.75,1274.0
2024-02-27 02:25:00,5075.5,5076.25,5074.5,5074.5,715.0
2024-02-27 02:30:00,5074.75,5075.75,5074.75,5075.25,504.0
2024-02-27 02:35:00,5075.25,5075.75,5075.0,5075.25,570.0
2024-02-27 02:40:00,5075.25,5075.5,5073.75,5075.0,821.0
2024-02-27 02:45:00,5075.0,5075.25,5074.75,5075.25,295.0
2024-02-27 02:50:00,5075.25,5076.0,5075.0,5076.0,337.0
2024-02-27 02:55:00,5075.75,5075.75,5075.5,5075.75,231.0
2024-02-27 03:00:00,5075.75,5075.75,5074.25,5074.5,591.0
2024-02-27 03:05:00,5074.5,5075.5,5074.25,5074.5,500.0
2024-02-27 03:10:00,5074.75,5075.5,5074.5,5075.5,233.0
2024-02-27 03:15:00,5075.5,5075.5,5074.75,5075.5,307.0
2024-02-27 03:20:00,5075.25,5076.25,5075.0,5076.25,413.0
2024-02-27 03:25:00,5076.0,5076.5,5075.75,5076.5,320.0
2024-02-27 03:30:00,5076.25,5077.25,5076.0,5077.25,348.0
2024-02-27 03:35:00,5077.25,5078.0,5077.0,5077.25,480.0
2024-02-27 03:40:00,5077.5,5077.5,5076.25,5076.75,371.0
2024-02-27 03:45:00,5076.75,5077.25,5076.5,5077.0,178.0
2024-02-27 03:50:00,5077.0,5077.25,5076.5,5076.75,317.0
2024-02-27 03:55:00,5076.75,5078.25,5076.75,5077.75,658.0
2024-02-27 04:00:00,5077.5,5078.0,5077.25,5077.25,312.0
2024-02-27 04:05:00,5077.5,5077.75,5076.75,5077.25,311.0
2024-02-27 04:10:00,5077.25,5077.25,5076.5,5076.75,355.0
2024-02-27 04:15:00,5077.0,5077.25,5076.75,5077.0,203.0
2024-02-27 04:20:00,5077.0,5077.25,5075.5,5075.75,743.0
2024-02-27 04:25:00,5075.5,5076.25,5075.5,5076.25,319.0
2024-02-27 04:30:00,5076.5,5076.75,5076.25,5076.25,231.0
2024-02-27 04:35:00,5076.25,5077.75,5076.0,5077.5,397.0
2024-02-27 04:40:00,5077.25,5078.0,5077.25,5077.5,440.0
2024-02-27 04:45:00,5077.5,5077.75,5077.5,5077.75,209.0
2024-02-27 04:50:00,5077.5,5078.0,5077.5,5077.75,186.0
2024-02-27 04:55:00,5077.75,5078.25,5077.5,5078.25,203.0
2024-02-27 05:00:00,5078.25,5078.25,5077.25,5077.5,369.0
2024-02-27 05:05:00,5077.5,5078.5,5077.5,5078.5,161.0
2024-02-27 05:10:00,5078.5,5078.5,5077.5,5077.75,462.0
2024-02-27 05:15:00,5077.75,5079.25,5077.75,5078.75,623.0
2024-02-27 05:20:00,5078.75,5078.75,5077.25,5077.5,469.0
2024-02-27 05:25:00,5077.75,5077.75,5076.5,5076.5,449.0
2024-02-27 05:30:00,5076.75,5077.25,5076.5,5076.75,297.0
2024-02-27 05:35:00,5077.0,5077.0,5076.0,5076.0,262.0
2024-02-27 05:40:00,5076.0,5076.0,5073.0,5073.25,1278.0
2024-02-27 05:45:00,5073.25,5074.75,5073.0,5074.0,458.0
2024-02-27 05:50:00,5074.0,5074.75,5074.0,5074.5,139.0
2024-02-27 05:55:00,5074.75,5075.5,5074.75,5075.25,306.0
2024-02-27 06:00:00,5075.25,5075.75,5075.0,5075.0,405.0
2024-02-27 06:05:00,5075.25,5075.25,5074.5,5074.75,222.0
2024-02-27 06:10:00,5074.75,5075.5,5074.5,5075.0,427.0
2024-02-27 06:15:00,5075.0,5075.0,5074.25,5075.0,295.0
2024-02-27 06:20:00,5075.0,5075.25,5074.5,5074.5,307.0
2024-02-27 06:25:00,5074.5,5075.75,5074.5,5075.0,559.0
2024-02-27 06:30:00,5075.0,5075.5,5074.5,5075.5,350.0
2024-02-27 06:35:00,5075.25,5076.75,5075.25,5076.25,469.0
2024-02-27 06:40:00,5076.5,5076.5,5074.5,5074.75,344.0
2024-02-27 06:45:00,5075.0,5076.0,5074.75,5075.25,429.0
2024-02-27 06:50:00,5075.5,5075.5,5075.0,5075.5,195.0
2024-02-27 06:55:00,5075.25,5075.5,5074.75,5074.75,102.0
2024-02-27 07:00:00,5074.75,5076.5,5074.75,5075.75,494.0
2024-02-27 07:05:00,5075.75,5076.25,5075.25,5076.0,224.0
2024-02-27 07:10:00,5076.0,5078.25,5076.0,5078.25,1001.0
2024-02-27 07:15:00,5078.25,5079.5,5078.0,5078.5,787.0
2024-02-27 07:20:00,5078.75,5079.5,5078.5,5079.25,462.0
2024-02-27 07:25:00,5079.0,5080.5,5078.75,5080.0,768.0
2024-02-27 07:30:00,5079.75,5082.25,5079.75,5081.75,1476.0
2024-02-27 07:35:00,5081.75,5082.0,5081.25,5081.5,666.0
2024-02-27 07:40:00,5081.5,5082.5,5081.25,5081.25,773.0
2024-02-27 07:45:00,5081.5,5081.5,5079.75,5080.0,685.0
2024-02-27 07:50:00,5080.25,5081.0,5080.25,5081.0,495.0
2024-02-27 07:55:00,5080.75,5081.25,5080.0,5080.5,451.0
2024-02-27 08:00:00,5080.75,5081.75,5080.25,5081.25,1371.0
2024-02-27 08:05:00,5081.5,5082.75,5080.75,5081.25,1334.0
2024-02-27 08:10:00,5081.5,5082.25,5081.5,5082.0,655.0
2024-02-27 08:15:00,5082.0,5082.5,5080.0,5080.75,832.0
2024-02-27 08:20:00,5081.0,5082.0,5080.75,5081.75,639.0
2024-02-27 08:25:00,5082.0,5082.25,5081.0,5081.5,780.0
2024-02-27 08:30:00,5081.5,5081.75,5079.5,5079.75,960.0
2024-02-27 08:35:00,5079.75,5080.75,5077.75,5078.0,1382.0
2024-02-27 08:40:00,5078.0,5080.0,5078.0,5079.25,744.0
2024-02-27 08:45:00,5079.25,5079.25,5077.25,5077.75,806.0
2024-02-27 08:50:00,5077.5,5078.0,5076.75,5077.75,817.0
2024-02-27 08:55:00,5077.5,5078.5,5076.5,5077.0,730.0
2024-02-27 09:00:00,5077.25,5082.25,5077.0,5082.25,1941.0
2024-02-27 09:05:00,5082.25,5084.75,5082.0,5083.0,2506.0
2024-02-27 09:10:00,5083.25,5083.75,5082.25,5082.25,825.0
2024-02-27 09:15:00,5082.25,5083.25,5082.0,5082.75,703.0
2024-02-27 09:20:00,5082.5,5084.0,5082.5,5083.75,636.0
2024-02-27 09:25:00,5083.75,5087.0,5083.5,5085.5,2036.0
2024-02-27 09:30:00,5085.5,5086.5,5085.25,5085.5,1130.0
2024-02-27 09:35:00,5085.5,5086.25,5085.25,5085.75,627.0
2024-02-27 09:40:00,5085.75,5086.25,5085.5,5085.75,569.0
2024-02-27 09:45:00,5085.75,5086.25,5085.5,5085.75,643.0
2024-02-27 09:50:00,5085.5,5085.5,5084.25,5085.0,629.0
2024-02-27 09:55:00,5085.0,5085.75,5085.0,5085.5,571.0
2024-02-27 10:00:00,5085.5,5086.0,5085.25,5085.25,484.0
2024-02-27 10:05:00,5085.25,5086.5,5084.5,5086.25,728.0
2024-02-27 10:10:00,5086.25,5086.75,5085.25,5085.25,914.0
2024-02-27 10:15:00,5085.5,5085.5,5084.0,5084.5,1090.0
2024-02-27 10:20:00,5084.5,5085.5,5084.25,5085.25,556.0
2024-02-27 10:25:00,5085.0,5085.5,5085.0,5085.0,257.0
2024-02-27 10:30:00,5085.25,5085.5,5084.5,5084.5,509.0
2024-02-27 10:35:00,5084.5,5085.25,5084.5,5084.5,590.0
2024-02-27 10:40:00,5084.25,5084.75,5083.0,5083.25,680.0
2024-02-27 10:45:00,5083.5,5085.5,5083.5,5084.5,797.0
2024-02-27 10:50:00,5084.5,5086.5,5084.5,5086.5,705.0
2024-02-27 10:55:00,5086.25,5086.25,5085.5,5085.75,613.0
2024-02-27 11:00:00,5085.75,5086.5,5084.5,5084.75,854.0
2024-02-27 11:05:00,5084.75,5085.0,5084.0,5084.75,525.0
2024-02-27 11:10:00,5084.75,5085.25,5083.75,5083.75,462.0
2024-02-27 11:15:00,5083.5,5084.25,5083.5,5084.0,485.0
2024-02-27 11:20:00,5084.0,5084.25,5082.75,5083.0,466.0
2024-02-27 11:25:00,5083.25,5084.75,5083.25,5084.5,582.0
2024-02-27 11:30:00,5084.25,5084.5,5082.5,5083.25,723.0
2024-02-27 11:35:00,5083.25,5084.25,5083.0,5083.75,501.0
2024-02-27 11:40:00,5084.0,5084.25,5083.5,5083.75,254.0
2024-02-27 11:45:00,5083.5,5084.5,5083.25,5083.5,528.0
2024-02-27 11:50:00,5083.5,5084.5,5083.25,5084.5,886.0
2024-02-27 11:55:00,5084.5,5084.5,5083.5,5084.0,640.0
2024-02-27 12:00:00,5084.0,5085.75,5083.5,5085.5,922.0
2024-02-27 12:05:00,5085.5,5086.0,5084.5,5085.5,609.0
2024-02-27 12:10:00,5085.5,5086.5,5085.0,5086.25,879.0
2024-02-27 12:15:00,5086.25,5087.25,5086.0,5087.25,1112.0
2024-02-27 12:20:00,5087.25,5087.5,5086.75,5086.75,813.0
2024-02-27 12:25:00,5087.0,5087.75,5086.75,5087.5,919.0
2024-02-27 12:30:00,5087.25,5089.5,5087.25,5089.0,2022.0
2024-02-27 12:35:00,5088.75,5089.25,5087.75,5088.5,1291.0
2024-02-27 12:40:00,5088.75,5089.25,5088.25,5089.0,1092.0
2024-02-27 12:45:00,5089.0,5089.75,5089.0,5089.5,1146.0
2024-02-27 12:50:00,5089.5,5090.0,5088.5,5088.5,1119.0
2024-02-27 12:55:00,5088.5,5089.0,5088.25,5088.25,1090.0
2024-02-27 13:00:00,5088.5,5089.0,5087.0,5088.5,1916.0
2024-02-27 13:05:00,5088.25,5088.25,5085.75,5086.0,2180.0
2024-02-27 13:10:00,5086.0,5086.0,5084.25,5084.5,1842.0
2024-02-27 13:15:00,5084.5,5084.75,5079.25,5080.5,4300.0
2024-02-27 13:20:00,5080.5,5082.25,5080.25,5081.25,3120.0
2024-02-27 13:25:00,5081.25,5082.25,5080.75,5082.0,2207.0
2024-02-27 13:30:00,5082.0,5084.0,5080.0,5083.0,3446.0
2024-02-27 13:35:00,5083.0,5085.0,5082.0,5083.0,2836.0
2024-02-27 13:40:00,5083.25,5084.5,5082.25,5083.0,1619.0
2024-02-27 13:45:00,5083.25,5085.0,5082.0,5084.75,1975.0
2024-02-27 13:50:00,5084.5,5087.5,5084.5,5086.5,2387.0
2024-02-27 13:55:00,5086.75,5088.25,5085.75,5087.25,2384.0
2024-02-27 14:00:00,5087.25,5087.75,5085.75,5086.25,2447.0
2024-02-27 14:05:00,5086.5,5086.75,5084.75,5085.75,1717.0
2024-02-27 14:10:00,5086.0,5086.0,5084.0,5085.0,1832.0
2024-02-27 14:15:00,5085.0,5086.25,5085.0,5085.25,1465.0
2024-02-27 14:20:00,5085.5,5087.0,5085.0,5085.25,2123.0
2024-02-27 14:25:00,5085.0,5087.25,5084.5,5087.0,2864.0
2024-02-27 14:30:00,5087.25,5089.0,5082.75,5082.75,27427.0
2024-02-27 14:35:00,5082.75,5084.0,5078.5,5079.0,20617.0
2024-02-27 14:40:00,5079.25,5080.0,5074.75,5077.0,28067.0
2024-02-27 14:45:00,5076.75,5079.75,5076.0,5079.0,18287.0
2024-02-27 14:50:00,5078.75,5080.0,5075.75,5079.25,12805.0
2024-02-27 14:55:00,5079.0,5081.75,5077.5,5079.75,10637.0
2024-02-27 15:00:00,5079.75,5085.5,5079.0,5082.25,20109.0
2024-02-27 15:05:00,5082.0,5082.0,5075.75,5078.75,20361.0
2024-02-27 15:10:00,5078.75,5079.75,5077.5,5078.0,10384.0
2024-02-27 15:15:00,5078.0,5082.25,5077.5,5081.0,10758.0
2024-02-27 15:20:00,5081.0,5084.25,5079.75,5081.0,13561.0
2024-02-27 15:25:00,5081.0,5082.0,5078.25,5079.25,10863.0
2024-02-27 15:30:00,5079.25,5082.5,5079.0,5081.75,8884.0
2024-02-27 15:35:00,5081.75,5082.5,5078.75,5079.5,8904.0
2024-02-27 15:40:00,5079.25,5080.0,5077.0,5077.75,9066.0
2024-02-27 15:45:00,5077.75,5081.25,5075.5,5081.0,16830.0
2024-02-27 15:50:00,5081.25,5083.0,5079.75,5080.5,9478.0
2024-02-27 15:55:00,5080.25,5081.75,5078.25,5081.25,7250.0
2024-02-27 16:00:00,5081.25,5081.5,5079.25,5081.0,6616.0
2024-02-27 16:05:00,5080.75,5081.0,5078.0,5079.25,6282.0
2024-02-27 16:10:00,5079.25,5080.75,5077.25,5078.75,7869.0
2024-02-27 16:15:00,5078.75,5079.25,5075.5,5078.5,8788.0
2024-02-27 16:20:00,5078.75,5078.75,5076.0,5077.75,6348.0
2024-02-27 16:25:00,5077.75,5079.75,5076.75,5077.0,6193.0
2024-02-27 16:30:00,5076.75,5079.0,5075.0,5077.75,10363.0
2024-02-27 16:35:00,5078.0,5078.5,5073.75,5075.5,9152.0
2024-02-27 16:40:00,5075.25,5077.25,5074.25,5075.25,7159.0
2024-02-27 16:45:00,5075.25,5076.75,5074.75,5076.5,5906.0
2024-02-27 16:50:00,5076.5,5079.0,5075.75,5077.5,7506.0
2024-02-27 16:55:00,5077.5,5079.25,5077.25,5078.25,5253.0
2024-02-27 17:00:00,5078.25,5079.75,5078.25,5078.5,5226.0
2024-02-27 17:05:00,5078.5,5079.5,5078.0,5078.75,4340.0
2024-02-27 17:10:00,5078.75,5079.0,5077.5,5078.25,5358.0
2024-02-27 17:15:00,5078.5,5079.0,5074.75,5076.25,9708.0
2024-02-27 17:20:00,5076.25,5077.5,5072.75,5073.75,10303.0
2024-02-27 17:25:00,5073.75,5077.0,5072.75,5075.75,8489.0
2024-02-27 17:30:00,5075.5,5077.25,5074.75,5076.25,5071.0
2024-02-27 17:35:00,5076.25,5076.5,5073.0,5073.0,5242.0
2024-02-27 17:40:00,5073.25,5073.75,5071.0,5072.5,8442.0
2024-02-27 17:45:00,5072.75,5074.25,5072.0,5072.5,5674.0
2024-02-27 17:50:00,5072.25,5072.75,5071.0,5072.25,4841.0
2024-02-27 17:55:00,5072.0,5072.25,5069.5,5070.25,11560.0
2024-02-27 18:00:00,5070.0,5073.5,5067.0,5072.5,25702.0
2024-02-27 18:05:00,5072.5,5074.75,5072.0,5072.25,11007.0
2024-02-27 18:10:00,5072.5,5075.75,5072.0,5074.75,7306.0
2024-02-27 18:15:00,5074.75,5075.25,5073.25,5074.0,5553.0
2024-02-27 18:20:00,5073.75,5075.75,5072.0,5075.25,7800.0
2024-02-27 18:25:00,5075.25,5076.75,5072.25,5073.0,8392.0
2024-02-27 18:30:00,5073.0,5073.25,5070.5,5072.5,7324.0
2024-02-27 18:35:00,5072.75,5074.0,5071.75,5073.25,3844.0
2024-02-27 18:40:00,5073.25,5075.0,5073.0,5074.5,4406.0
2024-02-27 18:45:00,5074.5,5075.0,5073.0,5074.75,3725.0
2024-02-27 18:50:00,5075.0,5075.75,5074.0,5074.0,5273.0
2024-02-27 18:55:00,5074.25,5078.5,5074.0,5076.25,8574.0
2024-02-27 19:00:00,5076.5,5079.0,5076.25,5077.5,8369.0
2024-02-27 19:05:00,5077.5,5078.75,5077.0,5077.75,4233.0
2024-02-27 19:10:00,5078.0,5079.25,5077.25,5079.25,6488.0
2024-02-27 19:15:00,5079.25,5084.25,5078.75,5083.0,15553.0
2024-02-27 19:20:00,5082.75,5083.75,5081.0,5083.0,7705.0
2024-02-27 19:25:00,5083.0,5083.5,5080.5,5083.0,9711.0
2024-02-27 19:30:00,5083.0,5085.0,5082.25,5084.75,10058.0
2024-02-27 19:35:00,5084.75,5085.25,5083.5,5083.5,9862.0
2024-02-27 19:40:00,5083.75,5085.0,5082.75,5083.25,6177.0
2024-02-27 19:45:00,5083.25,5083.5,5080.25,5082.0,7453.0
2024-02-27 19:50:00,5082.0,5083.75,5081.0,5083.5,6274.0
2024-02-27 19:55:00,5083.75,5085.75,5082.75,5085.5,6215.0
2024-02-27 20:00:00,5085.5,5086.75,5084.25,5085.5,8448.0
2024-02-27 20:05:00,5085.5,5086.25,5084.75,5085.75,6060.0
2024-02-27 20:10:00,5085.75,5087.25,5084.75,5086.25,4344.0
2024-02-27 20:15:00,5086.25,5086.25,5083.25,5083.75,8583.0
2024-02-27 20:20:00,5084.0,5085.75,5081.75,5085.25,8874.0
2024-02-27 20:25:00,5085.25,5088.5,5085.0,5087.5,10266.0
2024-02-27 20:30:00,5087.5,5087.75,5084.0,5085.5,9001.0
2024-02-27 20:35:00,5085.5,5085.75,5083.75,5085.5,5477.0
2024-02-27 20:40:00,5085.25,5086.25,5084.5,5086.25,5254.0
2024-02-27 20:45:00,5086.0,5088.0,5085.75,5086.75,11263.0
2024-02-27 20:50:00,5086.75,5090.0,5086.25,5088.5,17995.0
2024-02-27 20:55:00,5088.5,5091.75,5087.75,5090.25,26883.0
2024-02-27 21:00:00,5090.25,5091.75,5088.0,5089.0,49652.0
2024-02-27 21:05:00,5088.75,5090.75,5088.5,5090.25,6365.0
2024-02-27 21:10:00,5090.25,5092.0,5089.5,5091.75,3597.0
2024-02-27 21:15:00,5091.75,5092.5,5091.5,5092.0,4252.0
2024-02-27 21:20:00,5092.0,5093.0,5091.75,5092.75,1949.0
2024-02-27 21:25:00,5092.75,5093.0,5092.5,5092.75,1627.0
2024-02-27 21:30:00,5092.75,5092.75,5092.0,5092.0,1764.0
2024-02-27 21:35:00,5092.0,5092.5,5091.5,5091.75,1103.0
2024-02-27 21:40:00,5092.0,5092.75,5091.5,5092.5,628.0
2024-02-27 21:45:00,5092.25,5092.5,5092.0,5092.25,613.0
2024-02-27 21:50:00,5092.25,5092.75,5092.0,5092.5,593.0
2024-02-27 21:55:00,5092.5,5092.75,5090.75,5091.0,900.0
2024-02-27 22:00:00,5090.75,5091.25,5090.0,5090.25,471.0
2024-02-27 23:00:00,5090.75,5091.25,5089.25,5090.5,664.0
2024-02-27 23:05:00,5090.5,5091.0,5090.0,5090.75,221.0
2024-02-27 23:10:00,5090.5,5090.75,5088.75,5089.25,599.0
2024-02-27 23:15:00,5089.0,5089.75,5088.75,5089.25,461.0
2024-02-27 23:20:00,5089.5,5090.25,5089.25,5089.5,221.0
2024-02-27 23:25:00,5089.5,5089.75,5089.25,5089.5,195.0
2024-02-27 23:30:00,5089.5,5090.0,5088.75,5088.75,322.0
2024-02-27 23:35:00,5088.75,5088.75,5088.0,5088.0,578.0
2024-02-27 23:40:00,5088.0,5088.5,5088.0,5088.0,209.0
2024-02-27 23:45:00,5088.0,5088.0,5087.25,5087.5,509.0
2024-02-27 23:50:00,5087.5,5088.0,5087.5,5087.75,313.0
2024-02-27 23:55:00,5087.75,5087.75,5087.25,5087.25,224.0
2024-02-28 00:00:00,5087.25,5087.75,5087.25,5087.75,557.0
2024-02-28 00:05:00,5087.5,5088.25,5087.25,5087.75,352.0
2024-02-28 00:10:00,5087.5,5088.0,5087.5,5087.75,243.0
2024-02-28 00:15:00,5087.75,5088.5,5087.5,5088.25,311.0
2024-02-28 00:20:00,5088.25,5088.5,5087.25,5087.75,564.0
2024-02-28 00:25:00,5087.75,5088.5,5087.75,5088.25,295.0
2024-02-28 00:30:00,5088.25,5088.5,5087.5,5087.5,190.0
2024-02-28 00:35:00,5087.5,5088.0,5087.5,5087.75,121.0
2024-02-28 00:40:00,5087.75,5087.75,5087.5,5087.75,68.0
2024-02-28 00:45:00,5088.0,5088.25,5087.5,5087.75,176.0
2024-02-28 00:50:00,5087.5,5088.25,5087.5,5088.25,332.0
2024-02-28 00:55:00,5088.0,5088.0,5087.25,5087.5,811.0
2024-02-28 01:00:00,5087.25,5087.25,5085.75,5086.25,939.0
2024-02-28 01:05:00,5086.5,5087.25,5086.25,5087.0,323.0
2024-02-28 01:10:00,5087.0,5087.5,5086.75,5086.75,206.0
2024-02-28 01:15:00,5086.75,5089.25,5086.75,5089.0,835.0
2024-02-28 01:20:00,5088.75,5089.25,5088.5,5089.0,440.0
2024-02-28 01:25:00,5089.0,5089.5,5088.75,5089.0,261.0
2024-02-28 01:30:00,5088.75,5089.0,5087.5,5087.5,546.0
2024-02-28 01:35:00,5087.5,5088.25,5086.75,5088.0,617.0
2024-02-28 01:40:00,5088.0,5088.75,5087.5,5088.75,264.0
2024-02-28 01:45:00,5088.75,5089.0,5088.5,5089.0,269.0
2024-02-28 01:50:00,5089.0,5089.0,5088.5,5089.0,244.0
2024-02-28 01:55:00,5088.75,5089.0,5088.25,5088.25,236.0
2024-02-28 02:00:00,5088.25,5089.25,5087.75,5088.0,1224.0
2024-02-28 02:05:00,5088.0,5088.25,5088.0,5088.0,310.0
2024-02-28 02:10:00,5088.0,5088.5,5087.75,5088.5,122.0
2024-02-28 02:15:00,5088.5,5089.0,5088.25,5089.0,204.0
2024-02-28 02:20:00,5088.75,5089.0,5088.25,5089.0,255.0
2024-02-28 02:25:00,5088.75,5090.0,5088.75,5089.75,459.0
2024-02-28 02:30:00,5089.75,5089.75,5089.25,5089.5,321.0
2024-02-28 02:35:00,5089.25,5089.5,5089.0,5089.5,208.0
2024-02-28 02:40:00,5089.5,5089.5,5088.75,5088.75,228.0
2024-02-28 02:45:00,5088.75,5089.0,5088.0,5089.0,332.0
2024-02-28 02:50:00,5089.0,5089.0,5088.5,5089.0,256.0
2024-02-28 02:55:00,5089.25,5089.75,5089.0,5089.75,344.0
2024-02-28 03:00:00,5089.75,5090.25,5089.25,5089.5,419.0
2024-02-28 03:05:00,5089.5,5089.75,5089.25,5089.75,221.0
2024-02-28 03:10:00,5089.75,5089.75,5089.0,5089.0,298.0
2024-02-28 03:15:00,5089.25,5089.5,5088.5,5088.75,290.0
2024-02-28 03:20:00,5088.75,5089.25,5088.5,5089.0,218.0
2024-02-28 03:25:00,5089.25,5089.5,5089.0,5089.25,378.0
2024-02-28 03:30:00,5089.25,5090.0,5089.25,5089.5,219.0
2024-02-28 03:35:00,5089.5,5089.75,5089.25,5089.5,223.0
2024-02-28 03:40:00,5089.25,5090.0,5089.25,5089.75,568.0
2024-02-28 03:45:00,5089.75,5090.75,5089.5,5090.5,428.0
2024-02-28 03:50:00,5090.5,5090.5,5090.0,5090.0,185.0
2024-02-28 03:55:00,5090.25,5091.0,5090.0,5090.75,439.0
2024-02-28 04:00:00,5090.75,5091.0,5090.5,5090.5,224.0
2024-02-28 04:05:00,5090.5,5090.75,5090.5,5090.5,197.0
2024-02-28 04:10:00,5090.5,5090.5,5089.75,5090.0,306.0
2024-02-28 04:15:00,5089.75,5090.0,5089.5,5089.5,293.0
2024-02-28 04:20:00,5089.25,5089.75,5089.25,5089.5,219.0
2024-02-28 04:25:00,5089.5,5089.75,5089.0,5089.25,116.0
2024-02-28 04:30:00,5089.0,5089.25,5088.75,5089.0,203.0
2024-02-28 04:35:00,5088.75,5089.0,5088.75,5089.0,146.0
2024-02-28 04:40:00,5089.0,5089.0,5087.75,5087.75,348.0
2024-02-28 04:45:00,5088.0,5088.5,5087.0,5088.25,739.0
2024-02-28 04:50:00,5088.25,5088.75,5088.25,5088.5,134.0
2024-02-28 04:55:00,5088.5,5088.5,5087.5,5087.75,333.0
2024-02-28 05:00:00,5087.75,5088.25,5087.5,5088.0,246.0
2024-02-28 05:05:00,5088.0,5088.5,5088.0,5088.25,193.0
2024-02-28 05:10:00,5088.5,5089.5,5088.25,5089.0,619.0
2024-02-28 05:15:00,5088.75,5089.0,5088.25,5088.5,232.0
2024-02-28 05:20:00,5088.5,5089.0,5088.0,5088.0,198.0
2024-02-28 05:25:00,5088.25,5088.25,5087.0,5087.0,332.0
2024-02-28 05:30:00,5087.0,5087.75,5086.75,5086.75,365.0
2024-02-28 05:35:00,5087.0,5087.0,5086.0,5086.25,499.0
2024-02-28 05:40:00,5086.5,5087.25,5086.5,5086.5,230.0
2024-02-28 05:45:00,5086.5,5087.25,5086.5,5087.0,227.0
2024-02-28 05:50:00,5087.0,5087.0,5086.5,5086.75,228.0
2024-02-28 05:55:00,5086.75,5087.0,5086.5,5086.75,259.0
2024-02-28 06:00:00,5086.75,5087.25,5086.5,5086.75,487.0
2024-02-28 06:05:00,5086.75,5087.0,5086.0,5086.0,668.0
2024-02-28 06:10:00,5086.0,5086.75,5085.5,5086.5,892.0
2024-02-28 06:15:00,5086.5,5086.5,5086.0,5086.0,418.0
2024-02-28 06:20:00,5086.0,5086.25,5084.75,5085.0,699.0
2024-02-28 06:25:00,5085.0,5085.5,5084.5,5085.0,457.0
2024-02-28 06:30:00,5085.0,5085.75,5085.0,5085.75,428.0
2024-02-28 06:35:00,5085.75,5086.0,5085.5,5086.0,212.0
2024-02-28 06:40:00,5085.75,5086.25,5085.5,5085.75,234.0
2024-02-28 06:45:00,5085.75,5086.5,5085.75,5086.25,551.0
2024-02-28 06:50:00,5086.0,5086.25,5085.75,5085.75,261.0
2024-02-28 06:55:00,5085.5,5086.25,5085.5,5086.25,199.0
2024-02-28 07:00:00,5086.25,5087.25,5086.0,5087.0,355.0
2024-02-28 07:05:00,5087.0,5088.0,5086.75,5087.25,1044.0
2024-02-28 07:10:00,5087.0,5087.0,5085.75,5086.0,535.0
2024-02-28 07:15:00,5086.0,5086.25,5085.25,5085.25,665.0
2024-02-28 07:20:00,5085.25,5085.75,5085.0,5085.5,487.0
2024-02-28 07:25:00,5085.75,5085.75,5083.25,5083.5,1038.0
2024-02-28 07:30:00,5083.25,5084.0,5082.75,5083.0,882.0
2024-02-28 07:35:00,5083.25,5084.0,5083.0,5083.25,799.0
2024-02-28 07:40:00,5083.5,5083.5,5082.25,5082.5,529.0
2024-02-28 07:45:00,5082.5,5084.5,5082.25,5084.25,819.0
2024-02-28 07:50:00,5084.25,5085.0,5084.0,5084.25,474.0
2024-02-28 07:55:00,5084.25,5085.25,5084.0,5085.25,597.0
2024-02-28 08:00:00,5085.0,5085.25,5082.25,5083.25,1643.0
2024-02-28 08:05:00,5083.5,5084.5,5083.0,5083.75,1146.0
2024-02-28 08:10:00,5083.75,5084.0,5081.75,5082.75,974.0
2024-02-28 08:15:00,5082.75,5083.0,5081.75,5082.0,823.0
2024-02-28 08:20:00,5081.75,5081.75,5079.5,5079.5,1911.0
2024-02-28 08:25:00,5079.75,5080.0,5078.5,5079.75,1793.0
2024-02-28 08:30:00,5079.5,5079.75,5077.0,5078.25,1871.0
2024-02-28 08:35:00,5078.25,5079.5,5077.75,5079.0,1334.0
2024-02-28 08:40:00,5079.0,5080.0,5079.0,5079.25,1008.0
2024-02-28 08:45:00,5079.5,5079.75,5078.0,5079.25,760.0
2024-02-28 08:50:00,5079.0,5079.5,5076.5,5077.25,1445.0
2024-02-28 08:55:00,5077.25,5077.25,5076.0,5076.5,1491.0
2024-02-28 09:00:00,5076.25,5078.0,5075.5,5076.5,1789.0
2024-02-28 09:05:00,5076.75,5078.5,5076.75,5077.75,1168.0
2024-02-28 09:10:00,5077.75,5078.5,5077.0,5077.25,947.0
2024-02-28 09:15:00,5077.25,5077.25,5075.75,5077.0,1185.0
2024-02-28 09:20:00,5077.25,5077.25,5075.0,5075.5,1147.0
2024-02-28 09:25:00,5075.5,5076.0,5071.75,5071.75,2253.0
2024-02-28 09:30:00,5072.0,5072.0,5067.75,5068.75,5630.0
2024-02-28 09:35:00,5069.0,5070.25,5068.0,5068.75,2176.0
2024-02-28 09:40:00,5068.75,5069.5,5063.5,5066.25,5291.0
2024-02-28 09:45:00,5066.25,5066.25,5064.0,5064.0,2271.0
2024-02-28 09:50:00,5064.0,5066.75,5063.25,5066.0,2637.0
2024-02-28 09:55:00,5066.0,5066.75,5065.25,5065.75,1404.0
2024-02-28 10:00:00,5065.75,5067.75,5064.25,5066.75,3091.0
2024-02-28 10:05:00,5066.5,5066.75,5064.5,5066.5,2044.0
2024-02-28 10:10:00,5066.5,5066.5,5064.5,5064.5,2009.0
2024-02-28 10:15:00,5064.5,5065.75,5064.0,5065.0,939.0
2024-02-28 10:20:00,5064.75,5068.0,5064.75,5067.5,1287.0
2024-02-28 10:25:00,5067.5,5070.25,5066.75,5070.0,2234.0
2024-02-28 10:30:00,5070.0,5071.0,5068.5,5070.25,1650.0
2024-02-28 10:35:00,5070.5,5074.0,5069.25,5073.25,3467.0
2024-02-28 10:40:00,5073.0,5074.5,5072.0,5072.5,1642.0
2024-02-28 10:45:00,5072.5,5073.0,5071.75,5072.5,1484.0
2024-02-28 10:50:00,5072.5,5072.75,5071.25,5071.75,885.0
2024-02-28 10:55:00,5071.75,5073.5,5071.5,5072.5,937.0
2024-02-28 11:00:00,5072.5,5072.75,5070.75,5071.75,992.0
2024-02-28 11:05:00,5071.5,5072.0,5070.5,5070.75,914.0
2024-02-28 11:10:00,5070.75,5072.25,5070.25,5071.75,795.0
2024-02-28 11:15:00,5071.75,5073.5,5071.75,5073.25,730.0
2024-02-28 11:20:00,5073.25,5074.25,5073.0,5073.0,696.0
2024-02-28 11:25:00,5073.0,5074.25,5073.0,5074.25,780.0
2024-02-28 11:30:00,5074.0,5074.5,5073.5,5073.5,779.0
2024-02-28 11:35:00,5073.5,5074.5,5072.75,5074.0,711.0
2024-02-28 11:40:00,5074.0,5076.0,5074.0,5075.25,1578.0
2024-02-28 11:45:00,5075.25,5075.5,5073.75,5074.5,933.0
2024-02-28 11:50:00,5074.5,5075.0,5073.25,5073.75,724.0
2024-02-28 11:55:00,5073.5,5074.0,5071.75,5072.5,1212.0
2024-02-28 12:00:00,5072.75,5075.0,5072.5,5074.75,1408.0
2024-02-28 12:05:00,5074.5,5074.75,5073.0,5073.25,907.0
2024-02-28 12:10:00,5073.25,5073.5,5071.25,5071.5,1030.0
2024-02-28 12:15:00,5071.5,5072.25,5069.5,5070.75,1491.0
2024-02-28 12:20:00,5070.75,5072.75,5070.5,5072.75,1123.0
2024-02-28 12:25:00,5072.5,5073.75,5072.0,5073.0,977.0
2024-02-28 12:30:00,5073.0,5073.75,5071.75,5073.5,1371.0
2024-02-28 12:35:00,5073.5,5074.5,5073.0,5073.25,938.0
2024-02-28 12:40:00,5073.0,5073.25,5071.25,5072.25,1376.0
2024-02-28 12:45:00,5072.25,5073.25,5071.75,5071.75,962.0
2024-02-28 12:50:00,5071.75,5072.0,5070.25,5070.75,1118.0
2024-02-28 12:55:00,5070.75,5070.75,5068.5,5069.0,2351.0
2024-02-28 13:00:00,5069.25,5071.25,5068.25,5070.75,2175.0
2024-02-28 13:05:00,5070.75,5072.5,5070.25,5071.75,1442.0
2024-02-28 13:10:00,5072.0,5072.25,5069.5,5070.5,2075.0
2024-02-28 13:15:00,5070.5,5073.5,5070.0,5073.0,2165.0
2024-02-28 13:20:00,5073.25,5074.5,5072.5,5073.25,2744.0
2024-02-28 13:25:00,5073.25,5073.75,5072.5,5072.5,1707.0
2024-02-28 13:30:00,5072.25,5078.5,5070.0,5077.25,7372.0
2024-02-28 13:35:00,5077.5,5079.0,5076.0,5076.0,4809.0
2024-02-28 13:40:00,5076.25,5076.25,5071.0,5073.25,6006.0
2024-02-28 13:45:00,5073.25,5077.75,5073.0,5077.0,4038.0
2024-02-28 13:50:00,5077.0,5077.0,5072.25,5073.5,2892.0
2024-02-28 13:55:00,5073.5,5075.5,5072.75,5074.75,2704.0
2024-02-28 14:00:00,5075.0,5076.75,5074.5,5075.5,2567.0
2024-02-28 14:05:00,5075.75,5075.75,5072.5,5072.75,2902.0
2024-02-28 14:10:00,5072.75,5073.25,5071.25,5072.25,3154.0
2024-02-28 14:15:00,5072.25,5073.25,5071.25,5071.75,2834.0
2024-02-28 14:20:00,5071.75,5074.25,5071.75,5072.5,2714.0
2024-02-28 14:25:00,5072.5,5073.25,5071.0,5073.0,4072.0
2024-02-28 14:30:00,5072.75,5075.25,5069.25,5069.5,33585.0
2024-02-28 14:35:00,5069.5,5075.75,5068.75,5074.5,24288.0
2024-02-28 14:40:00,5074.5,5077.25,5073.5,5074.0,18497.0
2024-02-28 14:45:00,5074.0,5077.0,5073.75,5076.25,17843.0
2024-02-28 14:50:00,5076.25,5076.25,5068.5,5069.75,25842.0
2024-02-28 14:55:00,5070.0,5073.0,5069.25,5071.75,15296.0
2024-02-28 15:00:00,5071.75,5075.0,5071.0,5074.25,15907.0
2024-02-28 15:05:00,5074.25,5077.0,5072.5,5076.5,14770.0
2024-02-28 15:10:00,5076.25,5079.0,5075.75,5076.75,16315.0
2024-02-28 15:15:00,5076.75,5077.75,5075.25,5076.75,12301.0
2024-02-28 15:20:00,5076.75,5077.75,5074.5,5076.0,10560.0
2024-02-28 15:25:00,5076.0,5076.75,5072.75,5074.75,11594.0
2024-02-28 15:30:00,5074.75,5078.25,5074.75,5077.0,11616.0
2024-02-28 15:35:00,5077.0,5081.25,5077.0,5078.75,15218.0
2024-02-28 15:40:00,5078.75,5080.5,5078.5,5080.25,8176.0
2024-02-28 15:45:00,5080.25,5082.5,5078.75,5080.5,13831.0
2024-02-28 15:50:00,5080.5,5082.75,5080.5,5081.0,9424.0
2024-02-28 15:55:00,5081.0,5084.5,5080.25,5084.0,16130.0
2024-02-28 16:00:00,5084.0,5087.5,5083.25,5086.0,26185.0
2024-02-28 16:05:00,5086.0,5087.75,5085.5,5085.75,11478.0
2024-02-28 16:10:00,5085.75,5086.0,5083.25,5084.5,11159.0
2024-02-28 16:15:00,5084.25,5085.5,5083.75,5085.0,8898.0
2024-02-28 16:20:00,5084.75,5086.25,5084.25,5084.5,7539.0
2024-02-28 16:25:00,5084.5,5085.0,5083.0,5084.25,7525.0
2024-02-28 16:30:00,5084.0,5085.25,5080.75,5083.0,9845.0
2024-02-28 16:35:00,5083.0,5085.75,5082.0,5084.75,8444.0
2024-02-28 16:40:00,5085.0,5085.75,5083.75,5085.25,5787.0
2024-02-28 16:45:00,5085.25,5087.25,5084.75,5086.25,7054.0
2024-02-28 16:50:00,5086.5,5086.75,5085.0,5085.25,4849.0
2024-02-28 16:55:00,5085.5,5086.75,5084.5,5085.25,7606.0
2024-02-28 17:00:00,5085.25,5085.5,5082.75,5085.0,8456.0
2024-02-28 17:05:00,5085.0,5086.0,5083.5,5083.75,4510.0
2024-02-28 17:10:00,5084.0,5084.5,5082.75,5084.0,4437.0
2024-02-28 17:15:00,5084.0,5084.25,5081.75,5082.0,5301.0
2024-02-28 17:20:00,5082.0,5082.5,5079.75,5080.75,8861.0
2024-02-28 17:25:00,5080.75,5082.0,5077.75,5079.0,9762.0
2024-02-28 17:30:00,5079.0,5080.0,5074.0,5076.0,12569.0
2024-02-28 17:35:00,5076.0,5077.25,5074.75,5075.75,10143.0
2024-02-28 17:40:00,5075.5,5077.5,5073.5,5077.25,10732.0
2024-02-28 17:45:00,5077.0,5079.25,5076.25,5078.75,6842.0
2024-02-28 17:50:00,5078.5,5079.5,5077.25,5077.75,5906.0
2024-02-28 17:55:00,5077.75,5079.25,5077.25,5078.0,4164.0
2024-02-28 18:00:00,5078.0,5078.75,5075.75,5077.0,6318.0
2024-02-28 18:05:00,5076.75,5077.0,5074.0,5075.0,7274.0
2024-02-28 18:10:00,5075.0,5078.25,5074.5,5077.5,6078.0
2024-02-28 18:15:00,5077.5,5081.25,5077.25,5080.25,8431.0
2024-02-28 18:20:00,5080.5,5082.25,5080.0,5082.0,5957.0
2024-02-28 18:25:00,5082.25,5084.5,5081.5,5083.75,7406.0
2024-02-28 18:30:00,5083.75,5086.75,5083.5,5084.5,11200.0
2024-02-28 18:35:00,5084.75,5086.75,5084.5,5086.5,6618.0
2024-02-28 18:40:00,5086.5,5087.25,5084.5,5085.5,8065.0
2024-02-28 18:45:00,5085.5,5086.0,5083.25,5083.75,7113.0
2024-02-28 18:50:00,5083.75,5084.5,5082.75,5084.25,5864.0
2024-02-28 18:55:00,5084.5,5085.75,5084.0,5085.0,4652.0
2024-02-28 19:00:00,5085.0,5086.25,5084.5,5084.75,5452.0
2024-02-28 19:05:00,5085.0,5085.0,5080.5,5080.75,8810.0
2024-02-28 19:10:00,5080.75,5082.25,5075.0,5077.5,16137.0
2024-02-28 19:15:00,5077.5,5080.5,5074.5,5079.25,22730.0
2024-02-28 19:20:00,5079.25,5080.75,5078.5,5080.0,9113.0
2024-02-28 19:25:00,5080.0,5080.25,5077.75,5078.25,4699.0
2024-02-28 19:30:00,5078.0,5078.25,5074.5,5074.75,10191.0
2024-02-28 19:35:00,5074.5,5075.75,5071.75,5074.0,11942.0
2024-02-28 19:40:00,5073.75,5075.0,5072.5,5073.5,5848.0
2024-02-28 19:45:00,5073.5,5075.75,5072.75,5074.5,7949.0
2024-02-28 19:50:00,5074.5,5075.0,5071.0,5073.0,8263.0
2024-02-28 19:55:00,5072.75,5078.0,5072.75,5077.75,11793.0
2024-02-28 20:00:00,5077.5,5082.0,5077.0,5080.5,11669.0
2024-02-28 20:05:00,5080.5,5081.0,5074.25,5075.0,11925.0
2024-02-28 20:10:00,5074.75,5077.0,5074.25,5075.75,7110.0
2024-02-28 20:15:00,5075.75,5077.5,5074.75,5077.0,5323.0
2024-02-28 20:20:00,5077.25,5079.5,5075.25,5079.25,8884.0
2024-02-28 20:25:00,5079.5,5079.75,5077.5,5079.5,6629.0
2024-02-28 20:30:00,5079.75,5081.0,5079.25,5080.25,8038.0
2024-02-28 20:35:00,5080.5,5081.0,5079.0,5079.75,5677.0
2024-02-28 20:40:00,5080.0,5080.0,5077.5,5078.25,7772.0
2024-02-28 20:45:00,5078.25,5078.75,5074.5,5077.75,12865.0
2024-02-28 20:50:00,5077.5,5078.5,5073.5,5074.0,14435.0
2024-02-28 20:55:00,5073.75,5080.25,5072.75,5080.0,29914.0
2024-02-28 21:00:00,5079.75,5082.0,5071.25,5073.25,71499.0
2024-02-28 21:05:00,5073.0,5074.5,5071.25,5071.75,10932.0
2024-02-28 21:10:00,5072.0,5072.5,5070.75,5071.75,5678.0
2024-02-28 21:15:00,5071.5,5072.75,5069.5,5069.75,4217.0
2024-02-28 21:20:00,5069.5,5070.0,5069.0,5069.75,1545.0
2024-02-28 21:25:00,5069.75,5070.5,5069.25,5069.75,1312.0
2024-02-28 21:30:00,5069.5,5069.75,5069.0,5069.25,1079.0
2024-02-28 21:35:00,5069.25,5069.5,5068.0,5068.0,1461.0
2024-02-28 21:40:00,5068.0,5068.25,5067.25,5067.25,2083.0
2024-02-28 21:45:00,5067.5,5068.0,5067.0,5067.5,1354.0
2024-02-28 21:50:00,5067.25,5067.5,5066.75,5067.25,987.0
2024-02-28 21:55:00,5067.25,5070.5,5067.0,5069.5,1658.0
2024-02-28 22:00:00,5069.25,5070.0,5069.25,5069.5,314.0
2024-02-28 23:00:00,5072.0,5074.25,5070.25,5071.25,1777.0
2024-02-28 23:05:00,5071.25,5073.5,5071.0,5073.0,853.0
2024-02-28 23:10:00,5073.0,5073.0,5072.0,5072.25,603.0
2024-02-28 23:15:00,5072.25,5073.0,5072.25,5072.75,351.0
2024-02-28 23:20:00,5072.75,5072.75,5071.5,5072.5,489.0
2024-02-28 23:25:00,5072.5,5073.0,5072.25,5072.75,246.0
2024-02-28 23:30:00,5072.75,5073.25,5072.5,5072.75,332.0
2024-02-28 23:35:00,5072.75,5073.0,5072.0,5072.25,277.0
2024-02-28 23:40:00,5072.25,5072.5,5072.0,5072.5,242.0
2024-02-28 23:45:00,5072.5,5072.75,5072.0,5072.0,237.0
2024-02-28 23:50:00,5072.0,5072.5,5070.5,5070.75,409.0
2024-02-28 23:55:00,5070.5,5071.25,5070.0,5071.25,468.0
2024-02-29 00:00:00,5071.25,5071.75,5070.75,5071.5,312.0
2024-02-29 00:05:00,5071.75,5073.5,5071.5,5073.0,565.0
2024-02-29 00:10:00,5073.0,5073.0,5072.5,5073.0,197.0
2024-02-29 00:15:00,5073.0,5073.0,5072.0,5072.25,264.0
2024-02-29 00:20:00,5072.25,5073.75,5072.25,5073.25,284.0
2024-02-29 00:25:00,5073.5,5074.25,5073.25,5073.75,326.0
2024-02-29 00:30:00,5073.5,5074.5,5073.5,5074.0,515.0
2024-02-29 00:35:00,5074.0,5075.5,5074.0,5074.75,504.0
2024-02-29 00:40:00,5074.5,5076.25,5074.5,5076.0,534.0
2024-02-29 00:45:00,5075.75,5078.0,5075.75,5077.5,1457.0
2024-02-29 00:50:00,5077.5,5078.0,5076.25,5076.5,724.0
2024-02-29 00:55:00,5076.75,5077.25,5076.5,5076.75,381.0
2024-02-29 01:00:00,5076.75,5077.25,5075.5,5076.75,1024.0
2024-02-29 01:05:00,5076.75,5077.25,5076.0,5076.5,572.0
2024-02-29 01:10:00,5076.25,5076.75,5075.75,5076.0,552.0
2024-02-29 01:15:00,5076.0,5077.5,5075.75,5077.25,481.0
2024-02-29 01:20:00,5077.25,5078.25,5076.5,5076.75,497.0
2024-02-29 01:25:00,5076.75,5077.5,5076.5,5077.25,265.0
2024-02-29 01:30:00,5077.25,5078.25,5077.0,5077.75,973.0
2024-02-29 01:35:00,5077.75,5078.5,5077.5,5078.0,672.0
2024-02-29 01:40:00,5077.75,5079.5,5077.75,5078.25,1217.0
2024-02-29 01:45:00,5078.25,5078.25,5077.5,5077.5,298.0
2024-02-29 01:50:00,5077.5,5077.75,5076.5,5077.0,765.0
2024-02-29 01:55:00,5077.0,5077.25,5076.75,5077.25,325.0
2024-02-29 02:00:00,5077.0,5078.75,5077.0,5078.75,550.0
2024-02-29 02:05:00,5078.5,5079.0,5078.0,5078.25,479.0
2024-02-29 02:10:00,5078.25,5079.0,5078.25,5078.5,407.0
2024-02-29 02:15:00,5078.75,5079.5,5078.25,5079.0,735.0
2024-02-29 02:20:00,5079.0,5079.25,5078.5,5078.75,538.0
2024-02-29 02:25:00,5079.0,5079.0,5078.5,5078.75,490.0
2024-02-29 02:30:00,5079.0,5079.0,5078.0,5078.75,349.0
2024-02-29 02:35:00,5078.5,5079.25,5078.25,5078.25,382.0
2024-02-29 02:40:00,5078.25,5079.25,5078.25,5079.25,324.0
2024-02-29 02:45:00,5079.25,5079.25,5078.5,5078.75,373.0
2024-02-29 02:50:00,5078.5,5080.75,5078.25,5080.5,889.0
2024-02-29 02:55:00,5080.75,5081.75,5080.25,5080.25,906.0
2024-02-29 03:00:00,5080.5,5081.25,5080.5,5081.0,585.0
2024-02-29 03:05:00,5080.75,5080.75,5080.0,5080.25,444.0
2024-02-29 03:10:00,5080.25,5080.5,5079.75,5080.0,427.0
2024-02-29 03:15:00,5080.0,5080.5,5079.75,5080.0,329.0
2024-02-29 03:20:00,5079.75,5080.0,5079.0,5079.25,472.0
2024-02-29 03:25:00,5079.25,5079.25,5078.5,5079.0,490.0
2024-02-29 03:30:00,5079.25,5079.25,5078.25,5079.0,595.0
2024-02-29 03:35:00,5079.0,5079.75,5078.75,5079.75,303.0
2024-02-29 03:40:00,5079.75,5081.0,5079.75,5080.25,460.0
2024-02-29 03:45:00,5080.5,5081.0,5080.25,5080.75,228.0
2024-02-29 03:50:00,5080.75,5081.25,5080.5,5080.5,330.0
2024-02-29 03:55:00,5080.5,5081.25,5080.5,5080.75,127.0
2024-02-29 04:00:00,5080.75,5081.75,5080.75,5081.5,542.0
2024-02-29 04:05:00,5081.5,5082.75,5081.5,5082.0,1014.0
2024-02-29 04:10:00,5082.0,5082.75,5082.0,5082.5,518.0
2024-02-29 04:15:00,5082.5,5083.25,5082.5,5082.5,437.0
2024-02-29 04:20:00,5082.75,5083.5,5082.75,5083.25,464.0
2024-02-29 04:25:00,5083.25,5084.0,5083.0,5084.0,685.0
2024-02-29 04:30:00,5084.0,5084.5,5083.75,5083.75,649.0
2024-02-29 04:35:00,5083.75,5084.75,5083.75,5084.5,457.0
2024-02-29 04:40:00,5084.25,5085.0,5084.25,5084.75,428.0
2024-02-29 04:45:00,5084.75,5084.75,5083.75,5084.0,347.0
2024-02-29 04:50:00,5084.0,5084.5,5084.0,5084.5,374.0
2024-02-29 04:55:00,5084.25,5084.75,5084.0,5084.75,354.0
2024-02-29 05:00:00,5084.5,5085.25,5084.0,5085.0,581.0
2024-02-29 05:05:00,5085.0,5085.25,5084.0,5084.0,397.0
2024-02-29 05:10:00,5084.0,5084.0,5083.25,5083.75,514.0
2024-02-29 05:15:00,5083.75,5084.0,5083.5,5083.75,193.0
2024-02-29 05:20:00,5083.75,5084.0,5083.25,5083.5,354.0
2024-02-29 05:25:00,5083.75,5084.0,5082.5,5082.75,728.0
2024-02-29 05:30:00,5082.75,5082.75,5081.75,5081.75,752.0
2024-02-29 05:35:00,5082.0,5082.75,5082.0,5082.75,502.0
2024-02-29 05:40:00,5082.75,5083.5,5082.5,5083.25,509.0
2024-02-29 05:45:00,5083.5,5084.0,5083.25,5083.5,299.0
2024-02-29 05:50:00,5083.25,5083.5,5083.0,5083.0,327.0
2024-02-29 05:55:00,5083.0,5083.25,5082.5,5082.5,246.0
2024-02-29 06:00:00,5082.5,5082.75,5081.5,5082.0,539.0
2024-02-29 06:05:00,5082.0,5082.25,5081.75,5081.75,346.0
2024-02-29 06:10:00,5082.0,5082.0,5081.5,5081.5,391.0
2024-02-29 06:15:00,5081.75,5081.75,5080.5,5081.5,671.0
2024-02-29 06:20:00,5081.5,5081.75,5081.25,5081.5,377.0
2024-02-29 06:25:00,5081.5,5081.75,5081.0,5081.25,337.0
2024-02-29 06:30:00,5081.25,5081.75,5080.75,5081.0,369.0
2024-02-29 06:35:00,5081.0,5081.25,5080.75,5081.0,280.0
2024-02-29 06:40:00,5081.25,5081.25,5081.0,5081.0,259.0
2024-02-29 06:45:00,5081.0,5081.0,5078.75,5079.75,1725.0
2024-02-29 06:50:00,5079.75,5080.75,5079.5,5080.25,357.0
2024-02-29 06:55:00,5080.25,5080.5,5079.0,5079.25,435.0
2024-02-29 07:00:00,5079.25,5079.25,5077.25,5078.75,1087.0
2024-02-29 07:05:00,5078.75,5080.25,5078.75,5080.0,981.0
2024-02-29 07:10:00,5080.0,5081.75,5080.0,5081.0,892.0
2024-02-29 07:15:00,5081.0,5081.25,5079.75,5080.0,664.0
2024-02-29 07:20:00,5080.0,5080.25,5078.5,5078.5,850.0
2024-02-29 07:25:00,5078.75,5079.5,5077.75,5078.75,803.0
2024-02-29 07:30:00,5078.5,5078.5,5077.5,5077.75,567.0
2024-02-29 07:35:00,5077.75,5078.5,5077.75,5078.0,394.0
2024-02-29 07:40:00,5078.0,5078.5,5077.25,5078.5,504.0
2024-02-29 07:45:00,5078.5,5078.75,5077.25,5077.25,1719.0
2024-02-29 07:50:00,5077.25,5077.5,5075.25,5076.75,1608.0
2024-02-29 07:55:00,5076.75,5077.0,5073.5,5075.0,2044.0
2024-02-29 08:00:00,5075.0,5075.75,5073.0,5075.0,2285.0
2024-02-29 08:05:00,5075.0,5075.25,5071.25,5071.5,1610.0
2024-02-29 08:10:00,5071.5,5071.5,5060.0,5064.0,11469.0
2024-02-29 08:15:00,5064.0,5070.0,5063.5,5069.5,3868.0
2024-02-29 08:20:00,5069.5,5069.75,5066.75,5068.0,2394.0
2024-02-29 08:25:00,5067.75,5069.5,5066.25,5068.0,1564.0
2024-02-29 08:30:00,5068.0,5068.75,5066.0,5066.75,2079.0
2024-02-29 08:35:00,5066.5,5068.75,5066.0,5068.0,1136.0
2024-02-29 08:40:00,5068.0,5070.75,5068.0,5069.5,2069.0
2024-02-29 08:45:00,5069.5,5070.0,5067.75,5068.0,1155.0
2024-02-29 08:50:00,5068.0,5070.25,5068.0,5069.75,970.0
2024-02-29 08:55:00,5070.0,5070.75,5068.75,5069.25,1505.0
2024-02-29 09:00:00,5069.25,5069.75,5066.0,5066.5,2804.0
2024-02-29 09:05:00,5066.5,5067.0,5063.0,5063.5,3218.0
2024-02-29 09:10:00,5063.5,5067.5,5063.5,5064.5,2352.0
2024-02-29 09:15:00,5064.5,5066.25,5064.25,5065.0,1315.0
2024-02-29 09:20:00,5065.25,5067.0,5065.25,5066.75,1414.0
2024-02-29 09:25:00,5066.5,5066.75,5062.75,5063.75,2220.0
2024-02-29 09:30:00,5063.75,5065.0,5063.5,5064.75,1344.0
2024-02-29 09:35:00,5064.5,5067.5,5064.25,5066.5,1727.0
2024-02-29 09:40:00,5066.25,5068.0,5065.5,5067.0,1539.0
2024-02-29 09:45:00,5067.0,5068.5,5067.0,5068.25,750.0
2024-02-29 09:50:00,5068.25,5069.5,5067.25,5067.75,1218.0
2024-02-29 09:55:00,5067.75,5068.25,5067.0,5067.5,783.0
2024-02-29 10:00:00,5067.5,5068.75,5067.5,5068.5,690.0
2024-02-29 10:05:00,5068.5,5068.75,5066.25,5066.5,672.0
2024-02-29 10:10:00,5066.75,5069.0,5066.25,5068.75,1257.0
2024-02-29 10:15:00,5068.75,5069.0,5067.25,5068.0,1044.0
2024-02-29 10:20:00,5067.75,5070.25,5067.0,5069.75,864.0
2024-02-29 10:25:00,5069.5,5069.5,5068.0,5068.75,901.0
2024-02-29 10:30:00,5069.0,5069.25,5068.0,5068.5,473.0
2024-02-29 10:35:00,5068.5,5068.5,5066.0,5066.75,1393.0
2024-02-29 10:40:00,5066.75,5068.25,5066.75,5068.0,1007.0
2024-02-29 10:45:00,5067.75,5068.0,5064.75,5065.75,2179.0
2024-02-29 10:50:00,5065.75,5067.75,5065.75,5066.0,1169.0
2024-02-29 10:55:00,5066.25,5067.75,5065.5,5066.5,826.0
2024-02-29 11:00:00,5066.5,5068.5,5065.5,5068.5,1100.0
2024-02-29 11:05:00,5068.5,5071.5,5068.5,5071.0,1740.0
2024-02-29 11:10:00,5071.0,5071.75,5070.5,5070.75,841.0
2024-02-29 11:15:00,5070.75,5071.0,5069.25,5069.5,819.0
2024-02-29 11:20:00,5069.25,5069.5,5067.5,5068.5,962.0
2024-02-29 11:25:00,5068.75,5069.75,5067.5,5068.75,1089.0
2024-02-29 11:30:00,5069.0,5069.0,5067.75,5068.25,711.0
2024-02-29 11:35:00,5068.0,5069.25,5067.75,5068.5,668.0
2024-02-29 11:40:00,5068.5,5068.5,5067.75,5068.0,667.0
2024-02-29 11:45:00,5068.25,5068.75,5067.75,5068.5,528.0
2024-02-29 11:50:00,5068.5,5071.0,5068.25,5070.75,1353.0
2024-02-29 11:55:00,5070.75,5071.5,5070.75,5071.0,937.0
2024-02-29 12:00:00,5071.0,5071.75,5069.5,5070.0,1851.0
2024-02-29 12:05:00,5070.0,5070.25,5067.75,5069.0,1091.0
2024-02-29 12:10:00,5068.75,5070.0,5067.75,5068.5,1274.0
2024-02-29 12:15:00,5068.5,5069.5,5067.75,5068.0,1069.0
2024-02-29 12:20:00,5067.75,5067.75,5065.5,5067.0,1498.0
2024-02-29 12:25:00,5067.0,5068.5,5066.5,5066.5,999.0
2024-02-29 12:30:00,5066.5,5067.75,5066.5,5067.5,821.0
2024-02-29 12:35:00,5067.25,5068.75,5067.25,5067.75,975.0
2024-02-29 12:40:00,5067.75,5068.0,5065.0,5065.25,1299.0
2024-02-29 12:45:00,5065.0,5067.5,5065.0,5067.25,1306.0
2024-02-29 12:50:00,5067.0,5067.5,5066.0,5066.25,890.0
2024-02-29 12:55:00,5066.25,5068.0,5066.0,5067.5,1051.0
2024-02-29 13:00:00,5067.75,5068.0,5065.25,5066.5,2488.0
2024-02-29 13:05:00,5066.5,5069.25,5066.0,5067.75,2712.0
2024-02-29 13:10:00,5067.75,5068.0,5066.75,5067.5,888.0
2024-02-29 13:15:00,5067.5,5068.75,5066.5,5067.0,2291.0
2024-02-29 13:20:00,5066.75,5067.75,5064.5,5064.75,2183.0
2024-02-29 13:25:00,5064.75,5065.25,5063.25,5063.75,3308.0
2024-02-29 13:30:00,5063.75,5085.75,5063.5,5084.5,21963.0
2024-02-29 13:35:00,5084.5,5093.5,5083.5,5090.5,22487.0
2024-02-29 13:40:00,5090.5,5095.25,5090.25,5094.75,11583.0
2024-02-29 13:45:00,5095.0,5097.5,5095.0,5096.5,14286.0
2024-02-29 13:50:00,5096.5,5098.5,5094.25,5097.75,10155.0
2024-02-29 13:55:00,5097.5,5098.0,5094.75,5096.0,5660.0
2024-02-29 14:00:00,5096.0,5097.5,5095.0,5096.5,7074.0
2024-02-29 14:05:00,5096.5,5099.0,5096.5,5098.5,8695.0
2024-02-29 14:10:00,5098.75,5100.5,5098.25,5098.5,9273.0
2024-02-29 14:15:00,5098.5,5098.75,5096.25,5097.0,6463.0
2024-02-29 14:20:00,5097.25,5097.25,5095.5,5095.75,3682.0
2024-02-29 14:25:00,5095.75,5099.0,5095.5,5098.5,8349.0
2024-02-29 14:30:00,5098.5,5105.0,5097.5,5103.75,52508.0
2024-02-29 14:35:00,5104.0,5105.5,5100.75,5103.0,30181.0
2024-02-29 14:40:00,5103.0,5104.5,5100.75,5101.0,14979.0
2024-02-29 14:45:00,5101.0,5103.75,5099.0,5102.5,23801.0
2024-02-29 14:50:00,5102.75,5103.5,5099.75,5103.25,15347.0
2024-02-29 14:55:00,5103.25,5103.5,5100.25,5101.5,10125.0
2024-02-29 15:00:00,5101.25,5104.25,5100.25,5104.25,16033.0
2024-02-29 15:05:00,5104.25,5104.5,5097.5,5099.0,19948.0
2024-02-29 15:10:00,5099.0,5100.25,5086.0,5087.0,38968.0
2024-02-29 15:15:00,5087.0,5091.25,5084.5,5089.75,26109.0
2024-02-29 15:20:00,5090.0,5093.0,5089.0,5092.5,13133.0
2024-02-29 15:25:00,5092.5,5094.75,5091.75,5093.25,12764.0
2024-02-29 15:30:00,5093.5,5095.25,5091.5,5093.0,11810.0
2024-02-29 15:35:00,5093.0,5094.5,5090.75,5092.75,9443.0
2024-02-29 15:40:00,5093.0,5094.0,5088.25,5088.5,11898.0
2024-02-29 15:45:00,5088.5,5092.75,5086.75,5092.5,15589.0
2024-02-29 15:50:00,5092.25,5095.0,5089.75,5090.0,13633.0
2024-02-29 15:55:00,5090.0,5091.5,5087.25,5091.25,13488.0
2024-02-29 16:00:00,5091.25,5092.25,5086.25,5090.5,15138.0
2024-02-29 16:05:00,5090.25,5093.25,5089.0,5091.5,12262.0
2024-02-29 16:10:00,5091.25,5093.25,5091.0,5091.75,7424.0
2024-02-29 16:15:00,5091.75,5094.25,5091.75,5093.25,6635.0
2024-02-29 16:20:00,5093.25,5094.25,5091.25,5092.25,7106.0
2024-02-29 16:25:00,5092.25,5093.5,5090.5,5091.25,7375.0
2024-02-29 16:30:00,5091.25,5091.25,5085.5,5086.75,16328.0
2024-02-29 16:35:00,5086.75,5087.0,5077.75,5078.5,24577.0
2024-02-29 16:40:00,5078.5,5078.5,5070.0,5074.5,37166.0
2024-02-29 16:45:00,5074.25,5080.0,5074.0,5079.5,17031.0
2024-02-29 16:50:00,5079.5,5082.5,5079.5,5082.0,13174.0
2024-02-29 16:55:00,5081.75,5084.75,5081.5,5082.25,14363.0
2024-02-29 17:00:00,5082.25,5087.75,5081.25,5086.75,16129.0
2024-02-29 17:05:00,5086.5,5087.25,5082.0,5082.75,13610.0
2024-02-29 17:10:00,5082.75,5086.0,5082.25,5085.75,10799.0
2024-02-29 17:15:00,5085.75,5087.25,5084.25,5085.5,7994.0
2024-02-29 17:20:00,5085.5,5088.25,5083.75,5084.0,13776.0
2024-02-29 17:25:00,5084.0,5086.0,5082.75,5084.25,10649.0
2024-02-29 17:30:00,5084.25,5085.5,5081.75,5084.75,14551.0
2024-02-29 17:35:00,5084.75,5085.0,5083.25,5084.25,6632.0
2024-02-29 17:40:00,5084.25,5087.25,5083.75,5085.0,14085.0
2024-02-29 17:45:00,5085.25,5088.5,5084.25,5088.25,13040.0
2024-02-29 17:50:00,5088.5,5090.5,5087.5,5090.5,14785.0
2024-02-29 17:55:00,5090.5,5091.25,5089.75,5090.5,11609.0
2024-02-29 18:00:00,5090.75,5092.75,5090.25,5091.75,14349.0
2024-02-29 18:05:00,5091.75,5093.0,5091.25,5091.5,8272.0
2024-02-29 18:10:00,5091.75,5095.25,5091.25,5094.25,14098.0
2024-02-29 18:15:00,5094.25,5094.75,5092.25,5092.75,6752.0
2024-02-29 18:20:00,5092.5,5094.5,5090.75,5091.25,9178.0
2024-02-29 18:25:00,5091.25,5095.75,5090.75,5094.5,11596.0
2024-02-29 18:30:00,5094.75,5095.75,5094.0,5095.0,15602.0
2024-02-29 18:35:00,5095.25,5095.75,5093.5,5094.0,6880.0
2024-02-29 18:40:00,5094.25,5095.0,5092.25,5092.5,5443.0
2024-02-29 18:45:00,5092.75,5094.5,5092.0,5093.25,4045.0
2024-02-29 18:50:00,5093.25,5095.75,5092.25,5095.0,6499.0
2024-02-29 18:55:00,5095.0,5096.0,5094.25,5095.25,15309.0
2024-02-29 19:00:00,5095.5,5097.0,5094.75,5096.5,15142.0
2024-02-29 19:05:00,5096.75,5097.25,5093.25,5095.0,7728.0
2024-02-29 19:10:00,5095.0,5096.25,5094.75,5096.25,9186.0
2024-02-29 19:15:00,5096.25,5099.75,5095.5,5099.25,20428.0
2024-02-29 19:20:00,5099.25,5100.0,5096.75,5097.25,14436.0
2024-02-29 19:25:00,5097.25,5097.75,5091.25,5093.25,10900.0
2024-02-29 19:30:00,5093.25,5095.75,5092.75,5093.25,8361.0
2024-02-29 19:35:00,5093.25,5095.25,5092.75,5094.25,5888.0
2024-02-29 19:40:00,5094.0,5095.0,5090.75,5091.75,6618.0
2024-02-29 19:45:00,5091.75,5092.5,5088.5,5092.0,16188.0
2024-02-29 19:50:00,5092.0,5092.25,5089.5,5090.25,7376.0
2024-02-29 19:55:00,5090.25,5092.25,5089.5,5092.0,5534.0
2024-02-29 20:00:00,5092.25,5096.25,5092.25,5094.5,10802.0
2024-02-29 20:05:00,5094.25,5095.75,5094.25,5095.0,5801.0
2024-02-29 20:10:00,5095.0,5096.75,5094.5,5095.25,10184.0
2024-02-29 20:15:00,5095.25,5096.0,5093.5,5096.0,4639.0
2024-02-29 20:20:00,5096.0,5097.0,5095.25,5096.5,12781.0
2024-02-29 20:25:00,5096.25,5098.75,5096.25,5098.25,10034.0
2024-02-29 20:30:00,5098.0,5101.25,5097.75,5099.25,22035.0
2024-02-29 20:35:00,5099.5,5101.5,5098.75,5100.0,15327.0
2024-02-29 20:40:00,5100.25,5104.5,5100.0,5102.75,23013.0
2024-02-29 20:45:00,5102.75,5107.25,5101.0,5106.5,17733.0
2024-02-29 20:50:00,5106.5,5108.0,5103.0,5105.0,35810.0
2024-02-29 20:55:00,5105.25,5114.5,5104.5,5111.5,60964.0
2024-02-29 21:00:00,5111.5,5111.5,5093.0,5100.5,200607.0
2024-02-29 21:05:00,5100.5,5101.25,5094.75,5099.5,22965.0
2024-02-29 21:10:00,5099.25,5101.0,5099.0,5099.25,6211.0
2024-02-29 21:15:00,5099.5,5101.5,5098.75,5101.25,4705.0
2024-02-29 21:20:00,5101.0,5102.5,5101.0,5101.75,2537.0
2024-02-29 21:25:00,5101.75,5102.25,5101.0,5101.75,1386.0
2024-02-29 21:30:00,5101.75,5103.0,5101.5,5101.75,1644.0
2024-02-29 21:35:00,5101.75,5102.5,5101.5,5102.25,1254.0
2024-02-29 21:40:00,5102.25,5102.5,5100.75,5101.25,1537.0
2024-02-29 21:45:00,5101.0,5101.25,5099.75,5101.0,1809.0
2024-02-29 21:50:00,5101.0,5101.25,5100.5,5100.5,1094.0
2024-02-29 21:55:00,5100.75,5101.0,5099.5,5099.75,1032.0
2024-02-29 22:00:00,5099.5,5100.75,5099.5,5100.75,302.0
2024-02-29 23:00:00,5101.5,5103.5,5100.75,5103.25,956.0
2024-02-29 23:05:00,5103.5,5104.0,5103.0,5103.0,760.0
2024-02-29 23:10:00,5103.0,5103.0,5101.5,5102.0,1510.0
2024-02-29 23:15:00,5102.0,5102.5,5100.5,5101.0,780.0
2024-02-29 23:20:00,5101.25,5101.25,5097.5,5097.75,2987.0
2024-02-29 23:25:00,5098.0,5098.75,5097.5,5098.5,1227.0
2024-02-29 23:30:00,5098.5,5099.25,5095.5,5096.75,3409.0
2024-02-29 23:35:00,5096.5,5097.0,5094.25,5095.5,3054.0
2024-02-29 23:40:00,5095.5,5095.75,5095.0,5095.25,1218.0
2024-02-29 23:45:00,5095.25,5096.75,5094.5,5096.5,1061.0
2024-02-29 23:50:00,5096.25,5097.75,5096.25,5097.25,720.0
2024-02-29 23:55:00,5097.5,5097.75,5096.5,5096.75,540.0
2024-03-01 00:00:00,5097.0,5099.5,5097.0,5099.5,1195.0
2024-03-01 00:05:00,5099.5,5099.75,5098.75,5099.5,522.0
2024-03-01 00:10:00,5099.5,5100.5,5099.5,5100.0,316.0
2024-03-01 00:15:00,5100.25,5101.0,5099.75,5100.75,545.0
2024-03-01 00:20:00,5100.5,5101.75,5100.25,5101.0,828.0
2024-03-01 00:25:00,5100.75,5101.25,5100.5,5101.25,285.0
2024-03-01 00:30:00,5101.0,5101.0,5099.75,5100.0,383.0
2024-03-01 00:35:00,5100.0,5101.25,5099.75,5100.0,447.0
2024-03-01 00:40:00,5100.0,5100.25,5099.25,5100.0,477.0
2024-03-01 00:45:00,5100.0,5100.5,5099.25,5100.0,459.0
2024-03-01 00:50:00,5100.0,5102.5,5099.75,5102.25,623.0
2024-03-01 00:55:00,5102.0,5102.25,5101.25,5102.25,407.0
2024-03-01 01:00:00,5102.0,5104.0,5102.0,5103.25,1147.0
2024-03-01 01:05:00,5103.0,5103.25,5101.0,5102.25,772.0
2024-03-01 01:10:00,5102.0,5103.0,5101.75,5102.25,476.0
2024-03-01 01:15:00,5102.25,5102.75,5101.5,5101.75,572.0
2024-03-01 01:20:00,5101.75,5102.5,5101.5,5101.75,535.0
2024-03-01 01:25:00,5101.75,5103.0,5101.75,5103.0,352.0
2024-03-01 01:30:00,5103.0,5104.25,5102.5,5103.75,1096.0
2024-03-01 01:35:00,5104.0,5106.5,5104.0,5106.25,1518.0
2024-03-01 01:40:00,5106.25,5107.0,5105.5,5105.5,1201.0
2024-03-01 01:45:00,5105.5,5108.0,5105.25,5108.0,941.0
2024-03-01 01:50:00,5107.75,5108.5,5107.25,5108.0,764.0
2024-03-01 01:55:00,5108.25,5110.75,5107.75,5110.25,2394.0
2024-03-01 02:00:00,5110.25,5110.75,5109.25,5109.25,684.0
2024-03-01 02:05:00,5109.25,5109.75,5109.0,5109.25,507.0
2024-03-01 02:10:00,5109.5,5110.25,5109.0,5110.0,904.0
2024-03-01 02:15:00,5110.25,5110.5,5109.25,5109.5,651.0
2024-03-01 02:20:00,5109.75,5110.75,5109.5,5110.5,518.0
2024-03-01 02:25:00,5110.5,5110.75,5109.75,5110.75,464.0
2024-03-01 02:30:00,5110.5,5111.0,5109.75,5109.75,599.0
2024-03-01 02:35:00,5109.75,5110.25,5109.5,5110.0,528.0
2024-03-01 02:40:00,5110.0,5110.5,5109.75,5110.25,287.0
2024-03-01 02:45:00,5110.25,5110.75,5109.75,5110.75,291.0
2024-03-01 02:50:00,5110.5,5112.25,5110.25,5111.75,925.0
2024-03-01 02:55:00,5111.5,5111.75,5111.0,5111.5,412.0
2024-03-01 03:00:00,5111.5,5112.5,5111.5,5112.25,713.0
2024-03-01 03:05:00,5112.25,5113.25,5111.75,5112.5,895.0
2024-03-01 03:10:00,5112.5,5113.0,5112.0,5112.5,416.0
2024-03-01 03:15:00,5112.75,5113.0,5112.25,5112.5,475.0
2024-03-01 03:20:00,5112.5,5112.75,5112.0,5112.25,337.0
2024-03-01 03:25:00,5112.5,5113.0,5112.25,5113.0,438.0
2024-03-01 03:30:00,5112.75,5112.75,5112.0,5112.25,244.0
2024-03-01 03:35:00,5112.25,5112.25,5111.5,5111.75,325.0
2024-03-01 03:40:00,5111.75,5112.25,5111.75,5112.0,294.0
2024-03-01 03:45:00,5112.0,5112.25,5111.75,5111.75,372.0
2024-03-01 03:50:00,5112.0,5112.25,5111.5,5112.0,401.0
2024-03-01 03:55:00,5112.25,5112.5,5111.75,5112.25,318.0
2024-03-01 04:00:00,5112.25,5112.75,5111.75,5111.75,317.0
2024-03-01 04:05:00,5111.75,5112.0,5111.25,5111.5,361.0
2024-03-01 04:10:00,5111.25,5111.5,5110.75,5111.5,455.0
2024-03-01 04:15:00,5111.5,5111.75,5111.0,5111.5,265.0
2024-03-01 04:20:00,5111.25,5111.5,5110.75,5111.5,224.0
2024-03-01 04:25:00,5111.25,5111.25,5110.5,5110.5,475.0
2024-03-01 04:30:00,5110.5,5111.0,5110.25,5111.0,424.0
2024-03-01 04:35:00,5110.75,5111.0,5110.0,5110.75,317.0
2024-03-01 04:40:00,5110.75,5110.75,5110.25,5110.25,222.0
2024-03-01 04:45:00,5110.0,5110.5,5109.75,5110.0,409.0
2024-03-01 04:50:00,5110.0,5110.25,5109.75,5109.75,228.0
2024-03-01 04:55:00,5110.0,5110.25,5109.75,5110.0,162.0
2024-03-01 05:00:00,5110.0,5110.0,5109.5,5110.0,362.0
2024-03-01 05:05:00,5109.75,5110.0,5109.5,5109.5,237.0
2024-03-01 05:10:00,5109.5,5110.75,5109.0,5110.5,423.0
2024-03-01 05:15:00,5110.5,5110.75,5110.25,5110.5,197.0
2024-03-01 05:20:00,5110.5,5111.25,5110.0,5110.5,404.0
2024-03-01 05:25:00,5110.5,5110.5,5110.0,5110.25,190.0
2024-03-01 05:30:00,5110.0,5110.5,5109.5,5109.75,503.0
2024-03-01 05:35:00,5109.5,5110.0,5109.5,5110.0,208.0
2024-03-01 05:40:00,5110.0,5110.75,5109.75,5110.5,310.0
2024-03-01 05:45:00,5110.5,5112.0,5110.5,5111.5,489.0
2024-03-01 05:50:00,5111.5,5111.75,5111.25,5111.5,342.0
2024-03-01 05:55:00,5111.5,5111.75,5110.75,5111.0,198.0
2024-03-01 06:00:00,5111.0,5111.75,5110.75,5111.25,407.0
2024-03-01 06:05:00,5111.0,5112.25,5110.5,5112.0,858.0
2024-03-01 06:10:00,5112.0,5112.25,5111.25,5112.25,423.0
2024-03-01 06:15:00,5112.0,5114.0,5112.0,5113.75,990.0
2024-03-01 06:20:00,5114.0,5114.0,5112.75,5113.0,519.0
2024-03-01 06:25:00,5113.0,5113.25,5112.5,5113.0,308.0
2024-03-01 06:30:00,5113.25,5113.25,5112.0,5112.0,349.0
2024-03-01 06:35:00,5111.75,5112.5,5111.75,5112.0,224.0
2024-03-01 06:40:00,5112.0,5113.25,5112.0,5112.5,286.0
2024-03-01 06:45:00,5112.5,5113.75,5112.25,5113.0,528.0
2024-03-01 06:50:00,5113.0,5113.25,5112.0,5112.25,294.0
2024-03-01 06:55:00,5112.5,5113.5,5112.5,5113.5,476.0
2024-03-01 07:00:00,5113.5,5116.25,5112.25,5114.75,2936.0
2024-03-01 07:05:00,5114.5,5116.0,5113.5,5114.75,2392.0
2024-03-01 07:10:00,5114.75,5115.25,5114.0,5114.25,437.0
2024-03-01 07:15:00,5114.5,5115.75,5114.25,5115.75,575.0
2024-03-01 07:20:00,5115.75,5115.75,5113.75,5114.25,564.0
2024-03-01 07:25:00,5114.25,5115.0,5114.0,5114.25,554.0
2024-03-01 07:30:00,5114.5,5115.5,5114.0,5115.5,759.0
2024-03-01 07:35:00,5115.25,5116.0,5114.75,5115.0,863.0
2024-03-01 07:40:00,5115.0,5115.75,5114.75,5115.25,701.0
2024-03-01 07:45:00,5115.5,5115.5,5113.75,5114.75,725.0
2024-03-01 07:50:00,5114.5,5114.75,5113.5,5114.0,425.0
2024-03-01 07:55:00,5114.0,5114.75,5113.75,5114.5,460.0
2024-03-01 08:00:00,5114.25,5114.5,5112.0,5112.5,2347.0
2024-03-01 08:05:00,5112.5,5114.5,5112.25,5113.25,1779.0
2024-03-01 08:10:00,5113.25,5113.75,5112.0,5112.0,1171.0
2024-03-01 08:15:00,5112.25,5112.25,5110.5,5110.75,1671.0
2024-03-01 08:20:00,5110.5,5112.0,5110.0,5110.5,1128.0
2024-03-01 08:25:00,5110.5,5111.0,5109.5,5110.75,1442.0
2024-03-01 08:30:00,5111.0,5111.25,5109.5,5109.75,1331.0
2024-03-01 08:35:00,5110.0,5110.25,5109.0,5109.75,1445.0
2024-03-01 08:40:00,5109.75,5110.75,5109.5,5110.25,1386.0
2024-03-01 08:45:00,5110.0,5110.0,5107.0,5107.5,1991.0
2024-03-01 08:50:00,5107.5,5108.0,5106.5,5106.75,1597.0
2024-03-01 08:55:00,5107.0,5108.5,5107.0,5107.5,1404.0
2024-03-01 09:00:00,5107.75,5109.75,5107.5,5108.25,2261.0
2024-03-01 09:05:00,5108.0,5109.0,5106.75,5108.75,1901.0
2024-03-01 09:10:00,5108.75,5110.5,5108.0,5108.5,1745.0
2024-03-01 09:15:00,5108.75,5111.25,5108.5,5110.5,1674.0
2024-03-01 09:20:00,5110.5,5112.5,5110.5,5112.25,1372.0
2024-03-01 09:25:00,5112.25,5112.75,5111.0,5111.75,1097.0
2024-03-01 09:30:00,5111.75,5111.75,5107.5,5109.5,2764.0
2024-03-01 09:35:00,5109.25,5111.0,5108.75,5110.75,1586.0
2024-03-01 09:40:00,5110.5,5111.25,5110.25,5110.25,759.0
2024-03-01 09:45:00,5110.5,5110.5,5109.25,5110.0,851.0
2024-03-01 09:50:00,5110.0,5110.75,5109.5,5110.25,751.0
2024-03-01 09:55:00,5110.5,5110.75,5108.5,5108.75,773.0
2024-03-01 10:00:00,5109.0,5109.0,5105.25,5106.25,2479.0
2024-03-01 10:05:00,5106.5,5107.75,5105.75,5106.5,1369.0
2024-03-01 10:10:00,5106.5,5107.0,5101.75,5101.75,2656.0
2024-03-01 10:15:00,5102.0,5102.0,5093.25,5096.25,7487.0
2024-03-01 10:20:00,5096.25,5096.25,5091.0,5091.5,6457.0
2024-03-01 10:25:00,5091.75,5091.75,5089.25,5089.5,5071.0
2024-03-01 10:30:00,5089.5,5093.0,5089.25,5092.0,4951.0
2024-03-01 10:35:00,5092.25,5096.75,5092.25,5096.25,3678.0
2024-03-01 10:40:00,5096.25,5096.75,5093.5,5094.75,2066.0
2024-03-01 10:45:00,5094.75,5095.5,5093.5,5093.75,1887.0
2024-03-01 10:50:00,5093.75,5095.0,5092.0,5092.0,1526.0
2024-03-01 10:55:00,5092.0,5094.75,5091.5,5094.5,1722.0
2024-03-01 11:00:00,5094.75,5096.75,5094.0,5096.25,2034.0
2024-03-01 11:05:00,5096.25,5097.25,5095.5,5096.5,1401.0
2024-03-01 11:10:00,5096.25,5096.75,5094.75,5096.75,1274.0
2024-03-01 11:15:00,5096.75,5099.25,5096.75,5098.75,2054.0
2024-03-01 11:20:00,5098.5,5099.25,5097.5,5097.75,1598.0
2024-03-01 11:25:00,5097.75,5099.0,5097.5,5098.5,1089.0
2024-03-01 11:30:00,5098.25,5099.25,5098.0,5099.0,1011.0
2024-03-01 11:35:00,5099.0,5099.0,5097.0,5097.75,1053.0
2024-03-01 11:40:00,5098.0,5100.0,5097.5,5098.75,1916.0
2024-03-01 11:45:00,5098.75,5101.0,5098.75,5100.75,992.0
2024-03-01 11:50:00,5100.75,5100.75,5099.0,5099.75,1190.0
2024-03-01 11:55:00,5099.5,5100.25,5099.25,5100.0,1010.0
2024-03-01 12:00:00,5100.0,5101.5,5099.5,5101.0,2099.0
2024-03-01 12:05:00,5100.75,5101.0,5098.75,5099.5,1993.0
2024-03-01 12:10:00,5099.25,5099.75,5098.5,5099.5,1112.0
2024-03-01 12:15:00,5099.25,5100.75,5098.75,5100.0,1233.0
2024-03-01 12:20:00,5099.75,5100.0,5097.25,5097.5,1271.0
2024-03-01 12:25:00,5097.5,5099.25,5097.5,5098.25,1959.0
2024-03-01 12:30:00,5098.25,5098.5,5097.25,5098.0,975.0
2024-03-01 12:35:00,5098.25,5100.75,5098.25,5100.75,1294.0
2024-03-01 12:40:00,5100.5,5101.5,5100.5,5100.75,1196.0
2024-03-01 12:45:00,5100.75,5101.25,5100.25,5101.0,1225.0
2024-03-01 12:50:00,5101.0,5103.75,5100.75,5103.75,2669.0
2024-03-01 12:55:00,5103.75,5104.0,5102.25,5102.5,1395.0
2024-03-01 13:00:00,5102.5,5102.5,5101.25,5101.75,2133.0
2024-03-01 13:05:00,5101.5,5105.0,5101.5,5105.0,2844.0
2024-03-01 13:10:00,5104.75,5105.25,5103.75,5105.0,2141.0
2024-03-01 13:15:00,5105.0,5106.25,5104.25,5105.25,1612.0
2024-03-01 13:20:00,5105.5,5105.5,5102.75,5102.75,2082.0
2024-03-01 13:25:00,5103.0,5104.75,5101.75,5104.25,2675.0
2024-03-01 13:30:00,5104.25,5106.0,5103.75,5104.5,2800.0
2024-03-01 13:35:00,5104.25,5104.25,5099.0,5101.5,10210.0
2024-03-01 13:40:00,5101.25,5103.25,5099.5,5100.5,3897.0
2024-03-01 13:45:00,5100.5,5104.75,5100.0,5104.0,2942.0
2024-03-01 13:50:00,5104.0,5105.0,5102.0,5102.75,2528.0
2024-03-01 13:55:00,5102.75,5103.0,5100.75,5102.25,2387.0
2024-03-01 14:00:00,5102.25,5102.75,5101.5,5101.5,2252.0
2024-03-01 14:05:00,5101.25,5102.5,5101.0,5101.25,2567.0
2024-03-01 14:10:00,5101.25,5102.25,5100.5,5101.5,2015.0
2024-03-01 14:15:00,5101.5,5104.0,5101.5,5103.0,2997.0
2024-03-01 14:20:00,5103.0,5104.5,5102.5,5104.25,2454.0
2024-03-01 14:25:00,5104.25,5105.5,5103.25,5105.0,3974.0
2024-03-01 14:30:00,5105.25,5111.75,5105.0,5109.75,37517.0
2024-03-01 14:35:00,5109.75,5111.0,5104.25,5106.75,27925.0
2024-03-01 14:40:00,5106.75,5107.25,5102.0,5106.5,19749.0
2024-03-01 14:45:00,5106.25,5107.5,5102.0,5105.5,21835.0
2024-03-01 14:50:00,5105.5,5105.75,5102.75,5104.25,15039.0
2024-03-01 14:55:00,5104.5,5106.25,5101.25,5106.0,11897.0
2024-03-01 15:00:00,5106.0,5119.0,5104.75,5108.25,44406.0
2024-03-01 15:05:00,5108.5,5113.0,5102.5,5111.75,32888.0
2024-03-01 15:10:00,5111.75,5116.25,5111.0,5115.0,23801.0
2024-03-01 15:15:00,5115.0,5117.75,5114.25,5116.25,20658.0
2024-03-01 15:20:00,5116.25,5117.5,5113.25,5114.75,17933.0
2024-03-01 15:25:00,5114.75,5120.25,5114.5,5119.5,16090.0
2024-03-01 15:30:00,5119.5,5121.0,5114.75,5116.75,22766.0
2024-03-01 15:35:00,5116.5,5117.5,5112.5,5114.25,18397.0
2024-03-01 15:40:00,5114.25,5118.75,5113.25,5117.75,12283.0
2024-03-01 15:45:00,5117.5,5122.0,5117.5,5119.0,14650.0
2024-03-01 15:50:00,5119.0,5122.0,5118.75,5121.0,9901.0
2024-03-01 15:55:00,5121.25,5124.5,5120.5,5121.0,16686.0
2024-03-01 16:00:00,5121.0,5126.5,5121.0,5124.5,14824.0
2024-03-01 16:05:00,5124.75,5130.25,5124.5,5129.0,17600.0
2024-03-01 16:10:00,5129.0,5129.25,5124.5,5125.25,15396.0
2024-03-01 16:15:00,5125.25,5127.5,5123.75,5126.0,9550.0
2024-03-01 16:20:00,5126.0,5129.25,5125.75,5127.25,11203.0
2024-03-01 16:25:00,5127.25,5127.5,5123.5,5124.75,11032.0
2024-03-01 16:30:00,5124.5,5125.0,5120.75,5122.0,13673.0
2024-03-01 16:35:00,5122.0,5124.5,5117.75,5123.5,24220.0
2024-03-01 16:40:00,5123.5,5126.5,5123.5,5125.25,21527.0
2024-03-01 16:45:00,5125.5,5128.25,5125.0,5127.5,9623.0
2024-03-01 16:50:00,5127.5,5129.0,5127.0,5127.75,8325.0
2024-03-01 16:55:00,5128.0,5129.25,5126.5,5127.0,13563.0
2024-03-01 17:00:00,5127.25,5128.0,5124.5,5126.0,8459.0
2024-03-01 17:05:00,5126.0,5127.0,5123.5,5123.5,7288.0
2024-03-01 17:10:00,5123.75,5128.75,5123.25,5128.0,8921.0
2024-03-01 17:15:00,5128.25,5129.75,5127.75,5129.75,8969.0
2024-03-01 17:20:00,5129.75,5132.25,5129.25,5131.5,12826.0
2024-03-01 17:25:00,5131.5,5134.0,5131.5,5132.5,14114.0
2024-03-01 17:30:00,5132.5,5134.0,5130.25,5133.0,11254.0
2024-03-01 17:35:00,5133.0,5135.25,5132.0,5133.0,19728.0
2024-03-01 17:40:00,5133.25,5134.0,5131.5,5132.75,6765.0
2024-03-01 17:45:00,5133.0,5134.25,5131.25,5133.75,13750.0
2024-03-01 17:50:00,5133.75,5136.5,5133.5,5136.0,20391.0
2024-03-01 17:55:00,5136.0,5137.0,5134.5,5134.5,8885.0
2024-03-01 18:00:00,5134.5,5135.0,5133.0,5134.0,7237.0
2024-03-01 18:05:00,5134.25,5137.5,5134.0,5136.75,16070.0
2024-03-01 18:10:00,5136.75,5137.5,5135.25,5136.0,7165.0
2024-03-01 18:15:00,5136.25,5137.0,5134.75,5134.75,7133.0
2024-03-01 18:20:00,5135.0,5137.0,5134.0,5136.0,11396.0
2024-03-01 18:25:00,5136.0,5138.75,5135.75,5138.5,16629.0
2024-03-01 18:30:00,5138.5,5138.5,5136.25,5137.25,7290.0
2024-03-01 18:35:00,5137.25,5138.25,5136.5,5138.0,8943.0
2024-03-01 18:40:00,5138.0,5140.5,5137.25,5140.0,21201.0
2024-03-01 18:45:00,5140.0,5141.75,5139.5,5140.25,14799.0
2024-03-01 18:50:00,5140.25,5140.25,5138.5,5139.75,8311.0
2024-03-01 18:55:00,5139.75,5142.5,5139.5,5141.75,12752.0
2024-03-01 19:00:00,5141.75,5146.5,5141.75,5145.75,23489.0
2024-03-01 19:05:00,5145.75,5146.75,5143.75,5145.0,11358.0
2024-03-01 19:10:00,5145.25,5147.5,5144.25,5145.25,10557.0
2024-03-01 19:15:00,5145.25,5148.0,5145.0,5145.5,10078.0
2024-03-01 19:20:00,5145.75,5146.75,5143.5,5144.0,9695.0
2024-03-01 19:25:00,5144.0,5148.0,5142.0,5147.75,14105.0
2024-03-01 19:30:00,5147.75,5149.25,5144.0,5144.25,12340.0
2024-03-01 19:35:00,5144.25,5146.25,5142.5,5145.0,10651.0
2024-03-01 19:40:00,5145.0,5145.25,5142.25,5143.75,9913.0
2024-03-01 19:45:00,5143.75,5145.5,5143.0,5144.5,6579.0
2024-03-01 19:50:00,5144.5,5146.75,5144.0,5146.75,9119.0
2024-03-01 19:55:00,5146.75,5148.0,5146.0,5147.75,10636.0
2024-03-01 20:00:00,5147.75,5148.25,5142.75,5144.25,11724.0
2024-03-01 20:05:00,5144.5,5145.5,5140.0,5142.75,12003.0
2024-03-01 20:10:00,5142.75,5143.5,5139.5,5142.0,12281.0
2024-03-01 20:15:00,5141.75,5143.25,5140.25,5142.0,12135.0
2024-03-01 20:20:00,5141.75,5144.5,5141.25,5144.25,13933.0
2024-03-01 20:25:00,5144.25,5146.0,5142.25,5145.5,11154.0
2024-03-01 20:30:00,5145.5,5146.5,5143.0,5144.25,12444.0
2024-03-01 20:35:00,5144.5,5145.5,5142.5,5143.75,10118.0
2024-03-01 20:40:00,5143.5,5144.5,5142.0,5143.25,11569.0
2024-03-01 20:45:00,5143.5,5146.75,5143.5,5146.0,16679.0
2024-03-01 20:50:00,5145.75,5146.5,5142.5,5145.75,20173.0
2024-03-01 20:55:00,5145.75,5147.5,5145.0,5147.0,31341.0
2024-03-01 21:00:00,5147.25,5148.0,5142.25,5142.25,78026.0
2024-03-01 21:05:00,5142.25,5142.5,5141.0,5142.0,10830.0
2024-03-01 21:10:00,5142.25,5142.25,5141.25,5141.5,5733.0
2024-03-01 21:15:00,5141.25,5141.5,5140.25,5140.75,4714.0
2024-03-01 21:20:00,5140.75,5141.5,5140.5,5141.25,1795.0
2024-03-01 21:25:00,5141.25,5141.25,5140.25,5140.75,1374.0
2024-03-01 21:30:00,5140.75,5140.75,5140.0,5140.5,1532.0
2024-03-01 21:35:00,5140.5,5141.25,5140.25,5141.25,705.0
2024-03-01 21:40:00,5141.25,5141.25,5140.0,5140.5,1272.0
2024-03-01 21:45:00,5140.75,5141.0,5140.0,5140.25,736.0
2024-03-01 21:50:00,5140.5,5140.5,5140.0,5140.25,696.0
2024-03-01 21:55:00,5140.25,5140.5,5138.75,5139.0,9838.0
2024-03-01 22:00:00,5139.25,5139.25,5138.25,5138.75,3789.0
2024-03-03 23:00:00,5142.0,5145.75,5141.5,5142.5,2109.0
2024-03-03 23:05:00,5142.5,5145.25,5142.25,5145.0,989.0
2024-03-03 23:10:00,5144.5,5146.0,5144.5,5145.0,998.0
2024-03-03 23:15:00,5144.75,5145.0,5143.75,5144.5,467.0
2024-03-03 23:20:00,5144.75,5144.75,5141.5,5142.25,1309.0
2024-03-03 23:25:00,5142.25,5144.25,5142.0,5144.25,544.0
2024-03-03 23:30:00,5144.0,5144.25,5143.0,5144.25,497.0
2024-03-03 23:35:00,5144.25,5144.25,5141.75,5142.25,366.0
2024-03-03 23:40:00,5142.5,5142.5,5140.25,5141.25,934.0
2024-03-03 23:45:00,5141.5,5142.0,5140.75,5141.75,437.0
2024-03-03 23:50:00,5141.75,5141.75,5141.25,5141.25,304.0
2024-03-03 23:55:00,5141.5,5142.0,5140.75,5142.0,421.0
2024-03-04 00:00:00,5142.0,5142.0,5139.5,5140.75,938.0
2024-03-04 00:05:00,5140.5,5141.0,5138.75,5140.0,1476.0
2024-03-04 00:10:00,5140.0,5141.5,5140.0,5140.75,838.0
2024-03-04 00:15:00,5140.5,5141.25,5139.5,5140.0,1295.0
2024-03-04 00:20:00,5139.75,5141.25,5139.5,5141.0,745.0
2024-03-04 00:25:00,5141.0,5142.0,5141.0,5141.75,884.0
2024-03-04 00:30:00,5141.5,5143.0,5141.25,5142.75,970.0
2024-03-04 00:35:00,5143.0,5143.25,5142.25,5143.0,506.0
2024-03-04 00:40:00,5142.75,5142.75,5142.0,5142.5,335.0
2024-03-04 00:45:00,5142.5,5142.5,5141.0,5141.75,402.0
2024-03-04 00:50:00,5141.75,5142.5,5141.75,5142.25,334.0
2024-03-04 00:55:00,5142.25,5142.5,5141.5,5141.5,276.0
2024-03-04 01:00:00,5141.75,5142.75,5141.75,5142.25,745.0
2024-03-04 01:05:00,5142.25,5142.25,5141.25,5141.5,620.0
2024-03-04 01:10:00,5141.5,5142.25,5141.0,5142.0,414.0
2024-03-04 01:15:00,5142.0,5142.25,5141.75,5141.75,380.0
2024-03-04 01:20:00,5141.75,5142.25,5141.25,5142.0,281.0
2024-03-04 01:25:00,5142.0,5142.25,5141.0,5141.75,399.0
2024-03-04 01:30:00,5141.75,5142.25,5141.0,5141.75,440.0
2024-03-04 01:35:00,5141.75,5143.0,5141.5,5142.5,446.0
2024-03-04 01:40:00,5142.25,5142.5,5141.75,5142.0,298.0
2024-03-04 01:45:00,5142.0,5142.25,5141.25,5142.25,365.0
2024-03-04 01:50:00,5142.25,5142.5,5140.75,5141.25,580.0
2024-03-04 01:55:00,5141.25,5142.0,5141.0,5141.5,352.0
2024-03-04 02:00:00,5141.75,5142.25,5141.5,5141.75,266.0
2024-03-04 02:05:00,5141.75,5142.0,5140.5,5140.75,531.0
2024-03-04 02:10:00,5140.75,5141.0,5140.25,5140.25,733.0
2024-03-04 02:15:00,5140.25,5141.75,5140.25,5141.5,760.0
2024-03-04 02:20:00,5141.5,5142.25,5141.25,5142.0,652.0
2024-03-04 02:25:00,5141.75,5142.0,5141.5,5142.0,154.0
2024-03-04 02:30:00,5142.0,5142.25,5141.5,5142.25,287.0
2024-03-04 02:35:00,5142.25,5142.25,5141.75,5141.75,195.0
2024-03-04 02:40:00,5141.75,5142.75,5141.75,5142.75,325.0
2024-03-04 02:45:00,5142.5,5143.0,5142.25,5142.75,341.0
2024-03-04 02:50:00,5142.5,5143.0,5142.25,5142.5,412.0
2024-03-04 02:55:00,5142.25,5142.5,5141.75,5142.0,410.0
2024-03-04 03:00:00,5142.25,5142.25,5141.75,5141.75,119.0
2024-03-04 03:05:00,5142.0,5142.0,5141.25,5141.25,351.0
2024-03-04 03:10:00,5141.5,5141.5,5141.0,5141.0,169.0
2024-03-04 03:15:00,5141.0,5141.75,5141.0,5141.5,196.0
2024-03-04 03:20:00,5141.25,5141.5,5141.25,5141.5,142.0
2024-03-04 03:25:00,5141.5,5141.5,5140.75,5141.25,335.0
2024-03-04 03:30:00,5141.25,5141.5,5141.0,5141.0,131.0
2024-03-04 03:35:00,5141.25,5141.25,5140.75,5141.0,140.0
2024-03-04 03:40:00,5140.75,5141.0,5140.25,5140.25,294.0
2024-03-04 03:45:00,5140.25,5141.25,5140.25,5141.25,218.0
2024-03-04 03:50:00,5141.0,5141.25,5141.0,5141.25,201.0
2024-03-04 03:55:00,5141.25,5141.5,5140.75,5140.75,165.0
2024-03-04 04:00:00,5140.75,5141.75,5140.75,5141.5,233.0
2024-03-04 04:05:00,5141.75,5142.0,5141.5,5141.75,290.0
2024-03-04 04:10:00,5142.0,5142.25,5141.5,5142.0,288.0
2024-03-04 04:15:00,5142.0,5142.0,5141.0,5141.25,467.0
2024-03-04 04:20:00,5141.25,5142.0,5141.25,5141.75,332.0
2024-03-04 04:25:00,5141.75,5142.25,5141.5,5141.75,432.0
2024-03-04 04:30:00,5141.5,5141.5,5141.25,5141.5,59.0
2024-03-04 04:35:00,5141.5,5141.5,5141.25,5141.5,219.0
2024-03-04 04:40:00,5141.5,5141.5,5141.0,5141.0,129.0
2024-03-04 04:45:00,5141.0,5141.25,5140.25,5140.5,409.0
2024-03-04 04:50:00,5140.5,5140.75,5140.0,5140.75,324.0
2024-03-04 04:55:00,5140.75,5141.0,5140.75,5140.75,155.0
2024-03-04 05:00:00,5141.0,5141.25,5140.75,5141.0,226.0
2024-03-04 05:05:00,5141.25,5141.25,5140.75,5140.75,220.0
2024-03-04 05:10:00,5140.75,5141.25,5140.75,5141.0,172.0
2024-03-04 05:15:00,5141.0,5141.0,5140.5,5141.0,114.0
2024-03-04 05:20:00,5141.0,5141.25,5140.5,5141.0,161.0
2024-03-04 05:25:00,5140.75,5141.25,5140.75,5141.0,226.0
2024-03-04 05:30:00,5141.0,5141.0,5140.5,5140.75,234.0
2024-03-04 05:35:00,5140.75,5140.75,5140.0,5140.0,174.0
2024-03-04 05:40:00,5140.0,5140.25,5139.75,5140.25,343.0
2024-03-04 05:45:00,5140.0,5140.25,5140.0,5140.0,105.0
2024-03-04 05:50:00,5140.0,5140.5,5140.0,5140.5,289.0
2024-03-04 05:55:00,5140.5,5140.75,5140.0,5140.25,287.0
2024-03-04 06:00:00,5140.25,5140.25,5139.5,5139.75,778.0
2024-03-04 06:05:00,5139.75,5140.0,5139.25,5139.75,393.0
2024-03-04 06:10:00,5139.75,5140.5,5139.5,5140.5,385.0
2024-03-04 06:15:00,5140.5,5140.75,5140.25,5140.5,208.0
2024-03-04 06:20:00,5140.75,5141.0,5140.25,5140.5,204.0
2024-03-04 06:25:00,5140.5,5140.5,5140.0,5140.0,177.0
2024-03-04 06:30:00,5140.0,5141.0,5140.0,5140.5,408.0
2024-03-04 06:35:00,5140.75,5141.5,5140.5,5140.5,479.0
2024-03-04 06:40:00,5140.5,5140.75,5140.25,5140.75,137.0
2024-03-04 06:45:00,5140.5,5140.75,5139.75,5140.25,280.0
2024-03-04 06:50:00,5140.5,5141.0,5139.75,5140.75,306.0
2024-03-04 06:55:00,5141.0,5141.25,5140.25,5140.75,241.0
2024-03-04 07:00:00,5141.0,5141.25,5140.0,5140.5,557.0
2024-03-04 07:05:00,5140.75,5142.25,5140.0,5142.25,890.0
2024-03-04 07:10:00,5142.25,5142.25,5141.25,5141.5,590.0
2024-03-04 07:15:00,5141.5,5141.5,5140.75,5140.75,216.0
2024-03-04 07:20:00,5140.5,5141.0,5140.25,5140.25,227.0
2024-03-04 07:25:00,5140.25,5140.5,5139.75,5140.5,466.0
2024-03-04 07:30:00,5140.5,5141.25,5140.25,5140.75,930.0
2024-03-04 07:35:00,5141.0,5141.0,5139.75,5141.0,560.0
2024-03-04 07:40:00,5141.0,5141.25,5140.5,5141.0,459.0
2024-03-04 07:45:00,5140.75,5141.75,5140.75,5141.5,310.0
2024-03-04 07:50:00,5141.5,5141.75,5141.25,5141.5,400.0
2024-03-04 07:55:00,5141.75,5142.5,5141.5,5142.5,528.0
2024-03-04 08:00:00,5142.5,5142.75,5141.25,5141.5,1294.0
2024-03-04 08:05:00,5141.5,5142.5,5141.5,5142.25,737.0
2024-03-04 08:10:00,5142.5,5144.0,5142.25,5143.0,1692.0
2024-03-04 08:15:00,5143.0,5144.0,5142.0,5143.5,1049.0
2024-03-04 08:20:00,5143.5,5143.75,5142.25,5142.25,775.0
2024-03-04 08:25:00,5142.25,5143.5,5142.25,5142.75,789.0
2024-03-04 08:30:00,5142.75,5142.75,5141.25,5142.0,910.0
2024-03-04 08:35:00,5142.0,5142.25,5141.25,5141.25,501.0
2024-03-04 08:40:00,5141.5,5142.5,5141.25,5142.25,1192.0
2024-03-04 08:45:00,5142.25,5143.0,5141.75,5142.25,1805.0
2024-03-04 08:50:00,5142.25,5143.0,5141.75,5142.25,447.0
2024-03-04 08:55:00,5142.25,5143.25,5142.0,5143.0,1267.0
2024-03-04 09:00:00,5142.75,5143.5,5142.75,5143.25,810.0
2024-03-04 09:05:00,5143.25,5145.0,5143.0,5143.5,1940.0
2024-03-04 09:10:00,5143.5,5144.5,5142.5,5143.5,1231.0
2024-03-04 09:15:00,5143.5,5143.75,5142.75,5143.25,864.0
2024-03-04 09:20:00,5143.25,5143.75,5142.75,5143.0,899.0
2024-03-04 09:25:00,5143.0,5143.25,5142.0,5142.25,1002.0
2024-03-04 09:30:00,5142.25,5142.75,5140.5,5140.5,1569.0
2024-03-04 09:35:00,5140.5,5141.75,5140.5,5141.5,935.0
2024-03-04 09:40:00,5141.5,5141.5,5141.25,5141.5,1202.0
2024-03-04 09:45:00,5141.5,5141.75,5141.0,5141.5,857.0
2024-03-04 09:50:00,5141.5,5141.5,5141.0,5141.0,918.0
2024-03-04 09:55:00,5141.25,5141.25,5139.5,5140.0,967.0
2024-03-04 10:00:00,5139.75,5140.0,5138.5,5138.75,1661.0
2024-03-04 10:05:00,5138.75,5140.0,5138.75,5139.75,523.0
2024-03-04 10:10:00,5139.75,5140.0,5138.75,5139.25,791.0
2024-03-04 10:15:00,5139.25,5140.25,5139.0,5139.5,633.0
2024-03-04 10:20:00,5139.5,5139.75,5138.25,5139.75,1221.0
2024-03-04 10:25:00,5140.0,5140.25,5139.5,5139.5,817.0
2024-03-04 10:30:00,5139.75,5140.25,5139.25,5140.25,994.0
2024-03-04 10:35:00,5140.5,5141.5,5139.75,5140.25,1248.0
2024-03-04 10:40:00,5140.25,5141.0,5140.25,5140.5,603.0
2024-03-04 10:45:00,5140.5,5141.0,5139.75,5140.0,501.0
2024-03-04 10:50:00,5140.0,5140.5,5139.25,5139.75,801.0
2024-03-04 10:55:00,5139.75,5140.5,5139.75,5140.0,620.0
2024-03-04 11:00:00,5140.0,5140.25,5139.0,5139.0,777.0
2024-03-04 11:05:00,5139.25,5139.5,5135.0,5136.75,3274.0
2024-03-04 11:10:00,5136.5,5137.5,5135.0,5137.25,2913.0
2024-03-04 11:15:00,5137.25,5137.25,5135.5,5137.0,2286.0
2024-03-04 11:20:00,5137.0,5137.75,5136.5,5137.25,1110.0
2024-03-04 11:25:00,5137.5,5138.25,5136.75,5137.75,1151.0
2024-03-04 11:30:00,5137.75,5138.75,5137.5,5138.0,1348.0
2024-03-04 11:35:00,5138.25,5138.25,5137.25,5138.0,696.0
2024-03-04 11:40:00,5137.75,5138.0,5137.25,5137.75,704.0
2024-03-04 11:45:00,5137.75,5139.25,5137.75,5138.25,844.0
2024-03-04 11:50:00,5138.25,5139.25,5138.25,5138.5,675.0
2024-03-04 11:55:00,5138.75,5139.25,5138.25,5139.25,544.0
2024-03-04 12:00:00,5139.25,5139.75,5138.0,5139.25,2679.0
2024-03-04 12:05:00,5139.5,5139.75,5138.75,5139.25,820.0
2024-03-04 12:10:00,5139.25,5139.75,5138.75,5139.25,759.0
2024-03-04 12:15:00,5139.5,5140.5,5139.25,5140.25,1047.0
2024-03-04 12:20:00,5140.0,5140.25,5139.0,5139.75,556.0
2024-03-04 12:25:00,5139.5,5140.25,5139.0,5140.0,549.0
2024-03-04 12:30:00,5140.25,5141.0,5140.0,5140.0,758.0
2024-03-04 12:35:00,5140.0,5140.5,5139.5,5140.25,961.0
2024-03-04 12:40:00,5140.25,5141.0,5139.5,5140.75,962.0
2024-03-04 12:45:00,5141.0,5141.5,5139.5,5139.5,1316.0
2024-03-04 12:50:00,5139.75,5140.0,5138.5,5139.0,865.0
2024-03-04 12:55:00,5138.75,5139.0,5138.0,5138.25,1107.0
2024-03-04 13:00:00,5138.25,5138.5,5136.5,5136.75,2986.0
2024-03-04 13:05:00,5137.0,5138.5,5136.5,5138.25,1782.0
2024-03-04 13:10:00,5138.25,5139.75,5138.0,5139.5,1855.0
2024-03-04 13:15:00,5139.5,5140.5,5139.25,5140.0,1770.0
2024-03-04 13:20:00,5140.0,5140.25,5136.75,5137.0,2634.0
2024-03-04 13:25:00,5137.0,5137.25,5135.75,5136.75,3072.0
2024-03-04 13:30:00,5136.75,5137.5,5135.75,5137.25,2460.0
2024-03-04 13:35:00,5137.0,5138.75,5136.0,5136.5,2852.0
2024-03-04 13:40:00,5136.75,5138.25,5136.75,5138.0,1475.0
2024-03-04 13:45:00,5137.75,5137.75,5136.5,5136.5,1466.0
2024-03-04 13:50:00,5136.5,5136.75,5135.0,5136.0,2807.0
2024-03-04 13:55:00,5136.0,5136.75,5134.25,5134.5,4068.0
2024-03-04 14:00:00,5134.5,5134.5,5132.25,5133.5,5440.0
2024-03-04 14:05:00,5133.75,5133.75,5132.25,5132.5,3735.0
2024-03-04 14:10:00,5132.75,5134.25,5132.25,5132.25,4302.0
2024-03-04 14:15:00,5132.25,5134.75,5132.0,5133.0,4281.0
2024-03-04 14:20:00,5133.0,5133.5,5132.5,5132.75,2734.0
2024-03-04 14:25:00,5132.75,5134.75,5132.5,5134.25,5611.0
2024-03-04 14:30:00,5134.5,5138.5,5134.25,5136.75,40041.0
2024-03-04 14:35:00,5136.75,5139.75,5135.5,5136.0,28671.0
2024-03-04 14:40:00,5136.0,5140.75,5135.25,5139.25,23198.0
2024-03-04 14:45:00,5139.5,5141.5,5139.0,5140.5,21321.0
2024-03-04 14:50:00,5140.75,5141.5,5137.25,5140.75,21974.0
2024-03-04 14:55:00,5140.75,5141.5,5139.75,5140.75,14097.0
2024-03-04 15:00:00,5140.5,5141.0,5138.25,5138.75,15949.0
2024-03-04 15:05:00,5138.75,5140.25,5138.5,5140.0,8625.0
2024-03-04 15:10:00,5140.0,5140.5,5137.5,5138.5,9080.0
2024-03-04 15:15:00,5138.5,5139.5,5136.0,5138.75,11315.0
2024-03-04 15:20:00,5138.75,5139.75,5137.25,5138.25,9531.0
2024-03-04 15:25:00,5138.25,5141.75,5138.25,5138.5,14824.0
2024-03-04 15:30:00,5138.5,5142.5,5138.5,5141.5,12873.0
2024-03-04 15:35:00,5141.5,5143.25,5141.25,5143.0,14827.0
2024-03-04 15:40:00,5143.0,5144.25,5142.25,5143.5,14897.0
2024-03-04 15:45:00,5143.25,5144.25,5142.0,5142.5,7977.0
2024-03-04 15:50:00,5142.75,5143.0,5139.75,5140.0,8756.0
2024-03-04 15:55:00,5140.25,5142.25,5139.5,5142.0,7191.0
2024-03-04 16:00:00,5142.0,5143.75,5141.25,5142.25,10150.0
2024-03-04 16:05:00,5142.5,5142.5,5139.5,5141.5,8849.0
2024-03-04 16:10:00,5141.5,5143.0,5139.5,5139.5,9415.0
2024-03-04 16:15:00,5139.5,5141.25,5139.0,5141.0,8370.0
2024-03-04 16:20:00,5140.75,5141.5,5138.5,5139.25,10853.0
2024-03-04 16:25:00,5139.25,5140.0,5137.75,5140.0,7504.0
2024-03-04 16:30:00,5140.0,5140.75,5138.5,5139.75,7360.0
2024-03-04 16:35:00,5139.5,5140.75,5137.0,5140.25,10316.0
2024-03-04 16:40:00,5140.0,5142.25,5139.5,5141.0,7351.0
2024-03-04 16:45:00,5141.0,5142.0,5140.0,5141.75,5647.0
2024-03-04 16:50:00,5141.75,5142.75,5140.75,5142.75,4917.0
2024-03-04 16:55:00,5142.75,5143.5,5141.25,5143.25,10628.0
2024-03-04 17:00:00,5143.25,5143.75,5140.25,5141.75,10148.0
2024-03-04 17:05:00,5141.75,5142.25,5140.5,5141.25,4199.0
2024-03-04 17:10:00,5141.25,5143.5,5140.75,5143.0,6161.0
2024-03-04 17:15:00,5143.0,5144.25,5142.75,5143.5,5822.0
2024-03-04 17:20:00,5143.5,5146.0,5143.25,5145.5,6984.0
2024-03-04 17:25:00,5145.5,5146.5,5144.0,5146.25,7624.0
2024-03-04 17:30:00,5146.5,5147.25,5145.25,5145.25,6809.0
2024-03-04 17:35:00,5145.25,5146.0,5144.25,5145.25,6484.0
2024-03-04 17:40:00,5145.5,5146.0,5144.0,5145.25,5856.0
2024-03-04 17:45:00,5145.0,5145.25,5143.5,5145.0,6593.0
2024-03-04 17:50:00,5145.0,5145.75,5144.25,5145.75,5948.0
2024-03-04 17:55:00,5145.5,5146.0,5144.75,5145.25,4363.0
2024-03-04 18:00:00,5145.25,5146.25,5144.75,5145.5,5779.0
2024-03-04 18:05:00,5145.75,5146.0,5143.75,5145.0,5808.0
2024-03-04 18:10:00,5145.0,5145.75,5143.75,5144.0,4506.0
2024-03-04 18:15:00,5144.0,5144.0,5141.5,5143.0,7629.0
2024-03-04 18:20:00,5143.0,5143.25,5140.5,5141.0,7726.0
2024-03-04 18:25:00,5141.0,5142.25,5138.75,5141.5,11972.0
2024-03-04 18:30:00,5141.25,5142.5,5140.75,5141.5,6509.0
2024-03-04 18:35:00,5141.25,5143.5,5141.25,5142.75,5040.0
2024-03-04 18:40:00,5142.5,5143.5,5141.5,5143.0,5314.0
2024-03-04 18:45:00,5143.0,5144.5,5142.75,5143.75,6001.0
2024-03-04 18:50:00,5143.75,5143.75,5142.25,5142.75,5044.0
2024-03-04 18:55:00,5142.75,5144.0,5142.5,5142.75,7211.0
2024-03-04 19:00:00,5143.0,5144.25,5142.0,5144.25,7182.0
2024-03-04 19:05:00,5144.0,5144.25,5141.5,5142.25,8076.0
2024-03-04 19:10:00,5142.25,5143.75,5142.25,5143.5,4386.0
2024-03-04 19:15:00,5143.75,5145.75,5143.0,5145.25,6175.0
2024-03-04 19:20:00,5145.25,5145.5,5142.25,5142.75,7970.0
2024-03-04 19:25:00,5142.75,5144.5,5142.75,5144.0,4492.0
2024-03-04 19:30:00,5144.25,5146.25,5144.0,5146.25,6786.0
2024-03-04 19:35:00,5146.0,5152.75,5146.0,5152.25,31701.0
2024-03-04 19:40:00,5152.25,5156.25,5151.75,5155.25,27563.0
2024-03-04 19:45:00,5155.5,5155.5,5152.25,5155.0,14010.0
2024-03-04 19:50:00,5154.75,5156.0,5154.25,5155.25,8292.0
2024-03-04 19:55:00,5155.25,5157.0,5154.5,5155.0,8441.0
2024-03-04 20:00:00,5155.0,5155.0,5152.75,5152.75,9178.0
2024-03-04 20:05:00,5153.0,5154.75,5152.5,5154.75,9104.0
2024-03-04 20:10:00,5154.75,5156.25,5154.5,5156.25,11368.0
2024-03-04 20:15:00,5156.25,5157.75,5154.5,5155.75,14498.0
2024-03-04 20:20:00,5155.75,5156.0,5153.5,5154.0,5427.0
2024-03-04 20:25:00,5154.25,5154.5,5152.25,5153.25,6787.0
2024-03-04 20:30:00,5153.5,5153.5,5148.75,5150.0,16274.0
2024-03-04 20:35:00,5150.0,5150.0,5141.5,5146.75,30147.0
2024-03-04 20:40:00,5147.0,5149.25,5146.0,5146.5,14873.0
2024-03-04 20:45:00,5146.25,5146.5,5137.75,5138.75,27306.0
2024-03-04 20:50:00,5138.75,5141.5,5137.0,5139.0,29036.0
2024-03-04 20:55:00,5139.0,5140.25,5137.25,5138.75,29025.0
2024-03-04 21:00:00,5138.5,5139.5,5135.5,5137.0,72429.0
2024-03-04 21:05:00,5136.75,5137.0,5135.0,5135.25,8760.0
2024-03-04 21:10:00,5135.5,5135.5,5134.25,5134.75,8687.0
2024-03-04 21:15:00,5134.5,5135.25,5134.25,5134.5,2688.0
2024-03-04 21:20:00,5134.5,5134.75,5134.0,5134.25,2272.0
2024-03-04 21:25:00,5134.25,5134.5,5133.5,5133.75,2023.0
2024-03-04 21:30:00,5134.0,5134.25,5133.25,5134.0,1812.0
2024-03-04 21:35:00,5134.0,5134.5,5134.0,5134.5,707.0
2024-03-04 21:40:00,5134.25,5134.75,5133.75,5134.25,829.0
2024-03-04 21:45:00,5134.0,5134.75,5133.75,5134.25,1228.0
2024-03-04 21:50:00,5134.5,5134.5,5133.75,5134.0,562.0
2024-03-04 21:55:00,5133.75,5134.5,5133.5,5134.25,1341.0
2024-03-04 22:00:00,5134.25,5135.0,5134.0,5134.25,501.0
2024-03-04 23:00:00,5133.75,5135.25,5133.25,5135.0,659.0
2024-03-04 23:05:00,5134.75,5135.5,5132.0,5132.0,874.0
2024-03-04 23:10:00,5132.0,5133.0,5129.25,5131.0,2080.0
2024-03-04 23:15:00,5131.25,5131.75,5130.75,5131.0,391.0
2024-03-04 23:20:00,5131.25,5132.75,5131.25,5132.5,470.0
2024-03-04 23:25:00,5132.25,5133.0,5131.75,5132.25,532.0
2024-03-04 23:30:00,5132.5,5133.25,5132.25,5133.0,287.0
2024-03-04 23:35:00,5133.25,5133.75,5133.0,5133.25,358.0
2024-03-04 23:40:00,5133.25,5133.5,5132.75,5132.75,156.0
2024-03-04 23:45:00,5133.0,5133.0,5131.25,5131.25,644.0
2024-03-04 23:50:00,5131.25,5132.0,5130.5,5131.0,580.0
2024-03-04 23:55:00,5131.0,5131.5,5130.75,5131.5,426.0
2024-03-05 00:00:00,5131.25,5131.5,5129.75,5131.5,752.0
2024-03-05 00:05:00,5131.25,5133.5,5131.25,5133.0,847.0
2024-03-05 00:10:00,5133.25,5133.25,5132.0,5132.5,327.0
2024-03-05 00:15:00,5132.25,5134.5,5132.25,5132.75,827.0
2024-03-05 00:20:00,5132.5,5132.75,5131.25,5132.0,443.0
2024-03-05 00:25:00,5132.0,5132.0,5130.75,5131.5,836.0
2024-03-05 00:30:00,5131.5,5131.75,5131.0,5131.5,410.0
2024-03-05 00:35:00,5131.5,5132.25,5131.5,5131.5,802.0
2024-03-05 00:40:00,5131.5,5132.25,5131.0,5131.75,686.0
2024-03-05 00:45:00,5131.75,5131.75,5129.25,5130.5,2230.0
2024-03-05 00:50:00,5130.5,5133.5,5130.25,5132.25,2083.0
2024-03-05 00:55:00,5132.5,5132.5,5131.5,5131.75,1441.0
2024-03-05 01:00:00,5131.5,5132.25,5130.25,5131.75,1416.0
2024-03-05 01:05:00,5131.75,5132.5,5131.0,5132.0,482.0
2024-03-05 01:10:00,5132.25,5132.5,5131.5,5131.75,484.0
2024-03-05 01:15:00,5131.5,5131.75,5130.5,5131.0,735.0
2024-03-05 01:20:00,5130.75,5131.25,5129.5,5130.25,929.0
2024-03-05 01:25:00,5130.5,5131.0,5129.25,5129.25,741.0
2024-03-05 01:30:00,5129.25,5129.75,5128.25,5128.75,1369.0
2024-03-05 01:35:00,5128.5,5129.5,5128.5,5129.0,658.0
2024-03-05 01:40:00,5129.25,5130.75,5128.5,5130.25,1230.0
2024-03-05 01:45:00,5130.0,5130.0,5129.25,5129.5,479.0
2024-03-05 01:50:00,5129.25,5129.25,5127.75,5128.5,1375.0
2024-03-05 01:55:00,5128.5,5130.0,5128.5,5130.0,1064.0
2024-03-05 02:00:00,5130.25,5131.0,5130.0,5130.5,620.0
2024-03-05 02:05:00,5130.25,5130.5,5130.0,5130.5,332.0
2024-03-05 02:10:00,5130.5,5130.75,5130.0,5130.25,334.0
2024-03-05 02:15:00,5130.25,5130.25,5129.5,5129.75,676.0
2024-03-05 02:20:00,5130.0,5130.75,5130.0,5130.5,428.0
2024-03-05 02:25:00,5130.75,5130.75,5128.75,5129.25,582.0
2024-03-05 02:30:00,5129.25,5130.25,5128.75,5130.25,624.0
2024-03-05 02:35:00,5130.0,5130.5,5129.75,5130.25,398.0
2024-03-05 02:40:00,5130.0,5130.25,5129.0,5129.0,377.0
2024-03-05 02:45:00,5129.25,5129.75,5129.0,5129.0,311.0
2024-03-05 02:50:00,5129.25,5129.25,5127.75,5127.75,1499.0
2024-03-05 02:55:00,5128.0,5129.25,5127.75,5129.25,971.0
2024-03-05 03:00:00,5129.0,5130.5,5129.0,5129.5,1208.0
2024-03-05 03:05:00,5129.5,5130.0,5129.5,5129.75,449.0
2024-03-05 03:10:00,5129.75,5130.0,5129.25,5129.5,253.0
2024-03-05 03:15:00,5129.75,5130.25,5129.5,5130.0,290.0
2024-03-05 03:20:00,5130.0,5130.0,5129.5,5129.5,278.0
2024-03-05 03:25:00,5129.75,5130.0,5129.25,5129.5,324.0
2024-03-05 03:30:00,5129.5,5130.5,5129.5,5130.25,609.0
2024-03-05 03:35:00,5130.25,5131.5,5130.25,5131.25,638.0
2024-03-05 03:40:00,5131.25,5132.25,5131.25,5132.0,513.0
2024-03-05 03:45:00,5132.0,5132.0,5131.25,5131.25,407.0
2024-03-05 03:50:00,5131.25,5131.75,5131.0,5131.25,374.0
2024-03-05 03:55:00,5131.25,5131.5,5130.75,5131.5,192.0
2024-03-05 04:00:00,5131.5,5132.25,5131.25,5132.0,399.0
2024-03-05 04:05:00,5131.75,5132.0,5131.25,5131.25,189.0
2024-03-05 04:10:00,5131.25,5132.0,5131.25,5131.75,270.0
2024-03-05 04:15:00,5131.75,5131.75,5130.75,5130.75,225.0
2024-03-05 04:20:00,5131.0,5131.0,5130.0,5130.5,413.0
2024-03-05 04:25:00,5130.5,5130.5,5129.75,5130.25,320.0
2024-03-05 04:30:00,5130.25,5130.75,5130.0,5130.25,188.0
2024-03-05 04:35:00,5130.25,5130.5,5129.75,5129.75,241.0
2024-03-05 04:40:00,5129.75,5130.0,5129.75,5129.75,197.0
2024-03-05 04:45:00,5129.75,5130.25,5129.75,5130.0,234.0
2024-03-05 04:50:00,5130.0,5130.25,5129.75,5130.0,123.0
2024-03-05 04:55:00,5130.25,5130.25,5129.75,5130.0,178.0
2024-03-05 05:00:00,5130.0,5130.0,5129.25,5129.5,160.0
2024-03-05 05:05:00,5129.5,5129.5,5128.75,5129.0,459.0
2024-03-05 05:10:00,5129.25,5129.25,5128.75,5129.0,188.0
2024-03-05 05:15:00,5129.0,5129.25,5128.75,5128.75,348.0
2024-03-05 05:20:00,5128.75,5129.25,5128.75,5129.0,277.0
2024-03-05 05:25:00,5128.75,5129.0,5127.75,5128.0,712.0
2024-03-05 05:30:00,5128.0,5128.25,5127.0,5127.25,921.0
2024-03-05 05:35:00,5127.25,5127.75,5127.0,5127.5,411.0
2024-03-05 05:40:00,5127.5,5127.75,5126.25,5126.75,641.0
2024-03-05 05:45:00,5126.75,5126.75,5126.25,5126.5,482.0
2024-03-05 05:50:00,5126.75,5126.75,5125.5,5125.5,676.0
2024-03-05 05:55:00,5125.75,5126.5,5125.5,5126.5,707.0
2024-03-05 06:00:00,5126.5,5128.0,5126.25,5127.5,964.0
2024-03-05 06:05:00,5127.25,5127.5,5126.5,5126.5,589.0
2024-03-05 06:10:00,5126.5,5127.0,5126.25,5126.25,571.0
2024-03-05 06:15:00,5126.25,5127.0,5126.0,5126.25,731.0
2024-03-05 06:20:00,5126.25,5126.5,5124.5,5125.5,1372.0
2024-03-05 06:25:00,5125.5,5125.5,5124.25,5124.25,792.0
2024-03-05 06:30:00,5124.5,5125.0,5123.75,5124.5,918.0
2024-03-05 06:35:00,5124.5,5124.5,5123.75,5124.25,906.0
2024-03-05 06:40:00,5124.5,5125.25,5124.5,5124.75,829.0
2024-03-05 06:45:00,5124.5,5125.75,5124.25,5125.75,596.0
2024-03-05 06:50:00,5125.75,5126.25,5125.25,5126.0,782.0
2024-03-05 06:55:00,5126.0,5126.25,5125.75,5126.0,577.0
2024-03-05 07:00:00,5126.0,5127.25,5125.75,5127.0,759.0
2024-03-05 07:05:00,5127.0,5127.0,5125.75,5127.0,800.0
2024-03-05 07:10:00,5126.75,5127.5,5126.25,5126.5,597.0
2024-03-05 07:15:00,5126.5,5126.5,5124.25,5124.75,1125.0
2024-03-05 07:20:00,5125.0,5125.0,5123.75,5123.75,1091.0
2024-03-05 07:25:00,5124.0,5124.5,5123.25,5124.25,958.0
2024-03-05 07:30:00,5124.25,5125.0,5123.75,5124.25,787.0
2024-03-05 07:35:00,5124.5,5124.75,5123.75,5124.0,752.0
2024-03-05 07:40:00,5124.0,5125.5,5124.0,5125.25,733.0
2024-03-05 07:45:00,5125.25,5125.75,5124.75,5125.75,609.0
2024-03-05 07:50:00,5125.5,5126.75,5125.0,5126.5,690.0
2024-03-05 07:55:00,5126.5,5127.25,5126.25,5127.0,881.0
2024-03-05 08:00:00,5127.0,5129.25,5126.5,5128.25,2469.0
2024-03-05 08:05:00,5128.5,5128.5,5127.25,5127.5,1094.0
2024-03-05 08:10:00,5127.5,5128.5,5127.25,5127.5,898.0
2024-03-05 08:15:00,5127.5,5128.0,5126.5,5127.5,924.0
2024-03-05 08:20:00,5127.5,5127.5,5125.0,5125.25,1253.0
2024-03-05 08:25:00,5125.25,5126.75,5125.0,5126.25,1024.0
2024-03-05 08:30:00,5126.25,5127.25,5126.0,5126.25,932.0
2024-03-05 08:35:00,5126.25,5127.25,5125.25,5125.5,1356.0
2024-03-05 08:40:00,5125.5,5125.5,5122.5,5123.25,2467.0
2024-03-05 08:45:00,5123.25,5123.75,5122.0,5123.75,1815.0
2024-03-05 08:50:00,5124.0,5125.5,5123.25,5124.0,1320.0
2024-03-05 08:55:00,5124.0,5124.0,5120.5,5120.75,1320.0
2024-03-05 09:00:00,5121.0,5122.25,5120.75,5122.0,2745.0
2024-03-05 09:05:00,5122.0,5123.0,5121.25,5122.5,1532.0
2024-03-05 09:10:00,5122.25,5123.25,5121.25,5121.75,1229.0
2024-03-05 09:15:00,5122.0,5123.0,5121.25,5122.5,1336.0
2024-03-05 09:20:00,5122.5,5124.5,5122.0,5123.5,1312.0
2024-03-05 09:25:00,5123.5,5124.25,5123.25,5123.75,746.0
2024-03-05 09:30:00,5123.75,5124.75,5123.5,5124.25,1150.0
2024-03-05 09:35:00,5124.5,5124.5,5121.5,5122.5,1408.0
2024-03-05 09:40:00,5122.75,5123.5,5121.75,5122.0,1015.0
2024-03-05 09:45:00,5121.75,5122.0,5120.75,5120.75,1137.0
2024-03-05 09:50:00,5120.5,5120.75,5119.25,5119.25,1667.0
2024-03-05 09:55:00,5119.5,5120.75,5119.5,5120.25,1236.0
2024-03-05 10:00:00,5120.5,5120.75,5119.5,5120.0,1609.0
2024-03-05 10:05:00,5119.75,5120.0,5118.5,5119.5,2033.0
2024-03-05 10:10:00,5119.5,5120.0,5117.75,5119.5,1905.0
2024-03-05 10:15:00,5119.5,5121.0,5118.75,5121.0,944.0
2024-03-05 10:20:00,5121.0,5121.5,5120.25,5120.75,1167.0
2024-03-05 10:25:00,5120.75,5121.25,5119.75,5119.75,992.0
2024-03-05 10:30:00,5120.0,5121.25,5119.5,5121.0,1137.0
2024-03-05 10:35:00,5121.25,5122.25,5120.75,5122.25,718.0
2024-03-05 10:40:00,5122.0,5123.25,5122.0,5122.5,1136.0
2024-03-05 10:45:00,5122.75,5123.25,5122.25,5122.75,964.0
2024-03-05 10:50:00,5122.75,5123.5,5122.5,5122.5,746.0
2024-03-05 10:55:00,5122.5,5124.0,5122.25,5123.75,943.0
2024-03-05 11:00:00,5123.75,5124.5,5123.25,5124.0,700.0
2024-03-05 11:05:00,5124.0,5125.5,5124.0,5125.25,1247.0
2024-03-05 11:10:00,5125.25,5125.5,5124.25,5124.5,1154.0
2024-03-05 11:15:00,5124.5,5124.5,5123.25,5123.25,917.0
2024-03-05 11:20:00,5123.5,5126.0,5123.5,5124.5,1476.0
2024-03-05 11:25:00,5124.5,5125.0,5124.0,5124.0,738.0
2024-03-05 11:30:00,5124.0,5125.75,5123.5,5124.75,1133.0
2024-03-05 11:35:00,5125.0,5125.5,5123.25,5124.0,849.0
2024-03-05 11:40:00,5124.25,5124.75,5123.0,5123.0,791.0
2024-03-05 11:45:00,5123.0,5123.25,5122.5,5123.25,576.0
2024-03-05 11:50:00,5123.25,5124.0,5122.75,5123.0,592.0
2024-03-05 11:55:00,5123.0,5124.75,5123.0,5124.5,493.0
2024-03-05 12:00:00,5124.5,5126.5,5124.25,5124.75,2787.0
2024-03-05 12:05:00,5124.75,5126.5,5124.5,5126.0,1355.0
2024-03-05 12:10:00,5126.25,5127.25,5126.0,5126.75,1492.0
2024-03-05 12:15:00,5126.75,5127.0,5125.5,5125.75,1103.0
2024-03-05 12:20:00,5125.75,5125.75,5124.0,5124.25,954.0
2024-03-05 12:25:00,5124.25,5127.25,5124.0,5126.5,1867.0
2024-03-05 12:30:00,5126.25,5126.25,5122.5,5122.75,1753.0
2024-03-05 12:35:00,5122.75,5123.25,5121.25,5122.5,1633.0
2024-03-05 12:40:00,5122.75,5123.5,5122.0,5122.5,1326.0
2024-03-05 12:45:00,5122.5,5123.0,5119.75,5120.5,2327.0
2024-03-05 12:50:00,5120.5,5121.0,5118.5,5120.75,3125.0
2024-03-05 12:55:00,5120.5,5121.5,5119.5,5119.5,1879.0
2024-03-05 13:00:00,5119.5,5122.25,5119.25,5121.5,1575.0
2024-03-05 13:05:00,5121.5,5124.5,5120.75,5123.75,2196.0
2024-03-05 13:10:00,5123.75,5123.75,5121.75,5123.0,1442.0
2024-03-05 13:15:00,5123.0,5123.5,5122.25,5122.25,1685.0
2024-03-05 13:20:00,5122.0,5123.5,5120.75,5121.75,1929.0
2024-03-05 13:25:00,5121.5,5121.75,5118.75,5119.0,2350.0
2024-03-05 13:30:00,5119.0,5119.75,5117.75,5119.0,3075.0
2024-03-05 13:35:00,5119.25,5119.75,5117.75,5118.75,3192.0
2024-03-05 13:40:00,5119.0,5119.25,5114.25,5115.75,5971.0
2024-03-05 13:45:00,5115.75,5118.5,5115.25,5116.75,4112.0
2024-03-05 13:50:00,5117.0,5118.25,5115.5,5117.25,4181.0
2024-03-05 13:55:00,5117.25,5117.5,5115.5,5115.5,3616.0
2024-03-05 14:00:00,5115.5,5116.5,5114.75,5115.25,4935.0
2024-03-05 14:05:00,5115.25,5116.75,5115.25,5116.25,2839.0
2024-03-05 14:10:00,5116.25,5117.5,5114.5,5114.5,3755.0
2024-03-05 14:15:00,5114.75,5115.5,5113.75,5114.75,3623.0
2024-03-05 14:20:00,5114.75,5116.0,5113.75,5114.0,2964.0
2024-03-05 14:25:00,5114.0,5116.0,5113.0,5115.75,6941.0
2024-03-05 14:30:00,5115.75,5117.5,5112.25,5113.25,48933.0
2024-03-05 14:35:00,5113.0,5114.25,5108.75,5112.0,45761.0
2024-03-05 14:40:00,5111.75,5114.5,5111.5,5112.75,23837.0
2024-03-05 14:45:00,5112.75,5114.25,5110.25,5110.75,27255.0
2024-03-05 14:50:00,5110.5,5113.0,5107.75,5109.5,22898.0
2024-03-05 14:55:00,5109.75,5111.0,5107.25,5110.0,15670.0
2024-03-05 15:00:00,5110.0,5121.5,5109.75,5120.25,40376.0
2024-03-05 15:05:00,5120.0,5121.5,5108.0,5109.0,32315.0
2024-03-05 15:10:00,5108.75,5109.5,5102.75,5106.25,40646.0
2024-03-05 15:15:00,5106.0,5106.75,5099.5,5101.0,28881.0
2024-03-05 15:20:00,5100.75,5102.25,5098.5,5100.0,29406.0
2024-03-05 15:25:00,5099.75,5100.0,5095.0,5098.75,29044.0
2024-03-05 15:30:00,5098.5,5098.75,5091.25,5092.25,30716.0
2024-03-05 15:35:00,5092.25,5094.5,5090.75,5092.0,20125.0
2024-03-05 15:40:00,5092.0,5096.0,5091.0,5094.25,21766.0
2024-03-05 15:45:00,5094.25,5097.0,5092.5,5093.75,19329.0
2024-03-05 15:50:00,5093.75,5094.75,5089.0,5092.25,23761.0
2024-03-05 15:55:00,5092.25,5095.5,5091.25,5093.0,14005.0
2024-03-05 16:00:00,5093.0,5095.75,5092.75,5092.75,13903.0
2024-03-05 16:05:00,5092.75,5096.0,5092.5,5095.0,15440.0
2024-03-05 16:10:00,5094.75,5095.5,5089.75,5091.5,17073.0
2024-03-05 16:15:00,5091.25,5094.75,5090.5,5094.5,12659.0
2024-03-05 16:20:00,5094.25,5096.5,5091.5,5096.0,12788.0
2024-03-05 16:25:00,5096.0,5096.5,5092.5,5096.25,9310.0
2024-03-05 16:30:00,5096.0,5098.25,5095.25,5095.5,10760.0
2024-03-05 16:35:00,5095.75,5096.5,5091.75,5092.25,11380.0
2024-03-05 16:40:00,5092.0,5092.75,5083.5,5084.25,21771.0
2024-03-05 16:45:00,5084.25,5090.25,5083.5,5089.75,18915.0
2024-03-05 16:50:00,5089.5,5090.0,5085.0,5085.75,13646.0
2024-03-05 16:55:00,5085.75,5089.25,5084.5,5089.0,11680.0
2024-03-05 17:00:00,5089.0,5092.5,5088.75,5091.0,13408.0
2024-03-05 17:05:00,5090.75,5093.75,5090.75,5092.75,10162.0
2024-03-05 17:10:00,5092.75,5096.75,5092.25,5093.25,13349.0
2024-03-05 17:15:00,5093.25,5095.25,5092.75,5093.25,9666.0
2024-03-05 17:20:00,5093.5,5096.75,5092.75,5096.25,10870.0
2024-03-05 17:25:00,5096.25,5099.25,5095.75,5098.75,11856.0
2024-03-05 17:30:00,5098.75,5099.0,5095.25,5096.5,11451.0
2024-03-05 17:35:00,5096.25,5096.5,5093.5,5094.5,8116.0
2024-03-05 17:40:00,5094.25,5095.25,5091.0,5093.0,10574.0
2024-03-05 17:45:00,5093.0,5098.0,5092.5,5096.0,11493.0
2024-03-05 17:50:00,5096.0,5096.5,5091.75,5094.75,10543.0
2024-03-05 17:55:00,5094.75,5096.75,5094.0,5095.5,8843.0
2024-03-05 18:00:00,5095.5,5095.75,5090.5,5091.75,9921.0
2024-03-05 18:05:00,5091.5,5094.5,5090.5,5094.25,8279.0
2024-03-05 18:10:00,5094.25,5095.75,5092.75,5095.0,7801.0
2024-03-05 18:15:00,5095.0,5095.25,5088.5,5089.5,9567.0
2024-03-05 18:20:00,5089.5,5091.0,5087.75,5089.0,11490.0
2024-03-05 18:25:00,5088.75,5092.5,5088.25,5091.5,12180.0
2024-03-05 18:30:00,5091.5,5094.5,5090.0,5094.5,9643.0
2024-03-05 18:35:00,5094.5,5095.25,5087.5,5088.75,11718.0
2024-03-05 18:40:00,5088.5,5090.0,5086.75,5087.25,12152.0
2024-03-05 18:45:00,5087.25,5087.25,5082.5,5084.5,20188.0
2024-03-05 18:50:00,5084.25,5087.0,5080.5,5086.75,14046.0
2024-03-05 18:55:00,5086.5,5086.5,5082.0,5082.5,10323.0
2024-03-05 19:00:00,5082.5,5083.0,5081.0,5082.0,11460.0
2024-03-05 19:05:00,5081.75,5085.75,5080.5,5085.5,14257.0
2024-03-05 19:10:00,5085.25,5087.25,5084.0,5085.0,13300.0
2024-03-05 19:15:00,5085.25,5087.75,5083.25,5085.0,10746.0
2024-03-05 19:20:00,5085.0,5086.0,5082.5,5085.5,12450.0
2024-03-05 19:25:00,5085.5,5086.0,5083.5,5085.0,13901.0
2024-03-05 19:30:00,5085.0,5085.0,5077.5,5078.0,18349.0
2024-03-05 19:35:00,5078.25,5080.0,5075.75,5077.0,12205.0
2024-03-05 19:40:00,5077.0,5079.25,5075.5,5076.0,11524.0
2024-03-05 19:45:00,5076.0,5076.0,5071.5,5073.25,20116.0
2024-03-05 19:50:00,5073.0,5075.5,5071.75,5072.5,15481.0
2024-03-05 19:55:00,5072.5,5073.0,5070.0,5070.5,16581.0
2024-03-05 20:00:00,5070.25,5073.25,5069.75,5071.0,16165.0
2024-03-05 20:05:00,5071.0,5074.75,5070.5,5071.5,14295.0
2024-03-05 20:10:00,5071.5,5072.75,5067.5,5068.5,14034.0
2024-03-05 20:15:00,5068.25,5068.75,5065.5,5067.25,18979.0
2024-03-05 20:20:00,5067.25,5069.25,5063.0,5065.25,20822.0
2024-03-05 20:25:00,5065.5,5068.75,5064.75,5064.75,22899.0
2024-03-05 20:30:00,5065.0,5068.5,5063.0,5068.0,23290.0
2024-03-05 20:35:00,5068.25,5070.75,5068.25,5070.0,17999.0
2024-03-05 20:40:00,5070.0,5071.0,5066.0,5071.0,23746.0
2024-03-05 20:45:00,5070.75,5076.5,5069.5,5075.0,27980.0
2024-03-05 20:50:00,5074.75,5082.25,5073.25,5081.5,45122.0
2024-03-05 20:55:00,5081.75,5088.25,5080.5,5086.75,52258.0
2024-03-05 21:00:00,5087.0,5089.75,5084.25,5089.0,94352.0
2024-03-05 21:05:00,5088.75,5092.0,5088.75,5089.75,13110.0
2024-03-05 21:10:00,5089.75,5091.75,5088.75,5090.0,9371.0
2024-03-05 21:15:00,5090.25,5091.0,5088.75,5088.75,5315.0
2024-03-05 21:20:00,5089.0,5090.0,5088.75,5089.75,2529.0
2024-03-05 21:25:00,5089.75,5090.75,5089.5,5089.75,2936.0
2024-03-05 21:30:00,5089.75,5090.0,5088.75,5088.75,1281.0
2024-03-05 21:35:00,5088.75,5090.0,5088.75,5090.0,1008.0
2024-03-05 21:40:00,5090.0,5090.25,5089.0,5090.0,1541.0
2024-03-05 21:45:00,5089.75,5090.75,5089.5,5090.5,1634.0
2024-03-05 21:50:00,5090.5,5091.75,5090.25,5091.5,1295.0
2024-03-05 21:55:00,5091.5,5091.75,5090.75,5091.25,1082.0
2024-03-05 22:00:00,5091.5,5091.75,5091.25,5091.25,472.0
2024-03-05 23:00:00,5091.0,5091.25,5088.0,5088.5,1017.0
2024-03-05 23:05:00,5088.5,5088.5,5087.0,5087.75,646.0
2024-03-05 23:10:00,5087.75,5090.0,5087.0,5087.25,1081.0
2024-03-05 23:15:00,5087.25,5088.75,5087.0,5088.5,468.0
2024-03-05 23:20:00,5088.5,5089.5,5088.0,5088.25,469.0
2024-03-05 23:25:00,5088.25,5088.75,5087.75,5088.25,608.0
2024-03-05 23:30:00,5088.5,5089.5,5086.0,5087.75,1019.0
2024-03-05 23:35:00,5087.5,5089.5,5087.5,5088.75,760.0
2024-03-05 23:40:00,5088.75,5088.75,5088.0,5088.5,500.0
2024-03-05 23:45:00,5088.5,5089.25,5087.5,5087.5,498.0
2024-03-05 23:50:00,5087.5,5088.75,5087.25,5088.25,383.0
2024-03-05 23:55:00,5088.5,5088.5,5087.25,5087.5,404.0
2024-03-06 00:00:00,5087.75,5088.25,5086.25,5086.75,714.0
2024-03-06 00:05:00,5086.75,5087.5,5086.25,5087.5,623.0
2024-03-06 00:10:00,5087.75,5087.75,5085.75,5086.25,855.0
2024-03-06 00:15:00,5086.25,5087.0,5086.25,5086.5,737.0
2024-03-06 00:20:00,5086.5,5086.5,5085.75,5086.25,530.0
2024-03-06 00:25:00,5086.25,5087.5,5086.25,5087.5,531.0
2024-03-06 00:30:00,5087.25,5088.0,5087.25,5087.75,398.0
2024-03-06 00:35:00,5087.75,5088.0,5086.5,5087.0,374.0
2024-03-06 00:40:00,5087.0,5087.25,5086.0,5086.0,843.0
2024-03-06 00:45:00,5086.0,5086.25,5084.25,5084.25,1547.0
2024-03-06 00:50:00,5084.5,5085.0,5083.75,5084.25,1182.0
2024-03-06 00:55:00,5084.5,5084.75,5084.0,5084.5,560.0
2024-03-06 01:00:00,5084.5,5085.0,5083.75,5084.75,770.0
2024-03-06 01:05:00,5085.0,5087.0,5085.0,5086.75,1172.0
2024-03-06 01:10:00,5086.5,5087.25,5086.0,5087.25,519.0
2024-03-06 01:15:00,5087.25,5087.75,5086.5,5087.25,504.0
2024-03-06 01:20:00,5087.25,5088.75,5087.0,5087.0,1001.0
2024-03-06 01:25:00,5086.75,5087.25,5086.0,5086.25,409.0
2024-03-06 01:30:00,5086.5,5087.5,5086.5,5087.0,468.0
2024-03-06 01:35:00,5087.0,5087.0,5084.0,5084.75,937.0
2024-03-06 01:40:00,5084.5,5086.0,5084.25,5085.75,751.0
2024-03-06 01:45:00,5085.5,5086.0,5085.0,5085.25,347.0
2024-03-06 01:50:00,5085.0,5086.5,5085.0,5086.25,468.0
2024-03-06 01:55:00,5086.5,5086.75,5086.0,5086.75,480.0
2024-03-06 02:00:00,5086.5,5086.75,5086.0,5086.75,362.0
2024-03-06 02:05:00,5086.75,5087.5,5086.75,5087.5,316.0
2024-03-06 02:10:00,5087.25,5087.5,5087.0,5087.0,286.0
2024-03-06 02:15:00,5087.25,5088.0,5087.25,5087.5,567.0
2024-03-06 02:20:00,5087.5,5087.75,5087.0,5087.25,384.0
2024-03-06 02:25:00,5087.25,5089.5,5087.25,5088.25,1814.0
2024-03-06 02:30:00,5088.0,5089.0,5088.0,5089.0,310.0
2024-03-06 02:35:00,5088.75,5089.0,5088.25,5089.0,362.0
2024-03-06 02:40:00,5088.75,5089.75,5088.5,5089.5,587.0
2024-03-06 02:45:00,5089.25,5089.75,5089.0,5089.0,580.0
2024-03-06 02:50:00,5089.0,5089.25,5088.25,5089.0,365.0
2024-03-06 02:55:00,5089.0,5089.0,5087.75,5087.75,342.0
2024-03-06 03:00:00,5087.75,5088.25,5087.5,5088.0,466.0
2024-03-06 03:05:00,5087.75,5088.5,5087.75,5088.25,216.0
2024-03-06 03:10:00,5088.25,5088.5,5087.75,5088.25,278.0
2024-03-06 03:15:00,5088.25,5088.5,5087.0,5087.75,812.0
2024-03-06 03:20:00,5087.5,5088.75,5087.5,5088.5,441.0
2024-03-06 03:25:00,5088.5,5090.25,5088.5,5090.0,944.0
2024-03-06 03:30:00,5090.0,5090.25,5089.75,5090.0,666.0
2024-03-06 03:35:00,5090.0,5090.25,5089.75,5090.0,325.0
2024-03-06 03:40:00,5090.0,5090.25,5089.75,5090.25,266.0
2024-03-06 03:45:00,5090.25,5090.25,5090.0,5090.0,431.0
2024-03-06 03:50:00,5090.0,5091.5,5090.0,5090.75,975.0
2024-03-06 03:55:00,5090.75,5092.0,5090.5,5091.0,866.0
2024-03-06 04:00:00,5091.0,5091.5,5091.0,5091.25,310.0
2024-03-06 04:05:00,5091.5,5091.5,5090.5,5091.0,587.0
2024-03-06 04:10:00,5091.0,5091.0,5090.25,5090.25,260.0
2024-03-06 04:15:00,5090.25,5091.25,5090.25,5091.0,308.0
2024-03-06 04:20:00,5091.0,5091.25,5090.5,5090.5,314.0
2024-03-06 04:25:00,5090.5,5090.75,5090.0,5090.0,463.0
2024-03-06 04:30:00,5090.0,5090.0,5089.0,5089.25,765.0
2024-03-06 04:35:00,5089.25,5089.75,5089.0,5089.75,345.0
2024-03-06 04:40:00,5089.75,5090.25,5089.5,5090.0,317.0
2024-03-06 04:45:00,5089.75,5090.25,5089.75,5090.25,176.0
2024-03-06 04:50:00,5090.25,5090.75,5090.0,5090.75,205.0
2024-03-06 04:55:00,5090.75,5091.0,5090.25,5090.25,295.0
2024-03-06 05:00:00,5090.5,5091.25,5090.5,5091.25,292.0
2024-03-06 05:05:00,5091.25,5091.75,5090.5,5090.75,365.0
2024-03-06 05:10:00,5090.75,5091.5,5090.25,5091.25,389.0
2024-03-06 05:15:00,5091.0,5091.5,5090.25,5090.75,386.0
2024-03-06 05:20:00,5090.5,5090.75,5090.0,5090.0,359.0
2024-03-06 05:25:00,5090.25,5090.5,5090.0,5090.0,248.0
2024-03-06 05:30:00,5090.0,5091.0,5089.5,5090.75,550.0
2024-03-06 05:35:00,5090.75,5091.25,5090.5,5091.25,354.0
2024-03-06 05:40:00,5091.25,5091.5,5091.0,5091.25,112.0
2024-03-06 05:45:00,5091.25,5091.25,5090.5,5090.75,200.0
2024-03-06 05:50:00,5090.75,5090.75,5090.0,5090.25,314.0
2024-03-06 05:55:00,5090.25,5090.75,5090.25,5090.5,209.0
2024-03-06 06:00:00,5090.5,5091.5,5090.25,5090.75,612.0
2024-03-06 06:05:00,5090.75,5090.75,5089.25,5090.0,587.0
2024-03-06 06:10:00,5090.0,5090.25,5089.0,5090.0,536.0
2024-03-06 06:15:00,5089.75,5090.25,5089.5,5090.25,213.0
2024-03-06 06:20:00,5090.25,5090.75,5089.75,5090.0,407.0
2024-03-06 06:25:00,5090.25,5090.25,5088.5,5088.5,438.0
2024-03-06 06:30:00,5088.75,5089.5,5088.75,5089.5,295.0
2024-03-06 06:35:00,5089.5,5090.0,5089.5,5089.75,158.0
2024-03-06 06:40:00,5089.75,5090.5,5089.5,5090.25,412.0
2024-03-06 06:45:00,5090.25,5090.5,5090.0,5090.25,398.0
2024-03-06 06:50:00,5090.0,5090.25,5089.75,5090.0,246.0
2024-03-06 06:55:00,5090.0,5090.5,5089.5,5090.25,461.0
2024-03-06 07:00:00,5090.25,5091.5,5089.0,5089.5,1168.0
2024-03-06 07:05:00,5089.5,5090.25,5089.5,5090.25,621.0
2024-03-06 07:10:00,5090.25,5090.25,5089.0,5089.5,898.0
2024-03-06 07:15:00,5089.25,5089.75,5089.0,5089.5,442.0
2024-03-06 07:20:00,5089.75,5090.75,5089.75,5090.0,820.0
2024-03-06 07:25:00,5090.25,5090.5,5089.75,5090.0,601.0
2024-03-06 07:30:00,5089.75,5090.0,5088.5,5089.25,705.0
2024-03-06 07:35:00,5089.25,5089.75,5088.5,5089.5,530.0
2024-03-06 07:40:00,5089.5,5090.25,5089.5,5089.75,758.0
2024-03-06 07:45:00,5090.0,5093.0,5090.0,5092.5,1819.0
2024-03-06 07:50:00,5092.25,5092.25,5090.25,5090.5,1162.0
2024-03-06 07:55:00,5090.75,5093.0,5090.5,5092.75,873.0
2024-03-06 08:00:00,5092.5,5093.5,5092.0,5093.5,2207.0
2024-03-06 08:05:00,5093.5,5095.5,5093.25,5095.25,2106.0
2024-03-06 08:10:00,5095.25,5097.0,5095.25,5097.0,1998.0
2024-03-06 08:15:00,5096.75,5097.5,5096.5,5097.25,1687.0
2024-03-06 08:20:00,5097.0,5097.25,5096.0,5096.25,1033.0
2024-03-06 08:25:00,5096.25,5098.25,5096.25,5098.0,1509.0
2024-03-06 08:30:00,5098.0,5101.25,5097.75,5100.75,3431.0
2024-03-06 08:35:00,5100.75,5102.0,5099.75,5100.5,1712.0
2024-03-06 08:40:00,5100.5,5101.5,5098.75,5100.25,1893.0
2024-03-06 08:45:00,5100.0,5100.75,5099.0,5100.0,1138.0
2024-03-06 08:50:00,5100.0,5100.75,5097.25,5098.5,2119.0
2024-03-06 08:55:00,5098.75,5099.5,5098.0,5099.25,1382.0
2024-03-06 09:00:00,5099.25,5102.75,5099.0,5102.25,2240.0
2024-03-06 09:05:00,5102.5,5103.0,5101.75,5102.5,1918.0
2024-03-06 09:10:00,5102.75,5103.0,5101.5,5102.75,1249.0
2024-03-06 09:15:00,5102.75,5105.75,5102.5,5104.75,2891.0
2024-03-06 09:20:00,5104.75,5105.5,5104.0,5104.5,1498.0
2024-03-06 09:25:00,5104.25,5104.75,5103.0,5103.75,1648.0
2024-03-06 09:30:00,5103.75,5104.75,5103.5,5104.0,2239.0
2024-03-06 09:35:00,5104.0,5105.25,5103.75,5104.75,2335.0
2024-03-06 09:40:00,5104.75,5105.75,5104.25,5105.0,1289.0
2024-03-06 09:45:00,5104.75,5105.0,5102.5,5102.5,1741.0
2024-03-06 09:50:00,5102.5,5103.5,5101.5,5103.5,1584.0
2024-03-06 09:55:00,5103.25,5104.25,5103.0,5104.0,894.0
2024-03-06 10:00:00,5104.0,5106.25,5104.0,5105.75,2098.0
2024-03-06 10:05:00,5106.0,5106.75,5105.5,5106.5,1309.0
2024-03-06 10:10:00,5106.5,5107.0,5104.5,5105.25,1510.0
2024-03-06 10:15:00,5105.25,5106.0,5105.0,5105.0,847.0
2024-03-06 10:20:00,5105.0,5106.25,5104.5,5106.25,934.0
2024-03-06 10:25:00,5106.25,5106.75,5105.25,5106.25,1046.0
2024-03-06 10:30:00,5106.25,5106.5,5105.25,5106.0,872.0
2024-03-06 10:35:00,5106.25,5107.0,5105.0,5105.5,1013.0
2024-03-06 10:40:00,5105.25,5106.0,5103.0,5103.5,2585.0
2024-03-06 10:45:00,5103.25,5103.75,5101.5,5103.0,3888.0
2024-03-06 10:50:00,5103.0,5104.75,5102.75,5103.5,1389.0
2024-03-06 10:55:00,5103.5,5103.5,5102.0,5102.0,963.0
2024-03-06 11:00:00,5102.0,5102.75,5101.25,5102.5,1369.0
2024-03-06 11:05:00,5102.5,5103.75,5102.5,5103.5,727.0
2024-03-06 11:10:00,5103.5,5104.0,5102.75,5103.75,802.0
2024-03-06 11:15:00,5103.75,5105.0,5103.75,5104.75,1185.0
2024-03-06 11:20:00,5104.5,5104.5,5102.5,5103.0,646.0
2024-03-06 11:25:00,5103.25,5104.0,5103.0,5104.0,487.0
2024-03-06 11:30:00,5104.0,5104.75,5102.75,5103.25,1031.0
2024-03-06 11:35:00,5103.0,5104.0,5102.75,5103.75,627.0
2024-03-06 11:40:00,5103.75,5104.25,5101.25,5102.5,1068.0
2024-03-06 11:45:00,5102.75,5103.0,5101.5,5102.5,1250.0
2024-03-06 11:50:00,5102.5,5104.0,5101.75,5102.0,1041.0
2024-03-06 11:55:00,5101.75,5102.75,5100.25,5101.75,2129.0
2024-03-06 12:00:00,5102.25,5104.25,5101.5,5101.75,2621.0
2024-03-06 12:05:00,5102.0,5106.5,5101.75,5106.25,2002.0
2024-03-06 12:10:00,5106.25,5107.75,5106.0,5107.5,3567.0
2024-03-06 12:15:00,5107.5,5108.25,5104.5,5105.75,2451.0
2024-03-06 12:20:00,5105.75,5106.0,5103.75,5104.75,1442.0
2024-03-06 12:25:00,5104.75,5105.5,5103.5,5105.5,1508.0
2024-03-06 12:30:00,5105.5,5107.0,5104.5,5106.75,1608.0
2024-03-06 12:35:00,5106.75,5107.5,5106.25,5107.5,1171.0
2024-03-06 12:40:00,5107.5,5109.0,5107.25,5108.5,2284.0
2024-03-06 12:45:00,5108.75,5108.75,5106.75,5107.75,2270.0
2024-03-06 12:50:00,5108.0,5108.5,5106.75,5108.0,1433.0
2024-03-06 12:55:00,5108.0,5108.75,5107.5,5108.25,1379.0
2024-03-06 13:00:00,5108.25,5111.0,5107.5,5110.25,4474.0
2024-03-06 13:05:00,5110.25,5111.25,5108.5,5108.75,2585.0
2024-03-06 13:10:00,5108.5,5111.0,5108.5,5110.0,2321.0
2024-03-06 13:15:00,5110.0,5113.75,5109.75,5112.5,5380.0
2024-03-06 13:20:00,5112.25,5113.75,5111.75,5113.5,4020.0
2024-03-06 13:25:00,5113.75,5114.25,5111.25,5111.75,3188.0
2024-03-06 13:30:00,5111.5,5114.25,5106.0,5110.25,20343.0
2024-03-06 13:35:00,5110.0,5114.0,5109.5,5111.5,8470.0
2024-03-06 13:40:00,5111.75,5114.75,5111.75,5113.25,3639.0
2024-03-06 13:45:00,5113.5,5115.5,5111.75,5115.0,4607.0
2024-03-06 13:50:00,5114.75,5116.5,5114.5,5115.25,4421.0
2024-03-06 13:55:00,5115.25,5117.0,5115.25,5116.5,4355.0
2024-03-06 14:00:00,5116.25,5117.25,5115.0,5115.0,4717.0
2024-03-06 14:05:00,5115.0,5117.25,5114.75,5116.5,4079.0
2024-03-06 14:10:00,5116.25,5116.75,5114.25,5116.0,3833.0
2024-03-06 14:15:00,5116.0,5118.0,5115.0,5117.75,3161.0
2024-03-06 14:20:00,5117.75,5118.5,5116.5,5117.0,3738.0
2024-03-06 14:25:00,5117.0,5119.75,5117.0,5119.5,5795.0
2024-03-06 14:30:00,5119.5,5122.25,5117.0,5121.25,44628.0
2024-03-06 14:35:00,5121.0,5121.0,5110.75,5111.25,34214.0
2024-03-06 14:40:00,5111.25,5115.5,5110.75,5114.5,23454.0
2024-03-06 14:45:00,5114.25,5117.5,5112.0,5113.0,21336.0
2024-03-06 14:50:00,5113.0,5115.0,5111.0,5112.75,22364.0
2024-03-06 14:55:00,5112.5,5115.25,5110.0,5111.0,16839.0
2024-03-06 15:00:00,5111.0,5113.25,5106.25,5106.75,27869.0
2024-03-06 15:05:00,5107.0,5108.25,5097.75,5105.0,49893.0
2024-03-06 15:10:00,5105.0,5107.0,5101.5,5101.75,27790.0
2024-03-06 15:15:00,5102.0,5111.25,5100.75,5109.5,24463.0
2024-03-06 15:20:00,5109.75,5111.5,5107.5,5110.25,17461.0
2024-03-06 15:25:00,5110.25,5110.5,5104.0,5107.25,23544.0
2024-03-06 15:30:00,5107.5,5110.5,5103.75,5110.25,21138.0
2024-03-06 15:35:00,5110.0,5113.75,5109.5,5110.25,26068.0
2024-03-06 15:40:00,5110.25,5112.0,5107.75,5109.75,13424.0
2024-03-06 15:45:00,5109.5,5113.0,5108.5,5111.75,13946.0
2024-03-06 15:50:00,5111.5,5117.5,5111.5,5116.25,19035.0
2024-03-06 15:55:00,5116.0,5119.25,5116.0,5119.0,12841.0
2024-03-06 16:00:00,5118.75,5125.25,5117.5,5121.25,36651.0
2024-03-06 16:05:00,5121.25,5122.75,5119.25,5122.5,14275.0
2024-03-06 16:10:00,5122.5,5124.75,5121.75,5124.25,15236.0
2024-03-06 16:15:00,5124.0,5125.75,5123.0,5125.25,13809.0
2024-03-06 16:20:00,5125.25,5126.0,5122.75,5123.75,12822.0
2024-03-06 16:25:00,5123.75,5127.25,5123.25,5126.5,14021.0
2024-03-06 16:30:00,5126.5,5127.75,5119.5,5120.5,19183.0
2024-03-06 16:35:00,5120.5,5126.0,5118.75,5125.0,17155.0
2024-03-06 16:40:00,5125.25,5127.0,5124.0,5125.0,10048.0
2024-03-06 16:45:00,5125.0,5126.5,5124.25,5125.5,9091.0
2024-03-06 16:50:00,5125.75,5130.25,5125.25,5129.5,16567.0
2024-03-06 16:55:00,5129.5,5130.25,5126.75,5127.75,19222.0
2024-03-06 17:00:00,5127.75,5128.5,5124.75,5125.25,17304.0
2024-03-06 17:05:00,5125.25,5128.75,5124.75,5128.5,13452.0
2024-03-06 17:10:00,5128.75,5133.0,5127.5,5132.0,24429.0
2024-03-06 17:15:00,5132.0,5133.0,5130.75,5131.5,11454.0
2024-03-06 17:20:00,5131.25,5132.0,5130.25,5131.5,10888.0
2024-03-06 17:25:00,5131.5,5133.0,5131.0,5131.25,14868.0
2024-03-06 17:30:00,5131.25,5134.5,5130.5,5132.0,10440.0
2024-03-06 17:35:00,5132.0,5133.0,5130.75,5131.5,10411.0
2024-03-06 17:40:00,5131.5,5131.75,5128.5,5130.25,9274.0
2024-03-06 17:45:00,5130.25,5130.5,5126.75,5128.25,10324.0
2024-03-06 17:50:00,5128.25,5130.0,5127.0,5127.5,7762.0
2024-03-06 17:55:00,5127.25,5127.75,5124.25,5125.75,11151.0
2024-03-06 18:00:00,5125.5,5128.5,5125.5,5127.75,9309.0
2024-03-06 18:05:00,5127.75,5129.0,5125.25,5125.75,8676.0
2024-03-06 18:10:00,5125.75,5126.5,5124.5,5125.5,8264.0
2024-03-06 18:15:00,5125.5,5129.25,5125.25,5128.5,13488.0
2024-03-06 18:20:00,5128.75,5132.0,5128.5,5131.5,10262.0
2024-03-06 18:25:00,5131.5,5133.5,5131.25,5132.5,11975.0
2024-03-06 18:30:00,5132.25,5133.25,5113.25,5117.25,32008.0
2024-03-06 18:35:00,5117.5,5121.5,5108.25,5115.0,42752.0
2024-03-06 18:40:00,5114.75,5125.0,5114.75,5123.75,27872.0
2024-03-06 18:45:00,5123.75,5126.0,5107.0,5107.75,30651.0
2024-03-06 18:50:00,5107.75,5113.5,5105.0,5112.0,36262.0
2024-03-06 18:55:00,5112.0,5116.0,5108.5,5114.5,20910.0
2024-03-06 19:00:00,5114.5,5117.5,5108.5,5109.5,21532.0
2024-03-06 19:05:00,5109.5,5118.0,5106.25,5113.75,29352.0
2024-03-06 19:10:00,5113.75,5115.75,5109.5,5114.75,15612.0
2024-03-06 19:15:00,5114.5,5115.0,5098.5,5107.75,47498.0
2024-03-06 19:20:00,5108.0,5112.75,5106.0,5112.5,19364.0
2024-03-06 19:25:00,5112.25,5115.25,5107.5,5114.5,17447.0
2024-03-06 19:30:00,5114.5,5117.75,5107.75,5110.0,24580.0
2024-03-06 19:35:00,5110.0,5112.0,5106.25,5109.25,13730.0
2024-03-06 19:40:00,5109.0,5113.5,5106.75,5110.5,12800.0
2024-03-06 19:45:00,5110.5,5112.25,5102.0,5108.0,20968.0
2024-03-06 19:50:00,5107.75,5112.5,5105.5,5110.5,15891.0
2024-03-06 19:55:00,5110.25,5111.25,5101.25,5105.75,17573.0
2024-03-06 20:00:00,5105.5,5107.0,5101.75,5106.75,17009.0
2024-03-06 20:05:00,5106.5,5111.5,5105.75,5108.5,16273.0
2024-03-06 20:10:00,5108.25,5110.5,5104.75,5105.0,10042.0
2024-03-06 20:15:00,5105.0,5109.25,5099.75,5105.25,22904.0
2024-03-06 20:20:00,5105.25,5107.25,5099.25,5101.0,19917.0
2024-03-06 20:25:00,5100.75,5103.75,5099.5,5103.25,13995.0
2024-03-06 20:30:00,5103.25,5106.5,5102.25,5103.75,15305.0
2024-03-06 20:35:00,5103.75,5104.0,5099.25,5103.5,15316.0
2024-03-06 20:40:00,5103.5,5111.5,5103.25,5108.5,22973.0
2024-03-06 20:45:00,5108.25,5116.5,5108.25,5115.75,20709.0
2024-03-06 20:50:00,5116.0,5116.5,5105.5,5107.0,31647.0
2024-03-06 20:55:00,5107.25,5116.25,5106.5,5112.25,33780.0
2024-03-06 21:00:00,5112.25,5114.25,5110.0,5112.5,57025.0
2024-03-06 21:05:00,5112.5,5113.75,5111.5,5112.75,6133.0
2024-03-06 21:10:00,5112.75,5113.5,5112.0,5113.25,3495.0
2024-03-06 21:15:00,5113.5,5113.5,5112.25,5113.0,2730.0
2024-03-06 21:20:00,5113.0,5113.75,5113.0,5113.75,1318.0
2024-03-06 21:25:00,5113.5,5114.0,5113.5,5113.5,1581.0
2024-03-06 21:30:00,5113.75,5114.25,5112.75,5114.0,1971.0
2024-03-06 21:35:00,5114.25,5115.5,5114.0,5115.25,1033.0
2024-03-06 21:40:00,5115.5,5115.75,5115.0,5115.75,639.0
2024-03-06 21:45:00,5115.5,5115.75,5113.5,5113.5,1595.0
2024-03-06 21:50:00,5113.5,5114.0,5113.0,5113.0,680.0
2024-03-06 21:55:00,5113.0,5113.5,5112.5,5113.25,4063.0
2024-03-06 22:00:00,5113.25,5113.75,5113.0,5113.25,3652.0
2024-03-06 23:00:00,5114.25,5114.5,5111.5,5111.5,739.0
2024-03-06 23:05:00,5111.75,5113.25,5111.5,5113.0,424.0
2024-03-06 23:10:00,5113.0,5113.75,5112.5,5112.75,372.0
2024-03-06 23:15:00,5112.75,5113.0,5112.0,5112.75,309.0
2024-03-06 23:20:00,5112.75,5112.75,5110.5,5111.5,701.0
2024-03-06 23:25:00,5111.5,5112.75,5111.5,5112.5,275.0
2024-03-06 23:30:00,5112.75,5113.0,5112.0,5112.25,290.0
2024-03-06 23:35:00,5112.25,5112.25,5111.25,5111.5,156.0
2024-03-06 23:40:00,5111.5,5111.5,5110.25,5110.25,341.0
2024-03-06 23:45:00,5110.25,5111.25,5110.25,5111.25,459.0
2024-03-06 23:50:00,5111.25,5111.5,5110.5,5111.25,308.0
2024-03-06 23:55:00,5111.0,5111.0,5109.5,5109.5,495.0
2024-03-07 00:00:00,5109.5,5110.5,5108.5,5110.25,941.0
2024-03-07 00:05:00,5110.5,5111.0,5109.75,5110.25,481.0
2024-03-07 00:10:00,5110.5,5110.5,5108.5,5109.0,581.0
2024-03-07 00:15:00,5109.0,5109.0,5108.0,5108.5,600.0
2024-03-07 00:20:00,5108.5,5108.5,5105.5,5105.75,1085.0
2024-03-07 00:25:00,5105.5,5105.75,5104.0,5104.75,794.0
2024-03-07 00:30:00,5104.5,5104.75,5102.0,5103.5,1682.0
2024-03-07 00:35:00,5103.5,5104.25,5103.25,5103.5,500.0
2024-03-07 00:40:00,5103.75,5104.0,5102.25,5102.5,701.0
2024-03-07 00:45:00,5102.25,5103.25,5100.5,5101.0,1412.0
2024-03-07 00:50:00,5101.0,5103.75,5101.0,5103.0,1057.0
2024-03-07 00:55:00,5103.0,5104.0,5102.5,5103.5,788.0
2024-03-07 01:00:00,5103.5,5103.75,5100.25,5101.0,1970.0
2024-03-07 01:05:00,5100.75,5100.75,5095.0,5098.5,3744.0
2024-03-07 01:10:00,5098.5,5099.25,5097.25,5098.75,1068.0
2024-03-07 01:15:00,5099.0,5103.5,5098.75,5103.5,2402.0
2024-03-07 01:20:00,5103.25,5103.75,5102.0,5102.0,1795.0
2024-03-07 01:25:00,5102.25,5103.75,5102.0,5103.5,885.0
2024-03-07 01:30:00,5103.5,5104.5,5102.25,5102.75,1600.0
2024-03-07 01:35:00,5103.0,5103.5,5098.75,5099.5,1465.0
2024-03-07 01:40:00,5099.5,5100.75,5099.5,5100.25,959.0
2024-03-07 01:45:00,5100.25,5100.75,5099.25,5099.75,919.0
2024-03-07 01:50:00,5099.5,5100.25,5097.25,5097.5,1341.0
2024-03-07 01:55:00,5097.25,5098.0,5095.25,5095.5,1563.0
2024-03-07 02:00:00,5095.5,5097.75,5095.0,5097.25,1250.0
2024-03-07 02:05:00,5097.0,5097.0,5096.0,5096.0,698.0
2024-03-07 02:10:00,5096.0,5096.75,5093.75,5095.75,1721.0
2024-03-07 02:15:00,5095.5,5096.5,5095.0,5096.0,886.0
2024-03-07 02:20:00,5096.0,5096.25,5093.5,5093.5,1445.0
2024-03-07 02:25:00,5093.75,5094.0,5091.5,5093.25,2222.0
2024-03-07 02:30:00,5093.0,5094.0,5092.25,5093.0,1015.0
2024-03-07 02:35:00,5093.0,5094.25,5092.75,5093.0,643.0
2024-03-07 02:40:00,5093.0,5094.0,5092.5,5093.75,561.0
2024-03-07 02:45:00,5093.75,5094.75,5093.5,5094.75,521.0
2024-03-07 02:50:00,5094.75,5095.5,5094.25,5095.25,631.0
2024-03-07 02:55:00,5095.0,5095.25,5094.5,5094.5,498.0
2024-03-07 03:00:00,5094.5,5096.0,5094.25,5094.25,867.0
2024-03-07 03:05:00,5094.25,5095.75,5094.25,5094.25,434.0
2024-03-07 03:10:00,5094.25,5096.0,5094.25,5096.0,487.0
2024-03-07 03:15:00,5096.0,5097.0,5095.75,5096.25,681.0
2024-03-07 03:20:00,5096.25,5096.75,5094.0,5095.0,613.0
2024-03-07 03:25:00,5095.0,5095.5,5094.25,5095.25,449.0
2024-03-07 03:30:00,5095.25,5096.5,5095.0,5096.25,512.0
2024-03-07 03:35:00,5096.25,5096.25,5095.0,5095.5,415.0
2024-03-07 03:40:00,5095.5,5097.75,5095.5,5097.0,579.0
2024-03-07 03:45:00,5097.0,5098.0,5096.5,5097.75,528.0
2024-03-07 03:50:00,5097.5,5099.5,5097.25,5099.5,938.0
2024-03-07 03:55:00,5099.25,5099.5,5098.75,5099.5,641.0
2024-03-07 04:00:00,5099.5,5101.75,5099.25,5100.5,1617.0
2024-03-07 04:05:00,5100.25,5100.25,5098.0,5098.5,655.0
2024-03-07 04:10:00,5098.25,5098.5,5097.5,5098.0,509.0
2024-03-07 04:15:00,5098.0,5099.25,5098.0,5098.75,598.0
2024-03-07 04:20:00,5098.5,5099.5,5098.5,5099.5,356.0
2024-03-07 04:25:00,5099.25,5100.0,5099.0,5099.5,543.0
2024-03-07 04:30:00,5099.75,5101.0,5099.5,5100.25,573.0
2024-03-07 04:35:00,5100.0,5100.0,5099.25,5099.75,353.0
2024-03-07 04:40:00,5099.75,5101.25,5099.75,5101.0,480.0
2024-03-07 04:45:00,5101.0,5101.25,5100.5,5101.0,409.0
2024-03-07 04:50:00,5101.25,5101.75,5101.0,5101.25,315.0
2024-03-07 04:55:00,5101.0,5101.5,5101.0,5101.25,139.0
2024-03-07 05:00:00,5101.25,5102.25,5101.0,5101.5,583.0
2024-03-07 05:05:00,5101.75,5102.75,5101.25,5102.25,437.0
2024-03-07 05:10:00,5102.5,5103.25,5101.5,5103.0,613.0
2024-03-07 05:15:00,5103.0,5103.75,5102.75,5103.5,359.0
2024-03-07 05:20:00,5103.5,5104.5,5103.25,5104.0,717.0
2024-03-07 05:25:00,5104.0,5104.0,5102.75,5102.75,486.0
2024-03-07 05:30:00,5103.0,5103.25,5102.25,5102.25,836.0
2024-03-07 05:35:00,5102.25,5102.25,5100.5,5101.5,853.0
2024-03-07 05:40:00,5101.25,5102.25,5101.25,5101.75,507.0
2024-03-07 05:45:00,5101.75,5102.0,5101.25,5101.25,509.0
2024-03-07 05:50:00,5101.25,5102.75,5101.25,5102.25,571.0
2024-03-07 05:55:00,5102.25,5103.25,5101.75,5102.75,514.0
2024-03-07 06:00:00,5102.5,5103.25,5101.25,5103.0,616.0
2024-03-07 06:05:00,5102.75,5103.5,5102.5,5103.25,390.0
2024-03-07 06:10:00,5103.25,5103.25,5101.0,5102.0,380.0
2024-03-07 06:15:00,5102.25,5102.5,5102.0,5102.5,271.0
2024-03-07 06:20:00,5102.5,5104.25,5102.25,5104.0,447.0
2024-03-07 06:25:00,5104.0,5105.0,5103.75,5104.75,436.0
2024-03-07 06:30:00,5104.75,5105.25,5104.25,5104.5,440.0
2024-03-07 06:35:00,5104.75,5105.0,5104.25,5104.25,501.0
2024-03-07 06:40:00,5104.5,5104.75,5103.5,5103.5,643.0
2024-03-07 06:45:00,5103.5,5103.5,5101.25,5102.25,831.0
2024-03-07 06:50:00,5102.25,5102.25,5099.5,5099.75,978.0
2024-03-07 06:55:00,5099.5,5100.25,5098.0,5098.25,1269.0
2024-03-07 07:00:00,5098.25,5099.5,5096.75,5097.0,1878.0
2024-03-07 07:05:00,5097.0,5097.75,5096.25,5096.75,953.0
2024-03-07 07:10:00,5096.5,5097.0,5095.75,5096.25,591.0
2024-03-07 07:15:00,5096.0,5096.25,5094.25,5095.0,1133.0
2024-03-07 07:20:00,5095.25,5095.5,5094.25,5095.0,676.0
2024-03-07 07:25:00,5095.0,5095.5,5094.0,5094.5,794.0
2024-03-07 07:30:00,5094.5,5095.25,5093.5,5094.25,926.0
2024-03-07 07:35:00,5094.25,5096.0,5092.75,5093.75,1383.0
2024-03-07 07:40:00,5093.75,5095.5,5093.75,5095.5,615.0
2024-03-07 07:45:00,5095.5,5096.0,5094.5,5094.75,735.0
2024-03-07 07:50:00,5094.5,5096.5,5094.5,5096.25,959.0
2024-03-07 07:55:00,5096.25,5096.5,5093.0,5093.5,935.0
2024-03-07 08:00:00,5093.25,5096.0,5093.0,5095.5,2625.0
2024-03-07 08:05:00,5095.25,5097.75,5094.0,5094.0,1891.0
2024-03-07 08:10:00,5093.75,5094.0,5086.5,5088.0,4906.0
2024-03-07 08:15:00,5088.0,5094.25,5088.0,5092.75,3047.0
2024-03-07 08:20:00,5092.5,5096.5,5092.0,5095.75,1656.0
2024-03-07 08:25:00,5096.0,5098.5,5095.25,5098.25,1903.0
2024-03-07 08:30:00,5098.0,5098.25,5097.0,5097.75,1163.0
2024-03-07 08:35:00,5097.75,5099.75,5097.0,5099.0,1801.0
2024-03-07 08:40:00,5099.25,5099.5,5096.75,5097.75,1195.0
2024-03-07 08:45:00,5097.75,5099.0,5097.5,5097.75,1126.0
2024-03-07 08:50:00,5097.75,5098.75,5097.25,5098.5,1076.0
2024-03-07 08:55:00,5098.5,5099.0,5096.75,5098.75,1090.0
2024-03-07 09:00:00,5098.75,5102.5,5097.75,5102.5,2667.0
2024-03-07 09:05:00,5102.5,5102.75,5101.25,5101.75,1646.0
2024-03-07 09:10:00,5101.5,5103.5,5101.25,5103.0,1926.0
2024-03-07 09:15:00,5103.0,5105.75,5102.25,5104.5,2740.0
2024-03-07 09:20:00,5104.5,5108.0,5104.25,5107.5,2401.0
2024-03-07 09:25:00,5107.75,5109.0,5107.0,5108.5,2169.0
2024-03-07 09:30:00,5108.75,5111.25,5108.75,5110.25,2401.0
2024-03-07 09:35:00,5110.25,5110.5,5109.0,5110.0,1487.0
2024-03-07 09:40:00,5110.25,5111.25,5110.0,5111.25,1179.0
2024-03-07 09:45:00,5111.5,5111.5,5110.5,5111.25,1060.0
2024-03-07 09:50:00,5111.0,5113.0,5109.5,5111.25,1455.0
2024-03-07 09:55:00,5111.0,5112.25,5110.5,5112.0,1735.0
2024-03-07 10:00:00,5112.0,5113.75,5111.5,5113.0,1719.0
2024-03-07 10:05:00,5113.0,5115.75,5112.75,5115.25,1735.0
2024-03-07 10:10:00,5115.25,5117.5,5114.5,5117.0,1204.0
2024-03-07 10:15:00,5117.0,5118.5,5116.25,5118.25,4861.0
2024-03-07 10:20:00,5118.0,5119.0,5117.25,5117.25,2030.0
2024-03-07 10:25:00,5117.25,5118.0,5116.25,5117.25,969.0
2024-03-07 10:30:00,5117.25,5119.0,5117.25,5117.75,1128.0
2024-03-07 10:35:00,5117.75,5119.25,5117.75,5119.25,1335.0
2024-03-07 10:40:00,5119.0,5121.25,5119.0,5121.0,2008.0
2024-03-07 10:45:00,5121.0,5123.5,5121.0,5121.75,2185.0
2024-03-07 10:50:00,5122.0,5122.5,5121.0,5121.75,1028.0
2024-03-07 10:55:00,5122.0,5123.5,5121.75,5123.25,1033.0
2024-03-07 11:00:00,5123.25,5123.5,5121.75,5122.5,1162.0
2024-03-07 11:05:00,5122.75,5123.75,5122.5,5123.25,1312.0
2024-03-07 11:10:00,5123.25,5124.0,5122.0,5122.75,1132.0
2024-03-07 11:15:00,5122.5,5122.75,5120.5,5121.0,1509.0
2024-03-07 11:20:00,5121.0,5121.25,5119.25,5120.25,1329.0
2024-03-07 11:25:00,5120.0,5121.0,5119.5,5119.75,809.0
2024-03-07 11:30:00,5119.5,5121.25,5119.25,5121.0,800.0
2024-03-07 11:35:00,5120.75,5122.25,5119.75,5122.0,785.0
2024-03-07 11:40:00,5122.0,5123.25,5121.75,5122.75,720.0
2024-03-07 11:45:00,5122.75,5123.75,5122.25,5122.25,945.0
2024-03-07 11:50:00,5122.25,5123.5,5121.25,5121.75,843.0
2024-03-07 11:55:00,5121.75,5122.0,5120.75,5121.0,691.0
2024-03-07 12:00:00,5121.0,5123.5,5120.75,5123.25,1525.0
2024-03-07 12:05:00,5123.25,5123.25,5121.5,5122.0,1207.0
2024-03-07 12:10:00,5122.0,5123.5,5121.25,5123.25,748.0
2024-03-07 12:15:00,5123.5,5124.0,5122.5,5123.0,1078.0
2024-03-07 12:20:00,5123.0,5127.25,5122.5,5126.75,2839.0
2024-03-07 12:25:00,5126.75,5127.75,5125.0,5125.75,2167.0
2024-03-07 12:30:00,5125.75,5126.5,5124.0,5125.25,1406.0
2024-03-07 12:35:00,5125.25,5126.0,5124.25,5125.5,1340.0
2024-03-07 12:40:00,5125.5,5125.75,5123.0,5124.75,1358.0
2024-03-07 12:45:00,5124.75,5125.75,5123.75,5125.5,1490.0
2024-03-07 12:50:00,5125.5,5125.75,5123.0,5123.25,1298.0
2024-03-07 12:55:00,5123.0,5124.0,5122.5,5123.75,1234.0
2024-03-07 13:00:00,5123.75,5124.75,5122.75,5123.5,1579.0
2024-03-07 13:05:00,5123.5,5123.5,5120.75,5122.0,2471.0
2024-03-07 13:10:00,5122.0,5125.0,5122.0,5124.75,1312.0
2024-03-07 13:15:00,5124.75,5130.75,5123.75,5129.25,5933.0
2024-03-07 13:20:00,5129.25,5130.75,5127.75,5130.0,3356.0
2024-03-07 13:25:00,5130.25,5130.75,5129.5,5130.0,1886.0
2024-03-07 13:30:00,5130.0,5134.75,5128.0,5132.25,7673.0
2024-03-07 13:35:00,5132.25,5135.0,5131.75,5132.25,4678.0
2024-03-07 13:40:00,5132.25,5136.25,5130.75,5135.25,4145.0
2024-03-07 13:45:00,5135.25,5136.25,5133.25,5133.5,3448.0
2024-03-07 13:50:00,5133.5,5134.5,5131.75,5132.5,2790.0
2024-03-07 13:55:00,5132.25,5134.5,5132.0,5133.5,2669.0
2024-03-07 14:00:00,5133.75,5133.75,5131.25,5131.75,4638.0
2024-03-07 14:05:00,5131.75,5134.25,5131.25,5133.0,3628.0
2024-03-07 14:10:00,5133.25,5136.0,5132.25,5134.5,7190.0
2024-03-07 14:15:00,5134.75,5138.25,5134.25,5137.5,7914.0
2024-03-07 14:20:00,5137.5,5141.0,5137.5,5138.75,7546.0
2024-03-07 14:25:00,5138.5,5139.75,5137.0,5139.75,5659.0
2024-03-07 14:30:00,5139.75,5145.0,5138.5,5141.0,42761.0
2024-03-07 14:35:00,5141.0,5148.0,5139.5,5145.5,34044.0
2024-03-07 14:40:00,5145.5,5147.25,5140.25,5141.5,34243.0
2024-03-07 14:45:00,5141.5,5142.5,5133.25,5138.25,41548.0
2024-03-07 14:50:00,5138.5,5144.0,5137.5,5143.25,26660.0
2024-03-07 14:55:00,5143.5,5147.25,5141.75,5143.25,25843.0
2024-03-07 15:00:00,5143.25,5146.0,5142.75,5143.5,17686.0
2024-03-07 15:05:00,5143.75,5146.5,5141.25,5143.0,21537.0
2024-03-07 15:10:00,5143.0,5150.25,5142.25,5148.25,26848.0
2024-03-07 15:15:00,5148.5,5151.5,5147.0,5148.25,19046.0
2024-03-07 15:20:00,5148.0,5151.0,5148.0,5148.75,16077.0
2024-03-07 15:25:00,5149.0,5152.75,5148.25,5152.0,19018.0
2024-03-07 15:30:00,5152.0,5154.25,5149.75,5152.25,22458.0
2024-03-07 15:35:00,5152.0,5153.5,5150.5,5153.0,12480.0
2024-03-07 15:40:00,5152.75,5158.5,5152.25,5157.75,21656.0
2024-03-07 15:45:00,5157.75,5160.25,5157.25,5158.25,20047.0
2024-03-07 15:50:00,5158.5,5159.75,5154.5,5155.0,16032.0
2024-03-07 15:55:00,5155.25,5156.75,5153.0,5155.5,15487.0
2024-03-07 16:00:00,5155.5,5155.75,5151.75,5152.75,12280.0
2024-03-07 16:05:00,5152.75,5155.75,5152.75,5155.25,10778.0
2024-03-07 16:10:00,5155.5,5156.0,5151.75,5154.75,9325.0
2024-03-07 16:15:00,5154.75,5154.75,5151.0,5152.5,9904.0
2024-03-07 16:20:00,5152.25,5154.5,5152.0,5153.5,9389.0
2024-03-07 16:25:00,5153.5,5156.5,5153.5,5156.25,16363.0
2024-03-07 16:30:00,5156.25,5157.25,5150.5,5151.5,21846.0
2024-03-07 16:35:00,5151.5,5154.5,5148.75,5154.25,16610.0
2024-03-07 16:40:00,5154.5,5155.5,5153.0,5154.0,11815.0
2024-03-07 16:45:00,5154.25,5155.0,5151.5,5153.5,9509.0
2024-03-07 16:50:00,5153.5,5155.25,5152.5,5154.0,6677.0
2024-03-07 16:55:00,5154.0,5159.0,5153.75,5158.25,12904.0
2024-03-07 17:00:00,5158.25,5159.0,5155.0,5156.0,10020.0
2024-03-07 17:05:00,5156.0,5158.0,5155.0,5156.25,8231.0
2024-03-07 17:10:00,5156.25,5160.0,5156.0,5158.5,9231.0
2024-03-07 17:15:00,5158.75,5161.25,5157.0,5159.75,9219.0
2024-03-07 17:20:00,5160.0,5161.25,5156.5,5157.5,14292.0
2024-03-07 17:25:00,5157.75,5160.0,5157.5,5158.0,8105.0
2024-03-07 17:30:00,5158.25,5158.5,5153.5,5155.25,12870.0
2024-03-07 17:35:00,5155.5,5158.25,5154.5,5157.5,7239.0
2024-03-07 17:40:00,5157.75,5157.75,5151.75,5153.25,12970.0
2024-03-07 17:45:00,5153.5,5157.75,5153.25,5156.25,8064.0
2024-03-07 17:50:00,5156.25,5158.25,5154.25,5157.25,9451.0
2024-03-07 17:55:00,5157.0,5158.0,5154.25,5156.25,7090.0
2024-03-07 18:00:00,5156.25,5158.25,5156.25,5157.25,5917.0
2024-03-07 18:05:00,5157.25,5157.75,5153.75,5156.75,6988.0
2024-03-07 18:10:00,5157.0,5161.25,5156.75,5158.25,11435.0
2024-03-07 18:15:00,5158.25,5161.0,5156.75,5159.0,10291.0
2024-03-07 18:20:00,5159.0,5160.25,5157.75,5159.75,6868.0
2024-03-07 18:25:00,5159.75,5160.5,5158.75,5160.5,5765.0
2024-03-07 18:30:00,5160.5,5163.0,5159.75,5162.75,12360.0
2024-03-07 18:35:00,5162.75,5164.25,5162.0,5163.5,10651.0
2024-03-07 18:40:00,5163.5,5163.75,5160.75,5163.75,10977.0
2024-03-07 18:45:00,5163.75,5168.0,5163.25,5166.5,15077.0
2024-03-07 18:50:00,5166.25,5169.5,5166.25,5167.75,14029.0
2024-03-07 18:55:00,5167.75,5170.5,5167.75,5169.75,11563.0
2024-03-07 19:00:00,5169.75,5170.25,5165.25,5169.25,16186.0
2024-03-07 19:05:00,5169.25,5170.0,5166.5,5166.5,8500.0
2024-03-07 19:10:00,5166.75,5168.75,5165.5,5167.25,8004.0
2024-03-07 19:15:00,5167.25,5169.25,5164.75,5165.5,9006.0
2024-03-07 19:20:00,5165.5,5167.75,5163.75,5164.25,11834.0
2024-03-07 19:25:00,5164.0,5165.0,5162.5,5163.0,10778.0
2024-03-07 19:30:00,5163.0,5164.75,5162.75,5163.0,10785.0
2024-03-07 19:35:00,5163.25,5164.75,5162.5,5163.5,7688.0
2024-03-07 19:40:00,5163.5,5165.0,5163.25,5163.75,12179.0
2024-03-07 19:45:00,5163.5,5164.25,5162.25,5163.5,10565.0
2024-03-07 19:50:00,5163.75,5165.0,5163.5,5164.5,8792.0
2024-03-07 19:55:00,5164.5,5166.0,5159.0,5160.25,21632.0
2024-03-07 20:00:00,5160.5,5161.0,5152.0,5156.75,35640.0
2024-03-07 20:05:00,5156.5,5159.0,5154.5,5155.25,16677.0
2024-03-07 20:10:00,5155.25,5158.75,5155.0,5158.5,13180.0
2024-03-07 20:15:00,5158.5,5160.25,5156.75,5158.0,12750.0
2024-03-07 20:20:00,5158.0,5158.75,5156.0,5156.5,11001.0
2024-03-07 20:25:00,5156.5,5159.0,5155.75,5157.75,9712.0
2024-03-07 20:30:00,5157.5,5161.0,5157.0,5159.75,12481.0
2024-03-07 20:35:00,5159.75,5162.25,5159.75,5162.0,10323.0
2024-03-07 20:40:00,5162.0,5165.75,5161.5,5164.0,17398.0
2024-03-07 20:45:00,5163.75,5165.5,5161.25,5161.5,16758.0
2024-03-07 20:50:00,5161.5,5162.75,5158.75,5162.75,18952.0
2024-03-07 20:55:00,5162.75,5167.75,5159.75,5162.75,46707.0
2024-03-07 21:00:00,5162.75,5164.0,5156.25,5156.75,86254.0
2024-03-07 21:05:00,5156.75,5158.25,5155.0,5156.25,15188.0
2024-03-07 21:10:00,5156.0,5156.25,5155.25,5156.0,4409.0
2024-03-07 21:15:00,5156.0,5156.25,5143.75,5153.0,20561.0
2024-03-07 21:20:00,5152.75,5152.75,5147.25,5149.0,6017.0
2024-03-07 21:25:00,5149.25,5152.5,5146.75,5152.0,4981.0
2024-03-07 21:30:00,5152.0,5154.0,5152.0,5152.75,2283.0
2024-03-07 21:35:00,5153.0,5156.0,5151.25,5154.75,2774.0
2024-03-07 21:40:00,5154.75,5156.75,5154.5,5154.5,1575.0
2024-03-07 21:45:00,5154.75,5156.25,5154.0,5156.0,1042.0
2024-03-07 21:50:00,5156.0,5157.75,5155.5,5157.5,1225.0
2024-03-07 21:55:00,5157.5,5158.5,5156.25,5157.0,1501.0
2024-03-07 22:00:00,5157.0,5157.75,5156.25,5157.25,772.0
2024-03-07 23:00:00,5159.25,5162.0,5157.5,5158.25,1845.0
2024-03-07 23:05:00,5158.25,5161.5,5157.75,5161.0,1244.0
2024-03-07 23:10:00,5161.0,5161.0,5158.5,5159.25,1058.0
2024-03-07 23:15:00,5159.5,5161.0,5159.25,5160.5,750.0
2024-03-07 23:20:00,5160.5,5162.25,5160.0,5162.25,1027.0
2024-03-07 23:25:00,5162.25,5162.25,5159.25,5159.75,1013.0
2024-03-07 23:30:00,5159.75,5159.75,5159.0,5159.25,467.0
2024-03-07 23:35:00,5159.25,5159.25,5158.0,5158.5,533.0
2024-03-07 23:40:00,5158.75,5159.75,5158.25,5159.25,235.0
2024-03-07 23:45:00,5159.5,5159.75,5159.0,5159.5,302.0
2024-03-07 23:50:00,5159.5,5160.0,5158.5,5158.5,364.0
2024-03-07 23:55:00,5158.75,5159.0,5157.75,5158.75,344.0
2024-03-08 00:00:00,5158.75,5161.0,5158.0,5159.5,1398.0
2024-03-08 00:05:00,5159.5,5159.5,5156.75,5156.75,1102.0
2024-03-08 00:10:00,5156.75,5157.75,5155.75,5156.25,1089.0
2024-03-08 00:15:00,5156.25,5159.75,5156.25,5159.75,580.0
2024-03-08 00:20:00,5159.75,5159.75,5158.5,5158.75,314.0
2024-03-08 00:25:00,5159.0,5161.0,5158.75,5160.25,462.0
2024-03-08 00:30:00,5160.25,5160.75,5159.5,5160.25,474.0
2024-03-08 00:35:00,5160.0,5160.75,5159.75,5160.5,312.0
2024-03-08 00:40:00,5160.25,5161.0,5160.0,5160.75,282.0
2024-03-08 00:45:00,5160.75,5162.0,5160.75,5161.75,561.0
2024-03-08 00:50:00,5161.75,5162.0,5160.5,5161.0,205.0
2024-03-08 00:55:00,5161.25,5161.25,5159.75,5160.25,193.0
2024-03-08 01:00:00,5160.0,5160.5,5159.0,5159.5,503.0
2024-03-08 01:05:00,5159.25,5159.75,5158.25,5158.25,680.0
2024-03-08 01:10:00,5158.25,5158.75,5157.75,5158.5,452.0
2024-03-08 01:15:00,5158.5,5159.5,5158.5,5159.5,412.0
2024-03-08 01:20:00,5159.25,5159.5,5158.25,5159.0,372.0
2024-03-08 01:25:00,5159.0,5159.0,5158.25,5158.5,253.0
2024-03-08 01:30:00,5158.5,5161.5,5158.25,5161.0,855.0
2024-03-08 01:35:00,5161.0,5161.25,5159.0,5161.0,677.0
2024-03-08 01:40:00,5161.25,5161.25,5159.0,5159.5,459.0
2024-03-08 01:45:00,5159.25,5160.25,5159.25,5159.25,301.0
2024-03-08 01:50:00,5159.5,5160.5,5159.25,5160.25,325.0
2024-03-08 01:55:00,5160.25,5160.75,5159.75,5160.5,428.0
2024-03-08 02:00:00,5160.25,5160.5,5158.75,5159.0,401.0
2024-03-08 02:05:00,5159.0,5159.5,5158.5,5159.5,364.0
2024-03-08 02:10:00,5159.5,5160.25,5159.25,5159.5,277.0
2024-03-08 02:15:00,5159.75,5160.0,5159.5,5159.75,185.0
2024-03-08 02:20:00,5159.75,5160.0,5159.0,5159.75,142.0
2024-03-08 02:25:00,5160.0,5160.25,5159.0,5159.5,196.0
2024-03-08 02:30:00,5159.5,5159.75,5158.75,5159.0,212.0
2024-03-08 02:35:00,5159.0,5159.25,5158.75,5159.25,147.0
2024-03-08 02:40:00,5159.0,5159.25,5158.5,5159.0,277.0
2024-03-08 02:45:00,5159.0,5159.0,5158.0,5158.25,278.0
2024-03-08 02:50:00,5158.25,5158.5,5158.0,5158.5,189.0
2024-03-08 02:55:00,5158.5,5159.0,5158.5,5159.0,187.0
2024-03-08 03:00:00,5158.75,5159.0,5158.0,5158.25,189.0
2024-03-08 03:05:00,5158.0,5159.25,5157.5,5158.0,495.0
2024-03-08 03:10:00,5158.0,5159.25,5158.0,5159.25,193.0
2024-03-08 03:15:00,5159.25,5159.5,5158.5,5159.25,230.0
2024-03-08 03:20:00,5159.0,5159.5,5158.75,5159.5,279.0
2024-03-08 03:25:00,5159.75,5161.5,5159.5,5161.0,676.0
2024-03-08 03:30:00,5161.25,5162.0,5161.0,5161.5,602.0
2024-03-08 03:35:00,5161.25,5162.5,5161.25,5161.75,520.0
2024-03-08 03:40:00,5162.0,5162.0,5161.5,5162.0,260.0
2024-03-08 03:45:00,5162.0,5162.5,5161.5,5162.5,428.0
2024-03-08 03:50:00,5162.5,5163.0,5162.0,5163.0,648.0
2024-03-08 03:55:00,5162.75,5163.0,5162.5,5162.5,290.0
2024-03-08 04:00:00,5162.5,5163.5,5162.25,5163.25,423.0
2024-03-08 04:05:00,5163.5,5164.0,5163.0,5164.0,510.0
2024-03-08 04:10:00,5164.0,5165.25,5163.75,5165.25,592.0
2024-03-08 04:15:00,5165.25,5166.25,5164.75,5166.0,734.0
2024-03-08 04:20:00,5166.0,5167.25,5166.0,5166.25,867.0
2024-03-08 04:25:00,5166.0,5166.25,5165.0,5165.0,579.0
2024-03-08 04:30:00,5165.25,5165.5,5164.0,5165.0,816.0
2024-03-08 04:35:00,5165.0,5165.0,5163.25,5163.5,486.0
2024-03-08 04:40:00,5163.25,5163.5,5162.75,5163.5,372.0
2024-03-08 04:45:00,5163.25,5163.5,5163.0,5163.5,222.0
2024-03-08 04:50:00,5163.5,5164.25,5162.75,5162.75,519.0
2024-03-08 04:55:00,5162.75,5163.5,5162.5,5162.75,280.0
2024-03-08 05:00:00,5162.75,5163.25,5162.0,5162.5,495.0
2024-03-08 05:05:00,5162.75,5163.0,5162.0,5162.25,227.0
2024-03-08 05:10:00,5162.25,5163.0,5162.0,5162.75,308.0
2024-03-08 05:15:00,5162.75,5163.25,5162.0,5163.0,423.0
2024-03-08 05:20:00,5163.0,5163.5,5162.5,5162.5,345.0
2024-03-08 05:25:00,5162.75,5164.0,5162.25,5163.75,486.0
2024-03-08 05:30:00,5164.0,5164.5,5163.5,5164.5,424.0
2024-03-08 05:35:00,5164.5,5165.25,5164.25,5164.75,325.0
2024-03-08 05:40:00,5164.75,5164.75,5164.0,5164.25,270.0
2024-03-08 05:45:00,5164.25,5164.75,5164.0,5164.5,261.0
2024-03-08 05:50:00,5164.25,5164.75,5164.0,5164.75,279.0
2024-03-08 05:55:00,5164.75,5164.75,5164.25,5164.5,126.0
2024-03-08 06:00:00,5164.75,5165.25,5164.5,5164.75,275.0
2024-03-08 06:05:00,5164.75,5165.0,5163.25,5163.75,405.0
2024-03-08 06:10:00,5163.75,5164.5,5163.25,5164.5,328.0
2024-03-08 06:15:00,5164.5,5164.5,5162.5,5162.5,337.0
2024-03-08 06:20:00,5162.75,5163.5,5162.75,5163.25,144.0
2024-03-08 06:25:00,5163.25,5163.5,5162.75,5163.5,209.0
2024-03-08 06:30:00,5163.5,5164.25,5163.0,5164.0,140.0
2024-03-08 06:35:00,5164.25,5164.5,5163.75,5163.75,230.0
2024-03-08 06:40:00,5163.75,5164.0,5162.75,5163.25,458.0
2024-03-08 06:45:00,5163.0,5163.75,5163.0,5163.25,130.0
2024-03-08 06:50:00,5163.0,5163.25,5162.75,5163.0,125.0
2024-03-08 06:55:00,5163.0,5163.75,5162.5,5163.75,402.0
2024-03-08 07:00:00,5163.5,5164.0,5161.5,5161.5,874.0
2024-03-08 07:05:00,5161.75,5164.0,5161.75,5162.75,658.0
2024-03-08 07:10:00,5162.75,5163.75,5162.5,5163.0,645.0
2024-03-08 07:15:00,5162.75,5163.0,5162.25,5162.75,349.0
2024-03-08 07:20:00,5162.5,5162.75,5161.25,5162.0,423.0
2024-03-08 07:25:00,5162.0,5162.75,5161.5,5162.75,541.0
2024-03-08 07:30:00,5162.75,5163.0,5162.0,5163.0,456.0
2024-03-08 07:35:00,5162.75,5164.25,5162.0,5164.0,593.0
2024-03-08 07:40:00,5164.25,5166.0,5164.0,5165.75,917.0
2024-03-08 07:45:00,5165.5,5166.0,5164.5,5165.0,480.0
2024-03-08 07:50:00,5164.75,5165.0,5164.0,5164.5,443.0
2024-03-08 07:55:00,5164.75,5165.25,5164.25,5164.75,636.0
2024-03-08 08:00:00,5164.75,5166.0,5163.5,5164.5,1823.0
2024-03-08 08:05:00,5164.5,5165.75,5163.75,5165.0,1354.0
2024-03-08 08:10:00,5165.0,5167.75,5165.0,5167.25,2147.0
2024-03-08 08:15:00,5167.25,5169.0,5166.0,5166.25,2347.0
2024-03-08 08:20:00,5166.25,5166.5,5165.75,5166.0,632.0
2024-03-08 08:25:00,5165.75,5166.75,5165.5,5165.75,1033.0
2024-03-08 08:30:00,5165.75,5167.5,5165.75,5166.75,865.0
2024-03-08 08:35:00,5166.75,5168.25,5166.75,5167.75,928.0
2024-03-08 08:40:00,5167.75,5168.75,5167.5,5168.25,776.0
2024-03-08 08:45:00,5168.25,5174.25,5168.0,5173.0,4128.0
2024-03-08 08:50:00,5173.25,5173.25,5172.0,5172.0,1297.0
2024-03-08 08:55:00,5172.0,5172.5,5170.0,5170.25,1486.0
2024-03-08 09:00:00,5170.25,5170.25,5166.0,5167.75,2972.0
2024-03-08 09:05:00,5167.75,5169.0,5167.25,5168.25,1562.0
2024-03-08 09:10:00,5168.0,5169.25,5167.5,5169.25,842.0
2024-03-08 09:15:00,5169.0,5169.25,5166.25,5167.5,1676.0
2024-03-08 09:20:00,5167.75,5169.5,5166.75,5169.25,1145.0
2024-03-08 09:25:00,5169.5,5170.0,5167.5,5169.0,982.0
2024-03-08 09:30:00,5169.0,5169.75,5167.25,5168.5,2254.0
2024-03-08 09:35:00,5168.25,5168.5,5166.0,5167.25,2163.0
2024-03-08 09:40:00,5167.25,5169.0,5166.5,5168.0,1921.0
2024-03-08 09:45:00,5167.75,5169.0,5167.25,5167.25,3661.0
2024-03-08 09:50:00,5167.25,5169.0,5166.5,5168.75,1254.0
2024-03-08 09:55:00,5168.5,5169.0,5167.25,5167.75,827.0
2024-03-08 10:00:00,5167.5,5168.0,5166.5,5166.75,1096.0
2024-03-08 10:05:00,5166.75,5167.75,5165.25,5166.5,1092.0
2024-03-08 10:10:00,5166.5,5167.5,5166.0,5166.5,942.0
2024-03-08 10:15:00,5166.5,5167.0,5165.75,5166.5,736.0
2024-03-08 10:20:00,5166.25,5167.0,5166.0,5166.75,928.0
2024-03-08 10:25:00,5167.0,5167.0,5165.5,5165.75,965.0
2024-03-08 10:30:00,5165.75,5167.0,5165.5,5166.0,1107.0
2024-03-08 10:35:00,5166.0,5166.25,5165.5,5166.0,464.0
2024-03-08 10:40:00,5166.0,5167.75,5165.75,5167.75,1160.0
2024-03-08 10:45:00,5167.75,5167.75,5165.5,5167.0,4788.0
2024-03-08 10:50:00,5167.0,5167.0,5165.5,5166.5,2646.0
2024-03-08 10:55:00,5166.25,5167.0,5165.5,5166.25,672.0
2024-03-08 11:00:00,5166.0,5167.0,5165.5,5166.0,1763.0
2024-03-08 11:05:00,5166.25,5167.25,5165.75,5167.0,1666.0
2024-03-08 11:10:00,5167.0,5167.75,5166.0,5167.25,1306.0
2024-03-08 11:15:00,5167.0,5167.5,5166.5,5167.0,1154.0
2024-03-08 11:20:00,5166.75,5168.25,5166.75,5167.0,1724.0
2024-03-08 11:25:00,5167.25,5167.5,5164.75,5165.0,1128.0
2024-03-08 11:30:00,5164.75,5165.5,5164.25,5165.0,1869.0
2024-03-08 11:35:00,5165.25,5165.5,5162.75,5163.5,1758.0
2024-03-08 11:40:00,5163.25,5163.25,5160.75,5162.25,1841.0
2024-03-08 11:45:00,5162.0,5162.25,5158.5,5158.75,1728.0
2024-03-08 11:50:00,5158.75,5159.75,5157.75,5158.5,2234.0
2024-03-08 11:55:00,5158.25,5159.5,5158.25,5159.5,1174.0
2024-03-08 12:00:00,5159.5,5160.0,5157.75,5158.0,1895.0
2024-03-08 12:05:00,5157.75,5159.25,5157.0,5158.0,1651.0
2024-03-08 12:10:00,5158.0,5159.75,5157.25,5159.25,1457.0
2024-03-08 12:15:00,5159.25,5159.25,5157.0,5157.25,1296.0
2024-03-08 12:20:00,5157.25,5157.25,5151.25,5154.25,4889.0
2024-03-08 12:25:00,5154.25,5155.25,5153.25,5153.75,1801.0
2024-03-08 12:30:00,5153.5,5155.0,5152.75,5153.75,1649.0
2024-03-08 12:35:00,5153.75,5154.25,5151.75,5152.25,1615.0
2024-03-08 12:40:00,5152.25,5155.0,5152.0,5152.5,2546.0
2024-03-08 12:45:00,5152.5,5153.75,5150.25,5153.25,2581.0
2024-03-08 12:50:00,5153.25,5153.25,5150.5,5152.25,1637.0
2024-03-08 12:55:00,5152.0,5153.0,5152.0,5152.75,1154.0
2024-03-08 13:00:00,5152.75,5155.75,5152.5,5155.75,2708.0
2024-03-08 13:05:00,5155.75,5156.0,5154.0,5155.0,2382.0
2024-03-08 13:10:00,5155.0,5155.75,5154.25,5155.0,1915.0
2024-03-08 13:15:00,5154.75,5157.5,5154.75,5155.75,2417.0
2024-03-08 13:20:00,5156.0,5159.0,5154.25,5159.0,4028.0
2024-03-08 13:25:00,5159.0,5159.75,5154.75,5155.5,3550.0
2024-03-08 13:30:00,5155.5,5175.5,5141.5,5168.75,26184.0
2024-03-08 13:35:00,5168.75,5170.0,5161.5,5166.75,31069.0
2024-03-08 13:40:00,5167.0,5176.75,5165.75,5174.5,20627.0
2024-03-08 13:45:00,5174.25,5178.75,5172.0,5175.75,14017.0
2024-03-08 13:50:00,5175.75,5178.0,5171.75,5176.0,9080.0
2024-03-08 13:55:00,5176.0,5177.75,5171.25,5175.75,8074.0
2024-03-08 14:00:00,5175.75,5179.0,5172.25,5177.25,7545.0
2024-03-08 14:05:00,5177.0,5178.25,5171.75,5172.75,5810.0
2024-03-08 14:10:00,5172.75,5177.0,5171.25,5172.25,6156.0
2024-03-08 14:15:00,5172.0,5173.0,5167.0,5167.5,10109.0
2024-03-08 14:20:00,5167.5,5169.5,5167.0,5168.0,5347.0
2024-03-08 14:25:00,5168.0,5170.25,5163.25,5164.75,9131.0
2024-03-08 14:30:00,5164.5,5171.75,5160.75,5171.25,61806.0
2024-03-08 14:35:00,5171.25,5173.5,5167.0,5171.25,42115.0
2024-03-08 14:40:00,5171.25,5178.0,5170.25,5177.0,29042.0
2024-03-08 14:45:00,5177.25,5184.75,5175.0,5184.5,28946.0
2024-03-08 14:50:00,5184.25,5185.5,5181.0,5184.75,27826.0
2024-03-08 14:55:00,5184.75,5188.25,5183.5,5187.0,19715.0
2024-03-08 15:00:00,5187.0,5191.25,5187.0,5189.5,21638.0
2024-03-08 15:05:00,5189.5,5193.0,5188.75,5190.75,18824.0
2024-03-08 15:10:00,5190.75,5191.5,5187.0,5191.25,18322.0
2024-03-08 15:15:00,5191.0,5192.25,5187.5,5187.75,15425.0
2024-03-08 15:20:00,5187.5,5189.75,5185.75,5186.0,17338.0
2024-03-08 15:25:00,5186.25,5189.75,5185.75,5189.5,16868.0
2024-03-08 15:30:00,5189.75,5192.0,5185.75,5187.25,18508.0
2024-03-08 15:35:00,5187.0,5188.5,5181.5,5183.75,26556.0
2024-03-08 15:40:00,5183.75,5189.0,5181.0,5186.0,23360.0
2024-03-08 15:45:00,5186.25,5188.25,5180.0,5184.25,21785.0
2024-03-08 15:50:00,5184.75,5186.75,5182.0,5186.5,19024.0
2024-03-08 15:55:00,5186.75,5189.25,5185.75,5188.25,15383.0
2024-03-08 16:00:00,5188.5,5188.75,5174.5,5177.75,33555.0
2024-03-08 16:05:00,5177.75,5178.5,5171.0,5171.25,34177.0
2024-03-08 16:10:00,5171.5,5173.25,5166.25,5172.75,37387.0
2024-03-08 16:15:00,5172.5,5173.75,5163.5,5165.25,24265.0
2024-03-08 16:20:00,5165.0,5170.5,5164.25,5165.0,24781.0
2024-03-08 16:25:00,5165.0,5166.75,5158.0,5159.5,27779.0
2024-03-08 16:30:00,5159.5,5161.75,5151.0,5156.5,38485.0
2024-03-08 16:35:00,5156.25,5163.25,5155.75,5158.75,32930.0
2024-03-08 16:40:00,5158.5,5163.25,5157.5,5160.5,30223.0
2024-03-08 16:45:00,5160.5,5161.25,5149.75,5154.75,28826.0
2024-03-08 16:50:00,5154.5,5159.75,5153.0,5153.0,23942.0
2024-03-08 16:55:00,5152.75,5157.5,5150.25,5151.5,23336.0
2024-03-08 17:00:00,5151.25,5159.25,5147.75,5154.75,30602.0
2024-03-08 17:05:00,5154.75,5159.75,5152.0,5152.5,19426.0
2024-03-08 17:10:00,5152.5,5155.5,5146.0,5154.75,28287.0
2024-03-08 17:15:00,5155.0,5157.0,5150.5,5151.0,19524.0
2024-03-08 17:20:00,5151.0,5153.5,5149.25,5149.75,16104.0
2024-03-08 17:25:00,5150.0,5157.5,5148.5,5155.25,19913.0
2024-03-08 17:30:00,5155.5,5159.0,5154.25,5158.25,16683.0
2024-03-08 17:35:00,5158.25,5159.0,5151.25,5156.25,15861.0
2024-03-08 17:40:00,5156.25,5158.0,5153.0,5153.5,12374.0
2024-03-08 17:45:00,5153.25,5154.25,5148.0,5150.5,19161.0
2024-03-08 17:50:00,5150.25,5151.25,5138.75,5140.25,26964.0
2024-03-08 17:55:00,5140.25,5142.0,5135.0,5136.5,27258.0
2024-03-08 18:00:00,5136.5,5138.5,5131.0,5133.25,38982.0
2024-03-08 18:05:00,5133.0,5139.5,5132.75,5139.0,19313.0
2024-03-08 18:10:00,5139.0,5143.5,5138.25,5139.75,20342.0
2024-03-08 18:15:00,5139.75,5140.5,5135.75,5140.0,16952.0
2024-03-08 18:20:00,5140.0,5140.0,5134.5,5136.75,14711.0
2024-03-08 18:25:00,5136.5,5137.75,5133.25,5134.5,12719.0
2024-03-08 18:30:00,5134.25,5136.0,5130.5,5131.0,17825.0
2024-03-08 18:35:00,5130.75,5131.25,5123.25,5124.5,26625.0
2024-03-08 18:40:00,5124.5,5127.5,5121.75,5123.25,18704.0
2024-03-08 18:45:00,5123.25,5127.5,5122.25,5124.25,14166.0
2024-03-08 18:50:00,5124.25,5126.75,5123.0,5123.5,11470.0
2024-03-08 18:55:00,5123.25,5128.25,5123.0,5127.25,11961.0
2024-03-08 19:00:00,5127.25,5137.0,5126.75,5136.5,18474.0
2024-03-08 19:05:00,5136.5,5137.5,5133.25,5136.0,14451.0
2024-03-08 19:10:00,5136.25,5137.75,5133.75,5135.0,11282.0
2024-03-08 19:15:00,5135.0,5140.25,5133.75,5139.5,10008.0
2024-03-08 19:20:00,5139.75,5146.0,5137.75,5144.5,17675.0
2024-03-08 19:25:00,5144.75,5147.25,5141.75,5146.25,11277.0
2024-03-08 19:30:00,5146.25,5148.5,5145.0,5148.25,12184.0
2024-03-08 19:35:00,5148.0,5152.5,5147.5,5150.25,14069.0
2024-03-08 19:40:00,5150.5,5154.5,5148.75,5153.5,12054.0
2024-03-08 19:45:00,5153.75,5155.25,5150.75,5152.0,11281.0
2024-03-08 19:50:00,5152.0,5155.25,5151.5,5153.25,10629.0
2024-03-08 19:55:00,5153.25,5154.25,5147.0,5149.25,17790.0
2024-03-08 20:00:00,5149.5,5154.75,5148.75,5153.5,13432.0
2024-03-08 20:05:00,5153.5,5153.75,5145.5,5147.5,13794.0
2024-03-08 20:10:00,5147.5,5147.75,5137.5,5140.75,21593.0
2024-03-08 20:15:00,5140.75,5142.75,5138.25,5140.0,14138.0
2024-03-08 20:20:00,5139.75,5142.5,5137.75,5139.5,12709.0
2024-03-08 20:25:00,5139.5,5143.0,5132.25,5133.5,17261.0
2024-03-08 20:30:00,5133.75,5139.0,5128.5,5137.25,24465.0
2024-03-08 20:35:00,5137.5,5138.5,5132.75,5134.75,11148.0
2024-03-08 20:40:00,5134.75,5135.5,5130.5,5134.0,11823.0
2024-03-08 20:45:00,5133.75,5136.5,5131.5,5133.25,11333.0
2024-03-08 20:50:00,5133.25,5136.5,5130.5,5131.5,17167.0
2024-03-08 20:55:00,5131.25,5135.0,5128.5,5130.75,30916.0
2024-03-08 21:00:00,5130.75,5136.75,5127.5,5135.75,55934.0
2024-03-08 21:05:00,5136.0,5137.25,5135.0,5135.25,8882.0
2024-03-08 21:10:00,5135.5,5136.0,5134.0,5134.75,6777.0
2024-03-08 21:15:00,5134.75,5135.25,5132.25,5134.75,3564.0
2024-03-08 21:20:00,5134.75,5135.0,5133.0,5133.25,1042.0
2024-03-08 21:25:00,5133.5,5134.75,5132.5,5133.5,1695.0
2024-03-08 21:30:00,5133.75,5134.75,5133.5,5133.75,787.0
2024-03-08 21:35:00,5134.0,5134.0,5133.25,5133.5,647.0
2024-03-08 21:40:00,5133.25,5133.5,5132.75,5133.0,873.0
2024-03-08 21:45:00,5133.25,5133.75,5133.0,5133.5,624.0
2024-03-08 21:50:00,5133.75,5134.25,5133.25,5133.5,515.0
2024-03-08 21:55:00,5133.5,5133.75,5132.0,5132.25,4062.0
2024-03-08 22:00:00,5132.0,5133.0,5132.0,5132.0,9684.0
2024-03-10 19:20:00,5132.0,5132.0,5132.0,5132.0,2.0
2024-03-10 19:25:00,5132.0,5132.0,5132.0,5132.0,1.0
2024-03-10 20:30:00,5132.0,5132.0,5132.0,5132.0,2.0
2024-03-10 22:00:00,5132.5,5132.5,5125.5,5126.25,1346.0
2024-03-10 22:05:00,5126.25,5126.5,5121.75,5122.0,825.0
2024-03-10 22:10:00,5122.5,5123.75,5122.25,5123.75,273.0
2024-03-10 22:15:00,5123.75,5124.25,5122.75,5123.25,468.0
2024-03-10 22:20:00,5123.25,5124.0,5122.75,5123.75,160.0
2024-03-10 22:25:00,5123.75,5125.25,5123.75,5125.25,233.0
2024-03-10 22:30:00,5125.25,5128.0,5125.0,5127.5,397.0
2024-03-10 22:35:00,5127.75,5128.25,5125.5,5125.75,279.0
2024-03-10 22:40:00,5125.75,5125.75,5118.25,5120.25,1288.0
2024-03-10 22:45:00,5120.25,5121.75,5118.5,5121.25,1041.0
2024-03-10 22:50:00,5121.25,5121.25,5119.5,5120.0,471.0
2024-03-10 22:55:00,5120.0,5120.75,5118.5,5118.75,371.0
2024-03-10 23:00:00,5118.5,5120.5,5118.25,5120.0,500.0
2024-03-10 23:05:00,5120.0,5121.75,5119.5,5121.25,489.0
2024-03-10 23:10:00,5121.75,5126.25,5121.0,5123.25,2475.0
2024-03-10 23:15:00,5123.25,5124.25,5122.25,5123.25,862.0
2024-03-10 23:20:00,5123.25,5125.5,5122.75,5123.25,1151.0
2024-03-10 23:25:00,5123.25,5124.75,5123.0,5124.5,1250.0
2024-03-10 23:30:00,5124.5,5126.25,5124.25,5124.75,1496.0
2024-03-10 23:35:00,5125.0,5125.0,5123.25,5124.5,1321.0
2024-03-10 23:40:00,5124.75,5127.5,5124.5,5126.0,461.0
2024-03-10 23:45:00,5126.0,5127.5,5125.5,5127.25,335.0
2024-03-10 23:50:00,5127.25,5129.25,5126.75,5127.5,831.0
2024-03-10 23:55:00,5127.25,5128.0,5126.75,5127.75,673.0
2024-03-11 00:00:00,5128.0,5129.75,5128.0,5128.5,1555.0
2024-03-11 00:05:00,5128.25,5128.75,5126.5,5127.75,1509.0
2024-03-11 00:10:00,5127.5,5130.0,5127.0,5129.5,1502.0
2024-03-11 00:15:00,5129.5,5131.25,5128.75,5130.25,1564.0
2024-03-11 00:20:00,5130.25,5130.25,5128.5,5128.5,1233.0
2024-03-11 00:25:00,5128.5,5128.5,5126.75,5127.0,1951.0
2024-03-11 00:30:00,5127.0,5127.25,5126.0,5126.5,694.0
2024-03-11 00:35:00,5126.5,5126.5,5124.5,5125.5,1318.0
2024-03-11 00:40:00,5125.5,5125.5,5124.5,5124.5,476.0
2024-03-11 00:45:00,5124.5,5126.75,5123.5,5126.75,2136.0
2024-03-11 00:50:00,5126.75,5127.0,5125.75,5126.25,1193.0
2024-03-11 00:55:00,5126.5,5127.0,5125.0,5125.25,700.0
2024-03-11 01:00:00,5125.0,5126.25,5125.0,5126.25,405.0
2024-03-11 01:05:00,5126.25,5127.25,5126.0,5126.75,482.0
2024-03-11 01:10:00,5126.75,5127.75,5126.25,5126.5,349.0
2024-03-11 01:15:00,5126.75,5128.5,5126.75,5128.25,367.0
2024-03-11 01:20:00,5128.5,5129.25,5127.5,5129.25,427.0
2024-03-11 01:25:00,5129.25,5129.25,5128.5,5128.5,254.0
2024-03-11 01:30:00,5128.5,5130.25,5128.25,5129.75,465.0
2024-03-11 01:35:00,5129.5,5130.5,5129.5,5129.75,264.0
2024-03-11 01:40:00,5129.75,5133.25,5129.25,5131.75,947.0
2024-03-11 01:45:00,5131.5,5131.75,5129.0,5129.25,577.0
2024-03-11 01:50:00,5129.25,5129.25,5127.0,5127.0,536.0
2024-03-11 01:55:00,5126.75,5127.5,5126.5,5126.5,292.0
2024-03-11 02:00:00,5126.5,5126.75,5124.75,5125.5,416.0
2024-03-11 02:05:00,5125.5,5127.0,5125.5,5126.75,276.0
2024-03-11 02:10:00,5126.75,5127.5,5125.0,5125.0,412.0
2024-03-11 02:15:00,5125.25,5127.25,5125.25,5126.25,357.0
2024-03-11 02:20:00,5126.5,5126.75,5125.5,5125.75,428.0
2024-03-11 02:25:00,5125.5,5127.25,5125.0,5126.75,341.0
2024-03-11 02:30:00,5127.0,5127.0,5124.25,5124.5,708.0
2024-03-11 02:35:00,5124.25,5124.5,5123.0,5123.5,587.0
2024-03-11 02:40:00,5123.5,5124.75,5123.25,5124.5,446.0
2024-03-11 02:45:00,5124.5,5124.75,5124.0,5124.25,209.0
2024-03-11 02:50:00,5124.5,5124.5,5123.0,5123.25,401.0
2024-03-11 02:55:00,5123.25,5124.75,5123.25,5124.75,235.0
2024-03-11 03:00:00,5124.75,5124.75,5124.0,5124.25,226.0
2024-03-11 03:05:00,5124.25,5124.75,5124.0,5124.5,190.0
2024-03-11 03:10:00,5124.5,5124.75,5124.25,5124.75,87.0
2024-03-11 03:15:00,5125.0,5125.75,5125.0,5125.75,195.0
2024-03-11 03:20:00,5125.5,5125.75,5124.75,5125.5,104.0
2024-03-11 03:25:00,5125.5,5126.25,5125.25,5125.5,118.0
2024-03-11 03:30:00,5125.5,5125.75,5124.5,5124.75,108.0
2024-03-11 03:35:00,5124.75,5124.75,5124.0,5124.25,88.0
2024-03-11 03:40:00,5124.25,5124.25,5123.25,5123.5,216.0
2024-03-11 03:45:00,5123.5,5123.75,5122.5,5122.75,177.0
2024-03-11 03:50:00,5122.75,5123.0,5122.25,5122.25,198.0
2024-03-11 03:55:00,5122.25,5122.5,5119.25,5119.5,655.0
2024-03-11 04:00:00,5119.25,5119.5,5117.0,5117.0,963.0
2024-03-11 04:05:00,5117.25,5117.5,5116.25,5117.25,540.0
2024-03-11 04:10:00,5117.5,5117.75,5117.25,5117.5,118.0
2024-03-11 04:15:00,5117.25,5119.0,5117.25,5118.5,389.0
2024-03-11 04:20:00,5118.75,5119.0,5118.0,5118.0,177.0
2024-03-11 04:25:00,5118.0,5118.5,5117.5,5118.5,133.0
2024-03-11 04:30:00,5118.5,5118.5,5116.75,5117.25,162.0
2024-03-11 04:35:00,5117.25,5117.5,5117.0,5117.25,63.0
2024-03-11 04:40:00,5117.25,5118.0,5117.25,5118.0,129.0
2024-03-11 04:45:00,5117.75,5118.0,5116.75,5117.75,540.0
2024-03-11 04:50:00,5117.75,5117.75,5117.0,5117.75,371.0
2024-03-11 04:55:00,5117.75,5118.5,5117.75,5118.25,114.0
2024-03-11 05:00:00,5118.25,5119.0,5118.0,5118.5,236.0
2024-03-11 05:05:00,5118.75,5118.75,5117.25,5117.5,284.0
2024-03-11 05:10:00,5117.5,5119.25,5116.75,5119.0,483.0
2024-03-11 05:15:00,5119.0,5119.0,5117.75,5118.25,216.0
2024-03-11 05:20:00,5118.25,5119.25,5118.25,5118.75,167.0
2024-03-11 05:25:00,5118.75,5119.75,5118.5,5119.25,268.0
2024-03-11 05:30:00,5119.25,5120.25,5119.0,5120.25,317.0
2024-03-11 05:35:00,5120.25,5122.5,5120.25,5121.75,332.0
2024-03-11 05:40:00,5121.5,5123.75,5121.25,5122.5,440.0
2024-03-11 05:45:00,5122.25,5123.0,5122.0,5122.25,192.0
2024-03-11 05:50:00,5122.0,5122.25,5121.25,5122.0,279.0
2024-03-11 05:55:00,5122.0,5123.75,5122.0,5123.75,292.0
2024-03-11 06:00:00,5123.75,5126.0,5123.75,5125.0,875.0
2024-03-11 06:05:00,5125.0,5126.5,5125.0,5125.0,445.0
2024-03-11 06:10:00,5125.25,5125.75,5124.5,5124.5,144.0
2024-03-11 06:15:00,5124.75,5125.0,5124.0,5124.25,253.0
2024-03-11 06:20:00,5124.5,5124.75,5124.0,5124.0,115.0
2024-03-11 06:25:00,5124.25,5124.5,5123.5,5124.25,219.0
2024-03-11 06:30:00,5124.25,5124.5,5122.5,5124.5,606.0
2024-03-11 06:35:00,5124.5,5124.75,5123.75,5124.0,183.0
2024-03-11 06:40:00,5124.0,5124.75,5123.5,5123.5,194.0
2024-03-11 06:45:00,5123.5,5125.0,5123.25,5124.75,414.0
2024-03-11 06:50:00,5124.75,5125.25,5124.75,5125.0,130.0
2024-03-11 06:55:00,5125.0,5126.25,5125.0,5126.0,243.0
2024-03-11 07:00:00,5126.0,5126.75,5125.5,5126.0,581.0
2024-03-11 07:05:00,5126.25,5128.0,5125.25,5127.75,819.0
2024-03-11 07:10:00,5128.0,5128.0,5125.75,5125.75,520.0
2024-03-11 07:15:00,5125.75,5126.0,5124.5,5124.75,464.0
2024-03-11 07:20:00,5125.0,5125.0,5120.0,5120.0,787.0
2024-03-11 07:25:00,5120.0,5122.25,5119.75,5122.0,922.0
2024-03-11 07:30:00,5122.0,5123.0,5121.0,5121.5,426.0
2024-03-11 07:35:00,5121.5,5122.0,5120.75,5122.0,776.0
2024-03-11 07:40:00,5121.75,5121.75,5120.0,5120.25,614.0
2024-03-11 07:45:00,5120.25,5122.25,5119.25,5121.5,640.0
2024-03-11 07:50:00,5121.5,5125.0,5121.0,5124.75,946.0
2024-03-11 07:55:00,5124.75,5125.5,5123.25,5123.5,678.0
2024-03-11 08:00:00,5123.5,5125.25,5120.5,5121.25,1787.0
2024-03-11 08:05:00,5121.0,5121.0,5117.5,5118.0,2772.0
2024-03-11 08:10:00,5118.0,5118.25,5113.5,5114.5,3592.0
2024-03-11 08:15:00,5114.5,5114.5,5109.25,5111.75,2551.0
2024-03-11 08:20:00,5112.0,5119.75,5111.75,5119.0,2074.0
2024-03-11 08:25:00,5119.25,5121.75,5118.75,5120.5,3110.0
2024-03-11 08:30:00,5120.5,5122.0,5117.75,5120.25,2694.0
2024-03-11 08:35:00,5120.25,5124.0,5120.0,5123.5,2904.0
2024-03-11 08:40:00,5123.75,5124.25,5120.5,5121.0,2195.0
2024-03-11 08:45:00,5121.0,5121.75,5112.5,5112.75,4794.0
2024-03-11 08:50:00,5112.75,5113.5,5106.5,5113.0,4054.0
2024-03-11 08:55:00,5113.0,5116.75,5112.0,5116.25,3830.0
2024-03-11 09:00:00,5116.25,5120.25,5115.25,5119.0,3408.0
2024-03-11 09:05:00,5119.25,5122.5,5119.0,5121.5,2712.0
2024-03-11 09:10:00,5121.5,5122.0,5119.25,5121.25,3037.0
2024-03-11 09:15:00,5121.5,5122.0,5119.25,5120.5,5308.0
2024-03-11 09:20:00,5120.5,5124.25,5120.25,5123.0,3850.0
2024-03-11 09:25:00,5122.75,5124.0,5121.75,5123.5,2731.0
2024-03-11 09:30:00,5123.5,5123.5,5120.5,5120.5,1389.0
2024-03-11 09:35:00,5120.5,5121.0,5117.75,5118.25,1869.0
2024-03-11 09:40:00,5118.0,5119.75,5118.0,5118.25,760.0
2024-03-11 09:45:00,5118.25,5120.5,5118.25,5120.5,704.0
2024-03-11 09:50:00,5120.75,5121.5,5119.75,5120.0,404.0
2024-03-11 09:55:00,5120.0,5120.75,5118.75,5120.5,497.0
2024-03-11 10:00:00,5120.5,5121.75,5119.75,5120.0,606.0
2024-03-11 10:05:00,5120.0,5121.5,5120.0,5121.0,396.0
2024-03-11 10:10:00,5120.75,5122.0,5119.75,5120.75,388.0
2024-03-11 10:15:00,5120.75,5121.0,5119.25,5120.25,258.0
2024-03-11 10:20:00,5120.25,5120.5,5116.25,5116.25,898.0
2024-03-11 10:25:00,5116.5,5116.75,5113.75,5115.0,1084.0
2024-03-11 10:30:00,5114.75,5116.0,5114.75,5116.0,558.0
2024-03-11 10:35:00,5115.75,5121.5,5115.75,5120.75,1476.0
2024-03-11 10:40:00,5121.0,5124.25,5121.0,5123.25,1101.0
2024-03-11 10:45:00,5123.0,5126.0,5122.0,5126.0,997.0
2024-03-11 10:50:00,5126.0,5126.25,5124.5,5125.25,955.0
2024-03-11 10:55:00,5125.5,5125.5,5123.25,5123.75,421.0
2024-03-11 11:00:00,5123.75,5124.75,5121.0,5124.5,808.0
2024-03-11 11:05:00,5124.5,5125.25,5119.0,5121.5,1008.0
2024-03-11 11:10:00,5121.5,5123.75,5120.5,5123.25,574.0
2024-03-11 11:15:00,5123.25,5123.5,5122.0,5122.5,433.0
2024-03-11 11:20:00,5122.25,5122.75,5120.0,5120.0,617.0
2024-03-11 11:25:00,5120.25,5121.5,5119.0,5121.0,816.0
2024-03-11 11:30:00,5120.75,5120.75,5118.25,5118.5,802.0
2024-03-11 11:35:00,5118.25,5119.25,5118.0,5118.75,711.0
2024-03-11 11:40:00,5119.0,5119.25,5118.0,5118.75,998.0
2024-03-11 11:45:00,5118.75,5119.0,5116.25,5116.25,783.0
2024-03-11 11:50:00,5116.0,5116.25,5112.75,5114.75,1891.0
2024-03-11 11:55:00,5114.5,5116.0,5112.75,5115.75,1243.0
2024-03-11 12:00:00,5115.75,5116.25,5110.5,5110.5,1438.0
2024-03-11 12:05:00,5110.5,5111.75,5108.75,5110.25,2592.0
2024-03-11 12:10:00,5110.25,5110.75,5102.75,5104.25,4054.0
2024-03-11 12:15:00,5104.0,5105.75,5103.25,5105.75,2370.0
2024-03-11 12:20:00,5105.75,5108.5,5104.0,5106.5,2279.0
2024-03-11 12:25:00,5106.5,5108.0,5105.0,5106.25,1381.0
2024-03-11 12:30:00,5106.25,5109.75,5105.75,5107.5,1415.0
2024-03-11 12:35:00,5107.5,5109.0,5104.75,5107.0,1389.0
2024-03-11 12:40:00,5106.75,5108.75,5106.0,5106.5,1253.0
2024-03-11 12:45:00,5106.5,5106.5,5103.0,5105.0,1485.0
2024-03-11 12:50:00,5105.0,5108.75,5103.5,5108.75,1380.0
2024-03-11 12:55:00,5108.75,5108.75,5106.75,5108.0,838.0
2024-03-11 13:00:00,5108.25,5111.0,5107.5,5110.0,1763.0
2024-03-11 13:05:00,5110.0,5113.0,5108.0,5112.75,2236.0
2024-03-11 13:10:00,5112.5,5115.25,5111.0,5114.5,2073.0
2024-03-11 13:15:00,5114.25,5115.5,5113.75,5115.25,1894.0
2024-03-11 13:20:00,5115.25,5116.75,5114.0,5114.75,2130.0
2024-03-11 13:25:00,5115.0,5115.75,5110.25,5113.75,4256.0
2024-03-11 13:30:00,5113.5,5119.0,5111.5,5112.25,25480.0
2024-03-11 13:35:00,5112.5,5118.75,5111.0,5118.25,21099.0
2024-03-11 13:40:00,5118.25,5118.5,5114.0,5114.75,15375.0
2024-03-11 13:45:00,5115.0,5118.5,5111.25,5111.5,12776.0
2024-03-11 13:50:00,5111.5,5116.25,5108.75,5110.0,13036.0
2024-03-11 13:55:00,5110.25,5110.75,5105.5,5107.0,12554.0
2024-03-11 14:00:00,5106.75,5106.75,5099.5,5102.0,17424.0
2024-03-11 14:05:00,5101.75,5102.0,5095.5,5100.0,12189.0
2024-03-11 14:10:00,5100.0,5101.5,5094.75,5095.75,10058.0
2024-03-11 14:15:00,5095.75,5102.5,5095.25,5102.0,11479.0
2024-03-11 14:20:00,5102.0,5105.0,5096.25,5096.75,10404.0
2024-03-11 14:25:00,5096.75,5100.25,5096.5,5097.0,6958.0
2024-03-11 14:30:00,5097.0,5109.25,5097.0,5107.25,10033.0
2024-03-11 14:35:00,5107.5,5109.0,5101.0,5102.5,7212.0
2024-03-11 14:40:00,5102.25,5106.25,5099.0,5104.0,8372.0
2024-03-11 14:45:00,5104.25,5106.25,5101.0,5106.0,5764.0
2024-03-11 14:50:00,5106.0,5111.25,5104.75,5110.75,7343.0
2024-03-11 14:55:00,5110.5,5117.0,5110.5,5115.0,9073.0
2024-03-11 15:00:00,5115.0,5117.5,5113.25,5115.0,8281.0
2024-03-11 15:05:00,5115.0,5118.5,5112.75,5113.5,8212.0
2024-03-11 15:10:00,5113.5,5114.75,5105.5,5107.0,10630.0
2024-03-11 15:15:00,5107.0,5110.75,5106.25,5109.75,7089.0
2024-03-11 15:20:00,5110.0,5111.0,5105.75,5108.75,5366.0
2024-03-11 15:25:00,5109.0,5110.5,5105.0,5106.0,7158.0
2024-03-11 15:30:00,5105.75,5107.0,5101.75,5105.5,5626.0
2024-03-11 15:35:00,5105.25,5109.75,5102.75,5108.25,4145.0
2024-03-11 15:40:00,5108.25,5109.25,5104.5,5108.5,4309.0
2024-03-11 15:45:00,5108.5,5114.5,5108.5,5114.0,5169.0
2024-03-11 15:50:00,5114.0,5116.5,5112.5,5113.5,9743.0
2024-03-11 15:55:00,5113.75,5116.5,5112.75,5116.25,3959.0
2024-03-11 16:00:00,5116.0,5118.75,5113.25,5113.75,6154.0
2024-03-11 16:05:00,5113.75,5115.25,5110.75,5113.75,6114.0
2024-03-11 16:10:00,5114.0,5114.5,5109.5,5114.0,4504.0
2024-03-11 16:15:00,5114.0,5117.25,5112.75,5117.0,3658.0
2024-03-11 16:20:00,5117.0,5118.25,5115.25,5118.25,3263.0
2024-03-11 16:25:00,5118.25,5118.5,5114.0,5115.5,3798.0
2024-03-11 16:30:00,5115.25,5118.25,5114.0,5115.75,3657.0
2024-03-11 16:35:00,5116.0,5119.25,5116.0,5117.25,3942.0
2024-03-11 16:40:00,5117.0,5121.25,5115.0,5120.0,4638.0
2024-03-11 16:45:00,5120.0,5120.25,5116.75,5119.25,4173.0
2024-03-11 16:50:00,5119.5,5121.0,5117.0,5120.25,4096.0
2024-03-11 16:55:00,5120.25,5121.5,5119.75,5120.25,3531.0
2024-03-11 17:00:00,5120.25,5121.75,5117.5,5117.75,5101.0
2024-03-11 17:05:00,5117.75,5120.5,5115.0,5117.0,4069.0
2024-03-11 17:10:00,5117.25,5118.0,5111.75,5113.0,5407.0
2024-03-11 17:15:00,5113.25,5116.0,5112.25,5114.75,3507.0
2024-03-11 17:20:00,5114.5,5122.25,5114.25,5121.0,4885.0
2024-03-11 17:25:00,5121.0,5123.25,5119.25,5122.75,3701.0
2024-03-11 17:30:00,5122.75,5126.25,5120.75,5122.25,5374.0
2024-03-11 17:35:00,5122.0,5122.5,5118.5,5119.75,3698.0
2024-03-11 17:40:00,5119.5,5120.0,5114.25,5115.75,4853.0
2024-03-11 17:45:00,5115.5,5117.0,5113.0,5114.0,3481.0
2024-03-11 17:50:00,5113.75,5117.75,5113.75,5116.25,3274.0
2024-03-11 17:55:00,5116.5,5120.0,5115.75,5119.75,3035.0
2024-03-11 18:00:00,5119.5,5121.75,5117.75,5121.25,3494.0
2024-03-11 18:05:00,5121.0,5122.0,5120.0,5121.0,3259.0
2024-03-11 18:10:00,5121.25,5122.0,5117.25,5117.75,2586.0
2024-03-11 18:15:00,5117.75,5122.5,5116.75,5119.75,3449.0
2024-03-11 18:20:00,5119.5,5122.0,5118.0,5120.75,3279.0
2024-03-11 18:25:00,5120.75,5122.5,5119.0,5122.25,3162.0
2024-03-11 18:30:00,5122.25,5123.75,5119.75,5121.0,4730.0
2024-03-11 18:35:00,5120.75,5121.5,5118.25,5119.75,4702.0
2024-03-11 18:40:00,5119.5,5124.5,5119.0,5124.0,3701.0
2024-03-11 18:45:00,5124.0,5126.0,5123.0,5125.25,3463.0
2024-03-11 18:50:00,5125.25,5129.0,5124.75,5125.5,4687.0
2024-03-11 18:55:00,5125.5,5126.5,5123.75,5124.75,2374.0
2024-03-11 19:00:00,5124.5,5126.25,5122.25,5123.75,4042.0
2024-03-11 19:05:00,5123.75,5125.75,5123.5,5125.25,2690.0
2024-03-11 19:10:00,5125.25,5125.5,5121.5,5122.25,2700.0
2024-03-11 19:15:00,5122.0,5122.25,5119.0,5120.5,3435.0
2024-03-11 19:20:00,5120.25,5123.25,5118.75,5122.25,4094.0
2024-03-11 19:25:00,5122.0,5122.5,5118.25,5119.5,3441.0
2024-03-11 19:30:00,5119.25,5123.0,5117.75,5120.25,3976.0
2024-03-11 19:35:00,5120.25,5122.0,5116.75,5118.25,3609.0
2024-03-11 19:40:00,5118.0,5125.0,5117.0,5124.5,5716.0
2024-03-11 19:45:00,5124.25,5125.75,5119.75,5120.25,6004.0
2024-03-11 19:50:00,5120.0,5120.75,5115.25,5116.5,7426.0
2024-03-11 19:55:00,5116.75,5123.0,5115.5,5122.0,9109.0
2024-03-11 20:00:00,5122.25,5125.0,5121.0,5122.75,21597.0
2024-03-11 20:05:00,5122.75,5125.0,5121.5,5124.25,2768.0
2024-03-11 20:10:00,5124.25,5126.0,5124.0,5124.25,1368.0
2024-03-11 20:15:00,5124.0,5125.5,5123.5,5125.25,1128.0
2024-03-11 20:20:00,5125.25,5126.5,5125.0,5125.5,681.0
2024-03-11 20:25:00,5125.5,5126.0,5124.5,5124.75,420.0
2024-03-11 20:30:00,5124.75,5129.0,5124.5,5127.25,1619.0
2024-03-11 20:35:00,5127.5,5128.5,5127.25,5127.75,571.0
2024-03-11 20:40:00,5127.75,5128.25,5126.5,5128.0,744.0
2024-03-11 20:45:00,5127.75,5128.5,5127.0,5127.5,846.0
2024-03-11 20:50:00,5127.25,5127.75,5127.0,5127.0,306.0
2024-03-11 20:55:00,5127.25,5128.5,5127.0,5128.5,289.0
2024-03-11 21:00:00,5128.25,5128.75,5127.5,5128.25,214.0
2024-03-11 22:00:00,5129.0,5134.0,5128.75,5130.25,840.0
2024-03-11 22:05:00,5130.25,5133.0,5129.25,5132.5,1328.0
2024-03-11 22:10:00,5132.75,5135.0,5132.5,5134.5,363.0
2024-03-11 22:15:00,5134.75,5136.75,5133.75,5135.25,337.0
2024-03-11 22:20:00,5135.0,5135.5,5133.75,5134.0,118.0
2024-03-11 22:25:00,5134.25,5135.0,5133.5,5134.75,160.0
2024-03-11 22:30:00,5134.5,5134.5,5133.75,5134.5,78.0
2024-03-11 22:35:00,5134.25,5134.25,5133.25,5133.75,88.0
2024-03-11 22:40:00,5133.75,5135.5,5133.75,5135.5,193.0
2024-03-11 22:45:00,5135.75,5135.75,5135.25,5135.25,78.0
2024-03-11 22:50:00,5135.0,5135.25,5134.0,5134.25,98.0
2024-03-11 22:55:00,5134.25,5134.75,5134.0,5134.0,40.0
2024-03-11 23:00:00,5134.25,5134.5,5133.25,5133.75,227.0
2024-03-11 23:05:00,5134.0,5134.5,5133.5,5134.0,124.0
2024-03-11 23:10:00,5133.5,5134.0,5133.0,5133.5,88.0
2024-03-11 23:15:00,5133.75,5135.5,5133.75,5135.25,109.0
2024-03-11 23:20:00,5135.5,5135.5,5134.25,5134.5,118.0
2024-03-11 23:25:00,5134.5,5135.0,5134.25,5134.75,76.0
2024-03-11 23:30:00,5134.75,5134.75,5134.5,5134.75,66.0
2024-03-11 23:35:00,5134.5,5134.5,5134.0,5134.0,86.0
2024-03-11 23:40:00,5134.25,5134.75,5134.25,5134.5,95.0
2024-03-11 23:45:00,5134.5,5135.5,5134.5,5135.0,67.0
2024-03-11 23:50:00,5135.0,5136.0,5135.0,5136.0,181.0
2024-03-11 23:55:00,5135.75,5137.0,5135.75,5136.75,247.0
2024-03-12 00:00:00,5136.5,5137.0,5134.5,5134.75,583.0
2024-03-12 00:05:00,5134.5,5135.25,5134.25,5134.25,155.0
2024-03-12 00:10:00,5134.5,5135.0,5134.5,5135.0,141.0
2024-03-12 00:15:00,5135.0,5136.0,5134.5,5135.75,283.0
2024-03-12 00:20:00,5135.5,5136.5,5135.5,5136.5,156.0
2024-03-12 00:25:00,5136.5,5138.5,5136.25,5138.25,515.0
2024-03-12 00:30:00,5138.0,5138.0,5137.0,5137.5,395.0
2024-03-12 00:35:00,5137.75,5139.25,5136.25,5136.25,560.0
2024-03-12 00:40:00,5136.25,5137.0,5135.75,5135.75,438.0
2024-03-12 00:45:00,5135.75,5135.75,5134.75,5135.75,386.0
2024-03-12 00:50:00,5136.0,5136.25,5135.0,5135.25,158.0
2024-03-12 00:55:00,5135.5,5135.75,5134.25,5134.5,381.0
2024-03-12 01:00:00,5134.25,5135.0,5134.0,5134.75,294.0
2024-03-12 01:05:00,5135.0,5135.5,5134.5,5135.25,301.0
2024-03-12 01:10:00,5135.25,5135.25,5133.75,5134.25,413.0
2024-03-12 01:15:00,5134.5,5134.75,5134.0,5134.5,85.0
2024-03-12 01:20:00,5134.5,5135.5,5134.25,5134.75,172.0
2024-03-12 01:25:00,5135.0,5135.5,5134.75,5135.5,221.0
2024-03-12 01:30:00,5135.5,5135.75,5133.5,5134.25,332.0
2024-03-12 01:35:00,5134.25,5135.5,5134.0,5135.25,189.0
2024-03-12 01:40:00,5135.25,5135.5,5134.75,5135.5,165.0
2024-03-12 01:45:00,5135.75,5137.25,5135.75,5137.0,279.0
2024-03-12 01:50:00,5137.0,5137.5,5136.25,5137.0,218.0
2024-03-12 01:55:00,5137.0,5137.25,5135.5,5135.75,256.0
2024-03-12 02:00:00,5135.75,5136.0,5135.5,5135.5,157.0
2024-03-12 02:05:00,5135.25,5135.75,5135.25,5135.5,147.0
2024-03-12 02:10:00,5135.25,5135.5,5134.5,5135.5,217.0
2024-03-12 02:15:00,5135.5,5135.5,5134.75,5135.25,182.0
2024-03-12 02:20:00,5135.5,5136.5,5135.25,5136.0,164.0
2024-03-12 02:25:00,5136.25,5136.75,5136.25,5136.75,169.0
2024-03-12 02:30:00,5136.75,5137.25,5136.5,5136.5,104.0
2024-03-12 02:35:00,5136.75,5137.25,5136.5,5136.5,89.0
2024-03-12 02:40:00,5136.5,5136.5,5135.75,5136.25,159.0
2024-03-12 02:45:00,5136.25,5137.25,5136.25,5136.75,134.0
2024-03-12 02:50:00,5136.75,5136.75,5136.25,5136.75,117.0
2024-03-12 02:55:00,5136.75,5137.0,5136.5,5137.0,46.0
2024-03-12 03:00:00,5136.75,5137.25,5136.5,5137.25,104.0
2024-03-12 03:05:00,5137.25,5138.0,5137.0,5137.5,126.0
2024-03-12 03:10:00,5137.5,5138.0,5137.25,5137.5,117.0
2024-03-12 03:15:00,5137.5,5138.0,5137.25,5138.0,136.0
2024-03-12 03:20:00,5137.75,5138.25,5137.5,5137.5,90.0
2024-03-12 03:25:00,5137.5,5137.75,5137.25,5137.5,93.0
2024-03-12 03:30:00,5137.25,5138.25,5137.0,5138.0,187.0
2024-03-12 03:35:00,5137.75,5138.75,5137.5,5138.25,147.0
2024-03-12 03:40:00,5138.25,5138.5,5137.75,5138.0,86.0
2024-03-12 03:45:00,5138.0,5138.0,5137.5,5137.75,116.0
2024-03-12 03:50:00,5137.75,5138.5,5137.75,5138.0,57.0
2024-03-12 03:55:00,5138.25,5138.25,5137.5,5137.75,147.0
2024-03-12 04:00:00,5138.0,5138.25,5137.75,5137.75,108.0
2024-03-12 04:05:00,5138.0,5138.0,5137.5,5137.5,174.0
2024-03-12 04:10:00,5137.5,5137.75,5137.25,5137.25,112.0
2024-03-12 04:15:00,5137.25,5138.0,5137.25,5137.75,84.0
2024-03-12 04:20:00,5137.75,5138.0,5137.5,5137.5,68.0
2024-03-12 04:25:00,5137.75,5138.25,5137.5,5137.75,104.0
2024-03-12 04:30:00,5138.0,5138.25,5137.75,5138.25,106.0
2024-03-12 04:35:00,5138.25,5138.75,5138.25,5138.75,55.0
2024-03-12 04:40:00,5138.75,5139.25,5138.75,5139.0,159.0
2024-03-12 04:45:00,5139.0,5139.5,5139.0,5139.25,125.0
2024-03-12 04:50:00,5139.25,5140.0,5139.0,5140.0,134.0
2024-03-12 04:55:00,5140.0,5141.25,5140.0,5140.5,257.0
2024-03-12 05:00:00,5140.75,5141.5,5140.5,5140.5,222.0
2024-03-12 05:05:00,5140.75,5142.25,5140.5,5142.25,212.0
2024-03-12 05:10:00,5142.0,5143.0,5141.75,5142.0,200.0
2024-03-12 05:15:00,5142.0,5143.0,5141.75,5142.25,129.0
2024-03-12 05:20:00,5142.25,5143.0,5142.0,5142.5,58.0
2024-03-12 05:25:00,5142.5,5142.75,5142.25,5142.5,115.0
2024-03-12 05:30:00,5142.5,5143.75,5142.25,5143.5,354.0
2024-03-12 05:35:00,5143.25,5144.0,5143.25,5143.5,268.0
2024-03-12 05:40:00,5143.5,5144.0,5142.75,5143.25,334.0
2024-03-12 05:45:00,5143.25,5144.0,5143.25,5143.5,119.0
2024-03-12 05:50:00,5143.5,5145.25,5143.25,5145.0,290.0
2024-03-12 05:55:00,5145.0,5145.5,5144.5,5145.0,234.0
2024-03-12 06:00:00,5145.0,5145.25,5143.75,5143.75,197.0
2024-03-12 06:05:00,5143.5,5143.75,5143.0,5143.25,401.0
2024-03-12 06:10:00,5143.25,5143.25,5141.75,5141.75,290.0
2024-03-12 06:15:00,5142.0,5142.25,5140.25,5140.75,296.0
2024-03-12 06:20:00,5141.0,5141.5,5140.75,5140.75,132.0
2024-03-12 06:25:00,5140.75,5142.25,5140.75,5141.5,94.0
2024-03-12 06:30:00,5141.25,5142.0,5141.25,5141.75,92.0
2024-03-12 06:35:00,5142.0,5142.75,5141.75,5142.25,223.0
2024-03-12 06:40:00,5142.25,5142.75,5142.25,5142.75,90.0
2024-03-12 06:45:00,5142.75,5143.5,5142.25,5142.75,188.0
2024-03-12 06:50:00,5142.5,5142.5,5141.5,5141.75,217.0
2024-03-12 06:55:00,5141.5,5141.5,5140.0,5141.0,378.0
2024-03-12 07:00:00,5141.25,5142.75,5141.0,5142.5,576.0
2024-03-12 07:05:00,5142.5,5143.75,5142.0,5143.0,209.0
2024-03-12 07:10:00,5143.0,5144.0,5142.25,5143.75,252.0
2024-03-12 07:15:00,5144.0,5144.0,5143.25,5143.5,140.0
2024-03-12 07:20:00,5143.5,5143.5,5142.5,5143.0,209.0
2024-03-12 07:25:00,5143.25,5143.5,5142.25,5143.0,243.0
2024-03-12 07:30:00,5143.5,5143.5,5142.5,5143.25,202.0
2024-03-12 07:35:00,5143.5,5143.5,5142.75,5143.25,153.0
2024-03-12 07:40:00,5143.25,5143.25,5142.25,5142.5,181.0
2024-03-12 07:45:00,5142.75,5142.75,5141.5,5142.75,486.0
2024-03-12 07:50:00,5142.5,5143.5,5142.0,5143.0,155.0
2024-03-12 07:55:00,5143.0,5144.5,5142.5,5144.5,411.0
2024-03-12 08:00:00,5144.5,5144.75,5141.75,5144.5,1201.0
2024-03-12 08:05:00,5144.5,5146.25,5141.0,5141.5,1220.0
2024-03-12 08:10:00,5141.25,5141.75,5138.0,5138.25,671.0
2024-03-12 08:15:00,5138.5,5139.75,5137.5,5137.75,617.0
2024-03-12 08:20:00,5137.75,5139.25,5137.5,5137.75,595.0
2024-03-12 08:25:00,5137.75,5138.25,5136.25,5136.25,630.0
2024-03-12 08:30:00,5136.25,5136.25,5131.25,5135.0,1712.0
2024-03-12 08:35:00,5135.0,5136.5,5134.75,5136.0,460.0
2024-03-12 08:40:00,5136.0,5137.25,5135.0,5137.25,318.0
2024-03-12 08:45:00,5137.0,5137.0,5134.0,5134.5,307.0
2024-03-12 08:50:00,5134.75,5135.25,5133.5,5135.0,332.0
2024-03-12 08:55:00,5135.0,5135.5,5132.25,5133.5,618.0
2024-03-12 09:00:00,5133.75,5134.75,5132.25,5133.25,514.0
2024-03-12 09:05:00,5133.5,5134.25,5132.5,5132.5,351.0
2024-03-12 09:10:00,5133.0,5133.5,5131.75,5132.5,334.0
2024-03-12 09:15:00,5132.75,5133.5,5131.5,5132.25,306.0
2024-03-12 09:20:00,5132.25,5134.0,5132.25,5133.75,254.0
2024-03-12 09:25:00,5133.75,5135.5,5133.75,5135.25,359.0
2024-03-12 09:30:00,5135.0,5136.5,5134.75,5136.25,169.0
2024-03-12 09:35:00,5136.0,5136.5,5135.25,5136.0,248.0
2024-03-12 09:40:00,5135.75,5136.5,5134.75,5134.75,152.0
2024-03-12 09:45:00,5135.0,5135.5,5133.75,5135.25,489.0
2024-03-12 09:50:00,5135.0,5135.25,5134.5,5134.5,179.0
2024-03-12 09:55:00,5134.5,5134.5,5131.75,5131.75,466.0
2024-03-12 10:00:00,5131.75,5133.5,5131.0,5133.5,603.0
2024-03-12 10:05:00,5133.75,5135.0,5133.5,5133.75,498.0
2024-03-12 10:10:00,5134.0,5134.5,5133.0,5133.25,204.0
2024-03-12 10:15:00,5133.5,5134.25,5132.75,5134.25,351.0
2024-03-12 10:20:00,5134.25,5136.25,5134.25,5135.5,520.0
2024-03-12 10:25:00,5135.5,5136.75,5135.25,5135.75,295.0
2024-03-12 10:30:00,5135.75,5136.0,5134.75,5135.25,320.0
2024-03-12 10:35:00,5135.25,5135.5,5134.5,5135.5,219.0
2024-03-12 10:40:00,5135.75,5138.75,5135.75,5136.5,534.0
2024-03-12 10:45:00,5136.25,5137.5,5135.5,5136.25,501.0
2024-03-12 10:50:00,5136.25,5136.5,5135.0,5136.25,256.0
2024-03-12 10:55:00,5136.5,5137.5,5136.25,5136.75,289.0
2024-03-12 11:00:00,5137.0,5137.0,5134.25,5134.75,451.0
2024-03-12 11:05:00,5134.75,5135.25,5133.0,5133.0,323.0
2024-03-12 11:10:00,5132.75,5133.5,5131.0,5133.0,676.0
2024-03-12 11:15:00,5133.0,5134.0,5131.5,5132.5,442.0
2024-03-12 11:20:00,5132.5,5132.5,5131.25,5131.75,450.0
2024-03-12 11:25:00,5132.0,5134.75,5132.0,5134.0,580.0
2024-03-12 11:30:00,5134.0,5135.75,5133.75,5134.5,509.0
2024-03-12 11:35:00,5134.75,5136.0,5134.75,5135.75,607.0
2024-03-12 11:40:00,5135.75,5136.0,5135.0,5135.75,438.0
2024-03-12 11:45:00,5135.75,5136.25,5133.5,5133.5,633.0
2024-03-12 11:50:00,5133.25,5135.0,5133.25,5134.25,431.0
2024-03-12 11:55:00,5134.25,5134.25,5133.0,5133.5,506.0
2024-03-12 12:00:00,5133.5,5134.5,5132.75,5134.5,719.0
2024-03-12 12:05:00,5134.25,5135.75,5133.5,5135.25,933.0
2024-03-12 12:10:00,5135.0,5135.25,5134.0,5134.5,610.0
2024-03-12 12:15:00,5134.5,5138.0,5134.0,5137.5,966.0
2024-03-12 12:20:00,5137.5,5137.75,5135.0,5136.25,1804.0
2024-03-12 12:25:00,5136.5,5136.75,5134.75,5135.5,887.0
2024-03-12 12:30:00,5135.0,5144.5,5112.75,5143.0,13757.0
2024-03-12 12:35:00,5143.0,5153.5,5139.0,5148.5,11941.0
2024-03-12 12:40:00,5148.25,5155.75,5146.25,5152.75,7699.0
2024-03-12 12:45:00,5153.0,5158.25,5152.5,5152.5,5232.0
2024-03-12 12:50:00,5152.5,5155.25,5148.5,5149.5,3783.0
2024-03-12 12:55:00,5149.5,5149.75,5141.0,5146.5,6588.0
2024-03-12 13:00:00,5146.75,5146.75,5142.0,5142.5,2565.0
2024-03-12 13:05:00,5142.5,5143.25,5139.25,5142.75,3747.0
2024-03-12 13:10:00,5143.0,5143.75,5133.5,5137.25,5792.0
2024-03-12 13:15:00,5137.0,5140.0,5135.5,5137.75,2647.0
2024-03-12 13:20:00,5137.75,5140.25,5134.25,5138.5,2747.0
2024-03-12 13:25:00,5138.25,5144.25,5137.75,5141.75,3551.0
2024-03-12 13:30:00,5142.0,5147.5,5141.25,5144.0,10880.0
2024-03-12 13:35:00,5143.75,5144.25,5125.25,5127.0,11915.0
2024-03-12 13:40:00,5127.0,5129.75,5123.25,5125.5,9104.0
2024-03-12 13:45:00,5125.5,5126.0,5117.75,5118.75,10932.0
2024-03-12 13:50:00,5118.75,5129.25,5118.25,5128.0,8547.0
2024-03-12 13:55:00,5128.25,5141.5,5127.75,5141.25,9744.0
2024-03-12 14:00:00,5141.5,5145.25,5139.25,5139.5,7661.0
2024-03-12 14:05:00,5139.75,5148.25,5139.0,5148.25,6316.0
2024-03-12 14:10:00,5148.25,5149.0,5143.75,5144.25,5475.0
2024-03-12 14:15:00,5144.25,5148.75,5143.25,5146.0,5181.0
2024-03-12 14:20:00,5146.0,5154.0,5145.25,5153.75,5356.0
2024-03-12 14:25:00,5153.5,5159.25,5152.5,5158.75,8071.0
2024-03-12 14:30:00,5158.75,5164.75,5158.25,5161.25,10051.0
2024-03-12 14:35:00,5161.25,5166.5,5161.25,5166.5,4798.0
2024-03-12 14:40:00,5166.75,5167.25,5163.5,5165.5,5135.0
2024-03-12 14:45:00,5165.75,5170.75,5164.0,5170.0,6116.0
2024-03-12 14:50:00,5170.0,5174.5,5169.75,5173.0,8247.0
2024-03-12 14:55:00,5173.0,5173.75,5166.75,5167.0,6483.0
2024-03-12 15:00:00,5167.25,5170.5,5165.0,5168.25,6256.0
2024-03-12 15:05:00,5168.25,5170.5,5163.5,5170.5,5290.0
2024-03-12 15:10:00,5170.25,5173.25,5169.25,5172.0,3271.0
2024-03-12 15:15:00,5172.0,5175.0,5170.5,5173.0,2683.0
2024-03-12 15:20:00,5173.25,5173.75,5169.75,5172.5,5150.0
2024-03-12 15:25:00,5172.5,5173.25,5170.0,5171.25,4161.0
2024-03-12 15:30:00,5171.25,5171.75,5167.5,5169.5,3566.0
2024-03-12 15:35:00,5169.75,5172.5,5168.25,5171.5,3679.0
2024-03-12 15:40:00,5171.75,5172.5,5163.5,5167.0,5249.0
2024-03-12 15:45:00,5166.75,5168.0,5161.0,5163.75,4458.0
2024-03-12 15:50:00,5164.0,5169.5,5163.25,5169.25,2824.0
2024-03-12 15:55:00,5169.0,5170.0,5167.0,5167.25,2142.0
2024-03-12 16:00:00,5167.5,5169.0,5161.5,5163.0,2451.0
2024-03-12 16:05:00,5163.25,5166.5,5161.0,5165.0,2347.0
2024-03-12 16:10:00,5165.0,5166.75,5162.25,5165.75,1761.0
2024-03-12 16:15:00,5166.0,5166.75,5161.75,5162.25,1409.0
2024-03-12 16:20:00,5162.5,5164.25,5160.25,5160.75,2986.0
2024-03-12 16:25:00,5161.0,5161.0,5158.5,5160.0,3168.0
2024-03-12 16:30:00,5160.0,5160.75,5158.25,5159.0,2597.0
2024-03-12 16:35:00,5159.0,5161.25,5152.5,5155.75,4639.0
2024-03-12 16:40:00,5156.0,5156.0,5151.25,5151.75,2451.0
2024-03-12 16:45:00,5151.5,5152.5,5144.75,5148.25,7573.0
2024-03-12 16:50:00,5148.25,5154.0,5147.25,5151.75,4179.0
2024-03-12 16:55:00,5151.75,5154.25,5149.25,5152.5,2890.0
2024-03-12 17:00:00,5152.5,5156.0,5146.25,5149.5,3606.0
2024-03-12 17:05:00,5149.25,5151.5,5146.0,5146.25,2863.0
2024-03-12 17:10:00,5146.5,5152.25,5145.0,5151.25,2559.0
2024-03-12 17:15:00,5151.25,5158.0,5150.5,5157.25,2645.0
2024-03-12 17:20:00,5157.0,5163.5,5157.0,5161.5,3559.0
2024-03-12 17:25:00,5161.5,5163.5,5158.0,5159.75,2105.0
2024-03-12 17:30:00,5159.75,5161.0,5156.75,5160.5,1473.0
2024-03-12 17:35:00,5160.5,5163.25,5159.25,5163.25,1130.0
2024-03-12 17:40:00,5163.0,5164.0,5161.5,5163.0,1427.0
2024-03-12 17:45:00,5163.0,5165.0,5162.0,5165.0,1545.0
2024-03-12 17:50:00,5164.75,5165.0,5162.25,5162.25,1035.0
2024-03-12 17:55:00,5162.25,5167.25,5161.25,5166.25,1914.0
2024-03-12 18:00:00,5166.0,5167.25,5164.25,5167.0,1841.0
2024-03-12 18:05:00,5167.25,5169.0,5166.0,5167.25,2328.0
2024-03-12 18:10:00,5167.0,5172.0,5167.0,5168.75,2706.0
2024-03-12 18:15:00,5168.75,5169.75,5166.5,5168.0,1678.0
2024-03-12 18:20:00,5168.25,5172.5,5167.5,5171.0,1851.0
2024-03-12 18:25:00,5171.0,5172.0,5170.0,5171.75,1559.0
2024-03-12 18:30:00,5171.75,5177.5,5171.75,5176.0,4242.0
2024-03-12 18:35:00,5176.25,5177.5,5172.25,5173.0,2337.0
2024-03-12 18:40:00,5173.0,5174.75,5165.25,5165.5,4752.0
2024-03-12 18:45:00,5165.5,5173.5,5165.25,5173.0,4774.0
2024-03-12 18:50:00,5173.25,5178.25,5172.75,5177.25,3308.0
2024-03-12 18:55:00,5177.25,5181.5,5175.25,5178.75,4103.0
2024-03-12 19:00:00,5178.75,5179.0,5174.25,5177.75,4676.0
2024-03-12 19:05:00,5177.75,5178.5,5175.75,5177.25,1914.0
2024-03-12 19:10:00,5177.25,5179.5,5176.75,5178.0,1685.0
2024-03-12 19:15:00,5178.25,5178.75,5173.25,5174.5,2508.0
2024-03-12 19:20:00,5174.5,5180.0,5174.5,5179.25,3049.0
2024-03-12 19:25:00,5179.25,5181.25,5178.5,5179.5,4446.0
2024-03-12 19:30:00,5179.5,5181.0,5176.0,5177.25,3733.0
2024-03-12 19:35:00,5177.25,5179.25,5174.75,5177.25,3265.0
2024-03-12 19:40:00,5177.5,5180.0,5176.0,5178.0,2800.0
2024-03-12 19:45:00,5178.0,5178.25,5175.25,5177.75,3039.0
2024-03-12 19:50:00,5177.75,5181.0,5174.5,5181.0,4222.0
2024-03-12 19:55:00,5180.75,5183.0,5178.5,5179.5,9874.0
2024-03-12 20:00:00,5179.75,5179.75,5175.75,5177.75,16586.0
2024-03-12 20:05:00,5177.5,5178.75,5176.25,5178.0,2873.0
2024-03-12 20:10:00,5178.0,5180.5,5178.0,5180.0,1469.0
2024-03-12 20:15:00,5180.25,5180.5,5177.5,5178.0,1801.0
2024-03-12 20:20:00,5178.25,5178.25,5177.0,5178.25,629.0
2024-03-12 20:25:00,5178.0,5179.75,5178.0,5179.5,351.0
2024-03-12 20:30:00,5179.5,5179.5,5179.0,5179.25,277.0
2024-03-12 20:35:00,5179.25,5179.5,5178.75,5179.25,667.0
2024-03-12 20:40:00,5179.25,5179.5,5178.75,5178.75,256.0
2024-03-12 20:45:00,5179.0,5179.25,5178.75,5179.25,406.0
2024-03-12 20:50:00,5178.75,5179.25,5178.25,5178.5,481.0
2024-03-12 20:55:00,5178.75,5178.75,5177.0,5177.25,301.0
2024-03-12 21:00:00,5177.0,5177.25,5174.75,5175.0,320.0
2024-03-12 22:00:00,5176.0,5176.25,5174.5,5175.25,331.0
2024-03-12 22:05:00,5175.25,5175.25,5174.25,5174.75,305.0
2024-03-12 22:10:00,5174.75,5176.75,5174.75,5176.75,88.0
2024-03-12 22:15:00,5176.75,5178.0,5176.75,5177.75,79.0
2024-03-12 22:20:00,5178.0,5178.5,5177.75,5178.25,85.0
2024-03-12 22:25:00,5178.5,5179.25,5178.25,5178.5,106.0
2024-03-12 22:30:00,5178.5,5179.5,5178.5,5179.5,31.0
2024-03-12 22:35:00,5179.5,5179.75,5179.0,5179.25,31.0
2024-03-12 22:40:00,5179.25,5179.25,5177.75,5178.75,76.0
2024-03-12 22:45:00,5178.5,5179.25,5178.5,5179.0,17.0
2024-03-12 22:50:00,5179.0,5179.75,5179.0,5179.5,39.0
2024-03-12 22:55:00,5179.25,5179.25,5178.5,5178.5,76.0
2024-03-12 23:00:00,5178.25,5178.5,5177.25,5178.0,69.0
2024-03-12 23:05:00,5178.0,5179.0,5178.0,5178.75,69.0
2024-03-12 23:10:00,5178.75,5178.75,5178.5,5178.5,23.0
2024-03-12 23:15:00,5178.75,5179.75,5178.75,5179.5,56.0
2024-03-12 23:20:00,5179.5,5181.25,5179.5,5181.25,227.0
2024-03-12 23:25:00,5181.25,5181.25,5180.5,5180.75,80.0
2024-03-12 23:30:00,5180.5,5181.0,5179.75,5180.5,259.0
2024-03-12 23:35:00,5180.5,5180.75,5179.5,5180.0,253.0
2024-03-12 23:40:00,5179.75,5179.75,5179.25,5179.5,75.0
2024-03-12 23:45:00,5179.25,5179.5,5179.0,5179.0,54.0
2024-03-12 23:50:00,5179.0,5179.25,5178.5,5178.5,29.0
2024-03-12 23:55:00,5178.75,5179.5,5178.75,5179.5,83.0
2024-03-13 00:00:00,5179.5,5179.5,5178.5,5178.5,151.0
2024-03-13 00:05:00,5178.5,5179.25,5178.5,5178.5,103.0
2024-03-13 00:10:00,5178.25,5178.25,5178.0,5178.25,71.0
2024-03-13 00:15:00,5178.0,5179.25,5178.0,5179.0,124.0
2024-03-13 00:20:00,5179.0,5180.25,5178.75,5180.0,155.0
2024-03-13 00:25:00,5180.25,5180.25,5179.25,5179.75,68.0
2024-03-13 00:30:00,5179.5,5179.5,5178.5,5178.75,65.0
2024-03-13 00:35:00,5178.75,5178.75,5178.0,5178.0,51.0
2024-03-13 00:40:00,5178.0,5178.25,5175.25,5175.5,292.0
2024-03-13 00:45:00,5175.5,5177.25,5175.5,5176.75,201.0
2024-03-13 00:50:00,5176.75,5176.75,5175.75,5176.5,854.0
2024-03-13 00:55:00,5176.5,5176.5,5175.5,5175.75,681.0
2024-03-13 01:00:00,5175.75,5176.5,5175.0,5175.5,583.0
2024-03-13 01:05:00,5175.5,5175.75,5175.25,5175.25,250.0
2024-03-13 01:10:00,5175.25,5175.75,5175.0,5175.75,165.0
2024-03-13 01:15:00,5175.75,5175.75,5175.0,5175.0,123.0
2024-03-13 01:20:00,5175.25,5175.5,5174.5,5175.0,171.0
2024-03-13 01:25:00,5175.25,5175.75,5175.25,5175.5,71.0
2024-03-13 01:30:00,5175.5,5176.0,5175.5,5175.5,134.0
2024-03-13 01:35:00,5175.5,5175.5,5174.5,5175.25,333.0
2024-03-13 01:40:00,5175.25,5175.5,5174.75,5175.0,85.0
2024-03-13 01:45:00,5174.75,5175.0,5174.5,5175.0,110.0
2024-03-13 01:50:00,5174.75,5175.25,5174.5,5174.75,177.0
2024-03-13 01:55:00,5175.0,5175.25,5174.5,5175.25,52.0
2024-03-13 02:00:00,5175.0,5175.75,5175.0,5175.0,166.0
2024-03-13 02:05:00,5175.0,5175.5,5175.0,5175.0,24.0
2024-03-13 02:10:00,5175.25,5176.25,5175.0,5175.75,116.0
2024-03-13 02:15:00,5175.75,5176.0,5175.75,5175.75,43.0
2024-03-13 02:20:00,5175.5,5176.25,5175.0,5176.25,114.0
2024-03-13 02:25:00,5176.0,5176.0,5174.75,5175.25,97.0
2024-03-13 02:30:00,5175.0,5175.0,5174.25,5174.5,82.0
2024-03-13 02:35:00,5174.5,5174.5,5173.5,5173.75,103.0
2024-03-13 02:40:00,5173.5,5174.25,5173.0,5174.0,155.0
2024-03-13 02:45:00,5174.25,5174.25,5172.5,5173.0,114.0
2024-03-13 02:50:00,5173.0,5173.75,5172.75,5173.75,69.0
2024-03-13 02:55:00,5173.75,5174.25,5173.25,5173.25,71.0
2024-03-13 03:00:00,5173.25,5173.25,5172.5,5172.5,154.0
2024-03-13 03:05:00,5172.75,5172.75,5172.0,5172.25,87.0
2024-03-13 03:10:00,5172.25,5172.5,5172.0,5172.25,77.0
2024-03-13 03:15:00,5172.0,5172.25,5171.0,5172.25,102.0
2024-03-13 03:20:00,5172.0,5173.25,5172.0,5173.0,53.0
2024-03-13 03:25:00,5173.0,5173.25,5172.75,5173.25,84.0
2024-03-13 03:30:00,5173.25,5174.5,5173.25,5173.75,173.0
2024-03-13 03:35:00,5173.75,5173.75,5173.25,5173.5,81.0
2024-03-13 03:40:00,5173.25,5173.5,5172.5,5172.75,72.0
2024-03-13 03:45:00,5172.75,5174.5,5172.75,5174.5,75.0
2024-03-13 03:50:00,5174.25,5174.5,5173.5,5174.25,113.0
2024-03-13 03:55:00,5174.25,5174.75,5174.25,5174.25,56.0
2024-03-13 04:00:00,5174.5,5175.25,5174.25,5174.75,69.0
2024-03-13 04:05:00,5174.75,5175.5,5174.75,5175.5,78.0
2024-03-13 04:10:00,5175.5,5176.5,5175.25,5176.5,228.0
2024-03-13 04:15:00,5176.5,5176.75,5175.0,5175.25,120.0
2024-03-13 04:20:00,5175.0,5175.5,5175.0,5175.5,67.0
2024-03-13 04:25:00,5175.25,5175.5,5175.0,5175.5,43.0
2024-03-13 04:30:00,5175.5,5175.75,5175.25,5175.5,59.0
2024-03-13 04:35:00,5175.25,5175.75,5175.25,5175.5,63.0
2024-03-13 04:40:00,5175.5,5175.75,5175.5,5175.75,17.0
2024-03-13 04:45:00,5175.75,5176.5,5175.75,5176.25,62.0
2024-03-13 04:50:00,5176.25,5176.75,5176.25,5176.75,45.0
2024-03-13 04:55:00,5176.75,5177.25,5176.5,5176.75,76.0
2024-03-13 05:00:00,5176.75,5177.5,5176.5,5177.25,65.0
2024-03-13 05:05:00,5177.0,5178.25,5176.75,5178.0,239.0
2024-03-13 05:10:00,5177.75,5178.0,5177.0,5177.5,133.0
2024-03-13 05:15:00,5177.5,5177.5,5176.5,5176.75,173.0
2024-03-13 05:20:00,5177.0,5178.0,5177.0,5177.75,74.0
2024-03-13 05:25:00,5177.75,5179.0,5177.75,5179.0,197.0
2024-03-13 05:30:00,5178.75,5178.75,5178.0,5178.25,98.0
2024-03-13 05:35:00,5178.25,5179.5,5178.25,5179.5,144.0
2024-03-13 05:40:00,5179.5,5179.5,5178.0,5178.5,124.0
2024-03-13 05:45:00,5178.5,5179.0,5178.5,5179.0,120.0
2024-03-13 05:50:00,5179.0,5179.5,5179.0,5179.25,69.0
2024-03-13 05:55:00,5179.25,5181.0,5179.25,5180.0,247.0
2024-03-13 06:00:00,5179.75,5179.75,5178.25,5178.5,199.0
2024-03-13 06:05:00,5178.5,5179.0,5178.5,5178.5,459.0
2024-03-13 06:10:00,5178.5,5179.0,5178.25,5178.75,136.0
2024-03-13 06:15:00,5178.5,5179.0,5177.75,5178.25,73.0
2024-03-13 06:20:00,5178.0,5178.5,5177.5,5178.0,108.0
2024-03-13 06:25:00,5178.0,5178.0,5177.0,5177.25,67.0
2024-03-13 06:30:00,5177.25,5177.5,5176.75,5177.25,127.0
2024-03-13 06:35:00,5177.5,5178.25,5177.5,5178.25,146.0
2024-03-13 06:40:00,5178.5,5178.75,5178.0,5178.25,80.0
2024-03-13 06:45:00,5178.0,5178.25,5177.5,5177.75,79.0
2024-03-13 06:50:00,5177.5,5177.75,5177.25,5177.75,81.0
2024-03-13 06:55:00,5178.0,5178.75,5177.75,5178.25,93.0
2024-03-13 07:00:00,5178.25,5182.0,5178.25,5182.0,586.0
2024-03-13 07:05:00,5182.0,5182.5,5180.25,5181.5,253.0
2024-03-13 07:10:00,5181.5,5182.5,5181.0,5182.0,125.0
2024-03-13 07:15:00,5182.0,5183.25,5180.25,5182.0,399.0
2024-03-13 07:20:00,5182.0,5183.75,5182.0,5183.25,386.0
2024-03-13 07:25:00,5183.0,5183.25,5182.25,5183.0,138.0
2024-03-13 07:30:00,5183.0,5183.0,5181.0,5181.0,231.0
2024-03-13 07:35:00,5181.25,5182.5,5181.0,5181.75,91.0
2024-03-13 07:40:00,5181.5,5181.5,5180.25,5180.75,215.0
2024-03-13 07:45:00,5180.75,5181.0,5180.5,5180.75,184.0
2024-03-13 07:50:00,5181.0,5181.25,5180.75,5181.25,161.0
2024-03-13 07:55:00,5181.5,5181.75,5180.5,5180.75,227.0
2024-03-13 08:00:00,5180.75,5182.75,5180.5,5180.5,865.0
2024-03-13 08:05:00,5180.5,5180.5,5178.75,5179.75,392.0
2024-03-13 08:10:00,5179.75,5180.5,5178.5,5179.0,324.0
2024-03-13 08:15:00,5179.0,5179.5,5178.25,5179.5,224.0
2024-03-13 08:20:00,5179.5,5181.0,5179.25,5179.75,369.0
2024-03-13 08:25:00,5179.5,5179.5,5176.25,5176.25,477.0
2024-03-13 08:30:00,5176.25,5177.0,5173.25,5176.5,497.0
2024-03-13 08:35:00,5176.25,5176.75,5175.0,5175.75,186.0
2024-03-13 08:40:00,5175.5,5176.5,5174.75,5175.0,300.0
2024-03-13 08:45:00,5175.25,5175.5,5174.0,5174.25,286.0
2024-03-13 08:50:00,5174.5,5175.0,5173.0,5175.0,330.0
2024-03-13 08:55:00,5174.75,5177.25,5174.75,5176.75,272.0
2024-03-13 09:00:00,5176.75,5177.5,5174.25,5174.5,381.0
2024-03-13 09:05:00,5174.75,5176.0,5174.75,5175.0,188.0
2024-03-13 09:10:00,5175.0,5178.0,5174.75,5178.0,406.0
2024-03-13 09:15:00,5177.75,5178.5,5173.5,5176.25,749.0
2024-03-13 09:20:00,5176.25,5176.5,5175.0,5175.75,247.0
2024-03-13 09:25:00,5176.25,5178.0,5175.25,5177.75,276.0
2024-03-13 09:30:00,5177.5,5178.0,5175.75,5175.75,204.0
2024-03-13 09:35:00,5175.75,5177.5,5175.0,5177.25,232.0
2024-03-13 09:40:00,5177.0,5178.0,5176.5,5178.0,504.0
2024-03-13 09:45:00,5178.0,5178.0,5176.0,5176.25,180.0
2024-03-13 09:50:00,5176.25,5177.25,5175.5,5175.75,172.0
2024-03-13 09:55:00,5175.75,5176.75,5175.5,5176.75,273.0
2024-03-13 10:00:00,5176.75,5178.75,5176.5,5177.5,435.0
2024-03-13 10:05:00,5177.25,5177.75,5175.75,5175.75,211.0
2024-03-13 10:10:00,5175.75,5177.5,5175.25,5176.75,543.0
2024-03-13 10:15:00,5176.75,5176.75,5175.75,5176.5,193.0
2024-03-13 10:20:00,5176.5,5178.0,5176.5,5177.75,282.0
2024-03-13 10:25:00,5177.75,5178.5,5177.75,5178.0,177.0
2024-03-13 10:30:00,5178.25,5178.5,5177.0,5177.25,127.0
2024-03-13 10:35:00,5177.25,5178.5,5177.25,5178.0,186.0
2024-03-13 10:40:00,5178.25,5178.75,5177.75,5178.75,130.0
2024-03-13 10:45:00,5179.0,5180.75,5179.0,5180.75,361.0
2024-03-13 10:50:00,5180.75,5181.0,5179.5,5179.75,177.0
2024-03-13 10:55:00,5179.75,5181.0,5179.5,5180.75,239.0
2024-03-13 11:00:00,5180.75,5181.0,5179.75,5180.75,236.0
2024-03-13 11:05:00,5180.75,5181.25,5179.5,5181.0,389.0
2024-03-13 11:10:00,5181.0,5181.25,5180.25,5180.25,731.0
2024-03-13 11:15:00,5180.5,5180.75,5179.75,5180.25,487.0
2024-03-13 11:20:00,5180.25,5181.75,5180.0,5181.0,450.0
2024-03-13 11:25:00,5181.0,5181.75,5180.5,5181.75,244.0
2024-03-13 11:30:00,5181.75,5182.25,5181.0,5182.0,278.0
2024-03-13 11:35:00,5182.25,5182.75,5181.75,5182.0,262.0
2024-03-13 11:40:00,5182.0,5182.5,5181.0,5182.0,143.0
2024-03-13 11:45:00,5182.25,5183.0,5182.0,5182.5,121.0
2024-03-13 11:50:00,5182.5,5183.0,5180.5,5180.75,229.0
2024-03-13 11:55:00,5180.75,5181.0,5178.75,5178.75,304.0
2024-03-13 12:00:00,5179.0,5179.5,5178.25,5178.25,362.0
2024-03-13 12:05:00,5178.0,5178.5,5177.0,5177.75,609.0
2024-03-13 12:10:00,5177.5,5178.0,5176.25,5178.0,368.0
2024-03-13 12:15:00,5178.0,5179.5,5175.5,5176.25,1006.0
2024-03-13 12:20:00,5176.0,5176.5,5175.25,5175.5,559.0
2024-03-13 12:25:00,5175.5,5175.75,5174.25,5174.25,693.0
2024-03-13 12:30:00,5174.5,5174.5,5173.0,5173.25,2149.0
2024-03-13 12:35:00,5173.0,5173.75,5172.25,5173.5,1645.0
2024-03-13 12:40:00,5173.5,5175.25,5172.75,5175.25,709.0
2024-03-13 12:45:00,5175.25,5176.0,5174.25,5175.0,698.0
2024-03-13 12:50:00,5175.25,5175.75,5174.25,5175.0,663.0
2024-03-13 12:55:00,5174.75,5176.25,5174.25,5176.25,315.0
2024-03-13 13:00:00,5176.0,5176.5,5175.25,5176.25,579.0
2024-03-13 13:05:00,5176.5,5177.25,5175.75,5176.75,409.0
2024-03-13 13:10:00,5177.0,5178.75,5176.75,5178.0,735.0
2024-03-13 13:15:00,5177.75,5178.75,5177.5,5178.5,328.0
2024-03-13 13:20:00,5178.5,5178.75,5177.75,5178.25,236.0
2024-03-13 13:25:00,5178.25,5179.75,5178.0,5179.25,1009.0
2024-03-13 13:30:00,5179.5,5180.5,5175.0,5176.25,4856.0
2024-03-13 13:35:00,5176.25,5176.5,5172.5,5174.25,4203.0
2024-03-13 13:40:00,5174.5,5174.75,5170.0,5170.75,5258.0
2024-03-13 13:45:00,5170.5,5171.75,5167.75,5170.0,7053.0
2024-03-13 13:50:00,5170.0,5171.0,5168.25,5170.0,3124.0
2024-03-13 13:55:00,5169.75,5172.0,5168.75,5169.25,3539.0
2024-03-13 14:00:00,5169.25,5170.0,5165.0,5167.0,4692.0
2024-03-13 14:05:00,5166.75,5171.25,5166.75,5169.5,4823.0
2024-03-13 14:10:00,5169.25,5174.0,5169.25,5173.75,2395.0
2024-03-13 14:15:00,5173.5,5174.0,5169.0,5172.0,2280.0
2024-03-13 14:20:00,5171.75,5173.5,5170.0,5172.5,1510.0
2024-03-13 14:25:00,5172.5,5174.0,5171.25,5172.75,1566.0
2024-03-13 14:30:00,5173.0,5175.0,5172.25,5174.5,1626.0
2024-03-13 14:35:00,5174.5,5175.0,5170.0,5173.0,2082.0
2024-03-13 14:40:00,5173.0,5175.5,5170.75,5174.5,1984.0
2024-03-13 14:45:00,5174.75,5176.25,5170.75,5170.75,2198.0
2024-03-13 14:50:00,5170.75,5172.0,5168.25,5169.0,2375.0
2024-03-13 14:55:00,5169.0,5170.25,5166.75,5169.0,2989.0
2024-03-13 15:00:00,5169.0,5172.0,5168.75,5170.5,1581.0
2024-03-13 15:05:00,5170.5,5174.25,5170.5,5171.25,1513.0
2024-03-13 15:10:00,5171.5,5175.0,5171.5,5173.5,1988.0
2024-03-13 15:15:00,5173.5,5175.25,5172.0,5175.0,1452.0
2024-03-13 15:20:00,5175.0,5175.5,5173.25,5173.5,1496.0
2024-03-13 15:25:00,5173.5,5174.0,5169.5,5169.75,1798.0
2024-03-13 15:30:00,5169.75,5171.5,5167.25,5169.75,2334.0
2024-03-13 15:35:00,5169.75,5172.5,5168.75,5171.5,1162.0
2024-03-13 15:40:00,5171.5,5172.0,5166.5,5168.25,1724.0
2024-03-13 15:45:00,5168.0,5170.0,5167.25,5168.25,1579.0
2024-03-13 15:50:00,5168.5,5171.0,5167.5,5170.75,1170.0
2024-03-13 15:55:00,5170.75,5173.0,5170.25,5172.25,1621.0
2024-03-13 16:00:00,5172.25,5173.25,5170.5,5172.5,1606.0
2024-03-13 16:05:00,5172.5,5173.5,5170.25,5171.25,1428.0
2024-03-13 16:10:00,5171.0,5173.5,5170.0,5171.75,1704.0
2024-03-13 16:15:00,5171.5,5173.75,5171.0,5172.5,970.0
2024-03-13 16:20:00,5172.5,5174.0,5172.25,5173.0,1189.0
2024-03-13 16:25:00,5173.0,5174.5,5171.0,5171.5,1133.0
2024-03-13 16:30:00,5171.5,5173.0,5169.0,5169.75,1345.0
2024-03-13 16:35:00,5169.75,5172.0,5169.25,5171.25,956.0
2024-03-13 16:40:00,5171.25,5174.75,5171.25,5174.0,1239.0
2024-03-13 16:45:00,5174.0,5175.0,5172.75,5174.5,1361.0
2024-03-13 16:50:00,5174.5,5175.0,5172.75,5173.0,1291.0
2024-03-13 16:55:00,5172.75,5174.5,5172.25,5173.0,1070.0
2024-03-13 17:00:00,5173.25,5178.0,5172.25,5176.0,3905.0
2024-03-13 17:05:00,5175.75,5180.75,5174.75,5179.5,3247.0
2024-03-13 17:10:00,5179.75,5180.5,5178.0,5178.25,1317.0
2024-03-13 17:15:00,5178.5,5179.25,5174.75,5175.25,1500.0
2024-03-13 17:20:00,5175.0,5178.25,5174.75,5177.75,1057.0
2024-03-13 17:25:00,5177.75,5180.25,5177.25,5180.0,1131.0
2024-03-13 17:30:00,5180.0,5181.25,5177.25,5177.75,2273.0
2024-03-13 17:35:00,5177.75,5179.75,5175.5,5178.25,1476.0
2024-03-13 17:40:00,5178.25,5179.0,5175.75,5176.0,1121.0
2024-03-13 17:45:00,5175.75,5178.25,5175.25,5177.5,955.0
2024-03-13 17:50:00,5177.0,5179.5,5175.0,5179.5,1252.0
2024-03-13 17:55:00,5179.5,5181.5,5179.0,5180.75,1390.0
2024-03-13 18:00:00,5180.5,5180.5,5177.5,5178.25,1106.0
2024-03-13 18:05:00,5178.25,5179.5,5177.25,5177.5,1023.0
2024-03-13 18:10:00,5177.5,5178.75,5175.5,5178.75,1097.0
2024-03-13 18:15:00,5178.5,5178.75,5176.25,5177.75,941.0
2024-03-13 18:20:00,5178.0,5178.25,5176.25,5177.75,841.0
2024-03-13 18:25:00,5177.75,5178.75,5176.75,5177.0,723.0
2024-03-13 18:30:00,5177.0,5178.75,5176.25,5178.25,720.0
2024-03-13 18:35:00,5178.5,5178.5,5176.5,5177.5,817.0
2024-03-13 18:40:00,5177.25,5178.75,5175.75,5176.25,980.0
2024-03-13 18:45:00,5176.25,5177.5,5174.75,5175.0,1080.0
2024-03-13 18:50:00,5175.0,5177.75,5174.75,5176.75,1395.0
2024-03-13 18:55:00,5176.75,5177.0,5173.25,5174.0,1281.0
2024-03-13 19:00:00,5173.75,5175.25,5172.5,5173.75,2350.0
2024-03-13 19:05:00,5173.75,5174.5,5171.0,5172.5,1749.0
2024-03-13 19:10:00,5172.25,5173.5,5170.0,5172.0,1517.0
2024-03-13 19:15:00,5172.0,5175.25,5171.0,5174.5,1628.0
2024-03-13 19:20:00,5174.5,5175.5,5172.5,5173.0,1110.0
2024-03-13 19:25:00,5173.0,5173.25,5156.0,5157.0,5492.0
2024-03-13 19:30:00,5157.0,5167.0,5153.0,5163.5,12002.0
2024-03-13 19:35:00,5164.0,5166.0,5162.75,5164.75,2431.0
2024-03-13 19:40:00,5164.75,5168.75,5164.0,5168.25,1576.0
2024-03-13 19:45:00,5168.5,5171.75,5165.5,5170.5,4323.0
2024-03-13 19:50:00,5170.75,5171.5,5163.75,5165.5,2569.0
2024-03-13 19:55:00,5165.5,5170.0,5164.25,5169.0,4544.0
2024-03-13 20:00:00,5169.25,5170.0,5166.5,5168.5,11056.0
2024-03-13 20:05:00,5168.5,5170.75,5167.75,5169.5,1738.0
2024-03-13 20:10:00,5169.5,5171.25,5169.25,5171.0,643.0
2024-03-13 20:15:00,5171.0,5171.75,5170.5,5171.25,536.0
2024-03-13 20:20:00,5171.25,5171.25,5170.75,5171.0,246.0
2024-03-13 20:25:00,5171.0,5172.25,5171.0,5172.25,132.0
2024-03-13 20:30:00,5172.25,5172.5,5172.0,5172.5,79.0
2024-03-13 20:35:00,5172.5,5172.75,5172.0,5172.5,48.0
2024-03-13 20:40:00,5172.25,5172.5,5171.75,5172.0,65.0
2024-03-13 20:45:00,5172.25,5172.75,5172.25,5172.5,85.0
2024-03-13 20:50:00,5172.75,5173.5,5172.75,5173.5,170.0
2024-03-13 20:55:00,5173.5,5174.0,5172.75,5173.0,138.0
2024-03-13 21:00:00,5172.75,5173.0,5172.25,5172.5,45.0
2024-03-13 22:00:00,5171.5,5173.25,5171.0,5171.75,55.0
2024-03-13 22:05:00,5172.0,5173.25,5171.75,5173.0,41.0
2024-03-13 22:10:00,5173.25,5173.25,5171.5,5171.75,60.0
2024-03-13 22:15:00,5171.75,5172.0,5171.0,5171.5,34.0
2024-03-13 22:20:00,5171.75,5172.0,5170.75,5170.75,39.0
2024-03-13 22:25:00,5170.5,5171.25,5170.5,5171.25,86.0
2024-03-13 22:30:00,5171.5,5171.5,5170.75,5170.75,55.0
2024-03-13 22:35:00,5170.75,5170.75,5170.25,5170.5,69.0
2024-03-13 22:40:00,5170.5,5171.0,5170.25,5170.25,21.0
2024-03-13 22:45:00,5170.75,5171.5,5170.75,5171.5,26.0
2024-03-13 22:50:00,5171.5,5172.0,5171.0,5171.25,9.0
2024-03-13 22:55:00,5170.75,5171.25,5170.5,5171.25,17.0
2024-03-13 23:00:00,5171.25,5171.25,5171.0,5171.25,26.0
2024-03-13 23:05:00,5171.25,5173.0,5171.25,5173.0,46.0
2024-03-13 23:10:00,5173.0,5173.0,5171.75,5171.75,38.0
2024-03-13 23:15:00,5171.75,5171.75,5171.25,5171.75,38.0
2024-03-13 23:20:00,5172.25,5172.25,5172.0,5172.25,20.0
2024-03-13 23:25:00,5172.5,5173.0,5172.0,5173.0,58.0
2024-03-13 23:30:00,5173.0,5174.0,5173.0,5174.0,70.0
2024-03-13 23:35:00,5174.5,5174.5,5174.0,5174.25,40.0
2024-03-13 23:40:00,5174.5,5174.5,5173.5,5173.75,42.0
2024-03-13 23:45:00,5173.75,5174.0,5173.75,5173.75,29.0
2024-03-13 23:50:00,5174.0,5174.5,5173.75,5174.0,116.0
2024-03-13 23:55:00,5174.0,5174.0,5173.75,5174.0,32.0
2024-03-14 00:00:00,5174.0,5174.0,5172.5,5172.5,113.0
2024-03-14 00:05:00,5172.25,5173.0,5172.25,5172.75,24.0
2024-03-14 00:10:00,5172.75,5172.75,5172.25,5172.25,32.0
2024-03-14 00:15:00,5172.25,5172.25,5171.5,5171.75,55.0
2024-03-14 00:20:00,5171.75,5172.0,5170.75,5171.0,86.0
2024-03-14 00:25:00,5171.0,5171.0,5170.0,5170.75,86.0
2024-03-14 00:30:00,5170.5,5171.0,5170.25,5171.0,40.0
2024-03-14 00:35:00,5171.25,5172.5,5171.25,5171.75,50.0
2024-03-14 00:40:00,5171.75,5171.75,5171.0,5171.0,31.0
2024-03-14 00:45:00,5171.0,5171.75,5171.0,5171.5,29.0
2024-03-14 00:50:00,5171.5,5173.0,5171.5,5172.25,44.0
2024-03-14 00:55:00,5172.5,5172.75,5172.5,5172.75,20.0
2024-03-14 01:00:00,5172.5,5173.0,5172.25,5172.75,34.0
2024-03-14 01:05:00,5173.0,5173.75,5173.0,5173.5,22.0
2024-03-14 01:10:00,5173.5,5173.5,5171.75,5171.75,15.0
2024-03-14 01:15:00,5171.75,5172.75,5171.75,5172.5,53.0
2024-03-14 01:20:00,5172.75,5173.25,5172.5,5173.0,46.0
2024-03-14 01:25:00,5173.25,5173.25,5172.75,5173.25,38.0
2024-03-14 01:30:00,5173.0,5173.25,5172.75,5173.0,26.0
2024-03-14 01:35:00,5172.75,5174.5,5172.75,5174.5,64.0
2024-03-14 01:40:00,5174.5,5175.0,5174.25,5174.75,74.0
2024-03-14 01:45:00,5174.75,5175.25,5174.5,5174.75,120.0
2024-03-14 01:50:00,5174.25,5174.5,5174.25,5174.5,33.0
2024-03-14 01:55:00,5174.25,5175.0,5174.25,5174.75,45.0
2024-03-14 02:00:00,5174.75,5175.0,5174.0,5174.25,45.0
2024-03-14 02:05:00,5174.25,5174.25,5173.5,5173.5,39.0
2024-03-14 02:10:00,5173.25,5173.5,5173.25,5173.25,19.0
2024-03-14 02:15:00,5173.5,5174.25,5173.5,5174.0,50.0
2024-03-14 02:20:00,5173.75,5173.75,5173.25,5173.5,22.0
2024-03-14 02:25:00,5173.75,5174.25,5173.75,5174.0,12.0
2024-03-14 02:30:00,5173.75,5174.25,5173.75,5174.0,30.0
2024-03-14 02:35:00,5174.0,5174.5,5173.75,5174.5,121.0
2024-03-14 02:40:00,5174.25,5175.0,5174.25,5174.75,68.0
2024-03-14 02:45:00,5174.5,5174.75,5174.25,5174.25,51.0
2024-03-14 02:50:00,5174.25,5174.25,5173.75,5173.75,17.0
2024-03-14 02:55:00,5173.5,5173.5,5173.25,5173.25,22.0
2024-03-14 03:00:00,5173.25,5173.25,5172.0,5172.0,53.0
2024-03-14 03:05:00,5172.25,5173.25,5172.25,5172.5,70.0
2024-03-14 03:10:00,5172.75,5173.25,5172.75,5173.0,21.0
2024-03-14 03:15:00,5173.0,5173.0,5172.25,5172.5,20.0
2024-03-14 03:20:00,5172.25,5172.5,5172.25,5172.25,12.0
2024-03-14 03:25:00,5172.25,5172.5,5172.25,5172.25,11.0
2024-03-14 03:30:00,5172.5,5172.5,5171.75,5172.25,35.0
2024-03-14 03:35:00,5172.0,5172.25,5172.0,5172.25,17.0
2024-03-14 03:40:00,5171.75,5172.0,5171.75,5172.0,16.0
2024-03-14 03:45:00,5172.0,5172.25,5171.5,5172.25,99.0
2024-03-14 03:50:00,5172.25,5172.75,5172.25,5172.75,25.0
2024-03-14 03:55:00,5173.0,5173.25,5172.75,5173.25,22.0
2024-03-14 04:00:00,5173.25,5173.25,5172.75,5172.75,28.0
2024-03-14 04:05:00,5172.75,5173.0,5172.75,5172.75,72.0
2024-03-14 04:10:00,5172.5,5172.75,5172.25,5172.5,32.0
2024-03-14 04:15:00,5172.25,5172.25,5171.5,5172.0,21.0
2024-03-14 04:20:00,5172.0,5172.5,5172.0,5172.5,13.0
2024-03-14 04:25:00,5172.5,5172.75,5172.25,5172.75,9.0
2024-03-14 04:30:00,5172.5,5172.75,5172.5,5172.75,23.0
2024-03-14 04:35:00,5172.75,5173.0,5172.75,5173.0,26.0
2024-03-14 04:40:00,5173.25,5173.5,5173.0,5173.25,33.0
2024-03-14 04:45:00,5173.25,5173.25,5173.25,5173.25,19.0
2024-03-14 04:50:00,5173.75,5174.0,5173.75,5174.0,13.0
2024-03-14 04:55:00,5174.0,5174.5,5174.0,5174.5,52.0
2024-03-14 05:00:00,5174.5,5175.25,5174.25,5175.25,45.0
2024-03-14 05:05:00,5175.25,5175.25,5174.75,5175.0,27.0
2024-03-14 05:10:00,5175.0,5175.0,5174.25,5174.25,21.0
2024-03-14 05:15:00,5174.25,5174.5,5174.25,5174.25,8.0
2024-03-14 05:20:00,5174.25,5174.25,5173.25,5173.5,47.0
2024-03-14 05:25:00,5173.75,5174.25,5173.75,5174.25,15.0
2024-03-14 05:30:00,5174.5,5174.75,5174.5,5174.5,8.0
2024-03-14 05:35:00,5174.75,5176.0,5174.75,5175.5,100.0
2024-03-14 05:40:00,5175.0,5175.0,5174.5,5174.75,20.0
2024-03-14 05:45:00,5174.25,5174.75,5174.25,5174.75,24.0
2024-03-14 05:50:00,5174.75,5175.5,5174.75,5175.25,35.0
2024-03-14 05:55:00,5175.25,5175.25,5175.25,5175.25,31.0
2024-03-14 06:00:00,5175.5,5175.5,5174.5,5174.75,56.0
2024-03-14 06:05:00,5175.0,5175.5,5175.0,5175.5,12.0
2024-03-14 06:10:00,5175.0,5176.0,5175.0,5176.0,69.0
2024-03-14 06:15:00,5175.75,5176.0,5175.25,5176.0,143.0
2024-03-14 06:20:00,5176.25,5177.25,5176.25,5177.25,144.0
2024-03-14 06:25:00,5177.25,5177.25,5175.75,5176.0,110.0
2024-03-14 06:30:00,5176.0,5176.75,5175.75,5176.75,45.0
2024-03-14 06:35:00,5176.75,5176.75,5175.75,5176.0,39.0
2024-03-14 06:40:00,5176.5,5177.0,5176.5,5176.75,60.0
2024-03-14 06:45:00,5176.5,5176.75,5176.25,5176.5,32.0
2024-03-14 06:50:00,5176.75,5177.0,5176.0,5176.25,47.0
2024-03-14 06:55:00,5176.5,5177.75,5176.5,5177.25,80.0
2024-03-14 07:00:00,5177.5,5178.75,5176.0,5176.0,362.0
2024-03-14 07:05:00,5176.0,5177.5,5176.0,5177.25,99.0
2024-03-14 07:10:00,5177.5,5177.75,5176.5,5176.5,116.0
2024-03-14 07:15:00,5176.25,5176.75,5175.5,5176.75,100.0
2024-03-14 07:20:00,5176.75,5176.75,5175.75,5176.0,75.0
2024-03-14 07:25:00,5176.5,5177.0,5176.25,5177.0,75.0
2024-03-14 07:30:00,5177.25,5178.75,5177.0,5178.25,287.0
2024-03-14 07:35:00,5178.25,5178.75,5177.5,5178.0,138.0
2024-03-14 07:40:00,5177.75,5178.75,5177.5,5178.5,92.0
2024-03-14 07:45:00,5178.5,5179.0,5178.25,5178.75,97.0
2024-03-14 07:50:00,5178.75,5179.75,5178.5,5179.0,165.0
2024-03-14 07:55:00,5179.0,5180.25,5179.0,5180.0,295.0
2024-03-14 08:00:00,5180.25,5181.0,5179.75,5180.5,505.0
2024-03-14 08:05:00,5180.75,5182.25,5180.25,5182.25,464.0
2024-03-14 08:10:00,5182.0,5184.25,5182.0,5183.5,494.0
2024-03-14 08:15:00,5183.5,5184.75,5183.25,5184.5,175.0
2024-03-14 08:20:00,5184.5,5186.5,5184.5,5185.25,426.0
2024-03-14 08:25:00,5185.25,5186.25,5185.0,5185.75,185.0
2024-03-14 08:30:00,5185.75,5185.75,5183.25,5184.75,224.0
2024-03-14 08:35:00,5185.0,5185.75,5184.25,5184.75,240.0
2024-03-14 08:40:00,5185.0,5185.5,5183.25,5183.5,189.0
2024-03-14 08:45:00,5183.5,5184.5,5182.75,5184.0,262.0
2024-03-14 08:50:00,5184.0,5185.0,5184.0,5184.5,293.0
2024-03-14 08:55:00,5184.75,5186.25,5184.5,5185.75,255.0
2024-03-14 09:00:00,5185.75,5186.0,5184.5,5184.5,277.0
2024-03-14 09:05:00,5184.5,5185.5,5184.5,5185.25,228.0
2024-03-14 09:10:00,5185.25,5186.5,5184.75,5185.25,199.0
2024-03-14 09:15:00,5185.5,5186.0,5183.75,5184.25,151.0
2024-03-14 09:20:00,5184.25,5185.5,5184.25,5185.5,110.0
2024-03-14 09:25:00,5185.75,5186.75,5184.75,5185.0,179.0
2024-03-14 09:30:00,5185.0,5186.5,5184.75,5186.25,170.0
2024-03-14 09:35:00,5186.5,5186.75,5186.0,5186.75,122.0
2024-03-14 09:40:00,5186.5,5187.25,5186.5,5187.0,121.0
2024-03-14 09:45:00,5187.25,5187.25,5185.75,5186.0,195.0
2024-03-14 09:50:00,5185.75,5185.75,5184.5,5185.25,237.0
2024-03-14 09:55:00,5185.25,5186.0,5184.75,5186.0,120.0
2024-03-14 10:00:00,5186.25,5186.25,5185.25,5185.25,128.0
2024-03-14 10:05:00,5185.0,5186.0,5185.0,5186.0,144.0
2024-03-14 10:10:00,5186.25,5187.0,5185.25,5185.75,225.0
2024-03-14 10:15:00,5185.75,5186.75,5185.5,5186.5,110.0
2024-03-14 10:20:00,5186.5,5187.25,5185.75,5186.0,236.0
2024-03-14 10:25:00,5186.25,5186.5,5185.75,5186.25,169.0
2024-03-14 10:30:00,5186.25,5186.5,5185.5,5185.75,79.0
2024-03-14 10:35:00,5185.75,5186.5,5185.75,5185.75,205.0
2024-03-14 10:40:00,5185.5,5185.5,5184.25,5184.25,152.0
2024-03-14 10:45:00,5184.0,5184.5,5184.0,5184.0,100.0
2024-03-14 10:50:00,5183.75,5184.5,5183.5,5184.25,177.0
2024-03-14 10:55:00,5184.25,5186.0,5184.0,5185.75,374.0
2024-03-14 11:00:00,5185.5,5185.75,5184.25,5185.0,763.0
2024-03-14 11:05:00,5185.0,5186.25,5185.0,5186.0,175.0
2024-03-14 11:10:00,5186.0,5186.5,5185.75,5186.0,114.0
2024-03-14 11:15:00,5186.0,5188.5,5185.75,5188.25,233.0
2024-03-14 11:20:00,5188.25,5189.5,5188.0,5188.25,385.0
2024-03-14 11:25:00,5188.25,5188.25,5185.75,5186.25,380.0
2024-03-14 11:30:00,5186.5,5187.0,5185.0,5185.5,242.0
2024-03-14 11:35:00,5185.5,5185.75,5184.25,5185.25,341.0
2024-03-14 11:40:00,5185.25,5185.5,5184.75,5184.75,78.0
2024-03-14 11:45:00,5185.0,5185.0,5184.25,5184.25,76.0
2024-03-14 11:50:00,5184.25,5184.75,5184.0,5184.5,213.0
2024-03-14 11:55:00,5184.25,5184.75,5184.0,5184.5,137.0
2024-03-14 12:00:00,5184.5,5186.5,5184.5,5185.5,456.0
2024-03-14 12:05:00,5185.5,5185.5,5184.5,5184.75,294.0
2024-03-14 12:10:00,5185.0,5185.25,5184.25,5184.75,230.0
2024-03-14 12:15:00,5184.5,5186.0,5184.0,5185.5,438.0
2024-03-14 12:20:00,5185.25,5185.25,5184.0,5184.0,214.0
2024-03-14 12:25:00,5184.25,5185.75,5182.5,5185.5,653.0
2024-03-14 12:30:00,5185.5,5186.75,5175.0,5179.75,3533.0
2024-03-14 12:35:00,5179.5,5181.0,5177.25,5179.5,2016.0
2024-03-14 12:40:00,5180.0,5185.5,5180.0,5183.75,1970.0
2024-03-14 12:45:00,5183.5,5184.5,5179.5,5181.5,1729.0
2024-03-14 12:50:00,5181.5,5181.5,5175.75,5178.5,1475.0
2024-03-14 12:55:00,5178.5,5178.75,5176.75,5177.25,758.0
2024-03-14 13:00:00,5177.0,5181.75,5176.0,5179.0,942.0
2024-03-14 13:05:00,5179.0,5181.25,5174.25,5175.0,1441.0
2024-03-14 13:10:00,5175.25,5176.0,5173.5,5174.5,1073.0
2024-03-14 13:15:00,5175.0,5176.5,5174.5,5175.25,713.0
2024-03-14 13:20:00,5175.25,5176.0,5171.5,5172.5,865.0
2024-03-14 13:25:00,5172.5,5175.0,5172.25,5174.5,1551.0
2024-03-14 13:30:00,5174.75,5176.75,5170.0,5170.25,4370.0
2024-03-14 13:35:00,5170.25,5177.5,5169.75,5176.5,4082.0
2024-03-14 13:40:00,5176.0,5176.5,5172.25,5172.5,3485.0
2024-03-14 13:45:00,5172.5,5174.25,5157.25,5157.75,7895.0
2024-03-14 13:50:00,5157.5,5158.5,5146.25,5148.0,8431.0
2024-03-14 13:55:00,5147.75,5151.25,5146.0,5147.5,5315.0
2024-03-14 14:00:00,5147.5,5147.75,5139.25,5145.75,7289.0
2024-03-14 14:05:00,5145.5,5150.5,5145.0,5148.75,3406.0
2024-03-14 14:10:00,5148.75,5157.75,5147.5,5156.75,4390.0
2024-03-14 14:15:00,5156.75,5158.5,5152.75,5154.5,3589.0
2024-03-14 14:20:00,5154.5,5156.5,5150.25,5153.75,2611.0
2024-03-14 14:25:00,5154.0,5155.5,5151.0,5153.25,1606.0
2024-03-14 14:30:00,5153.25,5161.75,5152.75,5158.75,2564.0
2024-03-14 14:35:00,5159.25,5161.75,5156.25,5157.25,1259.0
2024-03-14 14:40:00,5157.0,5158.0,5151.5,5154.0,2187.0
2024-03-14 14:45:00,5154.0,5157.75,5151.5,5154.75,1608.0
2024-03-14 14:50:00,5154.75,5156.25,5151.0,5152.0,1905.0
2024-03-14 14:55:00,5152.25,5154.0,5146.75,5150.25,1804.0
2024-03-14 15:00:00,5150.0,5160.0,5149.0,5158.25,2357.0
2024-03-14 15:05:00,5158.0,5158.75,5152.0,5153.5,1902.0
2024-03-14 15:10:00,5153.75,5159.75,5152.25,5158.25,2301.0
2024-03-14 15:15:00,5158.25,5158.75,5153.5,5155.75,2602.0
2024-03-14 15:20:00,5155.75,5156.5,5147.25,5148.25,3338.0
2024-03-14 15:25:00,5148.0,5150.75,5146.25,5147.5,2648.0
2024-03-14 15:30:00,5147.25,5150.75,5146.25,5149.25,1481.0
2024-03-14 15:35:00,5149.25,5156.0,5148.5,5153.5,1527.0
2024-03-14 15:40:00,5153.5,5156.0,5150.75,5152.5,1168.0
2024-03-14 15:45:00,5152.5,5155.5,5150.75,5151.0,895.0
2024-03-14 15:50:00,5151.0,5154.25,5149.5,5153.75,886.0
2024-03-14 15:55:00,5154.0,5155.25,5152.25,5155.0,847.0
2024-03-14 16:00:00,5155.25,5157.5,5152.5,5152.75,1520.0
2024-03-14 16:05:00,5152.75,5153.75,5144.5,5145.5,1720.0
2024-03-14 16:10:00,5145.5,5148.0,5144.25,5145.25,1325.0
2024-03-14 16:15:00,5145.5,5147.75,5144.25,5147.5,995.0
2024-03-14 16:20:00,5147.5,5151.75,5145.25,5151.75,1286.0
2024-03-14 16:25:00,5151.75,5155.25,5151.5,5153.75,1818.0
2024-03-14 16:30:00,5153.5,5155.0,5150.75,5154.5,1471.0
2024-03-14 16:35:00,5154.75,5155.75,5152.0,5152.25,1001.0
2024-03-14 16:40:00,5152.5,5153.75,5150.25,5151.75,636.0
2024-03-14 16:45:00,5151.5,5152.5,5147.25,5149.25,801.0
2024-03-14 16:50:00,5149.25,5151.5,5147.5,5149.5,788.0
2024-03-14 16:55:00,5149.75,5150.0,5144.5,5145.75,1310.0
2024-03-14 17:00:00,5145.5,5145.75,5143.0,5144.75,1180.0
2024-03-14 17:05:00,5144.75,5145.25,5142.5,5144.0,1158.0
2024-03-14 17:10:00,5144.0,5146.75,5142.0,5144.25,848.0
2024-03-14 17:15:00,5144.25,5144.25,5137.0,5137.75,1166.0
2024-03-14 17:20:00,5138.0,5142.0,5136.0,5141.75,1212.0
2024-03-14 17:25:00,5142.0,5142.25,5138.75,5139.0,659.0
2024-03-14 17:30:00,5139.0,5139.0,5133.25,5135.0,1400.0
2024-03-14 17:35:00,5135.5,5142.5,5135.5,5142.5,1276.0
2024-03-14 17:40:00,5142.25,5142.75,5139.0,5140.75,1034.0
2024-03-14 17:45:00,5141.0,5143.75,5140.0,5142.5,761.0
2024-03-14 17:50:00,5142.75,5148.75,5142.5,5148.5,1564.0
2024-03-14 17:55:00,5148.5,5152.0,5148.25,5149.75,1127.0
2024-03-14 18:00:00,5150.0,5156.25,5149.75,5154.25,2080.0
2024-03-14 18:05:00,5154.25,5155.0,5152.75,5154.0,852.0
2024-03-14 18:10:00,5154.25,5158.0,5154.0,5156.25,1077.0
2024-03-14 18:15:00,5156.5,5157.5,5153.5,5154.75,668.0
2024-03-14 18:20:00,5154.75,5157.5,5152.0,5152.25,756.0
2024-03-14 18:25:00,5152.5,5155.25,5151.75,5153.5,719.0
2024-03-14 18:30:00,5153.75,5153.75,5148.0,5150.75,1386.0
2024-03-14 18:35:00,5150.75,5153.5,5148.0,5149.75,1193.0
2024-03-14 18:40:00,5149.5,5152.75,5148.0,5152.25,1368.0
2024-03-14 18:45:00,5152.5,5155.0,5152.5,5154.5,1146.0
2024-03-14 18:50:00,5154.5,5154.75,5148.0,5148.75,1321.0
2024-03-14 18:55:00,5148.75,5149.75,5144.25,5145.25,2314.0
2024-03-14 19:00:00,5145.5,5146.25,5139.0,5142.5,1600.0
2024-03-14 19:05:00,5142.25,5142.5,5134.0,5134.25,1577.0
2024-03-14 19:10:00,5134.0,5134.75,5130.5,5131.0,2625.0
2024-03-14 19:15:00,5131.25,5136.75,5130.75,5132.25,2802.0
2024-03-14 19:20:00,5132.5,5135.5,5131.5,5132.0,1418.0
2024-03-14 19:25:00,5132.0,5134.25,5128.0,5133.25,2322.0
2024-03-14 19:30:00,5133.25,5133.5,5127.5,5128.25,1884.0
2024-03-14 19:35:00,5128.25,5132.0,5124.25,5131.5,2032.0
2024-03-14 19:40:00,5131.5,5138.25,5131.0,5137.75,1875.0
2024-03-14 19:45:00,5137.5,5140.25,5133.75,5139.25,2731.0
2024-03-14 19:50:00,5139.25,5148.75,5138.75,5148.25,5140.0
2024-03-14 19:55:00,5148.25,5150.5,5146.0,5150.0,4081.0
2024-03-14 20:00:00,5150.25,5157.75,5149.75,5157.5,9629.0
2024-03-14 20:05:00,5157.5,5158.0,5153.0,5154.75,1239.0
2024-03-14 20:10:00,5154.5,5155.5,5153.5,5154.25,759.0
2024-03-14 20:15:00,5154.0,5154.5,5152.25,5153.75,1051.0
2024-03-14 20:20:00,5153.75,5154.25,5153.25,5153.75,140.0
2024-03-14 20:25:00,5153.75,5154.75,5153.5,5154.25,460.0
2024-03-14 20:30:00,5154.0,5154.5,5153.75,5154.25,177.0
2024-03-14 20:35:00,5154.0,5155.0,5153.25,5154.75,599.0
2024-03-14 20:40:00,5154.25,5156.25,5154.25,5156.25,257.0
2024-03-14 20:45:00,5156.5,5157.25,5156.0,5156.25,179.0
2024-03-14 20:50:00,5156.75,5156.75,5154.75,5155.25,198.0
2024-03-14 20:55:00,5154.75,5155.75,5154.0,5155.25,66.0
2024-03-14 21:00:00,5155.25,5155.25,5153.25,5153.5,132.0
2024-03-14 22:00:00,5152.25,5153.0,5151.5,5152.75,44.0
2024-03-14 22:05:00,5152.5,5153.5,5152.5,5153.25,21.0
2024-03-14 22:10:00,5154.0,5154.75,5153.25,5153.5,189.0
2024-03-14 22:15:00,5153.5,5154.0,5151.75,5152.5,241.0
2024-03-14 22:20:00,5152.5,5153.0,5151.75,5152.0,31.0
2024-03-14 22:25:00,5152.0,5153.75,5152.0,5153.75,41.0
2024-03-14 22:30:00,5154.0,5154.5,5153.25,5154.0,26.0
2024-03-14 22:35:00,5153.75,5154.25,5153.75,5153.75,13.0
2024-03-14 22:40:00,5154.0,5154.0,5152.0,5152.25,159.0
2024-03-14 22:45:00,5152.5,5152.75,5151.25,5151.25,39.0
2024-03-14 22:50:00,5152.0,5152.75,5152.0,5152.0,7.0
2024-03-14 22:55:00,5152.0,5152.25,5151.0,5152.0,8.0
2024-03-14 23:00:00,5151.75,5151.75,5151.0,5151.0,32.0
2024-03-14 23:05:00,5150.75,5151.0,5150.5,5151.0,7.0
2024-03-14 23:10:00,5151.0,5151.0,5149.5,5149.5,25.0
2024-03-14 23:15:00,5149.5,5150.25,5149.25,5149.5,20.0
2024-03-14 23:20:00,5149.5,5150.0,5149.5,5150.0,6.0
2024-03-14 23:25:00,5149.75,5150.0,5148.5,5148.5,10.0
2024-03-14 23:30:00,5148.75,5148.75,5147.75,5147.75,7.0
2024-03-14 23:35:00,5148.5,5149.5,5148.5,5149.0,17.0
2024-03-14 23:40:00,5148.25,5148.25,5147.5,5147.5,14.0
2024-03-14 23:45:00,5147.75,5148.5,5147.75,5148.25,19.0
2024-03-14 23:50:00,5149.5,5149.75,5149.5,5149.75,7.0
2024-03-14 23:55:00,5149.75,5150.5,5149.75,5150.0,56.0
2024-03-15 00:00:00,5150.0,5152.25,5149.75,5152.25,71.0
2024-03-15 00:05:00,5152.25,5152.75,5151.75,5152.0,103.0
2024-03-15 00:10:00,5151.75,5152.75,5151.0,5152.75,202.0
2024-03-15 00:15:00,5153.0,5153.0,5152.5,5153.0,73.0
2024-03-15 00:20:00,5153.25,5155.5,5152.25,5154.5,155.0
2024-03-15 00:25:00,5154.75,5154.75,5153.25,5153.25,69.0
2024-03-15 00:30:00,5153.25,5154.75,5153.25,5154.25,31.0
2024-03-15 00:35:00,5154.0,5155.25,5153.75,5155.25,95.0
2024-03-15 00:40:00,5155.25,5155.25,5154.0,5154.0,33.0
2024-03-15 00:45:00,5154.25,5155.0,5154.0,5154.0,15.0
2024-03-15 00:50:00,5153.75,5156.25,5153.75,5156.25,9.0
2024-03-15 00:55:00,5155.75,5155.75,5153.75,5154.5,75.0
2024-03-15 01:00:00,5154.5,5155.5,5154.25,5154.25,20.0
2024-03-15 01:05:00,5155.0,5156.0,5155.0,5155.0,106.0
2024-03-15 01:10:00,5155.0,5155.0,5154.25,5154.5,16.0
2024-03-15 01:15:00,5154.0,5154.5,5153.75,5154.5,9.0
2024-03-15 01:20:00,5154.25,5154.25,5152.5,5152.5,63.0
2024-03-15 01:25:00,5153.0,5154.0,5153.0,5154.0,6.0
2024-03-15 01:30:00,5154.5,5156.0,5154.5,5156.0,23.0
2024-03-15 01:35:00,5155.75,5155.75,5155.0,5155.5,47.0
2024-03-15 01:40:00,5155.25,5155.25,5153.75,5154.0,26.0
2024-03-15 01:45:00,5154.0,5155.25,5154.0,5155.0,34.0
2024-03-15 01:50:00,5155.5,5156.0,5155.25,5155.75,199.0
2024-03-15 01:55:00,5155.75,5155.75,5154.25,5154.25,11.0
2024-03-15 02:00:00,5153.75,5153.75,5151.75,5152.0,44.0
2024-03-15 02:05:00,5152.0,5152.0,5150.75,5151.25,75.0
2024-03-15 02:10:00,5151.25,5151.75,5151.0,5151.5,11.0
2024-03-15 02:15:00,5151.75,5151.75,5151.75,5151.75,3.0
2024-03-15 02:20:00,5151.25,5152.0,5151.0,5152.0,5.0
2024-03-15 02:25:00,5151.5,5151.75,5151.25,5151.75,11.0
2024-03-15 02:30:00,5152.0,5152.0,5151.0,5151.25,8.0
2024-03-15 02:35:00,5151.25,5152.0,5151.25,5152.0,9.0
2024-03-15 02:40:00,5151.5,5151.5,5150.5,5151.0,44.0
2024-03-15 02:45:00,5150.75,5150.75,5150.0,5150.25,16.0
2024-03-15 02:50:00,5151.0,5151.0,5150.25,5150.75,5.0
2024-03-15 02:55:00,5151.0,5151.0,5150.5,5150.5,8.0
2024-03-15 03:00:00,5151.0,5151.5,5151.0,5151.5,6.0
2024-03-15 03:05:00,5151.5,5152.25,5151.5,5152.25,18.0
2024-03-15 03:10:00,5151.75,5152.0,5151.25,5151.25,29.0
2024-03-15 03:15:00,5151.25,5152.25,5151.25,5152.25,9.0
2024-03-15 03:20:00,5152.25,5153.25,5152.25,5153.25,11.0
2024-03-15 03:25:00,5153.0,5153.0,5152.75,5152.75,37.0
2024-03-15 03:30:00,5153.0,5153.0,5152.0,5152.5,34.0
2024-03-15 03:35:00,5152.5,5153.25,5152.5,5153.25,11.0
2024-03-15 03:40:00,5153.25,5153.75,5153.0,5153.5,20.0
2024-03-15 03:45:00,5153.75,5154.0,5153.75,5153.75,10.0
2024-03-15 03:50:00,5153.5,5153.75,5153.5,5153.5,10.0
2024-03-15 03:55:00,5153.75,5154.0,5153.75,5154.0,6.0
2024-03-15 04:00:00,5153.75,5154.0,5153.5,5153.5,13.0
2024-03-15 04:05:00,5153.25,5153.25,5151.75,5153.0,199.0
2024-03-15 04:10:00,5153.0,5153.0,5153.0,5153.0,8.0
2024-03-15 04:15:00,5152.5,5153.0,5152.5,5153.0,6.0
2024-03-15 04:20:00,5152.0,5152.0,5151.25,5151.25,9.0
2024-03-15 04:25:00,5151.0,5151.25,5151.0,5151.25,20.0
2024-03-15 04:30:00,5151.0,5151.0,5150.5,5150.5,14.0
2024-03-15 04:35:00,5150.25,5150.25,5149.0,5149.0,20.0
2024-03-15 04:40:00,5148.75,5150.5,5148.75,5149.75,19.0
2024-03-15 04:45:00,5149.75,5149.75,5149.75,5149.75,20.0
2024-03-15 04:50:00,5149.5,5150.0,5149.5,5150.0,7.0
2024-03-15 04:55:00,5150.25,5150.5,5150.0,5150.25,32.0
2024-03-15 05:00:00,5150.5,5151.0,5150.5,5151.0,3.0
2024-03-15 05:05:00,5150.75,5150.75,5150.25,5150.75,40.0
2024-03-15 05:10:00,5150.5,5151.25,5150.5,5150.5,21.0
2024-03-15 05:15:00,5150.25,5150.25,5149.5,5150.0,10.0
2024-03-15 05:20:00,5150.75,5151.0,5150.75,5151.0,4.0
2024-03-15 05:25:00,5150.75,5150.75,5150.5,5150.5,17.0
2024-03-15 05:30:00,5150.75,5150.75,5149.5,5149.5,17.0
2024-03-15 05:35:00,5149.5,5149.5,5149.5,5149.5,10.0
2024-03-15 05:40:00,5149.25,5149.5,5147.75,5147.75,13.0
2024-03-15 05:45:00,5147.75,5148.75,5147.5,5148.25,21.0
2024-03-15 05:50:00,5148.25,5150.25,5148.25,5150.25,22.0
2024-03-15 05:55:00,5150.5,5150.5,5149.5,5149.75,24.0
2024-03-15 06:00:00,5149.25,5149.25,5148.0,5148.75,25.0
2024-03-15 06:05:00,5148.5,5149.0,5148.5,5149.0,7.0
2024-03-15 06:10:00,5149.25,5149.5,5148.75,5148.75,7.0
2024-03-15 06:15:00,5150.5,5150.75,5150.5,5150.75,9.0
2024-03-15 06:20:00,5150.75,5150.75,5150.25,5150.25,13.0
2024-03-15 06:25:00,5150.5,5150.5,5149.0,5149.0,20.0
2024-03-15 06:30:00,5148.5,5148.75,5148.25,5148.75,23.0
2024-03-15 06:35:00,5148.75,5149.0,5148.25,5148.25,10.0
2024-03-15 06:40:00,5148.75,5148.75,5148.5,5148.5,5.0
2024-03-15 06:45:00,5149.25,5149.25,5149.0,5149.0,12.0
2024-03-15 06:50:00,5149.25,5149.25,5148.0,5148.0,9.0
2024-03-15 06:55:00,5147.75,5148.75,5147.25,5148.5,34.0
2024-03-15 07:00:00,5148.75,5149.5,5148.0,5149.0,31.0
2024-03-15 07:05:00,5150.5,5151.25,5149.75,5150.75,18.0
2024-03-15 07:10:00,5150.75,5152.0,5150.75,5151.5,31.0
2024-03-15 07:15:00,5151.75,5153.25,5151.0,5152.75,33.0
2024-03-15 07:20:00,5152.75,5153.25,5152.5,5152.5,10.0
2024-03-15 07:25:00,5153.25,5154.0,5153.0,5154.0,39.0
2024-03-15 07:30:00,5154.0,5154.25,5153.25,5153.25,15.0
2024-03-15 07:35:00,5153.5,5154.75,5153.25,5154.75,246.0
2024-03-15 07:40:00,5154.5,5154.5,5154.25,5154.25,8.0
2024-03-15 07:45:00,5154.5,5154.75,5153.25,5153.25,28.0
2024-03-15 07:50:00,5153.5,5153.5,5153.0,5153.0,23.0
2024-03-15 07:55:00,5153.0,5153.0,5149.25,5149.25,51.0
2024-03-15 08:00:00,5149.0,5151.0,5148.75,5150.75,154.0
2024-03-15 08:05:00,5151.0,5154.75,5151.0,5154.0,79.0
2024-03-15 08:10:00,5154.5,5154.5,5152.5,5152.5,131.0
2024-03-15 08:15:00,5153.5,5154.25,5152.5,5152.5,201.0
2024-03-15 08:20:00,5152.5,5153.25,5152.5,5153.25,95.0
2024-03-15 08:25:00,5153.75,5154.0,5152.25,5152.5,68.0
2024-03-15 08:30:00,5152.75,5154.25,5152.75,5153.5,33.0
2024-03-15 08:35:00,5153.0,5153.25,5151.75,5153.25,39.0
2024-03-15 08:40:00,5153.25,5155.75,5153.25,5154.5,92.0
2024-03-15 08:45:00,5154.75,5155.75,5154.5,5155.75,150.0
2024-03-15 08:50:00,5155.5,5155.75,5154.0,5154.5,54.0
2024-03-15 08:55:00,5154.75,5156.0,5154.75,5155.75,51.0
2024-03-15 09:00:00,5155.75,5156.5,5155.5,5156.25,271.0
2024-03-15 09:05:00,5156.5,5158.0,5156.0,5158.0,236.0
2024-03-15 09:10:00,5157.75,5158.0,5157.0,5157.0,34.0
2024-03-15 09:15:00,5157.0,5157.5,5155.75,5157.25,76.0
2024-03-15 09:20:00,5157.25,5158.25,5157.0,5158.25,80.0
2024-03-15 09:25:00,5158.5,5158.75,5156.0,5157.0,258.0
2024-03-15 09:30:00,5157.25,5160.75,5157.25,5160.25,491.0
2024-03-15 09:35:00,5160.5,5161.75,5160.5,5161.5,124.0
2024-03-15 09:40:00,5161.5,5161.5,5160.5,5160.75,42.0
2024-03-15 09:45:00,5160.75,5162.0,5160.75,5161.75,473.0
2024-03-15 09:50:00,5161.75,5162.75,5161.75,5162.75,365.0
2024-03-15 09:55:00,5162.75,5163.25,5162.0,5162.0,105.0
2024-03-15 10:00:00,5162.0,5163.75,5161.75,5163.25,91.0
2024-03-15 10:05:00,5163.5,5163.75,5162.5,5163.75,247.0
2024-03-15 10:10:00,5163.75,5163.75,5163.0,5163.5,100.0
2024-03-15 10:15:00,5163.75,5164.0,5162.5,5163.5,158.0
2024-03-15 10:20:00,5163.25,5164.5,5163.25,5164.25,184.0
2024-03-15 10:25:00,5164.25,5164.25,5163.0,5163.25,65.0
2024-03-15 10:30:00,5163.25,5165.75,5163.25,5165.0,190.0
2024-03-15 10:35:00,5165.0,5165.75,5165.0,5165.75,289.0
2024-03-15 10:40:00,5165.75,5166.5,5165.25,5165.25,407.0
2024-03-15 10:45:00,5165.0,5165.5,5164.75,5165.25,63.0
2024-03-15 10:50:00,5165.0,5166.0,5165.0,5166.0,27.0
2024-03-15 10:55:00,5166.0,5167.0,5164.75,5164.75,46.0
2024-03-15 11:00:00,5165.0,5165.0,5163.0,5163.0,68.0
2024-03-15 11:05:00,5163.25,5164.5,5163.25,5164.25,135.0
2024-03-15 11:10:00,5164.0,5164.0,5162.75,5164.0,100.0
2024-03-15 11:15:00,5164.5,5165.5,5164.25,5164.5,29.0
2024-03-15 11:20:00,5164.75,5166.25,5164.75,5165.5,32.0
2024-03-15 11:25:00,5165.5,5166.25,5165.5,5165.5,42.0
2024-03-15 11:30:00,5165.5,5166.0,5165.25,5165.25,20.0
2024-03-15 11:35:00,5165.5,5166.5,5165.5,5165.75,91.0
2024-03-15 11:40:00,5165.75,5166.5,5165.25,5165.25,212.0
2024-03-15 11:45:00,5165.0,5165.0,5163.5,5164.0,168.0
2024-03-15 11:50:00,5164.25,5165.5,5164.0,5164.5,136.0
2024-03-15 11:55:00,5164.25,5164.75,5160.25,5161.0,208.0
2024-03-15 12:00:00,5161.0,5161.5,5159.75,5161.0,231.0
2024-03-15 12:05:00,5161.0,5161.25,5158.5,5159.25,354.0
2024-03-15 12:10:00,5159.0,5161.0,5157.0,5157.0,338.0
2024-03-15 12:15:00,5157.0,5158.25,5156.5,5157.0,238.0
2024-03-15 12:20:00,5156.75,5158.25,5156.75,5157.25,140.0
2024-03-15 12:25:00,5157.25,5159.0,5157.0,5157.25,209.0
2024-03-15 12:30:00,5157.5,5160.25,5156.75,5159.0,190.0
2024-03-15 12:35:00,5159.5,5161.0,5157.5,5158.0,196.0
2024-03-15 12:40:00,5157.75,5159.0,5152.5,5153.5,278.0
2024-03-15 12:45:00,5154.25,5156.25,5153.0,5155.25,275.0
2024-03-15 12:50:00,5156.0,5157.75,5154.25,5157.5,208.0
2024-03-15 12:55:00,5157.5,5158.75,5155.25,5155.5,155.0
2024-03-15 13:00:00,5155.5,5157.5,5154.25,5154.5,139.0
2024-03-15 13:05:00,5154.5,5156.0,5151.75,5151.75,251.0
2024-03-15 13:10:00,5151.75,5152.75,5149.25,5149.5,517.0
2024-03-15 13:15:00,5149.75,5149.75,5142.5,5145.25,417.0
2024-03-15 13:20:00,5144.75,5145.5,5134.5,5137.75,737.0
2024-03-15 13:25:00,5137.25,5137.75,5115.75,5117.25,2570.0
2024-03-15 13:30:00,5116.5,5120.0,5114.0,5116.25,659.0
