time,open,high,low,close,Volume
2006-11-10,20.33,20.33,20.32,20.32,3180
2006-11-13,20.34,20.34,20.33,20.33,13545
2006-11-14,20.3,20.33,20.3,20.32,21435
2006-11-15,20.32,20.32,20.28,20.29,2846
2006-11-16,20.35,20.35,20.29,20.29,2400
2006-11-17,20.29,20.35,20.29,20.35,8585
2006-11-20,20.38,20.38,20.33,20.33,12155
2006-11-21,20.32,20.33,20.32,20.33,23935
2006-11-22,20.36,20.37,20.35,20.35,8415
2006-11-23,20.36,20.37,20.35,20.35,17327
2006-11-24,20.43,20.44,20.39,20.39,18620
2006-11-27,20.38,20.43,20.35,20.43,13313
2006-11-28,20.52,20.55,20.52,20.55,50467
2006-11-29,20.53,20.55,20.48,20.49,17352
2006-11-30,20.55,20.57,20.55,20.56,6771
2006-12-01,20.59,20.66,20.59,20.66,7410
2006-12-04,20.65,20.65,20.61,20.64,22320
2006-12-05,20.63,20.64,20.61,20.64,9435
2006-12-06,20.61,20.61,20.58,20.59,28332
2006-12-07,20.62,20.62,20.6,20.62,12200
2006-12-08,20.62,20.62,20.51,20.53,21620
2006-12-11,20.54,20.56,20.52,20.56,21270
2006-12-12,20.6,20.63,20.58,20.63,14810
2006-12-13,20.59,20.59,20.47,20.48,23966
2006-12-14,20.49,20.49,20.44,20.44,19141
2006-12-15,20.44,20.55,20.36,20.36,22082
2006-12-18,20.37,20.37,20.24,20.29,54915
2006-12-19,20.3,20.36,20.29,20.34,11711
2006-12-20,20.35,20.35,20.35,20.35,15797
2006-12-21,20.38,20.44,20.36,20.44,17880
2006-12-22,20.35,20.38,20.32,20.35,25860
2006-12-27,20.36,20.36,20.21,20.21,13050
2006-12-28,20.21,20.21,20.08,20.08,9888
2006-12-29,20.14,20.16,20.14,20.16,5593
2007-01-02,20.2,20.22,20.19,20.2,21413
2007-01-03,20.24,20.24,20.19,20.21,7613
2007-01-04,20.26,20.35,20.22,20.35,3001
2007-01-05,20.22,20.28,20.21,20.28,35688
2007-01-08,20.24,20.26,20.2,20.23,27585
2007-01-09,20.26,20.26,20.23,20.25,13446
2007-01-10,20.2,20.2,20.15,20.2,12401
2007-01-11,20.15,20.15,20.1,20.11,12436
2007-01-12,20.07,20.09,20.01,20.08,13529
2007-01-15,20.08,20.1,20.07,20.1,4729
2007-01-16,20.09,20.09,20.05,20.06,14378
2007-01-17,20,20.06,20,20.02,16427
2007-01-18,19.91,20.06,19.91,20.06,7028
2007-01-19,20.14,20.14,20.1,20.1,10366
2007-01-22,20.12,20.13,20.12,20.12,7170
2007-01-23,20.1,20.12,20.05,20.07,9321
2007-01-24,20.06,20.06,20,20.02,5940
2007-01-25,20.03,20.03,19.96,19.97,17304
2007-01-26,19.94,19.98,19.91,19.96,19708
2007-01-29,19.99,19.99,19.9,19.93,7860
2007-01-30,19.92,19.92,19.82,19.9,24903
2007-01-31,19.82,19.95,19.82,19.95,14805
2007-02-01,19.98,20.01,19.9,19.9,10897
2007-02-02,20,20.01,20,20.01,5325
2007-02-05,20.01,20.08,20.01,20.06,7600
2007-02-06,20.1,20.11,20.05,20.11,10303
2007-02-07,20.11,20.21,20.11,20.21,27726
2007-02-08,20.21,20.24,20.2,20.24,4095
2007-02-09,20.13,20.13,20.08,20.08,26516
2007-02-12,20.03,20.03,19.94,19.94,13357
2007-02-13,19.93,19.99,19.93,19.93,15774
2007-02-14,20.06,20.12,20.06,20.12,21515
2007-02-15,20.24,20.24,20.21,20.21,2590
2007-02-16,20.2,20.26,20.2,20.26,25319
2007-02-19,20.26,20.26,20.2,20.26,3500
2007-02-20,20.28,20.28,20.22,20.22,2880
2007-02-21,20.26,20.26,20.24,20.24,11831
2007-02-22,20.25,20.25,20.21,20.21,18216
2007-02-23,20.2,20.29,20.2,20.2,12146
2007-02-26,20.24,20.42,20.24,20.42,7677
2007-02-27,20.35,20.52,20.34,20.52,20236
2007-02-28,20.39,20.45,20.31,20.32,5145
2007-03-01,20.46,20.46,20.36,20.36,17486
2007-03-02,20.4,20.46,20.35,20.46,10665
2007-03-05,20.48,20.48,20.43,20.47,10405
2007-03-06,20.42,20.42,20.42,20.42,7031
2007-03-07,20.48,20.53,20.4,20.53,5318
2007-03-08,20.52,20.52,20.5,20.52,12964
2007-03-09,20.41,20.42,20.33,20.39,7419
2007-03-12,20.43,20.44,20.36,20.43,12166
2007-03-13,20.45,20.47,20.38,20.47,11256
2007-03-14,20.46,20.47,20.4,20.42,11033
2007-03-15,20.4,20.42,20.35,20.42,8532
2007-03-16,20.37,20.37,20.33,20.33,8714
2007-03-19,20.34,20.34,20.32,20.32,8589
2007-03-20,20.34,20.34,20.27,20.27,33866
2007-03-21,20.24,20.26,20.17,20.21,11580
2007-03-22,20.24,20.24,20.16,20.16,6342
2007-03-23,20.21,20.21,20.19,20.19,1400
2007-03-26,20.19,20.22,20.17,20.21,10792
2007-03-27,20.01,20.02,19.94,20.02,4999
2007-03-28,19.96,20.06,19.96,19.98,9650
2007-03-29,19.97,19.97,19.97,19.97,3729
2007-03-30,19.95,20.02,19.91,19.95,9473
2007-04-02,20.01,20.01,19.95,19.95,6510
2007-04-03,19.96,19.99,19.96,19.97,21698
2007-04-04,19.99,20.07,19.99,19.99,6995
2007-04-05,20.04,20.04,19.96,19.96,9003
2007-04-09,19.92,19.92,19.8,19.9,10310
2007-04-10,19.86,19.9,19.86,19.88,5100
2007-04-11,19.89,19.89,19.89,19.89,740
2007-04-12,19.92,19.92,19.83,19.83,1620
2007-04-13,19.95,19.95,19.86,19.86,1482
2007-04-16,19.87,19.87,19.8,19.86,12477
2007-04-17,19.89,19.89,19.8,19.85,36464
2007-04-18,19.9,19.99,19.9,19.92,19097
2007-04-19,19.88,19.93,19.84,19.92,11563
2007-04-20,19.88,19.88,19.81,19.81,13125
2007-04-23,19.79,19.85,19.79,19.84,42171
2007-04-24,19.86,20,19.86,20,11554
2007-04-25,19.9,20,19.9,19.91,2528
2007-04-26,19.9,19.9,19.86,19.86,755
2007-04-27,19.84,19.84,19.81,19.81,4437
2007-04-30,19.84,19.88,19.82,19.82,890
2007-05-01,20,20,19.87,19.98,7295
2007-05-02,19.93,19.93,19.84,19.84,4374
2007-05-03,19.81,19.81,19.78,19.78,4062
2007-05-04,19.85,19.94,19.85,19.92,2371
2007-05-07,19.93,19.93,19.91,19.91,8200
2007-05-08,19.91,20,19.91,19.96,8798
2007-05-10,19.95,19.95,19.95,19.95,400
2007-05-11,19.96,20.03,19.96,20.03,5226
2007-05-14,19.96,19.96,19.91,19.96,1105
2007-05-15,19.91,19.91,19.91,19.91,1200
2007-05-16,19.95,19.95,19.95,19.95,575
2007-05-17,19.88,19.88,19.76,19.86,11311
2007-05-18,19.84,19.87,19.84,19.87,2097
2007-05-22,19.78,19.86,19.77,19.77,3144
2007-05-23,19.78,19.78,19.57,19.57,4877
2007-05-24,19.59,19.62,19.59,19.62,4030
2007-05-25,19.65,19.65,19.55,19.55,2974
2007-05-28,19.6,19.6,19.52,19.52,5891
2007-05-29,19.52,19.52,19.44,19.44,3646
2007-05-30,19.49,19.5,19.46,19.47,12078
2007-05-31,19.53,19.54,19.45,19.45,101868
2007-06-01,19.47,19.56,19.47,19.49,5530
2007-06-04,19.49,19.55,19.49,19.55,4380
2007-06-05,19.63,19.63,19.5,19.55,4281
2007-06-06,19.51,19.55,19.45,19.45,8885
2007-06-07,19.43,19.43,19.25,19.25,3475
2007-06-08,19.22,19.28,19.1,19.14,9500
2007-06-11,19.07,19.17,19.06,19.09,3290
2007-06-12,18.96,19,18.96,18.96,2254
2007-06-13,18.94,18.96,18.94,18.96,24585
2007-06-14,18.98,19,18.98,18.99,6963
2007-06-15,19.07,19.2,19.07,19.2,300
2007-06-18,19.15,19.22,19.15,19.22,1650
2007-06-19,19.11,19.16,19.09,19.1,17835
2007-06-20,19.15,19.15,19.1,19.1,2985
2007-06-21,19.07,19.09,19.07,19.08,2010
2007-06-22,19.08,19.09,18.99,19.02,10789
2007-06-25,19.06,19.19,19.06,19.19,2986
2007-06-26,18.98,18.98,18.83,18.83,3535
2007-06-27,18.99,19,18.97,18.97,1600
2007-06-28,18.82,18.82,18.82,18.82,1397
2007-06-29,18.99,18.99,18.99,18.99,2500
2007-07-03,19.06,19.06,19.03,19.03,426
2007-07-04,19.03,19.03,19,19,1403
2007-07-05,18.98,18.98,18.81,18.89,15015
2007-07-06,18.75,18.75,18.64,18.66,6550
2007-07-09,18.68,18.71,18.68,18.71,24036
2007-07-10,18.86,18.99,18.86,18.99,41019
2007-07-11,18.82,18.9,18.82,18.9,1885
2007-07-12,18.91,18.91,18.85,18.85,2250
2007-07-16,18.87,18.9,18.87,18.9,21225
2007-07-17,18.89,18.89,18.89,18.89,1000
2007-07-18,18.89,18.95,18.82,18.94,7817
2007-07-20,18.9,19,18.9,18.98,7717
2007-07-23,18.94,19.02,18.94,19,1430
2007-07-24,18.98,18.98,18.87,18.87,5440
2007-07-25,19,19,18.9,18.95,2709
2007-07-26,19.13,19.13,19.01,19.01,7012
2007-07-27,19.03,19.03,18.97,18.98,3000
2007-07-30,19.1,19.1,18.99,18.99,3702
2007-07-31,18.89,19.03,18.89,19.03,7700
2007-08-01,19.07,19.07,18.97,18.97,27290
2007-08-02,19.06,19.14,19.06,19.14,1100
2007-08-03,19.2,19.22,19.2,19.22,700
2007-08-07,19.2,19.2,19.2,19.2,400
2007-08-08,19.19,19.19,19.11,19.11,500
2007-08-09,19.06,19.15,19.06,19.07,3650
2007-08-10,19.04,19.13,19.04,19.13,3345
2007-08-13,19.04,19.12,19.04,19.11,7100
2007-08-14,19.13,19.18,19.06,19.06,3100
2007-08-15,19.07,19.07,19.07,19.07,100
2007-08-16,19.05,19.11,19.05,19.09,1552
2007-08-17,19.03,19.14,19.03,19.14,5850
2007-08-20,19.1,19.1,19.1,19.1,351
2007-08-21,19.18,19.19,19.08,19.08,10250
2007-08-22,19.13,19.13,19.05,19.07,19140
2007-08-23,19.13,19.15,19.13,19.15,1520
2007-08-24,19.28,19.28,19.28,19.28,300
2007-08-27,19.29,19.29,19.29,19.29,5150
2007-08-28,19.35,19.4,19.35,19.39,7276
2007-08-29,19.4,19.4,19.28,19.28,10349
2007-08-30,19.23,19.23,19.23,19.23,330
2007-08-31,19.15,19.25,19.15,19.25,12600
2007-09-04,19.15,19.15,19.15,19.15,3000
2007-09-05,19.3,19.3,19.29,19.29,1792
2007-09-06,19.39,19.39,19.35,19.35,8600
2007-09-07,19.4,19.5,19.4,19.43,19839
2007-09-10,19.5,19.54,19.5,19.54,3800
2007-09-11,19.4,19.4,19.4,19.4,321
2007-09-12,19.4,19.4,19.35,19.35,11570
2007-09-13,19.3,19.31,19.25,19.31,7290
2007-09-14,19.43,19.43,19.34,19.34,2763
2007-09-17,19.38,19.45,19.34,19.45,3195
2007-09-18,19.36,19.41,19.36,19.36,52350
2007-09-19,19.25,19.25,19.17,19.17,8162
2007-09-20,19.11,19.11,19.02,19.04,11200
2007-09-21,19.12,19.18,19.11,19.18,2618
2007-09-25,19.06,19.06,18.99,18.99,28743
2007-09-26,18.85,18.92,18.85,18.92,2295
2007-09-27,18.92,18.99,18.83,18.99,3300
2007-09-28,19.08,19.09,19.08,19.09,4116
2007-10-01,19.06,19.13,19.06,19.13,3338
2007-10-02,19.14,19.15,19.14,19.14,3687
2007-10-03,19.16,19.16,18.98,19.11,6031
2007-10-04,19.09,19.19,19.09,19.19,5352
2007-10-05,19.06,19.06,18.95,18.95,6050
2007-10-09,19,19,18.95,18.97,4495
2007-10-10,19.01,19.03,18.95,18.95,30405
2007-10-11,18.95,19.02,18.95,18.95,8716
2007-10-12,18.94,18.94,18.93,18.93,10300
2007-10-15,18.9,18.96,18.89,18.89,6837
2007-10-16,18.99,18.99,18.99,18.99,700
2007-10-17,19.04,19.05,19.04,19.05,3075
2007-10-18,19.13,19.14,19.13,19.14,2065
2007-10-19,19.14,19.27,19.14,19.25,6250
2007-10-22,19.34,19.34,19.25,19.25,1480
2007-10-23,19.25,19.26,19.22,19.22,5060
2007-10-24,19.19,19.32,19.19,19.31,7139
2007-10-25,19.28,19.37,19.28,19.37,1456
2007-10-26,19.23,19.26,19.23,19.26,2893
2007-10-29,19.34,19.34,19.34,19.34,1100
2007-10-30,19.36,19.36,19.36,19.36,200
2007-10-31,19.33,19.33,19.3,19.3,1100
2007-11-01,19.38,19.4,19.32,19.32,6000
2007-11-02,19.3,19.3,19.26,19.26,3115
2007-11-05,19.31,19.33,19.29,19.33,4390
2007-11-06,19.32,19.32,19.27,19.29,2180
2007-11-07,19.3,19.32,19.23,19.31,19312
2007-11-08,19.25,19.32,19.24,19.25,2400
2007-11-09,19.29,19.45,19.29,19.45,1335
2007-11-12,19.42,19.42,19.32,19.42,6805
2007-11-14,19.29,19.44,19.29,19.44,5850
2007-11-15,19.41,19.57,19.41,19.57,520
2007-11-16,19.48,19.54,19.48,19.54,1927
2007-11-19,19.58,19.62,19.55,19.61,5812
2007-11-20,19.66,19.66,19.5,19.5,10013
2007-11-21,19.56,19.56,19.5,19.55,138516
2007-11-22,19.53,19.55,19.53,19.55,4210
2007-11-23,19.5,19.54,19.5,19.54,16715
2007-11-26,19.63,19.74,19.57,19.72,5141
2007-11-27,19.65,19.65,19.52,19.52,10405
2007-11-28,19.48,19.54,19.44,19.5,7963
2007-11-29,19.57,19.7,19.57,19.61,4391
2007-11-30,19.61,19.63,19.59,19.59,3025
2007-12-03,19.72,19.85,19.72,19.85,10274
2007-12-04,19.9,19.9,19.82,19.82,9440
2007-12-05,19.87,19.87,19.74,19.74,12338
2007-12-06,19.74,19.74,19.64,19.68,12962
2007-12-07,19.71,19.71,19.63,19.63,3760
2007-12-10,19.67,19.67,19.53,19.59,28400
2007-12-11,19.59,19.86,19.59,19.86,9750
2007-12-12,19.74,19.77,19.71,19.71,11500
2007-12-13,19.65,19.65,19.64,19.64,4957
2007-12-14,19.5,19.58,19.5,19.51,2104
2007-12-17,19.56,19.71,19.56,19.71,2265
2007-12-18,19.75,19.87,19.72,19.86,11126
2007-12-19,19.86,19.92,19.86,19.92,1800
2007-12-20,20,20,19.92,19.94,592
2007-12-21,19.95,19.95,19.8,19.8,2049
2007-12-24,19.55,19.55,19.54,19.55,5700
2007-12-27,19.5,19.54,19.5,19.53,2800
2007-12-28,19.6,19.66,19.53,19.66,2940
2007-12-31,19.76,19.77,19.74,19.74,2629
2008-01-02,19.75,19.79,19.66,19.79,5930
2008-01-03,19.8,19.81,19.72,19.79,3470
2008-01-04,19.8,19.85,19.8,19.8,5942
2008-01-07,19.78,19.85,19.7,19.85,7242
2008-01-08,19.75,19.82,19.73,19.81,22116
2008-01-09,19.75,19.79,19.75,19.79,50860
2008-01-10,19.71,19.72,19.68,19.7,6397
2008-01-11,19.73,19.81,19.68,19.8,21354
2008-01-14,19.79,19.81,19.79,19.8,5400
2008-01-15,19.88,19.88,19.82,19.88,1081654
2008-01-16,19.87,19.87,19.75,19.75,39311
2008-01-17,19.74,19.82,19.71,19.82,264575
2008-01-18,19.75,19.78,19.7,19.73,13823
2008-01-21,19.81,19.81,19.72,19.75,20026
2008-01-22,19.7,19.7,19.51,19.51,29766
2008-01-23,19.63,19.63,19.53,19.56,7198
2008-01-24,19.43,19.45,19.31,19.4,17076
2008-01-25,19.35,19.47,19.35,19.46,4182
2008-01-28,19.57,19.59,19.49,19.58,16215
2008-01-29,19.5,19.52,19.43,19.52,8259
2008-01-30,19.46,19.46,19.4,19.4,4500
2008-01-31,19.46,19.56,19.43,19.45,7550
2008-02-01,19.42,19.54,19.42,19.52,16758
2008-02-04,19.52,19.52,19.49,19.52,3546
2008-02-05,19.57,19.69,19.57,19.69,2819
2008-02-06,19.62,19.62,19.55,19.62,5609
2008-02-07,19.51,19.54,19.35,19.43,8138
2008-02-08,19.47,19.47,19.4,19.4,5787
2008-02-11,19.45,19.55,19.45,19.54,8499
2008-02-12,19.46,19.46,19.37,19.45,8392
2008-02-13,19.37,19.38,19.33,19.34,4697
2008-02-14,19.28,19.29,19.24,19.29,8085
2008-02-15,19.33,19.33,19.33,19.33,520
2008-02-19,19.39,19.41,19.22,19.29,21469
2008-02-20,19.18,19.22,19.18,19.22,3496
2008-02-21,19.36,19.44,19.36,19.36,2242
2008-02-22,19.41,19.44,19.33,19.4,3636
2008-02-25,19.4,19.4,19.26,19.36,10100
2008-02-26,19.37,19.4,19.33,19.4,4791
2008-02-27,19.46,19.54,19.42,19.43,9055
2008-02-28,19.6,19.62,19.55,19.62,2525
2008-02-29,19.78,19.78,19.63,19.63,6461
2008-03-03,19.74,19.77,19.68,19.68,11073
2008-03-04,19.75,19.76,19.66,19.66,11803
2008-03-05,19.71,19.71,19.57,19.66,4280
2008-03-06,19.65,19.69,19.6,19.64,4200
2008-03-07,19.68,19.68,19.68,19.68,700
2008-03-10,19.74,19.79,19.7,19.75,13265
2008-03-11,19.74,19.75,19.64,19.64,4303
2008-03-12,19.69,19.75,19.69,19.75,22475
2008-03-13,19.81,19.84,19.73,19.73,17658
2008-03-14,19.74,19.8,19.71,19.79,21071
2008-03-17,19.8,19.87,19.8,19.8,2945
2008-03-18,19.82,19.86,19.71,19.84,20307
2008-03-19,19.8,19.95,19.8,19.93,155403
2008-03-20,19.95,19.96,19.9,19.93,8013
2008-03-24,19.83,19.91,19.83,19.88,5326
2008-03-25,19.85,19.9,19.8,19.8,20279
2008-03-26,19.74,19.74,19.64,19.64,6608
2008-03-27,19.63,19.63,19.54,19.54,128030
2008-03-28,19.75,19.75,19.62,19.68,132000
2008-03-31,19.84,19.84,19.69,19.69,6697
2008-04-01,19.63,19.63,19.52,19.57,7343
2008-04-02,19.54,19.54,19.48,19.49,4198
2008-04-03,19.42,19.49,19.42,19.42,3191
2008-04-04,19.48,19.59,19.48,19.59,2415
2008-04-07,19.56,19.56,19.39,19.51,10962
2008-04-08,19.51,19.52,19.38,19.48,8575
2008-04-09,19.36,19.52,19.36,19.52,7319
2008-04-10,19.44,19.44,19.35,19.43,19555
2008-04-11,19.36,19.5,19.36,19.39,2798
2008-04-14,19.41,19.49,19.38,19.38,9994
2008-04-15,19.38,19.4,19.32,19.32,11952
2008-04-16,19.29,19.29,19.04,19.17,1636353
2008-04-17,19.12,19.21,19.07,19.12,10710
2008-04-18,19.15,19.23,19.12,19.23,3293
2008-04-21,19.15,19.29,19.15,19.29,12472
2008-04-22,19.16,19.24,19.16,19.18,2475
2008-04-23,19.21,19.25,19.17,19.18,4120
2008-04-24,19.22,19.23,19.16,19.16,7265
2008-04-25,19.12,19.14,19.04,19.04,2816
2008-04-28,19.1,19.19,19.1,19.19,11943
2008-04-29,19.24,19.34,19.24,19.26,5862
2008-04-30,19.35,19.44,19.31,19.42,32149
2008-05-01,19.53,19.59,19.5,19.53,4629
2008-05-02,19.51,19.57,19.51,19.57,3019
2008-05-05,19.5,19.62,19.48,19.48,9840
2008-05-06,19.47,19.54,19.35,19.42,4968
2008-05-07,19.31,19.41,19.29,19.38,4814
2008-05-08,19.33,19.35,19.31,19.32,8359
2008-05-09,19.5,19.5,19.44,19.49,3764
2008-05-12,19.6,19.67,19.59,19.66,14265
2008-05-13,19.57,19.66,19.57,19.63,25463
2008-05-14,19.59,19.59,19.59,19.59,4170
2008-05-15,19.66,19.66,19.6,19.63,3265
2008-05-16,19.65,19.65,19.63,19.65,12788
2008-05-20,19.66,19.69,19.65,19.69,3620
2008-05-21,19.67,19.67,19.6,19.6,3030
2008-05-22,19.53,19.53,19.44,19.45,2390
2008-05-23,19.52,19.59,19.52,19.59,6805
2008-05-26,19.65,19.65,19.53,19.64,8890
2008-05-27,19.56,19.64,19.55,19.57,4450
2008-05-28,19.54,19.54,19.44,19.51,2878
2008-05-29,19.5,19.5,19.45,19.45,5955
2008-05-30,19.47,19.6,19.4,19.6,61547
2008-06-02,19.46,19.63,19.46,19.63,14375
2008-06-03,19.55,19.6,19.54,19.6,4095
2008-06-04,19.64,19.64,19.48,19.48,19478
2008-06-05,19.46,19.46,19.38,19.44,2320
2008-06-06,19.49,19.5,19.42,19.5,5582
2008-06-09,19.41,19.54,19.4,19.54,13426
2008-06-10,19.29,19.44,19.29,19.41,10918
2008-06-11,19.39,19.42,19.32,19.39,7000
2008-06-12,19.25,19.28,19.2,19.22,23905
2008-06-13,19.25,19.35,19.2,19.2,23680
2008-06-16,19.25,19.25,19.19,19.25,65632
2008-06-17,19.37,19.37,19.27,19.28,3820
2008-06-18,19.29,19.4,19.29,19.4,3300
2008-06-19,19.43,19.44,19.34,19.39,5482
2008-06-20,19.42,19.46,19.39,19.46,2934
2008-06-23,19.4,19.48,19.4,19.42,5640
2008-06-24,19.45,19.57,19.44,19.55,7022
2008-06-25,19.33,19.39,19.29,19.39,16225
2008-06-26,19.39,19.39,19.3,19.3,1540
2008-06-27,19.37,19.38,19.31,19.31,4760
2008-06-30,19.28,19.36,19.28,19.35,1107
2008-07-02,19.22,19.37,19.21,19.37,4823
2008-07-03,19.36,19.4,19.27,19.4,5300
2008-07-04,19.38,19.38,19.34,19.34,1635
2008-07-07,19.33,19.37,19.33,19.36,6410
2008-07-08,19.36,19.45,19.36,19.45,16500
2008-07-09,19.35,19.36,19.35,19.35,4765
2008-07-10,19.33,19.36,19.33,19.34,2315
2008-07-11,19.41,19.45,19.34,19.34,3925
2008-07-14,19.36,19.47,19.28,19.39,8255
2008-07-15,19.4,19.44,19.37,19.37,4180
2008-07-16,19.29,19.38,19.29,19.3,8640
2008-07-17,19.26,19.3,19.25,19.25,5300
2008-07-18,19.25,19.27,19.23,19.26,6480
2008-07-21,19.16,19.23,19.16,19.23,14172
2008-07-22,19.18,19.24,19.16,19.22,6693
2008-07-23,19.15,19.2,19.1,19.1,5580
2008-07-24,19.16,19.24,19.16,19.24,11370
2008-07-25,19.28,19.29,19.25,19.25,6100
2008-07-28,19.27,19.33,19.23,19.26,4700
2008-07-29,19.27,19.28,19.19,19.22,5811
2008-07-30,19.18,19.18,19.18,19.18,1250
2008-07-31,19.36,19.36,19.32,19.35,11600
2008-08-01,19.38,19.42,19.38,19.42,1850
2008-08-05,19.39,19.47,19.36,19.44,2725
2008-08-06,19.35,19.4,19.35,19.38,7027
2008-08-07,19.34,19.49,19.34,19.49,1900
2008-08-11,19.52,19.52,19.45,19.45,68948
2008-08-12,19.47,19.55,19.47,19.47,9853
2008-08-13,19.59,19.6,19.55,19.55,9035
2008-08-14,19.52,19.58,19.52,19.52,1200
2008-08-15,19.55,19.55,19.55,19.55,250
2008-08-18,19.55,19.67,19.55,19.67,2830
2008-08-19,19.63,19.63,19.55,19.55,17210
2008-08-20,19.58,19.58,19.51,19.51,1840
2008-08-21,19.43,19.49,19.43,19.49,2118
2008-08-22,19.46,19.47,19.45,19.46,26370
2008-08-25,19.53,19.53,19.53,19.53,4200
2008-08-26,19.54,19.54,19.44,19.54,2750
2008-08-27,19.5,19.5,19.43,19.43,950
2008-08-28,19.48,19.53,19.44,19.47,3660
2008-08-29,19.55,19.55,19.55,19.55,10198
2008-09-02,19.48,19.57,19.48,19.57,2379
2008-09-03,19.49,19.49,19.49,19.49,731
2008-09-04,19.49,19.52,19.47,19.52,2010
2008-09-05,19.56,19.66,19.56,19.65,31700
2008-09-08,19.6,19.64,19.53,19.64,98983
2008-09-09,19.64,19.68,19.5,19.68,6110
2008-09-10,19.6,19.64,19.6,19.64,4701
2008-09-11,19.67,19.67,19.59,19.59,11135
2008-09-12,19.56,19.56,19.41,19.41,4890
2008-09-15,19.4,19.4,19.27,19.27,8495
2008-09-16,19.62,19.62,19.62,19.62,844
2008-09-17,19.57,19.57,19.52,19.52,1200
2008-09-18,19.4,19.4,19.4,19.4,1550
2008-09-19,19.08,19.24,19.08,19.14,8520
2008-09-22,19.07,19.13,18.95,19.13,106428
2008-09-23,19.1,19.11,19.09,19.09,5212
2008-09-24,19,19.08,19,19.08,2450
2008-09-25,18.75,18.75,18.69,18.75,108860
2008-09-26,18.75,18.77,18.7,18.7,8383
2008-09-29,18.71,19,18.71,18.8,20531
2008-09-30,18.74,18.74,18.49,18.49,6046
2008-10-01,18.65,18.65,18.56,18.57,12104
2008-10-02,18.66,18.66,18.53,18.55,11084
2008-10-03,18.61,18.66,18.54,18.59,2140
2008-10-06,18.86,18.89,18.74,18.8,63145
2008-10-07,18.74,18.78,18.63,18.71,5533
2008-10-08,18.56,18.56,18.28,18.28,9150
2008-10-09,18.3,18.41,18.2,18.2,11696
2008-10-10,18.12,18.12,17.91,17.91,49662
2008-10-14,17.86,18.05,17.83,18.05,37692
2008-10-15,18.05,18.05,18.03,18.03,1911
2008-10-16,18.09,18.22,18.09,18.14,6864
2008-10-17,18,18,17.96,17.96,7688
2008-10-20,17.85,18.02,17.85,18.02,2160
2008-10-21,18.03,18.1,18,18.1,12110
2008-10-22,18.15,18.21,18.14,18.21,1978
2008-10-23,18.28,18.28,18.2,18.2,9501
2008-10-24,18.25,18.25,18.17,18.17,7917
2008-10-27,18.11,18.13,18.07,18.13,14532
2008-10-28,17.9,18,17.9,17.92,11794
2008-10-29,17.83,17.83,17.62,17.62,9383
2008-10-30,17.73,17.76,17.64,17.76,2732
2008-10-31,17.7,17.77,17.7,17.71,3698
2008-11-03,17.63,17.72,17.62,17.64,25149
2008-11-04,17.6,17.76,17.49,17.76,10368
2008-11-05,17.7,17.83,17.7,17.78,3591
2008-11-06,17.8,17.92,17.8,17.92,2995
2008-11-07,17.9,18,17.9,18,3102
2008-11-10,17.92,18.05,17.92,18.04,16288
2008-11-11,18.03,18.03,18.02,18.02,4281
2008-11-12,18,18.01,17.97,18.01,14512
2008-11-13,18.06,18.06,17.81,17.81,23685
2008-11-14,17.92,18,17.92,17.95,3448
2008-11-17,18.09,18.18,18.05,18.18,8892
2008-11-18,18.15,18.21,18.13,18.21,6171
2008-11-19,18.29,18.29,18.16,18.18,2598
2008-11-20,18.25,18.34,18.23,18.34,19543
2008-11-21,18.3,18.3,18.08,18.13,10109
2008-11-24,18.2,18.2,18.12,18.13,11657
2008-11-25,18.28,18.31,18.22,18.25,6843
2008-11-26,18.27,18.4,18.27,18.4,1693
2008-11-27,18.41,18.43,18.41,18.43,4413
2008-11-28,18.44,18.44,18.34,18.35,11763
2008-12-01,18.58,18.64,18.48,18.6,5085
2008-12-02,18.62,18.72,18.61,18.72,7588
2008-12-03,18.69,18.69,18.56,18.62,20812
2008-12-04,18.7,18.76,18.6,18.76,5406
2008-12-05,18.78,18.83,18.7,18.72,12429
2008-12-08,18.65,18.77,18.64,18.75,9486
2008-12-09,18.73,18.75,18.6,18.65,19234
2008-12-10,18.66,18.72,18.59,18.64,7911
2008-12-11,18.66,18.75,18.66,18.75,950
2008-12-12,18.74,18.74,18.48,18.63,16364
2008-12-15,18.52,18.55,18.52,18.55,4316
2008-12-16,18.61,18.8,18.56,18.8,12545
2008-12-18,18.92,19.1,18.92,19.1,14360
2008-12-19,19.16,19.25,19.16,19.2,13213
2008-12-22,19.35,19.36,19.22,19.31,142119
2008-12-23,19.28,19.3,19.25,19.3,95181
2008-12-24,19.03,19.03,19,19.03,3028
2008-12-29,19.13,19.24,19.02,19.22,10176
2008-12-30,19.13,19.21,19.09,19.21,4683
2008-12-31,19.2,19.26,19.15,19.15,5983
2009-01-02,19.23,19.23,18.86,18.86,33167
2009-01-05,18.83,18.91,18.7,18.7,14780
2009-01-06,18.62,18.75,18.61,18.66,21095
2009-01-07,18.69,18.82,18.69,18.77,2903
2009-01-08,18.68,18.84,18.68,18.73,4780
2009-01-09,18.84,19.06,18.84,19.06,35892
2009-01-12,19.02,19.07,19,19.02,7177
2009-01-13,19.08,19.1,19.06,19.06,2743
2009-01-14,19.12,19.39,19.12,19.39,13380
2009-01-15,19.42,19.45,19.3,19.3,18956
2009-01-16,19.03,19.1,19.03,19.03,2576
2009-01-19,18.97,18.99,18.96,18.99,6350
2009-01-20,18.94,19,18.9,19,26336
2009-01-21,18.94,19.04,18.94,18.96,19378
2009-01-22,18.89,18.9,18.79,18.82,13657
2009-01-23,18.9,18.97,18.86,18.88,7263
2009-01-26,18.88,18.88,18.69,18.73,42945
2009-01-27,18.77,18.89,18.77,18.82,84571
2009-01-28,18.89,18.9,18.8,18.8,8256
2009-01-29,18.89,18.9,18.75,18.75,5858
2009-01-30,18.71,18.81,18.71,18.74,2829
2009-02-02,18.77,18.81,18.76,18.81,2742
2009-02-03,18.85,18.85,18.73,18.73,9552
2009-02-04,18.63,18.68,18.53,18.57,13876
2009-02-05,18.73,18.8,18.71,18.74,4615
2009-02-06,18.78,18.8,18.7,18.7,4510
2009-02-09,18.62,18.68,18.56,18.6,7283
2009-02-10,18.74,18.79,18.73,18.79,4687
2009-02-11,18.8,18.9,18.8,18.88,4885
2009-02-12,18.99,18.99,18.98,18.98,2124
2009-02-13,19.03,19.05,18.96,18.98,8092
2009-02-17,19.02,19.19,19.02,19.17,16050
2009-02-18,19.21,19.29,19.13,19.18,24385
2009-02-19,19.09,19.17,19.06,19.06,12927
2009-02-20,19.16,19.16,19.1,19.1,2990
2009-02-23,19,19.14,19,19.09,6019
2009-02-24,19.15,19.15,19.06,19.06,1862
2009-02-25,18.97,18.97,18.8,18.8,7195
2009-02-26,18.76,18.79,18.64,18.64,14193
2009-02-27,18.75,18.76,18.65,18.65,6689
2009-03-02,18.87,18.95,18.76,18.9,11716
2009-03-03,18.87,18.88,18.78,18.86,6590
2009-03-04,18.7,18.76,18.65,18.76,13908
2009-03-05,18.79,18.98,18.79,18.98,12938
2009-03-06,18.89,18.99,18.89,18.95,9713
2009-03-09,18.88,18.88,18.8,18.8,31443
2009-03-10,18.78,18.81,18.66,18.72,18816
2009-03-11,18.71,18.78,18.64,18.78,7582
2009-03-12,18.72,18.86,18.71,18.77,5800
2009-03-13,18.81,19.05,18.81,19.04,42579
2009-03-16,18.94,19,18.89,18.99,22279
2009-03-17,18.97,19.06,18.95,18.95,7860
2009-03-18,18.93,19.34,18.93,19.13,229996
2009-03-19,19.17,19.2,19.1,19.18,20855
2009-03-20,19.16,19.24,19.14,19.24,51578
2009-03-23,19.23,19.23,19.13,19.18,5510
2009-03-24,19.11,19.13,18.9,18.96,70600
2009-03-25,18.89,18.95,18.89,18.9,8273
2009-03-26,18.75,18.75,18.63,18.75,4420
2009-03-27,18.85,18.88,18.8,18.8,5196
2009-03-30,18.88,18.93,18.82,18.93,8257
2009-03-31,18.94,18.96,18.94,18.96,253
2009-04-01,18.96,19.01,18.96,18.98,9269
2009-04-02,18.95,19.02,18.88,18.9,56170
2009-04-03,18.9,18.9,18.8,18.83,14212
2009-04-06,18.82,18.82,18.62,18.71,11529
2009-04-07,18.65,18.8,18.65,18.79,5370
2009-04-08,18.79,18.93,18.78,18.93,6133
2009-04-09,18.85,18.91,18.76,18.84,10184
2009-04-13,18.84,18.9,18.81,18.89,10783
2009-04-14,18.93,18.94,18.85,18.91,4893
2009-04-15,18.91,18.92,18.8,18.86,38324
2009-04-16,18.81,18.83,18.72,18.83,9828
2009-04-17,18.84,18.88,18.73,18.73,12597
2009-04-20,18.8,18.94,18.8,18.94,16660
2009-04-21,18.99,19.03,18.88,18.96,20722
2009-04-22,18.91,18.92,18.87,18.88,8495
2009-04-23,18.92,18.96,18.77,18.8,6361
2009-04-24,18.75,18.9,18.75,18.89,5803
2009-04-27,18.95,18.95,18.81,18.91,3393
2009-04-28,18.84,18.88,18.82,18.88,1610
2009-04-29,18.84,18.86,18.79,18.79,59820
2009-04-30,18.76,18.85,18.75,18.83,8582
2009-05-01,18.77,18.86,18.76,18.81,8650
2009-05-04,18.81,18.84,18.75,18.8,6723
2009-05-05,18.87,18.94,18.82,18.93,14056
2009-05-06,18.92,18.92,18.87,18.9,8148
2009-05-07,18.85,18.85,18.8,18.85,2788
2009-05-08,18.69,18.87,18.69,18.87,27450
2009-05-11,18.77,18.89,18.77,18.89,24509
2009-05-12,18.89,18.89,18.85,18.85,3862
2009-05-13,18.82,18.9,18.82,18.89,3498
2009-05-14,18.9,19,18.9,19,59184
2009-05-15,18.91,18.96,18.9,18.9,6085
2009-05-19,18.89,18.89,18.85,18.85,7453
2009-05-20,18.93,18.93,18.83,18.83,19607
2009-05-21,18.91,18.91,18.69,18.75,26585
2009-05-22,18.75,18.78,18.71,18.76,2350
2009-05-25,18.76,18.87,18.75,18.75,10960
2009-05-26,18.75,18.79,18.7,18.7,13861
2009-05-27,18.58,18.58,18.47,18.47,17720
2009-05-28,18.47,18.55,18.47,18.55,25205
2009-05-29,18.62,18.84,18.62,18.75,20080
2009-06-01,18.77,18.87,18.72,18.75,18116
2009-06-02,18.8,18.82,18.77,18.82,5990
2009-06-03,18.79,18.9,18.79,18.85,6718
2009-06-04,18.92,18.92,18.83,18.85,12633
2009-06-05,18.9,18.96,18.89,18.89,55416
2009-06-08,18.96,19.05,18.91,18.91,15179
2009-06-09,18.88,18.98,18.88,18.93,2602
2009-06-10,18.93,19.06,18.85,18.93,11495
2009-06-11,18.83,19.1,18.83,19.1,39201
2009-06-12,19.13,19.25,19.13,19.24,32851
2009-06-15,19.25,19.33,19.23,19.23,64908
2009-06-16,19.24,19.29,19.24,19.29,61851
2009-06-17,19.29,19.33,19.25,19.25,7683
2009-06-18,19.24,19.24,19.14,19.19,16491
2009-06-19,19.15,19.17,19.11,19.11,11787
2009-06-22,19.11,19.27,19.11,19.27,12113
2009-06-23,19.27,19.3,19.18,19.3,11901
2009-06-24,19.3,19.3,19.26,19.27,13200
2009-06-25,19.03,19.13,19.02,19.05,221840
2009-06-26,19.03,19.12,19.03,19.12,2043
2009-06-29,19.12,19.13,19.1,19.13,17590
2009-06-30,19.13,19.15,19.09,19.13,3472
2009-07-02,19.11,19.25,19.11,19.24,18748
2009-07-03,19.25,19.25,19.2,19.24,10459
2009-07-06,19.2,19.27,19.19,19.27,20066
2009-07-07,19.26,19.3,19.25,19.3,18448
2009-07-08,19.32,19.37,19.28,19.37,15706
2009-07-09,19.27,19.35,19.27,19.3,14781
2009-07-10,19.33,19.34,19.27,19.3,18182
2009-07-13,19.33,19.35,19.22,19.27,14460
2009-07-14,19.15,19.16,19.06,19.08,33292
2009-07-15,19.02,19.04,18.93,19.01,15394
2009-07-16,19.09,19.13,19.08,19.13,7675
2009-07-17,19.13,19.13,19.04,19.06,32775
2009-07-20,19.07,19.23,18.96,19.23,40135
2009-07-21,19.14,19.23,19.13,19.13,48339
2009-07-22,19.17,19.17,19.1,19.13,7121
2009-07-23,19.1,19.16,18.97,18.97,6661
2009-07-24,18.95,18.97,18.95,18.97,13579
2009-07-27,19.04,19.11,19,19,133787
2009-07-28,19.12,19.14,19.06,19.11,134436
2009-07-29,19.15,19.22,19.14,19.2,2250
2009-07-30,19.15,19.2,19.15,19.2,4410
2009-07-31,19.17,19.43,19.17,19.4,14700
2009-08-04,19.36,19.36,19.22,19.27,12048
2009-08-05,19.24,19.3,19.24,19.29,4300
2009-08-06,19.21,19.34,19.19,19.34,5667
2009-08-07,19.23,19.24,19.19,19.24,5458
2009-08-10,19.15,19.33,19.15,19.27,20540
2009-08-11,19.28,19.47,19.28,19.36,9778
2009-08-12,19.43,19.44,19.33,19.33,8424
2009-08-13,19.37,19.5,19.37,19.5,11391
2009-08-14,19.5,19.63,19.49,19.59,4606
2009-08-17,19.53,19.68,19.53,19.65,7271
2009-08-18,19.65,19.71,19.6,19.68,14225
2009-08-19,19.71,19.75,19.58,19.65,18392
2009-08-20,19.73,19.73,19.61,19.7,15391
2009-08-21,19.65,19.65,19.52,19.52,8611
2009-08-24,19.41,19.63,19.41,19.63,9930
2009-08-25,19.64,19.64,19.55,19.58,5866
2009-08-26,19.56,19.64,19.56,19.63,9097
2009-08-27,19.64,19.69,19.64,19.65,4681
2009-08-28,19.62,19.69,19.52,19.69,7075
2009-08-31,19.67,19.71,19.6,19.7,7760
2009-09-01,19.71,19.77,19.7,19.77,6807
2009-09-02,19.74,19.75,19.7,19.75,13043
2009-09-03,19.73,19.75,19.73,19.75,1098
2009-09-04,19.65,19.65,19.6,19.62,8118
2009-09-08,19.61,19.61,19.5,19.57,22147
2009-09-09,19.49,19.52,19.46,19.52,2090
2009-09-10,19.61,19.63,19.61,19.63,5936
2009-09-11,19.74,19.75,19.68,19.73,8856
2009-09-14,19.74,19.74,19.64,19.69,46694
2009-09-15,19.65,19.69,19.63,19.64,14152
2009-09-16,19.72,19.75,19.65,19.75,10087
2009-09-17,19.73,19.78,19.72,19.78,7555
2009-09-18,19.74,19.75,19.67,19.7,31487
2009-09-21,19.71,19.73,19.67,19.68,25867
2009-09-22,19.67,19.7,19.65,19.7,13509
2009-09-23,19.66,19.73,19.64,19.65,21046
2009-09-24,19.78,19.79,19.71,19.77,13477
2009-09-25,19.66,19.66,19.58,19.63,7865
2009-09-28,19.61,19.69,19.61,19.69,5898
2009-09-29,19.66,19.73,19.64,19.72,8689
2009-09-30,19.72,19.76,19.67,19.76,4866
2009-10-01,19.72,19.86,19.72,19.73,25235
2009-10-02,19.79,19.84,19.79,19.79,11768
2009-10-05,19.89,19.89,19.81,19.85,14255
2009-10-06,19.85,19.85,19.74,19.81,19980
2009-10-07,19.8,19.83,19.74,19.81,18914
2009-10-08,19.82,19.82,19.63,19.67,39005
2009-10-09,19.65,19.65,19.48,19.51,23587
2009-10-13,19.52,19.52,19.45,19.49,15754
2009-10-14,19.5,19.51,19.38,19.38,20393
2009-10-15,19.37,19.4,19.28,19.3,16104
2009-10-16,19.41,19.48,19.36,19.41,13110
2009-10-19,19.4,19.5,19.38,19.5,52136
2009-10-20,19.57,19.58,19.49,19.53,19891
2009-10-21,19.54,19.62,19.5,19.55,33630
2009-10-22,19.62,19.65,19.55,19.65,17425
2009-10-23,19.56,19.68,19.5,19.52,18282
2009-10-26,19.46,19.5,19.45,19.48,27981
2009-10-27,19.46,19.49,19.45,19.49,5770
2009-10-28,19.49,19.57,19.45,19.57,25096
2009-10-29,19.45,19.54,19.41,19.42,55846
2009-10-30,19.54,19.66,19.54,19.63,18017
2009-11-02,19.6,19.68,19.6,19.65,23975
2009-11-03,19.69,19.7,19.61,19.61,17465
2009-11-04,19.53,19.56,19.5,19.5,26043
2009-11-05,19.46,19.46,19.37,19.37,30387
2009-11-06,19.4,19.49,19.4,19.48,7264
2009-11-09,19.48,19.52,19.38,19.4,27547
2009-11-10,19.55,19.55,19.43,19.53,8034
2009-11-11,19.45,19.55,19.45,19.55,4108
2009-11-12,19.46,19.5,19.4,19.5,12740
2009-11-13,19.48,19.49,19.36,19.47,16598
2009-11-16,19.54,19.73,19.54,19.73,29160
2009-11-17,19.73,19.75,19.71,19.75,9867
2009-11-18,19.8,19.8,19.7,19.7,5352
2009-11-19,19.59,19.74,19.59,19.74,4563
2009-11-20,19.73,19.73,19.64,19.69,7071
2009-11-23,19.69,19.7,19.67,19.7,25772
2009-11-24,19.64,19.85,19.64,19.85,26835
2009-11-25,19.84,19.92,19.84,19.92,3552
2009-11-26,19.93,19.96,19.93,19.96,5605
2009-11-27,19.96,19.96,19.84,19.89,9546
2009-11-30,19.84,19.97,19.84,19.88,9752
2009-12-01,19.83,19.93,19.83,19.9,8574
2009-12-02,19.84,19.89,19.83,19.89,7487
2009-12-03,19.86,19.91,19.8,19.91,13765
2009-12-04,19.84,19.84,19.75,19.8,10919
2009-12-07,19.8,19.8,19.76,19.79,8726
2009-12-08,19.86,19.88,19.77,19.77,47340
2009-12-09,19.75,19.75,19.62,19.67,422645
2009-12-10,19.6,19.62,19.52,19.53,5940
2009-12-11,19.5,19.58,19.48,19.58,10340
2009-12-14,19.53,19.63,19.53,19.58,16439
2009-12-15,19.57,19.6,19.54,19.6,11950
2009-12-16,19.64,19.66,19.61,19.62,18105
2009-12-17,19.61,19.72,19.61,19.7,5042
2009-12-18,19.71,19.71,19.63,19.63,18610
2009-12-21,19.57,19.57,19.45,19.47,26531
2009-12-22,19.36,19.37,19.31,19.35,51606
2009-12-23,19.33,19.46,19.33,19.43,15899
2009-12-24,19.27,19.27,19.25,19.25,2703
2009-12-29,19.14,19.14,19.01,19.04,15694
2009-12-30,19.07,19.18,19.07,19.17,6087
2009-12-31,19.24,19.28,19.16,19.28,35688
2010-01-04,19.27,19.29,19.17,19.2,10729
2010-01-05,19.25,19.25,19.18,19.2,12173
2010-01-06,19.24,19.26,19.14,19.14,23663
2010-01-07,19.17,19.17,19.12,19.15,8507
2010-01-08,19.16,19.29,19.15,19.18,30675
2010-01-11,19.19,19.27,19.16,19.16,10917
2010-01-12,19.25,19.3,19.22,19.24,33045
2010-01-13,19.3,19.3,19.25,19.3,9995
2010-01-14,19.21,19.31,19.21,19.3,17588
2010-01-15,19.37,19.44,19.37,19.43,24205
2010-01-18,19.38,19.44,19.38,19.44,27772
2010-01-19,19.44,19.44,19.4,19.42,17412
2010-01-20,19.48,19.52,19.48,19.52,89676
2010-01-21,19.49,19.59,19.49,19.59,50509
2010-01-22,19.6,19.67,19.55,19.67,13652
2010-01-25,19.64,19.64,19.52,19.53,7466
2010-01-26,19.58,19.68,19.58,19.64,11705
2010-01-27,19.67,19.74,19.67,19.73,15873
2010-01-28,19.74,19.74,19.66,19.67,9152
2010-01-29,19.74,19.74,19.68,19.74,16299
2010-02-01,19.73,19.73,19.65,19.73,57230
2010-02-02,19.72,19.72,19.68,19.72,18488
2010-02-03,19.67,19.67,19.6,19.63,96726
2010-02-04,19.64,19.7,19.64,19.7,9491
2010-02-05,19.66,19.68,19.6,19.61,19218
2010-02-08,19.61,19.71,19.61,19.61,32724
2010-02-09,19.61,19.7,19.6,19.67,6270
2010-02-10,19.71,19.71,19.61,19.61,5462
2010-02-11,19.51,19.63,19.51,19.6,25542
2010-02-12,19.48,19.58,19.46,19.47,13929
2010-02-16,19.49,19.6,19.45,19.56,13584
2010-02-17,19.52,19.55,19.47,19.52,28891
2010-02-18,19.59,19.59,19.45,19.59,7655
2010-02-19,19.47,19.61,19.46,19.61,12150
2010-02-22,19.56,19.59,19.54,19.59,45471
2010-02-23,19.6,19.72,19.6,19.63,5153
2010-02-24,19.66,19.73,19.58,19.58,26597
2010-02-25,19.74,19.75,19.66,19.73,24500
2010-02-26,19.73,19.82,19.73,19.82,9577
2010-03-01,19.65,19.73,19.63,19.68,36299
2010-03-02,19.72,19.74,19.68,19.74,3654
2010-03-03,19.74,19.75,19.69,19.75,6700
2010-03-04,19.75,19.83,19.75,19.75,19093
2010-03-05,19.68,19.75,19.68,19.75,14833
2010-03-08,19.7,19.7,19.62,19.64,12572
2010-03-09,19.6,19.65,19.55,19.63,10152
2010-03-10,19.61,19.61,19.54,19.59,6545
2010-03-11,19.55,19.69,19.55,19.69,10724
2010-03-12,19.66,19.72,19.65,19.71,4453
2010-03-15,19.71,19.72,19.7,19.7,5176
2010-03-16,19.67,19.88,19.67,19.88,21619
2010-03-17,19.8,19.86,19.8,19.83,4148
2010-03-18,19.84,19.9,19.81,19.88,3599
2010-03-19,19.89,19.9,19.83,19.83,13011
2010-03-22,19.86,19.89,19.82,19.83,5173
2010-03-23,19.82,19.89,19.82,19.89,4372
2010-03-24,19.81,19.82,19.8,19.82,3930
2010-03-25,19.74,19.74,19.66,19.73,9453
2010-03-26,19.46,19.52,19.38,19.46,28623
2010-03-29,19.4,19.5,19.4,19.5,18153
2010-03-30,19.48,19.48,19.4,19.4,7120
2010-03-31,19.42,19.5,19.42,19.5,3756
2010-04-01,19.55,19.55,19.43,19.53,11117
2010-04-05,19.4,19.45,19.38,19.44,26338
2010-04-06,19.49,19.49,19.4,19.43,536
2010-04-07,19.4,19.43,19.38,19.43,3953
2010-04-08,19.44,19.5,19.35,19.38,6183
2010-04-09,19.45,19.46,19.34,19.4,20188
2010-04-12,19.44,19.46,19.42,19.42,15045
2010-04-13,19.4,19.41,19.37,19.41,11878
2010-04-14,19.33,19.4,19.28,19.28,7935
2010-04-15,19.36,19.38,19.28,19.3,3722
2010-04-16,19.3,19.41,19.3,19.31,5743
2010-04-19,19.41,19.46,19.39,19.42,29914
2010-04-20,19.36,19.37,19.3,19.34,17708
2010-04-21,19.35,19.41,19.32,19.41,5630
2010-04-22,19.42,19.43,19.31,19.31,9297
2010-04-23,19.3,19.4,19.3,19.34,4083
2010-04-26,19.45,19.46,19.29,19.4,340562
2010-04-27,19.4,19.57,19.4,19.54,9194
2010-04-28,19.5,19.5,19.38,19.47,33004
2010-04-29,19.49,19.49,19.43,19.43,11356
2010-04-30,19.5,19.6,19.5,19.53,10272
2010-05-03,19.6,19.6,19.46,19.52,9749
2010-05-04,19.61,19.71,19.61,19.68,4626
2010-05-05,19.7,19.72,19.64,19.72,42427
2010-05-06,19.65,19.8,19.65,19.8,4279
2010-05-07,19.69,19.77,19.69,19.73,8008
2010-05-10,19.51,19.69,19.51,19.67,4527
2010-05-11,19.71,19.71,19.57,19.62,10591
2010-05-12,19.59,19.68,19.59,19.66,75571
2010-05-13,19.69,19.78,19.68,19.78,8526
2010-05-14,19.82,19.98,19.82,19.83,29502
2010-05-17,19.9,19.9,19.73,19.73,29111
2010-05-18,19.76,19.87,19.76,19.82,12984
2010-05-19,19.79,19.88,19.75,19.87,11516
2010-05-20,19.95,19.95,19.74,19.74,12815
2010-05-21,19.94,19.94,19.79,19.88,13278
2010-05-25,19.93,20.05,19.93,20.01,31405
2010-05-26,20,20.06,19.89,20.06,34000
2010-05-27,19.98,19.98,19.88,19.9,20550
2010-05-28,19.88,20.1,19.88,20.09,56991
2010-05-31,20.08,20.14,20.06,20.1,28324
2010-06-01,20.22,20.22,20.03,20.04,10445
2010-06-02,20,20.02,19.93,20,23434
2010-06-03,19.97,20.01,19.96,20.01,24188
2010-06-04,19.99,20.03,19.99,20.01,4474
2010-06-07,20.03,20.1,20,20,11538
2010-06-08,20.11,20.12,20.01,20.04,9411
2010-06-09,20.05,20.05,19.92,19.92,9773
2010-06-10,19.94,19.94,19.86,19.86,11119
2010-06-11,19.95,19.95,19.85,19.88,20914
2010-06-14,19.82,19.87,19.67,19.72,12711
2010-06-15,19.87,19.9,19.79,19.9,74580
2010-06-16,19.84,19.95,19.81,19.95,13848
2010-06-17,19.88,20.13,19.88,20.12,21341
2010-06-18,20.13,20.13,19.97,19.97,11385
2010-06-21,19.99,20.09,19.94,20.09,19245
2010-06-22,20.09,20.2,20.02,20.18,16919
2010-06-23,20.27,20.3,20.17,20.3,14534
2010-06-24,20.3,20.33,20.25,20.32,15780
2010-06-25,20.02,20.17,20.02,20.11,23204
2010-06-28,20.14,20.14,20.1,20.13,6254
2010-06-29,20.13,20.22,20.13,20.22,74886
2010-06-30,20.22,20.28,20.15,20.28,21534
2010-07-02,20.21,20.21,20.07,20.16,34584
2010-07-05,20.3,20.3,20.27,20.3,8097
2010-07-06,20.13,20.26,20.09,20.2,35014
2010-07-07,20.21,20.21,20.11,20.11,15097
2010-07-08,20.03,20.1,19.95,19.95,23389
2010-07-09,19.97,19.97,19.9,19.91,11019
2010-07-12,19.96,20.07,19.96,20.04,12670
2010-07-13,19.99,19.99,19.95,19.95,14939
2010-07-14,19.94,19.94,19.87,19.94,13911
2010-07-15,19.89,20.03,19.89,19.89,67860
2010-07-16,19.94,20.14,19.94,20.09,302203
2010-07-19,20.09,20.11,20.05,20.06,4174
2010-07-20,20.13,20.13,20,20,10493
2010-07-21,20.07,20.12,20.06,20.12,21535
2010-07-22,20.09,20.09,20.03,20.04,40333
2010-07-23,20.04,20.16,20,20.04,53383
2010-07-26,20.04,20.07,20.03,20.07,10243
2010-07-27,19.95,19.97,19.95,19.97,18175
2010-07-28,19.95,20.02,19.92,20.02,51501
2010-07-29,20.02,20.11,19.97,20.06,43957
2010-07-30,20.14,20.23,20.07,20.23,10696
2010-08-03,20.12,20.27,20.12,20.25,163980
2010-08-04,20.24,20.24,20.13,20.16,12791
2010-08-05,20.23,20.3,20.2,20.24,8550
2010-08-06,20.37,20.37,20.3,20.33,26990
2010-08-09,20.33,20.37,20.32,20.37,27917
2010-08-10,20.35,20.4,20.34,20.4,31171
2010-08-11,20.43,20.48,20.36,20.47,39118
2010-08-12,20.36,20.45,20.36,20.37,39180
2010-08-13,20.4,20.44,20.4,20.42,17997
2010-08-16,20.47,20.6,20.47,20.59,21531
2010-08-17,20.54,20.56,20.52,20.56,32689
2010-08-18,20.6,20.6,20.56,20.59,29284
2010-08-19,20.62,20.7,20.62,20.67,36164
2010-08-20,20.72,20.74,20.66,20.66,21305
2010-08-23,20.68,20.68,20.6,20.67,18990
2010-08-24,20.74,20.76,20.65,20.73,15620
2010-08-25,20.86,20.88,20.76,20.8,58827
2010-08-26,20.82,20.85,20.78,20.83,20131
2010-08-27,20.76,20.76,20.66,20.66,16414
2010-08-30,20.74,20.82,20.74,20.81,24255
2010-08-31,20.89,20.89,20.78,20.8,26542
2010-09-01,20.73,20.73,20.52,20.59,29921
2010-09-02,20.66,20.66,20.63,20.63,4931
2010-09-03,20.49,20.53,20.42,20.42,50575
2010-09-07,20.56,20.78,20.56,20.78,49016
2010-09-08,20.74,20.74,20.61,20.66,30567
2010-09-09,20.61,20.61,20.54,20.55,14460
2010-09-10,20.53,20.62,20.52,20.56,88611
2010-09-13,20.55,20.55,20.46,20.47,334940
2010-09-14,20.5,20.67,20.5,20.67,101415
2010-09-15,20.63,20.66,20.61,20.61,67419
2010-09-16,20.63,20.63,20.55,20.6,18157
2010-09-17,20.54,20.61,20.54,20.61,9417
2010-09-20,20.66,20.73,20.58,20.73,29676
2010-09-21,20.73,20.8,20.65,20.8,18133
2010-09-22,20.88,20.99,20.87,20.97,59386
2010-09-23,20.98,20.98,20.87,20.89,62430
2010-09-24,20.88,20.95,20.83,20.86,30487
2010-09-27,20.85,21,20.83,20.87,10020
2010-09-28,21.07,21.25,20.94,21.15,38590
2010-09-29,21.01,21.18,21.01,21.18,15040
2010-09-30,21.2,21.2,21.07,21.1,26001
2010-10-01,21.13,21.13,20.88,20.98,75112
2010-10-04,21.08,21.08,20.98,21.01,18621
2010-10-05,21.15,21.15,21.02,21.03,42663
2010-10-06,21.09,21.13,21.05,21.09,38855
2010-10-07,21.13,21.13,21,21.06,20786
2010-10-08,21.04,21.09,21.04,21.07,12976
2010-10-12,20.99,21.11,20.98,20.99,21981
2010-10-13,20.97,21.02,20.95,20.98,62286
2010-10-14,21,21.07,20.94,21.07,95460
2010-10-15,20.95,21.04,20.95,21.01,217758
2010-10-18,21,21.03,20.96,21.03,191663
2010-10-19,20.96,21.09,20.96,21.08,18167
2010-10-20,21.09,21.1,21.04,21.1,38575
2010-10-21,21.09,21.18,21.04,21.14,29965
2010-10-22,21.1,21.16,21.09,21.16,47421
2010-10-25,21.25,21.26,21.22,21.25,67755
2010-10-26,21.07,21.08,21.02,21.04,66711
2010-10-27,20.91,20.94,20.86,20.86,27154
2010-10-28,20.83,20.9,20.83,20.89,57445
2010-10-29,20.98,21.05,20.93,21.04,31532
2010-11-01,21.09,21.09,20.94,20.95,16535
2010-11-02,20.94,20.94,20.87,20.87,12573
2010-11-03,20.91,20.99,20.9,20.93,25678
2010-11-04,20.87,21.02,20.86,21.02,30320
2010-11-05,20.99,20.99,20.9,20.92,32850
2010-11-08,20.88,20.99,20.88,20.96,15369
2010-11-09,20.99,20.99,20.79,20.8,34378
2010-11-10,20.75,20.77,20.69,20.73,24685
2010-11-11,20.73,20.77,20.69,20.74,25834
2010-11-12,20.74,20.74,20.61,20.64,26305
2010-11-15,20.54,20.54,20.36,20.36,22989
2010-11-16,20.42,20.48,20.32,20.48,35253
2010-11-17,20.45,20.48,20.4,20.47,26960
2010-11-18,20.49,20.5,20.41,20.45,9522
2010-11-19,20.5,20.51,20.45,20.49,6603
2010-11-22,20.57,20.6,20.53,20.56,32973
2010-11-23,20.6,20.64,20.5,20.55,43400
2010-11-24,20.43,20.49,20.18,20.18,220682
2010-11-25,20.24,20.28,20.23,20.23,7784
2010-11-26,20.35,20.45,20.35,20.44,23659
2010-11-29,20.52,20.57,20.51,20.57,20637
2010-11-30,20.6,20.7,20.6,20.65,22165
2010-12-01,20.6,20.6,20.46,20.49,45811
2010-12-02,20.39,20.39,20.27,20.34,59871
2010-12-03,20.37,20.38,20.23,20.23,25918
2010-12-06,20.25,20.39,20.25,20.36,17951
2010-12-07,20.23,20.26,20.05,20.13,43967
2010-12-08,20.11,20.15,19.99,20.07,43394
2010-12-09,20.17,20.2,20.06,20.12,56149
2010-12-10,20.09,20.09,20.01,20.01,6286
2010-12-13,19.99,20.16,19.98,20.12,103569
2010-12-14,20.13,20.13,19.96,19.97,20452
2010-12-15,19.96,20.02,19.96,20,13932
2010-12-16,20.05,20.2,20,20.11,53558
2010-12-17,20.2,20.4,20.2,20.35,16332
2010-12-20,20.44,20.53,20.42,20.53,215655
2010-12-21,20.52,20.53,20.45,20.52,41332
2010-12-22,20.52,20.58,20.48,20.58,19547
2010-12-23,20.54,20.59,20.49,20.59,9203
2010-12-24,20.54,20.55,20.52,20.52,2273
2010-12-29,20.38,20.49,20.31,20.44,39720
2010-12-30,20.5,20.58,20.48,20.58,7741
2010-12-31,20.57,20.69,20.51,20.66,3929
2011-01-04,20.46,20.61,20.46,20.49,35366
2011-01-05,20.43,20.43,20.24,20.36,26859
2011-01-06,20.37,20.38,20.25,20.31,59402
2011-01-07,20.26,20.37,20.25,20.35,54177
2011-01-10,20.41,20.42,20.34,20.37,31313
2011-01-11,20.32,20.35,20.26,20.28,19269
2011-01-12,20.28,20.28,20.16,20.16,18505
2011-01-13,20.15,20.2,20.11,20.2,19818
2011-01-14,20.25,20.3,20.17,20.17,17428
2011-01-17,20.17,20.29,20.17,20.26,14135
2011-01-18,20.2,20.2,20.06,20.08,41157
2011-01-19,20.17,20.22,20.13,20.17,24545
2011-01-20,20.12,20.14,20.03,20.14,29029
2011-01-21,20.06,20.06,19.98,19.98,15372
2011-01-24,20.03,20.1,20.03,20.1,13175
2011-01-25,20.16,20.18,20.08,20.12,38947
2011-01-26,20.12,20.12,20.05,20.05,25830
2011-01-27,20.05,20.18,20,20.17,31199
2011-01-28,20.11,20.21,20.09,20.2,45070
2011-01-31,20.15,20.2,20.07,20.18,68045
2011-02-01,20.1,20.1,20.02,20.09,20011
2011-02-02,20.08,20.08,20,20.05,33896
2011-02-03,20.02,20.03,19.94,19.97,23899
2011-02-04,19.95,19.99,19.94,19.98,14308
2011-02-07,19.88,19.96,19.87,19.95,104297
2011-02-08,19.97,20,19.94,19.95,35010
2011-02-09,20.01,20.05,19.91,20.01,27717
2011-02-10,20.05,20.05,19.97,20,382107
2011-02-11,19.98,20.05,19.97,20.03,58283
2011-02-14,19.91,20.02,19.91,20.01,39142
2011-02-15,19.99,19.99,19.89,19.89,16826
2011-02-16,19.89,19.97,19.89,19.97,63700
2011-02-17,19.91,20.02,19.91,20,19079
2011-02-18,19.9,19.98,19.87,19.98,46588
2011-02-22,20,20.12,20,20.11,34921
2011-02-23,20.02,20.15,20.02,20.1,37063
2011-02-24,20.17,20.21,20.12,20.14,11768
2011-02-25,20.13,20.23,20.13,20.21,12498
2011-02-28,20.21,20.29,20.21,20.29,19997
2011-03-01,20.22,20.26,20.16,20.26,34240
2011-03-02,20.22,20.23,20.15,20.16,41976
2011-03-03,20.01,20.03,19.95,19.95,28842
2011-03-04,19.99,20.13,19.98,20.11,15543
2011-03-07,20.05,20.09,19.99,20.06,23588
2011-03-08,19.95,19.99,19.87,19.9,28496
2011-03-09,19.95,20.01,19.94,20.01,7358
2011-03-10,19.97,20.07,19.97,20.03,28094
2011-03-11,20.07,20.11,20.05,20.11,13739
2011-03-14,20.09,20.09,20.07,20.09,9976
2011-03-15,20.22,20.22,20.1,20.12,14964
2011-03-16,20.18,20.28,20.18,20.21,42621
2011-03-17,20.24,20.29,20.15,20.25,35079
2011-03-18,20.21,20.28,20.19,20.27,57061
2011-03-21,20.24,20.27,20.16,20.27,13537
2011-03-22,20.2,20.33,20.2,20.33,24732
2011-03-23,20.34,20.39,20.31,20.36,14366
2011-03-24,20.24,20.39,20.24,20.33,30286
2011-03-25,20.33,20.33,20.24,20.27,5356
2011-03-28,20.09,20.28,20.09,20.23,14497
2011-03-29,20.2,20.21,20.13,20.17,3410
2011-03-30,20.17,20.18,20.11,20.18,17704
2011-03-31,20.1,20.17,20.09,20.11,17361
2011-04-01,20.07,20.07,19.99,20.06,86722
2011-04-04,20.05,20.13,20.05,20.08,12519
2011-04-05,20.08,20.08,20.01,20.03,50302
2011-04-06,20,20.08,19.93,19.95,25698
2011-04-07,19.94,19.95,19.86,19.91,27130
2011-04-08,19.83,19.9,19.83,19.85,22784
2011-04-11,19.83,19.85,19.77,19.77,30978
2011-04-12,19.83,19.94,19.83,19.92,24110
2011-04-13,19.92,20.03,19.91,20.03,22816
2011-04-14,20.08,20.09,20.04,20.09,27438
2011-04-15,20.09,20.17,20.09,20.16,20282
2011-04-18,20.2,20.28,20.19,20.26,35211
2011-04-19,20.18,20.18,20.13,20.18,28656
2011-04-20,20.14,20.16,20.05,20.05,13585
2011-04-21,20.15,20.21,20.09,20.13,103741
2011-04-25,20.13,20.18,20.11,20.17,47478
2011-04-26,20.14,20.23,20.13,20.22,19766
2011-04-27,20.13,20.15,20.04,20.04,13075
2011-04-28,20.14,20.21,20.12,20.21,29052
2011-04-29,20.18,20.21,20.16,20.2,14424
2011-05-02,20.21,20.21,20.15,20.16,26451
2011-05-03,20.25,20.31,20.21,20.27,79717
2011-05-04,20.31,20.4,20.31,20.39,43858
2011-05-05,20.42,20.56,20.42,20.56,57626
2011-05-06,20.49,20.5,20.46,20.48,6424
2011-05-09,20.52,20.55,20.48,20.49,13470
2011-05-10,20.49,20.49,20.39,20.41,17690
2011-05-11,20.4,20.43,20.34,20.43,20234
2011-05-12,20.43,20.44,20.36,20.38,18395
2011-05-13,20.42,20.49,20.41,20.49,11403
2011-05-16,20.49,20.56,20.48,20.55,35341
2011-05-17,20.56,20.59,20.54,20.58,9001
2011-05-18,20.6,20.6,20.46,20.46,19840
2011-05-19,20.41,20.53,20.41,20.53,3726
2011-05-20,20.6,20.64,20.59,20.61,30338
2011-05-24,20.63,20.69,20.58,20.69,20699
2011-05-25,20.7,20.7,20.66,20.7,8519
2011-05-26,20.7,20.7,20.61,20.67,53500
2011-05-27,20.67,20.72,20.65,20.66,26237
2011-05-30,20.66,20.75,20.66,20.74,22056
2011-05-31,20.7,20.75,20.66,20.71,99921
2011-06-01,20.73,20.88,20.73,20.88,15251
2011-06-02,20.73,20.81,20.73,20.75,11528
2011-06-03,20.76,20.8,20.7,20.8,445696
2011-06-06,20.72,20.74,20.62,20.65,7291
2011-06-07,20.65,20.69,20.55,20.66,136469
2011-06-08,20.67,20.76,20.67,20.76,19356
2011-06-09,20.77,20.77,20.66,20.71,12532
2011-06-10,20.8,20.81,20.75,20.79,7430
2011-06-13,20.85,20.9,20.77,20.86,14502
2011-06-14,20.81,20.81,20.73,20.76,22751
2011-06-15,20.76,20.89,20.76,20.89,69444
2011-06-16,20.92,20.99,20.92,20.98,51224
2011-06-17,20.98,21.04,20.96,20.96,108411
2011-06-20,20.95,21.02,20.85,20.99,355668
2011-06-21,20.94,20.98,20.87,20.97,32756
2011-06-22,20.9,20.99,20.9,20.94,45667
2011-06-23,21.08,21.14,21.04,21.06,59606
2011-06-24,20.95,21.14,20.95,21.14,6700
2011-06-27,21.1,21.1,20.95,21,16121
2011-06-28,20.87,20.89,20.8,20.85,49204
2011-06-29,20.81,20.81,20.65,20.68,20221
2011-06-30,20.73,20.73,20.56,20.64,14114
2011-07-04,20.63,20.63,20.59,20.63,15862
2011-07-05,20.62,20.7,20.62,20.7,54198
2011-07-06,20.73,20.8,20.73,20.79,30219
2011-07-07,20.77,20.81,20.71,20.81,49650
2011-07-08,20.95,21.04,20.91,21.04,33057
2011-07-11,21.04,21.17,21.04,21.17,22743
2011-07-12,21.14,21.17,21.11,21.17,27110
2011-07-13,21.1,21.1,21.03,21.07,36575
2011-07-14,21,21.09,20.99,21.03,27465
2011-07-15,21.01,21.19,21.01,21.19,30117
2011-07-18,21.11,21.22,21.11,21.2,16377
2011-07-19,21.12,21.24,21.12,21.24,20950
2011-07-20,21.16,21.17,21.07,21.14,47540
2011-07-21,21.03,21.03,20.96,21,25872
2011-07-22,20.91,21.06,20.91,21.06,6932
2011-07-25,21.02,21.05,20.97,21.01,13908
2011-07-26,20.96,21.06,20.96,21.05,21705
2011-07-27,21.09,21.15,21.09,21.15,3678
2011-07-28,21.16,21.19,21.16,21.16,20550
2011-07-29,21.23,21.32,21.23,21.32,9918
2011-08-02,21.48,21.71,21.48,21.71,59040
2011-08-03,21.68,21.76,21.62,21.62,20290
2011-08-04,21.66,21.88,21.61,21.88,23269
2011-08-05,21.67,21.74,21.54,21.6,87823
2011-08-08,21.55,21.67,21.55,21.67,18062
2011-08-09,21.57,21.91,21.57,21.79,36630
2011-08-10,21.93,22.12,21.92,22.11,26751
2011-08-11,22.03,22.06,21.79,21.82,49925
2011-08-12,21.85,21.93,21.83,21.83,10329
2011-08-15,21.84,21.85,21.73,21.78,20224
2011-08-16,21.81,21.88,21.75,21.86,18582
2011-08-17,21.87,21.99,21.77,21.99,10486
2011-08-18,22.21,22.3,22.15,22.16,43920
2011-08-19,22.17,22.24,22.15,22.24,14456
2011-08-22,22.2,22.29,22.12,22.29,209669
2011-08-23,22.22,22.26,22.12,22.13,15329
2011-08-24,22.07,22.07,21.89,21.89,13900
2011-08-25,21.86,21.94,21.85,21.92,8277
2011-08-26,21.95,21.96,21.85,21.96,10724
2011-08-29,21.83,21.83,21.65,21.74,86928
2011-08-30,21.84,21.92,21.77,21.89,27216
2011-08-31,21.88,21.88,21.65,21.65,16025
2011-09-01,21.71,21.83,21.65,21.8,17387
2011-09-02,21.91,22.09,21.91,22.09,109080
2011-09-06,22.31,22.31,22.12,22.23,59140
2011-09-07,22.14,22.14,22.04,22.11,11978
2011-09-08,22.07,22.23,22.07,22.23,4695
2011-09-09,22.35,22.5,22.33,22.5,23111
2011-09-12,22.48,22.49,22.48,22.49,19851
2011-09-13,22.43,22.43,22.35,22.39,6775
2011-09-14,22.32,22.32,22.24,22.24,9290
2011-09-15,22.2,22.21,22.11,22.16,13425
2011-09-16,22.11,22.19,22.08,22.1,154067
2011-09-19,22.23,22.28,22.21,22.26,4037
2011-09-20,22.23,22.25,22.16,22.25,631718
2011-09-21,22.22,22.48,22.2,22.48,18060
2011-09-22,22.69,22.77,22.64,22.75,51772
2011-09-23,22.62,22.72,22.59,22.67,24334
2011-09-26,22.48,22.53,22.35,22.37,77599
2011-09-27,22.17,22.2,22.13,22.2,28771
2011-09-28,22.2,22.2,22.05,22.12,33155
2011-09-29,22.13,22.26,22.08,22.2,15067
2011-09-30,22.3,22.38,22.24,22.31,21308
2011-10-03,22.52,22.57,22.47,22.57,43865
2011-10-04,22.73,22.77,22.6,22.6,14849
2011-10-05,22.54,22.54,22.45,22.49,23731
2011-10-06,22.39,22.39,22.27,22.31,14335
2011-10-07,22.18,22.26,22.18,22.25,35639
2011-10-11,22.18,22.18,22.06,22.13,111258
2011-10-12,21.97,22,21.85,21.96,27034
2011-10-13,21.95,22.1,21.95,22.08,8687
2011-10-14,21.98,22,21.9,21.92,31267
2011-10-17,21.96,22.14,21.96,22.14,22483
2011-10-18,22.19,22.22,22.06,22.07,297599
2011-10-19,21.99,22.05,21.95,22,13038
2011-10-20,22.07,22.1,21.98,22.05,19618
2011-10-21,21.86,21.95,21.85,21.92,28174
2011-10-24,21.95,21.95,21.84,21.85,39887
2011-10-25,21.86,22.04,21.86,22.04,41952
2011-10-26,21.97,22,21.76,21.81,31998
2011-10-27,21.59,21.68,21.43,21.44,162400
2011-10-28,21.59,21.67,21.56,21.61,15939
2011-10-31,21.94,22.11,21.92,22.11,37450
2011-11-01,22.32,22.58,22.32,22.52,110018
2011-11-02,22.28,22.41,22.28,22.4,196534
2011-11-03,22.36,22.42,22.3,22.34,21573
2011-11-04,22.33,22.45,22.32,22.45,6033
2011-11-07,22.48,22.54,22.45,22.47,18939
2011-11-08,22.45,22.52,22.4,22.45,9249
2011-11-09,22.61,22.68,22.54,22.68,24891
2011-11-10,22.6,22.65,22.58,22.61,18851
2011-11-11,22.64,22.66,22.53,22.53,6949
2011-11-14,22.6,22.64,22.57,22.64,11847
2011-11-15,22.65,22.67,22.5,22.55,37414
2011-11-16,22.48,22.59,22.46,22.58,19225
2011-11-17,22.5,22.68,22.5,22.68,12220
2011-11-18,22.59,22.6,22.46,22.55,70899
2011-11-21,22.55,22.64,22.55,22.6,12427
2011-11-22,22.6,22.69,22.59,22.69,24490
2011-11-23,22.55,22.71,22.49,22.7,14338
2011-11-24,22.67,22.7,22.65,22.7,2877
2011-11-25,22.7,22.7,22.6,22.6,20078
2011-11-28,22.21,22.61,22.21,22.58,131063
2011-11-29,22.43,22.55,22.38,22.5,12377
2011-11-30,22.49,22.51,22.46,22.46,37274
2011-12-01,22.45,22.62,22.45,22.61,17188
2011-12-02,22.44,22.61,22.43,22.61,96537
2011-12-05,22.52,22.71,22.52,22.71,26719
2011-12-06,22.66,22.73,22.59,22.68,21331
2011-12-07,22.64,22.84,22.64,22.83,40365
2011-12-08,22.87,23.02,22.84,22.96,43480
2011-12-09,22.98,22.98,22.75,22.79,46639
2011-12-12,22.87,22.92,22.86,22.89,47217
2011-12-13,22.87,23.04,22.82,23.04,25476
2011-12-14,23.06,23.14,23.03,23.14,27538
2011-12-15,23.07,23.19,23.06,23.19,29594
2011-12-16,23.21,23.39,23.21,23.33,58098
2011-12-19,23.35,23.48,23.33,23.41,25491
2011-12-20,23.44,23.47,23.38,23.38,55042
2011-12-21,23.46,23.48,23.31,23.33,42035
2011-12-22,23.41,23.44,23.26,23.34,56147
2011-12-23,23.22,23.22,23.08,23.19,28868
2011-12-28,23.13,23.27,23.12,23.27,36778
2011-12-29,23.26,23.28,23.18,23.26,50011
2011-12-30,23.29,23.38,23.27,23.38,23189
2012-01-03,23.2,23.22,23.1,23.1,11784
2012-01-04,23.1,23.11,23.03,23.03,19607
2012-01-05,23.08,23.19,23.08,23.15,27872
2012-01-06,23.16,23.28,23.16,23.28,26907
2012-01-09,23.29,23.33,23.24,23.29,35179
2012-01-10,23.22,23.27,23.18,23.24,34316
2012-01-11,23.22,23.38,23.22,23.32,60414
2012-01-12,23.37,23.37,23.26,23.26,47656
2012-01-13,23.33,23.46,23.33,23.41,27348
2012-01-16,23.36,23.41,23.36,23.36,48072
2012-01-17,23.31,23.41,23.23,23.4,833730
2012-01-18,23.46,23.46,23.2,23.2,46690
2012-01-19,23.26,23.28,23.16,23.19,28524
2012-01-20,23.11,23.14,23,23.04,69485
2012-01-23,22.87,22.95,22.79,22.91,86759
2012-01-24,22.85,22.94,22.81,22.87,32515
2012-01-25,22.73,23,22.73,22.95,50358
2012-01-26,22.88,22.97,22.87,22.92,61031
2012-01-27,22.99,23.06,22.99,23.06,62804
2012-01-30,23.24,23.27,23.19,23.26,44252
2012-01-31,23.24,23.38,23.24,23.38,65711
2012-02-01,23.33,23.33,23.2,23.3,49843
2012-02-02,23.29,23.31,23.18,23.19,58502
2012-02-03,23.02,23.03,22.9,22.95,172019
2012-02-06,23.06,23.11,23.01,23.11,229409
2012-02-07,23.08,23.09,22.94,23.02,47817
2012-02-08,22.96,23.01,22.95,23,30859
2012-02-09,22.89,22.94,22.8,22.92,46493
2012-02-10,22.96,23.1,22.95,23.08,70901
2012-02-13,23,23.06,22.96,22.97,52863
2012-02-14,23.02,23.14,23.02,23.04,106575
2012-02-15,23.09,23.16,23.07,23.12,149124
2012-02-16,23.12,23.12,22.96,22.96,110329
2012-02-17,22.96,23.04,22.96,23.04,59626
2012-02-21,22.92,22.97,22.86,22.93,88438
2012-02-22,22.89,22.92,22.86,22.92,30264
2012-02-23,22.85,22.95,22.85,22.94,23788
2012-02-24,22.99,22.99,22.94,22.95,57602
2012-02-27,23.01,23.04,23,23.01,54816
2012-02-28,23.02,23.04,23,23.02,43065
2012-02-29,23.04,23.07,23,23.05,36968
2012-03-01,22.94,22.99,22.89,22.99,47617
2012-03-02,23.01,23.1,23,23.05,163684
2012-03-05,23.05,23.09,23.03,23.04,25470
2012-03-06,23.13,23.15,23.1,23.13,40427
2012-03-07,23.11,23.12,23.04,23.05,38790
2012-03-08,22.98,23.04,22.94,22.94,58164
2012-03-09,22.97,23,22.91,22.95,48780
2012-03-12,23.04,23.12,23.04,23.1,35037
2012-03-13,23.03,23.08,22.96,22.98,29949
2012-03-14,22.82,22.83,22.64,22.71,81484
2012-03-15,22.61,22.7,22.58,22.58,34185
2012-03-16,22.48,22.55,22.43,22.48,428439
2012-03-19,22.46,22.49,22.35,22.37,544812
2012-03-20,22.45,22.5,22.36,22.37,92767
2012-03-21,22.44,22.59,22.44,22.55,32704
2012-03-22,22.62,22.73,22.62,22.68,35975
2012-03-23,22.65,22.65,22.54,22.61,26277
2012-03-26,22.62,22.65,22.56,22.64,753447
2012-03-27,22.64,22.76,22.64,22.76,41667
2012-03-28,22.74,22.83,22.74,22.75,27528
2012-03-29,22.88,22.92,22.85,22.85,22271
2012-03-30,22.98,22.98,22.8,22.81,21078
2012-04-02,22.88,22.9,22.83,22.83,162794
2012-04-03,22.85,22.86,22.59,22.62,45455
2012-04-04,22.69,22.75,22.69,22.75,25184
2012-04-05,22.76,22.76,22.66,22.66,44681
2012-04-09,22.92,22.94,22.88,22.92,32946
2012-04-10,22.95,23.14,22.95,23.12,14119
2012-04-11,23,23.01,22.95,22.99,8994
2012-04-12,22.99,22.99,22.93,22.94,14104
2012-04-13,22.95,23.08,22.95,23.04,25482
2012-04-16,23.02,23.08,22.98,22.99,478001
2012-04-17,22.85,22.86,22.79,22.86,30165
2012-04-18,22.88,22.92,22.85,22.9,21219
2012-04-19,22.94,22.99,22.92,22.95,22588
2012-04-20,22.81,22.85,22.78,22.83,26407
2012-04-23,22.88,22.89,22.77,22.77,26122
2012-04-24,22.82,22.82,22.73,22.75,26917
2012-04-25,22.71,22.71,22.6,22.63,13635
2012-04-26,22.68,22.76,22.68,22.75,39160
2012-04-27,22.69,22.73,22.69,22.73,13341
2012-04-30,22.75,22.83,22.72,22.72,331591
2012-05-01,22.78,22.79,22.71,22.78,54395
2012-05-02,22.85,22.97,22.85,22.93,32600
2012-05-03,22.91,22.94,22.85,22.94,8865
2012-05-04,22.95,23.1,22.95,23.1,37380
2012-05-07,23.1,23.14,23.04,23.07,130702
2012-05-08,23.12,23.16,23.12,23.16,53160
2012-05-09,23.18,23.18,23.06,23.06,32300
2012-05-10,23.06,23.11,23.04,23.1,38852
2012-05-11,23.16,23.22,23.12,23.22,42731
2012-05-14,23.25,23.31,23.21,23.24,19016
2012-05-15,23.18,23.2,23.14,23.14,122533
2012-05-16,23.12,23.22,23.12,23.22,29935
2012-05-17,23.18,23.28,23.18,23.24,48818
2012-05-18,23.24,23.29,23.24,23.28,21263
2012-05-22,23.17,23.18,23.12,23.18,1030623
2012-05-23,23.19,23.29,23.18,23.24,50983
2012-05-24,23.25,23.33,23.25,23.33,16784
2012-05-25,23.39,23.46,23.39,23.46,30036
2012-05-28,23.47,23.48,23.36,23.38,13157
2012-05-29,23.46,23.46,23.32,23.32,31027
2012-05-30,23.49,23.52,23.46,23.5,49133
2012-05-31,23.55,23.67,23.55,23.65,32392
2012-06-01,23.86,23.96,23.81,23.95,96134
2012-06-04,23.76,23.82,23.74,23.78,118737
2012-06-05,23.76,23.79,23.58,23.61,89540
2012-06-06,23.61,23.64,23.43,23.43,32486
2012-06-07,23.43,23.5,23.31,23.31,59788
2012-06-08,23.48,23.52,23.42,23.47,25136
2012-06-11,23.43,23.53,23.43,23.51,21458
2012-06-12,23.45,23.49,23.37,23.41,57945
2012-06-13,23.48,23.51,23.41,23.5,81055
2012-06-14,23.49,23.49,23.42,23.42,12944
2012-06-15,23.46,23.51,23.43,23.51,37981
2012-06-18,23.54,23.54,23.46,23.49,18042
2012-06-19,23.38,23.42,23.35,23.42,12611
2012-06-20,23.33,23.42,23.33,23.41,12483
2012-06-21,23.46,23.58,23.46,23.58,59480
2012-06-22,23.45,23.46,23.42,23.43,18967
2012-06-25,23.51,23.59,23.51,23.59,16381
2012-06-26,23.52,23.54,23.48,23.49,20387
2012-06-27,23.53,23.54,23.47,23.51,67333
2012-06-28,23.59,23.61,23.56,23.6,20636
2012-06-29,23.47,23.52,23.43,23.52,35560
2012-07-03,23.51,23.54,23.45,23.46,19534
2012-07-04,23.58,23.59,23.53,23.54,61280
2012-07-05,23.57,23.6,23.52,23.54,107643
2012-07-06,23.66,23.67,23.58,23.62,25200
2012-07-09,23.69,23.69,23.65,23.68,65757
2012-07-10,23.68,23.73,23.67,23.71,10265
2012-07-11,23.79,23.79,23.72,23.72,31429
2012-07-12,23.77,23.81,23.76,23.81,26748
2012-07-13,23.83,23.85,23.76,23.85,14685
2012-07-16,23.9,23.94,23.87,23.87,19428
2012-07-17,23.89,23.89,23.86,23.86,17969
2012-07-18,23.9,23.9,23.83,23.87,24050
2012-07-19,23.81,23.83,23.79,23.79,13707
2012-07-20,23.85,23.85,23.83,23.85,16787
2012-07-23,23.99,23.99,23.94,23.96,26141
2012-07-24,23.81,23.93,23.81,23.93,38461
2012-07-25,23.87,23.9,23.86,23.88,31026
2012-07-26,23.77,23.77,23.7,23.73,179251
2012-07-27,23.6,23.6,23.48,23.55,56991
2012-07-30,23.55,23.63,23.55,23.63,15487
2012-07-31,23.72,23.74,23.67,23.72,8929
2012-08-01,23.67,23.68,23.62,23.63,24989
2012-08-02,23.69,23.85,23.69,23.85,23002
2012-08-03,23.73,23.74,23.66,23.72,61530
2012-08-07,23.5,23.5,23.43,23.46,36621
2012-08-08,23.48,23.5,23.46,23.46,10400
2012-08-09,23.53,23.56,23.44,23.56,45760
2012-08-10,23.67,23.68,23.61,23.61,52343
2012-08-13,23.61,23.64,23.61,23.62,7104
2012-08-14,23.51,23.51,23.47,23.49,9064
2012-08-15,23.36,23.36,23.21,23.26,85907
2012-08-16,23.18,23.21,23.03,23.04,52482
2012-08-17,23.04,23.2,23.04,23.09,19219
2012-08-20,23.12,23.16,23.09,23.13,23547
2012-08-21,23.06,23.11,23.01,23.11,11418
2012-08-22,23.3,23.42,23.28,23.39,797515
2012-08-23,23.43,23.48,23.43,23.45,21445
2012-08-24,23.39,23.39,23.32,23.34,38384
2012-08-27,23.36,23.41,23.36,23.41,20242
2012-08-28,23.41,23.48,23.41,23.47,17824
2012-08-29,23.49,23.49,23.37,23.45,9918
2012-08-30,23.51,23.55,23.51,23.53,4619
2012-08-31,23.53,23.56,23.51,23.56,26177
2012-09-04,23.57,23.58,23.52,23.55,9184
2012-09-05,23.58,23.62,23.56,23.59,224172
2012-09-06,23.46,23.46,23.38,23.4,29684
2012-09-07,23.46,23.46,23.32,23.35,31397
2012-09-10,23.3,23.32,23.25,23.29,9658
2012-09-11,23.27,23.31,23.23,23.26,12886
2012-09-12,23.13,23.16,23.12,23.13,18732
2012-09-13,23.24,23.27,23.03,23.16,92428
2012-09-14,23.06,23.06,22.97,23.02,130570
2012-09-17,23.04,23.13,23.04,23.1,9166
2012-09-18,23.23,23.27,23.21,23.21,10308
2012-09-19,23.28,23.35,23.27,23.35,69170
2012-09-20,23.47,23.48,23.41,23.48,15054
2012-09-21,23.39,23.45,23.38,23.45,43912
2012-09-24,23.5,23.52,23.48,23.5,16856
2012-09-25,23.5,23.51,23.44,23.51,9821
2012-09-26,23.63,23.67,23.61,23.67,5124
2012-09-27,23.64,23.67,23.62,23.62,6347
2012-09-28,23.64,23.75,23.64,23.68,11527
2012-10-01,23.63,23.72,23.61,23.72,18363
2012-10-02,23.6,23.69,23.6,23.68,4530
2012-10-03,23.63,23.72,23.63,23.72,39499
2012-10-04,23.67,23.67,23.55,23.56,21904
2012-10-05,23.47,23.47,23.42,23.42,9237
2012-10-09,23.41,23.46,23.41,23.46,21141
2012-10-10,23.38,23.44,23.36,23.44,47500
2012-10-11,23.39,23.44,23.37,23.43,13346
2012-10-12,23.46,23.52,23.46,23.46,11788
2012-10-15,23.46,23.49,23.39,23.4,21532
2012-10-16,23.4,23.4,23.34,23.34,9917
2012-10-17,23.26,23.27,23.15,23.15,323724
2012-10-18,23.2,23.27,23.17,23.19,11637
2012-10-19,23.23,23.33,23.22,23.32,10326
2012-10-22,23.25,23.29,23.25,23.29,7407
2012-10-23,23.37,23.38,23.34,23.37,5620
2012-10-24,23.28,23.32,23.28,23.32,31065
2012-10-25,23.17,23.22,23.15,23.15,12124
2012-10-26,23.23,23.29,23.23,23.27,5657
2012-10-29,23.39,23.39,23.34,23.38,2876
2012-10-30,23.42,23.42,23.41,23.41,3183
2012-10-31,23.37,23.44,23.35,23.38,1226159
2012-11-01,23.38,23.42,23.36,23.42,12719
2012-11-02,23.35,23.47,23.35,23.47,47900
2012-11-05,23.53,23.54,23.45,23.45,9776
2012-11-06,23.46,23.46,23.37,23.37,4433
2012-11-07,23.54,23.59,23.53,23.55,14418
2012-11-08,23.54,23.58,23.49,23.58,13068
2012-11-09,23.64,23.64,23.6,23.64,10926
2012-11-12,23.71,23.72,23.62,23.62,16811
2012-11-13,23.7,23.7,23.63,23.63,20518
2012-11-14,23.6,23.68,23.59,23.66,194952
2012-11-15,23.55,23.61,23.54,23.57,42780
2012-11-16,23.57,23.64,23.57,23.64,39050
2012-11-19,23.55,23.55,23.48,23.48,54888
2012-11-20,23.51,23.51,23.44,23.45,38332
2012-11-21,23.37,23.41,23.36,23.41,74151
2012-11-22,23.36,23.38,23.34,23.36,8389
2012-11-23,23.38,23.38,23.34,23.37,9435
2012-11-26,23.4,23.45,23.4,23.42,7568
2012-11-27,23.45,23.5,23.44,23.47,4037
2012-11-28,23.58,23.6,23.52,23.58,18643
2012-11-29,23.55,23.59,23.55,23.55,33769
2012-11-30,23.61,23.63,23.58,23.62,37538
2012-12-03,23.53,23.57,23.53,23.55,42502
2012-12-04,23.57,23.57,23.52,23.52,8504
2012-12-05,23.59,23.6,23.57,23.57,5043
2012-12-06,23.62,23.62,23.59,23.59,5486
2012-12-07,23.51,23.54,23.51,23.51,19227
2012-12-10,23.57,23.57,23.54,23.56,13613
2012-12-11,23.53,23.53,23.47,23.5,9696
2012-12-12,23.47,23.47,23.39,23.4,47231
2012-12-13,23.37,23.38,23.32,23.32,1312496
2012-12-14,23.32,23.39,23.32,23.39,9787
2012-12-17,23.41,23.41,23.3,23.35,19223
2012-12-18,23.26,23.32,23.24,23.29,57045
2012-12-19,23.29,23.36,23.29,23.35,26693
2012-12-20,23.35,23.39,23.34,23.37,18981
2012-12-21,23.46,23.54,23.46,23.54,8461
2012-12-24,23.42,23.42,23.4,23.42,3563
2012-12-27,23.42,23.51,23.42,23.51,5811
2012-12-28,23.5,23.53,23.49,23.52,8521
2012-12-31,23.49,23.49,23.41,23.45,4798
2013-01-02,23.26,23.28,23.22,23.27,24843
2013-01-03,23.26,23.26,23.1,23.1,500989
2013-01-04,23.07,23.11,23.05,23.11,217440
2013-01-07,23.09,23.1,23.06,23.1,30200
2013-01-08,23.16,23.19,23.12,23.17,53475
2013-01-09,23.19,23.2,23.15,23.18,13124
2013-01-10,23.08,23.13,23.08,23.11,10822
2013-01-11,23.07,23.1,23.02,23.1,16319
2013-01-14,23.15,23.15,23.07,23.07,19691
2013-01-15,23.16,23.2,23.16,23.16,7890
2013-01-16,23.22,23.26,23.18,23.26,25648
2013-01-17,23.17,23.17,23.08,23.15,10495
2013-01-18,23.17,23.22,23.16,23.2,11803
2013-01-21,23.15,23.18,23.13,23.16,5937
2013-01-22,23.11,23.16,23.11,23.16,649812
2013-01-23,23.19,23.28,23.19,23.28,62618
2013-01-24,23.23,23.23,23.15,23.15,6112
2013-01-25,23.07,23.09,23.05,23.05,35945
2013-01-28,22.93,23,22.92,22.99,18226
2013-01-29,23,23.02,22.92,22.95,113736
2013-01-30,22.9,22.92,22.86,22.9,18266
2013-01-31,22.91,22.91,22.87,22.88,10967
2013-02-01,22.9,22.93,22.7,22.72,60728
2013-02-04,22.71,22.8,22.71,22.79,30685
2013-02-05,22.74,22.75,22.7,22.75,49350
2013-02-06,22.8,22.82,22.77,22.81,72993
2013-02-07,22.83,22.86,22.79,22.79,9273
2013-02-08,22.84,22.92,22.84,22.91,16474
2013-02-11,22.88,22.93,22.85,22.85,60436
2013-02-12,22.81,22.83,22.76,22.76,15317
2013-02-13,22.66,22.72,22.66,22.67,96992
2013-02-14,22.73,22.78,22.71,22.77,198762
2013-02-15,22.81,22.82,22.7,22.73,19174
2013-02-19,22.81,22.81,22.72,22.73,13514
2013-02-20,22.69,22.74,22.68,22.74,15547
2013-02-21,22.71,22.78,22.71,22.72,8506
2013-02-22,22.8,22.85,22.75,22.85,17820
2013-02-25,22.76,22.99,22.76,22.99,16910
2013-02-26,23,23.07,23,23,19535
2013-02-27,23.1,23.1,23.02,23.06,19540
2013-02-28,23.05,23.09,23.04,23.04,12557
2013-03-01,23.12,23.19,23.11,23.18,16850
2013-03-04,23.2,23.2,23.16,23.19,45488
2013-03-05,23.13,23.16,23.12,23.16,6555
2013-03-06,23.11,23.12,23.06,23.08,23725
2013-03-07,23.01,23.01,22.94,22.96,9255
2013-03-08,22.82,22.87,22.82,22.86,8216
2013-03-11,22.84,22.85,22.81,22.84,7548
2013-03-12,22.86,22.89,22.86,22.89,12684
2013-03-13,22.87,22.89,22.82,22.89,30023
2013-03-14,22.8,22.86,22.8,22.83,12551
2013-03-15,22.86,22.93,22.86,22.93,4889
2013-03-18,23,23.05,23,23.05,27996
2013-03-19,23.07,23.14,23.07,23.13,12861
2013-03-20,23.07,23.09,23.03,23.03,15113
2013-03-21,23.04,23.06,23.03,23.06,5912
2013-03-22,23.09,23.09,23.05,23.09,15172
2013-03-25,23.05,23.1,23.03,23.04,21597
2013-03-26,23,23.08,22.99,23.05,55032
2013-03-27,23.14,23.18,23.12,23.17,9837
2013-03-28,23.17,23.19,23.13,23.17,16681
2013-04-01,23.18,23.22,23.17,23.21,9002
2013-04-02,23.15,23.18,23.14,23.17,72217
2013-04-03,23.22,23.3,23.22,23.3,72223
2013-04-04,23.34,23.42,23.32,23.42,17741
2013-04-05,23.62,23.67,23.58,23.6,17969
2013-04-08,23.63,23.63,23.54,23.54,22168
2013-04-09,23.54,23.57,23.5,23.51,41827
2013-04-10,23.43,23.44,23.35,23.37,18034
2013-04-11,23.37,23.38,23.33,23.38,6844
2013-04-12,23.48,23.49,23.44,23.49,10971
2013-04-15,23.49,23.58,23.47,23.57,53217
2013-04-16,23.47,23.52,23.47,23.5,17933
2013-04-17,23.54,23.61,23.54,23.6,238317
2013-04-18,23.59,23.63,23.59,23.6,38163
2013-04-19,23.6,23.63,23.58,23.62,23448
2013-04-22,23.63,23.63,23.59,23.59,22137
2013-04-23,23.55,23.55,23.46,23.48,11058
2013-04-24,23.46,23.51,23.46,23.51,59794
2013-04-25,23.41,23.42,23.36,23.41,7624
2013-04-26,23.51,23.54,23.49,23.5,11832
2013-04-29,23.56,23.58,23.54,23.56,12186
2013-04-30,23.59,23.59,23.54,23.58,31416
2013-05-01,23.64,23.65,23.61,23.65,43006
2013-05-02,23.65,23.7,23.65,23.7,14105
2013-05-03,23.58,23.58,23.39,23.4,64693
2013-05-06,23.4,23.45,23.3,23.32,65151
2013-05-07,23.3,23.31,23.28,23.31,25348
2013-05-08,23.3,23.41,23.3,23.39,1516592
2013-05-09,23.35,23.42,23.35,23.42,26562
2013-05-10,23.37,23.37,23.15,23.25,89451
2013-05-13,23.14,23.18,23.13,23.17,21754
2013-05-14,23.17,23.19,23.07,23.09,65299
2013-05-15,23.16,23.21,23.13,23.21,32405
2013-05-16,23.21,23.33,23.21,23.3,34216
2013-05-17,23.33,23.33,23.22,23.26,26187
2013-05-21,23.22,23.27,23.16,23.27,7254
2013-05-22,23.3,23.31,23.1,23.11,1491043
2013-05-23,23.18,23.19,23.08,23.12,16402
2013-05-24,23.1,23.12,23.09,23.1,31585
2013-05-27,23.05,23.07,22.98,23.01,13978
2013-05-28,22.96,22.96,22.82,22.82,13236
2013-05-29,22.84,22.89,22.79,22.83,54107
2013-05-30,22.82,22.88,22.82,22.84,10015
2013-05-31,22.87,22.87,22.7,22.86,53270
2013-06-03,22.74,22.93,22.74,22.89,105702
2013-06-04,22.85,22.87,22.81,22.86,13127
2013-06-05,22.85,22.9,22.84,22.88,47100
2013-06-06,22.8,22.96,22.8,22.87,42895
2013-06-07,22.8,22.8,22.62,22.63,30992
2013-06-10,22.59,22.59,22.41,22.47,136865
2013-06-11,22.33,22.51,22.32,22.47,26424
2013-06-12,22.44,22.5,22.42,22.42,17457
2013-06-13,22.51,22.54,22.47,22.54,7822
2013-06-14,22.65,22.72,22.65,22.69,12870
2013-06-17,22.68,22.71,22.63,22.64,12007
2013-06-18,22.56,22.63,22.55,22.63,26645
2013-06-19,22.54,22.58,22.35,22.35,35318
2013-06-20,22.21,22.25,22.08,22.14,67003
2013-06-21,22.15,22.15,21.78,21.78,19410
2013-06-24,21.55,21.6,21.49,21.49,164515
2013-06-25,21.66,21.69,21.48,21.49,58994
2013-06-26,21.67,21.67,21.62,21.64,111595
2013-06-27,21.67,21.8,21.67,21.76,11267
2013-06-28,21.67,21.9,21.67,21.73,31014
2013-07-02,21.83,22,21.83,22,17113
2013-07-03,22,22.04,21.95,21.97,8166
2013-07-04,22,22,21.96,21.99,5085
2013-07-05,21.64,21.67,21.6,21.6,24058
2013-07-08,21.69,21.8,21.68,21.76,75151
2013-07-09,21.74,21.79,21.71,21.79,25196
2013-07-10,21.77,21.8,21.68,21.68,33140
2013-07-11,21.79,21.84,21.75,21.82,18556
2013-07-12,21.93,21.93,21.85,21.87,9237
2013-07-15,21.84,21.87,21.84,21.86,41968
2013-07-16,21.87,21.89,21.83,21.89,13128
2013-07-17,21.95,22.01,21.94,21.95,36344
2013-07-18,22,22.03,21.89,21.92,39491
2013-07-19,21.97,22.03,21.97,22.03,15081
2013-07-22,22.05,22.08,22.04,22.07,13681
2013-07-23,21.96,21.96,21.9,21.9,80913
2013-07-24,21.7,21.71,21.6,21.63,35412
2013-07-25,21.59,21.7,21.58,21.7,34410
2013-07-26,21.77,21.77,21.71,21.77,27897
2013-07-29,21.71,21.73,21.65,21.65,29848
2013-07-30,21.66,21.7,21.56,21.56,207546
2013-07-31,21.38,21.67,21.36,21.67,58186
2013-08-01,21.62,21.62,21.41,21.44,45593
2013-08-02,21.54,21.64,21.54,21.64,31103
2013-08-06,21.53,21.54,21.46,21.51,109795
2013-08-07,21.57,21.6,21.54,21.58,26714
2013-08-08,21.63,21.67,21.61,21.62,29394
2013-08-09,21.62,21.7,21.62,21.7,30552
2013-08-12,21.67,21.7,21.59,21.59,32426
2013-08-13,21.43,21.43,21.32,21.37,23016
2013-08-14,21.32,21.32,21.28,21.29,68779
2013-08-15,21.18,21.19,21.1,21.14,13994
2013-08-16,21.13,21.16,21.01,21.05,19535
2013-08-19,21.01,21.01,20.87,20.91,132312
2013-08-20,21.04,21.06,21.03,21.06,30456
2013-08-21,21.04,21.04,20.95,20.95,8395
2013-08-22,20.93,21,20.91,20.93,16198
2013-08-23,20.88,21.03,20.88,21,13442
2013-08-26,21.08,21.13,21.06,21.13,26640
2013-08-27,21.24,21.37,21.2,21.37,14572
2013-08-28,21.29,21.29,21.18,21.18,5902
2013-08-29,21.14,21.37,21.14,21.37,8386
2013-08-30,21.31,21.37,21.26,21.26,5153
2013-09-03,21.17,21.2,21,21.02,19969
2013-09-04,21.06,21.09,20.93,20.93,5562
2013-09-05,20.81,20.85,20.78,20.79,8204
2013-09-06,20.78,20.87,20.75,20.76,10266
2013-09-09,20.88,20.93,20.81,20.84,12583
2013-09-10,20.71,20.75,20.7,20.7,5049
2013-09-11,20.76,20.77,20.67,20.74,9097
2013-09-12,20.81,20.82,20.71,20.71,113330
2013-09-13,20.75,20.79,20.7,20.71,36881
2013-09-16,20.91,20.91,20.74,20.74,91069
2013-09-17,20.71,20.72,20.68,20.68,124220
2013-09-18,20.6,20.77,20.53,20.72,183721
2013-09-19,20.85,20.85,20.74,20.76,156003
2013-09-20,20.77,20.84,20.76,20.84,109037
2013-09-23,20.82,21.02,20.82,21.02,66168
2013-09-24,21.04,21.17,21.04,21.14,16784
2013-09-25,21.14,21.25,21.14,21.22,8290
2013-09-26,21.22,21.23,21.19,21.2,5088
2013-09-27,21.25,21.34,21.25,21.28,15357
2013-09-30,21.31,21.315,21.25,21.25,6860
2013-10-01,21.28,21.31,21.27,21.28,6406
2013-10-02,21.29,21.37,21.25,21.26,24771
2013-10-03,21.27,21.33,21.27,21.29,6929
2013-10-04,21.24,21.24,21.17,21.17,1742
2013-10-07,21.27,21.28,21.25,21.25,7211
2013-10-08,21.19,21.19,21.16,21.19,6287
2013-10-09,21.17,21.19,21.17,21.19,1924
2013-10-10,21.1,21.13,21.05,21.13,11743
2013-10-11,21.14,21.18,21.14,21.18,3054
2013-10-15,21.03,21.05,21,21,2530
2013-10-16,20.96,21.07,20.94,21.07,13680
2013-10-17,21.18,21.19,21.15,21.19,5244
2013-10-18,21.26,21.28,21.23,21.27,15188
2013-10-21,21.25,21.29,21.21,21.22,2550
2013-10-22,21.33,21.38,21.33,21.37,11019
2013-10-23,21.39,21.52,21.39,21.52,37295
2013-10-24,21.52,21.52,21.45,21.45,8642
2013-10-25,21.48,21.56,21.48,21.56,7934
2013-10-28,21.52,21.55,21.52,21.55,7176
2013-10-29,21.54,21.6,21.53,21.6,7614
2013-10-30,21.67,21.69,21.58,21.58,3162
2013-10-31,21.64,21.64,21.58,21.58,4461
2013-11-01,21.51,21.51,21.39,21.43,36643
2013-11-04,21.39,21.5,21.39,21.46,67854
2013-11-05,21.39,21.4,21.37,21.38,5612
2013-11-06,21.32,21.4,21.32,21.35,9185
2013-11-07,21.34,21.41,21.34,21.37,8379
2013-11-08,21.2,21.235,21.17,21.23,40023
2013-11-11,21.17,21.2,21.15,21.17,1738
2013-11-12,21.12,21.14,21.07,21.1,2526
2013-11-13,21.17,21.22,21.16,21.2,4161
2013-11-14,21.32,21.4,21.32,21.36,4598
2013-11-15,21.39,21.4,21.33,21.4,4754
2013-11-18,21.35,21.45,21.35,21.44,15915
2013-11-19,21.46,21.46,21.43,21.45,3390
2013-11-21,21.1,21.18,21.08,21.17,18091
2013-11-22,21.13,21.22,21.13,21.21,10890
2013-11-25,21.21,21.29,21.19,21.29,40656
2013-11-26,21.3,21.4,21.3,21.39,668
2013-11-27,21.38,21.38,21.25,21.25,2534
2013-11-28,21.3,21.3,21.25,21.25,1411
2013-11-29,21.22,21.29,21.22,21.29,3829
2013-12-02,21.21,21.21,21.13,21.17,959
2013-12-03,21.21,21.3,21.18,21.18,7083
2013-12-04,21.09,21.09,20.96,21.05,4666
2013-12-05,20.92,20.93,20.9,20.9,10310
2013-12-06,20.92,21.01,20.92,21.01,12958
2013-12-09,21.02,21.05,21.02,21.02,2062
2013-12-10,21.16,21.26,21.16,21.26,1175
2013-12-11,21.27,21.27,21.14,21.14,869
2013-12-12,21.19,21.19,21.12,21.13,5562
2013-12-13,21.15,21.16,21.12,21.12,1467
2013-12-16,21.16,21.16,21.15,21.15,2894
2013-12-17,21.13,21.2,21.13,21.2,2407
2013-12-18,21.17,21.17,21.14,21.15,3548
2013-12-19,21.14,21.24,21.14,21.24,5166
2013-12-20,21.22,21.32,21.22,21.26,148831
2013-12-23,21.28,21.35,21.28,21.31,14068
2013-12-24,21.3,21.3,21.28,21.28,5254
2013-12-27,21.04,21.05,21.02,21.02,1501
2013-12-30,21.04,21.13,21.04,21.12,616
2013-12-31,21.1,21.12,21.05,21.12,2365
2014-01-02,21.05,21.16,21.05,21.16,4158
2014-01-03,21.1,21.18,21.1,21.18,2083
2014-01-06,21.14,21.21,21.14,21.21,4774
2014-01-07,21.24,21.33,21.22,21.3,6016
2014-01-08,21.27,21.27,21.18,21.18,1599
2014-01-09,21.21,21.27,21.21,21.27,3972
2014-01-10,21.46,21.5,21.45,21.5,16922
2014-01-13,21.57,21.6,21.57,21.57,6376
2014-01-14,21.48,21.57,21.48,21.54,10129
2014-01-15,21.47,21.47,21.43,21.46,3181
2014-01-16,21.59,21.61,21.59,21.6,3624
2014-01-20,21.7,21.7,21.68,21.69,9310
2014-01-21,21.72,21.75,21.72,21.74,1635
2014-01-22,21.71,21.78,21.71,21.78,1311
2014-01-23,21.8,21.9,21.8,21.9,10121
2014-01-24,21.9,21.9,21.9,21.9,1451
2014-01-27,21.87,21.89,21.76,21.76,1270
2014-01-28,21.83,21.84,21.77,21.83,10551
2014-01-29,21.85,21.93,21.85,21.93,2472
2014-01-30,21.93,21.93,21.88,21.88,2232
2014-01-31,21.95,22.05,21.95,22.05,16315
2014-02-03,21.99,22.13,21.99,22.11,28138
2014-02-04,22.05,22.07,22.03,22.06,8523
2014-02-05,21.98,21.98,21.87,21.92,8414
2014-02-06,21.77,21.8,21.77,21.8,81249
2014-02-07,21.75,21.88,21.75,21.87,3294
2014-02-10,21.83,21.83,21.79,21.79,12518
2014-02-11,21.77,21.77,21.76,21.76,6342
2014-02-12,21.68,21.68,21.67,21.67,2977
2014-02-13,21.78,21.79,21.78,21.79,2232
2014-02-14,21.69,21.81,21.69,21.81,6262
2014-02-18,21.75,21.78,21.75,21.78,1170
2014-02-19,21.82,21.84,21.78,21.78,8515
2014-02-20,21.78,21.78,21.68,21.77,21623
2014-02-21,21.65,21.81,21.65,21.81,17201
2014-02-24,21.82,21.83,21.8,21.83,5049
2014-02-25,21.87,21.9,21.87,21.9,5137
2014-02-26,21.95,21.96,21.95,21.96,663
2014-02-27,22.03,22.08,22.03,22.08,4222
2014-02-28,22.01,22.06,22.01,22.06,7778
2014-03-03,22.06,22.15,22.04,22.1,7248
2014-03-04,22.15,22.16,21.93,21.94,511753
2014-03-05,21.93,21.97,21.92,21.93,463882
2014-03-06,21.89,21.89,21.83,21.83,442135
2014-03-07,21.75,21.78,21.71,21.75,457712
2014-03-10,21.78,21.85,21.78,21.83,459601
2014-03-11,21.81,21.81,21.75,21.8,63697
2014-03-12,21.85,21.95,21.85,21.95,8403
2014-03-13,21.85,22.11,21.85,22.11,21386
2014-03-14,22.13,22.13,22.05,22.05,4832
2014-03-17,22.07,22.09,21.98,21.98,83053
2014-03-18,22.03,22.05,22.02,22.02,2982
2014-03-19,21.97,21.97,21.82,21.83,2218
2014-03-20,21.86,21.86,21.75,21.8,19823
2014-03-21,21.82,21.85,21.82,21.85,4508
2014-03-24,21.93,21.97,21.9,21.93,2313
2014-03-25,21.94,21.94,21.92,21.92,869
2014-03-26,21.92,21.96,21.92,21.96,1267
2014-03-27,21.96,21.99,21.96,21.99,766
2014-03-28,22,22,21.97,21.98,2633
2014-03-31,21.87,21.94,21.85,21.85,11536
2014-04-01,21.81,21.88,21.81,21.84,8490
2014-04-02,21.73,21.74,21.72,21.72,2509
2014-04-03,21.72,21.79,21.72,21.78,8495
2014-04-04,21.78,21.88,21.78,21.88,4007
2014-04-07,21.92,21.95,21.9,21.95,4136
2014-04-08,21.93,21.93,21.92,21.92,1385
2014-04-09,21.91,21.94,21.87,21.94,3213
2014-04-10,21.94,21.96,21.94,21.96,1138
2014-04-11,21.99,22,21.97,22,5525
2014-04-14,22.02,22.02,22,22.01,7373
2014-04-15,22.01,22.09,22.01,22.08,3403
2014-04-16,22.07,22.11,22.07,22.11,7852
2014-04-17,22.17,22.17,22.04,22.04,3871
2014-04-21,22.09,22.09,22.09,22.09,512
2014-04-22,22.02,22.02,22.02,22.02,1061
2014-04-23,22.04,22.04,22.02,22.03,3202
2014-04-24,21.99,22.01,21.99,22,1778
2014-04-25,22.05,22.06,22.05,22.06,6483
2014-04-28,21.92,22,21.89,21.89,1774
2014-04-29,21.91,21.95,21.91,21.94,5983
2014-04-30,21.98,22,21.97,22,2949
2014-05-01,22,22.11,22,22.09,4758
2014-05-02,22.08,22.11,22.03,22.11,4453
2014-05-05,22.19,22.19,22.11,22.11,7332
2014-05-06,22.11,22.15,22.09,22.15,3631
2014-05-07,22.14,22.16,22.1,22.13,3389
2014-05-08,22.16,22.16,22.11,22.16,3622
2014-05-09,22.13,22.17,22.13,22.17,2419
2014-05-12,22.1,22.11,22.09,22.09,8491
2014-05-13,22.17,22.19,22.17,22.18,9761
2014-05-14,22.28,22.36,22.28,22.36,1454
2014-05-15,22.43,22.5,22.42,22.43,3727
2014-05-16,22.48,22.48,22.44,22.48,7488
2014-05-20,22.42,22.47,22.4,22.46,6752
2014-05-21,22.35,22.35,22.35,22.35,1536
2014-05-22,22.33,22.33,22.3,22.3,1562
2014-05-23,22.3,22.3,22.29,22.3,5423
2014-05-26,22.3,22.3,22.3,22.3,3694
2014-05-27,22.3,22.3,22.25,22.3,1613
2014-05-28,22.48,22.49,22.48,22.49,1170
2014-05-29,22.57,22.58,22.51,22.51,4925
2014-05-30,22.49,22.5,22.44,22.5,3763
2014-06-02,22.44,22.48,22.33,22.42,16946
2014-06-03,22.33,22.36,22.3,22.3,11037
2014-06-04,22.28,22.28,22.2,22.23,22602
2014-06-05,22.15,22.22,22.15,22.22,8870
2014-06-06,22.32,22.32,22.3,22.3,6552
2014-06-09,22.3,22.35,22.28,22.35,8701
2014-06-10,22.29,22.3,22.23,22.3,6552
2014-06-11,22.28,22.32,22.26,22.31,5745
2014-06-12,22.3,22.38,22.3,22.38,2294
2014-06-13,22.29,22.38,22.29,22.38,5503
2014-06-16,22.34,22.39,22.34,22.39,13583
2014-06-17,22.37,22.38,22.35,22.35,2632
2014-06-18,22.3,22.35,22.3,22.33,4299
2014-06-19,22.42,22.46,22.34,22.35,4795
2014-06-20,22.25,22.3,22.24,22.24,1733
2014-06-23,22.35,22.35,22.24,22.24,4910
2014-06-24,22.3,22.33,22.3,22.33,1530
2014-06-25,22.42,22.42,22.34,22.34,3303
2014-06-26,22.39,22.47,22.39,22.46,5604
2014-06-27,22.48,22.48,22.42,22.42,24601
2014-06-30,22.47,22.57,22.46,22.57,24863
2014-07-02,22.38,22.38,22.3,22.3,5354
2014-07-03,22.26,22.31,22.25,22.31,4329
2014-07-04,22.28,22.3,22.27,22.27,5170
2014-07-07,22.35,22.36,22.34,22.34,10003
2014-07-08,22.42,22.52,22.41,22.51,72261
2014-07-09,22.48,22.57,22.48,22.54,12478
2014-07-10,22.61,22.61,22.51,22.51,24547
2014-07-11,22.54,22.56,22.54,22.55,5151
2014-07-14,22.54,22.54,22.54,22.54,991
2014-07-15,22.54,22.58,22.53,22.53,2079
2014-07-16,22.58,22.64,22.56,22.64,5961
2014-07-17,22.69,22.81,22.69,22.81,10858
2014-07-18,22.75,22.76,22.75,22.76,3938
2014-07-21,22.84,22.91,22.84,22.86,5777
2014-07-22,22.86,22.96,22.85,22.92,17126
2014-07-23,22.96,22.96,22.9,22.9,3460
2014-07-24,22.78,22.78,22.67,22.69,3005
2014-07-25,22.81,22.81,22.81,22.81,1019
2014-07-28,22.88,22.89,22.87,22.87,4409
2014-07-29,22.92,22.96,22.85,22.96,8454
2014-07-30,22.86,22.86,22.76,22.76,8833
2014-07-31,22.68,22.75,22.67,22.75,8062
2014-08-01,22.75,22.86,22.72,22.85,10040
2014-08-05,22.85,22.91,22.79,22.91,6300
2014-08-06,22.99,23.02,22.92,22.94,5611
2014-08-07,22.93,23,22.93,23,4249
2014-08-08,23.06,23.1,23.04,23.04,102046
2014-08-11,22.97,22.97,22.95,22.95,2325
2014-08-12,22.96,22.96,22.83,22.85,6079
2014-08-13,22.89,22.97,22.89,22.97,8014
2014-08-14,22.98,23.04,22.98,23.04,2444
2014-08-15,23.01,23.15,23.01,23.13,1457
2014-08-18,23.09,23.09,23.02,23.04,5365
2014-08-19,23.07,23.07,22.98,22.98,5093
2014-08-20,23.01,23.01,22.89,22.91,8596
2014-08-21,22.92,22.94,22.91,22.94,40775
2014-08-22,22.92,22.92,22.8,22.89,38783
2014-08-25,22.98,23.05,22.96,23.04,9393
2014-08-26,23.03,23.08,23.03,23.04,5416
2014-08-27,23.12,23.15,23.08,23.15,21028
2014-08-28,23.2,23.2,23.18,23.2,3992
2014-08-29,23.19,23.2,23.19,23.19,1168
2014-09-02,23.04,23.04,22.9,22.91,8356
2014-09-03,22.87,22.94,22.87,22.94,1963
2014-09-04,22.89,22.89,22.85,22.85,3507
2014-09-05,22.97,22.97,22.88,22.88,3053
2014-09-08,22.9,22.92,22.85,22.85,8040
2014-09-09,22.77,22.82,22.75,22.75,5174
2014-09-10,22.7,22.72,22.7,22.72,2993
2014-09-11,22.77,22.77,22.72,22.76,814
2014-09-12,22.66,22.66,22.6,22.64,14794
2014-09-15,22.62,22.67,22.62,22.66,1950
2014-09-16,22.63,22.63,22.56,22.56,3666
2014-09-17,22.51,22.54,22.42,22.42,1039
2014-09-18,22.41,22.41,22.37,22.38,7647
2014-09-19,22.44,22.47,22.43,22.47,2621
2014-09-22,22.61,22.61,22.58,22.59,840
2014-09-23,22.54,22.62,22.54,22.62,2591
2014-09-24,22.68,22.7,22.59,22.59,2752
2014-09-25,22.64,22.77,22.64,22.77,3119
2014-09-26,22.73,22.73,22.7,22.71,4550
2014-09-29,22.81,22.84,22.81,22.84,2661
2014-09-30,22.82,22.82,22.72,22.72,4126
2014-10-01,22.87,22.96,22.87,22.95,8018
2014-10-02,22.96,23,22.92,22.92,11149
2014-10-03,22.91,22.93,22.9,22.93,3008
2014-10-06,22.99,23.02,22.99,23.02,3199
2014-10-07,23.06,23.12,23.06,23.12,3844
2014-10-08,23.2,23.23,23.08,23.18,46932
2014-10-09,23.19,23.19,23.14,23.14,2006
2014-10-10,23.18,23.2,23.14,23.15,2471
2014-10-14,23.28,23.32,23.27,23.3,19015
2014-10-15,23.5,23.65,23.49,23.49,24221
2014-10-16,23.51,23.51,23.43,23.43,6294
2014-10-17,23.23,23.23,23.12,23.2,33724
2014-10-20,23.25,23.25,23.2,23.2,10734
2014-10-21,23.12,23.15,23.11,23.13,4802
2014-10-22,23.11,23.17,23.07,23.17,23721
2014-10-23,23.09,23.09,23.02,23.04,1958
2014-10-24,23.01,23.03,23.01,23.03,1815
2014-10-27,23.01,23.01,22.98,22.98,4730
2014-10-28,22.97,22.97,22.92,22.96,2037
2014-10-29,22.92,22.92,22.85,22.89,3564
2014-10-30,22.93,22.97,22.92,22.92,3415
2014-10-31,22.86,22.92,22.86,22.92,2189
2014-11-03,22.92,22.92,22.85,22.85,4230
2014-11-04,22.94,22.98,22.94,22.98,6805
2014-11-05,22.91,22.93,22.89,22.92,3160
2014-11-06,22.85,22.85,22.75,22.75,2021
2014-11-07,22.83,22.93,22.83,22.93,1038
2014-11-10,22.93,22.93,22.75,22.75,116535
2014-11-11,22.93,22.93,22.77,22.85,11195
2014-11-12,22.9,22.9,22.82,22.83,7516
2014-11-13,22.81,22.81,22.81,22.81,1503
2014-11-14,22.85,22.94,22.85,22.94,2377
2014-11-17,23,23,22.94,23,3228
2014-11-18,23.03,23.07,23.03,23.07,5734
2014-11-19,23.02,23.03,22.97,22.97,1932
2014-11-20,23.09,23.09,22.99,23.03,5526
2014-11-21,22.95,23.02,22.95,23,1330
2014-11-24,23.03,23.14,23.03,23.14,8664
2014-11-25,23.11,23.2,23.11,23.2,8299
2014-11-26,23.26,23.3,23.25,23.26,4991
2014-11-27,23.32,23.33,23.3,23.33,11902
2014-11-28,23.36,23.5,23.36,23.5,6005
2014-12-01,23.55,23.55,23.41,23.42,38891
2014-12-02,23.3,23.3,23.18,23.18,3145
2014-12-03,23.17,23.29,23.17,23.29,3530
2014-12-04,23.27,23.4,23.27,23.4,3079
2014-12-05,23.33,23.33,23.27,23.32,6497
2014-12-08,23.36,23.39,23.36,23.38,3497
2014-12-09,23.5,23.54,23.5,23.52,5162
2014-12-10,23.5,23.65,23.5,23.65,18415
2014-12-11,23.62,23.62,23.49,23.6,5542
2014-12-12,23.75,23.85,23.68,23.78,9589
2014-12-15,23.72,23.84,23.68,23.75,12535
2014-12-16,23.78,23.81,23.78,23.78,3777
2014-12-17,23.82,23.82,23.69,23.69,2415
2014-12-18,23.54,23.58,23.53,23.55,3666
2014-12-19,23.69,23.73,23.64,23.68,4976
2014-12-22,23.7,23.75,23.7,23.71,19489
2014-12-23,23.68,23.68,23.46,23.46,3344
2014-12-24,23.39,23.4,23.39,23.39,909
2014-12-29,23.43,23.54,23.43,23.54,8020
2014-12-30,23.55,23.64,23.55,23.6,4151
2014-12-31,23.67,23.72,23.62,23.62,11937
2015-01-02,23.64,23.82,23.64,23.82,4658
2015-01-05,23.91,23.98,23.91,23.93,11820
2015-01-06,24.03,24.21,24.02,24.13,28435
2015-01-07,24.06,24.1,24.03,24.1,12719
2015-01-08,24.03,24.03,23.92,23.94,128353
2015-01-09,23.96,24.06,23.96,24.05,11437
2015-01-12,24.16,24.27,24.16,24.24,10488
2015-01-13,24.23,24.33,24.19,24.3,9482
2015-01-14,24.44,24.54,24.44,24.45,10988
2015-01-15,24.39,24.59,24.39,24.59,7566
2015-01-16,24.55,24.59,24.44,24.44,10826
2015-01-19,24.49,24.54,24.49,24.54,5797
2015-01-20,24.57,24.69,24.57,24.58,8351
2015-01-21,24.67,24.9,24.67,24.79,8248
2015-01-22,24.81,24.81,24.52,24.62,124775
2015-01-23,24.64,24.82,24.63,24.82,3988
2015-01-26,24.76,24.8,24.69,24.8,7044
2015-01-27,25.01,25.11,24.94,25,11172
2015-01-28,24.95,25.2,24.95,25.19,9704
2015-01-29,25.17,25.2,25.15,25.2,34037
2015-01-30,25.36,25.54,25.35,25.54,7949
2015-02-02,25.48,25.69,25.47,25.69,46773
2015-02-03,25.52,25.52,25.42,25.45,53412
2015-02-04,25.28,25.6,25.27,25.6,23718
2015-02-05,25.47,25.47,25.3,25.31,13889
2015-02-06,25.2,25.2,24.94,24.94,12406
2015-02-09,25.07,25.11,25.04,25.08,121179
2015-02-10,24.93,25.04,24.9,24.91,4228
2015-02-11,25.02,25.02,24.9,24.9,3533
2015-02-12,24.92,25.05,24.92,25.05,49167
2015-02-13,25,25,24.94,24.95,10519
2015-02-17,24.83,24.83,24.65,24.69,58553
2015-02-18,24.8,24.87,24.75,24.8,8571
2015-02-19,24.87,24.91,24.85,24.87,8544
2015-02-20,24.98,25.02,24.83,24.83,5376
2015-02-23,24.99,25.12,24.99,25.11,27382
2015-02-24,25.08,25.3,25.05,25.3,28742
2015-02-25,25.16,25.3,25.13,25.3,13619
2015-02-26,25.3,25.3,25.21,25.25,11618
2015-02-27,25.27,25.41,25.25,25.39,15496
2015-03-02,25.39,25.39,25.17,25.18,21629
2015-03-03,25.11,25.11,24.97,24.98,11074
2015-03-04,24.96,24.96,24.72,24.72,9424
2015-03-05,24.73,24.73,24.57,24.67,11475
2015-03-06,24.47,24.48,24.28,24.31,39700
2015-03-09,24.41,24.44,24.35,24.35,36025
2015-03-10,24.57,24.61,24.49,24.55,10970
2015-03-11,24.52,24.61,24.48,24.6,6647
2015-03-12,24.71,24.78,24.63,24.64,12514
2015-03-13,24.69,24.78,24.69,24.78,12003
2015-03-16,24.86,24.89,24.83,24.83,8368
2015-03-17,24.96,25,24.92,24.99,6388
2015-03-18,25.06,25.2,25,25.2,3904
2015-03-19,25.29,25.3,25.22,25.27,4116
2015-03-20,25.35,25.36,25.32,25.36,3555
2015-03-23,25.31,25.36,25.3,25.34,82625
2015-03-24,25.26,25.32,25.24,25.31,22884
2015-03-25,25.28,25.33,25.18,25.18,2608
2015-03-26,24.9,25,24.89,24.96,7963
2015-03-27,24.94,25.16,24.94,25.15,10997
2015-03-30,25.1,25.15,25.09,25.15,4089
2015-03-31,25.1,25.18,25.09,25.09,3565
2015-04-01,25.17,25.32,25.17,25.32,11053
2015-04-02,25.29,25.35,25.29,25.35,15638
2015-04-06,25.4,25.4,25.13,25.15,7133
2015-04-07,25.16,25.2,25.13,25.2,2661
2015-04-08,25.15,25.205,25.06,25.205,94966
2015-04-09,25.17,25.18,25.07,25.07,5374
2015-04-10,25.11,25.11,25,25,7324
2015-04-13,25.08,25.08,25.06,25.06,5014
2015-04-14,25.27,25.31,25.27,25.3,4608
2015-04-15,25.37,25.37,25.25,25.25,2800
2015-04-16,25.25,25.25,25.04,25.17,8410
2015-04-17,25,25.13,25,25.13,3330
2015-04-20,25.06,25.12,24.96,24.99,19579
2015-04-21,25.02,25.04,24.95,25.01,5052
2015-04-22,24.95,24.95,24.74,24.74,124379
2015-04-23,24.66,24.74,24.6,24.74,6011
2015-04-24,24.83,24.95,24.83,24.95,1831
2015-04-27,24.89,24.89,24.79,24.81,6372
2015-04-28,24.72,24.72,24.5,24.55,99008
2015-04-29,24.26,24.36,24.25,24.36,27136
2015-04-30,24.29,24.45,24.16,24.43,7546
2015-05-01,24.29,24.29,24.16,24.2,8366
2015-05-04,24.17,24.23,24.02,24.02,9842
2015-05-05,24.03,24.03,23.82,23.91,11353
2015-05-06,23.78,23.8,23.65,23.71,12582
2015-05-07,23.71,23.92,23.71,23.9,13595
2015-05-08,24.02,24.15,24.02,24.08,6084
2015-05-11,23.92,23.92,23.64,23.64,10001
2015-05-12,23.52,23.72,23.52,23.69,14678
2015-05-13,23.8,23.8,23.66,23.66,13460
2015-05-14,23.59,23.72,23.59,23.66,4291
2015-05-15,23.8,24.01,23.8,24.01,8161
2015-05-19,23.51,23.68,23.5,23.67,7742
2015-05-20,23.63,23.72,23.63,23.69,4443
2015-05-21,23.71,23.91,23.71,23.91,7055
2015-05-22,23.82,23.82,23.73,23.77,4968
2015-05-25,23.78,23.78,23.73,23.73,3261
2015-05-26,23.81,24,23.8,24,1789
2015-05-27,24.03,24.05,23.91,24.05,5010
2015-05-28,24.1,24.14,24.1,24.14,2060
2015-05-29,24.27,24.33,24.27,24.31,2371
2015-06-01,24.33,24.34,24.12,24.17,25753
2015-06-02,24.04,24.04,23.95,24.02,4953
2015-06-03,23.86,23.86,23.7,23.7,9134
2015-06-04,23.82,23.88,23.8,23.86,12537
2015-06-05,23.68,23.69,23.63,23.63,8696
2015-06-08,23.77,23.77,23.62,23.71,7072
2015-06-09,23.58,23.58,23.4,23.44,17133
2015-06-10,23.35,23.38,23.31,23.32,31644
2015-06-11,23.46,23.55,23.43,23.55,1397
2015-06-12,23.57,23.73,23.57,23.65,9795
2015-06-15,23.78,23.79,23.71,23.75,2171
2015-06-16,23.8,23.83,23.79,23.83,8724
2015-06-17,23.68,23.68,23.48,23.54,12035
2015-06-18,23.5,23.5,23.43,23.44,1672
2015-06-19,23.63,23.73,23.63,23.73,2002
2015-06-22,23.65,23.65,23.45,23.53,13706
2015-06-23,23.38,23.5,23.38,23.39,16999
2015-06-24,23.48,23.53,23.48,23.53,2129
2015-06-25,23.46,23.46,23.43,23.43,4937
2015-06-26,23.29,23.29,23.2,23.25,6473
2015-06-29,23.45,23.6,23.45,23.6,4932
2015-06-30,23.57,23.78,23.53,23.78,30592
2015-07-02,23.61,23.62,23.54,23.54,8672
2015-07-03,23.68,23.72,23.68,23.7,7140
2015-07-06,23.78,23.9,23.73,23.9,13365
2015-07-07,24.11,24.16,24.06,24.06,6965
2015-07-08,24.15,24.25,24.11,24.25,94298
2015-07-09,24.08,24.08,23.96,23.96,94346
2015-07-10,23.71,23.72,23.7,23.72,82536
2015-07-13,23.6,23.69,23.57,23.69,15434
2015-07-14,23.71,23.79,23.66,23.79,164746
2015-07-15,23.71,23.97,23.71,23.97,1433
2015-07-16,23.85,24.02,23.85,23.99,8279
2015-07-17,23.99,24.09,23.99,24.06,6973
2015-07-20,24.02,24.04,24.01,24.01,3592
2015-07-21,23.94,24.02,23.94,23.98,1411
2015-07-22,24,24.06,23.99,24.06,2678
2015-07-23,24.1,24.26,24.1,24.26,12582
2015-07-24,24.31,24.31,24.24,24.29,15167
2015-07-27,24.4,24.4,24.35,24.39,8840
2015-07-28,24.21,24.21,24.15,24.15,5967
2015-07-29,24.13,24.13,24,24.01,12216
2015-07-30,24.09,24.22,24.09,24.2,7356
2015-07-31,24.34,24.41,24.34,24.35,2176
2015-08-04,24.41,24.46,24.38,24.42,108094
2015-08-05,24.33,24.34,24.24,24.3,11812
2015-08-06,24.2,24.35,24.2,24.28,3971
2015-08-07,24.32,24.48,24.32,24.48,25980
2015-08-10,24.39,24.39,24.29,24.29,6797
2015-08-11,24.4,24.46,24.4,24.46,457
2015-08-12,24.45,24.54,24.38,24.38,7518
2015-08-13,24.31,24.4,24.31,24.39,5301
2015-08-14,24.34,24.4,24.34,24.4,2491
2015-08-17,24.47,24.47,24.42,24.42,4334
2015-08-18,24.36,24.39,24.32,24.32,8608
2015-08-19,24.3,24.51,24.3,24.51,4378
2015-08-20,24.51,24.54,24.49,24.54,2078
2015-08-21,24.53,24.54,24.47,24.47,2342
2015-08-24,24.52,24.52,24.36,24.38,24217
2015-08-25,24.19,24.19,24,24,20605
2015-08-26,23.82,23.91,23.75,23.79,39172
2015-08-27,23.73,23.81,23.73,23.81,8488
2015-08-28,23.79,23.87,23.73,23.73,6290
2015-08-31,23.79,23.79,23.69,23.7,3114
2015-09-01,23.69,23.78,23.67,23.77,18311
2015-09-02,23.71,23.76,23.71,23.74,6534
2015-09-03,23.79,23.79,23.66,23.72,11553
2015-09-04,23.73,23.75,23.68,23.73,13795
2015-09-08,23.62,23.62,23.6,23.61,1480
2015-09-09,23.54,23.66,23.5,23.64,4808
2015-09-10,23.55,23.58,23.55,23.58,2533
2015-09-11,23.59,23.73,23.59,23.7,2043
2015-09-14,23.7,23.77,23.7,23.77,3670
2015-09-15,23.67,23.67,23.35,23.35,12253
2015-09-16,23.35,23.35,23.28,23.28,24178
2015-09-17,23.27,23.44,23.26,23.44,11096
2015-09-18,23.5,23.68,23.5,23.61,2610
2015-09-21,23.57,23.57,23.45,23.45,3480
2015-09-22,23.56,23.63,23.52,23.6,1713
2015-09-23,23.63,23.66,23.56,23.64,4773
2015-09-24,23.66,23.7,23.62,23.64,1744
2015-09-25,23.48,23.48,23.4,23.42,2184
2015-09-28,23.42,23.64,23.42,23.56,43316
2015-09-29,23.52,23.66,23.52,23.55,8665
2015-09-30,23.54,23.56,23.48,23.5,12700
2015-10-01,23.57,23.6,23.54,23.55,11079
2015-10-02,23.59,23.64,23.54,23.55,21500
2015-10-05,23.47,23.47,23.4,23.4,1906
2015-10-06,23.29,23.39,23.29,23.39,11080
2015-10-07,23.35,23.37,23.35,23.37,12908
2015-10-08,23.31,23.33,23.16,23.21,14109
2015-10-09,23.17,23.21,23.14,23.18,1121
2015-10-13,23.25,23.34,23.25,23.34,20569
2015-10-14,23.34,23.51,23.34,23.51,3397
2015-10-15,23.45,23.45,23.34,23.35,2627
2015-10-16,23.41,23.41,23.37,23.37,24841
2015-10-19,23.37,23.38,23.31,23.38,35457
2015-10-20,23.24,23.26,23.2,23.23,7732
2015-10-21,23.28,23.38,23.28,23.38,2667
2015-10-22,23.4,23.49,23.37,23.47,6852
2015-10-23,23.29,23.29,23.26,23.26,1952
2015-10-26,23.26,23.38,23.26,23.35,5730
2015-10-27,23.47,23.5,23.45,23.5,1359
2015-10-28,23.52,23.52,23.4,23.4,24200
2015-10-29,23.39,23.39,23.2,23.23,6932
2015-10-30,23.18,23.21,23.17,23.19,4482
2015-11-02,23.17,23.22,23.14,23.19,18833
2015-11-03,23.18,23.18,23.08,23.08,10593
2015-11-04,23.11,23.11,23.05,23.05,2261
2015-11-05,23.07,23.07,23,23.03,9377
2015-11-06,22.9,22.9,22.87,22.9,20964
2015-11-09,22.77,22.81,22.75,22.81,24000
2015-11-10,22.84,22.87,22.82,22.83,44536
2015-11-11,22.87,22.9,22.87,22.87,5512
2015-11-12,22.93,22.94,22.93,22.94,6341
2015-11-13,23.03,23.09,23.02,23.05,13028
2015-11-16,23.12,23.16,23.09,23.12,7400
2015-11-17,23.08,23.13,23.06,23.13,9282
2015-11-18,23.11,23.14,23.11,23.14,7373
2015-11-19,23.19,23.28,23.19,23.28,1146
2015-11-20,23.22,23.22,23.18,23.18,2890
2015-11-23,23.15,23.16,23.1,23.1,8405
2015-11-24,23.22,23.22,23.15,23.15,1050
2015-11-25,23.17,23.24,23.16,23.24,20220
2015-11-26,23.3,23.36,23.3,23.36,490
2015-11-27,23.24,23.3,23.24,23.3,5913
2015-11-30,23.23,23.3,23.22,23.3,29510
2015-12-01,23.26,23.5,23.26,23.45,3355
2015-12-02,23.47,23.55,23.47,23.5,1953
2015-12-03,23.39,23.39,23.14,23.2,28824
2015-12-04,23.18,23.3,23.18,23.2,4284
2015-12-07,23.32,23.53,23.32,23.52,9271
2015-12-08,23.41,23.46,23.37,23.46,24344
2015-12-09,23.38,23.49,23.35,23.49,2479
2015-12-10,23.43,23.43,23.38,23.42,21995
2015-12-11,23.49,23.66,23.49,23.66,5841
2015-12-14,23.59,23.59,23.46,23.5,9865
2015-12-15,23.39,23.39,23.32,23.35,5362
2015-12-16,23.39,23.45,23.31,23.39,5062
2015-12-17,23.46,23.62,23.46,23.62,7743
2015-12-18,23.7,23.79,23.68,23.79,8623
2015-12-21,23.8,23.8,23.7,23.76,8857
2015-12-22,23.73,23.75,23.67,23.67,39785
2015-12-23,23.57,23.66,23.57,23.6,3200
2015-12-24,23.7,23.75,23.7,23.75,16117
2015-12-29,23.68,23.68,23.53,23.53,9153
2015-12-30,23.52,23.56,23.5,23.53,4581
2015-12-31,23.65,23.68,23.65,23.65,6731
2016-01-04,23.75,23.76,23.67,23.67,3355
2016-01-05,23.65,23.68,23.65,23.68,712
2016-01-06,23.8,23.84,23.76,23.83,12123
2016-01-07,23.87,23.91,23.77,23.89,22886
2016-01-08,23.84,23.91,23.83,23.9,37703
2016-01-11,23.77,23.82,23.75,23.75,10927
2016-01-12,23.72,23.84,23.72,23.81,22468
2016-01-13,23.81,23.98,23.8,23.94,26124
2016-01-14,23.97,24.02,23.82,23.85,23125
2016-01-15,23.99,24.06,23.99,24.04,12921
2016-01-18,24.03,24.03,23.95,23.96,5292
2016-01-19,23.87,23.99,23.87,23.95,5790
2016-01-20,24.04,24.14,24.04,24.05,28467
2016-01-21,24,24,23.77,23.89,23269
2016-01-22,23.57,23.61,23.5,23.6,31722
2016-01-25,23.58,23.6,23.53,23.6,6047
2016-01-26,23.6,23.61,23.52,23.55,119170
2016-01-27,23.49,23.61,23.47,23.61,3198
2016-01-28,23.51,23.65,23.51,23.59,33552
2016-01-29,23.76,23.76,23.63,23.67,7893
2016-02-01,23.6,23.69,23.57,23.65,65512
2016-02-02,23.85,23.97,23.8,23.9,22347
2016-02-03,23.87,23.97,23.85,23.86,49444
2016-02-04,23.85,23.86,23.85,23.85,15179
2016-02-05,23.75,23.96,23.75,23.96,4207
2016-02-08,24.09,24.18,24.09,24.18,11147
2016-02-09,24.15,24.2,24.1,24.17,11873
2016-02-10,24.11,24.33,24.1,24.28,27527
2016-02-11,24.44,24.44,24.25,24.25,38291
2016-02-12,24.12,24.12,23.95,24.04,81528
2016-02-16,23.99,23.99,23.84,23.86,15440
2016-02-17,23.84,23.85,23.79,23.82,169710
2016-02-18,23.91,24.05,23.9,24.04,43824
2016-02-19,24.02,24.09,24.02,24.08,34302
2016-02-22,23.99,24,23.91,23.94,11917
2016-02-23,23.92,23.94,23.88,23.88,3975
2016-02-24,24,24,23.83,23.88,48742
2016-02-25,23.9,23.96,23.88,23.96,3443
2016-02-26,23.83,23.86,23.81,23.86,10381
2016-02-29,23.86,23.87,23.82,23.84,22681
2016-03-01,23.82,23.82,23.54,23.56,9019
2016-03-02,23.48,23.57,23.48,23.55,43641
2016-03-03,23.6,23.72,23.6,23.71,20961
2016-03-04,23.69,23.69,23.52,23.64,8906
2016-03-07,23.6,23.62,23.54,23.62,71603
2016-03-08,23.8,23.89,23.8,23.89,18503
2016-03-09,23.85,23.85,23.74,23.77,4649
2016-03-10,23.7,23.73,23.68,23.73,27688
2016-03-11,23.69,23.69,23.57,23.66,20058
2016-03-14,23.76,23.76,23.65,23.69,16611
2016-03-15,23.75,23.75,23.67,23.67,2858
2016-03-16,23.61,23.74,23.61,23.69,5432
2016-03-17,23.77,23.81,23.74,23.74,27784
2016-03-18,23.75,23.81,23.71,23.8,10373
2016-03-21,23.7,23.77,23.68,23.77,23028
2016-03-22,23.76,23.81,23.7,23.7,37766
2016-03-23,23.77,23.94,23.76,23.94,3074
2016-03-24,23.9,23.91,23.87,23.87,10849
2016-03-28,23.91,23.99,23.87,23.97,7305
2016-03-29,24.02,24.16,23.97,24.16,25129
2016-03-30,24.01,24.06,23.97,23.99,23382
2016-03-31,24.05,24.11,23.96,24.1,23704
2016-04-01,24.1,24.1,23.95,23.99,12143
2016-04-04,24.07,24.16,24.06,24.16,28729
2016-04-05,24.34,24.38,24.33,24.37,40874
2016-04-06,24.31,24.31,24.27,24.3,6348
2016-04-07,24.33,24.39,24.3,24.35,9706
2016-04-08,24.32,24.32,24.24,24.27,7927
2016-04-11,24.2,24.26,24.16,24.24,28342
2016-04-12,24.18,24.18,24.12,24.17,37462
2016-04-13,24.17,24.22,24.17,24.17,36365
2016-04-14,24.18,24.24,24.18,24.2,5952
2016-04-15,24.2,24.32,24.2,24.32,7267
2016-04-18,24.27,24.27,24.13,24.13,5116
2016-04-19,24.14,24.14,24.1,24.14,4886
2016-04-20,24.22,24.23,24.13,24.13,17293
2016-04-21,24.09,24.14,24.05,24.09,22159
2016-04-22,24.03,24.03,23.98,23.98,4971
2016-04-25,23.93,23.95,23.9,23.93,10968
2016-04-26,23.94,24.02,23.91,24.02,35225
2016-04-27,24.04,24.14,24.04,24.13,27386
2016-04-28,24.07,24.13,24.07,24.13,5489
2016-04-29,24.07,24.1,24.04,24.1,18247
2016-05-02,24.03,24.03,23.96,23.98,5666
2016-05-03,24.12,24.12,24.04,24.04,6177
2016-05-04,24.07,24.2,24.07,24.2,11903
2016-05-05,24.2,24.32,24.19,24.28,8822
2016-05-06,24.3,24.4,24.3,24.36,4046
2016-05-09,24.37,24.39,24.35,24.39,6467
2016-05-10,24.41,24.41,24.35,24.4,6536
2016-05-11,24.37,24.44,24.37,24.41,5755
2016-05-12,24.22,24.34,24.22,24.34,7239
2016-05-13,24.41,24.44,24.41,24.44,1387
2016-05-16,24.37,24.37,24.3,24.32,13258
2016-05-17,24.3,24.35,24.24,24.3,28785
2016-05-18,24.25,24.31,24.17,24.24,19110
2016-05-19,24.24,24.3,24.24,24.26,431080
2016-05-20,24.18,24.3,24.18,24.3,20024
2016-05-24,24.18,24.18,24.05,24.1,25656
2016-05-25,24.2,24.2,24.14,24.14,6432
2016-05-26,24.14,24.27,24.14,24.27,3751
2016-05-27,24.2,24.28,24.2,24.22,27376
2016-05-30,24.23,24.23,24.18,24.18,7228
2016-05-31,24.12,24.34,24.12,24.33,4296
2016-06-01,24.4,24.4,24.31,24.34,22439
2016-06-02,24.45,24.57,24.45,24.56,13281
2016-06-03,24.71,24.75,24.71,24.75,5349
2016-06-06,24.75,24.75,24.64,24.64,6157
2016-06-07,24.59,24.65,24.59,24.61,39771
2016-06-08,24.65,24.68,24.63,24.68,19878
2016-06-09,24.77,24.77,24.73,24.73,2865
2016-06-10,24.81,24.86,24.78,24.82,18119
2016-06-13,24.92,24.92,24.82,24.85,11693
2016-06-14,24.95,24.95,24.83,24.83,28914
2016-06-15,24.8,24.83,24.8,24.8,19083
2016-06-16,24.87,24.9,24.84,24.9,22310
2016-06-17,24.9,24.9,24.81,24.84,4081
2016-06-20,24.7,24.71,24.61,24.63,8213
2016-06-21,24.58,24.59,24.49,24.5,7823
2016-06-22,24.5,24.53,24.48,24.51,29304
2016-06-23,24.4,24.44,24.38,24.39,12376
2016-06-24,24.68,24.71,24.65,24.67,13207
2016-06-27,24.86,24.99,24.86,24.97,19013
2016-06-28,24.99,25.07,24.98,25.05,11879
2016-06-29,25.05,25.05,24.98,24.98,5363
2016-06-30,25.05,25.15,25.03,25.15,41071
2016-07-04,25.18,25.23,25.17,25.22,63488
2016-07-05,25.47,25.56,25.47,25.54,19134
2016-07-06,25.72,25.75,25.69,25.69,14588
2016-07-07,25.69,25.75,25.67,25.74,20595
2016-07-08,25.81,25.81,25.76,25.78,38838
2016-07-11,25.76,25.8,25.75,25.76,42132
2016-07-12,25.6,25.6,25.4,25.41,205188
2016-07-13,25.57,25.57,25.52,25.52,16130
2016-07-14,25.42,25.42,25.38,25.39,44469
2016-07-15,25.31,25.31,25.16,25.17,46669
2016-07-18,25.2,25.24,25.17,25.2,10960
2016-07-19,25.24,25.29,25.24,25.26,19828
2016-07-20,25.25,25.25,25.15,25.18,10761
2016-07-21,25.11,25.22,25.1,25.22,12537
2016-07-22,25.12,25.24,25.07,25.21,16309
2016-07-25,25.21,25.23,25.19,25.21,5970
2016-07-26,25.31,25.31,25.2,25.2,6087
2016-07-27,25.22,25.42,25.22,25.42,70811
2016-07-28,25.42,25.43,25.38,25.43,3958
2016-07-29,25.47,25.61,25.45,25.57,33776
2016-08-02,25.4,25.49,25.36,25.48,34070
2016-08-03,25.45,25.46,25.4,25.4,9205
2016-08-04,25.55,25.58,25.55,25.55,2632
2016-08-05,25.6,25.6,25.45,25.47,20428
2016-08-08,25.48,25.5,25.44,25.47,140709
2016-08-09,25.48,25.62,25.48,25.61,13602
2016-08-10,25.68,25.69,25.61,25.69,22073
2016-08-11,25.66,25.66,25.53,25.53,16589
2016-08-12,25.66,25.67,25.6,25.62,11505
2016-08-15,25.57,25.57,25.54,25.54,9048
2016-08-16,25.48,25.49,25.48,25.49,3189
2016-08-17,25.46,25.49,25.42,25.46,18243
2016-08-18,25.45,25.5,25.4,25.5,7954
2016-08-19,25.38,25.4,25.35,25.4,17102
2016-08-22,25.47,25.59,25.47,25.56,4703
2016-08-23,25.64,25.64,25.58,25.61,7574
2016-08-24,25.56,25.56,25.5,25.52,15649
2016-08-25,25.45,25.46,25.42,25.42,9324
2016-08-26,25.43,25.52,25.33,25.35,14040
2016-08-29,25.43,25.56,25.43,25.56,28024
2016-08-30,25.59,25.6,25.56,25.57,9645
2016-08-31,25.56,25.61,25.55,25.57,29397
2016-09-01,25.52,25.67,25.52,25.65,6598
2016-09-02,25.57,25.57,25.5,25.5,14591
2016-09-06,25.57,25.65,25.54,25.64,9723
2016-09-07,25.69,25.71,25.66,25.71,6782
2016-09-08,25.63,25.63,25.32,25.36,29997
2016-09-09,25.28,25.28,25.06,25.09,18676
2016-09-12,24.99,25.04,24.99,25.04,13433
2016-09-13,25.03,25.03,24.72,24.79,99651
2016-09-14,24.71,24.83,24.71,24.76,32374
2016-09-15,24.7,24.75,24.67,24.72,26185
2016-09-16,24.83,24.83,24.76,24.8,9760
2016-09-19,24.82,24.9,24.82,24.88,27077
2016-09-20,25,25.04,24.97,24.99,18408
2016-09-21,24.96,25.08,24.96,25.08,107649
2016-09-22,25.16,25.27,25.16,25.27,15499
2016-09-23,25.34,25.43,25.34,25.43,11055
2016-09-26,25.51,25.56,25.49,25.56,10315
2016-09-27,25.6,25.63,25.59,25.59,10942
2016-09-28,25.65,25.65,25.6,25.61,7056
2016-09-29,25.58,25.65,25.58,25.64,9398
2016-09-30,25.65,25.65,25.46,25.46,31647
2016-10-03,25.58,25.58,25.48,25.48,6592
2016-10-04,25.46,25.46,25.28,25.31,27406
2016-10-05,25.27,25.28,25.15,25.18,8398
2016-10-06,25.1,25.1,25,25.07,9985
2016-10-07,25,25.01,24.96,24.98,4635
2016-10-11,24.85,24.94,24.84,24.91,7162
2016-10-12,24.84,24.87,24.84,24.85,8111
2016-10-13,24.95,24.99,24.93,24.93,97077
2016-10-14,24.86,24.89,24.76,24.76,44427
2016-10-17,24.82,24.84,24.81,24.84,4861
2016-10-18,24.84,24.85,24.83,24.85,7515
2016-10-19,24.84,24.89,24.79,24.84,93774
2016-10-20,24.95,24.95,24.92,24.95,1843
2016-10-21,25.09,25.14,25.08,25.1,7700
2016-10-24,25.08,25.08,24.95,24.98,8759
2016-10-25,24.99,25.05,24.97,24.99,10037
2016-10-26,24.94,24.95,24.9,24.95,5010
2016-10-27,24.73,24.77,24.65,24.7,50419
2016-10-28,24.7,24.72,24.64,24.69,6605
2016-10-31,24.77,24.83,24.75,24.83,14191
2016-11-01,24.71,24.83,24.7,24.8,20136
2016-11-02,24.83,24.93,24.83,24.88,14481
2016-11-03,24.84,24.85,24.84,24.84,12908
2016-11-04,24.94,24.98,24.94,24.96,8442
2016-11-07,24.81,24.83,24.72,24.72,16613
2016-11-08,24.79,24.79,24.59,24.62,9090
2016-11-09,24.4,24.44,24.26,24.3,12194
2016-11-10,24.11,24.17,23.97,24.06,36676
2016-11-11,24.06,24.11,24.06,24.08,17881
2016-11-14,23.7,23.7,23.61,23.63,48487
2016-11-15,23.74,23.81,23.7,23.7,6711
2016-11-16,23.75,23.86,23.75,23.86,17702
2016-11-17,23.87,23.87,23.74,23.74,16248
2016-11-18,23.82,23.82,23.66,23.67,10447
2016-11-21,23.71,23.71,23.68,23.68,22685
2016-11-22,23.76,23.82,23.75,23.77,6741
2016-11-23,23.52,23.68,23.52,23.68,16645
2016-11-24,23.69,23.69,23.64,23.69,4109
2016-11-25,23.7,23.75,23.69,23.7,43445
2016-11-28,23.84,23.88,23.82,23.86,12590
2016-11-29,23.84,23.89,23.8,23.89,38584
2016-11-30,23.73,23.78,23.73,23.75,7979
2016-12-01,23.52,23.52,23.36,23.45,30031
2016-12-02,23.47,23.57,23.47,23.49,5139
2016-12-05,23.49,23.57,23.46,23.57,12098
2016-12-06,23.55,23.57,23.49,23.49,71618
2016-12-07,23.52,23.63,23.52,23.62,26977
2016-12-08,23.55,23.55,23.38,23.38,13685
2016-12-09,23.34,23.34,23.07,23.18,664433
2016-12-12,23.06,23.06,22.96,23.01,20876
2016-12-13,23.17,23.17,22.98,23.13,23628
2016-12-14,23.24,23.285,23.06,23.06,72888
2016-12-15,23.03,23.09,22.96,23.02,62157
2016-12-16,23.02,23.02,22.95,22.96,6480
2016-12-19,23.06,23.13,23.02,23.13,9991
2016-12-20,23.04,23.09,23.04,23.05,64250
2016-12-21,23.11,23.12,23.07,23.08,21775
2016-12-22,23.07,23.15,23.06,23.15,18114
2016-12-23,23.23,23.23,23.08,23.08,7653
2016-12-28,23.14,23.23,23.14,23.23,29324
2016-12-29,23.3,23.32,23.28,23.3,16945
2016-12-30,23.3,23.4,23.3,23.38,4073
2017-01-03,23.19,23.31,23.18,23.29,10559
2017-01-04,23.34,23.42,23.34,23.38,7332
2017-01-05,23.46,23.56,23.43,23.52,7581
2017-01-06,23.44,23.46,23.37,23.37,86312
2017-01-09,23.59,23.59,23.45,23.525,9136
2017-01-10,23.58,23.58,23.51,23.52,9341
2017-01-11,23.57,23.65,23.54,23.55,16926
2017-01-12,23.69,23.7,23.6,23.66,15728
2017-01-13,23.53,23.53,23.41,23.45,13152
2017-01-16,23.46,23.52,23.46,23.49,9984
2017-01-17,23.6,23.6,23.49,23.55,4983
2017-01-18,23.39,23.49,23.37,23.37,29954
2017-01-19,23.33,23.33,23.23,23.23,9859
2017-01-20,23.25,23.27,23.18,23.21,8721
2017-01-23,23.32,23.49,23.3,23.44,12817
2017-01-24,23.16,23.21,23.1,23.16,80436
2017-01-25,23.01,23.02,22.92,22.92,25916
2017-01-26,22.96,22.96,22.85,22.93,11545
2017-01-27,22.98,23.04,22.97,23.02,38982
2017-01-30,23.04,23.07,23,23.03,15512
2017-01-31,23.06,23.13,23.06,23.13,3750
2017-02-01,23.07,23.14,23.04,23.14,24907
2017-02-02,23.23,23.24,23.14,23.14,10155
2017-02-03,23.15,23.15,23.03,23.05,7297
2017-02-06,23.2,23.28,23.17,23.25,4881
2017-02-07,23.21,23.36,23.21,23.32,8259
2017-02-08,23.47,23.54,23.47,23.51,26851
2017-02-09,23.5,23.5,23.36,23.36,8941
2017-02-10,23.23,23.32,23.23,23.32,4761
2017-02-13,23.27,23.27,23.18,23.19,8578
2017-02-14,23.2,23.2,23.04,23.1,8062
2017-02-15,23.07,23.07,23.04,23.04,4933
2017-02-16,23.15,23.17,23.15,23.17,1811
2017-02-17,23.28,23.28,23.21,23.21,11104
2017-02-21,23.05,23.13,23.04,23.13,75387
2017-02-22,23.23,23.23,23.12,23.16,27543
2017-02-23,23.23,23.28,23.23,23.28,7479
2017-02-24,23.4,23.51,23.39,23.5,56562
2017-02-27,23.48,23.48,23.36,23.36,6355
2017-02-28,23.48,23.48,23.4,23.43,117550
2017-03-01,23.22,23.28,23.22,23.25,23933
2017-03-02,23.21,23.25,23.21,23.25,37816
2017-03-03,23.3,23.32,23.23,23.27,36709
2017-03-06,23.33,23.33,23.26,23.26,6536
2017-03-07,23.24,23.26,23.19,23.21,18275
2017-03-08,23.05,23.08,23.02,23.05,10190
2017-03-09,23.04,23.04,22.97,23,5313
2017-03-10,23.04,23.05,22.94,23.05,20537
2017-03-13,22.97,22.97,22.9,22.92,15344
2017-03-14,22.94,23.02,22.94,22.99,2912
2017-03-15,23.05,23.2,23.05,23.2,13038
2017-03-16,23.13,23.15,23.13,23.15,4137
2017-03-17,23.23,23.3,23.23,23.3,9657
2017-03-20,23.29,23.31,23.27,23.31,2425
2017-03-21,23.28,23.41,23.28,23.37,15282
2017-03-22,23.48,23.54,23.45,23.54,68882
2017-03-23,23.51,23.57,23.51,23.57,23995
2017-03-24,23.52,23.56,23.5,23.56,19330
2017-03-27,23.77,23.77,23.62,23.62,20461
2017-03-28,23.69,23.69,23.52,23.52,17682
2017-03-29,23.6,23.63,23.59,23.59,4461
2017-03-30,23.6,23.64,23.57,23.57,12344
2017-03-31,23.48,23.56,23.48,23.56,4653
2017-04-03,23.63,23.82,23.63,23.77,14004
2017-04-04,23.77,23.82,23.73,23.79,20804
2017-04-05,23.74,23.85,23.71,23.83,26513
2017-04-06,23.91,23.91,23.82,23.87,11338
2017-04-07,23.96,23.99,23.8,23.82,26011
2017-04-10,23.85,23.89,23.81,23.89,6604
2017-04-11,23.89,23.93,23.88,23.93,4450
2017-04-12,23.96,24.02,23.95,24.02,7199
2017-04-13,24.16,24.21,24.07,24.2,69506
2017-04-17,24.18,24.2,24.1,24.1,5524
2017-04-18,24.2,24.35,24.2,24.35,4761
2017-04-19,24.23,24.28,24.2,24.28,23440
2017-04-20,24.21,24.22,24.15,24.22,7697
2017-04-21,24.23,24.24,24.17,24.18,17696
2017-04-24,24.07,24.16,24.02,24.16,24753
2017-04-25,24.1,24.12,24.07,24.08,5752
2017-04-26,24.08,24.2,24.08,24.2,46388
2017-04-27,24.13,24.19,24.09,24.13,14688
2017-04-28,24.11,24.22,24.11,24.2,7267
2017-05-01,24.14,24.19,24.08,24.15,3397
2017-05-02,24.2,24.41,24.2,24.355,20239
2017-05-03,24.36,24.43,24.33,24.33,54759
2017-05-04,24.23,24.34,24.23,24.33,30361
2017-05-05,24.3,24.32,24.29,24.32,3138
2017-05-08,24.33,24.33,24.23,24.23,3409
2017-05-09,24,24.01,23.96,23.99,103297
2017-05-10,24.04,24.04,23.96,23.97,3900
2017-05-11,24.02,24.02,23.96,24,2228
2017-05-12,24.03,24.05,24,24.025,4438
2017-05-15,23.98,24.02,23.92,23.97,8190
2017-05-16,23.96,24.06,23.96,24.05,2596
2017-05-17,24.19,24.475,24.18,24.45,179256
2017-05-18,24.5,24.52,24.45,24.5,11462
2017-05-19,24.49,24.57,24.44,24.57,16995
2017-05-23,24.56,24.57,24.45,24.45,35467
2017-05-24,24.39,24.41,24.33,24.41,15737
2017-05-25,24.45,24.49,24.43,24.47,11061
2017-05-26,24.48,24.56,24.48,24.48,6384
2017-05-29,24.57,24.63,24.57,24.6,11211
2017-05-30,24.57,24.62,24.54,24.54,12342
2017-05-31,24.58,24.62,24.56,24.56,20176
2017-06-01,24.51,24.63,24.5,24.61,20481
2017-06-02,24.68,24.76,24.68,24.76,5363
2017-06-05,24.73,24.73,24.69,24.72,11384
2017-06-06,24.8,24.81,24.77,24.8,6534
2017-06-07,24.79,24.79,24.72,24.77,13533
2017-06-08,24.72,24.72,24.66,24.72,10714
2017-06-09,24.6,24.68,24.6,24.68,30041
2017-06-12,24.66,24.67,24.59,24.6,44752
2017-06-13,24.4,24.41,24.32,24.36,12144
2017-06-14,24.58,24.64,24.55,24.63,7589
2017-06-15,24.63,24.655,24.6,24.655,7306
2017-06-16,24.6,24.7,24.6,24.7,876
2017-06-19,24.71,24.71,24.69,24.7,12672
2017-06-20,24.74,24.81,24.74,24.77,3947
2017-06-21,24.81,24.89,24.78,24.85,54025
2017-06-22,24.87,24.9,24.85,24.9,6058
2017-06-23,24.87,24.92,24.87,24.915,12503
2017-06-26,24.95,24.99,24.95,24.99,4258
2017-06-27,24.82,24.83,24.655,24.69,36034
2017-06-28,24.66,24.66,24.54,24.63,25012
2017-06-29,24.4,24.45,24.31,24.45,136598
2017-06-30,24.36,24.37,24.28,24.3,8533
2017-07-04,24.26,24.26,24.12,24.19,10736
2017-07-05,24.16,24.27,24.16,24.27,12045
2017-07-06,24.23,24.23,24.065,24.16,17516
2017-07-07,24,24.02,23.96,23.99,6801
2017-07-10,24.03,24.03,23.94,24,22609
2017-07-11,23.98,24.07,23.98,23.99,4514
2017-07-12,24.12,24.12,24.01,24.05,17388
2017-07-13,23.96,23.97,23.86,23.93,4707
2017-07-14,23.99,23.99,23.95,23.97,26564
2017-07-17,23.92,23.95,23.89,23.94,5138
2017-07-18,23.94,23.98,23.94,23.98,18732
2017-07-19,23.93,23.96,23.9,23.9,12367
2017-07-20,23.97,24,23.95,23.95,12347
2017-07-21,24.04,24.07,24.02,24.04,8334
2017-07-24,23.87,23.92,23.86,23.9,23218
2017-07-25,23.74,23.74,23.53,23.53,38976
2017-07-26,23.51,23.63,23.5,23.63,3523
2017-07-27,23.5,23.5,23.34,23.34,10418
2017-07-28,23.25,23.29,23.25,23.26,8218
2017-07-31,23.19,23.25,23.16,23.25,31723
2017-08-01,23.23,23.5,23.23,23.5,28573
2017-08-02,23.61,23.66,23.6,23.62,10216
2017-08-03,23.65,23.68,23.63,23.68,5400
2017-08-04,23.63,23.68,23.61,23.68,6242
2017-08-08,23.67,23.67,23.57,23.6,13536
2017-08-09,23.81,23.81,23.67,23.7,6226
2017-08-10,23.75,23.82,23.74,23.82,20210
2017-08-11,23.8,23.86,23.79,23.85,14703
2017-08-14,23.73,23.78,23.73,23.78,52823
2017-08-15,23.6,23.71,23.6,23.71,8616
2017-08-16,23.62,23.77,23.62,23.77,2316
2017-08-17,23.71,23.8,23.71,23.8,1530
2017-08-18,23.87,23.92,23.8,23.8,7262
2017-08-21,23.82,23.82,23.76,23.8,3836
2017-08-22,23.72,23.72,23.67,23.685,14712
2017-08-23,23.8,23.8,23.73,23.8,6148
2017-08-24,23.7,23.7,23.66,23.66,2940
2017-08-25,23.69,23.75,23.69,23.7,1674
2017-08-28,23.64,23.72,23.63,23.68,9739
2017-08-29,23.82,23.82,23.74,23.74,27655
2017-08-30,23.77,23.84,23.76,23.76,22411
2017-08-31,23.7,23.85,23.7,23.85,20897
2017-09-01,23.74,23.75,23.58,23.74,23276
2017-09-05,23.78,23.82,23.78,23.81,833
2017-09-06,23.65,23.65,23.51,23.52,64727
2017-09-07,23.45,23.61,23.45,23.54,10368
2017-09-08,23.52,23.52,23.5,23.5,1318
2017-09-11,23.37,23.42,23.35,23.42,7923
2017-09-12,23.34,23.34,23.3,23.33,6517
2017-09-13,23.3,23.3,23.24,23.29,9866
2017-09-14,23.2,23.27,23.2,23.25,1460
2017-09-15,23.22,23.24,23.22,23.23,2046
2017-09-18,23.14,23.21,23.12,23.2,8792
2017-09-19,23.24,23.24,23.19,23.2,7834
2017-09-20,23.23,23.23,23.14,23.21,18238
2017-09-21,23.21,23.23,23.14,23.15,18548
2017-09-22,23.18,23.24,23.18,23.23,4358
2017-09-25,23.16,23.23,23.15,23.22,6498
2017-09-26,23.16,23.21,23.14,23.2,11771
2017-09-27,22.95,23.09,22.9,23.09,11761
2017-09-28,23.03,23.05,23.03,23.04,689
2017-09-29,23.1,23.12,23.07,23.12,3404
2017-10-02,23.12,23.12,23,23.07,18333
2017-10-03,23.02,23.03,22.98,23.03,6767
2017-10-04,23.1,23.1,22.98,23.01,33875
2017-10-05,23.04,23.1,23.04,23.1,15767
2017-10-06,23.05,23.12,23.05,23.12,8727
2017-10-10,23.14,23.16,23.08,23.09,18553
2017-10-11,23.18,23.2,23.15,23.15,25154
2017-10-12,23.2,23.3,23.2,23.3,9913
2017-10-13,23.43,23.43,23.34,23.42,3882
2017-10-16,23.5,23.53,23.5,23.5,5477
2017-10-17,23.5,23.58,23.5,23.54,17764
2017-10-18,23.5,23.54,23.5,23.52,8460
2017-10-19,23.68,23.68,23.6,23.61,2595
2017-10-20,23.54,23.56,23.52,23.53,6405
2017-10-23,23.59,23.62,23.55,23.58,12868
2017-10-24,23.49,23.52,23.49,23.5,18695
2017-10-25,23.38,23.49,23.34,23.49,16412
2017-10-26,23.55,23.55,23.47,23.52,25177
2017-10-27,23.59,23.65,23.59,23.65,5760
2017-10-30,23.7,23.75,23.69,23.73,9961
2017-10-31,23.73,23.79,23.73,23.79,15734
2017-11-01,23.84,23.87,23.81,23.84,17981
2017-11-02,23.87,23.92,23.86,23.88,5066
2017-11-03,23.91,23.97,23.88,23.94,4106
2017-11-06,24.04,24.07,24.01,24.07,10908
2017-11-07,24.15,24.2,24.15,24.2,5155
2017-11-08,24.25,24.25,24.16,24.16,2145
2017-11-09,24.07,24.07,24.05,24.05,4775
2017-11-10,23.92,23.95,23.89,23.89,6082
2017-11-13,23.86,23.95,23.86,23.88,3771
2017-11-14,23.9,23.97,23.9,23.96,4925
2017-11-15,24.05,24.08,24.01,24.08,4326
2017-11-16,24,24,23.92,23.95,15240
2017-11-17,24.01,24.02,23.96,23.96,9902
2017-11-20,23.96,23.97,23.89,23.89,12053
2017-11-21,24.07,24.07,24.02,24.07,7379
2017-11-22,24.06,24.08,24.01,24.03,16740
2017-11-23,24.12,24.14,24.08,24.14,3200
2017-11-24,24.15,24.16,24.11,24.16,1596
2017-11-27,24.15,24.24,24.15,24.23,22278
2017-11-28,24.2,24.27,24.2,24.22,18666
2017-11-29,24.21,24.22,24.14,24.15,4394
2017-11-30,24.12,24.23,24.11,24.11,9079
2017-12-01,24.17,24.26,24.02,24.26,26445
2017-12-04,24.16,24.2,24.12,24.15,10289
2017-12-05,24.15,24.25,24.15,24.25,16806
2017-12-06,24.35,24.44,24.35,24.44,2288
2017-12-07,24.42,24.48,24.35,24.35,6093
2017-12-08,24.37,24.42,24.36,24.41,3067
2017-12-11,24.49,24.49,24.43,24.45,13078
2017-12-12,24.44,24.47,24.39,24.42,29566
2017-12-13,24.42,24.5,24.38,24.5,32894
2017-12-14,24.44,24.54,24.44,24.51,22286
2017-12-15,24.51,24.66,24.5,24.66,3906
2017-12-18,24.66,24.66,24.61,24.62,19851
2017-12-19,24.5,24.5,24.4,24.4,1618
2017-12-20,24.23,24.26,24.19,24.26,12045
2017-12-21,24.11,24.21,24.1,24.21,3829
2017-12-22,24.24,24.26,24.22,24.25,3311
2017-12-27,24.25,24.4,24.25,24.4,5426
2017-12-28,24.2,24.2,24.2,24.2,4495
2017-12-29,24.25,24.25,24.07,24.18,3301
2018-01-02,24.08,24.08,23.93,23.94,15142
2018-01-03,23.96,24.03,23.94,24.03,9762
2018-01-04,24.01,24.01,23.94,23.94,30812
2018-01-05,23.84,23.86,23.75,23.75,9343
2018-01-08,23.82,23.85,23.77,23.82,12385
2018-01-09,23.79,23.79,23.7,23.72,15604
2018-01-10,23.62,23.77,23.53,23.75,48837
2018-01-11,23.71,23.77,23.66,23.72,6932
2018-01-12,23.72,23.82,23.72,23.8,10971
2018-01-15,23.77,23.83,23.75,23.82,80703
2018-01-16,23.78,23.8,23.78,23.8,42952
2018-01-17,23.9,23.94,23.84,23.85,12669
2018-01-18,23.87,23.91,23.8,23.87,8011
2018-01-19,23.8,23.8,23.7,23.76,11477
2018-01-22,23.82,23.82,23.7,23.71,21581
2018-01-23,23.78,23.86,23.78,23.86,5724
2018-01-24,23.83,23.83,23.74,23.77,34946
2018-01-25,23.74,23.8,23.72,23.8,4663
2018-01-26,23.75,23.8,23.74,23.78,11008
2018-01-29,23.73,23.78,23.7,23.78,10097
2018-01-30,23.69,23.71,23.63,23.67,47926
2018-01-31,23.62,23.65,23.59,23.65,11611
2018-02-01,23.67,23.68,23.47,23.47,38920
2018-02-02,23.4,23.5,23.39,23.5,8467
2018-02-05,23.36,23.45,23.3,23.43,299993
2018-02-06,23.37,23.4,23.24,23.36,23147
2018-02-07,23.37,23.37,23.25,23.25,1488
2018-02-08,23.14,23.24,23.14,23.24,14185
2018-02-09,23.21,23.23,23.12,23.21,75237
2018-02-12,23.2,23.23,23.17,23.19,12622
2018-02-13,23.22,23.25,23.19,23.2,67655
2018-02-14,23.19,23.19,23.12,23.16,1367
2018-02-15,23.15,23.18,23.12,23.18,2973
2018-02-16,23.22,23.33,23.22,23.33,4569
2018-02-20,23.27,23.27,23.2,23.22,12876
2018-02-21,23.34,23.34,23.27,23.27,3838
2018-02-22,23.26,23.26,23.21,23.22,4465
2018-02-23,23.32,23.42,23.32,23.42,14217
2018-02-26,23.49,23.53,23.43,23.43,6593
2018-02-27,23.42,23.43,23.3,23.32,3449
2018-02-28,23.39,23.49,23.39,23.49,5081
2018-03-01,23.51,23.66,23.5,23.66,15963
2018-03-02,23.6,23.6,23.52,23.52,2525
2018-03-05,23.64,23.64,23.5,23.51,6098
2018-03-06,23.5,23.5,23.5,23.5,493
2018-03-07,23.42,23.49,23.33,23.33,144154
2018-03-08,23.33,23.4,23.33,23.4,3451
2018-03-09,23.27,23.3,23.21,23.21,8233
2018-03-12,23.24,23.36,23.24,23.34,4173
2018-03-13,23.45,23.45,23.35,23.43,34338
2018-03-14,23.55,23.68,23.55,23.68,2511
2018-03-15,23.66,23.74,23.66,23.74,3043
2018-03-16,23.75,23.81,23.75,23.78,4553
2018-03-19,23.78,23.9,23.78,23.8,3899
2018-03-20,23.76,23.76,23.7,23.7,3820
2018-03-21,23.56,23.57,23.5,23.55,6391
2018-03-22,23.71,23.81,23.7,23.81,11642
2018-03-23,23.65,23.66,23.63,23.65,21997
2018-03-26,23.6,23.61,23.51,23.52,23633
2018-03-27,23.64,23.75,23.64,23.72,8977
2018-03-28,23.85,23.88,23.79,23.84,3896
2018-03-29,23.87,23.92,23.84,23.84,6391
2018-04-02,23.84,23.85,23.82,23.83,9473
2018-04-03,23.75,23.75,23.62,23.62,11526
2018-04-04,23.62,23.62,23.49,23.49,6445
2018-04-05,23.45,23.47,23.43,23.43,3944
2018-04-06,23.48,23.6,23.45,23.6,15340
2018-04-09,23.57,23.63,23.57,23.63,24499
2018-04-10,23.57,23.58,23.5,23.53,11670
2018-04-11,23.63,23.63,23.47,23.49,56411
2018-04-12,23.45,23.47,23.4,23.41,9167
2018-04-13,23.42,23.5,23.37,23.5,17122
2018-04-16,23.4,23.48,23.4,23.46,4667
2018-04-17,23.45,23.56,23.45,23.56,4957
2018-04-18,23.57,23.57,23.43,23.43,723
2018-04-19,23.37,23.4,23.32,23.35,5911
2018-04-20,23.3,23.32,23.27,23.27,17599
2018-04-23,23.27,23.32,23.22,23.32,10505
2018-04-24,23.19,23.26,23.19,23.2,24617
2018-04-25,23.17,23.18,23.11,23.12,4398
2018-04-26,23.16,23.23,23.16,23.23,6549
2018-04-27,23.24,23.32,23.24,23.32,1005
2018-04-30,23.37,23.37,23.3,23.34,13524
2018-05-01,23.3,23.3,23.23,23.23,11198
2018-05-02,23.15,23.195,23.15,23.19,1035
2018-05-03,23.25,23.29,23.25,23.26,1578
2018-05-04,23.26,23.29,23.25,23.27,14668
2018-05-07,23.31,23.31,23.23,23.24,13681
2018-05-08,23.24,23.26,23.18,23.23,8353
2018-05-09,23.19,23.19,23.14,23.16,10560
2018-05-10,23.18,23.2,23.13,23.17,12143
2018-05-11,23.22,23.31,23.22,23.31,11597
2018-05-14,23.2,23.2,23.13,23.13,11693
2018-05-15,23,23,22.89,22.94,253265
2018-05-16,22.96,22.96,22.92,22.94,22547
2018-05-17,22.92,22.93,22.89,22.91,5869
2018-05-18,22.96,23.05,22.96,23.05,5892
2018-05-22,23.01,23.07,23.01,23.06,10291
2018-05-23,23.16,23.2,23.16,23.16,18596
2018-05-24,23.18,23.32,23.18,23.31,12977
2018-05-25,23.33,23.37,23.31,23.37,25884
2018-05-28,23.5,23.5,23.41,23.41,2395
2018-05-29,23.5,23.78,23.5,23.76,12924
2018-05-30,23.56,23.59,23.51,23.55,24887
2018-05-31,23.66,23.77,23.66,23.74,7380
2018-06-01,23.68,23.8,23.64,23.74,13687
2018-06-04,23.67,23.69,23.59,23.59,7406
2018-06-05,23.66,23.67,23.64,23.64,19799
2018-06-06,23.47,23.47,23.4,23.44,3207
2018-06-07,23.43,23.57,23.43,23.48,13958
2018-06-08,23.5,23.5,23.45,23.47,41125
2018-06-11,23.45,23.5,23.45,23.5,25135
2018-06-12,23.45,23.57,23.45,23.56,824
2018-06-13,23.61,23.61,23.51,23.51,1486
2018-06-14,23.6,23.72,23.59,23.7,3804
2018-06-15,23.83,23.9,23.82,23.86,78065
2018-06-18,23.86,23.9,23.83,23.83,5520
2018-06-19,23.99,23.99,23.92,23.98,53069
2018-06-20,23.95,23.97,23.87,23.87,28747
2018-06-21,23.93,24.02,23.93,23.94,12994
2018-06-22,24,24,23.96,23.96,7304
2018-06-25,23.87,24,23.87,23.95,4203
2018-06-26,23.92,23.96,23.92,23.95,9834
2018-06-27,24.01,24.03,24.01,24.03,6331
2018-06-28,23.98,23.98,23.81,23.84,2140
2018-06-29,23.82,23.86,23.82,23.86,735
2018-07-03,23.96,23.96,23.91,23.96,7006
2018-07-04,23.86,23.91,23.86,23.88,2794
2018-07-05,23.95,23.98,23.95,23.98,792
2018-07-06,24.05,24.07,23.98,24.07,14930
2018-07-09,23.93,23.94,23.9,23.92,24654
2018-07-10,23.85,23.93,23.85,23.93,6219
2018-07-11,23.86,23.97,23.86,23.96,13732
2018-07-12,23.89,23.91,23.85,23.85,7822
2018-07-13,23.86,23.95,23.86,23.95,2432
2018-07-16,23.94,23.98,23.87,23.98,3237
2018-07-17,24,24.05,23.95,23.96,7785
2018-07-18,24,24,23.93,23.93,15190
2018-07-19,23.99,24.06,23.96,24.05,60392
2018-07-20,23.9,23.9,23.8,23.8,14631
2018-07-23,23.81,23.81,23.64,23.64,21584
2018-07-24,23.66,23.74,23.66,23.73,915
2018-07-25,23.68,23.68,23.54,23.54,10882
2018-07-26,23.48,23.48,23.43,23.48,13305
2018-07-27,23.52,23.52,23.38,23.47,6068
2018-07-30,23.34,23.45,23.33,23.45,10596
2018-07-31,23.45,23.45,23.35,23.45,130971
2018-08-01,23.25,23.29,23.25,23.27,6682
2018-08-02,23.29,23.29,23.21,23.23,16907
2018-08-03,23.29,23.39,23.29,23.39,2748
2018-08-07,23.31,23.32,23.23,23.32,2728
2018-08-08,23.33,23.35,23.28,23.35,6694
2018-08-09,23.41,23.43,23.36,23.36,8609
2018-08-10,23.44,23.57,23.43,23.57,10759
2018-08-13,23.5,23.5,23.48,23.48,2312
2018-08-14,23.51,23.51,23.41,23.46,53118
2018-08-15,23.53,23.61,23.53,23.61,9106
2018-08-16,23.62,23.62,23.58,23.58,1926
2018-08-17,23.62,23.68,23.58,23.58,15877
2018-08-20,23.71,23.71,23.66,23.68,11850
2018-08-21,23.62,23.62,23.57,23.57,7027
2018-08-22,23.63,23.66,23.63,23.66,23532
2018-08-23,23.63,23.67,23.61,23.63,6092
2018-08-24,23.57,23.69,23.57,23.69,7891
2018-08-27,23.6,23.6,23.49,23.51,2171
2018-08-28,23.42,23.46,23.32,23.46,79041
2018-08-29,23.39,23.39,23.31,23.35,6053
2018-08-30,23.43,23.52,23.43,23.52,4214
2018-08-31,23.67,23.68,23.55,23.68,5572
2018-09-04,23.54,23.64,23.54,23.64,18500
2018-09-05,23.59,23.59,23.53,23.59,11321
2018-09-06,23.61,23.67,23.58,23.66,128325
2018-09-07,23.57,23.57,23.5,23.51,35700
2018-09-10,23.49,23.51,23.47,23.51,6858
2018-09-11,23.46,23.46,23.38,23.38,4496
2018-09-12,23.4,23.4,23.36,23.37,16784
2018-09-13,23.36,23.36,23.3,23.31,42778
2018-09-14,23.26,23.3,23.26,23.28,3738
2018-09-17,23.26,23.3,23.26,23.29,4572
2018-09-18,23.27,23.27,23.16,23.16,4056
2018-09-19,23.06,23.06,23,23.01,15476
2018-09-20,22.97,23.04,22.97,23.03,9298
2018-09-21,22.95,22.99,22.95,22.99,13219
2018-09-24,22.94,22.97,22.9,22.94,11769
2018-09-25,22.86,22.86,22.8,22.83,3881
2018-09-26,22.88,23.06,22.88,23.06,16170
2018-09-27,23.02,23.09,23.02,23.08,4330
2018-09-28,23.17,23.17,23.05,23.11,4050
2018-10-01,22.96,22.96,22.8,22.82,95272
2018-10-02,22.9,23.01,22.89,22.98,7348
2018-10-03,22.98,22.98,22.77,22.83,4412
2018-10-04,22.75,22.76,22.7,22.71,9832
2018-10-05,22.65,22.65,22.54,22.54,17666
2018-10-09,22.56,22.66,22.56,22.66,15741
2018-10-10,22.6,22.66,22.56,22.65,18194
2018-10-11,22.71,22.83,22.68,22.81,3210
2018-10-12,22.81,22.85,22.81,22.85,1868
2018-10-15,22.84,22.87,22.78,22.8,3311
2018-10-16,22.8,22.8,22.72,22.73,9293
2018-10-17,22.87,22.87,22.78,22.78,22440
2018-10-18,22.8,22.81,22.79,22.81,1293
2018-10-19,22.8,22.8,22.78,22.78,3611
2018-10-22,22.81,22.82,22.74,22.81,10374
2018-10-23,22.93,22.94,22.9,22.9,2518
2018-10-24,22.91,22.91,22.8,22.88,3573
2018-10-25,22.84,22.84,22.75,22.75,4592
2018-10-26,22.87,23,22.87,22.98,18577
2018-10-29,22.88,22.91,22.85,22.88,12661
2018-10-30,22.81,22.85,22.81,22.81,4249
2018-10-31,22.67,22.7,22.62,22.64,17541
2018-11-01,22.51,22.66,22.51,22.61,4295
2018-11-02,22.64,22.64,22.47,22.47,18298
2018-11-05,22.61,22.61,22.56,22.56,636
2018-11-06,22.59,22.6,22.56,22.6,4662
2018-11-07,22.64,22.68,22.64,22.64,4790
2018-11-08,22.62,22.65,22.55,22.55,19085
2018-11-09,22.66,22.7,22.62,22.62,2589
2018-11-12,22.62,22.74,22.62,22.74,15301
2018-11-13,22.7,22.77,22.7,22.77,1369
2018-11-14,22.92,22.92,22.8,22.85,26300
2018-11-15,22.95,22.98,22.9,22.9,51722
2018-11-16,22.94,22.99,22.88,22.99,4238
2018-11-19,22.95,22.95,22.92,22.93,8546
2018-11-20,23,23,22.92,22.93,3668
2018-11-21,22.89,22.92,22.89,22.89,25541
2018-11-22,22.93,22.93,22.87,22.9,17396
2018-11-23,22.96,22.96,22.96,22.96,5665
2018-11-26,22.96,22.96,22.89,22.92,37541
2018-11-27,22.88,22.92,22.87,22.9,6753
2018-11-28,22.85,22.9,22.84,22.9,9989
2018-11-29,22.86,22.86,22.82,22.82,2049
2018-11-30,22.91,22.93,22.87,22.87,12474
2018-12-03,22.82,23.02,22.82,23.02,14350
2018-12-04,23.05,23.2,23.04,23.2,26582
2018-12-05,23.22,23.3,23.2,23.28,137570
2018-12-06,23.31,23.32,23.18,23.18,39984
2018-12-07,23.18,23.3,23.18,23.3,13557
2018-12-10,23.32,23.38,23.31,23.38,9409
2018-12-11,23.3,23.33,23.29,23.32,13913
2018-12-12,23.21,23.21,23.15,23.19,11718
2018-12-13,23.12,23.12,22.95,22.95,10372
2018-12-14,23.03,23.12,23.03,23.12,1669
2018-12-17,23.13,23.25,23.13,23.17,12172
2018-12-18,23.26,23.33,23.23,23.33,7909
2018-12-19,23.35,23.61,23.35,23.48,22071
2018-12-20,23.59,23.61,23.41,23.41,141023
2018-12-21,23.35,23.35,23.26,23.3,13294
2018-12-24,23.27,23.41,23.27,23.32,6779
2018-12-27,23.35,23.4,23.35,23.4,39665
2018-12-28,23.37,23.37,23.3,23.32,1903
2018-12-31,23.38,23.38,23.28,23.28,1793
2019-01-02,23.34,23.34,23.3,23.33,7340
2019-01-03,23.45,23.68,23.45,23.61,71784
2019-01-04,23.5,23.52,23.4,23.4,14998
2019-01-07,23.5,23.55,23.45,23.45,12627
2019-01-08,23.4,23.47,23.4,23.4,8421
2019-01-09,23.38,23.38,23.33,23.33,18965
2019-01-10,23.41,23.45,23.39,23.39,1975
2019-01-11,23.49,23.51,23.42,23.46,6545
2019-01-14,23.51,23.51,23.38,23.39,18249
2019-01-15,23.37,23.38,23.32,23.37,2689
2019-01-16,23.31,23.32,23.25,23.25,28935
2019-01-17,23.29,23.31,23.25,23.25,8160
2019-01-18,23.26,23.26,23.22,23.23,3720
2019-01-21,23.34,23.34,23.28,23.3,14768
2019-01-22,23.41,23.49,23.4,23.47,13144
2019-01-23,23.46,23.46,23.41,23.43,8664
2019-01-24,23.58,23.58,23.53,23.53,5020
2019-01-25,23.37,23.41,23.34,23.41,10598
2019-01-28,23.45,23.45,23.39,23.43,28776
2019-01-29,23.36,23.48,23.36,23.48,23963
2019-01-30,23.44,23.48,23.36,23.48,20414
2019-01-31,23.6,23.69,23.59,23.69,29437
2019-02-01,23.6,23.6,23.48,23.51,105569
2019-02-04,23.6,23.61,23.5,23.52,14571
2019-02-05,23.65,23.68,23.6,23.68,21911
2019-02-06,23.75,23.75,23.63,23.68,13576
2019-02-07,23.75,23.77,23.72,23.77,10357
2019-02-08,23.75,23.77,23.72,23.76,14794
2019-02-11,23.7,23.7,23.65,23.7,6110
2019-02-12,23.66,23.68,23.64,23.67,28664
2019-02-13,23.64,23.68,23.63,23.65,3555
2019-02-14,23.76,23.83,23.76,23.83,12379
2019-02-15,23.75,23.85,23.75,23.83,42271
2019-02-19,23.82,23.9,23.82,23.9,20291
2019-02-20,23.9,23.9,23.79,23.79,12514
2019-02-21,23.78,23.78,23.73,23.75,9646
2019-02-22,23.78,23.81,23.77,23.77,432014
2019-02-25,23.79,23.81,23.76,23.81,8272
2019-02-26,23.91,23.91,23.81,23.88,2996
2019-02-27,23.84,23.84,23.72,23.75,34682
2019-02-28,23.75,23.79,23.66,23.68,24119
2019-03-01,23.64,23.71,23.63,23.64,30882
2019-03-04,23.65,23.75,23.64,23.74,24565
2019-03-05,23.74,23.84,23.74,23.82,15532
2019-03-06,23.93,24,23.93,23.98,5068
2019-03-07,24,24.13,24,24.12,26328
2019-03-08,24.07,24.12,23.99,24.12,48156
2019-03-11,24.15,24.17,24.12,24.16,6823
2019-03-12,24.21,24.3,24.21,24.3,50031
2019-03-13,24.28,24.28,24.21,24.21,12520
2019-03-14,24.26,24.27,24.16,24.17,15980
2019-03-15,24.33,24.33,24.28,24.28,8889
2019-03-18,24.29,24.38,24.29,24.38,24015
2019-03-19,24.32,24.34,24.32,24.33,12771
2019-03-20,24.42,24.5,24.42,24.5,27514
2019-03-21,24.61,24.61,24.5,24.56,5776
2019-03-22,24.68,24.79,24.68,24.79,40002
2019-03-25,24.76,24.89,24.76,24.84,47153
2019-03-26,24.79,24.84,24.72,24.84,14979
2019-03-27,24.93,24.94,24.83,24.88,6339
2019-03-28,24.9,24.9,24.8,24.8,12949
2019-03-29,24.6,24.68,24.58,24.64,103704
2019-04-01,24.58,24.61,24.37,24.37,16647
2019-04-02,24.44,24.54,24.44,24.52,12865
2019-04-03,24.44,24.45,24.4,24.4,101153
2019-04-04,24.42,24.51,24.42,24.5,18354
2019-04-05,24.51,24.51,24.47,24.5,17934
2019-04-08,24.53,24.53,24.4,24.4,13258
2019-04-09,24.44,24.45,24.39,24.39,30508
2019-04-10,24.42,24.47,24.42,24.47,6982
2019-04-11,24.43,24.43,24.32,24.34,56114
2019-04-12,24.26,24.27,24.2,24.23,56358
2019-04-15,24.19,24.29,24.17,24.29,19192
2019-04-16,24.21,24.21,24.13,24.17,109662
2019-04-17,24.12,24.17,24.09,24.16,123243
2019-04-18,24.15,24.28,24.15,24.28,7142
2019-04-22,24.24,24.24,24.14,24.14,10626
2019-04-23,24.22,24.22,24.16,24.21,8789
2019-04-24,24.3,24.45,24.3,24.43,13951
2019-04-25,24.37,24.43,24.37,24.41,15256
2019-04-26,24.45,24.5,24.45,24.49,8130
2019-04-29,24.43,24.43,24.35,24.36,11801
2019-04-30,24.36,24.43,24.36,24.43,13555
2019-05-01,24.5,24.5,24.47,24.5,45293
2019-05-02,24.5,24.5,24.33,24.34,21860
2019-05-03,24.33,24.41,24.33,24.35,10097
2019-05-06,24.4,24.48,24.4,24.4,7669
2019-05-07,24.53,24.6,24.53,24.6,8347
2019-05-08,24.62,24.62,24.48,24.49,25408
2019-05-09,24.66,24.7,24.57,24.59,7781
2019-05-10,24.59,24.61,24.52,24.55,8363
2019-05-13,24.64,24.78,24.64,24.76,7678
2019-05-14,24.7,24.7,24.62,24.64,6036
2019-05-15,24.8,24.8,24.72,24.73,1093
2019-05-16,24.73,24.75,24.71,24.73,16723
2019-05-17,24.81,24.85,24.75,24.75,11783
2019-05-21,24.67,24.67,24.54,24.55,26486
2019-05-22,24.55,24.66,24.54,24.56,13635
2019-05-23,24.72,24.89,24.72,24.89,4713
2019-05-24,24.85,24.86,24.78,24.86,13334
2019-05-27,24.86,24.95,24.86,24.92,44833
2019-05-28,25,25.03,24.96,24.98,339667
2019-05-29,25.07,25.16,25.03,25.03,56073
2019-05-30,25.01,25.06,24.92,25.06,23713
2019-05-31,25.17,25.23,25.15,25.2,48892
2019-06-03,25.27,25.4,25.25,25.4,48451
2019-06-04,25.32,25.32,25.25,25.25,66719
2019-06-05,25.41,25.41,25.28,25.32,57239
2019-06-06,25.31,25.39,25.28,25.31,7615
2019-06-07,25.4,25.4,25.34,25.39,5350
2019-06-10,25.29,25.29,25.21,25.21,32227
2019-06-11,25.19,25.26,25.19,25.21,5902
2019-06-12,25.21,25.32,25.19,25.32,22309
2019-06-13,25.32,25.44,25.32,25.44,64164
2019-06-14,25.48,25.49,25.46,25.48,6747
2019-06-17,25.52,25.57,25.48,25.57,6774
2019-06-18,25.64,25.64,25.57,25.64,46097
2019-06-19,25.52,25.66,25.5,25.65,24243
2019-06-20,25.65,25.66,25.61,25.63,11100
2019-06-21,25.57,25.57,25.47,25.47,18299
2019-06-24,25.59,25.59,25.57,25.57,12103
2019-06-25,25.58,25.64,25.57,25.61,9597
2019-06-26,25.62,25.62,25.43,25.43,5509
2019-06-27,25.5,25.55,25.5,25.52,3977
2019-06-28,25.52,25.69,25.52,25.67,6559
2019-07-02,25.64,25.7,25.62,25.69,32239
2019-07-03,25.75,25.81,25.75,25.76,4971
2019-07-04,25.8,25.81,25.79,25.8,20463
2019-07-05,25.56,25.56,25.43,25.44,50419
2019-07-08,25.47,25.55,25.47,25.51,8633
2019-07-09,25.51,25.56,25.47,25.51,7598
2019-07-10,25.47,25.5,25.42,25.46,16862
2019-07-11,25.4,25.42,25.25,25.28,19839
2019-07-12,25.26,25.28,25.22,25.26,15689
2019-07-15,25.3,25.39,25.3,25.36,13789
2019-07-16,25.21,25.32,25.21,25.32,8070
2019-07-17,25.33,25.52,25.33,25.52,9191
2019-07-18,25.51,25.58,25.5,25.52,8852
2019-07-19,25.57,25.61,25.56,25.59,63209
2019-07-22,25.65,25.68,25.64,25.65,84131
2019-07-23,25.69,25.69,25.6,25.6,12726
2019-07-24,25.65,25.72,25.65,25.71,10126
2019-07-25,25.64,25.64,25.55,25.63,12383
2019-07-26,25.67,25.67,25.59,25.6,3556
2019-07-29,25.65,25.65,25.55,25.58,8934
2019-07-30,25.57,25.57,25.5,25.53,119408
2019-07-31,25.53,25.7,25.5,25.67,12085
2019-08-01,25.71,25.98,25.71,25.98,51818
2019-08-02,26.01,26.02,25.94,25.94,5717
2019-08-06,26.12,26.38,26.12,26.35,7935
2019-08-07,26.62,26.76,26.39,26.5,76892
2019-08-08,26.44,26.44,26.22,26.37,43526
2019-08-09,26.4,26.5,26.3,26.32,33909
2019-08-12,26.45,26.6,26.45,26.55,95481
2019-08-13,26.61,26.62,26.4,26.46,73681
2019-08-14,26.68,26.84,26.68,26.82,114625
2019-08-15,26.92,27.06,26.83,27.05,18329
2019-08-16,26.92,26.93,26.8,26.9,33797
2019-08-19,26.68,26.68,26.55,26.67,62485
2019-08-20,26.8,26.81,26.69,26.71,30227
2019-08-21,26.56,26.56,26.46,26.49,39720
2019-08-22,26.36,26.36,26.2,26.22,46331
2019-08-23,26.15,26.5,26.15,26.45,23864
2019-08-26,26.39,26.41,26.33,26.33,30410
2019-08-27,26.46,26.67,26.46,26.67,51162
2019-08-28,26.76,26.77,26.72,26.76,13292
2019-08-29,26.79,26.79,26.53,26.61,80893
2019-08-30,26.61,26.62,26.47,26.54,25522
2019-09-03,26.61,26.65,26.55,26.56,15059
2019-09-04,26.56,26.58,26.55,26.57,5772
2019-09-05,26.33,26.33,26.09,26.16,103471
2019-09-06,26.18,26.19,26.13,26.19,21178
2019-09-09,26.1,26.1,26,26.03,39823
2019-09-10,25.93,25.93,25.67,25.68,80615
2019-09-11,25.63,25.79,25.63,25.72,106150
2019-09-12,25.8,25.8,25.51,25.53,23078
2019-09-13,25.47,25.47,25.36,25.38,67486
2019-09-16,25.44,25.58,25.44,25.54,4097
2019-09-17,25.61,25.71,25.58,25.71,3508
2019-09-18,25.82,25.9,25.76,25.82,11701
2019-09-19,25.92,26.01,25.92,25.96,16480
2019-09-20,26.02,26.09,25.98,26.09,9114
2019-09-23,26.2,26.26,26.19,26.22,39899
2019-09-24,26.18,26.34,26.18,26.32,18534
2019-09-25,26.33,26.33,25.93,25.95,23511
2019-09-26,26.06,26.1,26.05,26.05,5227
2019-09-27,26.01,26.07,26.01,26.07,1543
2019-09-30,25.98,26.08,25.95,26.06,21173
2019-10-01,25.96,26.2,25.95,26.16,16482
2019-10-02,26.2,26.28,26.2,26.2,30708
2019-10-03,26.45,26.47,26.36,26.45,10069
2019-10-04,26.44,26.52,26.44,26.47,19848
2019-10-07,26.42,26.42,26.3,26.3,13772
2019-10-08,26.38,26.38,26.25,26.25,7563
2019-10-09,26.24,26.24,26.1,26.15,20703
2019-10-10,25.99,25.99,25.81,25.86,33878
2019-10-11,25.67,25.67,25.5,25.6,13907
2019-10-15,25.72,25.75,25.51,25.51,18161
2019-10-16,25.6,25.6,25.52,25.57,18153
2019-10-17,25.54,25.55,25.48,25.54,7549
2019-10-18,25.54,25.64,25.51,25.6,71350
2019-10-21,25.57,25.6,25.49,25.52,31566
2019-10-22,25.69,25.74,25.63,25.74,9567
2019-10-23,25.8,25.8,25.7,25.7,30461
2019-10-24,25.73,25.75,25.68,25.72,1780
2019-10-25,25.62,25.62,25.46,25.46,27916
2019-10-28,25.33,25.33,25.15,25.15,361578
2019-10-29,25.25,25.29,25.22,25.22,24765
2019-10-30,25.22,25.67,25.22,25.67,18020
2019-10-31,25.78,25.85,25.77,25.78,13590
2019-11-01,25.75,25.78,25.61,25.77,15130
2019-11-04,25.58,25.58,25.39,25.43,39731
2019-11-05,25.3,25.3,25.18,25.25,27426
2019-11-06,25.33,25.49,25.32,25.49,43045
2019-11-07,25.29,25.29,25.13,25.25,44161
2019-11-08,25.3,25.38,25.27,25.27,21793
2019-11-11,25.31,25.39,25.26,25.32,6328
2019-11-12,25.27,25.3,25.16,25.25,32014
2019-11-13,25.49,25.5,25.44,25.5,14722
2019-11-14,25.62,25.77,25.62,25.74,38470
2019-11-15,25.74,25.8,25.73,25.74,28431
2019-11-18,25.82,25.84,25.76,25.83,24529
2019-11-19,25.87,26.03,25.87,26.03,26802
2019-11-20,26.09,26.16,26.07,26.16,23458
2019-11-21,26.02,26.03,25.94,25.94,13245
2019-11-22,25.96,26.06,25.94,26.06,5041
2019-11-25,26.02,26.05,26,26.03,13827
2019-11-26,26.09,26.12,26.08,26.12,7020
2019-11-27,26.01,26.04,25.99,26,17215
2019-11-28,26,26.05,26,26.01,31796
2019-11-29,26.01,26.11,25.98,26.11,11508
2019-12-02,25.88,25.94,25.8,25.86,27043
2019-12-03,25.97,26.1,25.96,26.08,28697
2019-12-04,25.98,26,25.78,25.82,19997
2019-12-05,25.58,25.64,25.57,25.63,17927
2019-12-06,25.58,25.67,25.58,25.6,18255
2019-12-09,25.68,25.68,25.54,25.54,21586
2019-12-10,25.54,25.54,25.48,25.52,13328
2019-12-11,25.52,25.63,25.52,25.63,37043
2019-12-12,25.64,25.64,25.35,25.4,16973
2019-12-13,25.44,25.72,25.435,25.72,95268
2019-12-16,25.58,25.63,25.53,25.61,11631
2019-12-17,25.66,25.67,25.6,25.67,13309
2019-12-18,25.55,25.56,25.43,25.56,50447
2019-12-19,25.49,25.67,25.49,25.67,15281
2019-12-20,25.64,25.81,25.64,25.79,9660
2019-12-23,25.85,25.9,25.82,25.82,3594
2019-12-24,25.75,25.88,25.75,25.86,35097
2019-12-27,25.89,25.915,25.86,25.86,21052
2019-12-30,25.8,25.8,25.56,25.62,12469
2019-12-31,25.58,25.58,25.4,25.44,15881
2020-01-02,25.55,25.66,25.55,25.6,58881
2020-01-03,25.75,25.95,25.74,25.95,21513
2020-01-06,26.04,26.04,25.705,25.705,14253
2020-01-07,25.76,25.78,25.69,25.71,21059
2020-01-08,25.7,25.705,25.49,25.53,61718
2020-01-09,25.48,25.61,25.45,25.59,14317
2020-01-10,25.62,25.72,25.62,25.72,18416
2020-01-13,25.63,25.67,25.6,25.67,21133
2020-01-14,25.67,25.76,25.67,25.74,9605
2020-01-15,25.79,25.85,25.75,25.85,20382
2020-01-16,25.81,25.82,25.76,25.82,11319
2020-01-17,25.73,25.81,25.69,25.81,10716
2020-01-20,25.8,25.82,25.76,25.8,18136
2020-01-21,25.88,26,25.88,25.99,14241
2020-01-22,25.93,26.18,25.93,26.18,60022
2020-01-23,26.24,26.31,26.24,26.29,9382
2020-01-24,26.31,26.49,26.31,26.49,38599
2020-01-27,26.67,26.67,26.55,26.64,66561
2020-01-28,26.59,26.59,26.41,26.41,21078
2020-01-29,26.52,26.64,26.51,26.64,17870
2020-01-30,26.62,26.67,26.54,26.54,28474
2020-01-31,26.62,26.74,26.62,26.67,43320
2020-02-03,26.56,26.7,26.47,26.7,15756
2020-02-04,26.56,26.57,26.51,26.57,32323
2020-02-05,26.45,26.45,26.38,26.39,94073
2020-02-06,26.42,26.48,26.42,26.46,5950
2020-02-07,26.65,26.71,26.62,26.71,15594
2020-02-10,26.76,26.81,26.75,26.77,10614
2020-02-11,26.71,26.72,26.58,26.58,34350
2020-02-12,26.49,26.49,26.35,26.39,68695
2020-02-13,26.43,26.5,26.43,26.49,14315
2020-02-14,26.57,26.59,26.54,26.55,45307
2020-02-18,26.65,26.71,26.61,26.7,19616
2020-02-19,26.64,26.66,26.58,26.63,17766
2020-02-20,26.71,26.88,26.71,26.83,25330
2020-02-21,26.97,27.07,26.97,26.99,21793
2020-02-24,27.25,27.25,27.09,27.15,20036
2020-02-25,27.04,27.14,27,27.01,29718
2020-02-26,26.81,26.88,26.69,26.71,25492
2020-02-27,26.91,26.94,26.73,26.75,62502
2020-02-28,26.9,26.91,26.64,26.72,616011
2020-03-02,26.63,26.87,26.55,26.55,120137
2020-03-03,26.79,27.25,26.75,27.18,76146
2020-03-04,27.13,27.35,27.08,27.1,43493
2020-03-05,27.17,27.36,27.17,27.36,151751
2020-03-06,28.01,28.18,27.82,28.12,121353
2020-03-09,29.39,29.39,28.15,28.15,216510
2020-03-10,28.24,28.48,27.69,27.69,149449
2020-03-11,27.81,28,26.96,27.2,64755
2020-03-12,26.92,27,25.08,25.5,399116
2020-03-13,25.67,25.89,25.4,25.5,134577
2020-03-16,25.5,25.52,24.83,24.83,62657
2020-03-17,24.2,24.55,23.55,23.55,142654
2020-03-18,23.3,24.15,21.58,21.58,161193
2020-03-19,22.68,23.49,22.68,22.97,66082
2020-03-20,23.5,24.5,23.5,24,43740
2020-03-23,23.55,24,23.4,23.49,44438
2020-03-24,23.07,23.9,22.92,23.9,81616
2020-03-25,23.42,24.26,23.42,23.71,79421
2020-03-26,23.72,24.3,23.5,24.3,36487
2020-03-27,24.3,24.32,24.03,24.3,90254
2020-03-30,24.09,25.05,24.06,25.05,68283
2020-03-31,25.1,25.1,24.74,24.74,150148
2020-04-01,24.57,24.805,24.5,24.78,46844
2020-04-02,24.83,25.27,24.83,25.27,13682
2020-04-03,25.29,25.29,24.93,25,13171
2020-04-06,25.07,25.07,24.59,24.59,16708
2020-04-07,24.47,24.87,24.4,24.75,32704
2020-04-08,24.57,24.69,24.43,24.43,25239
2020-04-09,24.45,24.93,24.4,24.93,39334
2020-04-13,25.1,25.39,25.1,25.18,28876
2020-04-14,25.14,25.43,25.06,25.43,21726
2020-04-15,25.46,26.1,25.43,25.95,18950
2020-04-16,26.35,26.49,26.24,26.25,22097
2020-04-17,26.27,26.45,26.27,26.32,52422
2020-04-20,26.12,26.33,26.12,26.15,9563
2020-04-21,26.27,26.43,26.27,26.32,26516
2020-04-22,26.31,26.35,26.19,26.35,2854
2020-04-23,26.28,26.4,26.28,26.4,10041
2020-04-24,26.38,26.45,26.28,26.33,22771
2020-04-27,26.33,26.38,26.26,26.26,5791
2020-04-28,26.24,26.5,26.24,26.5,59852
2020-04-29,26.47,26.62,26.47,26.62,35650
2020-04-30,26.6,26.8,26.6,26.73,402760
2020-05-01,26.95,27,26.85,27,54797
2020-05-04,27,27.01,26.75,26.78,86212
2020-05-05,26.78,26.93,26.73,26.92,5814
2020-05-06,26.86,26.86,26.65,26.75,7611
2020-05-07,26.78,26.86,26.75,26.83,6429
2020-05-08,26.79,26.8,26.63,26.64,8520
2020-05-11,26.67,26.7,26.48,26.49,23328
2020-05-12,26.45,26.64,26.45,26.64,27257
2020-05-13,26.66,26.73,26.6,26.69,21694
2020-05-14,26.71,26.74,26.64,26.66,13118
2020-05-15,26.75,26.84,26.65,26.84,33940
2020-05-19,26.69,26.69,26.52,26.56,306950
2020-05-20,26.67,26.78,26.61,26.73,4717
2020-05-21,26.81,26.93,26.81,26.85,16882
2020-05-22,26.88,26.97,26.84,26.97,10699
2020-05-25,27,27.05,27,27,13764
2020-05-26,26.91,26.91,26.83,26.85,14715
2020-05-27,26.87,26.98,26.85,26.88,10051
2020-05-28,26.86,26.86,26.7,26.7,78998
2020-05-29,26.74,26.83,26.73,26.83,16634
2020-06-01,26.83,26.9,26.74,26.85,7917
2020-06-02,26.85,26.85,26.79,26.83,94346
2020-06-03,26.72,26.73,26.64,26.7,52756
2020-06-04,26.7,26.7,26.47,26.47,36217
2020-06-05,26.27,26.32,26.19,26.32,48962
2020-06-08,26.33,26.64,26.33,26.64,15321
2020-06-09,26.77,26.85,26.76,26.76,14111
2020-06-10,26.85,26.98,26.84,26.98,138913
2020-06-11,27.12,27.23,27.09,27.11,84587
2020-06-12,27.03,27.25,27.03,27.25,26172
2020-06-15,27.33,27.41,27.33,27.41,7503
2020-06-16,27.25,27.35,27.17,27.35,13759
2020-06-17,27.38,27.52,27.38,27.49,19488
2020-06-18,27.6,27.66,27.59,27.66,3553
2020-06-19,27.56,27.74,27.53,27.74,23602
2020-06-22,27.79,27.85,27.75,27.77,10306
2020-06-23,27.76,27.76,27.63,27.69,10544
2020-06-24,27.57,27.57,27.42,27.5,14878
2020-06-25,27.47,27.53,27.45,27.51,20176
2020-06-26,27.53,27.65,27.49,27.56,11410
2020-06-29,27.56,27.69,27.56,27.69,15881
2020-06-30,27.73,27.83,27.73,27.76,15454
2020-07-02,27.6,27.77,27.6,27.76,11837
2020-07-03,27.8,27.83,27.76,27.79,69445
2020-07-06,27.7,27.76,27.7,27.73,11793
2020-07-07,27.79,27.85,27.75,27.83,14015
2020-07-08,27.8,27.8,27.47,27.5,24610
2020-07-09,27.61,27.63,27.57,27.62,10828
2020-07-10,27.68,27.68,27.56,27.56,14233
2020-07-13,27.55,27.69,27.53,27.69,20046
2020-07-14,27.75,27.76,27.71,27.75,7902
2020-07-15,27.79,27.85,27.78,27.8,26444
2020-07-16,27.85,28.01,27.85,27.95,60208
2020-07-17,28,28.05,27.98,27.98,80520
2020-07-20,28.08,28.15,28.07,28.15,20394
2020-07-21,28.15,28.18,28.13,28.15,20696
2020-07-22,28.22,28.23,28.08,28.08,14852
2020-07-23,28.08,28.08,28,28.07,19135
2020-07-24,28.06,28.17,28.06,28.17,12103
2020-07-27,28.13,28.14,28.01,28.04,17043
2020-07-28,28.1,28.22,28.1,28.22,22861
2020-07-29,28.26,28.26,28.16,28.23,60153
2020-07-30,28.32,28.37,28.3,28.37,25694
2020-07-31,28.41,28.42,28.33,28.42,12802
2020-08-04,28.43,28.55,28.42,28.53,138293
2020-08-05,28.49,28.5,28.37,28.45,14384
2020-08-06,28.51,28.58,28.51,28.56,12452
2020-08-07,28.57,28.6,28.42,28.46,4793
2020-08-10,28.47,28.48,28.33,28.35,13567
2020-08-11,28.11,28.11,27.88,27.92,53522
2020-08-12,27.85,27.85,27.61,27.73,21129
2020-08-13,27.73,27.73,27.56,27.56,15983
2020-08-14,27.56,27.6,27.56,27.6,10946
2020-08-17,27.7,27.79,27.63,27.79,9709
2020-08-18,27.79,27.91,27.72,27.91,48150
2020-08-19,27.91,27.91,27.76,27.78,9214
2020-08-20,27.84,27.84,27.8,27.8,1317
2020-08-21,27.8,27.8,27.75,27.76,10299
2020-08-24,27.84,27.86,27.77,27.77,7714
2020-08-25,27.59,27.61,27.46,27.57,23062
2020-08-26,27.45,27.53,27.43,27.5,20285
2020-08-27,27.54,27.54,27.27,27.3,25817
2020-08-28,27.27,27.33,27.26,27.26,34152
2020-08-31,27.22,27.37,27.22,27.37,9700
2020-09-01,27.31,27.78,27.28,27.78,79024
2020-09-02,27.76,27.99,27.76,27.99,7919
2020-09-03,28,28.06,27.96,27.97,10161
2020-09-04,27.89,27.89,27.69,27.7,9783
2020-09-08,27.77,27.85,27.77,27.8,11465
2020-09-09,27.82,27.82,27.71,27.71,7171
2020-09-10,27.71,27.81,27.65,27.81,15859
2020-09-11,27.79,27.92,27.79,27.89,1947
2020-09-14,27.9,27.95,27.86,27.86,23575
2020-09-15,27.85,27.91,27.84,27.88,10504
2020-09-16,27.89,27.89,27.72,27.72,7553
2020-09-17,27.9,27.9,27.73,27.8,8675
2020-09-18,27.82,27.82,27.76,27.78,5641
2020-09-21,27.87,27.9,27.83,27.83,18744
2020-09-22,27.77,27.81,27.74,27.75,10975
2020-09-23,27.73,27.8,27.73,27.79,12594
2020-09-24,27.74,27.74,27.65,27.71,2602
2020-09-25,27.65,27.69,27.65,27.69,19985
2020-09-28,27.66,27.66,27.55,27.57,19284
2020-09-29,27.57,27.63,27.57,27.61,7311
2020-09-30,27.55,27.55,27.43,27.48,20676
2020-10-01,27.3,27.52,27.3,27.47,10291
2020-10-02,27.5,27.51,27.45,27.49,7089
2020-10-05,27.38,27.39,27.2,27.2,15563
2020-10-06,27.23,27.45,27.23,27.45,17886
2020-10-07,27.32,27.32,27.25,27.28,11218
2020-10-08,27.24,27.28,27.24,27.26,5313
2020-10-09,27.25,27.25,27.14,27.19,13049
2020-10-13,27.29,27.35,27.29,27.35,6342
2020-10-14,27.43,27.43,27.37,27.42,14228
2020-10-15,27.53,27.55,27.45,27.45,21477
2020-10-16,27.42,27.43,27.39,27.43,4455
2020-10-19,27.34,27.36,27.32,27.35,5302
2020-10-20,27.25,27.25,27.12,27.12,7348
2020-10-21,27.17,27.2,27.14,27.16,4598
2020-10-22,27.15,27.15,27.05,27.08,8211
2020-10-23,27.05,27.13,27.04,27.12,6662
2020-10-26,27.04,27.12,27.03,27.03,80760
2020-10-27,27.1,27.17,27.1,27.17,7676
2020-10-28,27.22,27.28,27.14,27.21,11558
2020-10-29,27.25,27.25,26.97,26.98,10301
2020-10-30,26.98,26.98,26.8,26.8,8299
2020-11-02,26.9,26.98,26.9,26.94,4679
2020-11-03,26.8,26.84,26.78,26.84,13837
2020-11-04,27.04,27.17,27.04,27.09,9065
2020-11-05,27.17,27.17,27.1,27.14,491621
2020-11-06,27.08,27.09,26.98,27.09,5982
2020-11-09,27,27,26.61,26.78,33048
2020-11-10,26.69,26.74,26.655,26.655,143102
2020-11-11,26.68,26.68,26.67,26.68,4059
2020-11-12,26.87,26.95,26.86,26.95,45251
2020-11-13,26.95,26.99,26.9,26.9,37613
2020-11-16,26.85,26.9,26.85,26.86,10503
2020-11-17,26.96,27.04,26.96,27.04,5168
2020-11-18,27.1,27.1,27,27.03,9866
2020-11-19,27.05,27.18,27.05,27.17,16324
2020-11-20,27.3,27.39,27.27,27.39,2694
2020-11-23,27.23,27.3,27.23,27.24,28283
2020-11-24,27.12,27.18,27.12,27.12,10292
2020-11-25,27.22,27.22,27.14,27.15,5406
2020-11-26,27.2,27.22,27.16,27.22,5397
2020-11-27,27.22,27.34,27.22,27.34,35027
2020-11-30,27.32,27.42,27.32,27.41,14820
2020-12-01,27.39,27.39,27.19,27.19,11465
2020-12-02,27.2,27.2,27.03,27.05,10227
2020-12-03,27.03,27.1,27.02,27.07,11840
2020-12-04,27,27,26.83,26.89,13058
2020-12-07,26.98,27,26.95,26.95,15289
2020-12-08,27.02,27.05,27.01,27.02,10060
2020-12-09,27,27,26.93,27,7214
2020-12-10,26.96,27.07,26.96,27.07,43702
2020-12-11,27.11,27.17,27.08,27.1,8361
2020-12-14,27.01,27.09,26.97,27.05,6210
2020-12-15,27.06,27.07,27.02,27.04,5153
2020-12-16,26.96,27.08,26.95,27.05,41757
2020-12-17,27.09,27.11,27.01,27.01,8111
2020-12-18,27.08,27.14,27.06,27.08,30323
2020-12-21,27.18,27.18,27.11,27.12,4933
2020-12-22,27.18,27.25,27.18,27.25,4803
2020-12-23,27.15,27.155,27.08,27.155,16802
2020-12-29,27.22,27.35,27.22,27.29,6919
2020-12-30,27.19,27.34,27.19,27.33,8635
2020-12-31,27.37,27.5,27.37,27.46,7221
2021-01-04,27.39,27.46,27.39,27.45,23557
2021-01-05,27.42,27.42,27.18,27.22,26047
2021-01-06,27.03,27.03,26.84,26.91,44620
2021-01-07,26.78,26.78,26.71,26.78,29215
2021-01-08,26.87,26.87,26.72,26.72,16275
2021-01-11,26.73,26.75,26.61,26.68,23398
2021-01-12,26.64,26.64,26.54,26.6,19658
2021-01-13,26.66,26.72,26.62,26.72,14176
2021-01-14,26.82,26.82,26.62,26.62,40923
2021-01-15,26.7,26.76,26.7,26.76,13529
2021-01-18,26.71,26.8,26.71,26.8,9594
2021-01-19,26.76,26.79,26.71,26.78,45281
2021-01-20,26.78,26.78,26.67,26.72,7108
2021-01-21,26.64,26.66,26.63,26.65,5339
2021-01-22,26.7,26.7,26.6,26.65,7428
2021-01-25,26.69,26.73,26.69,26.69,23594
2021-01-26,26.65,26.66,26.58,26.6,8283
2021-01-27,26.6,26.61,26.53,26.54,18107
2021-01-28,26.52,26.55,26.47,26.5,9537
2021-01-29,26.44,26.56,26.4,26.54,14731
2021-02-01,26.5,26.56,26.5,26.56,14205
2021-02-02,26.54,26.54,26.5,26.53,3191
2021-02-03,26.44,26.44,26.36,26.37,12982
2021-02-04,26.26,26.26,26.24,26.25,5472
2021-02-05,26.13,26.17,26.06,26.07,30370
2021-02-08,26.1,26.12,26.01,26.11,10150
2021-02-09,26.15,26.17,26.12,26.12,15892
2021-02-10,26.06,26.15,26.06,26.15,15981
2021-02-11,26.16,26.2,26.07,26.12,16348
2021-02-12,26.05,26.05,25.9,25.96,16773
2021-02-16,25.74,25.74,25.62,25.64,30148
2021-02-17,25.67,25.76,25.63,25.63,27299
2021-02-18,25.5,25.57,25.5,25.55,43488
2021-02-19,25.42,25.42,25.25,25.25,42766
2021-02-22,25.14,25.19,25.04,25.04,38039
2021-02-23,24.92,24.97,24.84,24.84,27301
2021-02-24,24.55,24.79,24.5,24.78,70508
2021-02-25,24.52,24.81,24.5,24.8,145598
2021-02-26,24.91,25.25,24.76,25.25,27714
2021-03-01,25.32,25.32,25.14,25.29,53670
2021-03-02,25.13,25.2,25.1,25.2,38535
2021-03-03,25.08,25.12,24.98,25.12,33487
2021-03-04,25.04,25.04,24.72,24.76,16567
2021-03-05,24.68,24.75,24.59,24.75,13320
2021-03-08,24.7,24.75,24.65,24.65,21461
2021-03-09,24.75,24.86,24.74,24.86,31599
2021-03-10,24.83,24.98,24.83,24.94,11054
2021-03-11,24.93,24.93,24.74,24.74,28122
2021-03-12,24.6,24.6,24.22,24.22,22005
2021-03-15,24.32,24.385,24.32,24.35,6839
2021-03-16,24.27,24.32,24.19,24.2,5482
2021-03-17,24.05,24.055,23.93,24,32916
2021-03-18,23.75,23.92,23.75,23.9,8825
2021-03-19,24,24.05,23.97,23.99,13052
2021-03-22,24.1,24.13,24.1,24.1,14819
2021-03-23,24.21,24.29,24.19,24.29,9162
2021-03-24,24.29,24.49,24.29,24.49,5499
2021-03-25,24.49,24.49,24.4,24.46,13638
2021-03-26,24.25,24.31,24.25,24.3,1831
2021-03-29,24.48,24.48,24.13,24.13,11866
2021-03-30,24.13,24.2,24.13,24.19,6765
2021-03-31,24.3,24.41,24.27,24.28,8911
2021-04-01,24.35,24.4,24.33,24.4,9118
2021-04-05,24.3,24.3,24.25,24.3,5076
2021-04-06,24.36,24.5,24.36,24.48,42226
2021-04-07,24.54,24.57,24.42,24.42,36454
2021-04-08,24.52,24.6,24.52,24.6,45896
2021-04-09,24.5,24.56,24.5,24.51,20242
2021-04-12,24.54,24.55,24.51,24.51,7274
2021-04-13,24.5,24.56,24.5,24.52,1394
2021-04-14,24.55,24.55,24.45,24.45,13213
2021-04-15,24.6,24.83,24.6,24.76,98923
2021-04-16,24.65,24.65,24.47,24.47,19830
2021-04-19,24.4,24.4,24.3,24.31,10593
2021-04-20,24.22,24.38,24.08,24.38,52131
2021-04-21,24.37,24.46,24.25,24.32,18428
2021-04-22,24.24,24.3,24.17,24.26,13576
2021-04-23,24.3,24.3,24.18,24.22,6468
2021-04-26,24.15,24.15,24.09,24.1,12553
2021-04-27,24.07,24.11,24.03,24.03,17056
2021-04-28,24.06,24.15,24,24.15,19588
2021-04-29,24.01,24.08,23.97,24.07,12116
2021-04-30,24.15,24.15,24.07,24.15,25645
2021-05-03,24.05,24.19,24.05,24.15,12007
2021-05-04,24.14,24.19,24.14,24.17,2609
2021-05-05,24.21,24.245,24.11,24.245,6680
2021-05-06,24.12,24.25,24.12,24.2,15515
2021-05-07,24.25,24.33,24.2,24.23,12074
2021-05-10,24.23,24.23,24.1,24.1,14927
2021-05-11,24,24,23.94,23.99,10418
2021-05-12,23.85,23.88,23.77,23.79,16039
2021-05-13,23.82,23.86,23.82,23.85,9094
2021-05-14,23.87,23.9,23.85,23.87,11817
2021-05-17,23.8,23.85,23.77,23.85,6060
2021-05-18,23.87,23.9,23.84,23.89,39383
2021-05-19,23.91,23.91,23.82,23.85,12518
2021-05-20,23.94,23.98,23.94,23.97,5069
2021-05-21,23.98,23.98,23.92,23.93,1184
2021-05-25,24.07,24.26,24.07,24.26,29254
2021-05-26,24.3,24.35,24.3,24.34,9857
2021-05-27,24.25,24.3,24.24,24.3,15084
2021-05-28,24.35,24.41,24.33,24.33,23627
2021-05-31,24.37,24.38,24.37,24.38,3671
2021-06-01,24.34,24.41,24.32,24.41,5873
2021-06-02,24.4,24.46,24.38,24.44,8856
2021-06-03,24.4,24.4,24.33,24.33,5776
2021-06-04,24.4,24.6,24.4,24.6,11624
2021-06-07,24.55,24.56,24.5,24.5,9599
2021-06-08,24.63,24.63,24.58,24.59,9072
2021-06-09,24.76,24.76,24.62,24.67,16971
2021-06-10,24.65,24.75,24.58,24.74,4110
2021-06-11,24.76,24.76,24.69,24.75,2170
2021-06-14,24.73,24.73,24.63,24.66,8751
2021-06-15,24.7,24.74,24.66,24.74,61310
2021-06-16,24.75,24.8,24.68,24.71,152650
2021-06-17,24.73,25.02,24.73,24.95,17777
2021-06-18,25.02,25.15,25,25.15,40754
2021-06-21,25,25,24.97,24.99,10429
2021-06-22,24.9,24.99,24.9,24.99,10774
2021-06-23,25,25.04,24.99,25.04,5269
2021-06-24,25.01,25.03,24.97,25.03,79214
2021-06-25,24.99,25,24.83,24.84,9469
2021-06-28,24.86,24.94,24.86,24.93,3906
2021-06-29,24.75,24.89,24.75,24.89,14530
2021-06-30,24.97,25.015,24.97,25,17311
2021-07-02,25,25.04,25,25,9296
2021-07-05,25,25.04,24.97,25.04,11924
2021-07-06,25.05,25.27,25.05,25.22,63251
2021-07-07,25.3,25.39,25.3,25.3,9216
2021-07-08,25.44,25.45,25.37,25.42,4935
2021-07-09,25.32,25.32,25.13,25.13,12102
2021-07-12,25.15,25.21,25.13,25.14,5353
2021-07-13,25.18,25.19,24.98,25.05,34019
2021-07-14,25.06,25.16,25.05,25.16,26602
2021-07-15,25.23,25.3,25.23,25.29,14407
2021-07-16,25.24,25.31,25.24,25.31,3320
2021-07-19,25.59,25.66,25.54,25.65,61012
2021-07-20,25.65,25.65,25.43,25.45,31986
2021-07-21,25.23,25.28,25.17,25.28,10426
2021-07-22,25.29,25.39,25.29,25.39,2245
2021-07-23,25.33,25.34,25.29,25.32,4154
2021-07-26,25.31,25.31,25.21,25.24,47583
2021-07-27,25.31,25.38,25.31,25.38,6443
2021-07-28,25.32,25.46,25.31,25.46,6508
2021-07-29,25.35,25.4,25.34,25.4,3222
2021-07-30,25.37,25.4,25.37,25.4,2687
2021-08-03,25.56,25.62,25.56,25.61,9445
2021-08-04,25.7,25.7,25.54,25.56,2030
2021-08-05,25.56,25.59,25.5,25.59,39778
2021-08-06,25.42,25.42,25.37,25.38,17203
2021-08-09,25.35,25.35,25.22,25.24,7560
2021-08-10,25.29,25.29,25.16,25.16,5993
2021-08-11,25.14,25.15,25.08,25.12,29541
2021-08-12,25.12,25.14,25.12,25.14,5743
2021-08-13,25.18,25.35,25.18,25.35,5345
2021-08-16,25.44,25.51,25.41,25.43,6592
2021-08-17,25.39,25.48,25.39,25.43,15041
2021-08-18,25.36,25.4,25.36,25.39,6925
2021-08-19,25.45,25.47,25.45,25.45,23881
2021-08-20,25.52,25.52,25.41,25.46,4415
2021-08-23,25.45,25.45,25.35,25.35,3466
2021-08-24,25.29,25.3,25.25,25.3,9132
2021-08-25,25.21,25.21,25.05,25.05,25964
2021-08-26,25.06,25.2,25.06,25.19,12889
2021-08-27,25.18,25.3,25.18,25.3,3021
2021-08-30,25.28,25.35,25.28,25.35,10317
2021-08-31,25.33,25.35,25.17,25.18,8366
2021-09-01,25.35,25.4,25.28,25.4,7288
2021-09-02,25.41,25.5,25.35,25.5,7858
2021-09-03,25.38,25.42,25.38,25.42,1887
2021-09-07,25.26,25.26,25.2,25.24,5893
2021-09-08,25.28,25.34,25.28,25.29,9447
2021-09-09,25.32,25.42,25.29,25.4,4491
2021-09-10,25.15,25.18,25.14,25.18,6377
2021-09-13,25.24,25.26,25.21,25.21,8273
2021-09-14,25.32,25.38,25.32,25.37,5828
2021-09-15,25.38,25.38,25.23,25.26,11330
2021-09-16,25.2,25.23,25.18,25.22,1535
2021-09-17,25.03,25.06,25,25.04,7928
2021-09-20,25.19,25.25,25.15,25.23,8350
2021-09-21,25.18,25.18,25.1,25.13,41505
2021-09-22,25.15,25.2,25.09,25.1,15876
2021-09-23,25.16,25.16,24.92,24.92,35519
2021-09-24,24.79,24.79,24.6,24.65,58041
2021-09-27,24.58,24.7,24.58,24.7,8514
2021-09-28,24.43,24.51,24.39,24.44,14144
2021-09-29,24.45,24.52,24.31,24.32,13357
2021-09-30,24.31,24.35,24.31,24.35,3934
2021-10-01,24.52,24.52,24.49,24.5,11192
2021-10-04,24.46,24.48,24.45,24.48,2826
2021-10-05,24.43,24.43,24.37,24.37,5452
2021-10-06,24.35,24.47,24.35,24.41,7868
2021-10-07,24.39,24.39,24.32,24.33,33517
2021-10-08,24.11,24.11,24.05,24.06,23176
2021-10-12,24.01,24.15,24.01,24.15,7689
2021-10-13,24.24,24.31,24.23,24.31,3599
2021-10-14,24.32,24.455,24.32,24.45,6230
2021-10-15,24.38,24.46,24.38,24.44,11680
2021-10-18,24.41,24.54,24.41,24.54,8958
2021-10-19,24.37,24.4,24.33,24.34,32362
2021-10-20,24.3,24.3,24.29,24.3,22540
2021-10-21,24.24,24.24,24.09,24.12,24266
2021-10-22,24.19,24.29,24.185,24.22,59504
2021-10-25,24.18,24.23,24.18,24.18,8049
2021-10-26,24.26,24.33,24.21,24.31,15694
2021-10-27,24.5,24.65,24.37,24.63,4111
2021-10-28,24.35,24.53,24.35,24.53,18351
2021-10-29,24.45,24.55,24.18,24.18,13018
2021-11-01,24.16,24.2,24.16,24.17,13983
2021-11-02,24.15,24.2,24.1,24.12,3983
2021-11-03,24.17,24.17,24.05,24.09,15799
2021-11-04,24.25,24.35,24.25,24.34,7036
2021-11-05,24.42,24.53,24.42,24.53,9897
2021-11-08,24.43,24.43,24.37,24.41,14063
2021-11-09,24.55,24.62,24.51,24.52,10484
2021-11-10,24.44,24.44,24.26,24.26,10372
2021-11-11,24.22,24.26,24.21,24.22,3853
2021-11-12,24.24,24.25,24.18,24.21,9875
2021-11-15,24.21,24.21,24.06,24.1,17827
2021-11-16,24.03,24.07,23.95,23.96,17101
2021-11-17,24.01,24.18,24,24.18,9023
2021-11-18,24.09,24.18,24.09,24.14,4789
2021-11-19,24.23,24.3,24.23,24.28,9767
2021-11-22,24.11,24.11,23.95,23.95,31982
2021-11-23,23.79,23.8,23.73,23.73,37599
2021-11-24,23.71,24,23.71,23.97,6959
2021-11-25,24.02,24.02,23.93,23.94,5378
2021-11-26,24.24,24.34,24.23,24.28,44736
2021-11-29,24.17,24.41,24.17,24.4,13367
2021-11-30,24.55,24.74,24.52,24.52,25695
2021-12-01,24.5,24.76,24.5,24.73,22365
2021-12-02,24.88,24.92,24.79,24.88,21122
2021-12-03,24.75,25.08,24.74,25,48048
2021-12-06,24.91,24.99,24.84,24.85,14230
2021-12-07,24.81,24.82,24.69,24.69,5706
2021-12-08,24.68,24.75,24.67,24.7,20993
2021-12-09,24.79,24.83,24.69,24.82,29877
2021-12-10,24.78,24.88,24.78,24.8,2195
2021-12-13,24.97,25.13,24.97,25.05,17317
2021-12-14,24.91,24.94,24.86,24.89,7631
2021-12-15,24.97,25.16,24.97,25.16,14429
2021-12-16,25.13,25.35,25.09,25.35,9924
2021-12-17,25.34,25.43,25.34,25.43,975
2021-12-20,25.46,25.46,25.09,25.11,15405
2021-12-21,25.05,25.05,24.96,25,11099
2021-12-22,25.15,25.2,25.15,25.16,5219
2021-12-23,25.25,25.25,25.08,25.13,7556
2021-12-24,25.14,25.14,25.07,25.07,2850
2021-12-29,25.1,25.13,25.04,25.13,10682
2021-12-30,25.05,25.22,25.05,25.22,24694
2021-12-31,25.28,25.4,25.25,25.4,10480
2022-01-04,24.82,24.82,24.72,24.74,19562
2022-01-05,24.82,24.84,24.69,24.69,6830
2022-01-06,24.56,24.56,24.36,24.37,8326
2022-01-07,24.36,24.36,24.14,24.14,11298
2022-01-10,24.1,24.24,24.09,24.24,24380
2022-01-11,24.24,24.26,24.2,24.22,4757
2022-01-12,24.14,24.22,24.14,24.14,12219
2022-01-13,24.11,24.26,24.11,24.26,12437
2022-01-14,24.07,24.12,24,24,17014
2022-01-17,23.93,23.93,23.88,23.88,12218
2022-01-18,23.79,23.81,23.57,23.57,53930
2022-01-19,23.65,23.74,23.65,23.66,16653
2022-01-20,23.75,23.79,23.71,23.79,15392
2022-01-21,23.87,24.03,23.87,23.98,18908
2022-01-24,24.1,24.1,23.77,23.78,13637
2022-01-25,23.7,23.78,23.56,23.62,61413
2022-01-26,23.75,23.81,23.62,23.62,21012
2022-01-27,23.86,23.91,23.77,23.77,21339
2022-01-28,23.74,23.84,23.74,23.77,13378
2022-01-31,23.65,23.72,23.51,23.51,14295
2022-02-01,23.52,23.6,23.43,23.45,29620
2022-02-02,23.66,23.74,23.63,23.63,6553
2022-02-03,23.45,23.56,23.45,23.56,6118
2022-02-04,23.44,23.44,23.34,23.35,11620
2022-02-07,23.31,23.39,23.31,23.36,7846
2022-02-08,23.21,23.26,23.12,23.2,12461
2022-02-09,23.24,23.24,23.17,23.17,22029
2022-02-10,23.19,23.19,22.92,22.92,23648
2022-02-11,23.05,23.14,22.83,23.11,22468
2022-02-14,22.97,22.97,22.77,22.86,24240
2022-02-15,22.77,22.84,22.75,22.81,10807
2022-02-16,22.93,22.93,22.81,22.85,5268
2022-02-17,22.9,23.05,22.9,22.97,6845
2022-02-18,22.93,23.05,22.93,23.05,17879
2022-02-22,22.85,22.85,22.8,22.845,6383
2022-02-23,22.68,22.68,22.59,22.59,7529
2022-02-24,22.71,22.78,22.6,22.74,12547
2022-02-25,22.74,22.87,22.74,22.86,4522
2022-02-28,23.05,23.1,23.02,23.1,3435
2022-03-01,23.2,23.55,23.2,23.52,10962
2022-03-02,23.47,23.55,23.26,23.26,15093
2022-03-03,23.26,23.38,23.24,23.32,14658
2022-03-04,23.44,23.58,23.44,23.5,11975
2022-03-07,23.69,23.69,23.2,23.2,7842
2022-03-08,23.43,23.43,22.86,22.88,15834
2022-03-09,22.79,22.85,22.75,22.75,271295
2022-03-10,22.6,22.6,22.42,22.5,13860
2022-03-11,22.48,22.48,22.38,22.38,12767
2022-03-14,22.36,22.36,21.89,21.89,35548
2022-03-15,21.9,21.96,21.65,21.65,25404
2022-03-16,21.72,21.99,21.69,21.99,20360
2022-03-17,22.05,22.09,21.94,21.97,18302
2022-03-18,21.95,22.09,21.95,22.09,3172
2022-03-21,21.97,21.97,21.78,21.8,22676
2022-03-22,21.66,21.66,21.47,21.47,28869
2022-03-23,21.61,21.88,21.6,21.85,20214
2022-03-24,21.8,21.87,21.72,21.84,3731
2022-03-25,21.76,21.76,21.48,21.53,15311
2022-03-28,21.61,21.87,21.61,21.77,7955
2022-03-29,21.8,21.92,21.8,21.83,7710
2022-03-30,21.79,22.07,21.79,22.07,14119
2022-03-31,22.05,22.22,22.05,22.16,18376
2022-04-01,22.03,22.1,21.95,22.1,13731
2022-04-04,22.2,22.2,22.03,22.15,10481
2022-04-05,22.08,22.08,21.84,21.88,15208
2022-04-06,21.68,21.84,21.68,21.84,52472
2022-04-07,21.84,21.84,21.6,21.63,13516
2022-04-08,21.63,21.63,21.51,21.54,12592
2022-04-11,21.38,21.39,21.23,21.24,20834
2022-04-12,21.35,21.46,21.35,21.41,22113
2022-04-13,21.41,21.5,21.37,21.38,30255
2022-04-14,21.35,21.35,21.01,21.02,25287
2022-04-18,21,21.06,20.94,20.96,27000
2022-04-19,20.84,20.87,20.78,20.81,55197
2022-04-20,20.8,20.95,20.8,20.85,19692
2022-04-21,20.69,20.69,20.45,20.6,31096
2022-04-22,20.59,20.64,20.52,20.61,53625
2022-04-25,20.6,20.72,20.6,20.67,25807
2022-04-26,20.8,20.84,20.7,20.78,54273
2022-04-27,20.75,20.75,20.51,20.55,39122
2022-04-28,20.46,20.8,20.46,20.8,10999
2022-04-29,20.6,20.74,20.49,20.55,34900
2022-05-02,20.57,20.57,20.26,20.29,66135
2022-05-03,20.37,20.46,20.25,20.28,29461
2022-05-04,20.32,20.41,20.2,20.38,61305
2022-05-05,20.26,20.26,19.93,20.01,49199
2022-05-06,19.97,19.98,19.71,19.75,55965
2022-05-09,19.73,19.96,19.7,19.93,58425
2022-05-10,20.04,20.14,19.97,19.99,49899
2022-05-11,19.9,20.08,19.8,20.03,147037
2022-05-12,20.15,20.29,20.15,20.24,34270
2022-05-13,20.13,20.2,20.09,20.17,33526
2022-05-16,20.17,20.29,20.17,20.24,37012
2022-05-17,20.5,20.5,19.91,19.92,25288
2022-05-18,19.9,20.15,19.9,20.15,44334
2022-05-19,20.4,20.45,20.28,20.3,47327
2022-05-20,20.3,20.45,20.25,20.41,16961
2022-05-24,20.34,20.54,20.25,20.37,34780
2022-05-25,20.44,20.56,20.4,20.54,14059
2022-05-26,20.46,20.46,20.33,20.41,36692
2022-05-27,20.55,20.56,20.46,20.55,16598
2022-05-30,20.46,20.51,20.43,20.51,20332
2022-05-31,20.33,20.35,20.23,20.34,63690
2022-06-01,20.41,20.41,20.24,20.28,17586
2022-06-02,20.25,20.27,20.17,20.21,20949
2022-06-03,20.01,20.07,19.99,20.01,29289
2022-06-06,19.94,19.94,19.68,19.68,36348
2022-06-07,19.72,19.72,19.59,19.61,34290
2022-06-08,19.53,19.53,19.41,19.42,30546
2022-06-09,19.41,19.49,19.34,19.48,45095
2022-06-10,19.49,19.52,19.28,19.31,49205
2022-06-13,19,19.12,18.86,18.9,59626
2022-06-14,18.98,18.98,18.62,18.66,39480
2022-06-15,18.85,18.85,18.69,18.83,40525
2022-06-16,18.78,18.99,18.65,18.96,82803
2022-06-17,18.94,19.13,18.94,18.98,82594
2022-06-20,18.95,18.97,18.92,18.96,14144
2022-06-21,18.86,18.9,18.77,18.8,36487
2022-06-22,18.9,19.02,18.87,18.95,39346
2022-06-23,19.15,19.24,19.1,19.16,104727
2022-06-24,19.09,19.14,18.99,19.03,64531
2022-06-27,18.9,19.01,18.84,18.89,49807
2022-06-28,18.83,19,18.76,19,65221
2022-06-29,19.02,19.29,18.98,19.29,91879
2022-06-30,19.3,19.47,19.23,19.47,89384
2022-07-04,19.42,19.53,19.39,19.5,36100
2022-07-05,19.63,19.8,19.61,19.73,96642
2022-07-06,19.77,19.77,19.52,19.52,53935
2022-07-07,19.57,19.57,19.43,19.48,58369
2022-07-08,19.31,19.41,19.28,19.37,69732
2022-07-11,19.47,19.55,19.44,19.44,54978
2022-07-12,19.54,19.66,19.53,19.58,120378
2022-07-13,19.49,19.71,19.39,19.66,70850
2022-07-14,19.64,19.69,19.52,19.67,88018
2022-07-15,19.66,19.85,19.66,19.84,68549
2022-07-18,19.78,19.79,19.7,19.79,34895
2022-07-19,19.8,19.85,19.71,19.85,61215
2022-07-20,19.96,19.96,19.76,19.82,36547
2022-07-21,19.91,20.22,19.91,20.21,54554
2022-07-22,20.36,20.53,20.36,20.51,184153
2022-07-25,20.32,20.36,20.26,20.34,33342
2022-07-26,20.48,20.58,20.41,20.41,68817
2022-07-27,20.47,20.64,20.44,20.46,66499
2022-07-28,20.63,20.76,20.58,20.76,74424
2022-07-29,20.66,20.89,20.63,20.74,67877
2022-08-02,21,21,20.55,20.55,99223
2022-08-03,20.44,20.68,20.37,20.68,85685
2022-08-04,20.7,20.76,20.62,20.72,75399
2022-08-05,20.58,20.58,20.4,20.55,58658
2022-08-08,20.67,20.75,20.66,20.75,24070
2022-08-09,20.7,20.7,20.55,20.66,55087
2022-08-10,20.79,20.86,20.69,20.75,27929
2022-08-11,20.79,20.8,20.38,20.43,139008
2022-08-12,20.48,20.53,20.37,20.53,50928
2022-08-15,20.64,20.71,20.52,20.54,22132
2022-08-16,20.54,20.56,20.34,20.56,27086
2022-08-17,20.37,20.42,20.33,20.37,66164
2022-08-18,20.38,20.41,20.3,20.4,37783
2022-08-19,20.21,20.21,20.13,20.2,38981
2022-08-22,20.11,20.11,19.92,19.97,64999
2022-08-23,19.94,20.04,19.8,19.94,58543
2022-08-24,19.91,19.91,19.75,19.76,30963
2022-08-25,19.73,19.93,19.7,19.93,32378
2022-08-26,19.9,20.02,19.81,19.99,125660
2022-08-29,19.85,19.86,19.76,19.84,34217
2022-08-30,19.86,19.95,19.79,19.94,35446
2022-08-31,19.94,20.01,19.82,19.84,40753
2022-09-01,19.64,19.66,19.54,19.63,38015
2022-09-02,19.7,19.86,19.7,19.85,70565
2022-09-06,19.69,19.69,19.43,19.5,27271
2022-09-07,19.59,19.64,19.53,19.59,15003
2022-09-08,19.55,19.57,19.41,19.41,31847
2022-09-09,19.55,19.64,19.5,19.59,29329
2022-09-12,19.66,19.66,19.5,19.52,38369
2022-09-13,19.38,19.46,19.35,19.46,69152
2022-09-14,19.47,19.62,19.41,19.62,57117
2022-09-15,19.6,19.79,19.6,19.76,83392
2022-09-16,19.63,19.75,19.59,19.68,53888
2022-09-19,19.61,19.81,19.61,19.8,51498
2022-09-20,19.69,19.86,19.62,19.83,75186
2022-09-21,19.84,20.07,19.83,20.04,111293
2022-09-22,19.93,19.94,19.72,19.9,68582
2022-09-23,19.94,20.01,19.81,19.88,58090
2022-09-26,19.77,19.83,19.58,19.61,95774
2022-09-27,19.5,19.5,19.26,19.26,72610
2022-09-28,19.48,19.89,19.45,19.87,75458
2022-09-29,19.77,19.81,19.45,19.51,103318
2022-09-30,19.56,19.56,19.39,19.39,29543
2022-10-03,19.54,19.6,19.36,19.36,109909
2022-10-04,19.5,19.54,19.37,19.41,86084
2022-10-05,19.35,19.35,19.11,19.13,89522
2022-10-06,19.1,19.11,18.98,19.09,24084
2022-10-07,19.06,19.06,18.91,19,25755
2022-10-11,18.8,18.91,18.75,18.75,49283
2022-10-12,18.63,18.83,18.59,18.65,47282
2022-10-13,18.51,18.89,18.51,18.7,35110
2022-10-14,18.72,18.72,18.47,18.53,37473
2022-10-17,18.62,18.7,18.52,18.52,78712
2022-10-18,18.72,18.74,18.58,18.72,55339
2022-10-19,18.56,18.56,18.21,18.21,101912
2022-10-20,18.15,18.25,17.9,17.92,116267
2022-10-21,17.71,17.85,17.62,17.84,128141
2022-10-24,17.87,18,17.87,17.99,59469
2022-10-25,18.06,18.17,18.06,18.15,77947
2022-10-26,18.34,18.62,18.32,18.6,216211
2022-10-27,18.74,18.89,18.7,18.86,77191
2022-10-28,18.8,18.93,18.8,18.93,71428
2022-10-31,19.09,19.09,18.81,18.88,78017
2022-11-01,19.14,19.16,18.97,19.05,67044
2022-11-02,19.06,19.07,18.76,18.78,78754
2022-11-03,18.71,18.76,18.61,18.61,68245
2022-11-04,18.47,18.52,18.31,18.34,180230
2022-11-07,18.41,18.41,18.02,18.02,29628
2022-11-08,18.12,18.36,18.12,18.32,78803
2022-11-09,18.35,18.46,18.28,18.44,97266
2022-11-10,18.82,19.17,18.82,19.08,288396
2022-11-11,19.15,19.15,19.05,19.1,44082
2022-11-14,19.11,19.12,19.05,19.09,43831
2022-11-15,19.2,19.22,19.1,19.2,117663
2022-11-16,19.29,19.47,19.25,19.44,72389
2022-11-17,19.33,19.34,19.25,19.3,42061
2022-11-18,19.33,19.35,19.19,19.23,56527
2022-11-21,19.37,19.39,19.27,19.37,82987
2022-11-22,19.5,19.65,19.49,19.58,70739
2022-11-23,19.71,19.87,19.69,19.85,67882
2022-11-24,20.01,20.02,19.98,20,60768
2022-11-25,19.88,20.02,19.85,20.02,41011
2022-11-28,20,20,19.89,19.98,66371
2022-11-29,19.8,19.84,19.75,19.82,86654
2022-11-30,19.67,19.91,19.58,19.91,122460
2022-12-01,20.09,20.35,20.02,20.33,99021
2022-12-02,20.23,20.54,20.12,20.54,157755
2022-12-05,20.45,20.45,20.32,20.38,86639
2022-12-06,20.51,20.6,20.44,20.6,100293
2022-12-07,20.68,20.76,20.45,20.68,82288
2022-12-08,20.54,20.69,20.44,20.69,104020
2022-12-09,20.54,20.55,20.38,20.38,51117
2022-12-12,20.53,20.53,20.24,20.28,130118
2022-12-13,20.63,20.63,20.32,20.43,171836
2022-12-14,20.37,20.46,20.37,20.4,60338
2022-12-15,20.42,20.49,20.31,20.49,44744
2022-12-16,20.25,20.39,20.21,20.33,47676
2022-12-19,20.16,20.18,20.04,20.05,35724
2022-12-20,19.85,19.85,19.72,19.84,80948
2022-12-21,19.99,20,19.84,19.87,41963
2022-12-22,19.82,19.82,19.7,19.73,35678
2022-12-23,19.5,19.59,19.46,19.59,113207
2022-12-28,19.31,19.31,19.11,19.18,95902
2022-12-29,19.12,19.31,19.12,19.18,33469
2022-12-30,19.07,19.17,19.07,19.17,49498
2023-01-03,19.37,19.405,19.18,19.3,347694
2023-01-04,19.48,19.54,19.43,19.52,53850
2023-01-05,19.43,19.51,19.36,19.47,44612
2023-01-06,19.45,19.69,19.39,19.68,76446
2023-01-09,19.58,19.71,19.49,19.65,25215
2023-01-10,19.52,19.61,19.48,19.61,92651
2023-01-11,19.74,19.87,19.7,19.87,39580
2023-01-12,19.94,20.22,19.78,20.22,40407
2023-01-13,20.2,20.28,20.18,20.24,19260
2023-01-16,20.32,20.32,20.21,20.26,54598
2023-01-17,20.26,20.27,20.19,20.21,84142
2023-01-18,20.43,20.53,20.38,20.48,115895
2023-01-19,20.4,20.46,20.27,20.43,83718
2023-01-20,20.23,20.23,20.12,20.21,60762
2023-01-23,20.04,20.12,20,20.07,67769
2023-01-24,20.03,20.14,19.94,20.13,86511
2023-01-25,20.08,20.25,20.04,20.25,64636
2023-01-26,20.19,20.27,20.11,20.2,136060
2023-01-27,20.06,20.17,20.05,20.17,49622
2023-01-30,20.06,20.13,20.06,20.13,44607
2023-01-31,20.18,20.18,19.96,20.1,51144
2023-02-01,20.25,20.3,20.1,20.27,59053
2023-02-02,20.25,20.34,20.22,20.31,140650
2023-02-03,20.14,20.14,19.97,20.14,98581
2023-02-06,19.93,19.95,19.82,19.85,58455
2023-02-07,19.76,19.86,19.67,19.73,109991
2023-02-08,19.79,19.87,19.7,19.87,47536
2023-02-09,20,20.05,19.7,19.72,84924
2023-02-10,19.68,19.68,19.46,19.53,90684
2023-02-13,19.56,19.68,19.55,19.68,67360
2023-02-14,19.59,19.63,19.41,19.52,79393
2023-02-15,19.44,19.45,19.2,19.28,80754
2023-02-16,19.18,19.23,19.06,19.21,28578
2023-02-17,19.13,19.29,19.13,19.29,46497
2023-02-21,19.04,19.04,18.92,18.92,81831
2023-02-22,18.93,19.03,18.9,19.03,471512
2023-02-23,18.97,19.24,18.97,19.2,42974
2023-02-24,19.09,19.12,19.01,19.07,57051
2023-02-27,19.1,19.21,19.1,19.19,30033
2023-02-28,19.11,19.39,19.08,19.39,87152
2023-03-01,19.35,19.36,19.18,19.2,46398
2023-03-02,19,19.05,18.93,18.97,84222
2023-03-03,19.27,19.42,19.24,19.42,56286
2023-03-06,19.54,19.54,19.34,19.34,38100
2023-03-07,19.44,19.46,19.32,19.43,388866
2023-03-08,19.59,19.68,19.51,19.64,52174
2023-03-09,19.63,19.79,19.6,19.79,42648
2023-03-10,20.01,20.2,19.98,20.15,79680
2023-03-13,20.53,20.73,20.43,20.45,123946
2023-03-14,20.38,20.41,20.16,20.18,106248
2023-03-15,20.5,20.6,20,20.24,85169
2023-03-16,20.36,20.38,19.93,19.95,270330
2023-03-17,20.12,20.32,20.12,20.22,29037
2023-03-20,20.26,20.26,20.01,20.07,49756
2023-03-21,19.99,20.12,19.89,19.97,72555
2023-03-22,19.88,20.25,19.88,20.25,52268
2023-03-23,20.05,20.08,19.96,20.07,160892
2023-03-24,20.19,20.19,20,20.1,52364
2023-03-27,19.92,19.96,19.72,19.79,95812
2023-03-28,19.7,19.7,19.58,19.68,29369
2023-03-29,19.75,19.81,19.73,19.75,66284
2023-03-30,19.74,19.85,19.74,19.78,11545
2023-03-31,19.78,19.83,19.73,19.81,48369
2023-04-03,19.79,20.01,19.79,19.98,90419
2023-04-04,19.81,20.11,19.8,20.05,38614
2023-04-05,20.07,20.08,19.95,19.99,89177
2023-04-06,19.97,20.08,19.97,20.03,31574
2023-04-10,19.94,19.94,19.8,19.91,42315
2023-04-11,19.89,19.89,19.77,19.89,59354
2023-04-12,20,20,19.8,19.86,30635
2023-04-13,19.91,19.93,19.72,19.76,62181
2023-04-14,19.73,19.73,19.5,19.61,79720
2023-04-17,19.59,19.59,19.45,19.52,71455
2023-04-18,19.5,19.62,19.49,19.57,25549
2023-04-19,19.58,19.6,19.5,19.59,27495
2023-04-20,19.68,19.77,19.68,19.77,41567
2023-04-21,19.93,19.93,19.77,19.88,52153
2023-04-24,19.86,19.9,19.81,19.88,11268
2023-04-25,19.98,20.2,19.98,20.19,55052
2023-04-26,20.14,20.14,19.95,19.97,76148
2023-04-27,19.89,19.89,19.74,19.77,51509
2023-04-28,19.96,20.14,19.93,20.1,33721
2023-05-01,20.04,20.04,19.74,19.75,113633
2023-05-02,19.84,20.12,19.84,20.06,96908
2023-05-03,20.19,20.19,20.06,20.13,109093
2023-05-04,20.01,20.16,20.01,20.05,85142
2023-05-05,19.81,19.85,19.73,19.82,60929
2023-05-08,19.66,19.73,19.62,19.67,66444
2023-05-09,19.72,19.74,19.68,19.73,15147
2023-05-10,19.85,19.91,19.78,19.87,35053
2023-05-11,20.01,20.08,19.96,20.08,52799
2023-05-12,20.11,20.11,19.97,20.02,50287
2023-05-15,19.94,19.94,19.84,19.92,14347
2023-05-16,19.79,19.79,19.67,19.74,60072
2023-05-17,19.68,19.72,19.6,19.7,44013
2023-05-18,19.64,19.64,19.51,19.51,48764
2023-05-19,19.5,19.59,19.47,19.59,53087
2023-05-23,19.46,19.46,19.29,19.36,41310
2023-05-24,19.28,19.28,19.15,19.2,64413
2023-05-25,19.24,19.24,19.11,19.11,93571
2023-05-26,19.11,19.19,19.05,19.18,65849
2023-05-29,19.27,19.34,19.21,19.21,63634
2023-05-30,19.27,19.41,19.25,19.38,51788
2023-05-31,19.32,19.63,19.32,19.54,57813
2023-06-01,19.66,19.78,19.65,19.73,104057
2023-06-02,19.65,19.65,19.5,19.53,56978
2023-06-05,19.37,19.51,19.31,19.42,54499
2023-06-06,19.42,19.42,19.32,19.41,69361
2023-06-07,19.4,19.45,19.1,19.14,135515
2023-06-08,19.16,19.27,19.16,19.19,49911
2023-06-09,19.13,19.3,19.09,19.27,48178
2023-06-12,19.33,19.36,19.24,19.35,42056
2023-06-13,19.29,19.29,19.01,19.05,71853
2023-06-14,19.11,19.23,19.09,19.16,42458
2023-06-15,19.29,19.39,19.28,19.38,94780
2023-06-16,19.37,19.42,19.25,19.42,26774
2023-06-19,19.25,19.34,19.23,19.34,13455
2023-06-20,19.36,19.53,19.36,19.42,45317
2023-06-21,19.34,19.4,19.18,19.38,23790
2023-06-22,19.24,19.25,19.1,19.18,32661
2023-06-23,19.4,19.47,19.36,19.41,11184
2023-06-26,19.49,19.59,19.43,19.43,62518
2023-06-27,19.46,19.54,19.35,19.43,19331
2023-06-28,19.48,19.65,19.48,19.65,42344
2023-06-29,19.58,19.58,19.33,19.42,73799
2023-06-30,19.51,19.71,19.51,19.68,36189
2023-07-04,19.61,19.68,19.55,19.57,42049
2023-07-05,19.52,19.52,19.32,19.36,28905
2023-07-06,19.27,19.3,19.19,19.24,25102
2023-07-07,19.1,19.11,19.01,19.06,117864
2023-07-10,18.98,19.11,18.98,19.09,44371
2023-07-11,19.08,19.1,19.01,19.04,33371
2023-07-12,19.1,19.29,19.05,19.26,33237
2023-07-13,19.26,19.36,19.2,19.35,32064
2023-07-14,19.32,19.36,19.22,19.31,35017
2023-07-17,19.29,19.3,19.2,19.26,72639
2023-07-18,19.34,19.41,19.28,19.31,49629
2023-07-19,19.34,19.43,19.25,19.43,64757
2023-07-20,19.34,19.34,19.12,19.14,32814
2023-07-21,19.26,19.33,19.24,19.3,48026
2023-07-24,19.33,19.33,19.1,19.12,45762
2023-07-25,19,19.06,18.95,19.03,72883
2023-07-26,19.12,19.19,19.09,19.16,24256
2023-07-27,18.99,18.99,18.76,18.82,116369
2023-07-28,18.85,19.08,18.85,19.08,20322
2023-07-31,19.1,19.19,19.07,19.15,30534
2023-08-01,18.9,18.96,18.83,18.88,41389
2023-08-02,18.75,18.8,18.71,18.75,59164
2023-08-03,18.51,18.51,18.38,18.39,58801
2023-08-04,18.57,18.8,18.57,18.8,40615
2023-08-08,18.99,19.01,18.8,18.8,35508
2023-08-09,18.82,18.91,18.81,18.88,31729
2023-08-10,18.85,18.87,18.67,18.69,30904
2023-08-11,18.58,18.65,18.55,18.64,18025
2023-08-14,18.55,18.63,18.5,18.53,47070
2023-08-15,18.46,18.5,18.36,18.36,24885
2023-08-16,18.33,18.4,18.26,18.27,31115
2023-08-17,18.27,18.35,18.25,18.35,75794
2023-08-18,18.42,18.55,18.4,18.47,22293
2023-08-21,18.35,18.35,18.25,18.26,75527
2023-08-22,18.25,18.32,18.19,18.27,36439
2023-08-23,18.41,18.67,18.41,18.63,43004
2023-08-24,18.59,18.64,18.56,18.58,13802
2023-08-25,18.41,18.55,18.41,18.53,38097
2023-08-28,18.6,18.6,18.51,18.6,12307
2023-08-29,18.56,18.8,18.56,18.77,39259
2023-08-30,18.78,18.82,18.71,18.82,11226
2023-08-31,18.83,18.93,18.83,18.87,10726
2023-09-01,18.89,18.89,18.72,18.81,11635
2023-09-05,18.67,18.67,18.48,18.53,14104
2023-09-06,18.55,18.59,18.45,18.52,23445
2023-09-07,18.51,18.64,18.5,18.63,17106
2023-09-08,18.6,18.7,18.56,18.64,61667
2023-09-11,18.51,18.54,18.46,18.54,40659
2023-09-12,18.46,18.52,18.42,18.51,22299
2023-09-13,18.47,18.55,18.42,18.46,42549
2023-09-14,18.54,18.55,18.47,18.51,24981
2023-09-15,18.45,18.49,18.37,18.38,41855
2023-09-18,18.35,18.39,18.32,18.38,64649
2023-09-19,18.22,18.25,18.18,18.2,32020
2023-09-20,18.21,18.27,18.19,18.19,14992
2023-09-21,18.05,18.09,17.94,17.94,81642
2023-09-22,17.91,18.08,17.86,18.04,54985
2023-09-25,17.75,17.79,17.65,17.68,78387
2023-09-26,17.7,17.71,17.61,17.65,60361
2023-09-27,17.7,17.7,17.52,17.53,26050
2023-09-28,17.42,17.57,17.33,17.54,75930
2023-09-29,17.65,17.74,17.59,17.67,52177
2023-10-02,17.67,17.67,17.56,17.6,31250
2023-10-03,17.2,17.23,17.08,17.21,120426
2023-10-04,17.34,17.4,17.29,17.36,124612
2023-10-05,17.38,17.4,17.34,17.4,27640
2023-10-06,17.21,17.45,17.21,17.44,72616
2023-10-10,17.61,17.81,17.61,17.77,36080
2023-10-11,17.94,18,17.91,17.99,20947
2023-10-12,17.9,17.9,17.64,17.71,120006
2023-10-13,17.94,17.96,17.79,17.92,16264
2023-10-16,17.74,17.84,17.69,17.84,86970
2023-10-17,17.73,17.84,17.69,17.76,140468
2023-10-18,17.73,17.79,17.65,17.71,22883
2023-10-19,17.64,17.65,17.39,17.43,60223
2023-10-20,17.42,17.55,17.42,17.52,56713
2023-10-23,17.35,17.75,17.35,17.69,102543
2023-10-24,17.74,17.82,17.64,17.82,49288
2023-10-25,17.54,17.57,17.42,17.48,82357
2023-10-26,17.6,17.81,17.54,17.75,164800
2023-10-27,17.76,17.83,17.72,17.82,23078
2023-10-30,17.65,17.75,17.64,17.65,73747
2023-10-31,17.66,17.73,17.54,17.56,50841
2023-11-01,17.8,17.86,17.7,17.83,55390
2023-11-02,18.04,18.12,17.99,18.11,89362
2023-11-03,18.39,18.48,18.32,18.37,141834
2023-11-06,18.3,18.31,18.18,18.22,78805
2023-11-07,18.35,18.44,18.31,18.36,41154
2023-11-08,18.37,18.53,18.36,18.51,37163
2023-11-09,18.45,18.45,18.13,18.16,203990
2023-11-10,18.33,18.33,18.18,18.21,36505
2023-11-13,18.21,18.26,18.14,18.26,42526
2023-11-14,18.56,18.66,18.56,18.64,83726
2023-11-15,18.49,18.49,18.32,18.41,155683
2023-11-16,18.56,18.62,18.46,18.52,176977
2023-11-17,18.63,18.71,18.55,18.62,267413
2023-11-20,18.57,18.7,18.55,18.68,70401
2023-11-21,18.64,18.72,18.55,18.62,74281
2023-11-22,18.72,18.72,18.59,18.64,59549
2023-11-23,18.56,18.61,18.55,18.55,11201
2023-11-24,18.57,18.61,18.51,18.57,35204
2023-11-27,18.62,18.82,18.62,18.82,57757
2023-11-28,18.76,18.91,18.76,18.9,314441
2023-11-29,18.97,19.06,18.93,19.04,98166
2023-11-30,18.98,19.04,18.9,19.02,116614
2023-12-01,18.92,19.33,18.9,19.3,325785
2023-12-04,19.31,19.36,19.22,19.33,136182
2023-12-05,19.42,19.6,19.4,19.57,288765
2023-12-06,19.69,19.85,19.64,19.72,282013
2023-12-07,19.68,19.77,19.59,19.68,186920
2023-12-08,19.52,19.59,19.45,19.59,108172
2023-12-11,19.44,19.51,19.36,19.48,100370
2023-12-12,19.46,19.53,19.42,19.5,196173
2023-12-13,19.61,19.92,19.59,19.92,264811
2023-12-14,20.06,20.25,20,20.25,166461
2023-12-15,20.37,20.42,20.21,20.39,217947
2023-12-18,20.34,20.34,20.18,20.27,101588
2023-12-19,20.32,20.4,20.29,20.35,229689
2023-12-20,20.45,20.5,20.38,20.47,88104
2023-12-21,20.51,20.51,20.25,20.26,149610
2023-12-22,20.33,20.33,19.88,19.91,116848
2023-12-27,20.18,20.37,20.15,20.3,165332
2023-12-28,20.17,20.22,20.03,20.11,75606
2023-12-29,19.95,20.17,19.92,20.12,92402
2024-01-02,19.81,19.92,19.76,19.82,104146
2024-01-03,19.73,19.95,19.71,19.89,72093
2024-01-04,19.75,19.83,19.66,19.72,96686
2024-01-05,19.58,19.81,19.53,19.58,339342
2024-01-08,19.6,19.77,19.6,19.7,181601
2024-01-09,19.7,19.79,19.7,19.74,168712
2024-01-10,19.78,19.8,19.54,19.58,80059
2024-01-11,19.56,19.64,19.47,19.58,170646
2024-01-12,19.65,19.72,19.54,19.59,30423
2024-01-15,19.57,19.65,19.54,19.6,41060
2024-01-16,19.51,19.51,19.22,19.22,86436
2024-01-17,19.16,19.16,19.03,19.06,90204
2024-01-18,19.01,19.01,18.92,18.93,119752
2024-01-19,18.9,18.97,18.83,18.93,156498
2024-01-22,19.04,19.12,19.02,19.06,38571
2024-01-23,18.96,19,18.9,19,61596
2024-01-24,19.09,19.15,18.89,18.9,95904
2024-01-25,18.87,18.92,18.83,18.86,62886
2024-01-26,18.79,18.87,18.71,18.78,70033
2024-01-29,18.84,19.05,18.83,19.03,53812
2024-01-30,19.03,19.23,18.93,19.23,65938
2024-01-31,19.22,19.4,19.22,19.4,166808
2024-02-01,19.47,19.68,19.46,19.64,164260
2024-02-02,19.39,19.42,19.21,19.33,73623
2024-02-05,19.25,19.27,18.98,19.06,197402
2024-02-06,19.06,19.25,19.06,19.21,51602
2024-02-07,19.11,19.24,19.1,19.13,184989
2024-02-08,18.98,19,18.89,18.95,165677
2024-02-09,18.92,19.08,18.91,19.04,51309
2024-02-12,18.97,19.01,18.91,18.95,55536
2024-02-13,18.83,18.85,18.77,18.82,72237
2024-02-14,18.83,19.03,18.83,18.98,73286
2024-02-15,19.04,19.1,18.94,19.03,75360
2024-02-16,18.96,19.07,18.93,18.98,66762
2024-02-20,19.09,19.19,19.06,19.13,52492
2024-02-21,19.09,19.13,18.98,19.01,120721
2024-02-22,19.04,19.19,19.04,19.15,150181
2024-02-23,19.09,19.28,19.09,19.26,69793
2024-02-26,19.22,19.22,19.14,19.17,279977
2024-02-27,19.08,19.12,18.99,19.01,147792
2024-02-28,18.96,19.05,18.92,19.04,116796
2024-02-29,19.08,19.18,19.08,19.18,61144
2024-03-01,19.12,19.27,19.03,19.26,79698
2024-03-04,19.11,19.21,19.11,19.21,150272
2024-03-05,19.34,19.48,19.34,19.4,73149
2024-03-06,19.45,19.51,19.4,19.44,129826
2024-03-07,19.5,19.51,19.37,19.45,105501
2024-03-08,19.45,19.45,19.39,19.43,26248
2024-03-11,19.41,19.41,19.32,19.37,23965
2024-03-12,19.31,19.31,19.19,19.27,21197
2024-03-13,19.25,19.31,19.18,19.21,119704
2024-03-14,19.04,19.04,18.93,18.95,59011
2024-03-15,18.9,19.03,18.87,18.99,56845
2024-03-18,18.88,18.93,18.85,18.86,59107
2024-03-19,18.99,19.06,18.9,18.9,91576
2024-03-20,18.97,19.09,18.9,19.01,102174
2024-03-21,19.01,19.05,18.92,18.97,129321
2024-03-22,19.06,19.08,19,19.07,78001
2024-03-25,18.98,18.98,18.92,18.97,50384
2024-03-26,18.91,18.96,18.87,18.95,36629
2024-03-27,19,19.11,18.96,19.11,80827
2024-03-28,19.06,19.18,19.04,19.12,49257
2024-04-01,18.9,18.91,18.76,18.77,117517
2024-04-02,18.63,18.74,18.59,18.74,71613
2024-04-03,18.62,18.74,18.57,18.72,77151
2024-04-04,18.76,18.84,18.73,18.84,154547
2024-04-05,18.79,18.85,18.72,18.74,47079
2024-04-08,18.63,19.09,18.63,18.69,234496
2024-04-09,18.76,18.86,18.76,18.81,216065
2024-04-10,18.69,18.72,18.5,18.53,102144
2024-04-11,18.54,18.55,18.43,18.48,77451
2024-04-12,18.64,18.72,18.62,18.63,123647
2024-04-15,18.5,18.5,18.32,18.4,156796
2024-04-16,18.31,18.42,18.27,18.33,70341
2024-04-17,18.38,18.5,18.32,18.44,138087
2024-04-18,18.39,18.39,18.29,18.32,46431
2024-04-19,18.36,18.38,18.31,18.34,50760
2024-04-22,18.27,18.36,18.25,18.32,154915
2024-04-23,18.28,18.34,18.24,18.28,72677
2024-04-24,18.22,18.22,18.13,18.16,62331
2024-04-25,18.06,18.1,18.01,18.06,33272
2024-04-26,18.11,18.2,18.11,18.18,37001
2024-04-29,18.29,18.36,18.25,18.36,18203
2024-04-30,18.21,18.3,18.2,18.23,35908
2024-05-01,18.28,18.43,18.25,18.37,30857
2024-05-02,18.28,18.44,18.28,18.43,122329
2024-05-03,18.61,18.61,18.49,18.61,38284
2024-05-06,18.65,18.75,18.64,18.75,74054
2024-05-07,18.83,18.92,18.83,18.85,46335
2024-05-08,18.74,18.75,18.71,18.73,63130
2024-05-09,18.67,18.77,18.63,18.77,30046
2024-05-10,18.64,18.67,18.6,18.66,111361
2024-05-13,18.68,18.72,18.66,18.7,19325
2024-05-14,18.68,18.69,18.63,18.68,37736
2024-05-15,18.82,18.92,18.82,18.9,85215
2024-05-16,18.97,19.05,18.95,18.97,74509
2024-05-17,18.93,18.93,18.84,18.89,38986
2024-05-21,18.99,19,18.9,18.94,79314
2024-05-22,18.79,18.83,18.76,18.83,74519
2024-05-23,18.84,18.84,18.72,18.76,77514
2024-05-24,18.74,18.79,18.72,18.79,48101
2024-05-27,18.81,18.82,18.75,18.77,14362
2024-05-28,18.8,18.8,18.54,18.57,74975
2024-05-29,18.45,18.45,18.34,18.41,36221
2024-05-30,18.49,18.56,18.46,18.53,51686
2024-05-31,18.66,18.75,18.66,18.75,34017
2024-06-03,18.81,19.04,18.8,18.96,107434
2024-06-04,19.14,19.25,19.13,19.215,66409
2024-06-05,19.25,19.36,19.21,19.33,77560
2024-06-06,19.25,19.28,19.2,19.21,108503
2024-06-07,19.07,19.09,19.02,19.07,29770
2024-06-10,18.94,18.97,18.91,18.97,27502
2024-06-11,18.99,19.03,18.94,19.02,45332
2024-06-12,19.2,19.29,19.18,19.19,66412
2024-06-13,19.27,19.4,19.26,19.4,33544
2024-06-14,19.46,19.57,19.46,19.55,104258
2024-06-17,19.39,19.46,19.34,19.45,94076
2024-06-18,19.5,19.59,19.46,19.58,45842
2024-06-19,19.52,19.57,19.52,19.55,78557
2024-06-20,19.45,19.45,19.31,19.43,160646
2024-06-21,19.4,19.46,19.35,19.44,85759
2024-06-24,19.4,19.44,19.36,19.44,36164
2024-06-25,19.27,19.39,19.24,19.39,71230
2024-06-26,19.18,19.19,19.105,19.11,71805
2024-06-27,19.07,19.11,19.04,19.08,37157
2024-06-28,19.18,19.18,18.98,19,73386
2024-07-02,18.77,18.78,18.635,18.73,77653
2024-07-03,18.77,18.91,18.74,18.8,108088
2024-07-04,18.74,18.77,18.71,18.72,28112
2024-07-05,18.9,18.94,18.85,18.94,80783
2024-07-08,18.96,19.05,18.93,19.03,40773
2024-07-09,18.99,19.02,18.91,18.955,29192
2024-07-10,19,19.03,18.99,19.03,22189
2024-07-11,19.14,19.2,19.07,19.07,66375
2024-07-12,19.07,19.16,19.07,19.15,35363
2024-07-15,19.07,19.13,19.05,19.07,58300
2024-07-16,19.2,19.235,19.15,19.21,54889
2024-07-17,19.21,19.33,19.17,19.29,53802
2024-07-18,19.26,19.35,19.18,19.19,55816
2024-07-19,19.14,19.16,19.07,19.12,94102
2024-07-22,19.17,19.19,19.01,19.03,86915
2024-07-23,19.05,19.11,19.035,19.07,113169
2024-07-24,19.12,19.17,18.97,19,70862
2024-07-25,19,19.14,19,19.05,88012
2024-07-26,19.09,19.11,19.07,19.09,70659
2024-07-29,19.19,19.24,19.15,19.22,41365
2024-07-30,19.29,19.35,19.23,19.33,45774
2024-07-31,19.35,19.49,19.33,19.49,50592
2024-08-01,19.5,19.67,19.5,19.65,68591
2024-08-02,19.7,19.93,19.7,19.93,186565
2024-08-06,19.75,19.79,19.48,19.48,197942
2024-08-07,19.42,19.49,19.36,19.46,86231
2024-08-08,19.38,19.46,19.36,19.44,36544
2024-08-09,19.63,19.64,19.59,19.62,43122
2024-08-12,19.6,19.7,19.6,19.7,34535
2024-08-13,19.76,19.8,19.72,19.79,56415
2024-08-14,19.81,19.89,19.81,19.87,50718
2024-08-15,19.72,19.78,19.65,19.76,104400
2024-08-16,19.77,19.8,19.71,19.79,91369
2024-08-19,19.75,19.83,19.75,19.81,107280
2024-08-20,19.92,19.96,19.89,19.96,135823
2024-08-21,19.93,20,19.85,19.96,191894
2024-08-22,19.85,19.85,19.73,19.79,182365
2024-08-23,19.85,19.93,19.78,19.89,68414
2024-08-26,19.87,19.87,19.805,19.82,143088
2024-08-27,19.64,19.81,19.62,19.75,187122
2024-08-28,19.73,19.73,19.605,19.63,813301
2024-08-29,19.54,19.57,19.51,19.53,60463
2024-08-30,19.55,19.59,19.365,19.4,141013
2024-09-03,19.57,19.66,19.55,19.66,84212
2024-09-04,19.75,19.82,19.29,19.8,1988782
2024-09-05,19.86,19.87,19.76,19.84,71878
2024-09-06,19.84,19.985,19.73,19.86,93218
2024-09-09,19.8,19.96,19.8,19.95,32791
2024-09-10,19.96,20.07,19.93,20.04,40710
2024-09-11,20.01,20.09,19.94,19.97,100513
2024-09-12,20,20,19.92,19.99,71004
2024-09-13,20.05,20.05,19.98,20.01,98868
2024-09-16,20.05,20.1,20.02,20.1,44236
2024-09-17,20.12,20.13,20,20.03,102642
2024-09-18,20.02,20.08,19.91,19.91,120495
2024-09-19,19.86,19.92,19.82,19.92,51948
2024-09-20,19.92,19.97,19.87,19.94,79067
2024-09-23,19.86,19.98,19.78,19.92,121141
2024-09-24,19.73,19.86,19.73,19.85,84778
2024-09-25,19.76,19.77,19.7,19.7,75095
2024-09-26,19.76,19.76,19.65,19.7,102487
2024-09-27,19.8,19.91,19.78,19.9,244653
2024-09-30,19.87,19.97,19.87,19.9,109952
2024-10-01,19.94,20,19.9,19.94,93002
2024-10-02,19.73,19.74,19.695,19.7,106977
2024-10-03,19.56,19.6,19.49,19.51,96518
2024-10-04,19.31,19.39,19.3,19.34,188148
2024-10-07,19.2,19.28,19.18,19.255,170279
2024-10-08,19.2,19.3,19.2,19.3,82919
2024-10-09,19.26,19.28,19.21,19.27,192879
2024-10-10,19.25,19.31,19.22,19.305,44365
2024-10-11,19.22,19.33,19.19,19.31,75354
2024-10-15,19.43,19.55,19.41,19.54,222826
2024-10-16,19.62,19.66,19.6,19.64,69217
2024-10-17,19.51,19.52,19.44,19.45,59093
2024-10-18,19.49,19.53,19.48,19.51,41902
2024-10-21,19.41,19.41,19.26,19.29,100267
2024-10-22,19.3,19.3,19.24,19.3,31271
2024-10-23,19.22,19.27,19.17,19.21,131122
2024-10-24,19.22,19.32,19.19,19.32,76380
2024-10-25,19.35,19.38,19.23,19.28,50498
2024-10-28,19.26,19.26,19.14,19.19,55819
2024-10-29,19.13,19.25,19.1,19.25,82572
2024-10-30,19.41,19.45,19.31,19.31,271459
2024-10-31,19.41,19.47,19.33,19.46,39616
2024-11-01,19.5,19.51,19.28,19.32,37378
2024-11-04,19.48,19.52,19.37,19.47,94924
2024-11-05,19.44,19.55,19.38,19.51,68695
2024-11-06,19.24,19.43,19.24,19.42,162673
2024-11-07,19.52,19.72,19.52,19.7,93084
2024-11-08,19.79,19.895,19.79,19.85,83198
2024-11-11,19.82,19.85,19.79,19.81,92965
2024-11-12,19.75,19.78,19.59,19.67,124954
2024-11-13,19.78,19.78,19.48,19.51,53335
2024-11-14,19.64,19.66,19.52,19.56,96719
2024-11-15,19.5,19.6,19.43,19.51,71395
2024-11-18,19.44,19.49,19.37,19.465,66033
2024-11-19,19.42,19.46,19.3,19.3,112131
2024-11-20,19.17,19.29,19.16,19.17,73396
2024-11-21,19.11,19.14,18.95,18.95,173203
2024-11-22,18.95,19.1,18.92,19.08,171776
2024-11-25,19.42,19.49,19.36,19.49,142728
2024-11-26,19.5,19.54,19.48,19.52,58961
2024-11-27,19.61,19.71,19.55,19.635,166623
2024-11-28,19.7,19.73,19.66,19.7,68630
2024-11-29,19.85,20.09,19.83,20.08,325605
2024-12-02,19.92,20.18,19.87,20.13,205118
2024-12-03,20.06,20.07,19.94,19.94,88325
2024-12-04,19.88,20.06,19.88,20.04,56853
2024-12-05,19.96,20.09,19.96,20.07,95069
2024-12-06,20.27,20.28,20.18,20.22,143265
2024-12-09,20.21,20.23,20.065,20.1,51447
2024-12-10,20.02,20.12,20,20.08,60164
2024-12-11,20.18,20.18,19.92,19.99,90918
2024-12-12,19.87,19.92,19.83,19.86,76099
2024-12-13,19.84,19.84,19.73,19.78,53487
2024-12-16,19.74,19.79,19.63,19.76,143539
2024-12-17,19.86,19.94,19.86,19.91,96659
2024-12-18,19.89,19.89,19.72,19.77,65987
2024-12-19,19.51,19.66,19.3,19.38,169151
2024-12-20,19.45,19.59,19.45,19.55,64048
2024-12-23,19.56,19.56,19.44,19.47,48676
2024-12-24,19.34,19.44,19.33,19.44,49851
2024-12-27,19.45,19.48,19.39,19.39,98934
2024-12-30,19.4,19.47,19.4,19.45,60768
2024-12-31,19.6,19.63,19.48,19.49,50027
2025-01-02,19.53,19.53,19.41,19.51,145305
2025-01-03,19.55,19.61,19.48,19.49,48714
2025-01-06,19.44,19.49,19.37,19.49,62840
2025-01-07,19.39,19.39,19.29,19.34,75857
2025-01-08,19.2,19.29,19.2,19.27,81727
2025-01-09,19.26,19.27,19.15,19.15,42830
2025-01-10,19.01,19.04,18.93,18.97,96250
2025-01-13,18.93,18.93,18.83,18.83,112328
2025-01-14,18.79,18.79,18.67,18.76,91531
2025-01-15,18.94,19,18.87,18.97,163834
2025-01-16,19.07,19.24,19.01,19.18,63701
2025-01-17,19.25,19.33,19.22,19.29,103583
2025-01-20,19.35,19.36,19.3,19.36,37357
2025-01-21,19.45,19.48,19.4,19.42,52924
2025-01-22,19.43,19.43,19.28,19.29,47269
2025-01-23,19.21,19.25,19.17,19.21,31126
2025-01-24,19.18,19.34,19.17,19.34,53833
2025-01-27,19.48,19.55,19.45,19.54,135984
2025-01-28,19.36,19.46,19.34,19.46,84369
2025-01-29,19.5,19.52,19.39,19.47,63094
2025-01-30,19.52,19.66,19.49,19.6,75453
2025-01-31,19.73,19.76,19.58,19.63,95531
2025-02-03,19.99,20.08,19.73,19.9,238448
2025-02-04,19.7,19.94,19.7,19.93,63960
2025-02-05,19.99,20.12,19.99,20.08,56423
2025-02-06,19.98,20.02,19.91,20.01,77740
2025-02-07,19.8,19.81,19.7,19.72,66860
2025-02-10,19.78,19.82,19.67,19.69,45237
2025-02-11,19.63,19.63,19.59,19.62,17107
2025-02-12,19.48,19.48,19.405,19.43,114860
2025-02-13,19.54,19.69,19.54,19.63,93578
2025-02-14,19.62,19.69,19.6,19.63,91049
2025-02-18,19.43,19.51,19.42,19.43,80980
2025-02-19,19.4,19.43,19.36,19.42,119783
2025-02-20,19.39,19.41,19.315,19.315,61650
2025-02-21,19.42,19.65,19.41,19.57,187653
2025-02-24,19.53,19.61,19.49,19.61,112087
2025-02-25,19.76,19.82,19.72,19.81,109797
2025-02-26,19.81,19.85,19.73,19.8,97144
2025-02-27,19.79,19.88,19.78,19.82,200496
2025-02-28,19.91,20.01,19.88,19.94,392019
2025-03-03,19.87,20.21,19.85,20.19,108415
2025-03-04,20.1,20.18,20,20.03,51486
2025-03-05,19.95,20,19.76,19.85,125076
2025-03-06,19.74,19.74,19.47,19.5,292148
2025-03-07,19.6,19.69,19.54,19.6,142824
2025-03-10,19.76,19.84,19.67,19.68,91562
2025-03-11,19.65,19.82,19.48,19.59,201049
2025-03-12,19.6,19.63,19.42,19.43,172543
2025-03-13,19.37,19.56,19.32,19.53,101306
2025-03-14,19.45,19.54,19.42,19.48,34422
2025-03-17,19.68,19.77,19.62,19.63,65780
2025-03-18,19.47,19.63,19.44,19.62,62960
2025-03-19,19.63,19.7,19.51,19.68,152064
2025-03-20,19.83,19.84,19.63,19.64,37090
2025-03-21,19.745,19.745,19.58,19.65,29406
2025-03-24,19.66,19.66,19.53,19.54,49283
2025-03-25,19.52,19.65,19.52,19.55,28703
2025-03-26,19.41,19.41,19.27,19.31,84481
2025-03-27,19.29,19.39,19.29,19.36,39496
2025-03-28,19.44,19.53,19.44,19.53,37888
2025-03-31,19.62,19.66,19.55,19.65,83684
2025-04-01,19.72,19.81,19.72,19.81,210207
2025-04-02,19.89,19.9,19.64,19.79,61240
2025-04-03,19.81,19.85,19.6,19.6,115583
2025-04-04,19.78,19.92,19.7,19.7,139753
2025-04-07,19.6,19.61,19.18,19.24,363607
2025-04-08,19.12,19.28,19.04,19.09,103534
2025-04-09,18.94,19.02,18.72,18.98,367326
2025-04-10,18.86,18.95,18.71,18.75,50285
2025-04-11,18.66,18.8,18.57,18.72,101840
2025-04-14,18.91,19.11,18.91,19.11,130119
2025-04-15,19.05,19.14,18.98,19.13,21313
2025-04-16,19.13,19.22,19.04,19.18,52861
2025-04-17,19.2,19.23,19.03,19.05,47691
2025-04-21,18.98,18.98,18.73,18.74,49688
2025-04-22,18.87,18.92,18.83,18.92,37256
2025-04-23,19.12,19.17,18.86,18.91,94404
2025-04-24,18.95,19.06,18.92,19.02,19033
2025-04-25,19,19,18.93,18.94,26146
2025-04-28,18.88,19,18.87,18.97,51924
2025-04-29,18.96,19.09,18.96,19.09,24753
2025-04-30,19.14,19.23,19.09,19.2,54140
2025-05-01,19.11,19.12,19.01,19.11,46493
2025-05-02,19,19.01,18.91,19.01,20279
2025-05-05,18.98,19.02,18.9,19.01,15879
2025-05-06,18.92,19.06,18.91,19.06,28085
2025-05-07,19.11,19.26,19.11,19.23,21175
2025-05-08,19.19,19.19,19.01,19.03,13804
2025-05-09,19.06,19.15,19.06,19.14,41486
2025-05-12,19,19.13,19,19.06,29918
2025-05-13,19.06,19.06,18.98,19.04,60498
2025-05-14,19.02,19.04,18.95,18.95,39317
2025-05-15,19.05,19.2,19.05,19.19,40222
2025-05-16,19.23,19.245,19.13,19.18,23050
2025-05-20,18.9,18.98,18.85,18.88,88299
2025-05-21,18.7,18.76,18.63,18.67,56405
2025-05-22,18.55,18.69,18.53,18.67,53283
2025-05-23,18.72,18.76,18.68,18.76,46551
2025-05-26,18.8,18.86,18.79,18.79,75703
2025-05-27,18.87,19.02,18.85,19.02,34170
2025-05-28,18.87,19.03,18.86,19,27730
2025-05-29,19,19.11,18.995,19.11,118110
2025-05-30,19.07,19.165,19.07,19.145,21709
2025-06-02,19.11,19.16,19.09,19.11,166459
2025-06-03,19.09,19.11,19.025,19.025,31104
2025-06-04,19.06,19.12,19.02,19.095,57913
2025-06-05,19.02,19.13,19.02,19.13,25198
2025-06-06,19.03,19.03,18.91,18.93,28112
2025-06-09,18.81,18.92,18.76,18.84,61258
2025-06-10,18.94,18.98,18.85,18.88,16745
2025-06-11,18.87,18.88,18.84,18.84,27413
2025-06-12,18.89,18.9,18.83,18.85,34918
2025-06-13,18.81,18.84,18.73,18.75,80293
2025-06-16,18.75,18.8,18.665,18.67,29180
2025-06-17,18.77,18.77,18.69,18.71,26868
2025-06-18,18.77,18.87,18.76,18.83,16427
2025-06-19,18.89,18.9,18.84,18.85,21013
2025-06-20,18.86,18.95,18.83,18.92,45742
2025-06-23,19.01,19.13,18.975,19,62111
2025-06-24,18.86,19.05,18.86,19.01,25754
2025-06-25,18.78,18.83,18.75,18.79,102709
2025-06-26,18.78,18.86,18.76,18.82,36108
2025-06-27,18.79,18.99,18.76,18.88,46653
2025-06-30,18.98,19.05,18.94,19.04,53152
2025-07-02,18.82,18.85,18.77,18.83,54518
2025-07-03,18.78,18.84,18.76,18.78,43402
2025-07-04,18.88,18.93,18.81,18.85,23900
2025-07-07,18.74,18.75,18.68,18.71,60437
2025-07-08,18.62,18.66,18.61,18.66,39269
2025-07-09,18.66,18.79,18.66,18.76,29293
2025-07-10,18.75,18.75,18.66,18.69,64312
2025-07-11,18.56,18.57,18.46,18.49,91846
2025-07-14,18.42,18.45,18.37,18.44,65651
2025-07-15,18.38,18.38,18.2,18.24,115194
2025-07-16,18.3,18.34,18.16,18.25,279629
2025-07-17,18.28,18.31,18.25,18.28,101859
2025-07-18,18.3,18.33,18.245,18.245,42483
2025-07-21,18.38,18.45,18.38,18.4,28158
2025-07-22,18.42,18.49,18.42,18.46,13626
2025-07-23,18.42,18.42,18.31,18.32,49570
2025-07-24,18.26,18.37,18.25,18.34,22657
2025-07-25,18.36,18.45,18.36,18.45,37132
2025-07-28,18.36,18.37,18.31,18.33,45067
2025-07-29,18.33,18.5,18.33,18.49,54961
2025-07-30,18.43,18.5,18.41,18.46,46993
2025-07-31,18.52,18.58,18.51,18.57,23847
2025-08-01,18.67,18.725,18.66,18.7,58195
2025-08-05,18.7,18.72,18.68,18.69,43241
2025-08-06,18.65,18.69,18.6,18.65,19668
2025-08-07,18.62,18.71,18.615,18.62,15754
2025-08-08,18.64,18.67,18.63,18.63,18396
2025-08-11,18.7,18.7,18.6,18.6,8688
2025-08-12,18.52,18.52,18.44,18.48,65539
2025-08-13,18.52,18.6,18.52,18.59,26697
2025-08-14,18.55,18.55,18.48,18.48,36041
2025-08-15,18.41,18.43,18.38,18.39,50349
2025-08-18,18.37,18.37,18.28,18.28,41386
2025-08-19,18.31,18.4,18.31,18.38,53375
2025-08-20,18.35,18.43,18.35,18.41,23148
2025-08-21,18.38,18.38,18.3,18.32,46163
2025-08-22,18.37,18.46,18.37,18.41,56117
2025-08-25,18.3,18.35,18.29,18.33,42577
2025-08-26,18.25,18.29,18.22,18.27,34312
2025-08-27,18.2,18.265,18.165,18.265,41154
2025-08-28,18.25,18.35,18.25,18.32,31932
2025-08-29,18.36,18.45,18.35,18.44,9178
2025-09-02,18.22,18.29,18.21,18.25,29523
2025-09-03,18.26,18.39,18.26,18.35,16004
2025-09-04,18.46,18.48,18.41,18.48,49102
2025-09-05,18.64,18.67,18.61,18.66,86908
2025-09-08,18.78,18.87,18.78,18.87,84955
2025-09-09,18.87,18.9,18.8,18.84,47644
2025-09-10,18.91,19.03,18.9,18.97,55593
2025-09-11,19.02,19.07,19,19.05,20621
2025-09-12,19.01,19.03,18.96,19.03,25521
2025-09-15,19.03,19.09,19.03,19.08,52862
2025-09-16,19.06,19.13,19.06,19.12,26405
2025-09-17,19.16,19.2,19.03,19.075,36040
2025-09-18,19.04,19.09,18.97,19.05,113165
2025-09-19,19.06,19.07,19.01,19.03,16375
2025-09-22,19.02,19.03,18.97,18.99,38895
2025-09-23,19.01,19.03,18.96,18.99,36284
2025-09-24,18.87,18.92,18.85,18.89,19625
2025-09-25,18.91,18.91,18.84,18.87,10842
2025-09-26,18.89,18.92,18.86,18.88,28081
2025-09-29,18.97,19.05,18.97,19.01,16310
2025-09-30,18.99,19.04,18.99,19.02,15938
2025-10-01,19.03,19.05,18.94,18.95,19195
2025-10-02,18.95,19.02,18.95,18.97,21792
2025-10-03,18.99,19.01,18.95,18.965,13415
2025-10-06,18.86,18.89,18.85,18.85,16269
2025-10-07,18.85,18.91,18.8,18.87,24875
2025-10-08,18.93,18.93,18.86,18.86,20791
2025-10-09,18.88,18.91,18.85,18.87,8820
2025-10-10,18.94,18.985,18.88,18.98,14494
2025-10-14,19.02,19.09,18.99,19.07,48074
2025-10-15,19.11,19.19,19.11,19.13,92085
2025-10-16,19.14,19.24,19.14,19.21,39919
2025-10-17,19.23,19.24,19.19,19.23,21811
2025-10-20,19.28,19.32,19.28,19.3,36559
2025-10-21,19.34,19.35,19.26,19.28,63336
2025-10-22,19.32,19.32,19.25,19.3,10389
2025-10-23,19.23,19.28,19.2,19.205,23360
2025-10-24,19.31,19.31,19.27,19.27,23051
2025-10-27,19.3,19.39,19.28,19.39,29256
2025-10-28,19.37,19.41,19.36,19.4,27886
2025-10-29,19.33,19.33,19.16,19.16,85608
2025-10-30,19.2,19.26,19.16,19.23,23422
2025-10-31,19.2,19.25,19.19,19.225,18305
2025-11-03,19.19,19.22,19.14,19.16,47064
2025-11-04,19.18,19.2,19.12,19.135,46092
2025-11-05,19.22,19.22,19.18,19.18,20979
2025-11-06,19.23,19.32,19.23,19.3,25477
2025-11-07,19.16,19.24,19.16,19.18,33014
2025-11-10,19.18,19.22,19.17,19.2,66201
2025-11-11,19.21,19.23,19.19,19.23,19470
2025-11-12,19.22,19.31,19.22,19.26,22872
2025-11-13,19.22,19.25,19.165,19.165,14049
2025-11-14,19.16,19.16,19.075,19.075,32978
2025-11-17,19.07,19.1,19.04,19.05,31078
2025-11-18,19.04,19.06,18.94,18.98,51447
2025-11-19,19,19,18.88,18.91,19213
2025-11-20,18.89,19,18.89,18.95,31056
2025-11-21,19.02,19.02,18.96,19.02,31575
2025-11-24,19.04,19.09,19.03,19.08,35064
2025-11-25,19.1,19.2,19.1,19.15,29203
2025-11-26,19.18,19.24,19.12,19.23,34556
2025-11-27,19.24,19.27,19.24,19.27,17745
2025-11-28,19.23,19.26,19.2,19.23,35144
2025-12-01,19.08,19.12,19,19,52530
2025-12-02,18.98,19.02,18.95,18.99,18851
2025-12-03,19,19.03,18.98,19,42167
2025-12-04,18.96,18.96,18.87,18.89,43160
2025-12-05,18.66,18.66,18.55,18.6,148855
2025-12-08,18.51,18.63,18.48,18.62,51532
2025-12-09,18.56,18.58,18.5,18.56,65755
2025-12-10,18.53,18.64,18.53,18.61,56265
2025-12-11,18.65,18.69,18.62,18.62,32467
2025-12-12,18.6,18.6,18.54,18.56,40881
2025-12-15,18.67,18.69,18.63,18.65,42458
2025-12-16,18.54,18.69,18.54,18.67,20286
2025-12-17,18.6,18.63,18.6,18.6,25662
2025-12-18,18.61,18.62,18.57,18.585,27229
2025-12-19,18.56,18.59,18.51,18.52,63475
2025-12-22,18.55,18.55,18.485,18.53,56753
2025-12-23,18.56,18.68,18.56,18.67,51450
2025-12-24,18.68,18.74,18.68,18.74,12159
2025-12-29,18.72,18.75,18.7,18.75,31939
2025-12-30,18.65,18.65,18.59,18.61,37526
2025-12-31,18.62,18.62,18.56,18.59,25979
2026-01-02,18.54,18.54,18.43,18.44,39276
2026-01-05,18.44,18.56,18.44,18.53,41807
2026-01-06,18.48,18.52,18.45,18.52,55460
2026-01-07,18.64,18.7,18.62,18.645,118341
2026-01-08,18.58,18.66,18.58,18.65,16677
2026-01-09,18.68,18.74,18.64,18.72,24301
2026-01-12,18.67,18.69,18.65,18.675,48593
2026-01-13,18.67,18.67,18.6,18.63,19182
2026-01-14,18.64,18.75,18.64,18.75,33880
2026-01-15,18.79,18.83,18.77,18.79,53942
2026-01-16,18.78,18.85,18.78,18.79,32928
2026-01-19,18.7,18.75,18.7,18.73,17424
2026-01-20,18.63,18.67,18.6,18.61,24480
2026-01-21,18.58,18.68,18.57,18.66,28313
2026-01-22,18.69,18.76,18.69,18.75,15758
2026-01-23,18.71,18.76,18.67,18.74,14361
2026-01-26,18.85,18.9,18.84,18.85,38543
2026-01-27,18.76,18.76,18.66,18.66,54850
2026-01-28,18.66,18.69,18.64,18.69,31601
2026-01-29,18.62,18.74,18.62,18.7,42294
2026-01-30,18.66,18.7,18.64,18.66,39583
2026-02-02,18.64,18.68,18.6,18.66,43031
2026-02-03,18.62,18.66,18.62,18.66,19184
2026-02-04,18.62,18.7,18.62,18.67,19079
2026-02-05,18.63,18.745,18.63,18.74,35143
2026-02-06,18.75,18.75,18.69,18.71,20276
2026-02-09,18.67,18.77,18.67,18.76,98473
2026-02-10,18.76,18.84,18.76,18.8,25763
2026-02-11,18.79,18.9,18.79,18.86,50153
2026-02-12,18.9,18.96,18.9,18.935,30223
2026-02-13,18.99,19.05,18.96,19,70858
2026-02-17,19.07,19.1,19.04,19.05,28873
2026-02-18,19.03,19.06,18.99,19.02,30625
2026-02-19,19.03,19.03,18.97,18.99,21822
2026-02-20,19.02,19.04,18.99,19.02,31599
2026-02-23,19.06,19.1,19.03,19.07,21624
2026-02-24,19.05,19.05,19.02,19.04,12649
2026-02-25,19.03,19.04,18.99,18.995,21683
2026-02-26,19.03,19.1,19.03,19.09,20049
2026-02-27,19.1,19.12,19.08,19.12,43684
2026-03-02,19,19,18.91,18.94,45152
2026-03-03,18.77,18.91,18.715,18.89,22092
2026-03-04,18.89,18.915,18.87,18.87,24619
2026-03-05,18.74,18.775,18.7,18.71,41614
2026-03-06,18.6,18.64,18.56,18.56,76936
2026-03-09,18.47,18.66,18.42,18.65,69956
2026-03-10,18.59,18.72,18.59,18.59,27868
2026-03-11,18.55,18.55,18.4,18.41,58545
2026-03-12,18.38,18.38,18.26,18.28,35008
2026-03-13,18.38,18.42,18.25,18.29,121136
2026-03-16,18.46,18.46,18.355,18.45,147958
2026-03-17,18.5,18.57,18.5,18.53,76908
2026-03-18,18.54,18.55,18.43,18.43,82006
2026-03-19,18.41,18.55,18.39,18.51,94106