time,open,high,low,close,Volume
813189600,385.5,385.5,384.79998779,385.5,0
813276000,385.79998779,386.3999939,385.3999939,385.3999939,0
813362400,385.1000061,385.1000061,385.1000061,385.1000061,0
813448800,385.1000061,385.1000061,384.79998779,384.79998779,0
813535200,384.20001221,384.20001221,384.20001221,384.20001221,0
813794400,383.8999939,383.8999939,383.8999939,383.8999939,0
813880800,383.79998779,383.79998779,383.79998779,383.79998779,0
813967200,383.70001221,383.70001221,383.70001221,383.70001221,0
814053600,381.6000061,381.6000061,381.6000061,381.6000061,0
814140000,382.29998779,382.29998779,382.29998779,382.29998779,0
814399200,383,383,383,383,0
814485600,382.6000061,382.6000061,382.6000061,382.6000061,0
814572000,383.70001221,383.70001221,382.8999939,383.1000061,0
814658400,382.8999939,382.8999939,382.8999939,382.8999939,0
814744800,382.6000061,382.6000061,382.6000061,382.6000061,0
815007600,382.5,382.5,382.5,382.5,0
815094000,383,383,383,383,0
815180400,382.5,382.5,382.5,382.5,0
815266800,382.8999939,382.8999939,382.8999939,382.8999939,0
815353200,382.3999939,382.3999939,382.3999939,382.3999939,0
815612400,382.3999939,382.3999939,382.3999939,382.3999939,0
815698800,385.3999939,385.3999939,385.3999939,385.3999939,0
815785200,385.1000061,385.1000061,385.1000061,385.1000061,0
815871600,386.29998779,386.29998779,386.29998779,386.29998779,0
815958000,389.6000061,389.6000061,389.6000061,389.6000061,0
816217200,387.20001221,387.20001221,387.20001221,387.20001221,0
816303600,385.70001221,385.70001221,385.70001221,385.70001221,0
816390000,384.8999939,384.8999939,384.8999939,384.8999939,0
816476400,385.70001221,385.70001221,385.70001221,385.70001221,0
816562800,387,387,387,387,0
816822000,386.6000061,386.6000061,386.6000061,386.6000061,0
816908400,385.6000061,385.6000061,385.6000061,385.6000061,0
816994800,384,384,381.79998779,381.79998779,0
817081200,381.79998779,381.79998779,381.79998779,381.79998779,0
817426800,384.70001221,384.70001221,384.70001221,384.70001221,0
817513200,388.79998779,388.79998779,388.79998779,388.79998779,0
817599600,387.79998779,389,387.1000061,387.79998779,0
817686000,388.79998779,388.79998779,386.70001221,387.20001221,0
817772400,387.6000061,387.79998779,385.79998779,386.1000061,0
818031600,387,387,385.70001221,386,0
818118000,386.1000061,387.6000061,386.1000061,387.3999939,0
818204400,388,390,387.79998779,388.8999939,0
818290800,389.6000061,390.5,388,389,0
818377200,389,389.79998779,389,389.79998779,0
818636400,390.5,390.5,388.5,388.5,0
818722800,388.5,389.1000061,388.5,388.5,0
818809200,388,388.3999939,386.5,386.5,0
818895600,385.79998779,386.3999939,385.5,386,0
818982000,385.6000061,386.6000061,385.6000061,386.3999939,0
819241200,387.5,387.79998779,387,387.6000061,0
819327600,388.20001221,388.3999939,387.70001221,387.70001221,0
819414000,388.5,388.5,388,388.5,0
819500400,388.79998779,388.79998779,387.79998779,387.8999939,0
819586800,387.1000061,387.5,387.1000061,387.3999939,0
819932400,388.6000061,388.6000061,388,388,0
820018800,387.8999939,388.20001221,387.5,387.5,0
820105200,387.1000061,387.1000061,387.1000061,387.1000061,0
820191600,387.6000061,387.6000061,387.6000061,387.6000061,0
820450800,387.6000061,387.6000061,387.6000061,387.6000061,0
820537200,387.3999939,387.3999939,387.3999939,387.3999939,0
820623600,395.5,395.5,395.5,395.5,0
820710000,394.70001221,394.70001221,394.70001221,394.70001221,0
820796400,395.79998779,395.79998779,395.79998779,395.79998779,0
821055600,395.79998779,395.79998779,395.79998779,395.79998779,0
821142000,396.20001221,396.20001221,396.20001221,396.20001221,0
821228400,400.79998779,400.79998779,400.79998779,400.79998779,0
821314800,398.79998779,398.79998779,398.79998779,398.79998779,0
821401200,396.20001221,396.20001221,396.20001221,396.20001221,0
821660400,395.70001221,395.70001221,395.70001221,395.70001221,0
821746800,398.5,398.5,398.5,398.5,0
821833200,399.70001221,399.70001221,399.70001221,399.70001221,0
821919600,397.3999939,397.3999939,397.3999939,397.3999939,0
822006000,399.70001221,399.70001221,399.70001221,399.70001221,0
822265200,403.3999939,403.3999939,403.3999939,403.3999939,0
822351600,403.5,403.5,403.5,403.5,0
822438000,404.20001221,404.20001221,402,403.3999939,0
822524400,406.6000061,406.6000061,406.6000061,406.6000061,0
822610800,405.79998779,405.79998779,405.79998779,405.79998779,0
822870000,405.79998779,405.79998779,405.79998779,405.79998779,0
822956400,405.8999939,407.29998779,402.79998779,404.1000061,0
823042800,403.79998779,406.5,402.1000061,405.6000061,0
823129200,406.79998779,411.5,406.20001221,410.79998779,0
823215600,412.1000061,417.5,411.5,414.70001221,0
823474800,414.5,415,412.79998779,413,0
823561200,415,415,410.1000061,412,0
823647600,414.5,416,407.5,408.8999939,0
823734000,409.20001221,409.20001221,407.6000061,409.1000061,0
823820400,409,409.20001221,405,405.6000061,0
824079600,404.5,405.3999939,400.5,401.20001221,0
824166000,404,404,402.5,403,0
824252400,398.1000061,404.5,398.1000061,404.20001221,0
824338800,404.70001221,405.29998779,403,403.3999939,0
824425200,405.5,405.5,405.5,405.5,0
824770800,402,402,398.5,399.1000061,0
824857200,398,401.5,396.5,401.5,0
824943600,400.5,400.5,400.5,400.5,0
825030000,401.5,401.5,397.5,398.3999939,0
825289200,400,400,399.1000061,399.29998779,0
825375600,398.5,399.8999939,398.5,398.5,0
825462000,397.29998779,399.8999939,397.29998779,399.8999939,0
825548400,399.8999939,399.8999939,399.8999939,399.8999939,0
825634800,398.8999939,398.8999939,398.8999939,398.8999939,0
825894000,392.5,393.8999939,392.5,393.8999939,0
825980400,393.29998779,393.29998779,393.29998779,393.29998779,0
826066800,393.20001221,393.20001221,393.20001221,393.20001221,0
826153200,395.29998779,395.29998779,395.29998779,395.29998779,0
826239600,397.1000061,397.1000061,397.1000061,397.1000061,0
826498800,395.70001221,395.70001221,395.70001221,395.70001221,0
826585200,396.5,396.5,396.5,396.5,0
826671600,396,396.79998779,396,396.79998779,0
826758000,395.70001221,395.70001221,395.70001221,395.70001221,0
826844400,396.20001221,396.20001221,396.20001221,396.20001221,0
827103600,395.70001221,395.70001221,395.70001221,395.70001221,0
827190000,395.3999939,395.3999939,395.3999939,395.3999939,0
827276400,396,396,396,396,0
827362800,398.29998779,398.29998779,398.29998779,398.29998779,0
827449200,398.6000061,398.6000061,398.6000061,398.6000061,0
827708400,398.79998779,398.79998779,398.79998779,398.79998779,0
827794800,400.3999939,400.3999939,400.3999939,400.3999939,0
827881200,400.3999939,400.3999939,400.3999939,400.3999939,0
827967600,400.29998779,400.79998779,396.5,396.8999939,0
828054000,396.5,397.5,394,395.79998779,0
828313200,395.29998779,395.70001221,394.29998779,395.1000061,0
828399600,394.6000061,395.1000061,393,394,0
828486000,393.70001221,395.79998779,393.70001221,394.29998779,0
828572400,394.20001221,395,393.29998779,395,0
828914400,396,397.5,395,397.5,0
829000800,397.6000061,398,393.79998779,394.6000061,0
829087200,394.3999939,395.20001221,393.79998779,395,0
829173600,395.8999939,396.29998779,394,395.79998779,0
829260000,394.8999939,394.8999939,393.79998779,394.6000061,0
829519200,393.6000061,393.6000061,392.20001221,393,0
829605600,393.3999939,393.79998779,390,391,0
829692000,391.29998779,391.5,390.5,390.6000061,0
829778400,390.5,391.70001221,389.8999939,390.29998779,0
829864800,390.5,391,389.70001221,390.6000061,0
830124000,391.20001221,391.3999939,391.20001221,391.3999939,0
830210400,393.20001221,393.20001221,391.3999939,391.3999939,0
830296800,391,391,390.20001221,390.6000061,0
830383200,393.1000061,394.29998779,393.1000061,393.29998779,0
830469600,392.29998779,392.29998779,390.79998779,390.79998779,0
830728800,390.79998779,390.79998779,390.79998779,390.79998779,0
830815200,391.8999939,391.8999939,391.8999939,391.8999939,0
830901600,393.29998779,393.29998779,393.29998779,393.29998779,0
830988000,394.1000061,394.1000061,394.1000061,394.1000061,0
831074400,392.5,392.5,392.5,392.5,0
831333600,394.1000061,394.1000061,394.1000061,394.1000061,0
831420000,394.20001221,394.20001221,394.20001221,394.20001221,0
831506400,393.3999939,393.3999939,393.3999939,393.3999939,0
831592800,393.20001221,393.20001221,393.20001221,393.20001221,0
831679200,390.79998779,390.79998779,390.79998779,390.79998779,0
831938400,391.5,391.5,391.5,391.5,0
832024800,391.70001221,391.70001221,391.70001221,391.70001221,0
832111200,392.6000061,392.6000061,392.6000061,392.6000061,0
832197600,392.6000061,392.6000061,392.6000061,392.6000061,0
832284000,392.20001221,392.20001221,392.20001221,392.20001221,0
832543200,390.6000061,390.6000061,390.6000061,390.6000061,0
832629600,390.70001221,390.70001221,390.70001221,390.70001221,0
832716000,391.5,391.5,391.5,391.5,0
832802400,391.3999939,391.3999939,391.3999939,391.3999939,0
832888800,390.6000061,390.6000061,390.6000061,390.6000061,0
833234400,391.29998779,391.70001221,391.29998779,391.3999939,0
833320800,391.20001221,391.20001221,391.20001221,391.20001221,0
833407200,391,391.6000061,390.20001221,390.5,0
833493600,389.5,392,389.5,390.8999939,0
833752800,390.79998779,391,389.8999939,390.20001221,0
833839200,390.1000061,390.29998779,387,387.5,0
833925600,387.79998779,387.79998779,385.70001221,385.79998779,0
834012000,385,385.6000061,383.70001221,385.5,0
834098400,385.8999939,387,384.79998779,384.79998779,0
834357600,384.8999939,386,384.8999939,385.70001221,0
834444000,385.5,385.5,383.20001221,384.20001221,0
834530400,385,385,384,384.29998779,0
834616800,384.70001221,384.8999939,384.29998779,384.29998779,0
834703200,383,384.1000061,383,384.1000061,0
834962400,385,385,384.29998779,385,0
835048800,384,385,384,385,0
835135200,385.8999939,386.3999939,384.5,384.5,0
835221600,384.29998779,384.3999939,383.79998779,384.20001221,0
835308000,382.5,383.6000061,382.5,383.6000061,0
835567200,383.70001221,384,383.70001221,384,0
835653600,385.5,385.5,384.20001221,384.20001221,0
835740000,384.1000061,384.1000061,384.1000061,384.1000061,0
835826400,382.29998779,382.29998779,382.29998779,382.29998779,0
835912800,380.1000061,380.1000061,380.1000061,380.1000061,0
836172000,381.29998779,381.29998779,381.29998779,381.29998779,0
836258400,382.29998779,382.29998779,382.29998779,382.29998779,0
836344800,381.5,381.5,381.5,381.5,0
836776800,381.20001221,381.20001221,381.20001221,381.20001221,0
836863200,382.70001221,382.70001221,382.70001221,382.70001221,0
836949600,382.6000061,382.6000061,382.6000061,382.6000061,0
837036000,384,384,384,384,0
837122400,383.8999939,383.8999939,383.8999939,383.8999939,0
837381600,385.20001221,385.20001221,385.20001221,385.20001221,0
837468000,383.79998779,383.79998779,383.79998779,383.79998779,0
837554400,383.70001221,383.70001221,383.70001221,383.70001221,0
837640800,384.20001221,384.20001221,384.20001221,384.20001221,0
837727200,385,385,385,385,0
837986400,385.20001221,385.20001221,385.20001221,385.20001221,0
838072800,385.20001221,385.20001221,385.20001221,385.20001221,0
838159200,386.1000061,386.1000061,386.1000061,386.1000061,0
838245600,385.6000061,385.6000061,385.6000061,385.6000061,0
838332000,385.70001221,385.70001221,385.70001221,385.70001221,0
838591200,385,385,385,385,0
838677600,385,386,384,384.3999939,0
838764000,384.20001221,388,384.20001221,387.5,0
838850400,387.6000061,387.6000061,386,386.3999939,0
838936800,386.3999939,387.79998779,386.29998779,387.6000061,0
839196000,388.3999939,390.5,388.3999939,389.3999939,0
839282400,388.8999939,389.3999939,388.5,388.79998779,0
839368800,388.3999939,388.79998779,388.3999939,388.6000061,0
839455200,388.3999939,388.3999939,388,388.3999939,0
839541600,388.79998779,388.79998779,387.79998779,387.8999939,0
839800800,388,388.5,387.5,388,0
839887200,387.70001221,387.79998779,387.6000061,387.79998779,0
839973600,387.5,387.70001221,386.70001221,386.70001221,0
840060000,386.5,386.6000061,386.5,386.6000061,0
840146400,386,386,386,386,0
840405600,386.3999939,387.6000061,386.3999939,387.29998779,0
840492000,387.8999939,387.8999939,387.29998779,387.79998779,0
840578400,387.6000061,387.70001221,387,387,0
840664800,387,387,387,387,0
840751200,387.5,388.8999939,387.5,388.29998779,0
841010400,388.79998779,389.6000061,388.79998779,389.6000061,0
841096800,389.5,389.5,389.3999939,389.3999939,0
841183200,389.8999939,389.8999939,389.1000061,389.1000061,0
841269600,388.29998779,388.29998779,388.29998779,388.29998779,0
841356000,386.8999939,386.8999939,386.8999939,386.8999939,0
841701600,386.20001221,386.20001221,386.20001221,386.20001221,0
841788000,385.3999939,385.3999939,385.3999939,385.3999939,0
841874400,386.20001221,386.20001221,386.20001221,386.20001221,0
841960800,384.8999939,384.8999939,384.8999939,384.8999939,0
842220000,386.29998779,386.29998779,386.29998779,386.29998779,0
842306400,383.1000061,383.1000061,383.1000061,383.1000061,0
842392800,383,383,383,383,0
842479200,382.29998779,382.29998779,382.29998779,382.29998779,0
842565600,382.29998779,382.29998779,382.29998779,382.29998779,0
842824800,383.1000061,383.1000061,383.1000061,383.1000061,0
842911200,382.79998779,382.79998779,382.79998779,382.79998779,0
842997600,383,383,383,383,0
843084000,382.29998779,382.29998779,382.29998779,382.29998779,0
843170400,380.79998779,380.79998779,380.79998779,380.79998779,0
843429600,381.29998779,381.29998779,381.29998779,381.29998779,0
843516000,382.6000061,382.6000061,382.6000061,382.6000061,0
843602400,381.5,381.5,381.5,381.5,0
843688800,380.70001221,380.70001221,380.70001221,380.70001221,0
843775200,379.70001221,380.6000061,379.20001221,379.70001221,0
844034400,379.70001221,379.79998779,377.20001221,377.70001221,0
844120800,377.29998779,378.5,377,378.1000061,0
844207200,378.6000061,379.20001221,378.3999939,379.20001221,0
844293600,378.5,379.6000061,378.5,379.6000061,0
844380000,380.29998779,380.6000061,380.20001221,380.20001221,0
844639200,379.70001221,379.70001221,379.70001221,379.70001221,0
844725600,381.5,381.5,380.6000061,381,0
844812000,381,381,381,381,0
844898400,381.3999939,381.3999939,381.29998779,381.3999939,0
844984800,381.79998779,381.79998779,380.70001221,381.1000061,0
845244000,380.79998779,380.79998779,380.79998779,380.79998779,0
845330400,381.1000061,381.1000061,381.1000061,381.1000061,0
845416800,382,382,381.3999939,381.3999939,0
845503200,379.8999939,380,379.8999939,380,0
845589600,380.1000061,380.1000061,380.1000061,380.1000061,0
845848800,381.8999939,381.8999939,381.8999939,381.8999939,0
845935200,384.20001221,384.20001221,384.20001221,384.20001221,0
846021600,384,384,384,384,0
846108000,383.5,383.5,383.5,383.5,0
846194400,383,383,382.79998779,383,0
846457200,383.70001221,383.70001221,383.20001221,383.20001221,0
846543600,380.3999939,380.3999939,380.3999939,380.3999939,0
846630000,380.20001221,380.20001221,380.20001221,380.20001221,0
846716400,378.1000061,378.1000061,378.1000061,378.1000061,0
846802800,378.29998779,378.29998779,378.29998779,378.29998779,0
847062000,378.70001221,378.70001221,378.70001221,378.70001221,0
847148400,378.79998779,378.79998779,378.79998779,378.79998779,0
847234800,377.8999939,377.8999939,377.8999939,377.8999939,0
847321200,379,379,379,379,0
847407600,379.8999939,379.8999939,379.8999939,379.8999939,0
847666800,382.29998779,382.29998779,382.29998779,382.29998779,0
847753200,382.8999939,382.8999939,382.8999939,382.8999939,0
847839600,383.70001221,383.70001221,383.70001221,383.70001221,0
847926000,381.3999939,381.3999939,381.3999939,381.3999939,0
848012400,380.79998779,380.79998779,380.79998779,380.79998779,0
848271600,379.3999939,379.3999939,379.3999939,379.3999939,0
848358000,378.20001221,378.20001221,378.20001221,378.20001221,0
848444400,378.8999939,378.8999939,378.8999939,378.8999939,0
848530800,376.3999939,376.3999939,376.3999939,376.3999939,0
848617200,376.20001221,376.20001221,376.20001221,376.20001221,0
848876400,374.5,374.5,374.5,374.5,0
848962800,374.5,374.5,374.5,374.5,0
849049200,374.5,375.29998779,372.5,373,0
849481200,371.20001221,371.20001221,368.5,368.8999939,0
849567600,368.79998779,369.1000061,366,368.5,0
849654000,368.6000061,371.70001221,368.6000061,370.70001221,0
849740400,368.79998779,372.20001221,368.79998779,371.29998779,0
849826800,373.29998779,373.5,369.8999939,369.8999939,0
850086000,369.1000061,369.29998779,367.8999939,368,0
850172400,368.1000061,368.79998779,368.1000061,368.70001221,0
850258800,369.20001221,369.3999939,368.20001221,368.79998779,0
850345200,368,368.79998779,368,368.79998779,0
850431600,369.5,369.5,368.20001221,368.6000061,0
850690800,368.6000061,368.6000061,367.70001221,368.3999939,0
850777200,368.5,369.5,368.5,369.20001221,0
850863600,370,370.5,370,370,0
850950000,370.5,370.5,370,370,0
851036400,369.5,370.29998779,369.5,369.5,0
851295600,369.70001221,370,369.1000061,369.3999939,0
851382000,369.3999939,369.3999939,369.3999939,369.3999939,0
851554800,369.8999939,370.20001221,369.70001221,369.8999939,0
851641200,370.5,370.5,369,369.79998779,0
851900400,370.29998779,370.29998779,370.29998779,370.29998779,0
851986800,368.29998779,368.29998779,368.29998779,368.29998779,0
852159600,365.70001221,365.70001221,365.70001221,365.70001221,0
852246000,361.1000061,361.1000061,361.1000061,361.1000061,0
852505200,357.79998779,357.79998779,357.79998779,357.79998779,0
852591600,358.79998779,358.79998779,358.79998779,358.79998779,0
852678000,355.79998779,355.79998779,355.79998779,355.79998779,0
852764400,357.79998779,357.79998779,357.79998779,357.79998779,0
852850800,359.20001221,359.20001221,359.20001221,359.20001221,0
853110000,358.70001221,358.70001221,358.70001221,358.70001221,0
853196400,353.70001221,353.70001221,353.70001221,353.70001221,0
853282800,353.70001221,353.70001221,353.70001221,353.70001221,0
853369200,354.29998779,354.29998779,354.29998779,354.29998779,0
853455600,355.70001221,355.70001221,355.70001221,355.70001221,0
853714800,354.1000061,354.1000061,354.1000061,354.1000061,0
853801200,353.29998779,353.29998779,353.29998779,353.29998779,0
853887600,351.20001221,351.20001221,351.20001221,351.20001221,0
853974000,352.1000061,352.1000061,352.1000061,352.1000061,0
854060400,353.1000061,353.1000061,353.1000061,353.1000061,0
854319600,357.1000061,357.1000061,357.1000061,357.1000061,0
854406000,353.8999939,353.8999939,353.8999939,353.8999939,0
854492400,351.79998779,351.79998779,351.79998779,351.79998779,0
854578800,351.6000061,351.6000061,346,346.20001221,0
854665200,346.20001221,347.29998779,344.20001221,344.8999939,0
854924400,345.3999939,347.70001221,344.29998779,347.3999939,0
855010800,347.6000061,348.20001221,345.3999939,345.6000061,0
855097200,345.3999939,345.8999939,343.8999939,345.6000061,0
855183600,344.70001221,344.79998779,344.1000061,344.29998779,0
855270000,344.29998779,344.29998779,339.5,343.29998779,0
855529200,342.5,343,342.29998779,342.5,0
855615600,341.29998779,341.5,340.1000061,341.29998779,0
855702000,338.5,347.3999939,338.5,344.8999939,0
855788400,344.8999939,344.8999939,343,343,0
855874800,344.5,348,344.5,346.3999939,0
856220400,348.29998779,348.70001221,346.79998779,347.5,0
856306800,348.79998779,348.79998779,347.70001221,347.70001221,0
856393200,347.20001221,353,346.70001221,352.3999939,0
856479600,353.70001221,354.79998779,353.6000061,354.1000061,0
856738800,355.20001221,355.5,354.6000061,355.20001221,0
856825200,354.70001221,355.5,354.29998779,355.5,0
856911600,355.3999939,357.1000061,355.3999939,356,0
856998000,360.6000061,360.6000061,360.6000061,360.6000061,0
857084400,359.5,359.5,359.5,359.5,0
857343600,363.3999939,363.3999939,363.3999939,363.3999939,0
857430000,360.1000061,360.1000061,360.1000061,360.1000061,0
857516400,354,354,354,354,0
857602800,353.20001221,353.20001221,353.20001221,353.20001221,0
857689200,349.5,349.5,349.5,349.5,0
857948400,352.70001221,352.70001221,352.70001221,352.70001221,0
858034800,354.70001221,354.70001221,354.70001221,354.70001221,0
858121200,352.79998779,352.79998779,352.79998779,352.79998779,0
858207600,354.1000061,354.1000061,354.1000061,354.1000061,0
858294000,352.6000061,352.6000061,352.6000061,352.6000061,0
858553200,347.8999939,347.8999939,347.8999939,347.8999939,0
858639600,349.8999939,349.8999939,349.8999939,349.8999939,0
858726000,352.3999939,352.3999939,352.3999939,352.3999939,0
858812400,351.70001221,351.70001221,351.70001221,351.70001221,0
858898800,353,353,353,353,0
859158000,350.3999939,350.3999939,350.3999939,350.3999939,0
859244400,347.70001221,347.70001221,347.70001221,347.70001221,0
859330800,346,347.5,346,347.5,0
859417200,351.5,351.5,348.5,350.20001221,0
859762800,350.5,352.3999939,348.1000061,351,0
859849200,351.6000061,351.6000061,349.20001221,351.6000061,0
859935600,351.8999939,351.8999939,348.79998779,349.20001221,0
860022000,348.5,349.8999939,347.3999939,348.5,0
860108400,349,349,347.20001221,348.79998779,0
860364000,347.79998779,349.1000061,347.20001221,348.3999939,0
860450400,349.29998779,349.5,348.20001221,348.6000061,0
860536800,348,348.70001221,347.20001221,348,0
860623200,348,348,348,348,0
860709600,349,349,345.3999939,347,0
860968800,346.8999939,347,346.5,346.5,0
861055200,342.20001221,343.29998779,340,341.70001221,0
861141600,340,341,337,341,0
861228000,340.70001221,343.79998779,340.5,342.1000061,0
861314400,342.5,343.1000061,341.79998779,341.79998779,0
861573600,342.5,343.29998779,342.3999939,343.29998779,0
861660000,343.6000061,343.6000061,341.6000061,341.6000061,0
861746400,341,341.70001221,341,341.5,0
861832800,341,341.3999939,341,341,0
861919200,343.5,343.5,342.20001221,342.3999939,0
862178400,341.70001221,341.79998779,340.20001221,340.20001221,0
862264800,340.3999939,340.3999939,340.3999939,340.3999939,0
862351200,340,340,340,340,0
862437600,340.3999939,340.3999939,340.3999939,340.3999939,0
862524000,340.29998779,340.29998779,340.29998779,340.29998779,0
862783200,342.3999939,342.3999939,342.3999939,342.3999939,0
862869600,340.20001221,340.20001221,340.20001221,340.20001221,0
862956000,341.20001221,341.20001221,341.20001221,341.20001221,0
863042400,343.79998779,343.79998779,343.79998779,343.79998779,0
863128800,348.29998779,348.29998779,348.29998779,348.29998779,0
863388000,347.70001221,347.70001221,347.70001221,347.70001221,0
863474400,349.5,349.5,349.5,349.5,0
863560800,347.20001221,347.20001221,347.20001221,347.20001221,0
863647200,347.3999939,347.3999939,347.3999939,347.3999939,0
863733600,343.8999939,343.8999939,343.8999939,343.8999939,0
863992800,342.5,342.5,340.20001221,341.20001221,0
864079200,342.70001221,342.70001221,342.70001221,342.70001221,0
864165600,343.1000061,343.1000061,343.1000061,343.1000061,0
864252000,342.79998779,342.79998779,342.79998779,342.79998779,0
864338400,342.79998779,342.79998779,342.79998779,342.79998779,0
864684000,344.5,344.5,344.5,344.5,0
864770400,345.29998779,345.29998779,345.29998779,345.29998779,0
864856800,345.5,346.5,343.8999939,345.8999939,0
864943200,345.8999939,347.6000061,343.79998779,344.79998779,0
865202400,344.6000061,344.8999939,343.3999939,343.70001221,0
865288800,344.5,344.5,342.5,343,0
865375200,342.5,342.5,340.70001221,340.8999939,0
865461600,341.79998779,342.6000061,339,342.6000061,0
865548000,344.20001221,345,343,343.20001221,0
865807200,343.6000061,344.3999939,343,343.8999939,0
865893600,343.8999939,344,343,343.70001221,0
865980000,343.20001221,344.1000061,343.20001221,343.6000061,0
866066400,341.8999939,343,341.29998779,341.3999939,0
866152800,340.8999939,341.8999939,340.79998779,340.8999939,0
866412000,341,342.29998779,341,342.29998779,0
866498400,343.1000061,343.1000061,341.29998779,341.79998779,0
866584800,341.29998779,341.5,338.5,339.1000061,0
866671200,340,341,338.3999939,340.5,0
866757600,340.5,340.5,337,337.70001221,0
867016800,336.5,338.20001221,336.5,338.20001221,0
867103200,338.70001221,338.70001221,338,338,0
867189600,338.3999939,339,338,338,0
867276000,338.29998779,338.29998779,337.20001221,338.29998779,0
867362400,334.79998779,334.79998779,334.79998779,334.79998779,0
867621600,334.20001221,334.20001221,334.20001221,334.20001221,0
867708000,334,334,334,334,0
867794400,331.79998779,331.79998779,331.79998779,331.79998779,0
867880800,324.20001221,324.20001221,324.20001221,324.20001221,0
868226400,318.1000061,318.1000061,318.1000061,318.1000061,0
868312800,320.20001221,320.20001221,320.20001221,320.20001221,0
868399200,318.20001221,318.20001221,318.20001221,318.20001221,0
868485600,320.20001221,320.20001221,320.20001221,320.20001221,0
868572000,321.6000061,321.6000061,321.6000061,321.6000061,0
868831200,320,320,320,320,0
868917600,318.29998779,318.29998779,318.29998779,318.29998779,0
869004000,318,318,318,318,0
869090400,324,324,324,324,0
869176800,328.8999939,328.8999939,328.8999939,328.8999939,0
869436000,326,326,326,326,0
869522400,325.29998779,325.29998779,325.29998779,325.29998779,0
869608800,323.29998779,323.29998779,323.29998779,323.29998779,0
869695200,323.29998779,323.29998779,323.29998779,323.29998779,0
869781600,326.1000061,326.1000061,326.1000061,326.1000061,0
870040800,329.20001221,329.20001221,329.20001221,329.20001221,0
870127200,325.70001221,325.70001221,325.70001221,325.70001221,0
870213600,326,328,325.3999939,326,0
870300000,329.79998779,329.79998779,323.3999939,324.1000061,0
870386400,324.29998779,326,323.29998779,324.70001221,0
870645600,324.3999939,324.70001221,323.5,323.8999939,0
870732000,324.29998779,324.29998779,317,320.3999939,0
870818400,318,320,318,318.20001221,0
870904800,318.1000061,322.5,318.1000061,321.5,0
870991200,323.5,326.70001221,322.3999939,326.1000061,0
871250400,327,328.5,327,328.20001221,0
871336800,327.6000061,327.6000061,326,326.70001221,0
871423200,328.79998779,328.79998779,327,327,0
871509600,326.8999939,326.8999939,323.20001221,324.20001221,0
871596000,325,325.29998779,323.6000061,325.29998779,0
871855200,325.5,325.5,321,321.1000061,0
871941600,321.2,323.9,321.2,323,30820
872114400,321.75,324.25,321.25,323.5,30820
872200800,323.29,328,321.8,324.5,30820
872460000,325.75,325.75,324.2,324.45,30820
872546400,324.35,327.1,324.35,325.65,30820
872632800,325,326.1,324.5,325.2,30820
872805600,324.1,325.65,324,325,30820
873151200,324.2,325,322.1,322.25,30820
875052000,321.39,323.9,321.2,323,30820
875484000,325.9,329.3,325.9,328,30820
876952800,326.6,327.6,325.3,325.6,0
878770800,312.2,312.2,312.2,312.2,0
879807600,306.5,306.5,306.5,306.5,0
882226800,283.5,283.5,283.5,283.5,0
882918000,294,296.6,294,296.2,0
883954800,281.6,281.6,281.6,281.6,0
885337200,292.3,292.3,292.3,292.3,0
886460400,295.1,295.1,295.1,295.1,0
886546800,299.1,299.1,299.1,299.1,0
886978800,299.5,299.5,299.5,299.5,0
887151600,299.8,299.8,299.8,299.8,0
888361200,291.8,291.8,291.8,291.8,0
888966000,295.8,295.8,295.8,295.8,0
890089200,291.7,291.7,291.7,291.7,0
890175600,290.9,290.9,290.9,290.9,0
890262000,291.3,291.3,291.3,291.3,0
890694000,299.4,299.4,299.4,299.4,0
891385200,299.5,299.5,299.5,299.5,0
891558000,308,308,308,308,0
891813600,307.5,314.3,307.5,308.8,0
891986400,309.75,310,307.6,308.5,0
893109600,308,312.3,306.75,310.4,0
894232800,302.45,305.5,302.45,304.1,0
895442400,301,301.2,299,299.3,0
895701600,299.6,301.2,299.2,300.9,0
895788000,299.6,299.6,299.6,299.6,0
896824800,290.85,294.2,290.5,292.9,0
897343200,293.4,293.4,293.4,293.4,0
897516000,286.8,286.8,286.8,286.8,0
898207200,298.5,298.5,298.5,298.5,0
898639200,292.6,292.6,292.6,292.6,0
898725600,293.6,293.6,293.6,293.6,0
899071200,293.4,293.4,293.4,293.4,0
899244000,296.2,296.2,296.2,296.2,0
899330400,293.6,293.6,293.6,293.6,0
901058400,293.9,293.9,293.9,293.9,0
902095200,282.7,282.7,282.7,282.7,0
902268000,287.7,287.7,287.7,287.7,0
902354400,287.1,287.1,287.1,287.1,0
902440800,286.4,286.4,286.4,286.4,0
903304800,284.8,284.8,284.8,284.8,0
903477600,283.1,283.1,283.1,283.1,0
903564000,284.9,284.9,284.9,284.9,0
904082400,282,282,282,282,0
904168800,276.3,276.3,276.3,276.3,0
904255200,277.9,277.9,271.5,274.1,0
905724000,290.1,290.1,290.1,290.1,0
906501600,289.5,289.5,289.5,289.5,0
908402400,298.2,298.2,298.2,298.2,0
908488800,299.9,300.7,297.7,299.7,0
908748000,295.9,295.9,295.9,295.9,0
908834400,296,296,296,296,0
908920800,295,295,295,295,0
909356400,292.2,292.2,292.2,292.2,0
909615600,293.4,293.4,293.4,293.4,0
910134000,290.35,291.05,290.35,291,0
910220400,293,293.8,293,293.7,0
910306800,293,293,293,293,0
910566000,292.29,292.5,291.95,291.95,0
910652400,293.1,293.35,292.95,292.95,0
910738800,293.1,293.55,293.1,293.25,0
910825200,296.45,296.6,296.45,296.55,0
910911600,295.6,295.6,295.6,295.6,0
911170800,294.55,294.55,293.7,293.7,0
911257200,294,294.4,294,294,0
911343600,297.3,297.5,297.3,297.5,0
911430000,296.05,296.7,296.05,296.7,0
911516400,296,296,295.79,295.79,0
911775600,296.25,296.3,296.05,296.05,0
911862000,296,296.3,296,296.1,0
911948400,296.3,296.5,296.2,296.2,0
912121200,295.6,295.85,295.6,295.85,0
912380400,292.29,293.15,292.29,292.65,0
912466800,293.5,293.79,293.5,293.65,0
912553200,292.95,293.3,292.95,293.25,0
912639600,291.9,292.5,291.9,292.4,0
912726000,292.1,292.1,292.1,292.1,0
912985200,292.1,296.8,292.1,295.1,0
913071600,293.75,293.8,293.15,293.15,0
913158000,293.8,294.8,293.8,294.4,0
913244400,294,295.1,294,294.95,0
913330800,290.6,290.6,290.6,290.6,0
913590000,291.1,291.5,291.1,291.4,0
913676400,293,293.25,292.79,292.79,0
913762800,295.35,295.8,294.35,294.35,0
913849200,291.65,291.85,291.6,291.6,0
913935600,289,289.95,289,289.95,0
914194800,288.25,288.75,288.25,288.75,0
914281200,287.35,287.65,287.35,287.65,0
914367600,286.85,287.45,286.55,286.55,0
914454000,286,286,286,286,0
914799600,286.45,286.9,286.25,286.25,0
914886000,286,286.29,286,286.1,0
914972400,287,287.3,287,287,0
915058800,288,288,288,288,0
915404400,287.5,287.65,287.15,287.15,0
915577200,287.4,287.4,287.4,287.4,0
915663600,287.85,291.7,287.85,290.8,0
915750000,291.1,291.1,291.1,291.1,0
916009200,292.45,292.45,292.45,292.45,0
916095600,288.3,288.3,288.3,288.3,0
916182000,285.85,285.85,285.85,285.85,0
916268400,286.7,286.7,286.7,286.7,0
916354800,286.7,286.7,286.7,286.7,0
916700400,286.2,286.2,286.2,286.2,0
916786800,287,287,287,287,0
916873200,287.5,287.5,287.5,287.5,0
916959600,286.3,286.3,286.3,286.3,0
917218800,287.6,287.6,287.6,287.6,0
917305200,285.7,286,285.7,285.85,0
917391600,282.9,282.9,282.9,282.9,0
917478000,284.05,284.15,284.05,284.1,0
917564400,285.9,285.9,285.9,285.9,0
917823600,288.65,288.65,288.65,288.65,0
917910000,288.6,288.6,288.6,288.6,0
917996400,287.4,287.4,287.4,287.4,0
918082800,289.65,289.65,289.65,289.65,0
918169200,288.3,288.3,288.3,288.3,0
918428400,288.6,288.6,288.6,288.6,0
918514800,287.5,287.5,287.5,287.5,0
918601200,286.9,286.9,286.9,286.9,0
918687600,287.7,287.7,287.7,287.7,0
918774000,289.3,289.3,289.3,289.3,0
919119600,284.6,284.6,284.6,284.6,0
919206000,284.5,284.5,284.5,284.5,0
919292400,286.2,286.2,286.2,286.2,0
919378800,287.9,287.9,287.9,287.9,0
919638000,287,287,287,287,0
919724400,287.2,287.2,287.2,287.2,0
919810800,286.2,286.2,286.2,286.2,0
919897200,287.7,287.7,287.7,287.7,0
919983600,286.8,286.8,286.8,286.8,0
920242800,286.4,286.4,286.4,286.4,0
920329200,286.5,286.5,286.5,286.5,0
920415600,286.9,286.9,286.9,286.9,0
920502000,287.55,287.55,287.55,287.55,0
920588400,288.2,288.2,288.2,288.2,0
920847600,291.3,291.3,291.3,291.3,0
920934000,291.5,291.5,291.5,291.5,0
921020400,292.7,292.7,292.7,292.7,0
921106800,294.1,294.1,294.1,294.1,0
921193200,292.1,292.1,292.1,292.1,0
921452400,286.65,286.65,286.65,286.65,0
921538800,283.6,283.6,283.6,283.6,0
921625200,283.7,283.7,283.7,283.7,0
921711600,283,283,283,283,0
921798000,284,284,284,284,0
922057200,284.2,284.6,284.2,284.3,0
922143600,284.4,285.25,282.7,284.3,0
922230000,284.25,284.85,283.8,283.8,0
922316400,283.75,283.9,282.3,283.1,0
922402800,283.2,283.6,279.2,279.5,0
922662000,279.85,280.9,279.85,280.1,0
922748400,279.7,280.1,279,279,0
922834800,279,281.2,278.8,279.8,0
922921200,279.9,280.8,279.9,280.2,0
923263200,279.6,279.6,277.5,278.2,0
923349600,278.25,280.5,278.25,279.7,0
923436000,279.9,281.3,279.9,280.3,0
923522400,280.6,280.6,280.6,280.6,0
923608800,281.3,281.3,281.3,281.3,0
923868000,282.6,282.6,282.6,282.6,0
923954400,283.7,283.7,283.7,283.7,0
924040800,281.2,281.2,281.2,281.2,0
924127200,283.3,283.3,283.3,283.3,0
924213600,283.6,283.6,283.6,283.6,0
924472800,284.6,284.6,284.6,284.6,0
924559200,284.2,284.2,284.2,284.2,0
924645600,283.6,283.6,283.6,283.6,0
924732000,283.3,283.3,283.3,283.3,0
924818400,283.3,283.3,283.3,283.3,0
925077600,281,281,281,281,0
925164000,282,282,282,282,0
925250400,282.7,282.7,282.7,282.7,0
925336800,285.8,285.8,285.8,285.8,0
925423200,286.3,286.3,286.3,286.3,0
925682400,286.2,286.2,286,286,0
925768800,285.35,285.4,285.1,285.1,0
925855200,287,287,287,287,0
925941600,289.3,289.3,289.3,289.3,0
926028000,282.5,282.5,282.5,282.5,0
926287200,277.6,277.6,277.6,277.6,0
926373600,277.9,277.9,277.9,277.9,0
926460000,277.1,277.1,277.1,277.1,0
926546400,277.4,277.4,277.4,277.4,0
926632800,275.7,275.7,275.7,275.7,0
926892000,274.2,274.2,274.2,274.2,0
926978400,273.6,273.6,273.6,273.6,0
927064800,273.1,273.1,273.1,273.1,0
927151200,274.2,274.2,274.2,274.2,0
927237600,272.7,272.7,272.7,272.7,0
927496800,272.4,272.4,272.4,272.4,0
927583200,270.4,270.4,270.4,270.4,0
927669600,269.1,269.1,269.1,269.1,0
927756000,270.6,270.6,270.6,270.6,0
927842400,270,270,270,270,0
928188000,267.4,267.4,267.4,267.4,0
928274400,265.2,265.2,265.2,265.2,0
928360800,265.05,266.7,263.75,265.7,0
928447200,265.9,266.75,264.9,265,0
928706400,264.4,267.1,264.4,265.4,0
928792800,264.7,265.25,261.6,262,0
928879200,262.5,262.7,257.9,259.3,0
928965600,257.5,260.5,257.5,258.2,0
929052000,258.5,260.9,258.5,260.4,0
929311200,259.35,261.1,259.2,260.3,0
929397600,259.65,260.5,259.2,259.2,0
929484000,258.15,258.8,258.1,258.1,0
929570400,258.1,258.8,258.1,258.2,0
929656800,258.75,262.9,258.3,259.3,0
929916000,258.2,259.6,258.2,258.7,0
930002400,258.85,259.2,258.1,258.1,0
930088800,257.95,260.4,257.95,260.1,0
930175200,260.3,261.5,260.3,260.3,0
930261600,260.75,261.25,259.1,259.2,0
930520800,259.35,260.75,259.35,260.3,0
930607200,260.35,262.1,260.35,260.5,0
930693600,260.6,261.4,260.6,261.25,0
930780000,262.25,263.8,262.25,263.4,0
930866400,263.2,263.45,263,263.1,0
931212000,261.1,262.4,256,256.6,0
931298400,256.45,258.6,256.05,257.1,0
931384800,255.95,257.5,255.95,256.5,0
931471200,256.15,258.75,256.15,256.9,0
931730400,256.25,256.8,255.4,255.4,0
931816800,254.15,256.3,254.15,255.6,0
931903200,255.65,256.4,254,254,0
931989600,253.85,254.25,253.1,253.8,0
932076000,254,256.3,253.6,253.7,0
932335200,253.75,254.1,253,253,0
932421600,252.7,253.5,252.7,253.2,0
932508000,255.2,255.2,255.2,255.2,0
932594400,255.4,256.9,255.4,255.7,0
932680800,254.95,255.75,254.5,254.5,0
932940000,253.2,254,253.2,253.7,0
933026400,253.8,254.6,253.6,253.6,0
933112800,253.4,254.8,253.4,253.8,0
933199200,254.2,256.9,254,256.6,0
933285600,256.2,256.7,255.4,255.7,0
933544800,255.65,255.65,254.1,255,0
933631200,254.35,256.9,254.35,255.9,0
933717600,256.3,258.05,254.8,255.9,0
933804000,256.3,257.1,255.2,255.2,0
933890400,255.2,256.2,254.9,255.9,0
934149600,255.7,257.4,255.7,256.9,0
934236000,257.5,257.7,256.8,257.3,0
934322400,257.45,260.7,257.25,258.7,0
934408800,259.05,260.95,259.05,260.2,0
934495200,260.7,261.1,259.9,260.4,0
934754400,260.1,260.25,258.6,259.9,0
934840800,259.25,261.5,259.25,261.2,0
934927200,261.4,261.7,259,259.4,0
935013600,259.25,259.5,257.7,258.5,0
935100000,258.1,258.9,257.1,257.1,0
935359200,256.85,257.5,254.1,254.1,0
935445600,254.45,254.5,252.6,252.6,0
935532000,253,253.5,252.1,252.1,0
935618400,252.25,253.8,252.25,252.7,0
935704800,253.3,255,253.3,253.5,0
935964000,253.25,254.6,253.25,253.8,0
936050400,254.25,256.1,254.25,255.5,0
936136800,255.7,255.7,253.6,253.7,0
936223200,253.85,255.5,253.75,255.2,0
936309600,255.25,256,253.9,254,0
936655200,254.55,256.3,254.55,255.7,0
936741600,256,256.3,254.8,256.2,0
936828000,256,257.2,256,257,0
936914400,256.65,257,256.1,256.3,0
937173600,256.25,257.1,256.05,256.05,0
937260000,256.35,257.2,256.1,257,0
937346400,256.95,257.4,256.3,256.5,0
937432800,256.2,256.4,255.75,255.8,0
937519200,256,256.1,254.6,254.6,0
937778400,254.5,256.2,254.5,254.8,0
937864800,254.55,260.8,254.55,260.8,0
937951200,260.35,265,260.35,264.3,0
938037600,263.9,266.4,262.75,265.9,0
938124000,266,271.1,265.6,268.5,0
938383200,268.5,283.75,268.5,282.2,0
938469600,283.9,327.3,283.9,308.9,0
938556000,306.5,320,298.5,302.5,0
938642400,298,305,298,301.5,0
938728800,297.25,310.7,297.25,307.3,0
938988000,307,320.75,307,317.2,0
939074400,322.5,339,322.5,326,0
939160800,319,326.7,316.5,324,0
939247200,328,328,316.5,322.8,0
939333600,322,325,318.5,320.2,0
939592800,319,319.9,316,318.8,0
939679200,318.5,323.5,316.2,316.2,0
939765600,317.25,323.4,317.25,320.3,0
939852000,323.25,323.5,312.5,312.9,0
939938400,313.8,316.25,313.8,314.4,0
940197600,313.38,317.5,309.7,309.7,0
940284000,310.5,314.75,306.5,307.6,0
940370400,307.5,316,305.3,305.3,0
940456800,306,306.3,302.3,303.7,0
940543200,302.75,310,301.4,301.9,0
940802400,301.3,302.25,298.7,298.7,0
940888800,297.5,298.75,288.6,288.6,0
940975200,286.5,293.5,286.5,292.5,0
941061600,296,300.5,291.25,298.4,0
941148000,299,300.7,298,298.2,0
941410800,294.5,294.5,288,289.5,0
941497200,288.8,292.75,288.8,290.4,0
941583600,290.25,292.4,290.25,291.3,0
941670000,292.5,292.5,291.5,291.8,0
941756400,291.5,292.5,289,289.5,0
942015600,286.75,289.4,286.75,289.4,0
942102000,291,292.4,282,291.6,0
942188400,291.75,298.75,291.75,297.8,0
942274800,296.5,299,292.7,293.5,0
942361200,293.5,293.75,290.8,290.8,0
942620400,290.75,292.5,290.1,291,0
942706800,291.25,294.9,291.25,294.3,0
942793200,293.5,296.38,293.5,294.6,0
942879600,294.5,294.6,293.3,293.3,0
942966000,293.4,295.2,293.4,294.5,0
943225200,293.85,296.4,293.85,294.5,0
943311600,294.6,298.2,294.6,297.8,0
943398000,297.7,299.4,297.2,298.4,0
943570800,298.35,298.5,296.62,296.62,0
943830000,296.2,296.2,290.7,290.7,0
943916400,290.65,292.63,290.2,290.2,0
944002800,290.7,292.25,288.9,289.2,0
944089200,289.15,290.6,284.2,284.5,0
944175600,284.5,284.7,279.3,279.3,0
944434800,278.4,280.3,275,275.6,0
944521200,277.6,283.4,277.6,283,0
944607600,282,285.63,281.1,281.7,0
944694000,281.2,281.75,278,278,0
944780400,277.4,281.4,277.4,278.7,0
945039600,278.9,280.38,278.75,280,0
945126000,279.9,281.2,279.3,279.7,0
945212400,279.65,283.6,279.65,282.5,0
945298800,283,283,280,281.7,0
945385200,281.25,285.63,281.25,283.3,0
945644400,283.35,284.63,282.8,283.9,0
945730800,283.9,287.1,282.7,286.75,0
945817200,286.88,290,285.8,286.6,0
945903600,286.45,287.5,285.9,286.7,0
946249200,287.62,288,287.25,287.5,0
946335600,287.5,290.6,287.5,289.3,0
946422000,290,291.2,290,290.2,0
946508400,290.1,290.9,287.8,287.8,0
946594800,290.38,290.5,287.5,287.5,0
946854000,288,289,288,288.5,0
946940400,283.62,284.15,280.45,282.2,0
947026800,281.25,283.1,280,280.6,0
947113200,280.55,281.5,279.6,281.2,0
947199600,280.88,283,280.85,281.5,0
947458800,281.15,282,281.15,281.2,0
947545200,281.5,283.7,280.85,282.9,0
947631600,282.5,283.05,281.6,282.3,0
947718000,281.13,284.6,281.13,283.9,0
947804400,284,284.8,283.3,283.8,0
948150000,285.15,288.6,285.15,288.5,0
948236400,287.15,289.75,287.1,289.7,0
948322800,289.1,289.5,287.75,288.12,0
948409200,287.95,289.6,287.55,288.7,0
948668400,287,288.77,286.75,287.2,0
948754800,287,290.6,285.6,285.6,0
948841200,285.7,287.6,285.1,285.8,0
948927600,285.65,286.95,285.65,286.8,0
949014000,285.5,287.75,281.1,282.75,0
949273200,281.6,284.15,281.6,283.1,0
949359600,283.3,284,282.4,282.4,0
949446000,281.5,286.5,281.5,284.7,0
949532400,284.6,287.7,283.9,286.6,0
949618800,287.5,314.8,286.15,309.8,0
949878000,313,319,301,301,0
949964400,302,304.25,296.6,298.1,0
950050800,300.5,311,299.2,306.7,0
950137200,307,316.45,307,316.45,0
950223600,315.35,316.25,308.95,310.15,0
950482800,309.7,310.35,306.5,307,0
950569200,307.1,307.5,301,301,0
950655600,301.5,304,298.5,301.5,0
950742000,301.6,309.5,299.3,300.5,0
950828400,300.5,304.55,300.5,304.25,0
951174000,304.6,306,302.2,304.7,0
951260400,304.6,305.5,299.6,299.6,0
951346800,299.5,301.7,298.1,298.1,0
951433200,298,298,292.1,292.1,0
951692400,291.5,293.2,291.5,291.7,0
951778800,292.1,294,291.7,291.7,0
951865200,291.7,293.75,290.7,290.7,0
951951600,289.25,293.38,287.7,287.7,0
952038000,287.25,298.25,287.25,288,0
952297200,288,289.5,285.12,287.6,0
952383600,287.25,293.3,287.25,292.7,0
952470000,291.9,293.7,288,288,0
952556400,288,293,288,290.7,0
952642800,290.7,292.75,288.5,288.5,0
952902000,288.6,291.6,288.6,290.2,0
952988400,290.1,291.5,288.5,288.5,0
953074800,288.4,290.8,288.4,288.5,0
953161200,288.6,289.4,285.9,286,0
953247600,285.9,288.25,283.4,284.1,0
953506800,283.6,286,283.6,285.4,0
953593200,285.1,290.9,284.5,289.4,0
953679600,289.3,290.5,285,287.5,0
953766000,287,289.6,283.85,285.1,0
953852400,285.3,285.5,284.5,284.5,0
954111600,284.5,284.95,279.8,279.8,0
954198000,279.9,281.5,279.5,279.5,0
954284400,279.5,280.3,275.6,275.9,0
954370800,274.7,279.2,274.7,276.4,0
954457200,276.75,279.9,275.5,278.4,0
954712800,278.5,278.75,277.4,277.7,0
954799200,277.4,288.2,276.6,283.4,0
954885600,283.75,284.2,276.75,281,0
954972000,281.3,281.7,279.4,280,0
955058400,279.9,280.9,279.7,279.7,0
955317600,280.1,282.3,280.1,281.5,0
955404000,281.4,283.7,281.1,281.1,0
955490400,281,283.1,280.05,281.7,0
955576800,281.7,282.25,280.4,281.4,0
955663200,281.2,286,280.8,282.1,0
955922400,284.25,284.5,281,281,0
956008800,281,282.1,280.8,280.8,0
956095200,280.8,281.5,280.2,280.2,0
956181600,280.2,280.9,279.3,279.3,0
956527200,279.5,280.4,279.3,279.3,0
956613600,280.4,280.4,277.9,277.9,0
956700000,277.4,280,275.12,275.12,0
956786400,275.1,277.2,275.1,276.8,0
956872800,276.7,276.75,273.1,273.1,0
957132000,275,275,272.6,273.4,0
957218400,273.6,276,273.6,274.7,0
957304800,275.65,278,275.65,278,0
957391200,278,281.9,276.7,279.7,0
957477600,280.1,281.7,277.9,278.7,0
957736800,278.7,280.7,276.3,276.3,0
957823200,276.3,277.7,276,277,0
957909600,277,278.8,276.8,277.5,0
957996000,277.4,278,275.7,275.9,0
958082400,275.6,276.9,275.6,275.9,0
958341600,276.2,276.7,274.4,275.2,0
958428000,275.2,277.1,275.2,275.4,0
958514400,274.9,276.4,272.4,273.8,0
958600800,273.5,273.9,272.5,272.6,0
958687200,272.65,274.9,272.65,274,0
958946400,273.85,276.15,273.85,275.4,0
959032800,275.3,276.5,273.7,274,0
959119200,273.9,275.05,273,273,0
959205600,273,274,269.7,269.8,0
959292000,269.8,272.9,269.8,271.3,0
959637600,271.6,274.3,271.6,272.7,0
959724000,272.6,273.2,271.6,271.6,0
959810400,271.7,273.95,271.7,272.5,0
959896800,272.3,282.7,272.3,280.9,0
960156000,280.8,286.1,279.3,285.2,0
960242400,285.2,290.65,284,288.8,0
960328800,289,289,284.6,286.8,0
960415200,286.9,287,284.1,284.2,0
960501600,284.2,286.25,283.35,283.35,0
960760800,283.25,286.6,283.25,286.5,0
960847200,286,293.75,285.1,285.5,0
960933600,285.75,291.5,285.75,291.5,0
961020000,291.5,292.75,286.8,289.6,0
961106400,289.05,291.5,288.7,289,0
961365600,288.9,290.3,285.7,286,0
961452000,285.65,287.3,285.6,285.9,0
961538400,285.75,287.2,285.75,285.9,0
961624800,285.65,289,285.2,285.4,0
961711200,285.05,286.15,282.8,282.9,0
961970400,282.9,284.4,282.45,283.7,0
962056800,283.7,285.9,283.5,285.45,0
962143200,285.8,292.8,285.8,292.3,0
962229600,292.4,292.4,288.5,288.9,0
962316000,288.8,289.75,288.1,288.6,0
962575200,288.6,289.6,287.5,287.5,0
962748000,286.4,287.7,283.8,283.8,0
962834400,283.8,286.3,282.7,283.2,0
962920800,283.2,284.75,282.3,283.3,0
963180000,283.4,284.9,283.3,283.7,0
963266400,283.7,284,282.3,282.3,0
963352800,283,283,279.75,280.4,0
963439200,280.4,281.4,279.75,279.75,0
963525600,280.05,281.1,280.05,281,0
963784800,280.2,283.9,280.2,283.3,0
963871200,283.3,283.6,282.4,282.4,0
963957600,282.1,282.9,278.05,278.9,0
964044000,278.9,280.9,278,279.75,0
964130400,280,281.2,279,280.1,0
964389600,280.25,280.85,278.75,278.75,0
964476000,279,281.15,278.35,278.8,0
964562400,278.8,280.15,278.8,279.5,0
964648800,279.75,280.5,278,278,0
964735200,278.2,279.4,277.9,277.9,0
964994400,278,278,276.8,277,0
965080800,276.95,278.05,276.95,277.1,0
965167200,277,278.8,276.75,277.3,0
965253600,276.85,278,273.3,273.7,0
965340000,273.65,275.2,272.6,273,0
965599200,272.5,274.5,272.5,273.5,0
965685600,273.6,275,272.5,272.75,0
965772000,272.7,273.4,271.6,272.05,0
965858400,271.75,272.8,271.7,271.7,0
966204000,274.5,276.1,273.1,274.9,0
966376800,274.5,277.1,274.4,276.7,0
966463200,277.5,278.6,275.75,277.4,0
966549600,277.4,277.4,275.5,276.15,0
966808800,276.45,276.8,274.5,274.75,0
966895200,274.9,275.5,273.05,273.5,0
966981600,273.5,273.85,271,271,0
967068000,271,272.8,271,272.7,0
967154400,272.7,274.35,272.7,274,0
967413600,273.9,274.3,273.75,273.75,0
967500000,273.75,274.9,272.75,272.75,0
967586400,273,273.9,272.5,273.8,0
967672800,273.8,278.4,273.4,277.5,0
967759200,277.5,277.75,275.5,276.5,0
968104800,276.8,276.8,275.1,275.25,0
968191200,275.4,276,273.6,274,0
968277600,274.2,274.2,272.8,273.9,0
968364000,273,274.25,271.9,272.7,0
968623200,272.7,274.25,272.4,272.65,0
968709600,272.95,275.3,272.7,272.7,0
968796000,272.85,273.8,272.32,272.5,0
968882400,272.6,274.1,272.1,272.1,0
968968800,272.15,273.4,271.3,272.05,0
969228000,271.8,274.3,271.3,271.3,0
969314400,271.6,273.15,271.1,271.75,0
969400800,271.8,272.9,269.2,269.2,0
969487200,269.3,271.5,268.9,270.15,0
969573600,270.4,276,270.4,271.9,0
969832800,272.2,274.3,272.2,273.8,0
969919200,274.1,275.4,273.8,274.1,0
970005600,274.2,279.3,274.2,278.3,0
970092000,278.12,278.6,275.2,275.2,0
970178400,274.7,275.4,272.9,274,0
970437600,274.1,274.5,273.1,273.3,0
970524000,273.1,274.3,272,272,0
970610400,271.8,272.25,270.3,270.5,0
970696800,270.3,272,269.1,269.15,0
970783200,269.5,271.1,269.35,269.4,0
971042400,269.7,270.9,269.7,270.15,0
971128800,270.1,273.1,268.85,272.5,0
971215200,272.6,274.8,270.7,270.8,0
971301600,270.45,276.8,270.45,276.05,0
971388000,276.55,277.4,271.9,272.4,0
971647200,272.65,272.8,271.1,271.8,0
971733600,271.9,271.9,269.8,271,0
971820000,271.5,273.6,270.1,270.4,0
971906400,271.5,271.6,270.4,270.6,0
971992800,270.8,275.3,270.4,271.3,0
972252000,270.9,272.6,270.1,270.1,0
972338400,270.15,271.4,270,270.4,0
972424800,270,270.4,266.3,266.5,0
972511200,266.5,267.45,264.55,265.35,0
972597600,265.2,266.3,262.42,264.42,0
972860400,264.42,265.9,264.4,264.4,0
972946800,264,265.65,263.95,264.25,0
973033200,264.45,266.3,263.7,263.85,0
973119600,264.5,266.6,264,264.4,0
973206000,264.5,265.3,264.2,264.95,0
973465200,265.25,266.39,264.7,264.7,0
973551600,264.7,266.85,263.27,264.2,0
973638000,264.2,265.55,263.95,264.8,0
973724400,264.8,266.6,264.05,265.5,0
973810800,265.55,266,262.8,264.5,0
974070000,264.5,264.8,264,264.2,0
974156400,264.25,265.25,264.2,264.2,0
974242800,264.45,266.7,264.4,264.75,0
974761200,265.4,266.3,265.4,265.85,0
974847600,265.4,267.45,265.4,266.4,0
975020400,265.8,266.45,265.7,265.7,0
975279600,265.6,270.75,265.6,269.8,0
975366000,269.5,271,268.8,269.2,0
975452400,269.1,270.1,266.7,266.7,0
975538800,266.7,270.65,266.25,270.5,0
975625200,266.9,273.05,266.9,269.15,0
975884400,269.5,272.2,269.5,270.9,0
975970800,270.6,278.6,270.1,270.1,0
976057200,270.35,275.5,270.35,274.5,0
976143600,274.6,275.75,273.2,273.35,0
976230000,274.2,274.2,272.25,272.25,0
976489200,272.63,273,270.4,270.6,0
976575600,270.3,271.8,270.3,271.1,0
976662000,270.8,271.65,268.25,268.95,0
976748400,269,270.55,268.55,269.6,0
976834800,269.8,270.85,269.2,270.4,0
977094000,270.3,271.05,269.65,269.65,0
977180400,269.8,270.35,269.33,270,0
977266800,270.3,273.8,269.9,273.4,0
977353200,273.2,275.05,272.8,274.2,0
977439600,274.1,278.6,273.4,273.7,0
977785200,273.68,274.9,273.6,274.2,0
977871600,274.2,275.8,274.2,275.3,0
977958000,275.15,275.9,271.6,272.3,0
978044400,272.3,278.6,271.6,272.1,0
978390000,272.45,273.3,268.5,268.75,0
978476400,268.65,269.9,267,267.45,0
978562800,267.9,269.1,267.1,267.3,0
978649200,267.25,268.6,266.9,267.8,0
978908400,267.85,269.8,267.85,268,0
978994800,267.8,268.5,267.15,267.6,0
979081200,267.25,267.55,264.5,264.55,0
979167600,264.7,265.95,263.55,263.9,0
979254000,264.1,265.1,263.75,263.75,0
979599600,263.48,265.55,263.05,263.25,0
979686000,263.7,264.05,262.75,263.35,0
979772400,263.5,265.25,263.5,264.75,0
979858800,264.8,266.45,264.3,264.35,0
980118000,264.5,268.45,264.5,266.45,0
980204400,266.8,269,265.65,266.05,0
980290800,266.4,267,264.1,264.2,0
980377200,264.3,265.2,263.1,264.7,0
980463600,264.9,265.3,262.4,262.55,0
980722800,263.3,263.8,261.7,263,0
980809200,263.2,266.6,263,265.35,0
980895600,265.7,266.5,264.4,265.45,0
980982000,265.65,270.4,265.05,268.05,0
981068400,267.85,268.5,266.9,267.2,0
981327600,267.2,267.5,265.3,265.3,0
981414000,265.2,266.5,262.4,263.4,0
981500400,263.4,264.3,262.8,263.1,0
981586800,263.1,263.8,260.4,260.4,0
981673200,260.6,262.75,259.5,260.15,0
981932400,260.3,262.1,260.2,261.1,0
982018800,261.1,261.7,260.2,260.7,0
982105200,260.4,260.8,259.6,259.6,0
982191600,259.5,260.7,255.5,255.55,0
982278000,255.7,259.4,254.1,258.7,0
982623600,259.4,259.5,256.2,256.2,0
982710000,256.5,259.2,256.4,258.3,0
982796400,258.55,260.8,257.5,258.8,0
982882800,258.5,261.9,258.5,261.3,0
983142000,261.3,266.7,261.3,266.6,0
983228400,266.3,269.5,265.9,268,0
983314800,268,268.5,264.95,266.9,0
983401200,266.9,276.5,265.4,265.4,0
983487600,265.4,272.5,262.5,262.6,0
983746800,262.5,264.5,262.1,262.8,0
983833200,262.8,263.5,260.2,260.5,0
983919600,260.5,262.7,260.3,262.2,0
984006000,262.2,266.9,262.2,266.5,0
984092400,266.8,272.4,266.3,271.5,0
984351600,272.1,275.1,269.8,272.3,0
984438000,272.3,278.6,267.8,268.15,0
984524400,267.6,273.6,263,263.35,0
984610800,262.8,263.7,260,260.4,0
984697200,260.4,261.5,258.7,258.8,0
984956400,259.1,261.9,259,260.4,0
985042800,260.45,263,260.45,261.3,0
985129200,261.3,263.2,261.2,262.6,0
985215600,262.65,263.3,261.3,261.8,0
985302000,261.8,263.9,261.8,262.15,0
985561200,262.1,263,261.3,262.4,0
985647600,262.3,263,261.3,261.3,0
985734000,261.3,262.2,259.8,259.8,0
985820400,259.8,262.2,258.7,258.7,0
985906800,258.7,260.1,257.5,257.7,0
986162400,257.8,258.4,254.7,255.3,0
986248800,255.3,258.3,255.3,256.75,0
986335200,256.8,260.6,256.75,258.2,0
986421600,258.2,259.1,257.75,258.3,0
986508000,258.3,260.2,257.95,259.8,0
986767200,259.8,261,258.25,258.25,0
986853600,258.25,259,256.6,257.25,0
986940000,257.2,259.6,257.1,258.5,0
987026400,258.45,260.8,258.45,259.9,0
987372000,259,263.9,259,263.1,0
987458400,263.4,264,260.3,260.8,0
987544800,260.8,262.3,258.8,261,0
987631200,261,265.2,260.2,264.95,0
987717600,265.2,265.4,263.7,264.4,0
987976800,264.15,264.9,262.7,263.5,0
988063200,263.4,264.9,263,263.9,0
988149600,263.9,264.45,262,262,0
988236000,262.4,264.3,262.3,263.9,0
988322400,263.9,266.9,263.4,263.4,0
988581600,263.8,264.3,263.3,263.8,0
988668000,263.8,264.55,263.8,264.3,0
988754400,264.3,265.55,263.95,265.25,0
988840800,265.35,267.4,265.25,266,0
988927200,266,267.4,265.6,265.9,0
989186400,266.15,266.8,265.65,266,0
989272800,266,266.1,264.8,265,0
989359200,265,270.5,265,269.8,0
989445600,269.8,270.65,268.35,269,0
989532000,269,269.8,267.8,267.8,0
989791200,267.9,269.1,267.6,268.2,0
989877600,268.2,268.7,266.45,268.2,0
989964000,268.2,272.45,268.2,272,0
990050400,272,274.65,271.65,273.5,0
990136800,273.3,287.8,271.7,287.3,0
990396000,285.75,298,283.1,285.2,0
990482400,285.2,285.6,282,284.9,0
990568800,284.9,285,282.75,283.5,0
990655200,283.75,288,276,278.9,0
990741600,278.9,281.3,275.5,277.4,0
991087200,277.6,278.3,273.3,273.6,0
991173600,273.25,275.7,265.05,265.8,0
991260000,265.8,268.5,265.5,265.6,0
991346400,265.6,267.65,265.3,266.8,0
991605600,266.5,268.3,265.5,265.5,0
991692000,265.5,266.6,265,266,0
991778400,266,267.4,265.65,266,0
991864800,266,266.7,265.8,265.8,0
991951200,266.3,274.6,266.3,273.5,0
992210400,273,273.6,266.95,267.9,0
992296800,267.8,272.9,267.3,271.5,0
992383200,271.5,273.5,265.9,272.1,0
992469600,272.15,277,270.9,275.4,0
992556000,275.2,276.3,268.7,271.3,0
992815200,271,274.1,271,272.25,0
992901600,272.15,274.9,272.15,273.4,0
992988000,273.4,274.15,271.4,272.5,0
993074400,272.5,273.9,271.6,272.7,0
993160800,272.7,275.7,272.1,272.3,0
993420000,272.3,275.1,272.3,273.7,0
993506400,274,279,268.7,275.9,0
993592800,276.25,277.7,271.7,271.85,0
993679200,272.35,272.35,268.1,269,0
993765600,269.25,272.7,269.2,270.6,0
994024800,270.6,272.5,268.2,269.3,0
994111200,269.3,272.5,267.5,267.5,0
994284000,267.7,268.1,265.1,265.1,0
994370400,265.1,267.9,264.8,266,0
994629600,266.5,267.1,265,266.4,0
994716000,266.4,267.9,265.9,266.1,0
994802400,266.1,269.6,266.1,268.2,0
994888800,268.75,268.75,266,266.6,0
994975200,266.6,267.5,266.3,267.1,0
995234400,266.95,269.1,266.9,266.9,0
995320800,267.25,268.2,266.5,268.1,0
995407200,268.1,271.1,267.25,270.5,0
995493600,270.75,271.6,267.2,268.55,0
995580000,268.75,271.3,268.75,269.8,0
995839200,270.15,270.15,268.6,268.6,0
995925600,268.6,270.1,268.6,269.5,0
996012000,269.5,269.6,267.5,267.5,0
996098400,267.5,268.4,266,266.2,0
996184800,266.2,269.2,263.8,267.3,0
996444000,267.6,268,265,265,0
996530400,265,267,264.5,266.6,0
996616800,266.6,268.6,266.4,267.7,0
996703200,267.7,268.6,267.2,267.8,0
996789600,267.8,269,266.9,268.3,0
997048800,268.5,268.6,267.3,267.5,0
997135200,267.15,267.9,266.5,267.4,0
997221600,267.4,268.7,266.5,268.1,0
997308000,268.1,274.1,267.6,273.9,0
997394400,273.9,277,272.7,274.3,0
997653600,273.5,277.4,273.5,275.7,0
997740000,275.7,276.8,274,276.5,0
997826400,276.5,277.9,274.9,275.6,0
997912800,275.6,276.6,274,275.1,0
997999200,275.1,281.2,275,279,0
998258400,279,279.3,275.8,275.8,0
998344800,275.8,278,274,274.8,0
998431200,274.8,277.8,273.6,274.5,0
998517600,274.5,276.4,274.4,275.1,0
998604000,275.1,275.7,272.2,272.6,0
998863200,272.25,273.05,271.6,272.5,0
998949600,272.55,272.7,270.7,271.95,0
999036000,272,274.1,272,273.5,0
999122400,273.5,275.5,272.5,275.05,0
999208800,274.95,276,272.7,274.2,0
999554400,273.25,273.85,271.6,271.9,0
999640800,271.55,272.6,271.5,271.8,0
999727200,271.8,273.5,271.35,272.9,0
999813600,272.9,274.5,271.75,272.9,0
1000072800,273,273.45,271.2,271.5,0
1000159200,271.5,291,271.5,286.5,0
1000245600,286,292,277,278,0
1000332000,278,285,278,281,0
1000418400,281,289,279.5,285.3,0
1000677600,288,294,285.8,289.2,0
1000764000,289.4,290,286.2,287.5,0
1000850400,287.5,292.1,286.75,289.9,0
1000936800,289.9,290.8,287.5,288.4,0
1001023200,288.4,295.1,288.4,291.2,0
1001282400,290.5,292.5,287.5,289,0
1001368800,289,290.3,287,289.5,0
1001455200,289.5,293.6,289,293,0
1001541600,292.8,293.23,289.15,291.7,0
1001628000,291.7,293.7,290.2,292.95,0
1001887200,292,292.7,290.5,291.45,0
1001973600,291.45,292.6,289.1,289.2,0
1002060000,289.2,291.8,289.2,289.2,0
1002146400,289.2,291.6,288.95,289.6,0
1002232800,289.6,292.1,289.6,290.7,0
1002492000,290.75,293.7,290.75,291.65,0
1002578400,291.65,291.8,287.75,287.75,0
1002664800,287.75,288.8,284,284.6,0
1002751200,284.6,285.2,280.3,281,0
1002837600,282.2,286.1,281.7,284.2,0
1003096800,284.2,285.5,281.2,281.2,0
1003183200,281.3,283.5,280.8,281.1,0
1003269600,281.1,283.3,281.1,282.2,0
1003356000,282.2,283.7,278.05,279.2,0
1003442400,279.2,280.2,277.9,279.4,0
1003701600,279.4,279.5,275.2,275.3,0
1003788000,275.3,276.3,274.5,275.7,0
1003874400,275.7,276.7,275.1,275.1,0
1003960800,275.2,277.3,275.2,277,0
1004047200,276.5,277.9,276.5,277.1,0
1004310000,277.1,279.2,277.1,278.6,0
1004396400,278.9,281,278.9,280.1,0
1004482800,280.25,281.4,278.5,279.4,0
1004569200,279.25,281.2,278.8,279.7,0
1004655600,279.05,280.5,279.05,279.7,0
1004914800,279.7,280.05,278,278.6,0
1005001200,278.8,279.95,278.6,279.65,0
1005087600,280.25,281.1,279.25,280.5,0
1005174000,280.3,280.6,276.6,277.6,0
1005260400,276.8,277.8,276.5,276.95,0
1005519600,277.2,282,277.2,278,0
1005606000,278.15,280.1,276.2,277.5,0
1005692400,277.3,279.3,277.1,277.1,0
1005778800,277.6,278.05,274.8,274.9,0
1005865200,275.1,275.6,274.1,274.6,0
1006124400,274.6,275.5,272.6,272.7,0
1006210800,272.6,274.1,272.6,272.65,0
1006297200,273,273.7,272.3,273.1,0
1006470000,272.6,273.35,272.6,272.65,0
1006729200,272.8,273.6,272.5,272.9,0
1006815600,272.8,273.7,272.8,273.2,0
1006902000,273.3,275.4,273.3,274.1,0
1006988400,274.2,275.6,273.4,273.4,0
1007074800,273.4,275.9,273.4,274.15,0
1007334000,274.15,278,274.15,277.1,0
1007420400,277.1,277.2,275.5,275.5,0
1007506800,275.5,276.6,273.9,273.9,0
1007593200,273.8,275.35,273.8,274.15,0
1007679600,274,275,274,274.3,0
1007938800,274.3,274.5,271.7,272.35,0
1008025200,272.6,273.05,272,272.6,0
1008111600,272.5,274.4,272.5,274,0
1008198000,274.3,274.6,273.5,273.95,0
1008284400,274.25,279.2,274.25,278.2,0
1008543600,277.35,278.8,276.9,277.8,0
1008630000,278,281,278,280.05,0
1008716400,280.2,280.4,274.8,275.6,0
1008802800,275.9,276.7,275.8,276,0
1008889200,276.1,279.8,276.1,277.9,0
1009148400,277.7,278.5,277.7,277.8,0
1009321200,278.5,279.8,278.2,279,0
1009407600,279,280.5,276.8,276.8,0
1009494000,276.8,278.5,276.3,276.3,0
1009753200,275.9,279.1,275.9,278.7,0
1009926000,278.7,279.4,277.75,278.5,0
1010012400,278.5,280,277.3,278.2,0
1010098800,278.05,279.4,277.7,278.7,0
1010358000,278.4,280.26,277.4,278.5,0
1010444400,278.5,280,278.4,278.8,0
1010530800,278.8,284.5,278.4,282.9,0
1010617200,283.6,289.5,282.8,286.45,0
1010703600,286.15,288,285.7,287.3,0
1010962800,286.6,287.1,285.1,285.1,0
1011049200,285,285.3,283.3,284,0
1011135600,284.4,289.5,283.8,287.3,0
1011222000,287.15,288.7,284.2,284.2,0
1011308400,283.8,284.8,283.2,283.3,0
1011654000,282.3,283.8,281.45,281.45,0
1011740400,281.4,282.8,278.7,279,0
1011826800,279,279.7,278,278.55,0
1011913200,278.75,279.95,278.5,279.2,0
1012172400,279.2,280.15,278.5,278.6,0
1012258800,278.4,281.9,277.1,281.6,0
1012345200,281.7,283.9,281,281.8,0
1012431600,281.7,283.4,281.4,282.3,0
1012518000,282.7,287.2,281.9,286,0
1012777200,285.25,289.6,285.25,289.4,0
1012863600,290.1,299,289.6,297.5,0
1012950000,297.45,306.3,296.4,296.4,0
1013036400,296.38,301.75,296.38,301,0
1013122800,301.5,307.8,300.6,303.5,0
1013382000,303.5,304,297.6,299.8,0
1013468400,299,301.75,297.6,300,0
1013554800,300,300.5,295.7,299,0
1013641200,299.25,300.4,297.9,299.5,0
1013727600,299.4,301.8,297.6,297.6,0
1013986800,298.5,299.55,297.25,297.5,0
1014073200,297.5,298.4,292.8,292.85,0
1014159600,292.85,294.4,290.9,291.2,0
1014246000,291.2,293.9,290.05,292.5,0
1014332400,292.5,294.4,291.6,292.5,0
1014591600,292.75,292.8,291.1,292.05,0
1014678000,292.3,298,291.5,297.5,0
1014764400,297.5,299.6,295.9,296.1,0
1014850800,296.6,297.9,296.15,296.3,0
1014937200,296.3,299.3,295.45,297.9,0
1015196400,297.6,299.8,296.6,296.6,0
1015282800,296.6,298.9,293.7,293.7,0
1015369200,293.8,294.8,292.6,293.25,0
1015455600,293.15,293.5,289.6,290,0
1015542000,289.3,290.8,287.95,289.5,0
1015801200,289.35,292.6,289.35,290.6,0
1015887600,290.45,294.6,290.45,293.05,0
1015974000,293.6,294.65,293.1,293.3,0
1016060400,293.1,293.8,290.65,290.65,0
1016146800,291,291.5,289.5,289.8,0
1016406000,289.8,293,289.8,292.15,0
1016492400,292.3,293.8,292,292.8,0
1016578800,292.95,293.3,291.8,292.2,0
1016665200,292.1,293.4,292.1,292.9,0
1016751600,292.9,300.1,292.9,297.5,0
1017010800,297.4,298.8,297.1,298,0
1017097200,297.75,298.1,296.1,296.4,0
1017183600,296.75,303.3,296.65,301.9,0
1017270000,302,304.5,300.8,302.4,0
1017356400,302.4,303.15,302.25,302.25,0
1017615600,302.25,303.1,301.2,303.1,0
1017702000,303.1,306.6,302.8,305.6,0
1017788400,305.6,306.6,301.3,302.05,0
1017874800,302.35,304.1,299.2,300.75,0
1017961200,300.75,302.1,298.4,299.8,0
1018216800,299.85,301.2,298.7,300.25,0
1018303200,300.25,300.3,298.3,298.3,0
1018389600,298.3,301.9,297.4,301,0
1018476000,301,303.2,301,302.35,0
1018562400,302.15,302.2,300.6,301.9,0
1018821600,301.9,302.7,299.6,299.6,0
1018908000,299.6,300,297.8,298.75,0
1018994400,298.75,302.6,298.3,301.8,0
1019080800,301.8,306.1,301.5,303.4,0
1019167200,303.4,304.3,301.45,302.1,0
1019426400,302,304.5,302,302.65,0
1019512800,302.5,304.5,302,303.4,0
1019599200,303.4,305.45,303.4,303.8,0
1019685600,304.05,309.1,304.05,307.4,0
1019772000,307.65,311.7,306.3,311.1,0
1020031200,310.75,312,309.7,310.7,0
1020117600,311.05,311.05,307.2,307.75,0
1020204000,308.2,310.8,307.2,308.25,0
1020290400,308.6,309,306.9,307.6,0
1020376800,307.6,313.3,307.6,311.7,0
1020636000,311.5,313.2,310.7,311.2,0
1020722400,311.2,313.8,309.1,311.1,0
1020808800,311.3,312.9,307.75,307.75,0
1020895200,308,310.1,308,309.3,0
1020981600,309.3,311.8,309.1,310.8,0
1021240800,310.6,311.6,309.6,310.5,0
1021327200,310.5,310.7,307.2,307.4,0
1021413600,307.4,309,306.7,308.8,0
1021500000,308.8,311.5,308.65,309.4,0
1021586400,309.9,312.1,309.5,310.8,0
1021845600,310.6,316.5,310.3,315.7,0
1021932000,315.7,317,314.2,315.9,0
1022018400,315.7,319.5,315.7,317.4,0
1022104800,317.4,323.6,315.9,321.8,0
1022191200,321.8,322.5,319.6,320.3,0
1022450400,320.3,321.5,320,320,0
1022536800,320,328.6,320,324.2,0
1022623200,324.35,327.4,323.3,324.7,0
1022709600,324.7,327.6,323.9,324.7,0
1022796000,324.7,329.3,324.3,326.2,0
1023055200,326.3,328.3,325.1,326.9,0
1023141600,328.1,331.15,324.5,324.5,0
1023228000,324.6,326.2,320.4,321.2,0
1023314400,321.4,325.6,321.3,325.15,0
1023400800,325.35,327.8,323.7,323.8,0
1023660000,324.3,325.1,318,318.8,0
1023746400,318.8,321.1,316.2,320.5,0
1023832800,320.6,321.8,319,319,0
1023919200,319,321.4,317.2,317.9,0
1024005600,317.75,323.1,317.75,319.1,0
1024264800,319.1,320.5,316.6,316.6,0
1024351200,317.2,320.2,317,319.9,0
1024437600,320,322.15,319.3,320.6,0
1024524000,320.85,324.5,319.4,323.7,0
1024610400,323.7,325,322.45,324.4,0
1024869600,324.4,326.8,322.3,322.3,0
1024956000,322.5,323.6,318,321.2,0
1025042400,321.2,325.5,319,319,0
1025128800,319,320.4,316.6,318,0
1025215200,318.25,321,310.4,314.2,0
1025474400,314.2,314.9,311.5,314.9,0
1025560800,314.65,315.9,312.7,312.7,0
1025647200,312.7,314.35,310.5,310.9,0
1025733600,310.9,311.6,310.3,310.5,0
1025820000,310.55,311.5,310.55,311.3,0
1026079200,311.2,314.9,310.5,312.6,0
1026165600,312.6,317,311.2,316.4,0
1026252000,316.4,317.1,314.4,315.8,0
1026338400,315.7,317.9,313.8,314.4,0
1026424800,316.3,317,315.3,315.8,0
1026684000,315.7,320.4,315.7,317.6,0
1026770400,317.8,320.8,317.1,318,0
1026856800,318,318.7,316,317.5,0
1026943200,317.5,318,315.9,317.7,0
1027029600,317.7,325.9,317.3,323.7,0
1027288800,323.7,325.6,322.5,322.9,0
1027375200,322.9,323.3,311.8,313,0
1027461600,312.9,314.1,307.1,311,0
1027548000,311,312.15,309.3,309.8,0
1027634400,310,310.9,301,303.5,0
1027893600,304.2,304.5,302.2,302.3,0
1027980000,302.4,305.9,302,304.5,0
1028066400,304.5,305.8,302.5,303.3,0
1028152800,303.3,305.1,298.8,304.4,0
1028239200,304.4,308,303.75,307.1,0
1028498400,307.1,309.75,306.4,307.9,0
1028584800,307.9,308,304.9,306.1,0
1028671200,306.1,315.55,304.2,313.8,0
1028757600,313.8,314.7,310.4,310.4,0
1028844000,310.4,315,308.7,314.3,0
1029103200,314.3,318,313.7,314,0
1029189600,314,315.6,310.9,315.4,0
1029276000,315.4,317.5,311.3,311.4,0
1029362400,311.4,316.2,311.1,314.7,0
1029448800,314.7,315.4,312.6,313.7,0
1029708000,313.7,315.9,304.8,306.5,0
1029794400,306.5,309.7,306.4,309,0
1029880800,309.2,309.8,305.85,307.8,0
1029967200,307.8,307.8,305.2,306.8,0
1030053600,306.8,308.6,304.6,306.8,0
1030312800,306.7,310.6,306.7,309.2,0
1030399200,309.2,313.1,308.6,312.5,0
1030485600,312.5,312.7,309.8,309.8,0
1030572000,309.8,313.7,309.8,313.7,0
1030658400,313.7,314.8,312.4,312.5,0
1030917600,312.5,312.6,312,312,0
1031004000,312,314.7,311.5,313.9,0
1031090400,313.8,315.7,312.8,314.35,0
1031176800,314.5,319.4,313.95,319,0
1031263200,319,321.6,318,320,0
1031522400,319.9,324.3,319.3,321,0
1031608800,321,321.2,317.5,317.5,0
1031695200,317.5,318.6,315,317,0
1031781600,317.1,319.9,317,318.8,0
1031868000,318.8,320,316,316.6,0
1032127200,316.9,318.1,315.5,317.2,0
1032213600,317.2,318.1,314,318.05,0
1032300000,318.1,321.2,316.8,320.1,0
1032386400,320.1,323.3,319.8,323.1,0
1032472800,323.1,324.1,320.6,321.9,0
1032732000,321.9,324.6,321.4,323,0
1032818400,322.3,328.1,322.3,325.9,0
1032904800,325.9,326.3,322,322,0
1032991200,322,323.25,318.9,319.8,0
1033077600,319.8,321.9,319.3,319.7,0
1033336800,319.7,325,319.7,323.5,0
1033423200,323.5,324.05,320.1,320.1,0
1033509600,320.1,322.8,320.1,322.8,0
1033596000,322.8,324.2,321.3,321.4,0
1033682400,321.4,322.6,319.4,322,0
1033941600,322,323.2,321.5,322.2,0
1034028000,322.2,322.3,317.9,318,0
1034114400,318,320.3,318,319.8,0
1034200800,319.8,320.8,316.3,316.6,0
1034287200,316.6,318.3,316.4,316.5,0
1034546400,316.5,318.6,316.5,317.7,0
1034632800,317.7,319.1,312.1,313.4,0
1034719200,313.3,315.5,312,314.2,0
1034805600,313.9,315.6,309.3,311.3,0
1034892000,311.2,313.9,310.15,312.6,0
1035151200,312.6,314.5,310,310.9,0
1035237600,310.7,314,310.2,312.8,0
1035324000,312.8,314.1,311,311.7,0
1035410400,311.7,313.2,308.5,311.4,0
1035496800,311.4,314.7,308.5,313.6,0
1035759600,313.3,316,312,315.3,0
1035846000,315,318.7,314.3,316.5,0
1035932400,316.6,318,315.5,315.8,0
1036018800,316.2,318.5,315.7,317.5,0
1036105200,317.5,321.9,312,320.1,0
1036364400,319.5,320.3,316.4,318,0
1036450800,318.1,321.5,317.4,317.5,0
1036537200,318.3,318.9,315.5,317.8,0
1036623600,317.1,322.7,317.1,320.65,0
1036710000,320.8,324,319.6,321.3,0
1036969200,321.3,322.2,319.4,321.4,0
1037055600,321.15,325.1,320,324.2,0
1037142000,323.5,325.5,316.5,318.75,0
1037228400,318.8,320,315.5,318.1,0
1037314800,317.8,321.4,317.2,320.3,0
1037574000,320.3,322,317.5,319,0
1037660400,319.1,320.8,318,318.5,0
1037746800,318.6,320.5,317.2,317.6,0
1037833200,317.6,319.1,317.1,317.4,0
1037919600,317.4,322.6,316.25,320.8,0
1038178800,320.8,321.5,316.7,317.9,0
1038265200,317.9,319.5,316.5,317.9,0
1038351600,318.1,319.1,315.65,316.5,0
1038438000,316.5,318.6,316.1,317.6,0
1038524400,317.6,320.6,316.75,317.9,0
1038783600,317.9,320,315.7,317.6,0
1038870000,317.6,321.45,316.8,320.5,0
1038956400,320.5,324.1,319.3,321.9,0
1039042800,321.9,325.3,320,324.1,0
1039129200,324.1,329.6,323,326,0
1039388400,326,326.9,324.4,325.65,0
1039474800,326,327.5,322.2,323.5,0
1039561200,323.3,325.6,322.3,324.3,0
1039647600,324.6,333.2,323.9,331.1,0
1039734000,331.1,336,329.8,332.9,0
1039993200,332.9,337.9,330,336.4,0
1040079600,336.4,343.45,335.2,336.5,0
1040166000,336.5,344.48,334.3,343.77,0
1040252400,344.65,355,342.5,345.3,0
1040338800,345.52,349.3,338.1,340.5,0
1040598000,340.5,346.7,340.3,345.4,0
1040684400,345.4,349.3,340,346.3,0
1040857200,343.6,350.65,343.1,349.4,0
1040943600,349.4,351.8,346,349,0
1041202800,349,351,341.6,343.4,0
1041289200,343.4,348.4,341.1,347.8,0
1041462000,347.8,348.3,340,345.8,0
1041548400,345.8,353.6,342.7,351,0
1041807600,351,357.6,348,351,0
1041894000,351,352.3,344.3,347,0
1041980400,347,356.12,344.6,353.18,0
1042066800,353.2,357.9,350.8,352.2,0
1042153200,352.2,356.8,349.9,354.5,0
1042412400,354.5,355.55,351.05,354.5,0
1042498800,354.5,356,350.82,351.1,0
1042585200,351.3,354.07,348.12,350.5,0
1042671600,350.5,359.32,349,357.2,0
1042758000,357.2,359.1,354.7,356.3,0
1043017200,356.3,358.25,354.5,355.5,0
1043103600,355.5,358.6,352.9,357.3,0
1043190000,357.5,362.95,357.1,361.3,0
1043276400,361.68,368.43,360.43,363.1,0
1043362800,362.93,370.65,362.43,368.18,0
1043622000,368.25,373.7,366.9,369.4,0
1043708400,369.4,370.7,365.32,369.2,0
1043794800,369,371.82,365.02,365.7,0
1043881200,365.7,370.77,362.3,369.88,0
1043967600,369.8,372.45,366.8,367.9,0
1044226800,367.9,372.3,367.4,370.8,0
1044313200,370.88,382.88,370.8,381.88,0
1044399600,381,389.5,370,371,0
1044486000,371,376.2,368.3,369.8,0
1044572400,369.38,374.5,367,369.5,0
1044831600,369.5,372.62,362.5,362.5,0
1044918000,362.12,365.2,360.6,363.2,0
1045004400,363.2,365,351.88,352.5,0
1045090800,352.5,358.3,347.5,356.3,0
1045177200,356.3,357.8,348.3,351.3,0
1045436400,351.3,351.6,341.5,345.3,0
1045522800,345.3,348.3,342.8,343.3,0
1045609200,343.3,349.6,342.5,349.4,0
1045695600,349.4,354.3,349.4,352,0
1045782000,352,354.5,350.8,351.1,0
1046041200,351.1,357.5,350.5,357.5,0
1046127600,357.5,360,350.8,351.6,0
1046214000,351.48,355.7,351.48,353.8,0
1046300400,353.8,356.5,345.2,345.2,0
1046386800,345.2,351,345.2,349.7,0
1046646000,349.7,350.1,345.2,348.8,0
1046732400,348.8,354.5,348.8,352.6,0
1046818800,353.62,357.3,352.3,353.3,0
1046905200,353.25,356.9,352.6,356,0
1046991600,356,358.2,347,350.5,0
1047250800,350.5,355,350.5,354.2,0
1047337200,354.2,355,348.7,350.6,0
1047423600,350.2,350.5,345.5,345.5,0
1047510000,345.5,346.35,332.1,333.62,0
1047596400,334.1,339.2,332,336.1,0
1047855600,336.1,345,335,336.3,0
1047942000,336.3,340.4,334.3,337.6,0
1048028400,337.6,340.5,334.5,336.2,0
1048114800,336.2,337.7,332,332,0
1048201200,332,334.25,325.8,325.8,0
1048460400,325.8,330.5,325.8,329.5,0
1048546800,329.4,334.2,327.6,328.3,0
1048633200,328.12,331.4,328.12,330,0
1048719600,330,333.7,328.5,329,0
1048806000,329,332.5,328.7,331.6,0
1049065200,331.6,337.1,331.6,337.1,0
1049151600,337.2,338.7,334.2,334.7,0
1049238000,334.7,335.3,327.5,329.7,0
1049324400,329.7,329.7,323.5,325,0
1049410800,325,325.4,322.4,325.3,0
1049666400,325.7,325.7,319.4,322.8,0
1049752800,322.8,324.1,319.8,322.5,0
1049839200,322.5,327.1,321.4,326.6,0
1049925600,326.7,327.25,324.4,326.3,0
1050012000,326.3,328.3,323.3,327.8,0
1050271200,327.8,327.8,324.2,324.6,0
1050357600,324.6,326.1,322.4,324.7,0
1050444000,324.25,326.5,322.9,326.2,0
1050530400,326.2,328,326,326.9,0
1050616800,326.9,327.2,325.7,325.7,0
1050876000,325.7,333.8,325.7,333.3,0
1050962400,333.3,336,332.2,332.7,0
1051048800,332.7,335,331,331,0
1051135200,331,335,331,334.2,0
1051221600,334.2,334.85,332.6,333,0
1051480800,333,335.1,329.4,333.6,0
1051567200,334.1,334.45,331.2,334,0
1051653600,334,339.7,334,338.3,0
1051740000,338.3,343.2,338.2,341.5,0
1051826400,341.5,343.4,339.1,340.7,0
1052085600,340.7,343.2,340.7,342.1,0
1052172000,342.2,344.9,341.5,344,0
1052258400,344,344.5,339.6,341.8,0
1052344800,341.8,349.4,341,347.85,0
1052431200,348,349,346.7,348.3,0
1052690400,348.7,352.3,348.7,351,0
1052776800,351,351.6,349,349.7,0
1052863200,349.7,355.2,348.6,352.2,0
1052949600,352.2,355.7,351.2,351.7,0
1053036000,351.7,357,351.5,354.5,0
1053295200,354.85,366,354.85,366,0
1053381600,366,370,364.3,367.7,0
1053468000,367.62,373.1,363.9,371.3,0
1053554400,371.62,372.7,359.6,366.8,0
1053640800,368.38,370.7,365.5,368.5,0
1053900000,368.5,370.8,367.9,370.5,0
1053986400,370.4,374.4,364.7,364.7,0
1054072800,364.7,366.8,358.7,364.8,0
1054159200,365.62,369.7,359.9,369,0
1054245600,369,369,361,364.2,0
1054504800,364.98,367.2,359.9,365.5,0
1054591200,365.6,367.2,363.8,365,0
1054677600,365,365.8,361.38,362.5,0
1054764000,362.5,369.8,361.2,368.5,0
1054850400,368.5,368.6,361.8,363.6,0
1055109600,363.6,365.8,361.3,361.6,0
1055196000,361.6,361.8,351.5,352,0
1055282400,352,357.1,351.7,355.4,0
1055368800,355.4,355.8,351.1,352.75,0
1055455200,353.1,357,351.6,356.5,0
1055714400,356.5,361.2,356.2,358.9,0
1055800800,358.9,365.1,358.9,362.65,0
1055887200,363.1,364.3,356.8,357.1,0
1055973600,357.1,362.9,355.12,361.1,0
1056060000,362,362.9,355.6,356,0
1056319200,356,358.12,350.9,352.8,0
1056405600,352.8,354.8,346,346,0
1056492000,347,349.8,346.5,349,0
1056578400,347.4,349,343.4,343.4,0
1056664800,343.4,347,342.9,345,0
1056924000,344.8,348.1,344.4,345.3,0
1057010400,345.1,353.2,345.1,351.3,0
1057096800,351.3,352.9,350.2,350.9,0
1057183200,350.9,352.1,349.4,350.8,0
1057269600,350.8,351.4,350.6,350.6,0
1057528800,350.85,351.9,347.9,348,0
1057615200,347.7,348.4,342.7,344,0
1057701600,344,346,343.7,344,0
1057788000,344.55,345.7,342.4,344.3,0
1057874400,343.95,345.3,342.5,344.8,0
1058133600,345.15,348,343.9,347.2,0
1058220000,347.2,349.6,341.4,342.3,0
1058306400,342.15,344.4,340.6,343,0
1058392800,343,345.4,341.2,343.9,0
1058479200,343.9,347.8,343.4,346.9,0
1058738400,346.9,352.3,346.8,351.5,0
1058824800,351.5,352.9,348.65,350.5,0
1058911200,350.5,359.75,350.5,358.2,0
1058997600,358.2,363.8,356.4,361.5,0
1059084000,362,368.2,359.8,362.5,0
1059343200,362.5,374.7,360.4,364,0
1059429600,364.9,365.2,361.3,361.6,0
1059516000,361.5,361.6,355.2,356,0
1059602400,356,357.7,353.8,354.1,0
1059688800,354.85,355.9,345.4,346,0
1059948000,346.2,350.3,346.2,349.3,0
1060034400,349.3,351.85,348.5,350.3,0
1060120800,351.9,353.3,349.2,351.5,0
1060207200,351.5,353.6,349.8,352.6,0
1060293600,352.6,357.5,352.6,356.5,0
1060552800,356.5,362,356.5,361.6,0
1060639200,361.6,362,358.05,358.05,0
1060725600,359,364.6,356.2,362.2,0
1060812000,362.2,367.4,360.3,365.25,0
1060898400,366.38,366.7,363.4,363.5,0
1061157600,363.5,363.5,357.9,358.1,0
1061244000,358.5,362.4,356.5,361.8,0
1061330400,361.8,366.9,361.8,366,0
1061416800,365.88,366.3,358.6,360.4,0
1061503200,360.4,364,358.4,362.7,0
1061762400,362.7,363.6,360.7,361,0
1061848800,361,365.7,359.4,364.3,0
1061935200,364.3,373.9,363.3,372.3,0
1062021600,371.65,372.3,369,369.5,0
1062108000,369.5,377.4,369.3,375.2,0
1062367200,375.2,378.4,374.7,375.3,0
1062453600,375.3,379,371.2,371.2,0
1062540000,371.38,375.3,370,373.65,0
1062626400,373.9,374.9,370,373.1,0
1062712800,373.2,379.5,370.8,376.9,0
1062972000,376.9,377.1,373.8,374.9,0
1063058400,375.25,383.3,374.9,381.4,0
1063144800,381.4,382.5,378.7,380.2,0
1063231200,380.2,381,374.6,380,0
1063317600,380,381.8,374.8,374.8,0
1063576800,374.8,376.7,372.9,373.8,0
1063663200,373.8,376.1,371.9,373,0
1063749600,373,376.8,372.5,376.5,0
1063836000,376.75,379.7,375.4,376.2,0
1063922400,376.2,383.2,372.6,381.6,0
1064181600,381.6,387.7,381,386.8,0
1064268000,386.8,387.5,383.3,384.6,0
1064354400,384.85,389.3,383.4,389.3,0
1064440800,389.1,393.5,383.8,385,0
1064527200,385,386.2,379.3,380.6,0
1064786400,380.85,386.2,379.3,382,0
1064872800,382.62,388.2,381.7,385,0
1064959200,385,385.9,382.9,384.2,0
1065045600,384.2,386.5,381.3,382.5,0
1065132000,382.5,387.1,366.6,369.3,0
1065391200,369.3,373.3,369.3,372.7,0
1065477600,372.7,377.1,372.3,376.3,0
1065564000,376.3,378.2,374.75,374.75,0
1065650400,374.9,377.2,368.2,368.7,0
1065736800,370,373.6,368.8,373.2,0
1065996000,373.2,375.1,369.8,374.3,0
1066082400,374.3,376.6,372.5,375,0
1066168800,375,375.8,371.7,373,0
1066255200,373.15,374.9,370.9,371.4,0
1066341600,371.7,372.4,366.2,371.4,0
1066600800,371.4,374.3,370.3,373.1,0
1066687200,373.1,381.7,372.8,381,0
1066773600,381,387.2,380.5,385.6,0
1066860000,385.5,387.4,383,384,0
1066946400,384,392.2,384,388.7,0
1067209200,388.4,388.4,385.9,387.6,0
1067295600,387.9,388,382.6,382.6,0
1067382000,382.6,387.4,380,386.3,0
1067468400,386.3,391.12,382.2,383.3,0
1067554800,383.1,389.1,381.7,384,0
1067814000,384,385.1,376.3,376.4,0
1067900400,377.4,380.7,376.5,379.3,0
1067986800,379.6,384.2,378.9,381.1,0
1068073200,381.1,383.9,379.5,379.7,0
1068159600,379.75,383.4,376.1,382.8,0
1068418800,382.8,387.2,382.7,385.45,0
1068505200,385.7,389.1,385.23,387.7,0
1068591600,387.7,396.6,387.5,393.8,0
1068678000,393.8,397.9,393.2,394.4,0
1068764400,394.25,398.9,394.25,397.3,0
1069023600,397.1,399.3,385.9,390.8,0
1069110000,390.8,398.5,390.5,398.5,0
1069196400,398.2,400.3,392.8,394.55,0
1069282800,394.8,397.1,392,394.3,0
1069369200,394.3,397.7,392.9,395.8,0
1069628400,395.8,396.2,390.2,391.2,0
1069714800,391.2,393.98,389.2,391,0
1069801200,391,400.6,391,396.3,0
1069887600,396.3,397,395,395,0
1069974000,395,398.8,394.4,397.9,0
1070233200,397.9,403,396.9,401.88,0
1070319600,403,405.6,399.4,403,0
1070406000,403,404.6,401.2,404.5,0
1070492400,404.3,404.7,399.9,402.5,0
1070578800,402.5,406.3,399.6,406.1,0
1070838000,406.1,409.1,405,406.8,0
1070924400,406.8,409.3,405.7,408,0
1071010800,408,412.1,405.2,405.2,0
1071097200,406,406.3,402.6,404.7,0
1071183600,404.7,409.2,404.25,408.7,0
1071442800,407.88,410.7,401.8,409,0
1071529200,409.88,410.2,407,407,0
1071615600,407,412.62,407,412.4,0
1071702000,412.3,412.5,407.6,410.25,0
1071788400,410.4,411,407.5,409.1,0
1072047600,409.1,411.38,407.9,409.8,0
1072134000,409.7,410.9,408.9,410.6,0
1072220400,410.3,412.5,410.3,411.8,0
1072306800,411.8,413.38,411.8,412.7,0
1072393200,412.7,413.8,410.9,412,0
1072652400,412,415.5,412,413.98,0
1072738800,414.07,417.3,414.07,416,0
1072825200,416,417.5,414.4,415.6,0
1072998000,415.6,416.4,414.8,415.6,0
1073257200,415.6,424.7,415.3,423.4,0
1073343600,423.4,430.5,417.75,422.1,0
1073430000,421.62,424.4,420,420.3,0
1073516400,420.1,425,417.62,423.5,0
1073602800,423.5,427.2,419.6,426,0
1073862000,426,428.7,423.3,424.2,0
1073948400,424.5,426.6,422.6,423.9,0
1074034800,423.9,424.6,411.5,419.5,0
1074121200,419.5,421.4,407.9,408.5,0
1074207600,408.5,410.6,405.6,406.5,0
1074466800,406.5,408.9,406.5,407,0
1074553200,407,412.9,405.3,412.5,0
1074639600,412.5,413.3,407.6,410.2,0
1074726000,410.3,412.9,408.4,409.1,0
1074812400,409.1,412.5,406.5,407.6,0
1075071600,407.6,411.6,403.5,403.5,0
1075158000,403.5,412.2,403.1,409.8,0
1075244400,409.8,414.8,408.3,410.2,0
1075330800,410,411.3,396.4,399.3,0
1075417200,399.1,402.4,398.4,402.4,0
1075676400,402.3,403.5,394.6,398.2,0
1075762800,398,403.4,398,399.3,0
1075849200,399.4,409,398.9,400.5,0
1075935600,400.5,400.7,396.7,396.7,0
1076022000,396.7,409.9,395,403.1,0
1076281200,403.1,407.3,402.5,406.5,0
1076367600,406.5,410.1,405.8,405.8,0
1076454000,406,411.88,405,411,0
1076540400,411,413.6,409.8,411.7,0
1076626800,411.5,417,406.6,409.9,0
1076886000,409.9,411.6,409.8,411.4,0
1076972400,411.4,416,410.75,415.3,0
1077058800,415.3,416.5,410,410.62,0
1077145200,410.5,412.4,408.2,409.7,0
1077231600,409.7,411.3,394.3,397.3,0
1077490800,397.3,402.6,396.8,398.4,0
1077577200,398.4,404.3,398.4,403.6,0
1077663600,403.6,404.8,392.8,395.6,0
1077750000,403.5,403.5,390.9,394.8,0
1077836400,394.8,397.8,392.3,395.9,0
1078095600,395.9,402.9,395.9,399.3,0
1078182000,399.3,401.5,391.1,392.8,0
1078268400,392.8,393.4,388.1,393.1,0
1078354800,393.1,395.5,391.7,392.8,0
1078441200,392.8,401.4,392.6,401,0
1078700400,401,401.2,398.4,401.2,0
1078786800,401.2,406,400.4,403.1,0
1078873200,403.1,404.7,397.8,399.9,0
1078959600,399.7,402.8,397.2,402.6,0
1079046000,402.6,402.8,395,395,0
1079305200,395,400.7,395,399.2,0
1079391600,399.62,404.3,399.1,402,0
1079478000,402,407.12,401.7,407.1,0
1079564400,406.62,414.1,406.12,411.1,0
1079650800,411.1,413.2,409.1,412.1,0
1079910000,412.1,418.5,411.2,417,0
1079996400,417,420.3,415.5,419.13,0
1080082800,419.5,419.9,414.9,417,0
1080169200,417,418.1,414.5,416,0
1080255600,416,423.5,414.7,422.1,0
1080514800,422.1,422.25,416.2,417.6,0
1080601200,417.5,422.1,417,420.6,0
1080687600,420.5,427.2,420.4,425.9,0
1080774000,425.8,432.1,424.2,426.2,0
1080860400,425.7,431,417.7,420.5,0
1081116000,420.5,422.3,413.7,415.6,0
1081202400,415.4,419.4,414.3,419.13,0
1081288800,419.2,423.8,417.7,422.9,0
1081375200,422.9,423.9,418.8,419.7,0
1081461600,419.7,421.3,419.7,419.8,0
1081720800,419.8,421.9,417.3,418.5,0
1081807200,418.4,421.3,405.4,406.5,0
1081893600,406.6,407.9,396.75,400.6,0
1081980000,400.5,401.6,395.3,398.9,0
1082066400,398.9,402.4,397,400.5,0
1082325600,400.4,405.5,400.2,400.7,0
1082412000,400.7,400.9,394.6,394.6,0
1082498400,394.2,398.7,389.7,389.8,0
1082584800,389.7,393.8,389.5,392.6,0
1082671200,392.5,396.5,392.5,395.2,0
1082930400,395.3,398.1,393.9,396.1,0
1083016800,396.3,399.13,395.8,398.4,0
1083103200,398.3,398.7,383.9,384.5,0
1083189600,384.6,388.2,377.7,387.7,0
1083276000,387.7,390.8,386.1,386.8,0
1083535200,386.6,389.4,386,386.5,0
1083621600,386.2,393.5,386.2,392.3,0
1083708000,392.3,394.88,390.5,394,0
1083794400,393,393.8,387.1,387.5,0
1083880800,387.7,390.6,377.7,378.9,0
1084140000,378.7,379.5,371.6,378.6,0
1084226400,378.6,379.9,374.8,377.8,0
1084312800,377.8,384.2,377.1,377.8,0
1084399200,377.9,379,372.8,374.7,0
1084485600,374.7,377.6,373.4,376.6,0
1084744800,376.6,383.3,376.6,378.7,0
1084831200,378.7,379.8,375.1,375.1,0
1084917600,375.3,383.2,375.3,382.2,0
1085004000,382.2,382.6,378.5,379.5,0
1085090400,379.6,387.1,379,384.2,0
1085349600,384.3,386.6,382.5,385.3,0
1085436000,385.6,389.8,384.9,388.4,0
1085522400,388.5,392.6,387.9,388.3,0
1085608800,388.4,395.7,388.4,394.4,0
1085695200,394.4,396.7,392.9,393.4,0
1085954400,393.5,395.6,393.5,395.3,0
1086040800,395.3,398.7,393.7,394.3,0
1086127200,394.4,396.9,390.4,391.2,0
1086213600,391.4,392.7,387.8,387.9,0
1086300000,387.9,391.6,384.6,389.9,0
1086559200,389.9,394.2,389.9,393.6,0
1086645600,394.2,395.3,390.7,391.4,0
1086732000,391.4,391.9,383.4,384.5,0
1086818400,384.6,387.7,382.8,385.9,0
1086904800,385.9,386.3,383.8,384.3,0
1087164000,384.3,386.1,382.9,383.4,0
1087250400,383.4,389.1,381.9,388.9,0
1087336800,388.9,390.1,383.3,384.5,0
1087423200,384.5,389.5,384,389.2,0
1087509600,389.4,396.1,386.8,394.7,0
1087768800,394.8,397.1,393,393.7,0
1087855200,393.7,396.6,393.3,394.5,0
1087941600,394.6,397,393.1,395.9,0
1088028000,396,403.2,394.2,401.1,0
1088114400,401.3,403.1,392.5,401,0
1088373600,401.1,405,399.9,400.5,0
1088460000,400.6,401.3,390.7,392.4,0
1088546400,392.1,396.6,391.9,393.5,0
1088632800,393.5,396.1,393.3,395.7,0
1088719200,395.8,400.8,388.4,397.8,0
1088978400,397.7,399,397.5,398,0
1089064800,398,399.1,388.9,392.4,0
1089151200,392.4,403.4,392.4,402.1,0
1089237600,401.8,409.1,400,407.4,0
1089324000,407.2,408.2,400.75,407.6,0
1089583200,407.6,408.6,405.8,407.1,0
1089669600,407.3,407.8,400.5,401.5,0
1089756000,401.5,406.1,401.5,405.1,0
1089842400,405.2,405.8,401.6,403.8,0
1089928800,403.9,407.5,402.9,406.1,0
1090188000,406.5,407.8,404.05,405.7,0
1090274400,405.8,406.6,399.6,399.7,0
1090360800,400,405.9,394.9,396.6,0
1090447200,396.8,399.5,393.6,393.6,0
1090533600,393.5,396.45,387.05,389.9,0
1090792800,389.9,392.38,388.5,388.5,0
1090879200,388.6,393.4,386.1,386.9,0
1090965600,386.8,390.8,385.7,387.4,0
1091052000,387.4,391.1,385.7,387.3,0
1091138400,387.2,392.2,384.5,390.5,0
1091397600,391.25,394.4,391.2,391.7,0
1091484000,391.6,394.7,389.2,393.6,0
1091570400,393.6,394.2,390.9,391.6,0
1091656800,391.6,393.3,391,392.1,0
1091743200,392.1,401.2,391.9,399.5,0
1092002400,399.6,400.7,392.75,399.9,0
1092088800,400.1,400.9,398.4,398.4,0
1092175200,398.5,399.8,392.95,395.2,0
1092261600,395.1,397.95,393.2,393.2,0
1092348000,393.3,403.2,392.8,398.8,0
1092607200,397.5,404.6,397.5,401.7,0
1092693600,401.6,405.2,400.6,404.9,0
1092780000,405.1,405.2,401.7,404.2,0
1092866400,404.2,407.8,404.2,406.4,0
1092952800,406.4,414.1,405.4,412.4,0
1093212000,411.5,412.6,408.8,409.6,0
1093298400,409.5,410.2,402.4,402.7,0
1093384800,402.8,407.9,402.8,407,0
1093471200,407.2,409.3,404.6,406.7,0
1093557600,406.7,408.7,401,402.9,0
1093816800,402.8,408.9,402.8,408.4,0
1093903200,408.4,411,407,409.5,0
1093989600,409.6,410,407,408.5,0
1094076000,408.6,416.6,405.7,405.9,0
1094162400,405.9,407.5,399.2,400.7,0
1094421600,400.8,407.5,400.7,402.3,0
1094508000,402.3,402.5,396.9,398.1,0
1094594400,398.3,400.3,395.3,398.8,0
1094680800,398.7,400.7,397.7,399.4,0
1094767200,399.5,403,398.8,402.4,0
1095026400,402.4,404.8,399.4,403.7,0
1095112800,403.3,407,402.8,405.8,0
1095199200,405.05,406,403.2,404.9,0
1095285600,404.9,405.9,402.5,404.3,0
1095372000,404.3,406.9,403.5,405.4,0
1095631200,405,405.6,403.8,404.8,0
1095717600,404.8,410.1,404.5,409.5,0
1095804000,409.5,409.5,404.4,407,0
1095890400,407,412,406.8,410,0
1095976800,410,411.7,407.1,407.6,0
1096236000,407.4,410.1,407.4,408.7,0
1096322400,408.7,412.9,408.7,412.2,0
1096408800,412.2,414.8,411.3,412.7,0
1096495200,412.7,418.9,411.5,418.7,0
1096581600,418.7,419.9,417.1,418.8,0
1096840800,418.8,418.9,411.9,413.7,0
1096927200,413.7,419.6,412.25,418,0
1097013600,418,420.2,416,417.7,0
1097100000,417.7,419.8,417.4,417.4,0
1097186400,417.4,424.3,417.4,422.7,0
1097445600,421.75,423.1,421.3,421.7,0
1097532000,421.7,422.25,412.9,414.8,0
1097618400,414.8,416.3,409.6,415.6,0
1097704800,415.8,426.9,414.38,417.8,0
1097791200,417.8,421.5,409.25,418.6,0
1098050400,418.25,420.2,416.4,416.4,0
1098136800,416.4,420.7,414.9,420.2,0
1098223200,420.2,425.8,419.6,423.7,0
1098309600,423.7,426,421.25,423.7,0
1098396000,423.7,425.1,421.25,424,0
1098655200,424,430.6,423.5,428.4,0
1098741600,428.4,428.9,424.9,426.6,0
1098828000,426.6,428.8,421.3,424,0
1098914400,424,427.2,420.8,424.1,0
1099000800,423.9,428.7,423.9,428.1,0
1099263600,428.1,430.4,426.4,426.9,0
1099350000,427,427.1,417.5,420.8,0
1099436400,421.2,427.03,419.3,426.3,0
1099522800,425.4,433,422.3,428.9,0
1099609200,428.9,434,425,433.6,0
1099868400,433.6,435,431.4,432.4,0
1099954800,432.4,436.6,431,434.9,0
1100041200,434.9,438,432.48,433.8,0
1100127600,433.8,435.5,432.1,434.6,0
1100214000,434.6,438.8,433.6,437.6,0
1100473200,437.6,440.1,436.1,436.3,0
1100559600,436.2,440.9,435.75,439.4,0
1100646000,439.3,444.9,439.1,444.5,0
1100732400,444.5,445.9,440.2,442.8,0
1100818800,442.8,448.2,442,446.7,0
1101078000,446.7,448.9,443.75,448.7,0
1101164400,448.7,449.5,446.3,446.55,0
1101250800,447.3,449.6,447.3,449.3,0
1101337200,449.3,452.7,449,451.3,0
1101423600,451.3,455.1,449.5,451.9,0
1101682800,451.9,454.7,449.7,453.4,0
1101769200,453.5,454,448.1,450.8,0
1101855600,450.8,455.5,450.6,454.5,0
1101942000,454.3,456.7,446.9,448.85,0
1102028400,448.8,456.1,443.75,455.3,0
1102287600,455.3,456.55,450.4,451.9,0
1102374000,451.8,454.8,450.6,450.6,0
1102460400,450.4,452.5,433.8,440,0
1102546800,440,441,432.7,436.6,0
1102633200,436.9,437.5,431.8,433.9,0
1102892400,433.9,439.9,433.7,438.3,0
1102978800,438.7,439.4,435.3,435.38,0
1103065200,435.7,441.5,435.5,440.4,0
1103151600,440,442.6,436,436.7,0
1103238000,436.7,442,436.7,441.1,0
1103497200,441.1,444,441.1,442.4,0
1103583600,442.4,443.3,440.6,441.4,0
1103670000,441.4,442.63,439,439.3,0
1103756400,439.2,442.3,439.2,441.4,0
1103842800,439.5,443,439.5,442.1,0
1104102000,442.1,445.2,442.1,444.2,0
1104188400,444.2,445.2,443,443,0
1104274800,443,444.2,433.6,436,0
1104361200,436,438.6,433.95,437.3,0
1104447600,437.3,438.7,437.25,438,0
1104706800,438,438,427.1,429.5,0
1104793200,429.4,437,424.2,426.95,0
1104879600,427.5,428.75,425.5,426.2,0
1104966000,426.1,427.2,420.6,421.4,0
1105052400,420.9,425.1,416.9,418.8,0
1105311600,419,421.5,419,419.13,0
1105398000,419.2,422.6,419.2,422,0
1105484400,421.6,427.7,420.9,426,0
1105570800,426,426.8,423.5,424.9,0
1105657200,425.1,425.3,420.9,422.5,0
1105916400,422.5,423.1,421.5,421.63,0
1106002800,422.2,423.8,421.4,422.7,0
1106089200,422.7,426.9,422.3,422.55,0
1106175600,423,423,420.4,422,0
1106262000,422.2,428.2,421.4,427,0
1106521200,427,428,426.8,427,0
1106607600,427.1,427.7,421.3,421.8,0
1106694000,422,427.6,421.7,426.6,0
1106780400,426.2,428,424.3,425.8,0
1106866800,425.6,428.33,424.4,426,0
1107126000,426,426.6,419.8,422.1,0
1107212400,422.1,422.3,419.8,420.85,0
1107298800,420.6,422.53,420.3,421.5,0
1107385200,421.5,421.6,414.8,416.85,0
1107471600,416.7,418.28,414.3,414.3,0
1107730800,414.3,416.05,412.8,413.5,0
1107817200,413.5,414.2,410.9,412.5,0
1107903600,412.2,413.53,410.5,413.3,0
1107990000,413.2,418.7,412.1,417.6,0
1108076400,417.3,421.9,415,420.5,0
1108335600,420.5,426.3,420.5,425.7,0
1108422000,425.3,427.2,423.9,425.5,0
1108508400,425.3,425.6,422.4,425.03,0
1108594800,425,428.4,424.6,426.8,0
1108681200,427.2,428,425.5,426.4,0
1108940400,426.4,428.8,426.3,427,0
1109026800,427,435.5,426.6,435.5,0
1109113200,435.6,435.6,432,434.4,0
1109199600,434.1,436.6,432.5,433.7,0
1109286000,433.6,435.5,431.5,434.9,0
1109545200,434.9,438,434.3,435.1,0
1109631600,435.2,436,431.1,432.4,0
1109718000,432.4,433.7,428.8,432.6,0
1109804400,432.5,433.3,429.38,429.4,0
1109890800,429.2,435.1,429.2,433.9,0
1110150000,433.8,435.4,432.5,434.2,0
1110236400,434.1,440.7,434.1,440.3,0
1110322800,440.2,442.3,439.1,440.3,0
1110409200,440.2,442.6,440,442,0
1110495600,442,446.9,440.5,445.8,0
1110754800,445.7,445.7,440.2,440.8,0
1110841200,440.7,443.9,439.8,440.6,0
1110927600,440.6,443.9,440.1,443.2,0
1111014000,443.2,443.83,437.5,438.5,0
1111100400,438.5,439.8,436,439,0
1111359600,439.25,439.6,429.3,431.1,0
1111446000,430.8,432.3,426.7,426.7,0
1111532400,426.4,430,424.6,425,0
1111618800,425.1,426.4,424.3,424.3,0
1111705200,424.3,425.9,424.3,425.9,0
1111964400,424.9,426.4,423.8,426.1,0
1112050800,425.7,427.7,425.7,425.8,0
1112137200,426,428,426,426.1,0
1112223600,425.9,428.8,425.9,428.2,0
1112310000,428.1,428.9,424.9,425.9,0
1112565600,425.5,426.5,422.2,423.9,0
1112652000,424.1,425.5,423.1,424.6,0
1112738400,424.5,427.4,424.3,426.5,0
1112824800,426.3,428.2,425.4,425.9,0
1112911200,425.6,427.3,424.6,426.7,0
1113170400,426.5,429.7,426.5,427.8,0
1113256800,428,430.4,426.7,427.8,0
1113343200,427.9,429.4,427.2,428.6,0
1113429600,428.8,429,422.2,423.4,0
1113516000,423.3,425.8,422.5,424.5,0
1113775200,425.1,427.8,423.25,426.9,0
1113861600,426.9,433.6,426.6,433.3,0
1113948000,433.4,435.5,431.6,434.2,0
1114034400,434.2,435,431.7,432,0
1114120800,432.2,435.65,432.2,434.25,0
1114380000,434,434.7,432.8,434.4,0
1114466400,434.4,437.7,434.4,436.6,0
1114552800,436.9,437.08,432.1,432.5,0
1114639200,432.3,433.7,430.88,431.2,0
1114725600,431.1,436.5,431.1,435,0
1114984800,434.75,434.75,428.8,429.2,0
1115071200,428.6,429.8,425.9,427.5,0
1115157600,427.3,429.7,427.3,429.4,0
1115244000,429.5,431.6,428.08,429.9,0
1115330400,430.1,430.98,423.98,425.7,0
1115589600,426.4,426.6,425,425.9,0
1115676000,426,427.9,425.85,426.4,0
1115762400,426.4,428.5,425.7,427.1,0
1115848800,427.1,427.5,420.7,421.8,0
1115935200,421.7,422.2,419.1,420,0
1116194400,420,420.4,418.3,419.2,0
1116280800,419.3,421.1,418.4,418.4,0
1116367200,418.5,421.6,418.5,421.3,0
1116453600,421.1,423.1,419.7,420.5,0
1116540000,420.1,422.5,416.9,417.2,0
1116799200,417.5,420.5,417.1,417.1,0
1116885600,417.1,419.28,416.5,418.2,0
1116972000,417.9,419.4,417.4,419,0
1117058400,418.9,419.8,417.1,417.6,0
1117144800,417.3,420.2,417.1,420.1,0
1117404000,419.75,419.78,417.9,417.9,0
1117490400,419.3,419.3,413.8,416.8,0
1117576800,416.8,418.75,414.8,415,0
1117663200,415,423.5,415,421.6,0
1117749600,421.8,424.8,421.8,422.1,0
1118008800,422.65,427.2,422.65,425.7,0
1118095200,425.5,427.53,424.4,424.4,0
1118181600,424.3,426.5,423.3,423.3,0
1118268000,423.5,424.9,421.3,423.4,0
1118354400,423.7,428.4,422.5,426.7,0
1118613600,426.6,430.5,424.5,428.6,0
1118700000,428.6,428.6,426.5,426.5,0
1118786400,426.5,429.8,426.25,428.7,0
1118872800,428.7,436.6,428.4,435.2,0
1118959200,435.4,439.3,435.4,437.4,0
1119218400,438.1,441.03,437,437.8,0
1119304800,437.5,438.8,434.3,438.3,0
1119391200,438.3,439.83,436.3,437.9,0
1119477600,437.8,442.3,436.2,440.8,0
1119564000,441.1,443.53,438.5,439.6,0
1119823200,439.1,440.3,438.7,439.4,0
1119909600,439.5,440,435.2,435.2,0
1119996000,435.6,438,434.1,436.7,0
1120082400,436.4,439,434.5,434.5,0
1120168800,434.8,436.5,426.9,427.3,0
1120428000,428.5,428.8,426.7,427.1,0
1120514400,427.1,427.4,421.8,423.3,0
1120600800,423.5,425.1,423.2,423.4,0
1120687200,423.6,428.8,421.9,424.2,0
1120773600,424.2,424.9,421.7,422.8,0
1121032800,423.2,426.5,423.2,426.1,0
1121119200,425.9,427.7,425,426.7,0
1121205600,426.6,427,423.5,423.8,0
1121292000,424,424.5,418.9,419.2,0
1121378400,419.4,421.4,417.9,421.3,0
1121637600,421.3,422.4,420,420.8,0
1121724000,420.8,421.9,419,419.8,0
1121810400,419.8,423.2,419.8,423,0
1121896800,423.1,425.9,422.3,425.7,0
1121983200,425.5,426.8,424.4,424.8,0
1122242400,426.15,426.6,424.6,425.6,0
1122328800,425.5,425.9,422.4,423.2,0
1122415200,423.2,425.8,422,425.3,0
1122501600,425.1,428.9,423.25,427.5,0
1122588000,427.7,430.8,427.1,429.2,0
1122847200,429.5,432.6,428.4,431.5,0
1122933600,431.6,433.1,430.9,431.9,0
1123020000,431.9,437.4,430.6,436.4,0
1123106400,436.6,439.2,435.8,437.3,0
1123192800,437.3,439.1,437.1,437.1,0
1123452000,437.4,437.7,434.2,434.5,0
1123538400,434.8,435.6,433,434.8,0
1123624800,434.7,437.4,434.7,437.1,0
1123711200,437.1,447.2,437,445.4,0
1123797600,445.8,449.9,444,446,0
1124056800,446,446.2,441.2,442.2,0
1124143200,442.25,446.8,440.7,445.75,0
1124229600,445.75,446.3,438.4,440.2,0
1124316000,440.2,442.5,438.1,439.2,0
1124402400,439.2,440.7,436,436.1,0
1124661600,438.1,440.5,436.2,437.65,0
1124748000,437.65,440.4,437.65,439.2,0
1124834400,439.2,440.8,435.9,437.3,0
1124920800,437.3,439.8,437.3,438.1,0
1125007200,438.1,440.2,436.1,438.1,0
1125266400,437.75,440.6,436.6,436.6,0
1125352800,436.55,437.28,429.3,431.25,0
1125439200,431.25,435.3,430.9,434.85,0
1125525600,434.9,445.1,434.3,442.8,0
1125612000,442.8,447.3,441.7,443.2,0
1125871200,444.3,446.6,444,445,0
1125957600,445.1,446.2,442.9,444.5,0
1126044000,444.4,446.1,443.45,445,0
1126130400,444.8,449.75,444,446.7,0
1126216800,446.6,449.6,446.3,449,0
1126476000,448.8,451.5,447.6,449.15,0
1126562400,449.15,449.7,444.7,446.16,0
1126648800,446.11,450.75,446.11,450.75,0
1126735200,450.5,455.8,448.9,455.5,0
1126821600,455.5,460.2,454.3,459.6,0
1127080800,458.7,468.5,458.6,464.2,0
1127167200,463.9,470.8,462.85,464.3,0
1127253600,464.2,472.5,464.2,472.3,0
1127340000,472.1,475.7,463.3,465.8,0
1127426400,465.3,467.03,461,463.8,0
1127685600,462.85,467.3,459,466.25,0
1127772000,466,466.5,458.1,462.9,0
1127858400,462.9,470.3,461.6,468.95,0
1127944800,469,473.6,468.3,471.8,0
1128031200,471.5,474.5,468.1,468.7,0
1128290400,469.9,469.9,464.23,465.6,0
1128376800,465.5,469.57,464.4,466.1,0
1128463200,466.3,466.85,463.2,464.75,0
1128549600,464.7,473.7,464.7,473.35,0
1128636000,473.5,476.1,470.2,475.5,0
1128895200,475.5,478.7,472.6,475.1,0
1128981600,475,478.6,474.6,475.55,0
1129068000,475.3,480.4,470.6,471.15,0
1129154400,471.8,474.05,467.8,471.1,0
1129240800,471.1,472,466,469.25,0
1129500000,468.87,475.55,468.87,473.6,0
1129586400,473.6,474.5,470.6,471.3,0
1129672800,471.4,471.55,461.9,464.4,0
1129759200,464,465.15,460.1,461.1,0
1129845600,461.1,467.5,460.8,466.9,0
1130104800,466.62,468.75,463.3,464.7,0
1130191200,464.7,473.7,464.47,472.4,0
1130277600,472.4,474.53,470.7,470.7,0
1130364000,470.8,475.7,470.2,473.3,0
1130450400,473.3,474.5,469.6,473,0
1130713200,472.6,473.2,465.1,465.6,0
1130799600,465.6,466.65,458.1,459.05,0
1130886000,458.9,463.8,458.9,462.7,0
1130972400,462.9,465.3,459,460.7,0
1131058800,460.9,464.45,455.1,456.5,0
1131318000,456.3,459.5,456.3,459.2,0
1131404400,459.4,462.5,456.85,460.3,0
1131490800,460.6,467.8,460.3,467.1,0
1131577200,466.3,470,465.4,466.1,0
1131663600,466.3,469.15,465.1,469,0
1131922800,468.5,470.8,466.9,467.1,0
1132009200,467.3,469.85,466.7,468.3,0
1132095600,468.45,479.03,468.45,479,0
1132182000,478.9,487,478.2,485.8,0
1132268400,485.3,488.8,484,485.7,0
1132527600,485.35,491.3,484.8,491.2,0
1132614000,491,495.4,489.95,494.3,0
1132700400,494.3,494.3,487.4,491.75,0
1132786800,491.9,494.55,491.9,493.32,0
1132873200,493.3,496.9,493.3,495.4,0
1133132400,495.4,498.95,493.4,498.3,0
1133218800,498.4,505.12,494.6,498.7,0
1133305200,498.6,499.7,492.23,492.7,0
1133391600,492.8,504.3,490.65,503.8,0
1133478000,503.7,506.7,500.4,504.35,0
1133737200,503.7,509.7,503.25,509.1,0
1133823600,509.2,511.1,504.2,510.7,0
1133910000,511.1,516.6,509.2,514.65,0
1133996400,514.9,521,512.4,520.45,0
1134082800,520.85,530.8,519.9,525.85,0
1134342000,525.1,541.3,525.1,527.5,0
1134428400,527.4,529.6,518.15,518.2,0
1134514800,518.4,518.5,505.4,505.8,0
1134601200,505.9,509.4,500.05,502.75,0
1134687600,502.6,507.4,493.4,502.6,0
1134946800,502.87,509.2,501.1,503.75,0
1135033200,503.1,508.4,492.2,492.45,0
1135119600,491.7,495.1,489.7,494.95,0
1135206000,495.3,504.8,493.4,503.8,0
1135292400,504.2,506.3,500,502.6,0
1135551600,503.35,505.28,502.6,502.6,0
1135638000,502.7,508.5,502.7,507.3,0
1135724400,507.6,517.9,507.6,516.3,0
1135810800,516.4,517.9,510.8,516.7,0
1135897200,516.6,517.8,512.65,514.77,0
1136156400,513.05,517.12,513.05,517.12,0
1136242800,517.4,534.6,517.4,533.35,0
1136329200,533.9,535.67,525.4,534,0
1136415600,534.1,534.9,522.65,524.2,0
1136502000,524.5,540.1,523.25,538.95,0
1136761200,538.75,551.4,535.3,548.5,0
1136847600,548.8,549.5,539.6,542.4,0
1136934000,542.3,549.5,539.6,547.5,0
1137020400,548.3,549.7,542.5,546.53,0
1137106800,546.2,557.8,544.65,555.5,0
1137366000,555.9,562.2,555.9,561.95,0
1137452400,562,564.2,552.15,554.45,0
1137538800,554.2,557.3,542.6,542.6,0
1137625200,542.5,559,540.1,557.45,0
1137711600,556.9,568,552.4,552.7,0
1137970800,553.45,560.65,549.2,558.85,0
1138057200,558.9,559.9,552.98,558.25,0
1138143600,558.3,566.7,557,563,0
1138230000,562.9,563.6,554.75,560.1,0
1138316400,559.9,564.5,556.05,558.2,0
1138575600,559.1,569.4,558.5,567.9,0
1138662000,567.8,572.7,565.8,568.5,0
1138748400,568.6,571.8,563.5,569,0
1138834800,569.1,575.15,568.05,572,0
1138921200,572,573.8,565,566.95,0
1139180400,567.25,573.9,567.25,569.8,0
1139266800,569.52,570.9,546.65,548.8,0
1139353200,548.2,552.88,545.22,551.2,0
1139439600,550.8,566.85,549.55,563.8,0
1139526000,564.2,568.6,546.95,550.7,0
1139785200,550.45,551.63,538.7,539.9,0
1139871600,540.1,547.6,535.1,547,0
1139958000,546.8,547.9,536.05,539.5,0
1140044400,539.2,547.9,536.1,547.5,0
1140130800,547.5,554.3,544.3,552.05,0
1140390000,552.35,556.8,551.7,555.5,0
1140476400,555.5,556.33,551.3,553.8,0
1140562800,554,555.7,547.8,555.3,0
1140649200,555.3,555.9,548.3,548.9,0
1140735600,548.5,559.5,547.53,558.55,0
1140994800,556.6,559.05,552.8,553.6,0
1141081200,553.4,562.4,553.1,561.6,0
1141167600,561.2,566.8,559.3,562.6,0
1141254000,562.4,570.2,561.9,568.4,0
1141340400,569.3,570.75,564.55,565.1,0
1141599600,564.95,568.2,551.85,554.7,0
1141686000,555.2,558.78,548.3,552.3,0
1141772400,552.4,553.85,538.45,543.1,0
1141858800,542.8,550.65,539.85,545.7,0
1141945200,545.7,546.88,534.2,540.85,0
1142204400,540.7,547,540.7,546.1,0
1142290800,545.6,552.5,542.6,550.7,0
1142377200,550.9,557.25,550.15,552.8,0
1142463600,552.6,556.7,547.5,555.2,0
1142550000,555.3,557.7,552,553.7,0
1142809200,553.8,556.4,550.25,554.3,0
1142895600,554.7,555.2,547.2,551.5,0
1142982000,551.6,553.32,547.15,550,0
1143068400,550.6,551.25,544.53,549.7,0
1143154800,549.7,561.02,548.4,560,0
1143414000,560.2,568.5,558.9,566.9,0
1143500400,567.1,569.4,563.1,563.1,0
1143586800,563.3,574.4,560.5,573,0
1143673200,573.4,589.6,571.55,588.6,0
1143759600,587.9,588.9,579.2,583.2,0
1144015200,583.4,591.7,582.4,588.3,0
1144101600,587.75,590.3,584.9,585.45,0
1144188000,585.8,589.7,582.4,588.85,0
1144274400,589.05,597.7,587.25,595.6,0
1144360800,595.3,598.1,585.4,588.05,0
1144620000,588.55,600.05,588.55,599.6,0
1144706400,599.8,604,592.9,592.9,0
1144792800,593.1,600.05,593.1,598.05,0
1144879200,597.95,598.45,590.6,596.15,0
1144965600,596.3,599.55,595.98,599.55,0
1145224800,599.55,615.8,597.25,614.4,0
1145311200,613.9,622.6,612.75,621.15,0
1145397600,621.3,642.35,621.3,639.1,0
1145484000,639.25,645.8,607.5,613.1,0
1145570400,613.3,635.4,610.8,634.9,0
1145829600,633.5,640.9,619.1,619.1,0
1145916000,619.2,635.05,618.4,630.05,0
1146002400,630.05,641.1,628.45,638.35,0
1146088800,639.05,643.9,625.8,633.7,0
1146175200,633.65,655.7,633.65,654.15,0
1146434400,652,661.45,650.93,655.3,0
1146520800,654.85,669.1,653.2,668.75,0
1146607200,668.8,677.1,658.4,664.3,0
1146693600,664.2,680.3,661,679.4,0
1146780000,679.5,684.7,675.05,682.35,0
1147039200,682.3,686.1,671.7,678.2,0
1147125600,678.5,700.6,677.95,700.2,0
1147212000,700.3,709.5,694.2,708.65,0
1147298400,708,726.3,702.3,713,0
1147384800,713.3,730.25,708.05,714.7,0
1147644000,714.5,720.38,677.1,679.3,0
1147730400,679.1,692.8,675,687.8,0
1147816800,688.2,716.8,685.3,686.45,0
1147903200,686.6,694.55,678.4,684.75,0
1147989600,685.15,688.5,651.6,657.3,0
1148248800,657.5,661.5,637,656.1,0
1148335200,656.25,674.75,651.9,665.95,0
1148421600,668.05,670.5,636.05,642.2,0
1148508000,641.7,651.55,638.9,650.05,0
1148594400,650.9,655.5,640.9,652.65,0
1148853600,650.4,653.7,647,649.32,0
1148940000,649.32,665.3,648.75,652.3,0
1149026400,652.9,659.8,638.6,642.7,0
1149112800,642.95,645.5,620.85,628.35,0
1149199200,628.25,638.9,618.9,637.7,0
1149458400,637.65,645.55,635.3,635.3,0
1149544800,635.15,642,625.55,629.85,0
1149631200,629.45,631.3,616.85,626.6,0
1149717600,626.8,628.2,608,613.6,0
1149804000,613.8,617.5,601.4,607.1,0
1150063200,606.95,612,603,604.65,0
1150149600,604.35,605,561.8,565.7,0
1150236000,565.6,571.55,542.9,559.85,0
1150322400,559.45,578.55,554.5,576.7,0
1150408800,576.1,585.05,567.05,580.5,0
1150668000,580.6,580.6,564.35,565.45,0
1150754400,565.45,577.7,561.1,575.2,0
1150840800,574.5,590.7,570.9,586.2,0
1150927200,587,595.05,579.7,580.8,0
1151013600,580.5,586.1,572.1,583.65,0
1151272800,583.65,587.1,577.7,585.15,0
1151359200,585,596.2,579.1,579.1,0
1151445600,579.3,586.7,577,579.7,0
1151532000,578.7,600.45,578.7,598.8,0
1151618400,598.5,616.45,597.5,614.05,0
1151877600,614.05,626.9,613.6,623.47,0
1151964000,623.7,623.8,617.2,621.57,0
1152050400,625.1,630.75,617.9,627.3,0
1152136800,627.2,635.1,622,632.8,0
1152223200,633.4,637.7,627.6,628.6,0
1152482400,628.82,632.3,620.3,623.45,0
1152568800,623.45,643.42,621.5,640.95,0
1152655200,640.3,655.3,639.5,650,0
1152741600,650.5,665.27,644.5,664.9,0
1152828000,662.87,667.75,659.3,663.7,0
1153087200,663.42,676.5,641.1,642.4,0
1153173600,642.5,654.55,627.85,632.04,0
1153260000,629.9,646.7,618.45,642,0
1153346400,642.6,645.2,628.2,629.2,0
1153432800,629.2,637.4,616.2,620,0
1153692000,620.82,620.82,602.1,615.2,0
1153778400,615.04,624,609.9,618.87,0
1153864800,618.7,627.12,613.4,622.85,0
1153951200,622.85,641.32,622.85,634.22,0
1154037600,633.6,638.8,626.1,633.9,0
1154296800,634.32,639.4,628.6,635.92,0
1154383200,635.6,648.4,630.5,647.3,0
1154469600,647.25,656.35,645.5,650.45,0
1154556000,651.45,652.9,639.22,644.9,0
1154642400,645.2,654.5,643.5,645.7,0
1154901600,646.07,652.3,644.6,648.2,0
1154988000,648.32,649.75,641.25,642.14,0
1155074400,641.95,655.1,635.45,650.45,0
1155160800,650.25,654.1,633.8,637.04,0
1155247200,637,645.3,626.3,631,0
1155506400,635.3,635.3,622.4,627.3,0
1155592800,626.8,628.3,620.7,624.4,0
1155679200,623.86,633,623.7,628.8,0
1155765600,628.85,632.15,613.2,613.2,0
1155852000,613.55,619.2,607.5,614.6,0
1156111200,614.65,629.4,614,627.64,0
1156197600,628.1,629.2,620.4,623.45,0
1156284000,623.55,630.8,621,621,0
1156370400,621.29,626.45,618.95,619.1,0
1156456800,618.8,624.7,618.25,622.5,0
1156716000,622.4,623.9,612.7,613.45,0
1156802400,613.45,617.7,607.3,614.14,0
1156888800,614,621.05,612.6,618.8,0
1156975200,618.6,627.35,618.5,625,0
1157061600,625.2,627.6,619.6,625.8,0
1157320800,625.2,627.85,625.2,625.8,0
1157407200,627.1,640.6,626.55,638.04,0
1157493600,638.3,640.3,631.45,633.29,0
1157580000,633.45,636.02,613.9,616.6,0
1157666400,616.6,619.25,606.6,610.3,0
1157925600,610.5,611.4,583.27,589.4,0
1158012000,588.85,599.9,584.4,585.89,0
1158098400,585.89,593.8,579.2,590.2,0
1158184800,589.7,595.16,575.05,575.4,0
1158271200,574.89,582.1,570.8,579.1,0
1158530400,579.3,588.5,578,587.1,0
1158616800,587.7,588.79,571.8,571.8,0
1158703200,572.35,586.54,572.35,576.3,0
1158789600,576.2,585.25,575,584.55,0
1158876000,583.7,592.5,583.7,589.2,0
1159135200,589.35,591.85,582.25,589.33,0
1159221600,590,594,586.25,591.29,0
1159308000,591.7,603.5,590.25,601.5,0
1159394400,602.7,607.2,600.4,601.15,0
1159480800,600.75,603.9,594.55,597.8,0
1159740000,598,603.9,594.79,594.79,0
1159826400,595.05,598,574,574.07,0
1159912800,574.5,580.85,558.85,567.37,0
1159999200,567.65,574.5,562.75,573.1,0
1160085600,573.5,574.3,560.65,573.3,0
1160344800,573.8,581,571.6,576.6,0
1160431200,576.35,581.6,569.2,572.89,0
1160517600,572.64,579.3,570.65,572.95,0
1160604000,572.5,579.35,571.1,579.2,0
1160690400,579.25,590.55,577.5,589.5,0
1160949600,590.15,596.5,589.45,596.35,0
1161036000,597.05,599.35,585.9,589.67,0
1161122400,589.55,595.2,587.6,589.6,0
1161208800,589.95,600.8,586.6,599.7,0
1161295200,599.4,602.65,591,591,0
1161554400,591.5,592.8,579.6,581.32,0
1161640800,581.64,586.6,573.3,585.39,0
1161727200,584.8,592.05,580,591.52,0
1161813600,591.75,598.9,590.2,596.54,0
1161900000,597,600.1,591.9,599.3,0
1162162800,599.8,610.9,598.7,603.95,0
1162249200,604.04,607.65,598.4,605.75,0
1162335600,606.1,619.5,605.9,617.1,0
1162422000,617.55,626.9,614.65,623.25,0
1162508400,624.2,629.23,617.75,627.15,0
1162767600,627,629.75,622.25,622.25,0
1162854000,623.2,629.3,622.2,624.65,0
1162940400,624.3,627.1,613.65,615.4,0
1163026800,615.7,635.7,615.4,632.65,0
1163113200,633.55,636.6,625.45,628.8,0
1163372400,628.45,632.65,619.45,625.35,0
1163458800,624.8,629.4,619.35,620.15,0
1163545200,620.85,625,615.5,622.45,0
1163631600,622.5,628.35,618.05,618.05,0
1163718000,617.8,622.6,614.4,621.45,0
1163977200,621.4,627.05,620.55,622.15,0
1164063600,622.65,629.1,622.05,626.95,0
1164150000,626.95,634.8,626.4,629.8,0
1164236400,630,631.55,628.55,630.7,0
1164322800,630.6,640.05,630.5,637.2,0
1164582000,638,641.9,637.25,640.15,0
1164668400,640.3,641.95,633,639.75,0
1164754800,639.9,640.6,634.9,636.2,0
1164841200,636.45,648.95,636.45,647.8,0
1164927600,648,650.1,644,645.4,0
1165186800,645.35,648.1,640.75,646,0
1165273200,646.05,648.8,638.6,642.85,0
1165359600,642.8,642.8,628.07,630.4,0
1165446000,630.5,634,625.1,633.4,0
1165532400,632.6,638,623.55,624.85,0
1165791600,623.9,630.65,623.45,630.3,0
1165878000,629.8,631.1,626.9,629.65,0
1165964400,629.8,630.4,623.6,628.5,0
1166050800,627.7,629.35,625.35,625.35,0
1166137200,625.6,629.1,614.6,615,0
1166396400,615.1,618.3,611.9,615.6,0
1166482800,616.1,622.8,615.3,622.1,0
1166569200,623,624.55,619.15,620.5,0
1166655600,620.25,622.45,618.2,618.45,0
1166742000,618.3,622,618.3,620.25,0
1167001200,620.6,621.4,620.6,621,0
1167087600,621,629.5,621,623.95,0
1167174000,624.55,629.4,624.4,626.75,0
1167260400,626.95,635.87,626.95,634.65,0
1167346800,634.7,636.55,632.3,635.95,0
1167606000,636.25,636.65,636.25,636.25,0
1167692400,635.9,641.25,635.9,640.2,0
1167778800,640.15,645.15,625.3,627.35,0
1167865200,627.3,630.75,620.95,621.3,0
1167951600,621.3,626.2,602.2,607.5,0
1168210800,608.85,610.7,604.1,609.4,0
1168297200,610.15,616,606.2,613.7,0
1168383600,613.45,614.1,605.5,611.3,0
1168470000,611.1,616.15,609.3,611.55,0
1168556400,611.15,627.7,609.3,627.07,0
1168815600,626.6,628.05,624.8,626.5,0
1168902000,626.5,628.1,623,625,0
1168988400,624.5,634,620.45,631.65,0
1169074800,631.75,636.7,626.9,627.2,0
1169161200,627.5,636.45,627.05,634.9,0
1169420400,635.25,639.85,632.3,633.19,0
1169506800,633.09,647.75,633.09,646,0
1169593200,646.55,648.8,639.1,648.3,0
1169679600,648.8,654.7,645.7,645.7,0
1169766000,645.8,648.1,641.15,645.5,0
1170025200,645.6,648.15,641.1,643.45,0
1170111600,643.55,647.5,641.38,647.05,0
1170198000,647,654.85,642.2,652.4,0
1170284400,652.62,661.35,652.25,656.8,0
1170370800,656.9,659.85,643,647.65,0
1170630000,647.7,652.2,646.45,648.2,0
1170716400,648.2,658.4,647.6,653.3,0
1170802800,653.3,656.7,650.5,651.45,0
1170889200,651.3,661.15,648.2,660.55,0
1170975600,660.1,668.95,657.35,666.55,0
1171234800,666.4,668.5,660,660.7,0
1171321200,660.95,669.15,660.95,664.1,0
1171407600,664.2,671.9,663.9,668.85,0
1171494000,668.8,670.45,662.75,669.7,0
1171580400,669.5,669.65,663.1,668.9,0
1171839600,667.55,673.35,667.55,670.75,0
1171926000,670.3,671.95,655.9,657.15,0
1172012400,657.2,682.49,657.2,678.74,0
1172098800,678.79,681.05,675.55,677.3,0
1172185200,677.2,688.4,673.15,682.25,0
1172444400,682.3,688.3,681.45,686.3,0
1172530800,686.35,689.1,659.62,663.2,0
1172617200,663.2,677.55,661.5,669.45,0
1172703600,669.15,677.45,661.95,664.55,0
1172790000,664.3,665.6,639.8,642.1,0
1173049200,642.5,644.9,633.45,635.85,0
1173135600,636.2,647.85,632.8,646.2,0
1173222000,646.55,651.75,643.2,649,0
1173308400,648.85,656,647.65,651.4,0
1173394800,651.6,658.3,647.9,648.7,0
1173650400,649.15,654.05,645.9,650.6,0
1173736800,650.8,652.3,642,643,0
1173823200,643.4,645.95,637.05,643.8,0
1173909600,643.45,650.3,643.45,645.8,0
1173996000,646.95,655.8,646.1,652.4,0
1174255200,653.15,656.25,652.3,653.2,0
1174341600,653.6,661.35,653.05,658.05,0
1174428000,658.25,664.6,657.25,664.6,0
1174514400,663.9,667.05,662.25,663.3,0
1174600800,663.6,664.75,655.25,656.6,0
1174860000,657.2,665.1,656.9,663.3,0
1174946400,663.25,665.7,662.1,664.4,0
1175032800,664.4,669.6,663.75,665.1,0
1175119200,665.7,666.3,655.4,661.2,0
1175205600,661.65,667.8,661.1,663.1,0
1175464800,663.5,666.5,656.7,663.4,0
1175551200,664,667.7,662.25,663.8,0
1175637600,664.45,675.7,663.75,674,0
1175724000,673.3,675.8,671.95,674.7,0
1176069600,673.4,677.8,670.75,671.05,0
1176156000,670.9,681.7,670.9,676.8,0
1176242400,677.1,680.8,674.4,676.8,0
1176328800,677.2,679.8,671.5,675.8,0
1176415200,676.3,685.7,676.3,685.1,0
1176674400,685.5,691.15,683.4,690.3,0
1176760800,690.2,690.8,686.35,687.6,0
1176847200,686.7,690.9,685.85,689.7,0
1176933600,689.4,691.7,678.8,682.5,0
1177020000,683.25,693.9,683.2,691.4,0
1177279200,691.6,693.6,687.1,689,0
1177365600,689.45,691.75,681.05,683.1,0
1177452000,683.55,686.7,682.45,685.4,0
1177538400,684.7,686.9,671.6,674.6,0
1177624800,674.8,681.75,671.1,680.7,0
1177884000,681.25,682.35,676.15,678,0
1177970400,678.1,679,672,673.1,0
1178056800,673.51,675.1,667.75,672.6,0
1178143200,672.45,682.6,672.3,681.5,0
1178229600,681.75,690.6,680.55,688,0
1178488800,688.6,690.9,686.85,687.7,0
1178575200,688.35,689.2,682.4,684.6,0
1178661600,685.05,686.6,675.95,679.9,0
1178748000,680.65,681.05,664.6,665.7,0
1178834400,665.85,672.8,665.05,670.3,0
1179093600,671.1,675,666.6,669.4,0
1179180000,669.15,673.8,665.4,671.95,0
1179266400,671.85,673.3,660.1,661.4,0
1179352800,662.2,664.6,653.9,657,0
1179439200,657.75,663,656.2,660.9,0
1179698400,663.3,663.9,657.1,662.6,0
1179784800,662.95,665.35,658.55,658.8,0
1179871200,659.1,664.9,657.6,661.55,0
1179957600,661.5,662.75,652,654.17,0
1180044000,654,656.85,653.7,655.4,0
1180303200,655.8,656.5,655.22,655.22,0
1180389600,655.7,662,655,656.55,0
1180476000,656.7,658.7,652.35,653.35,0
1180562400,653.5,661.8,653.5,660.75,0
1180648800,661.05,671.9,660.8,670.7,0
1180908000,670.8,674,668.95,670.5,0
1180994400,671.05,673.4,669.3,669.4,0
1181080800,669.65,672,665.45,670.65,0
1181167200,670.4,673,658.2,658.7,0
1181253600,659.05,661.5,644.4,647.8,0
1181512800,648.6,655,648.5,653,0
1181599200,653.4,654.7,646.05,646.5,0
1181685600,647.8,652.7,643.45,650.7,0
1181772000,650.6,654.4,646.25,651.2,0
1181858400,652.1,655.75,650.4,655,0
1182117600,655.1,659.25,654.95,655.6,0
1182204000,655.7,662.1,654.1,660.6,0
1182290400,661.1,661.9,652.9,653.7,0
1182376800,653.7,656.65,648,651.75,0
1182463200,651.65,656.5,651.05,653.6,0
1182722400,653.95,654.5,649.1,651.25,0
1182808800,651.45,651.9,640.45,640.45,0
1182895200,640.9,644.9,639.05,643,0
1182981600,643.45,650,643.1,648.55,0
1183068000,648.65,652.6,646.8,648.9,0
1183327200,649.4,658.9,648.7,657.1,0
1183413600,657,658.1,652.45,653.25,0
1183500000,652.9,655,652.9,653.95,0
1183586400,653.9,656.75,645.9,649.4,0
1183672800,649.25,656.05,645.4,655.7,0
1183932000,655.7,663.15,653.95,659.8,0
1184018400,660.15,665.4,659.1,663.1,0
1184104800,663.3,666,660.2,660.7,0
1184191200,660.95,669.45,660.95,667,0
1184277600,666.8,668.6,663.6,666.9,0
1184536800,666.65,668.85,663.9,664.8,0
1184623200,665.05,667.35,662.7,664.4,0
1184709600,664.45,674.4,664.45,672.7,0
1184796000,672.65,677.8,671.7,677.5,0
1184882400,677.35,687.1,675.55,683.3,0
1185141600,683.15,685.2,680.4,681,0
1185228000,681.7,687.8,680.95,680.95,0
1185314400,681.35,682.1,670.75,674.9,0
1185400800,675.3,676.9,657.7,662.1,0
1185487200,663,667.2,657.1,661,0
1185746400,661,665.6,660.3,664.8,0
1185832800,664.47,668.8,663,663,0
1185919200,663.65,667.25,659.45,666.7,0
1186005600,667.1,667.55,662.9,664.6,0
1186092000,665.85,675.4,665.2,672.9,0
1186351200,672.9,675.45,669.4,671.5,0
1186437600,671.5,672.55,666.4,672,0
1186524000,671.95,676.85,670.1,674.2,0
1186610400,674.8,674.85,659.6,661.2,0
1186696800,661.2,676.4,658.45,672.4,0
1186956000,672.4,672.7,668.8,669,0
1187042400,669,671.5,665.9,668.8,0
1187128800,669.2,670.95,662.4,667.2,0
1187215200,668.9,668.9,642.45,652.4,0
1187301600,651.55,662.9,646.1,656.9,0
1187560800,656.9,660.6,653.55,657.8,0
1187647200,657.2,659.95,654.6,656.3,0
1187733600,656.3,661.8,655,660.7,0
1187820000,659,665,658.9,659.05,0
1187906400,659.05,668.9,657.7,667.9,0
1188165600,667.9,668.5,666,667.2,0
1188252000,666.8,668.35,662.2,662.2,0
1188338400,662.25,669,661.55,666.2,0
1188424800,667.2,668.1,663.9,665.2,0
1188511200,665.2,674.9,664.95,672.6,0
1188770400,672.6,673.8,671.8,672.1,0
1188856800,672.1,683.25,671.8,682.6,0
1188943200,682.6,683.4,678.7,681.5,0
1189029600,681.5,697.9,681.3,695.1,0
1189116000,695.1,707.1,692.5,700.5,0
1189375200,700.5,706.85,699.45,702.5,0
1189461600,702.8,714.3,702.65,712.4,0
1189548000,712.25,714.2,705.95,711.6,0
1189634400,711.15,712.35,703.7,708.2,0
1189720800,708.15,717.4,704.4,706.7,0
1189980000,706.7,720.2,706.7,717.4,0
1190066400,717.55,727.1,711.9,723.4,0
1190152800,724.45,726.35,719.9,721.3,0
1190239200,721.6,738.65,721.35,733,0
1190325600,733.7,739.4,726.95,730.8,0
1190584800,730.8,736.25,726.5,730,0
1190671200,730,733.95,722.4,731,0
1190757600,731,736.9,726.75,728,0
1190844000,727.95,736,727.25,734.3,0
1190930400,734.2,745.9,733,743.7,0
1191189600,743.7,747.8,741.45,746.8,0
1191276000,746.8,747.25,724.9,731.1,0
1191362400,731.1,736.05,726.4,727.2,0
1191448800,727.2,738.7,721,737.3,0
1191535200,737.55,744.5,727.15,742.3,0
1191794400,742.3,742.45,731.4,732.9,0
1191880800,732.9,740.65,726.85,737.6,0
1191967200,737.9,746,737.3,740.6,0
1192053600,740.6,753.95,740.6,747.4,0
1192140000,748.15,752.4,745.3,749.2,0
1192399200,749.2,760.4,748.05,758.9,0
1192485600,758.8,767.05,753.75,759.8,0
1192572000,760.75,764.95,752,754.6,0
1192658400,754.15,769,754.15,766.2,0
1192744800,767.95,771.5,758.45,764.8,0
1193004000,764.8,768.5,745.35,754,0
1193090400,754.35,761.25,753.1,759.3,0
1193176800,759.15,764.25,754.2,763.5,0
1193263200,763.45,769.8,762.2,768.9,0
1193349600,768.85,785.9,768.65,785,0
1193608800,785,794.55,784.35,791,0
1193695200,790.45,792.2,779.4,781.2,0
1193781600,781.35,797.5,777.25,795.25,0
1193868000,795.7,799.4,784.2,787,0
1193954400,787.35,808.25,787.35,807.1,0
1194217200,807.1,811.65,800.7,806.45,0
1194303600,806.2,825.05,806.2,824.7,0
1194390000,824.6,845.75,822.65,830.25,0
1194476400,830.3,845.8,824.05,832.65,0
1194562800,832.9,839.1,827.15,831.9,0
1194822000,831.6,833,791.75,792.9,0
1194908400,792.95,809.1,790.7,801.95,0
1194994800,801.75,816.1,799.45,811.5,0
1195081200,811.5,818.2,782.8,788.6,0
1195167600,787.9,797.55,784.15,786,0
1195426800,786,794.15,775.4,781.3,0
1195513200,781.65,806.07,773.1,804.15,0
1195599600,802.4,807.3,794.8,800.2,0
1195686000,799.6,805.55,798.5,804.3,0
1195772400,804.2,825.8,803.05,823.5,0
1196031600,823.5,836.85,820.8,824,0
1196118000,824.1,829.3,807.8,812.15,0
1196204400,811.6,815.8,791.4,803.7,0
1196290800,804.4,808,792.65,792.7,0
1196377200,793.45,799.5,778.9,782.8,0
1196636400,781.4,791.7,777.2,791.5,0
1196722800,794.15,805.4,787.05,801.6,0
1196809200,801.3,806.8,791.6,794.5,0
1196895600,795,805.6,785.45,802.4,0
1196982000,801.8,805.3,791.65,795.1,0
1197241200,795.1,812.4,794.3,808,0
1197327600,808.15,813.5,796.3,797.15,0
1197414000,796.7,817.15,796.7,813.5,0
1197500400,813.1,813.7,792.35,797.35,0
1197586800,797.05,803.5,788,794,0
1197846000,793.7,798.85,785.5,792.55,0
1197932400,792.9,806.55,790.7,802.85,0
1198018800,802.25,804.7,798.05,801.95,0
1198105200,802.05,803.3,793.55,796.6,0
1198191600,796.05,812.5,795.75,810.85,0
1198450800,810.8,815.6,808.5,811.25,0
1198537200,811.4,812.75,805.6,806.6,0
1198623600,806.6,826.1,806.6,824.4,0
1198710000,824.8,831.25,821.8,825.75,0
1198796400,825.4,840.65,825.2,840.5,0
1199055600,840.3,843.2,830.1,833.2,0
1199142000,833.3,833.4,833.25,833.3,0
1199228400,833.3,861.3,833.3,857,0
1199314800,857.2,869.5,853.7,863.3,0
1199401200,864.75,868.8,854.65,859.4,0
1199660400,859.3,865.15,855.55,857.4,0
1199746800,857.9,881.35,857,877.05,0
1199833200,877.65,891.5,872,878.1,0
1199919600,878.5,895.5,866.4,892.5,0
1200006000,892.9,898.2,887.55,895.2,0
1200265200,895.2,914.4,891.55,903.7,0
1200351600,903.95,914.35,887.65,887.95,0
1200438000,888.2,899.8,874.85,878.2,0
1200524400,876.5,890.3,874.7,877.05,0
1200610800,877.4,888.6,870.4,882.8,0
1200870000,883.15,884.5,860.9,864.3,0
1200956400,864.7,894.8,849.7,891.9,0
1201042800,892.15,895.95,876.5,891.1,0
1201129200,890.1,913.35,889.4,912.55,0
1201215600,912.75,923.7,906.3,913.7,0
1201474800,913,929.55,911.3,928.75,0
1201561200,927.5,933.25,920,923.3,0
1201647600,922.75,936.95,916.2,929.65,0
1201734000,928,929.9,918.6,924.7,0
1201820400,925.9,936.85,903.8,905.4,0
1202079600,904.8,912.85,892.3,903.3,0
1202166000,903.3,907,884.6,888,0
1202252400,888.05,907.6,886.3,901.95,0
1202338800,900.3,911.45,896.5,910.45,0
1202425200,910.5,922.8,907.8,922.4,0
1202684400,922.6,927.3,916.25,923.7,0
1202770800,923.05,924.75,902.9,906,0
1202857200,906.1,910.95,896.55,906.05,0
1202943600,906.2,913.95,902.05,908.5,0
1203030000,907.9,915.7,897.85,902.5,0
1203289200,902.5,907.75,900.55,905.3,0
1203375600,904.8,931,904.8,927.75,0
1203462000,927.55,945.7,913.6,943.5,0
1203548400,944.3,954.6,938.1,944.65,0
1203634800,945.55,949.95,935.7,944.2,0
1203894000,944.2,952.15,933.1,939.9,0
1203980400,939.5,950.45,926.75,947.9,0
1204066800,948.2,965.1,948.2,957.4,0
1204153200,958.05,972.55,953.5,968.9,0
1204239600,970.9,976.1,964.7,973.75,0
1204498800,974,989.55,973.1,983.55,0
1204585200,983.55,988.15,956.5,964.1,0
1204671600,963.7,993.05,959.45,988.15,0
1204758000,989.2,992.4,965.3,978.3,0
1204844400,978.9,988.65,969.95,972.8,0
1205100000,972.5,981,961.25,973,0
1205186400,973.25,985.95,965.2,973,0
1205272800,973,983.3,968.5,982.5,0
1205359200,983.3,999.9,981.6,994.9,0
1205445600,995.35,1007.3,990.8,1001,0
1205704800,1002.55,1032.35,994.35,1002.3,0
1205791200,1002.5,1012.45,976.7,981.5,0
1205877600,982.55,997.4,937.77,943.5,0
1205964000,942.65,943.65,905.05,909.6,0
1206050400,909.3,919.9,909.3,919.1,0
1206309600,919.1,927.3,906.87,913.05,0
1206396000,914.95,938.9,912.02,938.3,0
1206482400,938.3,954.65,934.8,953.5,0
1206568800,954.3,954.85,940.65,947.4,0
1206655200,947.37,951.2,923.4,930,0
1206914400,930,940.85,912.6,915.3,0
1207000800,915.37,920.85,872.5,883.1,0
1207087200,883.32,906.07,881.62,903.5,0
1207173600,902.82,908.77,888.2,902.9,0
1207260000,903.37,914.57,899.85,912.9,0
1207519200,912.9,929.4,911.17,920,0
1207605600,919.92,925.6,908.3,915,0
1207692000,915,935.6,903.37,933.8,0
1207778400,933.8,939.8,921.8,928.4,0
1207864800,928.82,932.4,918.05,924.9,0
1208124000,924.9,931.82,914.6,924.1,0
1208210400,924.37,936.4,923.52,928,0
1208296800,927.87,949.4,924.87,944.7,0
1208383200,944.7,952.95,937.6,938.9,0
1208469600,938.9,946.65,904.9,916,0
1208728800,916,928.8,911.5,913.8,0
1208815200,915.77,925.6,912.2,917.3,0
1208901600,916.37,922.8,897.15,903.2,0
1208988000,903.17,906.75,883.5,885.8,0
1209074400,886.52,896.4,878.2,885.15,0
1209333600,885.15,895.7,885.15,892.5,0
1209420000,892.6,893.47,869.12,870.05,0
1209506400,869.82,878.57,862.82,873.5,0
1209592800,876.77,881.7,847.1,851.65,0
1209679200,851.87,859.2,845.87,855.45,0
1209938400,855.45,874.25,855.45,873.05,0
1210024800,873.67,883.1,871.6,875.05,0
1210111200,876,881.4,863.8,867.15,0
1210197600,868.65,885.8,865.85,882.3,0
1210284000,883.4,889.65,870.4,883.9,0
1210543200,883.9,889.75,878.2,881.9,0
1210629600,882.65,885.65,861.4,865.5,0
1210716000,865.5,871.05,860.05,863.65,0
1210802400,864.7,887.8,862.4,880.45,0
1210888800,881.95,905.1,880.5,901.3,0
1211148000,901.3,913.8,900.95,903.95,0
1211234400,903.95,923.6,903.2,918.35,0
1211320800,918.35,932.6,916.7,931.35,0
1211407200,932.1,935.3,917.5,920.85,0
1211493600,921,929.5,915.25,924.2,0
1211752800,924.2,929.1,923.9,928.1,0
1211839200,928.75,930.75,904.2,904.8,0
1211925600,905.85,909.8,889.6,900.1,0
1212012000,902.4,903.2,873.4,876.4,0
1212098400,878.15,889.15,870.45,885.9,0
1212357600,885.9,897.5,881.5,889.5,0
1212444000,890.55,897.15,875.45,880.4,0
1212530400,880.25,886.7,876.2,877.65,0
1212616800,878.7,880.1,865.1,877.35,0
1212703200,878.05,902.25,877.65,901.35,0
1212962400,901.35,909.2,891.25,891.9,0
1213048800,891.9,894.9,864,866.35,0
1213135200,867.7,883.05,867.5,879.55,0
1213221600,880.65,882.2,857.65,867.9,0
1213308000,869.05,874.3,859.5,870.2,0
1213567200,870.2,894.9,867.05,881.3,0
1213653600,882.1,888.5,874.55,881.9,0
1213740000,882.42,895.7,880.87,892.95,0
1213826400,894.35,908.65,887.2,897.85,0
1213912800,897.85,907.9,896.4,900.85,0
1214172000,900.85,907.5,876,883.35,0
1214258400,883.3,894.15,883.05,889.2,0
1214344800,889.45,890.7,873.95,885.3,0
1214431200,886.65,918,885.1,916.25,0
1214517600,916.65,930.8,910.85,927.15,0
1214776800,927.15,935.3,918.8,924.1,0
1214863200,926.87,946.4,922.4,938.85,0
1214949600,941.32,945.95,932,944.35,0
1215036000,944.35,946.55,928,932.85,0
1215122400,932.45,936.3,929.57,932.3,0
1215381600,932.3,933.25,915.35,925.45,0
1215468000,925.8,933.6,912.9,919.5,0
1215554400,920.3,929,916.3,927.75,0
1215640800,928.4,947.8,925.9,946.4,0
1215727200,944.55,967.95,942,963.7,0
1215986400,963.7,975.3,953.8,971.7,0
1216072800,972.4,988.4,968.4,976.6,0
1216159200,977.47,981.5,957.9,959.1,0
1216245600,959.6,979.1,953,956.6,0
1216332000,957.05,964.5,950.2,954.3,0
1216591200,954.3,968.5,954.3,965.3,0
1216677600,965.15,976.25,944.05,945,0
1216764000,945.95,949,918.2,919.75,0
1216850400,920.85,931.3,916.5,926.5,0
1216936800,928,935.2,919.05,928.7,0
1217196000,928.7,933,923,929.9,0
1217282400,930.7,933.2,914.6,916.85,0
1217368800,916.85,919.6,894.2,905.45,0
1217455200,905.45,925.6,905.45,912.85,0
1217541600,913.55,917.15,902,909.55,0
1217800800,909.55,915.4,893.65,893.65,0
1217887200,895.1,896.2,873.25,873.25,0
1217973600,873.4,886.55,873.2,878.6,0
1218060000,878.6,885,867.9,871.2,0
1218146400,872.2,874,851.2,855.35,0
1218405600,855.35,865.8,818.6,822.3,0
1218492000,822.9,827,802.4,810.65,0
1218578400,812.05,830,805.65,825.6,0
1218664800,826.15,836.7,805.1,805.6,0
1218751200,806.15,806.55,773.45,785.5,0
1219010400,785.5,804.2,785.5,798.55,0
1219096800,799.65,816.8,782.7,813.25,0
1219183200,813.7,818.55,800.3,812.65,0
1219269600,813.2,839.5,811.7,835.45,0
1219356000,835.3,837.9,821.3,822.1,0
1219615200,822.1,826.1,816.6,821.1,0
1219701600,821.25,830.6,807.4,823.8,0
1219788000,824.1,835.55,822.1,825.9,0
1219874400,826.1,844.2,825.65,833.25,0
1219960800,833.55,838.7,829.2,829.8,0
1220220000,829.8,836.4,816.45,817.1,0
1220306400,815.95,819.95,790.9,804.5,0
1220392800,806,808.9,789.6,800.25,0
1220479200,801.5,814.9,794.25,794.55,0
1220565600,795.85,819.65,790.5,802.8,0
1220824800,802.8,818.35,797.2,801.35,0
1220911200,801.67,805.05,776.4,776.75,0
1220997600,776.6,783.75,751.7,752,0
1221084000,751.4,758.2,736.75,746.8,0
1221170400,747.95,766.9,746.45,763.45,0
1221429600,763.45,787.75,763.45,786.2,0
1221516000,786.2,790.1,772.3,777.55,0
1221602400,776.55,868.5,774.65,862.7,0
1221688800,862.7,916.2,840.4,852.15,0
1221775200,847.25,876.45,824.87,871.15,0
1222034400,871.15,908.77,863,900.2,0
1222120800,899.9,909.7,880.95,890.7,0
1222207200,887.75,901.9,876.75,881,0
1222293600,881.6,896.45,863.85,875.7,0
1222380000,877.42,912.4,866.5,878.4,0
1222639200,878.4,923.95,867.5,903.25,0
1222725600,903.6,913.75,856.5,869.95,0
1222812000,871,893.7,865.55,873.6,0
1222898400,870.47,876.5,829.3,835,0
1222984800,835.6,848.2,820.05,834.8,0
1223244000,834.8,876.2,826.5,857.45,0
1223330400,856,891.25,856,886.6,0
1223416800,888.72,922,878.55,906.5,0
1223503200,905.45,923.65,881,911.5,0
1223589600,910,931,827.8,847.5,0
1223848800,847.4,871.7,822.7,830.8,0
1223935200,832.25,854.1,832.25,835.25,0
1224021600,835.2,856.3,831.75,848,0
1224108000,847.35,849.2,785.95,804.5,0
1224194400,805.32,815,773.7,781.7,0
1224453600,781.7,810.2,781.7,795,0
1224540000,795,803.3,765.9,770.1,0
1224626400,774.7,776.95,720.9,727.65,0
1224712800,726.7,735.3,698.7,722.5,0
1224799200,722.87,749.2,681.75,733.3,0
1225058400,733.3,747,707.6,729.6,0
1225144800,731.75,755,724.9,744.3,0
1225231200,744.3,774.7,737.25,754.3,0
1225317600,756.92,777.1,733.8,735.5,0
1225404000,735.5,742,717.6,723.05,0
1225666800,723.05,739.5,722.15,722.4,0
1225753200,723.77,768.07,722.3,761.95,0
1225839600,761.55,768.7,736.3,741.8,0
1225926000,740.15,760.9,728.9,732.95,0
1226012400,732.55,744.9,726.3,736.67,0
1226271600,736.02,768.85,736.02,745.9,0
1226358000,746.05,750.4,727.1,730.75,0
1226444400,731.4,739,710.1,712.35,0
1226530800,711.52,739.7,700,736.02,0
1226617200,736.27,754.15,725.5,742.72,0
1226876400,740.25,749.5,731.25,735.9,0
1226962800,737.8,746.5,731.6,736.8,0
1227049200,736.7,764.25,732.35,732.85,0
1227135600,734.3,753.1,733.4,745.27,0
1227222000,745.7,802.3,743.27,799.25,0
1227481200,800.4,829.62,786.8,820.57,0
1227567600,820.85,832.6,803.3,820.77,0
1227654000,820.17,823.1,809.02,812.9,0
1227740400,812.45,817.42,810.3,814.6,0
1227826800,814.7,820.72,810.2,817.95,0
1228086000,815.85,818.95,768.8,770.6,0
1228172400,769.1,787.15,762.5,782.1,0
1228258800,781.45,783.2,764.5,774.4,0
1228345200,774,787.6,763.32,765.7,0
1228431600,766.8,772.95,741.7,754.2,0
1228690800,754.6,782.5,754.42,771.3,0
1228777200,772.65,780.45,763,775.45,0
1228863600,776.65,814.25,774.9,809.75,0
1228950000,809.55,834.8,802.8,818.3,0
1229036400,819.9,829.05,808.1,821.05,0
1229295600,819.85,843,819.85,837.6,0
1229382000,838.02,859.42,830.55,858.25,0
1229468400,857.4,882.5,846.67,867.42,0
1229554800,866.75,878.47,848.75,852.25,0
1229641200,852.85,854.5,830.1,837.57,0
1229900400,836.75,851.85,836.75,847.95,0
1229986800,847.42,848.67,829.6,839.95,0
1230073200,838.7,848.8,835.25,846,0
1230159600,846,847.5,842.5,844,0
1230246000,844,872.9,843.5,866.6,0
1230505200,866.4,890.8,866.4,878.82,0
1230591600,878.75,883.82,864.3,872.1,0
1230678000,872.15,884.65,857.02,879.5,0
1230850800,880.47,888.1,868.07,874.3,0
1231110000,874.3,885.17,843.85,859.65,0
1231196400,859.2,870.4,839.5,863.75,0
1231282800,863.35,866.9,835.7,843.1,0
1231369200,842.85,864.6,837.35,855.95,0
1231455600,856.6,868.4,844.9,851.75,0
1231714800,851.95,856.5,815.77,819.6,0
1231801200,820.37,831.2,814.37,821.5,0
1231887600,820.95,829.17,807.4,810.55,0
1231974000,810.65,821.4,802.22,817.8,0
1232060400,816.85,843.3,816.3,841.05,0
1232319600,835.85,866.4,823.9,856.25,0
1232492400,856.3,864.3,843.5,854.05,0
1232578800,853.9,863,844.1,855.6,0
1232665200,856.7,903.6,853,898,0
1232924400,899.55,916.2,889.4,902.65,0
1233010800,903.15,907.6,892.8,896.9,0
1233097200,899.1,903.45,882.6,887.3,0
1233183600,887.55,909.6,874.95,906.8,0
1233270000,908.4,929.45,901.8,926.35,0
1233529200,926.5,927.05,901.77,903.75,0
1233615600,904.92,912.8,889.6,901.32,0
1233702000,900.27,909.4,895.9,906.02,0
1233788400,905.9,924.17,902.6,913.75,0
1233874800,913.5,920.1,904.6,910.6,0
1234134000,910.65,912.65,891,895.8,0
1234220400,893.5,918.2,891.2,914.95,0
1234306800,915.02,947.42,911.2,938.8,0
1234393200,938,952.55,935.45,945.6,0
1234479600,945.8,948,932.85,941.65,0
1234738800,940.75,974.22,940.7,968.35,0
1234911600,969.3,987.25,960.8,984.7,0
1234998000,984.1,986.27,968.67,973.55,0
1235084400,974.02,1006.25,970.67,993.4,0
1235343600,992.65,998.2,975.7,990.95,0
1235430000,990.65,995.65,959.7,962.45,0
1235516400,961.65,978.45,944.8,952.1,0
1235602800,952.6,956.65,932,945.9,0
1235689200,944.65,962.85,926.75,944,0
1235948400,944,958.15,922.47,925,0
1236034800,925.82,932.75,905.7,915.65,0
1236121200,915.52,922.77,900.4,906.9,0
1236207600,906.3,936.75,906.1,932.25,0
1236294000,931.45,944.95,930.1,937.8,0
1236549600,938.5,941.95,911.35,920.95,0
1236636000,921.95,922.7,891.55,895.8,0
1236722400,895.65,913.3,892.7,907.4,0
1236808800,906.7,931,906.05,926.65,0
1236895200,926.05,938.5,919.95,927.2,0
1237154400,927.2,929.7,916,922.95,0
1237240800,922.45,924.4,912.6,914.2,0
1237327200,913.85,948.8,884,939.72,0
1237413600,940.05,961.9,926.05,958.6,0
1237500000,958.6,967,946.85,950.85,0
1237759200,950.85,957.1,936.55,937.15,0
1237845600,936.6,945.5,917.8,925.65,0
1237932000,926.6,940.9,916.2,933.15,0
1238018400,933.85,945.6,932.15,933.05,0
1238104800,933.7,937.2,919.2,921.05,0
1238364000,921.05,932.1,909,916.3,0
1238450400,917.3,924.7,912.1,917.15,0
1238536800,918.3,933.2,917,926.4,0
1238623200,926.22,929.12,895,903.15,0
1238709600,903.77,909.85,891.15,891.9,0
1238968800,891.9,896.97,865.4,868.8,0
1239055200,867.15,885.1,867.15,880.05,0
1239141600,882.62,890.05,878.4,879.55,0
1239228000,880.82,886.42,875.1,878.4,0
1239573600,880.65,900,880.65,892.05,0
1239660000,893.52,899,886.2,888.85,0
1239746400,888.85,899.45,885.6,890.6,0
1239832800,890.5,893.75,872.5,874.55,0
1239919200,875.7,876.65,865.2,867.9,0
1240178400,867.9,888.45,865.1,884.15,0
1240264800,885.05,895.2,879.17,882.25,0
1240351200,882.75,893.5,881.7,889.15,0
1240437600,890.2,909.15,890.1,902,0
1240524000,904.07,913.9,904,912.1,0
1240783200,912.1,918.4,905.25,906.75,0
1240869600,906.57,906.9,884.3,891.1,0
1240956000,892.82,902.9,888.1,897.6,0
1241042400,896.65,899.97,881.35,885.5,0
1241128800,885.65,889.8,880.45,885.8,0
1241388000,885.8,907.3,885.8,902.35,0
1241474400,902.2,915.75,895.77,895.77,0
1241560800,903.2,912.5,895.9,909.9,0
1241647200,911.25,925.4,908.7,909.05,0
1241733600,909.52,920.05,905.4,916.05,0
1241992800,916.05,917.65,908.9,912.6,0
1242079200,912.25,923.75,912.02,921.85,0
1242165600,921.7,930.5,917.5,925.45,0
1242252000,926.57,928.5,920.6,925.35,0
1242338400,924.7,934,924.15,930.7,0
1242597600,930.7,933.6,915.85,917.2,0
1242684000,917.9,929.15,917.9,924.65,0
1242770400,924.35,940.61,924.35,937.1,0
1242856800,937.25,956.02,936.2,953.4,0
1242943200,953.05,961.32,950.2,956.35,0
1243202400,958.57,958.9,941.45,951.25,0
1243375200,952.2,959.45,946.7,948.1,0
1243461600,947.65,964.95,944.5,958.8,0
1243548000,958.3,980.15,958.3,979,0
1243807200,979,988.65,973.85,973.95,0
1243893600,974.25,986.42,969.5,980.85,0
1243980000,981.55,989.95,960.7,962.15,0
1244066400,962.85,981.5,961.02,979.1,0
1244152800,978.85,983.82,953,955.3,0
1244412000,955.3,959.7,943.55,950.05,0
1244498400,950.2,961.8,947.75,953.75,0
1244584800,953.6,965.4,947.3,953.65,0
1244671200,954.65,961.87,943.2,954,0
1244757600,952.75,958.2,936.72,937.9,0
1245016800,937.9,939.3,926.2,927.85,0
1245103200,927.3,939.75,927.3,934.1,0
1245189600,934.9,940.17,928.3,938.4,0
1245276000,939.5,943.15,930.5,932.35,0
1245362400,932.35,939.1,931.52,933.3,0
1245621600,933.3,935,918.5,921.9,0
1245708000,921.9,926.9,913.45,925.15,0
1245794400,925.15,941.3,922.6,931.1,0
1245880800,931.25,940.27,930.3,938.55,0
1245967200,939.27,948.22,936.5,938.05,0
1246226400,938.05,942.75,934.6,937.05,0
1246312800,936.6,944.9,922.9,925.85,0
1246399200,925.3,946.6,925.3,940.05,0
1246485600,939.95,941.7,926.8,928.65,0
1246572000,931.5,932.6,920.9,924,0
1246917600,923.02,932.1,921.6,923.3,0
1247004000,923.82,925.65,905.5,908.45,0
1247090400,909.22,918.7,906.8,911.45,0
1247176800,911.95,915.25,907.15,912.15,0
1247436000,912.15,923.32,908,920,0
1247522400,920.3,927.7,918.25,924.6,0
1247608800,925.57,942.1,924.9,938.45,0
1247695200,939.07,940.3,932.9,936.35,0
1247781600,936.7,939.75,932,936.7,0
1248040800,936.7,955.15,936.7,948.35,0
1248127200,949.27,953.67,944.7,948.15,0
1248213600,948,954.75,945.1,950.4,0
1248300000,950.4,957.4,947.15,947.15,0
1248386400,950.32,954.25,946.97,950.35,0
1248645600,950.35,959.7,948.3,952.65,0
1248732000,953.27,956.67,934.5,936.65,0
1248818400,938.5,940.85,925.9,929,0
1248904800,929.3,937.05,928.7,933.3,0
1248991200,935.27,957.25,932.25,953.75,0
1249250400,953.75,962.2,952.12,955.55,0
1249336800,957.25,970.2,951.35,966.75,0
1249423200,967.55,968.2,958.8,961.95,0
1249509600,964.35,971.75,956.1,962.15,0
1249596000,963.77,965.45,953.4,953.9,0
1249855200,953.9,956.9,942.85,944.65,0
1249941600,945.97,949.77,942.05,946.22,0
1250028000,946.2,952.2,940.5,944.5,0
1250114400,946.05,960.55,945.22,953.5,0
1250200800,954.87,959.12,943.05,945.85,0
1250460000,945.85,948.55,930.05,932.8,0
1250546400,931.1,939.85,931.1,937.3,0
1250632800,937.25,945.3,932.35,941.55,0
1250719200,941.55,945.65,937.65,939.35,0
1250805600,939.35,957.75,938.3,953.15,0
1251064800,953.15,956.95,938.12,941.4,0
1251151200,941.65,954.5,941.65,943.55,0
1251237600,945.27,949.9,940.2,944.1,0
1251324000,945.47,950.8,941.8,946.75,0
1251410400,946.75,962.3,946.75,954.95,0
1251669600,954.95,960.4,944.5,949.65,0
1251756000,950.85,957.05,946.85,955.85,0
1251842400,956.35,980.42,951.65,977.85,0
1251928800,979.55,997.45,974.6,990.1,0
1252015200,994.17,996.45,985.1,993.4,0
1252274400,994,1007.7,993.17,995.2,0
1252447200,997.05,1003,987.72,991.15,0
1252533600,990.25,998.37,983.32,995.5,0
1252620000,996.3,1011.95,994.6,1004.85,0
1252879200,1004.85,1008.8,993.45,998.65,0
1252965600,998.3,1009.57,992.7,1005.9,0
1253052000,1006.7,1020.55,1006.57,1016.7,0
1253138400,1014.7,1024,1010.77,1011.45,0
1253224800,1013.85,1017.8,1006.15,1006.15,0
1253484000,1006.15,1006.6,996.17,1000.05,0
1253570400,1001.42,1019.7,1001.42,1013.8,0
1253656800,1013.5,1018.55,1006.4,1007.05,0
1253743200,1006.97,1019.3,990.75,993.75,0
1253829600,992.35,999.2,985.27,991.35,0
1254088800,991.35,996.57,985.9,989.95,0
1254175200,991.62,995.75,985.55,990.7,0
1254261600,990.92,1009.35,990.92,1006.7,0
1254348000,1006.12,1009.7,998.22,998.5,0
1254434400,998.8,1007.5,987.12,1001.35,0
1254693600,1001.35,1017.6,1000.9,1016.65,0
1254780000,1017.3,1043.55,1015.6,1040.85,0
1254866400,1037.47,1048.25,1036.3,1043.7,0
1254952800,1042.45,1061.5,1042.45,1054,0
1255039200,1054.55,1055.6,1043.7,1048.25,0
1255298400,1048.25,1059.1,1046.6,1055.25,0
1255384800,1055.12,1068.57,1050.9,1063.35,0
1255471200,1064.17,1070.5,1055.7,1061.9,0
1255557600,1063.22,1065.7,1046.6,1049.85,0
1255644000,1048.65,1056.9,1043.25,1052.25,0
1255903200,1052.25,1064.5,1047.9,1062.7,0
1255989600,1063.57,1067.75,1052.02,1054,0
1256076000,1055.45,1064.75,1047.95,1053.55,0
1256162400,1050.02,1061.5,1050.02,1060,0
1256248800,1059.52,1067.9,1050.2,1054.45,0
1256508000,1054.45,1059.95,1037.1,1037.1,0
1256594400,1039.12,1043.7,1032.8,1038.8,0
1256680800,1035.87,1041.82,1026.85,1026.85,0
1256767200,1027.35,1047.65,1027.1,1044.95,0
1256853600,1045.3,1049.05,1035.4,1044.4,0
1257116400,1044.4,1062.8,1039.9,1059.45,0
1257202800,1059.15,1087.9,1055.6,1084.6,0
1257289200,1084.27,1097.45,1078.87,1092.35,0
1257375600,1091.9,1095.27,1083.17,1089.67,0
1257462000,1090.1,1101.25,1086.45,1094.55,0
1257721200,1094.5,1111.15,1094.5,1104,0
1257807600,1103.75,1109.35,1097.2,1105.25,0
1257894000,1105.2,1118.7,1105.2,1117.5,0
1257980400,1117.35,1122.87,1103.07,1103.75,0
1258066800,1102.9,1119.25,1101.1,1118.62,0
1258326000,1118.75,1143.32,1115.3,1139.1,0
1258412400,1138.7,1141.7,1127.7,1141.37,0
1258498800,1141.4,1153.02,1135.7,1145,0
1258585200,1145.25,1146.15,1130.4,1143.6,0
1258671600,1144.22,1150.97,1133.2,1149.6,0
1258930800,1149.8,1173.75,1149,1165.72,0
1259017200,1165.6,1171.22,1158.25,1168.5,0
1259103600,1168.92,1191.7,1167.15,1190.65,0
1259190000,1192.6,1192.7,1137.7,1176.7,0
1259535600,1176.7,1182.47,1164.4,1179.4,0
1259622000,1179.22,1201.5,1175.8,1195.9,0
1259708400,1196.37,1217.1,1195.7,1215.9,0
1259794800,1215.45,1226.3,1204.8,1207.75,0
1259881200,1207.45,1212.3,1147.95,1161.05,0
1260140400,1160.9,1165.22,1135.6,1157.12,0
1260226800,1157.97,1168.6,1125,1129.55,0
1260313200,1127.9,1147.1,1116.8,1128.8,0
1260399600,1128.52,1136.77,1121.3,1130.4,0
1260486000,1131.15,1142.1,1109.6,1114.82,0
1260745200,1114.55,1127.62,1111.4,1126.3,0
1260831600,1126.25,1128.85,1111.45,1124.4,0
1260918000,1124.92,1141.22,1121.82,1137.8,0
1261004400,1137.77,1141.65,1095.05,1098.15,0
1261090800,1098.47,1117.05,1096.95,1112.05,0
1261350000,1112.05,1119.55,1090.55,1092.85,0
1261436400,1092.9,1097.4,1074.9,1083.5,0
1261522800,1083.5,1095.85,1079.85,1086.9,0
1261609200,1087.22,1105.85,1087.22,1104.45,0
1261954800,1104,1113.75,1102,1105.6,0
1262041200,1107.1,1108.25,1096.8,1096.87,0
1262127600,1097,1098,1086.4,1092.6,0
1262214000,1092.6,1106.8,1092.6,1096.2,0
1262559600,1096.35,1123.75,1093.75,1121.25,0
1262646000,1121.17,1128.85,1115.5,1118.3,0
1262732400,1117.5,1140.4,1117.1,1137.65,0
1262818800,1137.82,1138.7,1128.9,1131.45,0
1262905200,1131,1139.55,1119.95,1136.97,0
1263164400,1136.7,1161.75,1136.7,1151.35,0
1263250800,1151.8,1157.95,1125.25,1128.02,0
1263337200,1127.85,1138.65,1118.97,1137.5,0
1263423600,1138.4,1146.05,1131.25,1142,0
1263510000,1142.6,1145.6,1127,1129.9,0
1263769200,1133.7,1140.6,1129.35,1138.07,0
1263942000,1137.8,1141.45,1107.6,1111.25,0
1264028400,1111.05,1117.5,1088.8,1094.7,0
1264114800,1094.6,1098.8,1082.62,1092.8,0
1264374000,1092.5,1104.05,1090.5,1098.15,0
1264460400,1098.05,1103.42,1086,1097.32,0
1264546800,1097.37,1102.25,1083.9,1087.25,0
1264633200,1087.85,1096.25,1074.55,1086.35,0
1264719600,1086.42,1090.35,1075,1080.98,0
1264978800,1080.78,1107.63,1077.02,1105.3,0
1265065200,1105.33,1118.15,1099.4,1114,0
1265151600,1114.2,1125.1,1107.45,1109,0
1265238000,1109.7,1111.05,1059.98,1062.6,0
1265324400,1063.15,1068.65,1044.55,1065.08,0
1265583600,1066.12,1073.8,1062.1,1062.8,0
1265670000,1062.82,1083.15,1062.1,1076.95,0
1265756400,1078.02,1082.35,1063.6,1071.58,0
1265842800,1071.9,1097.8,1071.35,1095.77,0
1265929200,1094.9,1096.93,1078.15,1092.4,0
1266188400,1100.68,1121.25,1098.62,1118.9,0
1266361200,1119.12,1127.1,1105.55,1105.8,0
1266447600,1106.48,1124.02,1098.17,1108.9,0
1266534000,1108.42,1126.73,1099.73,1118.7,0
1266793200,1118.98,1130.85,1109.45,1113.9,0
1266879600,1114.05,1121.12,1098.95,1102.95,0
1266966000,1103.2,1108.1,1089.38,1097.35,0
1267052400,1097.45,1109.22,1087.72,1104.8,0
1267138800,1106.27,1118.92,1103.55,1106.2,0
1267398000,1117.25,1123.35,1112.3,1118.65,0
1267484400,1118.62,1137.7,1115.25,1134.43,0
1267570800,1134.48,1145.1,1132.65,1139.5,0
1267657200,1139.72,1141.58,1126.17,1132,0
1267743600,1131.7,1140.65,1127.75,1134.4,0
1268002800,1134.3,1137.6,1118.95,1123.4,0
1268089200,1123.35,1124.95,1108.92,1121.58,0
1268175600,1121.55,1127.97,1103.72,1108.3,0
1268262000,1108.1,1111.72,1100.95,1109.3,0
1268348400,1109.35,1119.35,1097.9,1101.55,0
1268604000,1101.6,1110.18,1101.58,1108.9,0
1268690400,1108.45,1128.6,1106.4,1125.7,0
1268776800,1126.07,1133.35,1118.75,1124.5,0
1268863200,1124.33,1129.25,1118.52,1125.45,0
1268949600,1125.78,1127.07,1101.6,1106.55,0
1269208800,1106.55,1108.7,1092.8,1103.52,0
1269295200,1102.65,1107.97,1094.5,1101.2,0
1269381600,1101.6,1105.67,1085.55,1087.42,0
1269468000,1085.6,1095.75,1085.6,1090.35,0
1269554400,1090.24,1109.6,1088.95,1105.6,0
1269813600,1105.6,1114.64,1103.78,1108.2,0
1269900000,1108.94,1113.4,1102,1104.27,0
1269986400,1104.04,1118.15,1102.75,1113.43,0
1270072800,1113.35,1128.05,1111.85,1126.3,0
1270418400,1120,1133.35,1120,1130.15,0
1270504800,1130.24,1138.7,1123.15,1133.65,0
1270591200,1133.89,1153.2,1132.8,1147,0
1270677600,1148.04,1153.75,1143.95,1150.95,0
1270764000,1149.79,1164.8,1149.79,1159.9,0
1271023200,1159.9,1169.67,1152.49,1155.35,0
1271109600,1155.2,1157.3,1145.2,1150.69,0
1271196000,1151.29,1161.9,1150.6,1154.75,0
1271282400,1154.49,1161.55,1150.55,1159.04,0
1271368800,1157.99,1160.4,1130.1,1136.45,0
1271628000,1136.79,1137.89,1124.11,1135.37,0
1271714400,1135.59,1146.05,1133.86,1140.52,0
1271800800,1139.44,1150.43,1138.11,1146.15,0
1271887200,1146.18,1149.34,1132.1,1140.52,0
1271973600,1140.64,1157.7,1135.23,1156.9,0
1272232800,1156.9,1159.85,1151.05,1154.47,0
1272319200,1153.65,1172.55,1146.45,1167.5,0
1272405600,1169.15,1174.45,1160.95,1163.9,0
1272492000,1164.9,1171.2,1162.15,1164.57,0
1272578400,1164.55,1181.7,1164.55,1179.05,0
1272837600,1178.25,1187.75,1176.85,1182,0
1272924000,1182.35,1192.35,1166.95,1171.6,0
1273010400,1171.4,1177.15,1156.35,1175.3,0
1273096800,1175.07,1211.45,1172.4,1206.17,0
1273183200,1206.1,1213.8,1192.95,1207.8,0
1273442400,1207.8,1208.3,1184.35,1201.07,0
1273528800,1201.2,1234.25,1201.2,1231.45,0
1273615200,1231.4,1248.43,1227.1,1236.35,0
1273701600,1237.75,1242.93,1227.45,1231.83,0
1273788000,1232.25,1249.4,1217.75,1232.55,0
1274047200,1232.55,1242.23,1219.55,1223.7,0
1274133600,1223,1229.1,1207.1,1219.7,0
1274220000,1222.62,1227.65,1186.95,1190.75,0
1274306400,1191.1,1198.05,1175.4,1182.75,0
1274392800,1182.83,1187.7,1166.5,1175.15,0
1274652000,1175.15,1196.65,1175.15,1192,0
1274738400,1192.03,1204.1,1185.63,1201.97,0
1274824800,1202,1216.55,1201.22,1209.9,0
1274911200,1209.9,1218.3,1205.65,1211.1,0
1274997600,1206.75,1215.37,1202.53,1213.81,0
1275256800,1215.6,1228.73,1214.93,1224.3,0
1275429600,1225.3,1226.95,1213.8,1223.2,0
1275516000,1223.27,1224.58,1201.23,1206.85,0
1275602400,1206.87,1219.82,1196.9,1219,0
1275861600,1219,1244.45,1210.9,1240.68,0
1275948000,1240.07,1251.8,1233.8,1235.47,0
1276034400,1235.35,1240.87,1221.85,1230.7,0
1276120800,1230.65,1234,1215.05,1216.95,0
1276207200,1217.17,1230.55,1216.95,1225.9,0
1276466400,1225.9,1234,1216.5,1221.3,0
1276552800,1220.89,1236.6,1220.2,1234.45,0
1276639200,1233.25,1237.85,1227.25,1231.05,0
1276725600,1229.4,1251.03,1229.4,1245.42,0
1276812000,1244.55,1262.55,1242.05,1256.7,0
1277071200,1256.35,1265.05,1231.1,1232.22,0
1277157600,1232.25,1242.75,1232.25,1239.3,0
1277244000,1239.37,1246.35,1224.85,1236.45,0
1277330400,1235.19,1248.65,1228.35,1244.15,0
1277416800,1243.04,1258.2,1241.35,1254.5,0
1277676000,1254.5,1262.6,1235.8,1238.55,0
1277762400,1237.14,1245,1227.45,1240.33,0
1277848800,1238.35,1247.8,1234.85,1242,0
1277935200,1241.49,1243.85,1196.85,1199.6,0
1278021600,1198.4,1213.3,1198.4,1210.6,0
1278280800,1209,1213.5,1189.6,1192,0
1278453600,1192,1203.8,1185.25,1202.1,0
1278540000,1201.1,1207.85,1187.7,1198,0
1278626400,1196.84,1213.7,1194.65,1211.9,0
1278885600,1211.85,1212.9,1196.25,1196.25,0
1278972000,1197.2,1217.9,1196.7,1211.15,0
1279058400,1211.15,1218.15,1202.9,1207.6,0
1279144800,1206.6,1217.3,1204.1,1208.75,0
1279231200,1207.4,1210.8,1186.25,1192.85,0
1279490400,1193.1,1194.99,1177.66,1183.97,0
1279576800,1182.75,1193.65,1175.61,1191.02,0
1279663200,1190.04,1197.95,1183.6,1184.89,0
1279749600,1184.9,1201.15,1181.3,1195.35,0
1279836000,1194.25,1204.05,1184.3,1189.05,0
1280095200,1189.05,1194.65,1179.85,1183.75,0
1280181600,1182.2,1187.15,1158.3,1159.65,0
1280268000,1162.32,1166.1,1157.05,1163.15,0
1280354400,1163,1169.55,1159.6,1167.3,0
1280440800,1167.25,1183.55,1166.05,1181.05,0
1280700000,1181.5,1190.45,1174.7,1181.12,0
1280786400,1182.35,1190.55,1179.7,1185.95,0
1280872800,1184.7,1203,1184.7,1193.95,0
1280959200,1193.95,1200.25,1190.15,1194.3,0
1281045600,1194.3,1211,1192.65,1205.3,0
1281304800,1203.65,1209.85,1199.25,1201.3,0
1281391200,1200.3,1207.6,1190.85,1203.4,0
1281477600,1202.2,1207.95,1192.65,1198.55,0
1281564000,1197.85,1216.5,1197.6,1212.87,0
1281650400,1213.8,1217.6,1210.7,1212.87,0
1281909600,1215.3,1227.45,1214.7,1222.9,0
1281996000,1223.9,1229.05,1222.75,1224.9,0
1282082400,1224.6,1232.4,1217.4,1229.35,0
1282168800,1229.25,1237.4,1228.05,1232.3,0
1282255200,1232.25,1233.8,1222.35,1227.7,0
1282514400,1227.7,1231.9,1222.05,1225.1,0
1282600800,1223.75,1235.55,1210.3,1229.52,0
1282687200,1228.4,1241.4,1228.4,1239.75,0
1282773600,1238.95,1244.3,1234.3,1237.15,0
1282860000,1237.62,1242.3,1232.09,1237.72,0
1283119200,1235.71,1238.52,1233.55,1235.9,0
1283205600,1236.6,1249.85,1232,1247.82,0
1283292000,1247.25,1254.74,1242.6,1243.9,0
1283378400,1243.95,1253.3,1243.9,1249.9,0
1283464800,1250.5,1253.85,1238.15,1246.4,0
1283724000,1249.95,1259.8,1245,1253.9,0
1283896800,1253.9,1262.9,1253.55,1254.3,0
1283983200,1254.25,1258.85,1242.55,1244.5,0
1284069600,1243.25,1251.35,1236.95,1246.35,0
1284328800,1246.42,1249.25,1241.25,1244.55,0
1284415200,1245.42,1274.8,1244.95,1268.1,0
1284501600,1268.3,1272,1263.45,1266.55,0
1284588000,1267,1277.85,1265.05,1273.7,0
1284674400,1273.29,1282.9,1272.15,1274.1,0
1284933600,1275.95,1283.7,1274.35,1277.1,0
1285020000,1278.2,1290.55,1271.3,1284.9,0
1285106400,1285.59,1296.25,1285.59,1290.92,0
1285192800,1290.94,1296.1,1287.1,1291.45,0
1285279200,1292.55,1300.1,1290.05,1296.37,0
1285538400,1295.6,1299.95,1294.2,1294.7,0
1285624800,1293.35,1310.15,1281.52,1307.6,0
1285711200,1307.2,1313.45,1305.2,1308.4,0
1285797600,1307.85,1316.25,1296.2,1307.65,0
1285884000,1306.7,1320.65,1306.5,1318.75,0
1286143200,1315.6,1320,1312.55,1313.5,0
1286229600,1313.9,1341.7,1312.6,1339.65,0
1286316000,1339,1349.8,1339,1349.1,0
1286402400,1348.15,1364.95,1326.05,1332.95,0
1286488800,1331.35,1349.75,1324.95,1346.85,0
1286748000,1344.9,1355.4,1340.5,1353.6,0
1286834400,1353.8,1355.25,1340.85,1348.45,0
1286920800,1349.4,1374.5,1349.4,1371.98,0
1287007200,1371.85,1387.15,1370.6,1379.9,0
1287093600,1379.55,1385.5,1362.5,1368.4,0
1287352800,1370.5,1374.9,1352.95,1368.7,0
1287439200,1369.37,1371.05,1328.45,1333.2,0
1287525600,1331.3,1347.35,1330.85,1344.1,0
1287612000,1343.8,1349.05,1318.28,1325.05,0
1287698400,1323.65,1328.6,1315.22,1328.35,0
1287957600,1327.2,1349.15,1327.2,1338.05,0
1288044000,1338.2,1343.6,1328.3,1339.6,0
1288130400,1339.85,1343.55,1319.15,1323.9,0
1288216800,1323.55,1345.95,1323.15,1342.6,0
1288303200,1344.2,1359.45,1335.55,1359.2,0
1288562400,1359.05,1365.7,1349.35,1350.6,0
1288648800,1351.95,1359.9,1350.55,1355.29,0
1288735200,1357.35,1364.7,1325.7,1347.05,0
1288821600,1348.1,1393.4,1347.25,1392.1,0
1288908000,1392.55,1398.35,1373.55,1393.45,0
1289170800,1393.6,1410.5,1387,1409.5,0
1289257200,1409.45,1424.5,1382.9,1392.85,0
1289343600,1392.9,1410.15,1384.2,1403.84,0
1289430000,1403.65,1417.75,1397.36,1408.23,0
1289516400,1408.34,1410.3,1360.1,1368.2,0
1289775600,1367.4,1376.75,1355.95,1360.25,0
1289862000,1360.28,1364.75,1329.83,1339.55,0
1289948400,1339.54,1344.98,1330.91,1335.99,0
1290034800,1335.75,1359.5,1335.75,1353.3,0
1290121200,1353.3,1363.39,1341.78,1353.24,0
1290380400,1353.25,1367.85,1348.68,1366.64,0
1290466800,1366.5,1382.55,1356.4,1376.43,0
1290553200,1376.18,1381.5,1369.5,1373.08,0
1290639600,1374.75,1375.3,1351.2,1362.12,0
1290985200,1363.3,1369.38,1353.5,1365.98,0
1291071600,1366.2,1389.9,1363.05,1385.93,0
1291158000,1386.2,1396.98,1382.05,1387.53,0
1291244400,1387.7,1398.62,1383.16,1385.1,0
1291330800,1384.8,1415.74,1384.8,1413.75,0
1291590000,1413.4,1427.44,1409.41,1423.48,0
1291676400,1423.68,1431.3,1396.83,1401.63,0
1291762800,1401.97,1404.41,1371.47,1381.95,0
1291849200,1381.93,1394.69,1380.5,1386.79,0
1291935600,1386.9,1392.25,1372.4,1385.45,0
1292194800,1386.4,1399.4,1380.52,1393.8,0
1292281200,1393.88,1408.2,1392.07,1395.7,0
1292367600,1395.88,1397.3,1378.13,1380.2,0
1292454000,1380.65,1386.44,1361.4,1369.88,0
1292540400,1369.9,1379.1,1365.03,1374.95,0
1292799600,1375.08,1388.2,1375.08,1385.35,0
1292886000,1385.25,1392.2,1381.2,1385.35,0
1292972400,1385.45,1391.05,1383.3,1385.25,0
1293058800,1385.08,1388.4,1372.48,1379.75,0
1293404400,1384.25,1386.43,1373.05,1383.6,0
1293490800,1383.55,1406.74,1382.85,1405.86,0
1293577200,1405.85,1414.1,1401.5,1411.64,0
1293663600,1411.35,1414.8,1403.35,1404.55,0
1293750000,1404.5,1421.25,1404.35,1420.74,0
1294009200,1419.45,1423.95,1413.15,1414.48,0
1294095600,1414.65,1417.3,1375.1,1380.14,0
1294182000,1380.1,1384.9,1364.3,1378.15,0
1294268400,1377.98,1379.8,1364.76,1371.3,0
1294354800,1370.95,1378.85,1353.05,1369.05,0
1294614000,1369,1376.19,1365.61,1375.45,0
1294700400,1375.4,1386.74,1372.95,1381.25,0
1294786800,1381.3,1388.85,1376.96,1387.75,0
1294873200,1387.8,1393.14,1369.9,1373.33,0
1294959600,1373.18,1378.1,1355.3,1361.8,0
1295218800,1362.4,1376.3,1360.9,1368.05,0
1295391600,1368,1379.25,1365.8,1369.94,0
1295478000,1369.65,1371.15,1343.55,1351.21,0
1295564400,1346.1,1350.4,1338,1342.44,0
1295823600,1342.18,1353.35,1332.86,1334.25,0
1295910000,1334,1338.6,1322.75,1332.15,0
1295996400,1332.25,1346.6,1325.3,1345.75,0
1296082800,1345.65,1348,1310.71,1313.74,0
1296169200,1313.7,1347.15,1308.45,1336.63,0
1296428400,1336.68,1346.25,1323.4,1332.3,0
1296514800,1332.45,1343.45,1325.65,1341.08,0
1296601200,1340.45,1344.8,1327.1,1334.8,0
1296687600,1335.15,1356.05,1325.1,1354.2,0
1296774000,1353.95,1359.9,1345.2,1348.48,0
1297033200,1348.9,1353.55,1344.03,1351.04,0
1297119600,1350.32,1368.25,1348.6,1363.6,0
1297206000,1363.66,1367.25,1357.95,1363.6,0
1297292400,1362.89,1366.45,1351.1,1363.7,0
1297378800,1363.4,1368.94,1353.75,1356.6,0
1297638000,1356.6,1366.9,1353.65,1361.58,0
1297724400,1361.75,1376.75,1360.65,1373.48,0
1297810800,1373.5,1382,1368.05,1374.19,0
1297897200,1374.2,1385.1,1374.05,1383.78,0
1297983600,1383.9,1392,1381.55,1389.95,0
1298242800,1405.95,1411.15,1393.1,1398.83,0
1298415600,1398.8,1416.85,1395.85,1411.55,0
1298502000,1411.33,1418.2,1392.45,1402.65,0
1298588400,1402.43,1411.8,1400.01,1410.29,0
1298847600,1409.97,1416.33,1405,1410.98,0
1298934000,1411.25,1434.9,1409.65,1433.2,0
1299020400,1433.18,1440.45,1427.85,1433.8,0
1299106800,1434.49,1436.3,1410.45,1415.63,0
1299193200,1415.6,1432.2,1413.7,1430.79,0
1299452400,1430.8,1445.05,1428.4,1431.84,0
1299538800,1431.95,1436.79,1423.6,1428.8,0
1299625200,1428.78,1436.3,1423.16,1430.63,0
1299711600,1430.65,1431.89,1403.25,1411.58,0
1299798000,1411.65,1424.25,1405.05,1417.44,0
1300053600,1417.3,1432.6,1417.3,1426.65,0
1300140000,1428.64,1428.75,1381.25,1395.49,0
1300226400,1394.64,1406.3,1392.61,1399.35,0
1300312800,1399.65,1405.1,1386.96,1402.79,0
1300399200,1403.8,1423.9,1402.41,1418.24,0
1300658400,1417.55,1434.85,1417.55,1426.75,0
1300744800,1426.29,1432.15,1419.76,1427.64,0
1300831200,1428.34,1441.05,1426.01,1436.2,0
1300917600,1437.75,1447.7,1424.2,1429.49,0
1301004000,1432.4,1437.9,1422.3,1429.49,0
1301263200,1428.65,1429.7,1410.42,1419.5,0
1301349600,1420.25,1423.3,1411.25,1418.19,0
1301436000,1418.19,1430.4,1412.16,1422.8,0
1301522400,1423,1439.51,1420.76,1430.39,0
1301608800,1432.84,1436.45,1412.9,1428.49,0
1301868000,1427.88,1438.79,1427.88,1433.1,0
1301954400,1434.2,1457.2,1430.2,1454.9,0
1302040800,1455.93,1462.3,1451.66,1458.99,0
1302127200,1458.99,1465.15,1452.81,1457.4,0
1302213600,1458.49,1475.09,1456.65,1474.69,0
1302472800,1472.6,1476.37,1459.65,1462.29,0
1302559200,1463.55,1467.39,1444.35,1453.49,0
1302645600,1452.55,1462.35,1451.4,1455.8,0
1302732000,1457.04,1475.5,1452.67,1472.9,0
1302818400,1475.49,1488.15,1471.76,1486.84,0
1303077600,1486.2,1497.79,1477.45,1495.35,0
1303164000,1494.9,1499.67,1487.85,1494.74,0
1303250400,1494.89,1505.9,1493,1501.4,0
1303336800,1501.54,1509.02,1500.55,1503.6,0
1303682400,1508,1518.34,1501.8,1507.2,0
1303768800,1506.59,1508.45,1493.2,1506.3,0
1303855200,1506.35,1530.24,1503.35,1526.3,0
1303941600,1526.74,1538.39,1524.1,1534.9,0
1304028000,1534.94,1569.4,1532.1,1563,0
1304287200,1563,1576.52,1540.3,1544.4,0
1304373600,1544.94,1551.05,1527,1536.2,0
1304460000,1537.49,1543.16,1505.8,1514.5,0
1304546400,1516.54,1521.99,1462.3,1472.59,0
1304632800,1474.1,1498.34,1470.8,1494.6,0
1304892000,1494.6,1513.94,1489.8,1512.5,0
1304978400,1512.59,1519.75,1506.15,1515,0
1305064800,1515.89,1526.69,1495.9,1499.9,0
1305151200,1499.25,1508.23,1478.31,1506,0
1305237600,1506.29,1516.59,1483.01,1494,0
1305496800,1494.2,1504.49,1487.2,1489.2,0
1305583200,1490.09,1497.69,1471.86,1486.44,0
1305669600,1484.74,1499.94,1484.6,1496.3,0
1305756000,1495.99,1499.69,1486.41,1491.94,0
1305842400,1493.79,1515.8,1486.95,1512.1,0
1306101600,1512.1,1518.84,1504.21,1516.7,0
1306188000,1516.89,1528.23,1513.1,1525.75,0
1306274400,1526.19,1532.25,1521.41,1524,0
1306360800,1524.29,1530.99,1514.5,1518.2,0
1306447200,1517.79,1538.39,1517.79,1535.8,0
1306706400,1538.4,1540.79,1532.41,1534.65,0
1306879200,1535.54,1550.44,1529.4,1540.2,0
1306965600,1539.59,1544.39,1519.61,1533.1,0
1307052000,1533.79,1547.1,1524.25,1541.5,0
1307311200,1541.5,1553.59,1540.6,1543.05,0
1307397600,1544.39,1550.29,1536.31,1543.9,0
1307484000,1544.09,1546.39,1531.06,1535.7,0
1307570400,1536.15,1549.72,1533.41,1542.2,0
1307656800,1544.19,1545.39,1526.11,1530.7,0
1307916000,1530.7,1532.79,1511.03,1514.6,0
1308002400,1515.99,1526.24,1512.26,1523.2,0
1308088800,1523.75,1534.54,1514.1,1529.85,0
1308175200,1530,1533.14,1521.65,1528.95,0
1308261600,1528.49,1542.09,1522.81,1538.9,0
1308520800,1538.9,1547.32,1533.11,1539.95,0
1308607200,1539.84,1548.04,1538.4,1548,0
1308693600,1546.75,1558.3,1541.41,1547,0
1308780000,1547.64,1548.69,1511.9,1520.9,0
1308866400,1521.25,1525.69,1498.4,1500.7,0
1309125600,1500.7,1505.44,1490.88,1496.2,0
1309212000,1496.59,1506.44,1495.75,1500.5,0
1309298400,1501.7,1513.05,1500,1511.55,0
1309384800,1511.05,1513.94,1498.5,1500,0
1309471200,1501.39,1502.64,1478.29,1486.5,0
1309730400,1495.35,1516.68,1493.58,1515.7,0
1309903200,1515.69,1533.89,1510.36,1528.7,0
1309989600,1529.19,1534.54,1523.01,1531.6,0
1310076000,1532.14,1545.45,1525.01,1543.5,0
1310335200,1543.5,1556.94,1541.5,1553.6,0
1310421600,1553.54,1573.64,1540.93,1567.15,0
1310508000,1567.34,1587.95,1564.1,1582.2,0
1310594400,1583.59,1594.29,1579.21,1587.2,0
1310680800,1584.62,1593.88,1575.95,1593,0
1310940000,1593,1607.37,1591.3,1604.7,0
1311026400,1605.49,1610.14,1582.3,1587.85,0
1311112800,1587.54,1602.14,1581.21,1601.1,0
1311199200,1601.4,1604.64,1584.8,1587.9,0
1311285600,1589.69,1607.29,1583.75,1599.9,0
1311544800,1599.9,1623.49,1598.8,1613.4,0
1311631200,1614.84,1620.39,1608.16,1619.6,0
1311717600,1619.59,1628.64,1608.99,1613,0
1311804000,1613.69,1620.14,1603.23,1617.45,0
1311890400,1616.55,1632.74,1610.85,1626.4,0
1312149600,1626.4,1631.94,1607.6,1619.1,0
1312236000,1620.19,1661.64,1616.2,1659.25,0
1312322400,1659.85,1673.19,1651.7,1660.7,0
1312408800,1660.4,1682.14,1640.41,1647.7,0
1312495200,1647.29,1670.2,1641.8,1662.8,0
1312754400,1662.8,1720.64,1662.1,1716.4,0
1312840800,1716.85,1779.7,1715,1743.4,0
1312927200,1744.44,1797.59,1737.6,1794.5,0
1313013600,1794.24,1814.89,1732.1,1765.6,0
1313100000,1764.94,1768.29,1723.6,1745.7,0
1313359200,1745.7,1766.44,1730,1765.9,0
1313445600,1764.45,1787.09,1760.9,1786.25,0
1313532000,1785.54,1794.69,1778.3,1788.15,0
1313618400,1789.24,1828.74,1783.8,1823.69,0
1313704800,1824.19,1878.18,1821.5,1852,0
1313964000,1851,1900.45,1851,1896.89,0
1314050400,1897.34,1912.29,1823.5,1829.5,0
1314136800,1829.36,1853.99,1749.8,1750.8,0
1314223200,1750.7,1774.69,1703.1,1772.29,0
1314309600,1773.54,1829.4,1757.1,1827.3,0
1314568800,1827.3,1828.7,1775.8,1787.25,0
1314655200,1788.54,1840.6,1783.9,1834.8,0
1314741600,1835.89,1839.89,1811.71,1823.3,0
1314828000,1824.74,1830.74,1813.85,1824.55,0
1314914400,1824.99,1884.64,1824.1,1883.1,0
1315173600,1902.19,1920.94,1863.34,1872.9,0
1315346400,1872.5,1880.24,1793.2,1816.6,0
1315432800,1816.94,1870.74,1813.5,1868.26,0
1315519200,1869.24,1886.14,1823.1,1855.5,0
1315778400,1855.5,1862.1,1801.1,1813.6,0
1315864800,1814.04,1843.99,1794.18,1833.3,0
1315951200,1833.54,1844.75,1808.5,1820.1,0
1316037600,1820.99,1826.54,1773.05,1788.8,0
1316124000,1788.09,1821.69,1762.5,1811.1,0
1316383200,1811.1,1827.3,1770.61,1778.4,0
1316469600,1778.34,1811.59,1769.97,1803.25,0
1316556000,1803.42,1816.51,1778.6,1779.7,0
1316642400,1778.86,1786.22,1721.13,1735.1,0
1316728800,1736.52,1755.22,1629.15,1655.4,0
1316988000,1655.4,1662.67,1533.23,1626.85,0
1317074400,1626.82,1677.32,1614.7,1648.7,0
1317160800,1649.27,1669.35,1598.6,1607.9,0
1317247200,1606.87,1635.2,1583,1614.5,0
1317333600,1616.42,1640.45,1606.83,1623.7,0
1317592800,1623.7,1664.97,1620.8,1660.09,0
1317679200,1660.42,1679.07,1595.6,1623.6,0
1317765600,1625.02,1646.87,1596.95,1640.4,0
1317852000,1641.47,1654.92,1632,1649.35,0
1317938400,1649.47,1666.16,1626.33,1637.6,0
1318197600,1637.6,1677.61,1637.4,1674.94,0
1318284000,1674.62,1684.6,1654.18,1665.43,0
1318370400,1661.65,1692.17,1660.5,1673.61,0
1318456800,1674.85,1684.32,1653.13,1665.3,0
1318543200,1665.51,1683.77,1661.48,1680.57,0
1318802400,1679.5,1695.07,1664.7,1669.5,0
1318888800,1670.87,1676.62,1627.23,1654.2,0
1318975200,1654.72,1665.14,1639.6,1642.16,0
1319061600,1643.75,1645.05,1603.93,1618.4,0
1319148000,1619.11,1648.57,1611.4,1641.97,0
1319407200,1639.92,1661.93,1635.7,1652.4,0
1319493600,1652.67,1708.97,1643.5,1703.35,0
1319580000,1705.57,1726.66,1695,1725.28,0
1319666400,1725.22,1750.02,1706.43,1744.5,0
1319752800,1744.4,1752.45,1732.67,1743.26,0
1320012000,1739.44,1745,1704.8,1714.2,0
1320098400,1714.12,1724.22,1681.51,1719.3,0
1320184800,1720.12,1744.17,1714.1,1736.5,0
1320271200,1737.27,1767.66,1723.1,1762.8,0
1320357600,1764.17,1765.7,1748.98,1754.52,0
1320620400,1753.05,1798.42,1750.7,1794.85,0
1320706800,1794.83,1802.92,1777,1786,0
1320793200,1786.13,1799.72,1764,1769.65,0
1320879600,1769.63,1775.43,1736.04,1758.1,0
1320966000,1758.1,1789.28,1744.6,1789.1,0
1321225200,1788.7,1795.5,1774.05,1780.18,0
1321311600,1779.89,1786.17,1760.49,1780.3,0
1321398000,1780.55,1783.67,1753.58,1763.2,0
1321484400,1763.15,1766.91,1710.72,1721.28,0
1321570800,1721.15,1737.49,1710.9,1723.1,0
1321830000,1723.6,1726.49,1666.3,1676.7,0
1321916400,1676.95,1705.57,1669.2,1699.52,0
1322002800,1699.3,1710.11,1677.43,1691.83,0
1322089200,1695,1697.82,1672.32,1682.6,0
1322434800,1683.33,1720.77,1681.2,1712.13,0
1322521200,1711.83,1720.18,1703.86,1715.38,0
1322607600,1715.1,1750.45,1701.01,1746.05,0
1322694000,1746.15,1754.21,1733.5,1744.4,0
1322780400,1744.45,1763.01,1737.9,1747.9,0
1323039600,1748.3,1754.6,1717.5,1722.65,0
1323126000,1722.35,1733,1702.43,1727.6,0
1323212400,1728.2,1742.87,1720.43,1741.5,0
1323298800,1741.65,1756.27,1704.42,1708.08,0
1323385200,1708.15,1724.01,1703.74,1711.2,0
1323644400,1711.48,1714.9,1657.53,1666.28,0
1323730800,1666,1678.17,1622.3,1631.28,0
1323817200,1631.15,1642.1,1563.98,1573.83,0
1323903600,1573.8,1594,1560.63,1570.25,0
1323990000,1570.2,1601.24,1566.5,1598.45,0
1324249200,1597.5,1608.73,1584,1593.5,0
1324335600,1593.8,1618.62,1590.1,1615.6,0
1324422000,1615.5,1641.75,1606.28,1614.5,0
1324508400,1614.65,1616.89,1598.02,1606.15,0
1324594800,1606.1,1613.82,1603.01,1606.7,0
1324940400,1606.9,1608.8,1589.5,1592.7,0
1325026800,1592.3,1593.03,1549.5,1556.2,0
1325113200,1555.9,1561.3,1522.93,1544.5,0
1325199600,1545.15,1581.4,1544.4,1564.6,0
1325545200,1568.67,1607.4,1566.8,1604.11,0
1325631600,1603.4,1618.57,1592.7,1611.9,0
1325718000,1610.9,1625.77,1597.07,1622.3,0
1325804400,1622.17,1631.1,1608.8,1618,0
1326063600,1619.93,1623.69,1605.1,1610.6,0
1326150000,1610.3,1640.34,1607.3,1631.8,0
1326236400,1632.01,1647.14,1630,1641,0
1326322800,1641.2,1661.95,1640,1649.6,0
1326409200,1649.3,1650,1625.5,1638.6,0
1326668400,1642.6,1667.72,1641.6,1651.7,0
1326841200,1651.5,1662.4,1642.93,1659.1,0
1326927600,1659,1670.09,1649.2,1657.1,0
1327014000,1657.3,1666.75,1645.2,1665.7,0
1327273200,1666,1681.5,1663.2,1676.4,0
1327359600,1676.8,1679.82,1661.79,1665,0
1327446000,1665,1713,1649.32,1709.9,0
1327532400,1709.9,1730.95,1703.33,1719.6,0
1327618800,1720.75,1739.77,1714.59,1738.4,0
1327878000,1738.87,1739.8,1716.54,1729.3,0
1327964400,1729,1747.66,1726.51,1737.1,0
1328050800,1736.8,1751.5,1732.85,1744.1,0
1328137200,1742.9,1761.04,1741.24,1758.6,0
1328223600,1758.5,1763.24,1723.7,1725.4,0
1328482800,1724.1,1738.1,1712.05,1719.2,0
1328569200,1719.1,1749.85,1710.38,1744.4,0
1328655600,1744.1,1752.09,1724.3,1732.3,0
1328742000,1732.1,1752.8,1725.6,1729,0
1328828400,1729.05,1734.9,1704.9,1721.3,0
1329087600,1721.51,1733.32,1716.2,1721.93,0
1329174000,1722,1727.83,1712.3,1720,0
1329260400,1720.2,1737.23,1718.3,1727.5,0
1329346800,1727.4,1729.94,1705.55,1727.83,0
1329433200,1727.7,1735.87,1717.5,1723,0
1329692400,1733.6,1759.9,1730.7,1758.7,0
1329865200,1758.6,1781.7,1749.58,1776.3,0
1329951600,1776.2,1787.45,1772.3,1780.28,0
1330038000,1780.5,1782.88,1770.4,1771.6,0
1330297200,1771.5,1779.42,1761.82,1766.8,0
1330383600,1766.9,1790.25,1765.6,1783.9,0
1330470000,1784.05,1790.66,1688.3,1696.76,0
1330556400,1696.79,1726.05,1693.8,1717.9,0
1330642800,1718.1,1724.3,1705.23,1712.1,0
1330902000,1711.7,1716.77,1694.08,1706.05,0
1330988400,1706.1,1708.97,1663.41,1673.6,0
1331074800,1673.9,1688.18,1671.52,1684.9,0
1331161200,1684.85,1704,1683,1699.53,0
1331247600,1699.55,1714.95,1676.98,1713.55,0
1331503200,1713.55,1716.68,1692.7,1700.04,0
1331589600,1700.3,1705.68,1661.9,1674.9,0
1331676000,1674.9,1682.3,1634.1,1642.38,0
1331762400,1642.41,1666.7,1635.9,1656.8,0
1331848800,1656.86,1664.82,1639.8,1659.1,0
1332108000,1659.4,1669.81,1652.6,1663.29,0
1332194400,1663.5,1664.67,1641.75,1650.23,0
1332280800,1650,1661.8,1646.7,1649.5,0
1332367200,1649.4,1656.6,1628.3,1644.5,0
1332453600,1644.49,1666.54,1642.1,1643.85,0
1332712800,1661.4,1693.47,1655.77,1689.5,0
1332799200,1689.5,1697.02,1679.3,1680.13,0
1332885600,1680.03,1684.55,1654.8,1662.6,0
1332972000,1662.5,1665,1645.15,1661,0
1333058400,1660.74,1670.93,1659.5,1668.13,0
1333317600,1667.8,1683.57,1663.1,1676.4,0
1333404000,1676,1681.1,1638.6,1645.31,0
1333490400,1645.5,1648,1612.53,1619.95,0
1333576800,1620.22,1633.51,1619.6,1630.2,0
1333922400,1630.2,1648.8,1629.6,1639.4,0
1334008800,1640.9,1663.1,1631.9,1658.2,0
1334095200,1658.97,1662.7,1653.05,1659,0
1334181600,1659.15,1680.12,1650.62,1674.5,0
1334268000,1674.5,1678.02,1649.3,1657.5,0
1334527200,1657.5,1658,1641.3,1652.35,0
1334613600,1652.4,1657.52,1634.73,1652.35,0
1334700000,1649.89,1654.41,1638.08,1641.8,0
1334786400,1641.91,1653.8,1631.15,1641.9,0
1334872800,1642.69,1647.16,1638.68,1642.3,0
1335132000,1642.2,1643.27,1623.2,1637.9,0
1335218400,1637.94,1649.22,1634.23,1640.85,0
1335304800,1640.88,1646.56,1624.92,1643.5,0
1335391200,1643.95,1661.05,1641.8,1654.61,0
1335477600,1654.64,1668.1,1650.78,1662.3,0
1335736800,1662.4,1666.3,1644.7,1664.71,0
1335823200,1664.66,1671.64,1657.25,1662.9,0
1335909600,1662.8,1663.5,1646.33,1653.5,0
1335996000,1653.26,1653.9,1631.2,1635.93,0
1336082400,1635.6,1647.4,1626.9,1642,0
1336341600,1643.1,1643.2,1632.39,1638.25,0
1336428000,1638.32,1639.3,1595.58,1605.3,0
1336514400,1604.9,1606.53,1578.95,1590.02,0
1336600800,1590.05,1601.98,1585.88,1593.4,0
1336687200,1593.26,1595.1,1573.3,1578.9,0
1336946400,1578.9,1585.9,1556,1556.72,0
1337032800,1556.77,1564.6,1541.3,1544.17,0
1337119200,1544.14,1552.41,1527.24,1539.2,0
1337205600,1539.1,1579.88,1538.4,1574.19,0
1337292000,1574.19,1597.55,1568.2,1592.9,0
1337551200,1592.9,1599.1,1585.09,1593.16,0
1337637600,1593.16,1594.5,1561.3,1567.35,0
1337724000,1567.32,1568.57,1533.7,1561.95,0
1337810400,1561.93,1577.97,1551.73,1557.8,0
1337896800,1558.27,1574.17,1551.3,1572.3,0
1338156000,1574.1,1582.7,1548.59,1554.31,0
1338328800,1554.29,1569.6,1531.7,1562.75,0
1338415200,1562.45,1573.35,1552.37,1560,0
1338501600,1559.89,1630.15,1545,1624.1,0
1338760800,1624.1,1628.06,1609.03,1618.05,0
1338847200,1618.56,1623.53,1612.14,1616.99,0
1338933600,1617.06,1640.9,1613.5,1619.96,0
1339020000,1620.4,1629.18,1578.7,1589.61,0
1339106400,1589.65,1595.14,1555.3,1593.6,0
1339365600,1593,1608.15,1582,1595.5,0
1339452000,1595.49,1617.63,1586.45,1609.51,0
1339538400,1609.71,1624.8,1605.9,1617.94,0
1339624800,1617.99,1628.04,1609.72,1623.29,0
1339711200,1622.98,1633.85,1619.8,1627.2,0
1339970400,1626.9,1630.19,1607.15,1626.82,0
1340056800,1626.65,1633.35,1617.1,1618.34,0
1340143200,1618.17,1622.7,1590.63,1606.48,0
1340229600,1606.35,1607.1,1564.5,1564.8,0
1340316000,1564.9,1573.45,1558.5,1571.7,0
1340575200,1572.1,1588.34,1566.59,1587.06,0
1340661600,1587.06,1587.2,1567.88,1572.24,0
1340748000,1571.7,1583.35,1562.9,1573.6,0
1340834400,1573.8,1579.02,1548.25,1551.9,0
1340920800,1551.17,1607.09,1550.8,1597.43,0
1341180000,1597.3,1602.5,1587.39,1596.9,0
1341266400,1596.35,1624.96,1594.7,1616.77,0
1341352800,1615.2,1623.99,1597.78,1605,0
1341525600,1604.9,1609.88,1576.58,1582.4,0
1341784800,1583.3,1593.15,1576.6,1588.9,0
1341871200,1588.6,1601.4,1564.4,1565.7,0
1341957600,1565.6,1583.2,1565.6,1576.55,0
1342044000,1576.45,1578,1555.03,1571.3,0
1342130400,1571.2,1596.79,1565.6,1588.1,0
1342389600,1588.6,1594.78,1578.31,1589,0
1342476000,1588.9,1598.98,1571.6,1582.4,0
1342562400,1583.05,1586.03,1567.73,1573.1,0
1342648800,1573.4,1591.7,1572.4,1581.3,0
1342735200,1581.05,1587.1,1573.95,1583.6,0
1342994400,1583.6,1583.6,1563.55,1576.6,0
1343080800,1576.35,1584.4,1569.16,1580.2,0
1343167200,1580.05,1610.5,1578.6,1605.6,0
1343253600,1605.5,1621.75,1601.1,1615.2,0
1343340000,1615.3,1629.5,1611.7,1622.7,0
1343599200,1622.7,1626,1614.5,1621.6,0
1343685600,1621.85,1627.93,1611.16,1613.75,0
1343772000,1613.6,1618.61,1592.1,1599.2,0
1343858400,1599.4,1615.2,1584.3,1588.8,0
1343944800,1588.9,1606.7,1586.15,1601.2,0
1344204000,1602.9,1615.4,1601.74,1610.8,0
1344290400,1610.3,1618.4,1608.8,1611.9,0
1344376800,1612,1616.7,1603.62,1611.7,0
1344463200,1612.04,1618.36,1609.87,1616.8,0
1344549600,1617.45,1626.49,1606.05,1619.5,0
1344808800,1619.4,1625.66,1607.7,1609.25,0
1344895200,1610,1616.33,1591.5,1597.83,0
1344981600,1598.9,1606.42,1590.24,1603,0
1345068000,1603,1618.85,1601,1614,0
1345154400,1614.4,1620.45,1612.05,1615.5,0
1345413600,1615.5,1622.43,1610.1,1620.2,0
1345500000,1619.75,1641.31,1618.4,1637.85,0
1345586400,1637.8,1655.9,1634.85,1648.2,0
1345672800,1648.4,1674.88,1648.4,1669.5,0
1345759200,1669.13,1673.75,1662.71,1669.9,0
1346018400,1670.3,1676.97,1662.9,1663.06,0
1346104800,1663.35,1672.36,1657.2,1665.4,0
1346191200,1665.6,1669.92,1652.59,1655.3,0
1346277600,1656.1,1664.13,1651.3,1655.3,0
1346364000,1655.25,1692.92,1646.55,1691.4,0
1346623200,1692.1,1699.08,1688.3,1695.05,0
1346796000,1695.4,1695.95,1687.53,1693.45,0
1346882400,1693,1714.1,1691.3,1700.9,0
1346968800,1701.5,1742.14,1688.9,1735.4,0
1347228000,1735.4,1740.09,1724.6,1724.6,0
1347314400,1725.6,1738.18,1724.9,1731.11,0
1347400800,1732,1747.17,1725.63,1730.6,0
1347487200,1730.7,1772.8,1716.7,1766.8,0
1347573600,1766.8,1777.82,1765.82,1769.6,0
1347832800,1770.1,1776.43,1754.4,1761.55,0
1347919200,1761.55,1773.35,1752.6,1770.85,0
1348005600,1770.9,1779.33,1762.47,1769.7,0
1348092000,1769.9,1772.27,1756.15,1767.3,0
1348178400,1767.2,1787.4,1766.4,1772.2,0
1348437600,1772.9,1772.9,1755.82,1764.1,0
1348524000,1763.55,1774.96,1758.7,1760.1,0
1348610400,1760.2,1765.5,1736.85,1753,0
1348696800,1753.75,1780.4,1750.9,1777,0
1348783200,1776.95,1783.24,1767.5,1771.7,0
1349042400,1771.7,1791.65,1763.1,1777,0
1349128800,1776.93,1784.35,1770.93,1773.85,0
1349215200,1773.75,1781.78,1770.8,1777.42,0
1349301600,1777.47,1795.16,1777.47,1789.8,0
1349388000,1790.15,1795.9,1773.2,1780.3,0
1349647200,1780.3,1780.87,1766.91,1775.3,0
1349733600,1775.85,1779.79,1760.73,1764.2,0
1349820000,1764.35,1768.19,1757.22,1762.2,0
1349906400,1762.9,1774.75,1758.3,1767.17,0
1349992800,1767.35,1773.3,1752.5,1753.5,0
1350252000,1753.5,1754.75,1728.94,1735.6,0
1350338400,1735.6,1748.23,1734.6,1747.9,0
1350424800,1747.32,1753.5,1743.06,1748.8,0
1350511200,1748.75,1752.16,1738.37,1740.97,0
1350597600,1740.98,1743.34,1716.46,1721.1,0
1350856800,1721.1,1729.4,1713.5,1727.65,0
1350943200,1727.55,1730.1,1703.7,1705.75,0
1351029600,1705.6,1714.3,1698.8,1701.87,0
1351116000,1701.38,1718,1701.38,1710.75,0
1351202400,1710.74,1718.79,1700.98,1710.3,0
1351461600,1711,1717.29,1706.2,1709.2,0
1351548000,1708.8,1715.19,1705.3,1708.8,0
1351634400,1708.49,1726,1708.49,1719.5,0
1351720800,1720.7,1727.01,1713.3,1713.8,0
1351807200,1713.6,1716.87,1674.85,1677.4,0
1352070000,1677.3,1686.3,1672.9,1684.7,0
1352156400,1684.87,1720.91,1683.4,1715.9,0
1352242800,1715.69,1731.84,1703.33,1717.29,0
1352329200,1717.49,1735.14,1712.92,1731.16,0
1352415600,1731.12,1738.8,1727.36,1730.7,0
1352674800,1730.4,1737.96,1725.9,1728,0
1352761200,1727.89,1732.9,1718.22,1724.72,0
1352847600,1724.67,1734,1720.95,1726.22,0
1352934000,1726.24,1727.95,1705.09,1715.63,0
1353020400,1715.44,1717.42,1706.07,1713.3,0
1353279600,1713.7,1735.56,1713.5,1731.5,0
1353366000,1731.24,1735.65,1722,1726.75,0
1353452400,1726.7,1731.99,1719.93,1728.64,0
1353538800,1729.2,1754.4,1728.2,1749.2,0
1353884400,1752,1752.27,1746.13,1748.43,0
1353970800,1748.31,1751.82,1740.2,1741.8,0
1354057200,1741.92,1743.11,1706.12,1719.56,0
1354143600,1719.4,1728.71,1718.27,1725.7,0
1354230000,1725.7,1731.7,1708.4,1714.6,0
1354489200,1714.8,1722.7,1712.4,1715.69,0
1354575600,1715.49,1718.19,1691.46,1697.3,0
1354662000,1697.3,1706.91,1685.02,1693.62,0
1354748400,1693.8,1703.26,1686.12,1699.59,0
1354834800,1699.75,1705.5,1683.25,1704.04,0
1355094000,1703.8,1717.3,1702.5,1712.54,0
1355180400,1712.8,1714.4,1705.04,1709.9,0
1355266800,1709.9,1723.3,1707.48,1711.47,0
1355353200,1711.24,1711.8,1689.62,1697,0
1355439600,1696.79,1700.47,1693.7,1695.56,0
1355698800,1695.6,1699.8,1686.87,1697.95,0
1355785200,1697.81,1703.1,1661,1670.89,0
1355871600,1670.95,1676.72,1663.3,1667.1,0
1355958000,1666.97,1671.9,1636,1647.37,0
1356044400,1647.8,1659.71,1635.4,1656.87,0
1356303600,1656.7,1665.91,1652.23,1658.2,0
1356476400,1658.2,1667.9,1650.2,1659.3,0
1356562800,1658.9,1665.43,1652.91,1663.76,0
1356649200,1663.83,1666.3,1653.4,1655.59,0
1356908400,1655.4,1680.4,1654.8,1674.95,0
1357081200,1675.34,1694.86,1670.35,1686.54,0
1357167600,1686.35,1689.94,1660.6,1663.8,0
1357254000,1663.59,1664.18,1626.18,1655.49,0
1357513200,1655.2,1662.6,1643.17,1646.82,0
1357599600,1646.6,1662.54,1646.2,1659.03,0
1357686000,1659.02,1665.9,1651.7,1657.54,0
1357772400,1657.63,1678.83,1653.7,1674.8,0
1357858800,1675.08,1677,1653.61,1662.59,0
1358118000,1662.3,1674.8,1659,1667.27,0
1358204400,1667.54,1685.21,1666.2,1679.18,0
1358290800,1678.94,1684.85,1673.8,1679.9,0
1358377200,1679.57,1697.5,1667,1687.1,0
1358463600,1687.35,1695.3,1683.6,1683.9,0
1358722800,1692.25,1695.1,1683.95,1692.4,0
1358895600,1685.43,1686.1,1665.28,1685.38,0
1358982000,1667.8,1672.36,1656.25,1667.69,0
1359068400,1667.8,1672.36,1656.25,1658.15,0
1359327600,1658.2,1662.4,1652.3,1655.3,0
1359414000,1655.75,1666.01,1654.3,1663.3,0
1359500400,1663.2,1684.05,1662.6,1676.67,0
1359586800,1676.6,1680.8,1658.13,1663.35,0
1359673200,1663.2,1682.1,1659.8,1666.66,0
1359932400,1666.7,1677.6,1661.8,1674.3,0
1360018800,1674.3,1685.3,1666.87,1672.62,0
1360105200,1672.8,1679.7,1668.56,1677.22,0
1360191600,1677.6,1683.3,1663.33,1670.88,0
1360278000,1670.9,1673.7,1665.26,1667.1,0
1360537200,1666.7,1669.7,1644.06,1647.94,0
1360623600,1647.85,1653.4,1639.46,1651.2,0
1360710000,1650.8,1653.8,1640.3,1642.33,0
1360796400,1642.5,1650,1632.7,1634.9,0
1360882800,1634.7,1636.2,1598.18,1609.64,0
1361142000,1609.2,1615.3,1600.88,1604.6,0
1361314800,1604.9,1609.6,1558.7,1564.23,0
1361401200,1564.15,1584.9,1554.8,1576.3,0
1361487600,1576,1587.3,1570.09,1581.19,0
1361746800,1580.7,1597,1575,1592.99,0
1361833200,1592.95,1620.23,1584.61,1613.34,0
1361919600,1613.57,1614.8,1592.2,1596.65,0
1362006000,1597.05,1603,1574.8,1579.52,0
1362092400,1579.55,1587.3,1565.11,1575.7,0
1362351600,1575.5,1584.9,1569.3,1573.9,0
1362438000,1573.75,1586.5,1571.7,1575.13,0
1362524400,1575.5,1585,1567.6,1583.62,0
1362610800,1583.3,1585.5,1574.8,1578.53,0
1362697200,1578.77,1583.9,1561.7,1578.3,0
1362952800,1578.3,1583.35,1575.3,1580.05,0
1363039200,1581.29,1598.5,1579.8,1592.34,0
1363125600,1592.8,1599.5,1585.89,1588.05,0
1363212000,1587.64,1593.5,1577.05,1590.11,0
1363298400,1589.9,1599,1588.4,1592.2,0
1363557600,1592.2,1611.4,1591.45,1604.19,0
1363644000,1603.89,1615.9,1600.29,1611.78,0
1363730400,1611.7,1614.85,1600.8,1606.75,0
1363816800,1606.65,1616.88,1604.2,1612.45,0
1363903200,1614.79,1616.2,1603.8,1608.6,0
1364162400,1608.16,1613.71,1590.02,1605,0
1364248800,1605.15,1606.1,1594.87,1597,0
1364335200,1598.8,1608.4,1591.55,1604.95,0
1364421600,1605,1607.8,1594,1595.05,0
1364767200,1593.65,1601.1,1593.65,1599.15,0
1364853600,1599.25,1603.9,1573.99,1575.7,0
1364940000,1576.2,1577.3,1549.99,1557.9,0
1365026400,1557.6,1559.6,1540.18,1554.09,0
1365112800,1554.09,1581.5,1549.1,1581.5,0
1365372000,1580.9,1583.01,1567.55,1572.25,0
1365458400,1572.47,1590.55,1570.1,1584.45,0
1365544800,1585.09,1588.6,1555.4,1558.75,0
1365631200,1559.15,1568.4,1553.2,1559.65,0
1365717600,1560,1564.7,1480.3,1480.3,0
1365976800,1478.91,1495.7,1335.3,1351.8,0
1366063200,1355.56,1403.6,1321.5,1367.8,0
1366149600,1369.35,1395.2,1364.7,1376.85,0
1366236000,1376.9,1402.04,1336.6,1390.65,0
1366322400,1393.45,1425.05,1385.6,1405.8,0
1366581600,1401.2,1439,1401.2,1424.8,0
1366668000,1425.79,1432.78,1405.11,1412.15,0
1366754400,1412.99,1434.01,1412,1430.35,0
1366840800,1430.7,1469.22,1427.35,1466.3,0
1366927200,1467.19,1485.4,1448.37,1462.28,0
1367186400,1467.28,1478.83,1462,1474.45,0
1367272800,1474.45,1480.2,1461.26,1474.7,0
1367359200,1475.25,1478.06,1440.72,1455.7,0
1367445600,1456.6,1473.71,1448.6,1466,0
1367532000,1466.35,1487.98,1456.55,1470.2,0
1367791200,1469.75,1478.9,1464.89,1469.25,0
1367877600,1469.5,1470.7,1441.63,1451.65,0
1367964000,1452.3,1476.74,1447.4,1473.3,0
1368050400,1473.17,1476.38,1453.1,1456.4,0
1368136800,1457.6,1462.2,1419.98,1447.8,0
1368396000,1448.2,1448.99,1425.7,1430.35,0
1368482400,1430.2,1445.45,1421.46,1424.65,0
1368568800,1425.35,1430.81,1388.6,1392,0
1368655200,1393.55,1398.33,1369.93,1385.65,0
1368741600,1386.45,1392.95,1355.1,1359.6,0
1369000800,1358.7,1399.6,1338.1,1393.7,0
1369087200,1393.7,1401.53,1360.05,1375.2,0
1369173600,1374.92,1414.3,1354.3,1369.5,0
1369260000,1368.61,1398.31,1356.2,1390.35,0
1369346400,1390.95,1398.4,1382.1,1386.2,0
1369605600,1394.95,1402.1,1373.95,1380.65,0
1369778400,1380.65,1395.4,1379.9,1393.3,0
1369864800,1393.3,1418,1388.5,1412.4,0
1369951200,1413.26,1421.9,1384.7,1387.81,0
1370210400,1388.32,1416.93,1388.32,1410.3,0
1370296800,1411.44,1415.2,1389.2,1398.45,0
1370383200,1398.25,1410.6,1396,1400.7,0
1370469600,1400.8,1423.8,1391.84,1413.4,0
1370556000,1412.77,1417.98,1377.8,1384.1,0
1370815200,1383.03,1389.01,1376.18,1385.5,0
1370901600,1386.3,1387.7,1366.14,1377.98,0
1370988000,1376.95,1394.56,1374,1387.6,0
1371074400,1387.6,1395,1374.76,1384.1,0
1371160800,1384.15,1392.5,1378.45,1391,0
1371420000,1389.93,1392.1,1380.79,1384.35,0
1371506400,1383.3,1386.06,1361.18,1361.18,0
1371592800,1366.2,1376.57,1348.9,1350.4,0
1371679200,1350.85,1351.35,1275.66,1275.66,0
1371765600,1278.24,1302.5,1269.1,1297.9,0
1372024800,1296.59,1301.5,1276.38,1282.26,0
1372111200,1282.31,1289.54,1271.96,1277.15,0
1372197600,1277.1,1278.1,1221.6,1222.16,0
1372284000,1225.61,1245,1196.6,1200,0
1372370400,1200.25,1235.24,1180.2,1234.8,0
1372629600,1232.68,1261.8,1225.1,1249.14,0
1372716000,1252.8,1267.5,1239.4,1242.6,0
1372802400,1241.65,1260,1237,1252.6,0
1372888800,1246.05,1250.54,1208.5,1222.93,0
1373234400,1221.86,1238.71,1215.5,1236.55,0
1373320800,1236.05,1260.56,1233.4,1248.87,0
1373407200,1248.85,1267,1243.7,1261.42,0
1373493600,1266.47,1298.9,1264.9,1285.55,0
1373580000,1285.66,1288.6,1268.14,1284.2,0
1373839200,1284.23,1294.75,1274.45,1282.15,0
1373925600,1282.2,1295.6,1276.9,1292.7,0
1374012000,1290.85,1300.8,1270.6,1273.9,0
1374098400,1273.9,1288.8,1273.9,1284.1,0
1374184800,1282.4,1298,1282.1,1295.9,0
1374444000,1296.06,1339.44,1296.06,1334.75,0
1374530400,1334.75,1348.5,1327.07,1347.2,0
1374616800,1347.15,1347.68,1313.45,1320.4,0
1374703200,1320.85,1337.83,1309.19,1333.23,0
1374789600,1332.55,1340.7,1312.68,1333.2,0
1375048800,1332.8,1338.3,1323.19,1326.6,0
1375135200,1326.8,1330.2,1317.3,1319.66,0
1375221600,1326.4,1339.2,1305.6,1322.4,0
1375308000,1322.77,1331.05,1307.8,1308.1,0
1375394400,1308.05,1318.44,1283.45,1313,0
1375653600,1311.4,1320.8,1297.79,1303.6,0
1375740000,1301.75,1307,1279.64,1282.05,0
1375826400,1281.55,1289.36,1273.14,1286.45,0
1375912800,1286.5,1314.5,1282.7,1311.44,0
1375999200,1312.25,1317.3,1305.2,1314,0
1376258400,1313.55,1344.08,1313.55,1334.25,0
1376344800,1336,1341.6,1319.08,1319.88,0
1376431200,1320.5,1336.45,1315.7,1330.37,0
1376517600,1335.1,1370.06,1319.13,1365.7,0
1376604000,1364.95,1379.6,1357.9,1376,0
1376863200,1376.1,1384.5,1362.76,1365.1,0
1376949600,1365,1377.6,1352.3,1370.75,0
1377036000,1370.5,1379.1,1360.05,1363.27,0
1377122400,1366.15,1381.7,1354.9,1376.1,0
1377208800,1376.5,1400.3,1368.93,1397.1,0
1377468000,1397.3,1407.1,1389.8,1404.85,0
1377554400,1405,1423.8,1395.4,1416.25,0
1377640800,1415.4,1433.85,1413.1,1418.05,0
1377727200,1418.23,1418.42,1402.65,1407.95,0
1377813600,1407.35,1411.45,1392.23,1395.2,0
1378072800,1391.44,1416.4,1384.65,1411.19,0
1378245600,1411.4,1415,1384.86,1391.35,0
1378332000,1390.95,1399.9,1364.9,1366.45,0
1378418400,1366.6,1393.5,1359.6,1390.8,0
1378677600,1390.39,1394.2,1382.31,1386.34,0
1378764000,1386.75,1391.25,1358.05,1363.15,0
1378850400,1363.55,1368.7,1356.4,1365.7,0
1378936800,1365.49,1366.5,1320.4,1320.87,0
1379023200,1320.91,1330.9,1305.1,1327.1,0
1379282400,1333.13,1334.87,1302.8,1311.3,0
1379368800,1310.4,1323.85,1306.12,1309.35,0
1379455200,1310.25,1367.52,1291.5,1362.15,0
1379541600,1361.3,1375.4,1358.4,1365.3,0
1379628000,1366,1368.49,1324.6,1325,0
1379887200,1325.13,1331.84,1313.3,1321.1,0
1379973600,1321.25,1329.28,1306.13,1323,0
1380060000,1323.1,1338.1,1316.84,1332.7,0
1380146400,1332.75,1339.35,1318.9,1323.1,0
1380232800,1322.77,1344.02,1319.6,1335.8,0
1380492000,1336.34,1352.15,1322.92,1327.19,0
1380578400,1327.6,1337.55,1282.6,1286.75,0
1380664800,1287.13,1323.79,1277.5,1315.35,0
1380751200,1315.9,1322.5,1302.27,1317,0
1380837600,1316.85,1325.41,1305.9,1309.9,0
1381096800,1310.5,1329,1308.78,1322.65,0
1381183200,1322.75,1329.93,1315.84,1319.2,0
1381269600,1318.6,1322.2,1294.88,1304.57,0
1381356000,1305.47,1311.75,1281.5,1286.1,0
1381442400,1284.92,1294.52,1261.66,1271.8,0
1381701600,1270.85,1290.04,1268.3,1273.22,0
1381788000,1273.7,1288,1251.8,1281.25,0
1381874400,1280.95,1288.5,1269.4,1280.95,0
1381960800,1280.95,1324.41,1274.73,1320.1,0
1382047200,1318.95,1327.55,1312.01,1315.9,0
1382306400,1315.83,1324.07,1312.9,1315.55,0
1382392800,1315.25,1344.95,1310.29,1339.45,0
1382479200,1340.05,1342.2,1329.21,1332.4,0
1382565600,1332.35,1352.19,1330.1,1345.85,0
1382652000,1346,1355.82,1336.7,1351.9,0
1382911200,1351.07,1361.74,1346.58,1352.27,0
1382997600,1352.27,1360.58,1340.2,1344.45,0
1383084000,1344.5,1359.52,1334.5,1341.25,0
1383170400,1341.2,1343.1,1319.3,1322.9,0
1383256800,1322.9,1327.46,1306.28,1315.2,0
1383519600,1315.03,1322.5,1311.4,1314.45,0
1383606000,1314.36,1319.93,1306.09,1311.5,0
1383692400,1311.46,1322.03,1309.45,1317.55,0
1383778800,1317.25,1326.33,1296.95,1307.38,0
1383865200,1307.35,1313.75,1281.12,1288.15,0
1384124400,1288.16,1288.8,1279.35,1282.5,0
1384210800,1282.4,1285.27,1261,1267.73,0
1384297200,1267.64,1281.6,1265.6,1281.6,0
1384383600,1280.86,1294.3,1278.39,1287,0
1384470000,1286.91,1291.2,1280.63,1289.8,0
1384729200,1289.43,1289.7,1270.19,1275.04,0
1384815600,1275,1278.85,1269.46,1275,0
1384902000,1275.45,1276.35,1240.9,1243.8,0
1384988400,1243.8,1250.4,1237.07,1242.38,0
1385074800,1242.38,1249.1,1241.39,1242.7,0
1385334000,1243.23,1253.71,1227.05,1251.23,0
1385420400,1250.7,1258.2,1239.92,1242.3,0
1385506800,1242.6,1254.78,1235.9,1237.48,0
1385593200,1244.27,1254.85,1240.3,1251.4,0
1385938800,1251.21,1251.21,1217.5,1219.3,0
1386025200,1219.55,1226.2,1215.52,1223.08,0
1386111600,1223.09,1251.69,1211.89,1243.47,0
1386198000,1243.5,1243.6,1217.32,1225,0
1386284400,1225.01,1244.9,1212.87,1228.55,0
1386543600,1228.7,1243.07,1224.9,1240,0
1386630000,1240.1,1267.8,1237.5,1261.95,0
1386716400,1262,1263.4,1251.2,1251.95,0
1386802800,1251.95,1256.94,1223.6,1224.9,0
1386889200,1224.9,1238.68,1220.66,1238.4,0
1387148400,1238.35,1252.02,1228.09,1241.04,0
1387234800,1240.7,1248.1,1227.2,1230.55,0
1387321200,1230.23,1244.57,1215.9,1217.8,0
1387407600,1218.3,1226.51,1186.9,1188.4,0
1387494000,1188.1,1207.52,1187.6,1202.8,0
1387753200,1202.78,1206.19,1192.93,1198.2,0
1387839600,1198.45,1205.5,1196.49,1204.3,0
1388012400,1203.7,1215.84,1200.9,1209.81,0
1388098800,1210.05,1219.05,1208.6,1212.6,0
1388358000,1212.87,1216.3,1194.5,1196,0
1388444400,1195.27,1214.63,1182.7,1205.25,0
1388617200,1205.4,1230.84,1203.3,1224,0
1388703600,1224.2,1240.22,1222.3,1236.75,0
1388962800,1236.43,1248.4,1216.07,1237.64,0
1389049200,1237.95,1245.35,1225.25,1231.7,0
1389135600,1231.88,1232.55,1218.2,1225.7,0
1389222000,1225.95,1231.55,1223.81,1227.8,0
1389308400,1227.4,1248.91,1227.2,1248.05,0
1389567600,1246.6,1255,1243.85,1252.55,0
1389654000,1252.92,1255.35,1241.3,1244.9,0
1389740400,1244.91,1245.45,1234.48,1241.55,0
1389826800,1241,1245.28,1236.59,1242.1,0
1389913200,1242.05,1254.92,1237.95,1253.69,0
1390172400,1252.13,1255.95,1235.78,1241.22,0
1390345200,1240.26,1243.75,1235.6,1237.05,0
1390431600,1237.05,1265.5,1231.3,1263.4,0
1390518000,1263.85,1272.55,1257.1,1269.69,0
1390777200,1268.68,1279.1,1251.7,1256.4,0
1390863600,1256.4,1261.74,1249,1256.5,0
1390950000,1256.6,1270.08,1248.7,1267.35,0
1391036400,1267.4,1268.83,1238.2,1243.22,0
1391122800,1243.51,1254.9,1238.81,1243.94,0
1391382000,1244,1266.21,1240.81,1257.15,0
1391468400,1257,1260.91,1247.6,1254.46,0
1391554800,1254.1,1274.3,1252.3,1257.59,0
1391641200,1257.7,1266.9,1253.07,1257.8,0
1391727600,1257.5,1271.87,1255.9,1266.85,0
1391986800,1266.85,1277.84,1264.8,1274.64,0
1392073200,1274.55,1293.84,1273.4,1291.22,0
1392159600,1291.15,1296.5,1284.27,1290.86,0
1392246000,1290.8,1302.77,1286.53,1302.49,0
1392332400,1302.54,1321.2,1299.6,1318.3,0
1392591600,1328.57,1332.1,1312.9,1321.74,0
1392764400,1321.5,1322.86,1308.6,1311.34,0
1392850800,1311.05,1324.95,1307.63,1322.8,0
1392937200,1322.8,1328.47,1316.1,1323.95,0
1393196400,1323.95,1338.97,1318.5,1336.4,0
1393282800,1336.7,1343.54,1331.47,1340.2,0
1393369200,1340.25,1345.37,1322.5,1330.25,0
1393455600,1330.25,1336.1,1324,1331,0
1393542000,1331.17,1333.29,1319.4,1324.9,0
1393801200,1325.75,1354.69,1325.75,1350.32,0
1393887600,1350,1352.51,1331.4,1334.3,0
1393974000,1334.15,1341.77,1332.9,1336.5,0
1394060400,1336.45,1353.56,1331.4,1350.61,0
1394146800,1350.62,1352.84,1328.52,1339.08,0
1394402400,1339.7,1344.61,1327.8,1338.76,0
1394488800,1338.87,1352.54,1337.6,1347.68,0
1394575200,1348.11,1370.78,1345.1,1364.47,0
1394661600,1366.85,1375.09,1364.6,1369.81,0
1394748000,1369.05,1387.87,1368.1,1381.4,0
1395007200,1382.45,1392.08,1361.7,1366.8,0
1395093600,1366.26,1367.51,1350.88,1355.4,0
1395180000,1354.79,1359.62,1327.5,1328.39,0
1395266400,1328.41,1334.59,1320.77,1327.2,0
1395352800,1325.25,1342.34,1325.25,1333.3,0
1395612000,1334.4,1334.87,1307.7,1308.88,0
1395698400,1307.92,1317.23,1305.87,1310.7,0
1395784800,1311.16,1316.29,1298.4,1304.5,0
1395871200,1304.77,1306.8,1288.8,1290.5,0
1395957600,1289.02,1298.7,1285.69,1293.7,0
1396216800,1294.9,1298.49,1281.85,1281.85,0
1396303200,1283.92,1287.95,1277.4,1278.88,0
1396389600,1278.57,1294.45,1278.57,1289.63,0
1396476000,1289.72,1293.84,1281.94,1284.85,0
1396562400,1286.14,1306.66,1284,1302.7,0
1396821600,1303,1304.72,1295.8,1296.61,0
1396908000,1296.57,1314.33,1296.57,1307.7,0
1396994400,1308.06,1315,1301.18,1311.7,0
1397080800,1311.46,1324.43,1310.5,1317.5,0
1397167200,1318.12,1323.83,1314.3,1318.1,0
1397426400,1318.16,1331.15,1318.16,1327.28,0
1397512800,1326.61,1328.13,1285.73,1302.24,0
1397599200,1302.23,1307.04,1293.7,1301.75,0
1397685600,1302.07,1304.13,1293.2,1294.35,0
1398031200,1294.55,1301.88,1281.8,1289.43,0
1398117600,1290.08,1292.82,1276.62,1283.15,0
1398204000,1283.29,1289.01,1281.12,1283.83,0
1398290400,1283.61,1298.64,1268.77,1292.88,0
1398376800,1293.67,1304.98,1290.7,1303.5,0
1398636000,1302.8,1306.42,1292.28,1296.18,0
1398722400,1295.66,1301.4,1286.58,1295.58,0
1398808800,1295.28,1298.17,1285.19,1291.1,0
1398895200,1291.39,1292.83,1277.5,1283.93,0
1398981600,1284.7,1304.63,1273.86,1299.6,0
1399240800,1299.35,1315.54,1299.2,1308.7,0
1399327200,1309.5,1314,1304.6,1307.37,0
1399413600,1307.37,1314.5,1286.89,1289.3,0
1399500000,1289.68,1295.44,1285.29,1289.15,0
1399586400,1289.47,1294.33,1285.7,1289.2,0
1399845600,1288.45,1304.1,1278.18,1295.2,0
1399932000,1295.74,1298.79,1289.27,1293.33,0
1400018400,1293.13,1309,1291.2,1305.53,0
1400104800,1305.11,1307.09,1291.15,1296,0
1400191200,1296.18,1298.21,1288.01,1292.5,0
1400450400,1292.5,1305.41,1289.62,1292.7,0
1400536800,1292.7,1296.9,1286.07,1293.9,0
1400623200,1293.97,1296.3,1283.1,1291.55,0
1400709600,1291.55,1303.85,1289.8,1293.95,0
1400796000,1293.54,1295.5,1286.85,1292.3,0
1401055200,1292.2,1293.35,1262.3,1262.3,0
1401228000,1263.86,1267.3,1256.15,1258.05,0
1401314400,1257.9,1260.48,1251.63,1255.5,0
1401400800,1254.64,1260.4,1242.4,1250.5,0
1401660000,1250.5,1250.85,1241.17,1243.3,0
1401746400,1243.3,1247.66,1240.74,1244.75,0
1401832800,1244.56,1249.15,1242.7,1243.6,0
1401919200,1243.6,1257.65,1241.3,1252.95,0
1402005600,1252.95,1257.78,1246.05,1252.6,0
1402264800,1252.6,1257.05,1251.2,1252.03,0
1402351200,1251.87,1263.65,1250,1259.75,0
1402437600,1259.68,1265.3,1258.12,1260.55,0
1402524000,1260.74,1274.8,1259.5,1272.85,0
1402610400,1272.23,1277.88,1270.9,1276.63,0
1402869600,1276.63,1284.9,1270.3,1271.45,0
1402956000,1271.41,1273.3,1258.94,1271.2,0
1403042400,1271.55,1278.71,1266.5,1277.25,0
1403128800,1277.7,1321.59,1275.6,1318.85,0
1403215200,1319.92,1321.99,1306.65,1314.1,0
1403474400,1314.1,1318.45,1309.8,1317.7,0
1403560800,1317.7,1325.96,1313.5,1318.3,0
1403647200,1318.3,1324.81,1307.75,1318.3,0
1403733600,1318.3,1319.84,1306.4,1316.8,0
1403820000,1316.8,1322.25,1312.88,1315.2,0
1404079200,1315.2,1329.5,1310.54,1326.75,0
1404165600,1326.75,1333.12,1323.98,1326.2,0
1404252000,1325.97,1331.96,1321.44,1326.5,0
1404338400,1326.85,1327.43,1309.9,1319.3,0
1404424800,1319.3,1320.74,1311.61,1319.35,0
1404770400,1318.94,1324.76,1313.6,1319.5,0
1404856800,1318.48,1332.3,1317.6,1326.55,0
1404943200,1326.55,1345.28,1324.64,1335,0
1405029600,1335,1339.2,1333.93,1338.4,0
1405288800,1338.4,1339.51,1303,1306.95,0
1405375200,1306.95,1313.76,1292.2,1294.1,0
1405461600,1294.1,1303.77,1293.39,1299.25,0
1405548000,1299.25,1324.44,1297.3,1317.65,0
1405634400,1318.15,1324.7,1304.73,1310.2,0
1405893600,1310.2,1318.39,1307.1,1311.9,0
1405980000,1311.9,1315.87,1302.2,1307.7,0
1406066400,1307.7,1311.19,1303.3,1303.6,0
1406152800,1303.7,1305.2,1287.8,1293.3,0
1406239200,1293.47,1308.66,1290.6,1307.8,0
1406498400,1307.8,1309.23,1301,1302.4,0
1406584800,1302.4,1312.19,1296.2,1298.85,0
1406671200,1298.85,1303.71,1291.99,1295.78,0
1406757600,1295.75,1297.35,1280.6,1281.7,0
1406844000,1282.54,1297.21,1280.57,1293.8,0
1407103200,1293.8,1295.45,1286.28,1287.7,0
1407189600,1287.7,1294.01,1282.68,1288.58,0
1407276000,1288.42,1309.56,1287.3,1305.45,0
1407362400,1305.45,1314.59,1302.22,1312.5,0
1407448800,1312.5,1322.69,1305.6,1309.3,0
1407708000,1309.3,1311.51,1304.8,1307.95,0
1407794400,1307.95,1317.86,1305.8,1308.65,0
1407880800,1308.65,1315.03,1305.07,1312.45,0
1407967200,1312.45,1319.42,1308.95,1312.2,0
1408053600,1312.2,1315.2,1292.71,1304.4,0
1408312800,1304.4,1304.58,1295.81,1297.05,0
1408399200,1297.05,1302.32,1294.04,1295.05,0
1408485600,1295.05,1297.96,1288,1291.15,0
1408572000,1291.15,1291.58,1273.09,1276.2,0
1408658400,1276.2,1283.05,1274.36,1280.7,0
1408917600,1280.7,1281.4,1274.55,1276.25,0
1409004000,1276.25,1290.98,1275.59,1280,0
1409090400,1280,1287.37,1280,1282.65,0
1409176800,1282.65,1296.53,1282.52,1288.9,0
1409263200,1289.02,1291.38,1283.61,1287.01,0
1409522400,1287.27,1287.6,1262.67,1265.75,0
1409695200,1265.92,1271.54,1261.4,1269.25,0
1409781600,1269.15,1277.25,1259.7,1259.7,0
1409868000,1260.68,1273.64,1257.46,1268.3,0
1410127200,1268.3,1271.8,1251.65,1255.25,0
1410213600,1255.25,1258.25,1247.65,1255.2,0
1410300000,1255.35,1257.8,1244.01,1249,0
1410386400,1249,1250.2,1235.11,1239.85,0
1410472800,1240,1241.68,1227.8,1228.1,0
1410732000,1228.1,1238.62,1225.81,1232.25,0
1410818400,1232.59,1242.07,1231.83,1234.75,0
1410904800,1234.75,1239.48,1221.63,1223.1,0
1410991200,1223.1,1227.96,1215.99,1224.55,0
1411077600,1224.55,1228.74,1213.94,1216,0
1411336800,1216,1220.45,1208.33,1214.55,0
1411423200,1214.55,1235.45,1214.4,1222.55,0
1411509600,1222.55,1226.08,1215.88,1216.5,0
1411596000,1216.5,1224.61,1207.1,1221.65,0
1411682400,1221.65,1231.3,1212.45,1218.8,0
1411941600,1218.8,1223.33,1215.12,1216.1,0
1412028000,1216.1,1220.18,1204.7,1208.5,0
1412114400,1208.5,1219.36,1204.85,1212.7,0
1412200800,1212.7,1222.41,1208.87,1214.25,0
1412287200,1214.25,1215.35,1190.2,1190.85,0
1412546400,1190.85,1209.03,1183.27,1206.82,0
1412632800,1206.82,1213.49,1203.13,1208.8,0
1412719200,1209.27,1224.16,1205.15,1221.57,0
1412805600,1221.57,1233.37,1219.2,1223.7,0
1412892000,1223.7,1225.49,1217.55,1223.2,0
1413151200,1223.2,1237.8,1222.94,1236.3,0
1413237600,1236.3,1238.2,1231.14,1232.05,0
1413324000,1232.05,1249.63,1222.05,1240.85,0
1413410400,1240.85,1245.25,1235.55,1238.75,0
1413496800,1238.75,1241.71,1231.85,1238.1,0
1413756000,1238.1,1248.8,1234.78,1246.6,0
1413842400,1246.6,1255.25,1245.5,1249.2,0
1413928800,1249.2,1249.8,1240.65,1240.95,0
1414015200,1240.95,1244.65,1226.45,1232.1,0
1414101600,1232.1,1234.3,1229.01,1230.9,0
1414360800,1230.9,1232.01,1225.57,1225.57,0
1414447200,1225.57,1235.56,1222.7,1228.02,0
1414533600,1227.89,1230.6,1208.56,1211.72,0
1414620000,1211.58,1216.7,1196.15,1198.9,0
1414706400,1198.9,1202.76,1161.37,1172.59,0
1414969200,1172.59,1173.87,1161.86,1165.35,0
1415055600,1165.42,1175,1164.1,1168.1,0
1415142000,1168.11,1169.75,1138.01,1140.4,0
1415228400,1140.34,1149.6,1138.34,1141.7,0
1415314800,1141.7,1178.75,1132.08,1177.83,0
1415574000,1177.7,1178.7,1147.56,1151.23,0
1415660400,1150.89,1173.26,1146.35,1163.96,0
1415746800,1164.02,1170.13,1157.52,1162.38,0
1415833200,1162.32,1168.08,1154.17,1162.17,0
1415919600,1162.23,1193.65,1147,1188.3,0
1416178800,1188.66,1194.27,1181.7,1186.34,0
1416265200,1186.34,1204.7,1183.61,1196.57,0
1416351600,1196.77,1202.25,1175.36,1182.5,0
1416438000,1182.37,1197.15,1177,1193.48,0
1416524400,1193.6,1207.85,1187.02,1201.28,0
1416783600,1201.15,1204.29,1193,1196.66,0
1416870000,1196.8,1202.93,1190.57,1200.6,0
1416956400,1200.81,1201.85,1195.1,1197.6,0
1417042800,1191.5,1191.5,1165.43,1167.23,0
1417388400,1167.23,1221.5,1143.01,1211.64,0
1417474800,1211.63,1213.38,1192.18,1197.84,0
1417561200,1198.13,1215.1,1194.61,1209.2,0
1417647600,1209.3,1213.39,1201.51,1205.13,0
1417734000,1204.53,1207.62,1186.55,1191.98,0
1417993200,1192.16,1208.97,1187.36,1203.2,0
1418079600,1203.4,1238.3,1199.45,1230.74,0
1418166000,1230.96,1238.25,1224.88,1225.99,0
1418252400,1225.87,1232.75,1216.12,1227.41,0
1418338800,1227.3,1228.19,1214.61,1222.32,0
1418598000,1222.29,1224.22,1190.8,1192.99,0
1418684400,1192.86,1223.48,1187.61,1196.72,0
1418770800,1196.9,1202.95,1183.96,1189.3,0
1418857200,1189.05,1213.86,1188.67,1198.7,0
1418943600,1198.3,1201.32,1193.91,1195.42,0
1419202800,1195.53,1203.37,1170.91,1176.17,0
1419289200,1176.1,1185,1172.78,1176.2,0
1419375600,1176.3,1181.25,1173.09,1174.67,0
1419548400,1173.86,1199.12,1173.5,1195.79,0
1419807600,1195.76,1197.52,1179.06,1182.96,0
1419894000,1183.21,1210.65,1180.95,1200.02,0
1419980400,1200.46,1203.85,1179.9,1184.02,0
1420153200,1182.16,1195,1167.72,1188.43,0
1420412400,1188.01,1207.8,1177.99,1204.48,0
1420498800,1204.47,1223.3,1201.91,1218.8,0
1420585200,1218.46,1219.2,1209.22,1211,0
1420671600,1211.1,1216.58,1204.73,1208.6,0
1420758000,1208.76,1224,1207.5,1222.95,0
1421017200,1222.9,1235.88,1217.74,1233.2,0
1421103600,1233.1,1244.22,1227.44,1230.58,0
1421190000,1230.67,1244.4,1225.21,1228.62,0
1421276400,1228.61,1266.78,1226.27,1262.18,0
1421362800,1262.6,1282.11,1255.2,1280.3,0
1421622000,1276.04,1297.14,1274.2,1294.95,0
1421794800,1295.26,1305.34,1284.81,1293,0
1421881200,1292.94,1307.59,1279.76,1302.07,0
1421967600,1301.8,1302.65,1284.58,1294.08,0
1422226800,1293.95,1299.21,1276.05,1281.1,0
1422313200,1281.45,1297.57,1272.5,1292.25,0
1422399600,1291.9,1293.87,1279.97,1284.06,0
1422486000,1284.15,1285.95,1252.05,1256.66,0
1422572400,1257.48,1284.8,1257.35,1283.09,0
1422831600,1283.18,1283.7,1266.65,1274.04,0
1422918000,1273.98,1285.8,1255.7,1260.2,0
1423004400,1260.1,1272.46,1256.92,1269,0
1423090800,1269,1274.16,1256.4,1264.5,0
1423177200,1264.5,1268.78,1228.54,1233.6,0
1423436400,1232.78,1243.7,1232.78,1238.9,0
1423522800,1238.9,1245.91,1231.17,1233.4,0
1423609200,1233.64,1238.9,1218.35,1218.5,0
1423695600,1219,1232.95,1217.2,1221.7,0
1423782000,1221.82,1235,1221.82,1229.42,0
1424041200,1230.54,1234,1203.95,1209.4,0
1424214000,1209.71,1213.52,1197.86,1212.03,0
1424300400,1212.2,1223.02,1205.63,1206.49,0
1424386800,1206.54,1215.39,1198.45,1201.58,0
1424646000,1201.59,1210.4,1190.98,1201.43,0
1424732400,1201.43,1204.55,1190.7,1200.2,0
1424818800,1200.2,1211.85,1200.2,1204.95,0
1424905200,1204.7,1220,1203.75,1209.23,0
1424991600,1209.2,1219.33,1204.67,1212.96,0
1425250800,1213.01,1223.3,1204.8,1206.7,0
1425337200,1206.7,1214.73,1195.59,1203.29,0
1425423600,1203.4,1209.01,1198.5,1200,0
1425510000,1200,1209.43,1196.7,1198.1,0
1425596400,1198.21,1200.75,1164,1167.15,0
1425852000,1166.91,1175.35,1166.1,1166.88,0
1425938400,1166.42,1170.53,1155.5,1161.42,0
1426024800,1161.74,1165.3,1147.72,1154.73,0
1426111200,1155.11,1166.65,1148.8,1152.82,0
1426197600,1153.16,1161.85,1151.63,1158.02,0
1426456800,1158.02,1164.12,1150.58,1154.14,0
1426543200,1154.15,1159.87,1142.97,1148.91,0
1426629600,1148.86,1175.77,1146.1,1167.09,0
1426716000,1167.04,1177.9,1159.83,1171.3,0
1426802400,1171,1187.97,1168.95,1182.2,0
1427061600,1182.2,1191.65,1179.55,1189.07,0
1427148000,1189.02,1195.03,1185.64,1192.6,0
1427234400,1192.63,1199.72,1186.85,1195.15,0
1427320800,1195.1,1219.85,1194.7,1203.9,0
1427407200,1204.19,1206.21,1192.8,1198.8,0
1427666400,1198.36,1199.42,1182.59,1185.1,0
1427752800,1185.55,1190.74,1178.69,1183.3,0
1427839200,1183.25,1208.6,1181.09,1203.62,0
1427925600,1203.83,1207.4,1195.17,1201.5,0
1428271200,1201.5,1224.23,1201.5,1214.47,0
1428357600,1214.38,1215.82,1207.7,1208.25,0
1428444000,1208.49,1212.39,1197.69,1202.65,0
1428530400,1202.6,1203.41,1192.85,1194.3,0
1428616800,1193.77,1210.75,1193.42,1207.5,0
1428876000,1207.4,1209.52,1196.6,1198.35,0
1428962400,1198.65,1201.53,1184.21,1192.4,0
1429048800,1192.24,1204.66,1189.1,1201.6,0
1429135200,1201.96,1209.17,1194.95,1198,0
1429221600,1198.68,1207.81,1197.65,1204.1,0
1429480800,1203.97,1209.23,1191.58,1196.25,0
1429567200,1195.99,1204.32,1193.31,1202.39,0
1429653600,1202.42,1204.91,1185.96,1187.06,0
1429740000,1187.35,1198.07,1184.55,1193.5,0
1429826400,1193.42,1196.03,1175.38,1178.97,0
1430085600,1178.91,1207.26,1178.77,1201.62,0
1430172000,1201.56,1215.07,1199.35,1211.94,0
1430258400,1211.69,1214.07,1201.55,1204.72,0
1430344800,1204.79,1207.25,1177.2,1183.97,0
1430431200,1184.21,1185.25,1170.5,1178,0
1430690400,1177.93,1192.86,1177.93,1187.97,0
1430776800,1188.07,1199.86,1185.9,1192.68,0
1430863200,1193.02,1197.73,1188.5,1191.29,0
1430949600,1191.7,1192.85,1179.11,1184.4,0
1431036000,1184.38,1193.8,1181.99,1187.5,0
1431295200,1188.24,1191.79,1179.1,1183.55,0
1431381600,1183.25,1197.22,1180.93,1193.15,0
1431468000,1192.96,1218.92,1191.48,1214.69,0
1431554400,1215.21,1227.28,1212.45,1221,0
1431640800,1221.15,1226.2,1211.22,1223.7,0
1431900000,1223.69,1232.41,1221.8,1225.05,0
1431986400,1225.61,1225.76,1205.99,1207.55,0
1432072800,1208.11,1213.57,1203.48,1209.45,0
1432159200,1209.53,1212.8,1201.74,1206.25,0
1432245600,1206.32,1214.9,1201.72,1205.4,0
1432504800,1206.85,1207.58,1185.7,1187.15,0
1432677600,1187.08,1190.96,1183.9,1187.5,0
1432764000,1187.66,1192.2,1180.36,1187.95,0
1432850400,1187.64,1193.8,1185.96,1190,0
1433109600,1189.78,1204.34,1184.68,1188.95,0
1433196000,1189.22,1196.31,1186.19,1192.58,0
1433282400,1193.3,1195.54,1179.7,1184.95,0
1433368800,1185.43,1186.51,1173,1176.45,0
1433455200,1176.56,1178.58,1162.98,1171.5,0
1433714400,1171.63,1177.66,1169.32,1173.45,0
1433800800,1173.76,1182.96,1172.77,1176.14,0
1433887200,1176.31,1192.32,1175.3,1185.35,0
1433973600,1185.85,1188.03,1175.88,1181.64,0
1434060000,1181.44,1184.35,1176.89,1180.8,0
1434319200,1181.35,1190.49,1173.01,1185.55,0
1434405600,1185.6,1187.9,1176.28,1181.35,0
1434492000,1181.45,1189.21,1174.84,1185.25,0
1434578400,1184.47,1205.76,1183.88,1201.38,0
1434664800,1201.82,1204.2,1198.61,1200,0
1434924000,1200.04,1201.08,1182.3,1185.75,0
1435010400,1185.4,1188.13,1176.42,1177.73,0
1435096800,1177.9,1180.27,1170.13,1174.72,0
1435183200,1174.71,1178.1,1171.74,1172.6,0
1435269600,1172.95,1178.7,1168.78,1175.04,0
1435528800,1175.35,1188.07,1174.05,1179.85,0
1435615200,1180.1,1180.54,1166.99,1172.75,0
1435701600,1172.99,1175.07,1167.84,1168.4,0
1435788000,1168.16,1169.73,1157.2,1166.05,0
1435874400,1168.69,1174.88,1163.08,1169.78,0
1436220000,1169.37,1170.56,1148,1154.65,0
1436306400,1154.82,1164.71,1147.44,1156.95,0
1436392800,1158.13,1167.8,1156.22,1159.35,0
1436479200,1159.51,1165.42,1157.62,1162.65,0
1436738400,1163.28,1164.76,1151.3,1157.45,0
1436824800,1157.47,1159.82,1153.14,1155.4,0
1436911200,1154.89,1156.85,1143.41,1148.85,0
1436997600,1147.22,1149.46,1142.55,1144.55,0
1437084000,1145.29,1145.81,1131.27,1134.32,0
1437343200,1134.57,1134.57,1073.53,1097.45,0
1437429600,1098.96,1109.91,1097.2,1100.85,0
1437516000,1100.98,1103.43,1087.29,1094,0
1437602400,1094.51,1105.87,1087.51,1090.15,0
1437688800,1090.62,1102,1077.4,1098.9,0
1437948000,1098.85,1105.02,1088.69,1093.8,0
1438034400,1094.92,1099,1091.8,1094.85,0
1438120800,1094.88,1101.97,1090.4,1096.35,0
1438207200,1096.9,1098.69,1082.82,1087.95,0
1438293600,1088.41,1103.49,1080.22,1095.01,0
1438552800,1095.3,1097.78,1085.6,1085.6,0
1438639200,1085.78,1094.92,1081.21,1087.35,0
1438725600,1087.53,1092.57,1083.1,1084.65,0
1438812000,1084.75,1094.04,1083.73,1089.15,0
1438898400,1089.34,1099.55,1083,1093.64,0
1439157600,1093.93,1108.94,1089.89,1103.85,0
1439244000,1104.17,1119.42,1094.08,1108.4,0
1439330400,1108.45,1125.88,1102,1124.75,0
1439416800,1125.4,1126.81,1113.83,1114.55,0
1439503200,1114.86,1121.1,1112,1114.56,0
1439762400,1114.79,1122.85,1113.97,1117.35,0
1439848800,1117.54,1121.19,1109.8,1117.45,0
1439935200,1117.56,1134.7,1116.46,1133.85,0
1440021600,1133.34,1154.02,1132.9,1152.35,0
1440108000,1153.29,1168.32,1149.14,1160.23,0
1440367200,1160.61,1170.13,1145.75,1154.65,0
1440453600,1155.44,1156.66,1134.8,1140.35,0
1440540000,1140.33,1146.48,1117.9,1124.75,0
1440626400,1125.17,1129.32,1118.43,1125.35,0
1440712800,1125.22,1140.88,1124,1133.07,0
1440972000,1133.35,1136.7,1125.82,1134.35,0
1441058400,1134.29,1147.89,1134.29,1139.75,0
1441144800,1139.52,1142.46,1132.23,1133.35,0
1441231200,1133.42,1134.36,1122.07,1124.75,0
1441317600,1124.85,1132.56,1116.91,1121.24,0
1441576800,1118.62,1126.79,1118.62,1121.45,0
1441749600,1121.56,1125.39,1101.49,1106.33,0
1441836000,1106.28,1115,1104.05,1111.15,0
1441922400,1110.77,1112.87,1098.96,1107.26,0
1442181600,1107.54,1110.56,1103.73,1107.92,0
1442268000,1107.62,1109.45,1102.67,1104.95,0
1442354400,1104.96,1124.23,1104.16,1118.95,0
1442440800,1118.92,1135.98,1115.58,1130.3,0
1442527200,1130.29,1141.77,1127.75,1138.9,0
1442786400,1138.99,1139.96,1129.73,1132.95,0
1442872800,1133.25,1136.65,1121.5,1124.05,0
1442959200,1124.11,1134.33,1122.07,1129.95,0
1443045600,1129.99,1156.72,1129.99,1153.69,0
1443132000,1151.17,1151.62,1140.94,1145.87,0
1443391200,1146.03,1148.29,1128.23,1131.65,0
1443477600,1131.84,1134.76,1124.37,1126.75,0
1443564000,1127.24,1128.17,1111.89,1114.55,0
1443650400,1115.16,1119.23,1111.29,1113.15,0
1443736800,1113.04,1141.31,1104.79,1137.52,0
1443996000,1138.38,1142.01,1130.33,1135.35,0
1444082400,1135.05,1151.25,1135.05,1146.55,0
1444168800,1146.57,1153.66,1142.04,1144.85,0
1444255200,1145.17,1151.3,1136.79,1138.45,0
1444341600,1138.61,1159.8,1138.61,1155.58,0
1444600800,1154.93,1169,1154.93,1163.15,0
1444687200,1163.13,1168.81,1151.98,1168.25,0
1444773600,1168.24,1189.83,1163.5,1184.05,0
1444860000,1183.77,1191.57,1174.55,1182.75,0
1444946400,1182.24,1184.56,1174.5,1176.55,0
1445205600,1176.69,1178.24,1168.8,1170.35,0
1445292000,1170.74,1180.86,1167.63,1175.55,0
1445378400,1175.25,1179.24,1163.82,1166.65,0
1445464800,1166.7,1171.84,1162.78,1165.35,0
1445551200,1165.8,1179.45,1159.14,1163.81,0
1445810400,1164,1169.68,1162.37,1162.95,0
1445896800,1162.79,1168.76,1160.87,1166.35,0
1445983200,1166.34,1183,1152.45,1155.55,0
1446069600,1156.35,1162.7,1144.87,1145.45,0
1446156000,1146.74,1150.07,1139.29,1141.59,0
1446418800,1141.83,1142.99,1132.8,1133.5,0
1446505200,1133.15,1138.31,1114.6,1117.6,0
1446591600,1117.6,1122.85,1106.58,1107.75,0
1446678000,1107.7,1111.61,1103.21,1103.7,0
1446764400,1103.7,1110.46,1085.65,1089.58,0
1447023600,1089.67,1095.78,1088.58,1092.1,0
1447110000,1091.9,1095.23,1085.47,1089.52,0
1447196400,1089.31,1094,1084.32,1086.3,0
1447282800,1086,1089.64,1074.34,1084.9,0
1447369200,1085.13,1088.65,1079.84,1083.76,0
1447628400,1083.48,1098.14,1081.57,1082.58,0
1447714800,1082.42,1085.29,1065.7,1070.01,0
1447801200,1069.98,1075.37,1064,1070.57,0
1447887600,1070.6,1087.46,1069.78,1082.13,0
1447974000,1081.91,1088.1,1076.06,1077.86,0
1448233200,1078.26,1078.26,1066.58,1068.9,0
1448319600,1068.63,1081.17,1068.63,1075.5,0
1448406000,1075.43,1080.81,1068.04,1071.07,0
1448492400,1071.24,1073.87,1052.95,1057.84,0
1448838000,1058.09,1069.73,1053.35,1064.6,0
1448924400,1064.6,1074.71,1063.43,1069.17,0
1449010800,1068.99,1071.53,1050.72,1053.35,0
1449097200,1053.5,1065.49,1046.54,1061.74,0
1449183600,1061.9,1088.9,1058.37,1085.85,0
1449442800,1085.85,1086.85,1066.65,1071.2,0
1449529200,1071.2,1079.18,1067.87,1074.71,0
1449615600,1074.57,1085.4,1069.51,1072.35,0
1449702000,1072.47,1076.54,1069.58,1071.37,0
1449788400,1071.17,1079.67,1062.63,1074.38,0
1450047600,1074.44,1077.54,1059.73,1059.73,0
1450134000,1059.86,1068.7,1058.88,1060.83,0
1450220400,1060.83,1078.45,1060.83,1072.06,0
1450306800,1072.06,1073.3,1047.81,1050.95,0
1450393200,1050.79,1071.54,1050.79,1066.14,0
1450652400,1065.92,1081.79,1064.09,1077.83,0
1450738800,1078.22,1080.78,1072.06,1072.3,0
1450825200,1072.31,1075.53,1068.45,1070.14,0
1450911600,1069.96,1077.11,1069.96,1075.8,0
1451257200,1076.65,1077,1066.7,1069.09,0
1451343600,1068.8,1075.3,1067.71,1068.81,0
1451430000,1068.9,1072.22,1059.61,1061.3,0
1451516400,1061.2,1063.57,1058.27,1061.19,0
1451862000,1061.2,1083.57,1061.2,1074.45,0
1451948400,1074.5,1082.05,1072.85,1077.22,0
1452034800,1077.28,1095.25,1075.17,1093.22,0
1452121200,1093.5,1110.12,1091.59,1108.71,0
1452207600,1108.57,1113.12,1092.79,1104.27,0
1452466800,1103.97,1108.58,1093.85,1094.11,0
1452553200,1094.09,1099.23,1083.63,1086.09,0
1452639600,1086.09,1095.5,1079.96,1092.99,0
1452726000,1093.3,1095.38,1071.65,1078.15,0
1452812400,1078.07,1097.47,1076.46,1088.69,0
1453071600,1089.14,1094.59,1082.67,1087.1,0
1453244400,1087.02,1109.61,1087.02,1100.6,0
1453330800,1100.64,1104.53,1092.63,1100.77,0
1453417200,1100.97,1102.88,1094.28,1097.76,0
1453676400,1097.71,1108.94,1097.49,1107.74,0
1453762800,1107.74,1122.94,1107.24,1119.74,0
1453849200,1119.74,1128.08,1115.01,1124.55,0
1453935600,1124.5,1125.86,1111.65,1114.85,0
1454022000,1114.9,1118.49,1108.72,1118.12,0
1454281200,1117.93,1129.75,1115.58,1128.21,0
1454367600,1128.21,1131.06,1122.54,1128.79,0
1454454000,1128.72,1145.52,1124.63,1142.2,0
1454540400,1142.2,1157.38,1139.64,1155.3,0
1454626800,1155.26,1174.5,1145.45,1172.98,0
1454886000,1173.06,1200.89,1164.41,1188.94,0
1454972400,1188.82,1198.92,1185.91,1188.79,0
1455058800,1188.8,1197.69,1181.7,1196.91,0
1455145200,1197.04,1263.37,1196.19,1246.57,0
1455231600,1246.5,1248.22,1232.61,1237.19,0
1455490800,1208.81,1216.96,1191.08,1199.51,0
1455663600,1199.88,1213.78,1195.92,1208.09,0
1455750000,1208.12,1239.96,1200.93,1230.47,0
1455836400,1230.77,1234.53,1220.15,1225.86,0
1456095600,1226.19,1227.7,1202.13,1208.61,0
1456182000,1208.45,1228.28,1207.43,1225.3,0
1456268400,1225.45,1253.32,1222.04,1228.73,0
1456354800,1228.66,1243.14,1221.4,1232.81,0
1456441200,1232.81,1240.46,1211.63,1222.16,0
1456700400,1222.3,1241.13,1215.98,1238.36,0
1456786800,1238.4,1248.57,1227.4,1231.68,0
1456873200,1231.9,1244.07,1224.95,1239.64,0
1456959600,1239.8,1268.29,1237.6,1264.11,0
1457046000,1264.1,1279.85,1250.4,1258.62,0
1457305200,1259.76,1273.17,1256.97,1267.05,0
1457391600,1267,1278.1,1260.41,1261.23,0
1457478000,1261.32,1264.95,1243.13,1252.64,0
1457564400,1253.09,1273.36,1237.24,1272.09,0
1457650800,1272.08,1284.53,1248.56,1250.18,0
1457906400,1250.32,1261.1,1229.51,1234.35,0
1457992800,1235.72,1238.11,1225.81,1231.85,0
1458079200,1232.63,1263.98,1226.9,1261.95,0
1458165600,1260.96,1270.94,1254.62,1257.3,0
1458252000,1257.07,1266.86,1248.01,1255.07,0
1458511200,1255.02,1256,1240.81,1243.15,0
1458597600,1243.83,1260.17,1242.6,1247.85,0
1458684000,1247.52,1249.43,1215.42,1219.75,0
1458770400,1220.47,1223.84,1212.36,1216.83,0
1459116000,1216.83,1223.1,1208.08,1220.95,0
1459202400,1221.13,1243.1,1215.56,1241.35,0
1459288800,1240.6,1244.25,1223.36,1224.69,0
1459375200,1225.04,1240.41,1223.92,1232.15,0
1459461600,1232.1,1235.37,1209.13,1221.84,0
1459720800,1221.79,1222.56,1214.81,1214.95,0
1459807200,1215.37,1236.8,1215,1230.95,0
1459893600,1230.98,1232.18,1216.99,1222.35,0
1459980000,1222.81,1243.25,1222.81,1240.35,0
1460066400,1238.63,1242.8,1229.8,1239.32,0
1460325600,1239.27,1258.71,1239.27,1257.25,0
1460412000,1257.47,1262.65,1251.43,1254.55,0
1460498400,1254.91,1256.75,1239.8,1242.05,0
1460584800,1241.57,1244.1,1224.05,1226.95,0
1460671200,1227,1235.89,1225.49,1233.74,0
1460930400,1233.39,1241.61,1230.23,1231.85,0
1461016800,1232.13,1256.64,1227.9,1250.1,0
1461103200,1249.83,1257.98,1242.6,1243.55,0
1461189600,1242.66,1270.4,1242.66,1247.65,0
1461276000,1246.71,1252.63,1227.6,1232.26,0
1461535200,1232.21,1242.26,1230.3,1237.35,0
1461621600,1238.23,1244.88,1231.55,1243.35,0
1461708000,1244.03,1252.78,1239.73,1245.65,0
1461794400,1245.15,1269.62,1237.97,1265.85,0
1461880800,1265.77,1296.72,1265.2,1292.77,0
1462140000,1292.72,1303.76,1287.85,1291,0
1462226400,1291.22,1301.77,1282.4,1285.85,0
1462312800,1285.41,1289.75,1272.01,1279.35,0
1462399200,1279.14,1286.44,1269.1,1278,0
1462485600,1277.39,1295.6,1274.65,1288.03,0
1462744800,1287.52,1288.22,1261.58,1263.45,0
1462831200,1263.74,1270.01,1257.03,1265.15,0
1462917600,1265.53,1279.11,1264.97,1276.85,0
1463004000,1277.73,1280.88,1262,1262.85,0
1463090400,1263.36,1276.31,1263.1,1272.45,0
1463349600,1272.99,1288.8,1270.92,1273.45,0
1463436000,1273.32,1282.26,1269.25,1278.85,0
1463522400,1278.85,1281.6,1255.27,1258.45,0
1463608800,1257.78,1261.3,1243.96,1254.15,0
1463695200,1254.74,1260.19,1248.98,1251.95,0
1463954400,1251.9,1256.04,1243.3,1248.84,0
1464040800,1248.77,1252.21,1226.54,1226.55,0
1464127200,1227.14,1230.25,1217.96,1224.15,0
1464213600,1223.42,1234.3,1218.51,1219.6,0
1464300000,1219.56,1223.58,1207,1212.75,0
1464559200,1206.14,1218.25,1205.89,1214.95,0
1464732000,1215.18,1220.44,1206.14,1212.05,0
1464818400,1213.61,1217.66,1210.01,1210.55,0
1464904800,1210.62,1244.75,1207.17,1243.82,0
1465164000,1244.4,1248.76,1240.08,1244.95,0
1465250400,1245.08,1246.59,1235,1243.25,0
1465336800,1243.93,1264.42,1243.16,1262.25,0
1465423200,1261.7,1271.72,1256.98,1269.05,0
1465509600,1268.74,1278.13,1264.76,1273.58,0
1465768800,1273.53,1287.2,1272.65,1283.05,0
1465855200,1283.2,1289.83,1276.52,1285.7,0
1465941600,1284.91,1296.84,1278.66,1291.82,0
1466028000,1291.77,1315.61,1277,1277,0
1466114400,1279.08,1299.58,1276.78,1298.18,0
1466373600,1298.47,1298.47,1278.1,1289.55,0
1466460000,1289.31,1294.26,1264.76,1267.85,0
1466546400,1268.64,1270.69,1261.41,1265.75,0
1466632800,1264.95,1271.94,1254.7,1256.32,0
1466719200,1251.58,1358.8,1250.65,1315.18,0
1466978400,1315.13,1335.43,1315.13,1324.35,0
1467064800,1324.34,1326.24,1305.5,1311.94,0
1467151200,1310.57,1327.82,1310.57,1318.05,0
1467237600,1317.33,1324.18,1313.03,1321.49,0
1467324000,1321.64,1344.53,1320.81,1340.67,0
1467583200,1350.68,1357.62,1338.3,1355.95,0
1467756000,1355.19,1375.15,1355.19,1363.45,0
1467842400,1363.07,1370.71,1350.8,1359.9,0
1467928800,1359.24,1370.34,1335.4,1365.85,0
1468188000,1366.43,1375.12,1351.02,1355.15,0
1468274400,1355.09,1357.67,1330.4,1332.25,0
1468360800,1333.03,1345.33,1327.76,1342.19,0
1468447200,1343.52,1347.13,1320.36,1334.6,0
1468533600,1336.04,1338.8,1322.7,1337.29,0
1468792800,1337.29,1337.51,1323.7,1328.75,0
1468879200,1328.5,1335.04,1325.8,1331.75,0
1468965600,1331.4,1338.4,1312.85,1315.25,0
1469052000,1315.92,1333.91,1311,1330.75,0
1469138400,1331.05,1333.8,1319.88,1322.1,0
1469397600,1322.05,1323.84,1312.3,1315.25,0
1469484000,1315.4,1324.51,1313.97,1320.15,0
1469570400,1319.62,1342.42,1316,1339.5,0
1469656800,1339.17,1345.56,1332.73,1335.05,0
1469743200,1335.46,1355.11,1328.84,1350.57,0
1470002400,1350.8,1354.94,1346.52,1352.55,0
1470088800,1353.44,1367.3,1347.2,1363.55,0
1470175200,1363.37,1366.47,1354.2,1357.55,0
1470261600,1358.01,1365.01,1349.36,1361.15,0
1470348000,1360.5,1364.71,1334.91,1335.5,0
1470607200,1335.45,1338.32,1330.12,1335.15,0
1470693600,1335.29,1342.6,1330.74,1340.25,0
1470780000,1340.37,1357.3,1340.24,1346.05,0
1470866400,1346.8,1353.37,1335.98,1338.15,0
1470952800,1338.67,1356.39,1333.48,1335.49,0
1471212000,1335.74,1343.81,1335.74,1338.85,0
1471298400,1339.55,1358.05,1339.55,1345.65,0
1471384800,1345.5,1351.66,1336.27,1348.35,0
1471471200,1348.26,1356.09,1346.29,1353.8,0
1471557600,1352.09,1352.86,1337.9,1340.9,0
1471816800,1341.2,1341.2,1331.98,1338.65,0
1471903200,1338.74,1344.78,1335.42,1337.05,0
1471989600,1337.97,1340.13,1323.75,1323.75,0
1472076000,1323.97,1327.04,1318.2,1321.45,0
1472162400,1321.35,1342.26,1318.58,1320.59,0
1472421600,1320.94,1325.11,1315.08,1322.65,0
1472508000,1323.52,1325.48,1309.3,1310.45,0
1472594400,1311.61,1316.13,1304.38,1308.76,0
1472680800,1309.49,1315.12,1302.61,1313.05,0
1472767200,1314.24,1330.2,1305.11,1327.2,0
1473026400,1326.78,1352.61,1325.04,1349.75,0
1473199200,1348.42,1352.58,1342.82,1344.25,0
1473285600,1344.78,1349.4,1335.61,1337.45,0
1473372000,1337.37,1339.57,1327.51,1327.51,0
1473631200,1327.84,1330.31,1320.6,1327.15,0
1473717600,1327.85,1332.1,1315.86,1318.05,0
1473804000,1319.18,1326.16,1313.73,1322.55,0
1473890400,1321.67,1328.45,1309.1,1313.95,0
1473976800,1314.66,1318.16,1306.38,1309.85,0
1474236000,1309.87,1318.41,1309.6,1312.84,0
1474322400,1312.79,1317.92,1312.19,1314.45,0
1474408800,1314.56,1337.06,1307.96,1335.15,0
1474495200,1334.69,1343.66,1331.4,1336.55,0
1474581600,1336.56,1340.61,1334,1337.34,0
1474840800,1337.29,1342.12,1332.9,1337.35,0
1474927200,1337.34,1339.51,1324.8,1327.22,0
1475013600,1326.51,1327.58,1318.19,1321.11,0
1475100000,1321.54,1325.83,1316.26,1320.13,0
1475186400,1320.11,1328.06,1313.46,1315.55,0
1475445600,1315.5,1319.62,1309.54,1311.56,0
1475532000,1312.17,1313.02,1267.13,1268.15,0
1475618400,1268.16,1277.16,1262.33,1267.21,0
1475704800,1266.13,1269.41,1250.05,1253.9,0
1475791200,1254.76,1265.4,1241.5,1257.39,0
1476050400,1257.34,1264.93,1256.8,1259.6,0
1476136800,1259.32,1262.19,1252.05,1252.05,0
1476223200,1252.26,1258.9,1249.94,1254.75,0
1476309600,1255.65,1262.31,1253.29,1257.25,0
1476396000,1257.81,1259.56,1246.26,1250,0
1476655200,1250.56,1257.24,1250.53,1254.9,0
1476741600,1254.51,1264.72,1254.51,1262.15,0
1476828000,1262.55,1273.35,1260.5,1268.95,0
1476914400,1269.38,1274.59,1263.1,1263.1,0
1477000800,1265.73,1268.01,1261.36,1265.71,0
1477260000,1265.62,1272,1260.57,1263.96,0
1477346400,1264.34,1276.69,1262.26,1273.45,0
1477432800,1274.01,1276.44,1264.88,1266.55,0
1477519200,1266.53,1272.78,1265.3,1268.05,0
1477605600,1268.06,1284.24,1261.9,1275.53,0
1477864800,1275.48,1279.5,1271.4,1276.75,0
1477951200,1276.86,1291.85,1275.75,1287.75,0
1478037600,1287.86,1307.99,1287.59,1296.8,0
1478124000,1296.93,1306.75,1285.7,1301.45,0
1478210400,1301.86,1307.14,1294.96,1303.7,0
1478473200,1292.95,1295.86,1278.34,1281.3,0
1478559600,1281.2,1290.64,1273.06,1275.4,0
1478646000,1275.29,1337.34,1268.52,1277.75,0
1478732400,1277.7,1292.21,1252.47,1258.6,0
1478818800,1258.5,1265.4,1219.33,1226.98,0
1479078000,1227.1,1231.35,1211.73,1220.9,0
1479164400,1221.2,1231.54,1219.15,1228.42,0
1479250800,1228.46,1233.1,1221.67,1225,0
1479337200,1224.83,1231.45,1211.28,1216.47,0
1479423600,1216.4,1217.8,1203.12,1208.29,0
1479682800,1208.3,1217.62,1205.83,1214,0
1479769200,1214,1221,1206.34,1212.1,0
1479855600,1212.1,1214.99,1181.92,1187.88,0
1479942000,1181.38,1193.23,1171.07,1183.8,0
1480287600,1183.75,1197.6,1183.01,1193.5,0
1480374000,1193.5,1195.09,1181.2,1187.88,0
1480460400,1187.85,1194.95,1170.83,1172.89,0
1480546800,1173.2,1176.69,1160.95,1171.6,0
1480633200,1171.6,1178.16,1166.93,1177.05,0
1480892400,1176.53,1188.1,1157.3,1169.97,0
1480978800,1170.2,1175.3,1166.94,1169.5,0
1481065200,1169.5,1180.22,1165.81,1173.4,0
1481151600,1173.4,1178.68,1169.42,1170.6,0
1481238000,1170.6,1172.01,1156.43,1159.36,0
1481497200,1158.01,1165.81,1151.49,1162.1,0
1481583600,1162.2,1164.99,1154.8,1157.14,0
1481670000,1157.58,1165.36,1139.02,1142.9,0
1481756400,1142.57,1144.41,1122.81,1128.02,0
1481842800,1128.1,1141.25,1126.85,1134.71,0
1482102000,1134.52,1142.32,1133.97,1137.7,0
1482188400,1137.7,1139.76,1125.96,1132.3,0
1482274800,1132.2,1137.1,1129.59,1131.3,0
1482361200,1131.4,1134.08,1127.99,1127.99,0
1482447600,1127.97,1135.84,1127.97,1133.63,0
1482793200,1133.5,1150.96,1131.92,1138.6,0
1482879600,1138.6,1144.47,1136.68,1141.03,0
1482966000,1141.5,1159.54,1141.5,1157.8,0
1483052400,1157.9,1163.21,1149.94,1150.62,0
1483398000,1151.49,1164.5,1146.23,1158.5,0
1483484400,1158.5,1167.9,1156.4,1163.4,0
1483570800,1163.21,1185.04,1163.19,1180.2,0
1483657200,1180.2,1182.92,1171.15,1172.13,0
1483916400,1172.26,1186.19,1172.17,1180.75,0
1484002800,1180.9,1190.61,1180.37,1187.5,0
1484089200,1187.5,1198.3,1177.37,1191.38,0
1484175600,1191.3,1206.94,1190.97,1195.15,0
1484262000,1195.03,1201.14,1188.02,1197.04,0
1484521200,1202.85,1218.9,1202.85,1216.38,0
1484694000,1216.55,1217.75,1202.57,1203.9,0
1484780400,1203.92,1206.47,1196.06,1204.58,0
1484866800,1204.55,1214.9,1198.81,1209.87,0
1485126000,1209.82,1219.45,1209.14,1217.7,0
1485212400,1217.68,1220.12,1206.83,1208.57,0
1485298800,1208.66,1209.78,1193.44,1200.36,0
1485385200,1200.38,1202.62,1184.62,1188.3,0
1485471600,1188.41,1191.59,1180.74,1190.64,0
1485730800,1190.6,1199.41,1188.4,1195.37,0
1485817200,1195.35,1215.32,1193.95,1210.47,0
1485903600,1210.52,1213.23,1198.39,1209.5,0
1485990000,1209.59,1225.28,1208.65,1215.73,0
1486076400,1215.47,1221.36,1207.38,1220.2,0
1486335600,1220.05,1235.67,1218.93,1235.21,0
1486422000,1235.27,1235.78,1227.8,1233.46,0
1486508400,1233.5,1244.71,1230.27,1241.2,0
1486594800,1241.31,1244.46,1228.1,1228.1,0
1486681200,1228.1,1237.16,1221.85,1233.61,0
1486940400,1233.13,1233.58,1219.49,1225,0
1487026800,1225.05,1234.6,1222.08,1228.28,0
1487113200,1228.14,1233.5,1216.8,1233.5,0
1487199600,1233.4,1242.35,1232.33,1238.8,0
1487286000,1239.18,1243.78,1234.16,1234.16,0
1487545200,1237.31,1238.84,1226.32,1235.6,0
1487718000,1235.51,1240.78,1231.42,1237.4,0
1487804400,1237.42,1251.08,1235.91,1249.3,0
1487890800,1249.52,1260.12,1247.99,1256.74,0
1488150000,1256.74,1263.87,1251.07,1252.59,0
1488236400,1252.67,1258.37,1247.82,1248.22,0
1488322800,1248.24,1250.6,1237.11,1249.37,0
1488409200,1249.28,1249.98,1231.1,1234.22,0
1488495600,1234.05,1236.29,1223.1,1234.41,0
1488754800,1234.35,1236.87,1225.08,1225.31,0
1488841200,1225.31,1227.16,1214.37,1215.6,0
1488927600,1215.6,1218.54,1206.82,1208.14,0
1489014000,1208.08,1209.01,1199.41,1201,0
1489100400,1201.01,1206.3,1195.13,1204.14,0
1489356000,1204.14,1211.16,1202.62,1203.65,0
1489442400,1203.67,1207.7,1197.2,1197.2,0
1489528800,1198.65,1222.01,1197.76,1219.05,0
1489615200,1218.98,1233.73,1218.31,1225.88,0
1489701600,1226.1,1231.66,1224.69,1228.6,0
1489960800,1229.31,1235.52,1229.31,1233.2,0
1490047200,1233.97,1247.55,1227.09,1244.05,0
1490133600,1243.98,1251.32,1243.98,1247.95,0
1490220000,1248.77,1253.31,1242.97,1245.05,0
1490306400,1244.84,1251.84,1241.13,1243.13,0
1490565600,1245.13,1261.01,1245.13,1253.95,0
1490652000,1253.64,1258.4,1247.86,1251.15,0
1490738400,1250.74,1254.62,1247.5,1253.21,0
1490824800,1253.52,1253.83,1242.51,1242.85,0
1490911200,1241.92,1250.6,1239.88,1248.78,0
1491170400,1248.91,1253.7,1244.68,1252.95,0
1491256800,1253.35,1261.25,1253.35,1255.65,0
1491343200,1255.96,1257.4,1243.93,1255.25,0
1491429600,1255.58,1258.91,1249.93,1251.85,0
1491516000,1251.64,1270.94,1250.8,1253.5,0
1491775200,1254.07,1257.2,1247.31,1254.48,0
1491861600,1254.95,1275.11,1253.29,1273.95,0
1491948000,1274.77,1286.75,1272.12,1286.15,0
1492034400,1286.1,1288.56,1281.99,1286.86,0
1492380000,1287.47,1295.46,1281.6,1284.45,0
1492466400,1284.49,1292.3,1279.09,1289.35,0
1492552800,1289.6,1290.71,1274.07,1279.55,0
1492639200,1280.32,1283.4,1276.83,1281.3,0
1492725600,1281.58,1288.3,1278.68,1284.03,0
1492984800,1284.23,1284.29,1265.67,1275.55,0
1493071200,1276.02,1278.2,1261.76,1263.8,0
1493157600,1263.99,1270.7,1260.01,1269.1,0
1493244000,1268.51,1269.59,1261.38,1263.85,0
1493330400,1263.83,1268.52,1263.25,1267.91,0
1493589600,1267.66,1271.16,1254.34,1256.05,0
1493676000,1255.93,1257.73,1252.16,1256.25,0
1493762400,1256.55,1256.92,1236.1,1237.8,0
1493848800,1237.74,1241.26,1225.85,1227.2,0
1493935200,1228.13,1235.58,1226.26,1228.04,0
1494194400,1228.4,1236.51,1221.39,1225.95,0
1494280800,1226.06,1228.59,1214.4,1220.65,0
1494367200,1221.75,1225.63,1217.79,1218.55,0
1494453600,1218.85,1227.73,1217.17,1224.35,0
1494540000,1224.8,1231.74,1224.63,1227.93,0
1494799200,1228.22,1237.31,1227.15,1229.75,0
1494885600,1230.68,1239.1,1230.56,1236.55,0
1494972000,1237,1261.3,1236.74,1260.85,0
1495058400,1260.98,1265.01,1245.4,1245.4,0
1495144800,1246.85,1256.5,1246.52,1255,0
1495404000,1255.23,1262.56,1251.97,1260.25,0
1495490400,1260.25,1263.76,1250.65,1250.65,0
1495576800,1251.08,1258.93,1248.08,1258.05,0
1495663200,1258.23,1259.63,1254.01,1255.25,0
1495749600,1255.29,1269.5,1253.3,1266.85,0
1496008800,1267.08,1270.45,1259.56,1262.75,0
1496181600,1262.87,1274.09,1259.76,1268.55,0
1496268000,1268.93,1270.31,1261.68,1265.15,0
1496354400,1265.55,1279.5,1259.24,1278.77,0
1496613600,1278.82,1283.4,1277.97,1279.05,0
1496700000,1279.58,1296.06,1279.58,1294.12,0
1496786400,1294.25,1294.91,1282.87,1287,0
1496872800,1286.78,1288.91,1271.5,1278.1,0
1496959200,1281.59,1281.59,1264.8,1265.9,0
1497218400,1266.45,1270.37,1263.78,1265.65,0
1497304800,1265.32,1269,1259.32,1266.25,0
1497391200,1266.14,1281.16,1257.36,1260.6,0
1497477600,1260.49,1266.72,1251.6,1253.75,0
1497564000,1253.84,1257.14,1252.02,1253.1,0
1497823200,1253.66,1255.66,1243.24,1243.35,0
1497909600,1243.65,1248.1,1241.48,1242.65,0
1497996000,1242.6,1247.82,1241.03,1246.05,0
1498082400,1245.31,1254.82,1245.31,1250.1,0
1498168800,1249.84,1258.9,1249.84,1256.4,0
1498428000,1256.6,1258.11,1236.37,1244.05,0
1498514400,1243.99,1253.1,1241.53,1246.55,0
1498600800,1246.66,1254.88,1246.52,1248.75,0
1498687200,1249.19,1253.19,1239.97,1245.35,0
1498773600,1244.87,1248.24,1239.38,1241.33,0
1499032800,1241.28,1242.71,1218.36,1219.35,0
1499119200,1223.86,1228.82,1217.63,1226.75,0
1499292000,1226.75,1229.37,1222.7,1224.65,0
1499378400,1224.89,1228.5,1207.51,1212.49,0
1499637600,1212.84,1215.58,1205.02,1213.75,0
1499724000,1214.15,1217.6,1208.38,1217.4,0
1499810400,1216.7,1225.77,1213.66,1219.75,0
1499896800,1219.31,1224.42,1216.73,1216.9,0
1499983200,1216.93,1232.9,1215,1228.55,0
1500242400,1228.52,1236.1,1228.46,1233.75,0
1500328800,1233.89,1244.54,1233.01,1242.15,0
1500415200,1242.37,1244.02,1236.08,1240.85,0
1500501600,1240.85,1247.6,1235.46,1244.15,0
1500588000,1244.32,1255.9,1243.56,1254.91,0
1500847200,1254.91,1258.79,1252.11,1254.95,0
1500933600,1255.11,1257.89,1249.28,1249.45,0
1501020000,1250.08,1263.51,1243.95,1260.35,0
1501106400,1260.43,1265.27,1254.7,1258.85,0
1501192800,1259.1,1270.82,1257.59,1268.7,0
1501452000,1269.38,1271.17,1265.96,1268.95,0
1501538400,1269.13,1274.11,1262.73,1268.65,0
1501624800,1268.53,1272.81,1263.06,1266.05,0
1501711200,1266.59,1270.83,1257.13,1267.95,0
1501797600,1268.39,1270.16,1254.38,1258.4,0
1502056800,1258.55,1259.89,1255.96,1257.35,0
1502143200,1257.05,1265.2,1251.7,1260.75,0
1502229600,1260.44,1278.7,1260.44,1277.25,0
1502316000,1276.95,1287.8,1274.85,1286.05,0
1502402400,1286.43,1292.07,1281.44,1288.77,0
1502661600,1288.72,1290.42,1278.8,1281.35,0
1502748000,1281.35,1282.07,1267.46,1271.15,0
1502834400,1271.09,1283.84,1267.97,1282.85,0
1502920800,1283.95,1290.12,1281.62,1287.65,0
1503007200,1288.01,1300.83,1283.58,1283.58,0
1503266400,1284.23,1293.85,1280.76,1290.95,0
1503352800,1291.28,1292.54,1282.19,1284.75,0
1503439200,1284.74,1291.5,1282.96,1290.25,0
1503525600,1290.3,1291.2,1284.63,1285.65,0
1503612000,1286.1,1294.58,1275.34,1291.24,0
1503871200,1291.12,1312.07,1291.12,1309.75,0
1503957600,1314.73,1325.99,1305.24,1309.05,0
1504044000,1309.05,1313.7,1305.33,1308.35,0
1504130400,1308.68,1323.63,1298.33,1320.65,0
1504216800,1321.48,1328.82,1316.59,1324.65,0
1504476000,1334.25,1344.33,1326.36,1339.45,0
1504648800,1339.39,1342.44,1331.84,1333.85,0
1504735200,1334.28,1349.88,1332.76,1348.75,0
1504821600,1348.8,1357.5,1342.94,1346.08,0
1505080800,1346.26,1346.61,1326.58,1327.15,0
1505167200,1327.42,1332.1,1322.81,1331.45,0
1505253600,1332.12,1334.75,1321.04,1322.35,0
1505340000,1323.37,1330.81,1315.87,1329.17,0
1505426400,1329.25,1334.34,1319.7,1319.7,0
1505685600,1319.98,1320.26,1304.83,1305.95,0
1505772000,1306.66,1311.67,1305.33,1310.66,0
1505858400,1310.82,1316.1,1296.21,1300.85,0
1505944800,1301.07,1301.71,1288.28,1290.75,0
1506031200,1290.72,1298.7,1290.72,1297.1,0
1506290400,1297.08,1312.1,1289.58,1310.75,0
1506376800,1310.3,1313.62,1292.46,1293.35,0
1506463200,1293.85,1296.21,1281.68,1282.42,0
1506549600,1282.05,1288.77,1277.91,1286.78,0
1506636000,1286.98,1290.33,1275.99,1279.72,0
1506895200,1279.67,1280.13,1269.84,1270.47,0
1506981600,1270.59,1274.7,1268.51,1272.1,0
1507068000,1271.42,1282.3,1270.77,1274.35,0
1507154400,1274.65,1278.96,1266.44,1267.65,0
1507240800,1267.95,1276.49,1260.8,1276.21,0
1507500000,1276.23,1285.44,1275.47,1283.33,0
1507586400,1284.05,1294.19,1282.32,1287.55,0
1507672800,1288.04,1293.52,1284.75,1291.55,0
1507759200,1292.05,1297.45,1289.83,1293.25,0
1507845600,1293.37,1304.4,1291.3,1304.4,0
1508104800,1304.35,1306.04,1290.61,1294.75,0
1508191200,1294.92,1296.24,1281.54,1284.85,0
1508277600,1284.76,1288.85,1277.16,1280.55,0
1508364000,1280.73,1290.5,1276.78,1289.45,0
1508450400,1289.9,1291.06,1278.14,1280.04,0
1508709600,1279.99,1283.25,1272.71,1281.95,0
1508796000,1282.08,1283.64,1273.88,1276.05,0
1508882400,1276.55,1280,1271.18,1277.15,0
1508968800,1277.19,1282.52,1265.87,1266.45,0
1509055200,1266.86,1274.03,1263.76,1272.81,0
1509314400,1272.76,1278.9,1269.11,1275.78,0
1509400800,1275.9,1278.14,1267.86,1270.65,0
1509487200,1270.66,1280.9,1268.16,1273.99,0
1509573600,1274.45,1284.2,1273.49,1275.59,0
1509660000,1276.65,1280.45,1265.67,1269.47,0
1509922800,1269.42,1282.92,1266.26,1281.54,0
1510009200,1281.58,1281.85,1272.03,1275.2,0
1510095600,1275.3,1287.21,1275.3,1281.2,0
1510182000,1280.9,1288.7,1280.13,1284.9,0
1510268400,1284.9,1287.05,1273.58,1275.12,0
1510527600,1275.39,1279.74,1274.466,1278.04,0
1510614000,1277.85,1283.6,1270.088,1280.2,0
1510700400,1280.3,1289.538,1276.856,1277.71,0
1510786800,1277.9,1281.763,1275.279,1278.4,0
1510873200,1278.5,1297.1,1278.476,1293.64,0
1511132400,1293.58,1294.773,1274.712,1276.41,0
1511218800,1276.6,1284.714,1276.408,1280.3,0
1511305200,1280.18,1294.658,1279.253,1291.8,0
1511391600,1290.93,1293.203,1285.823,1287.3,0
1511737200,1288.41,1299.3,1286.922,1294.5,0
1511823600,1294.5,1297.403,1290.788,1293.52,0
1511910000,1293.65,1296.7,1282.176,1283.5,0
1511996400,1283.41,1285.267,1270.537,1274.56,0
1512082800,1274.55,1289.291,1271.789,1280.05,0
1512342000,1280.01,1280.18,1271.173,1275.9,0
1512428400,1275.59,1277.023,1261.13,1265.9,0
1512514800,1265.7,1269.3,1262.728,1263.2,0
1512601200,1263.2,1264.58,1244.11,1246.84,0
1512687600,1246.54,1252.366,1243.542,1248.09,0
1512946800,1248.03,1251.522,1240.863,1241.8,0
1513033200,1241.64,1246.186,1236.66,1244.12,0
1513119600,1244.3,1257.1,1240.391,1255.15,0
1513206000,1255.4,1259.05,1250.64,1252.7,0
1513292400,1252.7,1261.805,1252.7,1254.81,0
1513551600,1254.87,1263.967,1252.914,1261.72,0
1513638000,1262.1,1265.3,1259.38,1261.44,0
1513724400,1261.5,1268,1261.5,1265.24,0
1513810800,1265.1,1269,1262.954,1266.44,0
1513897200,1266.5,1276.4,1265.153,1274.52,0
1514242800,1274.52,1283.8,1273.59,1282.65,0
1514329200,1282.53,1288.979,1281.52,1287.2,0
1514415600,1287.01,1295.186,1287,1294.9,0
1514502000,1294.9,1307.552,1294.022,1302.67,0
1514847600,1302.56,1318.896,1302.56,1317.3,0
1514934000,1317.3,1321.467,1307.633,1312.83,0
1515020400,1312.7,1325.96,1306.054,1322.1,0
1515106800,1322.15,1323.389,1313.854,1319.04,0
1515366000,1318.93,1322.126,1314.973,1320.3,0
1515452400,1320.3,1320.5,1309.02,1312.36,0
1515538800,1312.55,1327.725,1308.378,1316.48,0
1515625200,1316.52,1323.95,1315.881,1322.11,0
1515711600,1322.4,1339.346,1321.738,1337.48,0
1515970800,1340.34,1342.247,1332.062,1338.3,0
1516143600,1338.07,1344,1326.7,1326.7,0
1516230000,1326.56,1333.101,1324.392,1326.6,0
1516316400,1326.6,1338.039,1326.59,1331.03,0
1516575600,1331.46,1335.8,1328.613,1333.9,0
1516662000,1333.9,1341.8,1331.52,1341.3,0
1516748400,1341.3,1362.064,1339.689,1358.3,0
1516834800,1358.08,1366.056,1342.64,1348,0
1516921200,1348,1357.116,1344.812,1349.27,0
1517180400,1349.19,1352.367,1337.763,1339.94,0
1517266800,1340.4,1348.907,1334.611,1338.35,0
1517353200,1338.4,1347.6,1332.877,1344.57,0
1517439600,1344.629,1351.1,1337.423,1348.35,0
1517526000,1348.55,1350.049,1327.592,1332.5,0
1517785200,1332.5,1341.595,1329.171,1339.25,0
1517871600,1339.4,1346.1,1320.378,1324.15,0
1517958000,1323.859,1332.296,1311.572,1318.26,0
1518044400,1318.119,1322.151,1307.248,1318.8,0
1518130800,1318.65,1322.7,1311.29,1315.71,0
1518390000,1315.71,1327.055,1314.394,1322.6,0
1518476400,1322.65,1330.991,1321.79,1329.45,0
1518562800,1329.4,1355.68,1318.164,1350.42,0
1518649200,1350.22,1357.12,1348.713,1353.2,0
1518735600,1353.4,1361.716,1344.943,1346.78,0
1518994800,1346.63,1348.2,1328.635,1328.75,0
1519167600,1329.1,1336.21,1322.544,1324.4,0
1519254000,1324.288,1332.046,1321.114,1332,0
1519340400,1331.729,1332.2,1325.964,1328.37,0
1519599600,1328.38,1341.042,1326.772,1333.15,0
1519686000,1333.1,1336.699,1313.565,1318.2,0
1519772400,1318.4,1322.6,1315.791,1318.2,0
1519858800,1317.859,1321.11,1302.97,1316.9,0
1519945200,1316.9,1325.5,1315.37,1322.3,0
1520204400,1322.3,1327.8,1317.631,1319.75,0
1520290800,1320,1338.5,1320,1334.2,0
1520377200,1334.4,1340.5,1322.378,1325.4,0
1520463600,1325.3,1329,1319.184,1321.699,0
1520550000,1321.6,1325.129,1312.951,1322.91,0
1520805600,1322.91,1324.246,1315.234,1323,0
1520892000,1322.728,1328.296,1314.07,1326.2,0
1520978400,1325.8,1330.01,1321.594,1324.7,0
1521064800,1324.418,1327.91,1315.06,1316.2,0
1521151200,1316.15,1321.726,1309.804,1313.8,0
1521410400,1313.62,1319.64,1307.87,1316.7,0
1521496800,1316.24,1318.246,1307.32,1311.1,0
1521583200,1310.949,1336.659,1309.973,1331.7,0
1521669600,1331.38,1334.889,1324.957,1328.6,0
1521756000,1328.88,1350.218,1328.88,1346.92,0
1522015200,1346.99,1355.92,1343.604,1353.5,0
1522101600,1353.12,1356.83,1339.96,1344.9,0
1522188000,1345.25,1347,1323.602,1324.8,0
1522274400,1324.6,1328.316,1321.37,1325.05,0
1522620000,1325.06,1344.9,1324.97,1341.3,0
1522706400,1340.38,1342.491,1329.02,1332.3,0
1522792800,1332.7,1348.4,1331.61,1333,0
1522879200,1332.86,1334.89,1322.88,1326.2,0
1522965600,1326.14,1335.5,1319.829,1333.41,0
1523224800,1333.11,1337.949,1327.032,1336.2,0
1523311200,1336.05,1342.6,1331.23,1339.4,0
1523397600,1339,1365.243,1339,1352.9,0
1523484000,1352.65,1353.159,1333.934,1334.4,0
1523570400,1334.6,1347.2,1333.417,1345.75,0
1523829600,1345.25,1350.7,1340.348,1345.6,0
1523916000,1346,1349.384,1337.833,1347.1,0
1524002400,1347.31,1355.9,1342.464,1349.1,0
1524088800,1349.16,1354.8,1341.1,1345.5,0
1524175200,1345.586,1346.286,1335.115,1335.52,0
1524434400,1335.22,1335.89,1322.288,1324.5,0
1524520800,1324.35,1332.65,1322.249,1330.2,0
1524607200,1329.38,1332.056,1318.92,1323.1,0
1524693600,1322.78,1326.6,1315.422,1316.9,0
1524780000,1316.7,1325.2,1315.472,1323.09,0
1525039200,1323.29,1326.43,1310.348,1315.5,0
1525125600,1314.84,1316.336,1301.88,1303.7,0
1525212000,1303.5,1313.5,1303.5,1304.9,0
1525298400,1304.576,1318.1,1304.576,1312,0
1525384800,1311.72,1315.411,1308.081,1314.77,0
1525644000,1314.88,1318.943,1310.388,1314,0
1525730400,1313.52,1317.81,1306.212,1314.4,0
1525816800,1314.55,1317.44,1304.45,1312.4,0
1525903200,1312.31,1322.84,1310.951,1321.2,0
1525989600,1321.15,1325.916,1317.435,1318.85,0
1526248800,1317.98,1322.311,1313.13,1313.3,0
1526335200,1313.19,1314.856,1288.85,1290.2,0
1526421600,1289.82,1296.92,1286.53,1290.7,0
1526508000,1290.16,1294.4,1285.334,1290.7,0
1526594400,1290.59,1294.3,1286.2,1292.97,0
1526853600,1292.91,1293.2,1282.274,1292.4,0
1526940000,1292.42,1296.136,1288.11,1291.2,0
1527026400,1291.03,1298.495,1288.061,1293.3,0
1527112800,1293.43,1306.7,1292.9,1304.5,0
1527199200,1304.01,1307.77,1300.05,1301.81,0
1527458400,1297.659,1306.608,1292.838,1298.7,0
1527631200,1298.21,1304.338,1296.024,1301.2,0
1527717600,1301.186,1306.8,1297.67,1297.9,0
1527804000,1298.596,1300.527,1289.458,1292.95,0
1528063200,1293.04,1298.09,1290.37,1292,0
1528149600,1292.04,1300.6,1289.958,1296.3,0
1528236000,1296.156,1301.94,1293.96,1296.4,0
1528322400,1296.334,1303.3,1295.04,1297.1,0
1528408800,1296.754,1300.6,1293.179,1297.72,0
1528668000,1298.82,1302.35,1294.27,1300.4,0
1528754400,1300.15,1300.6,1293.19,1295.6,0
1528840800,1295.58,1301.196,1291.682,1299.6,0
1528927200,1299.11,1309.3,1297.71,1302.4,0
1529013600,1302.12,1303.13,1275.599,1278.45,0
1529272800,1279.46,1282.44,1277.19,1278.1,0
1529359200,1277.99,1284.1,1270.548,1274.5,0
1529445600,1274.7,1276.5,1267.8,1267.8,0
1529532000,1267.35,1270.2,1261.52,1267.1,0
1529618400,1266.51,1271.21,1266.51,1269.28,0
1529877600,1269.2,1272.56,1264.649,1265.4,0
1529964000,1265.496,1267.7,1254.903,1258.8,0
1530050400,1258.5,1260.1,1250.89,1252.16,0
1530136800,1251.73,1254.5,1246.03,1248,0
1530223200,1247.83,1255.606,1246.11,1252.4,0
1530482400,1252.52,1254.21,1239.74,1241.7,0
1530568800,1241.73,1256.89,1238,1252.8,0
1530655200,1256.526,1259.8,1251.4,1257.6,0
1530828000,1257.05,1258.956,1252.98,1254.63,0
1531087200,1254.72,1265.9,1254.72,1257.6,0
1531173600,1257.39,1260.31,1247.519,1255.5,0
1531260000,1255.55,1256.876,1241.71,1241.9,0
1531346400,1241.67,1248.7,1241.49,1247.2,0
1531432800,1247.1,1248.1,1236.518,1241.27,0
1531692000,1241.35,1245.6,1238.45,1240.8,0
1531778400,1240.55,1245.01,1226.21,1227.6,0
1531864800,1226.7,1229.15,1221.25,1227.6,0
1531951200,1227.15,1229.49,1211.65,1222.7,0
1532037600,1222.7,1232.4,1215.82,1231.51,0
1532296800,1231.54,1235.11,1222.36,1224.4,0
1532383200,1224.145,1229.5,1218.3,1224.5,0
1532469600,1224.06,1234.182,1223.38,1231.4,0
1532556000,1231.706,1235.24,1222.4,1222.4,0
1532642400,1222.73,1227.4,1217.68,1223.78,0
1532901600,1222.78,1225.1,1219.14,1221.3,0
1532988000,1221.32,1228.584,1214.13,1223.7,0
1533074400,1223.57,1224.85,1215.8,1215.8,0
1533160800,1215.87,1221.268,1207.23,1207.5,0
1533247200,1207.35,1220.2,1204.588,1214.4,0
1533506400,1213.29,1217.89,1206.465,1207.3,0
1533592800,1207.188,1216.2,1207.188,1210.8,0
1533679200,1210.69,1215.86,1206.39,1213.8,0
1533765600,1213.91,1217.31,1210.932,1212.3,0
1533852000,1212.4,1217.2,1205.87,1210.23,0
1534111200,1211.22,1213.87,1191.8,1193.38,0
1534197600,1193.91,1198.8,1192.11,1194.2,0
1534284000,1193.95,1194.71,1173.23,1174.7,0
1534370400,1175.05,1182,1160.37,1174.2,0
1534456800,1173.48,1186.32,1172.01,1186.32,0
1534716000,1184.52,1190.87,1182.94,1190.2,0
1534802400,1190.32,1197,1187.79,1195.8,0
1534888800,1195.7,1201.58,1192.71,1195.5,0
1534975200,1195.75,1196.62,1184,1185.4,0
1535061600,1185,1208.61,1183.28,1204.91,0
1535320800,1205.76,1212.5,1203.2,1211.2,0
1535407200,1211.1,1214.3,1199.75,1200.8,0
1535493600,1200.18,1207.4,1200.18,1206.8,0
1535580000,1206.4,1207.9,1196.45,1199.8,0
1535666400,1200.33,1209,1198.39,1201.47,0
1535925600,1201.45,1202.03,1189.76,1190.7,0
1536098400,1191.3,1198.41,1190.95,1196.8,0
1536184800,1196.4,1207,1195.92,1199.92,0
1536271200,1199.98,1203.53,1193.57,1196.47,0
1536530400,1195.63,1198.7,1191.65,1195.6,0
1536616800,1194.96,1199.43,1187.83,1198.4,0
1536703200,1198.24,1208.5,1192.82,1206,0
1536789600,1206.58,1212.64,1200.328,1201.3,0
1536876000,1201.4,1208.7,1193.05,1193.6,0
1537135200,1193.56,1204.9,1192.97,1200.5,0
1537221600,1201.246,1203.54,1195.98,1197.9,0
1537308000,1197.9,1206.2,1197.86,1204,0
1537394400,1203.75,1208.4,1201.47,1207.3,0
1537480800,1207.106,1211.05,1191.978,1199.66,0
1537740000,1199.22,1204.2,1194.54,1198.7,0
1537826400,1198.5,1203.5,1197.2,1201.3,0
1537912800,1200.79,1202.47,1190.66,1194.2,0
1537999200,1194.55,1198.63,1181.97,1183.1,0
1538085600,1183.1,1193.9,1180.86,1190.4,0
1538344800,1191.26,1192.41,1184.71,1188.9,0
1538431200,1188.55,1208.5,1188.55,1202.8,0
1538517600,1202.7,1208.278,1196.76,1197.1,0
1538604000,1197.28,1206.9,1196.11,1199.8,0
1538690400,1199.81,1206,1197.38,1203.29,0
1538949600,1202.61,1204.08,1183.05,1188.1,0
1539036000,1188.75,1191.89,1183.41,1189.3,0
1539122400,1189.426,1195,1185.47,1194.3,0
1539208800,1194.25,1226.4,1191.42,1224.3,0
1539295200,1224.3,1224.3,1215.99,1216.6,0
1539554400,1217.5,1233.3,1217.05,1226.8,0
1539640800,1226.76,1232.4,1223.57,1224.5,0
1539727200,1224.56,1229.6,1220.77,1222.1,0
1539813600,1222,1230.14,1218.78,1225.3,0
1539900000,1225.29,1230.8,1223.248,1225.6,0
1540159200,1226.4,1229.57,1220.21,1221.9,0
1540245600,1221.696,1239.9,1221.696,1230.7,0
1540332000,1230.245,1234.3,1225.76,1233.6,0
1540418400,1233.765,1239.19,1228.25,1232.1,0
1540504800,1231.66,1243.428,1230.19,1233.08,0
1540764000,1233.76,1235.42,1224.4,1229.8,0
1540850400,1229.54,1230.59,1220.01,1222.7,0
1540936800,1222.6,1223.27,1212.08,1215,0
1541023200,1214.55,1237.6,1214.55,1233.3,0
1541109600,1233.8,1236.43,1229.88,1232.53,0
1541372400,1232.66,1235.11,1226.96,1231.27,0
1541458800,1231.3,1235.94,1223.61,1226.62,0
1541545200,1226.88,1236.6,1223.16,1226.3,0
1541631600,1226.145,1227.17,1220.24,1223.78,0
1541718000,1223.8,1223.8,1206.8,1209.584,0
1541977200,1209.635,1211.48,1200.1,1200.1,0
1542063600,1200.1,1205.2,1196.464,1202.1,0
1542150000,1202,1216.6,1197.817,1210.65,0
1542236400,1210.64,1216.47,1207.92,1213.13,0
1542322800,1212.975,1225.4,1212.975,1221.136,0
1542582000,1220.8,1225.4,1218.15,1223.94,0
1542668400,1223.735,1228.74,1220.09,1221.3,0
1542754800,1221.39,1230.3,1219.9,1225.77,0
1542841200,1226.65,1228.56,1220.25,1222.85,0
1543186800,1222.85,1228.036,1221.86,1222.18,0
1543273200,1222.16,1225.26,1212.01,1214.8,0
1543359600,1214.8,1227.4,1211.31,1220.87,0
1543446000,1220.905,1229,1220.66,1224.1,0
1543532400,1223.885,1225.58,1216.8,1222.136,0
1543791600,1222.02,1234.9,1221.44,1230.45,0
1543878000,1230.5,1242,1230.5,1238.23,0
1543964400,1238.23,1239.3,1233.484,1236.97,0
1544050800,1236.97,1244.4,1234.884,1237.4,0
1544137200,1237.405,1250.06,1237.4,1248.165,0
1544396400,1248.17,1250.88,1241.77,1244.19,0
1544482800,1244.135,1249.516,1241.2,1243.03,0
1544569200,1242.97,1247.2,1242.183,1245.25,0
1544655600,1245.265,1246.73,1240.26,1241.54,0
1544742000,1241.8,1243.04,1233.065,1238.125,0
1545001200,1238.58,1248.1,1235.86,1245.56,0
1545087600,1245.555,1250.35,1245.2,1249.3,0
1545174000,1249.095,1258.1,1241.81,1242.59,0
1545260400,1242.77,1266.7,1242.77,1259.7,0
1545346800,1259.544,1262.73,1254.08,1255.744,0
1545606000,1255.52,1270.5,1255.52,1269.02,0
1545778800,1270.3,1279.1,1264.44,1266.8,0
1545865200,1266.8,1278.96,1266.8,1275.5,0
1545951600,1275.395,1282.12,1274.39,1280.764,0
1546210800,1280.2,1284.07,1277.6,1282.2,0
1546383600,1282.25,1288.7,1278.87,1284.17,0
1546470000,1284.3,1294.9,1284.3,1294.1,0
1546556400,1293.93,1298.538,1276.5,1284.844,0
1546815600,1284.843,1295.2,1282.76,1288.9,0
1546902000,1288.895,1290.22,1279.52,1285.1,0
1546988400,1284.91,1293.91,1280.243,1293.21,0
1547074800,1293.4,1297.06,1286.26,1286.4,0
1547161200,1286.4,1295.15,1286.4,1287.224,0
1547420400,1287.3,1295.87,1287.3,1291.32,0
1547506800,1291.358,1294.69,1286.89,1289.1,0
1547593200,1289.134,1295,1288,1293.5,0
1547679600,1293.335,1295.36,1288.89,1291.674,0
1547766000,1291.6,1292.5,1280.76,1281.424,0
1548025200,1279.8,1285.52,1277.58,1284.91,0
1548198000,1284.91,1286.53,1278.81,1282.5,0
1548284400,1282.5,1284.82,1276.94,1280.87,0
1548370800,1280.854,1303.976,1280.07,1302.91,0
1548630000,1303,1304.41,1297.852,1303.2,0
1548716400,1303.064,1311.99,1302.884,1311.41,0
1548802800,1311.345,1323.38,1309.16,1319.7,0
1548889200,1319.8,1326.3,1317.5,1321.2,0
1548975600,1321.04,1323.57,1316.23,1317.265,0
1549234800,1317.394,1319.04,1308.74,1312.1,0
1549321200,1312.1,1316.9,1310.9,1314.982,0
1549407600,1314.73,1315.82,1306.11,1306.3,0
1549494000,1306.24,1311.96,1302.91,1309.73,0
1549580400,1310,1315.63,1307.92,1314.203,0
1549839600,1314.12,1315,1303.84,1308,0
1549926000,1307.87,1314.76,1306.65,1310.45,0
1550012400,1310.5,1318.17,1305.16,1306,0
1550098800,1305.99,1314.4,1302.45,1312.11,0
1550185200,1312.194,1322.62,1311.54,1321.12,0
1550444400,1325.98,1341.86,1323,1340.8,0
1550617200,1340.8,1346.75,1337,1338.1,0
1550703600,1338.1,1341.52,1321.302,1323.4,0
1550790000,1323.4,1333.13,1321.697,1327.885,0
1551049200,1327.894,1332.6,1325.24,1327.16,0
1551135600,1327.235,1330.16,1323.68,1328.9,0
1551222000,1328.9,1329.88,1317.08,1319.7,0
1551308400,1319.55,1327.4,1312.74,1313,0
1551394800,1312.854,1315.23,1290.28,1293.055,0
1551654000,1293.18,1297.05,1282.97,1286.5,0
1551740400,1286.424,1289.61,1281.35,1287.8,0
1551826800,1287.8,1290.92,1283.74,1285.29,0
1551913200,1286.3,1289.01,1281.01,1285.125,0
1551999600,1285.4,1300.8,1285.37,1298.054,0
1552255200,1298.18,1299.13,1290.64,1293.2,0
1552341600,1293.3,1302.24,1292.18,1301.4,0
1552428000,1301.1,1311.3,1300.73,1308.8,0
1552514400,1309.12,1310.35,1292.93,1295.4,0
1552600800,1295.87,1306.38,1294.14,1301.96,0
1552860000,1300.9,1306.73,1298.34,1303.4,0
1552946400,1303.59,1310.91,1302.48,1306.2,0
1553032800,1306.14,1316.98,1298.8,1312.3,0
1553119200,1312.55,1320.41,1303.41,1309.3,0
1553205600,1309.28,1314.97,1306.97,1313.16,0
1553464800,1312.8,1324.52,1311.13,1321.7,0
1553551200,1321.45,1323.27,1312.85,1315.4,0
1553637600,1315.67,1319.3,1308.27,1309.5,0
1553724000,1309.34,1312.35,1288.67,1290,0
1553810400,1289.9,1299.82,1286.87,1291.91,0
1554069600,1292.4,1297.03,1286.55,1287.6,0
1554156000,1287.65,1292.7,1285.37,1292.3,0
1554242400,1292.24,1294.6,1288.53,1289.9,0
1554328800,1289.83,1294.5,1281.03,1292.1,0
1554415200,1292.27,1293.7,1284.566,1291.3,0
1554674400,1289.7,1303.7,1289.7,1297.3,0
1554760800,1297.43,1306.2,1296.73,1304,0
1554847200,1303.98,1310.6,1301.13,1308.2,0
1554933600,1308.122,1309.23,1289.76,1292,0
1555020000,1292.2,1295.8,1290.19,1290.52,0
1555279200,1290.65,1291.98,1282.66,1287.8,0
1555365600,1287.53,1288.74,1273.07,1276.5,0
1555452000,1276.65,1279.79,1273.1,1273.1,0
1555538400,1273.22,1277.68,1271.2,1275.51,0
1555884000,1275.49,1279.84,1273.95,1274.8,0
1555970400,1275.01,1276.51,1266.42,1272.3,0
1556056800,1272.33,1278.9,1268.92,1275.4,0
1556143200,1275.38,1282.9,1273.52,1277,0
1556229600,1276.976,1288.7,1274.47,1285.8,0
1556488800,1285.73,1287.04,1278.21,1279.7,0
1556575200,1279.77,1286.22,1279.77,1283.35,0
1556661600,1283.24,1287.26,1273.09,1276.8,0
1556748000,1276.856,1278.02,1266.39,1270.5,0
1556834400,1270.56,1282.56,1268.6,1278.9,0
1557093600,1278.71,1285.81,1277.15,1281,0
1557180000,1280.95,1286.1,1278.31,1284.1,0
1557266400,1284.07,1291.6,1279.47,1280.8,0
1557352800,1280.74,1288.4,1279.74,1284,0
1557439200,1283.96,1289.5,1283.27,1285.6,0
1557698400,1285.62,1301.4,1282.12,1299.7,0
1557784800,1299.77,1303.4,1293.85,1297.1,0
1557871200,1296.56,1300.9,1293.19,1296.3,0
1557957600,1296.83,1298.76,1284.22,1286.9,0
1558044000,1286.76,1288.93,1275,1277.1,0
1558303200,1277.58,1279.03,1273.78,1277.5,0
1558389600,1277.7,1277.95,1269.64,1274.3,0
1558476000,1274.51,1277.5,1272.63,1273.2,0
1558562400,1273.01,1287.3,1272.91,1283.2,0
1558648800,1283.25,1285.27,1280.88,1284.59,0
1558908000,1285.08,1286.59,1276.29,1279.2,0
1559080800,1279.42,1285.8,1279.21,1279.8,0
1559167200,1279.94,1289.3,1275.14,1288.3,0
1559253600,1288.33,1306.94,1288.13,1305.2,0
1559512800,1305.27,1328,1305.27,1324.72,0
1559599200,1324.72,1329.08,1320.11,1324.8,0
1559685600,1325.13,1344.08,1324.64,1329.7,0
1559772000,1330.88,1339.82,1327.3,1335.2,0
1559858400,1335.23,1348.207,1330.4,1340.3,0
1560117600,1340.61,1340.61,1325.23,1327.7,0
1560204000,1327.856,1329.87,1320.03,1326.69,0
1560290400,1326.71,1338.37,1326.184,1333.84,0
1560376800,1333.27,1343.15,1332.55,1341.96,0
1560463200,1342.3,1358.3,1337.97,1341.29,0
1560722400,1341.09,1343.59,1333.14,1339.776,0
1560808800,1339.67,1354.64,1338.78,1346.6,0
1560895200,1346.36,1362.54,1341.48,1360.24,0
1560981600,1360.386,1393.928,1357.8,1387.435,0
1561068000,1387.22,1411.83,1382.65,1398.6,0
1561327200,1398.8,1421.38,1398.8,1419.1,0
1561413600,1419.724,1439.14,1412.11,1423.594,0
1561500000,1423.61,1424.436,1402.085,1409.39,0
1561586400,1409.38,1412.12,1398.78,1409.71,0
1561672800,1409.82,1424.636,1405.86,1409.1,0
1561932000,1409.51,1409.51,1381.91,1383.77,0
1562018400,1383.83,1421.624,1383.1,1421.624,0
1562104800,1421.66,1437.7,1412.18,1418.75,0
1562191200,1415.583,1424.2,1386.752,1399.5,0
1562536800,1398.68,1407.65,1391.93,1395.08,0
1562623200,1394.97,1400.025,1385.91,1397.276,0
1562709600,1397.12,1418.97,1390.06,1418.46,0
1562796000,1418.656,1427.16,1401.03,1404.236,0
1562882400,1404.04,1417.1,1403.27,1415.3,0
1563141600,1415.16,1419.75,1407.86,1414.385,0
1563228000,1414.49,1418.23,1400.97,1406.156,0
1563314400,1406.16,1426.78,1400.2,1426.356,0
1563400800,1426.556,1448.2,1414.7,1446.936,0
1563487200,1446.9,1452.95,1420.35,1425.38,0
1563746400,1425.12,1430.02,1422.37,1425.238,0
1563832800,1424.66,1430.23,1414.34,1417.846,0
1563919200,1417.846,1429.52,1416.52,1425.81,0
1564005600,1425.43,1433.798,1411.17,1414.13,0
1564092000,1414.31,1424.84,1413.58,1418.2,0
1564351200,1418.15,1428.13,1414.97,1426.6,0
1564437600,1426.485,1433.216,1422.43,1431.08,0
1564524000,1430.89,1434.35,1410.8,1412.3,0
1564610400,1412.765,1446.01,1400.654,1445.2,0
1564696800,1445.165,1449.3,1430.45,1440.59,0
1564956000,1440.65,1469.77,1436.93,1463,0
1565042400,1468.347,1474.92,1456.57,1474.17,0
1565128800,1474.322,1510.43,1472.41,1500.336,0
1565215200,1500.1,1509.6,1490.2,1505.512,0
1565301600,1504.632,1509.4,1494.957,1497.18,0
1565560800,1497.18,1520,1487.56,1510.982,0
1565647200,1510.916,1535.03,1480,1501.936,0
1565733600,1501.916,1524.1,1494.2,1516.596,0
1565820000,1516.597,1527.06,1508.04,1523.046,0
1565906400,1523.31,1528,1503.87,1513.26,0
1566165600,1513.26,1513.26,1493.39,1496.085,0
1566252000,1495.944,1508.7,1493.181,1507.858,0
1566338400,1507.53,1508.06,1496.65,1502.324,0
1566424800,1502.348,1504.58,1492.63,1498.836,0
1566511200,1498.358,1530.222,1493.66,1526.74,0
1566770400,1526.74,1555.33,1525.15,1527.205,0
1566856800,1527.265,1544.68,1525.83,1541.945,0
1566943200,1542.048,1546.9,1532.1,1539.625,0
1567029600,1539.377,1550.38,1519.875,1527.748,0
1567116000,1527.748,1533.15,1517.15,1520.34,0
1567375200,1529.335,1549.73,1521.818,1546.79,0
1567548000,1546.855,1557.1,1534.01,1551.957,0
1567634400,1552.01,1553.03,1506.54,1518.8,0
1567720800,1517.201,1527.9,1502.74,1506.616,0
1567980000,1507.21,1515.6,1497.76,1499,0
1568066400,1498.842,1501.02,1484.63,1485.698,0
1568152800,1485.62,1498.24,1485.39,1497.288,0
1568239200,1497.288,1524.24,1489.39,1498.708,0
1568325600,1498.748,1509.04,1485.91,1488.58,0
1568584800,1488.75,1512.14,1488.75,1498.62,0
1568671200,1498.604,1507.08,1493.62,1501.32,0
1568757600,1501.16,1511.57,1483.36,1494.088,0
1568844000,1493.885,1504.6,1489.125,1499.168,0
1568930400,1499.078,1517.05,1498.09,1516.777,0
1569189600,1516.23,1526.83,1511.69,1522.076,0
1569276000,1522.09,1535.69,1515.77,1532.012,0
1569362400,1531.375,1535.14,1500.55,1503.868,0
1569448800,1503.868,1512.4,1500.59,1504.67,0
1569535200,1504.4,1507.42,1487.098,1496.78,0
1569794400,1496.78,1500.53,1464.645,1472.16,0
1569880800,1472.204,1487.3,1459.23,1479.1,0
1569967200,1478.745,1505.1,1474.67,1499.52,0
1570053600,1499.478,1519.7,1495.978,1505.476,0
1570140000,1505.478,1515.658,1495.978,1504.65,0
1570399200,1504.65,1512.512,1488.2,1493.218,0
1570485600,1493.415,1509.739,1487.12,1505.624,0
1570572000,1505.618,1512.4,1500.03,1505.362,0
1570658400,1505.382,1517.008,1491.29,1493.692,0
1570744800,1493.885,1503.3,1474.2,1488.67,0
1571004000,1488.67,1497.15,1483.04,1493.33,0
1571090400,1493.098,1498.46,1477.35,1480.858,0
1571176800,1481.038,1491.8,1477.2,1490.1,0
1571263200,1490.219,1497.4,1483.59,1491.756,0
1571349600,1491.718,1494.09,1485.05,1490.115,0
1571608800,1489.92,1495.208,1481.72,1484.688,0
1571695200,1484.738,1489,1480.98,1487.688,0
1571781600,1487.804,1496.268,1487.804,1491.632,0
1571868000,1491.76,1504.1,1488.155,1503.576,0
1571954400,1503.476,1517.948,1500.7,1504.398,0
1572213600,1504.45,1508.188,1490.18,1492.298,0
1572300000,1492.338,1494.758,1483.75,1488.015,0
1572386400,1487.888,1496.598,1481.365,1495.598,0
1572472800,1495.638,1514.3,1493.97,1512.564,0
1572559200,1512.724,1516.05,1503.465,1514.017,0
1572822000,1513.73,1514.788,1504.55,1509.6,0
1572908400,1509.6,1509.638,1479.55,1483.3,0
1572994800,1483.4,1494.3,1482.56,1490.4,0
1573081200,1490.4,1492.165,1460.799,1468.3,0
1573167600,1468.3,1472.948,1456.419,1458.796,0
1573426800,1458.9,1466.418,1448.4,1455.6,0
1573513200,1455.6,1460.5,1445.817,1456.3,0
1573599600,1456.3,1467.1,1455.918,1463.5,0
1573686000,1463.5,1474.6,1461.298,1471.12,0
1573772400,1471.3,1471.34,1462.605,1467.918,0
1574031600,1467.56,1473.95,1456.525,1471.2,0
1574118000,1471.2,1475.4,1464.965,1472.3,0
1574204400,1472.3,1478.8,1466.132,1471.5,0
1574290800,1471.5,1475.65,1462.53,1464.225,0
1574377200,1464.1,1473.2,1461.49,1461.903,0
1574636400,1461.88,1462.108,1454.212,1455.2,0
1574722800,1455.2,1462.9,1450.192,1461.2,0
1574809200,1461.2,1461.864,1452.74,1454.3,0
1574895600,1455.378,1466.528,1453.192,1463.6,0
1575241200,1464.02,1465.53,1454,1462.2,0
1575327600,1462.3,1481.738,1460.005,1477.3,0
1575414000,1477.3,1484.1,1471.62,1474.4,0
1575500400,1474.4,1480.34,1473.081,1475.8,0
1575586800,1475.8,1479.9,1458.85,1460.028,0
1575846000,1459.82,1465.357,1458.9,1461.438,0
1575932400,1461.5,1469.145,1460.2,1464.188,0
1576018800,1464.3,1478.86,1462.915,1474.5,0
1576105200,1474.6,1487,1464.172,1469.6,0
1576191600,1469.6,1478,1462.112,1475.668,0
1576450800,1475.54,1479.9,1473.33,1475.958,0
1576537200,1476,1480.5,1474.35,1476.118,0
1576623600,1475.9,1479.256,1470.632,1475.2,0
1576710000,1475.3,1481.668,1473.39,1478.6,0
1576796400,1478.7,1480.928,1476,1477.968,0
1577055600,1477.79,1486.2,1477.63,1485.54,0
1577142000,1485.9,1500.5,1484.574,1499.3,0
1577314800,1499.468,1512.6,1497.642,1511.3,0
1577401200,1511.3,1515.277,1507.533,1510.81,0
1577660400,1510.81,1516.1,1510.81,1514.9,0
1577746800,1514.9,1525.28,1514.9,1517.177,0
1577919600,1517.7,1531.335,1517.2,1528.9,0
1578006000,1528.9,1553.515,1528.15,1552.108,0
1578265200,1551.8,1587.93,1551.8,1565.4,0
1578351600,1565.4,1577.4,1555.3,1574.11,0
1578438000,1574.3,1611.335,1552.39,1556.1,0
1578524400,1556.1,1561.4,1540.422,1552.2,0
1578610800,1552.2,1563.088,1545.89,1562.077,0
1578870000,1561.99,1561.99,1546.659,1547.5,0
1578956400,1547.5,1548.87,1536.11,1546.3,0
1579042800,1546.3,1558.148,1546.21,1556.128,0
1579129200,1556,1558.09,1548.157,1552.3,0
1579215600,1552.4,1561.23,1549.529,1557.168,0
1579474800,1560.791,1568.6,1546.47,1557.9,0
1579647600,1557.9,1559.22,1550.359,1558.6,0
1579734000,1558.6,1567.897,1552.052,1562.788,0
1579820400,1562.7,1575.805,1556.685,1571.448,0
1580079600,1571.28,1588.7,1571.28,1581.8,0
1580166000,1581.8,1583.007,1565.785,1567,0
1580252400,1567.04,1578.1,1563.555,1576.9,0
1580338800,1577,1585.937,1572.473,1573.9,0
1580425200,1573.9,1590.17,1570.9,1589.687,0
1580684400,1593.065,1593.9,1569.982,1576.677,0
1580770800,1576.5,1579.567,1549.235,1552.796,0
1580857200,1552.8,1562.368,1547.674,1555.91,0
1580943600,1555.9,1568.214,1552.665,1566.6,0
1581030000,1566.6,1574.1,1560.7,1570.137,0
1581289200,1570.08,1576.981,1568.13,1571.9,0
1581375600,1571.9,1574.1,1562.24,1567.8,0
1581462000,1567.3,1570.42,1561.91,1565.8,0
1581548400,1565.8,1578.3,1565.6,1575.91,0
1581634800,1575.5,1584.948,1573.23,1583.597,0
1581894000,1584.374,1605.16,1582.615,1601.397,0
1582066800,1601.4,1612.93,1599.65,1611.347,0
1582153200,1611.5,1623.74,1604.058,1619.5,0
1582239600,1619.3,1649.262,1619.11,1643.147,0
1582498800,1643,1689.296,1643,1659.156,0
1582585200,1659.2,1663.91,1625.262,1634.83,0
1582671600,1634.5,1655.1,1625.085,1640.7,0
1582758000,1640.5,1660.368,1635.452,1644.687,0
1582844400,1644.6,1649.456,1563.12,1585.634,0
1583103600,1585.4,1610.988,1575.632,1588.6,0
1583190000,1588.6,1649.33,1585.3,1640.6,0
1583276400,1640.5,1652.81,1632.03,1636.637,0
1583362800,1636.5,1674.6,1635.205,1671.837,0
1583449200,1672,1692.2,1642.4,1673.527,0
1583704800,1673.3,1703.6,1657.74,1679.808,0
1583791200,1679.207,1680.6,1641.729,1649.205,0
1583877600,1649.456,1671.4,1633.15,1633.818,0
1583964000,1633.815,1650.364,1560.899,1576,0
1584050400,1579.157,1597.907,1505.032,1529.708,0
1584309600,1562.157,1575.48,1451.414,1514.2,0
1584396000,1511.528,1554,1465.93,1527.728,0
1584482400,1527.728,1546.27,1472.99,1486.1,0
1584568800,1485.918,1501.2,1464.372,1470.9,0
1584655200,1469.208,1516.5,1455.4,1498.7,0
1584914400,1498.47,1561.3,1482.93,1554.238,0
1585000800,1554.297,1635.3,1553.552,1622.22,0
1585087200,1623.71,1643.1,1597.2,1613.778,0
1585173600,1613.548,1645.5,1594.7,1629.2,0
1585260000,1631.668,1635.5,1609.9,1626.148,0
1585519200,1637.377,1637.487,1610.1,1622.5,0
1585605600,1621.935,1626.55,1573.8,1575.007,0
1585692000,1574.737,1601.7,1567.8,1588.428,0
1585778400,1588.638,1620.8,1582.2,1612.817,0
1585864800,1612.847,1626.8,1606,1616.4,0
1586124000,1616.4,1669.84,1609.11,1660.7,0
1586210400,1662.3,1678.6,1641.2,1646.08,0
1586296800,1645.99,1657.5,1640.8,1644,0
1586383200,1644,1690.33,1643,1681.8,0
1586728800,1663,1724.2,1663,1712.45,0
1586815200,1712.45,1747.742,1707.1,1728.8,0
1586901600,1727.986,1732.6,1707.5,1716.06,0
1586988000,1716.98,1739.3,1706.5,1716.969,0
1587074400,1716.558,1720.6,1678.8,1681.631,0
1587333600,1683.2,1702.724,1672.02,1694.56,0
1587420000,1694.304,1698.1,1658.1,1686.295,0
1587506400,1686.218,1718.7,1678.6,1713.6,0
1587592800,1712.74,1739.1,1706.2,1729.5,0
1587679200,1730.028,1736.31,1710.62,1727.4,0
1587938400,1727.53,1728.6,1706.37,1710.9,0
1588024800,1713.408,1716.52,1692.31,1707.19,0
1588111200,1707.68,1717.95,1698.16,1710.2,0
1588197600,1711.598,1721.94,1681.36,1685.125,0
1588284000,1685.855,1705.87,1670.43,1698.215,0
1588543200,1685.1,1714.75,1685.1,1701.7,0
1588629600,1700.968,1712.17,1690.02,1704.575,0
1588716000,1704.596,1708.2,1682.264,1685.5,0
1588802400,1681.488,1722.69,1681.488,1715.15,0
1588888800,1715.078,1723.54,1700.43,1700.6,0
1589148000,1702.2,1712.094,1692.255,1695.77,0
1589234400,1696.184,1711.03,1693.6,1701.81,0
1589320800,1701.809,1718.116,1699.08,1715.21,0
1589407200,1715.21,1736.57,1711.3,1730.86,0
1589493600,1730.89,1751.718,1728.835,1741,0
1589752800,1741.5,1765.3,1727.5,1730.23,0
1589839200,1730.448,1747.921,1726.124,1744.7,0
1589925600,1744.75,1754.07,1742.6,1747.155,0
1590012000,1747.254,1748.95,1717.1,1726.24,0
1590098400,1726.27,1740.11,1724.41,1734.3,0
1590357600,1728.64,1735.73,1709.042,1710.2,0
1590530400,1709.924,1715.991,1693.923,1709,0
1590616800,1711.8,1727.71,1705.85,1717.9,0
1590703200,1719.47,1737.773,1712.6,1729.326,0
1590962400,1731.2,1744.58,1727.503,1739.2,0
1591048800,1738.608,1745.59,1721.6,1724.798,0
1591135200,1724.799,1732.08,1689.12,1698.716,0
1591221600,1698.676,1722.01,1696.93,1713.6,0
1591308000,1713.104,1716.54,1670.88,1681.6,0
1591567200,1681.6,1700.69,1677.7,1697.268,0
1591653600,1697.045,1720.92,1692.41,1712.788,0
1591740000,1712.888,1739.9,1708.3,1737.356,0
1591826400,1737.278,1744.77,1721.69,1727.96,0
1591912800,1728.17,1743.13,1722.3,1729.649,0
1592172000,1731.56,1735.75,1704.3,1724.558,0
1592258400,1724.575,1732.86,1716.82,1725.796,0
1592344800,1725.95,1730.24,1713.064,1724.23,0
1592431200,1725.656,1737.728,1717.43,1721.696,0
1592517600,1721.696,1745.3,1721.1,1743.126,0
1592776800,1741.9,1763.53,1741.9,1754.006,0
1592863200,1754.006,1771.06,1747.45,1767.408,0
1592949600,1767.408,1779.38,1760.208,1760.208,0
1593036000,1760.188,1768.89,1754.802,1763.378,0
1593122400,1763.566,1772.09,1747.562,1770.454,0
1593381600,1770.68,1775.96,1765.82,1771.43,0
1593468000,1771,1786.02,1764.8,1781.858,0
1593554400,1781.93,1789.15,1759.48,1769.515,0
1593640800,1769.004,1779.62,1757.87,1775.266,0
1593727200,1784.5,1787.12,1756,1782.839,0
1594072800,1783.118,1797.53,1773.884,1794.795,0
1594159200,1794.755,1818.14,1791.64,1808.575,0
1594245600,1808.594,1815.92,1795.822,1803.1,0
1594332000,1801.436,1810.661,1793.89,1798.84,0
1594591200,1798.3,1813.44,1798.23,1802.628,0
1594677600,1802.766,1810.99,1790.6,1808.206,0
1594764000,1808.206,1815.06,1802.65,1808,0
1594850400,1809.918,1813.42,1795.08,1796.734,0
1594936800,1796.754,1811.93,1796,1808.9,0
1595196000,1808.9,1820.521,1805.96,1817.568,0
1595282400,1817.58,1843.59,1815.89,1840.9,0
1595368800,1840.6,1872.18,1837.7,1872.094,0
1595455200,1872.094,1898.35,1863.805,1886.394,0
1595541600,1886.505,1906.88,1881.7,1900.6,0
1595800800,1900.6,1945.63,1900.23,1941.61,0
1595887200,1941.61,1981.2,1907.2,1957.73,0
1595973600,1958.43,1980.835,1941.66,1970.358,0
1596060000,1970.358,1971.544,1939.56,1955.904,0
1596146400,1955.934,1984.218,1955.19,1974.9,0
1596405600,1974.9,1987.948,1960.6,1976.344,0
1596492000,1976.34,2020.17,1967.016,2018.1,0
1596578400,2018.98,2055.713,2009.69,2038.204,0
1596664800,2038.253,2069.77,2034.7,2063.564,0
1596751200,2063.468,2075.135,2015.6,2034.9,0
1597010400,2034.9,2049.9,2019.2,2027.448,0
1597096800,2027.416,2029.984,1901.775,1911.444,0
1597183200,1911.424,1949.548,1863.266,1915.525,0
1597269600,1918.23,1966.264,1912.9,1952.578,0
1597356000,1952.634,1962.27,1932.38,1943.61,0
1597615200,1944.32,1990.69,1929.88,1985,0
1597701600,1984.284,2015.654,1976.29,2001.928,0
1597788000,2002.074,2006.504,1924.9,1928.82,0
1597874400,1929.013,1955.324,1924.826,1946.925,0
1597960800,1946.835,1955.95,1911.7,1939.647,0
1598220000,1939.2,1962.18,1923.95,1928.794,0
1598306400,1928.718,1937.52,1914.493,1930.184,0
1598392800,1930.008,1954.8,1902.91,1954.688,0
1598479200,1954.594,1976.65,1910.233,1929.2,0
1598565600,1929.531,1973.824,1923.31,1964.5,0
1598824800,1964.31,1976.62,1954.5,1967.244,0
1598911200,1967.054,1992.63,1963.14,1969.164,0
1598997600,1969.258,1973.33,1932.79,1942.405,0
1599084000,1942.77,1951.03,1922.14,1930.3,0
1599170400,1931.269,1950.4,1916.535,1932.8,0
1599429600,1929.314,1940.86,1906.8,1931.919,0
1599602400,1932.017,1950.88,1920.21,1946.246,0
1599688800,1946.324,1966.53,1941.485,1944.748,0
1599775200,1945.31,1954.72,1937.39,1939.4,0
1600034400,1939.4,1962.54,1937.379,1956.748,0
1600120800,1956.728,1972.16,1948.47,1952.948,0
1600207200,1952.944,1973.594,1950,1959.004,0
1600293600,1958.938,1960.914,1932.91,1943.954,0
1600380000,1943.808,1960.14,1943.808,1950.3,0
1600639200,1949.55,1955.92,1882.582,1912.327,0
1600725600,1912.357,1920.02,1894.8,1899.744,0
1600812000,1899.678,1905.88,1855.92,1862.757,0
1600898400,1863.043,1877.03,1848.84,1867.307,0
1600984800,1867.514,1875.17,1852.54,1860,0
1601244000,1860,1883.03,1848.662,1880.908,0
1601330400,1880.895,1899.13,1875.7,1898.188,0
1601416800,1898.098,1902.32,1881.36,1885.328,0
1601503200,1885.325,1912.14,1884.82,1905.128,0
1601589600,1905.264,1917.1,1889.91,1898.7,0
1601848800,1898.7,1918.754,1887.176,1912.668,0
1601935200,1912.99,1921.14,1874.9,1878.465,0
1602021600,1878.465,1898,1873.05,1887.044,0
1602108000,1887.144,1900.69,1882.05,1893.678,0
1602194400,1893.61,1930.42,1893.61,1929.4,0
1602453600,1929.4,1933.28,1918.25,1922.614,0
1602540000,1922.613,1925.6,1886.608,1891.318,0
1602626400,1891.345,1912.97,1882.6,1901.638,0
1602712800,1901.62,1909.06,1889.74,1908.394,0
1602799200,1908.414,1913.925,1897.84,1898.594,0
1603058400,1898.4,1918.61,1897.216,1903.548,0
1603144800,1903.705,1914.11,1894.75,1908.028,0
1603231200,1908.079,1931.42,1908.079,1924,0
1603317600,1923.734,1926.05,1894.55,1903.654,0
1603404000,1903.638,1914.24,1894.44,1901.174,0
1603663200,1906.6,1908.63,1891.54,1901.454,0
1603749600,1901.658,1911.43,1898,1907.915,0
1603836000,1907.925,1910.9,1869.54,1876.56,0
1603922400,1876.407,1885.03,1860,1867.36,0
1604008800,1867.38,1889.8,1864.49,1877.9,0
1604271600,1877.9,1896.001,1873.6,1894.185,0
1604358000,1894.888,1910.58,1887.19,1908.828,0
1604444400,1908.5,1916.374,1882.21,1902.288,0
1604530800,1903.2,1952.77,1902.54,1949.238,0
1604617200,1948.3,1960.33,1935.729,1950.984,0
1604876400,1963,1965.55,1850.62,1862.078,0
1604962800,1860.6,1890.41,1860.59,1877.14,0
1605049200,1876.4,1884.45,1856.475,1865.225,0
1605135600,1864.7,1883.805,1862.88,1876.588,0
1605222000,1876.1,1896.81,1874.1,1888.825,0
1605481200,1889.4,1899.05,1864.71,1888.194,0
1605567600,1887.7,1893.6,1877.01,1879.245,0
1605654000,1878.5,1884.85,1864.01,1872.16,0
1605740400,1871.8,1874.07,1852.86,1865.355,0
1605826800,1865.808,1879.89,1861.01,1870.318,0
1606086000,1869.1,1876.16,1831.1,1836.855,0
1606172400,1836.85,1839.05,1800.4,1806.794,0
1606258800,1807.2,1817.69,1801.864,1807.2,0
1606345200,1810.795,1813.775,1774.35,1787.5,0
1606690800,1786.61,1800.7,1764.73,1776.7,0
1606777200,1776,1817.38,1775.9,1814.788,0
1606863600,1813.8,1832.57,1807.59,1829.9,0
1606950000,1829.9,1843.93,1823.83,1840.295,0
1607036400,1840.7,1848.21,1829.32,1838.208,0
1607295600,1838.5,1868.535,1822.5,1862.3,0
1607382000,1860.9,1875.28,1860.4,1869.45,0
1607468400,1870.1,1870.96,1825.51,1838.89,0
1607554800,1838.8,1850.02,1828.8,1836.378,0
1607641200,1835.94,1847.75,1824.138,1838.998,0
1607900400,1837.5,1855.6,1819.162,1827.33,0
1607986800,1826.9,1855.41,1825.66,1852.26,0
1608073200,1852.775,1865.71,1844.97,1863.56,0
1608159600,1864.2,1896.29,1862.2,1884.72,0
1608246000,1884.6,1889.87,1877.57,1880.838,0
1608505200,1881.4,1906.74,1855.344,1876.435,0
1608591600,1876.5,1884.238,1858.98,1860.2,0
1608678000,1859.9,1878.5,1857.23,1872.69,0
1608764400,1871.3,1883.495,1869.69,1878.97,0
1609110000,1879.19,1900.185,1869.47,1873.22,0
1609196400,1873.1,1886.49,1871.88,1878.078,0
1609282800,1877.9,1894.1,1876.3,1894.1,0
1609369200,1894.1,1900.99,1885.6,1897.9,0
1609714800,1898.07,1944.45,1898.07,1942.07,0
1609801200,1942.07,1953.06,1934.5,1949.75,0
1609887600,1949.6,1959.33,1901.006,1918.05,0
1609974000,1918.3,1927.69,1906.79,1913.19,0
1610060400,1913.5,1917.473,1828.415,1848.445,0
1610319600,1847.8,1856.73,1817.125,1842.9,0
1610406000,1842.9,1863.86,1836.83,1854.4,0
1610492400,1854,1863.055,1842.01,1844.78,0
1610578800,1844.9,1857.62,1829.248,1845.51,0
1610665200,1845.3,1857,1823.41,1827.635,0
1610924400,1837.588,1845.57,1833.2,1839.9,0
1611097200,1839.8,1871.79,1832.61,1871.344,0
1611183600,1870.5,1875.11,1858.5,1869.235,0
1611270000,1868.6,1870.85,1837.5,1854.8,0
1611529200,1854.8,1867.895,1847.275,1855.5,0
1611615600,1854.9,1861.76,1848.57,1850.207,0
1611702000,1850.665,1853.15,1831.52,1841.37,0
1611788400,1843.9,1864.11,1834.175,1841.91,0
1611874800,1841.9,1875.61,1839.7,1846.715,0
1612134000,1846.69,1871.81,1846.69,1860.4,0
1612220400,1859,1864.13,1829.69,1837.265,0
1612306800,1837.9,1845,1829.831,1833.6,0
1612393200,1832.8,1834.77,1785.129,1793.96,0
1612479600,1793,1815.115,1792.26,1812.98,0
1612738800,1812.98,1839.11,1807.95,1830.3,0
1612825200,1830.3,1848.57,1829,1838.16,0
1612911600,1837.9,1855.38,1834.2,1842.495,0
1612998000,1842.7,1847.54,1821.29,1825.1,0
1613084400,1825.2,1830.76,1810.66,1823.13,0
1613343600,1817.46,1826.46,1789.62,1794.546,0
1613516400,1794.89,1795.16,1769.65,1776.22,0
1613602800,1775.8,1789.63,1768.586,1775.186,0
1613689200,1775.4,1791.59,1760.822,1783.346,0
1613948400,1783.89,1812.64,1780.88,1808.986,0
1614034800,1809,1816.04,1795.77,1805.3,0
1614121200,1804.6,1813.91,1783.55,1804.586,0
1614207600,1803.97,1805.57,1765.53,1769.994,0
1614294000,1768.9,1775.81,1717.344,1732.526,0
1614553200,1734.29,1759.846,1719.66,1724.6,0
1614639600,1724.6,1738.589,1707.4,1737.736,0
1614726000,1737,1740.54,1702.134,1710.8,0
1614812400,1709.3,1723.22,1690.63,1697.138,0
1614898800,1697.1,1707.669,1687.464,1698.636,0
1615158000,1700.7,1714.23,1676.91,1683.335,0
1615244400,1683.5,1720.604,1680.3,1715.36,0
1615330800,1715.36,1726.53,1708.35,1726.416,0
1615417200,1726.3,1739.86,1719.4,1722.188,0
1615503600,1722.1,1728.04,1699.39,1726.958,0
1615759200,1726.76,1734.57,1721.72,1731.469,0
1615845600,1731.586,1741.147,1726.326,1731.276,0
1615932000,1731.4,1751.63,1724.17,1744.48,0
1616018400,1744.48,1755.5,1719.4,1735.67,0
1616104800,1735.126,1746.87,1728.694,1744.858,0
1616364000,1748.6,1748.6,1727.4,1738.686,0
1616450400,1738.749,1742.54,1724.8,1726.428,0
1616536800,1727.129,1738.47,1724.005,1734.3,0
1616623200,1733.05,1745.49,1721.86,1726.829,0
1616709600,1726.728,1736.75,1721.71,1730.9,0
1616968800,1732.1,1733.12,1705.86,1712,0
1617055200,1711.71,1714.39,1678.61,1684.83,0
1617141600,1684.95,1715.28,1678.01,1707.47,0
1617228000,1707.52,1730.52,1705.92,1728.33,0
1617573600,1734.82,1734.82,1721.39,1727.795,0
1617660000,1727.879,1745.44,1727.36,1742.76,0
1617746400,1742.79,1744.296,1730.8,1737.6,0
1617832800,1737.51,1758.66,1733.3,1755.41,0
1617919200,1755.289,1757.306,1731.15,1744.2,0
1618178400,1744.2,1745.082,1727.49,1731.9,0
1618264800,1732.296,1748.928,1723.86,1745.408,0
1618351200,1745.336,1749.41,1732.68,1736.029,0
1618437600,1736.106,1769.8,1734.45,1763.474,0
1618524000,1763.455,1783.85,1759.84,1775.85,0
1618783200,1775.85,1790.05,1766.83,1770.15,0
1618869600,1769.845,1780.426,1763.74,1778.56,0
1618956000,1778.418,1797.63,1776.38,1794,0
1619042400,1794,1797.83,1777.51,1783.559,0
1619128800,1783.118,1795.94,1770.09,1777.1,0
1619388000,1776.87,1783.5,1768.88,1780.879,0
1619474400,1780.827,1785.56,1773.85,1776.186,0
1619560800,1776.518,1782.55,1762.75,1781.606,0
1619647200,1781.46,1789.95,1756.24,1771.8,0
1619733600,1772.267,1773.71,1764.31,1768.76,0
1619992800,1768.76,1798.34,1766.29,1792.438,0
1620079200,1792.588,1799.14,1771,1778.397,0
1620165600,1778.66,1787.99,1770.45,1786.4,0
1620252000,1786.486,1818.12,1782.1,1814.368,0
1620338400,1814.558,1843.31,1812.966,1831.12,0
1620597600,1831.12,1845.438,1830.09,1835.3,0
1620684000,1835.258,1841.82,1818.11,1837.045,0
1620770400,1837.11,1843.68,1813.35,1815.307,0
1620856800,1815.48,1828.81,1808.84,1826.186,0
1620943200,1825.934,1846.09,1819.923,1842.1,0
1621202400,1822.6,1868.5,1822.6,1866.378,0
1621288800,1866.358,1875.04,1863.32,1869.325,0
1621375200,1869.375,1890.11,1852.32,1869.497,0
1621461600,1869.537,1883.88,1864,1877.54,0
1621548000,1877.324,1889.42,1870.3,1880.3,0
1621807200,1881.18,1887.11,1875.34,1880,0
1621893600,1879.715,1900.35,1872.8,1898.358,0
1621980000,1898.754,1912.74,1890.45,1895.7,0
1622066400,1896.19,1903.69,1888.29,1896.76,0
1622152800,1896.794,1905.872,1882.36,1902.6,0
1622412000,1907.417,1916.53,1892.5,1900.27,0
1622584800,1898.957,1909.09,1894.52,1908.01,0
1622671200,1908.01,1909.69,1865.32,1870.754,0
1622757600,1870.753,1896.2,1856.146,1889.9,0
1623016800,1891.33,1900.15,1881.65,1898.745,0
1623103200,1898.51,1903.76,1883.9,1891.8,0
1623189600,1891.43,1898.917,1887.37,1888.4,0
1623276000,1888.534,1899.86,1869.95,1898.3,0
1623362400,1898.53,1902.99,1874.5,1876.6,0
1623621600,1877.2,1877.89,1844.8,1866.034,0
1623708000,1865.81,1869.18,1851.74,1859,0
1623794400,1859.098,1863.17,1803.68,1811.6,0
1623880800,1811.57,1825.262,1767.34,1772.57,0
1623967200,1773.29,1797.21,1761.038,1763.3,0
1624226400,1764.12,1786.52,1764.12,1782.748,0
1624312800,1782.53,1790.09,1772.48,1777.98,0
1624399200,1778.04,1795.02,1773.39,1777.75,0
1624485600,1778.058,1788.01,1772.95,1775.224,0
1624572000,1775.224,1790.37,1773.8,1780.3,0
1624831200,1780.94,1785.755,1770.87,1778.05,0
1624917600,1778.05,1778.96,1750.78,1760.92,0
1625004000,1761.31,1774.37,1753.48,1769.97,0
1625090400,1769.406,1783.01,1765.78,1776.12,0
1625176800,1776.084,1795.13,1774.43,1787.3,0
1625436000,1791.139,1815.05,1790.17,1796.308,0
1625608800,1795.81,1809.81,1794.05,1803.687,0
1625695200,1803.648,1818.4,1794.45,1802.148,0
1625781600,1802.075,1812.4,1796.76,1807.9,0
1626040800,1808.19,1810.87,1791.68,1805.75,0
1626127200,1805.75,1817.17,1798.75,1807.908,0
1626213600,1807.45,1829.86,1804.68,1826.91,0
1626300000,1826.91,1834.14,1820.41,1829,0
1626386400,1828.68,1832.04,1807.8,1810.8,0
1626645600,1810.998,1817.36,1794,1812,0
1626732000,1812.354,1825.02,1805.18,1809.81,0
1626818400,1809.31,1813.73,1794.81,1803.16,0
1626904800,1803.17,1808.39,1792.87,1806.708,0
1626991200,1806.958,1810.37,1789.8,1801.3,0
1627250400,1802.05,1811.53,1796.44,1796.99,0
1627336800,1797.106,1805.3,1793.7,1798.38,0
1627423200,1798.33,1809.83,1792.68,1806.51,0
1627509600,1806.15,1832.68,1806.15,1827.51,0
1627596000,1827.92,1831.37,1810.39,1814.15,0
1627855200,1814.15,1819.53,1805.9,1812.826,0
1627941600,1812.84,1815.03,1807.23,1810.22,0
1628028000,1810.26,1831.72,1806.568,1811.3,0
1628114400,1810.996,1814.91,1797.94,1803.62,0
1628200800,1804.42,1804.85,1758.79,1762.6,0
1628460000,1762.62,1764.61,1681.95,1729.633,0
1628546400,1729.69,1738.28,1717.89,1728.836,0
1628632800,1729.13,1754.44,1724.19,1750.015,0
1628719200,1750.94,1758.14,1741.72,1752.278,0
1628805600,1752.66,1780.25,1751.8,1779.218,0
1629064800,1779.39,1789.28,1770.97,1787.368,0
1629151200,1787.28,1795.58,1780.69,1785.88,0
1629237600,1786.018,1793.81,1777.36,1787.528,0
1629324000,1787.586,1792.46,1774.59,1779.823,0
1629410400,1779.893,1788.43,1778.47,1780.66,0
1629669600,1791.8,1806.44,1776.6,1805.138,0
1629756000,1805.124,1809.6,1800.86,1802.7,0
1629842400,1802,1803.15,1782.65,1790.134,0
1629928800,1790.68,1798.21,1780.16,1792.38,0
1630015200,1792.07,1819.27,1784.58,1816.52,0
1630274400,1816.86,1823.2,1807.85,1809.448,0
1630360800,1809.2,1819.21,1801.77,1813.296,0
1630447200,1813.295,1820.03,1808.77,1813.264,0
1630533600,1813.71,1817.13,1804.95,1808.645,0
1630620000,1808.16,1834.01,1808.16,1826.1,0
1630879200,1823.058,1827.33,1792.4,1794.01,0
1631052000,1794.15,1802.16,1782.531,1788.6,0
1631138400,1788.11,1801.03,1783.95,1794.35,0
1631224800,1793.798,1803.91,1787.28,1787.52,0
1631484000,1788.2,1798.53,1783.9,1793.046,0
1631570400,1793.074,1808.74,1780.9,1804.1,0
1631656800,1803.93,1806.89,1790.83,1794,0
1631743200,1794.146,1796.2,1745.44,1753.523,0
1631829600,1753.523,1767.48,1747.5,1753.4,0
1632088800,1754.03,1767.14,1742.29,1764,0
1632175200,1764.51,1781.73,1758.07,1773.828,0
1632261600,1773.9,1787.24,1764.8,1768.25,0
1632348000,1768.308,1776.543,1737.99,1742.84,0
1632434400,1742.839,1757.608,1740.55,1749.976,0
1632693600,1750.18,1760.83,1744.95,1749.86,0
1632780000,1749.83,1754.44,1728.2,1733.798,0
1632866400,1734.006,1745.6,1721.71,1725.766,0
1632952800,1725.716,1764.18,1722.36,1756.388,0
1633039200,1756.495,1764.29,1749.809,1760.65,0
1633298400,1759.5,1770.55,1747.8,1769.65,0
1633384800,1769.806,1770.046,1748.73,1759.495,0
1633471200,1759.675,1765.11,1746,1762.565,0
1633557600,1762.69,1766.96,1752.09,1756.276,0
1633644000,1756.256,1781.3,1753.49,1756.63,0
1633903200,1755.6,1760.97,1750.25,1753.409,0
1633989600,1753.45,1769.32,1750.9,1759.686,0
1634076000,1759.975,1796.12,1758.06,1792.568,0
1634162400,1792.61,1800.5,1786.8,1795.29,0
1634248800,1795.767,1796.47,1764.97,1766.453,0
1634508000,1766.5,1772.11,1760.4,1764.5,0
1634594400,1763.908,1785.11,1763,1769.568,0
1634680800,1768.579,1788.41,1766.998,1781.39,0
1634767200,1781.49,1789.5,1776.6,1782.248,0
1634853600,1782.375,1813.94,1782.375,1792.28,0
1635112800,1791.52,1810.03,1791.52,1807.43,0
1635199200,1807.198,1808.33,1782.5,1792.706,0
1635285600,1792.895,1799.12,1783.58,1796.06,0
1635372000,1796.06,1810.43,1792.42,1799.118,0
1635458400,1798.986,1801.11,1772.07,1782.763,0
1635717600,1779.8,1795.82,1779.23,1793.113,0
1635804000,1793.113,1796.42,1786.5,1787.863,0
1635890400,1787.75,1788.235,1758.93,1768.734,0
1635976800,1768.799,1798.95,1768.799,1790.63,0
1636063200,1790.308,1818.275,1785.3,1816.7,0
1636326000,1816.7,1826.435,1812.54,1823.6,0
1636412400,1823.88,1832.675,1819.3,1831.7,0
1636498800,1830.9,1868.57,1822.49,1848.885,0
1636585200,1849.17,1866.04,1843,1861.29,0
1636671600,1861.77,1868.67,1845.4,1864.74,0
1636930800,1863.9,1870.468,1856.465,1862.545,0
1637017200,1862.435,1877.145,1849.64,1849.64,0
1637103600,1849.63,1868.03,1849.63,1867.07,0
1637190000,1866.81,1870.94,1855.2,1858.6,0
1637276400,1858,1865.85,1843.16,1845.295,0
1637535600,1844.8,1849.07,1802.35,1804.186,0
1637622000,1804.45,1812.41,1782.08,1788.746,0
1637708400,1788.7,1796.355,1778.69,1788.45,0
1637794800,1787.766,1815.6,1780.532,1791.6,0
1638140400,1791.6,1799.41,1780.722,1784.135,0
1638226800,1784.2,1808.72,1769.98,1773.986,0
1638313200,1774,1794.62,1772.3,1781.414,0
1638399600,1781.13,1783.41,1761.99,1768.466,0
1638486000,1766.7,1786.11,1766.22,1782.83,0
1638745200,1782.3,1787.721,1775.78,1778.4,0
1638831600,1777.9,1787.81,1772.32,1783.528,0
1638918000,1783.766,1793.13,1779.69,1782.7,0
1639004400,1782.18,1787.61,1773.37,1774.03,0
1639090800,1774.6,1789.52,1770.21,1782.446,0
1639350000,1781.7,1791.58,1781.7,1785.79,0
1639436400,1786.56,1789.55,1766.56,1770.494,0
1639522800,1769.5,1780.88,1753.1,1776.73,0
1639609200,1776.5,1799.39,1775.7,1798.91,0
1639695600,1799,1814.27,1795.893,1797.933,0
1639954800,1796.9,1804.098,1788.44,1790.23,0
1640041200,1790.406,1800.45,1784.92,1788.4,0
1640127600,1788.47,1805.02,1785.95,1802.48,0
1640214000,1803.52,1810.78,1799.01,1808.58,0
1640559600,1801.9,1813.46,1801.9,1811.735,0
1640646000,1811.7,1820.23,1805.11,1806,0
1640732400,1806.27,1807.636,1789.57,1804.406,0
1640818800,1804.33,1817.13,1796.3,1814.1,0
1640905200,1813.9,1830.36,1813.9,1829.24,0
1641164400,1828,1831.65,1798.41,1801.3,0
1641250800,1801.1,1816.728,1798.574,1814.086,0
1641337200,1813.5,1829.68,1808.4,1809.18,0
1641423600,1810.2,1812.19,1786.42,1790.795,0
1641510000,1789.1,1798.65,1782.71,1795.92,0
1641769200,1778.5,1802.31,1778.5,1801.21,0
1641855600,1801,1823.31,1800.27,1821.39,0
1641942000,1821.3,1828.06,1814.83,1826,0
1642028400,1825.84,1828.16,1812.45,1822.3,0
1642114800,1821.78,1829.144,1814.77,1817.482,0
1642374000,1818.21,1822.77,1805.78,1813.4,0
1642546800,1813.48,1843.4,1810.34,1839.96,0
1642633200,1840.18,1847.94,1836.03,1838.79,0
1642719600,1839,1843.21,1828.57,1834.36,0
1642978800,1832.6,1844.33,1829.81,1842.62,0
1643065200,1842.46,1853.83,1835,1847.87,0
1643151600,1847.7,1850.09,1815.02,1819.35,0
1643238000,1818.9,1822.14,1791.89,1797.26,0
1643324400,1797.26,1799.41,1780.36,1791.16,0
1643583600,1791.32,1799.91,1785.64,1796.64,0
1643670000,1796.64,1808.78,1795.8,1800.38,0
1643756400,1800.1,1810.78,1794.54,1806.34,0
1643842800,1805.96,1808.98,1788.76,1804.534,0
1643929200,1803.86,1814.88,1792.29,1807.54,0
1644188400,1807.61,1823.56,1806.9,1820.1,0
1644274800,1819.99,1828.78,1815.53,1825.6,0
1644361200,1824.9,1835.81,1824.78,1832.42,0
1644447600,1832.87,1841.95,1821.78,1826.79,0
1644534000,1826.78,1865.434,1820.99,1858.44,0
1644793200,1858.11,1874.2,1850.85,1871.1,0
1644879600,1870.5,1879.5,1844.61,1853.36,0
1644966000,1852.98,1872.55,1850.41,1869.11,0
1645052400,1869.8,1901.12,1867.9,1898.35,0
1645138800,1897.2,1902.46,1886.69,1898.23,0
1645398000,1903.36,1914.12,1891.52,1898.16,0
1645570800,1898.2,1910.5,1889.7,1907.76,0
1645657200,1908.1,1974.398,1878.25,1902.94,0
1645743600,1903.5,1921.59,1883,1889.07,0
1646002800,1888.71,1931.47,1888.71,1908.67,0
1646089200,1907.9,1950.21,1901.5,1944.67,0
1646175600,1945.13,1947.96,1913.99,1928.35,0
1646262000,1928.6,1941.27,1922.16,1935.41,0
1646348400,1935.2,1970.95,1929.8,1970.95,0
1646607600,1969.91,2002.57,1961.17,1997.1,0
1646694000,1997.67,2070.42,1981.18,2050.168,0
1646780400,2049.3,2059.17,1976.3,1991.3,0
1646866800,1990.7,2009.17,1970.51,1996.8,0
1646953200,1996.8,1999.034,1958.84,1988.23,0
1647208800,1987.4,1990.308,1949.786,1950,0
1647295200,1951.361,1954.58,1907.14,1918.39,0
1647381600,1918.48,1929.53,1895.13,1927.46,0
1647468000,1927.761,1949.77,1923.46,1942.5,0
1647554400,1942.6,1945.34,1918.07,1921.198,0
1647813600,1920.85,1941.21,1918.14,1935.99,0
1647900000,1935.428,1938.39,1910.821,1920.862,0
1647986400,1920.882,1948.36,1915.697,1942.15,0
1648072800,1942.506,1966.12,1937.6,1957.381,0
1648159200,1957.48,1964.24,1943.31,1957.69,0
1648418400,1957.4,1960.43,1917.14,1921.772,0
1648504800,1922.33,1929.27,1890.35,1919.02,0
1648591200,1919.09,1938.54,1916.08,1932.65,0
1648677600,1932.19,1949.79,1919.4,1936.32,0
1648764000,1936.411,1939.5,1918.13,1924.3,0
1649023200,1924.71,1936.9,1915.63,1932.67,0
1649109600,1932.581,1944.55,1918,1923.43,0
1649196000,1923.84,1933.53,1915.16,1923.84,0
1649282400,1923.84,1937.79,1920.67,1930.91,0
1649368800,1930.95,1948.19,1927.83,1945.8,0
1649628000,1945.8,1969.798,1940.15,1953.69,0
1649714400,1953.171,1978.64,1949.76,1966.308,0
1649800800,1966.55,1981.52,1962.96,1977.7,0
1649887200,1977.61,1980.32,1960.7,1973.2,0
1650232800,1974.4,1998.39,1971.22,1978.18,0
1650319200,1978.09,1981.95,1943.8,1949.911,0
1650405600,1949.348,1958.31,1939.45,1957.398,0
1650492000,1957.366,1957.72,1936.83,1951.451,0
1650578400,1951.14,1955.6,1926.72,1929.7,0
1650837600,1929.7,1935.14,1891.64,1897.967,0
1650924000,1897.963,1911.19,1895.85,1905.117,0
1651010400,1905.217,1907,1881.5,1885.567,0
1651096800,1885.518,1896.71,1872.2,1894.441,0
1651183200,1894.867,1919.9,1892.69,1895.638,0
1651442400,1897,1899.94,1854.65,1863.111,0
1651528800,1862.988,1878.17,1850.51,1867.03,0
1651615200,1867.5,1889.87,1861.57,1881.298,0
1651701600,1882.298,1909.8,1872.7,1876.561,0
1651788000,1876.37,1892.51,1866.28,1882.99,0
1652047200,1863,1885.68,1851.88,1853.982,0
1652133600,1854.27,1865.4,1835.48,1837.8,0
1652220000,1837.2,1858.16,1832.169,1851.76,0
1652306400,1851.967,1858.93,1821.48,1822.158,0
1652392800,1821.71,1828.91,1799.13,1810.678,0
1652652000,1811.45,1826.89,1787.031,1824.29,0
1652738400,1824.404,1836.15,1813,1814.565,0
1652824800,1814.42,1824.71,1807.4,1815.776,0
1652911200,1815.808,1849.13,1810.85,1840.9,0
1652997600,1840.407,1849.52,1832.49,1845.6,0
1653256800,1845.6,1865.44,1843.3,1852.893,0
1653343200,1851.991,1869.66,1849.423,1866.258,0
1653429600,1866.39,1868.19,1841.89,1851.898,0
1653516000,1851.958,1855.57,1840.11,1850.328,0
1653602400,1850.318,1862.02,1847.97,1852.838,0
1653861600,1855.918,1857.17,1835.2,1836.652,0
1654034400,1836.592,1849.96,1828.47,1845.9,0
1654120800,1845.98,1870.53,1844.14,1868.458,0
1654207200,1868.79,1874.14,1847.46,1851.04,0
1654466400,1850.1,1857.92,1840.458,1840.458,0
1654552800,1840.58,1855.53,1837.1,1851.98,0
1654639200,1851.838,1859.64,1844.74,1852.178,0
1654725600,1852.083,1855.42,1840.13,1847.798,0
1654812000,1847.818,1875.93,1825.2,1870.9,0
1655071200,1870.9,1879.45,1818.115,1819.79,0
1655157600,1819.928,1831.61,1805.2,1807.9,0
1655244000,1807.2,1841.95,1807.2,1832.57,0
1655330400,1832.28,1857.55,1815.29,1857.218,0
1655416800,1857.204,1857.87,1833.96,1839.3,0
1655676000,1837.242,1843.57,1828.72,1832.44,0
1655848800,1832.605,1847.88,1823.45,1837.588,0
1655935200,1837.748,1846.238,1822.6,1822.888,0
1656021600,1822.64,1831.8,1817.01,1826.1,0
1656280800,1826.1,1841.17,1820.73,1822.368,0
1656367200,1822.299,1829.49,1818.49,1819.338,0
1656453600,1819.338,1833.05,1812.19,1817.61,0
1656540000,1817.64,1825.1,1802.8,1807.288,0
1656626400,1807.18,1811.86,1784.6,1810.1,0
1656885600,1807.2,1812.1,1764.01,1765.073,0
1657058400,1764.968,1772.84,1732.36,1738.59,0
1657144800,1738.363,1749.07,1736.59,1739.964,0
1657231200,1740.12,1752.46,1733.08,1741.8,0
1657490400,1741.8,1744.528,1731.39,1733.478,0
1657576800,1733.639,1744.37,1723.3,1725.217,0
1657663200,1725.269,1745.39,1707.11,1734.5,0
1657749600,1735.179,1736.31,1697.7,1710.321,0
1657836000,1710.35,1716.63,1699.1,1706.7,0
1658095200,1706.7,1723.85,1706.18,1709.24,0
1658181600,1709.108,1718.43,1705.49,1711.17,0
1658268000,1711.328,1714.508,1692.58,1696.549,0
1658354400,1696.61,1720.238,1681,1717.859,0
1658440800,1717.888,1739.27,1712.99,1726.4,0
1658700000,1726.4,1736.24,1714.8,1719.328,0
1658786400,1719.27,1728.19,1713.7,1716.339,0
1658872800,1716.249,1740.37,1711.58,1734.048,0
1658959200,1733.94,1757.09,1733.8,1756.199,0
1659045600,1756.088,1767.9,1752.27,1765.337,0
1659304800,1765.2,1775.39,1758.5,1771.408,0
1659391200,1771.64,1788.03,1760,1760.02,0
1659477600,1760.747,1772.771,1754.22,1765.098,0
1659564000,1765.068,1794.93,1763.4,1790.69,0
1659650400,1790.938,1794.88,1765.1,1774.1,0
1659909600,1774.1,1790.03,1770.98,1788.14,0
1659996000,1788.168,1800.4,1783.32,1794.807,0
1660082400,1794.63,1807.93,1787.69,1791.29,0
1660168800,1791.508,1799.3,1783.7,1789.398,0
1660255200,1789.398,1802.7,1785,1801.97,0
1660514400,1801.3,1802.41,1773.09,1778.858,0
1660600800,1778.98,1783.13,1771.6,1775.848,0
1660687200,1775.758,1782.32,1759.87,1761.429,0
1660773600,1761.588,1772.42,1755.45,1758.959,0
1660860000,1758.59,1759.5,1745.64,1746.96,0
1661119200,1746.4,1749.19,1727.9,1735.839,0
1661205600,1737.49,1754.06,1730.92,1748.03,0
1661292000,1748.119,1755.87,1742.51,1750.859,0
1661378400,1750.758,1765.48,1750.06,1758.092,0
1661464800,1757.91,1758.91,1734.27,1736.8,0
1661724000,1737.56,1745.52,1720.4,1736.719,0
1661810400,1737.008,1740.51,1721.3,1723.248,0
1661896800,1723.5,1726.52,1709.72,1710.93,0
1661983200,1710.868,1711.43,1688.91,1696.09,0
1662069600,1696.277,1718.01,1695.17,1711.4,0
1662328800,1709.25,1726.78,1699.74,1701.401,0
1662501600,1701.36,1719.54,1691.5,1717.76,0
1662588000,1717.829,1728.2,1704.06,1708.37,0
1662674400,1708.418,1729.47,1708.418,1716.05,0
1662933600,1717.49,1735.1,1712.061,1724.969,0
1663020000,1724.41,1731.8,1697.18,1701.56,0
1663106400,1701.09,1707.07,1693.78,1696.794,0
1663192800,1697.42,1698.19,1660.44,1664.71,0
1663279200,1664.71,1680.41,1654.28,1674.02,0
1663538400,1675.24,1679.9,1659.78,1675.64,0
1663624800,1675.722,1679.51,1660.1,1664.54,0
1663711200,1664.54,1688.05,1653.93,1673.2,0
1663797600,1672.942,1684.89,1655.8,1670.948,0
1663884000,1671.24,1675.93,1639.78,1643,0
1664143200,1643.29,1649.78,1621.27,1622.15,0
1664229600,1621.85,1642.45,1621.85,1628.56,0
1664316000,1628.56,1662.76,1614.92,1659.71,0
1664402400,1659.74,1664.88,1641.65,1661.026,0
1664488800,1660.648,1675.38,1659.33,1660.73,0
1664748000,1660.73,1701.56,1659.8,1699.288,0
1664834400,1699.15,1729.46,1695.29,1725.16,0
1664920800,1725.16,1727.78,1700.671,1715.84,0
1665007200,1716.03,1725.55,1706.99,1711.75,0
1665093600,1712.468,1714.82,1690.7,1693.7,0
1665352800,1694.69,1699.94,1665.78,1668,0
1665439200,1667.74,1683.94,1661,1665.97,0
1665525600,1666.022,1678.33,1661.45,1673,0
1665612000,1672.973,1682.45,1642.49,1666,0
1665698400,1666.05,1671.74,1640.27,1643.78,0
1665957600,1643.4,1668.42,1643.4,1650.18,0
1666044000,1650.06,1660.94,1645.93,1651.33,0
1666130400,1651.31,1654.44,1627.75,1629.21,0
1666216800,1629.65,1645.65,1622.53,1627.027,0
1666303200,1626.997,1658.07,1617.3,1656.6,0
1666562400,1657.66,1670.75,1644.05,1649.86,0
1666648800,1649.89,1662.45,1638.4,1652.92,0
1666735200,1653.08,1674.94,1649.84,1663.89,0
1666821600,1663.84,1670.82,1654.93,1662.1,0
1666908000,1662.1,1667.04,1638.16,1644.3,0
1667167200,1644.99,1645.62,1631.84,1632.77,0
1667253600,1632.728,1657,1630.85,1648.18,0
1667340000,1648.11,1669.52,1634.9,1635.298,0
1667426400,1636.067,1640.97,1616.71,1629.4,0
1667512800,1628.688,1682.37,1628.688,1680.2,0
1667775600,1681.11,1681.836,1666.96,1675.48,0
1667862000,1675.48,1716.89,1664.8,1712.17,0
1667948400,1712.17,1722.55,1702.29,1706.67,0
1668034800,1706.67,1757.26,1704,1755.49,0
1668121200,1755.53,1772.78,1747.38,1771.198,0
1668380400,1771.23,1775.07,1753.35,1771.28,0
1668466800,1771.18,1786.53,1767.19,1778.89,0
1668553200,1778.89,1785.04,1770.4,1773.6,0
1668639600,1773.3,1774.81,1754.57,1760.03,0
1668726000,1760.03,1767.68,1747.6,1750.398,0
1668985200,1750.56,1753.02,1732.58,1737.83,0
1669071600,1736.92,1749.72,1736.92,1739.7,0
1669158000,1739.99,1753.36,1725.71,1749.37,0
1669244400,1756.61,1761.18,1745.99,1754.26,0
1669590000,1754.26,1763.75,1739.72,1741.24,0
1669676400,1740.9,1759.05,1739.7,1749.7,0
1669762800,1749.4,1769.96,1745.03,1768,0
1669849200,1767.7,1804.02,1767.7,1802.5,0
1669935600,1802.23,1804.45,1778.68,1797.248,0
1670194800,1797.59,1810.04,1765.9,1768.4,0
1670281200,1768.4,1780.9,1766.9,1770.6,0
1670367600,1770.86,1790.52,1768.8,1785.83,0
1670454000,1786,1794.87,1781.5,1788.92,0
1670540400,1788.73,1806.12,1788.57,1797.11,0
1670799600,1797.41,1797.59,1777.66,1780.27,0
1670886000,1780.9,1824.47,1780.89,1810.84,0
1670972400,1809.5,1814.14,1795.66,1807.23,0
1671058800,1806.46,1808.64,1773.92,1776.54,0
1671145200,1775.97,1794.31,1774.4,1792.588,0
1671404400,1791.83,1798.68,1783.94,1787.3,0
1671490800,1786.53,1821.11,1784.71,1817.6,0
1671577200,1816.93,1823.82,1811.93,1814.1,0
1671663600,1814.1,1820.45,1784.94,1792.36,0
1671750000,1791.54,1803.21,1791.31,1797.688,0
1672095600,1797.21,1833.29,1797.21,1813.3,0
1672182000,1812.5,1814.52,1797.14,1804,0
1672268400,1803.3,1820.18,1803.3,1814.5,0
1672354800,1813.87,1826.07,1811.2,1822.79,0
1672700400,1823.53,1850.15,1823.53,1839,0
1672786800,1839.6,1865.15,1836.29,1854.1,0
1672873200,1854.34,1859.03,1825.04,1832.488,0
1672959600,1832.45,1870,1830.8,1865.487,0
1673218800,1865.91,1881.59,1865.4,1871.65,0
1673305200,1870.4,1880.73,1868,1876.6,0
1673391600,1876.72,1886.63,1867.22,1875.3,0
1673478000,1875.3,1901.55,1872.64,1896.7,0
1673564400,1896.79,1921.86,1892.4,1920.15,0
1673823600,1915.66,1919.02,1903.88,1908.2,0
1673996400,1908.53,1925.88,1896.74,1903.7,0
1674082800,1904.14,1935.25,1901.1,1931.8,0
1674169200,1931.9,1937.51,1920.77,1925.95,0
1674428400,1925.82,1935.51,1911.49,1930.6,0
1674514800,1930.43,1942.51,1917.22,1937,0
1674601200,1936.3,1948.08,1919.91,1945.78,0
1674687600,1945.78,1949.16,1918.74,1928.8,0
1674774000,1928.59,1935.06,1916.78,1927.286,0
1675033200,1927.98,1934.47,1920.71,1923.1,0
1675119600,1923.1,1931.12,1900.86,1928.26,0
1675206000,1928.26,1954.5,1920.65,1950.17,0
1675292400,1949.3,1959.74,1911.35,1912.3,0
1675378800,1912.57,1918.59,1861.37,1864.9,0
1675638000,1864.9,1881.31,1860.44,1867.04,0
1675724400,1866.9,1884.42,1865.08,1872.1,0
1675810800,1872.7,1886.345,1869.16,1875.04,0
1675897200,1875.04,1890.21,1858.97,1860.66,0
1675983600,1861.4,1872.22,1852.89,1865.14,0
1676242800,1865.4,1866.54,1850.55,1853.36,0
1676329200,1852.6,1870.53,1843.35,1854.37,0
1676415600,1853.8,1860.14,1830.64,1835.6,0
1676502000,1835.3,1845.29,1827.65,1836.24,0
1676588400,1835.95,1843.62,1818.97,1841.73,0
1676847600,1841.14,1843.82,1830.33,1834.82,0
1677020400,1834.64,1846.09,1823.6,1824.29,0
1677106800,1824.29,1833.78,1817.56,1821.9,0
1677193200,1821.9,1827.78,1809.06,1809.87,0
1677452400,1809.87,1820.17,1806.78,1816.7,0
1677538800,1817.05,1831.13,1804.78,1826.69,0
1677625200,1826.69,1844.57,1823.21,1836.3,0
1677711600,1836.3,1838.99,1830.11,1835.4,0
1677798000,1835.51,1856.51,1835.51,1855.84,0
1678057200,1855.84,1858.33,1845.21,1846.46,0
1678143600,1846.46,1851.62,1812.82,1813.36,0
1678230000,1813.36,1824.25,1809.48,1813.64,0
1678316400,1813.64,1835.64,1812.09,1829.28,0
1678402800,1829.28,1870.14,1827.84,1866.99,0
1678658400,1867.17,1914.6,1867.17,1912.68,0
1678744800,1913.71,1914.16,1895.55,1903.4,0
1678831200,1903.414,1937.31,1885.83,1918.11,0
1678917600,1918.11,1933.42,1907.63,1921.51,0
1679004000,1920.85,1989.16,1918.37,1988.5,0
1679263200,1988.78,2009.75,1966,1978.5,0
1679349600,1978.44,1985.16,1935.56,1939.704,0
1679436000,1939.704,1978.78,1934.4,1969.714,0
1679522400,1969.374,2003.28,1964.74,1992.6,0
1679608800,1992.9,2003.002,1975.39,1976.9,0
1679868000,1978.32,1980.38,1944.11,1956.184,0
1679954400,1955.96,1975.25,1949.28,1973.3,0
1680040800,1973.14,1974.34,1958.82,1962.97,0
1680127200,1963.36,1984.26,1955.54,1980.36,0
1680213600,1980.274,1987.57,1966.86,1968.53,0
1680472800,1969.3,1990.46,1949.9,1984.168,0
1680559200,1984.37,2025.17,1977.1,2020.66,0
1680645600,2020.66,2032.13,2009.98,2020.35,0
1680732000,2020.49,2021.42,2000.97,2007.8,0
1681077600,2007.05,2007.8,1981.78,1990.71,0
1681164000,1990.7,2007.44,1988.9,2003.484,0
1681250400,2003.274,2028.32,2001.44,2014.404,0
1681336800,2014.27,2048.79,2013.9,2040.27,0
1681423200,2040.23,2047.47,1992.586,2003.43,0
1681682400,2004.03,2015.02,1981.29,1994.688,0
1681768800,1994.87,2011.83,1991.38,2005.104,0
1681855200,2005.07,2008.16,1969.34,1994.61,0
1681941600,1994.31,2012.34,1990.65,2004.334,0
1682028000,2004.32,2005.52,1971.736,1982.37,0
1682287200,1982.37,1990.82,1974.23,1988.85,0
1682373600,1988.81,2003.85,1976.26,1996.74,0
1682460000,1996.6,2009.34,1983.48,1989.87,0
1682546400,1989.198,2003.47,1974.236,1987.92,0
1682632800,1987.76,1995,1976.31,1989.62,0
1682892000,1991.1,2005.99,1977.22,1981.18,0
1682978400,1981.64,2019.36,1978.58,2016.58,0
1683064800,2016.58,2042.86,2008.09,2042.86,0
1683151200,2042.86,2081.82,2030.5,2049.92,0
1683237600,2049.894,2053.04,1999.59,2015.94,0
1683496800,2016.65,2029.36,2014.4,2020.44,0
1683583200,2020.92,2037.524,2019.615,2034.15,0
1683669600,2033.704,2048.15,2021.67,2029.4,0
1683756000,2029.39,2041.238,2011.3,2014.9,0
1683842400,2014.71,2022.56,2001.07,2010.9,0
1684101600,2010.6,2022.114,2007.43,2015.73,0
1684188000,2015.624,2018.28,1985.6,1988.24,0
1684274400,1988.24,1993.01,1975.12,1981.32,0
1684360800,1981.35,1986,1951.87,1957.66,0
1684447200,1957.78,1984.16,1954.14,1977.3,0
1684706400,1977.64,1982.56,1968.98,1969.2,0
1684792800,1971.21,1977.71,1954.37,1974.74,0
1684879200,1974.7,1985.27,1956.83,1957.08,0
1684965600,1957.11,1964.76,1938.96,1939.96,0
1685052000,1939.96,1957.25,1936.9,1946.13,0
1685311200,1943.84,1963.53,1932.2,1958.12,0
1685484000,1958.53,1974.75,1953.8,1962.77,0
1685570400,1962.8,1983.1,1953.47,1976.69,0
1685656800,1976.84,1983.44,1947.5,1947.5,0
1685916000,1947.97,1963.97,1938.275,1961.084,0
1686002400,1961.24,1966.34,1954.51,1963.23,0
1686088800,1963.26,1970.15,1939.89,1940.21,0
1686175200,1940.134,1970.534,1939.73,1965.7,0
1686261600,1965.66,1973.13,1956.769,1960.78,0
1686520800,1960.71,1966.97,1949.32,1956.91,0
1686607200,1957.14,1971.024,1940.13,1943.09,0
1686693600,1943.26,1960.29,1939.83,1941.804,0
1686780000,1941.94,1960.24,1925.055,1954.955,0
1686866400,1957.32,1967.89,1953.43,1957.3,0
1687125600,1950.58,1956.74,1929.92,1935.16,0
1687298400,1935.16,1939.47,1919.32,1932.198,0
1687384800,1932.11,1934.98,1912.53,1913.53,0
1687471200,1913.504,1937.33,1910.26,1920.26,0
1687730400,1921.1,1933.31,1921.1,1922.25,0
1687816800,1922.72,1930.659,1911,1913.46,0
1687903200,1913.41,1917.22,1902.76,1907.68,0
1687989600,1907.71,1913.089,1893.12,1907.41,0
1688076000,1908.01,1922.72,1900.652,1919.36,0
1688335200,1919.31,1931.09,1910.13,1920.73,0
1688421600,1925.47,1934.973,1914.51,1914.51,0
1688594400,1914.51,1927.55,1902.75,1910.81,0
1688680800,1910.78,1934.821,1909.69,1925,0
1688940000,1925.43,1928.13,1912.76,1925.08,0
1689026400,1925.16,1938.435,1924.48,1932.21,0
1689112800,1932.3,1959.66,1932.3,1956.4,0
1689199200,1956.4,1963.63,1952.51,1959.944,0
1689285600,1960.04,1963.81,1951.06,1954.8,0
1689544800,1955.28,1959.83,1945.89,1954.28,0
1689631200,1953.554,1984.32,1953.554,1978.61,0
1689717600,1978.61,1980.894,1969.9,1976.18,0
1689804000,1976.69,1987.42,1965.47,1969.25,0
1689890400,1969.25,1973.8,1956.946,1960.8,0
1690149600,1961.7,1967.864,1953.579,1954.65,0
1690236000,1954.65,1965.66,1952.03,1964.83,0
1690322400,1964.86,1978.284,1962.15,1971.25,0
1690408800,1972.83,1982.15,1942.62,1945.715,0
1690495200,1946.005,1963.52,1945.57,1959.12,0
1690754400,1959.1,1972.354,1950.962,1965.58,0
1690840800,1965.5,1966.05,1941.24,1950.029,0
1690927200,1950.55,1954.774,1933.067,1933.64,0
1691013600,1933.64,1938.925,1929.64,1933.705,0
1691100000,1933.755,1946.881,1925.51,1942.69,0
1691359200,1942.69,1946.73,1931.6,1936.415,0
1691445600,1936.35,1938.11,1922.883,1924.84,0
1691532000,1924.95,1932.36,1914.15,1914.675,0
1691618400,1914.95,1930.15,1912.025,1912.025,0
1691704800,1912.049,1920.94,1910.95,1913.04,0
1691964000,1913.46,1918.125,1902.8,1907.15,0
1692050400,1906.59,1911.594,1896.5,1901.639,0
1692136800,1901.63,1907.19,1891.72,1891.91,0
1692223200,1891.91,1903.425,1885.09,1889.62,0
1692309600,1889.085,1896.773,1886.87,1888.9,0
1692568800,1889.21,1898.741,1884.89,1894.27,0
1692655200,1894.27,1904.5,1889.2,1897.191,0
1692741600,1897.151,1920.31,1897.151,1915.42,0
1692828000,1915.14,1923.37,1911.88,1916.82,0
1692914400,1916.705,1922.48,1903.74,1914.52,0
1693173600,1914.52,1926.04,1912.94,1919.598,0
1693260000,1919.561,1938.12,1914.57,1936.9,0
1693346400,1936.96,1949.05,1935.11,1942.23,0
1693432800,1942.1,1947.87,1939.17,1939.96,0
1693519200,1939.595,1952.95,1934.52,1939.3,0
1693778400,1938.2,1938.99,1925.48,1925.64,0
1693951200,1925.66,1929.165,1915.39,1916.37,0
1694037600,1916.45,1923.58,1916.32,1919.37,0
1694124000,1919.43,1929.69,1917.47,1918.07,0
1694383200,1918.89,1930.69,1916.66,1921.588,0
1694469600,1921.508,1924.48,1907.68,1911.675,0
1694556000,1912.148,1915.72,1905.68,1908.41,0
1694642400,1908.46,1912.9,1901.11,1910.63,0
1694728800,1910.63,1930.41,1909.93,1923.56,0
1694988000,1923.57,1934.18,1922.69,1933.04,0
1695074400,1933.2,1937.361,1929.86,1931.288,0
1695160800,1931.65,1947.39,1928.01,1930.78,0
1695247200,1930.57,1931.57,1913.99,1919.63,0
1695333600,1919.12,1929.12,1919.12,1924.68,0
1695592800,1925.23,1927.19,1915.328,1915.84,0
1695679200,1916.79,1916.89,1899.23,1900.35,0
1695765600,1900.52,1903.977,1872.65,1875.53,0
1695852000,1875.53,1879.581,1857.819,1864.59,0
1695938400,1865.24,1879.81,1846.42,1848.1,0
1696197600,1848.46,1849.96,1827.22,1827.95,0
1696284000,1827.95,1833.35,1815.3,1822.7,0
1696370400,1822.7,1830.67,1816.69,1821.02,0
1696456800,1821.1,1829.23,1813.07,1820.01,0
1696543200,1820.23,1834.83,1810.58,1832.54,0
1696802400,1832.46,1863.46,1832.4,1861.29,0
1696888800,1861.03,1865.41,1853.1,1859.498,0
1696975200,1860.13,1877.21,1858.74,1874.128,0
1697061600,1874.25,1885.055,1867.9,1868.69,0
1697148000,1868.69,1932.875,1868.69,1932.4,0
1697407200,1932.63,1932.63,1908.32,1920.05,0
1697493600,1919.99,1931.56,1912.54,1922.84,0
1697580000,1922.85,1962.58,1922.85,1947.2,0
1697666400,1947.92,1977.69,1945.35,1973.3,0
1697752800,1974.418,1997.16,1972.12,1980.9,0
1698012000,1981.45,1982.81,1963.29,1972.4,0
1698098400,1972.59,1980.9,1953.69,1970.8,0
1698184800,1971.265,1987.25,1963.15,1979.62,0
1698271200,1979.65,1993.44,1971.85,1984.41,0
1698357600,1984.41,2009.42,1976.97,2006,0
1698616800,2006.14,2006.77,1991.043,1995.7,0
1698703200,1995.3,2007.894,1978.99,1983.56,0
1698789600,1983.81,1993.24,1969.81,1982.34,0
1698876000,1982.2,1990.99,1978.96,1985.498,0
1698962400,1985.65,2004.07,1983.31,1992.08,0
1699225200,1992.31,1993.13,1977.54,1977.544,0
1699311600,1977.53,1978.38,1956.81,1969.15,0
1699398000,1969,1971.05,1947.49,1949.54,0
1699484400,1949.54,1965.57,1944.8,1958.24,0
1699570800,1958.24,1960.76,1933.14,1938.148,0
1699830000,1938.148,1949.17,1928.103,1945.948,0
1699916400,1945.75,1970.92,1938.842,1963.178,0
1700002800,1962.81,1975.3,1955.56,1959.1,0
1700089200,1959.23,1987.98,1956.63,1981,0
1700175600,1980.92,1993.42,1977.68,1980.65,0
1700434800,1980.62,1985.16,1965.57,1977.45,0
1700521200,1977.3,2007.54,1977.3,1998.13,0
1700607600,1998.13,2006.344,1987,1989.548,0
1700694000,1992.15,2003.58,1991.6,2002.1,0
1701039600,2005.11,2018.151,2000.66,2013.64,0
1701126000,2013.8,2043.05,2011.79,2040.71,0
1701212400,2040.6,2052.13,2035.48,2044.068,0
1701298800,2043.82,2047.18,2031.576,2036.098,0
1701385200,2035.88,2075.35,2034.02,2071.95,0
1701644400,2071.92,2146.792,2020.255,2028.85,0
1701730800,2028.85,2041.24,2009.96,2019.22,0
1701817200,2019.22,2035.86,2017.4,2025.219,0
1701903600,2025.28,2039.93,2020.32,2028.389,0
1701990000,2027.9,2034,1994.69,2004.25,0
1702249200,2004.54,2008.1,1976.02,1981.624,0
1702335600,1981.83,1996.73,1977.26,1979.37,0
1702422000,1979.48,2027.45,1973.13,2027.385,0
1702508400,2027.03,2047.91,2024.37,2036.3,0
1702594800,2035,2044.9,2015.71,2019.485,0
1702854000,2019.87,2033.69,2016.12,2026.984,0
1702940400,2027.15,2046.99,2021.84,2040.105,0
1703026800,2039.9,2043.47,2027.57,2031.735,0
1703113200,2030.62,2046,2030.62,2045.845,0
1703199600,2045.57,2070.63,2045.57,2052.79,0
1703545200,2053.602,2069.07,2053.517,2067.789,0
1703631600,2067.6,2084.44,2061.63,2077.495,0
1703718000,2077.51,2088.48,2064.72,2065.439,0
1703804400,2065,2074.77,2058.34,2062.68,0
1704150000,2062.68,2078.9,2055.98,2058.699,0
1704236400,2058.78,2065.99,2030.72,2041.195,0
1704322800,2041.49,2050.95,2036.34,2043.348,0
1704409200,2042.8,2063.98,2024.63,2045.44,0
1704668400,2045.41,2046.58,2016.85,2027.909,0
1704754800,2027.6,2042.01,2026.17,2029.9,0
1704841200,2029.9,2040.27,2020.57,2024.105,0
1704927600,2024,2046.649,2013.43,2028.83,0
1705014000,2028.38,2062.27,2028.38,2048.92,0
1705273200,2054.75,2055.82,2024.37,2028.155,0
1705446000,2028.06,2032.94,2001.92,2005.945,0
1705532400,2006.038,2023.25,2005.83,2022.835,0
1705618800,2022.68,2039.4,2020.51,2029.47,0
1705878000,2029.48,2032.16,2016.66,2021.2,0
1705964400,2021.504,2037.93,2019.73,2029.015,0
1706050800,2028.9,2036.71,2011.32,2013.5,0
1706137200,2013.54,2025.22,2009.66,2020.505,0
1706223600,2020.4,2026.92,2016.05,2017.915,0
1706482800,2018.38,2037.56,2018.38,2032.955,0
1706569200,2032,2048.62,2029.17,2036.82,0
1706655600,2036.51,2055.98,2031.02,2039.105,0
1706742000,2039.27,2065.6,2030.12,2054.545,0
1706828400,2054.949,2057.62,2027.94,2039.58,0
1707087600,2039.58,2042.22,2014.97,2025.005,0
1707174000,2024.77,2038.86,2022.99,2035.365,0
1707260400,2035.75,2044.55,2030.7,2034.805,0
1707346800,2034.7,2038.69,2020.35,2033.785,0
1707433200,2033.85,2037.24,2020.41,2024.155,0
1707692400,2024.38,2027.58,2012.01,2019.885,0
1707778800,2019.63,2032.845,1990.22,1992.855,0
1707865200,1993.1,1996.12,1984.37,1991.98,0
1707951600,1991.98,2008.27,1990.32,2004.105,0
1708038000,2003.95,2015.164,1995.25,2013.055,0
1708297200,2017.95,2031.13,2014.34,2024.095,0
1708470000,2023.97,2032.29,2020.19,2025.895,0
1708556400,2025.48,2034.86,2019.75,2024.09,0
1708642800,2023.933,2041.53,2016.15,2035.43,0
1708902000,2035.39,2037.07,2025.15,2030.885,0
1708988400,2031.17,2039.47,2028.9,2029.964,0
1709074800,2030.29,2037.89,2024.61,2034.085,0
1709161200,2034.33,2050.75,2028.23,2043.98,0
1709247600,2043.7,2088.33,2039.22,2082.65,0
1709506800,2082.65,2119.89,2079.57,2114.295,0
1709593200,2113.9,2141.81,2110.59,2127.913,0
1709679600,2127.97,2152.24,2123.8,2147.952,0
1709766000,2148.05,2164.78,2144.36,2159.715,0
1709852400,2159.86,2195.15,2154.17,2178.965,0
1710108000,2179.03,2188.99,2174.91,2182.008,0
1710194400,2182.098,2184.76,2150.78,2157.698,0
1710280800,2157.698,2179.812,2155.98,2174.323,0
1710367200,2174.272,2176.97,2152.965,2161.708,0
1710453600,2161.338,2172.712,2155.29,2155.625,0
1710712800,2155.66,2163.6,2146.24,2160.328,0
1710799200,2160.203,2162.84,2147.29,2157.412,0
1710885600,2157.298,2188.78,2149.7,2185.8,0
1710972000,2186.572,2222.91,2166.48,2181.072,0
1711058400,2180.792,2186.1,2157.208,2164.7,0
1711317600,2164.93,2181.29,2163.708,2171.088,0
1711404000,2171.405,2200.11,2167.81,2178.3,0
1711490400,2178.123,2197.6,2173.55,2194.503,0
1711576800,2194.532,2236.242,2187.53,2232.1,0
1711922400,2232.54,2265.651,2228.66,2251.37,0
1712008800,2251.382,2281.011,2246.868,2278.7,0
1712095200,2280.447,2301.07,2265.629,2299.607,0
1712181600,2300.302,2305.61,2279.84,2289,0
1712268000,2290.151,2330.471,2267.96,2329.57,0
1712527200,2329.44,2354.04,2303.09,2338.7,0
1712613600,2338.641,2365.3,2337.059,2352.911,0
1712700000,2352.931,2360.07,2319.493,2332.6,0
1712786400,2332.821,2377.66,2325.83,2371.606,0
1712872800,2372.56,2431.78,2333.99,2343.285,0
1713132000,2343.3,2387.55,2324.42,2382.3,0
1713218400,2382.416,2398.22,2363.11,2382.7,0
1713304800,2382.111,2395.54,2354.68,2360.2,0
1713391200,2361.271,2392.801,2361.271,2378.266,0
1713477600,2378.266,2417.889,2373,2391.77,0
1713736800,2392.03,2392.03,2324.78,2326.1,0
1713823200,2327.871,2334.43,2291.54,2321.56,0
1713909600,2322.271,2337.31,2311.89,2315.022,0
1713996000,2315.042,2344.89,2305.17,2331.511,0
1714082400,2332.29,2352.55,2326.4,2337.91,0
1714341600,2337.65,2346.76,2320.1,2335.451,0
1714428000,2335.451,2336.29,2285.26,2285.4,0
1714514400,2285.811,2328.29,2281.77,2319.742,0
1714600800,2319.891,2326.45,2285.58,2302.7,0
1714687200,2303.242,2320.67,2277.369,2301.93,0
1714946400,2301.93,2332.2,2291.95,2325.763,0
1715032800,2325.797,2329.93,2310.109,2313.917,0
1715119200,2313.99,2321.39,2303.81,2308.5,0
1715205600,2308.942,2347.26,2306.66,2345.7,0
1715292000,2346.561,2378.45,2343.6,2360.22,0
1715551200,2359.97,2364.52,2332.31,2336.3,0
1715637600,2335.731,2359.72,2334.95,2357.8,0
1715724000,2357.038,2390.25,2351.97,2386.126,0
1715810400,2386.126,2397.39,2371.12,2376.4,0
1715896800,2376.741,2422.709,2374.02,2414.5,0
1716156000,2414.02,2450.1,2407.43,2425,0
1716242400,2427.076,2433.9,2406.36,2420.645,0
1716328800,2420.645,2426.56,2375.109,2378.55,0
1716415200,2379.651,2383.7,2327.13,2328.806,0
1716501600,2328.805,2347.43,2325.53,2333.75,0
1716760800,2351.451,2364.12,2340.33,2360.331,0
1716933600,2360.131,2362.73,2334.65,2337.861,0
1717020000,2337.698,2351.82,2322.72,2343.801,0
1717106400,2343.691,2359.74,2320.75,2326.97,0
1717365600,2326.97,2354.77,2314.85,2350.2,0
1717452000,2350.64,2352.81,2315.72,2325.918,0
1717538400,2326.81,2357.34,2326.03,2356.298,0
1717624800,2356.098,2378.47,2353.55,2375.498,0
1717711200,2376.11,2387.71,2286.91,2293.59,0
1717970400,2293.51,2313.82,2287.88,2310.6,0
1718056800,2310.78,2319.93,2297.86,2316.2,0
1718143200,2316.41,2341.69,2310.82,2324.498,0
1718229600,2324.65,2326.71,2295.71,2301,0
1718316000,2303.71,2336.64,2301.68,2332.52,0
1718575200,2332.3,2332.85,2310.08,2316,0
1718661600,2318.098,2333.14,2306.66,2329.18,0
1718748000,2327.87,2365.53,2327.87,2359.898,0
1718920800,2359.898,2368.74,2316.88,2321.45,0
1719180000,2321.45,2334.67,2317.849,2332.8,0
1719266400,2333.4,2337.12,2315.62,2318.7,0
1719352800,2319.58,2323.9,2293.77,2298.098,0
1719439200,2297.898,2330.93,2296.63,2327.3,0
1719525600,2327.108,2339.79,2319.18,2326.41,0
1719784800,2326.15,2338.55,2318.6,2331.5,0
1719871200,2330.848,2336.8,2319.22,2329.2,0
1719957600,2329.098,2365.13,2327,2353.2,0
1720044000,2356.72,2392.91,2349.199,2391.24,0
1720389600,2391.24,2391.3,2351.17,2358.2,0
1720476000,2358.338,2371.49,2349.579,2363.4,0
1720562400,2363.09,2386.72,2362.88,2370.9,0
1720648800,2371.04,2424.55,2371.04,2415.298,0
1720735200,2415.498,2418.26,2391.58,2410.78,0
1720994400,2410.61,2439.753,2401.48,2421.61,0
1721080800,2421.91,2469.74,2420.14,2468.4,0
1721167200,2468.14,2483.76,2451.65,2458.06,0
1721253600,2458.33,2474.89,2440.48,2445.14,0
1721340000,2445.14,2447.47,2393.95,2400.38,0
1721599200,2400.59,2412.22,2384.01,2396.15,0
1721685600,2396.15,2412.02,2388.37,2408.518,0
1721772000,2408.84,2432.01,2396.98,2397.4,0
1721858400,2397.18,2401.18,2353.22,2365.3,0
1721944800,2363.95,2390.81,2356.01,2386.89,0
1722204000,2387.4,2403.11,2369.73,2383.58,0
1722290400,2383.58,2412.82,2376.63,2410.27,0
1722376800,2410.01,2450.92,2404.01,2447.6,0
1722463200,2447.93,2462.29,2430.35,2444.6,0
1722549600,2445.98,2477.66,2410.945,2442.08,0
1722808800,2442.08,2458.845,2364.435,2409.39,0
1722895200,2409.42,2418.33,2381.769,2389.1,0
1722981600,2389.98,2407.08,2379.15,2383.49,0
1723068000,2383.49,2427.65,2381.15,2426.5,0
1723154400,2426.85,2437.07,2417.03,2430.87,0
1723413600,2430.71,2473.22,2423.96,2471.93,0
1723500000,2470.115,2476.97,2458.63,2466.498,0
1723586400,2466.415,2479.94,2438.19,2447.4,0
1723672800,2446.958,2470.03,2432.28,2456.8,0
1723759200,2456.51,2509.72,2450.87,2506.844,0
1724018400,2507.48,2510.17,2485.76,2503.8,0
1724104800,2503.28,2531.67,2497.47,2513.6,0
1724191200,2512.968,2519.89,2494.182,2511.8,0
1724277600,2511.698,2514.66,2470.89,2481.7,0
1724364000,2484.19,2518.33,2484.19,2512.01,0
1724623200,2512.01,2526.82,2508.87,2517.68,0
1724709600,2518.34,2525.95,2503.67,2524.4,0
1724796000,2524.56,2529.02,2493.74,2503.858,0
1724882400,2503.858,2528.66,2503.74,2520.64,0
1724968800,2520.504,2526.86,2494.32,2502.98,0
1725228000,2499.098,2506.29,2473.5,2492.405,0
1725400800,2492.425,2500.28,2471.97,2494.725,0
1725487200,2494.855,2523.504,2493.66,2516.048,0
1725573600,2516.104,2529.16,2485.25,2497.09,0
1725832800,2496.75,2507.23,2485.68,2505.885,0
1725919200,2506.135,2518.48,2500.26,2515.978,0
1726005600,2516.25,2529.03,2501.05,2511.14,0
1726092000,2511.29,2560.12,2511.13,2558.6,0
1726178400,2558.364,2586.18,2556.85,2577.57,0
1726437600,2577.57,2589.68,2575.48,2582.22,0
1726524000,2581.994,2586.96,2560.881,2569.09,0
1726610400,2568.554,2600.14,2546.95,2558.83,0
1726696800,2558.424,2594.93,2551.229,2586.124,0
1726783200,2586.124,2625.77,2584.93,2621.79,0
1727042400,2621.79,2634.86,2613.94,2628.274,0
1727128800,2628.224,2664.34,2622.74,2657.074,0
1727215200,2657.074,2670.539,2649.782,2656.082,0
1727301600,2656.343,2685.579,2654.875,2672.033,0
1727388000,2671.353,2674.29,2643.25,2657.97,0
1727647200,2657.97,2665.99,2624.82,2634.25,0
1727733600,2633.954,2673.14,2632.45,2663.05,0
1727820000,2662.623,2663.379,2641.26,2658.013,0
1727906400,2658.013,2662.92,2638.152,2655.474,0
1727992800,2655.474,2670.14,2632.14,2653.27,0
1728252000,2653.05,2659.63,2637.88,2642.625,0
1728338400,2642.043,2653.04,2604.79,2620.565,0
1728424800,2620.894,2624.33,2605.32,2606.954,0
1728511200,2606.954,2631.51,2603.284,2629.62,0
1728597600,2629.414,2661.4,2628.26,2657.03,0
1728856800,2656.85,2666.87,2643.33,2648.68,0
1728943200,2647.443,2668.91,2638.24,2662.27,0
1729029600,2662.703,2685.41,2658.84,2673.7,0
1729116000,2674.373,2696.93,2673.33,2691.833,0
1729202400,2691.833,2722.54,2690.51,2721.12,0
1729461600,2720.098,2740.57,2714.31,2719.43,0
1729548000,2719.462,2748.85,2719.07,2748.65,0
1729634400,2747.833,2758.45,2708.82,2715.062,0
1729720800,2715.293,2743.27,2715.23,2735.94,0
1729807200,2735.053,2747.77,2717.14,2746.56,0
1730066400,2747.13,2747.13,2724.83,2741.88,0
1730152800,2741.673,2774.79,2739.99,2774.152,0
1730239200,2774.53,2790.03,2771.026,2787.042,0
1730325600,2787.21,2790.07,2731.66,2743.6,0
1730412000,2743.322,2762.23,2733.3,2735.8,0
1730674800,2735.91,2748.18,2730.55,2735.52,0
1730761200,2736.133,2749.96,2724.82,2743.694,0
1730847600,2743.72,2749.73,2652.53,2658.895,0
1730934000,2658.67,2710.61,2643.471,2705.995,0
1731020400,2705.84,2710.37,2680.42,2684.035,0
1731279600,2683.82,2686.16,2610.75,2619.375,0
1731366000,2618.97,2627.14,2589.8,2597.895,0
1731452400,2597.88,2618.84,2572.195,2572.195,0
1731538800,2572.43,2581.43,2536.89,2564.145,0
1731625200,2564.34,2576.06,2554.65,2562.715,0
1731884400,2562.81,2615.07,2562.74,2611.605,0
1731970800,2611.54,2639.44,2610.559,2632.105,0
1732057200,2631.603,2655.4,2618.98,2650.145,0
1732143600,2649.814,2673.54,2648.64,2669.37,0
1732230000,2668.993,2715.805,2668.24,2715.805,0
1732489200,2715.58,2721.41,2615.769,2624.645,0
1732575600,2624.64,2641.93,2605.39,2632.785,0
1732662000,2632.19,2658.2,2627.24,2635.785,0
1732748400,2637.74,2666.34,2634.13,2650.25,0
1733094000,2650.33,2656.14,2621.96,2638.555,0
1733180400,2638.64,2655.62,2634.21,2643.225,0
1733266800,2642.93,2657.16,2632.5,2649.325,0
1733353200,2649.014,2655.56,2623.65,2631.665,0
1733439600,2631.283,2645.69,2613.48,2632.664,0
1733698800,2645.414,2676.44,2627.62,2659.354,0
1733785200,2659.59,2695.57,2658.07,2693.514,0
1733871600,2693.63,2721.16,2675.89,2717.395,0
1733958000,2717.6,2726.13,2675.31,2680.595,0
1734044400,2680.46,2692.76,2646.24,2647.385,0
1734303600,2649.603,2664.37,2643.68,2652.7,0
1734390000,2652.7,2658.62,2633.18,2645.575,0
1734476400,2645.94,2651.71,2584.574,2584.574,0
1734562800,2584.63,2626.41,2583.21,2593.585,0
1734649200,2593.64,2631.869,2589.73,2622.435,0
1734908400,2622.47,2633.29,2608.27,2611.635,0
1734994800,2612.963,2621.42,2610.12,2616.539,0
1735167600,2619.21,2639.14,2614.43,2632.705,0
1735254000,2636.3,2638.31,2611.75,2621.348,0
1735513200,2620.5,2628.12,2596.19,2605.705,0
1735599600,2605.44,2627.53,2602.71,2624.16,0
1735772400,2623.82,2660.52,2621.88,2657.195,0
1735858800,2657.66,2665.33,2636.882,2638.41,0
1736118000,2638.41,2649.45,2614.8,2635.995,0
1736204400,2636.27,2664.37,2632.99,2648.185,0
1736290800,2648.5,2670.07,2645.4,2661.105,0
1736377200,2660.713,2678.51,2655.65,2669.525,0
1736463600,2670.983,2697.91,2664.12,2689.755,0
1736722800,2689.755,2693.37,2656.9,2662.475,0
1736809200,2662.703,2678.05,2659.96,2676.875,0
1736895600,2677.253,2697.42,2669.52,2695.719,0
1736982000,2696.26,2724.744,2690.1,2713.745,0
1737068400,2714.6,2717.4,2699.39,2702.12,0
1737327600,2706.102,2746.04,2702.77,2744.005,0
1737500400,2743.09,2763.39,2742.1,2755.755,0
1737586800,2752.782,2758.94,2735.97,2754.145,0
1737673200,2752.6,2785.98,2752.6,2770,0
1737932400,2770.07,2772.6,2730.64,2739.755,0
1738018800,2740.17,2765.04,2734.95,2763.005,0
1738105200,2762.22,2766.3,2744.94,2758.615,0
1738191600,2756.52,2798.55,2756.52,2793.465,0
1738278000,2795.27,2817.21,2791.17,2797.46,0
1738537200,2797.46,2830.57,2772.2,2814.13,0
1738623600,2814.13,2845.48,2807.35,2841.4,0
1738710000,2841.4,2882.39,2839.92,2866.235,0
1738796400,2866.4,2873.3,2834.3,2855.81,0
1738882800,2855.51,2886.83,2852.6,2860.09,0
1739142000,2860.09,2911.85,2854.67,2907.55,0
1739228400,2907.55,2942.71,2881.89,2897.23,0
1739314800,2896.571,2909.19,2864.263,2903.975,0
1739401200,2903.86,2929.54,2900.62,2927.305,0
1739487600,2929.22,2940.02,2877.09,2882.085,0
1739746800,2898.351,2936.97,2892.15,2935.53,0
1739919600,2935.53,2946.99,2918.71,2933.15,0
1740006000,2932.659,2954.944,2924.24,2938.995,0
1740092400,2938.359,2949.81,2916.89,2934.955,0
1740351600,2935.49,2956.15,2921.55,2952.725,0
1740438000,2952.28,2953.58,2888.42,2914.52,0
1740524400,2914.52,2930.106,2890.89,2916.025,0
1740610800,2916.03,2920.697,2867.922,2876.485,0
1740697200,2876.66,2885.13,2832.77,2856.998,0
1740956400,2857.09,2895.27,2855.849,2891.43,0
1741042800,2891.801,2927.76,2882.05,2916.625,0
1741129200,2917.4,2929.87,2894.42,2918.9,0
1741215600,2918.9,2926.6,2891.41,2910.99,0
1741302000,2911.951,2930.383,2896.94,2909.355,0
1741557600,2911.06,2918.32,2880.27,2888.37,0
1741644000,2888.341,2922.22,2880.4,2915.46,0
1741730400,2915.53,2940.5,2906.19,2933.9,0
1741816800,2933.84,2989.3,2933.03,2988.698,0
1741903200,2988.698,3004.94,2978.62,2984.02,0
1742162400,2984.48,3001.95,2982.36,3000.74,0
1742248800,3000.83,3038.31,2999.48,3034.34,0
1742335200,3033.599,3052.1,3023,3048.88,0
1742421600,3047.16,3057.51,3025.77,3044.41,0
1742508000,3043.49,3047.51,2999.54,3022.79,0
1742767200,3023.17,3033.32,3002.53,3011,0
1742853600,3011,3036.11,3007.64,3019.82,0
1742940000,3019.01,3032.09,3012.41,3019.08,0
1743026400,3018.339,3059.77,3017.76,3055.698,0
1743112800,3056.16,3086.9,3054.36,3084.33,0
1743372000,3084.98,3127.915,3076.98,3122.97,0
1743458400,3122.298,3149.03,3101.022,3113.397,0
1743544800,3113.398,3144.23,3105.04,3138.238,0
1743631200,3138.869,3167.74,3054.26,3114.28,0
1743717600,3113.998,3136.83,3015.88,3037.31,0
1743976800,3037.31,3055.7,2956.66,2980.8,0
1744063200,2981.57,3022.696,2974.854,2982.16,0
1744149600,2982.2,3099.72,2970.124,3082,0
1744236000,3081.92,3176.4,3071.59,3175.37,0
1744322400,3175.798,3245.45,3175.32,3236.68,0
1744581600,3238.07,3245.73,3193.67,3210.657,0
1744668000,3210.657,3233.75,3210.23,3229.53,0
1744754400,3229.53,3343.185,3229.53,3340.03,0
1744840800,3342.36,3357.92,3284.09,3326.83,0
1745186400,3333.33,3430.67,3329.117,3423.846,0
1745272800,3423.39,3500.12,3366.9,3379.37,0
1745359200,3354.243,3386.64,3260.283,3287.94,0
1745445600,3287.62,3367.533,3287.62,3348.836,0
1745532000,3349.516,3370.793,3265.34,3318.76,0
1745791200,3318.62,3353.04,3268.12,3343.875,0
1745877600,3343.817,3348.65,3299.72,3316.89,0
1745964000,3313,3328.03,3267.02,3288.57,0
1746050400,3288.57,3290.42,3202.033,3238.837,0
1746136800,3238,3269.27,3222.94,3240.61,0
1746396000,3240.61,3337.59,3237.63,3335.987,0
1746482400,3336.087,3437.026,3323.31,3437.026,0
1746568800,3436.335,3438.133,3360.26,3365.19,0
1746655200,3365.17,3414.706,3288.93,3304.067,0
1746741600,3304.067,3347.59,3274.927,3326.46,0
1747000800,3324.44,3326.46,3207.956,3236.048,0
1747087200,3236.048,3265.51,3216.06,3249.52,0
1747173600,3249.52,3257.08,3168.15,3176.58,0
1747260000,3177.46,3240.55,3120.985,3239.798,0
1747346400,3239.54,3252.05,3154.4,3201.78,0
1747605600,3202.82,3249.83,3202.82,3230.01,0
1747692000,3229.857,3295.72,3204.72,3290.267,0
1747778400,3290.02,3324.91,3285.606,3316.796,0
1747864800,3316.776,3345.4,3279.23,3294.667,0
1747951200,3294.42,3365.93,3287.23,3357.519,0
1748210400,3342.827,3350.03,3285.26,3300.617,0
1748383200,3300.567,3325.51,3276.922,3287.967,0
1748469600,3288.017,3331.11,3245.46,3317.19,0
1748556000,3317.917,3322.7,3271.76,3288.58,0
1748815200,3289.08,3382.89,3289.08,3382.716,0
1748901600,3381.666,3392.1,3333.21,3353.345,0
1748988000,3353.65,3384.72,3343.92,3374.25,0
1749074400,3374.25,3403.44,3339.53,3353.867,0
1749160800,3353.46,3375.64,3307.13,3309.25,0
1749420000,3309.47,3338.2,3293.69,3324.97,0
1749506400,3324.97,3349.17,3302.04,3322.72,0
1749592800,3322.907,3360.7,3315.71,3357.172,0
1749679200,3356.52,3398.98,3338.7,3385.716,0
1749765600,3385.666,3446.79,3379.79,3433.35,0
1750024800,3433,3452.5,3382.98,3384.666,0
1750111200,3385.426,3403.37,3366.29,3389.698,0
1750197600,3390.076,3400.04,3362.76,3370.316,0
1750284000,3368.405,3374.51,3340.47,3367.64,0
1750629600,3367.09,3398.35,3347.16,3367.05,0
1750716000,3367.82,3369.81,3295.54,3323.515,0
1750802400,3323.516,3337.11,3312.09,3333.276,0
1750888800,3333.617,3350.34,3310.02,3327.536,0
1750975200,3327.358,3328.22,3255.92,3273.43,0
1751234400,3273.46,3309.54,3246.63,3303.09,0
1751320800,3303.12,3358.02,3302.49,3338.86,0
1751407200,3338.067,3360.11,3327.72,3357.896,0
1751493600,3357.08,3365.7,3311.67,3325.42,0
1751580000,3336.9,3343.04,3296.49,3339.036,0
1751925600,3339.035,3345.78,3286.91,3301.827,0
1752012000,3301.557,3316.9,3282.88,3312.72,0
1752098400,3312.956,3330.32,3310.27,3323.61,0
1752184800,3323.61,3368.75,3322.03,3354.75,0
1752444000,3355.37,3374.96,3341.15,3342.56,0
1752530400,3342.56,3366.38,3320.34,3324.316,0
1752616800,3324.316,3377.48,3319.79,3347.667,0
1752703200,3347.41,3352.25,3309.86,3338.85,0
1752789600,3338.63,3361.27,3331.87,3349.53,0
1753048800,3349.88,3401.46,3338.037,3396.866,0
1753135200,3396.866,3433.49,3383.42,3431.766,0
1753221600,3431.866,3438.92,3381.65,3388.216,0
1753308000,3387.698,3393.42,3351.52,3368.08,0
1753394400,3368.098,3373.44,3325.06,3336.22,0
1753653600,3336.7,3345.35,3301.915,3313.696,0
1753740000,3313.696,3334.12,3308.2,3327.115,0
1753826400,3327.116,3334.08,3268.19,3275.817,0
1753912800,3276.467,3314.85,3274.097,3289.83,0
1753999200,3290.077,3363.57,3281.7,3362.64,0
1754258400,3362.09,3385.45,3345.223,3374.206,0
1754344800,3374.206,3390.46,3350,3380.31,0
1754431200,3380.31,3385.42,3358.24,3368.426,0
1754517600,3368.166,3401.908,3365.404,3400.056,0
1754604000,3399.986,3409.04,3374.59,3398.579,0
1754863200,3398.75,3405.21,3341.35,3342.307,0
1754949600,3342.187,3359.23,3331.16,3348.267,0
1755036000,3348.455,3370.77,3342.78,3356.667,0
1755122400,3356.667,3374.79,3329.92,3334.99,0
1755208800,3335.687,3348.73,3332.35,3335.28,0
1755468000,3335.28,3358.43,3323.7,3333.267,0
1755554400,3333.267,3345.35,3314.81,3315.51,0
1755640800,3315.407,3350.3,3311.62,3349.367,0
1755727200,3349.387,3352.12,3325.33,3338.4,0
1755813600,3339.327,3378.8,3321.53,3371.235,0
1756072800,3371.43,3376.29,3359.91,3365.316,0
1756159200,3365.316,3393.66,3351.41,3392.948,0
1756245600,3393.146,3398.82,3373.89,3398.616,0
1756332000,3398.506,3423.25,3384.74,3416.615,0
1756418400,3416.616,3454.06,3404.41,3446.805,0
1756677600,3477.415,3540.1,3470.31,3532.405,0
1756850400,3534.09,3578.375,3526.51,3559.914,0
1756936800,3561.9,3564.13,3511.477,3546.365,0
1757023200,3546.225,3600.18,3540.22,3586,0
1757282400,3586,3646.46,3578.02,3635.764,0
1757368800,3636.02,3674.78,3623.604,3623.604,0
1757455200,3622.05,3657.58,3619.04,3641.098,0
1757541600,3641.9,3649.13,3613.155,3633.464,0
1757628000,3633.464,3656.68,3630.63,3643.06,0
1757887200,3643.06,3685.524,3626.839,3678.91,0
1757973600,3679.963,3703.13,3674.83,3689.463,0
1758060000,3689.403,3707.47,3646.32,3658.89,0
1758146400,3658.463,3673.07,3627.85,3643.653,0
1758232800,3643.753,3685.77,3632.36,3684.65,0
1758492000,3684.65,3748.88,3683.98,3745.698,0
1758578400,3746.112,3791.08,3736.83,3765.052,0
1758664800,3765.072,3779.41,3717.57,3735.613,0
1758751200,3735.67,3761.602,3722.16,3748.88,0
1758837600,3748.071,3783.85,3734.636,3758.78,0
1759096800,3758.78,3834.12,3754.948,3832.662,0
1759183200,3832.951,3871.73,3793.28,3858.41,0
1759269600,3859.031,3895.33,3853.517,3865.1,0
1759356000,3865.1,3897,3819.32,3856.07,0
1759442400,3856.071,3891.64,3838.22,3885.66,0
1759701600,3885.66,3970.06,3884.17,3959.27,0
1759788000,3959.22,3991.07,3941.05,3984.34,0
1759874400,3984.46,4059.31,3983.052,4040.42,0
1759960800,4040.42,4058.01,3944.81,3974.53,0
1760047200,3974.29,4022.901,3947.25,4017.845,0
1760306400,4000.069,4117.02,3996.29,4110.428,0
1760392800,4110.42,4179.748,4090.53,4142.588,0
1760479200,4142.088,4218.13,4140.776,4208.867,0
1760565600,4208.867,4330.66,4199.78,4326.48,0
1760652000,4326.48,4380.79,4186.19,4250.93,0
1760911200,4250.93,4381.484,4219.11,4355.62,0
1760997600,4355.666,4375.49,4082.12,4123.968,1
1761084000,4123.868,4161.32,4004.407,4097.94,1
1761170400,4095.919,4154.79,4066.17,4127.459,1
1761256800,4126.459,4144.36,4043.75,4111.555,1
1761516000,4094.8,4109.08,3971.47,3981.84,1
1761602400,3983.45,4019.72,3886.72,3952.321,1
1761688800,3952.29,4030.23,3915.17,3928.77,1
1761775200,3931.67,4027.23,3915.62,4024.46,1
1761861600,4024.429,4046.252,3972.55,4002.69,1
1762124400,4002.69,4030.532,3962.466,4002.4,1
1762210800,4000.95,4005.94,3928.92,3932.02,1
1762297200,3931.63,3990.61,3929.66,3979.695,1
1762383600,3979.99,4019.57,3964.76,3976.525,1
1762470000,3977.03,4027.38,3974.81,4000.289,1
1762729200,4000.289,4115.9,3998.03,4115.595,1
1762815600,4115.35,4148.966,4096.93,4126.71,1
1762902000,4126.71,4211.656,4099.099,4194.675,1
1762988400,4195.02,4245.22,4145.52,4171.15,1
1763074800,4170.138,4211.31,4032.21,4082.159,1
1763334000,4084.65,4109.72,4006.99,4044.505,1
1763420400,4045.33,4082.41,3998.1,4066.605,1
1763506800,4067.27,4132.81,4055.65,4077.025,1
1763593200,4077.36,4110.227,4038.99,4076.099,1
1763679600,4076.59,4101.167,4022.41,4064.279,1
1763938800,4064.59,4139.993,4040.22,4134.719,1
1764025200,4134.23,4159.47,4109.72,4130.425,1
1764111600,4130.25,4173.34,4130.03,4162.565,1
1764198000,4157.748,4226.796,4147.982,4218.55,1
1764543600,4223.1,4264.56,4205.63,4230.439,1
1764630000,4231.47,4236,4163.87,4205.745,1
1764716400,4206.03,4241.73,4194.783,4202.42,1
1764802800,4202.42,4219.91,4175.06,4207.87,1
1764889200,4208.16,4259.6,4192.19,4197.405,1
1765148400,4198.23,4219.1,4176.32,4190.4,1
1765234800,4190.108,4221.4,4170.13,4207.069,1
1765321200,4206.79,4238.7,4182.24,4227.645,1
1765407600,4228.56,4285.98,4204.2,4279.21,1
1765494000,4280.457,4353.57,4257.32,4299.285,1
1765753200,4299.87,4350.42,4285.4,4304.76,1
1765839600,4305.11,4335.13,4271.64,4302.18,1
1765926000,4302.18,4349.5,4301.54,4338.83,1
1766012400,4338.83,4375.17,4308.81,4332.51,1
1766098800,4332.51,4356.59,4309.37,4338.669,1
1766358000,4338.36,4449.16,4338.28,4443.96,1
1766444400,4443.21,4499.89,4430.64,4485.34,1
1766530800,4483.98,4525.83,4448.38,4479.39,1
1766703600,4479.39,4549.96,4477.206,4532.41,1
1766962800,4532.41,4550.52,4302.853,4331.71,1
1767049200,4331.71,4404.41,4323.52,4338.34,1
1767135600,4338.34,4373.499,4274.12,4317.949,1
1767308400,4318.27,4402.354,4309.6,4331.575,1
1767567600,4331.575,4455.743,4331.575,4446.76,1
1767654000,4449.09,4497.32,4428.14,4495.01,1
1767740400,4495.01,4500.64,4423.663,4456.24,1
1767826800,4456.24,4479.64,4407.84,4477.83,1
1767913200,4478.83,4517.23,4452.99,4509.015,1
1768172400,4508.98,4630.24,4508.98,4597.939,1
1768258800,4597.2,4634.58,4569.85,4586,1
1768345200,4586,4643,4586,4626.82,1
1768431600,4626.82,4632.743,4581.35,4615.93,1
1768518000,4615.93,4621.15,4536.6,4595.515,1
1768777200,4670.24,4766.23,4659.74,4762.97,1
1768950000,4762.97,4888.43,4756.06,4832.97,1
1769036400,4831.25,4940.685,4772.635,4938.37,1
1769122800,4935.96,4989.943,4899.9,4988.17,1
1769382000,4988.17,5111.17,4988.17,5009.99,1
1769468400,5011.7,5190.4,5011.7,5180.35,1
1769554800,5178.8,5415.89,5157.501,5415.89,1
1769641200,5420.57,5598.75,5097.66,5379.35,1
1769727600,5384.71,5451.01,4682.908,4895.118,1
1769986800,4895.118,4895.118,4402.4,4659.342,1
1770073200,4669.08,4993.84,4666.61,4946.04,1
1770159600,4946.67,5091.95,4850.709,4964.195,1
1770246000,4965.98,5023.72,4759.89,4776.48,1
1770332400,4782.49,4971.39,4655.295,4967.27,1
1770591600,4983.54,5086.53,4965.43,5058.81,1
1770678000,5058.76,5078.67,4987.67,5023.88,1
1770764400,5026.17,5119.159,5018.78,5084.75,1
1770850800,5086.07,5100.21,4878.686,4921.109,1
1770937200,4923.07,5046.261,4886.69,5042.2,1
1771196400,4995.6,5000.85,4841.67,4878.98,1
1771369200,4876.64,5010.9,4854.298,4976.01,1
1771455600,4975.98,5022.28,4960.23,5001.18,1
1771542000,5001.18,5108.36,4981.87,5108.36,1
1771801200,5108.14,5237.84,5099.51,5225.66,1
1771887600,5226.635,5249.872,5093.4,5142.43,1
1771974000,5143.03,5217.7,5121.15,5164.31,1
1772060400,5160.5,5205.472,5130.53,5181.1,1
1772146800,5181.1,5279.098,5167.142,5278.607,1
1772406000,5281.53,5419.32,5260.56,5321.92,1
1772492400,5323.15,5379.867,4996.36,5088.52,1
1772578800,5101.22,5206.138,5083.91,5140.94,1
1772665200,5134.86,5194.953,5051.15,5084.63,1
1772751600,5086.76,5174.651,5062.7,5171.798,1
1773007200,5180.27,5197.868,5014.8,5139.57,1
1773093600,5139.49,5238.623,5117.71,5190.61,1
1773180000,5187.03,5223.22,5149.322,5176.27,1
1773266400,5176.15,5191.77,5055.15,5077.94,1
1773352800,5080.27,5128.43,5009.84,5018.098,1
1773612000,5004.25,5038.112,4967.63,5007.42,1
1773698400,5007.38,5044.53,4973.72,5006.63,1
1773784800,5005.96,5016.41,4807.1,4818.77,1
1773871200,4828.6,4867.186,4502.836,4654.23,1
1773957600,4654.21,4736.48,4477.45,4491.67,1
1774216800,4468.254,4536.37,4098.742,4407.35,1
1774303200,4417.14,4484.24,4305.946,4469.88,1
1774389600,4470.18,4602.631,4456.092,4505.31,1
1774476000,4525.85,4544.42,4351.29,4381.91,1
1774562400,4377.86,4555.51,4370.61,4493.118,1
1774821600,4497.74,4580.78,4418.17,4513,1
1774908000,4512.984,4687.34,4482.796,4671.792,1
1774994400,4674.4,4793.135,4661.91,4758.67,1
1775080800,4758.5,4800.46,4553.837,4676.86,1
1775426400,4648.41,4706.75,4600.737,4649.31,1
1775512800,4658.85,4718.742,4607.52,4701.4,1
1775599200,4721.83,4857.55,4699.56,4719.45,1
1775685600,4719.9,4801.25,4698.45,4769.35,1
1775772000,4769.35,4795.1,4730.812,4746.898,1
1776031200,4683.18,4750.14,4639.32,4744.6,1
1776117600,4744.48,4846.35,4742.5,4840.661,1
1776204000,4840.701,4871.52,4786.54,4790.711,1
1776290400,4790.422,4838.41,4772.48,4787.431,1
1776376800,4791.488,4890.967,4767.85,4837.49,1
1776636000,4792.17,4827.63,4737.33,4822.8,1
1776722400,4814.634,4833.231,4668.62,4719.7,1
1776808800,4720.792,4772.307,4715.79,4744.37,1
1776895200,4745.73,4753.819,4664.31,4704.46,1
1776981600,4703.05,4740.32,4657.87,4708.62,1