time,open,high,low,close,Volume,MA,MA,EMA,ATR,ATR
-3121407564,4.5,4.5,4.5,4.5,NaN,NaN,NaN,NaN,NaN,NaN
-3118988364,4.61,4.61,4.61,4.61,NaN,NaN,NaN,NaN,NaN,NaN
-3113717964,4.86,4.86,4.86,4.86,NaN,NaN,NaN,NaN,NaN,NaN
-3111039564,4.82,4.82,4.82,4.82,NaN,NaN,NaN,NaN,NaN,NaN
-3105769164,4.79,4.79,4.79,4.79,NaN,NaN,NaN,NaN,NaN,NaN
-3103090764,4.84,4.84,4.84,4.84,NaN,NaN,NaN,NaN,NaN,NaN
-3097820364,4.64,4.64,4.64,4.64,NaN,NaN,NaN,NaN,NaN,NaN
-3095228364,4.74,4.74,4.74,4.74,NaN,NaN,NaN,NaN,NaN,NaN
-3092549964,4.86,4.86,4.86,4.86,NaN,NaN,NaN,4.74,NaN,NaN
-3089871564,4.88,4.88,4.88,4.88,NaN,NaN,NaN,4.768,NaN,NaN
-3087365964,5.04,5.04,5.04,5.04,NaN,NaN,NaN,4.8224,NaN,NaN
-3084687564,5.18,5.18,5.18,5.18,NaN,NaN,NaN,4.89392,NaN,NaN
-3082095564,5.18,5.18,5.18,5.18,NaN,NaN,NaN,4.951136,NaN,NaN
-3076825164,5.1,5.1,5.1,5.1,NaN,NaN,NaN,4.9809088,NaN,NaN
-3074146764,5.04,5.04,5.04,5.04,NaN,NaN,NaN,4.99272704,NaN,NaN
-3068876364,4.97,4.97,4.97,4.97,NaN,NaN,NaN,4.988181632,NaN,NaN
-3066197964,4.95,4.95,4.95,4.95,NaN,NaN,NaN,4.9805453056,NaN,NaN
-3060927564,5.11,5.11,5.11,5.11,NaN,NaN,NaN,5.00643624448,NaN,NaN
-3053151564,5.04,5.04,5.04,5.04,NaN,NaN,NaN,5.013148995583999,NaN,NaN
-3050559564,5.05,5.05,5.05,5.05,NaN,NaN,NaN,5.020519196467199,0.08450000000000002,NaN
-3045289164,4.97,4.97,4.97,4.97,NaN,NaN,NaN,5.010415357173759,0.08850000000000002,NaN
-3042610764,4.97,4.97,4.97,4.97,NaN,NaN,NaN,5.002332285739008,0.083,NaN
-3039932364,4.59,4.59,4.59,4.59,NaN,NaN,NaN,4.919865828591206,0.0895,NaN
-3037340364,4.19,4.19,4.19,4.19,NaN,NaN,NaN,4.7738926628729645,0.10749999999999997,NaN
-3032069964,4.42,4.42,4.42,4.42,NaN,NaN,NaN,4.703114130298371,0.11749999999999994,NaN
-3029391564,4.66,4.66,4.66,4.66,NaN,NaN,NaN,4.6944913042386975,0.12699999999999995,NaN
-3021615564,4.6,4.6,4.6,4.6,NaN,NaN,NaN,4.675593043390958,0.11999999999999997,NaN
-3019023564,4.48,4.48,4.48,4.48,NaN,NaN,NaN,4.636474434712766,0.12099999999999991,NaN
-3016345164,4.46,4.46,4.46,4.46,NaN,NaN,NaN,4.601179547770212,0.11599999999999992,NaN
-3013753164,4.46,4.46,4.46,4.46,NaN,NaN,NaN,4.57294363821617,0.11499999999999995,NaN
-3008396364,4.54,4.54,4.54,4.54,NaN,NaN,NaN,4.566354910572936,0.11099999999999995,NaN
-3005804364,4.53,4.53,4.53,4.53,NaN,NaN,NaN,4.559083928458349,0.10449999999999995,NaN
-3000533964,4.54,4.54,4.54,4.54,NaN,NaN,NaN,4.555267142766679,0.10499999999999994,NaN
-2997855564,4.54,4.54,4.54,4.54,NaN,NaN,NaN,4.552213714213344,0.10099999999999994,NaN
-2995177164,4.53,4.53,4.53,4.53,NaN,NaN,NaN,4.547770971370675,0.09849999999999995,NaN
-2992757964,4.59,4.59,4.59,4.59,NaN,NaN,NaN,4.55621677709654,0.0979999999999999,NaN
-2990079564,4.65,4.65,4.65,4.65,NaN,NaN,NaN,4.574973421677232,0.09999999999999995,NaN
-2984809164,4.38,4.38,4.38,4.38,NaN,NaN,NaN,4.535978737341785,0.10549999999999997,NaN
-2982217164,4.39,4.39,4.39,4.39,NaN,NaN,NaN,4.506782989873428,0.10249999999999995,NaN
-2976860364,4.37,4.37,4.37,4.37,NaN,NaN,NaN,4.479426391898742,0.10299999999999994,NaN
-2974268364,4.3,4.3,4.3,4.3,NaN,NaN,NaN,4.443541113518994,0.10249999999999995,NaN
-2971589964,4.37,4.37,4.37,4.37,NaN,NaN,NaN,4.428832890815195,0.10599999999999996,NaN
-2968997964,4.37,4.37,4.37,4.37,NaN,NaN,NaN,4.417066312652156,0.08699999999999997,NaN
-2963641164,4.52,4.52,4.52,4.52,NaN,NaN,NaN,4.437653050121725,0.07449999999999997,NaN
-2961135564,4.51,4.51,4.51,4.51,NaN,NaN,NaN,4.45212244009738,0.06349999999999997,NaN
-2955865164,4.18,4.18,4.18,4.18,NaN,NaN,NaN,4.397697952077904,0.06799999999999998,NaN
-2953186764,4.15,4.15,4.15,4.15,NaN,NaN,NaN,4.348158361662323,0.06649999999999992,NaN
-2947916364,3.93,3.93,3.93,3.93,NaN,NaN,NaN,4.264526689329858,0.07149999999999997,NaN
-2945237964,3.69,3.69,3.69,3.69,NaN,NaN,NaN,4.149621351463886,0.08249999999999995,NaN
-2939967564,3.6,3.6,3.6,3.6,NaN,NaN,NaN,4.039697081171109,0.08699999999999994,0.09919999999999998
-2937375564,3.58,3.58,3.58,3.58,NaN,NaN,NaN,3.9477576649368875,0.08399999999999994,0.09959999999999997
-2934697164,3.55,3.55,3.55,3.55,NaN,NaN,NaN,3.86820613194951,0.08499999999999996,0.09799999999999998
-2932018764,3.34,3.34,3.34,3.34,NaN,NaN,NaN,3.762564905559608,0.09499999999999997,0.09719999999999997
-2929599564,3.17,3.17,3.17,3.17,NaN,NaN,NaN,3.6440519244476866,0.10349999999999997,0.09979999999999997
-2924329164,2.94,2.94,2.94,2.94,NaN,NaN,NaN,3.5032415395581493,0.11449999999999998,0.10379999999999995
-2921650764,2.73,2.73,2.73,2.73,NaN,NaN,NaN,3.3485932316465195,0.122,0.10699999999999996
-2916380364,3.05,3.05,3.05,3.05,NaN,NaN,NaN,3.2888745853172154,0.13499999999999995,0.10939999999999996
-2911109964,3.31,3.31,3.31,3.31,NaN,NaN,NaN,3.2930996682537725,0.13449999999999995,0.11259999999999995
-2908431564,3.26,3.26,3.26,3.26,NaN,NaN,NaN,3.286479734603018,0.13649999999999998,0.11119999999999995
-2903161164,3.25,3.25,3.25,3.25,NaN,NaN,NaN,3.279183787682414,0.13599999999999998,0.11099999999999996
-2900482764,3.18,3.18,3.18,3.18,NaN,NaN,NaN,3.2593470301459315,0.13599999999999995,0.10919999999999995
-2898063564,3.24,3.24,3.24,3.24,NaN,NaN,NaN,3.2554776241167453,0.13549999999999995,0.10759999999999996
-2895385164,3.33,3.33,3.33,3.33,NaN,NaN,NaN,3.2703820992933963,0.13999999999999996,0.10939999999999996
-2892793164,3.34,3.34,3.34,3.34,NaN,NaN,NaN,3.284305679434717,0.13299999999999995,0.10799999999999996
-2887522764,3.48,3.48,3.48,3.48,NaN,NaN,NaN,3.3234445435477737,0.13949999999999999,0.10959999999999998
-2884844364,3.45,3.45,3.45,3.45,NaN,NaN,NaN,3.348755634838219,0.12449999999999997,0.10879999999999995
-2879573964,3.48,3.48,3.48,3.48,NaN,NaN,NaN,3.375004507870575,0.12449999999999999,0.10899999999999994
-2876895564,3.47,3.47,3.47,3.47,NaN,NaN,NaN,3.3940036062964603,0.11399999999999996,0.10599999999999994
-2871625164,3.58,3.58,3.58,3.58,NaN,NaN,NaN,3.4312028850371683,0.10749999999999996,0.10679999999999995
-2863849164,3.77,3.77,3.77,3.77,NaN,NaN,NaN,3.4989623080297347,0.11249999999999996,0.11039999999999996
-2861257164,3.94,3.94,3.94,3.94,NaN,NaN,NaN,3.5871698464237878,0.11999999999999995,0.11219999999999995
-2855986764,4.04,4.04,4.04,4.04,NaN,NaN,NaN,3.67773587713903,0.12349999999999994,0.11419999999999994
-2853308364,4.07,4.07,4.07,4.07,NaN,NaN,NaN,3.756188701711224,0.11449999999999996,0.10719999999999995
-2850629964,4.22,4.22,4.22,4.22,NaN,NaN,NaN,3.8489509613689794,0.11349999999999993,0.10219999999999996
-2848037964,4.68,4.68,4.68,4.68,NaN,NaN,NaN,4.015160769095184,0.12499999999999993,0.10679999999999996
-2842767564,4.92,4.92,4.92,4.92,NaN,NaN,NaN,4.196128615276147,0.12649999999999995,0.10679999999999996
-2840089164,5.11,5.11,5.11,5.11,NaN,NaN,NaN,4.378902892220918,0.11999999999999997,0.10939999999999996
-2834905164,5.3,5.3,5.3,5.3,NaN,NaN,NaN,4.563122313776734,0.11649999999999994,0.11079999999999997
-2832226764,5.18,5.18,5.18,5.18,NaN,NaN,NaN,4.686497851021388,0.11999999999999993,0.11279999999999996
-2826956364,4.79,4.79,4.79,4.79,NaN,NaN,NaN,4.70719828081711,0.13899999999999993,0.12059999999999996
-2824364364,5.01,5.01,5.01,5.01,NaN,NaN,NaN,4.767758624653688,0.1464999999999999,0.12339999999999994
-2819007564,5.18,5.18,5.18,5.18,NaN,NaN,NaN,4.85020689972295,0.1519999999999999,0.12659999999999993
-2816415564,5.33,5.33,5.33,5.33,NaN,NaN,NaN,4.9461655197783605,0.15499999999999994,0.12939999999999996
-2813737164,5.61,5.61,5.61,5.61,NaN,NaN,NaN,5.078932415822688,0.16849999999999996,0.13499999999999995
-2811145164,5.84,5.84,5.84,5.84,NaN,NaN,NaN,5.23114593265815,0.17299999999999993,0.13939999999999997
-2805788364,6.17,6.17,6.17,6.17,NaN,NaN,NaN,5.41891674612652,0.18799999999999994,0.14479999999999996
-2803369164,6.24,6.24,6.24,6.24,NaN,NaN,NaN,5.583133396901216,0.18999999999999997,0.14499999999999996
-2800690764,6.22,6.22,6.22,6.22,NaN,NaN,NaN,5.710506717520973,0.1905,0.13999999999999996
-2795420364,6.58,6.58,6.58,6.58,NaN,NaN,NaN,5.8844053740167785,0.203,0.14699999999999996
-2792828364,6.35,6.35,6.35,6.35,NaN,NaN,NaN,5.977524299213423,0.20500000000000007,0.1512
-2790149964,6.2,6.2,6.2,6.2,NaN,NaN,NaN,6.022019439370738,0.20400000000000001,0.15279999999999996
-2787471564,6.25,6.25,6.25,6.25,NaN,NaN,NaN,6.067615551496591,0.2015,0.15239999999999998
-2782201164,6.19,6.19,6.19,6.19,NaN,NaN,NaN,6.092092441197273,0.20299999999999999,0.15359999999999996
-2779609164,6.01,6.01,6.01,6.01,NaN,NaN,NaN,6.075673952957818,0.20450000000000004,0.15419999999999998
-2774252364,5.79,5.79,5.79,5.79,NaN,NaN,NaN,6.018539162366254,0.19250000000000003,0.15839999999999999
-2771833164,5.78,5.78,5.78,5.78,NaN,NaN,NaN,5.970831329893003,0.181,0.15199999999999997
-2766562764,5.71,5.71,5.71,5.71,NaN,NaN,NaN,5.9186650639144025,0.175,0.1528
-2763884364,5.68,5.68,5.68,5.68,NaN,NaN,NaN,5.870932051131522,0.16700000000000004,0.149
-2758613964,6.18,6.18,6.18,6.18,NaN,NaN,NaN,5.9327456409052175,0.18600000000000003,0.1542
-2755935564,6.24,6.24,6.24,6.24,NaN,NaN,NaN,5.994196512724174,0.16950000000000007,0.15360000000000004
-2750665164,5.81,5.81,5.81,5.81,NaN,NaN,NaN,5.957357210179339,0.1800000000000001,0.16180000000000003
-2748073164,5.84,5.84,5.84,5.84,NaN,NaN,NaN,5.933885768143471,0.17300000000000013,0.16180000000000003
-2745394764,5.81,5.81,5.81,5.81,NaN,NaN,NaN,5.909108614514777,0.16700000000000012,0.15820000000000004
-2742716364,5.68,5.68,5.68,5.68,NaN,NaN,NaN,5.863286891611821,0.15950000000000011,0.15740000000000007
-2740297164,5.75,5.75,5.75,5.75,NaN,NaN,NaN,5.840629513289457,0.15150000000000013,0.15420000000000006
-2735026764,5.77,5.77,5.77,5.77,NaN,NaN,NaN,5.8265036106315655,0.13600000000000012,0.15040000000000006
-2732348364,5.82,5.82,5.82,5.82,NaN,NaN,NaN,5.8252028885052525,0.13500000000000015,0.14500000000000007
-2727077964,5.47,5.47,5.47,5.47,NaN,NaN,NaN,5.754162310804202,0.15150000000000013,0.1468000000000001
-2721807564,5.38,5.38,5.38,5.38,NaN,NaN,NaN,5.679329848643362,0.13800000000000012,0.1476000000000001
-2719129164,5.46,5.46,5.46,5.46,NaN,NaN,NaN,5.635463878914689,0.13050000000000012,0.1490000000000001
-2713858200,5.18,5.18,5.18,5.18,NaN,NaN,NaN,5.544371103131751,0.13700000000000015,0.1532000000000001
-2711179800,5.32,5.32,5.32,5.32,NaN,NaN,NaN,5.499496882505401,0.14150000000000018,0.1548000000000001
-2705995800,5.06,5.06,5.06,5.06,NaN,NaN,NaN,5.411597506004321,0.15150000000000025,0.15820000000000015
-2703403800,4.65,4.65,4.65,4.65,NaN,NaN,NaN,5.259278004803456,0.16300000000000017,0.16620000000000013
-2698133400,4.46,4.46,4.46,4.46,NaN,NaN,NaN,5.099422403842765,0.1615000000000002,0.16720000000000013
-2695455000,4.74,4.74,4.74,4.74,NaN,NaN,NaN,5.027537923074212,0.1750000000000002,0.17220000000000013
-2692776600,4.59,4.59,4.59,4.59,NaN,NaN,NaN,4.94003033845937,0.17900000000000021,0.17460000000000014
-2690184600,4.44,4.44,4.44,4.44,NaN,NaN,NaN,4.840024270767496,0.1850000000000002,0.17740000000000017
-2684914200,4.34,4.34,4.34,4.34,NaN,NaN,NaN,4.740019416613997,0.1650000000000002,0.17720000000000014
-2682235800,4.24,4.24,4.24,4.24,NaN,NaN,NaN,4.640015533291198,0.16700000000000018,0.17540000000000014
-2674459800,4.37,4.37,4.37,4.37,NaN,NaN,NaN,4.5860124266329585,0.15200000000000014,0.17460000000000014
-2671867800,4.32,4.32,4.32,4.32,NaN,NaN,NaN,4.5328099413063665,0.1530000000000001,0.17360000000000014
-2669189400,4.3,4.3,4.3,4.3,NaN,NaN,NaN,4.486247953045093,0.15250000000000014,0.17340000000000017
-2666597400,4.46,4.46,4.46,4.46,NaN,NaN,NaN,4.4809983624360745,0.15400000000000014,0.17360000000000017
-2661240600,4.65,4.65,4.65,4.65,NaN,NaN,NaN,4.51479868994886,0.16000000000000014,0.16820000000000018
-2658648600,4.92,4.92,4.92,4.92,NaN,NaN,NaN,4.595838951959088,0.17250000000000015,0.16880000000000017
-2653378200,5.2,5.2,5.2,5.2,NaN,NaN,NaN,4.7166711615672705,0.1840000000000001,0.17060000000000017
-2650699800,5.2,5.2,5.2,5.2,NaN,NaN,NaN,4.813336929253817,0.1665000000000001,0.16680000000000017
-2648021400,5.3,5.3,5.3,5.3,NaN,NaN,NaN,4.910669543403054,0.1670000000000001,0.16640000000000016
-2645602200,5.19,5.19,5.19,5.19,NaN,NaN,NaN,4.966535634722443,0.16850000000000004,0.16080000000000017
-2642923800,5.12,5.12,5.12,5.12,NaN,NaN,NaN,4.997228507777955,0.15800000000000006,0.15780000000000016
-2637653400,5.25,5.25,5.25,5.25,NaN,NaN,NaN,5.047782806222363,0.15750000000000003,0.15700000000000017
-2635061400,5.33,5.33,5.33,5.33,NaN,NaN,NaN,5.104226244977891,0.1485,0.15560000000000015
-2629704600,5.51,5.51,5.51,5.51,NaN,NaN,NaN,5.185380995982313,0.137,0.15360000000000015
-2627112600,5.65,5.65,5.65,5.65,NaN,NaN,NaN,5.27830479678585,0.1345,0.15180000000000018
-2624434200,5.79,5.79,5.79,5.79,NaN,NaN,NaN,5.38064383742868,0.1275,0.14800000000000016
-2621842200,5.64,5.64,5.64,5.64,NaN,NaN,NaN,5.432515069942944,0.1275,0.14960000000000018
-2616485400,5.54,5.54,5.54,5.54,NaN,NaN,NaN,5.4540120559543555,0.125,0.15120000000000014
-2614066200,5.67,5.67,5.67,5.67,NaN,NaN,NaN,5.497209644763484,0.12649999999999997,0.14660000000000015
-2611387800,5.8,5.8,5.8,5.8,NaN,NaN,NaN,5.557767715810788,0.12799999999999997,0.14460000000000015
-2606117400,5.73,5.73,5.73,5.73,NaN,NaN,NaN,5.59221417264863,0.12499999999999996,0.14300000000000013
-2603525400,5.59,5.59,5.59,5.59,NaN,NaN,NaN,5.591771338118904,0.1295,0.14480000000000015
-2600847000,5.45,5.45,5.45,5.45,NaN,NaN,NaN,5.563417070495123,0.13549999999999995,0.14640000000000014
-2598168600,5.38,5.38,5.38,5.38,NaN,NaN,NaN,5.5267336563960985,0.13099999999999995,0.14420000000000013
-2592898200,5.3,5.3,5.3,5.3,NaN,NaN,NaN,5.481386925116879,0.12549999999999994,0.14140000000000014
-2590306200,5.27,5.27,5.27,5.27,NaN,NaN,NaN,5.439109540093503,0.11349999999999998,0.14180000000000015
-2584949400,5.28,5.28,5.28,5.28,NaN,NaN,NaN,5.4072876320748025,0.1,0.14060000000000017
-2582443800,5.08,5.08,5.08,5.08,NaN,NaN,NaN,5.341830105659842,0.11000000000000001,0.14400000000000016
-2577173400,5.17,5.17,5.17,5.17,NaN,NaN,NaN,5.307464084527873,0.10950000000000001,0.13580000000000017
-2574495000,5.01,5.01,5.01,5.01,NaN,NaN,NaN,5.247971267622298,0.11200000000000006,0.13780000000000017
-2569224600,5.25,5.25,5.25,5.25,NaN,NaN,NaN,5.248377014097839,0.12050000000000005,0.13400000000000017
-2563954200,5.35,5.35,5.35,5.35,NaN,NaN,NaN,5.268701611278271,0.11900000000000004,0.13540000000000016
-2561275800,5.24,5.24,5.24,5.24,NaN,NaN,NaN,5.262961289022616,0.12050000000000001,0.13700000000000018
-2556005400,5.24,5.24,5.24,5.24,NaN,NaN,NaN,5.258369031218093,0.11150000000000002,0.13440000000000016
-2553327000,5.3,5.3,5.3,5.3,NaN,NaN,NaN,5.266695224974474,0.10749999999999997,0.13420000000000015
-2550907800,5.19,5.19,5.19,5.19,NaN,NaN,NaN,5.251356179979579,0.10599999999999996,0.13600000000000015
-2548229400,5.18,5.18,5.18,5.18,NaN,NaN,NaN,5.237084943983663,0.09899999999999998,0.13520000000000013
-2545637400,5.32,5.32,5.32,5.32,NaN,NaN,NaN,5.2536679551869305,0.10100000000000002,0.13100000000000014
-2540367000,5.3,5.3,5.3,5.3,NaN,NaN,NaN,5.262934364149545,0.09550000000000006,0.12960000000000016
-2537688600,5.37,5.37,5.37,5.37,NaN,NaN,NaN,5.284347491319636,0.09250000000000007,0.12940000000000015
-2532418200,5.4,5.4,5.4,5.4,NaN,NaN,NaN,5.307477993055709,0.09050000000000011,0.12440000000000015
-2529739800,5.35,5.35,5.35,5.35,NaN,NaN,NaN,5.315982394444568,0.08600000000000012,0.12260000000000014
-2524469400,5.38,5.38,5.38,5.38,NaN,NaN,NaN,5.328785915555654,0.08050000000000015,0.11800000000000012
-2516693400,5.39,5.39,5.39,5.39,NaN,NaN,NaN,5.341028732444523,0.07750000000000012,0.11000000000000014
-2514101400,5.62,5.62,5.62,5.62,NaN,NaN,NaN,5.396822985955619,0.08500000000000014,0.11080000000000012
-2508831000,5.54,5.54,5.54,5.54,NaN,NaN,NaN,5.425458388764495,0.08750000000000013,0.10680000000000012
-2506152600,5.41,5.41,5.41,5.41,NaN,NaN,NaN,5.4223667110115965,0.0935000000000001,0.1064000000000001
-2503474200,5.32,5.32,5.32,5.32,NaN,NaN,NaN,5.401893368809278,0.08800000000000008,0.1052000000000001
-2500882200,5.08,5.08,5.08,5.08,NaN,NaN,NaN,5.337514695047422,0.0955000000000001,0.10800000000000011
-2495611800,4.6,4.6,4.6,4.6,NaN,NaN,NaN,5.190011756037937,0.11150000000000011,0.1156000000000001
-2492933400,4.84,4.84,4.84,4.84,NaN,NaN,NaN,5.12000940483035,0.11150000000000011,0.11780000000000014
-2485157400,4.97,4.97,4.97,4.97,NaN,NaN,NaN,5.09000752386428,0.11300000000000013,0.11940000000000013
-2482565400,4.95,4.95,4.95,4.95,NaN,NaN,NaN,5.062006019091424,0.10850000000000012,0.11940000000000012
-2479887000,4.85,4.85,4.85,4.85,NaN,NaN,NaN,5.019604815273139,0.11350000000000016,0.11820000000000012
-2477295000,4.77,4.77,4.77,4.77,NaN,NaN,NaN,4.969683852218511,0.11450000000000018,0.11600000000000014
-2471938200,5.33,5.33,5.33,5.33,NaN,NaN,NaN,5.041747081774808,0.13700000000000023,0.12180000000000016
-2469346200,5.33,5.33,5.33,5.33,NaN,NaN,NaN,5.099397665419847,0.1365000000000002,0.11620000000000014
-2464075800,5.41,5.41,5.41,5.41,NaN,NaN,NaN,5.161518132335877,0.13350000000000017,0.11780000000000014
-2461397400,5.51,5.51,5.51,5.51,NaN,NaN,NaN,5.231214505868702,0.13750000000000012,0.11780000000000015
-2458719000,5.52,5.52,5.52,5.52,NaN,NaN,NaN,5.288971604694962,0.13450000000000012,0.11580000000000017
-2456213400,5.58,5.58,5.58,5.58,NaN,NaN,NaN,5.347177283755969,0.13600000000000012,0.11560000000000016
-2453535000,5.57,5.57,5.57,5.57,NaN,NaN,NaN,5.3917418270047754,0.13400000000000006,0.11320000000000016
-2448264600,5.54,5.54,5.54,5.54,NaN,NaN,NaN,5.42139346160382,0.13400000000000006,0.11220000000000016
-2445672600,5.54,5.54,5.54,5.54,NaN,NaN,NaN,5.445114769283056,0.1335000000000001,0.10860000000000017
-2442994200,5.62,5.62,5.62,5.62,NaN,NaN,NaN,5.480091815426445,0.12600000000000006,0.10740000000000016
-2440315800,5.48,5.48,5.48,5.48,NaN,NaN,NaN,5.4800734523411565,0.12900000000000006,0.10740000000000016
-2435045400,5.57,5.57,5.57,5.57,NaN,NaN,NaN,5.498058761872925,0.12700000000000006,0.10620000000000016
-2432453400,5.51,5.51,5.51,5.51,NaN,NaN,NaN,5.50044700949834,0.12550000000000008,0.10540000000000017
-2427096600,5.51,5.51,5.51,5.51,NaN,NaN,NaN,5.502357607598672,0.11350000000000007,0.10280000000000017
-2424677400,5.31,5.31,5.31,5.31,NaN,NaN,NaN,5.463886086078937,0.09950000000000006,0.10420000000000018
-2419407000,4.84,4.84,4.84,4.84,NaN,NaN,NaN,5.33910886886315,0.11100000000000003,0.11220000000000019
-2416728600,4.61,4.61,4.61,4.61,NaN,NaN,NaN,5.19328709509052,0.11600000000000002,0.11400000000000016
-2411458200,4.08,4.08,4.08,4.08,NaN,NaN,NaN,4.9706296760724165,0.14150000000000004,0.12180000000000017
-2408779800,4.37,4.37,4.37,4.37,NaN,NaN,NaN,4.850503740857933,0.15100000000000002,0.12620000000000017
-2403509400,4.57,4.57,4.57,4.57,NaN,NaN,NaN,4.794402992686346,0.15700000000000003,0.12860000000000016
-2400917400,4.41,4.41,4.41,4.41,NaN,NaN,NaN,4.717522394149077,0.137,0.13120000000000018
-2398239000,4.32,4.32,4.32,4.32,NaN,NaN,NaN,4.638017915319262,0.14150000000000001,0.13280000000000014
-2395560600,4.38,4.38,4.38,4.38,NaN,NaN,NaN,4.586414332255409,0.14049999999999999,0.13000000000000014
-2393141400,4.51,4.51,4.51,4.51,NaN,NaN,NaN,4.571131465804328,0.142,0.13080000000000014
-2387871000,4.4,4.4,4.4,4.4,NaN,NaN,4.8965,4.536905172643462,0.14699999999999996,0.12980000000000014
-2385192600,4.34,4.34,4.34,4.34,NaN,NaN,4.8957,4.49752413811477,0.14699999999999996,0.12620000000000012
-2379922200,4.41,4.41,4.41,4.41,NaN,NaN,4.8947,4.480019310491816,0.15,0.12560000000000013
-2374651800,4.34,4.34,4.34,4.34,NaN,NaN,4.8921,4.452015448393452,0.152,0.12480000000000016
-2371973400,4.34,4.34,4.34,4.34,NaN,NaN,4.8896999999999995,4.4296123587147616,0.152,0.12480000000000016
-2366703000,4.25,4.25,4.25,4.25,NaN,NaN,4.887,4.393689886971809,0.1525,0.12540000000000018
-2364024600,4.19,4.19,4.19,4.19,NaN,NaN,4.88375,4.352951909577447,0.1485,0.12440000000000019
-2361605400,4.19,4.19,4.19,4.19,NaN,NaN,4.8815,4.320361527661958,0.144,0.12420000000000016
-2358927000,4.37,4.37,4.37,4.37,NaN,NaN,4.87965,4.330289222129566,0.14999999999999997,0.12500000000000014
-2356335000,4.61,4.61,4.61,4.61,NaN,NaN,4.8784,4.386231377703653,0.16199999999999998,0.12940000000000015
-2351064600,4.72,4.72,4.72,4.72,NaN,NaN,4.8776,4.4529851021629225,0.15749999999999992,0.13020000000000015
-2348386200,4.79,4.79,4.79,4.79,NaN,NaN,4.8763499999999995,4.520388081730338,0.13749999999999996,0.13100000000000012
-2343115800,4.75,4.75,4.75,4.75,NaN,NaN,4.8742,4.56631046538427,0.12799999999999997,0.1308000000000001
-2340437400,4.59,4.59,4.59,4.59,NaN,NaN,4.87125,4.571048372307416,0.10949999999999997,0.1334000000000001
-2335167000,4.27,4.27,4.27,4.27,NaN,NaN,4.8671,4.510838697845933,0.11099999999999999,0.1396000000000001
-2327304600,4.42,4.42,4.42,4.42,NaN,NaN,4.864,4.492670958276746,0.1085,0.13800000000000012
-2324712600,4.4,4.4,4.4,4.4,NaN,NaN,4.86115,4.474136766621397,0.10149999999999997,0.13680000000000012
-2322034200,4.32,4.32,4.32,4.32,NaN,NaN,4.8580000000000005,4.443309413297118,0.10099999999999998,0.13580000000000012
-2319442200,4.04,4.04,4.04,4.04,NaN,NaN,4.85265,4.362647530637694,0.11200000000000002,0.1396000000000001
-2314085400,4.01,4.01,4.01,4.01,NaN,NaN,4.8475,4.292118024510155,0.10700000000000003,0.1354000000000001
-2311493400,4.1,4.1,4.1,4.1,NaN,NaN,4.84275,4.253694419608124,0.10600000000000005,0.1276000000000001
-2306223000,4.22,4.22,4.22,4.22,NaN,NaN,4.8389999999999995,4.2469555356864985,0.10900000000000003,0.1252000000000001
-2303544600,4.22,4.22,4.22,4.22,NaN,NaN,4.835249999999999,4.241564428549199,0.10550000000000001,0.1226000000000001
-2300866200,4.18,4.18,4.18,4.18,NaN,NaN,4.8332,4.229251542839359,0.10400000000000001,0.12300000000000011
-2298447000,4.19,4.19,4.19,4.19,NaN,NaN,4.8332,4.221401234271487,0.10450000000000004,0.12120000000000011
-2295768600,4.06,4.06,4.06,4.06,NaN,NaN,4.8313999999999995,4.18912098741719,0.10650000000000008,0.12220000000000013
-2290498200,4.27,4.27,4.27,4.27,NaN,NaN,4.82945,4.205296789933752,0.1140000000000001,0.11520000000000012
-2287906200,4.46,4.46,4.46,4.46,NaN,NaN,4.82875,4.256237431947001,0.12350000000000012,0.11900000000000013
-2282549400,4.98,4.98,4.98,4.98,NaN,NaN,4.83125,4.400989945557601,0.14050000000000015,0.12780000000000014
-2279957400,4.82,4.82,4.82,4.82,NaN,NaN,4.83305,4.484791956446081,0.13650000000000015,0.12900000000000014
-2277279000,4.65,4.65,4.65,4.65,NaN,NaN,4.834,4.517833565156865,0.13950000000000018,0.13220000000000015
-2274687000,4.75,4.75,4.75,4.75,NaN,NaN,4.83505,4.564266852125492,0.14100000000000015,0.13300000000000012
-2269330200,4.87,4.87,4.87,4.87,NaN,NaN,4.83675,4.625413481700393,0.14500000000000016,0.13520000000000013
-2266911000,4.65,4.65,4.65,4.65,NaN,NaN,4.8373,4.630330785360314,0.14800000000000013,0.13900000000000012
-2264232600,4.57,4.57,4.57,4.57,NaN,NaN,4.8374500000000005,4.618264628288252,0.13600000000000012,0.14060000000000014
-2258962200,5.06,5.06,5.06,5.06,NaN,NaN,4.8401,4.706611702630601,0.15300000000000008,0.14880000000000013
-2256370200,5.08,5.08,5.08,5.08,NaN,NaN,4.84255,4.781289362104481,0.1530000000000001,0.14640000000000014
-2253691800,5.27,5.27,5.27,5.27,NaN,NaN,4.84565,4.879031489683585,0.15850000000000009,0.14840000000000012
-2251013400,5.26,5.26,5.26,5.26,NaN,NaN,4.8500499999999995,4.955225191746868,0.14500000000000007,0.14740000000000011
-2245743000,5.32,5.32,5.32,5.32,NaN,NaN,4.8547,5.028180153397495,0.14650000000000007,0.14860000000000012
-2243151000,5.65,5.65,5.65,5.65,NaN,NaN,4.8611,5.152544122717996,0.15850000000000009,0.1512000000000001
-2237794200,6.31,6.31,6.31,6.31,NaN,NaN,4.87115,5.384035298174396,0.18550000000000005,0.1550000000000001
-2235375000,6.4,6.4,6.4,6.4,NaN,NaN,4.8812999999999995,5.587228238539517,0.19000000000000009,0.15220000000000014
-2230104600,6.21,6.21,6.21,6.21,NaN,NaN,4.8905,5.711782590831613,0.1975000000000001,0.14540000000000014
-2227426200,6.07,6.07,6.07,6.07,NaN,NaN,4.89825,5.783426072665291,0.20400000000000004,0.14240000000000014
-2222155800,6.44,6.44,6.44,6.44,NaN,NaN,4.907900000000001,5.914740858132233,0.21600000000000003,0.14580000000000012
-2219477400,6.37,6.37,6.37,6.37,NaN,NaN,4.91885,6.005792686505786,0.20900000000000002,0.14400000000000013
-2214207000,6.46,6.46,6.46,6.46,NaN,NaN,4.930400000000001,6.096634149204629,0.20400000000000001,0.14400000000000013
-2211615000,6.02,6.02,6.02,6.02,NaN,NaN,4.94085,6.081307319363703,0.2,0.15160000000000015
-2208936600,6.1,6.1,6.1,6.1,NaN,NaN,4.9529000000000005,6.0850458554909626,0.196,0.15060000000000018
-2206258200,6.21,6.21,6.21,6.21,NaN,NaN,4.96595,6.11003668439277,0.193,0.15060000000000018
-2203839000,6.26,6.26,6.26,6.26,NaN,NaN,4.97935,6.140029347514216,0.19050000000000003,0.15040000000000014
-2198568600,6.04,6.04,6.04,6.04,NaN,NaN,4.9918000000000005,6.1200234780113725,0.1955,0.15340000000000015
-2195890200,5.86,5.86,5.86,5.86,NaN,NaN,5.0044,6.068018782409098,0.1935,0.15560000000000013
-2190619800,5.94,5.94,5.94,5.94,NaN,NaN,5.01825,6.042415025927278,0.1935,0.15720000000000012
-2185349400,6.01,6.01,6.01,6.01,NaN,NaN,5.0336,6.035932020741822,0.17250000000000001,0.1568000000000001
-2182671000,6.48,6.48,6.48,6.48,NaN,NaN,5.052350000000001,6.124745616593458,0.195,0.16500000000000015
-2177400600,7.07,7.07,7.07,7.07,NaN,NaN,5.07245,6.313796493274767,0.21500000000000002,0.1768000000000001
-2174722200,7.25,7.25,7.25,7.25,NaN,NaN,5.09215,6.501037194619814,0.22350000000000003,0.1768000000000001
-2172303000,7.51,7.51,7.51,7.51,NaN,NaN,5.1134,6.702829755695851,0.23349999999999999,0.1772000000000001
-2169624600,8.14,8.14,8.14,8.14,NaN,NaN,5.137850000000001,6.990263804556681,0.24850000000000003,0.18760000000000013
-2167032600,7.73,7.73,7.73,7.73,NaN,NaN,5.1606000000000005,7.138211043645345,0.23600000000000007,0.19440000000000013
-2161762200,7.93,7.93,7.93,7.93,NaN,NaN,5.184050000000001,7.296568834916276,0.2415,0.1976000000000001
-2159083800,8.04,8.04,8.04,8.04,NaN,NaN,5.2076,7.4452550679330205,0.23749999999999996,0.1966000000000001
-2153813400,7.91,7.91,7.91,7.91,NaN,NaN,5.230450000000001,7.538204054346417,0.23699999999999993,0.19280000000000008
-2151135000,8.08,8.08,8.08,8.08,NaN,NaN,5.25345,7.646563243477133,0.22699999999999992,0.19320000000000004
-2145864600,8.12,8.12,8.12,8.12,NaN,NaN,5.276800000000001,7.7412505947817065,0.22549999999999987,0.19360000000000002
-2138088600,8.48,8.48,8.48,8.48,NaN,NaN,5.301800000000001,7.889000475825365,0.23899999999999993,0.19920000000000004
-2135496600,8.46,8.46,8.46,8.46,NaN,NaN,5.3267500000000005,8.003200380660292,0.2179999999999999,0.19400000000000003
-2130226200,8.6,8.6,8.6,8.6,NaN,NaN,5.351850000000001,8.122560304528234,0.2209999999999998,0.1962
-2127547800,8.83,8.83,8.83,8.83,NaN,NaN,5.37715,8.264048243622588,0.2269999999999998,0.199
-2124869400,8.85,8.85,8.85,8.85,NaN,NaN,5.401700000000001,8.38123859489807,0.2254999999999998,0.19699999999999998
-2122277400,8.57,8.57,8.57,8.57,NaN,NaN,5.4243500000000004,8.418990875918457,0.2284999999999998,0.20259999999999997
-2117007000,8.05,8.05,8.05,8.05,NaN,NaN,5.44425,8.345192700734765,0.24549999999999977,0.2122
-2114328600,8.46,8.46,8.46,8.46,NaN,NaN,5.465450000000001,8.368154160587812,0.2619999999999998,0.22019999999999995
-2106552600,7.75,7.75,7.75,7.75,NaN,NaN,5.4808,8.24452332847025,0.2939999999999999,0.23179999999999995
-2103960600,7.6,7.6,7.6,7.6,NaN,NaN,5.494200000000001,8.1156186627762,0.27799999999999986,0.2306
-2101282200,7.18,7.18,7.18,7.18,NaN,NaN,5.50455,7.9284949302209595,0.26949999999999985,0.23519999999999996
-2098690200,6.85,6.85,6.85,6.85,NaN,NaN,5.5123000000000015,7.712795944176768,0.27699999999999986,0.23139999999999997
-2093333400,6.47,6.47,6.47,6.47,NaN,NaN,5.518750000000001,7.464236755341414,0.28299999999999986,0.23579999999999995
-2090741400,6.26,6.26,6.26,6.26,NaN,NaN,5.526100000000001,7.2233894042731315,0.26199999999999984,0.23659999999999998
-2085471000,6.57,6.57,6.57,6.57,NaN,NaN,5.533900000000001,7.092711523418505,0.25699999999999984,0.2408
-2082792600,6.68,6.68,6.68,6.68,NaN,NaN,5.541400000000001,7.010169218734804,0.25249999999999984,0.24059999999999995
-2080114200,6.5,6.5,6.5,6.5,NaN,NaN,5.54725,6.908135374987843,0.2559999999999999,0.23979999999999996
-2077608600,6.48,6.48,6.48,6.48,NaN,NaN,5.5516000000000005,6.822508299990274,0.2504999999999999,0.23859999999999995
-2074930200,6.64,6.64,6.64,6.64,NaN,NaN,5.555600000000001,6.78600663999222,0.24999999999999986,0.23199999999999996
-2069659800,6.51,6.51,6.51,6.51,NaN,NaN,5.557300000000001,6.730805311993776,0.2544999999999999,0.23419999999999994
-2067067800,6.78,6.78,6.78,6.78,NaN,NaN,5.560000000000001,6.740644249595021,0.24999999999999986,0.23579999999999995
-2064389400,7.01,7.01,7.01,7.01,NaN,NaN,5.563950000000001,6.794515399676016,0.26049999999999984,0.24019999999999997
-2061711000,7.32,7.32,7.32,7.32,NaN,NaN,5.567650000000001,6.899612319740813,0.26899999999999996,0.24519999999999997
-2056440600,8.17,8.17,8.17,8.17,NaN,NaN,5.5767500000000005,7.15368985579265,0.29999999999999993,0.25559999999999994
-2053848600,8.25,8.25,8.25,8.25,NaN,NaN,5.587000000000001,7.37295188463412,0.30299999999999994,0.24399999999999994
-2048491800,8.8,8.8,8.8,8.8,NaN,NaN,5.59975,7.658361507707296,0.3165,0.2532
-2046072600,9.05,9.05,9.05,9.05,NaN,NaN,5.614050000000001,7.936689206165837,0.30300000000000005,0.25439999999999996
-2040802200,8.5,8.5,8.5,8.5,NaN,NaN,5.626500000000001,8.049351364932669,0.31000000000000005,0.2626
-2038123800,8.6,8.6,8.6,8.6,NaN,NaN,5.640550000000001,8.159481091946136,0.27949999999999997,0.25719999999999993
-2032853400,9.2,9.2,9.2,9.2,NaN,NaN,5.657650000000001,8.367584873556908,0.30199999999999994,0.2677999999999999
-2030175000,9.23,9.23,9.23,9.23,NaN,NaN,5.675250000000001,8.540067898845527,0.28250000000000003,0.26659999999999995
-2024904600,9.31,9.31,9.31,9.31,NaN,NaN,5.6934000000000005,8.694054319076422,0.27,0.25939999999999996
-2022312600,9.54,9.54,9.54,9.54,NaN,NaN,5.710200000000001,8.863243455261138,0.26249999999999996,0.26239999999999997
-2019634200,9.87,9.87,9.87,9.87,NaN,NaN,5.728350000000001,9.06459476420891,0.26849999999999996,0.2668
-2016955800,9.8,9.8,9.8,9.8,NaN,NaN,5.7483,9.21167581136713,0.25649999999999984,0.26719999999999994
-2014536600,9.56,9.56,9.56,9.56,NaN,NaN,5.766900000000001,9.281340649093703,0.2629999999999999,0.26759999999999995
-2009266200,9.18,9.18,9.18,9.18,NaN,NaN,5.783750000000001,9.261072519274963,0.27299999999999996,0.27159999999999995
-2006587800,9.3,9.3,9.3,9.3,NaN,NaN,5.801850000000001,9.268858015419971,0.278,0.2724
-2001317400,9.73,9.73,9.73,9.73,NaN,NaN,5.821750000000001,9.361086412335977,0.29150000000000004,0.2796
-1996047000,9.73,9.73,9.73,9.73,NaN,NaN,5.841550000000001,9.434869129868781,0.28500000000000003,0.2702
-1993368600,9.93,9.93,9.93,9.93,NaN,NaN,5.862100000000001,9.533895303895026,0.2815,0.26239999999999997
-1988098200,9.56,9.56,9.56,9.56,NaN,NaN,5.88255,9.539116243116021,0.2885,0.2662
-1985419800,9.26,9.26,9.26,9.26,NaN,NaN,5.90195,9.483292994492817,0.288,0.26699999999999996
-1983000600,8.35,8.35,8.35,8.35,NaN,NaN,5.916400000000001,9.256634395594254,0.29100000000000004,0.27259999999999995
-1980322200,8.39,8.39,8.39,8.39,NaN,NaN,5.93245,9.083307516475404,0.28900000000000003,0.26519999999999994
-1977730200,8.1,8.1,8.1,8.1,NaN,NaN,5.946350000000001,8.886646013180323,0.2760000000000001,0.267
-1972459800,8.14,8.14,8.14,8.14,NaN,NaN,5.96175,8.73731681054426,0.2655000000000001,0.26560000000000006
-1969781400,7.53,7.53,7.53,7.53,NaN,NaN,5.976150000000001,8.495853448435408,0.26850000000000007,0.2752000000000001
-1964511000,6.64,6.64,6.64,6.64,NaN,NaN,5.98705,8.124682758748326,0.30800000000000016,0.2896000000000001
-1961832600,6.25,6.25,6.25,6.25,NaN,NaN,5.994600000000002,7.749746206998661,0.29750000000000015,0.2966000000000001
-1956562200,6.85,6.85,6.85,6.85,NaN,NaN,6.005900000000001,7.569796965598929,0.32600000000000007,0.30140000000000006
-1948699800,7.24,7.24,7.24,7.24,NaN,NaN,6.019900000000002,7.503837572479143,0.3415000000000001,0.3088000000000001
-1946107800,7.63,7.63,7.63,7.63,NaN,NaN,6.036350000000001,7.529070057983314,0.34950000000000014,0.3138000000000001
-1943429400,7.64,7.64,7.64,7.64,NaN,NaN,6.053350000000002,7.551256046386651,0.33350000000000013,0.3094000000000001
-1940837400,7.92,7.92,7.92,7.92,NaN,NaN,6.071100000000001,7.625004837109321,0.3440000000000002,0.3146000000000001
-1935480600,8.17,8.17,8.17,8.17,NaN,NaN,6.090350000000001,7.734003869687457,0.3445000000000002,0.3140000000000001
-1932888600,8.27,8.27,8.27,8.27,NaN,NaN,6.110200000000001,7.841203095749965,0.3305000000000001,0.30560000000000015
-1927618200,9.03,9.03,9.03,9.03,NaN,NaN,6.133050000000001,8.078962476599973,0.3625000000000001,0.3126000000000001
-1924939800,9.06,9.06,9.06,9.06,NaN,NaN,6.155100000000001,8.275169981279978,0.34250000000000014,0.29900000000000015
-1922261400,8.8,8.8,8.8,8.8,NaN,NaN,6.1745,8.380135985023983,0.35550000000000015,0.30120000000000013
-1919842200,8.92,8.92,8.92,8.92,NaN,NaN,6.1931,8.488108788019186,0.35150000000000015,0.29520000000000013
-1917163800,9.32,9.32,9.32,9.32,NaN,NaN,6.213700000000001,8.65448703041535,0.3530000000000002,0.2966000000000001
-1911893400,9.8,9.8,9.8,9.8,NaN,NaN,6.236200000000001,8.88358962433228,0.3620000000000002,0.29860000000000014
-1909301400,9.94,9.94,9.94,9.94,NaN,NaN,6.259950000000001,9.094871699465825,0.3235000000000001,0.2972000000000001
-1903944600,10.19,10.19,10.19,10.19,NaN,NaN,6.285300000000001,9.31389735957266,0.3340000000000001,0.2960000000000001
-1901352600,10.23,10.23,10.23,10.23,NaN,NaN,6.310200000000001,9.497117887658128,0.32150000000000006,0.29460000000000014
-1898674200,10.18,10.18,10.18,10.18,NaN,NaN,6.334450000000001,9.633694310126502,0.32200000000000006,0.29200000000000015
-1896082200,10.3,10.3,10.3,10.3,NaN,NaN,6.358400000000001,9.766955448101202,0.2975000000000001,0.29400000000000015
-1890725400,9.72,9.72,9.72,9.72,NaN,NaN,6.378750000000001,9.75756435848096,0.2820000000000001,0.30240000000000017
-1888306200,9.96,9.96,9.96,9.96,NaN,NaN,6.399600000000001,9.798051486784768,0.2745000000000001,0.3046000000000002
-1885627800,9.72,9.72,9.72,9.72,NaN,NaN,6.420000000000001,9.782441189427814,0.2565000000000001,0.3040000000000002
-1880357400,9.1,9.1,9.1,9.1,NaN,NaN,6.437800000000001,9.64595295154225,0.2680000000000001,0.3118000000000002
-1877765400,8.64,8.64,8.64,8.64,NaN,NaN,6.452650000000001,9.444762361233801,0.27150000000000013,0.3148000000000002
-1875087000,8.85,8.85,8.85,8.85,NaN,NaN,6.467900000000002,9.32580988898704,0.2815000000000001,0.30200000000000016
-1872408600,8.91,8.91,8.91,8.91,NaN,NaN,6.483800000000001,9.242647911189632,0.2705000000000001,0.3016000000000002
-1867138200,9.31,9.31,9.31,9.31,NaN,NaN,6.5024000000000015,9.256118328951706,0.27800000000000014,0.2986000000000002
-1864546200,9.05,9.05,9.05,9.05,NaN,NaN,6.520400000000002,9.214894663161365,0.28600000000000014,0.2988000000000002
-1859189400,9.43,9.43,9.43,9.43,NaN,NaN,6.540650000000002,9.257915730529092,0.26700000000000007,0.2954000000000001
-1856770200,9.32,9.32,9.32,9.32,NaN,NaN,6.560750000000001,9.270332584423274,0.271,0.29560000000000014
-1851499800,9.48,9.48,9.48,9.48,NaN,NaN,6.581800000000002,9.31226606753862,0.266,0.28680000000000017
-1848821400,9.67,9.67,9.67,9.67,NaN,NaN,6.603750000000002,9.383812854030895,0.2695,0.2900000000000001
-1843551000,9.17,9.17,9.17,9.17,NaN,NaN,6.624200000000002,9.341050283224716,0.2745,0.2984000000000001
-1840872600,8.67,8.67,8.67,8.67,NaN,NaN,6.641700000000002,9.206840226579773,0.27549999999999997,0.30380000000000007
-1835602200,9.07,9.07,9.07,9.07,NaN,NaN,6.662000000000002,9.179472181263819,0.2885000000000001,0.3052000000000001
-1833010200,9.11,9.11,9.11,9.11,NaN,NaN,6.681300000000001,9.165577745011054,0.278,0.30460000000000015
-1830331800,9.12,9.12,9.12,9.12,NaN,NaN,6.700150000000001,9.156462196008844,0.27649999999999997,0.30000000000000016
-1827653400,9.04,9.04,9.04,9.04,NaN,NaN,6.719150000000002,9.133169756807074,0.2779999999999999,0.29400000000000015
-1825147800,9.3,9.3,9.3,9.3,NaN,NaN,6.7394500000000015,9.16653580544566,0.285,0.2968000000000001
-1822469400,9.59,9.59,9.59,9.59,NaN,NaN,6.760900000000001,9.251228644356528,0.2704999999999999,0.29400000000000015
-1819877400,9.58,9.58,9.58,9.58,NaN,NaN,6.782850000000002,9.316982915485223,0.2589999999999999,0.29420000000000013
-1814607000,9.59,9.59,9.59,9.59,NaN,NaN,6.804900000000001,9.371586332388178,0.2474999999999999,0.29040000000000016
-1811928600,9.81,9.81,9.81,9.81,NaN,NaN,6.827350000000001,9.459269065910542,0.22749999999999987,0.28740000000000016
-1806658200,9.84,9.84,9.84,9.84,NaN,NaN,6.850050000000002,9.535415252728434,0.20599999999999988,0.28200000000000014
-1803979800,9.73,9.73,9.73,9.73,NaN,NaN,6.871850000000002,9.574332202182747,0.2009999999999999,0.2660000000000001
-1798709400,9.3,9.3,9.3,9.3,NaN,NaN,6.891350000000002,9.519465761746197,0.21949999999999986,0.2738000000000001
-1790933400,8.79,8.79,8.79,8.79,NaN,NaN,6.908550000000002,9.373572609396957,0.22499999999999992,0.2782000000000001
-1788341400,8.55,8.55,8.55,8.55,NaN,NaN,6.924400000000002,9.208858087517566,0.22399999999999984,0.28220000000000006
-1783071000,8.23,8.23,8.23,8.23,NaN,NaN,6.938600000000001,9.013086470014052,0.22099999999999992,0.27640000000000003
-1780392600,8.45,8.45,8.45,8.45,NaN,NaN,6.952750000000001,8.900469176011242,0.22649999999999987,0.263
-1777714200,8.53,8.53,8.53,8.53,NaN,NaN,6.967700000000001,8.826375340808994,0.22249999999999986,0.2568
-1775122200,8.26,8.26,8.26,8.26,NaN,NaN,6.981950000000001,8.713100272647194,0.22649999999999987,0.2502
-1769851800,8.04,8.04,8.04,8.04,NaN,NaN,6.9955500000000015,8.578480218117756,0.2124999999999999,0.2468
-1767173400,8.37,8.37,8.37,8.37,NaN,NaN,7.012000000000001,8.536784174494205,0.2039999999999999,0.2456
-1759397400,8.12,8.12,8.12,8.12,NaN,NaN,7.029600000000001,8.453427339595363,0.1964999999999999,0.2504
-1756805400,8.17,8.17,8.17,8.17,NaN,NaN,7.0462500000000015,8.39674187167629,0.19699999999999998,0.24580000000000005
-1754127000,8.13,8.13,8.13,8.13,NaN,NaN,7.062050000000002,8.343393497341033,0.19849999999999995,0.24160000000000004
-1751535000,7.68,7.68,7.68,7.68,NaN,NaN,7.075700000000001,8.210714797872827,0.217,0.24860000000000007
-1746178200,7.68,7.68,7.68,7.68,NaN,NaN,7.089850000000001,8.104571838298261,0.2039999999999999,0.23340000000000008
-1743586200,7.68,7.68,7.68,7.68,NaN,NaN,7.104400000000002,8.01965747063861,0.18949999999999995,0.2328000000000001
-1738315800,7.35,7.35,7.35,7.35,NaN,NaN,7.114500000000001,7.885725976510887,0.20549999999999996,0.23420000000000007
-1735637400,7.48,7.48,7.48,7.48,NaN,NaN,7.125250000000002,7.80458078120871,0.21150000000000002,0.2344000000000001
-1732959000,7.38,7.38,7.38,7.38,NaN,NaN,7.135100000000002,7.719664624966968,0.20550000000000002,0.2284000000000001
-1730539800,7.57,7.57,7.57,7.57,NaN,NaN,7.145400000000002,7.689731699973574,0.21350000000000008,0.22260000000000013
-1727861400,8.14,8.14,8.14,8.14,NaN,NaN,7.158500000000001,7.77978535997886,0.2365000000000001,0.23120000000000018
-1722591000,8.04,8.04,8.04,8.04,NaN,NaN,7.170800000000002,7.831828287983088,0.2200000000000002,0.2282000000000002
-1719999000,8.01,8.01,8.01,8.01,NaN,NaN,7.183000000000002,7.86746263038647,0.1960000000000001,0.22800000000000017
-1714642200,8.66,8.66,8.66,8.66,NaN,NaN,7.198600000000002,8.025970104309176,0.2165000000000002,0.24000000000000019
-1712050200,9.14,9.14,9.14,9.14,NaN,NaN,7.216600000000001,8.248776083447341,0.2245000000000002,0.24720000000000014
-1709371800,9.46,9.46,9.46,9.46,NaN,NaN,7.235800000000001,8.491020866757873,0.22950000000000026,0.24200000000000016
-1706779800,9.48,9.48,9.48,9.48,NaN,NaN,7.255800000000001,8.688816693406299,0.22650000000000023,0.23760000000000014
-1701423000,9.2,9.2,9.2,9.2,NaN,NaN,7.273950000000001,8.791053354725038,0.2270000000000003,0.23840000000000017
-1698917400,9.17,9.17,9.17,9.17,NaN,NaN,7.292250000000001,8.86684268378003,0.21750000000000025,0.22660000000000013
-1693647000,9.27,9.27,9.27,9.27,NaN,NaN,7.311050000000002,8.947474147024025,0.20600000000000024,0.21940000000000015
-1690968600,9.36,9.36,9.36,9.36,NaN,NaN,7.3313000000000015,9.029979317619219,0.19800000000000023,0.21700000000000016
-1685698200,9.3,9.3,9.3,9.3,NaN,NaN,7.3536,9.083983454095375,0.19850000000000012,0.21700000000000014
-1683019800,9.68,9.68,9.68,9.68,NaN,NaN,7.378950000000001,9.2031867632763,0.2155000000000001,0.2166000000000001
-1677749400,10.21,10.21,10.21,10.21,NaN,NaN,7.4096,9.40454941062104,0.2195000000000001,0.2220000000000001
-1675157400,9.8,9.8,9.8,9.8,NaN,NaN,7.436750000000001,9.483639528496832,0.24000000000000013,0.22260000000000013
-1672479000,9.57,9.57,9.57,9.57,NaN,NaN,7.46175,9.500911622797465,0.25150000000000017,0.22500000000000014
-1669800600,9.03,9.03,9.03,9.03,NaN,NaN,7.484850000000002,9.406729298237972,0.2620000000000002,0.2326000000000002
-1667381400,9.31,9.31,9.31,9.31,NaN,NaN,7.509800000000001,9.387383438590378,0.2695000000000002,0.23440000000000022
-1662111000,8.86,8.86,8.86,8.86,NaN,NaN,7.532200000000001,9.281906750872302,0.28700000000000025,0.23340000000000025
-1659432600,9.04,9.04,9.04,9.04,NaN,NaN,7.554850000000001,9.233525400697841,0.2865000000000002,0.22700000000000023
-1654162200,8.53,8.53,8.53,8.53,NaN,NaN,7.575500000000001,9.092820320558273,0.2835000000000002,0.22920000000000024
-1648891800,7.68,7.68,7.68,7.68,NaN,NaN,7.5922,8.810256256446618,0.32100000000000006,0.24540000000000023
-1646213400,7.04,7.04,7.04,7.04,NaN,NaN,7.6053500000000005,8.456205005157294,0.3515000000000001,0.25800000000000023
-1640943000,7.21,7.21,7.21,7.21,NaN,NaN,7.6197,8.206964004125835,0.32750000000000007,0.25980000000000025
-1638264600,7.43,7.43,7.43,7.43,NaN,NaN,7.635150000000001,8.051571203300668,0.31450000000000006,0.2590000000000002
-1635845400,7.28,7.28,7.28,7.28,NaN,NaN,7.6503000000000005,7.897256962640534,0.306,0.2562000000000002
-1633170600,7.21,7.21,7.21,7.21,NaN,NaN,7.665400000000001,7.7598055701124276,0.30850000000000005,0.25740000000000024
-1630578600,7.44,7.44,7.44,7.44,NaN,NaN,7.681650000000001,7.695844456089942,0.306,0.26180000000000025
-1625308200,7.51,7.51,7.51,7.51,NaN,NaN,7.69735,7.658675564871953,0.308,0.25880000000000025
-1622629800,7.58,7.58,7.58,7.58,NaN,NaN,7.7122,7.642940451897562,0.30650000000000005,0.2596000000000003
-1617359400,7.86,7.86,7.86,7.86,NaN,NaN,7.727900000000001,7.68635236151805,0.31600000000000006,0.2630000000000003
-1614677400,8.06,8.06,8.06,8.06,NaN,NaN,7.744250000000001,7.76108188921444,0.3230000000000001,0.2584000000000003
-1609407000,7.85,7.85,7.85,7.85,NaN,NaN,7.75975,7.778865511371552,0.3145000000000002,0.2524000000000003
-1601634600,8.39,8.39,8.39,8.39,NaN,NaN,7.77875,7.901092409097242,0.3150000000000002,0.2584000000000003
-1599042600,8.97,8.97,8.97,8.97,NaN,NaN,7.80225,8.114873927277793,0.32350000000000023,0.26360000000000033
-1593772200,9.51,9.51,9.51,9.51,NaN,NaN,7.8277,8.393899141822235,0.33900000000000013,0.2700000000000003
-1591093800,8.87,8.87,8.87,8.87,NaN,NaN,7.850050000000001,8.489119313457788,0.34400000000000014,0.28120000000000034
-1588415400,9.01,9.01,9.01,9.01,NaN,NaN,7.8735,8.593295450766231,0.3370000000000001,0.2786000000000004
-1585823400,9.47,9.47,9.47,9.47,NaN,NaN,7.900650000000001,8.768636360612986,0.3375000000000001,0.2834000000000004
-1580549400,8.92,8.92,8.92,8.92,NaN,NaN,7.925200000000001,8.798909088490388,0.35600000000000015,0.2878000000000004
-1577871000,8.83,8.83,8.83,8.83,NaN,NaN,7.948850000000001,8.80512727079231,0.33500000000000013,0.28460000000000035
-1572687000,8.67,8.67,8.67,8.67,NaN,NaN,7.971100000000002,8.778101816633848,0.30050000000000016,0.2868000000000004
-1570008600,8.6,8.6,8.6,8.6,NaN,NaN,7.993000000000002,8.742481453307079,0.2720000000000002,0.28740000000000043
-1564738200,7.92,7.92,7.92,7.92,NaN,NaN,8.011700000000001,8.577985162645662,0.2975000000000002,0.29200000000000037
-1562149800,7.91,7.91,7.91,7.91,NaN,NaN,8.030300000000002,8.44438813011653,0.2870000000000002,0.29220000000000035
-1556793000,7.87,7.87,7.87,7.87,NaN,NaN,8.049350000000002,8.329510504093223,0.2815000000000002,0.29300000000000037
-1554201000,7.88,7.88,7.88,7.88,NaN,NaN,8.067400000000003,8.239608403274579,0.2785000000000002,0.28660000000000035
-1551519000,7.48,7.48,7.48,7.48,NaN,NaN,8.082500000000001,8.087686722619663,0.28700000000000014,0.2920000000000003
-1548927000,6.81,6.81,6.81,6.81,NaN,NaN,8.091650000000001,7.832149378095731,0.3170000000000002,0.30340000000000034
-1543570200,7.06,7.06,7.06,7.06,NaN,NaN,8.10285,7.6777195024765845,0.3260000000000002,0.3046000000000003
-1541151000,6.88,6.88,6.88,6.88,NaN,NaN,8.114,7.518175601981268,0.3210000000000002,0.29680000000000034
-1538476200,6.91,6.91,6.91,6.91,NaN,NaN,8.1248,7.396540481585014,0.31250000000000017,0.29540000000000033
-1533205800,6.55,6.55,6.55,6.55,NaN,NaN,8.1332,7.227232385268011,0.3200000000000002,0.3020000000000004
-1530613800,6.53,6.53,6.53,6.53,NaN,NaN,8.142600000000002,7.087785908214409,0.2940000000000001,0.2894000000000004
-1527935400,6.45,6.45,6.45,6.45,NaN,NaN,8.152000000000001,6.960228726571527,0.2690000000000001,0.2814000000000003
-1525257000,6.61,6.61,6.61,6.61,NaN,NaN,8.15975,6.8901829812572215,0.2500000000000001,0.27820000000000034
-1519983000,7.06,7.06,7.06,7.06,NaN,NaN,8.16965,6.924146385005777,0.24050000000000007,0.28680000000000033
-1517391000,7.31,7.31,7.31,7.31,NaN,NaN,8.179850000000002,7.0013171080046215,0.24600000000000005,0.2862000000000003
-1512034200,7.46,7.46,7.46,7.46,NaN,NaN,8.190850000000001,7.093053686403697,0.2305,0.2886000000000003
-1509615000,7.74,7.74,7.74,7.74,NaN,NaN,8.202950000000001,7.222442949122957,0.217,0.29220000000000035
-1504348200,8.53,8.53,8.53,8.53,NaN,NaN,8.217349999999994,7.483954359298366,0.25199999999999995,0.3062000000000003
-1501669800,8.45,8.45,8.45,8.45,NaN,NaN,8.228049999999994,7.677163487438692,0.24799999999999994,0.30660000000000037
-1496399400,8.83,8.83,8.83,8.83,NaN,NaN,8.240199999999994,7.9077307899509535,0.26349999999999996,0.3066000000000004
-1493721000,9.06,9.06,9.06,9.06,NaN,NaN,8.254449999999995,8.138184631960764,0.24100000000000002,0.30060000000000037
-1488447000,8.8,8.8,8.8,8.8,NaN,NaN,8.268099999999995,8.27054770556861,0.2535,0.29760000000000036
-1485855000,8.78,8.78,8.78,8.78,NaN,NaN,8.279799999999994,8.372438164454888,0.25250000000000006,0.2934000000000004
-1483176600,8.9,8.9,8.9,8.9,NaN,NaN,8.292449999999995,8.477950531563911,0.2580000000000001,0.28500000000000036
-1480498200,9.28,9.28,9.28,9.28,NaN,NaN,8.306549999999994,8.638360425251129,0.2570000000000001,0.2870000000000003
-1478079000,9.43,9.43,9.43,9.43,NaN,NaN,8.323599999999994,8.796688340200904,0.2310000000000001,0.28100000000000036
-1472812200,8.67,8.67,8.67,8.67,NaN,NaN,8.336449999999994,8.771350672160724,0.25650000000000006,0.29260000000000036
-1470133800,8.34,8.34,8.34,8.34,NaN,NaN,8.347099999999994,8.68508053772858,0.2640000000000001,0.28900000000000037
-1464863400,8.1,8.1,8.1,8.1,NaN,NaN,8.356299999999994,8.568064430182863,0.2745000000000001,0.2768000000000003
-1459589400,8.03,8.03,8.03,8.03,NaN,NaN,8.366249999999994,8.46045154414629,0.2600000000000001,0.26540000000000036
-1456911000,8.27,8.27,8.27,8.27,NaN,NaN,8.378299999999994,8.422361235317032,0.27100000000000013,0.26680000000000037
-1451640600,8.83,8.83,8.83,8.83,NaN,NaN,8.392749999999992,8.503888988253626,0.29500000000000015,0.27360000000000034
-1448962200,8.87,8.87,8.87,8.87,NaN,NaN,8.407049999999993,8.577111190602901,0.2890000000000001,0.27140000000000036
-1443778200,8.5,8.5,8.5,8.5,NaN,NaN,8.417149999999994,8.56168895248232,0.2850000000000001,0.2774000000000003
-1441189800,8.47,8.47,8.47,8.47,NaN,NaN,8.424149999999992,8.543351161985857,0.2740000000000001,0.2734000000000003
-1435919400,9.03,9.03,9.03,9.03,NaN,NaN,8.433049999999994,8.640680929588685,0.2945,0.2832000000000003
-1433241000,9.34,9.34,9.34,9.34,NaN,NaN,8.442199999999993,8.780544743670948,0.296,0.2880000000000003
-1430562600,9.25,9.25,9.25,9.25,NaN,NaN,8.447749999999994,8.874435794936758,0.261,0.2842000000000003
-1427967000,9.13,9.13,9.13,9.13,NaN,NaN,8.454749999999994,8.925548635949406,0.263,0.28260000000000024
-1422696600,10.16,10.16,10.16,10.16,NaN,NaN,8.465899999999994,9.172438908759524,0.29549999999999993,0.2990000000000002
-1420018200,10.58,10.58,10.58,10.58,NaN,NaN,8.478599999999993,9.453951127007619,0.3049999999999999,0.2966000000000002
-1412242200,10.28,10.28,10.28,10.28,NaN,NaN,8.490449999999994,9.619160901606095,0.30699999999999994,0.2910000000000002
-1409653800,10.61,10.61,10.61,10.61,NaN,NaN,8.503099999999995,9.817328721284877,0.3224999999999999,0.2868000000000002
-1406975400,10.8,10.8,10.8,10.8,NaN,NaN,8.516499999999994,10.013862977027902,0.3259999999999999,0.2778000000000002
-1404383400,11.1,11.1,11.1,11.1,NaN,NaN,8.529599999999993,10.231090381622321,0.3219999999999999,0.28100000000000014
-1399026600,11.51,11.51,11.51,11.51,NaN,NaN,8.544849999999993,10.486872305297856,0.33499999999999985,0.2800000000000002
-1396431000,11.89,11.89,11.89,11.89,NaN,NaN,8.561299999999994,10.767497844238285,0.31599999999999995,0.2766000000000002
-1391160600,12.46,12.46,12.46,12.46,NaN,NaN,8.579449999999994,11.105998275390629,0.32799999999999996,0.2862000000000002
-1388482200,12.65,12.65,12.65,12.65,NaN,NaN,8.598449999999993,11.414798620312503,0.3254999999999999,0.28680000000000017
-1385803800,12.67,12.67,12.67,12.67,NaN,NaN,8.618949999999993,11.665838896250003,0.32299999999999984,0.2858000000000001
-1383384600,11.81,11.81,11.81,11.81,NaN,NaN,8.637749999999993,11.694671117000002,0.3539999999999998,0.28940000000000016
-1380706200,11.48,11.48,11.48,11.48,NaN,NaN,8.652849999999994,11.651736893600003,0.3424999999999998,0.2958000000000002
-1375439400,12.11,12.11,12.11,12.11,NaN,NaN,8.674649999999993,11.743389514880002,0.3719999999999998,0.30760000000000015
-1372847400,12.62,12.62,12.62,12.62,NaN,NaN,8.699749999999993,11.918711611904001,0.37899999999999984,0.31760000000000016
-1367490600,13.32,13.32,13.32,13.32,NaN,NaN,8.730449999999994,12.198969289523202,0.4124999999999999,0.3236000000000002
-1364895000,13.02,13.02,13.02,13.02,NaN,NaN,8.761299999999993,12.363175431618561,0.3995,0.3162000000000002
-1362216600,13.19,13.19,13.19,13.19,NaN,NaN,8.794899999999993,12.528540345294848,0.39249999999999996,0.3146000000000002
-1359624600,13.49,13.49,13.49,13.49,NaN,NaN,8.831049999999994,12.720832276235878,0.403,0.3170000000000002
-1354267800,13.66,13.66,13.66,13.66,NaN,NaN,8.866499999999993,12.908665820988702,0.4055000000000001,0.3198000000000002
-1351848600,13.87,13.87,13.87,13.87,NaN,NaN,8.902449999999993,13.100932656790961,0.36450000000000005,0.3168000000000002
-1349170200,14.21,14.21,14.21,14.21,NaN,NaN,8.940999999999992,13.322746125432769,0.36050000000000015,0.3232000000000002
-1343903400,14.89,14.89,14.89,14.89,NaN,NaN,8.983049999999992,13.636196900346215,0.37950000000000006,0.33520000000000016
-1341311400,15.22,15.22,15.22,15.22,NaN,NaN,9.025949999999993,13.952957520276973,0.37950000000000006,0.33860000000000023
-1338633000,16.03,16.03,16.03,16.03,NaN,NaN,9.073549999999992,14.368366016221579,0.41050000000000003,0.3458000000000002
-1335954600,16.94,16.94,16.94,16.94,NaN,NaN,9.12434999999999,14.882692812977263,0.4410000000000001,0.3590000000000002
-1330680600,17.06,17.06,17.06,17.06,NaN,NaN,9.174599999999993,15.31815425038181,0.4265,0.35840000000000016
-1328088600,17.46,17.46,17.46,17.46,NaN,NaN,9.225299999999992,15.746523400305447,0.42750000000000005,0.3608000000000002
-1322731800,17.32,17.32,17.32,17.32,NaN,NaN,9.271049999999992,16.06121872024436,0.406,0.3478000000000002
-1320226200,18.25,18.25,18.25,18.25,NaN,NaN,9.32104999999999,16.498974976195488,0.44300000000000006,0.3648000000000002
-1314959400,20,20,20,20,NaN,NaN,9.377049999999992,17.19917998095639,0.5295000000000001,0.3922000000000002
-1312281000,19.02,19.02,19.02,19.02,NaN,NaN,9.426899999999991,17.563343984765112,0.5355000000000001,0.4072000000000001
-1307010600,19.78,19.78,19.78,19.78,NaN,NaN,9.483299999999993,18.00667518781209,0.5570000000000002,0.4172000000000002
-1301736600,21.6,21.6,21.6,21.6,NaN,NaN,9.548299999999992,18.72534015024967,0.6165000000000003,0.4532000000000002
-1299058200,23.06,23.06,23.06,23.06,NaN,NaN,9.617599999999992,19.592272120199738,0.6640000000000001,0.48000000000000015
-1293787800,24.86,24.86,24.86,24.86,NaN,NaN,9.695749999999993,20.64581769615979,0.7190000000000001,0.5084000000000001
-1291109400,24.99,24.99,24.99,24.99,NaN,NaN,9.774149999999992,21.51465415692783,0.7105,0.5080000000000001
-1288690200,25.43,25.43,25.43,25.43,NaN,NaN,9.853599999999993,22.297723325542265,0.7240000000000001,0.5016000000000002
-1286011800,25.28,25.28,25.28,25.28,NaN,7.187579999999997,9.930649999999993,22.894178660433813,0.7165,0.4980000000000001
-1283423400,25.66,25.66,25.66,25.66,NaN,7.229899999999997,10.009949999999993,23.44734292834705,0.727,0.5008
-1278153000,28.48,28.48,28.48,28.48,NaN,7.277639999999996,10.104549999999993,24.45387434267764,0.8574999999999999,0.5558000000000001
-1275474600,30.1,30.1,30.1,30.1,NaN,7.3281199999999975,10.209149999999992,25.583099474142113,0.9215,0.5834000000000001
-1270200600,27.99,27.99,27.99,27.99,NaN,7.3744599999999965,10.302599999999993,26.06447957931369,0.9930000000000001,0.6144000000000002
-1267522200,20.58,20.58,20.58,20.58,NaN,7.406039999999996,10.356849999999993,24.967583663450952,1.3470000000000002,0.7617999999999999
-1262251800,21.71,21.71,21.71,21.71,NaN,7.439779999999997,10.416749999999993,24.316066930760762,1.3630000000000002,0.777
-1254475800,25.46,25.46,25.46,25.46,NaN,7.481419999999996,10.494399999999992,24.54485354460861,1.5050000000000003,0.8514
-1251887400,23.94,23.94,23.94,23.94,NaN,7.519819999999997,10.566299999999991,24.42388283568689,1.5750000000000004,0.8706
-1246617000,21.06,21.06,21.06,21.06,NaN,7.552219999999997,10.625299999999992,23.75110626854951,1.6990000000000003,0.922
-1243938600,20.79,20.79,20.79,20.79,NaN,7.584039999999996,10.687499999999991,23.15888501483961,1.7055000000000002,0.9256
-1241260200,20.78,20.78,20.78,20.78,NaN,7.6155199999999965,10.749449999999992,22.68310801187169,1.6595000000000002,0.9234
-1238664600,17.92,17.92,17.92,17.92,NaN,7.6409999999999965,10.798549999999992,21.730486409497352,1.7150000000000003,0.96
-1233394200,15.51,15.51,15.51,15.51,NaN,7.661659999999997,10.835399999999991,20.48638912759788,1.7865000000000002,0.9998
-1230715800,15.98,15.98,15.98,15.98,NaN,7.683419999999996,10.877649999999992,19.585111302078307,1.7720000000000002,1.0032
-1222939800,15.86,15.86,15.86,15.86,NaN,7.705059999999997,10.923749999999991,18.840089041662644,1.6870000000000005,0.9990000000000001
-1220351400,14.33,14.33,14.33,14.33,NaN,7.723779999999997,10.964149999999993,17.938071233330113,1.6905000000000006,1.0258
-1217673000,13.87,13.87,13.87,13.87,NaN,7.7416199999999975,10.999249999999993,17.12445698666409,1.6235000000000004,1.0290000000000001
-1215081000,14.33,14.33,14.33,14.33,NaN,7.760059999999997,11.034699999999994,16.56556558933127,1.6400000000000006,1.0300000000000002
-1209724200,11.83,11.83,11.83,11.83,NaN,7.773639999999997,11.055699999999993,15.618452471465018,1.7430000000000003,1.0724
-1207128600,10.25,10.25,10.25,10.25,NaN,7.7840399999999965,11.068749999999993,14.544761977172014,1.8145000000000002,1.0926
-1201858200,8.44,8.44,8.44,8.44,NaN,7.790979999999997,11.071349999999994,13.32380958173761,1.8860000000000006,1.1250000000000002
-1199179800,8.3,8.3,8.3,8.3,NaN,7.797639999999997,11.071999999999992,12.319047665390087,1.7520000000000002,1.1274000000000002
-1196501400,8.23,8.23,8.23,8.23,NaN,7.8049199999999965,11.07179999999999,11.50123813231207,1.6745000000000005,1.1116000000000001
-1193995800,8.26,8.26,8.26,8.26,NaN,7.813059999999997,11.06794999999999,10.852990505849656,1.5705000000000002,1.1056
-1191317400,6.28,6.28,6.28,6.28,NaN,7.816779999999997,11.054049999999993,9.938392404679725,1.2990000000000002,1.1326
-1186050600,4.77,4.77,4.77,4.77,NaN,7.816999999999997,11.033899999999992,8.90471392374378,1.318,1.1526
-1183458600,5.01,5.01,5.01,5.01,NaN,7.817819999999997,11.014349999999993,8.125771138995024,1.1425,1.1434
-1180780200,7.53,7.53,7.53,7.53,NaN,7.823919999999997,11.005399999999993,8.00661691119602,1.1925000000000001,1.1878
-1178101800,8.26,8.26,8.26,8.26,NaN,7.831519999999997,10.997699999999991,8.057293528956816,1.085,1.199
-1172827800,7.05,7.05,7.05,7.05,NaN,7.836699999999997,10.983249999999991,7.855834823165453,1.132,1.2172
-1170235800,6.82,6.82,6.82,6.82,NaN,7.841259999999997,10.96639999999999,7.648667858532362,1.143,1.2184
-1164879000,6.25,6.25,6.25,6.25,NaN,7.844699999999997,10.94649999999999,7.36893428682589,1.0285,1.2256
-1162459800,6.23,6.23,6.23,6.23,NaN,7.848079999999997,10.926749999999991,7.141147429460712,0.909,1.2192
-1157193000,8.87,8.87,8.87,8.87,NaN,7.856740000000004,10.919599999999992,7.486917943568569,1.0175,1.2584
-1154514600,10.39,10.39,10.39,10.39,NaN,7.868460000000003,10.922949999999991,8.067534354854855,1.0875,1.2822
-1149244200,10.67,10.67,10.67,10.67,NaN,7.880620000000004,10.92649999999999,8.588027483883884,1.025,1.2716
-1146565800,10.58,10.58,10.58,10.58,NaN,7.8924800000000035,10.93079999999999,8.986421987107107,1.0064999999999997,1.2551999999999999
-1141291800,9.78,9.78,9.78,9.78,NaN,7.903280000000003,10.93419999999999,9.145137589685685,1.0234999999999999,1.2688000000000001
-1138699800,9.97,9.97,9.97,9.97,NaN,7.9144400000000035,10.94084999999999,9.310110071748548,0.9079999999999998,1.2646000000000002
-1136021400,10.54,10.54,10.54,10.54,NaN,7.9267800000000035,10.949299999999992,9.556088057398838,0.8574999999999997,1.2732
-1133343000,11.32,11.32,11.32,11.32,NaN,7.940820000000003,10.96134999999999,9.90887044591907,0.8059999999999998,1.2702
-1130923800,10.74,10.74,10.74,10.74,NaN,7.953560000000003,10.96849999999999,10.075096356735257,0.828,1.2468000000000001
-1125657000,9.81,9.81,9.81,9.81,NaN,7.964440000000003,10.972299999999992,10.022077085388206,0.8709999999999999,1.2458
-1122978600,9.94,9.94,9.94,9.94,NaN,7.975280000000003,10.974849999999993,10.005661668310564,0.8759999999999998,1.2332
-1117708200,9.1,9.1,9.1,9.1,NaN,7.984460000000004,10.97374999999999,9.824529334648451,0.819,1.2136000000000002
-1112434200,8.95,8.95,8.95,8.95,NaN,7.994000000000003,10.971099999999993,9.649623467718762,0.751,1.1874
-1109755800,9.2,9.2,9.2,9.2,NaN,8.004100000000003,10.968749999999991,9.55969877417501,0.7514999999999998,1.1564
-1104485400,9.26,9.26,9.26,9.26,NaN,8.014760000000004,10.969199999999992,9.499759019340008,0.6284999999999998,1.1550000000000002
-1101807000,8.98,8.98,8.98,8.98,NaN,8.025340000000003,10.970749999999992,9.395807215472006,0.6059999999999998,1.1518000000000002
-1099387800,8.41,8.41,8.41,8.41,NaN,8.034960000000003,10.967449999999992,9.198645772377605,0.5739999999999998,1.1602000000000001
-1096709400,9.04,9.04,9.04,9.04,NaN,8.045880000000004,10.967099999999991,9.166916617902084,0.5939999999999998,1.1652
-1094121000,9.75,9.75,9.75,9.75,NaN,8.058280000000003,10.970249999999991,9.283533294321668,0.601,1.1230000000000002
-1088850600,10.65,10.65,10.65,10.65,NaN,8.072900000000002,10.978299999999992,9.556826635457334,0.6449999999999999,1.1086
-1086172200,11.37,11.37,11.37,11.37,NaN,8.089300000000003,10.988649999999993,9.919461308365866,0.549,1.0808000000000002
-1080898200,11.92,11.92,11.92,11.92,NaN,8.107260000000004,11.000299999999992,10.319569046692694,0.5005,0.9436000000000001
-1078219800,13.04,13.04,13.04,13.04,NaN,8.127880000000003,11.017599999999993,10.863655237354156,0.5424999999999998,0.9434
-1072949400,13.76,13.76,13.76,13.76,NaN,8.149300000000004,11.03844999999999,11.442924189883325,0.5739999999999998,0.8828
-1065090600,14.88,14.88,14.88,14.88,NaN,8.172440000000003,11.063799999999992,12.13033935190666,0.5899999999999999,0.8748
-1062498600,14.09,14.09,14.09,14.09,NaN,8.194100000000004,11.085049999999992,12.522271481525328,0.6199999999999999,0.833
-1059820200,14.69,14.69,14.69,14.69,NaN,8.216980000000003,11.109849999999993,12.955817185220262,0.6215000000000002,0.8396000000000001
-1057228200,15.56,15.56,15.56,15.56,NaN,8.241740000000004,11.14114999999999,13.47665374817621,0.6260000000000001,0.8568000000000001
-1051871400,16.05,16.05,16.05,16.05,NaN,8.267360000000002,11.17744999999999,13.991322998540968,0.6215000000000002,0.8094000000000001
-1049279400,16.89,16.89,16.89,16.89,NaN,8.294480000000004,11.21914999999999,14.571058398832774,0.6170000000000002,0.778
-1044005400,17.06,17.06,17.06,17.06,NaN,8.321920000000002,11.26329999999999,15.068846719066219,0.6190000000000001,0.772
-1041327000,17.59,17.59,17.59,17.59,NaN,8.350140000000003,11.308999999999992,15.573077375252975,0.6035000000000003,0.7802000000000001
-1038648600,18.11,18.11,18.11,18.11,NaN,8.379460000000003,11.35689999999999,16.08046190020238,0.6220000000000002,0.7600000000000001
-1036229400,18.09,18.09,18.09,18.09,NaN,8.408680000000002,11.406049999999992,16.482369520161903,0.6105000000000003,0.7512000000000001
-1033551000,17.01,17.01,17.01,17.01,NaN,8.435760000000002,11.450899999999992,16.587895616129522,0.6615000000000001,0.7636
-1028284200,15.64,15.64,15.64,15.64,NaN,8.459880000000004,11.48724999999999,16.398316492903618,0.7160000000000002,0.741
-1025692200,16.57,16.57,16.57,16.57,NaN,8.485480000000003,11.529499999999992,16.432653194322896,0.7340000000000002,0.728
-1020335400,14.37,14.37,14.37,14.37,NaN,8.506340000000002,11.56049999999999,16.020122555458315,0.8125000000000003,0.7358
-1017739800,12.28,12.28,12.28,12.28,NaN,8.522820000000001,11.58124999999999,15.272098044366652,0.8815000000000003,0.7748
-1015061400,11.2,11.2,11.2,11.2,NaN,8.537080000000001,11.598849999999992,14.457678435493321,0.8905000000000003,0.795
-1012469400,11.02,11.02,11.02,11.02,NaN,8.550680000000002,11.615549999999992,13.770142748394656,0.8635000000000004,0.7980000000000002
-1007112600,11.04,11.04,11.04,11.04,NaN,8.563400000000003,11.632349999999992,13.224114198715725,0.8370000000000004,0.7588000000000001
-1004693400,10.31,10.31,10.31,10.31,NaN,8.574180000000002,11.647149999999993,12.64129135897258,0.8175000000000004,0.7432000000000001
-1002015000,9.89,9.89,9.89,9.89,NaN,8.583740000000002,11.659199999999991,12.091033087178065,0.8025000000000004,0.7468000000000002
-996748200,10.21,10.21,10.21,10.21,NaN,8.593560000000004,11.673349999999992,11.714826469742452,0.7625000000000004,0.7028000000000002
-994156200,12.24,12.24,12.24,12.24,NaN,8.607680000000002,11.696699999999991,11.819861175793962,0.8245000000000002,0.7288000000000002
-991477800,12.31,12.31,12.31,12.31,NaN,8.622720000000003,11.71754999999999,11.91788894063517,0.7980000000000003,0.7060000000000002
-988799400,11.75,11.75,11.75,11.75,NaN,8.636200000000002,11.73609999999999,11.884311152508136,0.7825000000000003,0.7126000000000003
-983525400,13.07,13.07,13.07,13.07,NaN,8.651980000000004,11.761399999999991,12.12144892200651,0.8240000000000002,0.7276000000000004
-980933400,12.69,12.69,12.69,12.69,NaN,8.666700000000002,11.781549999999992,12.235159137605207,0.8010000000000004,0.7348000000000005
-975576600,12.4,12.4,12.4,12.4,NaN,8.680280000000003,11.797849999999992,12.268127310084166,0.8070000000000004,0.6878000000000004
-973157400,12.39,12.39,12.39,12.39,NaN,8.693380000000003,11.812499999999993,12.292501848067333,0.7810000000000002,0.6576000000000003
-967890600,11.23,11.23,11.23,11.23,NaN,8.703500000000002,11.82124999999999,12.080001478453866,0.8130000000000003,0.6752000000000004
-965212200,11.43,11.43,11.43,11.43,NaN,8.713880000000003,11.832399999999991,11.950001182763092,0.8220000000000003,0.6774000000000003
-959941800,11.54,11.54,11.54,11.54,NaN,8.724520000000002,11.844249999999994,11.868000946210474,0.7735000000000004,0.6636000000000003
-957263400,12.77,12.77,12.77,12.77,NaN,8.736900000000004,11.861749999999994,12.048400756968379,0.7665000000000004,0.6844000000000005
-951989400,12.67,12.67,12.67,12.67,NaN,8.749540000000003,11.878299999999992,12.172720605574703,0.7250000000000003,0.6750000000000004
-949397400,12.37,12.37,12.37,12.37,NaN,8.761880000000003,11.89364999999999,12.212176484459762,0.6300000000000002,0.6654000000000003
-946719000,12.3,12.3,12.3,12.3,NaN,8.773980000000003,11.906749999999994,12.22974118756781,0.5290000000000002,0.6552000000000003
-944040600,12.22,12.22,12.22,12.22,NaN,8.786040000000003,11.916799999999991,12.22779295005425,0.4790000000000002,0.6382000000000003
-941535000,12.15,12.15,12.15,12.15,NaN,8.798320000000004,11.92854999999999,12.2122343600434,0.47350000000000014,0.6370000000000003
-938856600,12.27,12.27,12.27,12.27,NaN,8.811280000000002,11.942049999999993,12.22378748803472,0.47850000000000004,0.6226000000000004
-936268200,10.58,10.58,10.58,10.58,NaN,8.820880000000002,11.94979999999999,11.895029990427776,0.5265000000000001,0.6534000000000003
-930997800,9.99,9.99,9.99,9.99,NaN,8.829440000000002,11.95319999999999,11.51402399234222,0.535,0.6602000000000003
-928319400,10.2,10.2,10.2,10.2,NaN,8.838480000000002,11.95989999999999,11.251219193873776,0.5295,0.6632000000000003
-923045400,10.73,10.73,10.73,10.73,NaN,8.847580000000002,11.968349999999992,11.146975355099022,0.4545000000000002,0.6682000000000003
-920367000,10.98,10.98,10.98,10.98,NaN,8.857060000000002,11.98059999999999,11.113580284079218,0.4635000000000001,0.6618000000000002
-915096600,10.55,10.55,10.55,10.55,NaN,8.866540000000002,11.994949999999992,11.000864227263374,0.457,0.6578000000000003
-907320600,9.64,9.64,9.64,9.64,NaN,8.874140000000002,12.007949999999989,10.7286913818107,0.4365,0.6618000000000002
-904732200,9.43,9.43,9.43,9.43,NaN,8.881380000000004,12.019049999999991,10.46895310544856,0.42799999999999994,0.6480000000000002
-899461800,10.26,10.26,10.26,10.26,NaN,8.890540000000003,12.03319999999999,10.427162484358847,0.45500000000000007,0.6502000000000003
-896783400,10.21,10.21,10.21,10.21,NaN,8.899460000000003,12.04784999999999,10.383729987487078,0.457,0.6402000000000004
-894105000,10.24,10.24,10.24,10.24,NaN,8.908400000000004,12.06299999999999,10.354983989989663,0.4005000000000001,0.6184000000000004
-891509400,9.83,9.83,9.83,9.83,NaN,8.916420000000002,12.07494999999999,10.24998719199173,0.41100000000000014,0.6122000000000004
-886239000,8.76,8.76,8.76,8.76,NaN,8.923000000000002,12.08119999999999,9.951989753593384,0.4590000000000002,0.6112000000000004
-883560600,8.93,8.93,8.93,8.93,NaN,8.930100000000003,12.087949999999989,9.747591802874707,0.40600000000000025,0.5988000000000003
-875788200,7.84,7.84,7.84,7.84,NaN,8.934860000000002,12.087849999999989,9.366073442299765,0.4555000000000001,0.6086000000000004
-873196200,7.93,7.93,7.93,7.93,NaN,8.940360000000002,12.087199999999989,9.078858753839812,0.4450000000000001,0.5930000000000004
-870517800,8.33,8.33,8.33,8.33,NaN,8.946380000000003,12.089599999999988,8.92908700307185,0.4615000000000002,0.5912000000000003
-867925800,8.64,8.64,8.64,8.64,NaN,8.953540000000002,12.090849999999989,8.87126960245748,0.4730000000000002,0.5806000000000003
-862569000,8.68,8.68,8.68,8.68,NaN,8.961600000000002,12.089399999999989,8.833015681965984,0.4715000000000001,0.5780000000000004
-859977000,9.32,9.32,9.32,9.32,NaN,8.971320000000004,12.08844999999999,8.930412545572787,0.49750000000000016,0.5802000000000005
-854706600,9.52,9.52,9.52,9.52,NaN,8.980880000000003,12.091699999999989,9.04833003645823,0.4230000000000002,0.5738000000000004
-852028200,10.09,10.09,10.09,10.09,NaN,8.991880000000004,12.097099999999989,9.256664029166584,0.42200000000000026,0.5848000000000004
-849349800,10.69,10.69,10.69,10.69,NaN,9.004380000000003,12.103199999999989,9.543331223333267,0.4415000000000003,0.5752000000000005
-846930600,11.07,11.07,11.07,11.07,NaN,9.017840000000001,12.113949999999988,9.848664978666614,0.43400000000000033,0.5554000000000004
-844252200,11.44,11.44,11.44,11.44,NaN,9.032240000000003,12.126999999999988,10.16693198293329,0.4400000000000002,0.5442000000000005
-838981800,12.1,12.1,12.1,12.1,NaN,9.047700000000003,12.14414999999999,10.553545586346631,0.45150000000000023,0.5134000000000004
-836389800,12.35,12.35,12.35,12.35,NaN,9.063760000000002,12.162899999999988,10.912836469077305,0.4185000000000002,0.4766000000000003
-831033000,11.99,11.99,11.99,11.99,NaN,9.079140000000002,12.183249999999989,11.128269175261844,0.42600000000000016,0.4622000000000003
-828441000,11.88,11.88,11.88,11.88,NaN,9.093980000000004,12.203099999999989,11.278615340209475,0.3900000000000001,0.46080000000000026
-825762600,11.33,11.33,11.33,11.33,NaN,9.107340000000002,12.220399999999989,11.28889227216758,0.4150000000000002,0.4714000000000004
-823170600,11.48,11.48,11.48,11.48,NaN,9.120460000000003,12.238399999999988,11.327113817734064,0.42100000000000026,0.4598000000000004
-817813800,11.77,11.77,11.77,11.77,NaN,9.133600000000003,12.259849999999988,11.415691054187251,0.4150000000000002,0.45720000000000044
-815308200,12.1,12.1,12.1,12.1,NaN,9.147400000000003,12.286299999999988,11.552552843349801,0.3780000000000002,0.45740000000000036
-810037800,12.1,12.1,12.1,12.1,NaN,9.161000000000001,12.311499999999988,11.662042274679841,0.3695000000000002,0.41680000000000034
-807359400,12.67,12.67,12.67,12.67,NaN,9.175960000000003,12.34044999999999,11.863633819743873,0.34350000000000025,0.4268000000000004
-802089000,12.81,12.81,12.81,12.81,NaN,9.191340000000002,12.369949999999987,12.052907055795098,0.3460000000000003,0.41840000000000055
-799410600,12.6,12.6,12.6,12.6,NaN,9.206040000000003,12.40019999999999,12.162325644636079,0.3365000000000003,0.39620000000000055
-794140200,12.82,12.82,12.82,12.82,NaN,9.221020000000003,12.431649999999989,12.293860515708863,0.33200000000000024,0.3930000000000005
-791548200,13.1,13.1,13.1,13.1,NaN,9.236200000000002,12.46489999999999,12.45508841256709,0.34400000000000025,0.3928000000000006
-788869800,13.49,13.49,13.49,13.49,NaN,9.251880000000003,12.499299999999987,12.662070730053673,0.33150000000000024,0.40040000000000053
-786191400,13.94,13.94,13.94,13.94,NaN,9.268180000000003,12.533699999999987,12.917656584042938,0.34400000000000025,0.38620000000000054
-783772200,13.93,13.93,13.93,13.93,NaN,9.284760000000002,12.566799999999986,13.12012526723435,0.3160000000000002,0.3824000000000006
-778501800,14.82,14.82,14.82,14.82,NaN,9.303320000000003,12.603599999999988,13.46010021378748,0.3305000000000003,0.39800000000000063
-775823400,15.09,15.09,15.09,15.09,NaN,9.322160000000004,12.640349999999987,13.786080171029985,0.3250000000000002,0.3788000000000005
-770553000,14.83,14.83,14.83,14.83,NaN,9.340220000000002,12.671849999999985,13.994864136823988,0.31950000000000023,0.3820000000000006
-765279000,16.5,16.5,16.5,16.5,NaN,9.361760000000002,12.712099999999987,14.495891309459191,0.3700000000000002,0.4094000000000006
-762600600,17.04,17.04,17.04,17.04,NaN,9.384660000000004,12.753149999999987,15.004713047567353,0.3845000000000001,0.41880000000000067
-757330200,18.02,18.02,18.02,18.02,NaN,9.409800000000002,12.797949999999988,15.607770438053883,0.4155000000000001,0.43680000000000063
-754651800,18.07,18.07,18.07,18.07,NaN,9.435180000000003,12.844299999999986,16.100216350443105,0.4125000000000002,0.43640000000000073
-752232600,17.53,17.53,17.53,17.53,NaN,9.459640000000004,12.888049999999987,16.386173080354485,0.4120000000000001,0.4448000000000007
-749554200,18.66,18.66,18.66,18.66,NaN,9.486420000000003,12.936849999999986,16.84093846428359,0.46100000000000013,0.43360000000000065
-746965800,18.7,18.7,18.7,18.7,NaN,9.513260000000002,12.983949999999986,17.212750771426872,0.4485000000000001,0.42260000000000053
-741695400,18.05,18.05,18.05,18.05,NaN,9.539200000000003,13.027049999999988,17.380200617141497,0.46449999999999997,0.43140000000000056
-739017000,17.7,17.7,17.7,17.7,NaN,9.564260000000003,13.072199999999986,17.4441604937132,0.48200000000000004,0.4278000000000006
-733743000,14.75,14.75,14.75,14.75,NaN,9.583740000000004,13.104249999999988,16.90532839497056,0.601,0.48180000000000056
-731064600,14.69,14.69,14.69,14.69,NaN,9.602620000000003,13.13719999999999,16.462262715976447,0.5970000000000001,0.47440000000000054
-725794200,15.21,15.21,15.21,15.21,NaN,9.622340000000001,13.173099999999987,16.211810172781156,0.6125,0.4666000000000006
-718018200,14.6,14.6,14.6,14.6,NaN,9.641060000000003,13.204749999999988,15.889448138224925,0.632,0.47460000000000063
-715429800,14.34,14.34,14.34,14.34,NaN,9.659260000000002,13.232299999999988,15.57955851057994,0.631,0.46320000000000056
-710159400,15.77,15.77,15.77,15.77,NaN,9.680200000000003,13.266799999999987,15.617646808463952,0.683,0.4908000000000006
-707481000,15.46,15.46,15.46,15.46,NaN,9.700740000000003,13.301599999999986,15.586117446771162,0.6759999999999999,0.4964000000000006
-704802600,15.06,15.06,15.06,15.06,NaN,9.720500000000003,13.334549999999988,15.48089395741693,0.6955,0.49620000000000064
-702207000,15.45,15.45,15.45,15.45,NaN,9.740760000000002,13.366649999999987,15.474715165933544,0.6705,0.48260000000000064
-696936600,15.03,15.03,15.03,15.03,NaN,9.760220000000002,13.395099999999989,15.385772132746835,0.6779999999999999,0.48760000000000064
-694258200,14.83,14.83,14.83,14.83,NaN,9.779140000000003,13.422999999999991,15.274617706197468,0.675,0.4698000000000006
-689074200,14.3,14.3,14.3,14.3,NaN,9.796940000000003,13.448849999999991,15.079694164957974,0.618,0.4786000000000006
-686395800,15.4,15.4,15.4,15.4,NaN,9.817040000000002,13.475049999999989,15.14375533196638,0.6459999999999999,0.49260000000000054
-681129000,16.82,16.82,16.82,16.82,NaN,9.839920000000003,13.506249999999998,15.479004265573105,0.6679999999999999,0.5148000000000006
-678537000,16.42,16.42,16.42,16.42,NaN,9.861980000000003,13.536949999999997,15.667203412458484,0.6854999999999998,0.5220000000000006
-673180200,15.76,15.76,15.76,15.76,NaN,9.882260000000002,13.562699999999998,15.685762729966788,0.6914999999999999,0.5224000000000006
-670584600,16.19,16.19,16.19,16.19,NaN,9.903560000000002,13.589649999999997,15.78661018397343,0.6565000000000001,0.5270000000000006
-667906200,15.29,15.29,15.29,15.29,NaN,9.923320000000004,13.610599999999998,15.687288147178744,0.6995000000000002,0.5336000000000006
-665314200,15.19,15.19,15.19,15.19,NaN,9.943060000000003,13.628999999999998,15.587830517742995,0.6720000000000003,0.5236000000000007
-659957400,14.77,14.77,14.77,14.77,NaN,9.962440000000003,13.643399999999996,15.424264414194397,0.6755000000000001,0.5244000000000006
-657538200,14.91,14.91,14.91,14.91,NaN,9.983060000000004,13.655649999999998,15.321411531355517,0.5350000000000001,0.5198000000000007
-654859800,14.89,14.89,14.89,14.89,NaN,10.003160000000003,13.666849999999997,15.235129225084414,0.533,0.5070000000000008
-649593000,13.97,13.97,13.97,13.97,NaN,10.021160000000004,13.673349999999997,14.982103380067532,0.553,0.5204000000000008
-647001000,14.76,14.76,14.76,14.76,NaN,10.040780000000002,13.688099999999997,14.937682704054025,0.5619999999999999,0.5290000000000007
-644322600,15.29,15.29,15.29,15.29,NaN,10.061660000000003,13.707149999999997,15.00814616324322,0.5755,0.5374000000000007
-641644200,15.49,15.49,15.49,15.49,NaN,10.083100000000004,13.724049999999998,15.104516930594576,0.514,0.5304000000000006
-636370200,16.11,16.11,16.11,16.11,NaN,10.104660000000003,13.741499999999997,15.30561354447566,0.5295,0.5398000000000007
-633778200,16.54,16.54,16.54,16.54,NaN,10.127080000000003,13.757599999999998,15.552490835580528,0.531,0.5426000000000006
-631013400,16.66,17.09,16.66,17.049999,NaN,10.150359998000004,13.777749994999997,15.851992468464422,0.539,0.5470000000000007
-628421400,17.049999,17.32,16.99,17.219999,NaN,10.173779996000002,13.797899989999996,16.125593774771538,0.5345000000000002,0.5536000000000008
-626002200,17.24,17.559999,17.07,17.290001,NaN,10.197319998000003,13.816899994999996,16.35847521981723,0.5489999500000003,0.5519999800000008
-623151000,17.530001,18.049999,17.530001,17.959999,NaN,10.222079996000003,13.838399989999997,16.678779975853782,0.5604998500000002,0.5643999400000008
-620735400,18.219999,18.780001,18.110001,18.780001,NaN,10.248499998000003,13.862949994999997,17.099024180683024,0.5464999500000003,0.5765999800000007
-618057000,18.77,19.4,17.440001,17.690001,NaN,10.272800000000004,13.880349999999996,17.21721954454642,0.5734999000000002,0.6113999600000007
-615292200,17.639999,17.91,16.68,17.84,NaN,10.297400000000003,13.895099999999998,17.341775635637138,0.6149999000000003,0.6303999600000008
-612786600,18.02,18.82,17.950001,18.42,NaN,10.323000000000004,13.911099999999998,17.55742050850971,0.6309999000000003,0.6421999600000008
-610108200,18.549999,19.450001,18.540001,19.450001,NaN,10.350940002000003,13.928200004999997,17.93593660680777,0.6609999500000001,0.6537999800000007
-607426200,19.690001,20.120001,19.530001,19.530001,NaN,10.378860004000003,13.941150009999996,18.254749485446215,0.6494999499999999,0.6669999800000008
-604834200,19.559999,20.32,19.360001,19.51,NaN,10.406860004000004,13.953400009999998,18.50579958835697,0.6924999,0.6683999600000008
-602242200,19.66,20.43,19,20.43,NaN,10.436700004000002,13.968250009999997,18.890639670685577,0.7429999,0.6915999600000008
-599563800,20.77,21.74,20.690001,21.66,NaN,10.469400004000002,13.989950009999998,19.44451173654846,0.8014998999999999,0.7125999600000007
-596885400,21.77,22.200001,21.76,21.799999,NaN,10.503320002000002,14.007700004999997,19.91560918923877,0.82749995,0.6899999800000007
-594466200,21.85,21.950001,21.25,21.48,NaN,10.537060002000002,14.015100004999997,20.228487351391014,0.8164999999999999,0.6932000000000008
-591701400,21.32,22.43,21.26,22.43,NaN,10.573760002000002,14.032150004999997,20.66878988111281,0.8354999999999999,0.6970000000000007
-589199400,22.530001,22.809999,21.030001,21.52,NaN,10.608060002000002,14.040850004999996,20.83903190489025,0.8979999,0.7315999600000008
-586521000,21.48,22.049999,20.959999,20.959999,NaN,10.640840000000004,14.037649999999996,20.8632253239122,0.9424999,0.7425999600000008
-583842600,21.1,22.629999,21.1,22.4,NaN,10.676820000000003,14.034349999999995,21.17058025912976,0.9949999,0.7533999600000009
-581250600,22.51,23.280001,22.51,23.280001,NaN,10.714740002000003,14.026450004999994,21.592464407303808,1.01749995,0.7701999800000009
-578399400,23.280001,23.709999,23.26,23.26,NaN,10.752500002000003,14.017800004999994,21.925971525843046,1.0124999,0.7661999600000009
-575976600,23.469999,23.85,22.66,22.940001,NaN,10.789360004000004,14.005350009999995,22.128777420674435,1.0554998999999998,0.7829999600000009
-573298200,23.1,23.1,22.4,22.879999,NaN,10.826320002000003,13.993350004999995,22.279021736539548,1.0659999500000001,0.7379999600000009
-570533400,23.01,23.77,23.01,23.77,NaN,10.865180002000002,13.983900004999995,22.577217389231638,1.0725000999999998,0.7545999800000008
-568027800,23.799999,24.66,23.74,24.139999,NaN,10.904640000000002,13.962199999999996,22.88977371138531,1.0775000000000001,0.762599980000001
-565349400,24.299999,24.299999,23.09,23.26,NaN,10.942480000000003,13.927999999999995,22.96381896910825,1.04,0.7745999600000009
-562671000,23.290001,24.370001,23.290001,24.370001,NaN,10.982540002000004,13.909900004999995,23.2450553752866,1.03400005,0.7915999800000009
-560165400,24.18,24.18,23.32,23.32,NaN,11.020680002000002,13.923600004999996,23.260044300229282,1.0375000999999997,0.7840000000000008
-557577000,23.17,23.940001,23.17,23.860001,NaN,11.060020004000004,13.934350009999996,23.380035640183426,1.0245000999999996,0.7932000200000008
-554812200,23.799999,24.959999,23.780001,24.959999,NaN,11.101560002000001,13.931850004999994,23.69602831214674,1.0499999999999998,0.8087999800000008
-552306600,25.120001,25.4,24.809999,25.4,NaN,11.143620002000004,13.939150004999995,24.036822649717394,1.0315000999999997,0.8128000000000007
-549628200,25.450001,25.549999,24.83,25.030001,NaN,11.184460004000002,13.959000009999995,24.235458319773915,0.9960000499999998,0.8187999800000008
-546949800,25.15,25.25,24.450001,24.540001,NaN,11.224100006000002,13.977750014999994,24.296366855819134,0.9704999999999998,0.8307999600000007
-544354200,24.48,24.58,23.799999,24.52,NaN,11.263560006000004,13.996450014999994,24.341093484655307,0.9824999999999997,0.8357999800000008
-541503000,24.6,25.66,24.6,25.66,NaN,11.305380006000004,14.035150014999994,24.604874787724246,1.0044999499999998,0.8365999800000007
-539083800,25.68,26.59,25.610001,26.57,NaN,11.349340006000002,14.090450014999995,24.997899830179396,0.9949998999999998,0.8277999600000007
-536405400,26.540001,26.66,25.860001,26.379999,NaN,11.393560004000003,14.142450009999996,25.274319664143515,0.9459999499999997,0.8357999400000007
-533640600,26.51,26.540001,25.48,25.9,NaN,11.436520004000002,14.192650009999996,25.399455731314813,0.9444999999999995,0.8437999600000006
-531221400,25.93,26.33,25.290001,25.290001,NaN,11.478300006000003,14.247450014999995,25.37756478505185,0.9129999499999993,0.8559999400000006
-528629400,25.25,25.25,24.190001,24.620001,NaN,11.518900008000003,14.301200019999994,25.22605202804148,0.9239998999999994,0.8599999400000006
-526041000,24.73,25.059999,24.459999,24.540001,NaN,11.559900010000003,14.352250024999995,25.088841822433185,0.9314999499999995,0.8699999400000006
-523362600,24.15,24.219999,23.540001,24.139999,NaN,11.600160008000003,14.413800019999995,24.899073257946547,0.9219999499999995,0.8815999400000005
-520770600,24.24,24.75,24.07,24.75,NaN,11.641460008000003,14.486300019999995,24.86925860635724,0.9209999499999995,0.8923999400000006
-517919400,24.84,24.84,23.32,23.32,NaN,11.679660008000003,14.560700019999995,24.559406885085792,0.9524998999999994,0.9223999400000005
-515413800,23.42,23.65,22.709999,23.35,NaN,11.717920008000004,14.635950019999996,24.317525508068634,0.9534999499999992,0.9227999600000005
-512818200,23.49,24.58,23.389999,24.540001,NaN,11.758640010000002,14.717500024999994,24.36202060645491,0.9544999999999991,0.9315999600000004
-510053400,24.66,24.76,24.25,24.76,NaN,11.799780010000003,14.800000024999996,24.441616485163927,0.9244999499999995,0.9311999600000006
-507547800,24.780001,24.99,24.549999,24.809999,NaN,11.841280008000004,14.892650019999996,24.51529298813114,0.8939999499999995,0.9359999800000004
-504869400,24.950001,26.09,24.799999,26.08,NaN,11.884900008000002,14.999200019999996,24.82823439050491,0.9199999499999997,0.9494000000000004
-502191000,25.99,26.299999,25.809999,26.15,NaN,11.928280008000003,15.104900019999997,25.092587512403927,0.8855000499999995,0.9506000000000004
-499771800,26.25,26.940001,26.25,26.940001,NaN,11.972200010000002,15.201950024999997,25.46207020992314,0.8955000499999997,0.9554000200000005
-497093400,27.17,28.26,27.01,28.26,NaN,12.019080010000003,15.301950024999996,26.021656167938513,0.9255000499999998,0.9752000000000005
-494332200,28.209999,29.190001,28.209999,29.190001,NaN,12.068160012000002,15.412650029999995,26.65532513435081,0.9345001999999998,0.9850000600000004
-491826600,29.190001,29.43,28.15,29.209999,NaN,12.117080010000004,15.524600024999998,27.166259907480647,0.9595001499999999,0.9954001000000006
-489234600,29.209999,30.879999,29.209999,30.879999,NaN,12.169100008000003,15.647750019999997,27.90900772598452,0.98600015,1.0124000600000005
-486469800,30.99,31.209999,29.83,29.83,NaN,12.219460008000002,15.765750019999995,28.293206180787614,1.0060001500000002,1.0008000600000004
-483877800,30.040001,32.689999,30.040001,32.310001,NaN,12.274940010000002,15.882950024999996,29.09656514463009,1.1090001500000004,1.0334000400000007
-481282200,32.290001,32.759998,31.68,31.68,NaN,12.328180010000002,15.989400024999995,29.61325211570407,1.1100000000000005,1.0354000000000005
-478603800,31.790001,34.549999,31.790001,34.240002,NaN,12.386500014000017,16.107250034999996,30.538602092563256,1.2015000000000005,1.0721999600000007
-476011800,33.990002,35.98,33.990002,35.98,NaN,12.447920014000017,16.234250034999995,31.626881674050605,1.2459999000000004,1.0985999200000007
-473160600,36.75,36.75,34.580002,36.630001,NaN,12.510660016000019,16.368500039999997,32.62750553924048,1.3244998000000003,1.1227999000000006
-470655000,36.720001,37.150002,36.439999,36.759998,NaN,12.573540012000018,16.502450029999995,33.45400403139239,1.3099999500000004,1.1083999600000007
-468235800,36.830002,37.52,34.959999,36.580002,NaN,12.635400016000018,16.632650039999994,34.07920362511391,1.4040000000000004,1.1333999800000008
-465557400,36.950001,38.32,36.830002,37.959999,NaN,12.698700014000018,16.765850034999993,34.85536270009113,1.4149999000000004,1.1573999200000007
-462882600,38.040001,38.040001,36.970001,37.91,NaN,12.761720014000018,16.901700034999994,35.4662901600729,1.4214998500000002,1.1647999000000007
-460290600,37.959999,41.029999,37.959999,41.029999,NaN,12.831360012000017,17.057800029999996,36.57903192805832,1.5159998000000001,1.2037998800000007
-457698600,41.189999,43.759998,41.189999,43.52,NaN,12.906260012000017,17.225700029999995,37.967225542446656,1.6269997500000002,1.222799900000001
-455020200,42.93,43.18,41.740002,43.18,NaN,12.979740012000017,17.396100029999992,39.009780433957324,1.6939996000000008,1.236599860000001
-452341800,43.369999,45.630001,42.610001,43.669998,NaN,13.054340008000018,17.569700019999992,39.94182394716586,1.7804995500000007,1.263599860000001
-449577000,42.490002,42.990002,40.799999,42.34,NaN,13.126100008000018,17.735400019999997,40.421459157732684,1.899499500000001,1.3033998200000008
-447067800,42.279999,46.41,42.279999,45.509998,NaN,13.205080004000017,17.916650009999994,41.43916692618615,2.066499500000001,1.3769998600000009
-444475800,45.349998,45.889999,44.950001,45.48,NaN,13.283840004000018,18.099150009999995,42.247333540948915,2.047499450000001,1.371999820000001
-441711000,45.16,45.16,43.110001,43.82,NaN,13.359060004000018,18.276200009999993,42.56186683275913,2.1169993000000007,1.405399800000001
-439119000,44.029999,45.43,43.419998,45.34,NaN,13.437220004000016,18.457700009999993,43.11749346620731,2.1534994000000007,1.4277998200000008
-436613400,45.540001,48.869999,45.540001,48.48,NaN,13.522100004000018,18.65135000999999,44.189994772965846,2.2464993500000006,1.4799998000000008
-433848600,48.700001,48.849998,47.09,48.380001,NaN,13.607140006000018,18.840000014999994,45.027996018372676,2.2654993,1.4909997800000008
-431346600,48.16,48.509998,44.099998,45.200001,NaN,13.685660008000017,19.009150019999993,45.06239701469814,2.3429993500000004,1.5569997600000007
-428668200,45.580002,47.130001,45.139999,46.970001,NaN,13.767580010000017,19.18440002499999,45.44391781175852,2.3884995499999997,1.575799780000001
-425989800,46.93,49.48,46.93,49.389999,NaN,13.853400008000017,19.366150019999992,46.233134049406814,2.3724996,1.611399760000001
-423397800,49.619999,49.639999,46.939999,47.509998,NaN,13.93428000400002,19.53490000999999,46.48850683952545,2.4079997,1.6417998000000011
-420546600,47.889999,48.099998,45.349998,45.349998,NaN,14.010480000000017,19.68724999999999,46.26080507162036,2.4369997999999997,1.6849997800000012
-418127400,44.700001,47,44.700001,45.580002,NaN,14.086620004000016,19.844700009999993,46.12464445729629,2.5164996,1.716599780000001
-415445400,46.52,47.599998,44.380001,45.080002,NaN,14.160500008000017,19.996650019999993,45.91571596583703,2.5494993999999997,1.764999740000001
-412680600,45.98,47.040001,45.84,46.669998,NaN,14.238380004000017,20.15220000999999,46.066572372669626,2.5604994499999996,1.788599700000001
-410175000,46.200001,46.66,44.400002,44.720001,NaN,14.311960006000017,20.295550014999993,45.7972580981357,2.62049925,1.811199620000001
-407496600,44.619999,44.619999,42.389999,43.259998,NaN,14.382400002000017,20.427400004999996,45.28980607850856,2.5809993999999996,1.8381996800000011
-405077400,43.740002,44.23,43.740002,44.110001,NaN,14.454800004000017,20.56265000999999,45.05384506280685,2.492999549999999,1.8415997400000008
-402399000,44.139999,45.740002,44.139999,45.740002,NaN,14.530120008000019,20.703400019999993,45.19107645024548,2.485499699999999,1.8529997400000011
-399810600,46.02,47.43,46.02,47.43,NaN,14.608740008000018,20.850000019999992,45.638861160196385,2.4189995999999985,1.865999720000001
-396959400,47.369999,48.240002,46.779999,47.369999,NaN,14.686520006000016,20.996400014999995,45.98508872815711,2.3484997999999986,1.873199780000001
-394540200,47.43,49.130001,47.43,47.91,NaN,14.765420006000017,21.150900014999994,46.37007098252569,2.2299998499999987,1.896399820000001
-391861800,47.790001,47.790001,43.889999,45.220001,NaN,14.838660008000017,21.298800019999995,46.140056986020554,2.383999999999998,1.9567998400000008
-389097000,45.439999,45.439999,42.419998,42.419998,NaN,14.905840004000018,21.428050009999993,45.396045188816444,2.416500099999998,2.003599860000001
-386591400,42.759998,43.139999,38.98,41.060001,NaN,14.970260006000016,21.561500014999993,44.52883635105316,2.5239999499999985,2.056399840000001
-383909400,40.439999,41.720001,39.439999,41.720001,NaN,15.036560008000016,21.70870001999999,43.96706928084253,2.461500099999999,2.083199860000001
-381231000,41.360001,41.540001,39.380001,39.990002,NaN,15.100440012000018,21.852650029999992,43.171655824674026,2.490500199999999,2.1053998600000012
-378639000,40.330002,41.880001,40.330002,41.700001,NaN,15.166920014000018,22.006050034999994,42.87732485973922,2.364500149999999,2.1329998400000014
-375787800,42.040001,42.459999,40.610001,40.84,NaN,15.233100014000017,22.155050034999995,42.46985988779137,2.35749995,2.1611997800000013
-373368600,41.130001,42.580002,41.130001,42.099998,NaN,15.302100010000016,22.31400002499999,42.395887510233095,2.3170000499999994,2.1701998000000016
-370863000,41.93,43.439999,41.330002,43.439999,NaN,15.374620008000017,22.48175001999999,42.60470980818648,2.2874998999999994,2.2025997400000015
-368274600,43.540001,44.09,43.119999,44.09,NaN,15.449100008000018,22.651150019999992,42.901767846549184,2.1984999499999995,2.2061997400000015
-365509800,44.310001,45.34,44.310001,45.240002,NaN,15.526640012000017,22.81615002999999,43.36941467723935,2.146,2.2047997600000016
-363004200,45.279999,47.189999,45.110001,47.189999,NaN,15.608500010000018,22.990550024999994,44.13353154179148,2.0890000499999997,2.226799680000002
-360325800,47.490002,48.16,47.220001,47.75,NaN,15.690860010000018,23.17055002499999,44.856825233433185,2.03950015,2.2205997000000015
-357647400,48,50.060001,47.970001,50.060001,NaN,15.777620012000018,23.355500029999988,45.897460386746545,2.0415004,2.2333997200000018
-355055400,49.98,51.619999,49.98,51.330002,NaN,15.867280016000016,23.54870003999999,46.98396870939724,2.00700025,2.2385997200000016
-352200600,51.560001,53.240002,51.02,52.48,NaN,15.959280016000017,23.749100039999988,48.08317496751779,2.06950025,2.2257997800000013
-349781400,52.689999,55.209999,52.459999,55.209999,NaN,16.056420014000018,23.96320003499999,49.50853977401423,2.1255002000000003,2.2591998200000014
-347103000,55.439999,56.040001,54.889999,55.450001,NaN,16.15430001600002,24.18430003999999,50.696832019211385,2.0985003999999994,2.2247998800000013
-344338200,55.209999,55.52,53.580002,55.41,NaN,16.251560016000017,24.40420003999999,51.639465615369105,2.1225001499999996,2.2237998800000014
-341919000,55.73,56.669998,55.439999,55.439999,NaN,16.348420014000016,24.623700034999988,52.39957229229528,2.0974999499999996,2.2055998800000016
-339327000,55.689999,58.169998,55.689999,57.59,NaN,16.44896001400002,24.84780003499999,53.43765783383623,2.03299985,2.2459998000000017
-336738600,57.650002,58.68,56.880001,58.68,NaN,16.54998001400002,25.077850034999987,54.48612626706898,1.9719997499999997,2.230799760000002
-334060200,58.630001,58.630001,56.360001,58.470001,NaN,16.65042001600002,25.30835003999999,55.28290121365519,1.8799997499999996,2.2423997800000013
-331468200,58.970001,60.619999,58.91,60.509998,NaN,16.75384001200002,25.549400029999987,56.32832057092415,1.8734995499999993,2.2639997400000014
-328617000,60.709999,60.709999,58.27,59.599998,NaN,16.85494000800002,25.786300019999988,56.982656056739316,1.878499499999999,2.2503997400000015
-326111400,58.869999,58.919998,55.139999,56.880001,NaN,16.951700010000017,26.009950024999988,56.96212504539145,2.0069994999999987,2.2849997400000017
-323519400,56.939999,57.52,56,57.52,NaN,17.04954001000002,26.236200024999988,57.07370003631316,1.9904995999999986,2.2797997800000016
-320751000,57.41,58.279999,56.220001,58.279999,NaN,17.14770000800002,26.47470001999999,57.31495982905053,2.0064993999999983,2.2605997400000013
-318245400,58.700001,59.889999,58.599998,59.889999,NaN,17.249020006000016,26.724200014999994,57.829967663240424,1.9814995499999988,2.2353997600000013
-315567000,59.91,60.389999,55.610001,55.610001,NaN,17.341620008000017,26.951250019999993,57.38597433059234,2.1719993999999985,2.2483997
-312888600,55.959999,56.82,54.73,56.119999,NaN,17.434780006000018,27.178200014999994,57.132779264473875,2.213999399999999,2.27139974
-310383000,56.009998,56.009998,53.470001,55.34,NaN,17.525720006000018,27.400000014999993,56.7742234115791,2.2424993999999985,2.2769997199999996
-307704600,55.43,56.59,54.369999,54.369999,NaN,17.614860004000015,27.619100009999993,56.29337852926328,2.304999399999999,2.2811996999999997
-305029800,54.130001,55.830002,54.130001,55.830002,NaN,17.70740000800002,27.850050019999994,56.20070322341062,2.274499399999999,2.24459974
-302437800,55.889999,58,55.889999,56.919998,NaN,17.802880004000016,28.087500009999996,56.344562178728495,2.3009993499999988,2.25279974
-299845800,57.060001,57.380001,54.169998,55.509998,NaN,17.895300000000017,28.31374999999999,56.1776493429828,2.3504993999999995,2.2287998
-297167400,55.529999,58.07,54.720001,56.959999,NaN,17.989759998000014,28.54749999499999,56.33411927438624,2.380499349999999,2.25599974
-294489000,57.09,57.09,52.48,53.52,NaN,18.077339998000017,28.76389999499999,55.771295419508995,2.5534992499999998,2.29719974
-291724200,53.360001,54.860001,52.200001,53.389999,NaN,18.16425999600002,28.98169998999999,55.2950361356072,2.5894993499999996,2.2963997399999996
-289215000,53.939999,56.43,53.939999,55.540001,NaN,18.25621999800002,29.215599994999987,55.344029108485756,2.678499499999999,2.3021997599999997
-286623000,55.299999,58.110001,55.299999,58.110001,NaN,18.353920000000016,29.461499999999987,55.897223486788604,2.682499649999999,2.3123998199999996
-283858200,57.57,61.970001,57.57,61.779999,NaN,18.460779998000017,29.731199994999987,57.07377858943088,2.8124997499999993,2.3359999
-281266200,61.900002,63.439999,61.139999,63.439999,NaN,18.570879996000016,30.00874998999999,58.34702267154471,2.811499799999999,2.3427999199999996
-278847000,63.43,65.059998,63.380001,65.059998,NaN,18.68479999199999,30.292399979999992,59.689617737235764,2.7879997499999987,2.3309999399999994
-275995800,65.599998,68.68,64.400002,65.309998,NaN,18.799139987999993,30.57574996999999,60.81369378978861,2.879999699999999,2.3699998599999996
-273580200,65.169998,67.389999,65.169998,66.559998,NaN,18.917199983999993,30.86514995999999,61.96295463183088,2.7679997999999992,2.3949998399999997
-270901800,66.559998,67.080002,64.470001,64.639999,NaN,19.033199981999992,31.14174995499999,62.49836350546471,2.822499849999999,2.4145998399999997
-268137000,65.209999,66.760002,64.410004,66.760002,NaN,19.154219985999994,31.42794996499999,63.35069120437177,2.836999849999999,2.4277998399999996
-265631400,67.370003,68.440002,66.940002,68.07,NaN,19.27665998599999,31.717849964999992,64.29455296349741,2.8404998499999996,2.4321997799999995
-262953000,68.190002,68.459999,65.769997,66.730003,NaN,19.395639991999992,31.998049979999987,64.78164297079793,2.7360000499999986,2.450799779999999
-260274600,66.769997,68.620003,66.730003,68.620003,NaN,19.51761999799999,32.28579999499999,65.54931497663834,2.726000049999999,2.4081997599999996
-257679000,68.730003,71.849998,68.730003,71.32,NaN,19.644979997999993,32.58519999499999,66.70345198131068,2.7549998999999987,2.4123996399999994
-255087000,71.779999,72.639999,70.860001,71.550003,NaN,19.772240003999993,32.882450009999985,67.67276218504854,2.7329997499999985,2.3647996199999994
-252408600,71.550003,71.959999,67.550003,68.839996,NaN,19.893579995999993,33.16489998999999,67.90620894803884,2.8684994999999986,2.4073994999999995
-249730200,68.839996,71.129997,68.559998,69.959999,NaN,20.016959993999993,33.454749984999985,68.31696695843107,2.888499549999999,2.41199948
-247311000,69.959999,71.440002,69.160004,69.550003,NaN,20.13799999999999,33.743099999999984,68.56357416674486,2.841999299999999,2.4197994599999997
-244546200,69.550003,69.82,64.949997,65.239998,NaN,20.250359995999993,34.012649989999986,67.89885893339589,2.917999499999999,2.48019956
-242044200,65.239998,66.93,53.130001,59.630001,NaN,20.352019997999992,34.25339999499999,66.2450873467167,3.3774994500000006,2.7213995
-239365800,59.630001,59.959999,51.349998,54.75,NaN,20.443679997999993,34.46829999499999,63.94606987737336,3.674999500000001,2.85139958
-236687400,54.75,58.669998,54.470001,58.23,NaN,20.541499997999992,34.698949994999985,62.80285590189869,3.732999300000001,2.9159995
-234095400,58.23,60.330002,56.759998,59.119999,NaN,20.640139995999995,34.934049989999984,62.06628452151895,3.770999400000001,2.96239958
-231244200,59.119999,59.540001,55.529999,56.27,NaN,20.732799995999994,35.15204998999999,60.907027617215164,3.7514994500000007,3.0009996599999997
-228825000,56.27,57.830002,52.549999,56.52,NaN,20.825459995999996,35.37059998999999,60.02962209377213,3.9004996000000007,3.0871996999999998
-226143000,56.52,62.779999,55.900002,62.259998,NaN,20.929519991999992,35.61889997999999,60.47569727501771,4.1604996000000005,3.17859962
-223378200,62.259998,63.5,61.279999,63.099998,NaN,21.035359987999993,35.87029996999999,61.00055742001417,4.05749975,3.19019966
-220872600,63.099998,66.589996,62.32,66.199997,NaN,21.147159981999994,36.13579995499998,62.04044533601133,4.1599995000000005,3.23119954
-218194200,66.309998,66.959999,64.080002,64.290001,NaN,21.256299983999995,36.38979995999998,62.49035646880907,4.173499300000001,3.23379948
-215775000,64.290001,67.010002,63.799999,66.57,NaN,21.369519983999997,36.65294995999999,63.30628517504725,4.216499550000001,3.2749995000000007
-213096600,66.57,70.18,66.230003,69.800003,NaN,21.489679989999992,36.932299974999985,64.6050287400378,4.329999400000001,3.3151994800000004
-210508200,69.800003,71.139999,69.029999,70.800003,NaN,21.613079995999993,37.21219998999999,65.84402359203024,4.300999300000002,3.3321995200000005
-207657000,70.800003,71.239998,68.779999,69.370003,NaN,21.734540001999996,37.483600004999985,66.54921947362419,4.329499250000001,3.3267995200000007
-205237800,69.370003,70.480003,67.540001,69.129997,NaN,21.855099995999993,37.755099989999984,67.06537497889936,4.314999600000001,3.3495995800000005
-202559400,69.129997,72.709999,68.639999,72.5,NaN,21.982279995999995,38.035099989999985,68.15229998311949,4.429499699999999,3.3845996
-199794600,72.5,73.870003,71.279999,71.699997,NaN,22.107059989999993,38.308399974999986,68.86183938649559,4.3385001,3.3933997200000006
-197289000,71.699997,75.18,71.57,74.010002,NaN,22.236979993999995,38.58834998499999,69.89147190919647,4.390500149999999,3.4167997400000005
-194607000,74.010002,74.440002,69.480003,73.230003,NaN,22.364579999999993,38.86414999999999,70.55917812735717,4.5245002,3.4267997400000016
-191928600,73.230003,75.360001,73.019997,75.019997,NaN,22.495979993999995,39.15159998499998,71.45134190188574,4.39800025,3.4431998200000016
-189336600,75.019997,77.779999,74.82,77.040001,NaN,22.631099995999993,39.443499989999985,72.56907372150859,3.85600025,3.461199840000002
-186485400,77.040001,78.309998,76.360001,77.800003,NaN,22.767360001999993,39.73900000499999,73.61525957720687,3.5230000500000003,3.4679997800000018
-184066200,77.800003,79.889999,77.5,78.980003,NaN,22.906980007999994,40.04365001999999,74.6882082617655,3.4325001500000005,3.4201998000000016
-181474200,78.980003,81.199997,78.669998,79.459999,NaN,23.04856000599999,40.35245001499999,75.6425664094124,3.3804999000000002,3.4289997800000016
-178885800,79.459999,81.809998,79.459999,80.370003,NaN,23.191160011999994,40.680550029999985,76.58805372752991,3.29749975,3.4229998000000013
-176207400,80.370003,82.099998,78.150002,81.690002,NaN,23.336320015999995,41.01555003999999,77.60844338202394,3.2309994000000004,3.457599700000001
-173615400,81.690002,84.330002,81.459999,83.18,NaN,23.484440015999994,41.355400039999985,78.72275470561915,3.030499700000001,3.4809997400000015
-170764200,83.18,83.489998,80.800003,81.830002,NaN,23.630020019999993,41.69155004999999,79.34420416449532,3.0539994000000004,3.491399680000001
-168258600,81.830002,84.800003,81.57,84.18,NaN,23.779780019999993,42.040750049999986,80.31136333159625,3.0019997500000004,3.491799680000001
-165666600,84.18,85.699997,83.650002,84.860001,NaN,23.930320021999993,42.38620005499999,81.221090865277,2.9604996500000005,3.4657996000000013
-162898200,84.860001,86.800003,84.099998,84.419998,NaN,24.080000017999996,42.731000044999995,81.8608722922216,2.934999750000001,3.4275997000000014
-160392600,84.419998,85.18,82.650002,84.75,NaN,24.230320017999993,43.07945004499999,82.43869783377728,2.863999800000001,3.4249996600000014
-157714200,84.75,88.190002,83.769997,87.559998,NaN,24.385820013999993,43.44000003499998,83.46295786702183,2.9795000500000013,3.452599740000001
-155035800,87.559998,88.059998,85.25,87.43,NaN,24.541000013999994,43.80200003499999,84.25636629361746,2.9970000000000017,3.4525996600000015
-152616600,87.43,87.93,85.650002,86.160004,NaN,24.693860021999992,44.15865005499999,84.63709383489397,2.9639998000000025,3.410199600000001
-149938200,86.160004,89.639999,85.870003,89.110001,NaN,24.853480023999992,44.53270005999999,85.53167526791518,2.948999600000003,3.4395995200000016
-147177000,89.110001,90.68,87.239998,88.419998,NaN,25.012740019999995,44.89780004999999,86.10933981433215,2.991499500000004,3.4747996200000015
-144671400,88.419998,88.800003,80.730003,84.120003,NaN,25.163880025999994,45.234300064999985,85.71147245146571,3.214499500000003,3.5505996599999996
-142079400,84.120003,86.470001,83.300003,85.25,NaN,25.317920025999992,45.57845006499999,85.61917796117257,3.124999450000002,3.5695995999999997
-139314600,85.25,87.790001,84.800003,87.169998,NaN,25.475360021999993,45.935500054999984,85.92934196893806,3.1574991500000023,3.5771995399999996
-136722600,87.169998,91.129997,86.690002,89.959999,NaN,25.638220019999995,46.30435004999998,86.73547337515045,3.2314989500000015,3.61899948
-134130600,89.959999,93.190002,89.300003,92.419998,NaN,25.806540015999996,46.69000003999999,87.87237830012036,3.3284990500000022,3.6631994599999995
-131448600,92.419998,93.300003,90.809998,91.610001,NaN,25.973680017999996,47.072100044999985,88.61990284009629,3.3334993500000025,3.6591995199999996
-128856600,91.610001,93.07,89.199997,92.43,NaN,26.141800017999994,47.460400044999986,89.38192227207703,3.4004995500000037,3.6987995799999998
-126005400,92.43,94.639999,91.629997,92.879997,NaN,26.311320011999992,47.85025002999999,90.08153721766163,3.4334997000000036,3.6943997199999994
-123499800,92.879997,94.720001,90.43,91.220001,NaN,26.477420013999996,48.23190003499998,90.30922997412931,3.4504999500000033,3.7445997799999993
-121080600,91.220001,91.650002,86.690002,89.230003,NaN,26.639620019999995,48.60820004999999,90.09338457930345,3.554999800000003,3.7555998599999993
-118402200,89.230003,93.019997,88.959999,91.059998,NaN,26.806380015999995,48.98970003999999,90.28670726344275,3.623499950000004,3.7853998399999993
-115727400,91.059998,91.75,83.18,86.129997,NaN,26.963280009999995,49.34390002499998,89.4553652107542,3.8904998000000006,3.9111998800000003
-113135400,86.129997,87.739998,83.75,84.739998,NaN,27.117400005999997,49.69015001499998,88.51229176860336,3.987499950000001,3.8935997800000006
-110543400,84.739998,88.190002,83.050003,83.599998,NaN,27.269900001999996,50.02760000499998,87.52983301488268,4.109499650000001,3.7203997800000006
-107865000,83.5,84.699997,73.910004,77.099998,NaN,27.409139997999993,50.33039999499998,85.44386601190615,4.5224994,3.7639996200000003
-105186600,77.099998,80.809998,75.029999,76.559998,NaN,27.547499993999995,50.62794998999999,83.66709240952493,4.5904991,3.7955996599999997
-102421800,76.559998,80.910004,72.279999,80.199997,NaN,27.692759987999995,50.942849979999984,82.97367332761993,4.88149945,3.8967996799999995
-99912600,80.199997,83.010002,78.889999,80.449997,NaN,27.837379981999995,51.258649959999985,82.46893806209594,4.9734997,3.898999699999999
-97320600,80.449997,83.879997,79.489998,80.330002,NaN,27.981959985999996,51.57049997499998,82.04115084967675,5.004499849999999,3.88119962
-94555800,80.330002,88.169998,79.43,86.610001,NaN,28.139159987999996,51.90964997499999,82.95492087974141,5.269499649999998,3.91839964
-91963800,86.610001,89,85.610001,86.779999,NaN,28.295399985999996,52.25509996499998,83.71993650379312,5.035499599999999,3.9417995999999995
-89544600,86.779999,91.720001,86.669998,90.199997,NaN,28.457519979999997,52.616899949999976,85.0159486030345,5.129499849999998,3.957399739999999
-86693400,90.199997,94.769997,87.860001,94.010002,NaN,28.626619983999994,52.99484995999998,86.8147592824276,5.325499749999999,4.037999719999999
-84277800,94.010002,95.25,88.709999,89.080002,NaN,28.785819987999997,53.34299996499998,87.26780782594209,5.430500049999999,4.10459968
-81599400,89.080002,93.279999,87.190002,90.639999,NaN,28.948699985999998,53.69854995499998,87.94224606075367,5.540499949999999,4.1473996799999995
-78834600,90.639999,95.510002,90.120003,94.75,NaN,29.119859985999994,54.07474995499998,89.30379684860294,5.685499649999999,4.2129996599999995
-76329000,94.75,96.669998,92.010002,93.639999,NaN,29.288599983999994,54.440799949999985,90.17103727888235,5.7249992999999995,4.256999599999999
-73650600,93.639999,98.309998,93,96.709999,NaN,29.46329998199999,54.81604994499999,91.47882962310588,5.839999099999999,4.30439952
-70972200,96.709999,98.25,93.290001,93.300003,NaN,29.631299987999995,55.173549964999985,91.8430642984847,5.873499,4.322199499999999
-68376600,93.300003,95.510002,90.089996,94,NaN,29.799939987999995,55.536149964999986,92.27445143878776,5.8964993,4.37879954
-65784600,94,96.900002,93.410004,96.470001,NaN,29.972459989999997,55.90634996999998,93.11356135103021,5.8679993,4.3763995
-63106200,96.470001,97.839996,91.269997,92.239998,NaN,30.137339985999997,56.25994995999998,92.93884868082417,5.767999250000001,4.408599499999999
-60427800,92.239998,93.440002,86.730003,89.360001,NaN,30.296919987999996,56.60194996999998,92.22307914465934,5.903999300000001,4.4959994
-57922200,89.360001,91.089996,86.989998,90.199997,NaN,30.459259981999995,56.94094995499998,91.81846271572746,5.85199925,4.51879938
-55243800,91.110001,98.610001,91.110001,97.459999,NaN,30.635559979999993,57.31184994499998,92.94676997258198,5.7329998,4.64799952
-52655400,97.459999,100.190002,95.800003,98.68,NaN,30.815199979999996,57.688949944999976,94.09341597806558,5.6634998,4.68799952
-49804200,98.720001,102.839996,98.720001,99.580002,NaN,30.996279983999994,58.072149949999975,95.19073318245246,5.43999935,4.72059946
-47385000,99.580002,103.669998,96.839996,97.739998,NaN,31.174699979999993,58.446449944999976,95.70058614596196,5.575499300000001,4.81019952
-44706600,97.739998,99.669998,95.790001,98.860001,NaN,31.357059981999996,58.82189994999998,96.33246911676957,5.5499992,4.80879954
-41941800,98.860001,103.629997,98.309998,102.669998,NaN,31.548319977999995,59.21454994499998,97.59997489341566,5.3789992500000015,4.857799460000001
-39436200,102.669998,105.779999,101.800003,103.410004,NaN,31.740719985999995,59.61529996499998,98.76198071473253,5.4084991,4.88359948
-36754200,103.410004,109.089996,101.849998,108.370003,NaN,31.942599991999995,60.03529997499998,100.68358517178602,5.517998850000001,4.96379938
-34075800,108.370003,109.370003,102.980003,103.860001,NaN,32.135759994,60.43799997999998,101.31886833742881,5.49199905,5.05059948
-31483800,103.860001,104.870003,96.629997,103.010002,NaN,32.327359998,60.833749984999976,101.65709506994305,5.576999299999999,5.1613995
-28632600,103.010002,104.610001,97.360001,98.129997,NaN,32.508739991999995,61.199599974999984,100.95167545595444,5.63499945,5.255799540000001
-26213400,98.129997,102.349998,97.059998,101.510002,NaN,32.696739996,61.58014998499998,101.06334076476355,5.629999499999999,5.273199440000001
-23707800,101.510002,104.559998,99.080002,103.690002,NaN,32.88896,61.97344998999998,101.58867301181084,5.670999499999999,5.3265994
-21119400,103.690002,106.739998,102.290001,103.459999,NaN,33.08015999799999,62.36804997999998,101.96293820944867,5.627999449999999,5.36999938
-18354600,103.459999,103.75,95.209999,97.709999,NaN,33.259459996,62.73399997499998,101.11235036755893,5.8069995500000005,5.465399479999999
-15849000,97.709999,100.330002,88.040001,91.830002,NaN,33.42742,63.064849984999974,99.25588069404715,6.1504993,5.64239946
-13170600,91.919998,96.43,91.480003,95.510002,NaN,33.601660003999996,63.40954999499998,98.50670495523772,6.223499250000001,5.5799994
-10492200,95.510002,96.620003,91.769997,93.120003,NaN,33.76996001,63.74325001499997,97.42936456419018,6.137499600000001,5.61359956
-7900200,93.120003,98.830002,91.660004,97.120003,NaN,33.945180016,64.09935002999998,97.36749225135215,6.16049955,5.6971995600000005
-5045400,97.120003,99.230003,92.239998,93.809998,NaN,34.115060011999994,64.44195001499997,96.65599340108172,6.3049999,5.74819976
-2626200,93.809998,94.470001,88.620003,92.059998,NaN,34.281160008,64.77914999999997,95.73679432086537,6.1769996,5.78739974
52200,92.059998,94.25,84.419998,85.019997,NaN,34.43226000199999,65.08154997999998,93.5934348566923,6.4489997500000005,5.934199679999999
2817000,85.019997,90.330002,84.639999,89.5,NaN,34.593420002,65.40834998499997,92.77474788535383,6.5255000999999995,5.97059968
5236200,89.5,91.07,86.190002,89.629997,NaN,34.755019995999994,65.73274996999997,92.14579770828307,6.427999899999998,6.0079996
7828200,89.629997,90.699997,79.309998,81.519997,NaN,34.90071999,66.02374995499997,90.02063756662646,6.803499999999998,6.14999956
10416600,81.519997,82.32,68.610001,76.550003,NaN,35.03661999599999,66.28974996999997,87.32651065330117,7.222999999999997,6.32499954
13095000,76.550003,79.959999,72.25,72.720001,NaN,35.166219997999995,66.53064996999997,84.40520872264094,7.409500149999998,6.39799956
15687000,72.720001,79.029999,70.690002,78.050003,NaN,35.30650000399999,66.79709998499997,83.13416757811275,7.464500099999998,6.393399499999999
18538200,78.050003,82.470001,74.129997,81.519997,NaN,35.453799997999994,67.08064997499997,82.8113334624902,7.562000299999997,6.480399619999999
21043800,81.519997,84.989998,79.949997,84.300003,NaN,35.60664000399999,67.37174998999997,83.10906736999216,7.402000049999998,6.478399659999999
23635800,84.300003,87.75,82.290001,83.25,NaN,35.758180003999996,67.65724998999997,83.13725389599372,7.312499999999997,6.371799779999999
26404200,83.25,87.599998,82.230003,87.199997,NaN,35.918959998,67.95854996999998,83.94980251679497,7.316499749999997,6.3635997
28909800,87.199997,92.989998,86.110001,92.150002,NaN,36.089140002,68.27799997999998,85.58984241343597,7.3864997999999975,6.328599539999999
31588200,92.150002,96.489998,90.639999,95.879997,NaN,36.267139996,68.61144995999997,87.64787333074878,7.456499899999997,6.36319946
34266600,95.879997,99.589996,94.919998,96.75,NaN,36.446819995999995,68.94914996499998,89.46829866459902,7.262999749999996,6.368799439999999
36685800,96.75,102.029999,96.110001,100.309998,NaN,36.634339991999994,69.29629995999998,91.63663853167921,6.944499599999998,6.312399439999999
39364200,100.309998,105.599998,99.629997,103.949997,NaN,36.82917998599999,69.66689994499998,94.09931022534337,6.995499799999996,6.363999479999999
42125400,103.949997,104.419998,98.68,99.629997,NaN,37.01553997999999,70.00349992499997,95.2054475802747,7.039999399999997,6.377799379999999
44631000,99.629997,102.07,96.919998,98.699997,NaN,37.199719974,70.33859990999997,95.90435746421976,6.938999599999997,6.342599499999999
47223000,99.160004,101.519997,95.080002,95.580002,NaN,37.376759977999995,70.64529990999998,95.8394863713758,6.911499099999998,6.340599379999999
49987800,95.580002,101.510002,92.809998,99.029999,NaN,37.56019997599999,70.96054990499997,96.47758889710065,7.053999399999998,6.392799519999999
52579800,99.029999,102.25,96.970001,98.339996,NaN,37.741959967999996,71.26909987999997,96.85007031768052,6.826499249999998,6.390599519999999
55171800,98.339996,100.959999,92.959999,94.230003,NaN,37.91493997399999,71.55644990499997,96.32605685414441,6.9419990999999985,6.457399599999999
57853800,94.230003,96.080002,89.339996,93.989998,NaN,38.085859969999994,71.84349988499997,95.85884508331553,7.034999499999998,6.4859997599999994
60445800,93.989998,102.209999,93.949997,102.089996,NaN,38.273139961999995,72.16414986999997,97.10507526665242,6.8784996499999975,6.55199982
63297000,102.089996,105,100.870003,103.940002,NaN,38.463359966,72.49429987999997,98.47206061332194,6.399499549999999,6.52619964
65802600,103.940002,107.160004,103.099998,106.57,NaN,38.65837996599999,72.82199988499997,100.09164849065755,6.216999899999999,6.537599799999999
68308200,106.57,109.75,105.860001,107.199997,NaN,38.855179959999994,73.14039986999997,101.51331819252604,5.9944999999999995,6.4839998
71159400,107.199997,111.110001,106.18,107.669998,NaN,39.052959956,73.46284985999996,102.74465415402084,5.823999849999998,6.4483998399999995
73575000,107.669998,111.480003,103.830002,109.529999,NaN,39.25421995399999,73.79214986499997,104.10172312321667,5.954499849999998,6.5193999
76253400,109.529999,110.510002,105.940002,107.139999,NaN,39.449939951999994,74.11614985999996,104.70937829857334,5.909999899999998,6.442599819999999
79018200,107.139999,110.269997,104.43,107.389999,NaN,39.645859949999995,74.42554986499998,105.24550243885868,5.933499999999999,6.471599779999999
81523800,107.389999,113.449997,107.059998,111.089996,NaN,39.850699942,74.75359984499997,106.41440115108695,5.909000099999998,6.51619984
84202200,111.089996,112.120003,107.349998,110.550003,NaN,40.055119948,75.08724985999997,107.24152152086955,5.8550004,6.474999899999999
86880600,110.550003,112.260002,106.269997,111.580002,NaN,40.262079952,75.41844986999998,108.10921761669564,5.921000749999999,6.517200059999999
89476200,111.580002,117.910004,111.32,116.669998,NaN,40.479359947999995,75.75939985999997,109.82137369335652,5.954501049999998,6.542600159999999
92068200,116.669998,119.790001,114.629997,118.050003,NaN,40.698919954,76.10774986999998,111.46709955468522,5.914001199999999,6.566200319999999
94746600,118.059998,121.739998,114.970001,116.029999,NaN,40.913319951999995,76.46189985999997,112.37967944374817,5.96550115,6.556800299999999
97425000,116.029999,118.980003,109.800003,111.68,NaN,41.11893995199999,76.78544985499998,112.23974355499854,6.167001049999999,6.6126002999999995
99844200,111.68,115.610001,107.410004,111.519997,NaN,41.324979946,77.09609984499997,112.09579424399884,6.255001149999999,6.611800119999999
102609000,111.519997,113.650002,105.440002,106.970001,NaN,41.521979948,77.39339985999997,111.07063559519906,6.230500949999999,6.631000119999999
105111000,106.970001,112.25,101.360001,104.949997,NaN,41.71381994199999,77.69139985499997,109.84650787615925,6.511000949999999,6.7430001
107789400,104.949997,109.519997,101.449997,104.260002,NaN,41.903659946,77.98479985499998,108.7292067009274,6.51450095,6.794800179999998
110467800,104.099998,111.040001,100.440002,108.220001,NaN,42.10159994799999,78.30049984999998,108.62736556074192,6.707500599999999,6.917800219999999
113059800,108.169998,108.169998,99.739998,104.25,NaN,42.291839947999996,78.58839985999997,107.75189244859354,6.718500649999998,6.916600259999999
115911000,104.25,110.449997,102.129997,108.43,NaN,42.488379947999995,78.90694985499998,107.88751395887483,6.928000799999998,6.83720024
118330200,108.43,112.82,107.080002,108.290001,NaN,42.683799949999994,79.23209986999997,107.96801136709986,7.012000399999998,6.853000259999999
121012200,108.290001,109.199997,94.879997,95.959999,NaN,42.855159947999994,79.49134985999997,105.56640889367989,7.533500449999998,7.042400139999999
123777000,95.830002,99.089996,91.050003,97.550003,NaN,43.02903995399999,79.75039986499998,103.96312771494391,7.689000049999999,7.059800039999998
126282600,97.550003,100.940002,91.620003,96.57,NaN,43.20057995399999,79.99609986499996,102.48450217195513,7.7724999499999985,7.1063999199999985
128957400,96.57,97.43,89.529999,96.220001,NaN,43.370819956,80.24034987499998,101.23160193756411,7.938999999999998,7.147399979999999
131376600,96.220001,101.050003,93.440002,93.980003,NaN,43.53575996199999,80.47069988999996,99.78128215005128,8.027500199999999,7.102999959999998
134055000,93.980003,95.419998,88.620003,90.309998,NaN,43.692599958,80.69614987499997,97.88702532004102,8.047999999999998,7.125199799999999
136647000,90.309998,93.589996,85.870003,87.279999,NaN,43.842239956,80.92044987999996,95.76562005603282,8.1954994,7.181999699999999
139498200,87.279999,93.760002,85.129997,86,NaN,43.988939955999996,81.14514987499997,93.81249604482625,8.327499399999999,7.126799819999999
141917400,86,86.889999,78.959999,79.309998,NaN,44.122219952,81.33309985999996,90.911996435861,8.3944992,7.01119984
144595800,79.309998,83.529999,69.370003,72.150002,NaN,44.242899955999995,81.49389985999997,87.1595975486888,8.8444988,7.14019978
147360600,72.150002,73.010002,62.52,63.540001,NaN,44.347019958,81.60309985999997,82.43567823895103,9.03049905,7.18319988
149866200,63.540001,75.900002,60.959999,73.900002,NaN,44.470599961999994,81.76839986999998,80.72854299116082,9.3184992,7.31519986
152548200,73.900002,77.410004,66.849998,69.970001,NaN,44.585299964,81.90774988499997,78.57683459292866,9.436499649999998,7.4255999599999996
155226600,69.800003,69.800003,64.129997,68.559998,NaN,44.695779959999996,82.03334987999997,76.57346727434293,9.31799985,7.433200059999999
157818600,68.650002,78.690002,68.650002,76.980003,NaN,44.82369996599999,82.19779989499997,76.65477441947435,9.280000099999999,7.52840024
160669800,76.980003,83.559998,76,81.589996,NaN,44.96049995799999,82.37954986499997,77.64181873557948,9.254499999999998,7.54200026
163085400,81.589996,87.080002,80.080002,83.360001,NaN,45.100239959999996,82.56039987499997,78.78545518846359,9.07450005,7.56500028
165591000,83.360001,88.790001,79.660004,87.300003,NaN,45.247519966,82.75814988999997,80.48836475077087,9.10699975,7.654200259999999
168183000,87.300003,93.510002,86.940002,91.150002,NaN,45.402079969999996,82.96359989499997,82.6206922006167,9.01949975,7.667200299999998
170947800,91.32,95.849998,89.300003,95.190002,NaN,45.564039973999996,83.18289989499998,85.13455416049337,9.0599996,7.67880018
173453400,95.190002,96.580002,87.68,88.75,NaN,45.711759973999996,83.36424989499997,85.85764332839469,8.7889997,7.742000259999998
176131800,88.75,89.040001,82.209999,86.879997,NaN,45.855079968,83.52259988499998,86.06211406271575,8.728500149999999,7.775600259999999
178810200,86.879997,87.419998,81.57,83.870003,NaN,45.99075997399999,83.66469989499997,85.6236918501726,8.555000099999999,7.763800319999999
181402200,83.870003,91.75,82.57,89.040001,NaN,46.134959976,83.83284989999999,86.30695368013808,8.61900005,7.77340024
184257000,89.040001,92.330002,87.629997,91.239998,NaN,46.283319972,84.01184989499998,87.29356254411046,8.473500249999999,7.761800359999999
186676200,91.239998,91.900002,86.150002,90.190002,NaN,46.428779976,84.17484990499997,87.87285043528837,8.4210005,7.716800359999999
189354600,90.190002,101.989998,89.809998,100.860001,NaN,46.595859978,84.38574990999997,90.47028054823069,8.64400085,7.825600239999999
192119400,100.860001,103.07,98.5,99.709999,NaN,46.758779976,84.59194989999997,92.31822423858455,8.441000599999999,7.751800199999999
194538600,99.709999,104.389999,98.230003,102.769997,NaN,46.92431997,84.80324989499996,94.40857879086764,8.3525004,7.792400179999999
197217000,102.769997,104.629997,99.57,101.639999,NaN,47.089559967999996,85.01344989999998,95.85486283269411,7.897500450000001,7.812399999999999
199978200,101.639999,103.989998,98.260002,100.18,NaN,47.250359968,85.22994989499998,96.71989026615529,7.659500150000001,7.849199939999998
202483800,100.18,105.07,97.970001,104.279999,NaN,47.415719966,85.46374988999997,98.23191201292423,7.267499950000001,7.892599899999999
205075800,104.279999,106.779999,102.309998,103.440002,NaN,47.576479969999994,85.68954990499998,99.27353001033939,6.962999700000003,7.828999899999999
207840600,103.440002,105.410004,100.43,102.910004,NaN,47.732579978,85.90464992999998,100.0008248082715,6.919999700000003,7.837199979999998
210432600,102.910004,108.720001,102.599998,105.239998,NaN,47.893079973999996,86.15279991499997,101.04865944661721,6.719499650000001,7.842800099999998
213024600,105.239998,105.75,99.209999,102.900002,NaN,48.048019978,86.38669992999998,101.41892795729376,6.668499800000002,7.845800139999999
215706600,102.900002,103.779999,98.18,102.099998,NaN,48.201659973999995,86.62049991999999,101.555141965835,6.598499750000002,7.862400019999999
218298600,102.099998,107.82,101.620003,107.459999,NaN,48.36525997199999,86.88594991999999,102.736113372668,6.4519997500000015,7.866599859999999
221149800,107.459999,107.970001,100.910004,102.029999,NaN,48.51235997,87.11694990499998,102.5948904981344,6.476499600000002,7.8759997199999985
223655400,102.029999,103.32,98.82,99.82,NaN,48.65179996999999,87.33144991499998,102.03991239850752,6.373999850000002,7.862799639999999
226074600,99.82,102.699997,97.800003,98.419998,NaN,48.792659965999995,87.545999915,101.31592951880602,6.173999450000002,7.825399579999998
228753000,98.419998,102.07,96.529999,98.440002,NaN,48.94837997,87.75339992999997,100.74074401504481,6.109499400000002,7.752599599999999
231427800,98.440002,100.93,95.519997,96.120003,NaN,49.097199976,87.96639994499999,99.81659581203584,6.087499650000002,7.696799719999999
234019800,96.120003,101.650002,95.889999,100.480003,NaN,49.24723998199999,88.20184996499998,99.94927724962868,5.916499800000001,7.647799779999999
236611800,100.480003,102.57,97.709999,98.849998,NaN,49.397059977999994,88.41839994999998,99.72942139970294,5.9244996000000025,7.527199819999998
239290200,98.849998,99.839996,95.040001,96.769997,NaN,49.548479971999996,88.61169993,99.13753651976235,5.876999350000002,7.461799719999998
241968600,96.769997,98.43,94.440002,96.529999,NaN,49.699959969999995,88.78544993,98.61602901580989,5.467499250000001,7.3295996999999975
244733400,96.529999,97.269997,90.199997,92.339996,NaN,49.843079962,88.929949915,97.3608224126479,5.592499250000002,7.301399639999999
247242600,92.190002,97.110001,90.010002,94.830002,NaN,49.996899965999994,89.07879993499999,96.85465833011833,5.639499400000001,7.276999619999999
249834600,94.830002,95.669998,91.760002,95.099998,NaN,50.15607996199999,89.22774993499999,96.50372626409467,5.581999350000002,7.240399579999999
252599400,95.099998,95.150002,88.019997,89.25,NaN,50.302619961999994,89.34119994499999,95.05298101127573,5.651999800000001,7.09659968
255191400,89.25,91.32,86.580002,87.040001,NaN,50.44497996399999,89.453199955,93.4503850090206,5.533999750000001,7.030599779999999
257610600,87.040001,91.349998,86.449997,89.209999,NaN,50.59473996199999,89.56544994,92.60230780721648,5.555499750000001,6.942199819999998
260461800,89.199997,97.910004,88.07,96.830002,NaN,50.76065996599999,89.70924995,93.44784664577318,5.798499750000002,6.980999879999998
262877400,96.830002,100.32,94.57,97.239998,NaN,50.926479961999995,89.861799925,94.20627691661855,5.779999600000002,6.943799859999998
265555800,97.239998,101.839996,93.989998,95.529999,NaN,51.09387995999999,89.99634990499999,94.47102133329484,5.845499450000002,6.964799919999998
268320600,95.529999,101.18,93.589996,100.68,NaN,51.27473995999999,90.14314990499999,95.71281706663588,5.944999700000002,6.9622001399999975
270826200,100.68,106.269997,99.949997,103.290001,NaN,51.464439962,90.30184989499999,97.2282538533087,5.950999850000002,6.916000039999999
273504600,103.290001,108.050003,100.660004,102.540001,NaN,51.65291996399999,90.47034991999999,98.29060328264696,5.967499950000003,6.905200019999999
276183000,102.540001,106.230003,91.650002,93.150002,NaN,51.82275996799999,90.58629993499999,97.26248302611756,6.471500000000003,6.913600119999999
278778600,94.129997,97.410004,91.769997,94.699997,NaN,51.99563996199999,90.71204990499999,96.74998582089405,6.508500650000002,6.816600219999998
281370600,95.010002,98.580002,92.639999,96.110001,NaN,52.17529996399999,90.86639991999999,96.62198885671525,6.528500750000002,6.636600219999998
284049000,96.110001,102.589996,95.220001,99.93,NaN,52.36561996399999,91.06789991499998,97.2835910853722,6.626500350000002,6.572799999999997
286727400,99.93,100.519997,95.379997,96.279999,NaN,52.54815996199999,91.27554991,97.08287266829775,6.595500200000002,6.558799919999998
289146600,96.279999,103.309998,95.980003,101.589996,NaN,52.73627995399999,91.49234988999999,97.9842973346382,6.718999900000003,6.502799739999998
291911400,101.559998,103.949997,100.139999,101.760002,NaN,52.923279957999995,91.70554990499998,98.73943826771055,6.6695000500000035,6.427799739999998
294413400,101.760002,102.57,97.489998,99.080002,NaN,53.10733996199999,91.91959991499998,98.80755101416844,6.724000250000003,6.389399779999998
297091800,99.080002,103.669998,98.57,102.910004,NaN,53.29951996999999,92.15154993499999,99.62804161133475,6.625500150000003,6.308799799999998
299770200,102.910004,105.169998,100.349998,103.809998,NaN,53.494639965999994,92.35929993499998,100.4644328890678,6.511500200000003,6.273799799999998
302362200,103.809998,109.839996,103.139999,109.32,NaN,53.700819966,92.59039994499999,102.23554631125424,6.651000250000003,6.276799839999998
305213400,109.32,111.580002,105.379997,109.32,NaN,53.901719965999995,92.80599996,103.6524370490034,6.604500250000003,6.222799899999999
307632600,109.190002,112.160004,99.059998,101.82,NaN,54.08457996599999,92.99364995499998,103.28594963920271,7.022500650000003,6.348199979999999
310314600,101.82,107.889999,99.419998,106.160004,NaN,54.275559974,93.19159997499999,103.86076051136217,7.201000650000003,6.400600039999998
313079400,106.160004,110.330002,105.07,107.940002,NaN,54.47027997799999,93.38229996999999,104.67660880908974,6.972000550000002,6.322200079999999
315585000,106.5,115.85,103.26,115.12,NaN,54.68095997799999,93.60389995499997,106.7652870472718,7.314000550000003,6.479999979999999
318263400,114.59,120.22,111.33,113.66,NaN,54.88833997799999,93.82534993999998,108.14422963781743,7.366000650000004,6.542799979999999
320941800,112.95,114.34,94.23,102.09,NaN,55.071439977999994,93.99014995499998,106.93338371025395,7.992000450000002,6.701399979999998
323447400,102.1,106.79,98.95,106.29,NaN,55.26137997799999,94.15909995499999,106.80470696820316,8.068000450000003,6.766799979999998
326035800,105.68,113.69,103.5,111.24,NaN,55.46237997799999,94.35679997,107.69176557456252,8.208000500000002,6.847400059999999
328800600,110.99,118.02,110.06,114.24,NaN,55.67123997799999,94.55794995999999,109.00141245965001,7.877000450000002,6.905400119999999
331306200,114.64,123.93,113.54,121.67,NaN,55.89469997799999,94.80014994499999,111.53512996772001,8.114500100000003,6.998600199999998
333984600,121.22,127.78,119.42,122.38,NaN,56.121259978,95.03694995999999,113.70410397417601,8.235499950000003,7.023800219999997
336663000,123.29,132.17,121.79,125.48,NaN,56.35431997799999,95.279149955,116.05928317934081,8.386000200000002,7.1420001999999965
339255000,126.55,135.88,124.66,127.47,NaN,56.59085997799999,95.52749994,118.34142654347265,8.690000200000002,7.266800119999998
342109800,128.7,141.96,127.23,140.52,NaN,56.85337997799999,95.835199925,122.77714123477813,9.060000450000002,7.439000059999997
344529000,138.2,140.66,125.32,135.76,NaN,57.10693997799999,96.11669993,125.3737129878225,9.636500550000003,7.615000039999997
347207400,136.01,140.32,128.57,129.55,NaN,57.349219977999994,96.36259991499999,126.208970390258,9.970000450000002,7.738000059999997
349972200,127.4,132.02,124.66,131.27,NaN,57.59367997799999,96.610499905,127.22117631220641,10.083000550000003,7.761200119999999
352391400,131.7,138.38,128.56,136,NaN,57.846179977999995,96.874599905,128.97694104976512,10.333000550000001,7.816400179999999
354983400,136.39,137.72,131.58,132.87,NaN,58.09061997799999,97.12979989499999,129.75555283981208,10.3050007,7.849200179999997
357571800,132.77,134.92,128.78,132.59,NaN,58.33305997799999,97.371849895,130.32244227184967,10.302000450000001,7.874000299999997
360250200,132.84,135.67,128.77,131.21,NaN,58.57163997799999,97.60359988999998,130.49995381747974,9.992000149999999,7.901200279999997
362842200,130.16,131.78,125.96,130.92,NaN,58.80739997799999,97.8360999,130.58396305398378,9.8595001,7.909400219999997
365693400,130.53,135.49,122.29,122.79,NaN,59.025459977999994,98.02629989999997,129.02517044318702,10.256499999999999,8.058200159999997
368199000,122.84,124.58,110.19,116.18,NaN,59.22805997799999,98.16939991,126.45613635454961,10.3465,8.248800139999997
370791000,116.58,123.28,115,121.89,NaN,59.443659977999985,98.34169990999999,125.54290908363969,10.316,8.318400239999997
373559400,123.89,126.97,119.13,126.35,NaN,59.666979977999986,98.54264988999998,125.70432726691175,9.7025,8.395400279999997
376065000,126.08,127.32,121.04,122.55,NaN,59.88095997799999,98.70984988499998,125.07346181352939,9.624500000000001,8.379600279999996
378743400,122.64,123.72,113.63,120.4,NaN,60.08965997799999,98.86974989499998,124.13876945082352,9.6195,8.439400299999996
381421800,118.24,119.81,110.71,113.11,NaN,60.28209997799999,99.01469988,121.93301556065882,9.706000000000001,8.555000379999997
383841000,113.16,114.8,104.46,111.96,NaN,60.471899977999996,99.14824987999998,119.93841244852705,9.703500000000002,8.619200279999996
386519400,113.16,119.33,111.48,116.44,NaN,60.669599977999994,99.29459988999999,119.23872995882164,9.678,8.681400319999996
389280600,115.96,119.92,111.66,111.88,NaN,60.85713997799999,99.40419989499998,117.76698396705731,9.572000000000001,8.748600299999998
391786200,111.97,112.19,107.17,109.61,NaN,61.04017997799999,99.490149905,116.13558717364585,9.262,8.652200219999996
394378200,109.52,112.39,105.57,107.09,NaN,61.22033997799999,99.56754989999999,114.32646973891667,8.8665,8.673600219999996
397143000,107.71,120.26,102.2,119.51,NaN,61.42807997799999,99.70294989999998,115.36317579113334,9.0025,8.877800259999995
399735000,119.52,126.43,117.84,120.42,NaN,61.63577997799999,99.840649915,116.37454063290667,8.8445,8.897800179999996
402327000,120.4,140.4,120.15,133.72,NaN,61.874479978000046,100.05314990999999,119.84363250632533,9.488999999999999,9.176400179999995
405009000,133.72,144.36,132.89,138.53,NaN,62.126979978000044,100.29964989499999,123.58090600506027,9.5715,9.258000199999996
407601000,138.56,143.68,134.79,140.64,NaN,62.38585997800004,100.547549905,126.99272480404821,9.709000000000001,9.144200179999995
410452200,140.65,148.36,138.08,145.3,NaN,62.65441997800005,100.84339992,130.65417984323858,9.916000000000004,9.237000039999996
412957800,145.29,150.88,141.9,148.05,NaN,62.92843997800004,101.15994993,134.13334387459088,10.020000000000005,9.297799979999997
415377000,148.07,155.02,148.07,152.96,NaN,63.21373997800005,101.50674993999999,137.89867509967272,10.077500000000004,9.289800079999997
418055400,152.92,164.43,150.17,164.43,NaN,63.52281997800005,101.94339995,143.20494007973818,10.130500000000007,9.472200079999995
420730200,164.41,166.99,160.29,162.39,NaN,63.82717997800005,102.37254996,147.04195206379055,9.746000000000006,9.459600179999997
423322200,162.38,171.6,160.8,168.11,NaN,64.13891997800005,102.812099975,151.25556165103245,9.872000000000007,9.599400219999996
425914200,168.12,170.72,161.5,162.56,NaN,64.43941997800005,103.22264999,153.51644932082596,9.941000000000006,9.682200179999997
428592600,162.34,165.8,158.5,164.4,NaN,64.74471997800005,103.64299997999998,155.69315945666077,9.992000000000008,9.726200219999996
431271000,164.4,170.41,163.95,166.07,NaN,65.05071997800005,104.040299975,157.7685275653286,9.810500000000008,9.759000219999997
434035800,166.07,172.65,162.86,163.55,NaN,65.35243997800005,104.42414997999998,158.9248220522629,9.815500000000007,9.820800279999997
436545000,163.55,168.6,161.63,166.39,NaN,65.66041997800005,104.80509999499998,160.41785764181031,9.647000000000007,9.836200179999997
439137000,166.4,166.77,161.58,164.93,NaN,65.96549997800005,105.15969998499999,161.32028611344825,9.514000000000006,9.678000059999995
441901800,164.93,169.54,162.03,163.42,NaN,66.26987997800005,105.53139997499999,161.7402288907586,9.476500000000005,9.658800039999996
444493800,163.43,164,152.13,157.06,NaN,66.56113997800006,105.86349997999997,160.8041831126069,9.819000000000006,9.790999999999997
446999400,157.07,160.46,153.77,159.18,NaN,66.85641997800005,106.18564997999998,160.4793464900855,9.812500000000005,9.672999999999996
449764200,159.19,160.69,154.12,160.04,NaN,67.15095997800005,106.51764998499998,160.3914771920684,9.238000000000005,9.626599999999996
452266200,160.07,162.11,148.68,150.55,NaN,67.42671997800005,106.78684998999998,158.42318175365472,9.480000000000008,9.492999999999997
454944600,150.55,155.64,148.53,153.18,NaN,67.70833997800004,107.08624997499997,157.3745454029238,8.823000000000004,9.478399999999997
457623000,153.21,153.87,147.26,150.66,NaN,67.98505997800005,107.36954997499997,156.03163632233904,8.580000000000004,9.406799999999997
460215000,150.66,168.79,150.66,166.68,NaN,68.29397997800005,107.72059996999998,158.16130905787122,9.042000000000003,9.610199999999999
463066200,166.68,169.65,163.06,166.1,NaN,68.60187997800006,108.08989997999998,159.74904724629698,8.857500000000005,9.5342
465485400,166.07,169.62,160.02,166.09,NaN,68.90951997800005,108.47354997499998,161.01723779703758,8.888500000000004,9.559
468167400,166.1,170.41,162.99,163.58,NaN,69.21551997800006,108.84044998999998,161.52979023763007,8.911000000000005,9.4998
470932200,163.57,169.03,161.54,167.24,NaN,69.53001997800006,109.18934999499999,162.67183219010406,8.572500000000002,9.4252
473437800,167.2,180.27,163.36,179.63,NaN,69.86887997800005,109.59409999499998,166.06346575208323,9.083000000000002,9.4688
476116200,179.6,183.95,177.75,181.18,NaN,70.20977997800004,110.00209998499999,169.08677260166658,8.853000000000002,9.286
478535400,181.18,183.89,176.53,180.66,NaN,70.54913997800006,110.416699995,171.40141808133328,8.760000000000002,9.198199999999998
481213800,180.66,183.61,177.86,179.83,NaN,70.88769997800004,110.82154998999998,173.0871344650666,8.682500000000001,9.165999999999999
483802200,179.86,189.98,178.35,189.57,NaN,71.24755997800006,111.25604999999997,176.38370757205328,8.941,9.2022
486653400,189.56,191.85,185.03,191.85,NaN,71.61239997800004,111.69824997999999,179.4769660576426,8.7925,9.2158
489072600,191.82,196.07,189.3,190.92,NaN,71.97371997800005,112.11099996499999,181.76557284611408,8.7825,9.228399999999999
491751000,190.91,192.17,186.12,188.63,NaN,72.33055997800005,112.53484995999999,183.13845827689127,8.8255,9.2114
494515800,188.63,188.8,179.45,182.08,NaN,72.67423997800006,112.93019994999999,182.92676662151302,8.9175,9.282
497021400,182.08,190.95,181.16,189.82,NaN,73.03421997800005,113.38864996499998,184.3054132972104,8.813500000000001,9.213799999999999
499703400,189.82,203.4,189.37,202.17,NaN,73.42103997800004,113.89194995499999,187.87833063776833,9.1805,9.206599999999998
502381800,202.17,213.08,200.1,211.28,NaN,73.82573997800006,114.42989994499997,192.55866451021467,9.501000000000001,9.3006
504973800,211.28,214.57,202.6,211.78,NaN,74.23361997800005,114.97149994999998,196.40293160817174,9.428,9.383199999999999
507825000,211.78,227.92,210.82,226.92,NaN,74.67159997800005,115.61754995499997,202.5063452865374,9.927500000000004,9.5996
510244200,226.92,240.11,222.18,238.9,NaN,75.13273997800005,116.35289994499998,209.78507622922993,10.493500000000001,9.7564
512749800,238.9,245.47,226.3,235.52,NaN,75.58649997800005,117.05294993499997,214.93206098338393,10.5455,9.946
515338200,235.52,249.19,232.26,247.35,NaN,76.06383997800005,117.82409991999997,221.41564878670715,11.062500000000002,10.0778
518103000,247.35,251.81,238.23,250.84,NaN,76.54687997800005,118.59269990499998,227.30051902936572,11.261500000000002,10.1924
520608600,250.84,253.2,233.07,236.12,NaN,77.00007997800006,119.30424991499999,229.06441522349257,11.897000000000002,10.4298
523287000,236.12,254.24,231.92,252.93,NaN,77.48575997800005,120.10859992499998,233.83753217879405,12.638500000000004,10.775799999999998
525965400,252.93,254.13,228.08,231.32,NaN,77.92701997800005,120.84009993999999,233.33402574303523,13.095500000000001,11.160399999999997
528557400,231.32,244.51,231.32,243.98,NaN,78.39283997800004,121.61249993999998,235.46322059442818,13.445000000000002,11.062999999999997
531412200,243.98,249.22,235.51,249.22,NaN,78.86839997800004,122.41044995499999,238.21457647554254,13.762500000000003,11.165399999999998
533831400,249.22,254.87,241.28,242.17,NaN,79.32853997800004,123.21369996999998,239.00566118043403,14.154500000000004,11.032199999999998
536509800,242.17,280.96,242.17,274.08,NaN,79.85199997800005,124.20134995499998,246.02052894434723,15.512500000000003,11.5786
539274600,274.08,287.55,273.16,284.2,NaN,80.39641997800005,125.25874994999998,253.6564231554778,15.891000000000002,11.688599999999997
541693800,284.2,302.72,282.3,291.7,NaN,80.95605997800004,126.32699993499999,261.2651385243822,16.573500000000003,11.891399999999999
544285800,291.7,303.65,275.67,288.35986,NaN,81.51011969800004,127.36119924999998,266.68408281950576,17.670000000000005,12.271399999999996
546874200,288.35986,298.68994,277.00977,290.09985,NaN,82.06735939800005,128.390198485,271.3672362556046,18.286508500000004,12.565603399999997
549552600,290.09985,310.26978,286.92993,304,NaN,82.65181939800006,129.493948485,277.89378900448366,18.964001000000003,12.747200399999997
552144600,304,318.84985,302.52979,318.65991,NaN,83.26493921800004,130.65124805,286.0470132035869,19.078504000000002,12.939601599999996
554995800,318.65991,337.88989,314.50977,329.7998,NaN,83.90033881800005,131.83949704,294.7975705628695,19.59851,13.191203999999995
557501400,329.7998,332.17993,308.55981,321.82983,NaN,84.51865847800003,132.969246205,300.2040224502956,20.181016000000003,13.479206399999995
560093400,321.82983,328.93994,216.45999,251.78999,NaN,84.99661845800004,133.744446155,290.5212159602365,24.9500135,15.582805399999994
562861800,251.78999,257.20996,225.78,230.29999,NaN,85.43201843800004,134.394396115,278.4769707681892,25.6250115,16.082204599999997
565367400,230.29999,253.34999,221.23999,247.07999,NaN,85.90053841800004,135.11004608,272.19757461455134,26.2720115,16.528604599999994
568045800,247.07999,261.77979,240.17,257.06982,NaN,86.38847805800005,135.897245195,269.1720236916411,26.506001000000005,16.821400399999995
570724200,257.06982,267.81982,247.81999,267.81982,NaN,86.89713769800005,136.74284431,268.90158295331287,26.8269925,17.117596999999996
573229800,267.81982,272.63989,256.06982,258.88989,NaN,87.38703747800004,137.55939375000003,266.8992443626503,26.648996,17.298798399999995
575908200,258.88989,272.0498,254.70999,261.32983,NaN,87.88183713800005,138.370892905,265.78536149012024,26.3999865,17.408194599999995
578583000,261.32983,263.69995,248.84999,262.15991,NaN,88.37651695800005,139.189992475,265.0602711920962,25.839984500000003,17.571393799999996
581175000,262.15991,276.87988,262.09985,273.5,NaN,88.89333695800005,140.08634246000003,266.74821695367694,25.919486,17.735594399999997
583767000,273.5,276.35986,262.47998,272.01978,NaN,89.40771651800004,140.97649137,267.8025295629416,25.92798,17.744591999999997
586445400,272.01978,274.19995,256.52979,261.51978,NaN,89.89775607800004,141.77364029,266.5459796503533,26.131988,17.955795199999997
589123800,261.51978,274.86987,256.97998,271.90991,NaN,90.40749589800005,142.61348983,267.6187657202826,25.0869825,18.181392999999996
591888600,271.90991,283.94995,268.83984,278.96997,NaN,90.92939583800003,143.47548968,269.8890065762261,25.122988000000003,18.120995199999996
594397800,278.96997,280.36987,262.84985,273.69995,NaN,91.44065573800005,144.307989445,270.6511952609809,24.977989,18.339595599999996
596989800,273.69995,280.44995,270.46997,277.71997,NaN,91.96103567800004,145.158239305,272.0649502087847,24.077988000000005,18.347195199999998
599754600,277.71997,297.50977,273.80981,297.46997,NaN,92.51865561800005,146.09793916,277.14595416702775,24.178977500000006,18.672794399999997
602346600,297.46997,300.56982,286.25977,288.85986,NaN,93.05897533800005,147.006538465,279.48873533362223,23.727487500000002,18.809195399999993
604765800,288.85986,299.98999,286.45996,294.86987,NaN,93.61261507800005,147.94393782,282.5649622668978,23.587986,18.741595999999994
607613400,294.86987,310.44995,294.34985,309.63989,NaN,94.19649485800005,148.93668729,287.9799478135182,23.223985,18.939597999999993
610032600,309.63989,323.05981,304.05981,320.51978,NaN,94.80803441800003,149.986536175,294.4879142508146,22.992979000000002,19.172397999999994
612711000,320.51978,329.18994,314.37988,317.97998,NaN,95.41461437800004,151.018536065,299.1863274006517,18.1094845,19.35359919999999
615475800,317.97998,346.07983,317.25977,346.07983,NaN,96.07635403800005,152.165585225,308.56502792052135,17.9789895,19.697400399999996
617981400,346.07983,352.72998,339,351.44995,NaN,96.75005393800004,153.33258496,317.14201233641705,17.0599885,19.835599999999996
620659800,351.44995,354.12988,341.36987,349.1499,NaN,97.41967373800004,154.498184465,323.54358986913365,16.6174995,19.955400199999996
623338200,349.1499,360.43994,327.11987,340.35986,NaN,98.06885345800004,155.641583765,326.9068438953069,17.283511499999996,20.500801599999996
625933800,340.35986,346.5,330.90991,345.98999,NaN,98.72991343800005,156.81393373,330.72347311624554,17.234512499999997,20.625603399999996
628525800,345.98999,354.09985,339.62988,353.3999,NaN,99.40659323800004,158.046083225,335.25875849299644,17.091020499999996,20.719202799999994
631204200,353.3999,360.58984,319.82983,329.07983,NaN,100.03385289800003,159.16673239,334.02297279439716,18.386522999999993,21.253802999999998
633882600,329.07983,336.08984,322.09985,331.88989,NaN,100.66757267800004,160.30488183,333.5963562355177,18.34702099999999,21.274002799999998
636301800,331.88989,344.48999,331.07983,339.93994,NaN,101.31779255800005,161.46348152500002,334.86507298841417,18.323534999999985,21.302805999999997
639063000,339.93994,347.2998,327.75977,330.7998,NaN,101.95079215800006,162.59623052499998,334.05201839073135,18.417028499999986,21.351606599999997
641568600,330.7998,362.25977,330.7998,361.22998,NaN,102.64245211800005,163.860230425,339.4876107125851,19.095532499999987,21.622205999999995
644247000,361.22998,368.77979,351.22998,358.01978,NaN,103.32485167800004,165.10887932000003,343.19404457006806,19.217517499999985,21.589802199999994
646925400,358.01978,369.77979,350.08984,356.1499,NaN,104.00431147800005,166.409828825,345.78521565605445,19.326013999999986,21.645001199999996
649517400,356.1499,357.34985,306.17993,322.55981,NaN,104.61791109800005,167.53487785999997,341.1401345248436,21.385510999999987,22.396799599999994
652368600,322.55981,326.52979,295.97998,306.0498,NaN,105.19763069800005,168.58227685999998,334.1220676198749,21.728003499999986,22.605195799999997
654787800,306.0498,319.68994,294.50977,304,NaN,105.77505069800004,169.621176855,328.0976540958999,22.271509499999986,22.662399199999996
657469800,304,323.01978,301.60986,322.21997,NaN,106.38911063800006,170.76237669,326.9221172767199,22.665503999999988,22.569597599999994
660234600,322.21997,333.97998,321.96997,330.21997,NaN,107.02001057800004,171.96192655,327.5816878213759,22.46099949999999,22.545997799999995
662740200,330.21997,343.92993,309.34985,343.92993,NaN,107.67805043800004,173.24517620499998,330.85133625710074,23.240003499999993,22.963399399999993
665418600,343.92993,370.95996,340.36987,367.06982,NaN,108.38241007800005,174.650525305,338.0950330056806,24.029004999999994,23.3034012
667837800,367.06982,379.65991,363.72998,375.21997,NaN,109.10491001800006,176.13007516500002,345.5200204045445,23.384498499999996,22.846199799999994
670516200,375.21997,391.25977,370.26978,375.34985,NaN,109.82608971800005,177.646074405,351.4859863236356,23.74749899999999,22.978199599999996
673104600,375.34985,389.84985,365.82983,389.82983,NaN,110.57516937800006,179.27752355,359.15475505890845,24.310499499999988,23.050199999999997
675955800,389.82983,389.82983,367.97998,371.15991,NaN,111.28650919800005,180.76382309000002,361.5557860471268,23.73698849999999,22.927596999999995
678375000,371.15991,387.80981,370.91992,387.80981,NaN,112.02990881800005,182.353022135,366.80659083770144,23.801978499999993,22.831791399999997
681053400,387.80981,396.81982,374.08984,395.42993,NaN,112.78768867800005,183.987371795,372.53125867016115,24.214978999999992,22.819594
683818200,395.42993,397.61987,382.76978,387.85986,NaN,113.52930840000005,185.54177108,375.59697893612895,22.919482999999993,22.790194599999996
686323800,387.85986,393.80981,376.10986,392.45996,NaN,114.27978832200004,187.09612090000002,378.9695751489032,23.104981,22.676591199999997
689005800,392.45996,398.21997,371.62988,375.21997,NaN,114.99564826000004,188.55542074500002,378.21965411912254,23.763977499999996,22.735990599999994
691684200,375.21997,418.31982,371.35986,417.08984,NaN,115.79390794200005,190.20436992999998,385.99369129529805,25.134973999999993,21.425590799999995
694276200,417.08984,421.17993,408.63989,408.78979,NaN,116.57392752000005,191.79256887000003,390.5529110362384,24.188977499999996,21.047792399999995
697127400,408.78979,418.07983,406.33984,412.69995,NaN,117.36394741800005,193.38011861000004,394.98231882899074,23.898486499999997,20.640392199999997
699546600,412.69995,413.77979,401.93994,403.68994,NaN,118.13564729800005,194.95481831,396.7238430631926,23.505981499999997,20.444993399999998
702138600,403.68994,416.27979,392.40991,414.94995,NaN,118.92870719800004,196.59516807500003,400.36906445055405,22.140979499999997,20.5223944
704727000,414.94995,418.75,409.84985,415.34985,NaN,119.72050689600005,198.25256731000002,403.3652215604432,21.0584965,20.368995999999996
707405400,415.34985,417.2998,399.91992,408.13989,NaN,120.49772667400005,199.84806675500005,404.3201552483546,20.668482000000004,20.3697974
709997400,408.13989,424.7998,407.19995,424.20996,NaN,121.30712659400004,201.512916565,408.29811619868366,20.4779785,20.4247952
712848600,424.20996,425.13989,408.2998,414.02979,NaN,122.09432617400005,203.13211550500003,409.4444509589469,20.719482499999998,20.465996399999998
715354200,414.02979,425.26978,412.70996,417.7998,NaN,122.88660577400006,204.71681450000003,411.11552076715753,19.618469499999996,20.4395952
717946200,417.7998,421.15991,396.7998,418.67993,NaN,123.68036563600005,206.311664155,412.62840261372605,19.3069705,20.5733942
720714600,418.67993,431.92993,415.57983,431.34985,NaN,124.50010533600005,207.95456342,416.3726920909808,19.327979,20.542598399999996
723220200,431.34985,442.6499,428.60986,435.70996,NaN,125.32666525600006,209.62491322500003,420.24014567278465,18.9804815,20.521196999999997
725898600,435.69995,442.65991,426.87988,438.77979,NaN,126.16118483600005,211.31791217500003,423.94807453822773,18.568482,20.486397199999995
728577000,438.79004,450.03979,428.25,443.37988,NaN,127.00602459800005,213.01341158,427.83443563058216,18.565479,20.722593399999997
730996200,443.3999,456.75977,441.06982,451.66992,NaN,127.86456443800004,214.75456117,432.60153250446575,18.505481999999994,20.562393199999995
733674600,451.66992,452.62988,432.2998,440.18994,NaN,128.69838431600004,216.44096084999998,434.1192140035726,18.385486999999994,20.6827938
736435800,440.18994,454.5498,436.85986,450.18994,NaN,129.55224419600003,218.16571055999998,437.3333592028581,18.527479499999995,20.765991999999997
738941400,450.22998,455.62988,442.5,450.52979,NaN,130.40742377400005,219.9038595,439.97264536228647,18.298975999999996,20.7065876
741533400,450.54004,451.1499,441.3999,448.12988,NaN,131.25792353600005,221.63400890999998,441.60409228982917,17.456971499999998,20.521587599999997
744298200,448.13989,463.55981,446.93994,463.55981,NaN,132.13750315600004,223.41450796499998,445.99523583186334,15.939967000000001,20.557783800000003
746890200,463.55005,463.7998,449.63989,458.92993,NaN,133.00708301800006,225.19900761999997,448.5821746654907,16.020960499999997,20.2645808
749482200,458.92993,471.09985,456.3999,467.82983,NaN,133.89622267800004,227.03905677,452.4317057323926,16.168958499999995,20.283980200000002
752164200,467.83008,469.10986,454.35986,461.78979,NaN,134.77106225600005,228.85590573,454.30332258591403,16.314465999999996,20.32378
754756200,461.92993,471.28979,455.44995,466.44995,NaN,135.65732215600005,230.69595546999997,456.73264806873124,15.912963999999997,19.9741754
757607400,466.51001,482.84985,464.35986,481.60986,NaN,136.57282187400006,232.62340475499997,461.708090454985,16.392455999999996,20.032173399999998
760113000,481.6001,482.22998,464.25977,467.13989,NaN,137.45718165600005,234.45670418999998,462.794450363988,16.421972499999995,20.102178199999997
762532200,467.18994,471.08984,436.15991,445.76978,NaN,138.29792121600005,236.19130309999997,459.38951629119043,17.288476499999998,19.985576599999998
765210600,445.65991,452.79,435.85986,450.90991,NaN,139.14968103400005,237.962002665,457.6935950329524,17.292979000000003,20.0443796
767885400,450.90991,457.76978,440.77979,456.5,NaN,140.01360103200005,239.76185266999997,457.4548760263619,17.514487500000005,20.1159762
770477400,456.5,463.22998,439.82983,444.26978,NaN,140.85310059200006,241.52150158999996,454.8178568210895,17.4664895,20.1931786
773069400,444.27002,459.32983,443.57983,458.25977,NaN,141.71830013200005,243.33865042999997,455.5062394568716,17.4364845,19.8789792
775747800,458.28003,477.58984,456.07983,475.48999,NaN,142.61614011200004,245.24060038999997,459.5029895654973,17.809983,19.958183199999997
778426200,475.48999,475.48999,458.46997,462.68994,NaN,143.48875999400005,247.10780008999998,460.1403796523978,17.871982499999998,19.9047846
781191000,462.68994,474.73999,449.26978,472.34985,NaN,144.38165969400006,249.03434933499997,462.5822737219183,18.0560035,19.390790400000004
783700200,472.26001,472.3501,444.17993,453.68994,NaN,145.23845957200004,250.85674903999995,460.80380697753463,18.680014499999995,19.343197600000003
786292200,453.55005,462.72998,442.87988,459.26978,NaN,146.10775913000006,252.66894792999994,460.49700158202774,18.656015499999995,19.236596200000005
789057000,459.20996,471.35986,457.19995,470.41992,NaN,146.99951896800005,254.53484754,462.4815852656222,18.479513999999998,19.091596000000006
791649000,470.41992,489.18994,469.28979,487.38989,NaN,147.92601875000005,256.494146995,467.4632462124977,18.818027499999996,19.249398800000005
794068200,487.38989,508.1499,479.69995,500.70996,NaN,148.87793867000005,258.49429679499997,474.11258896999817,19.753024999999997,19.126796200000005
796915800,500.69995,515.28979,500.19995,514.70996,NaN,149.86071859000006,260.55139658999997,482.2320631759985,19.676523499999995,18.816791200000004
799335000,514.76001,533.40991,513.02979,533.3999,NaN,150.88081839000006,262.705696085,492.4656305407988,19.98753399999999,18.905795
802013400,533.3999,551.06982,526,544.75,NaN,151.92123838800006,264.963696075,502.9225044326391,20.506027499999995,18.987391600000002
804778200,544.75,565.3999,542.50977,562.05981,NaN,152.99583800800005,267.30049514,514.7499655461113,20.91303399999999,18.964793800000006
807283800,562.06006,565.61987,553.03979,561.87988,NaN,154.06997777000007,269.629344535,524.175948436889,20.75004599999999,18.779398400000005
809962200,561.87988,587.60986,561.00977,584.40991,NaN,155.18663759000006,272.05174408499994,536.2227407495112,21.155550999999996,18.973602400000008
812640600,584.40991,590.65991,571.5498,581.5,NaN,156.29733759000007,274.47784408999996,545.2781925996089,21.212545999999993,18.901205000000004
815236200,581.5,608.68994,581.03979,605.36987,NaN,157.45419732800008,276.99674345999995,557.2965280796872,20.848556999999992,19.157206200000005
817828200,605.37012,622.87988,605.0498,615.92993,NaN,158.62953718800006,279.56759309999995,569.0232084637497,20.893553999999988,19.1598088
820506600,615.92993,636.17993,597.28979,636.01978,NaN,159.84319674600005,282.25229199,582.4225227709998,21.988561499999985,19.4058098
823185000,636.02002,664.22998,633.70996,640.42993,NaN,161.06563660800006,284.93989161999997,594.0240042167998,22.34455499999998,19.077011
825690600,640.42993,656.96997,627.62988,645.5,NaN,162.29487661000007,287.64834162999995,604.3192033734398,23.024059499999982,19.413012000000002
828369000,645.5,656.67993,624.13989,654.16992,NaN,163.54355645000007,290.37259122999995,614.2893466987518,23.575560999999983,19.82901299999999
830957400,654.16992,681.09985,630.06982,669.11987,NaN,164.81717618800005,293.17159058,625.2554513590014,25.276061499999976,20.612816599999988
833808600,669.11987,680.31982,658.75,670.62988,NaN,166.09507594800004,296.01563998,634.3303370872011,25.081041999999982,20.566815399999985
836227800,670.62988,675.87988,605.87988,639.94995,NaN,167.30649584400004,298.68458970999995,635.4542596697609,27.172533499999986,21.788812399999987
838906200,639.94995,670.67993,639.48999,651.98999,NaN,168.53851582400006,301.40483965,638.7614057358087,27.739525499999985,22.06501359999999
841671000,651.98999,690.87988,643.96997,687.30981,NaN,169.83987544200005,304.2657887,648.4710865886469,29.37702549999998,22.651214799999988
844176600,687.31006,714.09985,684.43994,705.26978,NaN,171.17689500600005,307.22383759999997,659.8308252709176,29.865013499999982,22.907611199999987
846858600,705.27002,762.11987,701.2998,757.01978,NaN,172.61777456200005,310.49848649999996,679.268616216734,31.48351949999998,23.87281619999999
849537000,757.02002,761.75,716.68994,740.73999,NaN,174.02333454400005,313.67073645,691.5628909733872,32.98203049999997,24.28681519999999
852129000,740.73999,794.66992,729.5498,786.15991,NaN,175.51983436400005,317.04533599999996,710.4822947787097,35.21903049999999,25.262215599999987
854980200,786.15991,817.67993,773.42993,790.81982,NaN,177.01941400600003,320.42823509999994,726.5497998229678,36.17803949999998,25.866414799999987
857399400,790.82007,814.8999,756.12988,757.11987,NaN,178.44661374600005,323.60548444999995,732.6638138583742,37.97203399999999,26.726214599999985
859905000,757.12012,804.12988,733.53979,801.33984,NaN,179.96293342600006,327.00028365,746.3990190866994,40.872534499999986,27.702220599999986
862493400,801.34009,851.86987,793.20996,848.27979,NaN,181.57215301000005,330.6142825999999,766.7751732693595,42.47552549999998,28.561619799999985
865258200,848.28003,902.08984,838.81982,885.13989,NaN,183.25775279000007,334.40263204999997,790.4481166154876,44.68352099999997,29.420418599999984
867763800,885.13989,957.72998,884.53979,954.28979,NaN,185.07531237400005,338.4714809999999,823.21645129239,46.96052299999998,30.530423599999985
870442200,954.29004,964.16992,893.33984,899.46997,NaN,186.78329231400005,342.29003085,838.467155033912,49.610522999999986,31.684427599999985
873120600,899.46997,960.58984,899.46997,947.27979,NaN,188.59021189400008,346.37867979999993,860.2296820271297,50.722009499999984,32.71182499999998
875712600,950.91992,983.11987,855.26978,914.61987,NaN,190.32877163400005,350.29542914999996,871.1077196217037,55.58851299999999,34.93642939999998
878567400,914.62012,964.5498,900.60986,955.3999,NaN,192.14261143400006,354.39242864999994,887.966155697363,57.31850549999998,35.93202999999998
880986600,955.3999,986.25,924.91992,970.42993,NaN,193.98671129200005,358.58022829999993,904.4589105578904,58.758007499999984,36.86463259999998
883665000,970.42993,992.6499,912.82983,980.27979,NaN,195.85687087000005,362.81867724999995,919.6230864463123,60.19750949999999,38.16603399999998
886429800,980.28003,1051.65991,980.27979,1049.33984,NaN,197.86161054800004,367.4093264499999,945.5664371570499,62.68802449999998,39.27683959999999
888849000,1049.34009,1113.07007,1030.86987,1101.75,NaN,199.96633055000004,372.2634764499999,976.80314972564,63.298034499999986,40.55104379999998
891441000,1101.75,1132.97998,1076.69995,1111.75,NaN,202.09481055400005,377.20827644999997,1003.792519780512,64.552539,41.317240199999986
894029400,1111.75,1130.52002,1074.38989,1090.81982,NaN,204.18575019800005,382.08147554999994,1021.1979798244096,65.01355,41.74124419999999
896707800,1090.82007,1145.1499,1074.66992,1133.83984,NaN,206.36226987400005,387.14122475,1043.7263518595278,67.05455349999998,42.812240999999986
899299800,1133.84009,1190.58008,1114.2998,1120.66992,NaN,208.51344971000003,392.1128243499999,1059.1150654876221,67.82756399999998,43.99804679999998
902151000,1120.66992,1121.79004,957.27979,957.27979,NaN,210.33466929400004,396.2864733,1038.7480103900978,73.80007349999998,46.82024879999998
904656600,957.28003,1066.11011,939.97998,1017.00977,NaN,212.27924883200004,400.76952215,1034.4003623120782,76.85057399999998,49.02785139999999
907248600,1017.01001,1103.78003,923.31982,1098.66992,NaN,214.39006867600006,405.69732174999996,1047.2542738496625,83.66108449999999,52.20685539999999
910017000,1098.66992,1192.96997,1098.66992,1163.62988,NaN,216.62910843400005,410.95567115,1070.52939507973,85.43758599999998,53.75245599999998
912522600,1163.62988,1244.92993,1136.88989,1229.22998,NaN,218.99608839000004,416.51962105,1102.269512063784,87.31008349999999,55.40385259999999
915201000,1229.22998,1280.37012,1205.45996,1279.63989,NaN,221.46050817000005,422.35842049999997,1137.7435876510272,88.122596,56.338652399999994
917879400,1279.63989,1283.84009,1211.88989,1238.32983,NaN,223.84242783200006,428.00201965,1157.8608361208217,88.556605,57.3806544
920298600,1238.33008,1323.82007,1216.02979,1286.36987,NaN,226.31934757200005,433.898419,1183.5626428966573,90.2866095,59.25326179999999
922977000,1286.37012,1371.56006,1282.55981,1335.17993,NaN,228.89926743000004,439.97676865,1213.8861003173258,91.19511800000001,60.63526379999999
925738200,1335.17993,1375.97998,1277.30981,1301.83984,NaN,231.41810711400004,445.88386784999994,1231.4768482538607,93.07263300000001,62.039668199999994
928243800,1301.84009,1372.92993,1277.46997,1372.70996,NaN,234.08140703200004,452.07881764999996,1259.7234706030886,91.45312650000001,63.647070599999985
930835800,1372.70996,1420.33008,1328.48999,1328.71997,NaN,236.65540697000003,458.02976749999993,1273.5227704824708,92.84813399999999,65.07626999999998
933600600,1328.71997,1382.84009,1267.72998,1320.40991,NaN,239.21624678600006,463.92861704999996,1282.9001983859766,95.53713549999999,66.87707579999999
936192600,1320.40991,1361.3501,1256.25977,1282.70996,NaN,241.69826670400005,469.61566684999997,1282.8621507087812,96.80064850000001,68.5210798
938784600,1282.70996,1373.16992,1233.69995,1362.92993,NaN,244.34244656400003,475.69006649999994,1298.875706567025,100.205141,71.0588776
941466600,1362.92993,1425.31006,1346.40991,1388.90991,NaN,247.03606638800002,481.86981604999994,1316.88254725362,100.0401385,72.1048788
944058600,1388.90991,1473.12988,1387.47998,1469.25,NaN,249.88768639000006,488.39391605,1347.356037802896,101.50863199999998,73.4356746
946909800,1469.25,1478,1350.13989,1394.45996,NaN,252.58842631000005,494.55426585000004,1356.7768222423167,105.095131,75.4398738
949415400,1394.45996,1444.37988,1325.01978,1366.41992,NaN,255.23078614600007,500.54581545,1358.7054417938534,107.53913699999998,77.47047419999998
951921000,1366.41992,1553.11011,1346.5,1498.57983,NaN,258.13356580800007,507.22591459999995,1386.6803194350828,114.05562850000001,80.82487359999999
954768600,1498.58008,1527.11011,1339.3999,1452.42993,NaN,260.94292566800004,513.66606425,1399.8302415480662,115.21562650000001,83.96867739999999
957187800,1452.42993,1481.42993,1361.19995,1420.59985,NaN,263.68400536600006,519.9387135000001,1403.984163238453,114.92061900000002,85.7864752
959866200,1420.6001,1488.97998,1420.59985,1454.59985,NaN,266.490545062,526.39396275,1414.1073005907624,109.31661500000003,86.503277
962631000,1454.6001,1517.23999,1414.15991,1430.82983,NaN,269.247244722,532.7161619,1417.4518064726099,109.75561650000002,87.54427799999999
965136600,1430.83008,1525.30005,1426.0498,1517.67993,NaN,272.17218458400004,539.47991155,1437.497431178088,109.31612700000002,89.0978866
967815000,1517.67993,1530.01001,1419.53979,1436.50977,NaN,274.93430412200007,545.8453604,1437.2998989424702,111.09412999999999,89.907291
970493400,1436.52002,1454.82007,1305.78979,1429.3999,NaN,277.682283922,552.2070599,1435.7198991539763,114.94813400000001,92.2640978
973089000,1429.3999,1438.45996,1294.8999,1314.94995,NaN,280.20130382400004,557.9859096499999,1411.565909323181,116.73662300000001,94.1971008
975681000,1314.94995,1389.05005,1254.06982,1320.27979,NaN,282.7266834040001,563.7871086,1393.3086854585447,119.03562200000002,96.3035072
978445800,1320.28003,1383.37012,1274.61987,1366.00977,NaN,285.341342944,569.86440745,1387.8489023668358,119.539626,97.26211080000002
981037800,1366.01001,1376.37988,1215.43994,1239.93994,NaN,287.70428282200004,575.2982071499999,1358.2671098934686,122.813625,99.5797084
983457000,1239.93994,1267.41992,1081.18994,1160.32983,NaN,289.90392248600006,580.3465563,1318.679653914775,127.53311950000003,102.00190560000001
986218200,1160.33008,1269.30005,1091.98999,1249.45996,NaN,292.28364241,585.7604560999999,1304.8357151318198,130.64311700000002,104.66310680000001
988723800,1249.45996,1315.92993,1232,1255.81982,NaN,294.6815220480001,591.2090552,1295.0325361054558,129.585097,105.16630500000001
991402200,1255.82007,1286.62012,1203.02979,1224.41992,NaN,297.0153218880001,596.5007048,1280.9100128843647,126.79111499999999,105.4263098
994080600,1224.41992,1239.78003,1165.53979,1211.22998,NaN,299.32122185000003,601.7389546999999,1266.974006307492,126.5581195,105.73791640000002
996672600,1211.22998,1226.27002,1124.86987,1133.57983,NaN,301.4686015120001,606.57065385,1240.2951710459936,127.345632,106.500519
999610200,1133.58008,1155.3999,944.75,1040.93994,NaN,303.43926139000007,610.87720355,1200.4241248367948,131.4851215,109.2497132
1001943000,1040.93994,1110.61011,1026.75977,1059.77979,NaN,305.4465809720001,615.2702025,1172.2952578694358,129.7096335,109.51011840000001
1004625000,1059.78003,1163.37988,1054.30981,1139.44995,NaN,307.61480087200005,620.06415225,1165.7261962955486,124.8326315,110.46912240000002
1007389800,1139.44995,1173.62012,1114.5,1148.07983,NaN,309.80222053400007,624.9054014,1162.1969230364389,118.403127,109.09452300000001
1009981800,1148.08008,1176.96997,1081.65991,1130.19995,NaN,311.95096043,629.60855115,1155.797528429151,117.15713099999998,109.72192540000002
1012573800,1130.19995,1130.19995,1074.35986,1106.72998,NaN,314.05058039400006,634.1829510499999,1145.9840187433208,116.53012899999996,109.61212560000001
1014993000,1106.72998,1173.88989,1106.72998,1147.38989,NaN,316.234340178,638.9653004999999,1146.2651929946567,114.73412049999997,109.35892240000001
1017671400,1147.38989,1147.75,1063.55981,1076.91992,NaN,318.27426002000004,643.4067501,1132.3961383957253,113.98111749999998,109.6151238
1020259800,1076.91992,1106.59009,1049.05981,1067.13989,NaN,320.30149980000004,647.83204955,1119.3448887165803,111.3341205,109.1217254
1023111000,1067.13989,1070.65991,953.07983,989.81982,NaN,322.174359442,651.8320486499999,1093.4398749732643,109.7616105,110.34772640000001
1025530200,989.82007,994.3501,775.95996,911.61987,NaN,323.88651918000005,655.379298,1057.0758739786115,113.5031145,113.5929266
1028208600,911.62012,964.84009,833.43994,916.06982,NaN,325.6024388180001,658.9032471,1028.8746631828892,113.3241105,114.81133000000001
1031059800,916.07007,923.97998,800.25977,815.27979,NaN,327.10943840000004,661.92074605,986.1556885463114,114.0726085,115.7601286
1033479000,815.28003,907.51001,768.66992,885.76978,NaN,328.75409796200006,665.21499495,966.0785068370491,112.96761599999999,115.24672540000003
1036161000,885.76001,941.81982,872.15991,936.31006,NaN,330.49659808600006,668.70204525,960.1248174696393,107.13911250000001,114.11732100000003
1038839400,936.31006,954.32007,869.42993,879.81982,NaN,332.12561773000004,671.92354435,944.0638179757115,102.51811649999999,112.20591960000003
1041517800,879.82007,935.06006,840.27979,855.69995,NaN,333.70389763400004,674.9652941,926.3910443805692,103.0606335,112.21552400000002
1044282600,855.69995,864.66992,806.31982,841.1499,NaN,335.2569174360001,677.9168436,909.3428155044553,101.798622,111.22172520000002
1046701800,841.1499,895.88989,788.93994,848.17993,NaN,336.8197572920001,680.9771432499999,897.1102384035643,103.43410750000001,111.86252100000003
1049207400,848.17993,924.23999,847.94995,916.91992,NaN,338.51745713200006,684.2970928499999,901.0721747228514,102.17860200000001,111.94931780000003
1051795800,916.91992,965.11011,812.37988,963.58984,NaN,340.31117680600005,687.95844205,913.5757077782811,99.2826185,112.84811680000003
1054560600,971.12988,1015.26001,963.58984,974.5,NaN,342.1229368000001,691.6110420499999,925.7605662226249,97.67361,112.10151520000004
1057066200,971.16992,1015.36011,962.12988,990.30981,NaN,343.9609164200001,695.3164911,938.6704149780999,94.88161799999999,111.19271640000002
1059744600,988.21997,1011.01001,960.83984,1008.00977,NaN,345.83383595400005,699.1456899499999,952.5382859824799,94.43412049999998,110.28692060000003
1062509400,1010.44995,1040.29004,990.35986,995.96997,NaN,347.68809590200004,702.7551398,961.2246227859839,92.16512649999996,109.44872240000002
1065015000,1000.6001,1053.79004,995.96997,1050.70996,NaN,349.6495958240001,706.5876896,979.1216902287871,92.26412549999998,108.30292160000003
1067869800,1053.8501,1063.6499,1031.19995,1058.19995,NaN,351.62689571800007,710.42018935,994.9373421830296,90.52862749999998,106.85011400000003
1070289000,1064.1001,1112.56006,1053.40991,1111.91992,NaN,353.72025556200003,714.53798965,1018.3338577464237,89.2766255,105.24371760000004
1073053800,1114.05005,1155.37988,1105.07983,1131.12988,NaN,355.86325532000006,718.7431397999999,1040.893062197139,88.91511399999999,104.67171560000004
1075732200,1132.58008,1158.97998,1124.43994,1144.93994,NaN,358.0436352000001,722.9478395,1061.702437757711,84.763112,103.64951840000005
1078151400,1148.92993,1163.22998,1087.05981,1126.20996,NaN,360.17959512000004,726.9855897499999,1074.6039422061688,77.6521135,102.61571960000005
1080829800,1128.13989,1150.57007,1107.22998,1107.2998,NaN,362.27595472200005,730.87308975,1081.143113764935,73.24911049999999,101.09531940000005
1083591000,1110.44995,1127.73999,1076.31982,1120.67993,NaN,364.404774582,734.86734025,1089.050477011948,69.6341085,97.99152060000004
1086096600,1118.02002,1146.34009,1113.31982,1140.83984,NaN,366.5734142620001,739.3125895000001,1099.4083496095584,64.34311749999999,94.89772180000004
1088688600,1139.44995,1140.84009,1078.77979,1101.71997,NaN,368.65233420600003,743.6696894,1099.8706736876468,63.96313699999998,93.73432820000004
1091453400,1098,1109.67993,1062.22998,1104.23999,NaN,370.73461419000006,747.9554893999999,1100.7445369501174,62.091127499999985,93.31572460000005
1094045400,1102.66992,1131.54004,1099.10986,1114.57983,NaN,372.8313738560001,752.2430394500001,1103.5115955600938,58.973622999999996,91.90272660000004
1096637400,1120.27002,1142.05005,1090.18994,1130.19995,NaN,374.9631937540001,756.5549401,1108.849266448075,58.649123499999995,90.95492380000005
1099319400,1130.87988,1188.45996,1127.52979,1173.81982,NaN,377.1776933940001,761.12958975,1121.84337715846,56.34813449999998,89.96412280000004
1101911400,1177.13989,1217.33008,1173.75977,1211.91992,NaN,379.4619332280001,765.8825401999999,1139.858685726768,54.71214799999998,87.85492340000005
1104762600,1215.81006,1217.8999,1163.75,1181.26978,NaN,381.68287278200006,770.47808955,1148.1409045814144,49.783131499999975,86.06672020000003
1107268200,1183.34009,1212.43994,1180.94995,1203.59985,NaN,383.95133247600006,775.1285888,1159.2326936651316,48.77412249999997,83.99691540000003
1109687400,1205.94995,1229.11011,1163.68994,1180.58984,NaN,386.1742521620001,779.6714391,1163.5041229321052,49.38361949999997,83.13031380000004
1112365800,1186.53003,1191.87988,1136.1499,1156.84985,NaN,388.34295186200006,784.1480894499999,1162.1732683456842,49.66160999999998,81.02611460000006
1115040600,1158.65991,1199.56006,1146.17993,1191.5,NaN,390.58255186800005,788.7460399,1168.0386146765472,49.83410749999998,78.36911760000007
1117632600,1191.5,1219.59009,1188.2998,1191.32983,NaN,392.817191524,793.3078392,1172.6968577412379,48.50761849999997,75.44872220000006
1120224600,1194.8999,1245.1499,1183.5498,1234.17993,NaN,395.13909137800005,798.1102391000001,1184.9934721929903,49.96512599999998,75.00212560000006
1122903000,1237.84009,1245.86011,1201.07007,1220.33008,NaN,397.4297115440001,802.8232896500001,1192.0607937543923,49.24712049999998,74.22611980000005
1125581400,1219.91992,1243.12988,1205.34985,1228.80981,NaN,399.73325116200004,807.47998885,1199.4105970035139,48.62111949999998,73.49691560000005
1128346200,1229.57007,1233.34009,1168.19995,1207.00977,NaN,401.991670696,812.0707384,1200.930431602811,50.15112449999997,72.77171540000006
1130855400,1204.93994,1270.63989,1201.06982,1249.47998,NaN,404.33267065000007,816.84378895,1210.6403412822488,49.82111949999997,69.95011880000007
1133447400,1256.6001,1275.80005,1246.58984,1248.28979,NaN,406.670330232,821.53703845,1218.170231025799,49.114625499999974,68.85731620000007
1136298600,1255.44995,1294.8999,1245.73999,1280.07983,NaN,409.06974988600007,826.3348387,1230.552150820639,49.001612499999965,67.65911300000006
1138804200,1278.1001,1297.57007,1253.60986,1280.65991,NaN,411.4676897020001,831.14823835,1240.5737026565114,49.548609499999955,67.35591480000006
1141223400,1283.16992,1310.87988,1268.41992,1294.82983,NaN,413.890989362,835.89198835,1251.4249281252091,48.56859249999995,66.29891280000007
1144071000,1301.67993,1318.15991,1280.73999,1310.60986,NaN,416.3485490780001,840.6877879000001,1263.2619145001672,48.067090999999955,65.93050940000006
1146490200,1314.54004,1326.69995,1245.33984,1270.08984,NaN,418.720368758,845.2924876000001,1264.627499600134,50.51358749999995,66.21451340000004
1149168600,1270.08008,1290.67993,1219.28979,1270.19995,NaN,421.09104865600005,849.94168805,1265.741989680107,51.49008899999994,65.95851240000006
1151933400,1275.13989,1280.41992,1224.53979,1276.65991,NaN,423.47552848000004,854.59503765,1267.9255737440856,51.23758699999995,65.92550940000005
1154439000,1272.43994,1306.73999,1261.2998,1303.81982,NaN,425.91366812000007,859.3471372500001,1275.1044229952684,51.33108099999995,64.48271160000004
1157117400,1309.59009,1340.28003,1290.92993,1335.84985,NaN,428.41024782400007,864.38098735,1287.2535083962148,51.09109099999995,61.10191080000004
1159795800,1335.82007,1389.44995,1327.09985,1377.93994,NaN,430.99126770400005,869.6112376,1305.3907947169719,52.63409649999994,59.720909800000044
1162391400,1381.94995,1407.88989,1360.97998,1400.62988,NaN,433.62020745600006,874.9146873000001,1324.4386117735776,51.70858349999993,58.18470380000005
1164983400,1401.66992,1431.81006,1385.92993,1418.2998,NaN,436.27858705400007,880.3521873000001,1343.2108494188622,51.21609099999993,56.32550460000005
1167834600,1419.36011,1441.61011,1403.96997,1438.23999,NaN,438.97822703800006,885.7372373500001,1362.2166775350897,50.42909149999993,55.68510920000004
1170340200,1441.90991,1461.57007,1389.41992,1406.81982,NaN,441.62362667200006,890.9812375500001,1371.1373060280719,52.47208449999992,55.43030940000004
1172759400,1387.71997,1438.88989,1363.97998,1420.85986,NaN,444.294846392,896.3047873500001,1381.0818168224575,53.13757499999993,55.03290220000004
1175520600,1423.71997,1498.02002,1416.36987,1482.36987,NaN,447.085246136,902.1038376500001,1401.339427457966,54.98058049999992,55.49890320000004
1178026200,1484.37988,1535.56006,1476.69995,1530.61987,NaN,449.96656587800004,908.226688,1427.1955159663728,56.03458449999992,54.53710640000005
1180704600,1536.72998,1540.56006,1484.17993,1503.34985,NaN,452.78842558200006,914.22343725,1442.4263827730983,55.59658399999993,54.13890820000005
1183383000,1512.34009,1555.8999,1454.21997,1455.26978,NaN,455.5157451400001,919.8886863,1444.9950622184788,57.20207699999992,53.117902200000046
1185975000,1453.19995,1503.40991,1370.59985,1473.98999,NaN,458.27886512000003,925.6075364,1450.794047774783,62.38206949999992,54.740700000000054
1188912600,1472.36011,1538.73999,1439.28979,1526.75,NaN,461.14660512600005,931.5216367500001,1465.9852382198264,64.89658399999993,55.66509940000005
1191245400,1527.26001,1576.09009,1489.55981,1549.37988,NaN,464.06292488400004,937.43318705,1482.6641665758611,67.02508749999993,56.39230160000005
1193923800,1531.61011,1545.79004,1406.09985,1481.13989,NaN,466.8467446580001,942.96278665,1482.3593112606889,72.06609099999994,58.25929860000005
1196692200,1478.21997,1523.57007,1435.6499,1468.35986,NaN,469.60134438200004,948.4278367000001,1479.559421008551,74.59110349999993,58.86130060000004
1199284200,1468.30005,1471.77002,1270.0498,1378.5498,NaN,472.18618398800004,953.3714365499999,1459.3574968068408,80.60910899999996,62.24670600000004
1201876200,1381.71997,1396.02002,1316.75,1330.62988,NaN,474.6779637520001,958.1687863999999,1433.6119734454726,81.00310299999995,62.64910340000003
1204554600,1329.67993,1359.67993,1256.97998,1322.69995,NaN,477.15616365600005,962.8432371,1411.429568756378,83.34409399999996,63.69710140000002
1207056600,1340.93994,1404.57007,1324.34985,1385.58984,NaN,479.77314334000005,967.7940366500001,1406.2616230051026,85.16559049999995,64.64370300000002
1209648600,1384.22998,1440.23999,1373.06982,1400.37988,NaN,482.420783104,972.85663675,1405.0852744040822,86.05659399999996,64.46370300000001
1212413400,1395.73999,1404.05005,1272,1280,NaN,484.8203831100001,977.29433695,1380.0682195232657,89.54159149999997,66.23790220000002
1214919000,1266.79004,1292.16992,1200.43994,1267.37988,NaN,487.1942428760001,981.7551364999999,1357.5305516186127,91.78259499999999,67.04409840000001
1217597400,1270.52002,1313.1499,1247.44995,1282.82983,NaN,489.59924253200006,986.08383645,1342.5904072948902,92.77358599999998,67.697692
1220362200,1298.33008,1303.04004,1106.38989,1166.36011,NaN,491.75874275,989.8716880500001,1307.3443478359122,100.72408649999998,70.38948900000001
1222867800,1154.69995,1167.03003,839.7998,968.75,NaN,493.52268275200004,992.6519383,1239.6254782687297,113.47809049999998,75.98509460000001
1225722600,968.23999,1007.51001,741.01978,896.23999,NaN,495.13476273800006,995.11468855,1170.9483806149838,123.05710649999999,80.6662956
1228141800,870.23999,918.8501,815.68994,903.25,NaN,496.753242734,997.5561888000001,1117.408704491987,124.13260700000001,81.69229659999999
1230906600,904.61011,943.8501,804.2998,825.87988,NaN,498.2268424900001,999.6088389500001,1059.1029395935896,128.1671165,83.2646992
1233585000,815.11011,875.01001,734.51978,735.08984,NaN,499.51574217200005,1001.2435886999999,994.3003196748716,132.37262149999998,85.20309759999998
1236004200,719.75,832.97998,666.78979,797.86987,NaN,500.92198191200004,1003.11188825,955.0142297398972,135.59813450000001,87.4439034
1238592600,785.01001,888.69995,783.31982,872.80981,NaN,502.48032153400004,1005.4057883500001,938.5733457919177,134.226638,88.92170619999999
1241184600,873,930.16992,866.09985,919.13989,NaN,504.12518131600007,1007.9124888,934.6866546335342,132.4576315,88.89470419999998
1243863000,932.41992,956.22998,888.85986,919.31982,NaN,505.77722095000007,1010.4156882500001,931.6132877068274,131.4996235,89.12750699999998
1246455000,925.03003,996.67993,869.31982,987.47998,NaN,507.56418091000006,1013.1963389,942.7866261654618,130.70362749999998,90.6071066
1249306200,998.21997,1039.46997,978.50977,1020.61987,NaN,509.4124806480001,1016.12088845,958.3532749323695,129.355629,91.20050479999998
1251811800,1015.87988,1080.1499,991.96997,1057.07983,NaN,511.3421603120001,1019.2123886500002,978.0985859458956,123.67861450000001,91.73210139999999
1254403800,1052.80005,1101.36011,1019.94995,1036.18994,NaN,513.23582019,1022.1764389500001,989.7168567567164,123.7856215,92.46450379999999
1257172200,1040.80005,1113.68994,1029.37988,1095.62988,NaN,515.2466799560001,1025.3962387500003,1010.8994614053731,122.866127,93.39510439999998
1259677800,1098.88989,1130.37988,1085.88989,1115.09985,NaN,517.281959658,1028.7707883,1031.7395391242985,120.99712050000001,92.98210139999999
1262615400,1116.56006,1150.44995,1071.58984,1073.86987,NaN,519.232339398,1031.8891879500002,1040.1656052994388,121.5816175,93.16790219999999
1265034600,1073.88989,1112.41992,1044.5,1104.48999,NaN,521.242159374,1035.15898895,1053.030482239551,118.37511099999999,93.9420964
1267453800,1105.36011,1180.68994,1105.35986,1169.42993,NaN,523.3855392380001,1038.7654892,1076.3103717916408,117.5986095,94.48289719999998
1270128600,1171.22998,1219.80005,1170.68994,1186.68994,NaN,525.5611991160001,1042.3811398500002,1098.3862854333127,116.832118,94.6110954
1272893400,1188.58008,1205.12988,1040.77979,1089.40991,NaN,527.53467894,1045.5335397500003,1096.5910103466501,115.21711499999999,97.04889799999997
1275399000,1087.30005,1131.22998,1028.33008,1030.70996,NaN,529.389278852,1048.3479404000002,1083.4148002773202,104.0005985,98.35849759999998
1277991000,1031.1001,1120.94995,1010.90991,1101.6001,NaN,531.375739046,1051.5469919500001,1087.0518602218563,96.178089,98.93209619999998
1280755800,1107.53003,1129.93994,1039.69995,1049.33008,NaN,533.2666792040001,1054.4613926000002,1079.507504177485,95.53208049999998,99.30909319999999
1283347800,1049.71997,1157.15991,1049.71997,1141.19995,NaN,535.3430591000001,1057.75934305,1091.845993341988,93.946057,100.3480872
1285939800,1143.48999,1196.13989,1131.87012,1183.26001,NaN,537.513319126,1061.3399436500001,1110.1287966735904,90.13503399999999,100.72467879999998
1288618200,1185.70996,1227.08008,1173,1180.55005,NaN,539.671399222,1065.0138450000004,1124.2130473388722,84.52952849999998,100.81927839999999
1291213800,1186.6001,1262.6001,1186.6001,1257.63989,NaN,541.9792989980001,1069.0474949000002,1150.8984158710978,83.36302449999998,101.21327739999998
1294065000,1257.62012,1302.66992,1257.62012,1286.12012,NaN,544.34461924,1073.1955955000003,1177.9427566968782,82.41201099999998,101.1760752
1296570600,1289.13989,1344.07007,1289.13989,1327.21997,NaN,546.8036391820001,1077.6103464500002,1207.7981993575027,81.94100249999997,101.41747159999998
1298989800,1328.63989,1332.28003,1249.05005,1325.83008,NaN,549.2716393380001,1081.9481980000003,1231.4045754860022,79.73449599999995,102.32926839999999
1301664600,1329.47998,1364.56006,1294.69995,1363.61011,NaN,551.8078395540001,1086.3887986000002,1257.8456823888018,80.17949149999995,102.28346759999998
1304343000,1365.20996,1370.58008,1311.80005,1345.19995,NaN,554.311999448,1090.8013486500004,1275.3165359110415,78.70949649999994,101.96087
1306935000,1345.19995,1345.19995,1258.07007,1320.63989,NaN,556.7590392220001,1095.0427988500003,1284.3812067288331,78.99548249999995,102.0704646
1309527000,1320.63989,1356.47998,1282.86011,1292.28003,NaN,559.155979286,1099.2357493000004,1285.9609713830664,78.46097299999994,102.36565979999999
1312205400,1292.59009,1307.37988,1101.54004,1218.88989,NaN,561.40963907,1103.0338498500003,1272.546755106453,86.52846549999997,105.35485399999999
1314883800,1219.12012,1229.29004,1114.21997,1131.41992,NaN,563.5024389160001,1106.3388498500003,1244.3213880851624,88.33896349999998,105.6226568
1317648600,1131.20996,1292.65991,1074.77002,1253.30005,NaN,565.8300390160001,1110.1684006500002,1246.11712046813,95.83746199999999,107.3242534
1320154200,1251,1277.55005,1158.65991,1246.95996,NaN,568.144698942,1113.8996506500002,1246.285688374504,97.97197149999998,107.7130522
1322749800,1246.90991,1269.37012,1202.37012,1257.6001,NaN,570.496859148,1117.6141013500003,1248.5485706996033,98.80346549999999,107.3224466
1325601000,1258.86011,1333.46997,1258.86011,1312.40991,NaN,572.968578962,1121.5091514000003,1261.3208385596827,94.3794545,105.97424340000002
1328106600,1312.44995,1378.04004,1312.44995,1365.67993,NaN,575.55449882,1125.6138010500001,1282.192656847746,92.515966,105.52844260000002
1330612200,1365.8999,1419.1499,1340.03003,1408.46997,NaN,578.2153387540001,1129.8458518500001,1307.448119478197,90.96995749999999,103.07643560000001
1333373400,1408.46997,1422.37988,1357.37988,1397.90991,NaN,580.84811858,1134.0260020000003,1325.5404775825575,89.70795799999999,102.79103520000001
1335879000,1397.86011,1415.32007,1291.97998,1310.33008,NaN,583.300178734,1137.6556028500004,1322.498398066046,90.48347099999998,103.20383800000002
1338557400,1309.87012,1363.45996,1266.73999,1362.15991,NaN,585.857998554,1141.5589024000003,1330.4307004528368,92.10598099999999,103.50083500000001
1341235800,1362.33008,1391.73999,1325.40991,1379.32007,NaN,588.4422387000001,1145.4286534000003,1340.2085743622695,92.71848099999998,103.48403320000001
1343827800,1379.32007,1426.67993,1354.6499,1406.58008,NaN,591.0710988560002,1149.3819041500003,1353.4828754898156,92.21748,102.28363280000002
1346765400,1406.54004,1474.51001,1396.56006,1440.66992,NaN,593.7606787020001,1153.4051548500001,1370.9202843918524,93.86248749999999,102.00803220000002
1349098200,1440.8999,1470.95996,1403.28003,1412.15991,NaN,596.391498522,1157.2638047500002,1379.168209513482,94.3489865,102.04763180000002
1351776600,1412.19995,1434.27002,1343.3501,1416.17993,NaN,599.023238386,1161.1172044000002,1386.5705536107855,94.73348349999999,99.9330272
1354545000,1416.34009,1448,1398.11011,1426.18994,NaN,601.6677182720001,1164.9773045000002,1394.4944308886284,93.73497249999998,94.3862204
1357137000,1426.18994,1509.93994,1426.18994,1498.11011,NaN,604.464678498,1169.1222557000003,1415.2175667109027,94.983471,90.73141580000001
1359729000,1498.11011,1530.93994,1485.01001,1514.67993,NaN,607.296638364,1173.3425059500003,1435.1100393687223,92.9234735,89.58681120000001
1362148200,1514.67993,1570.28003,1501.47998,1569.18994,NaN,610.2438582400001,1177.9887059000002,1461.9260194949777,92.68248249999999,88.1718062
1364823000,1569.17993,1597.57007,1536.03003,1597.57007,NaN,613.2409383820001,1182.7166063000002,1489.0548295959823,85.4674925,86.59280240000002
1367415000,1597.55005,1687.17993,1581.28003,1630.73999,NaN,616.3057383700001,1187.4337572000002,1517.3918616767858,85.008984,85.38699660000002
1370266200,1631.70996,1654.18994,1560.33008,1606.28003,NaN,619.3298384240001,1191.9388084500001,1535.1694953414285,78.80748249999999,85.15659120000001
1372685400,1609.78003,1698.78003,1604.57007,1685.72998,NaN,622.513318388,1196.5823594500002,1565.281592273143,77.57347349999999,85.75938900000001
1375363800,1689.41992,1709.66992,1627.46997,1632.96997,NaN,625.575078336,1201.0435093500002,1578.8192678185144,78.33347099999999,86.0559856
1378215000,1635.94995,1729.86,1633.40991,1681.55,NaN,628.7302983320001,1205.5204598000003,1599.3654142548114,79.38447899999997,85.446584
1380634200,1682.41,1775.22,1646.47,1756.54,NaN,632.0302383320001,1210.3490607000003,1630.8003314038492,82.54047249999998,86.80238
1383312600,1758.7,1813.55,1746.2,1805.81,NaN,635.4274583380001,1215.5925113500002,1665.8022651230795,81.95197899999997,86.3857814
1385994600,1806.55,1849.44,1767.99,1848.36,NaN,638.9088383420001,1220.8276121500003,1702.3138120984636,82.77447899999997,86.38657819999999
1388673000,1845.86,1850.84,1770.45,1782.59,NaN,642.254958344,1225.4991632,1718.3690496787708,80.62697449999997,86.30817699999997
1391437800,1782.68,1867.92,1737.92,1859.45,NaN,645.759578346,1230.37071375,1746.5852397430167,82.29097599999997,88.01837719999996
1393857000,1857.68,1883.97,1834.44,1872.34,NaN,649.2894783480001,1234.9609648000003,1771.7361917944133,81.450972,87.43177499999996
1396359000,1873.96,1897.28,1814.36,1883.95,NaN,652.835198356,1239.8833649500002,1794.1789534355307,81.99547049999998,87.73177659999996
1398951000,1884.39,1924.03,1859.79,1923.57,NaN,656.46123835,1244.764816,1820.0571627484246,81.30997299999999,87.49257759999995
1401715800,1923.87,1968.17,1915.98,1960.23,NaN,660.158538346,1249.9928666500002,1848.0917301987397,80.53547649999999,87.52897519999995
1404221400,1962.29,1991.39,1930.67,1930.67,NaN,663.78653835,1254.8692171500002,1864.6073841589919,79.02548049999999,85.45637339999996
1406899800,1929.8,2005.04,1904.78,2003.37,NaN,667.557178344,1260.0339175000001,1892.3599073271935,81.54398599999999,85.40357539999994
1409664600,2004.07,2019.26,1964.04,1972.29,NaN,671.269698346,1264.9939685500003,1908.3459258617547,80.11748600000001,84.30717459999994
1412170200,1971.44,2018.19,1820.66,2018.05,NaN,675.082438346,1269.8375193500003,1930.2867406894038,87.6974895,86.45297479999994
1415025000,2018.21,2075.76,2001.01,2067.56,NaN,678.994518352,1274.6665693500001,1957.741392551523,87.99498700000002,85.79137819999994
1417444200,2065.78,2093.55,1972.56,2058.9,NaN,682.89837835,1279.4023193500002,1977.9731140412184,90.96748500000004,86.92578279999994
1420209000,2058.9,2072.36,1988.12,1994.99,NaN,686.678458356,1283.9231702500003,1981.3764912329748,89.88449000000004,87.52898119999995
1422887400,1996.67,2119.59,1980.9,2104.5,NaN,690.678938352,1288.7764710500005,2006.00119298638,92.12599700000001,88.66178019999995
1425306600,2105.23,2117.52,2039.69,2067.89,NaN,694.59827835,1293.5125714500005,2018.378954389104,91.30699900000002,89.31738419999996
1427895000,2067.63,2125.92,2048.38,2085.51,NaN,698.56079835,1299.1537225000006,2031.8051635112831,91.07400150000002,89.70918519999995
1430487000,2087.38,2134.72,2067.93,2107.39,NaN,702.5587183499999,1304.6056236500006,2046.9221308090264,89.56900000000003,89.38038559999997
1433165400,2108.64,2129.87,2056.32,2063.11,NaN,706.4683583480002,1309.4278240500005,2050.159704647221,86.80900000000001,89.45418339999996
1435757400,2067,2132.82,2044.02,2103.84,NaN,710.48411835,1314.1288746500006,2060.895763717777,87.88150000000003,90.05458279999998
1438608600,2104.49,2112.66,1867.01,1972.18,NaN,714.2333783440001,1317.8436247500006,2043.1526109742215,96.09150000000002,93.22498519999995
1441114200,1970.09,2020.86,1871.91,1920.03,NaN,717.880298344,1321.0455753000006,2018.5280887793772,99.51950000000002,94.73158779999996
1443706200,1919.65,2094.32,1893.7,2079.36,NaN,721.846578342,1325.2507261500004,2030.6944710235018,103.05050000000001,94.62719099999997
1446474600,2080.76,2116.48,2019.39,2080.41,NaN,725.8194383360001,1329.2209268000006,2040.6375768188013,105.42850000000003,94.26758959999998
1448980200,2082.93,2104.27,1993.26,2043.94,NaN,729.72669834,1332.7647271500005,2041.298061455041,106.83300000000001,92.12999179999997
1451917800,2038.2,2038.2,1812.29,1940.24,NaN,733.4326183420001,1335.9567279500004,2021.086449164033,115.20350000000003,94.38518899999997
1454337000,1936.94,1962.96,1810.1,1932.23,NaN,737.125078342,1338.7543281500004,2003.3151593312264,120.23700000000004,96.10238899999999
1456842600,1937.09,2072.21,1937.09,2059.74,NaN,741.085938346,1342.4094283000004,2014.6001274649811,124.20000000000002,97.38459159999996
1459517400,2056.62,2111.05,2033.8,2065.3,NaN,745.0722383420001,1346.1338787500003,2024.740101971985,123.04950000000004,97.61698899999998
1462195800,2067.17,2103.48,2025.91,2096.96,NaN,749.13907834,1350.2051289500002,2039.1840815775881,124.16700000000003,97.58599159999996
1464787800,2093.94,2120.55,1991.68,2098.86,NaN,753.188998336,1353.8847793000002,2051.1192652620707,120.73400000000001,98.86339159999996
1467379800,2099.34,2177.09,2074.02,2173.6,NaN,757.396258334,1357.8082297500005,2075.6154122096564,122.15000000000002,98.45798979999998
1470058200,2173.15,2193.81,2147.58,2170.95,NaN,761.6010383380001,1361.3167297500006,2094.682329767725,118.41199999999999,97.44819039999997
1472736600,2171.33,2187.87,2119.12,2168.27,NaN,765.783618332,1365.1857799500003,2109.39986381418,117.63749999999997,97.49658879999996
1475501400,2164.33,2169.6,2114.74,2126.15,NaN,769.8727383400001,1368.9844303500004,2112.749891051344,113.44599999999998,97.15318819999995
1478007000,2128.68,2214.1,2083.79,2198.81,NaN,774.103638338,1372.4855812000003,2129.9619128410754,116.06999999999998,98.20038919999996
1480602600,2200.17,2277.53,2187.44,2238.83,NaN,778.406698332,1376.4175815500005,2151.73553027286,116.69749999999999,98.64859059999995
1483453800,2251.57,2300.99,2245.13,2278.87,NaN,782.7821383280001,1380.7089323000005,2177.162424218288,116.46599999999998,98.07339219999996
1485959400,2285.59,2371.54,2271.65,2363.64,NaN,787.3190383240001,1385.2541330500005,2214.4579393746303,117.78299999999999,99.07339439999996
1488378600,2380.13,2400.98,2322.25,2362.72,NaN,791.866978324,1389.9135839000003,2244.1103514997044,117.27949999999998,98.97299439999998
1491226200,2362.34,2398.16,2328.95,2384.2,NaN,796.4616183300001,1394.2461842500006,2272.1282811997635,108.45749999999998,99.43859579999999
1493645400,2388.5,2418.71,2352.72,2411.8,NaN,801.117478324,1399.1226354000005,2300.062624959811,104.3095,99.38239479999999
1496323800,2415.65,2453.82,2405.7,2423.41,NaN,805.786218322,1404.0926859000006,2324.7320999678486,96.68450000000001,99.11399399999999
1499088600,2431.39,2484.04,2407.7,2470.3,NaN,810.544338326,1409.8694361500006,2353.845679974279,95.64700000000002,98.522796
1501594200,2477.1,2490.87,2417.35,2471.65,NaN,815.307258322,1415.6262872000004,2377.406543979423,93.77250000000002,98.1159988
1504272600,2474.42,2519.44,2446.55,2519.36,NaN,820.1442583200001,1421.3930383500006,2405.7972351835383,85.8345,97.68959959999998
1506951000,2521.2,2582.98,2520.4,2575.26,NaN,825.095358322,1428.0696386500006,2439.689788146831,81.3725,97.31800059999998
1509543000,2583.21,2657.74,2557.45,2647.58,NaN,830.184978328,1435.5058895000004,2481.2678305174645,79.388,97.38599999999998
1512138600,2645.1,2694.97,2605.52,2673.61,NaN,835.32891833,1442.6266397000006,2519.7362644139716,79.99799999999996,96.59999999999998
1514903400,2683.73,2872.87,2682.36,2823.81,NaN,840.77617833,1450.4665906000002,2580.551011531177,86.08250000000001,99.23819999999998
1517495400,2816.45,2835.96,2532.69,2713.83,NaN,845.995278332,1457.9136410000003,2607.206809224942,94.80250000000001,103.67459999999997
1519914600,2715.22,2801.9,2585.89,2640.87,NaN,851.0701383280001,1465.0618411000003,2613.9394473799534,100.44950000000003,106.38699999999999
1522675800,2633.45,2717.49,2553.8,2648.05,NaN,856.1604183200001,1472.6341919500003,2620.761557903963,106.32249999999999,107.06079999999999
1525181400,2643.64,2742.24,2594.62,2705.27,NaN,861.360478324,1480.9558422500004,2637.6632463231704,110.26599999999999,109.02259999999998
1527859800,2718.7,2791.47,2691.99,2718.37,NaN,866.59141832,1489.2487933000002,2653.8045970585363,112.49699999999996,109.35379999999998
1530538200,2704.95,2848.03,2698.95,2816.29,NaN,872.0197983240001,1497.6329935500005,2686.301677646829,113.43549999999998,111.05059999999997
1533130200,2821.17,2916.5,2796.34,2901.52,NaN,877.607918326,1506.4001944000004,2729.345342117463,114.93899999999996,112.40999999999998
1536067800,2896.96,2940.91,2864.12,2913.98,NaN,883.231818328,1515.3190946500004,2766.2722736939704,115.67049999999998,112.73139999999998
1538400600,2926.29,2939.86,2603.54,2711.74,NaN,888.455658328,1523.3441447500002,2755.365818955176,127.492,117.45259999999996
1541079000,2717.58,2815.15,2631.09,2760.17,NaN,893.7791583320001,1531.4080453000006,2756.326655164141,132.7585,120.02939999999997
1543847400,2790.5,2800.18,2346.58,2506.85,NaN,898.595978328,1538.5576957000003,2706.4313241313125,151.978,125.15079999999998
1546439400,2476.96,2708.95,2443.96,2704.1,NaN,903.811938322,1546.7424962500006,2705.96505930505,161.92799999999997,128.95559999999998
1549031400,2702.32,2813.49,2681.83,2784.49,NaN,909.179958316,1555.7158471500004,2721.67004744404,166.10499999999996,129.16899999999998
1551450600,2798.22,2860.31,2722.27,2834.4,NaN,914.6510583200001,1565.3297478000004,2744.216037955232,169.18999999999994,130.24499999999998
1554125400,2848.63,2949.52,2848.63,2945.83,NaN,920.349178326,1575.4785487000004,2784.5388303641857,171.26999999999992,129.77359999999996
1556717400,2952.33,2954.13,2750.52,2752.06,NaN,925.6602383280001,1585.1624497500004,2778.0430642913484,177.80599999999995,132.28919999999997
1559568600,2751.53,2964.15,2728.81,2941.76,NaN,931.3590783359999,1595.4424008500005,2810.7864514330786,186.39199999999997,135.44519999999997
1561987800,2971.41,3027.98,2952.22,2980.38,NaN,937.130178332,1605.6627505500003,2844.705161146463,185.68849999999995,135.83379999999997
1564666200,2980.32,3013.59,2822.12,2926.46,NaN,942.792898336,1615.8959514500007,2861.0561289171706,190.78949999999998,138.19219999999999
1567517400,2909.01,3021.99,2891.85,2976.74,NaN,948.567878336,1626.5011517000007,2884.1929031337363,187.3335,139.01899999999995
1569936600,2983.69,3050.1,2855.94,3037.56,NaN,954.468918334,1637.4832022000005,2914.866322506989,181.878,137.98919999999995
1572615000,3050.72,3154.26,3050.72,3140.98,NaN,960.572458336,1648.9472025500006,2960.089058005591,176.91249999999997,137.34419999999997
1575297000,3143.85,3247.93,3070.33,3230.78,NaN,966.8403583319999,1660.5165029500006,3014.227246404473,177.608,136.88379999999995
1577975400,3244.67,3337.77,3214.64,3225.52,NaN,973.096918336,1671.8261537500005,3056.4857971235783,176.3835,137.40459999999996
1580740200,3235.66,3393.52,2855.84,2954.22,NaN,978.8142983380001,1681.7247537500007,3036.032637698863,198.2935,145.93799999999996
1583159400,2974.28,3136.72,2191.86,2584.59,NaN,983.782118338,1689.6961547000005,2945.7441101590903,238.08249999999998,160.20219999999995
1585747800,2498.08,2954.86,2447.49,2912.43,NaN,989.4003983360001,1699.2182558500003,2939.0812881272723,257.443,167.29239999999993
1588339800,2869.09,3068.67,2766.64,3044.31,NaN,995.283938334,1709.4599560000006,2960.127030501818,268.70500000000004,170.53339999999997
1591018200,3038.78,3233.13,2965.66,3100.29,NaN,1001.29821833,1719.7078562000004,2988.1596244014545,265.2625,174.33779999999996
1593610200,3105.92,3279.99,3101.17,3271.12,NaN,1007.6510583360001,1730.7724564500004,3044.7516995211636,265.0445,176.38039999999992
1596461400,3288.26,3514.77,3284.53,3500.31,NaN,1014.459458334,1742.7144068500006,3135.8633596169307,254.54700000000003,178.67599999999996
1598967000,3507.44,3588.11,3209.45,3363,NaN,1020.985598334,1753.8737574500005,3181.2906876935444,260.2305,184.18779999999995
1601559000,3385.87,3549.85,3233.94,3269.96,NaN,1027.332958336,1764.4988577500003,3199.0245501548357,269.44300000000004,189.58139999999995
1604327400,3296.2,3645.99,3279.74,3621.63,NaN,1034.373038344,1776.9759579500005,3283.5456401238685,281.34250000000003,195.72699999999995
1606833000,3645.87,3760.2,3633.4,3756.07,NaN,1041.68165834,1790.2198089500005,3378.0505120990947,282.51500000000004,197.40119999999996
1609770600,3764.61,3870.9,3662.71,3714.24,NaN,1048.9119783360002,1803.1876093000005,3445.288409679276,282.744,198.95879999999994
1612189800,3731.17,3950.43,3725.62,3811.15,NaN,1056.3284583280001,1816.5391601000003,3518.4607277434206,282.78650000000005,201.88079999999994
1614609000,3842.51,3994.41,3723.34,3972.89,NaN,1064.066618332,1830.8950102500007,3609.3465821947366,292.02900000000005,206.05899999999994
1617283800,3992.78,4218.78,3992.78,4181.17,NaN,1072.210318332,1846.2796603000004,3723.711265755789,294.75,208.97899999999993
1620048600,4191.98,4238.04,4056.88,4204.11,NaN,1080.399898332,1861.7273111500006,3819.7910126046313,297.30100000000004,211.02759999999995
1622554200,4216.52,4302.43,4164.4,4297.5,NaN,1088.791258332,1877.5638114000008,3915.332810083705,294.4945000000001,212.40399999999994
1625146200,4300.73,4429.97,4233.13,4395.26,NaN,1097.369458324,1893.6710123000005,4011.3182480669643,298.5015000000001,215.02099999999996
1627911000,4406.86,4537.36,4367.73,4522.68,NaN,1106.19893832,1910.2248127000005,4113.590598453571,298.1030000000001,217.45119999999994
1630503000,4528.8,4545.85,4305.91,4307.54,NaN,1114.58377832,1925.8561638000006,4152.380478762857,303.94350000000014,220.72319999999996
1633095000,4317.16,4608.08,4278.94,4605.38,NaN,1123.56721832,1942.8650645500006,4242.980383010286,293.5165000000001,225.83559999999997
1635773400,4610.62,4743.83,4560,4567,NaN,1132.49703832,1959.7971153500005,4307.784306408228,255.46500000000015,228.0544
1638369000,4602.82,4808.93,4495.12,4766.18,NaN,1141.81681832,1977.8437661000003,4399.463445126583,245.78700000000018,233.0582
1641220200,4778.14,4818.62,4222.62,4515.55,NaN,1150.62543832,1994.4640161000007,4422.6807561012665,260.4855000000001,242.9724
1643725800,4519.57,4595.31,4114.65,4373.94,NaN,1159.1448383200002,2010.3770669500007,4412.9326048810135,271.14500000000015,250.7966
1646145000,4363.14,4637.3,4157.87,4530.41,NaN,1167.9623183200001,2026.8582173000004,4436.428083904811,286.1315000000002,256.4
1648819800,4540.32,4593.45,4124.28,4131.93,NaN,1175.9814183199999,2041.4162169000003,4375.528467123849,297.40750000000014,259.718
1651498200,4130.61,4307.66,3810.32,4132.15,NaN,1183.99475832,2055.93291785,4326.852773699079,303.34150000000017,265.3446
1654090200,4149.78,4177.51,3636.87,3785.38,NaN,1191.31057832,2068.8247690000003,4218.558218959263,314.57800000000015,272.8836
1656682200,3781,4140.15,3721.56,4130.29,NaN,1199.2901183200001,2083.2288191000007,4200.90457516741,316.70600000000013,278.30300000000005
1659360600,4112.38,4325.28,3954.53,3955,NaN,1206.9285983200002,2096.7623701500006,4151.723660133928,328.31500000000017,283.7284
1662039000,3936.73,4119.28,3584.13,3585.62,NaN,1213.84073832,2108.2900710000004,4038.5029281071425,344.6630000000001,291.4498
1664803800,3609.78,3905.42,3491.58,3871.98,NaN,1221.32215832,2121.2466714500006,4005.198342485714,353.5455000000002,297.32340000000005
1667309400,3901.79,4080.11,3698.15,4080.11,NaN,1229.2103783200002,2135.1730723000005,4020.180673988571,359.0900000000002,303.4268
1669905000,4087.14,4100.96,3764.49,3839.5,NaN,1236.62363832,2147.8175230000006,3984.044539190857,363.6190000000002,303.42980000000006
1672756200,3853.29,4094.21,3794.33,4076.6,NaN,1244.51165832,2161.8500738000007,4002.5556313526854,369.5550000000002,305.74620000000004
1675261800,4070.07,4195.44,3943.08,3970.15,NaN,1252.18953832,2175.3498240500003,3996.0745050821483,375.2715000000002,301.7214
1677681000,3963.34,4110.75,3808.86,4109.31,NaN,1260.14631832,2189.5130745000006,4018.7216040657186,380.52400000000017,302.4594
1680528600,4102.2,4170.06,4049.35,4169.48,NaN,1268.23969832,2203.8413754000007,4048.8732832525748,378.07800000000015,302.2404
1682947800,4166.79,4231.1,4048.28,4179.83,NaN,1276.36699832,2218.0612761500006,4075.06462660206,375.22200000000015,303.1360000000001
1685626200,4183.03,4458.48,4171.64,4450.38,NaN,1285.02397832,2233.4234764500006,4150.127701281648,373.1070000000001,306.57040000000006
1688391000,4450.48,4607.07,4385.05,4588.96,NaN,1293.94919832,2249.3651270500004,4237.894161025319,375.01650000000006,306.93860000000006
1690896600,4578.83,4584.62,4335.31,4507.66,NaN,1302.71941832,2264.8119280500005,4291.847328820255,372.0085,307.30480000000006
1693575000,4530.6,4541.25,4238.63,4288.05,NaN,1311.05471832,2279.0609781000007,4291.087863056204,357.3395,311.63280000000003
1696253400,4284.52,4393.57,4103.78,4193.8,NaN,1319.2160983200001,2292.9958790000005,4271.630290444963,347.79599999999994,313.5992
1698845400,4201.27,4587.64,4197.74,4567.8,NaN,1328.12777832,2308.7305797000004,4330.864232355971,343.51649999999995,318.87320000000005
1701441000,4559.43,4793.3,4546.5,4769.83,NaN,1337.4345583200002,2325.167880350001,4418.657385884777,332.39799999999997,319.92600000000004
1704205800,4745.2,4931.09,4682.11,4845.65,NaN,1346.90209832,2341.743031000001,4504.055908707822,319.98,322.57160000000005
1706797800,4861.11,5111.06,4853.52,5096.27,NaN,1356.8754183199999,2359.7076317500005,4622.498726966258,306.21850000000006,324.32780000000014
1709303400,5098.51,5264.85,5056.82,5254.35,NaN,1367.16993832,2378.7030328500005,4748.868981573007,295.69050000000004,326.0258000000002
1711978200,5257.97,5263.95,4953.56,5035.69,NaN,1377.0022983200001,2396.5115329000005,4806.233185258406,292.67250000000007,321.48000000000013
1714570200,5029.03,5341.88,5011.05,5277.51,NaN,1387.31647832,2415.2653329000004,4900.488548206725,282.4565000000001,309.1994000000002
1717421400,5297.15,5523.64,5234.32,5460.48,NaN,1397.96999832,2434.8208335000004,5012.48683856538,276.2305000000002,304.83840000000015
1719840600,5471.08,5669.67,5390.95,5522.3,NaN,1408.73753832,2455.0266340500007,5114.449470852304,271.0685000000002,304.37220000000013
1722519000,5537.84,5651.62,5119.26,5648.4,NaN,1419.75305832,2475.9268347500006,5221.239576681844,280.8630000000001,309.67000000000013
1725370200,5623.89,5767.37,5402.62,5762.48,NaN,1430.98741832,2497.8464857500007,5329.487661345474,284.1065000000001,313.37100000000015
1727789400,5757.73,5878.46,5674,5705.45,NaN,1442.10221832,2519.7205863500003,5404.68012907638,281.7115000000001,312.58720000000017
1730467800,5723.22,6044.17,5696.51,6032.38,NaN,1453.86105832,2543.2689866000005,5530.220103261104,284.0000000000001,311.96720000000016
1733149800,6040.11,6099.97,5832.3,5881.63,NaN,1465.29545832,2565.7491874000007,5600.502082608883,291.34800000000007,311.00240000000014
1735828200,5903.26,6128.18,5773.31,6040.53,NaN,1477.05173832,2588.9499380000007,5688.507666087106,299.9505000000001,310.5792000000002
1738593000,5969.65,6147.43,5837.66,5954.5,NaN,1488.62451832,2612.3224380000006,5741.7061328696855,301.09700000000015,314.0032000000002
1741012200,5968.33,5986.09,5528.41,5599.3,NaN,1499.49799832,2633.9820386000006,5713.224906295748,312.8800000000002,318.9930000000002